task_id,difficulty,n,arrival_sim,start_sim,end_sim,status,cost,real_duration_sec,waiting_time_mili_sec,time_in_system_mili_sec
51,easy,11,08:00:05,08:00:06,08:01:07,COMPLETED,30350.0,1012.2,1.47,62.13
63,easy,11,08:00:05,08:00:06,08:01:19,COMPLETED,23983.0,1214.1,1.47,74.31
34,easy,11,08:01:23,08:01:25,08:01:37,COMPLETED,24810.0,203.4,2.44,14.60
5,easy,12,08:00:34,08:00:36,08:01:55,COMPLETED,25676.0,1316.1,2.85,81.75
61,easy,12,08:00:08,08:00:12,08:02:20,COMPLETED,25686.0,2125.7,4.57,132.09
18,medium,13,08:00:00,08:00:00,08:02:32,COMPLETED,27135.0,2536.7,0.07,152.21
67,medium,13,08:02:29,08:02:32,08:04:03,COMPLETED,24312.0,1516.5,3.21,94.16
66,easy,11,08:03:51,08:03:57,08:04:27,COMPLETED,24859.0,508.8,6.03,36.52
147,easy,12,08:04:18,08:04:21,08:05:10,COMPLETED,33600.0,810.9,3.40,52.00
90,medium,13,08:03:56,08:03:57,08:06:10,COMPLETED,29181.0,2227.8,1.03,134.70
52,medium,14,08:00:10,08:00:12,08:06:28,COMPLETED,37215.0,6271.5,2.57,378.89
130,easy,11,08:06:58,08:06:59,08:07:47,COMPLETED,19173.0,812.3,1.21,49.85
73,easy,11,08:08:48,08:08:48,08:09:07,COMPLETED,31300.0,307.7,0.83,19.21
53,easy,12,08:08:53,08:08:54,08:09:25,COMPLETED,33508.0,508.9,1.97,32.48
74,easy,11,08:11:17,08:11:21,08:11:39,COMPLETED,32203.0,308.3,4.38,22.79
68,medium,13,08:09:45,08:09:49,08:12:10,COMPLETED,28711.0,2342.7,4.83,145.32
56,medium,14,08:05:00,08:05:03,08:12:22,COMPLETED,38094.0,7311.3,3.89,442.53
148,easy,11,08:12:33,08:12:34,08:13:11,COMPLETED,20942.0,614.7,1.72,38.43
17,hard,15,08:11:18,08:11:21,08:13:29,COMPLETED,28230.0,2142.2,3.38,131.88
4,easy,12,08:13:09,08:13:11,08:14:00,COMPLETED,30847.0,818.9,2.43,51.48
118,hard,15,08:01:53,08:01:55,08:14:12,COMPLETED,33683.0,12287.4,2.75,739.76
140,easy,12,08:14:55,08:14:56,08:15:51,COMPLETED,30911.0,931.0,1.20,56.88
107,medium,14,08:08:50,08:08:54,08:15:58,COMPLETED,37047.0,7053.9,4.97,428.11
8,medium,13,08:14:57,08:15:02,08:16:47,COMPLETED,28331.0,1755.5,5.35,110.49
132,easy,11,08:17:21,08:17:24,08:17:43,COMPLETED,27518.0,318.1,3.62,22.53
10,easy,12,08:17:28,08:17:30,08:17:49,COMPLETED,27327.0,317.6,2.90,21.77
3,medium,14,08:10:40,08:10:44,08:18:08,COMPLETED,31483.0,7394.8,4.78,448.40
126,medium,14,08:14:38,08:14:43,08:18:08,COMPLETED,33275.0,3411.2,5.82,210.40
119,hard,15,08:09:46,08:09:49,08:18:26,COMPLETED,31080.0,8617.1,3.83,520.83
95,easy,12,08:15:45,08:15:45,08:19:22,COMPLETED,29646.0,3625.0,0.58,217.92
60,easy,11,08:19:09,08:19:10,08:19:22,COMPLETED,28994.0,214.0,1.23,13.92
92,easy,12,08:18:29,08:18:32,08:19:29,COMPLETED,33364.0,940.2,3.99,60.22
36,medium,13,08:02:11,08:02:13,08:20:06,COMPLETED,33904.0,17873.4,2.99,1075.34
59,easy,11,08:20:30,08:20:31,08:20:37,COMPLETED,28817.0,106.0,1.17,7.38
22,easy,11,08:20:33,08:20:37,08:20:49,COMPLETED,31258.0,208.1,4.38,16.75
55,easy,12,08:20:31,08:20:31,08:21:02,COMPLETED,26706.0,516.3,0.17,31.08
91,easy,11,08:20:55,08:20:55,08:21:02,COMPLETED,24573.0,105.3,0.90,7.08
128,medium,14,08:09:32,08:09:37,08:21:38,COMPLETED,28410.0,12022.3,5.64,726.93
28,easy,12,08:20:40,08:20:43,08:21:51,COMPLETED,32599.0,1130.0,3.57,71.26
80,easy,12,08:21:43,08:21:45,08:22:03,COMPLETED,26596.0,311.8,2.08,20.62
62,easy,12,08:21:29,08:21:32,08:22:22,COMPLETED,32319.0,825.3,3.74,53.15
103,easy,11,08:22:07,08:22:09,08:22:22,COMPLETED,30004.0,207.7,2.82,15.15
87,easy,12,08:22:02,08:22:03,08:22:28,COMPLETED,22986.0,413.4,1.62,26.31
79,medium,13,08:20:10,08:20:12,08:22:46,COMPLETED,33161.0,2569.9,2.59,156.68
37,medium,13,08:17:10,08:17:12,08:23:11,COMPLETED,34913.0,5985.3,2.14,361.19
123,easy,11,08:23:22,08:23:23,08:23:41,COMPLETED,34770.0,309.2,1.44,19.88
86,hard,15,08:02:01,08:02:01,08:24:30,COMPLETED,36875.0,22483.2,0.86,1349.82
101,easy,11,08:24:35,08:24:36,08:24:43,COMPLETED,21396.0,104.4,1.99,8.14
14,medium,13,08:23:29,08:23:29,08:25:38,COMPLETED,30631.0,2153.9,0.59,129.65
0,medium,14,08:19:16,08:19:16,08:25:51,COMPLETED,24830.0,6576.5,0.60,395.05
110,hard,15,08:10:02,08:10:02,08:26:28,COMPLETED,33531.0,16435.3,0.08,986.15
93,easy,11,08:27:06,08:27:11,08:27:17,COMPLETED,28598.0,109.4,5.38,11.67
124,hard,15,08:13:04,08:13:05,08:27:48,COMPLETED,35758.0,14728.3,1.29,884.80
9,easy,11,08:28:34,08:28:38,08:28:51,COMPLETED,29095.0,215.1,4.33,17.05
47,medium,14,08:27:20,08:27:23,08:29:03,COMPLETED,31740.0,1662.5,4.00,103.57
29,easy,12,08:28:43,08:28:44,08:29:28,COMPLETED,21788.0,733.3,1.72,45.43
136,medium,14,08:07:08,08:07:11,08:30:30,COMPLETED,30501.0,23323.7,3.37,1402.73
27,medium,14,08:19:52,08:19:54,08:30:37,COMPLETED,26936.0,10719.8,2.04,645.01
134,easy,11,08:30:16,08:30:18,08:30:37,COMPLETED,27188.0,322.1,2.02,21.01
120,easy,12,08:29:25,08:29:28,08:30:49,COMPLETED,22224.0,1357.4,3.43,84.68
39,easy,11,08:31:56,08:31:57,08:32:03,COMPLETED,26786.0,105.2,1.65,7.83
12,easy,11,08:32:12,08:32:16,08:32:28,COMPLETED,32843.0,208.9,4.18,16.57
26,easy,11,08:32:21,08:32:22,08:32:40,COMPLETED,34189.0,310.9,1.37,19.89
141,medium,14,08:00:29,08:00:30,08:33:30,COMPLETED,37436.0,32990.4,1.75,1981.11
40,easy,12,08:33:12,08:33:17,08:33:30,COMPLETED,25714.0,210.1,5.73,18.11
41,easy,12,08:32:06,08:32:09,08:33:42,COMPLETED,30132.0,1545.7,3.98,96.60
45,easy,11,08:33:21,08:33:23,08:33:42,COMPLETED,24247.0,313.7,2.92,21.60
145,easy,12,08:34:02,08:34:07,08:34:44,COMPLETED,30616.0,620.0,5.32,42.37
106,easy,11,08:34:49,08:34:50,08:34:56,COMPLETED,25742.0,106.0,1.55,7.76
114,easy,12,08:33:35,08:33:36,08:35:33,COMPLETED,28810.0,1959.9,1.37,118.87
2,easy,12,08:35:27,08:35:27,08:35:58,COMPLETED,27429.0,518.4,0.64,31.58
96,easy,12,08:37:12,08:37:13,08:38:03,COMPLETED,25002.0,841.4,1.43,51.64
31,easy,11,08:37:35,08:37:38,08:38:03,COMPLETED,34330.0,424.2,3.50,28.64
76,easy,11,08:38:13,08:38:16,08:38:28,COMPLETED,25610.0,215.4,3.24,15.90
78,easy,12,08:35:02,08:35:02,08:39:18,COMPLETED,37757.0,4274.4,0.93,256.99
139,easy,11,08:38:57,08:39:00,08:39:25,COMPLETED,25003.0,426.5,3.14,28.48
83,easy,12,08:39:13,08:39:18,08:39:31,COMPLETED,30148.0,216.4,5.99,18.79
133,easy,12,08:31:09,08:31:14,08:39:44,COMPLETED,37924.0,8497.2,5.57,515.17
32,medium,14,08:17:33,08:17:37,08:39:50,COMPLETED,36229.0,22224.6,4.22,1337.49
131,medium,14,08:33:45,08:33:48,08:41:43,COMPLETED,26028.0,7907.4,3.78,478.01
57,medium,14,08:30:21,08:30:24,08:42:39,COMPLETED,29013.0,12249.3,3.38,738.23
64,easy,12,08:41:17,08:41:17,08:42:51,COMPLETED,28434.0,1563.6,0.98,94.65
129,easy,12,08:42:44,08:42:45,08:42:57,COMPLETED,28149.0,209.9,1.44,13.84
1,easy,12,08:44:36,08:44:36,08:45:26,COMPLETED,22174.0,827.9,0.79,50.28
135,medium,13,08:44:02,08:44:05,08:46:22,COMPLETED,27396.0,2274.4,3.73,140.04
42,easy,11,08:45:49,08:45:51,08:46:34,COMPLETED,30299.0,726.0,2.03,45.42
143,medium,13,08:30:37,08:30:37,08:46:40,COMPLETED,35947.0,16061.9,0.01,963.62
58,medium,13,08:46:45,08:46:46,08:47:23,COMPLETED,26566.0,621.2,1.81,38.92
117,hard,15,08:08:13,08:08:18,08:47:42,COMPLETED,36377.0,39406.5,5.33,2369.55
122,medium,13,08:29:04,08:29:09,08:47:42,COMPLETED,32123.0,18551.6,5.79,1118.55
24,easy,11,08:48:03,08:48:07,08:48:14,COMPLETED,24626.0,114.8,4.75,11.19
109,medium,14,08:40:15,08:40:15,08:48:51,COMPLETED,30901.0,8609.0,0.65,516.97
44,medium,14,08:44:07,08:44:11,08:49:10,COMPLETED,36351.0,4984.6,4.95,303.79
69,easy,11,08:49:04,08:49:04,08:49:10,COMPLETED,28758.0,108.7,0.57,6.79
137,easy,12,08:47:39,08:47:42,08:49:35,COMPLETED,35171.0,1890.9,3.55,116.83
88,easy,12,08:49:31,08:49:35,08:49:48,COMPLETED,30984.0,215.2,4.83,17.47
113,easy,11,08:49:42,08:49:42,08:50:01,COMPLETED,25992.0,321.1,0.06,19.06
104,hard,15,08:34:17,08:34:19,08:50:32,COMPLETED,38767.0,16212.3,2.68,975.22
54,easy,12,08:41:11,08:41:11,08:50:44,COMPLETED,32209.0,9552.0,0.77,573.69
121,hard,15,08:13:31,08:13:35,08:50:57,COMPLETED,32507.0,37356.5,5.00,2246.22
99,hard,15,08:25:20,08:25:26,08:51:16,COMPLETED,30515.0,25833.0,6.18,1556.10
81,easy,12,08:50:53,08:50:57,08:51:22,COMPLETED,35209.0,421.4,4.22,29.27
38,easy,11,08:52:25,08:52:30,08:52:37,COMPLETED,20773.0,111.9,5.58,12.04
149,easy,12,08:52:27,08:52:30,08:53:01,COMPLETED,32860.0,525.9,3.58,34.99
50,hard,15,08:39:50,08:39:50,08:53:27,COMPLETED,27131.0,13615.6,0.49,817.25
49,easy,11,08:53:51,08:53:52,08:54:04,COMPLETED,21892.0,209.8,1.00,13.39
21,medium,13,08:48:13,08:48:14,08:54:22,COMPLETED,29588.0,6148.8,1.19,369.99
30,easy,12,08:54:00,08:54:04,08:54:22,COMPLETED,26417.0,312.7,4.39,22.99
85,easy,11,08:54:13,08:54:16,08:54:35,COMPLETED,25836.0,312.4,3.78,22.34
100,easy,12,08:53:04,08:53:08,08:55:12,COMPLETED,31630.0,2071.4,4.27,128.42
105,easy,11,08:55:03,08:55:06,08:55:18,COMPLETED,24394.0,209.1,3.21,15.60
115,easy,12,08:54:55,08:55:00,08:55:43,COMPLETED,30464.0,727.4,5.01,48.50
19,medium,14,08:28:38,08:28:38,08:56:01,COMPLETED,34511.0,27394.1,0.33,1643.99
35,easy,11,08:56:19,08:56:20,08:56:26,COMPLETED,21550.0,106.8,1.48,7.68
108,easy,12,08:56:37,08:56:39,08:56:57,COMPLETED,23116.0,311.5,2.07,20.61
146,medium,14,08:14:09,08:14:12,08:58:48,COMPLETED,43326.0,44601.6,3.76,2679.80
142,medium,13,08:55:24,08:55:24,08:58:48,COMPLETED,29008.0,3403.6,0.78,204.80
11,medium,14,08:27:14,08:27:17,08:58:55,COMPLETED,40751.0,31626.2,3.67,1901.14
77,easy,11,08:58:33,08:58:36,08:59:13,COMPLETED,35305.0,632.2,3.21,40.91
127,easy,11,08:59:33,08:59:38,08:59:51,COMPLETED,35270.0,209.8,5.74,18.12
6,medium,14,08:42:56,08:42:57,09:00:15,COMPLETED,26419.0,17304.0,1.84,1039.95
46,hard,15,08:33:56,08:34:01,09:00:53,COMPLETED,28663.0,26881.2,5.13,1617.86
286,easy,12,09:00:39,09:00:41,09:00:53,COMPLETED,27490.0,216.9,2.12,14.86
97,medium,14,08:51:36,08:51:40,09:01:24,COMPLETED,28536.0,9737.8,4.93,588.99
172,easy,12,09:00:20,09:00:22,09:01:31,COMPLETED,26827.0,1155.4,2.16,71.31
150,easy,12,09:00:44,09:00:47,09:01:56,COMPLETED,27636.0,1148.0,3.48,72.16
151,easy,11,09:02:05,09:02:08,09:02:21,COMPLETED,19405.0,213.4,3.61,16.17
155,easy,12,09:02:37,09:02:39,09:04:00,COMPLETED,28132.0,1354.3,2.93,83.93
116,medium,13,08:58:39,08:58:42,09:04:13,COMPLETED,28450.0,5518.3,3.59,334.47
158,easy,11,09:04:36,09:04:38,09:04:50,COMPLETED,25101.0,209.4,2.24,14.63
291,easy,12,09:04:52,09:04:56,09:05:27,COMPLETED,27170.0,516.8,4.83,35.71
111,medium,13,08:56:25,08:56:26,09:05:33,COMPLETED,31778.0,9121.9,1.68,548.88
179,easy,11,09:05:43,09:05:46,09:06:23,COMPLETED,27811.0,617.4,3.18,40.08
175,easy,12,09:05:00,09:05:03,09:06:53,COMPLETED,31675.0,1849.9,3.03,113.90
13,hard,15,08:44:15,08:44:18,09:07:37,COMPLETED,29199.0,23315.6,3.19,1402.03
202,easy,12,09:07:14,09:07:18,09:07:37,COMPLETED,21420.0,311.1,4.53,23.03
174,easy,11,09:09:47,09:09:52,09:09:59,COMPLETED,24483.0,109.5,5.84,12.09
231,easy,11,09:09:53,09:09:59,09:10:30,COMPLETED,28176.0,521.1,6.09,37.29
185,easy,11,09:10:18,09:10:24,09:10:30,COMPLETED,24431.0,107.4,6.03,12.29
208,easy,12,09:09:53,09:09:59,09:11:01,COMPLETED,30062.0,1038.3,6.09,68.25
292,medium,13,09:03:28,09:03:29,09:11:26,COMPLETED,27015.0,7941.4,1.73,478.06
33,hard,15,08:33:28,08:33:30,09:12:03,COMPLETED,32383.0,38555.9,2.11,2315.38
112,medium,14,08:53:16,08:53:20,09:12:03,COMPLETED,35503.0,18710.3,4.89,1127.38
257,medium,13,09:11:40,09:11:44,09:12:28,COMPLETED,29141.0,726.9,4.67,48.13
233,easy,12,09:09:21,09:09:21,09:12:58,COMPLETED,37026.0,3620.4,0.89,217.97
157,medium,14,09:09:26,09:09:28,09:13:23,COMPLETED,30904.0,3929.6,2.10,237.72
102,medium,14,08:33:33,08:33:36,09:14:13,COMPLETED,33491.0,40614.1,3.37,2440.14
281,easy,11,09:14:33,09:14:37,09:14:50,COMPLETED,25473.0,210.8,4.89,17.37
237,easy,12,09:13:32,09:13:36,09:15:33,COMPLETED,24999.0,1962.7,4.09,121.70
232,easy,12,09:15:15,09:15:15,09:15:58,COMPLETED,22591.0,726.1,0.07,43.49
268,medium,13,09:14:35,09:14:37,09:16:10,COMPLETED,26938.0,1551.8,2.89,95.88
240,easy,12,09:16:44,09:16:48,09:17:14,COMPLETED,24394.0,429.5,4.51,30.01
186,easy,12,09:15:35,09:15:39,09:17:57,COMPLETED,30388.0,2301.8,4.90,142.66
279,easy,12,09:17:52,09:17:57,09:18:16,COMPLETED,26647.0,316.4,5.66,24.47
180,easy,12,09:17:41,09:17:45,09:18:41,COMPLETED,26332.0,940.7,4.23,60.48
298,easy,12,09:18:22,09:18:22,09:18:41,COMPLETED,26706.0,316.9,0.68,19.48
152,medium,13,09:16:26,09:16:29,09:19:12,COMPLETED,22390.0,2720.3,3.55,166.57
260,easy,11,09:18:31,09:18:35,09:19:12,COMPLETED,29380.0,626.7,4.21,41.57
70,hard,15,08:26:35,08:26:40,09:19:31,COMPLETED,38831.0,52846.9,5.45,3176.20
246,medium,13,09:18:52,09:18:53,09:19:49,COMPLETED,23789.0,933.4,1.94,57.77
280,medium,13,09:16:51,09:16:54,09:20:39,COMPLETED,29765.0,3741.6,3.92,228.26
251,medium,13,09:18:24,09:18:28,09:20:45,COMPLETED,34267.0,2279.0,4.93,141.46
20,medium,14,08:03:30,08:03:32,09:20:51,COMPLETED,35229.0,77315.9,2.77,4641.71
25,hard,15,08:16:29,08:16:29,09:20:57,COMPLETED,35350.0,64481.8,0.02,3868.89
245,easy,11,09:21:30,09:21:34,09:21:41,COMPLETED,24954.0,107.8,4.98,11.31
266,easy,12,09:20:02,09:20:02,09:21:47,COMPLETED,34049.0,1759.5,0.14,105.54
242,easy,12,09:21:29,09:21:34,09:22:18,COMPLETED,29770.0,729.2,5.98,49.57
89,hard,15,08:05:40,08:05:40,09:22:55,COMPLETED,31319.0,77255.0,0.32,4635.60
255,medium,13,09:21:32,09:21:34,09:23:32,COMPLETED,25994.0,1970.9,2.98,120.96
223,easy,12,09:23:00,09:23:01,09:23:45,COMPLETED,24985.0,733.8,1.78,45.55
173,easy,12,09:23:28,09:23:32,09:24:10,COMPLETED,24398.0,633.1,4.96,42.69
234,easy,12,09:24:18,09:24:23,09:25:13,COMPLETED,30428.0,843.8,5.18,55.52
284,easy,11,09:25:43,09:25:44,09:26:03,COMPLETED,27317.0,321.0,1.84,20.64
258,easy,12,09:24:55,09:25:00,09:26:54,COMPLETED,30211.0,1895.0,5.78,119.32
196,easy,12,09:26:05,09:26:10,09:26:54,COMPLETED,19142.0,739.1,5.16,49.32
219,easy,12,09:25:50,09:25:51,09:27:19,COMPLETED,30189.0,1473.7,1.24,89.38
250,easy,12,09:28:37,09:28:41,09:29:06,COMPLETED,23022.0,426.6,4.00,29.46
256,medium,14,09:23:51,09:23:51,09:29:37,COMPLETED,27935.0,5768.0,0.86,346.79
168,easy,11,09:29:17,09:29:18,09:29:37,COMPLETED,28668.0,317.8,1.92,20.79
171,medium,13,09:28:39,09:28:41,09:29:50,COMPLETED,29913.0,1153.6,2.00,71.21
254,medium,14,09:11:46,09:11:50,09:30:15,COMPLETED,29012.0,18404.8,4.91,1109.06
187,easy,12,09:28:19,09:28:22,09:31:54,COMPLETED,34124.0,3537.6,3.04,215.14
252,easy,12,09:31:45,09:31:47,09:32:18,COMPLETED,27665.0,521.1,2.91,33.95
235,easy,11,09:31:56,09:32:00,09:32:18,COMPLETED,22375.0,314.2,4.34,22.95
166,medium,14,09:06:40,09:06:41,09:33:02,COMPLETED,33777.0,26349.7,1.53,1582.35
274,easy,11,09:33:14,09:33:14,09:33:21,COMPLETED,28046.0,109.0,0.81,7.08
170,easy,11,09:33:15,09:33:21,09:33:33,COMPLETED,26376.0,211.3,6.08,18.58
211,easy,11,09:33:16,09:33:21,09:33:39,COMPLETED,27585.0,313.9,5.08,23.79
236,hard,15,09:28:25,09:28:28,09:34:16,COMPLETED,30883.0,5810.3,3.46,351.92
184,hard,15,09:17:07,09:17:07,09:35:51,COMPLETED,30958.0,18734.7,0.59,1124.54
163,easy,11,09:36:19,09:36:23,09:36:29,COMPLETED,24136.0,109.9,4.11,10.47
295,medium,14,09:13:56,09:14:00,09:37:01,COMPLETED,33393.0,23009.9,4.76,1385.04
215,easy,12,09:36:27,09:36:29,09:37:01,COMPLETED,26442.0,533.4,2.47,34.04
156,easy,11,09:37:08,09:37:13,09:37:26,COMPLETED,28161.0,217.2,5.85,18.67
230,medium,13,09:36:46,09:36:48,09:38:49,COMPLETED,29198.0,2019.9,2.20,123.08
239,easy,11,09:38:40,09:38:42,09:38:55,COMPLETED,23673.0,217.2,2.79,15.50
178,easy,12,09:38:37,09:38:42,09:39:20,COMPLETED,21069.0,640.8,5.79,43.85
217,easy,12,09:37:50,09:37:51,09:39:40,COMPLETED,37586.0,1808.6,1.88,110.15
16,medium,14,08:04:06,08:04:09,09:39:52,COMPLETED,35409.0,95726.6,3.24,5746.80
203,easy,12,09:38:24,09:38:29,09:40:05,COMPLETED,33411.0,1598.8,5.98,101.55
188,easy,12,09:39:34,09:39:40,09:40:05,COMPLETED,24113.0,430.2,6.15,31.55
277,hard,15,09:25:19,09:25:19,09:40:30,COMPLETED,32204.0,15187.8,0.86,911.90
94,hard,15,08:21:55,08:21:57,09:40:56,COMPLETED,26586.0,78977.3,2.40,4741.01
15,medium,14,08:41:55,08:41:55,09:41:39,COMPLETED,37436.0,59733.9,0.60,3584.54
212,easy,11,09:41:37,09:41:39,09:41:52,COMPLETED,28625.0,213.3,2.54,15.09
290,easy,12,09:41:47,09:41:52,09:42:10,COMPLETED,30424.0,315.1,5.09,23.80
226,medium,13,09:36:48,09:36:48,09:42:17,COMPLETED,30693.0,5481.8,0.20,329.03
272,medium,13,09:39:25,09:39:27,09:42:17,COMPLETED,31394.0,2832.4,2.28,172.03
243,medium,13,09:35:09,09:35:13,09:42:54,COMPLETED,35689.0,7683.9,4.48,465.39
249,medium,13,09:34:30,09:34:35,09:43:00,COMPLETED,29902.0,8418.2,5.73,510.67
229,medium,13,09:40:45,09:40:49,09:43:37,COMPLETED,36077.0,2806.7,4.72,172.95
262,easy,12,09:42:51,09:42:54,09:45:48,COMPLETED,31697.0,2910.2,3.39,177.75
247,easy,12,09:45:07,09:45:11,09:45:48,COMPLETED,28529.0,631.4,4.14,41.75
238,easy,11,09:44:47,09:44:52,09:45:55,COMPLETED,32180.0,1049.2,5.41,68.06
289,easy,11,09:46:12,09:46:13,09:46:26,COMPLETED,27848.0,216.8,1.98,14.65
153,medium,13,09:45:12,09:45:17,09:47:42,COMPLETED,34612.0,2420.8,5.40,150.34
218,easy,11,09:47:23,09:47:23,09:47:48,COMPLETED,34426.0,427.4,0.41,25.73
244,medium,14,09:37:27,09:37:32,09:48:14,COMPLETED,30571.0,10689.9,5.91,647.13
241,medium,13,09:48:06,09:48:07,09:49:04,COMPLETED,24456.0,958.3,1.68,58.98
161,easy,11,09:48:58,09:48:58,09:49:11,COMPLETED,23890.0,215.3,0.51,13.22
160,easy,11,09:48:49,09:48:52,09:49:36,COMPLETED,31890.0,745.7,3.14,47.55
293,hard,15,09:45:43,09:45:48,09:49:55,COMPLETED,28355.0,4119.0,5.75,252.58
192,medium,14,09:44:43,09:44:46,09:50:01,COMPLETED,29502.0,5271.7,3.10,318.99
210,medium,13,09:45:27,09:45:29,09:50:01,COMPLETED,25551.0,4542.6,2.89,274.99
199,easy,12,09:47:26,09:47:29,09:50:01,COMPLETED,28112.0,2546.8,3.66,155.99
288,medium,13,09:50:07,09:50:08,09:50:40,COMPLETED,29781.0,538.3,1.56,33.61
287,hard,15,09:32:45,09:32:49,09:50:46,COMPLETED,29140.0,17951.5,4.94,1081.90
195,easy,11,09:50:36,09:50:40,09:50:46,COMPLETED,29437.0,108.5,4.61,10.90
228,easy,12,09:49:57,09:50:01,09:51:12,COMPLETED,32150.0,1172.5,4.99,75.05
200,easy,11,09:51:36,09:51:37,09:51:56,COMPLETED,28824.0,316.8,1.44,20.23
275,medium,13,09:48:38,09:48:39,09:52:08,COMPLETED,29439.0,3492.2,1.35,210.71
7,medium,14,08:29:45,08:29:47,09:52:14,COMPLETED,33353.0,82465.8,2.05,4949.96
205,medium,13,09:49:24,09:49:30,09:52:27,COMPLETED,33450.0,2955.5,6.27,183.42
190,easy,12,09:51:28,09:51:31,09:52:33,COMPLETED,27715.0,1045.9,3.11,65.66
177,easy,11,09:52:40,09:52:46,09:52:52,COMPLETED,23015.0,109.7,6.13,12.47
267,easy,12,09:52:42,09:52:46,09:53:11,COMPLETED,29965.0,422.6,4.13,29.25
221,easy,11,09:53:06,09:53:11,09:53:17,COMPLETED,23159.0,110.0,5.25,11.58
216,easy,12,09:53:12,09:53:17,09:53:30,COMPLETED,22781.0,213.6,5.58,18.15
176,hard,15,09:07:12,09:07:12,09:53:42,COMPLETED,40220.0,46506.8,0.33,2790.66
248,easy,11,09:53:18,09:53:23,09:53:48,COMPLETED,26884.0,421.4,5.88,30.93
273,medium,14,09:51:16,09:51:18,09:53:55,COMPLETED,36384.0,2617.1,2.38,159.20
270,easy,12,09:54:09,09:54:13,09:54:45,COMPLETED,29650.0,523.8,4.98,36.17
183,medium,14,09:49:18,09:49:23,09:54:57,COMPLETED,31350.0,5568.6,5.81,339.70
182,medium,13,09:50:26,09:50:27,09:54:57,COMPLETED,29239.0,4503.1,1.77,271.70
159,easy,12,09:54:48,09:54:51,09:55:04,COMPLETED,23287.0,212.6,3.44,16.00
264,hard,15,09:34:52,09:34:54,09:55:41,COMPLETED,32311.0,20780.1,2.62,1249.30
271,medium,13,09:53:29,09:53:30,09:55:41,COMPLETED,22257.0,2189.2,1.15,132.30
259,medium,13,09:49:48,09:49:49,09:56:06,COMPLETED,39461.0,6284.8,1.30,378.21
269,easy,11,09:55:44,09:55:47,09:56:06,COMPLETED,27416.0,314.8,3.53,22.21
261,hard,15,09:14:16,09:14:19,09:56:12,COMPLETED,38040.0,41886.7,3.33,2516.44
197,easy,11,09:56:43,09:56:43,09:57:02,COMPLETED,23593.0,324.2,0.64,19.74
220,easy,11,09:57:08,09:57:09,09:57:28,COMPLETED,25130.0,321.1,1.13,20.08
222,medium,14,09:35:33,09:35:38,09:58:56,COMPLETED,29141.0,23303.2,5.85,1403.91
162,easy,11,09:58:33,09:58:37,09:58:56,COMPLETED,24048.0,323.7,4.69,23.91
282,easy,11,09:59:13,09:59:15,09:59:28,COMPLETED,18727.0,216.6,2.67,15.56
299,easy,12,09:59:34,09:59:34,09:59:59,COMPLETED,29762.0,419.7,0.79,25.76
189,hard,15,09:20:40,09:20:45,10:00:12,COMPLETED,35453.0,39448.9,5.46,2372.22
198,easy,11,09:59:36,09:59:41,10:00:37,COMPLETED,37507.0,947.7,5.05,61.71
265,hard,15,09:08:38,09:08:38,10:01:09,COMPLETED,32538.0,52510.9,0.67,3151.24
213,medium,14,09:57:41,09:57:46,10:01:40,COMPLETED,32633.0,3906.8,5.97,239.98
422,medium,13,10:01:30,10:01:34,10:02:00,COMPLETED,32318.0,437.1,4.53,30.56
336,easy,12,10:01:40,10:01:40,10:02:13,COMPLETED,28832.0,542.3,0.98,33.18
23,hard,15,08:19:01,08:19:03,10:02:25,COMPLETED,27885.0,103367.1,2.93,6204.81
372,easy,11,10:02:21,10:02:25,10:02:32,COMPLETED,27813.0,114.6,4.81,11.35
424,medium,13,10:00:48,10:00:50,10:04:12,COMPLETED,28764.0,3382.1,2.15,204.88
165,medium,13,09:58:39,09:58:44,10:04:50,COMPLETED,30013.0,6107.7,5.14,371.44
309,easy,11,10:04:44,10:04:44,10:05:02,COMPLETED,30138.0,317.1,0.12,18.95
407,easy,12,10:04:39,10:04:44,10:05:09,COMPLETED,23376.0,422.9,5.12,30.21
432,easy,11,10:05:06,10:05:09,10:05:21,COMPLETED,34918.0,214.0,3.21,15.82
443,easy,12,10:06:17,10:06:18,10:07:02,COMPLETED,25274.0,736.7,1.50,45.44
447,easy,12,10:06:17,10:06:18,10:07:15,COMPLETED,21334.0,946.1,1.50,58.05
347,medium,13,10:01:53,10:01:54,10:07:46,COMPLETED,36128.0,5879.4,1.03,353.44
418,medium,13,10:03:14,10:03:16,10:07:59,COMPLETED,25163.0,4723.2,2.29,285.34
350,easy,12,10:08:19,10:08:25,10:09:15,COMPLETED,27917.0,854.2,6.18,56.98
396,medium,14,10:03:19,10:03:22,10:09:54,COMPLETED,28794.0,6542.7,3.60,395.86
326,easy,11,10:10:10,10:10:13,10:10:20,COMPLETED,29861.0,119.6,3.96,10.65
397,easy,11,10:10:11,10:10:13,10:10:39,COMPLETED,23021.0,436.9,2.96,28.94
381,easy,12,10:03:49,10:03:54,10:10:46,COMPLETED,34272.0,6875.9,5.01,417.31
317,easy,12,10:10:14,10:10:20,10:10:58,COMPLETED,29654.0,645.6,6.65,44.94
322,medium,13,10:08:15,10:08:18,10:11:05,COMPLETED,33170.0,2789.9,3.61,170.43
403,easy,11,10:11:48,10:11:50,10:12:03,COMPLETED,24187.0,221.2,2.55,15.39
359,medium,14,10:05:40,10:05:40,10:12:16,COMPLETED,26557.0,6596.6,0.71,396.29
363,medium,13,10:09:26,10:09:29,10:12:28,COMPLETED,32723.0,3006.2,3.01,182.99
328,easy,12,10:12:54,10:12:54,10:13:27,COMPLETED,27146.0,546.5,0.90,33.33
285,medium,14,09:54:53,09:54:57,10:15:09,COMPLETED,38149.0,20192.5,4.70,1216.06
368,easy,12,10:12:56,10:13:01,10:15:09,COMPLETED,33464.0,2132.1,5.44,133.06
313,easy,11,10:16:16,10:16:18,10:16:37,COMPLETED,24711.0,322.2,2.61,21.66
364,medium,13,10:08:18,10:08:18,10:16:50,COMPLETED,34984.0,8529.8,0.61,512.27
358,medium,13,10:14:13,10:14:18,10:16:50,COMPLETED,25206.0,2538.6,5.24,157.27
306,medium,14,10:03:24,10:03:28,10:16:56,COMPLETED,32701.0,13465.6,4.90,812.58
209,hard,15,09:28:36,09:28:41,10:17:15,COMPLETED,33513.0,48576.7,5.00,2919.51
402,medium,13,10:14:03,10:14:05,10:17:15,COMPLETED,30030.0,3169.1,2.63,192.51
294,hard,15,09:41:32,09:41:33,10:17:53,COMPLETED,35333.0,36335.5,1.26,2181.27
417,easy,11,10:17:35,10:17:40,10:18:05,COMPLETED,31546.0,424.6,5.64,30.85
353,medium,13,10:13:23,10:13:27,10:18:43,COMPLETED,25839.0,5273.3,4.33,320.48
387,easy,12,10:14:34,10:14:37,10:19:21,COMPLETED,28042.0,4738.3,3.31,287.37
253,hard,15,09:26:02,09:26:03,10:19:40,COMPLETED,31138.0,53611.5,1.64,3218.22
429,medium,13,10:12:43,10:12:48,10:20:30,COMPLETED,32271.0,7707.4,5.28,467.58
391,medium,14,10:05:44,10:05:47,10:20:49,COMPLETED,28757.0,15044.2,3.05,905.51
425,easy,12,10:20:24,10:20:24,10:20:49,COMPLETED,29480.0,425.5,0.24,25.51
410,easy,11,10:20:54,10:20:55,10:21:20,COMPLETED,27152.0,423.7,1.79,26.92
227,medium,14,09:41:42,09:41:45,10:22:04,COMPLETED,39879.0,40320.9,3.82,2422.96
369,medium,13,10:01:44,10:01:47,10:22:04,COMPLETED,25301.0,20292.6,3.49,1220.96
144,hard,15,08:59:51,08:59:51,10:23:01,COMPLETED,33022.0,83172.9,0.12,4990.43
329,easy,12,10:22:53,10:22:55,10:23:13,COMPLETED,30218.0,318.4,2.11,20.96
379,easy,11,10:25:03,10:25:07,10:25:13,COMPLETED,30823.0,117.2,4.44,10.97
355,easy,12,10:23:52,10:23:58,10:26:30,COMPLETED,26704.0,2554.9,6.04,158.72
348,easy,12,10:26:26,10:26:30,10:26:43,COMPLETED,26619.0,223.2,4.72,17.70
404,easy,12,10:26:27,10:26:30,10:27:09,COMPLETED,26824.0,645.4,3.72,42.28
351,easy,11,10:27:02,10:27:02,10:27:15,COMPLETED,27788.0,215.9,0.93,13.58
167,hard,15,09:58:41,09:58:44,10:27:28,COMPLETED,28060.0,28737.8,3.14,1727.31
449,easy,11,10:27:23,10:27:28,10:28:06,COMPLETED,27236.0,633.0,5.31,43.03
446,hard,15,10:03:56,10:04:00,10:28:24,COMPLETED,37685.0,24413.4,4.33,1468.97
430,medium,14,10:22:05,10:22:11,10:28:24,COMPLETED,30718.0,6233.1,6.23,379.97
376,easy,12,10:28:27,10:28:31,10:28:37,COMPLETED,29016.0,110.1,4.27,10.62
373,easy,12,10:27:10,10:27:15,10:28:43,COMPLETED,31971.0,1476.2,5.58,93.90
311,easy,11,10:28:49,10:28:50,10:29:02,COMPLETED,27480.0,216.1,1.19,13.90
82,hard,15,08:55:20,08:55:24,10:29:09,COMPLETED,33796.0,93741.9,4.78,5629.19
401,easy,11,10:29:05,10:29:09,10:29:15,COMPLETED,27768.0,110.2,4.19,10.54
439,easy,11,10:28:28,10:28:31,10:29:21,COMPLETED,30266.0,846.1,3.27,53.82
366,medium,14,10:26:33,10:26:37,10:30:55,COMPLETED,26617.0,4314.2,4.39,262.95
352,easy,11,10:30:51,10:30:55,10:31:08,COMPLETED,29997.0,214.5,4.95,17.56
382,medium,13,10:23:36,10:23:39,10:31:40,COMPLETED,27149.0,8020.1,3.13,484.10
316,easy,11,10:31:30,10:31:33,10:31:40,COMPLETED,23640.0,110.6,3.75,10.10
300,easy,11,10:32:11,10:32:11,10:32:24,COMPLETED,31194.0,215.3,0.49,13.19
426,medium,14,10:06:09,10:06:12,10:32:56,COMPLETED,36880.0,26742.0,3.20,1607.42
400,hard,15,10:11:02,10:11:05,10:33:15,COMPLETED,32629.0,22179.9,3.43,1333.86
371,easy,12,10:32:36,10:32:36,10:33:15,COMPLETED,28496.0,658.8,0.93,39.86
327,easy,12,10:32:46,10:32:49,10:33:35,COMPLETED,28613.0,769.4,3.77,49.40
331,easy,11,10:33:33,10:33:35,10:33:48,COMPLETED,29991.0,221.7,2.40,15.45
296,hard,15,09:48:50,09:48:52,10:34:01,COMPLETED,27124.0,45150.7,2.14,2711.10
428,easy,11,10:33:49,10:33:54,10:34:01,COMPLETED,21934.0,111.1,5.73,12.10
421,medium,14,10:28:51,10:28:56,10:34:13,COMPLETED,27169.0,5293.9,5.55,322.95
392,medium,13,10:32:09,10:32:11,10:34:13,COMPLETED,28606.0,2045.5,2.49,124.95
323,easy,12,10:34:47,10:34:52,10:34:58,COMPLETED,26453.0,119.9,5.12,11.67
340,easy,12,10:33:00,10:33:02,10:35:24,COMPLETED,18568.0,2369.0,2.93,144.68
442,easy,12,10:34:53,10:34:58,10:35:50,COMPLETED,29032.0,862.6,5.67,57.19
302,easy,12,10:35:30,10:35:31,10:35:50,COMPLETED,26106.0,322.4,1.11,20.19
383,easy,12,10:34:56,10:34:58,10:36:15,COMPLETED,27443.0,1292.1,2.67,79.80
370,easy,11,10:35:51,10:35:56,10:36:15,COMPLETED,23678.0,330.8,5.48,24.80
138,hard,15,08:46:12,08:46:15,10:37:32,COMPLETED,39672.0,111286.7,3.80,6680.92
431,medium,14,10:36:01,10:36:03,10:37:52,COMPLETED,25981.0,1826.7,2.01,111.22
283,hard,15,09:33:02,09:33:02,10:38:43,COMPLETED,36290.0,65689.9,0.35,3941.69
320,easy,11,10:38:36,10:38:37,10:38:49,COMPLETED,23435.0,215.0,1.38,13.98
263,hard,15,09:54:03,09:54:07,10:38:56,COMPLETED,37126.0,44812.0,4.69,2693.30
433,medium,13,10:30:31,10:30:37,10:39:02,COMPLETED,31490.0,8428.7,6.08,511.58
412,easy,11,10:39:37,10:39:40,10:39:46,COMPLETED,23806.0,109.4,3.19,9.50
435,medium,14,10:14:51,10:14:56,10:40:17,COMPLETED,35581.0,25361.5,5.29,1526.81
43,hard,15,08:19:09,08:19:10,10:40:30,COMPLETED,38860.0,141336.4,1.23,8481.40
444,easy,12,10:39:15,10:39:15,10:40:42,COMPLETED,25902.0,1468.4,0.10,87.95
441,easy,12,10:40:53,10:40:55,10:41:08,COMPLETED,29062.0,213.1,2.48,15.02
377,easy,11,10:41:25,10:41:26,10:41:33,COMPLETED,25403.0,108.8,1.78,8.07
312,easy,12,10:36:11,10:36:15,10:41:58,COMPLETED,29591.0,5710.9,4.80,347.18
360,easy,11,10:41:37,10:41:39,10:42:10,COMPLETED,26854.0,530.1,2.33,33.82
448,easy,11,10:42:16,10:42:17,10:42:23,COMPLETED,32098.0,111.0,1.18,7.55
411,hard,15,10:31:19,10:31:21,10:42:36,COMPLETED,26839.0,11254.8,2.12,677.17
356,easy,11,10:42:02,10:42:04,10:42:36,COMPLETED,27619.0,532.3,2.51,34.17
204,medium,14,09:56:59,09:57:02,10:42:55,COMPLETED,33153.0,45874.1,3.74,2756.02
324,medium,13,10:41:45,10:41:45,10:43:51,COMPLETED,25456.0,2106.5,0.63,126.80
367,easy,12,10:42:09,10:42:10,10:43:58,COMPLETED,27050.0,1793.9,1.82,109.07
310,easy,12,10:43:10,10:43:13,10:44:36,COMPLETED,25780.0,1384.2,3.89,86.56
414,easy,11,10:44:13,10:44:17,10:44:55,COMPLETED,28617.0,648.0,4.30,42.80
154,medium,14,09:09:53,09:09:59,10:45:27,COMPLETED,29692.0,95478.7,6.09,5734.75
321,easy,12,10:45:05,10:45:08,10:45:34,COMPLETED,24618.0,430.3,3.62,29.04
343,medium,13,10:30:23,10:30:24,10:45:46,COMPLETED,27789.0,15377.5,1.51,923.89
349,easy,11,10:46:15,10:46:18,10:46:25,COMPLETED,24146.0,115.7,3.96,10.51
409,medium,13,10:37:01,10:37:07,10:46:38,COMPLETED,26743.0,9521.6,6.39,577.37
416,hard,15,10:12:43,10:12:48,10:47:10,COMPLETED,31744.0,34369.8,5.28,2067.21
423,hard,15,10:00:16,10:00:18,10:47:23,COMPLETED,30788.0,47076.0,2.61,2827.07
445,easy,12,10:46:44,10:46:44,10:47:23,COMPLETED,30856.0,641.6,0.82,39.07
427,medium,13,10:28:55,10:28:56,10:48:07,COMPLETED,31552.0,19187.4,1.55,1152.63
335,easy,11,10:48:20,10:48:20,10:48:26,COMPLETED,26061.0,111.4,0.24,6.56
125,hard,15,08:36:10,08:36:10,10:48:32,COMPLETED,28783.0,132368.1,0.93,7942.96
362,hard,15,10:05:22,10:05:28,10:49:23,COMPLETED,33029.0,43931.3,6.08,2641.74
386,easy,11,10:50:28,10:50:32,10:50:39,COMPLETED,27291.0,109.0,4.88,11.20
413,easy,12,10:51:07,10:51:10,10:51:16,COMPLETED,29620.0,109.4,3.42,9.70
315,easy,11,10:50:59,10:51:04,10:51:23,COMPLETED,27970.0,318.3,5.13,24.01
339,hard,15,10:19:04,10:19:08,10:52:31,COMPLETED,30680.0,33388.1,4.66,2007.79
325,easy,12,10:51:51,10:51:54,10:53:02,COMPLETED,30302.0,1149.2,3.28,72.00
334,easy,11,10:54:03,10:54:05,10:54:11,COMPLETED,23145.0,109.5,2.42,8.70
389,easy,11,10:54:39,10:54:43,10:55:02,COMPLETED,23400.0,322.8,4.15,23.27
314,medium,14,10:42:50,10:42:55,10:55:08,COMPLETED,28512.0,12233.2,5.02,738.55
345,medium,13,10:53:36,10:53:40,10:55:08,COMPLETED,33198.0,1478.5,4.42,92.55
303,easy,11,10:55:43,10:55:47,10:55:53,COMPLETED,27654.0,118.1,4.02,10.59
440,easy,11,10:56:08,10:56:12,10:56:39,COMPLETED,30868.0,439.1,4.96,31.12
354,easy,11,10:57:14,10:57:17,10:57:24,COMPLETED,25812.0,119.6,3.71,10.28
438,easy,11,10:57:29,10:57:30,10:57:50,COMPLETED,28879.0,333.1,1.95,21.46
361,hard,15,10:09:57,10:10:01,10:58:03,COMPLETED,26997.0,48036.6,4.29,2886.27
405,hard,15,10:45:47,10:45:53,10:58:22,COMPLETED,34121.0,12493.5,6.24,755.51
344,medium,14,10:55:28,10:55:34,10:58:35,COMPLETED,33914.0,3024.9,6.09,187.34
337,medium,14,10:56:57,10:56:58,10:58:35,COMPLETED,30099.0,1619.3,1.48,98.34
346,easy,11,10:58:57,10:59:01,10:59:07,COMPLETED,26817.0,118.2,4.05,10.71
305,easy,12,10:56:31,10:56:32,10:59:20,COMPLETED,34547.0,2809.8,1.47,169.66
307,medium,14,10:58:59,10:59:01,11:03:21,COMPLETED,27904.0,4338.3,2.05,262.19
478,easy,11,11:03:38,11:03:40,11:03:46,COMPLETED,22573.0,112.1,2.09,8.51
319,hard,15,10:54:41,10:54:43,11:03:52,COMPLETED,29304.0,9165.7,2.15,551.85
480,medium,13,11:02:39,11:02:43,11:03:52,COMPLETED,23099.0,1165.8,4.26,73.85
453,easy,12,11:03:47,11:03:52,11:04:24,COMPLETED,32545.0,533.8,5.85,37.55
543,easy,12,11:03:47,11:03:52,11:04:43,COMPLETED,36450.0,850.7,5.85,56.61
456,easy,11,11:04:38,11:04:43,11:04:56,COMPLETED,23530.0,219.1,5.61,18.41
395,medium,13,10:58:36,10:58:41,11:05:09,COMPLETED,26183.0,6463.8,5.66,393.20
75,hard,15,08:14:12,08:14:12,11:06:26,COMPLETED,34363.0,172222.5,0.76,10334.17
534,easy,11,11:06:13,11:06:13,11:06:26,COMPLETED,29664.0,224.0,0.27,13.17
570,easy,11,11:06:40,11:06:45,11:07:05,COMPLETED,27872.0,334.2,5.53,25.01
513,easy,11,11:06:59,11:07:05,11:07:18,COMPLETED,27493.0,229.0,6.01,19.23
471,medium,13,11:04:56,11:05:02,11:07:37,COMPLETED,30961.0,2590.7,6.78,161.73
473,easy,12,11:07:05,11:07:11,11:07:44,COMPLETED,29211.0,552.0,6.64,39.28
572,medium,14,11:01:28,11:01:33,11:07:57,COMPLETED,35739.0,6397.2,5.91,389.18
338,hard,15,10:09:20,10:09:22,11:08:16,COMPLETED,29248.0,58907.2,2.48,3536.71
547,medium,13,11:01:44,11:01:46,11:08:23,COMPLETED,32196.0,6618.8,2.54,399.24
406,medium,14,10:56:38,10:56:39,11:08:42,COMPLETED,31595.0,12063.8,1.12,724.55
394,medium,14,10:51:41,10:51:41,11:09:02,COMPLETED,34657.0,17346.2,0.73,1041.17
457,easy,11,11:08:47,11:08:49,11:09:08,COMPLETED,26878.0,331.1,2.10,21.69
408,easy,12,10:55:53,10:55:53,11:09:21,COMPLETED,38069.0,13470.9,0.59,808.47
357,medium,14,10:59:31,10:59:33,11:09:34,COMPLETED,31593.0,10023.4,2.60,603.62
169,hard,15,09:36:56,09:37:01,11:09:41,COMPLETED,29623.0,92670.3,5.04,5565.14
568,easy,11,11:09:37,11:09:41,11:09:47,COMPLETED,24859.0,114.7,4.14,10.55
584,easy,12,11:09:24,11:09:28,11:10:07,COMPLETED,23671.0,658.4,4.03,43.08
540,easy,12,11:09:56,11:10:00,11:10:13,COMPLETED,25734.0,222.4,4.51,17.59
500,easy,12,11:08:28,11:08:29,11:10:19,COMPLETED,33025.0,1842.6,1.77,111.89
550,medium,13,11:04:03,11:04:05,11:10:26,COMPLETED,34025.0,6353.9,2.54,383.38
524,medium,13,11:07:54,11:07:57,11:11:43,COMPLETED,34334.0,3777.6,3.18,229.36
365,hard,15,10:48:20,10:48:20,11:12:46,COMPLETED,27945.0,24441.5,0.24,1466.55
494,easy,12,11:12:05,11:12:08,11:12:52,COMPLETED,28053.0,741.2,3.78,47.90
333,medium,14,10:43:21,10:43:26,11:12:59,COMPLETED,30433.0,29549.4,5.49,1778.29
308,hard,15,10:22:06,10:22:11,11:13:11,COMPLETED,35466.0,51011.9,5.23,3065.85
502,medium,13,11:12:34,11:12:40,11:14:14,COMPLETED,28649.0,1583.6,6.20,100.96
517,medium,13,11:13:46,11:13:49,11:14:27,COMPLETED,33226.0,637.1,3.66,41.54
304,medium,14,10:54:09,10:54:11,11:14:33,COMPLETED,30119.0,20373.3,2.70,1224.92
533,hard,15,11:04:03,11:04:05,11:14:40,COMPLETED,36070.0,10582.3,2.54,637.21
332,hard,15,10:59:53,10:59:58,11:14:59,COMPLETED,28807.0,15009.6,5.77,906.09
474,medium,14,11:07:23,11:07:24,11:14:59,COMPLETED,32101.0,7576.1,1.81,456.09
563,easy,11,11:14:58,11:14:59,11:15:11,COMPLETED,21024.0,215.5,1.09,13.71
206,hard,15,09:55:34,09:55:35,11:15:24,COMPLETED,28886.0,79823.4,1.04,4790.36
374,medium,14,10:34:07,10:34:07,11:15:30,COMPLETED,38503.0,41389.4,0.42,2483.64
596,easy,12,11:15:16,11:15:18,11:15:43,COMPLETED,27708.0,424.7,2.05,27.24
390,medium,14,10:56:11,10:56:12,11:16:33,COMPLETED,30444.0,20345.5,1.96,1222.69
450,easy,11,11:16:22,11:16:27,11:16:39,COMPLETED,28842.0,214.8,5.35,17.98
580,easy,11,11:17:35,11:17:37,11:17:49,COMPLETED,33512.0,220.7,2.14,14.97
454,easy,11,11:17:43,11:17:43,11:17:49,COMPLETED,27801.0,113.1,0.64,6.97
380,hard,15,10:01:42,10:01:47,11:18:16,COMPLETED,29068.0,76478.7,5.49,4594.05
467,easy,12,11:18:07,11:18:09,11:18:35,COMPLETED,24858.0,439.5,2.43,28.45
597,easy,12,11:13:56,11:13:56,11:18:41,COMPLETED,32202.0,4770.6,0.02,285.96
484,easy,11,11:18:27,11:18:29,11:18:48,COMPLETED,28585.0,327.2,2.13,21.33
437,hard,15,10:51:13,10:51:16,11:19:39,COMPLETED,28259.0,28390.0,3.70,1706.89
393,medium,14,10:07:08,10:07:08,11:19:58,COMPLETED,38183.0,72837.7,0.74,4370.89
497,easy,12,11:19:50,11:19:52,11:20:24,COMPLETED,23083.0,532.2,2.58,34.21
599,easy,11,11:20:14,11:20:17,11:20:24,COMPLETED,26308.0,111.6,3.84,10.21
508,medium,13,11:19:32,11:19:33,11:20:49,COMPLETED,18287.0,1275.6,1.30,77.52
585,easy,11,11:20:39,11:20:43,11:20:49,COMPLETED,26696.0,111.9,4.16,10.52
499,medium,13,11:17:53,11:17:56,11:21:14,COMPLETED,31702.0,3309.1,3.46,201.74
536,medium,13,11:20:49,11:20:49,11:21:40,COMPLETED,26989.0,850.2,0.52,51.11
571,easy,12,11:21:20,11:21:21,11:21:40,COMPLETED,21719.0,324.6,1.06,20.11
495,medium,14,11:17:26,11:17:30,11:21:59,COMPLETED,29103.0,4482.0,4.62,273.16
501,easy,11,11:22:00,11:22:05,11:22:25,COMPLETED,28787.0,332.3,5.63,25.14
486,easy,12,11:21:22,11:21:27,11:22:57,COMPLETED,25909.0,1503.3,5.42,95.34
224,medium,14,09:32:58,09:33:02,11:23:03,COMPLETED,40218.0,110022.9,4.35,6605.66
485,easy,12,11:23:12,11:23:16,11:23:35,COMPLETED,25121.0,322.6,4.20,23.20
468,easy,11,11:23:21,11:23:22,11:23:41,COMPLETED,26517.0,322.8,1.54,20.60
278,medium,14,09:59:07,09:59:09,11:23:47,COMPLETED,30383.0,84645.1,2.39,5080.94
463,easy,11,11:24:14,11:24:19,11:24:25,COMPLETED,26429.0,111.3,5.52,11.85
555,easy,11,11:24:21,11:24:25,11:24:32,COMPLETED,25068.0,111.1,4.85,11.23
434,medium,14,10:45:06,10:45:08,11:24:44,COMPLETED,31148.0,39604.7,2.62,2378.80
505,medium,14,11:04:20,11:04:24,11:24:57,COMPLETED,33179.0,20549.9,4.55,1237.35
583,medium,13,11:22:02,11:22:05,11:25:16,COMPLETED,27720.0,3178.9,3.63,194.22
469,easy,11,11:25:35,11:25:35,11:25:41,COMPLETED,27677.0,109.1,0.02,6.32
164,hard,15,09:07:56,09:08:01,11:25:53,COMPLETED,34777.0,137870.1,5.68,8277.84
330,hard,15,10:10:45,10:10:46,11:25:53,COMPLETED,31540.0,75127.4,1.31,4508.84
465,medium,13,11:18:06,11:18:09,11:26:12,COMPLETED,32604.0,8057.0,3.43,486.66
545,medium,14,11:20:27,11:20:30,11:26:25,COMPLETED,31400.0,5914.4,3.56,358.19
522,easy,12,11:23:30,11:23:35,11:26:31,COMPLETED,38539.0,2941.9,5.20,181.46
399,hard,15,10:55:07,10:55:08,11:27:40,COMPLETED,35273.0,32534.0,1.55,1953.46
577,medium,13,11:26:03,11:26:06,11:27:46,COMPLETED,31295.0,1676.5,3.36,103.74
193,hard,15,09:35:09,09:35:13,11:28:18,COMPLETED,34233.0,113076.6,4.48,6789.00
488,easy,12,11:27:29,11:27:34,11:28:24,COMPLETED,23980.0,840.0,5.16,55.32
301,hard,15,10:45:18,10:45:21,11:28:43,COMPLETED,34161.0,43362.9,3.44,2605.05
558,easy,11,11:28:48,11:28:49,11:29:01,COMPLETED,26651.0,213.1,1.35,13.86
598,medium,14,11:13:27,11:13:30,11:29:27,COMPLETED,30275.0,15943.6,3.68,960.04
590,easy,12,11:29:05,11:29:08,11:29:45,COMPLETED,24779.0,635.7,3.16,40.96
546,easy,11,11:29:41,11:29:45,11:29:58,COMPLETED,24877.0,215.9,4.96,17.60
532,easy,11,11:29:42,11:29:45,11:29:58,COMPLETED,21216.0,215.5,3.96,16.60
464,easy,11,11:29:23,11:29:27,11:30:11,COMPLETED,30397.0,741.5,4.04,48.26
482,easy,11,11:30:00,11:30:04,11:30:11,COMPLETED,21723.0,110.1,4.97,11.26
519,easy,12,11:29:54,11:29:58,11:30:48,COMPLETED,27862.0,840.9,4.60,54.82
510,easy,11,11:30:53,11:30:55,11:31:01,COMPLETED,27286.0,108.7,2.08,8.40
415,hard,15,10:31:31,10:31:33,11:31:51,COMPLETED,33186.0,60296.3,2.75,3620.46
557,easy,11,11:32:40,11:32:41,11:32:47,COMPLETED,33797.0,109.3,1.59,7.90
594,easy,11,11:33:23,11:33:25,11:33:31,COMPLETED,24732.0,115.0,2.43,8.73
384,medium,14,10:15:26,10:15:27,11:34:10,COMPLETED,32335.0,78713.0,1.99,4724.46
537,medium,13,11:28:58,11:29:01,11:34:17,COMPLETED,38090.0,5262.1,3.86,319.10
567,easy,12,11:33:32,11:33:38,11:34:23,COMPLETED,28618.0,761.5,6.38,51.70
595,easy,12,11:34:11,11:34:17,11:34:30,COMPLETED,18635.0,223.8,6.10,19.14
342,hard,15,10:02:46,10:02:51,11:35:08,COMPLETED,39816.0,92289.8,5.22,5542.47
586,easy,11,11:35:01,11:35:02,11:35:08,COMPLETED,20887.0,114.3,1.10,7.47
553,easy,12,11:35:24,11:35:27,11:36:18,COMPLETED,31472.0,849.6,3.65,54.34
552,hard,15,11:15:35,11:15:36,11:37:08,COMPLETED,34977.0,21529.1,1.92,1293.50
455,easy,11,11:36:45,11:36:49,11:37:14,COMPLETED,28715.0,423.8,4.69,29.77
504,hard,15,11:00:46,11:00:49,11:37:21,COMPLETED,35525.0,36529.0,3.54,2195.15
491,medium,14,11:34:07,11:34:10,11:38:17,COMPLETED,30025.0,4121.6,3.46,250.49
476,medium,14,11:30:50,11:30:55,11:38:36,COMPLETED,30680.0,7691.5,5.08,466.35
530,easy,11,11:38:27,11:38:30,11:38:36,COMPLETED,24805.0,109.3,3.06,9.35
487,easy,12,11:37:58,11:37:58,11:38:42,COMPLETED,31348.0,737.4,0.69,44.63
492,easy,11,11:38:37,11:38:42,11:39:07,COMPLETED,22651.0,422.1,5.63,30.72
483,medium,14,11:23:42,11:23:47,11:39:13,COMPLETED,29898.0,15437.0,5.94,931.98
462,medium,14,11:26:30,11:26:31,11:39:51,COMPLETED,32569.0,13338.3,1.46,801.58
477,medium,14,11:16:11,11:16:14,11:40:04,COMPLETED,34061.0,23825.0,3.76,1433.09
461,easy,11,11:39:41,11:39:45,11:40:29,COMPLETED,26319.0,734.5,4.28,48.11
507,easy,11,11:40:54,11:40:54,11:41:00,COMPLETED,22579.0,108.5,0.10,6.41
525,hard,15,11:14:36,11:14:40,11:41:06,COMPLETED,27956.0,26443.6,4.21,1590.67
520,medium,13,11:39:35,11:39:38,11:41:06,COMPLETED,30381.0,1465.5,3.98,91.67
451,easy,12,11:40:49,11:40:54,11:41:12,COMPLETED,20149.0,322.3,5.10,23.96
493,easy,11,11:41:10,11:41:12,11:41:45,COMPLETED,34480.0,543.7,2.96,35.22
569,easy,11,11:41:48,11:41:51,11:41:58,COMPLETED,30296.0,114.4,3.64,10.21
561,hard,15,11:18:22,11:18:22,11:42:23,COMPLETED,30971.0,24026.0,0.59,1441.80
512,easy,12,11:37:14,11:37:14,11:42:43,COMPLETED,38301.0,5477.8,0.77,329.20
481,easy,11,11:42:29,11:42:30,11:42:43,COMPLETED,17496.0,219.4,1.32,14.20
503,medium,13,11:41:16,11:41:19,11:43:02,COMPLETED,28483.0,1718.8,3.49,106.20
576,easy,12,11:42:18,11:42:23,11:43:02,COMPLETED,28345.0,647.8,5.80,44.20
511,easy,12,11:42:54,11:42:55,11:43:21,COMPLETED,27738.0,431.1,1.89,27.40
526,easy,12,11:42:58,11:43:02,11:44:06,COMPLETED,29583.0,1070.0,4.20,68.05
527,hard,15,11:10:45,11:10:45,11:44:25,COMPLETED,33221.0,33663.5,0.75,2020.19
479,easy,11,11:44:22,11:44:25,11:44:38,COMPLETED,30383.0,221.5,3.19,16.13
470,easy,12,11:45:58,11:46:00,11:46:13,COMPLETED,30229.0,220.0,2.35,15.34
318,hard,15,10:23:44,10:23:45,11:46:25,COMPLETED,33082.0,82676.5,1.47,4961.95
528,easy,12,11:46:03,11:46:06,11:46:32,COMPLETED,30574.0,426.7,3.84,29.24
587,easy,12,11:48:00,11:48:00,11:48:50,COMPLETED,23466.0,838.8,0.26,50.26
529,medium,13,11:44:09,11:44:12,11:48:56,COMPLETED,32882.0,4740.3,3.44,287.63
573,easy,12,11:48:29,11:48:31,11:48:56,COMPLETED,30085.0,423.4,2.50,27.63
591,easy,11,11:48:45,11:48:50,11:48:56,COMPLETED,23225.0,110.9,5.26,11.63
460,hard,15,11:34:48,11:34:49,11:49:02,COMPLETED,36764.0,14232.6,1.21,854.95
575,easy,12,11:48:47,11:48:50,11:49:40,COMPLETED,33012.0,842.5,3.26,53.56
548,easy,12,11:47:11,11:47:16,11:49:46,COMPLETED,30151.0,2511.8,5.50,155.91
498,easy,12,11:49:35,11:49:40,11:50:12,COMPLETED,23842.0,530.6,5.56,37.19
535,easy,12,11:49:29,11:49:34,11:50:43,COMPLETED,30043.0,1157.2,5.27,74.49
509,easy,12,11:50:14,11:50:18,11:51:14,COMPLETED,30690.0,942.8,4.45,60.78
538,easy,12,11:51:23,11:51:27,11:52:11,COMPLETED,22780.0,739.0,4.28,48.34
582,medium,13,11:49:41,11:49:46,11:52:17,COMPLETED,24666.0,2515.4,5.91,156.66
459,easy,11,11:52:05,11:52:05,11:52:17,COMPLETED,25867.0,215.0,0.01,12.66
490,easy,12,11:49:47,11:49:53,11:52:36,COMPLETED,31220.0,2731.6,6.27,169.79
551,easy,11,11:53:24,11:53:27,11:53:34,COMPLETED,23564.0,115.1,3.60,10.10
297,hard,15,09:13:11,09:13:11,11:54:12,COMPLETED,29157.0,161018.7,0.35,9661.40
588,medium,14,11:41:47,11:41:51,11:54:25,COMPLETED,30114.0,12564.1,4.64,758.30
475,easy,12,11:49:37,11:49:40,11:54:57,COMPLETED,33814.0,5283.6,3.56,320.19
516,easy,12,11:54:44,11:54:44,11:54:57,COMPLETED,25396.0,222.4,0.32,13.19
556,easy,12,11:54:58,11:55:03,11:55:42,COMPLETED,21031.0,646.1,5.72,44.25
539,hard,15,11:39:29,11:39:32,11:55:48,COMPLETED,25425.0,16268.9,3.71,979.53
549,easy,11,11:56:23,11:56:27,11:56:39,COMPLETED,26258.0,216.7,4.01,16.61
523,medium,13,11:54:44,11:54:44,11:58:02,COMPLETED,31769.0,3309.8,0.32,198.62
515,medium,13,11:49:55,11:49:59,11:58:21,COMPLETED,24663.0,8374.7,4.59,506.77
574,hard,15,11:12:48,11:12:52,11:59:05,COMPLETED,35139.0,46214.3,4.90,2777.62
626,easy,12,12:00:27,12:00:27,12:00:39,COMPLETED,23736.0,214.2,0.07,12.68
695,easy,12,12:01:21,12:01:23,12:01:48,COMPLETED,31317.0,422.6,2.46,27.53
579,hard,15,11:03:39,11:03:40,12:02:01,COMPLETED,28718.0,58351.4,1.09,3502.10
531,medium,13,11:36:12,11:36:12,12:02:01,COMPLETED,30392.0,25820.8,0.04,1549.10
542,hard,15,11:29:55,11:29:58,12:02:07,COMPLETED,30915.0,32148.9,3.60,1932.37
592,hard,15,11:32:22,11:32:22,12:02:38,COMPLETED,32372.0,30267.7,0.74,1816.64
562,medium,14,11:54:59,11:55:03,12:02:38,COMPLETED,29688.0,7584.0,4.72,459.64
690,easy,11,12:02:39,12:02:44,12:02:51,COMPLETED,24946.0,108.7,5.91,12.21
589,hard,15,11:40:20,11:40:22,12:02:57,COMPLETED,30569.0,22581.2,2.82,1357.46
742,easy,11,12:03:19,12:03:22,12:03:35,COMPLETED,30348.0,222.8,3.65,16.58
388,hard,15,10:16:51,10:16:56,12:04:01,COMPLETED,38332.0,107075.1,5.58,6430.00
506,medium,14,11:59:42,11:59:43,12:04:07,COMPLETED,31494.0,4409.7,1.09,265.32
648,medium,13,12:02:53,12:02:57,12:04:13,COMPLETED,26327.0,1277.4,4.46,80.76
657,medium,13,12:02:57,12:02:57,12:04:26,COMPLETED,29492.0,1489.5,0.46,89.64
635,easy,12,12:05:18,12:05:23,12:06:02,COMPLETED,25954.0,647.7,5.85,44.32
560,hard,15,11:28:41,11:28:43,12:06:15,COMPLETED,34559.0,37539.4,2.05,2254.17
564,medium,14,11:50:00,11:50:05,12:06:40,COMPLETED,26706.0,16580.8,5.89,1000.46
716,medium,14,12:02:58,12:03:03,12:06:40,COMPLETED,29409.0,3617.0,5.78,222.46
375,medium,14,10:56:08,10:56:12,12:07:18,COMPLETED,28885.0,71101.4,4.96,4270.88
731,easy,11,12:07:32,12:07:38,12:07:57,COMPLETED,22684.0,332.2,6.22,25.69
671,easy,12,12:07:26,12:07:31,12:08:10,COMPLETED,25601.0,650.3,5.71,44.48
627,easy,11,12:07:55,12:07:57,12:08:10,COMPLETED,30135.0,217.4,2.69,15.48
746,easy,11,12:08:18,12:08:23,12:08:42,COMPLETED,24283.0,327.0,5.15,24.39
644,easy,11,12:08:33,12:08:35,12:08:42,COMPLETED,32069.0,115.7,2.90,9.39
705,easy,12,12:07:11,12:07:12,12:08:55,COMPLETED,29654.0,1715.9,1.58,104.15
207,hard,15,09:22:00,09:22:06,12:09:40,COMPLETED,33299.0,167567.1,6.15,10060.13
719,medium,13,12:06:54,12:06:59,12:10:17,COMPLETED,21235.0,3305.3,5.57,203.68
725,medium,14,12:05:33,12:05:36,12:11:13,COMPLETED,32146.0,5624.3,3.72,340.97
420,hard,15,10:42:43,10:42:48,12:11:32,COMPLETED,28092.0,88735.9,5.72,5329.79
628,easy,12,12:11:58,12:12:04,12:12:22,COMPLETED,30281.0,318.8,6.15,24.99
521,medium,13,11:49:41,11:49:46,12:12:29,COMPLETED,35912.0,22709.6,5.91,1368.31
566,medium,14,11:21:16,11:21:21,12:12:48,COMPLETED,31245.0,51453.3,5.06,3092.09
617,easy,12,12:11:47,12:11:51,12:12:48,COMPLETED,33936.0,947.3,4.53,61.09
385,hard,15,10:56:50,10:56:51,12:12:54,COMPLETED,37932.0,76044.4,1.90,4564.46
718,medium,13,12:09:43,12:09:46,12:13:13,COMPLETED,37457.0,3452.5,3.39,210.30
632,medium,13,12:10:38,12:10:42,12:14:28,COMPLETED,31788.0,3767.3,4.64,230.46
704,medium,13,12:09:15,12:09:20,12:14:41,COMPLETED,30314.0,5341.9,5.84,326.16
706,easy,12,12:14:00,12:14:03,12:15:06,COMPLETED,27346.0,1061.7,3.41,66.49
735,easy,11,12:15:11,12:15:13,12:15:38,COMPLETED,25921.0,433.4,2.17,27.86
738,easy,12,12:15:03,12:15:06,12:15:45,COMPLETED,28887.0,653.8,3.49,42.22
606,medium,13,12:05:06,12:05:10,12:15:58,COMPLETED,34392.0,10793.9,4.96,652.38
581,hard,15,11:57:16,11:57:17,12:16:04,COMPLETED,33553.0,18785.2,1.88,1128.71
71,hard,15,08:27:44,08:27:48,12:16:11,COMPLETED,28146.0,228374.2,4.80,13707.18
727,medium,13,12:11:46,12:11:51,12:16:11,COMPLETED,31993.0,4332.3,5.53,265.18
672,medium,13,12:14:30,12:14:34,12:16:17,COMPLETED,34989.0,1717.0,4.77,107.55
630,easy,11,12:16:05,12:16:11,12:16:43,COMPLETED,26342.0,539.3,6.18,38.16
607,medium,14,12:07:03,12:07:06,12:16:55,COMPLETED,26975.0,9837.0,3.04,592.97
683,medium,13,12:13:27,12:13:32,12:17:21,COMPLETED,37145.0,3831.3,5.08,234.57
732,easy,12,12:16:19,12:16:23,12:17:21,COMPLETED,29283.0,970.6,4.84,62.57
710,medium,13,12:15:40,12:15:45,12:17:59,COMPLETED,25360.0,2247.4,5.22,139.85
713,easy,12,12:15:14,12:15:19,12:18:37,COMPLETED,29837.0,3313.4,5.47,203.93
631,medium,13,12:18:08,12:18:12,12:18:44,COMPLETED,26181.0,541.5,4.32,36.35
673,easy,11,12:18:40,12:18:44,12:18:50,COMPLETED,26544.0,114.8,4.35,10.87
685,medium,14,12:12:45,12:12:48,12:19:16,COMPLETED,31753.0,6482.5,3.09,391.49
436,hard,15,10:57:23,10:57:24,12:19:42,COMPLETED,31101.0,82298.4,1.28,4939.03
667,easy,11,12:19:14,12:19:16,12:19:54,COMPLETED,26069.0,644.8,2.49,40.74
715,easy,12,12:19:52,12:19:54,12:20:26,COMPLETED,24760.0,541.6,2.74,34.73
669,medium,13,12:19:36,12:19:42,12:21:36,COMPLETED,29902.0,1913.9,6.03,120.52
629,easy,12,12:20:37,12:20:39,12:21:36,COMPLETED,30186.0,953.4,2.68,59.52
712,medium,14,12:10:44,12:10:48,12:21:49,COMPLETED,32088.0,11006.7,4.94,665.17
733,easy,11,12:21:31,12:21:36,12:22:14,COMPLETED,29755.0,632.5,5.52,43.26
677,medium,13,12:21:12,12:21:17,12:22:45,COMPLETED,27379.0,1472.7,5.64,93.75
601,easy,12,12:21:32,12:21:36,12:22:58,COMPLETED,29976.0,1368.7,4.52,86.42
744,easy,11,12:23:17,12:23:17,12:23:29,COMPLETED,31286.0,214.0,0.28,12.87
682,easy,12,12:22:33,12:22:33,12:23:36,COMPLETED,28063.0,1055.3,0.10,63.15
660,easy,12,12:22:01,12:22:01,12:23:48,COMPLETED,26710.0,1787.0,0.72,107.71
661,easy,11,12:24:56,12:24:57,12:25:22,COMPLETED,28748.0,423.0,1.86,26.99
743,medium,13,12:23:36,12:23:36,12:26:00,COMPLETED,27668.0,2412.9,0.15,144.68
693,hard,15,12:20:21,12:20:26,12:26:38,COMPLETED,28563.0,6204.2,5.73,377.64
663,easy,11,12:26:44,12:26:45,12:27:04,COMPLETED,23792.0,331.9,1.09,20.75
656,medium,14,12:24:14,12:24:20,12:27:43,COMPLETED,37659.0,3393.3,6.06,209.37
610,easy,12,12:26:42,12:26:45,12:27:49,COMPLETED,32912.0,1082.5,3.09,67.72
697,easy,12,12:26:40,12:26:45,12:27:56,COMPLETED,23947.0,1188.7,5.09,76.17
72,hard,15,08:25:58,08:26:03,12:28:47,COMPLETED,39780.0,242732.4,5.43,14569.34
676,hard,15,12:12:02,12:12:04,12:28:53,COMPLETED,27321.0,16829.7,2.15,1011.77
748,easy,12,12:28:06,12:28:08,12:28:53,COMPLETED,24933.0,753.4,2.85,47.77
698,medium,14,12:22:21,12:22:26,12:29:44,COMPLETED,31756.0,7291.6,5.77,443.05
745,medium,13,12:21:55,12:21:55,12:30:21,COMPLETED,30070.0,8440.8,0.43,506.67
724,easy,11,12:29:53,12:29:56,12:30:40,COMPLETED,22600.0,736.0,3.57,47.49
640,medium,13,12:30:01,12:30:02,12:31:18,COMPLETED,25767.0,1268.5,1.87,77.59
650,easy,12,12:30:26,12:30:27,12:31:18,COMPLETED,29600.0,851.2,1.94,52.59
620,easy,11,12:31:09,12:31:12,12:31:50,COMPLETED,33804.0,651.6,3.26,41.93
611,medium,13,12:31:27,12:31:31,12:32:29,COMPLETED,21610.0,963.2,4.59,62.03
675,easy,11,12:32:26,12:32:29,12:32:35,COMPLETED,16209.0,111.5,3.03,9.42
655,easy,12,12:32:21,12:32:22,12:33:00,COMPLETED,34957.0,637.4,1.68,39.58
686,easy,12,12:32:31,12:32:35,12:33:44,COMPLETED,27295.0,1158.9,4.42,73.70
734,easy,11,12:33:35,12:33:38,12:34:09,COMPLETED,32534.0,528.7,3.35,34.82
603,easy,11,12:34:15,12:34:16,12:34:22,COMPLETED,27042.0,109.6,1.10,7.44
680,easy,12,12:34:13,12:34:16,12:34:35,COMPLETED,29759.0,320.5,3.10,22.06
641,easy,11,12:34:26,12:34:28,12:34:35,COMPLETED,17097.0,110.1,2.74,9.06
636,medium,13,12:02:58,12:03:03,12:34:41,COMPLETED,41690.0,31629.5,5.78,1903.36
645,medium,13,12:24:23,12:24:26,12:35:31,COMPLETED,28496.0,11089.5,3.36,668.52
649,medium,14,12:32:56,12:33:00,12:35:50,COMPLETED,30206.0,2833.4,4.58,174.35
276,hard,15,09:42:37,09:42:41,12:36:02,COMPLETED,31587.0,173350.1,4.93,10405.89
728,easy,11,12:37:33,12:37:37,12:37:49,COMPLETED,23300.0,216.0,4.13,16.79
637,easy,11,12:38:08,12:38:08,12:38:21,COMPLETED,21536.0,213.1,0.70,13.25
642,medium,13,12:28:56,12:29:00,12:38:27,COMPLETED,25103.0,9460.8,4.08,571.51
722,easy,11,12:38:57,12:38:58,12:39:05,COMPLETED,28124.0,110.2,1.85,8.21
670,easy,11,12:40:32,12:40:33,12:40:39,COMPLETED,28451.0,109.1,1.01,7.31
691,hard,15,12:26:31,12:26:32,12:41:04,COMPLETED,28690.0,14543.6,1.11,873.46
658,medium,13,12:38:49,12:38:52,12:41:10,COMPLETED,22755.0,2309.0,3.51,141.81
709,easy,11,12:41:18,12:41:23,12:41:29,COMPLETED,22959.0,109.7,5.37,11.67
720,medium,14,12:22:52,12:22:52,12:41:35,COMPLETED,32870.0,18736.4,0.06,1123.98
624,easy,11,12:41:34,12:41:35,12:41:54,COMPLETED,27100.0,320.7,1.98,20.90
614,easy,11,12:42:08,12:42:13,12:42:26,COMPLETED,33483.0,215.0,5.78,18.43
747,easy,12,12:43:06,12:43:10,12:43:24,COMPLETED,31564.0,224.2,4.87,18.06
692,easy,12,12:43:17,12:43:17,12:43:43,COMPLETED,30044.0,433.0,0.46,26.19
723,medium,14,12:31:22,12:31:25,12:44:02,COMPLETED,29658.0,12625.0,3.07,760.20
684,easy,11,12:43:52,12:43:55,12:44:08,COMPLETED,24644.0,221.3,3.89,16.69
639,medium,14,12:23:18,12:23:23,12:44:21,COMPLETED,30100.0,20976.9,5.57,1263.62
604,easy,12,12:44:25,12:44:28,12:44:53,COMPLETED,23752.0,432.1,3.33,29.00
730,medium,13,12:42:50,12:42:51,12:45:00,COMPLETED,26522.0,2148.8,1.67,130.29
654,easy,12,12:44:36,12:44:41,12:45:00,COMPLETED,27231.0,324.9,5.13,24.29
702,easy,11,12:44:21,12:44:21,12:45:06,COMPLETED,36909.0,754.5,0.62,45.66
749,easy,11,12:45:19,12:45:19,12:45:25,COMPLETED,23509.0,110.2,0.47,6.79
378,hard,15,10:37:01,10:37:07,12:46:28,COMPLETED,30407.0,129354.6,6.39,7767.56
541,hard,15,11:32:26,11:32:29,12:46:41,COMPLETED,37378.0,74204.6,3.04,4455.21
613,easy,12,12:46:21,12:46:22,12:46:41,COMPLETED,19583.0,320.4,1.25,20.21
621,medium,13,12:36:41,12:36:46,12:47:12,COMPLETED,30547.0,10434.9,5.85,631.69
600,easy,12,12:47:06,12:47:06,12:47:25,COMPLETED,25396.0,319.5,0.34,19.29
605,easy,12,12:46:26,12:46:28,12:47:44,COMPLETED,27871.0,1264.7,2.56,78.17
651,easy,11,12:47:37,12:47:37,12:47:44,COMPLETED,30190.0,110.8,0.84,7.17
681,easy,12,12:47:07,12:47:12,12:48:03,COMPLETED,29095.0,844.5,5.69,56.06
652,medium,13,12:48:40,12:48:40,12:49:37,COMPLETED,31577.0,948.2,0.79,57.31
662,medium,14,12:41:54,12:41:54,12:49:43,COMPLETED,31315.0,7816.9,0.90,469.73
741,easy,12,12:49:36,12:49:37,12:50:02,COMPLETED,32532.0,423.9,1.31,26.55
717,easy,11,12:49:36,12:49:37,12:50:27,COMPLETED,38387.0,852.3,1.31,51.96
666,easy,11,12:50:20,12:50:21,12:50:27,COMPLETED,32593.0,115.0,1.64,7.96
699,easy,11,12:51:28,12:51:32,12:51:38,COMPLETED,24054.0,119.4,4.32,10.92
688,easy,11,12:50:25,12:50:27,12:52:04,COMPLETED,21075.0,1620.3,2.96,99.76
623,easy,11,12:51:49,12:51:51,12:52:04,COMPLETED,25828.0,223.8,2.82,15.76
701,easy,11,12:51:57,12:51:58,12:52:36,COMPLETED,21662.0,649.8,1.43,39.95
714,medium,14,12:15:05,12:15:06,12:53:08,COMPLETED,26815.0,38042.1,1.49,2283.84
194,hard,15,09:27:34,09:27:38,12:53:21,COMPLETED,38253.0,205727.6,4.14,12347.75
665,medium,13,12:49:33,12:49:37,12:53:47,COMPLETED,35332.0,4175.6,4.31,254.37
668,easy,11,12:53:46,12:53:47,12:54:00,COMPLETED,26899.0,223.8,1.37,14.36
664,easy,11,12:55:07,12:55:10,12:55:29,COMPLETED,19818.0,326.1,3.74,22.86
647,easy,11,12:57:10,12:57:12,12:57:24,COMPLETED,28087.0,215.9,2.03,14.69
696,easy,12,12:54:23,12:54:26,12:57:37,COMPLETED,28161.0,3191.5,3.08,194.31
634,medium,14,12:41:16,12:41:17,12:58:15,COMPLETED,30422.0,16972.1,1.08,1019.20
739,easy,11,12:58:48,12:58:52,12:59:05,COMPLETED,27392.0,215.3,4.92,17.55
638,medium,13,12:54:05,12:54:06,12:59:18,COMPLETED,31224.0,5193.9,1.84,313.15
880,easy,12,13:00:09,13:00:15,13:00:53,COMPLETED,33005.0,641.7,6.08,44.25
832,easy,12,13:00:27,13:00:27,13:01:05,COMPLETED,23930.0,639.6,0.83,38.93
812,easy,11,13:00:53,13:00:53,13:01:24,COMPLETED,29254.0,536.8,0.25,31.96
771,easy,11,13:01:11,13:01:12,13:01:24,COMPLETED,24675.0,220.1,1.24,13.96
740,medium,14,12:13:12,12:13:13,13:01:50,COMPLETED,37615.0,48631.9,1.30,2918.93
886,easy,12,13:01:20,13:01:31,13:01:50,COMPLETED,21628.0,333.3,11.55,30.93
225,hard,15,09:51:24,09:51:24,13:02:10,COMPLETED,30256.0,190766.2,0.85,11446.75
707,medium,14,12:47:04,12:47:06,13:02:36,COMPLETED,25458.0,15510.7,2.34,932.77
844,easy,11,13:02:44,13:02:49,13:03:02,COMPLETED,26938.0,219.8,5.44,18.11
864,medium,13,13:00:21,13:00:21,13:03:08,COMPLETED,30000.0,2791.3,0.45,167.67
754,medium,13,13:00:30,13:00:34,13:03:27,COMPLETED,27361.0,2901.4,4.23,177.95
766,medium,13,13:01:11,13:01:12,13:03:27,COMPLETED,26528.0,2267.8,1.24,136.95
726,medium,14,12:51:11,12:51:13,13:03:41,COMPLETED,31468.0,12474.5,2.07,750.06
824,easy,12,13:03:38,13:03:41,13:03:54,COMPLETED,32699.0,226.2,3.06,16.17
753,easy,11,13:04:31,13:04:32,13:04:39,COMPLETED,22963.0,115.8,1.56,8.03
496,hard,15,11:11:17,11:11:17,13:04:45,COMPLETED,26493.0,113467.5,0.60,6808.55
830,easy,12,13:04:45,13:04:45,13:04:51,COMPLETED,22580.0,113.8,0.55,6.90
892,medium,13,13:02:39,13:02:43,13:04:58,COMPLETED,28303.0,2263.3,4.08,139.41
818,medium,13,13:01:28,13:01:31,13:05:11,COMPLETED,34982.0,3671.4,3.55,223.52
807,easy,11,13:05:03,13:05:04,13:05:24,COMPLETED,29045.0,331.3,1.93,21.37
616,medium,13,12:46:57,12:47:00,13:05:30,COMPLETED,30986.0,18519.9,3.02,1113.86
578,medium,14,11:29:11,11:29:14,13:05:43,COMPLETED,27931.0,96493.7,3.45,5792.92
201,hard,15,09:59:12,09:59:15,13:06:16,COMPLETED,27765.0,187009.7,3.67,11224.07
898,medium,13,13:05:42,13:05:43,13:06:35,COMPLETED,26801.0,868.5,1.92,53.58
851,easy,11,13:06:42,13:06:42,13:06:48,COMPLETED,30496.0,117.2,0.09,6.64
700,medium,13,12:56:22,12:56:27,13:07:08,COMPLETED,34556.0,10675.5,5.94,646.08
858,medium,13,13:05:31,13:05:37,13:07:52,COMPLETED,29128.0,2257.2,6.35,141.53
829,medium,13,13:06:15,13:06:16,13:08:36,COMPLETED,29777.0,2344.6,1.07,141.49
803,easy,11,13:08:28,13:08:30,13:08:36,COMPLETED,21183.0,109.9,2.17,8.49
612,hard,15,12:09:00,12:09:01,13:08:49,COMPLETED,34762.0,59795.2,1.58,3589.12
839,medium,13,13:05:48,13:05:50,13:09:14,COMPLETED,30368.0,3404.4,2.29,206.27
835,easy,12,13:08:44,13:08:49,13:09:52,COMPLETED,33763.0,1055.0,5.12,68.16
836,easy,11,13:09:34,13:09:39,13:10:04,COMPLETED,29395.0,424.5,5.54,30.74
398,hard,15,10:28:13,10:28:18,13:10:54,COMPLETED,34120.0,162605.9,5.65,9761.94
633,medium,14,12:46:31,12:46:34,13:11:13,COMPLETED,35291.0,24651.8,3.89,1482.80
736,medium,14,12:56:17,12:56:21,13:11:13,COMPLETED,31280.0,14878.7,4.31,896.80
802,medium,13,13:10:07,13:10:11,13:11:20,COMPLETED,23890.0,1155.2,4.03,73.10
896,easy,11,13:11:50,13:11:51,13:11:57,COMPLETED,26021.0,109.8,1.36,7.65
891,easy,11,13:12:00,13:12:03,13:12:10,COMPLETED,29161.0,109.9,3.97,10.28
845,medium,14,13:01:46,13:01:57,13:12:54,COMPLETED,33068.0,10957.4,11.59,668.58
852,easy,12,13:12:35,13:12:35,13:12:54,COMPLETED,24683.0,327.3,0.46,19.58
874,easy,12,13:12:24,13:12:29,13:13:01,COMPLETED,28837.0,540.2,5.13,37.13
674,medium,14,12:41:52,12:41:54,13:13:33,COMPLETED,26732.0,31645.1,2.90,1901.10
868,easy,11,13:13:22,13:13:26,13:13:39,COMPLETED,31170.0,223.8,4.76,17.79
849,easy,11,13:13:30,13:13:33,13:13:39,COMPLETED,26065.0,117.3,3.10,9.79
814,hard,15,13:03:29,13:03:34,13:14:05,COMPLETED,27698.0,10520.5,5.40,636.42
863,easy,12,13:13:27,13:13:33,13:14:24,COMPLETED,27948.0,862.0,6.10,57.34
823,medium,13,13:11:57,13:11:57,13:15:15,COMPLETED,34954.0,3309.2,0.65,198.82
788,easy,12,13:14:58,13:15:02,13:15:28,COMPLETED,22964.0,435.1,4.88,30.66
776,medium,14,13:12:50,13:12:54,13:16:00,COMPLETED,27626.0,3107.5,4.58,190.74
834,easy,11,13:15:37,13:15:41,13:16:00,COMPLETED,32598.0,325.5,4.54,23.74
757,medium,13,13:12:09,13:12:10,13:16:26,COMPLETED,36183.0,4273.7,1.28,257.31
867,easy,11,13:16:48,13:16:52,13:17:05,COMPLETED,26395.0,221.8,4.33,17.22
708,hard,15,12:38:55,12:38:58,13:17:11,COMPLETED,27904.0,38219.4,3.85,2296.70
792,easy,12,13:17:42,13:17:43,13:18:09,COMPLETED,23350.0,443.1,1.39,27.55
786,easy,12,13:15:44,13:15:47,13:18:16,COMPLETED,28046.0,2477.9,3.88,152.02
764,easy,12,13:16:53,13:16:58,13:18:22,COMPLETED,22705.0,1403.1,5.89,89.64
756,easy,11,13:17:48,13:17:50,13:18:22,COMPLETED,26853.0,550.6,2.08,34.64
783,easy,12,13:18:15,13:18:16,13:19:13,COMPLETED,24311.0,957.3,1.02,58.22
618,medium,14,12:50:14,12:50:15,13:19:44,COMPLETED,32854.0,29498.2,1.12,1770.74
801,medium,13,13:16:39,13:16:39,13:20:54,COMPLETED,31631.0,4251.1,0.32,255.06
608,medium,14,12:59:14,12:59:18,13:21:06,COMPLETED,34391.0,21812.5,4.15,1312.71
873,hard,15,13:08:37,13:08:42,13:21:57,COMPLETED,38101.0,13242.9,5.79,800.06
881,easy,11,13:21:50,13:21:50,13:22:03,COMPLETED,27685.0,218.0,0.69,13.46
778,medium,13,13:15:16,13:15:22,13:22:09,COMPLETED,31674.0,6796.1,6.28,413.81
808,easy,12,13:21:52,13:21:57,13:22:16,COMPLETED,26714.0,322.8,5.06,24.12
765,easy,12,13:22:15,13:22:16,13:23:06,COMPLETED,30427.0,841.9,1.12,51.37
843,easy,12,13:21:09,13:21:12,13:23:25,COMPLETED,29859.0,2208.5,3.99,136.25
806,easy,11,13:24:07,13:24:09,13:24:55,COMPLETED,27309.0,758.9,2.91,48.08
859,easy,11,13:24:39,13:24:42,13:24:55,COMPLETED,18398.0,223.3,3.07,16.08
797,easy,11,13:24:43,13:24:48,13:24:55,COMPLETED,26466.0,112.8,5.74,12.08
860,easy,12,13:24:49,13:24:55,13:25:20,COMPLETED,33350.0,435.5,6.08,31.74
826,easy,11,13:24:03,13:24:03,13:25:46,COMPLETED,25616.0,1726.5,0.37,103.42
854,easy,12,13:23:51,13:23:56,13:26:51,COMPLETED,26232.0,2908.3,5.88,180.16
875,medium,13,13:24:21,13:24:22,13:26:51,COMPLETED,24665.0,2480.2,1.63,150.16
653,hard,15,12:18:51,12:18:57,13:27:29,COMPLETED,35085.0,68544.4,6.28,4118.76
805,easy,12,13:25:41,13:25:46,13:28:08,COMPLETED,37258.0,2375.1,5.42,147.67
565,hard,15,11:53:18,11:53:21,13:28:14,COMPLETED,36472.0,94900.5,3.10,5696.98
831,easy,12,13:27:34,13:27:36,13:28:21,COMPLETED,24437.0,765.0,2.13,47.49
773,easy,12,13:25:54,13:25:59,13:28:59,COMPLETED,31548.0,3016.4,5.30,185.85
466,medium,14,11:54:55,11:54:57,13:29:12,COMPLETED,31754.0,94259.6,2.19,5657.63
833,easy,12,13:19:39,13:19:44,13:31:06,COMPLETED,33793.0,11358.3,5.74,687.02
796,medium,14,13:16:30,13:16:32,13:31:43,COMPLETED,28180.0,15187.0,2.79,913.77
889,medium,14,13:27:21,13:27:23,13:31:43,COMPLETED,28783.0,4348.5,2.07,262.77
827,easy,12,13:31:20,13:31:24,13:32:40,COMPLETED,29322.0,1266.3,4.87,80.58
817,easy,12,13:32:29,13:32:34,13:32:40,COMPLETED,24031.0,110.5,5.25,11.58
820,medium,13,13:22:55,13:23:00,13:33:37,COMPLETED,38083.0,10627.4,5.05,642.46
882,easy,12,13:32:45,13:32:46,13:33:37,COMPLETED,26990.0,847.7,1.90,52.46
819,easy,11,13:33:57,13:34:02,13:34:09,COMPLETED,25439.0,112.1,5.67,12.00
856,easy,11,13:34:57,13:34:59,13:35:18,COMPLETED,27966.0,327.0,2.62,21.76
840,easy,11,13:36:08,13:36:10,13:36:17,COMPLETED,24175.0,114.2,2.69,9.07
816,easy,11,13:36:07,13:36:10,13:36:30,COMPLETED,27867.0,328.8,3.69,23.12
554,hard,15,11:48:21,11:48:25,13:37:21,COMPLETED,34335.0,108946.2,4.22,6540.87
780,hard,15,13:20:23,13:20:28,13:38:19,COMPLETED,33302.0,17853.5,5.91,1076.85
895,medium,14,13:30:34,13:30:34,13:38:39,COMPLETED,23998.0,8085.1,0.51,485.20
828,medium,13,13:36:31,13:36:36,13:38:45,COMPLETED,27916.0,2164.0,5.45,134.73
729,hard,15,12:29:13,12:29:18,13:39:18,COMPLETED,30585.0,69988.4,5.98,4205.15
794,easy,12,13:39:11,13:39:11,13:39:30,COMPLETED,26971.0,329.9,0.57,19.90
822,medium,13,13:34:07,13:34:09,13:39:50,COMPLETED,32213.0,5697.3,2.00,343.35
848,easy,11,13:39:36,13:39:37,13:39:50,COMPLETED,28354.0,224.4,1.41,14.35
750,medium,13,13:15:37,13:15:41,13:40:09,COMPLETED,27976.0,24479.3,4.54,1472.84
865,easy,12,13:39:50,13:39:50,13:40:16,COMPLETED,29557.0,443.1,0.35,26.49
782,easy,12,13:35:31,13:35:31,13:40:35,COMPLETED,37488.0,5075.2,0.75,304.93
871,medium,13,13:18:30,13:18:35,13:41:39,COMPLETED,38578.0,23069.9,5.58,1389.51
785,easy,11,13:41:17,13:41:20,13:41:58,COMPLETED,31993.0,636.4,3.60,41.46
894,medium,14,13:24:40,13:24:42,13:42:23,COMPLETED,33874.0,17695.4,2.07,1063.68
897,easy,11,13:41:55,13:41:58,13:42:23,COMPLETED,24846.0,425.2,3.46,28.68
755,medium,13,13:41:36,13:41:39,13:42:42,COMPLETED,29960.0,1056.3,3.51,66.62
846,medium,14,13:23:51,13:23:56,13:43:39,COMPLETED,21832.0,19711.9,5.88,1188.33
893,medium,13,13:38:40,13:38:45,13:44:42,COMPLETED,32305.0,5950.5,5.73,362.50
759,easy,12,13:43:35,13:43:39,13:44:55,COMPLETED,21938.0,1267.7,4.33,80.12
767,medium,14,13:31:38,13:31:43,13:45:01,COMPLETED,36543.0,13299.3,5.77,803.44
877,easy,11,13:45:42,13:45:45,13:46:04,COMPLETED,27459.0,323.3,3.71,22.79
791,easy,11,13:46:13,13:46:17,13:46:30,COMPLETED,22699.0,219.1,4.44,17.11
789,medium,13,13:44:15,13:44:17,13:47:52,COMPLETED,32446.0,3595.5,2.23,217.68
795,easy,11,13:47:40,13:47:59,13:48:05,COMPLETED,22465.0,111.1,19.01,25.36
763,medium,14,13:40:43,13:40:48,13:49:08,COMPLETED,32437.0,8337.6,5.70,505.70
899,easy,12,13:48:14,13:48:18,13:49:08,COMPLETED,29938.0,850.3,4.01,54.70
841,medium,14,13:40:04,13:40:09,13:49:52,COMPLETED,29266.0,9723.2,5.84,589.00
752,medium,13,13:48:55,13:49:15,13:50:05,COMPLETED,29812.0,848.9,20.05,70.68
775,medium,14,13:45:02,13:45:07,13:51:02,COMPLETED,29139.0,5918.5,5.83,360.67
643,hard,15,12:33:46,12:33:50,13:51:08,COMPLETED,24169.0,77303.5,4.99,4643.00
888,medium,13,13:47:37,13:47:40,13:52:38,COMPLETED,32319.0,4980.5,3.01,301.56
65,hard,15,08:01:03,08:01:07,13:53:11,COMPLETED,37880.0,352066.0,4.13,21128.06
866,medium,13,13:50:20,13:50:24,13:53:30,COMPLETED,28005.0,3109.0,4.68,190.74
768,easy,11,13:52:47,13:53:17,13:53:50,COMPLETED,26043.0,547.1,30.59,63.04
615,hard,15,12:03:05,12:03:10,13:54:34,COMPLETED,39870.0,111412.2,5.10,6689.74
853,easy,11,13:53:47,13:53:50,13:54:34,COMPLETED,36092.0,750.8,3.04,47.74
514,hard,15,11:04:45,11:04:49,13:54:41,COMPLETED,37610.0,169854.4,4.98,10196.12
847,medium,13,13:51:57,13:52:44,13:55:19,COMPLETED,30718.0,2581.0,47.89,202.41
869,easy,12,13:54:05,13:54:41,13:55:44,COMPLETED,26592.0,1068.2,36.12,99.93
790,easy,12,13:54:46,13:54:47,13:55:51,COMPLETED,31691.0,1067.0,1.58,65.26
798,easy,11,13:55:20,13:55:51,13:56:03,COMPLETED,28019.0,216.5,31.26,43.95
489,hard,15,11:19:45,11:19:46,13:56:16,COMPLETED,32690.0,156506.0,1.26,9391.57
770,easy,12,13:55:12,13:55:25,13:56:22,COMPLETED,33362.0,957.7,13.80,70.89
544,hard,15,11:52:28,11:52:30,13:56:41,COMPLETED,36757.0,124195.0,2.31,7453.95
793,medium,14,13:33:17,13:33:18,13:56:41,COMPLETED,30390.0,23394.8,1.50,1404.95
787,easy,11,13:56:20,13:56:22,13:56:41,COMPLETED,25931.0,323.3,2.89,21.95
810,medium,13,13:45:28,13:45:33,13:57:13,COMPLETED,29972.0,11678.7,5.07,705.53
800,medium,13,13:51:08,13:51:15,13:58:10,COMPLETED,29207.0,6921.6,7.39,422.39
809,medium,14,13:14:23,13:14:24,13:59:07,COMPLETED,34457.0,44720.6,1.34,2684.40
887,hard,15,13:35:28,13:35:31,13:59:07,COMPLETED,32896.0,23598.2,3.75,1419.40
761,easy,12,13:58:37,13:58:42,13:59:07,COMPLETED,28266.0,429.1,5.02,30.40
842,easy,11,13:59:42,13:59:46,14:00:17,COMPLETED,26423.0,534.3,4.18,35.92
703,hard,15,12:16:23,12:16:23,14:00:37,COMPLETED,32024.0,104223.7,0.84,6254.28
878,medium,13,13:59:41,13:59:46,14:00:50,COMPLETED,25345.0,1075.0,5.18,69.19
879,easy,12,13:59:01,13:59:01,14:01:03,COMPLETED,31216.0,2045.9,0.00,122.27
815,easy,12,13:57:25,13:57:26,14:01:16,COMPLETED,37568.0,3847.1,1.21,231.56
969,easy,11,14:01:06,14:01:09,14:01:16,COMPLETED,22299.0,121.4,3.83,10.56
811,medium,14,13:25:29,13:25:33,14:01:23,COMPLETED,35009.0,35833.4,4.55,2154.16
760,hard,15,13:20:54,13:20:54,14:01:29,COMPLETED,27928.0,40601.6,0.06,2435.81
972,easy,11,14:01:25,14:01:29,14:01:36,COMPLETED,29738.0,119.0,4.81,11.47
813,medium,14,13:56:26,13:56:29,14:01:42,COMPLETED,25028.0,5232.4,3.30,317.00
769,easy,12,13:59:57,14:00:24,14:01:49,COMPLETED,28545.0,1423.7,27.33,112.31
781,medium,13,13:54:04,13:54:09,14:02:08,COMPLETED,42875.0,7996.5,5.18,484.57
1031,medium,13,14:00:36,14:00:43,14:03:00,COMPLETED,30357.0,2283.3,7.60,144.15
996,easy,11,14:02:38,14:02:40,14:03:00,COMPLETED,26722.0,333.5,2.65,22.15
956,easy,11,14:03:04,14:03:06,14:03:32,COMPLETED,22067.0,436.1,2.70,28.43
958,easy,12,14:01:22,14:01:23,14:03:38,COMPLETED,26723.0,2267.7,1.16,136.91
944,easy,12,14:04:51,14:04:56,14:05:15,COMPLETED,25418.0,328.5,5.47,24.85
918,easy,12,14:04:04,14:04:04,14:05:28,COMPLETED,29334.0,1405.5,0.44,84.51
954,easy,11,14:04:48,14:04:49,14:05:28,COMPLETED,24640.0,648.7,1.88,40.51
1021,easy,11,14:04:51,14:04:56,14:05:34,COMPLETED,25563.0,643.5,5.47,43.84
947,medium,13,14:04:38,14:04:43,14:05:53,COMPLETED,29798.0,1178.9,5.31,75.72
804,hard,15,13:50:33,13:51:08,14:06:38,COMPLETED,37322.0,15488.2,36.00,965.05
1010,easy,11,14:06:27,14:06:31,14:06:44,COMPLETED,26390.0,216.0,4.70,17.38
1017,easy,12,14:03:43,14:03:45,14:07:22,COMPLETED,32540.0,3619.5,2.26,219.16
751,medium,14,13:49:20,13:49:59,14:08:06,COMPLETED,26204.0,18118.6,39.32,1126.17
902,medium,13,14:03:38,14:03:38,14:08:12,COMPLETED,28196.0,4564.5,0.91,274.51
862,hard,15,13:36:02,13:36:04,14:08:43,COMPLETED,30417.0,32667.7,2.10,1961.98
1040,easy,12,14:08:00,14:08:06,14:08:56,COMPLETED,27390.0,845.7,6.17,56.60
1047,easy,11,14:08:52,14:08:56,14:09:21,COMPLETED,25553.0,424.9,4.60,29.78
927,easy,11,14:09:17,14:09:21,14:09:40,COMPLETED,30583.0,321.0,4.78,23.69
737,medium,14,12:31:12,12:31:12,14:09:47,COMPLETED,28156.0,98581.3,0.26,5915.07
837,medium,14,13:27:29,13:27:29,14:10:12,COMPLETED,24320.0,42709.6,0.76,2563.18
1013,easy,11,14:10:33,14:10:37,14:10:57,COMPLETED,22214.0,335.5,4.56,24.26
609,medium,14,12:48:47,12:48:47,14:12:01,COMPLETED,33834.0,83241.0,0.10,4994.36
905,medium,13,14:10:14,14:10:18,14:12:20,COMPLETED,33093.0,2042.6,4.46,126.44
961,medium,14,14:08:47,14:08:50,14:12:33,COMPLETED,33288.0,3723.0,3.28,226.41
619,hard,15,12:05:44,12:05:49,14:12:46,COMPLETED,31856.0,126947.7,5.43,7622.15
821,hard,15,13:32:23,13:32:27,14:13:05,COMPLETED,30768.0,40629.2,4.86,2442.35
1008,medium,13,14:10:39,14:10:44,14:13:05,COMPLETED,33009.0,2361.0,5.12,146.35
915,easy,12,14:11:44,14:11:48,14:13:18,COMPLETED,33674.0,1498.8,4.58,94.11
1044,easy,11,14:15:04,14:15:06,14:15:13,COMPLETED,24005.0,116.4,2.88,9.41
917,easy,11,14:15:06,14:15:06,14:15:13,COMPLETED,25633.0,116.2,0.88,7.41
855,medium,14,13:57:50,13:57:51,14:15:19,COMPLETED,36674.0,17481.0,1.44,1049.94
970,easy,12,14:15:26,14:15:26,14:15:45,COMPLETED,22812.0,330.6,0.42,19.82
921,medium,13,14:13:59,14:14:02,14:16:05,COMPLETED,28235.0,2046.4,3.72,126.20
1007,medium,14,14:05:51,14:05:53,14:16:36,COMPLETED,32383.0,10721.5,2.72,645.78
906,easy,12,14:15:38,14:15:39,14:16:49,COMPLETED,35615.0,1172.7,1.27,71.34
774,medium,14,13:57:17,13:57:19,14:17:27,COMPLETED,32313.0,20125.8,2.87,1210.20
946,medium,13,14:14:41,14:14:41,14:17:33,COMPLETED,32254.0,2875.3,0.23,172.51
1034,easy,12,14:16:55,14:16:55,14:18:17,COMPLETED,28041.0,1369.5,0.67,82.62
1029,easy,12,14:18:28,14:18:30,14:18:42,COMPLETED,28291.0,215.5,2.20,14.85
985,easy,11,14:18:05,14:18:11,14:18:49,COMPLETED,26824.0,638.7,6.19,44.15
939,easy,11,14:18:30,14:18:30,14:19:01,COMPLETED,36667.0,533.0,0.20,31.87
689,hard,15,12:45:27,12:45:32,14:19:27,COMPLETED,33424.0,93917.9,5.11,5640.08
941,easy,12,14:16:46,14:16:49,14:19:52,COMPLETED,23922.0,3054.5,3.34,186.33
909,medium,13,14:18:11,14:18:11,14:19:52,COMPLETED,28762.0,1690.2,0.19,101.33
926,easy,11,14:20:13,14:20:17,14:20:30,COMPLETED,24783.0,215.1,4.61,17.25
992,medium,13,14:19:31,14:19:33,14:21:59,COMPLETED,31560.0,2436.5,2.37,148.03
910,hard,15,14:16:02,14:16:05,14:22:05,COMPLETED,28521.0,6013.7,3.20,363.63
1003,easy,11,14:21:46,14:21:52,14:22:12,COMPLETED,33697.0,334.9,6.43,26.10
933,medium,13,14:12:21,14:12:27,14:22:25,COMPLETED,25337.0,9971.5,6.09,604.07
1042,easy,12,14:21:53,14:21:59,14:22:37,COMPLETED,27756.0,653.7,6.03,44.74
952,easy,12,14:22:33,14:22:37,14:23:09,COMPLETED,28650.0,542.1,4.74,36.74
974,medium,14,14:14:27,14:14:28,14:23:29,COMPLETED,28562.0,9020.3,1.50,542.33
937,easy,11,14:23:04,14:23:09,14:24:01,COMPLETED,20266.0,865.0,5.74,57.39
971,easy,11,14:23:53,14:23:54,14:24:01,COMPLETED,27578.0,113.5,1.85,8.39
930,easy,12,14:23:22,14:23:22,14:24:27,COMPLETED,34197.0,1076.1,0.78,65.10
977,medium,13,14:17:03,14:17:08,14:25:11,COMPLETED,32169.0,8068.2,5.29,489.00
919,easy,12,14:24:14,14:24:14,14:25:11,COMPLETED,22872.0,971.8,0.14,58.00
978,medium,13,14:20:01,14:20:05,14:25:37,COMPLETED,30317.0,5546.9,4.02,336.59
1020,medium,13,14:18:48,14:18:49,14:25:43,COMPLETED,24629.0,6920.6,1.15,415.88
1016,medium,14,14:16:50,14:16:55,14:25:56,COMPLETED,26240.0,9028.7,5.67,546.88
938,easy,11,14:26:00,14:26:03,14:26:16,COMPLETED,29740.0,222.5,3.47,16.28
942,easy,12,14:25:05,14:25:05,14:27:01,COMPLETED,29258.0,1945.1,0.45,116.91
991,medium,13,14:25:52,14:25:56,14:27:20,COMPLETED,30757.0,1410.4,4.88,89.00
912,easy,12,14:27:13,14:27:14,14:27:40,COMPLETED,23749.0,434.8,1.68,27.42
955,easy,12,14:26:05,14:26:09,14:27:53,COMPLETED,20406.0,1724.1,4.93,108.13
928,medium,13,14:26:26,14:26:29,14:28:05,COMPLETED,36348.0,1611.4,3.33,99.77
999,easy,12,14:26:54,14:26:55,14:28:12,COMPLETED,31095.0,1283.1,1.34,78.08
1014,medium,13,14:27:34,14:27:34,14:28:12,COMPLETED,28993.0,637.8,0.09,38.08
945,easy,11,14:27:55,14:27:59,14:28:24,COMPLETED,27777.0,424.6,4.43,29.65
1046,easy,11,14:28:29,14:28:30,14:28:43,COMPLETED,27850.0,215.3,1.93,14.55
979,easy,11,14:28:41,14:28:43,14:28:49,COMPLETED,20525.0,110.8,2.55,8.89
973,medium,14,14:10:15,14:10:18,14:29:15,COMPLETED,31531.0,18946.0,3.46,1140.04
1026,medium,14,14:26:10,14:26:16,14:29:27,COMPLETED,35279.0,3193.1,6.28,197.58
1025,easy,12,14:29:27,14:29:27,14:30:05,COMPLETED,27476.0,632.9,0.58,38.31
1036,easy,11,14:29:45,14:29:46,14:30:17,COMPLETED,21511.0,528.0,1.45,32.85
1019,medium,14,14:22:01,14:22:05,14:30:24,COMPLETED,32043.0,8312.5,4.63,503.15
943,easy,11,14:30:48,14:30:49,14:30:55,COMPLETED,26538.0,109.6,1.42,7.74
922,easy,11,14:31:35,14:31:39,14:31:46,COMPLETED,24685.0,109.7,4.70,11.02
914,medium,14,14:25:40,14:25:43,14:34:05,COMPLETED,30686.0,8367.5,3.88,505.70
884,medium,13,13:43:12,13:43:14,14:34:37,COMPLETED,38096.0,51389.8,2.12,3085.30
913,easy,11,14:34:28,14:34:30,14:34:43,COMPLETED,27836.0,216.0,2.95,15.66
998,easy,12,14:34:25,14:34:30,14:34:56,COMPLETED,31096.0,428.4,5.95,31.32
883,hard,15,13:44:19,13:44:23,14:35:27,COMPLETED,30489.0,51077.4,4.56,3068.90
940,easy,12,14:34:56,14:34:56,14:35:27,COMPLETED,30442.0,535.9,0.32,31.90
885,hard,15,13:59:14,13:59:20,14:35:34,COMPLETED,29957.0,36241.3,6.29,2180.53
1004,easy,11,14:35:18,14:35:21,14:35:34,COMPLETED,27951.0,221.9,3.56,16.53
1032,easy,11,14:35:30,14:35:34,14:36:00,COMPLETED,30946.0,433.4,4.53,30.09
997,medium,13,14:32:49,14:32:49,14:36:19,COMPLETED,27186.0,3522.5,0.05,210.98
931,easy,11,14:36:02,14:36:06,14:36:26,COMPLETED,34046.0,340.1,4.58,24.51
1015,easy,12,14:36:13,14:36:13,14:36:26,COMPLETED,32247.0,228.3,0.16,13.51
993,medium,13,14:32:25,14:32:29,14:36:33,COMPLETED,27928.0,4060.0,4.99,248.08
932,easy,11,14:36:46,14:36:46,14:36:58,COMPLETED,26370.0,218.6,0.14,12.98
901,easy,12,14:36:09,14:36:13,14:37:05,COMPLETED,25258.0,876.1,4.16,56.28
962,easy,11,14:36:29,14:36:33,14:37:11,COMPLETED,32002.0,651.0,4.08,42.79
779,hard,15,13:45:25,13:45:26,14:37:56,COMPLETED,31648.0,52495.1,1.73,3151.27
986,medium,13,14:30:28,14:30:30,14:38:21,COMPLETED,26358.0,7853.6,2.49,473.47
968,medium,14,14:31:20,14:31:20,14:38:46,COMPLETED,31842.0,7436.6,0.79,446.76
995,medium,14,14:14:52,14:14:54,14:39:37,COMPLETED,26062.0,24722.4,2.05,1485.18
967,easy,12,14:38:00,14:38:02,14:40:08,COMPLETED,28513.0,2106.5,2.57,128.70
1024,medium,13,14:39:53,14:39:56,14:40:59,COMPLETED,22868.0,1057.9,3.07,66.27
1028,easy,12,14:40:23,14:40:27,14:41:05,COMPLETED,30173.0,636.1,4.75,42.59
987,easy,11,14:41:07,14:41:11,14:41:18,COMPLETED,23653.0,111.9,4.95,11.29
981,medium,14,14:28:47,14:28:49,14:42:15,COMPLETED,34332.0,13425.9,2.89,808.22
990,medium,13,14:40:16,14:40:21,14:42:21,COMPLETED,31892.0,2007.8,5.35,125.55
948,easy,12,14:42:33,14:42:34,14:42:59,COMPLETED,27076.0,430.6,1.17,26.70
934,medium,13,14:36:12,14:36:13,14:43:06,COMPLETED,33367.0,6886.2,1.16,414.08
1022,easy,12,14:43:00,14:43:12,14:44:10,COMPLETED,32446.0,967.6,12.54,70.11
975,easy,11,14:42:59,14:43:06,14:45:15,COMPLETED,29989.0,2159.9,7.08,136.32
966,easy,12,14:43:49,14:44:16,14:45:34,COMPLETED,31265.0,1307.2,27.64,105.58
1033,medium,13,14:41:46,14:41:49,14:45:41,COMPLETED,34667.0,3862.5,3.93,235.12
1027,easy,12,14:43:52,14:45:21,14:46:07,COMPLETED,26059.0,766.9,89.71,135.24
825,hard,15,13:46:51,13:46:55,14:46:46,COMPLETED,31745.0,59846.3,4.68,3595.29
850,hard,15,13:03:29,13:03:34,14:46:52,COMPLETED,37493.0,103304.1,5.40,6203.61
916,easy,12,14:46:24,14:46:26,14:47:44,COMPLETED,27476.0,1297.1,2.80,80.15
924,medium,14,14:31:25,14:31:27,14:47:57,COMPLETED,38823.0,16508.0,2.11,992.17
1038,medium,14,14:37:22,14:37:24,14:47:57,COMPLETED,20082.0,10550.5,2.63,635.17
1035,easy,12,14:47:59,14:48:03,14:48:29,COMPLETED,26474.0,436.9,4.81,30.54
949,medium,14,14:26:28,14:26:29,14:48:42,COMPLETED,28928.0,22223.0,1.33,1334.35
951,easy,11,14:48:37,14:48:42,14:48:55,COMPLETED,26419.0,226.2,5.35,18.47
960,medium,14,14:46:29,14:46:33,14:49:47,COMPLETED,30196.0,3236.9,4.16,198.06
965,easy,11,14:49:50,14:49:53,14:49:59,COMPLETED,19636.0,110.4,3.41,9.73
1037,easy,11,14:51:48,14:51:53,14:52:12,COMPLETED,21479.0,323.0,5.19,24.21
1001,easy,11,14:51:44,14:51:46,14:52:18,COMPLETED,32028.0,534.3,2.84,34.61
900,easy,11,14:52:11,14:52:12,14:52:18,COMPLETED,26546.0,111.4,1.21,7.61
1043,easy,11,14:52:33,14:52:37,14:52:43,COMPLETED,29780.0,110.7,4.55,10.88
762,hard,15,13:49:00,13:49:15,14:52:56,COMPLETED,29657.0,63694.9,15.05,3836.57
989,easy,12,14:52:09,14:52:12,14:53:21,COMPLETED,29594.0,1166.9,3.21,72.89
1048,easy,12,14:53:09,14:53:09,14:53:28,COMPLETED,28626.0,323.6,0.22,19.26
1041,medium,13,14:51:24,14:51:27,14:53:41,COMPLETED,31729.0,2225.7,3.84,137.02
994,easy,11,14:52:53,14:52:56,14:53:47,COMPLETED,34172.0,854.1,3.57,54.49
988,easy,12,14:53:21,14:53:21,14:53:53,COMPLETED,22029.0,538.3,0.89,32.86
950,easy,11,14:53:38,14:53:41,14:53:53,COMPLETED,23347.0,219.1,3.02,15.86
1006,easy,11,14:53:35,14:53:41,14:54:00,COMPLETED,22503.0,326.1,6.02,25.25
980,easy,11,14:54:01,14:54:06,14:54:25,COMPLETED,28490.0,322.5,5.62,24.63
984,medium,14,14:40:18,14:40:21,14:54:51,COMPLETED,31430.0,14497.5,3.35,873.02
1023,medium,13,14:54:00,14:54:00,14:55:03,COMPLETED,28388.0,1061.9,0.25,63.68
953,medium,14,14:42:35,14:42:40,14:55:09,COMPLETED,28187.0,12495.0,5.56,754.99
452,hard,15,11:27:27,11:27:27,14:55:35,COMPLETED,39517.0,208124.4,0.87,12488.28
1009,medium,13,14:54:27,14:54:32,14:55:54,COMPLETED,31875.0,1376.3,5.00,87.31
904,easy,11,14:55:44,14:55:47,14:56:00,COMPLETED,28115.0,217.7,3.90,16.62
1030,easy,12,14:55:16,14:55:16,14:56:06,COMPLETED,33746.0,850.1,0.31,51.00
1002,easy,11,14:57:02,14:57:03,14:57:16,COMPLETED,26762.0,214.8,1.62,14.23
983,easy,12,14:58:17,14:58:19,14:58:44,COMPLETED,21145.0,424.9,2.07,27.29
976,medium,13,14:39:13,14:39:18,14:59:15,COMPLETED,41567.0,19962.5,5.24,1202.75
963,medium,14,14:42:30,14:42:34,14:59:22,COMPLETED,36188.0,16802.8,4.17,1012.08
903,easy,11,14:59:28,14:59:28,14:59:34,COMPLETED,28539.0,110.1,0.39,6.72
1081,easy,12,15:00:12,15:00:12,15:00:31,COMPLETED,26889.0,324.0,0.49,19.47
1055,easy,12,15:00:33,15:00:37,15:00:51,COMPLETED,17035.0,222.5,4.98,18.03
1164,easy,11,15:00:57,15:00:57,15:01:03,COMPLETED,21268.0,117.8,0.36,6.97
935,easy,12,14:56:04,14:56:06,15:01:16,COMPLETED,35771.0,5174.3,3.00,312.89
1127,easy,12,15:01:04,15:01:10,15:01:36,COMPLETED,26203.0,440.0,6.47,32.36
1182,easy,12,15:01:20,15:01:23,15:01:49,COMPLETED,32049.0,435.3,3.55,29.39
48,hard,15,08:54:32,08:54:35,15:01:55,COMPLETED,36407.0,367339.7,3.34,22043.70
518,hard,15,11:51:33,11:51:33,15:02:47,COMPLETED,32886.0,191224.8,0.58,11474.00
1197,easy,11,15:02:15,15:02:21,15:02:47,COMPLETED,20252.0,433.3,6.36,32.00
1011,hard,15,14:45:18,14:45:41,15:03:25,COMPLETED,32146.0,17736.1,23.12,1087.06
936,medium,13,14:58:20,14:58:25,15:03:31,COMPLETED,21080.0,5105.6,5.39,311.37
1067,easy,12,15:02:30,15:02:34,15:03:31,COMPLETED,28794.0,956.6,4.37,61.37
1054,easy,11,15:03:28,15:03:31,15:03:44,COMPLETED,27416.0,217.0,3.37,16.12
1135,medium,13,15:02:18,15:02:21,15:04:15,COMPLETED,30898.0,1907.7,3.36,117.66
1089,easy,11,15:05:11,15:05:12,15:05:50,COMPLETED,32977.0,640.3,1.51,39.61
1180,easy,12,15:04:56,15:04:59,15:06:03,COMPLETED,28064.0,1061.8,3.84,67.25
1137,easy,12,15:05:26,15:05:31,15:06:03,COMPLETED,25219.0,534.0,5.54,37.25
1098,medium,14,15:01:11,15:01:16,15:06:59,COMPLETED,29234.0,5721.1,5.89,348.91
1080,easy,11,15:07:16,15:07:18,15:07:31,COMPLETED,23859.0,215.4,2.77,15.42
625,hard,15,12:51:35,12:51:38,15:07:50,COMPLETED,36656.0,136192.3,3.92,8175.30
1119,easy,12,15:08:08,15:08:09,15:09:26,COMPLETED,23387.0,1293.8,1.60,78.78
1191,easy,11,15:11:11,15:11:16,15:11:29,COMPLETED,28425.0,227.4,5.04,18.13
1107,medium,13,15:09:00,15:09:01,15:11:42,COMPLETED,32802.0,2694.0,1.13,162.32
861,hard,15,13:47:20,13:47:20,15:12:33,COMPLETED,41395.0,85215.6,0.95,5113.75
908,hard,15,14:37:37,14:37:37,15:12:59,COMPLETED,24266.0,35376.9,0.35,2122.72
1115,easy,11,15:13:02,15:13:06,15:13:19,COMPLETED,23717.0,227.5,4.08,17.32
1189,easy,12,15:12:58,15:12:59,15:13:25,COMPLETED,23569.0,442.1,1.72,27.90
1101,easy,11,15:13:15,15:13:25,15:13:44,COMPLETED,25381.0,327.3,10.90,29.90
1178,easy,12,15:12:51,15:12:53,15:13:51,COMPLETED,30949.0,985.4,2.07,60.59
1108,easy,12,15:13:39,15:13:44,15:13:58,COMPLETED,29135.0,228.2,5.90,19.26
1141,medium,14,15:08:29,15:08:29,15:14:10,COMPLETED,36313.0,5703.1,0.04,341.95
1083,medium,13,15:13:01,15:13:06,15:14:10,COMPLETED,28470.0,1087.0,5.08,69.95
1068,easy,11,15:14:05,15:14:10,15:14:49,COMPLETED,34373.0,639.2,5.95,44.01
1142,easy,11,15:14:53,15:14:55,15:15:08,COMPLETED,27746.0,216.7,2.34,15.01
1075,easy,12,15:14:07,15:14:17,15:15:14,COMPLETED,31946.0,956.7,10.34,67.37
1085,easy,12,15:14:56,15:15:14,15:15:52,COMPLETED,34612.0,640.2,18.37,56.47
982,medium,14,14:53:26,14:53:28,15:16:49,COMPLETED,30541.0,23354.0,2.26,1403.24
1174,easy,12,15:16:53,15:16:55,15:17:27,COMPLETED,23113.0,535.4,2.62,34.45
1063,medium,14,15:04:20,15:04:21,15:18:18,COMPLETED,35321.0,13940.2,1.96,838.13
1152,easy,11,15:17:55,15:17:59,15:18:18,COMPLETED,29941.0,323.6,4.02,23.13
1150,easy,11,15:18:04,15:18:24,15:19:09,COMPLETED,30185.0,751.9,20.47,65.08
925,hard,15,14:41:18,14:41:18,15:19:22,COMPLETED,32648.0,38071.9,0.29,2284.24
1065,easy,11,15:19:02,15:19:28,15:19:48,COMPLETED,26413.0,336.9,26.80,46.51
876,hard,15,13:43:52,13:43:58,15:21:50,COMPLETED,34180.0,97879.8,6.26,5878.90
1139,easy,11,15:19:24,15:21:57,15:22:22,COMPLETED,22763.0,436.4,153.23,178.92
191,medium,14,09:09:52,09:09:52,15:23:02,COMPLETED,41652.0,373153.5,0.84,22390.05
1049,hard,15,14:34:23,14:34:24,15:23:27,COMPLETED,32265.0,49057.6,1.61,2944.89
1168,hard,15,15:03:35,15:03:37,15:24:45,COMPLETED,33241.0,21139.9,2.79,1270.94
1123,easy,11,15:21:39,15:24:52,15:24:58,COMPLETED,27706.0,118.7,193.29,199.91
1128,medium,14,15:18:22,15:18:24,15:25:30,COMPLETED,29879.0,7110.9,2.47,428.86
1096,easy,12,15:22:10,15:25:37,15:26:59,COMPLETED,30760.0,1377.9,207.22,289.57
214,hard,15,09:15:09,09:15:15,15:27:43,COMPLETED,27727.0,372479.5,6.07,22354.82
1126,medium,13,15:21:51,15:25:05,15:28:02,COMPLETED,29299.0,2961.2,194.47,371.83
1088,easy,11,15:23:17,15:27:50,15:28:15,COMPLETED,34656.0,428.0,273.15,298.53
1131,medium,14,15:08:28,15:08:29,15:28:53,COMPLETED,31354.0,20411.3,1.04,1225.48
1175,easy,12,15:23:53,15:28:59,15:29:18,COMPLETED,29574.0,321.3,306.82,325.80
1059,easy,12,15:23:42,15:28:21,15:29:25,COMPLETED,27531.0,1060.6,279.86,343.12
1125,easy,12,15:23:40,15:28:09,15:29:56,COMPLETED,25210.0,1799.1,269.17,376.82
1052,medium,14,15:22:39,15:27:05,15:30:03,COMPLETED,24216.0,2959.5,266.91,444.15
1077,easy,12,15:24:19,15:29:31,15:30:15,COMPLETED,28046.0,747.7,312.53,356.91
1138,medium,14,15:20:13,15:22:29,15:30:41,COMPLETED,30581.0,8212.0,136.46,628.69
1104,easy,12,15:26:09,15:30:48,15:31:14,COMPLETED,20622.0,438.3,279.27,305.27
957,easy,12,14:38:33,14:38:34,15:31:33,COMPLETED,41947.0,52995.1,1.07,3180.47
1179,easy,12,15:27:01,15:31:20,15:31:33,COMPLETED,23112.0,223.2,259.60,272.47
1076,easy,11,15:27:12,15:31:40,15:31:46,COMPLETED,23068.0,115.9,268.03,274.50
1162,hard,15,15:13:49,15:13:51,15:31:53,COMPLETED,37594.0,18032.1,2.59,1084.03
1082,easy,12,15:28:29,15:31:59,15:32:25,COMPLETED,26889.0,442.5,210.68,236.80
1105,medium,14,15:19:09,15:19:55,15:33:17,COMPLETED,28843.0,13376.4,46.06,848.39
1114,medium,14,15:18:26,15:19:15,15:33:23,COMPLETED,24906.0,14140.3,49.63,897.71
1147,easy,12,15:29:08,15:33:23,15:34:47,COMPLETED,28473.0,1410.3,255.71,339.83
1176,medium,14,15:24:14,15:29:25,15:35:33,COMPLETED,27883.0,6141.2,311.12,679.14
1045,hard,15,14:34:33,14:34:37,15:36:31,COMPLETED,28472.0,61903.0,4.30,3718.30
1153,hard,15,15:13:57,15:13:58,15:38:18,COMPLETED,34804.0,24347.2,1.26,1461.85
1103,easy,12,15:30:32,15:38:25,15:39:03,COMPLETED,27241.0,640.2,473.19,511.24
1165,medium,13,15:24:30,15:30:09,15:39:09,COMPLETED,29336.0,9006.8,339.53,879.63
1170,easy,11,15:30:39,15:39:09,15:39:16,COMPLETED,26613.0,112.0,510.63,517.00
1069,easy,11,15:30:55,15:39:16,15:39:41,COMPLETED,28625.0,428.0,501.00,526.38
1145,easy,12,15:31:48,15:39:47,15:40:19,COMPLETED,31132.0,534.2,479.72,511.46
602,hard,15,12:41:25,12:41:29,15:41:16,COMPLETED,36125.0,179779.2,4.67,10791.33
1134,medium,13,15:31:25,15:39:22,15:41:22,COMPLETED,31055.0,2014.1,477.38,597.66
1183,medium,14,15:28:55,15:32:32,15:41:42,COMPLETED,23306.0,9169.9,217.27,767.19
1157,medium,14,15:24:23,15:30:03,15:43:43,COMPLETED,35727.0,13673.0,340.15,1160.28
1132,medium,14,15:30:06,15:36:37,15:45:32,COMPLETED,24851.0,8912.3,391.64,926.10
1190,easy,11,15:33:36,15:45:38,15:46:04,COMPLETED,32622.0,439.5,722.43,748.50
872,hard,15,13:01:10,13:01:12,15:47:08,COMPLETED,29273.0,165947.1,2.24,9958.98
1078,medium,13,15:29:16,15:33:30,15:50:06,COMPLETED,27067.0,16605.6,254.13,1250.21
1086,easy,12,15:34:12,15:47:15,15:50:37,COMPLETED,34407.0,3380.6,783.31,985.84
1144,easy,11,15:34:35,15:50:44,15:50:56,COMPLETED,26081.0,216.7,969.19,981.87
1146,medium,14,15:33:04,15:41:48,15:52:12,COMPLETED,27984.0,10412.1,524.52,1148.96
1113,easy,12,15:37:20,15:52:19,15:52:38,COMPLETED,26063.0,328.8,899.29,918.52
1120,medium,14,15:29:41,15:34:54,15:53:04,COMPLETED,33977.0,18176.3,313.38,1403.53
1039,hard,15,14:59:57,14:59:59,15:55:07,COMPLETED,34653.0,55132.4,2.88,3310.64
1097,medium,14,15:27:57,15:31:40,15:57:48,COMPLETED,34316.0,26155.4,223.03,1791.99
1163,medium,13,15:38:20,15:53:11,15:58:08,COMPLETED,26443.0,4966.9,891.04,1188.76
1100,easy,12,15:40:39,15:58:15,15:58:34,COMPLETED,25099.0,324.6,1056.09,1075.26
1112,medium,14,15:29:51,15:35:39,15:59:31,COMPLETED,29826.0,23861.9,348.70,1780.16
907,hard,15,14:07:13,14:07:15,16:00:28,COMPLETED,37199.0,113207.8,2.82,6795.15
1130,easy,12,15:41:03,15:59:37,16:00:47,COMPLETED,23459.0,1165.9,1114.51,1184.17
920,hard,15,14:55:44,14:55:47,16:01:06,COMPLETED,36791.0,65306.7,3.90,3922.17
1109,easy,12,15:43:11,16:00:53,16:01:37,COMPLETED,30814.0,746.2,1062.49,1106.96
1185,medium,14,15:32:06,15:40:25,16:01:50,COMPLETED,34455.0,21419.1,499.79,1784.66
1057,easy,11,15:43:52,16:01:57,16:02:16,COMPLETED,26574.0,324.1,1085.02,1104.14
1172,easy,12,15:43:52,16:01:44,16:02:22,COMPLETED,30289.0,642.7,1072.30,1110.49
1050,easy,11,15:44:38,16:02:22,16:02:28,COMPLETED,23587.0,112.3,1064.49,1070.89
1053,easy,11,15:45:53,16:02:35,16:02:47,COMPLETED,25504.0,216.6,1002.26,1014.95
1093,medium,13,15:45:14,16:02:28,16:03:19,COMPLETED,27580.0,851.2,1034.89,1085.66
1118,medium,13,15:45:55,16:02:54,16:03:19,COMPLETED,24379.0,428.2,1019.29,1044.66
1124,easy,12,15:46:00,16:03:26,16:04:29,COMPLETED,21582.0,1064.5,1046.00,1109.56
1095,easy,11,15:46:23,16:04:35,16:04:54,COMPLETED,23317.0,322.8,1092.91,1111.97
857,medium,14,13:54:11,13:54:41,16:07:20,COMPLETED,37021.0,132654.1,30.12,7989.28
1136,medium,14,15:04:08,15:04:09,16:08:10,COMPLETED,40845.0,64029.6,1.28,3842.87
1090,easy,11,15:47:01,16:08:17,16:08:29,COMPLETED,25403.0,218.7,1276.22,1288.99
472,hard,15,11:59:57,12:00:01,16:08:36,COMPLETED,36944.0,248575.8,4.94,14919.37
1099,easy,11,15:47:21,16:08:42,16:09:40,COMPLETED,33575.0,966.8,1281.82,1339.31
1154,medium,13,15:47:02,16:08:36,16:10:06,COMPLETED,26072.0,1500.1,1294.37,1384.08
1092,easy,11,15:47:35,16:09:46,16:10:06,COMPLETED,28741.0,325.4,1331.86,1351.08
1079,medium,14,15:33:18,15:43:49,16:10:45,COMPLETED,28657.0,26931.8,631.61,2247.11
1151,medium,13,15:46:49,16:05:01,16:10:45,COMPLETED,27150.0,5738.9,1092.30,1436.11
1056,easy,11,15:48:38,16:10:12,16:10:45,COMPLETED,21993.0,553.1,1294.41,1327.11
1102,easy,11,15:49:46,16:10:51,16:11:05,COMPLETED,25334.0,226.7,1265.73,1279.05
1066,easy,12,15:48:09,16:10:12,16:11:17,COMPLETED,31400.0,1096.9,1323.41,1388.92
1188,easy,12,15:48:47,16:10:51,16:11:37,COMPLETED,24075.0,759.7,1324.73,1370.03
1148,easy,12,15:49:20,16:10:51,16:12:27,COMPLETED,28662.0,1603.8,1291.73,1387.77
1184,hard,15,15:34:20,15:50:12,16:12:53,COMPLETED,32701.0,22681.1,952.54,2313.16
1166,easy,12,15:51:32,16:12:34,16:13:05,COMPLETED,28074.0,534.7,1262.10,1293.85
1160,medium,14,15:40:29,15:57:55,16:13:37,COMPLETED,32408.0,15708.1,1046.54,1988.75
1070,medium,13,15:49:59,16:11:11,16:14:28,COMPLETED,27856.0,3286.6,1272.56,1469.47
1133,hard,15,15:43:44,16:01:12,16:14:34,COMPLETED,31449.0,13377.3,1048.52,1850.81
1062,medium,13,15:51:36,16:13:12,16:14:41,COMPLETED,34294.0,1489.5,1296.22,1385.23
1122,easy,11,15:52:35,16:14:34,16:14:54,COMPLETED,27728.0,325.2,1319.81,1339.02
1198,easy,11,15:53:00,16:15:00,16:15:13,COMPLETED,27681.0,216.5,1320.35,1333.04
1094,easy,12,15:52:41,16:14:41,16:16:09,COMPLETED,26709.0,1483.4,1320.23,1408.95
1012,hard,15,14:51:22,14:51:27,16:16:16,COMPLETED,33733.0,84810.7,5.84,5094.28
1143,medium,14,15:32:22,15:41:22,16:16:29,COMPLETED,31699.0,35110.5,540.66,2647.06
1194,medium,14,15:51:18,16:11:43,16:17:53,COMPLETED,31463.0,6166.8,1225.36,1595.10
1072,easy,11,15:55:03,16:17:59,16:18:12,COMPLETED,29885.0,224.0,1376.43,1389.39
1177,hard,15,15:21:13,15:23:34,16:19:04,COMPLETED,33556.0,55512.9,141.22,3471.64
1158,easy,12,15:54:06,16:16:22,16:19:11,COMPLETED,33209.0,2819.0,1336.65,1505.19
1195,easy,12,15:55:07,16:19:11,16:19:37,COMPLETED,20199.0,441.5,1444.19,1470.35
1187,easy,12,15:55:21,16:19:17,16:19:37,COMPLETED,29652.0,330.6,1436.86,1456.35
1111,hard,15,15:17:31,15:17:33,16:19:50,COMPLETED,31412.0,62278.1,2.76,3739.11
1117,easy,11,15:57:37,16:19:56,16:20:09,COMPLETED,25755.0,227.2,1339.65,1352.78
1110,medium,13,15:52:46,16:14:47,16:21:08,COMPLETED,29817.0,6350.0,1321.63,1702.15
1121,easy,12,15:55:33,16:19:43,16:21:59,COMPLETED,32596.0,2278.1,1450.72,1586.93
929,hard,15,14:41:04,14:41:05,16:24:19,COMPLETED,29932.0,103242.7,1.59,6195.99
1159,medium,14,15:33:39,15:46:10,16:24:51,COMPLETED,31690.0,38686.4,751.83,3072.80
1344,easy,12,16:00:28,16:24:58,16:25:42,COMPLETED,31014.0,746.6,1470.14,1514.61
1260,easy,11,16:00:42,16:25:48,16:26:07,COMPLETED,32761.0,321.9,1506.96,1525.97
1276,easy,12,16:00:48,16:26:14,16:26:33,COMPLETED,26244.0,321.3,1526.29,1545.26
923,hard,15,14:33:45,14:33:46,16:28:28,COMPLETED,26358.0,114697.4,1.77,6883.37
838,medium,14,13:56:59,13:57:00,16:28:47,COMPLETED,35386.0,151785.6,1.89,9108.84
1091,hard,15,15:09:45,15:09:46,16:28:54,COMPLETED,29566.0,79141.8,1.24,4749.37
1263,easy,12,16:02:14,16:28:54,16:29:20,COMPLETED,32467.0,439.0,1600.37,1626.22
1156,hard,15,15:00:20,15:00:25,16:29:46,COMPLETED,29282.0,89356.4,5.14,5366.38
1239,easy,12,16:02:35,16:29:26,16:29:46,COMPLETED,23649.0,331.9,1611.77,1631.38
593,hard,15,11:26:55,11:26:56,16:29:52,COMPLETED,33304.0,302940.4,1.52,18177.71
1192,medium,14,15:53:57,16:16:16,16:29:59,COMPLETED,30575.0,13728.0,1339.28,2162.44
1201,easy,12,16:02:10,16:28:34,16:29:59,COMPLETED,34833.0,1418.5,1584.95,1669.44
1293,medium,13,16:02:15,16:29:01,16:30:25,COMPLETED,27909.0,1420.4,1606.03,1690.79
1205,medium,13,16:03:04,16:29:52,16:30:51,COMPLETED,37010.0,989.2,1608.71,1667.79
1334,easy,12,16:03:23,16:29:59,16:31:24,COMPLETED,25538.0,1415.2,1596.44,1681.07
1140,medium,13,15:51:35,16:12:59,16:32:41,COMPLETED,30557.0,19708.0,1284.50,2466.60
1296,easy,12,16:05:51,16:31:30,16:33:07,COMPLETED,31531.0,1628.0,1539.40,1636.58
1254,medium,13,16:03:08,16:29:52,16:33:27,COMPLETED,24508.0,3576.2,1604.71,1819.08
1234,medium,13,16:05:55,16:33:14,16:33:46,COMPLETED,25490.0,546.6,1639.13,1671.58
1106,hard,15,15:05:04,15:05:06,16:34:11,COMPLETED,33567.0,89098.6,2.16,5347.94
1338,medium,13,16:06:08,16:33:52,16:35:53,COMPLETED,32409.0,2009.0,1664.96,1785.15
1203,medium,14,16:03:58,16:30:32,16:36:50,COMPLETED,31899.0,6305.8,1594.33,1972.40
1209,medium,14,16:00:01,16:22:06,16:37:09,COMPLETED,34164.0,15053.9,1325.47,2228.45
1330,easy,12,16:06:58,16:36:56,16:37:22,COMPLETED,26072.0,429.2,1798.73,1824.15
1204,easy,11,16:06:58,16:37:15,16:37:34,COMPLETED,28011.0,323.5,1817.78,1836.89
1258,easy,11,16:07:20,16:37:41,16:37:47,COMPLETED,24548.0,111.4,1821.22,1827.60
1207,easy,11,16:06:54,16:35:59,16:38:00,COMPLETED,42689.0,2018.6,1745.53,1866.35
1288,easy,11,16:07:16,16:37:28,16:38:13,COMPLETED,22138.0,748.0,1812.52,1857.07
1237,easy,11,16:07:37,16:38:06,16:38:13,COMPLETED,25112.0,112.3,1829.69,1836.07
1071,hard,15,15:54:36,16:16:35,16:39:56,COMPLETED,29637.0,23352.1,1319.41,2720.14
1270,medium,13,16:07:52,16:38:19,16:40:02,COMPLETED,28115.0,1730.5,1827.44,1930.69
1323,medium,13,16:09:00,16:40:09,16:41:01,COMPLETED,24457.0,871.4,1869.33,1921.11
1064,hard,15,15:41:01,15:58:40,16:41:39,COMPLETED,30920.0,42991.9,1059.59,3638.77
181,hard,15,09:51:38,09:51:43,16:42:12,COMPLETED,35274.0,410475.1,5.71,24634.18
1267,medium,13,16:03:47,16:30:06,16:42:18,COMPLETED,36404.0,12218.7,1579.13,2311.72
1206,medium,14,16:05:58,16:33:33,16:42:51,COMPLETED,28378.0,9306.8,1655.43,2213.40
1241,easy,11,16:10:15,16:42:57,16:43:10,COMPLETED,24216.0,222.5,1962.96,1975.72
1220,easy,11,16:10:43,16:43:17,16:43:30,COMPLETED,25856.0,219.2,1954.35,1967.18
1242,easy,11,16:11:04,16:43:36,16:44:08,COMPLETED,25793.0,532.2,1952.53,1984.16
1294,easy,12,16:09:12,16:41:07,16:45:30,COMPLETED,32449.0,4388.6,1915.65,2178.64
1087,medium,14,15:56:22,16:19:43,16:46:15,COMPLETED,30832.0,26531.1,1401.72,2993.36
1346,medium,13,16:08:34,16:40:02,16:47:24,COMPLETED,19677.0,7375.7,1888.69,2330.96
1286,easy,12,16:12:32,16:47:31,16:47:43,COMPLETED,23653.0,216.9,2099.29,2112.00
1333,medium,14,16:09:56,16:42:25,16:50:35,COMPLETED,33984.0,8175.1,1949.39,2439.41
1277,medium,13,16:09:13,16:41:46,16:50:55,COMPLETED,27286.0,9153.9,1953.31,2502.09
1329,medium,13,16:11:52,16:45:37,16:51:27,COMPLETED,27030.0,5846.2,2025.03,2375.45
1347,medium,14,16:12:53,16:47:50,16:53:10,COMPLETED,29000.0,5340.1,2097.33,2417.44
1310,easy,11,16:15:36,16:53:16,16:53:23,COMPLETED,24514.0,119.2,2260.78,2267.41
1348,easy,12,16:15:31,16:51:33,16:53:29,COMPLETED,32648.0,1945.4,2162.85,2278.98
1213,easy,11,16:16:31,16:53:36,16:53:49,COMPLETED,22398.0,226.4,2225.62,2238.71
1228,medium,14,16:13:14,16:50:41,16:54:28,COMPLETED,26388.0,3785.0,2247.98,2474.72
1229,medium,13,16:11:39,16:44:14,16:55:13,COMPLETED,34904.0,10996.3,1955.49,2614.80
1272,easy,12,16:17:06,16:54:35,16:55:46,COMPLETED,30001.0,1195.7,2249.13,2320.38
1171,hard,15,15:28:03,15:31:53,16:56:31,COMPLETED,38354.0,84640.3,230.03,5308.28
1285,easy,12,16:17:50,16:56:37,16:57:28,COMPLETED,24594.0,847.6,2327.61,2378.16
1221,medium,14,16:03:50,16:30:06,16:58:25,COMPLETED,27093.0,28318.5,1576.13,3275.09
1331,hard,15,16:06:25,16:34:18,16:58:25,COMPLETED,31821.0,24118.2,1673.27,3120.09
1245,medium,13,16:17:25,16:55:20,16:58:37,COMPLETED,28374.0,3297.5,2275.34,2472.87
1243,easy,11,16:18:41,16:58:31,16:58:37,COMPLETED,21278.0,113.3,2390.43,2396.87
1327,easy,12,16:18:28,16:57:34,16:59:03,COMPLETED,34255.0,1486.3,2346.49,2435.33
1274,medium,13,16:21:03,16:58:44,17:02:01,COMPLETED,32202.0,3298.1,2261.25,2458.70
758,hard,15,13:58:23,13:58:23,17:03:25,COMPLETED,38810.0,185046.8,0.05,11102.66
1018,medium,14,14:37:08,14:37:11,17:04:11,COMPLETED,37613.0,146993.8,3.79,8823.26
1167,hard,15,15:24:31,15:30:22,17:05:22,COMPLETED,26706.0,95003.8,351.45,6051.41
1218,medium,13,16:20:54,16:58:44,17:06:07,COMPLETED,33435.0,7393.1,2270.25,2713.48
1169,hard,15,15:17:59,15:17:59,17:09:38,COMPLETED,29373.0,111654.4,0.02,6699.18
1196,medium,14,15:59:40,16:21:14,17:10:09,COMPLETED,38471.0,48922.1,1294.72,4229.82
1224,easy,12,16:24:16,17:10:16,17:10:41,COMPLETED,28361.0,426.7,2760.17,2785.47
1322,easy,12,16:24:15,17:09:44,17:11:13,COMPLETED,32835.0,1481.3,2729.51,2818.09
687,medium,14,12:53:28,12:53:28,17:12:28,COMPLETED,32529.0,259016.4,0.08,15540.96
1312,easy,11,16:27:26,17:12:35,17:12:41,COMPLETED,26464.0,111.6,2709.51,2715.87
1271,medium,13,16:24:11,17:06:13,17:12:48,COMPLETED,35628.0,6578.9,2522.89,2917.23
1273,medium,13,16:21:06,16:59:09,17:13:20,COMPLETED,23478.0,14181.3,2283.71,3134.33
1248,easy,11,16:27:55,17:12:48,17:13:39,COMPLETED,30412.0,856.4,2693.23,2744.33
1275,easy,12,16:29:29,17:13:45,17:14:42,COMPLETED,31868.0,956.8,2656.65,2713.76
1268,medium,13,16:27:55,17:12:54,17:15:20,COMPLETED,27760.0,2438.3,2699.68,2845.68
1233,hard,15,16:14:23,16:51:01,17:17:01,COMPLETED,35172.0,26007.0,2198.65,3758.77
1349,easy,11,16:32:18,17:17:08,17:17:14,COMPLETED,23044.0,111.7,2690.17,2696.57
1223,easy,12,16:32:31,17:17:20,17:17:39,COMPLETED,26825.0,321.2,2689.90,2708.87
1291,easy,12,16:32:45,17:17:46,17:17:58,COMPLETED,25278.0,216.8,2701.20,2713.90
1181,hard,15,15:55:04,16:18:18,17:19:35,COMPLETED,38171.0,61287.6,1394.92,5071.83
1319,hard,15,16:22:23,17:02:08,17:19:42,COMPLETED,32827.0,17579.1,2385.24,3439.40
1332,easy,12,16:34:00,17:19:49,17:20:02,COMPLETED,21932.0,224.7,2749.10,2762.10
1328,easy,12,16:34:00,17:19:42,17:20:08,COMPLETED,25839.0,443.5,2742.40,2768.63
1279,easy,11,16:35:50,17:20:15,17:20:27,COMPLETED,25751.0,222.1,2665.06,2677.78
964,hard,15,14:27:16,14:27:20,17:20:34,COMPLETED,28280.0,173228.5,5.00,10398.41
1257,easy,11,16:37:12,17:20:41,17:20:47,COMPLETED,24559.0,112.2,2609.03,2615.40
1343,easy,11,16:36:50,17:20:34,17:21:31,COMPLETED,25002.0,961.1,2624.41,2681.78
1313,hard,15,16:30:01,17:14:49,17:21:57,COMPLETED,29506.0,7138.2,2688.09,3116.10
1231,easy,11,16:39:09,17:22:03,17:22:16,COMPLETED,30606.0,216.1,2574.43,2587.09
1326,easy,12,16:39:26,17:22:22,17:22:28,COMPLETED,29656.0,111.0,2576.42,2582.77
1281,easy,12,16:39:06,17:21:38,17:22:41,COMPLETED,29309.0,1061.9,2552.11,2615.47
1307,medium,13,16:35:32,17:20:08,17:23:19,COMPLETED,26397.0,3185.8,2676.63,2867.48
1318,easy,11,16:41:23,17:23:25,17:23:38,COMPLETED,24915.0,216.7,2522.82,2535.52
1300,medium,13,16:41:26,17:23:44,17:25:38,COMPLETED,22364.0,1905.1,2538.85,2652.85
870,hard,15,13:43:04,13:43:07,17:26:30,COMPLETED,39204.0,223378.4,3.80,13406.33
1238,easy,12,16:42:41,17:26:36,17:27:09,COMPLETED,31470.0,545.1,2635.88,2668.07
1337,medium,13,16:30:34,17:15:27,17:28:13,COMPLETED,27457.0,12788.2,2693.01,3459.86
1335,easy,11,16:43:56,17:28:20,17:28:59,COMPLETED,23675.0,657.3,2664.39,2703.33
1116,hard,15,15:38:55,15:55:13,17:29:05,COMPLETED,31168.0,93870.9,978.97,6610.87
1155,medium,14,15:14:27,15:14:30,17:29:19,COMPLETED,26054.0,134820.9,3.02,8092.15
1269,medium,14,16:07:53,16:38:19,17:29:57,COMPLETED,39687.0,51639.9,1826.44,4924.68
1289,easy,12,16:44:53,17:29:25,17:29:57,COMPLETED,25296.0,541.9,2672.48,2704.68
1336,easy,11,16:46:38,17:30:04,17:30:10,COMPLETED,24389.0,119.0,2606.01,2612.74
1252,medium,13,16:44:42,17:29:12,17:31:02,COMPLETED,32904.0,1844.0,2670.52,2780.87
1261,easy,11,16:46:57,17:31:09,17:31:22,COMPLETED,21855.0,222.6,2652.20,2665.25
1316,easy,11,16:47:44,17:31:28,17:31:41,COMPLETED,17004.0,224.7,2624.58,2637.57
1249,medium,14,16:12:07,16:46:21,17:31:54,COMPLETED,32002.0,45554.2,2054.74,4787.75
1266,medium,14,16:42:02,17:25:45,17:31:54,COMPLETED,25658.0,6165.6,2623.18,2992.75
1256,easy,11,16:47:59,17:31:48,17:32:07,COMPLETED,30276.0,329.8,2629.11,2648.55
1215,easy,12,16:48:03,17:32:01,17:32:39,COMPLETED,25927.0,641.6,2638.17,2676.36
1084,hard,15,15:53:08,16:15:19,17:34:14,COMPLETED,30097.0,78916.8,1331.37,6066.17
1240,easy,11,16:49:59,17:34:20,17:34:33,COMPLETED,27786.0,216.2,2661.55,2674.21
1301,medium,14,16:46:50,17:30:17,17:34:58,COMPLETED,29845.0,4691.9,2607.29,2888.52
622,hard,15,12:41:00,12:41:04,17:38:02,COMPLETED,41211.0,296976.9,4.46,17822.97
1282,easy,12,16:50:49,17:38:09,17:38:55,COMPLETED,26152.0,771.1,2840.51,2886.26
1255,medium,13,16:50:33,17:35:04,17:39:01,COMPLETED,28244.0,3955.3,2671.85,2908.82
1247,easy,11,16:51:28,17:39:08,17:39:14,COMPLETED,21670.0,112.5,2860.20,2866.58
1216,medium,13,16:51:42,17:39:20,17:39:46,COMPLETED,23337.0,435.7,2858.98,2884.62
1250,easy,12,16:51:20,17:39:01,17:40:19,COMPLETED,22318.0,1299.7,2861.82,2939.24
1217,easy,12,16:52:10,17:40:25,17:40:38,COMPLETED,25670.0,223.8,2895.85,2908.98
1345,medium,14,16:40:30,17:22:47,17:42:35,COMPLETED,30583.0,19793.3,2537.86,3725.19
1236,medium,13,16:50:27,17:34:39,17:43:13,COMPLETED,35848.0,8570.5,2652.54,3166.47
1244,medium,14,16:48:39,17:32:13,17:43:19,COMPLETED,35527.0,11103.2,2614.94,3280.81
772,hard,15,13:27:17,13:27:23,17:43:32,COMPLETED,35114.0,256159.1,6.07,15375.54
1202,easy,11,16:52:41,17:43:19,17:43:38,COMPLETED,29583.0,323.7,3038.81,3057.88
1226,medium,14,16:17:31,16:55:52,17:43:51,COMPLETED,33842.0,47982.1,2301.92,5180.62
1341,easy,11,16:52:46,17:43:26,17:43:57,COMPLETED,27430.0,535.9,3040.19,3071.98
1311,easy,11,16:54:21,17:43:57,17:44:10,COMPLETED,20082.0,218.0,2976.98,2989.73
1212,easy,11,16:54:46,17:44:04,17:44:36,COMPLETED,26488.0,534.3,2958.38,2990.14
1230,easy,12,16:54:53,17:44:17,17:44:48,COMPLETED,27324.0,533.9,2964.09,2995.82
1339,easy,11,16:55:08,17:44:42,17:45:01,COMPLETED,29418.0,322.4,2974.47,2993.51
1264,easy,11,16:55:38,17:44:55,17:45:01,COMPLETED,24507.0,111.3,2957.16,2963.51
1290,easy,11,16:56:08,17:45:07,17:45:14,COMPLETED,27572.0,111.3,2939.85,2946.23
1308,easy,11,16:56:14,17:45:07,17:45:20,COMPLETED,26317.0,216.9,2933.85,2946.56
1317,easy,11,16:57:16,17:45:20,17:45:26,COMPLETED,26920.0,112.2,2884.56,2890.93
1292,easy,11,16:57:44,17:45:33,17:45:58,COMPLETED,30447.0,426.4,2869.33,2894.61
1342,medium,14,16:29:02,17:13:26,17:48:24,COMPLETED,30275.0,34964.4,2664.65,4762.27
1340,medium,13,16:52:17,17:40:45,17:49:59,COMPLETED,29136.0,9243.9,2908.31,3462.50
1232,easy,11,16:58:43,17:50:06,17:50:18,COMPLETED,28647.0,220.4,3083.04,3095.76
1211,medium,13,16:58:42,17:48:30,17:51:10,COMPLETED,25525.0,2673.4,2988.61,3148.51
1314,medium,13,16:58:46,17:50:25,17:51:17,COMPLETED,31556.0,873.1,3099.30,3151.07
1051,hard,15,15:10:02,15:10:05,17:51:43,COMPLETED,31132.0,161634.9,3.56,9701.46
1303,easy,11,16:59:04,17:51:50,17:52:09,COMPLETED,27763.0,326.5,3166.02,3185.29
1309,easy,11,16:58:49,17:51:23,17:52:15,COMPLETED,29022.0,871.5,3154.74,3206.64
1222,easy,11,16:59:40,17:52:22,17:52:53,COMPLETED,37208.0,532.4,3162.07,3193.71
1315,easy,12,16:59:42,17:53:00,17:53:31,COMPLETED,37259.0,532.2,3198.04,3229.67
1324,medium,13,16:58:47,17:51:17,17:53:44,COMPLETED,25712.0,2459.5,3150.07,3297.35
1283,easy,11,16:59:59,17:53:37,17:53:50,COMPLETED,22841.0,216.7,3218.99,3231.68
1208,hard,15,16:27:08,17:11:19,17:56:41,COMPLETED,31401.0,45369.8,2651.42,5373.34
98,hard,15,08:12:51,08:12:53,18:00:00,UNFINISHED,-1,-1,-1
84,hard,15,08:48:13,08:48:14,18:00:00,UNFINISHED,-1,-1,-1
341,hard,15,10:19:15,10:19:15,18:00:00,UNFINISHED,-1,-1,-1
419,hard,15,10:45:42,10:45:46,18:00:00,UNFINISHED,-1,-1,-1
559,hard,15,11:08:40,11:08:42,18:00:00,UNFINISHED,-1,-1,-1
458,medium,14,11:55:51,11:55:54,18:00:00,UNFINISHED,-1,-1,-1
679,hard,15,12:00:00,12:00:01,18:00:00,UNFINISHED,-1,-1,-1
659,hard,15,12:13:26,12:13:32,18:00:00,UNFINISHED,-1,-1,-1
694,hard,15,12:15:50,12:15:51,18:00:00,UNFINISHED,-1,-1,-1
711,hard,15,12:19:14,12:19:16,18:00:00,UNFINISHED,-1,-1,-1
721,hard,15,12:27:09,12:27:11,18:00:00,UNFINISHED,-1,-1,-1
678,hard,15,12:55:35,12:55:36,18:00:00,UNFINISHED,-1,-1,-1
646,hard,15,12:58:06,12:58:08,18:00:00,UNFINISHED,-1,-1,-1
777,hard,15,13:15:31,13:15:35,18:00:00,UNFINISHED,-1,-1,-1
784,hard,15,13:20:48,13:20:54,18:00:00,UNFINISHED,-1,-1,-1
890,hard,15,13:29:12,13:29:12,18:00:00,UNFINISHED,-1,-1,-1
799,hard,15,13:32:03,13:32:08,18:00:00,UNFINISHED,-1,-1,-1
911,hard,15,14:01:08,14:01:09,18:00:00,UNFINISHED,-1,-1,-1
959,hard,15,14:22:01,14:22:05,18:00:00,UNFINISHED,-1,-1,-1
1005,hard,15,14:33:07,14:33:08,18:00:00,UNFINISHED,-1,-1,-1
1000,hard,15,14:41:40,14:41:43,18:00:00,UNFINISHED,-1,-1,-1
1193,hard,15,15:11:30,15:11:35,18:00:00,UNFINISHED,-1,-1,-1
1173,hard,15,15:11:44,15:11:48,18:00:00,UNFINISHED,-1,-1,-1
1058,hard,15,15:20:38,15:23:08,18:00:00,UNFINISHED,-1,-1,-1
1129,hard,15,15:32:46,15:41:29,18:00:00,UNFINISHED,-1,-1,-1
1186,hard,15,15:35:38,15:51:03,18:00:00,UNFINISHED,-1,-1,-1
1149,hard,15,15:37:53,15:52:45,18:00:00,UNFINISHED,-1,-1,-1
1073,hard,15,15:41:03,16:00:34,18:00:00,UNFINISHED,-1,-1,-1
1061,hard,15,15:46:08,16:03:26,18:00:00,UNFINISHED,-1,-1,-1
1199,hard,15,15:46:56,16:07:26,18:00:00,UNFINISHED,-1,-1,-1
1060,medium,14,15:50:34,16:11:24,18:00:00,UNFINISHED,-1,-1,-1
1161,hard,15,15:51:52,16:13:44,18:00:00,UNFINISHED,-1,-1,-1
1074,hard,15,15:57:57,16:20:16,18:00:00,UNFINISHED,-1,-1,-1
1284,hard,15,16:00:26,16:24:26,18:00:00,UNFINISHED,-1,-1,-1
1246,hard,15,16:01:39,16:26:39,18:00:00,UNFINISHED,-1,-1,-1
1321,hard,15,16:04:08,16:30:58,18:00:00,UNFINISHED,-1,-1,-1
1214,medium,14,16:05:53,16:32:48,18:00:00,UNFINISHED,-1,-1,-1
1235,hard,15,16:07:34,16:37:53,18:00:00,UNFINISHED,-1,-1,-1
1287,medium,14,16:09:43,16:42:18,18:00:00,UNFINISHED,-1,-1,-1
1320,hard,15,16:16:17,16:53:29,18:00:00,UNFINISHED,-1,-1,-1
1210,hard,15,16:16:55,16:53:56,18:00:00,UNFINISHED,-1,-1,-1
1253,hard,15,16:19:08,16:58:31,18:00:00,UNFINISHED,-1,-1,-1
1306,hard,15,16:22:35,17:03:32,18:00:00,UNFINISHED,-1,-1,-1
1227,hard,15,16:23:59,17:04:17,18:00:00,UNFINISHED,-1,-1,-1
1304,hard,15,16:24:02,17:05:28,18:00:00,UNFINISHED,-1,-1,-1
1200,hard,15,16:25:12,17:10:47,18:00:00,UNFINISHED,-1,-1,-1
1259,hard,15,16:33:05,17:18:05,18:00:00,UNFINISHED,-1,-1,-1
1297,hard,15,16:38:15,17:20:53,18:00:00,UNFINISHED,-1,-1,-1
1280,hard,15,16:39:52,17:22:35,18:00:00,UNFINISHED,-1,-1,-1
1251,hard,15,16:43:52,17:27:15,18:00:00,UNFINISHED,-1,-1,-1
1219,hard,15,16:44:26,17:29:05,18:00:00,UNFINISHED,-1,-1,-1
1305,hard,15,16:46:33,17:30:04,18:00:00,UNFINISHED,-1,-1,-1
1325,hard,15,16:48:26,17:32:01,18:00:00,UNFINISHED,-1,-1,-1
1298,hard,15,16:49:00,17:32:45,18:00:00,UNFINISHED,-1,-1,-1
1265,medium,14,16:51:50,17:39:53,18:00:00,UNFINISHED,-1,-1,-1
1302,hard,15,16:52:31,17:42:41,18:00:00,UNFINISHED,-1,-1,-1
1262,hard,15,16:53:44,17:43:38,18:00:00,UNFINISHED,-1,-1,-1
1225,medium,14,16:53:49,17:43:45,18:00:00,UNFINISHED,-1,-1,-1
1278,hard,15,16:57:22,17:45:26,18:00:00,UNFINISHED,-1,-1,-1
1295,medium,14,16:58:21,17:46:04,18:00:00,UNFINISHED,-1,-1,-1
1299,medium,13,16:59:05,17:52:15,18:00:00,UNFINISHED,-1,-1,-1
