task_id,difficulty,n,arrival_sim,start_sim,end_sim,status,cost,real_duration_sec,waiting_time_mili_sec,time_in_system_mili_sec
15,easy,11,08:01:32,08:01:36,08:02:18,COMPLETED,27347.0,704.7,4.71,46.97
124,easy,11,08:04:25,08:04:25,08:05:38,COMPLETED,19727.0,1217.8,0.67,73.74
139,easy,12,08:04:48,08:04:49,08:05:50,COMPLETED,34920.0,1016.3,1.97,62.91
70,easy,11,08:05:19,08:05:20,08:06:09,COMPLETED,17247.0,814.5,1.40,50.20
135,medium,13,08:01:12,08:01:12,08:06:15,COMPLETED,30304.0,5051.8,0.21,303.30
90,medium,14,08:04:25,08:04:25,08:06:15,COMPLETED,32369.0,1828.0,0.67,110.30
34,easy,11,08:06:45,08:06:45,08:07:03,COMPLETED,32211.0,306.7,0.69,18.97
22,easy,11,08:06:58,08:07:03,08:07:10,COMPLETED,29066.0,104.4,5.97,12.12
95,easy,11,08:07:06,08:07:10,08:07:28,COMPLETED,26574.0,307.2,4.12,22.48
40,medium,14,08:04:38,08:04:43,08:07:34,COMPLETED,34375.0,2845.7,5.88,176.59
46,easy,11,08:08:08,08:08:11,08:08:17,COMPLETED,21326.0,103.9,3.07,9.19
97,easy,11,08:08:46,08:08:47,08:09:05,COMPLETED,26783.0,305.8,1.71,19.99
35,medium,13,08:08:20,08:08:23,08:09:24,COMPLETED,30278.0,1016.9,3.34,64.29
44,medium,13,08:05:27,08:05:32,08:10:49,COMPLETED,31837.0,5282.8,5.59,322.51
157,medium,13,08:09:09,08:09:12,08:10:55,COMPLETED,26619.0,1726.7,3.08,106.62
164,easy,11,08:11:10,08:11:13,08:11:26,COMPLETED,26775.0,204.6,3.86,16.07
156,easy,12,08:13:11,08:13:15,08:13:52,COMPLETED,27125.0,618.1,4.81,41.77
133,medium,13,08:12:07,08:12:08,08:13:58,COMPLETED,26156.0,1839.4,1.65,111.94
51,easy,12,08:14:31,08:14:35,08:15:12,COMPLETED,31432.0,616.8,4.71,41.71
47,easy,12,08:15:16,08:15:18,08:15:37,COMPLETED,24771.0,309.8,2.84,21.33
93,easy,12,08:14:10,08:14:11,08:15:43,COMPLETED,30204.0,1539.7,1.17,93.46
115,easy,11,08:15:46,08:15:49,08:15:55,COMPLETED,18458.0,104.5,3.59,9.73
72,medium,14,08:05:10,08:05:14,08:16:44,COMPLETED,23712.0,11505.9,4.28,694.60
73,easy,11,08:16:38,08:16:38,08:16:56,COMPLETED,30605.0,308.4,0.44,18.85
161,medium,14,08:03:15,08:03:19,08:17:33,COMPLETED,34263.0,14241.3,4.22,858.68
154,easy,11,08:17:03,08:17:09,08:17:52,COMPLETED,29222.0,716.5,6.14,49.04
82,easy,11,08:17:53,08:17:58,08:18:10,COMPLETED,25254.0,206.0,5.17,17.44
29,medium,13,08:17:10,08:17:15,08:18:22,COMPLETED,27261.0,1125.1,5.30,72.64
3,easy,11,08:18:22,08:18:22,08:18:28,COMPLETED,30025.0,105.2,0.64,6.84
75,easy,12,08:18:17,08:18:22,08:18:35,COMPLETED,23223.0,207.7,5.64,18.03
38,medium,13,08:15:23,08:15:24,08:19:11,COMPLETED,28239.0,3778.9,1.97,228.61
136,easy,11,08:19:07,08:19:11,08:19:30,COMPLETED,30050.0,308.3,4.61,23.01
102,easy,11,08:19:17,08:19:17,08:19:54,COMPLETED,24526.0,613.1,0.76,37.42
30,easy,11,08:19:53,08:19:54,08:20:31,COMPLETED,34281.0,615.6,1.42,38.27
163,easy,11,08:20:52,08:20:55,08:21:08,COMPLETED,25716.0,209.7,3.85,16.35
148,easy,12,08:20:03,08:20:06,08:21:21,COMPLETED,34451.0,1242.0,3.69,78.02
118,easy,11,08:21:10,08:21:14,08:21:21,COMPLETED,21144.0,112.3,4.57,11.02
9,easy,11,08:21:14,08:21:14,08:21:39,COMPLETED,32878.0,418.7,0.57,25.69
58,easy,12,08:21:14,08:21:14,08:21:39,COMPLETED,28467.0,417.7,0.57,25.69
152,easy,12,08:21:21,08:21:21,08:21:39,COMPLETED,23817.0,313.1,0.02,18.69
27,easy,11,08:21:31,08:21:33,08:21:58,COMPLETED,25128.0,412.3,2.49,27.10
105,medium,13,08:17:02,08:17:02,08:22:16,COMPLETED,29936.0,5229.1,0.98,314.60
20,easy,11,08:22:10,08:22:10,08:22:16,COMPLETED,22299.0,106.2,0.42,6.60
137,easy,12,08:21:57,08:21:58,08:22:29,COMPLETED,30218.0,521.0,1.10,32.11
116,medium,13,08:22:29,08:22:29,08:22:47,COMPLETED,29655.0,313.3,0.11,18.76
37,easy,12,08:22:17,08:22:22,08:23:06,COMPLETED,33489.0,728.1,5.83,49.36
128,easy,11,08:23:41,08:23:43,08:23:55,COMPLETED,27827.0,208.0,2.28,14.60
107,easy,11,08:24:04,08:24:07,08:24:20,COMPLETED,25726.0,211.3,3.97,16.49
108,easy,11,08:25:08,08:25:09,08:25:15,COMPLETED,21850.0,105.9,1.69,7.87
141,easy,11,08:25:54,08:25:59,08:26:11,COMPLETED,31305.0,212.1,5.01,17.46
28,easy,11,08:26:18,08:26:24,08:26:36,COMPLETED,27209.0,211.3,6.06,18.60
65,hard,15,08:22:56,08:23:00,08:27:13,COMPLETED,33531.0,4222.4,4.11,257.37
7,medium,14,08:20:51,08:20:55,08:27:44,COMPLETED,35389.0,6804.0,4.85,413.01
49,medium,14,08:07:39,08:07:40,08:28:14,COMPLETED,30592.0,20567.7,1.68,1235.70
153,easy,11,08:28:05,08:28:08,08:28:14,COMPLETED,20743.0,104.8,3.54,9.70
138,easy,11,08:28:19,08:28:20,08:28:33,COMPLETED,15869.0,209.0,1.84,14.20
69,medium,14,08:26:08,08:26:11,08:29:59,COMPLETED,31515.0,3798.7,3.46,231.15
94,easy,12,08:28:26,08:28:27,08:29:59,COMPLETED,37501.0,1539.9,1.03,93.15
99,medium,13,08:29:06,08:29:10,08:29:59,COMPLETED,26849.0,823.1,4.07,53.15
117,easy,11,08:29:58,08:29:59,08:30:11,COMPLETED,23387.0,209.2,1.15,13.64
77,medium,13,08:28:30,08:28:33,08:30:23,COMPLETED,25415.0,1846.8,3.20,113.91
12,hard,15,08:23:27,08:23:30,08:30:36,COMPLETED,30890.0,7088.7,3.91,429.16
85,easy,11,08:30:50,08:30:54,08:31:00,COMPLETED,30861.0,106.1,4.61,10.81
33,hard,15,08:15:55,08:15:55,08:31:13,COMPLETED,30206.0,15292.6,0.73,918.16
55,easy,11,08:30:55,08:31:00,08:31:13,COMPLETED,33448.0,209.0,5.81,18.16
67,easy,12,08:30:41,08:30:42,08:31:37,COMPLETED,25277.0,927.5,1.29,56.87
92,easy,12,08:28:54,08:28:57,08:32:08,COMPLETED,38545.0,3188.4,3.77,194.81
168,easy,12,08:32:05,08:32:08,08:32:21,COMPLETED,25805.0,214.4,3.81,16.48
119,easy,12,08:31:46,08:31:50,08:32:27,COMPLETED,23091.0,629.7,4.14,41.73
81,hard,15,08:05:56,08:05:57,08:33:11,COMPLETED,38251.0,27237.1,1.00,1635.18
59,medium,13,08:31:09,08:31:13,08:33:17,COMPLETED,27330.0,2073.4,4.16,128.36
104,medium,14,08:18:23,08:18:28,08:34:25,COMPLETED,31928.0,15952.5,5.84,962.77
80,easy,12,08:34:54,08:34:57,08:35:15,COMPLETED,19660.0,317.4,3.08,21.86
56,easy,12,08:35:43,08:35:47,08:36:37,COMPLETED,33320.0,833.8,4.31,54.20
158,easy,11,08:36:28,08:36:30,08:36:49,COMPLETED,30554.0,314.3,3.00,21.62
123,easy,11,08:36:56,08:37:02,08:37:33,COMPLETED,28430.0,526.3,6.13,37.47
14,easy,11,08:37:41,08:37:46,08:37:58,COMPLETED,27365.0,210.9,5.12,17.59
114,easy,12,08:37:35,08:37:39,08:38:17,COMPLETED,23063.0,627.3,4.76,42.18
83,easy,11,08:38:16,08:38:17,08:38:23,COMPLETED,26117.0,106.5,1.18,7.45
87,hard,15,08:05:27,08:05:32,08:38:29,COMPLETED,36709.0,32950.5,5.59,1982.63
10,easy,11,08:38:13,08:38:17,08:38:29,COMPLETED,34796.0,210.3,4.18,16.63
64,easy,12,08:38:07,08:38:10,08:38:54,COMPLETED,24837.0,725.9,3.96,47.33
134,medium,14,08:35:51,08:35:53,08:39:00,COMPLETED,33446.0,3117.0,2.67,189.55
53,hard,15,08:29:55,08:29:59,08:39:12,COMPLETED,26064.0,9230.1,4.15,557.88
159,medium,14,08:20:01,08:20:06,08:39:31,COMPLETED,34064.0,19413.3,5.69,1170.43
166,easy,12,08:38:48,08:38:48,08:39:31,COMPLETED,27605.0,724.2,0.13,43.43
61,easy,12,08:39:24,08:39:25,08:39:50,COMPLETED,29631.0,415.0,1.20,26.01
130,easy,11,08:39:55,08:39:56,08:40:02,COMPLETED,20580.0,107.1,1.18,7.40
41,hard,15,08:33:18,08:33:23,08:40:08,COMPLETED,33446.0,6753.3,5.61,410.64
88,easy,11,08:39:57,08:40:02,08:40:08,COMPLETED,23193.0,108.1,5.40,11.64
147,medium,13,08:34:24,08:34:25,08:40:33,COMPLETED,36582.0,6130.1,1.77,369.45
45,easy,11,08:40:03,08:40:08,08:40:33,COMPLETED,28986.0,416.7,5.64,30.45
112,easy,12,08:40:58,08:40:58,08:41:10,COMPLETED,22612.0,208.1,0.18,12.52
31,medium,14,08:33:14,08:33:17,08:41:29,COMPLETED,30449.0,8197.2,3.36,495.10
140,easy,11,08:41:17,08:41:22,08:41:35,COMPLETED,29430.0,208.6,5.89,18.27
36,easy,12,08:39:22,08:39:25,08:41:59,COMPLETED,31421.0,2582.0,3.20,157.96
84,easy,12,08:41:47,08:41:47,08:41:59,COMPLETED,26811.0,209.7,0.58,12.96
169,easy,11,08:41:58,08:41:59,08:42:24,COMPLETED,21696.0,414.3,1.96,26.67
66,medium,14,08:04:16,08:04:19,08:43:01,COMPLETED,30439.0,38704.7,3.56,2325.71
120,easy,11,08:43:25,08:43:26,08:44:04,COMPLETED,32799.0,629.4,1.84,39.36
167,easy,11,08:44:13,08:44:16,08:44:29,COMPLETED,28881.0,211.7,4.00,16.50
4,hard,15,08:26:13,08:26:17,08:44:35,COMPLETED,24544.0,18300.7,4.80,1102.74
125,easy,12,08:44:58,08:45:00,08:45:07,COMPLETED,30022.0,112.2,2.76,9.22
146,easy,12,08:43:02,08:43:08,08:45:13,COMPLETED,27599.0,2094.8,6.11,131.55
42,easy,12,08:44:53,08:44:54,08:45:32,COMPLETED,31298.0,637.4,1.54,39.48
6,medium,14,08:40:04,08:40:08,08:45:57,COMPLETED,31015.0,5820.0,4.64,353.76
109,medium,13,08:45:21,08:45:26,08:46:16,COMPLETED,28693.0,842.4,5.26,55.55
43,easy,11,08:46:10,08:46:10,08:46:29,COMPLETED,24783.0,322.2,0.11,19.28
63,easy,12,08:46:28,08:46:29,08:47:19,COMPLETED,32565.0,847.4,1.28,51.86
131,easy,11,08:47:21,08:47:26,08:47:38,COMPLETED,31637.0,213.3,5.20,17.82
5,easy,12,08:47:12,08:47:13,08:47:51,COMPLETED,26190.0,636.9,1.43,39.35
18,easy,11,08:48:22,08:48:22,08:48:41,COMPLETED,25087.0,321.5,0.67,19.67
8,hard,15,08:44:40,08:44:42,08:49:13,COMPLETED,31123.0,4518.3,2.04,273.00
60,easy,12,08:49:53,08:49:56,08:50:33,COMPLETED,28549.0,625.4,3.38,40.68
16,easy,11,08:50:57,08:50:58,08:51:04,COMPLETED,31578.0,107.9,1.53,7.84
50,easy,12,08:50:56,08:50:58,08:51:48,COMPLETED,25962.0,832.5,2.53,52.29
145,medium,14,08:49:21,08:49:25,08:51:54,COMPLETED,30235.0,2488.2,4.39,153.51
11,easy,12,08:50:29,08:50:33,08:52:06,COMPLETED,27183.0,1557.1,4.68,97.92
142,medium,13,08:50:57,08:50:58,08:52:44,COMPLETED,32460.0,1761.9,1.53,107.08
76,medium,13,08:37:05,08:37:08,08:53:02,COMPLETED,28321.0,15905.6,3.47,957.71
96,easy,11,08:53:14,08:53:15,08:53:21,COMPLETED,23687.0,107.4,1.09,7.35
57,easy,11,08:53:38,08:53:39,08:53:58,COMPLETED,28544.0,317.9,1.98,20.75
0,hard,15,08:44:27,08:44:29,08:54:17,COMPLETED,26948.0,9806.0,2.50,590.63
68,hard,15,08:09:37,08:09:42,08:55:01,COMPLETED,31265.0,45322.8,5.53,2724.85
98,medium,14,08:27:47,08:27:50,08:55:01,COMPLETED,37948.0,27196.7,3.14,1634.85
17,medium,14,08:46:54,08:46:54,08:56:17,COMPLETED,27382.0,9390.1,0.36,563.62
13,easy,12,08:56:03,08:56:04,08:56:30,COMPLETED,24970.0,423.4,1.84,27.06
91,easy,12,08:55:29,08:55:33,08:56:48,COMPLETED,31598.0,1261.1,4.42,79.78
106,medium,13,08:54:18,08:54:23,08:56:55,COMPLETED,30083.0,2525.1,6.00,157.11
78,easy,11,08:56:52,08:56:55,08:57:07,COMPLETED,20908.0,215.6,3.11,15.87
127,medium,14,08:53:45,08:53:46,08:57:39,COMPLETED,29103.0,3887.0,1.22,234.16
32,medium,14,08:39:33,08:39:37,08:58:10,COMPLETED,36676.0,18551.6,4.62,1117.55
26,hard,15,08:24:08,08:24:14,08:58:16,COMPLETED,28560.0,34045.8,6.20,2048.88
19,easy,11,08:58:23,08:58:23,08:58:35,COMPLETED,26637.0,214.0,0.19,12.86
2,easy,11,08:59:25,08:59:25,08:59:38,COMPLETED,22531.0,216.3,0.89,13.60
48,hard,15,08:35:30,08:35:34,08:59:51,COMPLETED,33249.0,24274.4,4.69,1461.08
149,hard,15,08:50:20,08:50:21,08:59:57,COMPLETED,34615.0,9605.9,1.24,577.27
224,easy,12,09:01:13,09:01:18,09:01:30,COMPLETED,23265.0,210.5,5.19,17.60
323,easy,12,09:00:34,09:00:34,09:01:43,COMPLETED,30809.0,1139.3,0.85,69.02
182,medium,13,09:00:15,09:00:16,09:01:55,COMPLETED,28921.0,1657.1,1.19,100.45
325,easy,11,09:02:02,09:02:07,09:02:20,COMPLETED,26719.0,212.3,5.86,18.43
334,easy,11,09:03:06,09:03:09,09:03:22,COMPLETED,32371.0,211.5,3.95,16.47
129,hard,15,08:05:04,08:05:08,09:03:28,COMPLETED,28489.0,58342.5,4.19,3504.68
195,easy,12,09:02:23,09:02:26,09:03:34,COMPLETED,28559.0,1141.1,3.63,71.93
278,easy,12,09:03:15,09:03:16,09:03:34,COMPLETED,24525.0,314.7,1.19,19.93
143,hard,15,08:13:36,08:13:40,09:04:12,COMPLETED,37477.0,50528.2,4.38,3036.04
54,hard,15,08:06:30,08:06:33,09:04:18,COMPLETED,27406.0,57746.1,3.51,3468.26
232,medium,13,09:01:59,09:02:01,09:04:49,COMPLETED,26389.0,2795.8,2.64,170.19
226,easy,11,09:05:09,09:05:13,09:05:26,COMPLETED,26797.0,214.0,4.95,17.41
25,hard,15,08:42:32,08:42:36,09:05:45,COMPLETED,31665.0,23149.8,4.99,1393.83
331,easy,12,09:05:16,09:05:20,09:05:45,COMPLETED,31291.0,432.7,4.18,29.83
329,easy,11,09:06:07,09:06:11,09:06:30,COMPLETED,27885.0,320.1,4.14,23.07
211,easy,11,09:06:54,09:06:55,09:07:01,COMPLETED,22020.0,114.2,1.17,7.68
174,medium,13,09:05:37,09:05:39,09:07:08,COMPLETED,28193.0,1483.6,2.41,91.08
281,easy,12,09:06:21,09:06:23,09:07:14,COMPLETED,29497.0,850.6,2.80,53.52
279,easy,11,09:06:44,09:06:48,09:07:14,COMPLETED,28152.0,432.9,4.91,30.52
150,hard,15,08:07:11,08:07:16,09:07:33,COMPLETED,31703.0,60288.6,5.27,3622.55
336,medium,14,09:06:24,09:06:30,09:07:39,COMPLETED,28111.0,1170.1,6.07,75.90
100,medium,14,08:59:54,08:59:57,09:08:30,COMPLETED,29779.0,8551.1,3.27,516.14
280,easy,12,09:05:31,09:05:32,09:08:30,COMPLETED,25214.0,2957.3,1.85,179.14
264,easy,11,09:08:28,09:08:30,09:08:49,COMPLETED,31936.0,322.5,2.14,21.06
272,hard,15,09:05:22,09:05:26,09:08:55,COMPLETED,27903.0,3493.7,4.41,213.56
160,medium,14,08:14:30,08:14:35,09:09:08,COMPLETED,35421.0,54546.6,5.71,3278.48
302,easy,11,09:08:36,09:08:36,09:09:27,COMPLETED,27833.0,852.0,0.43,51.32
257,easy,12,09:07:35,09:07:39,09:09:52,COMPLETED,28365.0,2209.4,4.90,137.31
196,easy,12,09:09:40,09:09:46,09:09:58,COMPLETED,30046.0,212.7,6.07,18.52
227,easy,11,09:11:00,09:11:01,09:11:07,COMPLETED,25653.0,108.4,1.45,7.76
201,easy,12,09:08:55,09:08:55,09:11:38,COMPLETED,40831.0,2724.1,0.56,163.89
338,medium,13,09:10:44,09:10:48,09:12:03,COMPLETED,25186.0,1253.1,4.89,79.85
255,easy,12,09:12:34,09:12:35,09:12:47,COMPLETED,24716.0,213.2,1.06,13.63
176,easy,11,09:13:06,09:13:06,09:13:31,COMPLETED,26929.0,420.1,0.33,25.34
199,easy,11,09:13:21,09:13:25,09:13:37,COMPLETED,22935.0,211.5,4.08,16.57
21,hard,15,08:03:10,08:03:13,09:14:21,COMPLETED,32555.0,71133.1,3.15,4271.09
328,easy,12,09:14:19,09:14:21,09:15:23,COMPLETED,28542.0,1043.2,2.09,64.48
245,easy,12,09:14:24,09:14:27,09:15:23,COMPLETED,27254.0,938.9,3.37,59.48
293,easy,12,09:14:56,09:14:58,09:15:23,COMPLETED,25832.0,419.6,2.53,27.48
177,medium,13,09:09:26,09:09:27,09:15:42,COMPLETED,32399.0,6251.1,1.32,376.18
288,medium,13,09:08:44,09:08:49,09:15:54,COMPLETED,32062.0,7096.6,5.06,430.70
170,easy,12,09:14:03,09:14:08,09:16:25,COMPLETED,25105.0,2290.6,5.62,142.86
208,easy,12,09:15:44,09:15:48,09:16:38,COMPLETED,25282.0,835.4,4.44,54.35
191,easy,11,09:16:44,09:16:44,09:16:50,COMPLETED,23141.0,107.6,0.60,6.86
267,easy,11,09:17:05,09:17:09,09:17:22,COMPLETED,22046.0,213.5,4.58,17.15
286,medium,14,09:08:51,09:08:55,09:17:28,COMPLETED,27732.0,8552.2,4.56,517.43
262,medium,14,09:13:16,09:13:18,09:17:28,COMPLETED,23568.0,4165.4,2.83,252.43
241,easy,11,09:16:52,09:16:57,09:17:41,COMPLETED,30267.0,736.4,5.09,49.05
188,easy,11,09:17:25,09:17:28,09:17:41,COMPLETED,20515.0,214.4,3.43,16.05
171,easy,11,09:18:10,09:18:12,09:18:24,COMPLETED,25782.0,211.9,2.27,14.78
248,medium,14,09:11:49,09:11:51,09:19:02,COMPLETED,26452.0,7183.0,2.35,433.07
251,easy,11,09:18:58,09:19:02,09:19:08,COMPLETED,26957.0,109.1,4.07,10.41
239,easy,11,09:18:59,09:19:02,09:19:20,COMPLETED,23725.0,317.0,3.07,21.86
209,easy,12,09:17:26,09:17:28,09:19:45,COMPLETED,30841.0,2292.5,2.43,139.85
103,hard,15,08:41:13,08:41:16,09:20:16,COMPLETED,31741.0,39004.8,3.68,2343.91
221,medium,13,09:17:15,09:17:15,09:20:23,COMPLETED,34564.0,3124.1,0.87,188.14
212,medium,14,09:06:08,09:06:11,09:20:41,COMPLETED,33617.0,14514.8,3.14,873.92
308,medium,13,09:16:13,09:16:13,09:21:06,COMPLETED,28991.0,4896.5,0.35,293.93
121,hard,15,08:32:41,08:32:46,09:21:19,COMPLETED,28495.0,48554.4,5.29,2918.51
243,medium,13,09:20:34,09:20:35,09:21:50,COMPLETED,22340.0,1256.2,1.61,76.81
299,easy,11,09:21:30,09:21:31,09:21:50,COMPLETED,27918.0,317.2,1.98,20.81
175,medium,13,09:20:32,09:20:35,09:22:03,COMPLETED,29877.0,1466.2,3.61,91.33
285,easy,12,09:21:39,09:21:44,09:22:03,COMPLETED,28661.0,318.5,5.50,24.33
259,medium,13,09:18:11,09:18:12,09:22:09,COMPLETED,28959.0,3958.5,1.27,238.65
184,medium,13,09:21:28,09:21:31,09:22:22,COMPLETED,31630.0,840.7,3.98,54.12
79,medium,14,08:53:47,08:53:52,09:22:34,COMPLETED,31226.0,28708.8,5.49,1727.83
219,medium,13,09:20:27,09:20:29,09:22:59,COMPLETED,27343.0,2512.6,2.36,152.90
240,easy,11,09:22:57,09:22:59,09:23:18,COMPLETED,24362.0,322.2,2.90,21.80
222,easy,12,09:23:16,09:23:18,09:23:44,COMPLETED,24663.0,430.1,2.80,28.33
309,easy,11,09:23:30,09:23:31,09:23:44,COMPLETED,28839.0,217.7,1.59,14.33
295,easy,12,09:24:18,09:24:21,09:24:47,COMPLETED,29166.0,422.2,4.00,29.02
74,hard,15,08:34:17,08:34:19,09:25:49,COMPLETED,31105.0,51498.1,2.44,3092.30
282,easy,11,09:25:50,09:25:55,09:26:01,COMPLETED,27003.0,108.3,5.52,11.83
298,easy,11,09:25:55,09:25:55,09:26:01,COMPLETED,23770.0,107.9,0.52,6.83
321,easy,11,09:26:21,09:26:26,09:26:39,COMPLETED,29402.0,211.3,5.73,18.21
155,hard,15,08:38:54,08:38:54,09:26:51,COMPLETED,29649.0,47956.1,0.33,2877.65
235,medium,14,09:12:06,09:12:10,09:27:10,COMPLETED,29715.0,15004.8,4.11,904.26
305,medium,13,09:25:09,09:25:11,09:27:10,COMPLETED,22451.0,1974.4,3.00,121.26
296,easy,12,09:26:08,09:26:08,09:28:06,COMPLETED,26893.0,1969.9,0.05,118.10
300,easy,11,09:27:54,09:27:59,09:28:06,COMPLETED,28930.0,107.5,5.86,12.10
194,medium,13,09:22:01,09:22:03,09:28:30,COMPLETED,28958.0,6464.2,2.33,389.97
303,easy,11,09:28:09,09:28:12,09:28:30,COMPLETED,19616.0,314.7,3.33,21.97
162,hard,15,08:46:08,08:46:10,09:29:08,COMPLETED,35243.0,42971.1,2.11,2580.30
207,easy,11,09:28:57,09:29:02,09:29:08,COMPLETED,27851.0,108.4,5.05,11.30
324,easy,11,09:29:42,09:29:45,09:29:58,COMPLETED,23788.0,216.9,3.62,16.34
187,hard,15,09:15:37,09:15:42,09:31:01,COMPLETED,28469.0,15328.4,5.18,924.72
249,easy,11,09:30:44,09:30:48,09:31:14,COMPLETED,28002.0,431.2,4.63,30.29
242,medium,14,09:17:45,09:17:47,09:31:20,COMPLETED,31795.0,13556.5,2.33,815.55
256,easy,12,09:31:53,09:31:58,09:32:23,COMPLETED,24365.0,432.5,5.37,31.00
273,easy,12,09:32:11,09:32:11,09:32:23,COMPLETED,33471.0,218.2,0.29,13.00
234,easy,12,09:32:02,09:32:04,09:32:42,COMPLETED,30692.0,640.6,2.79,40.99
185,medium,13,09:32:16,09:32:17,09:32:42,COMPLETED,28065.0,427.1,1.72,26.99
216,easy,11,09:33:21,09:33:21,09:33:27,COMPLETED,25277.0,111.6,0.17,6.45
132,hard,15,08:46:19,08:46:22,09:33:40,COMPLETED,29433.0,47292.4,3.87,2841.31
210,medium,14,09:21:44,09:21:44,09:34:05,COMPLETED,36353.0,12357.4,0.50,741.85
101,hard,15,08:30:39,08:30:42,09:34:37,COMPLETED,33948.0,63921.3,3.29,3838.55
320,medium,14,09:33:02,09:33:02,09:34:56,COMPLETED,26972.0,1911.5,0.01,114.53
314,easy,11,09:34:57,09:35:02,09:35:09,COMPLETED,30198.0,113.1,5.76,12.22
252,easy,11,09:35:11,09:35:15,09:35:22,COMPLETED,25714.0,115.4,4.58,11.13
203,easy,12,09:35:05,09:35:09,09:35:34,COMPLETED,26818.0,432.6,4.22,29.83
337,easy,12,09:30:49,09:30:55,09:35:41,COMPLETED,34049.0,4768.2,6.30,292.23
190,hard,15,09:33:42,09:33:46,09:36:00,COMPLETED,27584.0,2230.5,4.70,138.32
1,medium,14,08:34:38,08:34:38,09:36:19,COMPLETED,34690.0,61679.2,0.35,3701.03
204,easy,12,09:34:22,09:34:24,09:36:19,COMPLETED,31047.0,1908.6,2.77,117.03
270,medium,14,09:21:12,09:21:13,09:36:25,COMPLETED,33245.0,15204.4,1.21,913.34
310,medium,14,09:31:51,09:31:51,09:36:37,COMPLETED,26736.0,4767.1,0.96,286.78
290,easy,12,09:32:46,09:32:49,09:36:37,COMPLETED,28477.0,3810.4,3.39,231.78
294,hard,15,09:03:12,09:03:16,09:36:44,COMPLETED,35937.0,33466.2,4.19,2012.07
269,medium,14,09:27:53,09:27:53,09:36:44,COMPLETED,24960.0,8843.4,0.62,531.07
86,hard,15,08:46:58,08:47:00,09:38:05,COMPLETED,34600.0,51073.0,2.76,3067.08
276,easy,12,09:37:54,09:37:58,09:38:42,COMPLETED,27497.0,731.6,4.78,48.45
180,easy,11,09:38:35,09:38:36,09:38:42,COMPLETED,26973.0,108.7,1.17,7.45
274,medium,13,09:33:15,09:33:21,09:40:09,COMPLETED,31218.0,6815.8,6.17,414.97
228,easy,11,09:39:51,09:39:51,09:40:09,COMPLETED,26883.0,316.3,0.19,18.97
287,easy,12,09:40:16,09:40:16,09:40:35,COMPLETED,31857.0,318.0,0.23,19.05
223,easy,12,09:41:09,09:41:12,09:41:25,COMPLETED,26797.0,218.5,3.60,16.26
307,hard,15,09:04:48,09:04:49,09:41:57,COMPLETED,30694.0,37137.7,1.19,2229.34
292,easy,11,09:41:47,09:41:50,09:42:09,COMPLETED,23603.0,324.7,3.88,22.89
52,hard,15,08:47:05,08:47:07,09:42:35,COMPLETED,37967.0,55479.4,2.00,3330.65
291,easy,11,09:42:21,09:42:22,09:43:00,COMPLETED,32980.0,644.6,1.79,39.94
297,medium,13,09:42:59,09:43:00,09:43:26,COMPLETED,30775.0,437.4,1.94,27.75
275,easy,11,09:43:09,09:43:13,09:43:26,COMPLETED,34938.0,221.9,4.92,17.75
198,easy,11,09:43:41,09:43:45,09:43:58,COMPLETED,25595.0,219.2,4.74,17.67
315,easy,11,09:44:18,09:44:24,09:44:36,COMPLETED,29890.0,219.0,6.06,18.84
229,easy,11,09:44:30,09:44:30,09:44:43,COMPLETED,32095.0,220.1,0.53,13.24
266,easy,11,09:44:40,09:44:43,09:45:08,COMPLETED,25225.0,432.5,3.24,28.96
316,easy,11,09:45:22,09:45:27,09:45:34,COMPLETED,27379.0,114.3,5.74,12.24
253,medium,14,09:36:13,09:36:19,09:46:06,COMPLETED,32004.0,9788.7,6.03,593.20
283,medium,14,09:06:54,09:06:55,09:46:25,COMPLETED,27991.0,39499.8,1.17,2371.10
71,hard,15,08:10:31,08:10:31,09:46:31,COMPLETED,30694.0,96005.7,0.20,5760.51
24,hard,15,08:32:09,08:32:15,09:47:40,COMPLETED,32985.0,75428.8,6.16,4531.87
172,easy,11,09:47:52,09:47:53,09:47:59,COMPLETED,21278.0,108.5,1.36,7.65
246,medium,14,09:35:28,09:35:28,09:48:05,COMPLETED,32789.0,12624.7,0.56,757.90
205,easy,12,09:47:15,09:47:15,09:48:49,COMPLETED,29452.0,1565.5,0.83,94.54
244,easy,12,09:47:33,09:47:34,09:49:08,COMPLETED,28326.0,1564.5,1.58,95.24
151,hard,15,08:35:06,08:35:09,09:49:20,COMPLETED,41348.0,74188.2,3.51,4454.78
260,easy,11,09:49:09,09:49:14,09:49:33,COMPLETED,36016.0,319.1,5.47,24.41
183,easy,12,09:49:10,09:49:14,09:49:33,COMPLETED,24168.0,318.8,4.47,23.41
23,hard,15,08:54:53,08:54:55,09:49:52,COMPLETED,37188.0,54946.2,2.45,3299.17
236,easy,11,09:49:26,09:49:27,09:49:52,COMPLETED,34828.0,421.8,1.09,26.17
192,easy,11,09:50:30,09:50:35,09:50:42,COMPLETED,21123.0,107.9,5.73,12.00
313,easy,12,09:47:01,09:47:03,09:51:50,COMPLETED,32811.0,4795.2,2.09,289.58
301,hard,15,09:34:29,09:34:31,09:51:56,COMPLETED,29726.0,17429.8,2.25,1047.86
333,medium,13,09:51:53,09:51:56,09:52:22,COMPLETED,27314.0,428.4,3.86,29.23
311,medium,14,09:50:54,09:50:54,09:53:31,COMPLETED,26164.0,2626.0,0.45,157.79
284,easy,11,09:53:22,09:53:25,09:53:38,COMPLETED,25541.0,215.8,3.34,16.05
330,medium,13,09:51:15,09:51:19,09:54:28,COMPLETED,24340.0,3159.4,4.36,193.72
62,hard,15,08:45:41,08:45:45,09:54:34,COMPLETED,31608.0,68832.0,4.11,4133.96
327,medium,13,09:52:57,09:53:00,09:54:41,COMPLETED,27460.0,1691.7,3.06,104.35
178,hard,15,09:09:59,09:10:04,09:55:12,COMPLETED,29633.0,45134.9,5.88,2713.85
265,easy,12,09:55:49,09:55:50,09:56:15,COMPLETED,28108.0,423.3,1.79,27.00
250,easy,12,09:56:24,09:56:28,09:56:47,COMPLETED,19812.0,329.8,4.42,23.87
326,easy,11,09:56:37,09:56:41,09:57:00,COMPLETED,20239.0,328.1,4.42,23.65
230,easy,11,09:57:08,09:57:13,09:57:32,COMPLETED,28769.0,324.5,5.49,24.62
339,easy,12,09:56:30,09:56:34,09:58:10,COMPLETED,26021.0,1596.6,4.85,100.40
304,easy,12,09:59:02,09:59:06,09:59:50,COMPLETED,32328.0,733.3,4.60,48.37
319,easy,12,09:59:17,09:59:19,10:00:15,COMPLETED,25959.0,941.2,2.11,58.31
423,easy,11,10:00:13,10:00:15,10:00:21,COMPLETED,20142.0,108.7,2.31,8.61
289,medium,14,09:43:00,09:43:00,10:00:46,COMPLETED,26708.0,17762.5,0.94,1066.59
214,easy,12,09:58:10,09:58:10,10:01:05,COMPLETED,30158.0,2920.0,0.40,175.35
364,easy,11,10:00:51,10:00:52,10:01:17,COMPLETED,27718.0,422.0,1.84,26.87
460,easy,12,10:01:00,10:01:05,10:01:42,COMPLETED,27032.0,630.9,5.35,42.91
427,easy,11,10:01:41,10:01:42,10:01:55,COMPLETED,29497.0,212.6,1.91,14.48
111,hard,15,08:53:16,08:53:21,10:02:01,COMPLETED,35891.0,68673.9,5.35,4125.73
434,easy,11,10:02:29,10:02:32,10:02:39,COMPLETED,25434.0,108.9,3.97,10.26
349,easy,12,10:01:38,10:01:42,10:03:04,COMPLETED,30526.0,1360.4,4.91,86.27
218,hard,15,09:57:58,09:58:03,10:03:48,COMPLETED,36391.0,5751.5,5.95,350.71
395,easy,11,10:03:41,10:03:42,10:03:55,COMPLETED,32316.0,218.6,1.42,14.15
464,easy,11,10:04:00,10:04:01,10:04:08,COMPLETED,29279.0,115.4,1.57,8.27
440,easy,12,10:04:27,10:04:27,10:04:39,COMPLETED,26036.0,221.6,0.19,12.95
480,easy,12,10:04:58,10:04:59,10:05:37,COMPLETED,25437.0,650.1,1.38,39.98
486,easy,11,10:05:30,10:05:31,10:05:57,COMPLETED,27102.0,431.9,1.44,27.11
263,medium,13,09:58:13,09:58:16,10:06:09,COMPLETED,27759.0,7888.7,3.70,476.68
397,easy,11,10:05:58,10:06:03,10:06:22,COMPLETED,31675.0,325.8,5.38,24.55
110,medium,14,08:30:52,08:30:54,10:07:01,COMPLETED,43357.0,96108.4,2.61,5769.11
360,easy,11,10:06:26,10:06:28,10:07:01,COMPLETED,22039.0,540.9,2.95,35.11
489,easy,12,10:06:23,10:06:28,10:07:07,COMPLETED,23941.0,652.3,5.95,44.60
456,medium,13,10:04:27,10:04:27,10:07:14,COMPLETED,24855.0,2788.1,0.19,167.15
113,hard,15,08:41:50,08:41:53,10:08:11,COMPLETED,36768.0,86292.3,3.77,5181.26
451,medium,13,10:07:33,10:07:33,10:08:43,COMPLETED,31401.0,1171.4,0.18,70.08
237,medium,14,09:35:51,09:35:53,10:09:02,COMPLETED,34553.0,33144.6,2.84,1991.38
312,hard,15,09:37:49,09:37:52,10:09:33,COMPLETED,32668.0,31690.2,3.52,1904.75
371,easy,12,10:08:58,10:09:02,10:09:52,COMPLETED,23772.0,840.8,4.38,54.59
386,easy,12,10:09:30,10:09:33,10:09:52,COMPLETED,28870.0,318.2,3.75,22.59
504,easy,11,10:09:57,10:09:58,10:10:36,COMPLETED,33228.0,632.5,1.87,39.50
443,easy,11,10:10:35,10:10:36,10:10:42,COMPLETED,21576.0,111.2,1.50,7.86
428,easy,11,10:10:21,10:10:23,10:10:49,COMPLETED,30489.0,425.6,2.90,28.20
466,easy,12,10:09:31,10:09:33,10:10:55,COMPLETED,30648.0,1367.3,2.75,84.47
374,easy,12,10:10:27,10:10:30,10:10:55,COMPLETED,25840.0,427.5,3.20,28.47
482,easy,12,10:10:55,10:10:55,10:11:08,COMPLETED,28916.0,216.3,0.47,13.17
383,easy,12,10:11:15,10:11:20,10:11:33,COMPLETED,19140.0,214.2,5.76,18.36
454,medium,14,10:03:57,10:04:01,10:12:04,COMPLETED,28739.0,8053.3,4.57,487.63
463,easy,11,10:12:26,10:12:29,10:12:36,COMPLETED,20399.0,110.5,3.74,10.07
439,medium,13,10:10:41,10:10:42,10:12:42,COMPLETED,32315.0,1997.5,1.86,121.41
503,easy,11,10:12:39,10:12:42,10:12:55,COMPLETED,36273.0,216.5,3.41,16.04
492,easy,12,10:12:53,10:12:55,10:13:14,COMPLETED,22503.0,321.8,2.04,21.03
375,easy,11,10:13:08,10:13:14,10:13:32,COMPLETED,27954.0,320.6,6.03,24.96
247,medium,14,09:58:18,09:58:22,10:13:39,COMPLETED,26635.0,15275.7,4.96,921.29
225,hard,15,09:39:32,09:39:32,10:13:51,COMPLETED,39523.0,34327.1,0.39,2059.87
343,easy,12,10:13:31,10:13:32,10:14:17,COMPLETED,23806.0,739.9,1.96,46.12
474,easy,11,10:14:07,10:14:10,10:14:29,COMPLETED,26862.0,323.3,3.76,22.78
398,easy,12,10:14:36,10:14:36,10:14:49,COMPLETED,23786.0,225.5,0.21,13.24
186,medium,14,09:28:27,09:28:30,10:15:02,COMPLETED,35128.0,46524.5,3.97,2795.04
356,easy,12,10:15:01,10:15:02,10:15:21,COMPLETED,27706.0,333.1,1.04,20.59
306,medium,13,09:57:25,09:57:26,10:15:34,COMPLETED,35265.0,18141.4,1.18,1089.52
370,easy,12,10:15:18,10:15:21,10:16:06,COMPLETED,26420.0,746.2,3.59,48.13
479,easy,11,10:16:15,10:16:18,10:16:25,COMPLETED,20252.0,111.6,3.93,10.43
179,medium,14,09:37:24,09:37:27,10:16:38,COMPLETED,29899.0,39175.4,3.62,2354.03
400,easy,11,10:16:41,10:16:44,10:16:50,COMPLETED,25039.0,109.7,3.33,9.64
487,medium,14,10:15:18,10:15:21,10:17:22,COMPLETED,32831.0,2010.4,3.59,124.03
416,easy,12,10:16:21,10:16:25,10:17:53,COMPLETED,33136.0,1472.4,4.43,92.43
485,hard,15,10:03:10,10:03:10,10:18:38,COMPLETED,31021.0,15466.3,0.56,928.36
342,easy,11,10:18:21,10:18:25,10:18:38,COMPLETED,25815.0,220.7,4.39,17.36
506,easy,11,10:18:44,10:18:44,10:18:50,COMPLETED,19359.0,112.6,0.65,6.97
362,medium,14,10:08:51,10:08:55,10:19:16,COMPLETED,35543.0,10348.9,4.89,625.58
89,hard,15,08:44:09,08:44:10,10:22:20,COMPLETED,44102.0,98157.9,1.66,5891.11
476,medium,13,10:20:39,10:20:39,10:22:51,COMPLETED,32983.0,2206.4,0.38,132.52
426,easy,11,10:22:39,10:22:45,10:23:29,COMPLETED,38459.0,737.1,6.19,50.16
419,easy,12,10:23:40,10:23:41,10:24:06,COMPLETED,26207.0,423.5,1.71,26.86
422,easy,11,10:23:51,10:23:54,10:24:06,COMPLETED,20221.0,214.1,3.28,15.86
402,easy,11,10:24:44,10:24:44,10:24:50,COMPLETED,29797.0,110.2,0.45,6.76
144,hard,15,08:42:56,08:43:01,10:25:03,COMPLETED,35288.0,102027.8,5.71,6127.36
359,easy,12,10:24:48,10:24:50,10:25:34,COMPLETED,31495.0,738.3,2.76,46.77
475,medium,13,10:23:15,10:23:16,10:25:41,COMPLETED,36947.0,2418.1,1.58,146.10
345,hard,15,10:01:14,10:01:17,10:25:53,COMPLETED,32854.0,24604.7,3.87,1480.00
507,easy,11,10:26:19,10:26:19,10:26:25,COMPLETED,28790.0,109.2,0.12,6.46
461,medium,13,10:03:12,10:03:16,10:27:09,COMPLETED,33738.0,23879.3,4.88,1437.48
368,easy,12,10:26:16,10:26:19,10:27:09,COMPLETED,35938.0,843.9,3.12,53.48
372,easy,11,10:26:58,10:27:03,10:27:09,COMPLETED,30878.0,110.4,5.14,11.48
429,medium,13,10:25:32,10:25:34,10:27:15,COMPLETED,23563.0,1687.8,2.77,103.79
173,medium,13,09:39:12,09:39:13,10:28:18,COMPLETED,43539.0,49082.1,1.68,2946.50
389,medium,14,10:03:30,10:03:35,10:29:14,COMPLETED,28861.0,25654.8,5.91,1544.95
483,easy,11,10:29:09,10:29:14,10:29:27,COMPLETED,26127.0,215.3,5.95,18.62
496,easy,12,10:29:10,10:29:14,10:29:27,COMPLETED,26900.0,214.6,4.95,17.62
498,medium,14,10:14:56,10:15:02,10:29:33,COMPLETED,34392.0,14534.3,6.04,877.92
387,easy,12,10:28:46,10:28:49,10:29:52,COMPLETED,35796.0,1054.3,3.80,66.82
420,easy,11,10:30:08,10:30:11,10:30:24,COMPLETED,23785.0,214.7,3.68,16.26
452,easy,12,10:29:43,10:29:46,10:31:01,COMPLETED,27167.0,1264.8,3.46,78.91
354,easy,11,10:31:11,10:31:14,10:31:27,COMPLETED,22645.0,220.5,3.81,16.62
404,medium,13,10:16:14,10:16:18,10:31:53,COMPLETED,40581.0,15576.7,4.93,939.23
432,medium,13,10:29:10,10:29:14,10:32:06,COMPLETED,32753.0,2861.1,4.95,176.12
457,easy,12,10:32:03,10:32:06,10:32:12,COMPLETED,29519.0,116.9,3.12,9.72
317,medium,14,09:37:30,09:37:33,10:33:54,COMPLETED,37071.0,56341.1,3.86,3384.19
350,easy,12,10:35:02,10:35:03,10:35:22,COMPLETED,29651.0,320.6,1.40,20.37
471,medium,13,10:32:14,10:32:19,10:35:34,COMPLETED,34871.0,3266.9,5.18,200.96
409,medium,14,10:27:35,10:27:40,10:36:12,COMPLETED,30921.0,8534.1,5.87,517.68
384,easy,11,10:36:32,10:36:37,10:37:03,COMPLETED,28359.0,427.0,5.93,31.27
491,easy,11,10:36:35,10:36:37,10:37:03,COMPLETED,29128.0,426.6,2.93,28.27
396,easy,11,10:36:44,10:36:44,10:37:03,COMPLETED,28902.0,321.1,0.31,19.27
379,easy,12,10:37:37,10:37:41,10:37:53,COMPLETED,22279.0,216.3,4.10,16.78
381,easy,11,10:37:45,10:37:47,10:37:53,COMPLETED,26822.0,111.1,2.43,8.78
369,easy,12,10:34:54,10:34:57,10:38:12,COMPLETED,31763.0,3265.0,3.09,198.72
322,hard,15,09:31:59,09:32:04,10:38:25,COMPLETED,32750.0,66344.7,5.79,3986.33
412,easy,12,10:38:33,10:38:38,10:39:10,COMPLETED,25894.0,540.5,5.25,37.35
481,easy,11,10:39:03,10:39:03,10:39:16,COMPLETED,25566.0,220.5,0.96,13.72
376,easy,12,10:39:52,10:39:55,10:40:21,COMPLETED,24898.0,442.5,3.50,29.57
421,easy,11,10:41:09,10:41:12,10:41:19,COMPLETED,23902.0,118.9,3.37,10.00
502,easy,12,10:41:04,10:41:06,10:41:38,COMPLETED,32707.0,551.0,2.01,34.57
197,hard,15,09:19:25,09:19:27,10:42:24,COMPLETED,28004.0,82950.6,2.16,4979.13
468,easy,12,10:42:15,10:42:17,10:42:43,COMPLETED,24392.0,430.2,2.55,28.07
501,medium,14,10:12:53,10:12:55,10:43:41,COMPLETED,38187.0,30773.5,2.04,1848.35
493,easy,12,10:43:20,10:43:21,10:43:41,COMPLETED,21441.0,330.6,1.80,21.35
414,medium,14,10:35:11,10:35:16,10:43:47,COMPLETED,28389.0,8534.6,5.00,516.67
449,medium,14,10:14:39,10:14:42,10:44:13,COMPLETED,39447.0,29511.5,3.68,1774.22
413,easy,12,10:44:50,10:44:51,10:44:57,COMPLETED,19563.0,111.2,1.24,7.58
391,easy,12,10:44:57,10:44:57,10:45:22,COMPLETED,28148.0,424.9,0.58,25.80
165,hard,15,08:53:09,08:53:15,10:45:35,COMPLETED,31791.0,112338.7,6.09,6746.38
444,easy,11,10:45:48,10:45:54,10:46:00,COMPLETED,29442.0,110.1,6.25,12.58
254,hard,15,09:30:46,09:30:48,10:46:32,COMPLETED,31096.0,75724.2,2.63,4546.14
459,easy,11,10:46:27,10:46:32,10:46:38,COMPLETED,27606.0,110.1,5.14,11.48
447,medium,14,10:30:18,10:30:24,10:46:57,COMPLETED,27631.0,16555.2,6.26,999.36
394,medium,13,10:36:16,10:36:18,10:47:16,COMPLETED,24741.0,10957.5,2.99,660.21
366,medium,14,10:39:38,10:39:42,10:47:47,COMPLETED,32816.0,8092.3,4.39,489.68
505,easy,12,10:48:11,10:48:12,10:48:25,COMPLETED,26311.0,216.7,1.83,14.51
424,easy,11,10:48:36,10:48:38,10:48:44,COMPLETED,22737.0,112.6,2.23,8.65
465,hard,15,10:03:56,10:04:01,10:49:03,COMPLETED,34327.0,45038.8,5.57,2707.76
367,easy,11,10:48:53,10:48:57,10:49:03,COMPLETED,25592.0,112.3,4.35,10.76
438,easy,11,10:48:59,10:49:03,10:49:10,COMPLETED,31292.0,111.6,4.76,11.12
401,easy,12,10:48:57,10:48:57,10:49:22,COMPLETED,29408.0,427.6,0.35,25.78
403,easy,12,10:49:35,10:49:35,10:49:55,COMPLETED,26453.0,333.3,0.54,20.07
408,medium,13,10:46:10,10:46:13,10:50:08,COMPLETED,31368.0,3919.9,3.16,238.04
399,medium,13,10:47:24,10:47:28,10:50:52,COMPLETED,24238.0,3407.3,4.81,208.72
478,easy,11,10:50:48,10:50:52,10:51:05,COMPLETED,27356.0,226.5,4.72,17.80
388,medium,13,10:48:38,10:48:38,10:51:18,COMPLETED,27752.0,2683.3,0.23,160.83
393,easy,11,10:51:19,10:51:25,10:51:45,COMPLETED,24606.0,336.6,6.34,26.22
435,easy,11,10:52:00,10:52:04,10:52:30,COMPLETED,25989.0,436.0,4.63,30.19
365,easy,12,10:52:14,10:52:17,10:52:49,COMPLETED,20897.0,546.6,3.51,35.98
373,medium,13,10:49:05,10:49:10,10:53:16,COMPLETED,32578.0,4105.1,5.12,251.10
469,easy,11,10:52:50,10:52:56,10:53:16,COMPLETED,23345.0,335.4,6.35,26.10
448,medium,14,10:15:28,10:15:28,10:54:14,COMPLETED,35088.0,38770.7,0.22,2326.18
418,medium,14,10:34:26,10:34:31,10:55:25,COMPLETED,37652.0,20901.1,5.89,1259.59
431,easy,12,10:54:33,10:55:32,10:55:44,COMPLETED,26596.0,219.8,59.15,71.97
455,medium,14,10:52:56,10:52:56,10:55:57,COMPLETED,26395.0,3026.2,0.35,181.73
445,easy,11,10:55:43,10:56:04,10:56:23,COMPLETED,22464.0,321.8,21.07,40.07
437,medium,14,10:25:28,10:25:28,10:57:07,COMPLETED,29766.0,31651.8,0.42,1899.38
477,easy,12,10:56:00,10:56:29,10:57:20,COMPLETED,32420.0,849.4,29.40,80.07
390,easy,11,10:56:08,10:57:13,10:57:20,COMPLETED,25742.0,111.1,65.72,72.07
441,easy,12,10:56:58,10:57:26,10:58:29,COMPLETED,33317.0,1058.0,28.40,91.62
442,medium,13,10:52:24,10:52:30,11:00:29,COMPLETED,35157.0,7996.8,6.19,485.74
425,easy,12,10:57:11,10:58:35,11:00:55,COMPLETED,25474.0,2331.0,84.94,224.31
351,easy,12,10:57:34,11:01:01,11:01:53,COMPLETED,28883.0,871.9,207.86,259.81
500,hard,15,10:36:24,10:36:25,11:02:00,COMPLETED,34136.0,25588.9,1.32,1536.21
261,hard,15,09:03:28,09:03:28,11:02:19,COMPLETED,34040.0,118855.7,0.68,7131.99
344,easy,11,10:58:06,11:02:06,11:02:26,COMPLETED,27250.0,333.6,240.86,260.32
352,easy,12,10:56:27,10:57:26,11:02:32,COMPLETED,35696.0,5119.2,59.40,365.94
357,easy,12,10:59:04,11:02:32,11:03:05,COMPLETED,21112.0,549.5,208.94,241.40
385,medium,14,10:51:29,10:51:32,11:03:31,COMPLETED,28600.0,11993.7,3.01,722.39
472,easy,11,10:59:15,11:03:37,11:03:44,COMPLETED,23063.0,118.7,262.72,269.33
415,hard,15,10:26:27,10:26:31,11:04:03,COMPLETED,35276.0,37539.3,4.73,2256.80
346,easy,12,10:59:05,11:02:39,11:04:16,COMPLETED,30914.0,1630.2,214.63,311.95
470,medium,13,10:57:16,11:00:36,11:05:08,COMPLETED,26998.0,4550.5,200.07,472.81
378,medium,13,10:51:33,10:51:38,11:05:34,COMPLETED,33631.0,13943.8,5.59,841.97
450,hard,15,10:08:27,10:08:30,11:05:54,COMPLETED,33078.0,57401.7,3.47,3447.34
380,medium,13,10:58:46,11:02:26,11:06:00,COMPLETED,28539.0,3585.3,220.32,434.89
589,medium,13,11:00:21,11:04:23,11:06:20,COMPLETED,24175.0,1957.4,242.52,359.48
550,easy,12,11:01:57,11:06:27,11:07:04,COMPLETED,31313.0,637.2,270.03,307.95
552,easy,12,11:02:30,11:07:11,11:08:08,COMPLETED,32428.0,954.8,281.28,338.26
488,medium,14,10:48:27,10:48:31,11:08:52,COMPLETED,30654.0,20347.8,4.86,1225.50
585,easy,12,11:04:49,11:08:58,11:09:43,COMPLETED,28703.0,742.7,249.83,294.08
537,easy,11,11:04:52,11:09:49,11:09:55,COMPLETED,29831.0,112.7,297.41,303.78
620,medium,13,11:01:52,11:06:07,11:10:14,COMPLETED,28742.0,4127.6,255.53,502.88
608,easy,11,11:05:19,11:10:21,11:10:27,COMPLETED,31518.0,111.0,302.22,308.57
202,hard,15,09:26:03,09:26:08,11:11:05,COMPLETED,36047.0,104959.4,5.05,6302.57
676,easy,12,11:05:18,11:10:02,11:11:05,COMPLETED,29636.0,1061.5,284.20,347.57
382,medium,14,10:14:47,10:14:49,11:11:24,COMPLETED,39056.0,56592.9,2.24,3397.69
484,hard,15,10:01:17,10:01:17,11:11:31,COMPLETED,32271.0,70221.4,0.87,4214.01
650,easy,12,11:05:36,11:11:11,11:11:43,COMPLETED,24612.0,538.7,335.92,367.95
672,easy,12,11:06:14,11:11:31,11:11:56,COMPLETED,30755.0,439.6,317.01,342.90
519,easy,11,11:07:31,11:11:50,11:12:22,COMPLETED,29846.0,547.7,259.29,291.67
637,easy,12,11:08:01,11:12:03,11:12:22,COMPLETED,26948.0,329.2,242.44,261.67
627,easy,12,11:08:29,11:12:29,11:12:54,COMPLETED,28908.0,433.3,240.23,265.97
622,easy,12,11:05:33,11:10:33,11:13:59,COMPLETED,34065.0,3437.1,300.90,506.65
538,medium,13,11:08:44,11:13:01,11:15:10,COMPLETED,37192.0,2166.8,257.30,386.81
200,hard,15,09:36:35,09:36:37,11:15:43,COMPLETED,30511.0,99089.3,2.78,5948.03
597,easy,11,11:09:35,11:15:49,11:16:02,COMPLETED,29991.0,226.1,374.58,387.63
599,easy,12,11:06:36,11:11:37,11:16:21,COMPLETED,33825.0,4749.1,301.45,585.92
670,medium,13,11:09:09,11:15:17,11:16:41,COMPLETED,30862.0,1411.6,368.36,452.60
231,hard,15,09:28:33,09:28:37,11:17:58,COMPLETED,28914.0,109363.2,4.23,6565.97
39,hard,15,08:04:18,08:04:19,11:18:36,COMPLETED,33896.0,194288.9,1.56,11658.92
406,medium,14,10:35:16,10:35:16,11:18:36,COMPLETED,34114.0,43351.0,0.00,2600.92
347,medium,14,10:39:22,10:39:23,11:18:36,COMPLETED,28379.0,39230.7,1.23,2354.92
643,easy,11,11:10:30,11:18:43,11:18:49,COMPLETED,25026.0,111.9,493.27,499.70
560,easy,12,11:10:53,11:18:43,11:18:49,COMPLETED,30861.0,111.4,470.27,476.70
518,easy,12,11:11:04,11:18:43,11:20:24,COMPLETED,31899.0,1691.8,459.27,560.56
430,medium,14,10:16:13,10:16:18,11:21:21,COMPLETED,32919.0,65048.2,5.93,3908.70
666,medium,13,11:11:20,11:18:56,11:21:34,COMPLETED,30806.0,2643.9,456.03,614.41
566,medium,13,11:04:47,11:08:14,11:22:31,COMPLETED,22783.0,14283.8,207.59,1064.36
213,hard,15,09:35:14,09:35:15,11:23:09,COMPLETED,23636.0,107902.7,1.58,6475.75
523,medium,13,11:11:55,11:21:40,11:23:22,COMPLETED,24700.0,1711.0,585.74,687.92
361,hard,15,10:59:21,11:04:10,11:23:29,COMPLETED,34072.0,19324.7,289.34,1448.46
215,hard,15,09:42:09,09:42:09,11:24:08,COMPLETED,31569.0,101974.8,0.89,6119.31
358,hard,15,10:32:52,10:32:57,11:24:14,COMPLETED,28355.0,51289.5,5.62,3082.64
624,medium,13,11:12:20,11:23:35,11:24:40,COMPLETED,28888.0,1088.1,675.96,740.73
678,easy,11,11:12:41,11:24:21,11:24:40,COMPLETED,23444.0,335.8,700.17,719.73
576,easy,12,11:12:28,11:24:14,11:27:33,COMPLETED,23997.0,3326.9,706.64,905.72
539,easy,11,11:14:29,11:27:40,11:28:06,COMPLETED,27031.0,445.2,791.32,817.52
586,hard,15,11:09:54,11:16:09,11:28:13,COMPLETED,27840.0,12073.3,375.19,1099.08
258,hard,15,09:05:30,09:05:32,11:28:19,COMPLETED,33585.0,142783.1,2.85,8569.72
647,medium,14,11:14:23,11:24:47,11:30:14,COMPLETED,24452.0,5452.3,624.37,951.32
206,hard,15,09:10:20,09:10:23,11:30:20,COMPLETED,31098.0,139949.6,3.73,8400.64
601,easy,12,11:16:21,11:30:20,11:31:23,COMPLETED,28643.0,1059.0,839.64,902.88
340,medium,14,10:37:05,10:37:09,11:31:55,COMPLETED,40800.0,54767.5,4.60,3290.51
533,medium,14,11:15:07,11:28:19,11:32:08,COMPLETED,27883.0,3812.6,792.72,1021.19
548,easy,11,11:18:09,11:31:30,11:32:08,COMPLETED,25263.0,638.2,801.21,839.19
648,easy,11,11:18:22,11:32:01,11:32:14,COMPLETED,29927.0,217.7,819.84,832.53
554,medium,13,11:14:32,11:28:13,11:33:17,COMPLETED,26743.0,5082.6,821.08,1125.76
646,medium,13,11:17:05,11:30:27,11:33:17,COMPLETED,24678.0,2850.8,802.01,972.76
536,easy,11,11:20:08,11:33:24,11:33:49,COMPLETED,33837.0,428.7,796.09,821.50
626,easy,11,11:20:38,11:33:55,11:34:08,COMPLETED,28238.0,217.2,797.85,810.57
544,medium,14,11:12:52,11:24:47,11:34:59,COMPLETED,33445.0,10202.4,715.37,1327.22
669,medium,13,11:20:08,11:32:20,11:35:05,COMPLETED,28392.0,2749.6,732.93,897.58
668,medium,13,11:16:17,11:28:26,11:35:56,COMPLETED,22114.0,7503.1,729.33,1179.24
473,hard,15,10:39:18,10:39:23,11:37:05,COMPLETED,26695.0,57712.3,5.23,3467.82
606,hard,15,11:09:58,11:16:28,11:37:50,COMPLETED,28074.0,21364.9,390.48,1672.15
636,medium,14,11:01:44,11:06:00,11:38:02,COMPLETED,30781.0,32036.7,256.89,2178.88
494,medium,14,10:57:45,11:02:00,11:38:21,COMPLETED,26257.0,36364.2,255.21,2436.87
499,hard,15,10:16:12,10:16:12,11:40:35,COMPLETED,32860.0,84384.7,0.41,5063.39
524,hard,15,11:12:13,11:23:16,11:40:54,COMPLETED,29154.0,17639.0,663.29,1721.39
574,easy,12,11:24:26,11:40:41,11:42:11,COMPLETED,34001.0,1493.6,975.72,1065.04
642,hard,15,11:11:34,11:21:28,11:42:42,COMPLETED,37316.0,21248.8,594.03,1868.68
664,medium,13,11:24:06,11:38:28,11:42:42,COMPLETED,34854.0,4247.3,862.21,1116.68
570,easy,11,11:25:29,11:42:49,11:43:01,COMPLETED,21261.0,217.1,1040.08,1052.81
532,easy,11,11:25:36,11:43:08,11:43:20,COMPLETED,27506.0,217.3,1052.14,1064.88
497,hard,15,10:20:00,10:20:01,11:43:52,COMPLETED,33022.0,83855.6,1.40,5032.62
547,easy,12,11:25:30,11:42:49,11:44:05,COMPLETED,26104.0,1274.9,1039.08,1115.33
600,medium,13,11:24:47,11:42:17,11:44:11,COMPLETED,30928.0,1910.4,1050.37,1164.66
628,medium,14,11:22:50,11:37:56,11:44:30,COMPLETED,30372.0,6575.4,906.48,1300.71
615,medium,14,11:25:37,11:43:27,11:45:02,COMPLETED,25666.0,1590.5,1070.21,1165.35
220,hard,15,09:57:48,09:57:51,11:45:33,COMPLETED,30660.0,107709.5,3.47,6465.97
526,easy,12,11:27:18,11:45:40,11:45:53,COMPLETED,32992.0,218.5,1102.30,1115.07
641,easy,12,11:26:05,11:44:18,11:46:05,COMPLETED,21669.0,1802.1,1093.03,1200.86
546,medium,13,11:27:29,11:46:12,11:47:15,COMPLETED,28369.0,1063.4,1123.19,1186.48
675,hard,15,11:01:11,11:05:15,11:47:35,COMPLETED,29459.0,42336.8,244.16,2784.18
581,easy,11,11:27:37,11:47:22,11:47:35,COMPLETED,26889.0,224.3,1185.03,1198.18
584,easy,11,11:28:06,11:47:41,11:48:07,COMPLETED,19015.0,439.5,1175.52,1201.48
607,easy,12,11:27:48,11:47:41,11:48:52,COMPLETED,27085.0,1191.7,1193.52,1264.53
644,medium,13,11:12:18,11:23:29,11:48:59,COMPLETED,30433.0,25501.2,671.46,2201.08
453,hard,15,10:59:08,11:03:11,11:49:44,COMPLETED,27393.0,46547.8,243.96,3036.53
527,medium,13,11:19:09,11:32:14,11:50:29,COMPLETED,39912.0,18255.8,785.53,1880.54
531,easy,12,11:28:34,11:48:59,11:50:29,COMPLETED,25280.0,1516.4,1225.08,1315.54
522,medium,13,11:29:09,11:49:05,11:51:08,COMPLETED,33413.0,2057.3,1196.70,1319.61
590,medium,14,11:24:46,11:41:00,11:51:28,COMPLETED,35180.0,10460.3,974.72,1602.08
543,medium,13,11:23:24,11:38:09,11:51:47,COMPLETED,37235.0,13645.9,885.21,1703.55
645,easy,12,11:30:56,11:51:34,11:52:00,COMPLETED,30272.0,443.0,1238.42,1264.71
621,easy,11,11:31:05,11:51:54,11:52:13,COMPLETED,21661.0,335.1,1249.09,1268.61
654,easy,11,11:31:07,11:52:07,11:52:13,COMPLETED,27679.0,120.2,1260.03,1266.61
528,hard,15,11:30:19,11:50:36,11:52:20,COMPLETED,23639.0,1746.1,1217.12,1321.29
521,medium,13,11:26:45,11:45:08,11:52:26,COMPLETED,33526.0,7312.6,1103.68,1541.93
513,easy,11,11:31:25,11:52:20,11:52:26,COMPLETED,25542.0,120.2,1255.29,1261.93
656,easy,11,11:32:25,11:52:26,11:52:53,COMPLETED,29278.0,445.7,1201.93,1228.19
515,easy,11,11:34:19,11:52:33,11:52:53,COMPLETED,28715.0,334.5,1094.56,1114.19
534,medium,13,11:30:33,11:51:15,11:52:59,COMPLETED,28056.0,1752.7,1242.23,1346.76
233,hard,15,09:44:35,09:44:36,11:53:06,COMPLETED,32670.0,128495.3,1.84,7711.46
632,medium,14,11:26:13,11:44:37,11:53:06,COMPLETED,29150.0,8496.2,1104.06,1613.46
517,easy,11,11:35:22,11:53:06,11:53:19,COMPLETED,28448.0,227.7,1064.46,1077.63
573,easy,11,11:36:33,11:53:12,11:53:19,COMPLETED,26985.0,119.0,999.93,1006.63
580,easy,11,11:37:24,11:53:26,11:53:32,COMPLETED,25369.0,118.4,962.20,968.89
562,easy,12,11:34:47,11:52:59,11:54:50,COMPLETED,35174.0,1850.3,1092.76,1203.31
592,easy,11,11:37:43,11:54:56,11:55:03,COMPLETED,25976.0,118.8,1033.85,1040.47
565,easy,11,11:38:56,11:55:10,11:55:16,COMPLETED,28345.0,117.1,974.02,980.69
558,easy,12,11:37:25,11:53:39,11:55:35,COMPLETED,22283.0,1945.8,974.43,1090.83
658,medium,14,11:21:16,11:34:14,11:55:42,COMPLETED,26477.0,21460.6,778.90,2066.22
638,easy,11,11:39:46,11:55:23,11:55:42,COMPLETED,25676.0,325.8,937.08,956.22
575,easy,11,11:40:06,11:55:42,11:56:01,COMPLETED,24364.0,323.7,936.22,955.35
541,easy,11,11:40:06,11:55:48,11:56:32,COMPLETED,26451.0,743.7,942.65,986.98
639,medium,13,11:30:31,11:50:36,11:56:52,COMPLETED,31927.0,6267.8,1205.12,1581.01
665,medium,14,11:22:33,11:35:11,11:58:52,COMPLETED,28049.0,23678.7,758.95,2179.44
651,easy,12,11:41:05,11:58:58,11:59:17,COMPLETED,30569.0,321.6,1073.77,1092.76
514,easy,12,11:41:50,11:59:24,11:59:55,COMPLETED,33175.0,532.9,1054.09,1085.76
542,medium,13,11:36:25,11:53:12,12:00:27,COMPLETED,29711.0,7249.3,1007.93,1442.45
657,easy,11,11:41:54,12:00:02,12:00:27,COMPLETED,34243.0,431.5,1088.09,1113.45
564,medium,13,11:40:33,11:56:07,12:00:47,COMPLETED,26784.0,4666.3,934.68,1214.22
549,easy,11,11:43:04,12:00:34,12:00:53,COMPLETED,24765.0,337.7,1050.02,1069.70
671,medium,13,11:43:12,12:00:53,12:02:11,COMPLETED,33090.0,1308.6,1061.70,1139.72
495,hard,15,10:53:16,10:53:22,12:03:03,COMPLETED,33313.0,69685.1,6.52,4187.38
598,hard,15,11:35:12,11:52:59,12:03:35,COMPLETED,29880.0,10605.3,1067.76,1703.87
545,medium,13,11:33:58,11:52:33,12:03:42,COMPLETED,37387.0,11153.8,1115.56,1784.23
556,medium,14,11:22:44,11:37:12,12:04:08,COMPLETED,35258.0,26944.5,868.17,2484.37
271,hard,15,09:24:40,09:24:40,12:04:15,COMPLETED,30319.0,159572.9,0.72,9575.03
618,easy,11,11:46:35,12:04:21,12:04:34,COMPLETED,30023.0,225.3,1066.40,1079.38
614,easy,12,11:46:10,12:04:15,12:05:07,COMPLETED,26901.0,873.8,1085.03,1137.15
593,easy,12,11:45:00,12:03:42,12:05:13,COMPLETED,36981.0,1527.1,1122.23,1213.49
602,easy,11,11:46:38,12:05:13,12:05:33,COMPLETED,17627.0,333.4,1115.49,1135.00
568,medium,14,11:25:50,11:44:11,12:06:18,COMPLETED,19929.0,22116.9,1101.66,2428.24
616,easy,11,11:48:04,12:06:24,12:06:37,COMPLETED,23087.0,218.0,1100.85,1113.63
217,hard,15,09:37:56,09:37:58,12:06:43,COMPLETED,28068.0,148753.7,2.78,8927.96
529,easy,12,11:49:06,12:06:50,12:06:56,COMPLETED,26439.0,111.9,1064.41,1070.76
181,hard,15,09:01:28,09:01:30,12:07:03,COMPLETED,32448.0,185543.4,2.60,11135.15
619,easy,12,11:48:15,12:06:43,12:07:15,COMPLETED,28856.0,537.1,1108.96,1140.89
611,easy,12,11:49:31,12:07:09,12:07:53,COMPLETED,24115.0,743.6,1058.52,1102.84
609,easy,12,11:49:41,12:07:22,12:08:00,COMPLETED,27769.0,638.2,1061.22,1099.17
530,easy,12,11:49:17,12:07:03,12:08:12,COMPLETED,33932.0,1167.4,1066.15,1135.91
595,easy,11,11:50:41,12:08:00,12:08:12,COMPLETED,28548.0,217.3,1039.17,1051.91
578,easy,12,11:51:09,12:08:06,12:08:25,COMPLETED,23102.0,322.8,1017.55,1036.62
561,easy,12,11:52:08,12:08:31,12:08:50,COMPLETED,23393.0,321.5,983.95,1002.94
540,easy,12,11:52:16,12:08:57,12:09:09,COMPLETED,25483.0,216.5,1001.27,1013.94
661,hard,15,11:43:06,12:00:34,12:09:22,COMPLETED,27730.0,8813.2,1048.02,1576.64
623,medium,14,11:44:45,12:03:09,12:10:06,COMPLETED,27822.0,6955.9,1104.92,1521.97
520,easy,12,11:52:22,12:09:28,12:10:19,COMPLETED,30427.0,852.5,1026.97,1077.77
405,hard,15,10:17:13,10:17:15,12:10:38,COMPLETED,37837.0,113388.9,2.72,6805.96
634,easy,11,11:52:29,12:10:26,12:10:45,COMPLETED,23207.0,325.6,1077.15,1096.34
662,hard,15,11:22:42,11:36:02,12:11:17,COMPLETED,34319.0,35245.9,800.57,2915.11
510,easy,12,11:53:00,12:10:51,12:11:23,COMPLETED,26181.0,534.4,1071.72,1103.45
679,hard,15,11:08:09,11:12:29,12:11:49,COMPLETED,36760.0,59338.1,260.23,3820.36
587,easy,11,11:53:54,12:11:55,12:12:02,COMPLETED,24217.0,114.6,1081.69,1088.26
551,easy,11,11:53:09,12:11:23,12:12:27,COMPLETED,35044.0,1082.5,1094.45,1158.90
605,easy,11,11:54:09,12:12:34,12:12:47,COMPLETED,26230.0,224.8,1105.45,1118.43
653,medium,14,11:40:53,11:56:39,12:13:13,COMPLETED,34198.0,16574.7,946.31,1940.40
516,medium,14,11:44:17,12:01:00,12:13:32,COMPLETED,37909.0,12547.1,1003.34,1755.88
582,easy,11,11:54:45,12:13:39,12:13:45,COMPLETED,21112.0,114.4,1134.27,1140.63
571,easy,12,11:53:18,12:11:29,12:13:52,COMPLETED,24828.0,2378.4,1091.82,1234.18
377,hard,15,10:54:58,10:55:51,12:13:58,COMPLETED,30893.0,78126.1,53.37,4740.57
635,easy,11,11:55:03,12:13:52,12:14:05,COMPLETED,27962.0,227.9,1129.18,1142.24
511,easy,11,11:54:38,12:13:19,12:14:25,COMPLETED,28409.0,1092.4,1121.95,1187.02
553,easy,11,11:56:28,12:14:11,12:14:25,COMPLETED,19285.0,227.4,1063.91,1077.02
660,easy,12,11:55:20,12:13:58,12:14:31,COMPLETED,33053.0,562.8,1118.57,1151.59
629,easy,12,11:55:44,12:14:05,12:14:38,COMPLETED,29882.0,562.6,1101.24,1134.41
652,easy,11,11:57:32,12:14:31,12:14:51,COMPLETED,23023.0,338.7,1019.59,1039.44
577,easy,11,11:58:11,12:14:38,12:14:57,COMPLETED,25672.0,335.8,987.41,1006.99
594,easy,11,11:59:44,12:14:57,12:15:36,COMPLETED,24338.0,655.3,913.99,952.76
318,hard,15,09:53:46,09:53:50,12:15:49,COMPLETED,37203.0,141990.0,4.66,8523.98
663,medium,14,11:46:37,12:04:40,12:16:48,COMPLETED,26584.0,12123.3,1083.96,1811.12
353,hard,15,10:51:50,10:51:51,12:17:07,COMPLETED,34632.0,85267.1,1.59,5117.40
838,easy,12,12:00:45,12:16:54,12:17:07,COMPLETED,30096.0,225.9,969.45,982.40
555,easy,12,11:57:58,12:14:31,12:17:20,COMPLETED,29127.0,2824.9,993.59,1162.74
755,easy,12,12:01:32,12:17:14,12:17:40,COMPLETED,21268.0,440.1,942.05,968.26
392,medium,14,10:48:06,10:48:06,12:18:43,COMPLETED,30994.0,90619.1,0.51,5437.54
525,hard,15,11:45:44,12:03:48,12:18:43,COMPLETED,26333.0,14915.1,1084.91,1979.54
630,medium,14,11:54:02,12:12:08,12:19:34,COMPLETED,33175.0,7438.0,1086.59,1532.57
828,easy,11,12:04:20,12:19:40,12:19:47,COMPLETED,21104.0,111.0,920.95,927.31
819,easy,11,12:04:30,12:19:53,12:20:12,COMPLETED,24431.0,321.4,923.64,942.62
649,easy,12,11:59:46,12:15:04,12:20:18,COMPLETED,38144.0,5244.0,918.62,1232.95
596,medium,14,11:51:19,12:08:19,12:20:25,COMPLETED,37190.0,12106.0,1020.24,1746.33
785,easy,11,12:04:43,12:20:18,12:20:31,COMPLETED,24401.0,218.5,935.95,948.69
726,easy,11,12:05:37,12:20:38,12:21:09,COMPLETED,34879.0,532.8,901.10,932.76
579,hard,15,11:52:20,12:09:16,12:21:28,COMPLETED,31768.0,12212.0,1016.28,1748.76
572,medium,14,11:11:06,11:18:56,12:21:41,COMPLETED,32326.0,62759.7,470.03,4235.46
710,easy,11,12:05:42,12:21:35,12:21:47,COMPLETED,30558.0,218.4,953.10,965.80
723,easy,11,12:06:22,12:21:47,12:21:54,COMPLETED,26682.0,113.0,925.80,932.24
687,medium,14,12:00:17,12:15:43,12:22:00,COMPLETED,27411.0,6292.5,926.37,1303.60
462,medium,14,10:04:36,10:04:39,12:22:13,COMPLETED,41946.0,137557.8,3.95,8257.35
625,medium,13,11:27:27,11:45:59,12:22:19,COMPLETED,39337.0,36342.5,1112.43,3292.73
818,easy,12,12:06:43,12:21:54,12:22:19,COMPLETED,31058.0,431.4,911.24,936.73
750,medium,13,12:07:00,12:22:00,12:23:11,COMPLETED,16395.0,1186.6,900.60,971.52
847,medium,13,12:02:03,12:17:46,12:23:50,COMPLETED,34769.0,6067.1,943.59,1307.22
667,medium,14,11:46:53,12:05:19,12:24:22,COMPLETED,26591.0,19053.2,1106.90,2249.87
727,easy,12,12:07:38,12:22:26,12:24:35,COMPLETED,33121.0,2168.6,888.16,1017.84
583,hard,15,11:12:09,11:22:37,12:24:55,COMPLETED,28258.0,62296.9,628.70,4366.36
686,medium,13,12:02:56,12:18:49,12:24:55,COMPLETED,29730.0,6093.8,953.94,1319.36
688,easy,12,12:09:33,12:25:01,12:25:27,COMPLETED,31918.0,428.5,928.70,954.09
417,medium,14,10:32:34,10:32:38,12:25:33,COMPLETED,38789.0,112922.5,4.21,6779.44
711,medium,13,12:00:30,12:15:56,12:25:58,COMPLETED,30726.0,10040.8,926.57,1528.81
835,easy,12,12:09:40,12:25:33,12:26:17,COMPLETED,31576.0,746.8,953.44,997.90
768,easy,12,12:11:11,12:26:24,12:27:02,COMPLETED,27451.0,645.4,913.29,951.51
694,medium,13,12:08:30,12:24:29,12:28:07,COMPLETED,36472.0,3645.8,959.24,1177.54
613,medium,14,11:54:18,12:12:53,12:28:26,COMPLETED,26266.0,15550.2,1115.98,2048.77
812,medium,13,12:08:24,12:23:56,12:28:33,COMPLETED,30086.0,4615.7,932.73,1209.10
707,medium,13,12:07:55,12:23:17,12:28:52,COMPLETED,29947.0,5586.9,922.85,1257.80
738,medium,13,12:09:14,12:24:42,12:28:59,COMPLETED,32961.0,4284.0,928.39,1185.14
777,medium,13,12:11:43,12:28:14,12:28:59,COMPLETED,26125.0,756.6,991.07,1036.14
764,easy,11,12:12:30,12:28:39,12:29:05,COMPLETED,27767.0,434.9,969.77,995.51
591,medium,14,11:41:02,11:56:58,12:29:18,COMPLETED,31717.0,32335.6,956.34,2896.28
807,medium,14,12:10:47,12:26:05,12:29:43,COMPLETED,34198.0,3645.9,918.14,1136.61
732,easy,12,12:13:24,12:29:11,12:29:43,COMPLETED,30574.0,533.7,947.90,979.61
535,medium,14,11:59:36,12:14:45,12:29:49,COMPLETED,31823.0,15086.4,909.08,1813.95
685,medium,13,12:12:54,12:29:05,12:31:06,COMPLETED,19609.0,2013.1,971.51,1092.01
640,hard,15,11:18:43,11:32:14,12:31:12,COMPLETED,29712.0,58966.8,811.53,4349.34
742,easy,12,12:12:39,12:28:59,12:31:25,COMPLETED,34136.0,2436.9,980.14,1126.08
753,easy,11,12:14:21,12:31:12,12:31:31,COMPLETED,33120.0,323.5,1011.34,1030.41
839,easy,11,12:14:43,12:31:18,12:31:31,COMPLETED,18149.0,217.5,995.71,1008.41
831,easy,11,12:14:48,12:31:31,12:31:50,COMPLETED,28330.0,323.0,1003.41,1022.50
817,medium,14,12:11:51,12:28:33,12:31:56,COMPLETED,29144.0,3400.7,1002.10,1205.83
693,medium,13,12:14:00,12:29:49,12:31:56,COMPLETED,25672.0,2119.6,949.95,1076.83
702,easy,11,12:15:54,12:32:03,12:32:15,COMPLETED,26919.0,216.8,969.22,981.93
700,easy,12,12:15:13,12:31:56,12:32:22,COMPLETED,28389.0,430.4,1003.83,1029.25
782,easy,12,12:16:04,12:32:22,12:33:19,COMPLETED,27788.0,957.7,978.25,1035.42
826,medium,14,12:01:14,12:17:14,12:35:08,COMPLETED,25490.0,17913.8,960.05,2034.52
767,medium,13,12:17:12,12:33:25,12:35:08,COMPLETED,32807.0,1722.1,973.75,1076.52
729,medium,14,12:05:33,12:20:31,12:35:34,COMPLETED,33464.0,15056.2,898.69,1801.79
766,medium,13,12:17:35,12:35:15,12:35:34,COMPLETED,29864.0,333.1,1060.11,1079.79
787,hard,15,12:11:17,12:27:09,12:35:41,COMPLETED,31207.0,8545.6,952.06,1464.21
689,medium,13,12:17:14,12:35:15,12:36:01,COMPLETED,26292.0,770.5,1081.11,1127.05
722,easy,12,12:17:50,12:35:41,12:37:12,COMPLETED,23810.0,1523.1,1071.21,1162.11
673,medium,13,11:52:27,12:10:13,12:37:18,COMPLETED,40234.0,27098.4,1066.35,2691.80
703,medium,13,12:16:45,12:32:28,12:40:12,COMPLETED,24492.0,7740.9,943.69,1407.86
745,medium,13,12:15:56,12:32:03,12:40:38,COMPLETED,25207.0,8589.2,967.22,1482.33
752,easy,12,12:19:18,12:37:25,12:40:51,COMPLETED,32197.0,3432.3,1087.46,1293.06
691,medium,14,12:18:13,12:35:41,12:40:57,COMPLETED,33551.0,5274.8,1048.21,1364.45
759,easy,11,12:20:22,12:40:57,12:41:03,COMPLETED,25525.0,112.9,1235.45,1241.85
810,medium,13,12:19:16,12:37:18,12:41:16,COMPLETED,38117.0,3968.8,1082.80,1320.64
816,easy,12,12:20:45,12:41:10,12:41:54,COMPLETED,26920.0,745.0,1225.25,1269.63
716,easy,12,12:22:25,12:42:00,12:42:32,COMPLETED,25379.0,533.1,1175.99,1207.62
490,medium,14,10:33:50,10:33:54,12:42:57,COMPLETED,38383.0,129064.5,4.19,7747.98
827,easy,11,12:22:46,12:42:38,12:42:57,COMPLETED,27925.0,321.6,1193.00,1211.98
805,medium,14,12:19:12,12:36:07,12:43:04,COMPLETED,30600.0,6954.7,1015.38,1432.31
633,medium,13,11:47:30,12:05:39,12:43:10,COMPLETED,36547.0,37523.5,1089.54,3340.72
771,easy,11,12:22:54,12:43:04,12:43:23,COMPLETED,27398.0,323.7,1210.31,1229.45
712,medium,13,12:20:13,12:40:44,12:43:36,COMPLETED,30047.0,2862.7,1231.66,1403.15
846,easy,11,12:23:01,12:43:10,12:43:36,COMPLETED,32434.0,429.1,1209.72,1235.15
696,easy,11,12:26:26,12:43:42,12:43:48,COMPLETED,22629.0,112.4,1036.50,1042.93
840,easy,12,12:24:57,12:43:29,12:43:55,COMPLETED,28497.0,432.4,1112.78,1138.31
739,medium,13,12:07:36,12:22:26,12:44:08,COMPLETED,44462.0,21704.8,890.16,2192.18
698,easy,11,12:27:06,12:43:55,12:44:08,COMPLETED,27105.0,220.6,1009.31,1022.18
832,easy,12,12:26:14,12:43:42,12:44:14,COMPLETED,30407.0,541.1,1048.50,1080.58
793,easy,11,12:27:19,12:44:14,12:44:27,COMPLETED,21680.0,218.1,1015.58,1028.37
789,easy,11,12:27:46,12:44:21,12:44:33,COMPLETED,26716.0,217.8,995.01,1007.70
588,medium,14,11:31:31,11:52:20,12:46:34,COMPLETED,31581.0,54230.8,1249.29,4503.08
731,medium,14,12:19:36,12:40:19,12:47:05,COMPLETED,28500.0,6779.7,1243.20,1649.72
277,medium,14,09:41:21,09:41:25,12:47:43,COMPLETED,42362.0,186308.7,4.26,11182.74
769,medium,14,12:13:37,12:29:24,12:48:21,COMPLETED,32929.0,18957.7,947.62,2084.83
758,easy,12,12:29:37,12:47:50,12:48:40,COMPLETED,28680.0,853.5,1093.11,1143.99
776,easy,11,12:29:55,12:48:28,12:48:40,COMPLETED,24697.0,218.9,1113.20,1125.99
741,easy,11,12:30:09,12:48:47,12:49:00,COMPLETED,28600.0,219.8,1118.36,1131.17
743,easy,11,12:30:29,12:48:47,12:49:00,COMPLETED,22138.0,219.4,1098.36,1111.17
799,easy,12,12:30:39,12:49:06,12:49:19,COMPLETED,20168.0,217.1,1107.60,1120.30
802,hard,15,12:22:11,12:41:22,12:51:14,COMPLETED,28038.0,9864.6,1151.98,1743.41
778,easy,12,12:31:19,12:51:20,12:51:53,COMPLETED,24879.0,545.8,1201.98,1234.24
680,easy,12,12:32:21,12:51:59,12:52:44,COMPLETED,29175.0,756.1,1178.77,1223.75
749,medium,13,12:07:09,12:22:07,12:54:45,COMPLETED,35824.0,32637.4,898.00,2856.03
801,medium,14,12:31:09,12:49:06,12:55:04,COMPLETED,33253.0,5963.8,1077.60,1435.17
736,easy,12,12:33:13,12:54:51,12:55:10,COMPLETED,28671.0,325.1,1298.37,1317.51
809,medium,14,12:27:26,12:44:14,12:55:16,COMPLETED,33208.0,11043.1,1008.58,1670.90
770,easy,12,12:34:17,12:55:23,12:55:54,COMPLETED,24036.0,532.2,1266.27,1297.90
837,easy,12,12:35:06,12:56:01,12:56:20,COMPLETED,25009.0,321.7,1255.22,1274.22
709,medium,14,12:28:41,12:46:40,12:56:32,COMPLETED,35438.0,9881.1,1079.42,1671.96
363,hard,15,10:14:00,10:14:04,12:56:58,COMPLETED,34334.0,162901.6,4.43,9778.47
708,medium,14,12:20:37,12:41:03,12:56:58,COMPLETED,33194.0,15914.7,1226.85,2181.47
699,easy,12,12:35:08,12:56:26,12:57:11,COMPLETED,23806.0,750.4,1278.55,1323.23
610,hard,15,11:11:34,11:20:30,12:57:17,COMPLETED,43106.0,96782.2,536.89,6343.62
772,easy,12,12:36:18,12:56:39,12:58:02,COMPLETED,32969.0,1387.4,1221.34,1304.24
677,hard,15,11:44:21,12:02:18,12:58:46,COMPLETED,33803.0,56482.7,1077.27,4465.95
567,hard,15,11:20:09,11:33:24,12:59:00,COMPLETED,39030.0,85603.8,795.09,5931.12
740,easy,11,12:38:43,12:58:53,12:59:00,COMPLETED,23029.0,119.5,1210.50,1217.12
557,hard,15,11:10:22,11:18:05,13:03:24,COMPLETED,34251.0,105330.2,463.31,6782.88
791,hard,15,12:09:37,12:25:01,13:03:24,COMPLETED,29054.0,38392.5,924.70,3227.88
720,easy,11,12:39:39,13:03:31,13:03:57,COMPLETED,38543.0,445.1,1432.58,1458.79
841,easy,12,12:40:05,13:03:31,13:03:57,COMPLETED,27086.0,444.3,1406.58,1432.79
774,medium,13,12:39:18,12:59:06,13:04:11,COMPLETED,27643.0,5080.2,1188.71,1493.13
773,easy,11,12:40:53,13:04:04,13:04:24,COMPLETED,27952.0,331.6,1391.37,1411.06
797,easy,11,12:41:02,13:04:17,13:04:24,COMPLETED,19171.0,111.7,1395.68,1402.06
781,medium,14,12:27:57,12:44:40,13:04:43,COMPLETED,30149.0,20055.0,1003.11,2206.14
705,easy,12,12:41:55,13:04:30,13:05:08,COMPLETED,29965.0,639.3,1355.40,1393.51
734,medium,13,12:40:19,13:04:04,13:05:53,COMPLETED,32562.0,1815.7,1425.37,1534.03
796,hard,15,12:13:39,12:29:49,13:08:50,COMPLETED,33036.0,39004.2,970.95,3311.01
830,easy,12,12:42:58,13:08:56,13:09:47,COMPLETED,31844.0,857.9,1558.34,1609.49
717,easy,11,12:43:06,13:09:53,13:10:00,COMPLETED,23153.0,119.0,1607.84,1614.47
775,medium,14,12:23:00,12:43:04,13:10:26,COMPLETED,28054.0,27376.9,1204.31,2846.66
268,hard,15,09:38:58,09:39:01,13:11:31,COMPLETED,39513.0,212497.4,3.21,12753.03
446,hard,15,10:53:46,10:53:48,13:12:48,COMPLETED,34359.0,139004.9,2.50,8342.62
126,hard,15,08:45:17,08:45:19,13:13:07,COMPLETED,27092.0,267800.1,2.87,16070.86
784,hard,15,12:01:46,12:17:27,13:13:14,COMPLETED,31221.0,55788.0,941.29,4288.19
836,medium,13,12:44:38,13:11:37,13:13:20,COMPLETED,27559.0,1734.9,1619.35,1722.88
795,easy,11,12:46:00,13:13:27,13:13:34,COMPLETED,23374.0,117.8,1647.52,1654.11
704,easy,12,12:45:29,13:13:14,13:13:40,COMPLETED,21411.0,450.7,1665.19,1691.63
808,easy,11,12:46:27,13:13:47,13:14:06,COMPLETED,27412.0,330.1,1640.29,1659.72
786,medium,14,12:44:25,13:10:33,13:15:30,COMPLETED,30643.0,4966.3,1568.15,1865.85
800,hard,15,12:05:37,12:21:16,13:17:50,COMPLETED,37208.0,56569.7,939.09,4333.11
806,easy,11,12:47:15,13:17:56,13:18:02,COMPLETED,28642.0,112.4,1841.44,1847.80
737,easy,12,12:47:17,13:18:09,13:18:28,COMPLETED,24309.0,321.8,1852.21,1871.21
756,medium,14,12:46:55,13:15:37,13:21:07,COMPLETED,27014.0,5510.1,1722.18,2052.29
765,easy,12,12:48:03,13:21:13,13:21:59,COMPLETED,27852.0,763.6,1990.84,2036.15
684,easy,12,12:48:41,13:22:05,13:22:18,COMPLETED,30951.0,224.0,2004.70,2017.84
407,hard,15,10:46:39,10:46:44,13:23:03,COMPLETED,29004.0,156318.5,5.77,9384.76
746,easy,12,12:49:18,13:23:10,13:23:55,COMPLETED,26941.0,761.5,2032.29,2077.68
825,hard,15,12:39:06,12:59:06,13:25:38,COMPLETED,31327.0,26543.1,1200.71,2792.87
829,medium,13,12:48:52,13:22:25,13:27:33,COMPLETED,27628.0,5150.4,2013.17,2321.91
843,medium,14,12:42:58,13:05:59,13:27:40,COMPLETED,32791.0,21686.7,1381.36,2682.24
559,hard,15,11:52:50,12:10:45,13:29:33,COMPLETED,30404.0,78813.2,1075.34,5803.99
735,hard,15,12:27:17,12:44:01,13:29:33,COMPLETED,33232.0,45540.8,1004.76,3736.99
690,easy,12,12:50:52,13:29:40,13:30:18,COMPLETED,26732.0,641.9,2328.36,2366.52
701,medium,14,12:50:15,13:27:46,13:30:44,COMPLETED,27812.0,2963.7,2251.62,2429.07
692,medium,14,12:34:13,12:55:16,13:33:31,COMPLETED,31650.0,38242.6,1263.90,3558.25
794,hard,15,12:37:47,12:57:24,13:36:11,COMPLETED,33914.0,38788.7,1177.05,3504.15
833,hard,15,12:51:33,13:30:24,13:36:30,COMPLETED,34785.0,6098.7,2331.91,2697.35
751,easy,11,12:54:10,13:36:36,13:36:43,COMPLETED,22950.0,118.7,2546.90,2553.51
695,easy,12,12:54:04,13:36:17,13:36:56,COMPLETED,29776.0,658.6,2533.48,2572.69
725,easy,11,12:54:42,13:37:03,13:37:16,COMPLETED,21713.0,227.1,2541.02,2554.14
798,easy,12,12:55:21,13:37:22,13:37:48,COMPLETED,23642.0,436.1,2521.69,2547.49
706,medium,14,12:32:51,12:52:51,13:38:13,COMPLETED,28990.0,45382.7,1200.17,3922.94
788,hard,15,12:46:28,13:14:13,13:39:04,COMPLETED,31252.0,24860.1,1665.13,3156.49
760,medium,13,12:45:40,13:13:20,13:40:01,COMPLETED,28565.0,26679.8,1660.88,3261.42
683,easy,12,12:55:26,13:37:54,13:40:33,COMPLETED,27487.0,2641.0,2548.88,2707.06
747,easy,12,12:55:32,13:39:10,13:40:52,COMPLETED,33813.0,1692.1,2618.82,2720.05
821,medium,14,12:38:41,12:58:08,13:40:58,COMPLETED,34640.0,42834.0,1167.64,3737.38
744,medium,13,12:54:31,13:36:50,13:41:17,COMPLETED,26800.0,4462.6,2539.06,2806.54
814,hard,15,12:51:23,13:29:40,13:41:36,COMPLETED,34055.0,11939.9,2297.36,3013.55
780,easy,11,12:57:34,13:41:23,13:41:36,COMPLETED,25387.0,216.5,2629.87,2642.55
724,easy,12,12:57:03,13:41:04,13:41:42,COMPLETED,27374.0,642.4,2641.82,2679.88
824,medium,14,12:49:41,13:25:45,13:42:33,COMPLETED,33697.0,16808.7,2164.44,3172.68
842,medium,13,12:55:34,13:40:07,13:42:33,COMPLETED,16287.0,2437.2,2673.76,2819.68
848,easy,12,12:58:07,13:41:42,13:42:52,COMPLETED,33932.0,1167.8,2615.88,2685.73
811,easy,12,12:57:56,13:41:42,13:43:37,COMPLETED,30857.0,1923.5,2626.88,2741.82
748,hard,15,12:49:47,13:27:40,13:44:03,COMPLETED,34875.0,16399.7,2273.24,3256.96
967,easy,12,13:00:43,13:43:44,13:44:10,COMPLETED,32389.0,441.2,2581.37,2607.29
762,hard,15,12:46:18,13:13:40,13:44:23,COMPLETED,33806.0,30718.3,1642.63,3485.32
903,medium,13,13:00:23,13:42:59,13:44:23,COMPLETED,33232.0,1413.3,2556.05,2640.32
959,easy,11,13:00:56,13:44:10,13:44:23,COMPLETED,27760.0,226.5,2594.29,2607.32
866,easy,12,13:00:16,13:42:40,13:44:42,COMPLETED,22838.0,2052.4,2544.04,2666.80
947,easy,11,13:01:59,13:44:29,13:44:49,COMPLETED,25171.0,332.5,2550.93,2570.28
894,easy,11,13:02:28,13:44:29,13:44:49,COMPLETED,29159.0,332.2,2521.93,2541.28
1007,easy,12,13:02:09,13:44:29,13:45:15,COMPLETED,25148.0,765.4,2540.93,2586.36
997,easy,11,13:03:37,13:44:55,13:45:21,COMPLETED,28316.0,442.3,2478.97,2504.96
951,easy,11,13:02:40,13:44:49,13:45:28,COMPLETED,25621.0,664.8,2529.28,2568.60
981,easy,11,13:03:40,13:45:21,13:45:28,COMPLETED,28501.0,120.9,2501.96,2508.60
884,easy,12,13:00:57,13:44:16,13:45:35,COMPLETED,32743.0,1317.8,2599.91,2678.26
617,hard,15,11:01:30,11:05:41,13:46:08,COMPLETED,35117.0,160450.4,251.31,9878.24
883,medium,13,13:03:56,13:45:28,13:46:27,COMPLETED,29014.0,985.8,2492.60,2551.42
950,easy,12,13:07:15,13:46:14,13:46:27,COMPLETED,23920.0,220.4,2339.57,2352.42
820,hard,15,12:15:07,12:31:37,13:47:32,COMPLETED,27442.0,75914.6,990.79,5545.43
790,medium,14,12:53:27,13:33:37,13:47:58,COMPLETED,29411.0,14348.9,2410.58,3271.21
834,hard,15,12:29:02,12:47:12,13:48:10,COMPLETED,32435.0,60987.3,1090.05,4748.98
849,medium,13,12:09:51,12:25:39,13:48:30,COMPLETED,44216.0,82851.7,948.81,5919.62
906,easy,12,13:09:37,13:48:37,13:49:09,COMPLETED,23698.0,539.4,2340.21,2372.25
569,hard,15,11:30:02,11:49:51,13:50:00,COMPLETED,33103.0,120153.5,1189.09,8398.18
907,medium,14,13:04:30,13:45:35,13:50:31,COMPLETED,30529.0,4947.0,2465.26,2761.83
962,easy,12,13:10:07,13:50:06,13:50:31,COMPLETED,25007.0,427.3,2399.50,2424.83
974,medium,13,13:09:53,13:49:15,13:51:22,COMPLETED,30076.0,2121.3,2362.60,2489.58
1010,medium,13,13:08:13,13:46:33,13:52:25,COMPLETED,32544.0,5870.7,2300.82,2652.79
949,easy,12,13:10:38,13:51:28,13:52:32,COMPLETED,25963.0,1059.2,2450.92,2514.13
355,hard,15,10:50:07,10:50:08,13:52:57,COMPLETED,26595.0,182825.2,1.04,10970.49
892,medium,13,13:05:58,13:45:42,13:53:03,COMPLETED,37837.0,7368.1,2384.05,2825.82
943,easy,12,13:11:36,13:52:38,13:53:03,COMPLETED,25983.0,428.1,2462.50,2487.82
878,easy,12,13:11:22,13:52:32,13:53:10,COMPLETED,34474.0,641.1,2470.13,2508.22
939,easy,12,13:12:01,13:53:03,13:53:29,COMPLETED,26052.0,429.5,2462.82,2488.29
960,easy,11,13:12:56,13:53:10,13:53:29,COMPLETED,26570.0,322.4,2414.22,2433.29
1016,easy,11,13:13:06,13:53:35,13:53:54,COMPLETED,23913.0,325.6,2429.64,2448.87
891,easy,11,13:13:50,13:54:01,13:54:26,COMPLETED,33513.0,426.8,2411.21,2436.51
697,hard,15,12:24:23,12:43:17,13:54:32,COMPLETED,35796.0,71266.0,1134.10,5409.84
1009,easy,12,13:13:04,13:53:16,13:55:36,COMPLETED,32365.0,2329.5,2412.63,2552.11
929,easy,11,13:14:07,13:55:42,13:56:01,COMPLETED,26284.0,321.3,2495.45,2514.42
733,hard,15,12:41:44,13:04:30,13:56:07,COMPLETED,38141.0,51627.1,1366.40,4463.75
934,easy,12,13:13:49,13:53:35,13:56:45,COMPLETED,26705.0,3173.3,2386.64,2576.79
983,easy,11,13:14:59,13:56:52,13:57:04,COMPLETED,31996.0,216.8,2513.12,2525.80
895,medium,13,13:14:16,13:56:07,13:57:49,COMPLETED,24234.0,1695.7,2511.75,2613.20
999,medium,14,13:08:36,13:46:33,13:59:30,COMPLETED,36266.0,12947.0,2277.82,3054.30
853,medium,14,13:03:07,13:44:55,13:59:50,COMPLETED,30023.0,14908.0,2508.97,3403.04
898,easy,11,13:15:36,13:59:36,13:59:56,COMPLETED,22047.0,339.0,2640.86,2660.59
944,medium,14,13:14:51,13:56:14,14:00:09,COMPLETED,34885.0,3936.9,2483.18,2718.89
854,medium,14,13:10:28,13:50:38,14:01:27,COMPLETED,25723.0,10822.8,2410.16,3059.24
926,medium,14,13:09:29,13:48:17,14:01:33,COMPLETED,36642.0,13274.8,2328.50,3124.65
896,medium,13,13:15:05,13:57:11,14:01:33,COMPLETED,33070.0,4381.4,2526.16,2788.65
879,easy,11,13:16:28,14:01:33,14:01:52,COMPLETED,29907.0,325.2,2705.65,2724.87
877,easy,11,13:16:30,14:01:40,14:01:59,COMPLETED,24830.103526516992,324.0,2710.09,2729.20
715,hard,15,12:31:12,12:49:25,14:02:05,COMPLETED,29507.0,72668.8,1093.65,5453.57
880,medium,13,13:16:13,14:00:03,14:03:28,COMPLETED,28671.0,3419.2,2630.25,2835.14
655,hard,15,11:40:23,11:55:48,14:03:53,COMPLETED,31300.0,128082.0,925.65,8610.50
815,medium,14,12:49:31,13:24:02,14:04:18,COMPLETED,32293.0,40283.4,2071.00,4487.81
914,medium,13,13:18:42,14:02:11,14:04:50,COMPLETED,26556.0,2646.3,2609.95,2768.45
189,hard,15,09:49:37,09:49:39,14:05:03,COMPLETED,41526.0,255391.8,2.66,15326.14
887,easy,12,13:19:33,14:03:59,14:05:22,COMPLETED,34570.0,1377.7,2666.83,2749.14
433,hard,15,10:06:25,10:06:28,14:06:00,COMPLETED,31111.0,239520.6,3.95,14375.24
754,hard,15,12:55:56,13:40:39,14:06:12,COMPLETED,28362.0,25563.4,2683.38,4216.99
1001,easy,12,13:22:25,14:06:06,14:06:19,COMPLETED,23492.0,217.3,2621.63,2634.32
937,medium,13,13:15:59,13:59:56,14:06:32,COMPLETED,33531.0,6595.3,2637.59,3033.06
1003,medium,14,13:14:07,13:54:32,14:06:38,COMPLETED,33739.0,12097.2,2425.84,3151.39
964,easy,12,13:20:00,14:04:56,14:06:44,COMPLETED,34410.0,1805.7,2696.77,2804.77
889,easy,12,13:21:37,14:05:28,14:06:57,COMPLETED,30399.0,1492.9,2631.53,2720.78
957,medium,14,13:17:33,14:01:59,14:07:04,COMPLETED,28402.0,5090.7,2666.20,2971.16
996,easy,12,13:22:40,14:06:25,14:07:04,COMPLETED,29304.0,650.4,2625.70,2664.16
1006,easy,12,13:22:44,14:06:38,14:07:10,COMPLETED,32401.0,551.8,2634.39,2666.79
871,easy,11,13:23:04,14:06:51,14:07:10,COMPLETED,30741.0,339.4,2627.17,2646.79
909,easy,12,13:22:57,14:06:44,14:07:24,COMPLETED,31309.0,663.5,2627.77,2667.05
859,easy,12,13:22:36,14:06:19,14:07:30,COMPLETED,27129.0,1199.0,2623.32,2694.66
973,easy,12,13:24:18,14:07:10,14:07:43,COMPLETED,27982.0,555.4,2572.79,2605.73
1002,easy,12,13:24:20,14:07:17,14:08:09,COMPLETED,26863.0,877.6,2577.60,2629.80
902,easy,12,13:15:31,13:57:55,14:10:25,COMPLETED,43124.0,12501.4,2544.53,3294.23
953,easy,12,13:26:19,14:10:31,14:10:51,COMPLETED,19007.0,336.7,2652.70,2672.36
728,hard,15,12:47:31,13:18:34,14:11:10,COMPLETED,32090.0,52610.2,1863.54,5019.83
870,medium,14,13:25:35,14:07:50,14:11:17,COMPLETED,34109.0,3463.8,2535.29,2742.44
888,easy,12,13:28:26,14:10:57,14:11:24,COMPLETED,28448.0,443.1,2551.95,2578.20
933,easy,12,13:25:04,14:07:30,14:11:37,COMPLETED,32667.0,4116.6,2546.66,2793.18
890,easy,11,13:28:48,14:11:17,14:11:37,COMPLETED,33211.0,338.1,2549.44,2569.18
1008,easy,11,13:29:53,14:11:24,14:11:37,COMPLETED,23738.0,226.1,2491.20,2504.18
783,hard,15,12:44:17,13:10:07,14:11:56,COMPLETED,29957.0,61834.4,1550.03,5259.91
919,easy,12,13:30:41,14:11:43,14:12:29,COMPLETED,23752.0,763.7,2462.81,2508.20
985,medium,13,13:31:07,14:11:43,14:13:27,COMPLETED,29352.0,1725.6,2436.81,2540.21
978,easy,12,13:31:37,14:12:35,14:13:33,COMPLETED,31167.0,969.1,2458.79,2516.54
458,hard,15,10:17:20,10:17:22,14:13:52,COMPLETED,29341.0,236511.3,2.03,14192.67
868,easy,11,13:32:15,14:13:33,14:13:59,COMPLETED,30557.0,430.3,2478.54,2504.00
718,hard,15,12:07:17,12:22:19,14:14:05,COMPLETED,37014.0,111764.0,902.73,7608.40
881,easy,12,13:31:30,14:12:03,14:14:24,COMPLETED,33651.0,2360.5,2433.25,2574.54
1014,easy,11,13:33:26,14:13:59,14:14:24,COMPLETED,30580.0,431.6,2433.00,2458.54
869,medium,13,13:33:44,14:14:05,14:14:43,COMPLETED,24519.0,645.6,2421.40,2459.80
984,easy,12,13:36:04,14:14:50,14:15:02,COMPLETED,30245.0,217.9,2326.18,2338.96
920,easy,11,13:36:21,14:15:09,14:15:28,COMPLETED,31308.0,322.0,2328.28,2347.29
1012,medium,13,13:34:08,14:14:30,14:15:59,COMPLETED,33696.0,1487.8,2422.94,2511.92
509,hard,15,10:25:23,10:25:28,14:16:12,COMPLETED,33715.0,230737.2,5.42,13849.61
942,easy,11,13:36:42,14:16:18,14:16:44,COMPLETED,27614.0,428.1,2376.98,2402.34
1015,medium,13,13:26:07,14:08:16,14:16:50,COMPLETED,36314.0,8577.9,2529.33,3043.70
861,easy,11,13:36:51,14:16:50,14:17:03,COMPLETED,24071.0,216.9,2399.70,2412.41
988,easy,12,13:36:54,14:16:57,14:17:41,COMPLETED,23893.0,743.2,2403.06,2447.35
955,medium,14,13:19:35,14:04:25,14:18:26,COMPLETED,32501.0,14021.3,2690.14,3531.18
987,medium,14,13:25:22,14:07:37,14:18:58,COMPLETED,31840.0,11360.2,2535.34,3216.53
873,medium,13,13:36:25,14:15:34,14:19:18,COMPLETED,29559.0,3727.9,2349.62,2573.02
982,easy,12,13:38:24,14:18:32,14:19:18,COMPLETED,21303.0,763.6,2408.51,2454.02
867,easy,12,13:38:26,14:19:05,14:19:30,COMPLETED,25200.0,435.8,2439.08,2464.74
1018,easy,11,13:38:53,14:19:24,14:19:43,COMPLETED,20963.0,333.8,2431.36,2450.88
966,easy,11,13:40:20,14:19:50,14:20:29,COMPLETED,25274.0,658.5,2370.46,2409.45
931,medium,13,13:37:55,14:17:47,14:20:42,COMPLETED,32137.0,2923.4,2392.68,2567.61
963,easy,11,13:40:37,14:20:49,14:21:08,COMPLETED,25300.0,326.8,2412.15,2431.27
956,easy,12,13:40:25,14:20:36,14:21:14,COMPLETED,27635.0,652.9,2411.01,2449.80
922,easy,11,13:40:43,14:21:21,14:21:40,COMPLETED,23713.0,329.0,2438.24,2457.62
912,easy,12,13:39:32,14:19:37,14:22:26,COMPLETED,29157.0,2822.6,2405.29,2574.16
958,easy,12,13:40:38,14:21:14,14:22:39,COMPLETED,32210.0,1410.7,2436.80,2521.06
952,easy,12,13:41:16,14:22:32,14:23:30,COMPLETED,24350.0,975.5,2476.70,2534.73
995,medium,14,13:24:55,14:07:17,14:23:37,COMPLETED,36341.0,16336.0,2542.60,3522.29
563,hard,15,11:25:37,11:43:58,14:23:43,COMPLETED,36141.0,159753.8,1101.96,10686.93
1013,easy,12,13:40:59,14:21:46,14:23:43,COMPLETED,25411.0,1959.2,2448.00,2564.93
862,easy,11,13:42:19,14:23:50,14:23:57,COMPLETED,25284.0,118.3,2491.61,2498.30
918,easy,12,13:42:18,14:23:50,14:24:23,COMPLETED,25135.0,545.0,2492.61,2525.02
977,easy,12,13:41:56,14:23:37,14:24:29,COMPLETED,29342.0,873.6,2501.29,2553.35
763,hard,15,12:13:15,12:29:05,14:24:35,COMPLETED,36572.0,115506.3,950.51,7880.75
989,medium,14,13:10:22,13:50:38,14:24:35,COMPLETED,33273.0,33964.6,2416.16,4453.75
856,easy,11,13:43:14,14:24:35,14:24:54,COMPLETED,29872.0,325.2,2481.75,2500.95
897,medium,14,13:32:58,14:13:39,14:25:20,COMPLETED,35975.0,11676.4,2441.98,3142.28
994,medium,13,13:41:41,14:22:45,14:25:39,COMPLETED,27203.0,2901.6,2464.48,2638.31
954,easy,11,13:45:59,14:25:26,14:25:45,COMPLETED,28289.0,322.4,2367.64,2386.64
823,hard,15,12:02:19,12:18:49,14:25:52,COMPLETED,38901.0,127037.1,990.94,8613.02
1004,easy,11,13:46:34,14:25:52,14:25:58,COMPLETED,30950.0,113.2,2358.02,2364.44
991,easy,11,13:46:11,14:25:45,14:26:04,COMPLETED,24011.0,325.8,2374.64,2393.84
681,hard,15,12:27:53,12:44:33,14:28:30,COMPLETED,31776.0,103946.3,1000.70,7237.34
975,medium,13,13:42:33,14:24:03,14:28:49,COMPLETED,33831.0,4763.0,2490.84,2776.35
915,hard,15,13:19:17,14:03:34,14:29:46,COMPLETED,34090.0,26207.3,2657.47,4229.49
946,medium,14,13:43:44,14:24:42,14:29:59,COMPLETED,26321.0,5300.1,2458.16,2775.74
1011,easy,12,13:47:33,14:30:06,14:30:32,COMPLETED,26214.0,442.4,2553.31,2579.28
872,easy,11,13:47:40,14:30:38,14:31:04,COMPLETED,25936.0,430.6,2578.90,2604.26
927,hard,15,13:17:22,14:01:40,14:31:10,COMPLETED,29077.0,29519.7,2658.09,4428.77
969,easy,11,13:48:46,14:31:17,14:31:30,COMPLETED,23536.0,225.1,2551.54,2564.51
923,medium,13,13:21:22,14:05:09,14:31:37,COMPLETED,31611.0,26468.4,2627.47,4215.09
882,easy,11,13:47:54,14:31:10,14:31:37,COMPLETED,25335.0,449.6,2596.77,2623.09
885,easy,11,13:49:08,14:31:37,14:31:43,COMPLETED,24548.0,122.5,2549.09,2555.80
930,easy,11,13:49:40,14:31:50,14:32:03,COMPLETED,32273.0,226.4,2530.50,2543.59
874,easy,11,13:49:22,14:31:43,14:32:10,COMPLETED,28504.0,444.3,2541.80,2568.12
941,hard,15,13:14:07,13:54:39,14:32:16,COMPLETED,31867.0,37629.1,2432.23,4689.59
860,easy,11,13:49:09,14:31:43,14:32:23,COMPLETED,26168.0,666.2,2554.80,2594.20
900,medium,13,13:47:00,14:26:04,14:32:42,COMPLETED,29397.0,6635.7,2344.84,2742.55
948,easy,12,13:54:01,14:32:49,14:33:01,COMPLETED,23662.0,222.9,2328.09,2340.95
857,easy,11,13:54:37,14:33:08,14:33:21,COMPLETED,27122.0,226.7,2311.50,2324.61
851,easy,12,13:53:14,14:32:16,14:33:34,COMPLETED,37814.0,1310.4,2342.59,2420.74
863,easy,11,13:54:56,14:33:28,14:33:54,COMPLETED,30056.0,442.1,2312.14,2338.18
1019,easy,12,13:55:00,14:34:00,14:34:26,COMPLETED,24718.0,432.1,2340.72,2366.34
925,easy,12,13:54:58,14:33:41,14:34:51,COMPLETED,35562.0,1178.5,2323.28,2393.68
757,hard,15,12:33:36,12:55:10,14:35:17,COMPLETED,28212.0,100111.2,1294.51,7301.05
852,medium,13,13:42:01,14:23:43,14:35:17,COMPLETED,30074.0,11556.8,2502.93,3196.05
979,easy,11,13:55:02,14:34:32,14:35:17,COMPLETED,30271.0,745.8,2370.68,2415.05
913,easy,11,13:55:46,14:35:23,14:35:29,COMPLETED,27068.0,111.7,2377.46,2383.90
904,easy,11,13:56:31,14:35:23,14:35:36,COMPLETED,28043.0,217.2,2332.46,2345.24
876,easy,11,13:56:46,14:35:42,14:35:48,COMPLETED,30362.0,112.1,2336.61,2342.96
945,medium,14,13:45:28,14:25:01,14:36:01,COMPLETED,22435.0,11012.5,2373.30,3033.73
850,hard,15,13:09:12,13:48:04,14:36:20,COMPLETED,36246.0,48273.1,2332.62,5228.82
990,easy,11,13:56:58,14:36:08,14:36:33,COMPLETED,30534.0,427.4,2350.14,2375.49
855,easy,12,13:57:21,14:36:27,14:36:52,COMPLETED,30472.0,427.4,2346.14,2371.49
858,medium,13,13:55:20,14:34:58,14:36:58,COMPLETED,29637.0,2018.6,2378.03,2498.82
972,easy,11,13:57:40,14:36:39,14:37:11,COMPLETED,27653.0,533.7,2339.82,2371.54
865,medium,14,13:43:42,14:24:42,14:37:17,COMPLETED,31779.0,12601.9,2460.16,3215.88
970,medium,13,13:47:03,14:26:11,14:37:37,COMPLETED,39446.0,11436.6,2348.22,3034.13
992,easy,11,13:58:29,14:37:17,14:37:37,COMPLETED,27917.0,327.1,2328.88,2348.13
965,medium,14,13:54:01,14:32:29,14:37:49,COMPLETED,36602.0,5339.6,2308.83,2628.94
993,easy,11,13:59:36,14:37:43,14:37:49,COMPLETED,27801.0,111.2,2287.53,2293.94
893,easy,11,13:59:58,14:37:56,14:38:02,COMPLETED,26313.0,110.8,2278.28,2284.66
921,medium,13,13:56:43,14:35:36,14:38:46,COMPLETED,28315.0,3183.9,2333.24,2523.95
1000,easy,12,13:58:44,14:37:24,14:38:53,COMPLETED,18728.0,1489.4,2320.37,2409.34
1017,hard,15,13:23:46,14:07:10,14:39:06,COMPLETED,34764.0,31927.4,2604.79,4520.21
916,medium,13,13:59:43,14:37:56,14:39:06,COMPLETED,30771.0,1171.4,2293.28,2363.21
1061,easy,11,14:01:10,14:39:12,14:39:19,COMPLETED,23233.0,113.8,2282.61,2289.08
1066,easy,11,14:01:20,14:39:12,14:39:19,COMPLETED,24943.0,113.3,2272.61,2279.08
971,easy,12,13:52:01,14:32:10,14:39:31,COMPLETED,36048.0,7368.7,2409.12,2850.94
1048,easy,12,14:01:27,14:39:25,14:40:55,COMPLETED,31989.0,1498.7,2278.48,2368.11
908,hard,15,13:08:56,13:47:38,14:44:20,COMPLETED,36907.0,56701.7,2322.97,5724.77
910,hard,15,13:16:21,14:00:16,14:44:33,COMPLETED,34078.0,44296.6,2635.46,5292.96
864,medium,13,13:57:53,14:37:05,14:44:47,COMPLETED,32935.0,7706.6,2352.20,2814.16
1106,easy,12,14:04:07,14:44:27,14:45:00,COMPLETED,28433.0,554.8,2420.33,2453.30
1177,easy,12,14:04:59,14:44:53,14:45:19,COMPLETED,23838.0,442.8,2394.71,2420.79
899,medium,14,13:23:22,14:07:04,14:45:26,COMPLETED,30101.0,38375.7,2622.16,4924.33
1107,medium,14,14:00:05,14:38:53,14:45:39,COMPLETED,25677.0,6776.2,2328.34,2734.65
1173,easy,11,14:05:22,14:45:26,14:45:58,COMPLETED,29228.0,549.9,2404.33,2436.84
1172,easy,11,14:06:08,14:45:45,14:46:05,COMPLETED,31643.0,334.0,2377.97,2397.39
1026,easy,12,14:06:50,14:46:05,14:46:18,COMPLETED,23783.0,229.4,2355.39,2368.67
1119,easy,11,14:05:57,14:45:32,14:46:44,COMPLETED,25669.0,1192.8,2375.99,2447.26
1149,medium,14,14:02:37,14:39:38,14:47:03,COMPLETED,30969.0,7420.3,2221.34,2666.26
1039,easy,12,14:07:26,14:46:50,14:47:15,COMPLETED,20449.0,427.9,2364.60,2389.98
928,hard,15,13:37:41,14:17:09,14:47:22,COMPLETED,32526.0,30214.7,2368.74,4181.31
1092,easy,11,14:07:57,14:47:28,14:47:41,COMPLETED,27287.0,217.0,2371.77,2384.47
1059,easy,12,14:07:25,14:46:25,14:48:50,COMPLETED,31839.0,2434.5,2340.21,2485.98
1167,medium,13,14:07:52,14:47:22,14:49:22,COMPLETED,27985.0,2009.9,2370.31,2490.60
631,hard,15,11:51:48,12:08:19,14:49:35,COMPLETED,38265.0,161268.6,991.24,10667.30
1176,easy,12,14:08:40,14:49:28,14:49:47,COMPLETED,19532.0,322.8,2448.94,2467.98
1140,medium,14,14:00:52,14:38:59,14:49:54,COMPLETED,26353.0,10914.5,2287.78,2942.35
976,medium,14,13:57:40,14:36:58,14:50:07,COMPLETED,29158.0,13141.8,2358.82,3147.08
1083,medium,13,14:08:10,14:48:57,14:50:13,COMPLETED,32881.0,1273.6,2447.32,2523.41
1084,easy,12,14:10:11,14:50:19,14:50:32,COMPLETED,27091.0,216.9,2408.78,2421.49
1079,easy,12,14:10:27,14:50:38,14:51:04,COMPLETED,29816.0,427.0,2411.82,2437.14
1063,easy,12,14:09:21,14:49:54,14:51:42,COMPLETED,23911.0,1813.3,2433.35,2541.68
659,hard,15,11:28:30,11:48:14,14:53:06,COMPLETED,32187.0,184875.2,1184.02,12276.39
986,medium,14,13:56:53,14:35:55,14:53:58,COMPLETED,34458.0,18051.9,2342.36,3425.20
1090,easy,12,14:11:51,14:54:04,14:54:43,COMPLETED,28997.0,652.7,2533.59,2572.24
813,medium,14,12:41:57,13:04:49,14:54:49,COMPLETED,38502.0,110009.6,1372.52,7972.79
1144,easy,11,14:12:07,14:54:49,14:54:56,COMPLETED,24724.0,116.6,2562.79,2569.45
1154,medium,13,14:10:04,14:50:13,14:56:07,COMPLETED,28768.0,5913.2,2409.41,2763.72
1158,medium,13,14:03:43,14:41:01,14:56:46,COMPLETED,36151.0,15761.6,2238.44,3183.90
905,hard,15,13:55:25,14:35:23,14:57:06,COMPLETED,30980.0,21720.5,2398.46,3701.30
1168,easy,11,14:12:59,14:57:12,14:57:25,COMPLETED,25624.0,220.2,2653.86,2666.77
1049,medium,14,14:05:15,14:45:06,14:58:03,COMPLETED,27329.0,12958.0,2391.66,3168.90
1047,easy,11,14:14:00,14:58:10,14:58:29,COMPLETED,20788.0,322.8,2650.23,2669.26
1171,easy,12,14:14:30,14:58:35,14:58:48,COMPLETED,20127.0,217.5,2645.62,2658.38
1073,medium,13,14:12:20,14:54:56,14:59:13,COMPLETED,31912.0,4293.4,2556.45,2813.76
1152,medium,14,14:09:03,14:49:41,15:00:42,COMPLETED,35729.0,11014.5,2438.63,3099.23
932,hard,15,13:29:58,14:11:43,15:02:49,COMPLETED,29026.0,51093.8,2505.81,5571.18
1042,easy,11,14:15:33,15:02:55,15:03:14,COMPLETED,24228.0,323.4,2842.69,2861.73
713,hard,15,12:14:09,12:29:56,15:04:24,COMPLETED,31021.0,154469.7,947.39,10215.48
1125,easy,11,14:16:39,15:04:30,15:04:49,COMPLETED,31058.0,321.9,2871.81,2890.79
436,medium,14,10:12:31,10:12:36,15:05:02,COMPLETED,42442.0,292441.1,5.07,17551.50
875,hard,15,13:46:51,14:25:58,15:05:40,COMPLETED,34811.0,39703.2,2347.44,4729.44
1060,easy,11,14:17:47,15:05:46,15:05:53,COMPLETED,21180.0,111.5,2879.78,2886.16
998,medium,14,13:43:10,14:24:29,15:06:24,COMPLETED,31065.0,41930.4,2479.35,4994.95
1045,easy,12,14:17:50,15:05:59,15:06:31,COMPLETED,29692.0,538.0,2889.49,2921.34
1057,medium,13,14:18:02,15:06:31,15:07:28,COMPLETED,27539.0,956.4,2909.34,2966.44
1114,medium,13,14:14:58,15:00:48,15:08:12,COMPLETED,27659.0,7413.6,2750.58,3194.94
1124,easy,11,14:18:58,15:08:19,15:08:45,COMPLETED,33388.0,445.2,2961.48,2987.68
1040,medium,13,14:10:54,14:51:10,15:08:52,COMPLETED,35058.0,17704.8,2416.46,3478.24
1088,easy,11,14:19:31,15:08:52,15:09:05,COMPLETED,28723.0,226.4,2961.24,2974.28
1116,medium,14,14:19:57,15:09:11,15:13:32,COMPLETED,30564.0,4353.5,2954.88,3215.78
1085,hard,15,14:01:30,14:39:25,15:14:36,COMPLETED,26918.0,35179.2,2275.48,4386.08
1032,easy,12,14:20:15,15:13:39,15:14:42,COMPLETED,24255.0,1060.6,3204.11,3267.41
335,hard,15,09:39:33,09:39:38,15:15:26,COMPLETED,38390.0,335801.6,5.67,20153.75
1109,easy,11,14:20:52,15:15:33,15:15:45,COMPLETED,23419.0,216.2,3281.07,3293.74
1027,medium,13,14:21:15,15:15:52,15:16:30,COMPLETED,30541.0,656.0,3277.07,3315.96
1127,easy,12,14:20:31,15:14:42,15:16:56,COMPLETED,35641.0,2247.7,3251.41,3385.90
1056,hard,15,14:07:59,14:47:47,15:17:09,COMPLETED,28956.0,29375.1,2388.81,4150.93
1093,easy,12,14:22:04,15:17:03,15:17:09,COMPLETED,29151.0,119.3,3299.32,3305.93
1099,medium,13,14:20:34,15:14:48,15:17:29,COMPLETED,32415.0,2685.6,3254.78,3415.45
1072,medium,14,14:18:49,15:07:34,15:17:42,COMPLETED,31900.0,10134.0,2925.76,3533.33
1025,easy,11,14:23:45,15:17:48,15:18:15,COMPLETED,22898.0,445.0,3243.90,3270.10
1091,medium,13,14:21:48,15:16:37,15:18:21,COMPLETED,24278.0,1746.4,3289.47,3393.65
1143,medium,13,14:17:22,15:05:08,15:19:00,COMPLETED,38267.0,13867.0,2866.84,3698.59
761,hard,15,12:36:37,12:57:17,15:20:37,COMPLETED,32072.0,143336.3,1240.62,9840.70
1036,medium,13,14:24:51,15:18:28,15:21:29,COMPLETED,27270.0,3030.1,3217.34,3398.64
1043,hard,15,14:14:55,14:59:20,15:21:36,COMPLETED,34196.0,22277.0,2665.10,4001.21
1113,medium,14,14:19:49,15:08:58,15:22:39,COMPLETED,29143.0,13686.8,2949.90,3770.80
604,hard,15,11:05:51,11:11:11,15:27:31,COMPLETED,33195.0,256331.2,320.92,15700.73
512,hard,15,11:36:43,11:53:26,15:27:38,COMPLETED,36146.0,214205.7,1003.20,13855.29
844,hard,15,12:55:31,13:38:20,15:27:45,COMPLETED,23795.0,109415.9,2569.26,9134.04
1162,medium,14,14:26:22,15:21:42,15:27:45,COMPLETED,32122.0,6043.2,3320.85,3683.04
1120,easy,12,14:26:42,15:27:45,15:27:51,COMPLETED,29268.0,119.5,3663.04,3669.48
1157,easy,12,14:26:37,15:27:38,15:28:11,COMPLETED,31751.0,560.6,3661.29,3694.40
1082,easy,12,14:27:01,15:27:51,15:28:37,COMPLETED,25821.0,773.5,3650.48,3696.41
1086,medium,13,14:27:04,15:27:51,15:29:35,COMPLETED,29005.0,1743.5,3647.48,3751.70
612,hard,15,11:08:56,11:14:06,15:31:12,COMPLETED,45365.0,257109.5,310.20,15736.68
1181,medium,13,14:26:34,15:22:46,15:31:19,COMPLETED,27695.0,8556.3,3372.18,3885.23
1180,easy,11,14:29:57,15:31:25,15:31:38,COMPLETED,27082.0,223.5,3688.61,3701.72
730,hard,15,12:55:58,13:40:58,15:31:51,COMPLETED,34451.0,110890.8,2700.38,9353.63
1137,medium,13,14:25:47,15:20:44,15:31:51,COMPLETED,29226.0,11135.4,3297.02,3964.63
1178,medium,14,14:23:42,15:17:35,15:32:30,COMPLETED,35883.0,14914.5,3233.98,4128.39
603,hard,15,11:10:19,11:16:48,15:32:50,COMPLETED,38081.0,256034.1,389.13,15751.07
935,hard,15,13:47:25,14:29:53,15:33:02,COMPLETED,28337.0,63167.5,2548.09,6337.99
1044,easy,11,14:31:14,15:32:56,15:33:02,COMPLETED,26986.0,111.2,3702.64,3708.99
1148,medium,13,14:28:00,15:28:43,15:33:15,COMPLETED,36888.0,4533.7,3643.95,3915.71
1105,easy,12,14:31:02,15:31:58,15:33:15,COMPLETED,25652.0,1295.6,3656.25,3733.71
1156,easy,11,14:31:20,15:33:09,15:33:15,COMPLETED,28235.0,111.9,3709.33,3715.71
1132,medium,14,14:23:10,15:17:16,15:33:22,COMPLETED,36010.0,16097.4,3246.51,4212.06
1035,easy,12,14:31:30,15:33:09,15:33:22,COMPLETED,29776.0,218.3,3699.33,3712.06
1062,easy,12,14:30:09,15:31:58,15:33:28,COMPLETED,30751.0,1510.0,3709.25,3799.50
1050,medium,13,14:30:06,15:31:45,15:33:34,COMPLETED,25932.0,1837.3,3699.04,3808.91
1138,easy,12,14:32:15,15:33:22,15:33:41,COMPLETED,28822.0,327.9,3667.06,3686.36
1065,easy,11,14:34:11,15:33:34,15:33:41,COMPLETED,26250.0,114.6,3563.91,3570.36
1155,easy,12,14:33:17,15:33:22,15:33:47,COMPLETED,29313.0,434.6,3605.06,3630.81
1135,easy,11,14:34:54,15:33:54,15:34:06,COMPLETED,31222.0,216.4,3540.26,3552.95
1129,easy,11,14:35:21,15:34:13,15:34:25,COMPLETED,26165.0,216.4,3532.27,3544.95
1069,medium,14,14:09:56,14:50:00,15:35:48,COMPLETED,25380.0,45800.2,2404.72,5152.51
968,hard,15,13:59:15,14:37:43,15:36:32,COMPLETED,30074.0,58824.0,2308.53,5837.82
1070,hard,15,14:28:00,15:28:17,15:36:39,COMPLETED,31271.0,8357.5,3617.99,4119.14
1134,medium,13,14:31:12,15:32:36,15:37:17,COMPLETED,32141.0,4675.7,3684.97,3965.26
1046,easy,12,14:35:28,15:34:32,15:37:48,COMPLETED,37086.0,3281.3,3544.28,3740.88
1175,medium,13,14:29:28,15:31:19,15:39:43,COMPLETED,33248.0,8414.4,3711.23,4215.85
1089,hard,15,14:13:49,14:57:32,15:41:12,COMPLETED,31728.0,43684.0,2623.10,5243.94
961,hard,15,13:36:32,14:16:06,15:44:43,COMPLETED,36171.0,88625.0,2374.25,7691.60
1096,hard,15,14:14:33,14:58:54,15:44:43,COMPLETED,36818.0,45819.1,2661.70,5410.60
1186,easy,11,14:39:02,15:44:49,15:45:28,COMPLETED,27452.0,639.0,3947.99,3986.07
1182,medium,13,14:25:37,15:19:06,15:45:40,COMPLETED,26832.0,26567.7,3209.92,4803.76
1170,medium,14,14:37:08,15:37:23,15:45:59,COMPLETED,28651.0,8607.2,3615.59,4131.75
1097,medium,14,14:22:17,15:17:16,15:46:12,COMPLETED,38861.0,28935.4,3299.51,5035.43
682,hard,15,12:04:55,12:20:25,15:47:09,COMPLETED,33050.0,206733.8,930.33,13334.29
1037,easy,12,14:40:31,15:47:15,15:47:40,COMPLETED,27444.0,427.0,4004.65,4029.97
410,hard,15,10:40:37,10:40:40,15:48:00,COMPLETED,34174.0,307322.7,3.73,18443.04
1184,easy,11,14:42:02,15:48:06,15:49:03,COMPLETED,33941.0,958.0,3964.46,4021.44
1064,hard,15,14:16:08,15:03:21,15:49:29,COMPLETED,35274.0,46142.6,2833.12,5601.36
1179,medium,13,14:34:48,15:33:47,15:49:29,COMPLETED,25236.0,15699.3,3539.81,4481.36
1122,easy,11,14:42:18,15:49:35,15:49:48,COMPLETED,25670.0,224.9,4037.94,4050.93
1112,medium,14,14:35:29,15:35:54,15:50:27,COMPLETED,28449.0,14557.0,3625.89,4498.90
1169,easy,12,14:43:02,15:50:34,15:50:54,COMPLETED,26382.0,332.1,4052.46,4072.09
1041,easy,11,14:43:13,15:51:00,15:51:19,COMPLETED,31916.0,333.1,4067.42,4086.91
1174,easy,12,14:43:50,15:51:26,15:52:18,COMPLETED,23345.0,871.5,4056.45,4108.23
1136,medium,13,14:41:02,15:47:47,15:52:44,COMPLETED,31592.0,4956.2,4005.29,4302.22
1078,easy,11,14:44:53,15:52:50,15:52:57,COMPLETED,27594.0,118.4,4077.71,4084.31
1094,hard,15,14:11:19,14:53:12,15:53:03,COMPLETED,33565.0,59855.1,2513.93,6104.85
1101,easy,11,14:46:24,15:53:03,15:53:10,COMPLETED,24049.0,121.3,3999.85,4006.51
1139,easy,11,14:47:07,15:53:10,15:53:23,COMPLETED,27646.0,227.8,3963.51,3976.62
1189,easy,11,14:48:33,15:53:17,15:53:36,COMPLETED,29535.0,334.3,3884.18,3903.88
1163,hard,15,14:33:20,15:33:28,15:55:07,COMPLETED,29644.0,21659.1,3608.50,4907.69
1150,medium,13,14:39:40,15:45:47,15:55:52,COMPLETED,25618.0,10097.3,3967.09,4572.64
714,hard,15,12:58:54,13:41:49,15:56:49,COMPLETED,27118.0,135005.5,2575.40,10675.64
1051,medium,14,14:39:18,15:45:34,15:56:55,COMPLETED,30461.0,11365.4,3976.41,4657.97
1151,medium,14,14:42:41,15:49:35,15:57:27,COMPLETED,31497.0,7867.4,4014.94,4486.77
1081,easy,12,14:49:05,15:56:55,15:57:34,COMPLETED,20997.0,642.0,4070.97,4109.09
1118,medium,14,14:33:29,15:33:28,15:57:46,COMPLETED,29122.0,24309.2,3599.50,5057.88
1075,easy,12,14:49:03,15:55:58,15:57:53,COMPLETED,30214.0,1909.1,4015.99,4130.21
1052,easy,11,14:50:21,15:57:53,15:57:59,COMPLETED,27431.0,112.0,4052.21,4058.59
1166,easy,11,14:50:29,15:57:59,15:58:05,COMPLETED,24695.0,112.0,4050.59,4056.96
1121,easy,11,14:50:42,15:58:05,15:58:25,COMPLETED,29692.0,322.4,4043.96,4063.01
1160,easy,12,14:49:05,15:57:02,15:58:44,COMPLETED,30695.0,1699.9,4077.42,4179.07
1077,medium,13,14:48:45,15:53:43,15:58:56,COMPLETED,29044.0,5230.5,3898.27,4211.82
1145,easy,11,14:51:52,15:59:03,15:59:09,COMPLETED,23611.0,112.3,4031.16,4037.51
1058,medium,13,14:49:12,15:57:34,15:59:34,COMPLETED,30470.0,2018.4,4102.09,4222.91
1053,easy,12,14:50:06,15:57:40,15:59:47,COMPLETED,26481.0,2122.7,4054.53,4181.61
1038,easy,12,14:50:48,15:58:12,16:00:00,COMPLETED,29530.0,1804.1,4044.34,4152.30
1020,medium,14,14:42:09,15:49:09,16:02:15,COMPLETED,30740.0,13093.1,4020.97,4806.12
1123,medium,14,14:48:53,15:55:14,16:02:21,COMPLETED,35699.0,7129.3,3981.23,4408.68
1023,easy,11,14:54:20,16:02:28,16:02:54,COMPLETED,30101.0,444.2,4088.05,4114.21
1033,medium,14,14:48:40,15:53:30,16:03:00,COMPLETED,28815.0,9518.8,3890.24,4460.74
1068,easy,11,14:54:48,16:03:00,16:03:07,COMPLETED,29422.0,122.1,4092.74,4099.48
1147,medium,13,14:52:08,15:59:41,16:03:14,COMPLETED,27732.0,3557.2,4053.24,4266.13
779,hard,15,12:58:57,13:42:40,16:03:27,COMPLETED,38228.0,140787.0,2623.04,11070.10
193,hard,15,09:33:22,09:33:27,16:03:33,COMPLETED,36598.0,390104.6,5.45,23411.68
1021,easy,12,14:55:22,16:03:20,16:03:52,COMPLETED,27695.0,545.4,4078.75,4110.96
1076,medium,13,14:53:46,16:02:21,16:03:59,COMPLETED,33923.0,1637.6,4115.68,4213.53
1165,hard,15,14:40:19,15:46:18,16:04:31,COMPLETED,31801.0,18225.3,3959.75,5052.88
1159,easy,12,14:55:48,16:03:59,16:04:31,COMPLETED,24397.0,547.2,4091.53,4123.88
1117,easy,11,14:57:20,16:04:38,16:04:51,COMPLETED,25696.0,226.9,4038.40,4051.78
1183,medium,14,14:36:48,15:36:45,16:04:58,COMPLETED,34929.0,28219.2,3597.52,5290.18
1111,easy,12,14:58:42,16:05:04,16:05:24,COMPLETED,27231.0,329.2,3982.87,4002.21
1028,easy,12,14:57:13,16:04:38,16:06:03,COMPLETED,27487.0,1422.0,4045.40,4130.23
1103,medium,14,14:44:44,15:52:24,16:06:29,COMPLETED,26861.0,14080.9,4060.78,4905.40
348,hard,15,10:51:23,10:51:25,16:06:35,COMPLETED,32078.0,315172.6,2.34,18912.73
1164,medium,13,14:55:31,16:03:40,16:06:48,COMPLETED,30250.0,3144.6,4089.05,4277.45
1260,easy,12,15:02:43,16:06:42,16:06:48,COMPLETED,27063.0,111.3,3839.10,3845.45
1302,easy,11,15:03:21,16:06:54,16:07:07,COMPLETED,26660.0,217.8,3813.79,3826.61
1185,medium,13,14:52:20,15:59:53,16:07:13,COMPLETED,28925.0,7338.4,4053.94,4493.94
1273,easy,12,15:01:39,16:06:35,16:07:13,COMPLETED,28085.0,643.0,3896.73,3934.94
1231,easy,11,15:03:42,16:07:20,16:07:26,COMPLETED,27892.0,111.4,3818.34,3824.72
1247,easy,12,15:03:12,16:06:54,16:07:45,COMPLETED,26475.0,853.7,3822.79,3873.73
1340,easy,12,15:03:54,16:07:20,16:07:52,COMPLETED,27127.0,534.0,3806.34,3838.06
1275,easy,11,15:04:30,16:07:58,16:08:04,COMPLETED,25905.0,110.9,3808.46,3814.81
1126,medium,14,14:52:30,16:00:06,16:08:55,COMPLETED,30235.0,8822.0,4056.63,4585.69
1108,medium,14,14:54:50,16:03:07,16:09:27,COMPLETED,28656.0,6335.6,4097.48,4477.36
1204,easy,12,15:04:21,16:07:52,16:10:36,COMPLETED,30642.0,2751.9,3811.06,3975.88
1210,medium,14,15:00:13,16:05:30,16:11:14,COMPLETED,34848.0,5743.7,3917.65,4261.96
1054,hard,15,14:18:39,15:06:37,16:11:27,COMPLETED,32612.0,64835.1,2878.80,6768.74
411,hard,15,10:59:17,11:03:50,16:11:59,COMPLETED,34709.0,308150.2,273.89,18762.86
1337,medium,13,15:04:42,16:09:02,16:12:12,COMPLETED,28308.0,3181.3,3860.03,4050.62
1110,hard,15,14:16:44,15:04:56,16:13:35,COMPLETED,34263.0,68653.4,2892.14,7011.18
1211,medium,13,15:04:42,16:08:11,16:13:41,COMPLETED,32479.0,5511.8,3809.13,4139.52
1268,easy,12,15:06:41,16:13:41,16:13:54,COMPLETED,28634.0,217.2,4020.52,4033.25
1293,medium,13,15:06:00,16:11:34,16:14:06,COMPLETED,34916.0,2552.8,3934.08,4086.94
1199,easy,11,15:07:03,16:13:47,16:14:06,COMPLETED,29800.0,322.9,4004.90,4023.94
1279,easy,12,15:08:42,16:14:00,16:14:51,COMPLETED,27318.0,855.0,3918.59,3969.54
924,hard,15,13:38:45,14:19:24,16:14:57,COMPLETED,28273.0,115562.4,2439.36,9372.93
1335,easy,12,15:09:32,16:14:13,16:16:20,COMPLETED,28596.0,2123.5,3881.30,4008.46
1080,hard,15,14:07:44,14:47:09,16:16:26,COMPLETED,31331.0,89289.3,2365.61,7722.79
1193,easy,12,15:10:41,16:16:33,16:16:58,COMPLETED,23910.0,429.7,3952.16,3977.58
1289,medium,13,15:03:56,16:07:33,16:17:55,COMPLETED,35178.0,10385.8,3817.06,4439.79
1246,medium,14,15:05:35,16:10:43,16:18:15,COMPLETED,29910.0,7540.5,3908.21,4360.20
1030,medium,14,14:38:21,15:41:19,16:19:13,COMPLETED,28405.0,37908.1,3778.27,6052.43
1071,medium,14,14:52:02,15:59:15,16:19:52,COMPLETED,38554.0,20607.6,4033.93,5270.15
1313,medium,14,15:06:37,16:12:18,16:19:58,COMPLETED,28182.0,7664.8,3941.95,4401.50
1295,medium,13,15:10:35,16:16:26,16:20:11,COMPLETED,33496.0,3746.3,3951.79,4176.30
1197,easy,11,15:12:45,16:20:04,16:20:11,COMPLETED,16709.0,111.8,4039.90,4046.30
1291,medium,13,15:10:54,16:17:04,16:20:24,COMPLETED,21473.0,3322.2,3970.97,4170.02
1187,medium,13,14:54:51,16:03:14,16:20:30,COMPLETED,33303.0,17275.0,4103.13,5139.36
1198,easy,11,15:12:58,16:20:17,16:20:30,COMPLETED,23506.0,218.4,4039.63,4052.36
917,hard,15,13:53:15,14:32:23,16:20:36,COMPLETED,28146.0,108229.4,2348.20,8841.77
1324,easy,11,15:12:29,16:19:58,16:20:43,COMPLETED,22821.0,750.4,4049.50,4094.19
1130,hard,15,14:57:04,16:04:05,16:21:14,COMPLETED,33264.0,17151.6,4022.00,5050.88
1272,hard,15,15:00:32,16:06:09,16:21:14,COMPLETED,30936.0,15088.8,3937.79,4842.88
1225,easy,11,15:13:58,16:20:49,16:21:21,COMPLETED,29298.0,533.3,4011.58,4043.21
1213,easy,11,15:14:08,16:21:21,16:21:27,COMPLETED,24753.0,112.4,4033.21,4039.61
1262,easy,12,15:13:29,16:20:30,16:21:33,COMPLETED,30496.0,1065.8,4021.36,4084.99
1277,easy,11,15:15:41,16:21:27,16:21:46,COMPLETED,22004.0,323.4,3946.61,3965.72
1255,easy,11,15:15:59,16:21:40,16:21:53,COMPLETED,25058.0,217.7,3941.36,3954.06
1221,medium,13,15:13:54,16:20:43,16:22:05,COMPLETED,22840.0,1382.0,4009.19,4091.81
1232,easy,11,15:16:25,16:21:59,16:22:12,COMPLETED,24669.0,217.8,3934.45,3947.16
1215,easy,12,15:16:33,16:22:12,16:23:09,COMPLETED,28365.0,954.0,3939.16,3996.10
1251,easy,12,15:14:10,16:21:21,16:23:28,COMPLETED,31096.0,2118.7,4031.21,4158.10
1311,easy,12,15:16:57,16:23:15,16:23:34,COMPLETED,30486.0,322.1,3978.43,3997.41
1259,medium,13,15:09:56,16:14:57,16:24:06,COMPLETED,33527.0,9140.6,3901.93,4450.08
1328,easy,11,15:17:23,16:23:40,16:24:06,COMPLETED,32112.0,427.4,3977.79,4003.08
1325,easy,12,15:17:39,16:24:12,16:24:31,COMPLETED,24043.0,321.5,3993.45,4012.46
1355,medium,13,15:12:08,16:19:19,16:25:09,COMPLETED,31371.0,5828.9,4031.97,4381.44
1250,easy,12,15:18:03,16:24:37,16:25:22,COMPLETED,31611.0,747.1,3994.81,4039.15
1133,hard,15,14:51:34,15:58:50,16:25:48,COMPLETED,30791.0,26966.5,4036.47,5654.10
1312,medium,13,15:17:31,16:24:12,16:26:01,COMPLETED,23957.0,1818.2,4001.45,4110.26
1095,hard,15,14:36:33,15:36:39,16:26:20,COMPLETED,36558.0,49697.3,3606.14,6587.76
1223,easy,11,15:19:38,16:26:07,16:26:27,COMPLETED,26539.0,337.0,3989.59,4009.17
1320,medium,13,15:18:37,16:25:28,16:26:53,COMPLETED,30693.0,1414.7,4011.68,4096.27
1228,easy,11,15:20:21,16:26:33,16:26:53,COMPLETED,21583.0,328.8,3972.86,3992.27
1236,medium,13,15:11:04,16:18:02,16:28:10,COMPLETED,29660.0,10151.0,4018.33,4626.98
1344,easy,12,15:20:31,16:26:59,16:28:30,COMPLETED,26307.0,1521.8,3988.62,4079.64
1205,easy,12,15:21:50,16:28:17,16:28:30,COMPLETED,29949.0,223.7,3987.52,4000.64
1351,easy,12,15:24:10,16:28:36,16:28:56,COMPLETED,25753.0,333.5,3866.97,3886.49
1233,easy,12,15:21:23,16:26:59,16:29:15,COMPLETED,31398.0,2278.2,3936.62,4072.95
1285,medium,14,15:13:39,16:20:36,16:29:48,COMPLETED,26115.0,9201.1,4017.77,4569.45
1286,easy,11,15:25:50,16:29:03,16:30:20,COMPLETED,34429.0,1306.2,3793.04,3870.94
1239,easy,12,15:26:16,16:30:27,16:30:59,COMPLETED,22474.0,548.2,3851.48,3883.87
1005,medium,14,13:29:55,14:11:30,16:31:12,COMPLETED,27244.0,139705.9,2495.57,10877.77
845,hard,15,12:45:08,13:12:55,16:32:10,COMPLETED,27307.0,199248.4,1667.19,13622.03
1244,medium,13,15:27:13,16:31:19,16:32:29,COMPLETED,28512.0,1167.0,3846.31,3916.03
1350,medium,14,15:17:07,16:23:34,16:32:48,COMPLETED,27534.0,9232.1,3987.41,4541.08
1200,easy,12,15:27:20,16:32:16,16:33:07,COMPLETED,29129.0,850.7,3896.36,3947.09
1264,easy,12,15:27:26,16:32:35,16:33:26,COMPLETED,20886.0,851.1,3909.36,3960.14
719,hard,15,12:36:18,12:57:04,16:34:29,COMPLETED,29768.0,217409.6,1246.81,14291.33
1098,medium,13,14:55:27,16:03:33,16:34:42,COMPLETED,27949.0,31142.3,4086.68,5955.02
1248,medium,14,15:27:57,16:33:13,16:35:13,COMPLETED,27250.0,2008.5,3916.43,4036.65
1333,easy,11,15:28:46,16:35:19,16:35:26,COMPLETED,29634.0,111.0,3993.98,4000.34
1207,easy,12,15:27:57,16:33:32,16:35:39,COMPLETED,26845.0,2114.0,3935.47,4062.02
1334,easy,12,15:28:41,16:34:48,16:36:04,COMPLETED,34121.0,1272.0,3967.36,4043.38
1352,easy,11,15:28:54,16:35:32,16:36:04,COMPLETED,26246.0,533.8,3998.66,4030.38
1354,medium,14,15:13:22,16:20:17,16:36:30,COMPLETED,32102.0,16214.4,4015.63,4988.16
1206,easy,11,15:30:05,16:36:10,16:36:30,COMPLETED,19931.0,332.4,3965.72,3985.16
1283,easy,12,15:29:27,16:35:45,16:36:43,COMPLETED,29447.0,972.6,3978.34,4036.41
1305,easy,12,15:31:26,16:36:49,16:37:15,COMPLETED,24653.0,436.2,3923.74,3949.40
1342,medium,13,15:30:51,16:36:36,16:38:20,COMPLETED,30379.0,1727.0,3945.75,4049.08
1306,easy,12,15:31:59,16:38:26,16:39:18,COMPLETED,30673.0,869.0,3987.41,4039.04
1346,easy,12,15:31:15,16:36:36,16:39:37,COMPLETED,25239.0,3023.0,3921.75,4102.73
1237,hard,15,15:12:02,16:18:21,16:39:44,COMPLETED,37120.0,21383.3,3979.75,5262.28
1252,medium,14,15:32:49,16:39:50,16:40:55,COMPLETED,28369.0,1085.2,4021.93,4086.54
1235,easy,12,15:32:06,16:39:24,16:41:40,COMPLETED,36111.0,2266.3,4038.58,4174.27
1300,easy,11,15:33:35,16:41:02,16:41:59,COMPLETED,30934.0,962.7,4047.08,4104.47
1296,medium,14,15:05:41,16:11:21,16:42:25,COMPLETED,36753.0,31070.1,3940.34,5804.34
1348,easy,11,15:35:46,16:42:31,16:42:50,COMPLETED,23348.0,321.6,4005.67,4024.66
1201,easy,12,15:35:54,16:42:56,16:43:09,COMPLETED,24730.0,217.6,4022.99,4035.71
674,medium,14,11:21:40,11:35:05,16:43:22,COMPLETED,41151.0,308282.6,805.58,19302.49
1359,easy,12,15:37:00,16:43:16,16:44:06,COMPLETED,26908.0,854.1,3976.07,4026.95
1309,hard,15,15:28:03,16:34:35,16:44:45,COMPLETED,29294.0,10165.0,3992.66,4602.23
1280,medium,14,15:26:04,16:29:22,16:45:48,COMPLETED,32508.0,16441.7,3798.49,4784.73
1087,medium,14,14:51:07,15:58:31,16:46:07,COMPLETED,32397.0,47609.8,4044.34,6900.75
1347,easy,11,15:39:26,16:46:14,16:46:20,COMPLETED,23657.0,110.9,4008.08,4014.43
1245,hard,15,15:09:00,16:14:13,16:46:39,COMPLETED,30065.0,32439.5,3913.30,5859.47
1315,easy,12,15:39:58,16:46:45,16:47:11,COMPLETED,27880.0,426.7,4007.80,4033.10
901,hard,15,13:33:50,14:14:11,16:48:08,COMPLETED,33186.0,153940.7,2421.78,11658.15
1227,easy,11,15:41:51,16:48:14,16:48:33,COMPLETED,19479.0,324.4,3983.51,4002.62
1304,easy,11,15:41:52,16:48:40,16:48:46,COMPLETED,27378.0,111.9,4008.01,4014.39
1318,medium,14,15:32:35,16:39:44,16:49:05,COMPLETED,27050.0,9363.5,4029.28,4590.64
1336,medium,13,15:40:07,16:47:17,16:49:12,COMPLETED,27365.0,1925.4,4030.43,4145.20
1214,medium,14,15:39:45,16:46:26,16:50:17,COMPLETED,27886.0,3845.6,4001.76,4232.20
1321,easy,12,15:42:24,16:50:23,16:50:43,COMPLETED,24499.0,334.7,4079.53,4099.10
1307,easy,12,15:42:26,16:50:49,16:51:09,COMPLETED,27387.0,335.9,4103.66,4123.32
1203,easy,12,15:41:57,16:48:52,16:51:15,COMPLETED,27864.0,2391.0,4015.74,4158.86
1338,easy,12,15:42:12,16:49:12,16:51:35,COMPLETED,34266.0,2392.0,4020.20,4163.37
1212,medium,13,15:39:19,16:45:55,16:51:54,COMPLETED,30792.0,5997.3,3996.07,4355.62
1161,medium,14,14:42:48,15:49:55,16:52:52,COMPLETED,26442.0,62962.3,4027.49,7804.95
1208,easy,12,15:42:48,16:51:15,16:52:52,COMPLETED,31736.0,1626.5,4107.86,4204.95
1322,easy,11,15:44:44,16:52:59,16:53:12,COMPLETED,27835.0,226.5,4095.52,4108.74
1241,easy,12,15:43:14,16:51:41,16:53:19,COMPLETED,29483.0,1628.5,4107.78,4205.15
1263,easy,11,15:45:16,16:52:59,16:53:19,COMPLETED,27148.0,331.7,4063.52,4083.15
1269,medium,14,15:38:56,16:44:51,16:53:25,COMPLETED,31173.0,8571.3,3955.63,4469.54
1253,easy,12,15:45:16,16:53:19,16:53:44,COMPLETED,22780.0,429.6,4083.15,4108.63
1327,hard,15,15:19:19,16:25:54,16:54:03,COMPLETED,31257.0,28154.0,3995.67,5684.69
1242,easy,12,15:46:22,16:53:25,16:54:03,COMPLETED,31956.0,640.3,4023.54,4061.69
1192,easy,12,15:46:39,16:53:50,16:54:03,COMPLETED,23289.0,217.5,4031.96,4044.69
1319,easy,11,15:46:47,16:54:10,16:54:16,COMPLETED,26055.0,113.2,4043.03,4049.48
508,hard,15,10:54:31,10:54:33,16:54:48,COMPLETED,34239.0,360243.8,2.73,21617.32
1330,easy,11,15:48:16,16:54:54,16:55:01,COMPLETED,24920.0,111.9,3998.74,4005.11
1301,easy,12,15:47:11,16:54:10,16:55:20,COMPLETED,25542.0,1173.5,4019.03,4089.20
1326,easy,11,15:48:33,16:55:26,16:55:39,COMPLETED,28947.0,216.0,4013.53,4026.19
1256,easy,11,15:48:38,16:55:45,16:55:51,COMPLETED,28890.0,111.1,4027.52,4033.88
1357,easy,11,15:48:58,16:55:58,16:56:10,COMPLETED,27571.0,216.1,4020.21,4032.88
1314,easy,12,15:46:32,16:53:31,16:58:04,COMPLETED,24135.0,4550.7,4019.95,4292.70
938,hard,15,13:47:18,14:28:55,17:00:07,COMPLETED,36089.0,151195.5,2497.68,11569.27
1266,medium,14,15:26:34,16:31:06,17:00:33,COMPLETED,32782.0,29456.5,3872.40,5639.42
1265,easy,12,15:49:41,17:00:13,17:00:33,COMPLETED,28539.0,335.4,4232.81,4252.42
1261,medium,13,15:47:22,16:54:10,17:00:39,COMPLETED,26786.0,6509.0,4008.03,4397.98
1297,easy,11,15:50:01,17:00:39,17:00:46,COMPLETED,29363.0,116.8,4238.98,4245.73
1317,easy,11,15:50:09,17:00:53,17:01:06,COMPLETED,23736.0,226.7,4244.11,4257.22
1323,easy,12,15:49:58,17:00:39,17:01:19,COMPLETED,26485.0,660.1,4241.98,4281.11
911,hard,15,13:05:25,13:45:35,17:01:25,COMPLETED,39861.0,195841.7,2410.26,14160.65
1284,easy,11,15:50:52,17:01:25,17:01:38,COMPLETED,31751.0,221.9,4233.65,4246.67
1224,easy,11,15:51:01,17:01:32,17:01:44,COMPLETED,23387.0,221.0,4231.31,4244.00
1243,easy,12,15:51:50,17:01:44,17:02:36,COMPLETED,26344.0,873.0,4195.00,4246.90
1153,hard,15,14:25:49,15:21:36,17:02:43,COMPLETED,26249.0,101124.8,3347.21,9414.43
1282,easy,12,15:51:52,17:01:51,17:02:43,COMPLETED,40002.0,872.9,4199.62,4251.43
1226,easy,11,15:52:34,17:02:50,17:03:03,COMPLETED,26671.0,224.2,4216.03,4229.15
1281,easy,11,15:52:13,17:02:50,17:03:09,COMPLETED,26487.0,335.9,4237.03,4256.59
1329,hard,15,15:06:35,16:12:06,17:03:48,COMPLETED,25653.0,51712.9,3931.21,7033.71
1278,easy,12,15:53:30,17:03:55,17:04:27,COMPLETED,32040.0,546.5,4225.26,4257.72
1308,medium,14,15:18:20,16:25:15,17:05:43,COMPLETED,29490.0,40468.5,4015.77,6443.68
1055,hard,15,14:38:45,15:44:49,17:06:15,COMPLETED,33761.0,81424.5,3964.99,8850.31
1339,medium,14,15:42:22,16:49:19,17:08:09,COMPLETED,32777.0,18838.8,4017.02,5147.11
1240,medium,14,15:48:58,16:56:17,17:08:15,COMPLETED,33220.0,11976.6,4039.20,4757.45
1349,medium,14,15:13:30,16:20:36,17:09:38,COMPLETED,30322.0,49027.1,4026.77,6968.10
1341,hard,15,15:27:29,16:32:54,17:09:44,COMPLETED,30003.0,36844.8,3925.41,6135.66
1276,easy,12,15:55:41,17:08:15,17:09:44,COMPLETED,25923.0,1497.4,4354.45,4443.66
1358,medium,14,15:33:51,16:41:46,17:09:51,COMPLETED,29734.0,28083.5,4075.61,5760.34
1131,hard,15,14:37:51,15:37:55,17:10:04,COMPLETED,27452.0,92152.0,3604.21,9133.10
1195,easy,12,15:56:27,17:09:51,17:10:23,COMPLETED,26514.0,544.4,4404.34,4436.75
1303,easy,11,15:56:36,17:10:10,17:10:30,COMPLETED,30952.0,333.4,4414.65,4434.08
1218,medium,14,15:51:53,17:02:43,17:11:09,COMPLETED,33457.0,8433.9,4250.43,4756.21
1270,medium,13,15:53:32,17:04:34,17:11:22,COMPLETED,34363.0,6808.9,4262.09,4670.16
1332,hard,15,15:05:23,16:09:33,17:11:41,COMPLETED,29360.0,62132.6,3850.69,7578.39
1345,hard,15,15:55:12,17:05:50,17:11:47,COMPLETED,33179.0,5974.7,4238.01,4595.93
1258,easy,11,15:57:40,17:11:15,17:12:01,COMPLETED,31871.0,766.7,4415.54,4461.26
1190,medium,13,15:53:25,17:03:16,17:12:26,COMPLETED,34373.0,9184.5,4191.23,4741.87
1194,medium,13,15:58:36,17:11:28,17:12:26,COMPLETED,27745.0,977.8,4372.73,4430.87
1230,easy,12,15:59:49,17:12:07,17:12:26,COMPLETED,23597.0,330.9,4338.59,4357.87
1310,easy,12,15:59:36,17:11:54,17:12:33,COMPLETED,29488.0,661.1,4338.61,4377.48
1254,medium,13,15:56:14,17:09:51,17:12:46,COMPLETED,31724.0,2930.3,4417.34,4592.70
1366,easy,11,16:00:25,17:12:33,17:12:53,COMPLETED,33591.0,337.3,4328.48,4348.26
1467,easy,12,16:01:11,17:12:40,17:13:19,COMPLETED,33580.0,660.5,4289.34,4328.47
1287,hard,15,15:42:50,16:51:22,17:13:32,COMPLETED,31903.0,22178.8,4112.24,5442.75
1499,easy,12,16:01:34,17:13:26,17:13:52,COMPLETED,28918.0,444.7,4312.02,4338.22
1471,easy,12,16:01:25,17:12:59,17:13:58,COMPLETED,29619.0,987.0,4294.88,4353.76
1024,hard,15,14:39:59,15:46:06,17:14:11,COMPLETED,32149.0,88098.5,3967.08,9252.74
1331,medium,14,15:31:43,16:37:21,17:14:24,COMPLETED,33319.0,37050.4,3938.95,6161.66
1512,easy,12,16:00:02,17:12:33,17:14:24,COMPLETED,28712.0,1861.0,4351.48,4462.66
1462,easy,12,16:02:24,17:13:58,17:14:37,COMPLETED,29958.0,660.9,4294.76,4333.94
1417,easy,12,16:02:28,17:14:05,17:15:03,COMPLETED,29726.0,987.5,4297.14,4355.91
1402,easy,11,16:03:08,17:14:31,17:15:03,COMPLETED,27568.0,552.9,4283.25,4315.91
1434,easy,12,16:03:42,17:15:10,17:15:29,COMPLETED,23143.0,325.3,4288.46,4307.67
1494,easy,11,16:03:42,17:15:10,17:15:29,COMPLETED,31723.0,324.9,4288.46,4307.67
1222,medium,14,15:15:44,16:21:33,17:15:36,COMPLETED,27208.0,54037.8,3949.99,7192.01
1409,easy,11,16:03:44,17:15:36,17:15:48,COMPLETED,24900.0,218.1,4312.01,4324.80
1411,easy,11,16:04:58,17:15:55,17:16:07,COMPLETED,22116.0,216.4,4257.13,4269.82
1031,hard,15,14:12:36,14:55:02,17:16:14,COMPLETED,35230.0,141191.2,2546.82,11018.14
1372,easy,11,16:05:09,17:16:14,17:16:20,COMPLETED,19217.0,112.9,4265.14,4271.54
1430,medium,13,16:04:53,17:15:42,17:16:26,COMPLETED,29633.0,748.7,4249.43,4293.95
1128,medium,14,14:27:20,15:27:58,17:16:39,COMPLETED,42602.0,108694.2,3638.27,10159.79
1519,easy,12,16:07:33,17:16:33,17:16:46,COMPLETED,26075.0,219.0,4140.39,4153.19
1483,medium,13,16:03:56,17:15:36,17:16:52,COMPLETED,32215.0,1280.7,4300.01,4376.56
1433,easy,11,16:08:08,17:16:58,17:17:11,COMPLETED,35689.0,216.2,4130.94,4143.60
1486,easy,11,16:08:15,17:17:17,17:17:43,COMPLETED,17301.0,426.8,4142.93,4168.23
1209,medium,14,15:24:31,16:28:36,17:18:46,COMPLETED,32967.0,50160.5,3845.97,6855.53
1219,medium,14,15:56:01,17:08:21,17:18:46,COMPLETED,28422.0,10415.5,4340.88,4965.53
1288,medium,14,15:16:56,16:22:18,17:18:59,COMPLETED,28912.0,56682.0,3922.55,7323.31
1485,easy,12,16:08:55,17:18:52,17:19:12,COMPLETED,25013.0,322.6,4197.92,4217.00
1238,medium,13,15:55:18,17:06:21,17:19:18,COMPLETED,33957.0,12949.6,4263.64,5040.35
1428,easy,12,16:08:56,17:19:05,17:19:18,COMPLETED,29176.0,217.8,4209.65,4222.35
1520,easy,11,16:10:25,17:19:24,17:19:43,COMPLETED,27506.0,321.2,4139.74,4158.75
1426,medium,13,16:03:23,17:14:31,17:19:50,COMPLETED,25579.0,5317.4,4268.25,4587.08
1382,easy,11,16:11:06,17:19:56,17:20:09,COMPLETED,27435.0,216.9,4130.46,4143.16
1420,easy,12,16:11:09,17:20:15,17:20:34,COMPLETED,27348.0,324.1,4146.50,4165.64
1388,easy,12,16:10:55,17:19:50,17:23:00,COMPLETED,25556.0,3172.7,4135.08,4325.15
1290,medium,14,15:56:53,17:10:30,17:23:12,COMPLETED,31130.0,12717.4,4417.08,5179.90
1451,easy,11,16:11:47,17:23:06,17:23:25,COMPLETED,30360.0,323.5,4279.47,4298.58
1410,medium,13,16:09:16,17:19:18,17:24:29,COMPLETED,26042.0,5183.0,4202.35,4513.03
1516,easy,12,16:12:49,17:24:35,17:25:25,COMPLETED,27511.0,848.5,4306.37,4356.97
1196,medium,14,15:50:48,17:01:12,17:25:57,COMPLETED,32139.0,24754.7,4224.76,5709.59
1234,medium,14,15:50:02,17:00:46,17:26:56,COMPLETED,31179.0,26161.5,4244.73,5814.10
1292,hard,15,15:29:59,16:36:10,17:28:38,COMPLETED,40216.0,52472.8,3971.72,7119.92
1468,medium,14,16:01:24,17:12:53,17:28:45,COMPLETED,34831.0,15871.5,4289.26,5241.25
1353,hard,15,15:48:23,16:55:07,17:28:51,COMPLETED,32186.0,33740.2,4004.48,6028.65
1527,easy,11,16:14:46,17:28:58,17:29:04,COMPLETED,24192.0,110.9,4452.04,4458.40
1421,easy,12,16:14:18,17:28:45,17:29:55,COMPLETED,27814.0,1169.7,4467.25,4537.07
1472,hard,15,16:00:38,17:12:33,17:30:58,COMPLETED,37854.0,18415.6,4315.48,5420.38
1397,easy,12,16:15:03,17:30:01,17:32:14,COMPLETED,31126.0,2221.0,4498.48,4631.40
1412,easy,12,16:15:31,17:32:20,17:32:33,COMPLETED,25903.0,216.7,4609.77,4622.47
1500,medium,13,16:13:55,17:27:02,17:33:30,COMPLETED,31402.0,6471.8,4387.63,4775.60
1390,medium,14,16:03:03,17:14:18,17:33:36,COMPLETED,30175.0,19319.4,4275.30,5433.99
1438,easy,11,16:15:55,17:33:43,17:34:09,COMPLETED,30988.0,443.3,4668.64,4694.75
1373,easy,12,16:17:35,17:34:16,17:34:42,COMPLETED,25123.0,436.0,4601.28,4627.14
1257,hard,15,15:37:28,16:43:28,17:35:27,COMPLETED,26270.0,51982.3,3960.83,7079.46
1419,medium,14,16:02:13,17:13:39,17:35:34,COMPLETED,32495.0,21923.3,4286.09,5601.05
1435,easy,12,16:17:42,17:35:34,17:36:06,COMPLETED,25932.0,553.4,4672.05,4704.77
1427,easy,11,16:18:18,17:36:13,17:36:19,COMPLETED,26506.0,114.9,4675.31,4681.91
1271,hard,15,15:57:07,17:10:36,17:36:26,COMPLETED,28561.0,25832.8,4409.71,5959.23
1526,medium,13,16:12:49,17:25:32,17:39:08,COMPLETED,40603.0,13605.7,4363.30,5179.39
1509,medium,13,16:15:06,17:31:04,17:41:28,COMPLETED,35519.0,10397.3,4558.70,5182.27
1447,easy,12,16:18:48,17:41:34,17:42:25,COMPLETED,31568.0,852.0,4966.60,5017.37
1523,medium,13,16:18:15,17:35:40,17:42:50,COMPLETED,24546.0,7173.6,4645.68,5075.75
1406,easy,11,16:18:51,17:42:57,17:43:22,COMPLETED,27325.0,427.6,5046.16,5071.51
1267,hard,15,15:03:29,16:07:13,17:43:28,COMPLETED,39290.0,96251.2,3824.94,9599.84
1374,easy,11,16:19:11,17:43:35,17:43:41,COMPLETED,26647.0,111.2,5064.21,5070.56
1146,hard,15,14:06:56,14:46:12,17:44:13,COMPLETED,35330.0,178020.2,2356.06,13037.19
1429,medium,14,16:12:06,17:23:19,17:45:56,COMPLETED,26005.0,22618.0,4273.23,5630.07
1517,medium,13,16:19:57,17:44:19,17:45:56,COMPLETED,32511.0,1614.4,5062.52,5159.07
980,hard,15,13:18:17,14:02:05,17:46:28,COMPLETED,43245.0,224379.2,2628.57,16091.21
1449,easy,12,16:20:00,17:46:02,17:47:33,COMPLETED,30407.0,1519.5,5162.41,5253.25
1456,easy,12,16:20:49,17:46:34,17:47:33,COMPLETED,24102.0,980.7,5145.76,5204.25
1513,easy,12,16:21:43,17:47:39,17:48:18,COMPLETED,30807.0,646.4,5156.63,5195.12
1474,easy,11,16:22:57,17:48:24,17:49:21,COMPLETED,24708.0,952.5,5127.45,5184.30
1384,hard,15,16:08:53,17:17:49,17:49:59,COMPLETED,28886.0,32180.1,4136.57,6066.91
1394,medium,13,16:19:52,17:43:47,17:55:04,COMPLETED,36396.0,11284.3,5035.91,5712.63
1504,medium,14,16:12:39,17:23:31,17:55:17,COMPLETED,40943.0,31763.2,4252.92,6158.43
1115,hard,15,14:12:56,14:56:53,17:56:08,COMPLETED,37819.0,179254.9,2637.22,13392.37
1380,easy,11,16:25:04,17:56:14,17:56:21,COMPLETED,20684.0,112.8,5470.92,5477.32
1473,hard,15,16:18:30,17:36:26,17:59:02,COMPLETED,31323.0,22616.4,4676.23,6032.91
1482,hard,15,16:18:56,17:43:28,17:59:09,COMPLETED,33016.0,15683.4,5072.84,6013.30
1431,easy,11,16:26:11,17:59:09,17:59:29,COMPLETED,30883.0,337.0,5578.30,5598.04
122,hard,15,08:27:29,08:27:31,18:00:00,UNFINISHED,-1,-1,-1
332,hard,15,09:19:20,09:19:20,18:00:00,UNFINISHED,-1,-1,-1
238,hard,15,09:39:49,09:39:51,18:00:00,UNFINISHED,-1,-1,-1
341,medium,14,10:28:55,10:28:56,18:00:00,UNFINISHED,-1,-1,-1
467,hard,15,10:52:31,10:52:36,18:00:00,UNFINISHED,-1,-1,-1
792,hard,15,12:15:07,12:31:37,18:00:00,UNFINISHED,-1,-1,-1
804,hard,15,12:19:03,12:35:47,18:00:00,UNFINISHED,-1,-1,-1
721,hard,15,12:36:33,12:57:04,18:00:00,UNFINISHED,-1,-1,-1
803,hard,15,12:42:20,13:05:14,18:00:00,UNFINISHED,-1,-1,-1
822,hard,15,12:52:09,13:30:50,18:00:00,UNFINISHED,-1,-1,-1
936,hard,15,13:12:14,13:53:10,18:00:00,UNFINISHED,-1,-1,-1
886,medium,14,13:35:51,14:14:30,18:00:00,UNFINISHED,-1,-1,-1
940,hard,15,13:47:13,14:28:36,18:00:00,UNFINISHED,-1,-1,-1
1022,hard,15,14:00:01,14:38:08,18:00:00,UNFINISHED,-1,-1,-1
1029,hard,15,14:04:42,14:44:40,18:00:00,UNFINISHED,-1,-1,-1
1141,hard,15,14:11:08,14:51:49,18:00:00,UNFINISHED,-1,-1,-1
1074,hard,15,14:12:47,14:56:14,18:00:00,UNFINISHED,-1,-1,-1
1188,hard,15,14:24:45,15:18:21,18:00:00,UNFINISHED,-1,-1,-1
1100,hard,15,14:29:10,15:29:42,18:00:00,UNFINISHED,-1,-1,-1
1102,medium,14,14:32:51,15:33:22,18:00:00,UNFINISHED,-1,-1,-1
1067,hard,15,14:34:25,15:33:41,18:00:00,UNFINISHED,-1,-1,-1
1034,hard,15,14:34:36,15:33:47,18:00:00,UNFINISHED,-1,-1,-1
1142,hard,15,14:37:56,15:39:50,18:00:00,UNFINISHED,-1,-1,-1
1104,hard,15,14:58:23,16:04:58,18:00:00,UNFINISHED,-1,-1,-1
1216,hard,15,15:10:27,16:15:04,18:00:00,UNFINISHED,-1,-1,-1
1274,hard,15,15:16:04,16:21:53,18:00:00,UNFINISHED,-1,-1,-1
1202,hard,15,15:20:11,16:26:27,18:00:00,UNFINISHED,-1,-1,-1
1191,hard,15,15:26:06,16:29:55,18:00:00,UNFINISHED,-1,-1,-1
1356,medium,14,15:35:24,16:42:05,18:00:00,UNFINISHED,-1,-1,-1
1316,hard,15,15:37:38,16:44:13,18:00:00,UNFINISHED,-1,-1,-1
1220,hard,15,15:44:36,16:52:00,18:00:00,UNFINISHED,-1,-1,-1
1229,hard,15,15:46:17,16:53:25,18:00:00,UNFINISHED,-1,-1,-1
1343,hard,15,15:47:25,16:54:22,18:00:00,UNFINISHED,-1,-1,-1
1298,hard,15,15:49:33,16:58:11,18:00:00,UNFINISHED,-1,-1,-1
1249,hard,15,15:53:16,17:03:09,18:00:00,UNFINISHED,-1,-1,-1
1217,medium,14,15:56:05,17:09:44,18:00:00,UNFINISHED,-1,-1,-1
1294,medium,14,15:56:30,17:09:57,18:00:00,UNFINISHED,-1,-1,-1
1299,hard,15,15:59:30,17:11:47,18:00:00,UNFINISHED,-1,-1,-1
1497,hard,15,16:03:36,17:14:44,18:00:00,UNFINISHED,-1,-1,-1
1381,hard,15,16:07:22,17:16:20,18:00:00,UNFINISHED,-1,-1,-1
1361,hard,15,16:07:28,17:16:26,18:00:00,UNFINISHED,-1,-1,-1
1404,hard,15,16:07:45,17:16:46,18:00:00,UNFINISHED,-1,-1,-1
1368,hard,15,16:07:50,17:16:52,18:00:00,UNFINISHED,-1,-1,-1
1525,hard,15,16:08:53,17:18:52,18:00:00,UNFINISHED,-1,-1,-1
1476,hard,15,16:09:26,17:19:24,18:00:00,UNFINISHED,-1,-1,-1
1458,hard,15,16:11:33,17:20:40,18:00:00,UNFINISHED,-1,-1,-1
1393,hard,15,16:13:03,17:26:04,18:00:00,UNFINISHED,-1,-1,-1
1496,medium,14,16:14:22,17:28:51,18:00:00,UNFINISHED,-1,-1,-1
1521,medium,14,16:14:55,17:29:10,18:00:00,UNFINISHED,-1,-1,-1
1362,hard,15,16:15:33,17:32:39,18:00:00,UNFINISHED,-1,-1,-1
1508,hard,15,16:15:43,17:33:36,18:00:00,UNFINISHED,-1,-1,-1
1466,hard,15,16:17:37,17:34:48,18:00:00,UNFINISHED,-1,-1,-1
1454,medium,14,16:18:35,17:36:32,18:00:00,UNFINISHED,-1,-1,-1
1478,hard,15,16:18:44,17:39:14,18:00:00,UNFINISHED,-1,-1,-1
1391,medium,14,16:18:49,17:42:31,18:00:00,UNFINISHED,-1,-1,-1
1518,hard,15,16:20:48,17:46:02,18:00:00,UNFINISHED,-1,-1,-1
1514,medium,14,16:22:20,17:47:39,18:00:00,UNFINISHED,-1,-1,-1
1385,medium,14,16:23:00,17:49:27,18:00:00,UNFINISHED,-1,-1,-1
1444,medium,14,16:23:17,17:50:06,18:00:00,UNFINISHED,-1,-1,-1
1418,medium,13,16:23:21,17:55:11,18:00:00,UNFINISHED,-1,-1,-1
1529,hard,15,16:25:04,17:55:23,18:00:00,UNFINISHED,-1,-1,-1
1493,medium,14,16:25:32,17:56:27,18:00:00,UNFINISHED,-1,-1,-1
1405,hard,15,16:26:52,17:59:15,18:00:00,UNFINISHED,-1,-1,-1
1396,easy,12,16:27:27,17:59:35,18:00:00,UNFINISHED,-1,-1,-1
1432,hard,15,16:28:16,-,-,IGNORED,-1,-1
1407,medium,14,16:28:56,-,-,IGNORED,-1,-1
1524,hard,15,16:28:59,-,-,IGNORED,-1,-1
1511,hard,15,16:29:27,-,-,IGNORED,-1,-1
1387,easy,11,16:29:27,-,-,IGNORED,-1,-1
1464,medium,14,16:30:32,-,-,IGNORED,-1,-1
1469,easy,11,16:30:45,-,-,IGNORED,-1,-1
1437,easy,11,16:30:51,-,-,IGNORED,-1,-1
1365,medium,13,16:30:57,-,-,IGNORED,-1,-1
1383,medium,14,16:32:19,-,-,IGNORED,-1,-1
1378,hard,15,16:32:34,-,-,IGNORED,-1,-1
1461,medium,13,16:32:36,-,-,IGNORED,-1,-1
1492,easy,12,16:32:49,-,-,IGNORED,-1,-1
1370,hard,15,16:32:59,-,-,IGNORED,-1,-1
1507,medium,13,16:33:35,-,-,IGNORED,-1,-1
1487,medium,14,16:33:56,-,-,IGNORED,-1,-1
1395,hard,15,16:34:26,-,-,IGNORED,-1,-1
1423,easy,12,16:35:11,-,-,IGNORED,-1,-1
1375,easy,11,16:35:48,-,-,IGNORED,-1,-1
1436,easy,11,16:35:59,-,-,IGNORED,-1,-1
1465,easy,11,16:36:14,-,-,IGNORED,-1,-1
1379,hard,15,16:36:14,-,-,IGNORED,-1,-1
1448,medium,13,16:36:37,-,-,IGNORED,-1,-1
1363,medium,13,16:37:10,-,-,IGNORED,-1,-1
1392,easy,11,16:37:36,-,-,IGNORED,-1,-1
1360,easy,11,16:37:38,-,-,IGNORED,-1,-1
1498,easy,12,16:37:39,-,-,IGNORED,-1,-1
1481,medium,14,16:38:01,-,-,IGNORED,-1,-1
1403,medium,13,16:38:02,-,-,IGNORED,-1,-1
1503,medium,14,16:38:18,-,-,IGNORED,-1,-1
1489,easy,11,16:38:29,-,-,IGNORED,-1,-1
1415,easy,12,16:38:54,-,-,IGNORED,-1,-1
1367,easy,12,16:38:56,-,-,IGNORED,-1,-1
1459,easy,11,16:39:21,-,-,IGNORED,-1,-1
1480,easy,11,16:40:02,-,-,IGNORED,-1,-1
1399,medium,14,16:40:24,-,-,IGNORED,-1,-1
1491,easy,12,16:41:17,-,-,IGNORED,-1,-1
1377,easy,11,16:41:24,-,-,IGNORED,-1,-1
1445,easy,12,16:41:41,-,-,IGNORED,-1,-1
1477,medium,13,16:41:58,-,-,IGNORED,-1,-1
1453,easy,11,16:42:07,-,-,IGNORED,-1,-1
1408,easy,11,16:42:12,-,-,IGNORED,-1,-1
1452,easy,12,16:42:40,-,-,IGNORED,-1,-1
1528,easy,11,16:42:51,-,-,IGNORED,-1,-1
1371,medium,14,16:42:52,-,-,IGNORED,-1,-1
1488,medium,14,16:43:55,-,-,IGNORED,-1,-1
1439,hard,15,16:44:01,-,-,IGNORED,-1,-1
1398,medium,14,16:44:01,-,-,IGNORED,-1,-1
1501,easy,12,16:44:29,-,-,IGNORED,-1,-1
1386,easy,12,16:44:46,-,-,IGNORED,-1,-1
1414,easy,12,16:46:41,-,-,IGNORED,-1,-1
1442,hard,15,16:47:48,-,-,IGNORED,-1,-1
1400,easy,11,16:48:54,-,-,IGNORED,-1,-1
1455,easy,11,16:48:55,-,-,IGNORED,-1,-1
1490,hard,15,16:49:26,-,-,IGNORED,-1,-1
1457,medium,14,16:49:41,-,-,IGNORED,-1,-1
1515,easy,12,16:50:46,-,-,IGNORED,-1,-1
1389,easy,11,16:50:47,-,-,IGNORED,-1,-1
1470,easy,12,16:51:06,-,-,IGNORED,-1,-1
1446,hard,15,16:51:26,-,-,IGNORED,-1,-1
1460,medium,13,16:51:35,-,-,IGNORED,-1,-1
1401,easy,11,16:51:46,-,-,IGNORED,-1,-1
1502,hard,15,16:52:13,-,-,IGNORED,-1,-1
1463,easy,12,16:52:33,-,-,IGNORED,-1,-1
1364,easy,11,16:53:18,-,-,IGNORED,-1,-1
1416,easy,12,16:53:25,-,-,IGNORED,-1,-1
1441,medium,14,16:53:35,-,-,IGNORED,-1,-1
1413,easy,11,16:54:17,-,-,IGNORED,-1,-1
1505,hard,15,16:54:46,-,-,IGNORED,-1,-1
1479,easy,12,16:55:33,-,-,IGNORED,-1,-1
1376,hard,15,16:56:05,-,-,IGNORED,-1,-1
1443,hard,15,16:56:09,-,-,IGNORED,-1,-1
1424,medium,14,16:56:14,-,-,IGNORED,-1,-1
1440,medium,14,16:56:48,-,-,IGNORED,-1,-1
1369,easy,11,16:57:13,-,-,IGNORED,-1,-1
1425,medium,14,16:57:24,-,-,IGNORED,-1,-1
1475,medium,13,16:57:47,-,-,IGNORED,-1,-1
1522,easy,11,16:57:54,-,-,IGNORED,-1,-1
1422,easy,11,16:58:01,-,-,IGNORED,-1,-1
1484,medium,13,16:58:18,-,-,IGNORED,-1,-1
1510,hard,15,16:58:46,-,-,IGNORED,-1,-1
1450,medium,13,16:58:55,-,-,IGNORED,-1,-1
1506,easy,12,16:59:29,-,-,IGNORED,-1,-1
1495,easy,12,16:59:55,-,-,IGNORED,-1,-1
