task_id,difficulty,n,arrival_sim,start_sim,end_sim,status,cost,real_duration_sec,waiting_time_mili_sec,time_in_system_mili_sec
77,easy,11,08:00:07,08:00:12,08:01:00,COMPLETED,20166.0,809.6,5.09,53.64
30,easy,12,08:01:44,08:01:48,08:02:37,COMPLETED,22974.0,808.8,4.86,53.34
63,easy,11,08:03:11,08:03:13,08:03:56,COMPLETED,29048.0,713.4,2.68,45.44
68,easy,11,08:03:25,08:03:25,08:03:56,COMPLETED,29025.0,511.2,0.82,31.44
78,easy,12,08:04:16,08:04:20,08:05:39,COMPLETED,29593.0,1317.7,4.71,83.71
42,easy,11,08:05:22,08:05:27,08:05:45,COMPLETED,39200.0,307.9,5.46,23.82
71,easy,11,08:05:42,08:05:45,08:06:16,COMPLETED,27124.0,509.0,3.82,34.31
111,easy,12,08:05:19,08:05:21,08:06:28,COMPLETED,34963.0,1119.1,2.36,69.46
92,easy,11,08:06:42,08:06:46,08:06:58,COMPLETED,24963.0,204.6,4.66,16.88
44,medium,13,08:05:26,08:05:27,08:09:06,COMPLETED,27340.0,3650.8,1.46,220.53
56,medium,14,08:06:52,08:06:52,08:09:06,COMPLETED,27421.0,2230.6,0.77,134.53
36,easy,11,08:09:24,08:09:24,08:09:37,COMPLETED,24852.0,207.9,0.84,13.20
130,medium,13,08:05:59,08:06:04,08:10:07,COMPLETED,33898.0,4063.8,5.10,248.83
9,easy,11,08:11:25,08:11:27,08:11:33,COMPLETED,23316.0,110.0,2.66,8.91
84,easy,11,08:11:57,08:11:58,08:12:23,COMPLETED,24508.0,414.4,1.75,26.51
82,easy,11,08:12:00,08:12:04,08:12:48,COMPLETED,24758.0,723.4,4.90,48.22
51,medium,13,08:13:41,08:13:43,08:14:20,COMPLETED,26972.0,623.9,2.74,39.97
100,medium,13,08:11:29,08:11:33,08:14:45,COMPLETED,29186.0,3199.0,4.91,196.70
145,medium,13,08:11:59,08:12:04,08:14:45,COMPLETED,29096.0,2683.3,5.90,166.70
134,medium,14,08:08:49,08:08:54,08:16:18,COMPLETED,29390.0,7398.6,5.33,449.18
21,medium,14,08:10:22,08:10:26,08:16:48,COMPLETED,28001.0,6379.0,4.25,386.91
2,medium,13,08:10:41,08:10:44,08:16:55,COMPLETED,31308.0,6182.0,3.65,374.50
118,easy,12,08:16:08,08:16:11,08:17:01,COMPLETED,27937.0,829.9,3.95,53.63
169,easy,11,08:16:38,08:16:42,08:17:01,COMPLETED,25250.0,317.3,4.72,23.63
126,medium,14,08:09:42,08:09:43,08:18:02,COMPLETED,34979.0,8328.7,1.34,500.96
158,medium,14,08:01:29,08:01:30,08:18:09,COMPLETED,32775.0,16640.5,1.72,1000.14
19,easy,12,08:17:33,08:17:38,08:18:15,COMPLETED,30307.0,617.4,5.34,42.28
109,easy,11,08:18:01,08:18:02,08:18:21,COMPLETED,28069.0,309.7,1.96,20.43
38,easy,12,08:17:44,08:17:44,08:18:45,COMPLETED,32706.0,1023.8,0.55,61.88
40,medium,13,08:01:58,08:02:00,08:18:52,COMPLETED,42143.0,16850.8,2.97,1014.00
32,easy,11,08:19:48,08:19:53,08:20:05,COMPLETED,25835.0,207.0,5.05,17.38
141,medium,13,08:19:52,08:19:53,08:20:29,COMPLETED,28199.0,614.9,1.05,37.87
70,medium,14,08:09:35,08:09:37,08:20:42,COMPLETED,29186.0,11083.6,2.20,667.12
120,hard,15,08:07:28,08:07:29,08:21:50,COMPLETED,30237.0,14351.3,1.24,862.25
76,easy,11,08:21:37,08:21:37,08:21:50,COMPLETED,25592.0,210.0,0.83,13.25
73,medium,14,08:09:07,08:09:12,08:22:15,COMPLETED,31322.0,13040.3,5.64,788.01
59,medium,14,08:17:38,08:17:38,08:22:21,COMPLETED,32717.0,4714.7,0.34,283.14
20,medium,13,08:08:17,08:08:17,08:22:27,COMPLETED,39264.0,14159.5,0.84,850.34
127,medium,13,08:20:51,08:20:54,08:22:27,COMPLETED,27860.0,1551.2,3.44,96.34
60,medium,14,08:03:35,08:03:38,08:22:45,COMPLETED,32456.0,19130.8,3.02,1150.82
6,medium,13,08:20:19,08:20:23,08:22:58,COMPLETED,29021.0,2576.0,4.72,159.16
54,easy,11,08:23:17,08:23:22,08:23:35,COMPLETED,32547.0,210.8,5.66,18.04
155,easy,12,08:23:45,08:23:47,08:24:12,COMPLETED,21362.0,411.8,2.53,27.15
122,medium,14,08:03:39,08:03:44,08:25:57,COMPLETED,29954.0,22218.9,5.19,1338.28
94,easy,12,08:25:45,08:25:50,08:25:57,COMPLETED,25027.0,111.1,5.82,12.28
105,easy,11,08:25:48,08:25:50,08:25:57,COMPLETED,19378.0,109.1,2.82,9.28
147,easy,11,08:25:47,08:25:50,08:26:22,COMPLETED,31455.0,521.6,3.82,35.08
88,medium,13,08:23:55,08:23:59,08:26:34,COMPLETED,32339.0,2578.2,4.86,159.41
66,easy,12,08:26:56,08:26:58,08:27:41,COMPLETED,29400.0,717.4,2.95,45.83
121,easy,12,08:27:37,08:27:41,08:28:12,COMPLETED,32554.0,512.2,4.83,35.46
85,easy,11,08:28:44,08:28:49,08:28:55,COMPLETED,24792.0,105.3,5.09,11.30
104,medium,14,08:23:29,08:23:35,08:29:38,COMPLETED,33785.0,6053.5,6.04,369.19
123,hard,15,08:21:33,08:21:37,08:30:02,COMPLETED,35260.0,8415.5,4.83,509.69
43,easy,11,08:30:22,08:30:27,08:30:33,COMPLETED,25686.0,105.4,5.18,11.34
50,medium,14,08:26:17,08:26:22,08:30:39,COMPLETED,35839.0,4292.5,5.08,262.54
58,easy,11,08:30:28,08:30:33,08:30:39,COMPLETED,22339.0,105.2,5.34,11.54
3,easy,11,08:29:46,08:29:50,08:30:45,COMPLETED,27564.0,922.5,4.42,59.68
128,easy,11,08:30:54,08:30:57,08:31:10,COMPLETED,30429.0,206.0,3.89,16.16
18,medium,13,08:28:47,08:28:49,08:31:59,COMPLETED,32963.0,3173.7,2.09,192.45
97,easy,11,08:31:38,08:31:40,08:31:59,COMPLETED,27208.0,312.9,2.74,21.45
83,easy,12,08:31:31,08:31:34,08:32:30,COMPLETED,33580.0,931.8,3.56,59.32
23,easy,12,08:32:31,08:32:36,08:32:55,COMPLETED,31524.0,310.8,5.54,24.01
159,easy,11,08:33:12,08:33:13,08:33:19,COMPLETED,31490.0,109.3,1.59,7.87
117,easy,11,08:34:05,08:34:09,08:34:15,COMPLETED,20603.0,105.6,4.44,10.65
45,easy,12,08:34:31,08:34:34,08:34:46,COMPLETED,31508.0,207.5,3.13,15.45
166,easy,12,08:33:52,08:33:57,08:34:52,COMPLETED,25699.0,927.5,5.07,60.60
17,easy,12,08:33:23,08:33:26,08:35:23,COMPLETED,28165.0,1956.0,3.20,120.42
160,medium,14,08:29:22,08:29:25,08:35:29,COMPLETED,27965.0,6063.9,3.91,367.62
49,easy,11,08:35:20,08:35:23,08:35:29,COMPLETED,26703.0,106.5,3.42,9.62
14,medium,13,08:34:18,08:34:21,08:35:42,COMPLETED,22808.0,1343.0,3.80,84.05
112,easy,11,08:35:38,08:35:42,08:35:54,COMPLETED,27311.0,217.2,4.05,16.79
39,easy,11,08:35:54,08:35:54,08:36:01,COMPLETED,27063.0,108.0,0.79,7.14
129,easy,12,08:36:33,08:36:38,08:36:57,COMPLETED,22095.0,314.8,5.67,24.42
133,easy,12,08:35:46,08:35:48,08:37:15,COMPLETED,22313.0,1461.1,2.45,89.89
16,medium,13,08:36:19,08:36:19,08:37:22,COMPLETED,31337.0,1042.8,0.83,63.18
167,medium,13,08:33:48,08:33:50,08:37:28,COMPLETED,32507.0,3630.1,2.90,220.45
99,hard,15,08:03:24,08:03:25,08:37:34,COMPLETED,32448.0,34151.5,1.82,2050.80
67,medium,14,08:31:36,08:31:40,08:37:47,COMPLETED,28981.0,6110.8,4.74,371.30
114,easy,11,08:37:25,08:37:28,08:38:05,COMPLETED,22936.0,625.8,3.45,40.87
140,easy,12,08:37:33,08:37:34,08:38:30,COMPLETED,28414.0,930.0,1.80,57.51
98,easy,11,08:38:57,08:39:01,08:39:07,COMPLETED,27412.0,105.8,4.30,10.49
15,easy,12,08:37:52,08:37:53,08:39:13,COMPLETED,31562.0,1339.2,1.48,81.68
34,hard,15,08:19:43,08:19:46,08:39:26,COMPLETED,32610.0,19654.0,3.91,1183.09
143,easy,12,08:39:37,08:39:38,08:39:44,COMPLETED,27049.0,106.5,1.45,7.65
90,easy,12,08:39:30,08:39:32,08:40:15,COMPLETED,26653.0,726.3,2.25,45.65
93,easy,11,08:40:06,08:40:09,08:40:15,COMPLETED,25506.0,107.8,3.39,9.65
86,easy,12,08:39:18,08:39:19,08:40:21,COMPLETED,28125.0,1036.0,1.86,63.88
4,easy,11,08:40:10,08:40:15,08:40:21,COMPLETED,23867.0,107.3,5.65,11.88
61,easy,11,08:40:17,08:40:21,08:40:34,COMPLETED,29583.0,208.9,4.88,17.27
164,medium,14,08:37:30,08:37:34,08:41:05,COMPLETED,30302.0,3505.7,4.80,215.04
62,easy,12,08:39:58,08:40:03,08:41:17,COMPLETED,32663.0,1239.8,5.17,79.40
28,easy,12,08:39:59,08:40:03,08:41:42,COMPLETED,29937.0,1651.6,4.17,103.15
137,hard,15,08:31:31,08:31:34,08:42:19,COMPLETED,35624.0,10742.9,3.56,648.10
29,easy,11,08:42:31,08:42:31,08:42:49,COMPLETED,26943.0,310.3,0.45,18.97
12,medium,13,08:42:28,08:42:31,08:43:26,COMPLETED,28463.0,926.3,3.45,58.88
151,easy,11,08:43:43,08:43:45,08:43:51,COMPLETED,25246.0,108.7,2.34,8.53
75,medium,14,08:35:16,08:35:17,08:44:23,COMPLETED,37859.0,9099.6,1.23,547.04
22,easy,12,08:44:02,08:44:04,08:45:00,COMPLETED,32415.0,946.8,2.04,58.62
41,medium,14,08:36:28,08:36:32,08:45:19,COMPLETED,26609.0,8785.8,4.35,531.39
10,easy,11,08:44:50,08:44:54,08:45:19,COMPLETED,19233.0,419.7,4.36,29.39
81,easy,12,08:41:19,08:41:23,08:46:34,COMPLETED,35931.0,5177.7,4.59,315.06
89,easy,12,08:46:20,08:46:21,08:46:40,COMPLETED,32604.0,315.6,1.61,20.31
132,hard,15,08:34:54,08:34:58,08:46:53,COMPLETED,25939.0,11906.9,4.75,719.02
131,easy,11,08:46:46,08:46:46,08:47:17,COMPLETED,27215.0,523.0,0.60,31.85
125,easy,11,08:47:20,08:47:24,08:47:30,COMPLETED,31212.0,110.4,4.11,10.47
152,easy,12,08:47:03,08:47:05,08:48:02,COMPLETED,28138.0,949.7,2.46,59.10
108,easy,11,08:47:52,08:47:55,08:48:02,COMPLETED,22792.0,112.1,3.78,10.10
149,easy,12,08:46:06,08:46:08,08:48:14,COMPLETED,31119.0,2098.9,2.99,128.71
37,easy,11,08:48:45,08:48:45,08:48:52,COMPLETED,21095.0,108.7,0.94,7.24
102,easy,11,08:48:42,08:48:45,08:48:58,COMPLETED,22868.0,214.8,3.94,16.57
25,easy,12,08:48:02,08:48:02,08:49:11,COMPLETED,30049.0,1154.8,0.10,69.14
136,easy,11,08:49:17,08:49:17,08:49:29,COMPLETED,21028.0,210.5,0.43,12.85
69,easy,11,08:49:28,08:49:29,08:49:36,COMPLETED,21919.0,107.4,1.85,8.09
135,hard,15,08:24:29,08:24:30,08:50:07,COMPLETED,33564.0,25606.4,1.75,1538.06
139,medium,13,08:47:43,08:47:43,08:50:13,COMPLETED,30505.0,2505.1,0.05,150.26
103,easy,12,08:49:51,08:49:54,08:50:19,COMPLETED,30542.0,416.4,3.65,28.48
47,easy,11,08:50:12,08:50:13,08:50:19,COMPLETED,27589.0,106.7,1.26,7.48
55,easy,11,08:50:51,08:50:56,08:51:02,COMPLETED,23108.0,106.3,5.64,11.86
124,easy,12,08:50:45,08:50:50,08:51:09,COMPLETED,30982.0,313.3,5.41,24.04
115,medium,14,08:42:23,08:42:25,08:51:39,COMPLETED,28334.0,9245.5,2.26,556.89
116,easy,12,08:51:46,08:51:46,08:52:04,COMPLETED,24925.0,311.7,0.07,18.61
74,easy,11,08:52:33,08:52:35,08:52:41,COMPLETED,25917.0,106.1,2.50,8.71
48,medium,13,08:52:07,08:52:10,08:53:18,COMPLETED,29678.0,1135.5,3.80,71.77
106,easy,12,08:50:41,08:50:44,08:53:24,COMPLETED,34035.0,2681.8,3.20,163.95
95,hard,15,08:13:34,08:13:37,08:55:16,COMPLETED,28308.0,41648.7,3.56,2502.44
72,medium,14,08:47:05,08:47:05,08:55:28,COMPLETED,36098.0,8394.2,0.46,503.84
0,easy,12,08:56:10,08:56:12,08:56:18,COMPLETED,31255.0,109.2,2.49,8.83
33,easy,11,08:56:17,08:56:18,08:56:31,COMPLETED,30389.0,214.9,1.83,14.47
165,easy,12,08:56:19,08:56:25,08:56:44,COMPLETED,24965.0,321.0,6.09,25.15
5,easy,12,08:55:25,08:55:28,08:56:56,COMPLETED,29258.0,1465.8,3.84,91.65
142,easy,11,08:57:50,08:57:52,08:57:59,COMPLETED,25995.0,111.7,2.67,9.03
138,easy,11,08:58:01,08:58:05,08:58:24,COMPLETED,37953.0,323.6,4.43,23.50
157,easy,11,08:59:56,08:59:58,09:00:11,COMPLETED,26101.0,214.1,2.89,15.44
156,medium,14,08:57:31,08:57:33,09:00:36,COMPLETED,32799.0,3043.0,3.00,185.42
163,hard,15,08:37:29,08:37:34,09:02:03,COMPLETED,40659.0,24477.2,5.80,1474.34
64,medium,13,08:57:57,08:57:59,09:02:28,COMPLETED,33539.0,4489.5,2.03,271.20
217,easy,12,09:02:09,09:02:09,09:02:46,COMPLETED,31747.0,625.1,0.56,37.87
189,easy,11,09:03:08,09:03:11,09:03:24,COMPLETED,25653.0,211.6,3.66,16.09
235,easy,12,09:02:25,09:02:28,09:03:36,COMPLETED,32838.0,1143.7,3.20,71.64
311,easy,11,09:03:29,09:03:30,09:03:36,COMPLETED,26999.0,107.5,1.39,7.64
295,easy,11,09:03:19,09:03:24,09:03:49,COMPLETED,31823.0,420.0,5.09,30.05
323,easy,11,09:03:43,09:03:49,09:03:55,COMPLETED,21713.0,108.3,6.05,12.33
228,medium,13,09:01:27,09:01:32,09:04:01,COMPLETED,27031.0,2491.0,5.29,154.58
253,easy,11,09:04:46,09:04:51,09:05:03,COMPLETED,27371.0,211.1,5.23,17.68
101,medium,14,08:46:41,08:46:46,09:05:22,COMPLETED,30932.0,18599.6,5.60,1121.42
297,easy,11,09:05:40,09:05:41,09:05:47,COMPLETED,24226.0,108.0,1.20,7.48
275,medium,14,09:00:51,09:00:55,09:05:59,COMPLETED,33188.0,5085.5,4.01,308.97
296,easy,12,09:05:48,09:05:53,09:06:37,COMPLETED,30154.0,730.8,5.70,49.36
233,medium,14,09:05:30,09:05:34,09:07:27,COMPLETED,26865.0,1875.9,4.95,117.26
338,easy,11,09:07:33,09:07:33,09:07:46,COMPLETED,27126.0,211.6,0.55,13.03
110,medium,13,08:58:19,08:58:24,09:07:52,COMPLETED,31038.0,9465.2,5.50,573.27
197,easy,12,09:07:22,09:07:27,09:08:04,COMPLETED,36738.0,628.2,5.26,42.75
284,easy,12,09:04:31,09:04:32,09:08:54,COMPLETED,39664.0,4372.2,1.59,263.59
274,easy,12,09:08:47,09:08:48,09:09:50,COMPLETED,26962.0,1048.1,1.29,63.99
245,medium,13,09:08:53,09:08:54,09:10:53,COMPLETED,29974.0,1985.7,1.59,120.49
250,easy,11,09:10:59,09:10:59,09:11:12,COMPLETED,28826.0,218.0,0.87,13.61
302,easy,12,09:11:27,09:11:31,09:12:03,COMPLETED,29757.0,537.4,4.68,36.72
181,easy,12,09:11:35,09:11:38,09:12:41,COMPLETED,33058.0,1066.0,3.21,66.92
262,easy,11,09:12:24,09:12:29,09:12:48,COMPLETED,31247.0,324.4,5.14,24.22
24,medium,14,08:59:17,08:59:21,09:12:54,COMPLETED,25134.0,13562.6,4.15,817.66
333,medium,13,09:08:51,09:08:54,09:13:07,COMPLETED,24423.0,4214.3,3.59,256.31
247,hard,15,09:03:54,09:03:55,09:13:19,COMPLETED,29461.0,9413.3,1.33,565.85
52,hard,15,08:46:29,08:46:34,09:13:32,COMPLETED,23982.0,26977.0,5.06,1623.50
190,easy,12,09:13:10,09:13:13,09:14:28,COMPLETED,29816.0,1258.4,3.56,78.88
53,hard,15,08:24:13,08:24:18,09:15:06,COMPLETED,28909.0,50801.2,5.27,3053.28
185,easy,12,09:13:31,09:13:32,09:15:18,COMPLETED,32882.0,1775.6,1.50,107.78
195,easy,11,09:15:17,09:15:18,09:15:31,COMPLETED,31400.0,212.5,1.78,14.30
148,hard,15,08:58:16,08:58:18,09:15:37,COMPLETED,34309.0,17326.0,2.12,1041.55
285,medium,13,09:12:40,09:12:41,09:16:40,COMPLETED,29918.0,3973.1,1.92,240.02
203,easy,11,09:16:22,09:16:27,09:16:40,COMPLETED,31076.0,215.3,5.42,18.02
309,medium,14,09:09:51,09:09:57,09:16:46,COMPLETED,31685.0,6822.2,6.22,415.38
221,medium,14,09:13:19,09:13:19,09:16:52,COMPLETED,30018.0,3550.2,0.85,213.63
171,easy,11,09:16:23,09:16:27,09:16:52,COMPLETED,29466.0,424.1,4.42,29.63
327,easy,12,09:16:36,09:16:40,09:16:52,COMPLETED,18988.0,214.6,4.02,16.63
206,easy,11,09:16:30,09:16:33,09:17:17,COMPLETED,35300.0,734.8,3.73,47.61
211,medium,13,09:13:08,09:13:13,09:17:23,COMPLETED,34719.0,4174.8,5.56,255.85
265,medium,14,09:05:27,09:05:28,09:17:36,COMPLETED,29496.0,12129.2,1.69,729.29
107,medium,14,08:02:00,08:02:00,09:18:01,COMPLETED,38597.0,76002.2,0.97,4561.13
315,medium,14,09:11:43,09:11:44,09:18:07,COMPLETED,22924.0,6379.8,1.77,384.35
244,easy,11,09:18:05,09:18:07,09:18:26,COMPLETED,24224.0,316.2,2.35,21.01
35,medium,14,08:39:40,08:39:44,09:18:32,COMPLETED,31478.0,38796.5,4.65,2332.36
249,medium,14,09:16:36,09:16:40,09:18:32,COMPLETED,29138.0,1875.7,4.02,116.36
298,easy,12,09:18:46,09:18:51,09:19:22,COMPLETED,24689.0,524.7,5.19,36.49
196,easy,12,09:19:44,09:19:47,09:20:06,COMPLETED,17162.0,319.3,3.48,22.46
150,hard,15,08:11:43,08:11:46,09:22:05,COMPLETED,37582.0,70320.2,3.42,4222.58
255,hard,15,09:06:46,09:06:49,09:22:05,COMPLETED,31152.0,15268.1,3.80,919.58
180,easy,12,09:22:09,09:22:11,09:22:30,COMPLETED,31603.0,319.7,2.97,21.85
238,easy,12,09:22:39,09:22:43,09:23:15,COMPLETED,28158.0,531.5,4.50,36.22
267,easy,12,09:22:54,09:22:56,09:23:15,COMPLETED,26254.0,318.6,2.30,21.22
292,easy,12,09:22:49,09:22:49,09:23:27,COMPLETED,29385.0,636.2,0.91,38.91
187,easy,11,09:24:01,09:24:05,09:24:11,COMPLETED,23391.0,112.0,4.48,10.90
26,hard,15,08:54:48,08:54:51,09:24:37,COMPLETED,34800.0,29767.8,3.42,1789.30
339,easy,12,09:25:11,09:25:14,09:25:27,COMPLETED,28413.0,210.5,3.65,16.12
11,medium,14,08:43:49,08:43:51,09:25:45,COMPLETED,32624.0,41905.4,2.53,2516.78
13,medium,14,08:56:42,08:56:44,09:26:54,COMPLETED,39242.0,30171.4,2.15,1812.33
173,easy,11,09:26:32,09:26:35,09:26:54,COMPLETED,26198.0,317.5,3.48,22.33
286,easy,11,09:27:23,09:27:25,09:27:37,COMPLETED,26873.0,211.1,2.40,14.91
210,easy,12,09:27:40,09:27:44,09:28:15,COMPLETED,30551.0,523.2,4.13,35.27
294,medium,13,09:25:10,09:25:14,09:28:21,COMPLETED,29675.0,3118.1,4.65,191.55
186,medium,13,09:27:23,09:27:25,09:28:34,COMPLETED,25717.0,1146.8,2.40,71.01
299,easy,11,09:28:44,09:28:46,09:28:52,COMPLETED,30234.0,107.9,2.55,8.80
257,easy,12,09:28:35,09:28:40,09:29:05,COMPLETED,25925.0,420.9,5.24,30.26
230,easy,12,09:28:13,09:28:15,09:29:17,COMPLETED,25897.0,1045.2,2.27,64.79
223,easy,11,09:29:00,09:29:05,09:29:24,COMPLETED,30209.0,316.0,5.26,24.02
27,hard,15,08:44:16,08:44:16,09:30:01,COMPLETED,27953.0,45755.2,0.66,2745.83
57,hard,15,08:12:46,08:12:48,09:30:08,COMPLETED,33015.0,77332.2,2.22,4642.13
308,medium,14,09:11:28,09:11:31,09:30:08,COMPLETED,38059.0,18608.4,3.68,1120.13
318,medium,14,09:24:16,09:24:18,09:30:14,COMPLETED,25514.0,5938.6,2.24,358.36
256,easy,12,09:29:56,09:30:01,09:30:14,COMPLETED,22579.0,213.0,5.83,18.36
282,easy,12,09:29:31,09:29:36,09:30:26,COMPLETED,29279.0,846.6,5.49,55.96
280,easy,11,09:29:56,09:30:01,09:30:39,COMPLETED,24063.0,636.6,5.83,43.77
248,easy,11,09:30:12,09:30:14,09:30:39,COMPLETED,22684.0,428.7,2.36,27.77
279,easy,12,09:31:38,09:31:43,09:31:49,COMPLETED,29520.0,108.4,5.12,11.41
236,easy,11,09:31:40,09:31:43,09:32:08,COMPLETED,31423.0,424.4,3.12,28.26
264,easy,12,09:31:16,09:31:17,09:33:30,COMPLETED,28466.0,2215.2,1.76,134.47
232,medium,14,09:01:02,09:01:07,09:34:02,COMPLETED,28647.0,32915.1,5.46,1980.18
271,medium,13,09:32:32,09:32:33,09:34:02,COMPLETED,28754.0,1481.6,1.66,90.18
266,medium,14,09:04:22,09:04:26,09:34:21,COMPLETED,34208.0,29918.1,4.34,1799.33
319,hard,15,09:29:09,09:29:11,09:34:21,COMPLETED,28814.0,5166.4,2.53,312.33
324,easy,11,09:33:44,09:33:49,09:34:33,COMPLETED,34617.0,746.2,5.29,49.76
268,easy,11,09:35:03,09:35:05,09:35:11,COMPLETED,27673.0,110.0,2.45,8.72
183,easy,12,09:35:15,09:35:18,09:35:43,COMPLETED,27020.0,433.5,3.08,28.68
220,easy,11,09:35:37,09:35:37,09:35:43,COMPLETED,30228.0,115.6,0.20,6.68
322,easy,11,09:36:14,09:36:15,09:36:21,COMPLETED,33272.0,108.2,1.05,7.32
119,medium,14,08:39:15,08:39:19,09:36:27,COMPLETED,37387.0,57130.7,4.86,3432.57
312,medium,14,09:21:26,09:21:28,09:36:27,COMPLETED,35611.0,14995.0,2.09,901.57
287,medium,14,09:26:42,09:26:47,09:36:52,COMPLETED,29229.0,10078.5,5.98,610.55
269,easy,11,09:37:29,09:37:29,09:37:42,COMPLETED,18245.0,210.7,0.81,13.26
281,easy,11,09:38:06,09:38:07,09:38:13,COMPLETED,26378.0,108.1,1.21,7.54
300,medium,13,09:34:44,09:34:46,09:38:19,COMPLETED,22996.0,3558.8,2.44,215.76
224,easy,11,09:38:06,09:38:07,09:38:44,COMPLETED,30553.0,628.6,1.21,38.65
175,medium,13,09:36:26,09:36:27,09:38:57,COMPLETED,32294.0,2496.5,1.57,151.17
329,medium,14,09:26:39,09:26:41,09:39:03,COMPLETED,28624.0,12363.6,2.72,744.40
219,medium,13,09:26:46,09:26:47,09:39:09,COMPLETED,36036.0,12362.6,1.98,743.62
177,easy,12,09:38:41,09:38:44,09:39:09,COMPLETED,26734.0,420.4,3.65,28.62
87,hard,15,08:24:17,08:24:18,09:39:34,COMPLETED,33640.0,75271.8,1.27,4517.58
321,easy,12,09:39:40,09:39:40,09:40:12,COMPLETED,26785.0,524.8,0.87,32.11
335,easy,12,09:39:53,09:39:53,09:40:24,COMPLETED,26158.0,523.7,0.39,31.60
288,easy,12,09:39:41,09:39:47,09:40:37,COMPLETED,24747.0,836.5,6.15,56.15
200,easy,11,09:40:29,09:40:30,09:40:43,COMPLETED,25453.0,211.7,1.88,14.39
182,easy,11,09:40:44,09:40:49,09:41:02,COMPLETED,25658.0,216.5,5.61,18.16
240,easy,11,09:41:14,09:41:15,09:41:21,COMPLETED,34818.0,113.8,1.12,7.58
154,medium,14,08:14:10,08:14:14,09:41:40,COMPLETED,31624.0,87433.9,4.64,5250.65
330,easy,11,09:41:25,09:41:27,09:41:40,COMPLETED,28151.0,214.1,2.99,15.65
202,easy,12,09:41:05,09:41:08,09:41:53,COMPLETED,30734.0,748.9,3.66,48.25
193,easy,12,09:40:22,09:40:24,09:42:05,COMPLETED,32903.0,1693.5,2.60,103.98
272,easy,12,09:41:24,09:41:27,09:42:05,COMPLETED,24844.0,637.6,3.99,41.98
277,medium,13,09:37:46,09:37:48,09:43:08,COMPLETED,32261.0,5334.3,2.48,322.37
226,easy,11,09:42:38,09:42:43,09:43:14,COMPLETED,27207.0,523.0,5.43,36.61
276,easy,12,09:43:28,09:43:33,09:44:17,COMPLETED,27922.0,738.3,5.33,49.27
260,easy,11,09:44:28,09:44:30,09:44:49,COMPLETED,33073.0,324.9,2.02,21.16
218,medium,14,09:41:42,09:41:46,09:46:05,COMPLETED,31031.0,4311.0,4.91,263.23
215,easy,11,09:46:34,09:46:37,09:46:43,COMPLETED,30855.0,108.8,3.09,9.39
201,medium,14,09:42:35,09:42:37,09:47:21,COMPLETED,32908.0,4736.5,2.16,286.10
222,medium,13,09:39:53,09:39:53,09:48:17,COMPLETED,35014.0,8402.1,0.39,504.34
307,easy,12,09:47:15,09:47:21,09:48:54,COMPLETED,31548.0,1566.5,6.10,99.87
258,easy,12,09:48:24,09:48:29,09:49:13,COMPLETED,25953.0,734.3,5.83,49.59
191,easy,12,09:48:30,09:48:36,09:49:38,COMPLETED,22714.0,1045.7,6.11,68.63
174,easy,11,09:50:26,09:50:28,09:50:47,COMPLETED,22908.0,319.0,2.67,21.57
289,easy,12,09:50:05,09:50:09,09:50:53,COMPLETED,27823.0,737.8,4.87,48.85
325,easy,11,09:51:11,09:51:12,09:51:31,COMPLETED,30406.0,319.0,1.77,20.71
178,easy,11,09:51:06,09:51:06,09:51:44,COMPLETED,26301.0,634.2,0.44,38.27
314,medium,13,09:47:23,09:47:27,09:51:50,COMPLETED,26367.0,4389.6,4.41,267.57
301,easy,12,09:51:08,09:51:12,09:51:50,COMPLETED,24500.0,634.4,4.77,42.57
207,easy,12,09:50:50,09:50:53,09:52:03,COMPLETED,24675.0,1160.2,3.85,73.17
259,easy,12,09:50:30,09:50:34,09:52:41,COMPLETED,30979.0,2120.7,4.98,131.87
198,easy,12,09:52:04,09:52:09,09:52:54,COMPLETED,33885.0,763.5,5.50,50.90
304,easy,12,09:52:08,09:52:09,09:52:54,COMPLETED,27248.0,762.9,1.50,46.90
334,medium,13,09:51:03,09:51:06,09:53:14,COMPLETED,32958.0,2136.7,3.44,131.41
214,medium,14,09:40:58,09:41:02,09:53:20,COMPLETED,28982.0,12311.6,4.16,742.69
170,easy,12,09:53:36,09:53:39,09:54:11,COMPLETED,25330.0,538.2,3.69,35.73
239,medium,14,09:50:11,09:50:16,09:54:43,COMPLETED,28985.0,4469.3,5.15,272.82
326,medium,14,09:52:20,09:52:22,09:54:50,COMPLETED,28222.0,2469.5,2.62,150.41
291,medium,13,09:44:50,09:44:55,09:55:03,COMPLETED,24215.0,10132.7,5.57,613.20
303,medium,13,09:43:32,09:43:33,09:55:09,COMPLETED,33224.0,11608.1,1.33,697.67
212,easy,12,09:54:54,09:54:56,09:55:15,COMPLETED,23623.0,322.9,2.86,21.94
225,medium,14,09:39:31,09:39:34,09:55:35,COMPLETED,30185.0,16013.3,3.58,964.10
313,easy,12,09:54:40,09:54:43,09:55:54,COMPLETED,18475.0,1179.1,3.82,74.18
241,medium,14,09:46:23,09:46:24,09:56:26,COMPLETED,34021.0,10036.8,1.37,603.24
209,medium,13,09:54:16,09:54:18,09:56:57,COMPLETED,28617.0,2668.4,2.01,161.71
208,easy,12,09:56:16,09:56:19,09:57:29,COMPLETED,31468.0,1178.9,3.70,73.78
337,easy,11,09:57:49,09:57:49,09:57:56,COMPLETED,23472.0,118.5,0.30,7.03
243,easy,12,09:57:52,09:57:56,09:58:47,COMPLETED,23642.0,856.3,4.03,55.10
261,easy,12,09:58:34,09:58:34,09:58:53,COMPLETED,28255.0,320.9,0.45,19.45
283,easy,12,09:57:58,09:58:02,09:58:59,COMPLETED,25420.0,955.5,4.65,61.74
293,easy,12,09:57:48,09:57:49,09:59:12,COMPLETED,34372.0,1385.9,1.30,84.29
254,medium,13,09:54:55,09:54:56,09:59:37,COMPLETED,32755.0,4680.9,1.86,282.48
194,hard,15,09:40:08,09:40:12,09:59:43,COMPLETED,34536.0,19532.1,4.11,1175.82
446,easy,12,10:01:14,10:01:17,10:01:43,COMPLETED,27215.0,425.4,3.90,29.14
351,easy,12,10:01:27,10:01:30,10:01:43,COMPLETED,26250.0,216.1,3.52,16.14
316,medium,14,09:51:57,09:52:03,10:01:49,COMPLETED,35172.0,9775.9,6.17,592.51
347,medium,13,10:01:14,10:01:17,10:03:23,COMPLETED,33053.0,2109.5,3.90,130.00
340,easy,11,10:03:01,10:03:04,10:03:30,COMPLETED,32027.0,435.8,3.82,29.53
405,easy,12,10:03:33,10:03:37,10:04:03,COMPLETED,27239.0,441.1,4.02,30.03
231,medium,14,09:57:26,09:57:29,10:05:01,COMPLETED,30338.0,7532.6,3.78,455.34
343,medium,13,10:03:47,10:03:50,10:05:01,COMPLETED,29889.0,1195.2,3.14,74.34
380,easy,11,10:04:53,10:04:54,10:05:27,COMPLETED,33095.0,552.0,2.00,34.68
371,easy,11,10:05:09,10:05:14,10:05:27,COMPLETED,27435.0,229.8,5.24,18.68
498,easy,12,10:04:29,10:04:35,10:05:47,COMPLETED,25452.0,1205.9,6.34,78.14
460,easy,12,10:04:30,10:04:35,10:05:53,COMPLETED,35707.0,1312.7,5.34,83.77
354,easy,11,10:05:09,10:05:14,10:06:13,COMPLETED,35882.0,989.9,5.24,64.20
273,medium,13,09:57:45,09:57:49,10:06:26,COMPLETED,35463.0,8615.5,4.30,521.02
473,medium,14,10:00:22,10:00:27,10:06:26,COMPLETED,29784.0,5976.0,5.71,364.02
494,easy,11,10:06:43,10:06:44,10:06:57,COMPLETED,31392.0,221.8,1.91,14.94
306,hard,15,09:23:21,09:23:21,10:07:30,COMPLETED,31744.0,44149.9,0.44,2649.24
463,easy,11,10:07:22,10:07:23,10:07:43,COMPLETED,25318.0,333.1,1.68,21.16
242,hard,15,09:06:31,09:06:31,10:08:28,COMPLETED,33102.0,61951.5,0.09,3717.02
344,medium,13,10:03:43,10:03:43,10:08:34,COMPLETED,35628.0,4852.5,0.60,291.52
459,easy,12,10:08:05,10:08:08,10:08:34,COMPLETED,22625.0,433.0,3.81,29.52
251,medium,14,09:37:17,09:37:17,10:08:40,COMPLETED,35048.0,31395.6,0.37,1883.83
499,easy,11,10:08:43,10:08:47,10:08:53,COMPLETED,25706.0,118.6,4.33,10.98
366,easy,11,10:09:09,10:09:13,10:09:32,COMPLETED,28887.0,320.4,4.26,23.19
451,easy,12,10:09:23,10:09:25,10:09:51,COMPLETED,28882.0,426.2,2.87,28.18
439,easy,11,10:09:38,10:09:38,10:09:51,COMPLETED,26259.0,215.8,0.51,13.18
184,hard,15,09:50:29,09:50:34,10:09:57,COMPLETED,29635.0,19378.1,5.98,1168.49
426,easy,11,10:10:09,10:10:10,10:10:16,COMPLETED,22824.0,110.3,1.09,7.43
502,medium,14,10:03:56,10:03:56,10:11:06,COMPLETED,27162.0,7176.7,0.46,430.82
397,easy,11,10:12:00,10:12:03,10:12:22,COMPLETED,25561.0,321.8,3.65,22.67
447,easy,12,10:12:09,10:12:09,10:12:41,COMPLETED,29252.0,532.7,1.00,32.65
493,easy,12,10:14:32,10:14:35,10:14:54,COMPLETED,24073.0,325.2,3.63,22.79
252,hard,15,09:08:49,09:08:54,10:15:13,COMPLETED,30721.0,66322.3,5.59,3984.84
467,easy,11,10:14:36,10:15:01,10:15:13,COMPLETED,15671.0,216.4,25.17,37.84
234,medium,14,09:56:51,09:56:51,10:16:55,COMPLETED,29952.0,20065.8,0.42,1204.17
352,medium,14,10:09:43,10:09:44,10:17:20,COMPLETED,29964.0,7598.4,1.84,457.50
425,medium,14,10:10:00,10:10:03,10:18:23,COMPLETED,31038.0,8338.3,3.78,503.82
213,hard,15,09:58:41,09:58:47,10:18:49,COMPLETED,22100.0,20038.6,6.10,1208.18
359,easy,12,10:16:13,10:18:30,10:18:55,COMPLETED,29784.0,430.4,137.16,162.57
508,easy,12,10:16:21,10:19:02,10:19:21,COMPLETED,27328.0,324.2,161.01,180.14
441,medium,13,10:12:04,10:12:09,10:20:51,COMPLETED,31750.0,8688.5,6.00,527.05
229,medium,14,09:59:18,09:59:18,10:20:57,COMPLETED,39025.0,21653.8,0.59,1299.38
465,easy,11,10:18:38,10:21:04,10:21:17,COMPLETED,25326.0,228.5,146.03,159.27
474,easy,11,10:18:58,10:21:23,10:21:30,COMPLETED,25282.0,111.7,145.77,152.17
401,easy,12,10:10:55,10:11:00,10:21:43,COMPLETED,42645.0,10717.2,5.49,648.12
448,medium,14,10:14:46,10:15:20,10:21:49,COMPLETED,29395.0,6499.2,34.18,423.67
436,easy,11,10:19:10,10:21:36,10:21:49,COMPLETED,26827.0,228.9,146.50,159.67
375,easy,11,10:20:26,10:21:56,10:22:02,COMPLETED,25212.0,113.2,90.28,96.77
328,hard,15,09:44:33,09:44:36,10:22:09,COMPLETED,32216.0,37548.4,3.49,2256.16
341,easy,12,10:20:08,10:21:49,10:22:09,COMPLETED,33159.0,331.2,101.67,121.16
392,easy,12,10:21:17,10:22:09,10:23:37,COMPLETED,31018.0,1479.3,52.16,140.58
475,medium,13,10:22:51,10:22:53,10:24:02,COMPLETED,25852.0,1165.5,2.39,71.98
336,hard,15,09:52:48,09:52:48,10:24:15,COMPLETED,31141.0,31459.0,0.36,1887.71
389,medium,14,10:11:26,10:11:32,10:24:41,COMPLETED,25443.0,13153.2,6.12,795.06
378,easy,11,10:24:09,10:24:47,10:25:06,COMPLETED,24594.0,323.2,38.40,57.47
278,hard,15,09:33:45,09:33:49,10:25:50,COMPLETED,37052.0,52024.5,4.29,3125.72
395,medium,13,10:20:19,10:21:56,10:27:06,COMPLETED,29635.0,5177.6,97.28,407.64
480,easy,11,10:25:45,10:27:12,10:27:32,COMPLETED,26823.0,332.5,87.99,107.43
331,medium,14,09:49:13,09:49:13,10:27:38,COMPLETED,34768.0,38430.6,0.59,2305.98
402,medium,14,10:11:24,10:11:25,10:28:11,COMPLETED,28015.0,16768.4,1.74,1007.48
496,medium,13,10:08:11,10:08:15,10:28:18,COMPLETED,38517.0,20054.3,4.19,1207.02
440,easy,11,10:27:09,10:28:24,10:28:37,COMPLETED,28604.0,227.6,75.66,88.81
176,medium,14,09:30:31,09:30:33,10:29:03,COMPLETED,31625.0,58507.1,2.35,3512.54
497,medium,14,10:23:55,10:23:56,10:29:10,COMPLETED,26465.0,5234.7,1.58,315.12
350,easy,11,10:28:53,10:29:16,10:29:36,COMPLETED,33310.0,333.6,23.77,43.28
464,easy,11,10:27:22,10:28:44,10:29:42,COMPLETED,30370.0,980.1,82.36,140.83
419,easy,11,10:29:18,10:29:49,10:29:55,COMPLETED,24703.0,118.9,31.20,37.83
320,medium,14,09:51:08,09:51:12,10:30:28,COMPLETED,36242.0,39264.2,4.77,2360.40
406,easy,12,10:29:27,10:30:02,10:31:14,COMPLETED,28561.0,1202.6,35.38,107.03
434,medium,13,10:10:47,10:10:47,10:31:20,COMPLETED,38896.0,20549.6,0.87,1233.59
506,easy,11,10:30:15,10:31:20,10:31:46,COMPLETED,24386.0,437.3,65.59,91.33
501,medium,14,10:12:40,10:12:41,10:31:52,COMPLETED,29232.0,19194.9,1.65,1152.88
487,easy,11,10:30:57,10:31:52,10:31:59,COMPLETED,27530.0,116.6,55.88,62.53
363,easy,11,10:31:23,10:32:05,10:32:12,COMPLETED,23298.0,119.4,42.90,49.53
424,easy,11,10:30:21,10:31:26,10:32:19,COMPLETED,37814.0,880.0,65.96,118.11
478,medium,13,10:26:10,10:27:38,10:32:32,COMPLETED,25365.0,4896.9,88.98,382.49
408,easy,11,10:32:15,10:32:25,10:32:32,COMPLETED,32454.0,117.4,10.82,17.49
188,medium,14,09:57:07,09:57:10,10:32:38,COMPLETED,28771.0,35477.8,3.58,2131.90
390,easy,11,10:32:18,10:32:38,10:32:52,COMPLETED,27001.0,224.5,20.90,34.05
443,hard,15,10:05:46,10:05:47,10:32:58,COMPLETED,30157.0,27190.6,1.14,1632.40
462,medium,14,10:23:57,10:24:09,10:33:04,COMPLETED,34131.0,8926.9,12.36,547.71
377,easy,12,10:30:59,10:31:59,10:33:04,COMPLETED,31590.0,1091.7,60.53,125.71
491,easy,12,10:31:55,10:32:19,10:33:24,COMPLETED,33823.0,1089.3,24.11,89.12
391,medium,14,10:17:50,10:19:27,10:33:36,COMPLETED,33229.0,14160.3,97.49,946.84
364,easy,11,10:33:35,10:33:36,10:33:55,COMPLETED,20036.0,320.9,1.84,20.82
381,easy,11,10:33:48,10:33:49,10:33:55,COMPLETED,24698.0,110.3,1.49,7.82
162,hard,15,08:33:53,08:33:57,10:34:27,COMPLETED,30032.0,120503.6,4.07,7234.27
362,medium,14,10:02:41,10:02:45,10:35:30,COMPLETED,28725.0,32739.6,4.95,1969.09
457,medium,14,10:27:42,10:29:10,10:35:42,COMPLETED,29624.0,6548.6,88.12,480.79
453,easy,12,10:35:26,10:35:30,10:35:42,COMPLETED,27391.0,215.8,4.09,16.79
445,easy,11,10:35:34,10:35:36,10:35:49,COMPLETED,33003.0,215.9,2.45,15.10
449,easy,11,10:35:24,10:35:30,10:35:55,COMPLETED,24197.0,426.9,6.09,31.44
484,medium,14,10:08:11,10:08:15,10:36:07,COMPLETED,28447.0,27883.3,4.19,1677.00
376,medium,14,10:24:15,10:25:12,10:36:07,COMPLETED,33439.0,10923.8,57.81,713.00
7,hard,15,08:05:24,08:05:27,10:36:26,COMPLETED,29101.0,150990.4,3.46,9062.87
409,easy,12,10:36:21,10:36:26,10:36:58,COMPLETED,19758.0,527.4,5.87,37.26
367,easy,12,10:37:56,10:38:00,10:38:19,COMPLETED,26247.0,319.4,4.89,23.80
490,easy,11,10:38:22,10:38:26,10:38:32,COMPLETED,27228.0,112.8,4.08,10.41
398,easy,11,10:39:20,10:39:24,10:39:30,COMPLETED,23501.0,114.2,4.07,10.49
382,easy,12,10:42:47,10:42:49,10:43:15,COMPLETED,32511.0,433.2,2.77,28.37
349,easy,12,10:39:14,10:39:17,10:43:21,COMPLETED,37059.0,4078.7,3.39,247.81
435,easy,12,10:43:04,10:43:08,10:43:47,COMPLETED,28295.0,642.6,4.94,43.21
485,easy,12,10:41:44,10:41:44,10:43:59,COMPLETED,26314.0,2252.6,0.95,135.84
432,easy,12,10:43:35,10:43:40,10:44:06,COMPLETED,30867.0,428.5,5.80,31.16
469,easy,11,10:44:03,10:44:06,10:44:38,COMPLETED,34659.0,536.8,3.16,35.05
421,easy,11,10:44:27,10:44:31,10:44:44,COMPLETED,16425.0,221.1,4.43,17.40
427,easy,12,10:45:14,10:45:16,10:45:28,COMPLETED,26571.0,217.9,2.05,14.79
468,easy,12,10:45:06,10:45:09,10:45:41,COMPLETED,29761.0,536.2,3.68,35.54
384,easy,12,10:45:21,10:45:35,10:45:54,COMPLETED,24019.0,323.2,14.16,33.25
388,medium,14,10:42:40,10:42:43,10:46:00,COMPLETED,25826.0,3292.1,3.40,200.58
403,easy,12,10:45:40,10:45:47,10:47:04,COMPLETED,33284.0,1275.1,7.89,84.05
346,medium,14,10:36:15,10:36:20,10:47:10,COMPLETED,26019.0,10837.5,5.55,655.44
374,hard,15,10:15:59,10:17:26,10:48:07,COMPLETED,32747.0,30683.7,87.83,1928.61
168,hard,15,08:16:11,08:16:11,10:48:26,COMPLETED,33975.0,152244.7,0.95,9135.66
410,medium,13,10:40:35,10:40:40,10:49:10,COMPLETED,27009.0,8507.7,5.73,515.95
466,easy,11,10:47:20,10:48:32,10:49:10,COMPLETED,28625.0,638.0,72.99,110.95
227,hard,15,09:27:19,09:27:19,10:50:08,COMPLETED,22709.0,82825.0,0.15,4969.54
509,easy,12,10:48:00,10:49:17,10:50:21,COMPLETED,22128.0,1078.3,77.29,141.52
476,medium,14,10:45:09,10:45:09,10:51:19,COMPLETED,24749.0,6172.3,0.68,370.78
503,medium,13,10:48:16,10:50:28,10:51:39,COMPLETED,25417.0,1194.6,132.07,203.24
455,easy,12,10:48:10,10:50:14,10:51:45,COMPLETED,25660.0,1521.3,124.87,215.80
387,easy,11,10:48:59,10:51:45,10:52:24,COMPLETED,29975.0,656.8,166.80,205.72
488,easy,11,10:49:11,10:52:31,10:53:09,COMPLETED,25282.0,651.9,200.26,238.84
383,easy,11,10:49:23,10:53:16,10:53:23,COMPLETED,26567.0,119.5,233.42,240.06
415,easy,12,10:49:26,10:53:29,10:53:36,COMPLETED,23556.0,118.5,243.63,250.23
456,medium,13,10:46:37,10:48:13,10:53:42,COMPLETED,36953.0,5489.4,96.99,425.78
205,hard,15,09:16:00,09:16:02,10:53:49,COMPLETED,32982.0,97788.1,2.42,5869.42
418,medium,13,10:38:55,10:38:58,10:53:56,COMPLETED,33874.0,14974.7,3.19,901.15
430,hard,15,10:39:31,10:39:36,10:54:02,COMPLETED,31449.0,14439.4,5.97,871.84
429,easy,12,10:49:34,10:53:49,10:54:02,COMPLETED,22057.0,233.9,255.42,268.84
414,easy,11,10:51:27,10:54:09,10:54:35,COMPLETED,26519.0,438.5,162.52,188.58
396,medium,14,10:30:12,10:30:34,10:55:59,COMPLETED,31338.0,25414.1,22.94,1547.54
385,easy,12,10:51:53,10:56:05,10:56:31,COMPLETED,25911.0,431.3,252.91,278.43
393,medium,14,10:44:52,10:44:57,10:56:44,COMPLETED,34358.0,11791.6,5.04,712.25
1,hard,15,08:49:35,08:49:36,10:57:03,COMPLETED,35184.0,127456.2,1.09,7648.40
369,easy,11,10:52:28,10:56:50,10:57:03,COMPLETED,27422.0,218.5,262.62,275.40
471,hard,15,10:12:27,10:12:28,10:57:16,COMPLETED,35593.0,44788.6,1.99,2689.15
437,easy,12,10:53:09,10:57:09,10:57:35,COMPLETED,23467.0,430.7,240.76,266.28
461,easy,11,10:53:30,10:57:41,10:58:07,COMPLETED,27112.0,430.3,251.68,277.14
452,medium,14,10:50:10,10:54:02,11:00:33,COMPLETED,31532.0,6509.6,232.84,623.14
345,medium,14,10:52:55,10:57:09,11:00:33,COMPLETED,28146.0,3394.9,254.76,458.14
422,medium,14,10:46:03,10:47:16,11:00:45,COMPLETED,33630.0,13487.7,73.88,882.86
458,easy,11,10:55:04,11:00:39,11:00:52,COMPLETED,28346.0,220.8,335.48,348.25
404,medium,14,10:29:12,10:29:42,11:01:18,COMPLETED,28791.0,31595.6,30.83,1926.36
413,hard,15,10:18:14,10:20:57,11:01:24,COMPLETED,32537.0,40462.0,163.38,2590.68
407,easy,11,10:55:23,11:00:52,11:01:24,COMPLETED,32126.0,551.3,329.25,361.68
355,easy,11,10:56:05,11:01:24,11:01:38,COMPLETED,22840.0,230.1,319.68,333.13
479,easy,12,10:55:41,11:00:58,11:02:17,COMPLETED,30420.0,1312.5,317.82,396.20
505,easy,12,10:56:52,11:02:23,11:03:02,COMPLETED,25899.0,649.7,331.61,370.08
423,easy,11,10:56:53,11:03:08,11:03:34,COMPLETED,31219.0,443.6,375.64,401.79
146,hard,15,08:50:25,08:50:25,11:04:00,COMPLETED,31455.0,133584.8,0.68,8015.71
342,easy,11,10:57:13,11:04:07,11:04:13,COMPLETED,29789.0,119.0,414.04,420.68
482,medium,14,10:53:36,10:58:13,11:04:20,COMPLETED,33663.0,6121.3,277.52,644.22
373,hard,15,10:51:47,10:54:41,11:04:33,COMPLETED,39231.0,9860.7,174.97,766.35
356,easy,11,10:58:10,11:04:26,11:04:46,COMPLETED,24200.0,332.1,376.89,396.31
370,hard,15,10:25:20,10:25:57,11:04:52,COMPLETED,29884.0,38937.6,37.05,2372.87
444,hard,15,10:45:49,10:46:06,11:04:52,COMPLETED,29205.0,18773.8,17.98,1143.87
431,medium,14,10:54:05,11:00:39,11:04:52,COMPLETED,33453.0,4233.9,394.48,647.87
348,medium,13,10:57:43,11:04:20,11:04:59,COMPLETED,24587.0,669.5,397.22,436.60
504,easy,11,10:59:37,11:04:59,11:05:06,COMPLETED,27329.0,122.5,322.60,329.48
412,easy,11,10:59:14,11:04:59,11:05:13,COMPLETED,25206.0,237.2,345.60,359.11
379,medium,14,10:24:06,10:24:22,11:05:39,COMPLETED,35925.0,41295.2,16.05,2493.46
648,easy,11,11:02:07,11:05:13,11:05:46,COMPLETED,30870.0,558.8,186.11,219.01
290,hard,15,09:25:34,09:25:39,11:06:05,COMPLETED,29141.0,100440.2,5.53,6031.84
587,easy,11,11:03:51,11:05:46,11:06:12,COMPLETED,29788.0,442.8,115.01,141.24
357,medium,14,10:52:02,10:56:37,11:07:10,COMPLETED,33483.0,10549.2,275.82,908.49
438,medium,14,10:43:07,10:43:08,11:07:29,COMPLETED,26272.0,24345.8,1.94,1462.55
539,easy,11,11:05:08,11:07:35,11:07:54,COMPLETED,31074.0,321.6,147.88,166.88
593,easy,11,11:05:44,11:08:01,11:08:13,COMPLETED,29385.0,217.1,137.21,149.92
565,medium,13,11:04:46,11:06:12,11:08:26,COMPLETED,27416.0,2245.9,86.24,220.68
442,hard,15,10:16:19,10:18:55,11:08:33,COMPLETED,36286.0,49627.9,156.57,3134.03
517,medium,14,11:04:57,11:06:18,11:08:33,COMPLETED,26480.0,2245.9,81.62,216.03
510,easy,12,11:05:04,11:07:16,11:08:45,COMPLETED,32048.0,1489.4,132.87,221.89
573,easy,11,11:08:00,11:08:39,11:08:45,COMPLETED,26981.0,113.4,39.41,45.89
556,easy,12,11:06:40,11:08:39,11:09:05,COMPLETED,31865.0,432.7,119.41,145.08
673,easy,12,11:08:02,11:08:52,11:09:11,COMPLETED,27949.0,324.1,50.30,69.41
586,easy,12,11:06:26,11:08:33,11:09:55,COMPLETED,24892.0,1384.3,127.03,209.80
420,medium,13,10:51:16,10:54:09,11:10:27,COMPLETED,36623.0,16303.1,173.52,1151.48
563,medium,13,11:03:52,11:05:52,11:10:27,COMPLETED,37724.0,4584.3,120.71,395.48
470,medium,14,10:56:47,11:01:44,11:11:18,COMPLETED,31287.0,9562.5,297.54,871.05
192,hard,15,09:51:52,09:51:56,11:11:24,COMPLETED,39211.0,79461.6,4.86,4772.38
635,easy,12,11:08:24,11:10:02,11:11:37,COMPLETED,25178.0,1588.0,98.13,193.13
678,medium,13,11:08:05,11:09:11,11:11:56,COMPLETED,31415.0,2750.2,66.41,231.13
416,medium,13,10:45:55,10:47:10,11:14:37,COMPLETED,39009.0,27451.3,75.44,1722.20
645,medium,13,11:09:17,11:11:30,11:14:43,COMPLETED,28927.0,3225.7,133.76,326.74
216,medium,14,09:31:05,09:31:05,11:14:56,COMPLETED,29448.0,103867.1,0.10,6231.97
576,medium,13,11:05:57,11:08:20,11:15:03,COMPLETED,33244.0,6725.7,143.26,546.51
643,medium,13,11:08:33,11:10:33,11:15:03,COMPLETED,33478.0,4500.2,120.81,390.51
636,medium,13,11:09:42,11:12:02,11:15:09,COMPLETED,35836.0,3129.2,140.51,327.88
664,easy,11,11:10:00,11:14:50,11:15:16,COMPLETED,28689.0,442.0,290.37,316.31
358,medium,14,10:14:47,10:17:01,11:15:55,COMPLETED,23961.0,58902.4,134.50,3668.35
623,easy,12,11:10:48,11:15:22,11:16:14,COMPLETED,28969.0,870.0,274.96,326.67
592,easy,11,11:10:57,11:16:01,11:16:27,COMPLETED,27821.0,439.6,304.93,330.81
594,medium,14,11:11:11,11:16:21,11:17:45,COMPLETED,32964.0,1409.6,310.22,394.50
472,medium,14,10:14:39,10:15:20,11:17:51,COMPLETED,28050.0,62530.9,41.18,3792.82
560,easy,11,11:13:22,11:17:58,11:18:17,COMPLETED,24767.0,327.9,276.27,295.59
671,easy,11,11:13:24,11:18:23,11:18:36,COMPLETED,29401.0,216.3,299.98,312.66
428,hard,15,10:58:47,11:04:52,11:21:14,COMPLETED,26244.0,16367.5,365.87,1347.69
8,hard,15,08:36:04,08:36:07,11:22:05,COMPLETED,40057.0,165966.1,3.29,9961.21
581,easy,11,11:13:43,11:22:11,11:22:30,COMPLETED,24999.0,324.3,508.56,527.68
113,hard,15,08:35:27,08:35:29,11:22:37,COMPLETED,36230.0,167125.2,2.62,10030.04
582,medium,14,11:01:07,11:05:06,11:22:49,COMPLETED,35833.0,17726.8,239.48,1302.82
583,easy,11,11:14:18,11:22:37,11:22:49,COMPLETED,28644.0,219.4,499.04,511.82
602,easy,11,11:15:10,11:22:43,11:23:02,COMPLETED,21264.0,329.6,453.43,472.91
572,easy,11,11:15:31,11:22:56,11:23:02,COMPLETED,22871.0,114.8,445.25,451.91
538,easy,11,11:16:06,11:23:09,11:23:15,COMPLETED,21753.0,112.0,423.25,429.65
237,hard,15,09:06:10,09:06:12,11:23:34,COMPLETED,32575.0,137374.6,2.41,8244.75
655,easy,12,11:15:26,11:22:56,11:23:34,COMPLETED,33410.0,651.1,450.25,488.75
607,medium,13,11:16:09,11:23:22,11:24:06,COMPLETED,27898.0,749.9,433.04,477.74
603,easy,12,11:18:18,11:24:13,11:24:32,COMPLETED,26551.0,322.6,355.07,374.09
658,easy,11,11:19:03,11:24:38,11:24:51,COMPLETED,19921.0,217.6,335.45,348.19
558,medium,14,11:08:43,11:11:24,11:24:57,COMPLETED,35307.0,13557.1,161.38,974.53
555,easy,11,11:20:43,11:25:03,11:25:23,COMPLETED,21266.0,325.0,260.91,280.05
568,medium,13,11:15:43,11:23:09,11:25:35,COMPLETED,24001.0,2449.2,446.25,592.85
634,easy,12,11:20:51,11:25:29,11:25:54,COMPLETED,31649.0,431.7,278.43,303.99
598,easy,12,11:20:51,11:25:42,11:26:07,COMPLETED,28506.0,430.7,291.25,316.79
589,easy,11,11:23:10,11:26:14,11:26:20,COMPLETED,27714.0,112.5,184.12,190.57
596,easy,12,11:22:16,11:26:01,11:26:33,COMPLETED,28850.0,536.7,225.38,257.27
489,medium,14,10:53:19,10:57:22,11:29:31,COMPLETED,28121.0,32150.5,243.50,2172.34
665,easy,12,11:24:26,11:29:37,11:29:57,COMPLETED,30169.0,336.4,311.67,331.34
518,medium,14,11:24:25,11:26:39,11:30:03,COMPLETED,30765.0,3410.5,134.61,338.90
588,medium,14,11:12:54,11:17:51,11:30:10,COMPLETED,25729.0,12317.0,297.82,1036.27
663,easy,11,11:24:50,11:30:16,11:30:30,COMPLETED,26012.0,228.3,326.95,340.14
551,easy,11,11:24:30,11:30:03,11:30:43,COMPLETED,29593.0,662.9,333.90,373.29
561,easy,11,11:25:07,11:30:49,11:31:15,COMPLETED,30258.0,427.4,342.71,368.06
80,hard,15,08:01:31,08:01:36,11:31:59,COMPLETED,22160.0,210375.5,5.78,12628.30
609,easy,12,11:25:44,11:31:21,11:31:59,COMPLETED,25651.0,637.2,337.38,375.30
659,easy,11,11:26:53,11:32:05,11:32:18,COMPLETED,28918.0,217.3,312.64,325.38
492,hard,15,10:56:57,11:03:41,11:32:43,COMPLETED,37116.0,29045.9,404.30,2146.83
591,medium,14,11:24:48,11:30:10,11:35:47,COMPLETED,27698.0,5627.6,322.27,659.65
545,medium,13,11:28:11,11:32:24,11:36:19,COMPLETED,26354.0,3921.5,253.71,488.52
641,easy,12,11:28:42,11:35:53,11:36:38,COMPLETED,26863.0,757.5,431.98,476.92
595,hard,15,11:08:05,11:08:52,11:37:11,COMPLETED,34839.0,28327.3,47.30,1746.63
161,hard,15,08:44:34,08:44:35,11:37:18,COMPLETED,30845.0,172713.1,1.57,10364.19
669,easy,11,11:28:53,11:36:45,11:37:18,COMPLETED,27943.0,556.0,472.47,505.19
585,medium,13,11:28:22,11:32:50,11:37:37,COMPLETED,29614.0,4796.5,268.20,555.64
514,easy,11,11:28:59,11:37:18,11:37:37,COMPLETED,25372.0,330.4,499.19,518.64
511,easy,11,11:30:30,11:37:44,11:38:10,COMPLETED,32992.0,440.3,434.06,460.03
548,easy,12,11:29:40,11:37:24,11:38:16,COMPLETED,27253.0,868.8,464.88,516.62
199,medium,14,09:34:50,09:34:52,11:38:23,COMPLETED,37178.0,123506.7,2.88,7413.08
615,easy,12,11:30:41,11:38:16,11:38:49,COMPLETED,27646.0,554.7,455.62,488.42
524,easy,12,11:30:10,11:37:44,11:39:02,COMPLETED,32085.0,1312.6,454.06,532.53
617,easy,11,11:32:15,11:38:55,11:39:02,COMPLETED,30769.0,114.5,400.96,407.53
530,easy,12,11:32:54,11:39:08,11:39:47,COMPLETED,24494.0,650.8,374.86,413.39
653,easy,12,11:29:20,11:37:24,11:40:07,COMPLETED,33316.0,2712.4,484.88,647.12
521,medium,13,11:32:54,11:39:08,11:40:46,COMPLETED,26297.0,1625.1,374.86,472.10
534,easy,11,11:34:01,11:40:52,11:41:05,COMPLETED,25461.0,224.4,411.44,424.34
578,easy,12,11:33:31,11:39:53,11:41:31,COMPLETED,30184.0,1629.8,382.98,480.29
604,medium,14,11:28:49,11:36:26,11:42:29,COMPLETED,36114.0,6063.7,457.05,820.60
579,medium,13,11:34:10,11:41:37,11:42:54,COMPLETED,29509.0,1290.3,447.83,524.95
386,hard,15,10:56:39,11:01:31,11:43:20,COMPLETED,31131.0,41816.6,292.38,2801.27
624,medium,14,11:13:36,11:21:21,11:43:33,COMPLETED,22807.0,22204.4,465.02,1797.04
353,hard,15,10:58:40,11:04:39,11:43:45,COMPLETED,33385.0,39103.9,359.67,2705.73
536,medium,13,11:31:18,11:38:29,11:43:45,COMPLETED,38038.0,5270.5,431.78,747.73
535,medium,13,11:34:37,11:42:35,11:43:52,COMPLETED,28986.0,1275.9,478.92,555.07
610,easy,12,11:35:22,11:43:26,11:44:04,COMPLETED,26679.0,643.4,484.65,522.95
597,easy,11,11:36:12,11:43:39,11:44:04,COMPLETED,29660.0,431.7,447.37,472.95
606,easy,11,11:36:36,11:43:52,11:44:11,COMPLETED,26183.0,326.1,436.07,455.31
666,easy,12,11:38:30,11:44:11,11:44:24,COMPLETED,27946.0,218.1,341.31,354.12
674,easy,11,11:38:55,11:44:30,11:44:36,COMPLETED,30091.0,112.8,335.47,341.87
529,easy,11,11:39:16,11:44:43,11:44:49,COMPLETED,22684.0,112.9,327.26,333.69
627,easy,12,11:36:31,11:43:52,11:45:15,COMPLETED,29937.0,1391.4,441.07,524.21
608,easy,12,11:37:07,11:44:11,11:46:44,COMPLETED,35761.0,2550.5,424.31,577.05
495,medium,14,10:23:36,10:23:37,11:46:56,COMPLETED,36677.0,83321.3,1.58,5000.74
577,hard,15,11:09:49,11:14:43,11:47:15,COMPLETED,30900.0,32540.5,294.74,2246.86
566,easy,12,11:40:06,11:47:03,11:47:41,COMPLETED,26050.0,648.0,417.09,455.67
564,medium,14,11:23:28,11:26:26,11:48:00,COMPLETED,27983.0,21567.0,178.90,1472.67
91,hard,15,08:33:15,08:33:19,11:48:07,COMPLETED,42389.0,194786.6,4.87,11692.00
622,medium,14,11:25:03,11:30:36,11:48:19,COMPLETED,27284.0,17721.8,333.69,1396.75
672,easy,11,11:41:20,11:48:07,11:48:19,COMPLETED,27156.0,217.8,407.00,419.75
372,hard,15,10:59:38,11:04:59,11:48:26,COMPLETED,27602.0,43442.7,321.60,2928.09
512,medium,13,11:36:39,11:43:58,11:49:23,COMPLETED,30729.0,5423.0,439.54,764.32
646,medium,14,11:28:00,11:32:05,11:49:30,COMPLETED,31700.0,17412.2,245.64,1290.08
546,medium,13,11:42:40,11:48:32,11:49:30,COMPLETED,26250.0,966.9,352.50,410.08
668,easy,12,11:43:05,11:49:30,11:49:49,COMPLETED,24720.0,336.1,385.08,404.76
520,easy,11,11:43:46,11:49:56,11:50:09,COMPLETED,21428.0,227.3,370.31,383.45
632,medium,13,11:40:42,11:47:48,11:51:14,COMPLETED,34315.0,3442.8,426.01,632.15
567,medium,13,11:40:19,11:47:22,11:52:24,COMPLETED,34874.0,5036.3,423.34,725.23
661,hard,15,11:42:09,11:48:26,11:52:55,COMPLETED,33520.0,4501.0,377.09,646.88
619,easy,11,11:45:10,11:53:02,11:53:27,COMPLETED,32043.0,430.1,472.21,497.71
542,medium,13,11:10:20,11:15:03,11:54:31,COMPLETED,33559.0,39462.7,283.51,2651.07
629,medium,13,11:44:34,11:51:20,11:54:50,COMPLETED,23381.0,3495.3,406.66,616.08
621,medium,13,11:45:11,11:53:34,11:54:56,COMPLETED,25564.0,1378.7,503.04,585.42
654,easy,12,11:46:50,11:54:56,11:55:02,COMPLETED,28984.0,113.2,486.42,492.79
611,medium,13,11:10:41,11:15:16,11:55:21,COMPLETED,40129.0,40097.3,275.31,2680.96
605,medium,13,11:38:51,11:44:17,11:55:47,COMPLETED,30621.0,11498.5,326.71,1016.34
526,medium,14,11:18:02,11:23:41,11:56:19,COMPLETED,34261.0,32633.0,339.38,2297.15
650,easy,12,11:46:57,11:55:09,11:56:57,COMPLETED,37544.0,1806.9,492.25,600.37
676,medium,13,11:47:20,11:55:28,11:57:29,COMPLETED,35510.0,2017.4,488.29,609.04
657,hard,15,11:48:29,11:56:25,12:00:02,COMPLETED,33448.0,3630.6,476.55,693.89
652,easy,11,11:50:13,12:00:09,12:00:22,COMPLETED,24373.0,223.8,596.45,609.57
620,hard,15,11:16:36,11:23:41,12:00:35,COMPLETED,30452.0,36908.4,425.38,2639.52
614,medium,14,11:39:35,11:45:21,12:00:35,COMPLETED,31806.0,15239.6,346.60,1260.52
631,medium,13,11:46:27,11:54:37,12:00:35,COMPLETED,33541.0,5978.1,490.40,848.52
513,easy,11,11:50:44,12:00:28,12:00:42,COMPLETED,22694.0,234.0,584.90,598.17
642,easy,12,11:51:06,12:00:42,12:01:01,COMPLETED,28715.0,337.0,576.17,595.89
677,medium,14,11:39:21,11:44:56,12:01:15,COMPLETED,32499.0,16323.5,335.07,1314.08
574,easy,11,11:52:17,12:00:49,12:01:21,COMPLETED,30576.0,549.8,512.03,544.63
618,hard,15,11:13:32,11:18:42,12:01:53,COMPLETED,33754.0,43186.6,310.98,2901.97
656,medium,13,11:44:11,11:50:15,12:02:06,COMPLETED,31598.0,11851.5,364.98,1075.66
670,easy,12,11:53:29,12:02:00,12:02:32,COMPLETED,29645.0,547.9,511.30,543.67
368,hard,15,10:01:39,10:01:43,12:04:22,COMPLETED,36625.0,122659.0,4.14,7363.51
651,easy,11,11:53:46,12:04:29,12:04:41,COMPLETED,29696.0,219.3,643.06,655.90
554,easy,12,11:54:29,12:04:48,12:05:32,COMPLETED,24620.0,746.7,619.24,663.70
638,easy,12,11:53:32,12:02:13,12:05:39,COMPLETED,27851.0,3437.3,521.20,727.07
649,easy,11,11:54:54,12:05:45,12:05:58,COMPLETED,28635.0,216.2,651.48,664.14
553,medium,14,11:12:47,11:16:34,12:06:04,COMPLETED,37467.0,49506.1,227.36,3197.48
601,easy,11,11:55:24,12:06:10,12:06:17,COMPLETED,29790.0,112.4,646.86,653.22
660,easy,12,11:54:31,12:05:39,12:06:29,COMPLETED,26681.0,854.4,668.07,718.99
637,easy,11,11:55:36,12:06:23,12:06:36,COMPLETED,19928.0,218.4,647.63,660.38
305,medium,14,09:11:36,09:11:38,12:06:55,COMPLETED,30744.0,175287.9,2.21,10519.52
557,easy,12,11:55:41,12:06:36,12:08:05,COMPLETED,30528.0,1487.6,655.38,744.33
96,hard,15,08:32:24,08:32:24,12:09:08,COMPLETED,34693.0,216741.1,0.04,13004.49
559,medium,13,11:47:46,11:55:53,12:09:14,COMPLETED,36166.0,13356.4,487.73,1288.83
628,easy,11,11:56:16,12:09:14,12:09:21,COMPLETED,15972.0,112.2,778.83,785.20
616,easy,11,11:56:18,12:09:21,12:09:33,COMPLETED,29734.0,220.7,783.20,795.95
639,easy,12,11:56:13,12:08:11,12:10:00,COMPLETED,27420.0,1811.8,718.67,827.09
531,medium,13,11:52:32,12:01:21,12:10:19,COMPLETED,31379.0,8974.0,529.63,1067.63
543,easy,11,11:56:52,12:10:06,12:10:19,COMPLETED,30125.0,229.2,794.41,807.63
544,easy,11,11:57:05,12:10:26,12:10:32,COMPLETED,25201.0,118.4,801.20,807.92
626,hard,15,11:30:46,11:38:23,12:10:39,COMPLETED,38137.0,32276.3,457.08,2393.43
625,medium,13,11:56:03,12:06:42,12:11:24,COMPLETED,31880.0,4701.2,639.76,921.38
640,easy,11,11:57:37,12:10:45,12:11:30,COMPLETED,32229.0,762.0,788.80,833.92
532,easy,12,11:57:47,12:11:37,12:12:09,COMPLETED,25279.0,548.2,830.57,862.96
454,medium,14,10:07:15,10:07:17,12:12:23,COMPLETED,41013.0,125101.6,2.14,7508.15
507,hard,15,10:56:06,11:01:31,12:12:23,COMPLETED,30487.0,70865.6,325.38,4577.15
599,medium,13,11:55:00,12:06:04,12:12:48,COMPLETED,30516.0,6747.0,664.48,1068.86
550,medium,14,11:43:22,11:49:36,12:13:02,COMPLETED,26303.0,23428.0,374.56,1780.01
562,medium,13,11:56:40,12:09:40,12:13:53,COMPLETED,28869.0,4229.7,780.49,1033.84
675,easy,11,11:59:11,12:12:29,12:14:00,COMPLETED,34145.46769074565,1518.8,798.49,889.38
600,easy,12,11:57:45,12:11:30,12:14:26,COMPLETED,35380.0,2930.0,825.92,1001.25
584,easy,12,11:59:14,12:12:55,12:14:26,COMPLETED,33065.0,1522.8,821.41,912.25
772,easy,12,12:01:08,12:14:06,12:14:46,COMPLETED,27775.0,659.7,778.76,818.06
709,easy,11,12:01:44,12:14:52,12:14:58,COMPLETED,25594.0,118.1,788.39,794.98
687,medium,13,12:01:15,12:14:32,12:15:44,COMPLETED,27678.0,1195.1,797.85,869.33
743,easy,11,12:01:58,12:15:50,12:16:03,COMPLETED,22088.0,216.4,832.67,845.35
552,hard,15,11:59:27,12:13:08,12:16:22,COMPLETED,31952.0,3236.2,821.50,1015.37
774,easy,11,12:02:32,12:16:09,12:16:22,COMPLETED,28020.0,217.3,817.68,830.37
541,medium,14,11:56:57,12:10:26,12:16:41,COMPLETED,34042.0,6258.5,809.20,1184.45
571,easy,12,11:57:52,12:12:16,12:16:54,COMPLETED,23220.0,4631.8,864.50,1142.14
736,easy,12,12:02:32,12:16:28,12:16:54,COMPLETED,23861.0,428.5,836.74,862.14
831,easy,11,12:03:03,12:16:47,12:17:06,COMPLETED,26481.0,323.2,824.78,843.87
739,easy,11,12:03:15,12:17:00,12:17:19,COMPLETED,25728.0,323.4,825.48,844.58
612,hard,15,11:51:33,12:00:42,12:17:44,COMPLETED,26102.0,17048.5,549.17,1572.00
755,easy,12,12:03:03,12:17:00,12:18:04,COMPLETED,28451.0,1064.8,837.48,901.07
745,easy,12,12:04:56,12:17:51,12:18:23,COMPLETED,34520.0,534.2,775.32,807.07
724,easy,11,12:05:03,12:18:10,12:18:23,COMPLETED,25781.0,216.5,787.41,800.07
744,medium,14,12:03:56,12:17:25,12:19:13,COMPLETED,30158.0,1802.7,809.95,917.82
613,hard,15,11:10:37,11:15:09,12:21:14,COMPLETED,34537.0,66080.2,272.88,4237.45
522,medium,14,11:45:01,11:52:30,12:21:40,COMPLETED,29360.0,29173.2,449.58,2199.70
847,easy,12,12:06:28,12:21:20,12:21:53,COMPLETED,22443.0,553.9,892.99,925.70
528,medium,14,11:51:31,12:00:42,12:22:13,COMPLETED,33154.0,21523.9,551.17,1842.45
749,easy,11,12:07:25,12:22:00,12:22:19,COMPLETED,28746.0,331.3,875.28,894.82
698,easy,12,12:07:36,12:22:19,12:22:45,COMPLETED,26783.0,439.4,883.82,909.89
826,easy,12,12:07:44,12:22:26,12:22:58,COMPLETED,21619.0,552.4,882.19,914.84
833,easy,12,12:07:53,12:22:52,12:23:33,COMPLETED,28780.0,689.5,899.21,940.02
735,easy,11,12:10:29,12:23:39,12:23:52,COMPLETED,24659.0,219.9,790.64,803.54
845,hard,15,12:03:03,12:16:28,12:25:03,COMPLETED,35188.0,8590.3,805.74,1320.74
810,medium,14,12:01:58,12:15:05,12:25:48,COMPLETED,30407.0,10728.0,787.51,1430.74
731,easy,12,12:12:25,12:25:55,12:26:27,COMPLETED,21493.0,549.5,810.29,842.70
525,medium,14,11:49:58,11:57:35,12:26:34,COMPLETED,33602.0,28990.4,457.37,2196.30
332,hard,15,09:05:21,09:05:22,12:26:40,COMPLETED,30866.0,201310.9,1.42,12079.98
807,easy,11,12:12:59,12:26:47,12:26:53,COMPLETED,23654.0,111.3,828.38,834.74
843,easy,11,12:13:31,12:27:00,12:27:06,COMPLETED,31120.0,112.5,809.09,815.51
703,easy,11,12:12:55,12:26:40,12:27:12,COMPLETED,34531.0,537.5,825.98,857.86
515,hard,15,11:43:21,11:49:36,12:27:25,COMPLETED,36339.0,37822.3,375.56,2644.66
752,easy,12,12:13:38,12:27:12,12:27:44,COMPLETED,29768.0,536.4,814.86,846.75
750,medium,13,12:01:06,12:14:00,12:28:03,COMPLETED,37636.0,14060.3,774.38,1617.76
720,medium,13,12:12:48,12:26:34,12:28:03,COMPLETED,29828.0,1495.9,826.30,915.76
823,easy,12,12:14:43,12:28:10,12:28:54,COMPLETED,30529.0,743.6,807.09,851.43
757,medium,14,12:13:51,12:27:32,12:29:26,COMPLETED,30198.0,1905.1,821.05,935.07
723,easy,12,12:14:50,12:29:00,12:29:26,COMPLETED,31136.0,426.9,850.77,876.07
727,easy,12,12:12:04,12:25:10,12:29:32,COMPLETED,26668.0,4374.3,786.30,1048.41
829,medium,13,12:14:02,12:27:51,12:29:32,COMPLETED,22372.0,1695.0,829.08,930.41
270,hard,15,09:16:17,09:16:21,12:29:57,COMPLETED,34433.0,193612.0,4.14,11620.82
775,easy,12,12:16:41,12:29:38,12:30:04,COMPLETED,31228.0,427.4,777.81,803.15
537,medium,14,11:10:26,11:15:09,12:31:51,COMPLETED,29580.0,76700.5,283.88,4885.75
702,easy,11,12:17:53,12:31:58,12:32:10,COMPLETED,28065.0,217.2,845.09,857.82
633,hard,15,11:52:18,12:01:08,12:33:07,COMPLETED,25642.0,31992.1,530.46,2449.76
734,medium,13,12:14:42,12:28:10,12:33:39,COMPLETED,31817.0,5495.2,808.09,1137.53
728,easy,12,12:15:48,12:29:38,12:33:45,COMPLETED,29087.0,4123.1,830.81,1077.86
791,easy,12,12:18:37,12:33:45,12:34:36,COMPLETED,25417.0,852.0,908.86,959.68
516,hard,15,11:57:34,12:10:39,12:34:49,COMPLETED,34457.0,24169.4,785.43,2235.38
696,easy,11,12:18:54,12:34:55,12:35:08,COMPLETED,27138.0,217.4,961.70,974.44
806,easy,11,12:18:55,12:35:14,12:35:27,COMPLETED,33028.0,216.3,979.77,992.45
679,medium,14,11:56:05,12:07:01,12:36:18,COMPLETED,26473.0,29276.3,656.90,2413.27
590,hard,15,11:59:10,12:12:29,12:37:08,COMPLETED,30315.0,24661.2,799.49,2278.96
832,easy,11,12:19:18,12:37:15,12:37:21,COMPLETED,28532.0,117.8,1077.29,1083.86
796,medium,13,12:18:28,12:33:14,12:42:03,COMPLETED,30871.0,8822.3,886.15,1415.21
767,medium,14,12:06:02,12:19:20,12:43:31,COMPLETED,31727.0,24196.4,798.15,2249.66
822,easy,12,12:21:27,12:43:38,12:45:26,COMPLETED,21530.0,1814.4,1331.05,1439.61
481,hard,15,10:33:15,10:33:17,12:46:05,COMPLETED,31198.0,132802.0,2.54,7970.50
740,medium,14,12:11:41,12:23:58,12:46:31,COMPLETED,31907.0,22547.8,737.87,2090.31
683,easy,11,12:21:57,12:46:12,12:46:31,COMPLETED,24169.0,330.3,1455.06,1474.31
789,easy,12,12:22:58,12:46:37,12:47:03,COMPLETED,32895.0,433.7,1419.91,1445.63
844,easy,12,12:23:15,12:47:09,12:51:21,COMPLETED,26022.0,4203.3,1434.97,1686.86
717,hard,15,12:03:43,12:17:13,12:52:18,COMPLETED,28936.0,35098.1,810.22,2915.86
527,hard,15,11:52:54,12:01:28,12:54:06,COMPLETED,34466.0,52652.7,514.06,3672.99
793,easy,11,12:24:06,12:54:13,12:54:19,COMPLETED,25950.0,112.5,1807.39,1813.82
756,medium,13,12:21:34,12:45:32,12:54:26,COMPLETED,25673.0,8893.2,1438.94,1972.17
317,hard,15,09:43:23,09:43:27,12:56:07,COMPLETED,35434.0,192681.3,4.05,11564.83
399,hard,15,10:00:19,10:00:21,12:56:52,COMPLETED,26664.0,176522.4,2.41,10593.68
800,medium,13,12:23:18,12:51:28,12:58:09,COMPLETED,31046.0,6690.3,1690.20,2091.14
630,hard,15,11:39:48,11:46:50,12:59:01,COMPLETED,29621.0,72182.2,422.38,4753.15
815,easy,12,12:25:10,12:56:59,12:59:01,COMPLETED,31962.0,2040.6,1909.02,2031.15
786,easy,12,12:25:21,12:58:15,12:59:07,COMPLETED,29712.0,874.0,1974.70,2026.48
761,easy,11,12:26:50,12:59:14,12:59:20,COMPLETED,26668.0,118.4,1944.20,1950.82
31,hard,15,08:47:41,08:47:43,13:01:10,COMPLETED,34550.0,253454.5,2.05,15209.28
686,hard,15,12:24:16,12:54:26,13:01:16,COMPLETED,36006.0,6853.7,1810.17,2220.83
644,hard,15,11:34:49,11:43:01,13:01:43,COMPLETED,31617.0,78701.1,492.29,5214.08
575,hard,15,11:49:15,11:57:03,13:02:08,COMPLETED,33980.0,65090.8,468.70,4373.98
713,easy,12,12:27:32,13:01:49,13:02:28,COMPLETED,31319.0,644.1,2057.65,2096.01
549,hard,15,11:42:32,11:48:26,13:02:40,COMPLETED,32348.0,74245.5,354.09,4808.70
715,easy,11,12:27:45,13:02:34,13:02:40,COMPLETED,25064.0,111.4,2089.34,2095.70
825,medium,13,12:27:17,13:01:16,13:03:06,COMPLETED,26336.0,1825.8,2039.83,2149.07
840,hard,15,12:26:07,12:59:07,13:03:44,COMPLETED,31910.0,4617.8,1980.48,2257.28
838,easy,11,12:28:54,13:03:50,13:04:16,COMPLETED,29159.0,429.2,2096.63,2122.03
830,medium,14,12:18:24,12:32:17,13:04:22,COMPLETED,27056.0,32093.1,833.15,2758.41
519,medium,14,11:20:32,11:24:57,13:04:28,COMPLETED,42233.0,99525.8,265.53,6236.86
817,medium,13,12:27:40,13:02:15,13:04:35,COMPLETED,27411.0,2338.8,2075.31,2215.30
758,medium,13,12:29:43,13:04:35,13:05:00,COMPLETED,26245.0,430.8,2092.30,2117.80
753,easy,12,12:29:59,13:04:41,13:05:13,COMPLETED,30280.0,537.8,2082.69,2114.59
699,easy,11,12:30:24,13:05:19,13:05:32,COMPLETED,29497.0,216.9,2095.99,2108.70
179,hard,15,09:39:23,09:39:28,13:06:29,COMPLETED,36978.0,207021.4,5.32,12426.56
540,hard,15,11:56:25,12:09:27,13:06:35,COMPLETED,34234.0,57141.7,782.60,4210.89
835,easy,11,12:31:03,13:06:42,13:07:01,COMPLETED,35456.0,322.8,2139.27,2158.26
798,medium,14,12:28:50,13:03:12,13:07:07,COMPLETED,30508.0,3929.9,2062.43,2297.67
689,medium,14,12:18:51,12:34:43,13:07:33,COMPLETED,36596.0,32852.7,952.02,2922.81
782,easy,11,12:31:15,13:07:07,13:07:33,COMPLETED,28907.0,444.8,2152.67,2178.81
742,hard,15,12:15:16,12:29:32,13:07:40,COMPLETED,29674.0,38141.7,856.41,3144.41
803,easy,11,12:32:45,13:07:47,13:07:53,COMPLETED,27921.0,118.3,2102.17,2108.77
433,hard,15,10:45:45,10:46:00,13:08:39,COMPLETED,41894.0,142642.2,15.58,8574.02
785,medium,13,12:29:11,13:04:22,13:08:39,COMPLETED,29733.0,4282.0,2111.41,2368.02
700,medium,13,12:23:45,12:52:25,13:08:58,COMPLETED,28279.0,16562.5,1720.25,2713.63
760,medium,13,12:30:18,13:05:07,13:08:58,COMPLETED,34878.0,3865.3,2089.18,2320.63
685,medium,14,12:20:21,12:37:28,13:10:42,COMPLETED,36913.0,33236.8,1027.40,3021.40
748,easy,12,12:34:04,13:08:45,13:10:42,COMPLETED,29050.0,1954.8,2081.41,2198.40
769,easy,12,12:31:31,13:07:14,13:11:34,COMPLETED,30303.0,4342.7,2143.31,2403.43
804,easy,12,12:35:09,13:10:48,13:13:24,COMPLETED,21889.0,2602.9,2139.74,2295.62
820,easy,11,12:35:19,13:13:30,13:13:37,COMPLETED,19646.0,111.6,2291.95,2298.31
759,hard,15,12:01:14,12:14:32,13:14:15,COMPLETED,31011.0,59710.2,798.85,4381.31
721,medium,14,12:35:37,13:13:43,13:14:59,COMPLETED,28136.0,1275.0,2286.68,2362.86
836,medium,14,12:35:14,13:10:48,13:15:12,COMPLETED,31996.0,4400.5,2134.74,2398.57
523,hard,15,11:03:19,11:05:19,13:15:44,COMPLETED,29929.0,130406.6,120.91,7945.19
778,medium,13,12:35:16,13:11:40,13:15:44,COMPLETED,34714.0,4058.9,2184.97,2428.19
792,easy,11,12:36:34,13:15:50,13:15:56,COMPLETED,22438.0,111.4,2356.55,2362.93
688,hard,15,12:23:13,12:46:37,13:16:28,COMPLETED,33605.0,29846.4,1404.91,3195.57
819,easy,11,12:38:10,13:16:03,13:16:34,COMPLETED,25838.0,532.8,2273.27,2304.90
846,easy,12,12:39:08,13:16:34,13:16:47,COMPLETED,31624.0,217.6,2246.90,2259.66
711,easy,12,12:39:18,13:16:41,13:17:00,COMPLETED,30143.0,323.1,2243.27,2262.36
477,hard,15,10:49:32,10:53:42,13:17:31,COMPLETED,36416.0,143821.4,250.78,8879.97
719,easy,11,12:39:38,13:17:38,13:17:44,COMPLETED,23110.0,111.1,2280.31,2286.67
690,medium,14,12:36:32,13:15:18,13:20:31,COMPLETED,32308.0,5214.5,2326.90,2639.30
827,easy,12,12:39:34,13:17:06,13:20:50,COMPLETED,27554.0,3747.1,2252.69,2476.96
783,medium,13,12:39:25,13:16:53,13:21:36,COMPLETED,34316.0,4717.5,2248.99,2531.52
692,hard,15,12:18:49,12:33:52,13:21:43,COMPLETED,35523.0,47854.6,903.25,3774.11
694,easy,11,12:40:40,13:21:43,13:21:49,COMPLETED,29262.0,116.2,2463.11,2469.75
816,medium,14,12:26:15,12:59:07,13:24:05,COMPLETED,29683.0,24971.8,1972.48,3470.62
693,easy,11,12:42:54,13:24:12,13:24:18,COMPLETED,16526.0,118.6,2478.04,2484.65
787,medium,14,12:28:17,13:02:47,13:25:34,COMPLETED,37659.0,22800.9,2070.04,3437.92
365,hard,15,10:26:11,10:27:45,13:28:51,COMPLETED,33960.0,181092.1,94.71,10960.17
705,medium,13,12:42:57,13:24:25,13:29:03,COMPLETED,26987.0,4649.4,2488.20,2766.87
716,easy,12,12:44:49,13:29:10,13:30:01,COMPLETED,32293.0,869.3,2661.20,2712.85
737,medium,14,12:32:24,13:07:40,13:30:34,COMPLETED,33183.0,22902.0,2116.41,3490.25
697,medium,13,12:44:21,13:28:57,13:31:32,COMPLETED,25904.0,2592.0,2676.50,2831.50
754,hard,15,12:24:21,12:54:32,13:32:05,COMPLETED,40428.0,37547.4,1811.58,4064.07
779,easy,12,12:46:20,13:32:11,13:32:24,COMPLETED,23367.0,229.0,2751.67,2764.91
849,easy,12,12:40:35,13:20:37,13:32:31,COMPLETED,42190.0,11898.7,2402.85,3116.45
764,medium,13,12:46:42,13:32:31,13:33:29,COMPLETED,26082.0,969.3,2749.45,2807.31
765,medium,14,12:30:44,13:06:35,13:33:42,COMPLETED,30293.0,27112.2,2151.89,3778.25
801,hard,15,12:30:37,13:05:39,13:35:57,COMPLETED,30479.0,30304.1,2102.03,3920.06
808,medium,14,12:31:52,13:07:40,13:38:03,COMPLETED,34112.0,30386.7,2148.41,3971.40
204,hard,15,09:30:35,09:30:39,13:40:10,COMPLETED,29397.0,249506.8,4.77,14975.14
706,medium,13,12:47:45,13:33:48,13:41:26,COMPLETED,27205.0,7628.2,2763.81,3221.19
725,hard,15,12:20:31,12:42:09,13:45:20,COMPLETED,28737.0,63180.3,1298.54,5089.17
707,medium,13,12:49:40,13:45:26,13:46:11,COMPLETED,27994.0,755.3,3346.49,3391.31
153,hard,15,08:15:40,08:15:41,13:47:54,COMPLETED,26622.0,332222.0,1.28,19934.55
729,easy,11,12:49:55,13:48:01,13:48:13,COMPLETED,30979.0,217.3,3486.25,3498.98
65,hard,15,08:21:02,08:21:06,13:48:20,COMPLETED,29347.0,327225.8,4.83,19638.31
776,medium,14,12:35:39,13:14:21,13:48:26,COMPLETED,31041.0,34093.3,2322.63,4367.77
684,easy,11,12:50:06,13:48:20,13:48:26,COMPLETED,21182.0,118.3,3494.31,3500.77
738,hard,15,12:35:02,13:09:05,13:48:33,COMPLETED,35506.0,39475.0,2043.20,4411.45
784,easy,11,12:50:47,13:48:33,13:48:58,COMPLETED,27826.0,428.4,3466.45,3491.86
766,easy,11,12:50:42,13:48:26,13:49:05,COMPLETED,31419.0,645.9,3464.77,3503.19
813,easy,11,12:53:21,13:49:11,13:49:24,COMPLETED,23061.0,216.6,3350.58,3363.25
811,easy,11,12:53:36,13:49:30,13:49:36,COMPLETED,29328.0,111.1,3354.60,3360.96
746,easy,12,12:52:42,13:49:05,13:50:21,COMPLETED,27429.0,1271.9,3383.19,3459.21
751,easy,12,12:53:38,13:49:43,13:50:21,COMPLETED,31187.0,637.3,3365.29,3403.21
704,easy,12,12:53:47,13:50:27,13:50:46,COMPLETED,22134.0,321.2,3400.55,3419.55
818,medium,14,12:44:52,13:30:08,13:50:52,COMPLETED,36634.0,20746.5,2716.39,3960.88
788,medium,14,12:49:45,13:46:17,13:51:18,COMPLETED,29874.0,5012.1,3392.85,3693.30
837,medium,13,12:47:45,13:33:35,13:51:30,COMPLETED,31909.0,17926.8,2750.63,3825.98
781,medium,14,12:49:08,13:40:16,13:51:37,COMPLETED,29567.0,11351.9,3068.52,3749.32
839,hard,15,12:36:02,13:15:06,13:51:56,COMPLETED,37699.0,36841.1,2344.20,4554.46
762,easy,11,12:57:14,13:52:02,13:52:28,COMPLETED,28269.0,426.5,3288.78,3314.07
814,easy,11,12:57:30,13:52:34,13:52:59,COMPLETED,22210.0,426.7,3304.40,3329.70
780,medium,14,12:42:02,13:21:56,13:55:54,COMPLETED,30712.0,33971.0,2394.11,4432.01
712,easy,11,12:58:49,13:56:00,13:56:13,COMPLETED,31161.0,226.5,3431.54,3444.63
812,easy,12,12:59:30,13:56:20,13:58:27,COMPLETED,37452.0,2123.5,3410.17,3537.19
681,medium,13,12:51:58,13:48:39,13:59:25,COMPLETED,33662.0,10768.0,3401.86,4047.49
763,medium,14,12:40:39,13:20:57,14:00:41,COMPLETED,36019.0,39741.9,2418.57,4802.87
771,medium,13,12:51:23,13:48:33,14:00:54,COMPLETED,25360.0,12355.7,3430.45,4171.56
144,hard,15,08:58:46,08:58:49,14:01:07,COMPLETED,33767.0,302294.3,3.67,18141.31
770,medium,14,12:56:06,13:51:37,14:01:07,COMPLETED,33187.0,9505.2,3331.32,3901.31
874,easy,11,13:02:59,14:01:00,14:01:13,COMPLETED,18799.0,220.2,3481.91,3494.69
1016,medium,14,13:00:10,13:58:33,14:01:45,COMPLETED,32802.0,3205.0,3503.61,3695.62
310,hard,15,09:40:54,09:40:55,14:02:10,COMPLETED,37293.0,261252.0,1.90,15676.99
795,medium,14,12:36:38,13:15:50,14:02:48,COMPLETED,33331.0,46976.1,2352.55,5170.95
937,easy,11,13:04:50,14:02:55,14:03:14,COMPLETED,29883.0,321.2,3485.28,3504.26
794,hard,15,12:34:22,13:08:45,14:03:27,COMPLETED,32007.0,54694.8,2063.41,5345.00
883,easy,12,13:04:42,14:02:17,14:03:52,COMPLETED,29573.0,1587.9,3455.34,3550.32
856,medium,13,13:05:29,14:03:58,14:06:07,COMPLETED,27225.0,2151.0,3509.65,3638.41
995,easy,12,13:05:31,14:06:13,14:08:54,COMPLETED,35909.0,2696.9,3642.74,3803.97
799,medium,14,12:29:15,13:04:28,14:09:21,COMPLETED,37551.0,64877.5,2113.86,6006.33
892,easy,11,13:06:05,14:09:01,14:09:21,COMPLETED,30650.0,334.3,3776.59,3796.33
802,hard,15,12:17:33,12:30:10,14:09:47,COMPLETED,36595.0,99612.0,757.52,6734.08
732,medium,14,12:49:24,13:41:32,14:09:53,COMPLETED,29181.0,28352.3,3128.55,4829.42
971,easy,11,13:07:38,14:09:53,14:10:25,COMPLETED,25134.0,550.7,3735.42,3767.96
888,medium,14,13:03:55,14:01:20,14:11:42,COMPLETED,33685.0,10381.5,3445.16,4067.78
747,hard,15,12:19:04,12:35:33,14:11:55,COMPLETED,31616.0,96364.3,989.77,6771.48
932,easy,12,13:09:53,14:11:49,14:12:20,COMPLETED,31366.0,534.8,3716.11,3747.88
931,easy,11,13:10:23,14:12:01,14:13:05,COMPLETED,34225.0,1063.8,3698.83,3762.30
263,hard,15,09:49:48,09:49:51,14:13:30,COMPLETED,37606.0,263661.8,3.13,15822.80
722,hard,15,12:24:53,12:56:14,14:13:37,COMPLETED,31547.0,77383.6,1881.38,6524.19
955,easy,11,13:11:19,14:13:37,14:13:49,COMPLETED,25028.0,219.1,3738.19,3750.98
924,medium,13,13:07:16,14:09:27,14:13:56,COMPLETED,27840.0,4484.1,3731.67,4000.37
1014,easy,11,13:11:22,14:13:56,14:14:15,COMPLETED,35584.0,325.7,3754.37,3773.56
949,medium,13,13:11:57,14:14:02,14:15:00,COMPLETED,31115.0,962.8,3725.78,3783.20
865,easy,12,13:12:30,14:15:06,14:15:38,COMPLETED,25257.0,533.6,3756.59,3788.28
854,easy,12,13:13:15,14:15:44,14:17:21,COMPLETED,28210.0,1617.7,3749.63,3846.38
1001,hard,15,13:05:13,14:03:33,14:19:17,COMPLETED,31079.0,15744.4,3500.33,4444.55
963,easy,12,13:13:19,14:17:27,14:19:49,COMPLETED,32386.0,2374.0,3848.72,3990.86
790,medium,13,12:57:53,13:53:06,14:22:24,COMPLETED,42289.0,29316.3,3313.02,5071.76
1007,medium,13,13:07:17,14:09:27,14:22:43,COMPLETED,28996.0,13272.0,3730.67,4526.76
950,easy,11,13:13:50,14:22:31,14:22:43,COMPLETED,27061.0,216.4,4121.10,4133.76
1005,medium,13,13:03:55,14:01:51,14:23:02,COMPLETED,26001.0,21184.9,3476.96,4747.80
842,hard,15,12:49:05,13:38:09,14:23:59,COMPLETED,33878.0,45836.3,2944.74,5694.72
875,medium,13,13:11:21,14:13:43,14:24:25,COMPLETED,32691.0,10695.5,3742.58,4384.03
970,medium,13,13:13:56,14:22:50,14:24:25,COMPLETED,33011.0,1587.4,4134.10,4229.03
864,easy,12,13:15:31,14:24:31,14:25:28,COMPLETED,25991.0,958.0,4140.38,4197.56
871,easy,12,13:16:12,14:25:34,14:27:22,COMPLETED,26794.0,1803.4,4162.89,4270.71
905,medium,13,13:14:54,14:22:50,14:27:55,COMPLETED,34336.0,5091.1,4076.10,4381.29
900,easy,11,13:16:31,14:27:29,14:28:14,COMPLETED,33742.0,761.4,4258.12,4303.33
991,hard,15,13:03:46,14:01:13,14:28:27,COMPLETED,31768.0,27235.9,3447.69,5081.48
851,easy,12,13:16:38,14:28:01,14:28:40,COMPLETED,18104.0,651.5,4283.65,4322.45
695,hard,15,12:41:56,13:21:49,14:28:53,COMPLETED,28095.0,67066.1,2393.75,6417.43
934,easy,11,13:17:06,14:28:46,14:28:53,COMPLETED,29486.0,119.0,4300.78,4307.43
977,easy,11,13:17:33,14:28:59,14:29:06,COMPLETED,26557.0,118.5,4286.95,4293.58
918,easy,11,13:17:44,14:28:59,14:29:26,COMPLETED,25107.0,444.6,4275.95,4302.22
667,hard,15,11:46:57,11:55:02,14:29:39,COMPLETED,31717.0,154613.5,485.79,9762.49
974,easy,11,13:18:32,14:29:13,14:29:39,COMPLETED,24298.0,444.7,4241.12,4267.49
1003,easy,11,13:19:47,14:29:45,14:30:05,COMPLETED,27808.0,330.6,4198.84,4218.08
858,medium,14,13:13:49,14:19:56,14:30:37,COMPLETED,33628.0,10694.6,3967.19,4608.42
682,medium,14,12:17:31,12:30:04,14:31:49,COMPLETED,32620.0,121751.8,753.15,8058.09
809,hard,15,12:05:50,12:18:29,14:32:53,COMPLETED,33355.0,134408.1,759.41,8823.75
853,easy,12,13:20:43,14:30:11,14:33:44,COMPLETED,31857.0,3551.9,4168.73,4381.56
906,medium,14,13:19:41,14:29:32,14:33:50,COMPLETED,30172.0,4307.1,4191.78,4449.89
978,easy,11,13:21:59,14:33:50,14:33:57,COMPLETED,19836.0,112.1,4311.89,4318.26
797,medium,14,12:43:18,13:25:41,14:34:22,COMPLETED,33928.0,68692.2,2543.26,6664.62
902,medium,14,13:16:45,14:28:20,14:34:22,COMPLETED,33033.0,6034.1,4295.87,4657.62
730,hard,15,12:27:17,12:59:27,14:34:54,COMPLETED,37095.0,95451.6,1930.35,7657.31
976,medium,13,13:22:58,14:34:28,14:35:57,COMPLETED,27513.0,1480.9,4290.97,4379.56
863,medium,13,13:23:21,14:36:03,14:38:17,COMPLETED,31034.0,2227.5,4362.90,4496.08
777,hard,15,12:55:54,13:50:59,14:38:36,COMPLETED,29790.0,47625.8,3305.27,6162.50
981,easy,11,13:23:34,14:38:43,14:38:49,COMPLETED,29133.0,119.8,4509.06,4515.68
980,medium,13,13:21:41,14:33:00,14:38:56,COMPLETED,32525.0,5939.9,4279.30,4635.29
680,hard,15,12:45:10,13:30:40,14:39:02,COMPLETED,29707.0,68374.2,2730.79,6832.79
926,easy,11,13:23:23,14:38:23,14:39:09,COMPLETED,27908.0,776.0,4500.57,4546.52
982,medium,13,13:23:13,14:35:00,14:39:16,COMPLETED,25965.0,4269.0,4307.64,4563.20
855,easy,11,13:24:30,14:38:56,14:39:16,COMPLETED,32143.0,342.2,4466.29,4486.20
996,easy,11,13:25:27,14:39:16,14:39:29,COMPLETED,26146.0,231.4,4429.20,4442.60
1015,easy,11,13:26:01,14:39:22,14:39:36,COMPLETED,28046.0,226.6,4401.88,4415.15
921,medium,14,13:15:32,14:24:31,14:40:01,COMPLETED,25483.0,15512.1,4139.38,5069.72
973,easy,12,13:26:59,14:39:36,14:40:14,COMPLETED,26010.0,649.7,4357.15,4395.64
768,hard,15,12:56:38,13:51:43,14:40:34,COMPLETED,31006.0,48849.2,3305.70,6236.32
956,easy,11,13:28:15,14:40:40,14:40:47,COMPLETED,20628.0,119.0,4345.97,4352.59
959,medium,13,13:24:33,14:39:02,14:40:54,COMPLETED,25109.0,1861.4,4469.79,4581.15
936,hard,15,13:09:28,14:10:32,14:41:00,COMPLETED,30197.0,30472.0,3664.51,5492.53
969,easy,11,13:28:42,14:40:54,14:41:07,COMPLETED,27766.0,225.2,4332.15,4345.02
962,easy,11,13:29:31,14:41:13,14:41:20,COMPLETED,25127.0,111.0,4302.72,4309.08
940,easy,11,13:29:24,14:41:07,14:41:45,COMPLETED,21095.0,653.4,4303.02,4341.74
917,easy,12,13:25:23,14:39:09,14:42:05,COMPLETED,35883.0,2938.7,4426.52,4602.40
987,easy,12,13:30:02,14:42:11,14:42:31,COMPLETED,26916.0,337.5,4329.94,4349.67
889,medium,13,13:27:59,14:40:08,14:43:10,COMPLETED,30497.0,3039.6,4329.28,4511.19
834,hard,15,12:46:42,13:32:37,14:43:16,COMPLETED,32131.0,70651.7,2755.83,6994.74
876,medium,14,13:01:18,14:00:48,14:43:16,COMPLETED,24912.0,42479.5,3570.20,6118.74
867,medium,14,13:28:00,14:40:21,14:43:16,COMPLETED,25524.0,2931.2,4341.20,4516.74
911,easy,11,13:31:13,14:43:23,14:43:29,COMPLETED,31811.0,118.2,4330.12,4336.83
1008,easy,11,13:30:47,14:43:23,14:43:42,COMPLETED,28809.0,338.8,4356.12,4375.95
954,easy,11,13:32:33,14:43:36,14:43:49,COMPLETED,25910.0,227.2,4263.38,4276.51
873,easy,12,13:30:24,14:43:16,14:44:15,COMPLETED,26903.0,980.7,4372.74,4431.24
964,medium,14,13:13:23,14:19:24,14:44:28,COMPLETED,26388.0,25069.8,3961.11,5465.04
988,easy,11,13:33:52,14:44:21,14:44:40,COMPLETED,24289.0,325.7,4229.63,4248.87
879,hard,15,13:07:52,14:09:59,14:44:53,COMPLETED,34667.0,34899.3,3727.79,5821.57
79,hard,15,08:56:34,08:56:37,14:45:06,COMPLETED,37299.0,348474.8,3.78,20912.26
968,hard,15,13:28:57,14:41:00,14:45:12,COMPLETED,30098.0,4206.1,4323.53,4575.60
880,easy,12,13:34:03,14:44:34,14:45:18,COMPLETED,24842.0,747.9,4231.43,4275.97
881,easy,12,13:34:04,14:44:47,14:45:56,COMPLETED,32420.0,1167.3,4243.21,4312.96
910,easy,11,13:35:00,14:45:12,14:45:56,COMPLETED,29992.0,744.5,4212.60,4256.96
708,hard,15,12:34:38,13:09:05,14:46:22,COMPLETED,21767.0,97287.4,2067.20,7904.30
1006,easy,12,13:35:14,14:45:18,14:46:22,COMPLETED,27291.0,1060.6,4204.97,4268.30
914,medium,13,13:33:04,14:43:56,14:47:06,COMPLETED,32091.0,3181.9,4252.05,4442.68
890,easy,12,13:36:14,14:46:03,14:47:13,COMPLETED,31849.0,1167.1,4189.30,4259.02
975,easy,12,13:35:46,14:46:03,14:47:32,COMPLETED,36808.0,1484.3,4217.30,4306.07
1019,medium,14,13:30:01,14:41:52,14:47:57,COMPLETED,28690.0,6091.5,4311.28,4676.46
893,easy,12,13:37:34,14:48:03,14:48:54,COMPLETED,26635.0,848.2,4229.86,4280.40
894,medium,13,13:37:20,14:47:13,14:49:07,COMPLETED,28148.0,1908.6,4193.02,4307.23
942,medium,13,13:30:19,14:42:38,14:51:38,COMPLETED,39435.0,9015.0,4339.24,4879.88
870,medium,14,13:36:24,14:46:28,14:54:49,COMPLETED,30600.0,8347.9,4204.64,4705.06
701,hard,15,12:48:16,13:36:03,14:55:41,COMPLETED,24783.0,79634.3,2867.39,7645.29
922,easy,11,13:37:49,14:55:47,14:55:53,COMPLETED,28301.0,114.6,4678.62,4684.98
869,medium,14,13:37:24,14:47:19,14:57:04,COMPLETED,25939.0,9757.5,4195.40,4780.41
866,medium,13,13:37:42,14:51:45,14:58:01,COMPLETED,33449.0,6277.3,4443.21,4819.56
935,medium,13,13:27:26,14:39:42,14:58:20,COMPLETED,38777.0,18638.5,4336.51,5454.58
951,medium,14,13:37:25,14:47:38,14:58:20,COMPLETED,24997.0,10707.8,4213.40,4855.58
958,medium,14,13:20:59,14:30:43,14:58:26,COMPLETED,30142.0,27721.3,4184.98,5847.92
972,easy,12,13:39:11,14:58:26,14:58:39,COMPLETED,30567.0,220.1,4755.92,4768.83
994,easy,12,13:39:47,14:58:46,14:58:58,COMPLETED,30548.0,217.5,4739.16,4751.91
913,easy,11,13:39:14,14:58:26,14:59:17,COMPLETED,28415.0,854.0,4752.92,4803.92
852,easy,11,13:41:19,14:59:05,14:59:36,COMPLETED,26276.0,533.1,4666.23,4697.91
741,hard,15,12:15:10,12:29:32,15:00:08,COMPLETED,33899.0,150604.1,862.41,9898.53
961,medium,14,13:37:36,14:49:00,15:00:08,COMPLETED,29391.0,11133.5,4284.79,4952.53
908,medium,13,13:39:31,14:58:33,15:00:52,COMPLETED,33108.0,2328.6,4742.39,4881.82
923,medium,13,13:37:45,14:54:55,15:05:14,COMPLETED,33170.0,10319.5,4630.61,5249.35
929,medium,14,13:36:28,14:46:28,15:07:41,COMPLETED,31669.0,21215.0,4200.64,5473.18
999,easy,11,13:44:20,15:07:47,15:08:00,COMPLETED,30265.0,220.0,5007.73,5020.58
1013,medium,14,13:44:10,15:05:20,15:08:06,COMPLETED,26234.0,2779.1,4870.85,5036.95
998,easy,11,13:45:44,15:08:06,15:08:20,COMPLETED,24476.0,229.6,4942.95,4956.29
920,medium,14,13:22:07,14:33:57,15:08:26,COMPLETED,34270.0,34496.9,4310.26,6379.78
983,easy,11,13:46:25,15:08:26,15:08:33,COMPLETED,29447.0,114.6,4921.78,4928.22
907,hard,15,13:32:46,14:43:49,15:09:05,COMPLETED,35694.0,25266.3,4263.51,5779.19
916,medium,14,13:38:51,14:57:10,15:10:02,COMPLETED,26539.0,12869.0,4699.91,5471.80
960,easy,11,13:47:46,15:10:09,15:10:47,COMPLETED,29086.0,637.9,4943.13,4981.10
1002,easy,12,13:47:55,15:10:53,15:11:18,COMPLETED,28788.0,428.7,4978.43,5003.84
928,medium,13,13:29:44,14:41:26,15:12:15,COMPLETED,40525.0,30828.1,4302.40,6151.85
986,medium,13,13:48:14,15:11:25,15:12:41,COMPLETED,29675.0,1272.0,4991.17,5067.17
887,easy,12,13:48:36,15:12:22,15:14:29,COMPLETED,25030.0,2134.2,5026.18,5153.84
1017,medium,14,13:48:37,15:12:47,15:15:02,COMPLETED,30079.0,2249.7,5050.52,5185.19
919,medium,14,13:44:05,15:00:59,15:18:28,COMPLETED,24157.0,17500.9,4614.15,5663.93
979,easy,12,13:50:03,15:18:35,15:18:48,COMPLETED,28211.0,229.0,5312.26,5325.44
925,medium,13,13:39:01,14:58:07,15:19:01,COMPLETED,42027.0,20903.0,4746.89,6000.65
997,easy,12,13:49:20,15:15:08,15:19:01,COMPLETED,25425.0,3893.9,5148.54,5381.65
903,easy,12,13:50:27,15:18:55,15:19:08,COMPLETED,24330.0,231.7,5308.04,5321.22
901,easy,11,13:50:32,15:19:08,15:19:21,COMPLETED,27571.0,228.5,5316.22,5329.64
984,easy,11,13:50:45,15:19:15,15:19:27,COMPLETED,28540.0,225.8,5310.02,5322.97
878,easy,12,13:51:00,15:19:27,15:19:41,COMPLETED,25692.0,226.3,5307.97,5321.26
945,easy,12,13:50:41,15:19:08,15:19:53,COMPLETED,30093.0,766.9,5307.22,5352.99
989,easy,12,13:51:32,15:19:47,15:20:25,COMPLETED,27392.0,640.1,5295.58,5333.68
957,hard,15,13:10:31,14:12:27,15:20:32,COMPLETED,37178.0,68083.8,3716.22,7801.03
850,medium,13,13:26:14,14:39:22,15:21:10,COMPLETED,49776.0,41787.9,4388.88,6896.02
1011,easy,12,13:52:29,15:21:16,15:21:29,COMPLETED,22765.0,216.2,5327.35,5340.02
993,easy,11,13:52:47,15:21:35,15:21:48,COMPLETED,30952.0,216.4,5328.35,5341.03
898,easy,11,13:53:00,15:21:54,15:22:00,COMPLETED,21488.0,111.1,5334.36,5340.71
896,medium,14,13:47:42,15:09:11,15:23:16,COMPLETED,36926.0,14086.5,4889.60,5734.51
967,medium,13,13:52:24,15:20:38,15:23:16,COMPLETED,28098.0,2640.2,5294.41,5452.51
547,hard,15,11:08:21,11:09:17,15:23:35,COMPLETED,37043.0,254297.9,56.78,15314.59
891,medium,13,13:51:51,15:20:32,15:23:54,COMPLETED,33640.0,3380.7,5321.03,5523.58
915,easy,12,13:53:09,15:22:07,15:24:00,COMPLETED,31965.0,1903.6,5338.05,5451.92
930,easy,11,13:55:55,15:24:07,15:24:13,COMPLETED,21430.0,111.3,5292.31,5298.68
877,easy,12,13:53:25,15:23:22,15:24:26,COMPLETED,28490.0,1064.3,5397.85,5461.37
927,easy,11,13:55:58,15:24:20,15:24:26,COMPLETED,27160.0,112.3,5302.01,5308.37
966,medium,14,13:42:58,15:00:14,15:25:05,COMPLETED,31890.0,24840.1,4636.86,6127.02
862,medium,14,13:54:57,15:23:41,15:25:18,COMPLETED,31225.0,1609.4,5324.91,5421.01
944,easy,11,13:56:25,15:25:24,15:25:37,COMPLETED,30788.0,225.4,5339.55,5352.53
805,hard,15,12:27:49,13:02:47,15:25:44,COMPLETED,31376.0,142954.1,2098.04,10675.11
909,easy,11,13:56:32,15:25:44,15:25:56,COMPLETED,27605.0,217.2,5352.11,5364.84
985,medium,13,13:56:10,15:25:11,15:26:35,COMPLETED,29421.0,1404.7,5341.40,5425.18
884,medium,13,13:54:02,15:23:22,15:27:07,COMPLETED,39086.0,3758.9,5360.85,5585.99
965,easy,12,13:59:02,15:27:14,15:28:18,COMPLETED,36635.0,1082.8,5292.48,5356.94
1063,easy,11,14:00:05,15:28:25,15:28:32,COMPLETED,25319.0,118.6,5300.49,5307.12
860,medium,13,13:51:33,15:20:00,15:30:41,COMPLETED,38452.0,10699.3,5307.38,5948.91
570,hard,15,11:41:48,11:48:13,15:31:13,COMPLETED,38172.0,223008.9,385.37,13765.79
1068,easy,11,14:00:40,15:31:20,15:31:32,COMPLETED,29114.0,216.4,5440.21,5452.89
773,hard,15,12:55:58,13:51:24,15:32:23,COMPLETED,31888.0,100984.3,3326.63,9385.54
992,medium,14,13:56:02,15:24:32,15:32:36,COMPLETED,30536.0,8062.2,5310.77,5794.24
941,hard,15,13:12:27,14:14:21,15:32:48,COMPLETED,33705.0,78452.4,3714.95,8421.93
1079,easy,11,14:01:42,15:32:42,15:33:01,COMPLETED,22606.0,322.4,5460.57,5479.61
1099,easy,11,14:02:01,15:32:55,15:33:07,COMPLETED,23786.0,217.4,5454.26,5466.94
1123,medium,14,14:00:23,15:28:38,15:33:14,COMPLETED,27335.0,4600.1,5295.65,5571.33
1024,easy,11,14:02:23,15:33:07,15:33:14,COMPLETED,21621.0,112.4,5444.94,5451.33
946,medium,13,13:56:02,15:24:32,15:33:20,COMPLETED,25727.0,8804.0,5310.77,5838.71
1179,easy,12,14:02:43,15:33:20,15:33:27,COMPLETED,27144.0,112.4,5437.71,5444.12
1159,easy,12,14:02:29,15:33:14,15:33:52,COMPLETED,27233.0,640.5,5445.33,5483.47
1166,easy,12,14:03:03,15:33:27,15:33:52,COMPLETED,29598.0,427.7,5424.12,5449.47
1113,easy,12,14:03:22,15:33:33,15:34:05,COMPLETED,27277.0,533.2,5411.49,5443.19
1055,easy,12,14:04:11,15:33:58,15:34:55,COMPLETED,34069.0,955.9,5387.81,5444.90
1139,easy,12,14:04:24,15:34:11,15:35:02,COMPLETED,26164.0,851.1,5387.52,5438.23
859,medium,14,13:46:11,15:08:13,15:35:27,COMPLETED,34743.0,27236.3,4922.65,6556.59
1180,easy,12,14:05:17,15:35:02,15:35:27,COMPLETED,25471.0,427.9,5385.23,5410.59
1189,medium,13,14:01:18,15:31:39,15:35:46,COMPLETED,32551.0,4130.0,5421.22,5668.73
895,medium,14,13:11:12,14:13:11,15:36:45,COMPLETED,32265.0,83558.7,3719.70,8733.05
1029,medium,13,14:03:39,15:33:58,15:38:28,COMPLETED,32845.0,4503.0,5419.81,5689.53
1122,easy,11,14:06:14,15:38:35,15:38:48,COMPLETED,29279.0,223.8,5541.07,5554.21
1009,hard,15,13:57:31,15:26:03,15:39:00,COMPLETED,29013.0,12969.2,5312.17,6089.89
1061,medium,13,14:05:48,15:35:33,15:39:07,COMPLETED,29300.0,3569.5,5385.93,5599.45
1187,easy,11,14:07:36,15:39:14,15:39:46,COMPLETED,26033.0,546.1,5498.18,5530.44
733,hard,15,12:06:48,12:21:47,15:41:30,COMPLETED,36236.0,199722.3,899.11,12882.27
1149,easy,12,14:07:22,15:38:54,15:41:36,COMPLETED,17324.0,2715.4,5492.53,5654.84
1066,easy,12,14:07:39,15:39:52,15:41:43,COMPLETED,26904.0,1847.8,5533.99,5644.51
1145,medium,14,14:05:36,15:35:08,15:42:02,COMPLETED,32094.0,6904.2,5372.61,5786.57
1125,easy,12,14:08:58,15:42:08,15:42:53,COMPLETED,34535.0,745.2,5590.92,5635.32
450,hard,15,10:27:02,10:28:18,15:43:37,COMPLETED,35454.0,315329.7,76.02,18995.77
1073,easy,12,14:09:22,15:42:59,15:43:37,COMPLETED,27906.0,640.4,5617.65,5655.77
1022,easy,12,14:09:57,15:43:44,15:44:03,COMPLETED,31705.0,322.5,5627.11,5646.16
1138,medium,13,14:08:45,15:41:49,15:44:28,COMPLETED,31215.0,2649.7,5584.89,5743.57
1070,medium,14,14:09:46,15:43:44,15:45:50,COMPLETED,25840.0,2115.6,5638.11,5764.75
1169,easy,11,14:10:21,15:45:57,15:47:19,COMPLETED,35436.0,1385.4,5736.08,5818.66
1153,easy,12,14:10:38,15:47:26,15:48:17,COMPLETED,20457.0,869.8,5808.24,5859.94
1046,easy,12,14:11:15,15:48:24,15:48:37,COMPLETED,29080.0,219.3,5829.46,5842.14
1168,medium,13,14:07:27,15:39:07,15:50:14,COMPLETED,28119.0,11117.5,5500.45,6167.05
1103,medium,13,14:12:31,15:48:43,15:52:16,COMPLETED,27854.0,3562.4,5772.65,5985.90
1152,easy,12,14:13:25,15:52:23,15:53:39,COMPLETED,20762.0,1278.3,5938.45,6014.85
933,hard,15,13:42:46,15:00:14,15:55:52,COMPLETED,31904.0,55632.6,4648.86,7986.60
714,hard,15,12:08:26,12:23:05,15:56:43,COMPLETED,30048.0,213631.4,879.39,13697.19
886,hard,15,13:31:01,14:43:23,15:58:24,COMPLETED,34635.0,75028.9,4342.12,8843.72
953,hard,15,13:55:08,15:24:00,15:58:24,COMPLETED,32796.0,34401.3,5332.92,7396.72
1064,easy,12,14:14:32,15:58:31,15:59:15,COMPLETED,26193.0,743.4,6239.09,6283.39
948,hard,15,13:41:28,14:59:24,15:59:21,COMPLETED,28570.0,59962.1,4676.24,8273.73
1162,easy,12,14:15:06,15:59:28,16:00:12,COMPLETED,30531.0,746.8,6262.10,6306.55
1044,easy,12,14:15:04,15:59:21,16:00:18,COMPLETED,31677.0,960.2,6257.73,6314.94
1076,medium,14,14:06:07,15:35:53,16:00:31,COMPLETED,25888.0,24650.1,5386.06,6864.79
1067,easy,11,14:16:31,16:00:38,16:00:44,COMPLETED,24219.0,112.8,6247.16,6253.57
938,medium,14,13:03:46,14:01:13,16:00:57,COMPLETED,34565.0,119730.6,3447.69,10631.37
1104,easy,11,14:17:34,16:00:50,16:00:57,COMPLETED,28475.0,112.9,6196.96,6203.37
1132,medium,13,14:17:45,16:01:03,16:01:41,COMPLETED,26508.0,642.9,6198.76,6236.98
1172,hard,15,14:08:17,15:41:43,16:04:15,COMPLETED,33480.0,22539.4,5606.51,6958.46
1053,medium,13,14:18:50,16:01:48,16:05:52,COMPLETED,23353.0,4071.0,6178.37,6422.28
857,medium,14,13:51:02,15:19:34,16:06:49,COMPLETED,28748.0,47250.3,5312.63,8147.41
1157,easy,12,14:19:01,16:05:58,16:07:46,COMPLETED,31672.0,1805.2,6417.67,6525.66
841,hard,15,12:19:17,12:36:24,16:08:43,COMPLETED,30330.0,212318.0,1027.60,13766.58
1110,easy,11,14:20:53,16:08:49,16:08:56,COMPLETED,26581.0,111.0,6476.91,6483.27
1000,hard,15,13:15:01,14:23:09,16:10:37,COMPLETED,29977.0,107473.1,4088.13,10536.38
1077,medium,13,14:19:38,16:07:53,16:10:37,COMPLETED,25707.0,2744.9,6495.02,6659.38
1050,medium,13,14:19:17,16:06:55,16:11:02,COMPLETED,30400.0,4123.8,6458.78,6705.92
947,hard,15,13:22:53,14:34:28,16:12:19,COMPLETED,27547.0,97839.1,4295.97,10166.16
1148,medium,13,14:21:07,16:09:02,16:12:31,COMPLETED,29536.0,3492.2,6475.59,6684.84
824,hard,15,12:39:55,13:17:50,16:12:57,COMPLETED,31631.0,175112.3,2276.00,12782.62
1095,easy,12,14:21:50,16:12:38,16:12:57,COMPLETED,31364.0,329.8,6648.17,6667.62
1102,easy,11,14:22:21,16:13:03,16:13:16,COMPLETED,26672.0,216.1,6642.99,6655.69
868,hard,15,13:48:55,15:14:36,16:13:23,COMPLETED,37188.0,58785.8,5141.28,8668.02
1078,easy,12,14:21:07,16:10:43,16:13:49,COMPLETED,35807.0,3100.6,6576.74,6762.29
1188,easy,12,14:21:39,16:10:43,16:14:02,COMPLETED,28812.0,3312.6,6544.74,6743.21
1135,easy,12,14:22:26,16:13:29,16:14:02,COMPLETED,22510.0,548.6,6663.66,6696.21
1041,easy,12,14:22:22,16:13:23,16:14:27,COMPLETED,39678.0,1091.5,6661.02,6725.99
1056,easy,12,14:23:23,16:14:08,16:15:20,COMPLETED,20886.0,1199.7,6645.62,6717.16
1164,easy,12,14:24:25,16:15:26,16:15:52,COMPLETED,28601.0,435.9,6661.69,6687.47
1119,easy,11,14:24:35,16:15:58,16:16:18,COMPLETED,25880.0,333.9,6683.88,6703.42
885,hard,15,13:34:17,14:44:59,16:16:44,COMPLETED,29123.0,91749.9,4242.90,9747.64
1075,easy,11,14:25:36,16:16:51,16:17:04,COMPLETED,30483.0,229.0,6675.18,6688.29
1115,hard,15,14:15:53,16:00:18,16:18:46,COMPLETED,31024.0,18457.3,6265.94,7373.13
1130,easy,12,14:25:51,16:18:52,16:19:05,COMPLETED,24333.0,218.3,6781.45,6794.19
1043,easy,12,14:24:47,16:16:24,16:19:30,COMPLETED,33551.0,3100.4,6697.96,6883.63
1121,easy,12,14:26:14,16:19:11,16:19:49,COMPLETED,28376.0,641.3,6777.58,6815.71
1146,easy,12,14:26:25,16:19:37,16:20:08,COMPLETED,29633.0,536.3,6792.03,6823.88
1045,easy,12,14:26:32,16:19:56,16:20:27,COMPLETED,27954.0,537.0,6804.10,6835.95
1156,easy,11,14:27:16,16:20:15,16:20:27,COMPLETED,25564.0,218.3,6779.24,6791.95
1074,medium,13,14:23:08,16:14:08,16:22:41,COMPLETED,33927.0,8556.8,6660.62,7173.54
1158,easy,12,14:27:38,16:22:48,16:23:14,COMPLETED,28261.0,440.7,6910.10,6936.20
1081,hard,15,14:09:59,15:44:09,16:24:25,COMPLETED,34518.0,40272.4,5650.52,8066.50
1127,medium,13,14:21:44,16:12:25,16:24:58,COMPLETED,34611.0,12553.1,6641.49,7394.15
1098,medium,14,14:27:29,16:20:34,16:27:46,COMPLETED,32381.0,7205.5,6785.36,7217.23
394,hard,15,10:12:52,10:12:54,16:29:22,COMPLETED,45654.0,376463.0,2.34,22590.10
1176,easy,11,14:29:11,16:29:28,16:29:47,COMPLETED,26839.0,322.0,7217.43,7236.45
1048,easy,11,14:29:53,16:29:53,16:30:12,COMPLETED,31115.0,323.9,7200.78,7219.91
899,medium,13,13:42:35,14:59:43,16:31:35,COMPLETED,36621.0,91867.1,4628.24,10140.11
1032,medium,14,14:27:34,16:20:34,16:31:35,COMPLETED,30960.0,11016.6,6780.36,7441.11
1036,easy,11,14:31:15,16:31:41,16:31:54,COMPLETED,26578.0,217.7,7226.44,7239.15
1094,easy,11,14:31:22,16:32:00,16:32:06,COMPLETED,19257.0,111.8,7238.53,7244.90
1126,easy,11,14:31:30,16:32:13,16:32:44,COMPLETED,29548.0,532.3,7243.27,7274.90
1186,easy,12,14:31:16,16:31:41,16:32:57,COMPLETED,28985.0,1273.5,7225.44,7301.58
1106,easy,11,14:31:48,16:32:51,16:32:57,COMPLETED,23142.0,111.3,7263.23,7269.58
1038,medium,13,14:30:38,16:30:19,16:33:10,COMPLETED,30857.0,2856.7,7181.23,7352.33
1027,easy,11,14:32:29,16:33:03,16:33:10,COMPLETED,26799.0,111.5,7234.93,7241.33
1109,easy,11,14:31:58,16:33:03,16:33:16,COMPLETED,24756.0,218.6,7265.93,7278.68
1105,easy,12,14:28:32,16:24:32,16:33:29,COMPLETED,34707.0,8965.1,6960.06,7497.69
1137,easy,11,14:34:25,16:33:36,16:33:42,COMPLETED,29386.0,118.4,7151.02,7157.63
1092,easy,12,14:32:53,16:33:16,16:35:00,COMPLETED,28052.0,1730.9,7223.68,7327.14
1118,medium,13,14:23:04,16:13:55,16:35:58,COMPLETED,31587.0,22048.1,6651.86,7974.29
1124,easy,12,14:35:33,16:36:04,16:36:56,COMPLETED,30640.0,867.8,7231.85,7283.43
1057,medium,13,14:32:58,16:33:16,16:37:09,COMPLETED,25558.0,3885.6,7218.68,7451.57
1004,medium,14,13:56:55,15:25:50,16:37:15,COMPLETED,29340.0,71430.5,5335.48,9620.89
1101,easy,11,14:35:48,16:37:15,16:37:22,COMPLETED,25152.0,121.7,7287.89,7294.57
1035,easy,11,14:36:56,16:37:22,16:37:35,COMPLETED,29280.0,229.9,7226.57,7239.89
1020,easy,12,14:36:58,16:37:29,16:38:40,COMPLETED,27143.0,1199.1,7231.25,7302.86
1093,medium,13,14:35:46,16:37:02,16:38:53,COMPLETED,35462.0,1851.7,7276.97,7387.59
400,hard,15,10:49:44,10:53:56,16:39:19,COMPLETED,27662.0,345393.3,252.15,20975.68
1060,medium,14,14:35:01,16:35:06,16:40:54,COMPLETED,27043.0,5804.6,7205.57,7553.56
1021,hard,15,14:34:17,16:33:23,16:41:00,COMPLETED,32678.0,7635.7,7146.08,7603.90
1107,medium,13,14:37:24,16:39:00,16:42:23,COMPLETED,24611.0,3392.9,7296.13,7499.35
1039,medium,14,14:38:13,16:39:26,16:42:36,COMPLETED,31059.0,3173.9,7273.08,7463.18
1182,easy,11,14:39:53,16:42:42,16:42:55,COMPLETED,26651.0,219.3,7369.57,7382.34
1037,medium,13,14:39:19,16:42:29,16:43:27,COMPLETED,32352.0,959.9,7390.75,7448.04
1175,medium,13,14:39:02,16:41:07,16:43:58,COMPLETED,28245.0,2862.0,7325.29,7496.71
1134,hard,15,14:37:05,16:38:47,16:45:40,COMPLETED,25262.0,6902.3,7302.23,7715.89
904,hard,15,13:21:40,14:31:55,16:45:54,COMPLETED,42132.0,133980.2,4215.44,12254.03
1090,easy,11,14:41:09,16:46:00,16:46:07,COMPLETED,26591.0,112.7,7491.58,7498.04
1062,easy,11,14:40:43,16:45:47,16:46:13,COMPLETED,29800.0,438.5,7504.44,7530.36
483,hard,15,10:49:03,10:51:52,16:46:32,COMPLETED,35733.0,354680.3,169.19,21449.92
1087,easy,12,14:41:13,16:46:13,16:46:39,COMPLETED,31104.0,444.6,7500.36,7526.46
1173,easy,12,14:41:31,16:46:39,16:47:11,COMPLETED,28764.0,545.5,7508.46,7540.66
1047,hard,15,14:14:46,15:58:31,16:48:10,COMPLETED,33192.0,49653.9,6225.09,9204.01
1114,medium,14,14:25:47,16:17:10,16:48:16,COMPLETED,34772.0,31101.4,6683.97,8549.56
1178,medium,14,14:28:46,16:25:04,16:48:23,COMPLETED,23214.0,23315.5,6978.78,8377.20
1085,easy,11,14:44:18,16:48:29,16:48:42,COMPLETED,24975.0,223.8,7451.86,7464.99
1026,easy,11,14:44:31,16:48:49,16:48:55,COMPLETED,25291.0,117.2,7458.31,7464.94
1086,easy,12,14:41:19,16:46:19,16:50:00,COMPLETED,16987.0,3685.8,7500.79,7721.50
1025,medium,14,14:38:21,16:41:00,16:50:32,COMPLETED,31844.0,9536.6,7359.90,7931.84
1165,medium,14,14:21:39,16:11:09,16:50:51,COMPLETED,28702.0,39713.9,6570.25,8952.83
533,hard,15,11:09:29,11:11:43,16:51:04,COMPLETED,41429.0,339353.6,134.46,20495.60
1143,easy,12,14:47:48,16:51:10,16:51:30,COMPLETED,34434.0,322.4,7402.96,7422.00
1116,medium,13,14:46:55,16:50:39,16:52:39,COMPLETED,24666.0,2014.4,7424.16,7544.74
1082,easy,12,14:47:38,16:50:58,16:52:46,COMPLETED,34911.0,1803.6,7400.21,7508.07
1151,easy,11,14:49:35,16:52:52,16:52:58,COMPLETED,26301.0,111.4,7397.47,7403.84
1028,easy,12,14:49:08,16:52:46,16:53:05,COMPLETED,29726.0,324.5,7418.07,7437.18
1012,medium,13,13:46:27,15:08:33,16:53:11,COMPLETED,40573.0,104642.2,4926.22,11204.56
1054,easy,11,14:49:38,16:53:05,16:53:17,COMPLETED,30879.0,218.5,7407.18,7419.95
1080,hard,15,14:40:00,16:43:01,16:54:27,COMPLETED,33464.0,11435.0,7381.75,8067.59
246,hard,15,09:59:29,09:59:31,16:56:42,COMPLETED,32640.0,417182.6,2.16,25033.08
1031,easy,11,14:52:01,16:56:48,16:57:01,COMPLETED,23060.0,219.8,7487.62,7500.52
1167,medium,14,14:46:50,16:50:07,16:57:26,COMPLETED,32421.0,7336.8,7397.03,7836.97
1033,easy,12,14:52:04,16:57:07,16:57:46,COMPLETED,28481.0,651.2,7503.84,7542.41
1177,easy,12,14:53:44,16:57:33,16:57:52,COMPLETED,25415.0,336.8,7429.30,7448.96
1088,hard,15,14:37:01,16:37:42,16:58:57,COMPLETED,31380.0,21260.6,7241.42,8516.70
1160,easy,12,14:55:05,16:59:04,17:00:15,COMPLETED,31074.0,1198.9,7439.15,7510.78
1065,medium,13,14:49:59,16:53:17,17:01:00,COMPLETED,35338.0,7718.2,7398.95,7861.57
1161,medium,14,14:24:16,16:14:34,17:01:13,COMPLETED,32649.0,46656.9,6618.58,9417.71
411,hard,15,10:42:14,10:42:17,17:01:20,COMPLETED,36039.0,379051.0,3.23,22746.15
1147,easy,11,14:55:26,17:01:07,17:01:20,COMPLETED,21827.0,228.5,7541.12,7554.15
1150,easy,11,14:56:18,17:01:26,17:01:39,COMPLETED,29667.0,220.8,7508.89,7521.83
710,hard,15,12:53:43,13:50:27,17:01:46,COMPLETED,27300.0,191313.4,3404.55,14883.22
1100,easy,11,14:56:17,17:01:26,17:01:46,COMPLETED,29004.0,328.4,7509.89,7529.22
1136,easy,11,14:56:45,17:01:46,17:01:59,COMPLETED,31368.0,219.2,7501.22,7514.05
1049,medium,14,14:51:18,16:54:33,17:02:05,COMPLETED,32016.0,7529.7,7395.94,7847.41
1129,easy,11,14:58:10,17:02:05,17:02:24,COMPLETED,30312.0,323.7,7435.41,7454.53
691,hard,15,12:55:00,13:50:52,17:05:46,COMPLETED,31320.0,194901.3,3352.88,15046.87
1096,hard,15,14:42:50,16:47:18,17:06:43,COMPLETED,25424.0,19430.0,7468.25,8633.82
1040,hard,15,14:06:01,15:35:33,17:07:34,COMPLETED,31327.0,92009.7,5372.93,10893.41
1181,medium,14,14:54:22,16:57:59,17:08:18,COMPLETED,26231.0,10323.2,7417.55,8036.67
1128,easy,12,14:58:57,17:06:50,17:08:18,COMPLETED,29480.0,1480.7,7673.15,7761.67
1141,medium,13,14:55:33,17:01:20,17:08:31,COMPLETED,29505.0,7193.0,7547.15,7978.42
1260,easy,11,15:00:19,17:08:37,17:08:44,COMPLETED,22313.0,111.1,7698.81,7705.17
1120,easy,12,14:58:55,17:05:53,17:08:56,COMPLETED,34512.0,3065.5,7618.21,7801.85
1142,easy,12,14:59:12,17:07:40,17:09:09,COMPLETED,32670.0,1484.9,7708.74,7797.54
1163,medium,14,14:28:54,16:27:52,17:09:28,COMPLETED,29179.0,41599.7,7138.76,9634.55
1117,medium,13,14:58:01,17:01:52,17:09:28,COMPLETED,26607.0,7602.4,7431.63,7887.55
1198,easy,12,15:01:08,17:09:03,17:09:28,COMPLETED,23968.0,427.9,7675.19,7700.55
1266,easy,12,15:01:28,17:09:34,17:10:00,COMPLETED,25956.0,429.0,7686.89,7712.27
1213,easy,12,15:02:38,17:09:34,17:10:13,COMPLETED,31331.0,639.4,7616.89,7655.03
897,hard,15,13:04:50,14:03:20,17:10:32,COMPLETED,35127.0,187192.3,3510.58,14742.03
1216,easy,12,15:02:50,17:10:06,17:10:32,COMPLETED,30726.0,427.9,7636.68,7662.03
1268,easy,11,15:03:53,17:10:19,17:10:32,COMPLETED,27384.0,216.7,7586.36,7599.03
1042,hard,15,14:02:48,15:33:20,17:10:38,COMPLETED,33924.0,97297.7,5432.71,11270.38
1223,medium,13,15:01:44,17:09:34,17:10:44,COMPLETED,22300.0,1170.0,7670.89,7740.80
1084,medium,13,14:59:14,17:08:25,17:10:51,COMPLETED,28153.0,2441.5,7751.02,7897.18
1289,easy,11,15:04:00,17:10:38,17:10:57,COMPLETED,25153.0,325.5,7598.38,7617.58
1305,easy,11,15:04:13,17:10:38,17:11:10,COMPLETED,30870.0,536.8,7585.38,7617.37
1229,easy,11,15:04:44,17:10:51,17:11:10,COMPLETED,28267.0,324.9,7567.18,7586.37
1233,easy,12,15:04:45,17:10:57,17:11:16,COMPLETED,28405.0,324.9,7572.58,7591.71
1185,medium,14,14:42:29,16:46:46,17:11:29,COMPLETED,34311.0,24728.0,7457.09,8940.52
1317,easy,12,15:06:43,17:11:16,17:11:35,COMPLETED,26040.0,326.2,7473.71,7492.90
1131,medium,14,14:18:51,16:04:22,17:11:42,COMPLETED,38035.0,67342.8,6331.00,10371.33
1089,medium,14,14:51:16,16:53:24,17:11:48,COMPLETED,38097.0,18411.4,7328.32,8432.72
1207,medium,14,15:00:29,17:08:50,17:11:55,COMPLETED,21532.0,3082.2,7701.49,7886.11
939,hard,15,13:15:12,14:24:06,17:12:07,COMPLETED,38017.0,168031.7,4134.05,14215.86
1246,easy,12,15:06:00,17:11:04,17:12:14,COMPLETED,28164.0,1175.0,7504.00,7574.19
1204,easy,12,15:08:16,17:11:23,17:12:20,COMPLETED,26218.0,962.8,7387.11,7444.56
1228,easy,12,15:08:35,17:11:35,17:12:33,COMPLETED,23677.0,961.2,7380.90,7438.30
1334,easy,11,15:09:01,17:11:42,17:12:39,COMPLETED,35707.0,960.4,7361.33,7418.64
1322,easy,12,15:09:37,17:11:55,17:12:52,COMPLETED,24833.0,966.1,7338.11,7395.60
1300,easy,11,15:11:48,17:12:39,17:12:52,COMPLETED,27253.0,225.2,7251.64,7264.60
1291,easy,12,15:10:12,17:12:20,17:13:05,COMPLETED,29417.0,763.4,7328.56,7373.89
1311,easy,12,15:10:36,17:12:26,17:13:12,COMPLETED,32424.0,763.9,7310.94,7356.44
1211,easy,12,15:13:08,17:12:59,17:13:18,COMPLETED,29294.0,337.8,7191.19,7210.82
1340,easy,11,15:03:57,17:10:38,17:13:25,COMPLETED,40146.0,2791.4,7601.38,7768.53
1288,easy,12,15:12:15,17:12:46,17:13:38,COMPLETED,27146.0,876.8,7231.01,7283.31
1298,medium,13,15:15:39,17:13:18,17:13:38,COMPLETED,24352.0,330.8,7059.82,7079.31
821,hard,15,12:27:30,13:01:23,17:13:44,COMPLETED,36175.0,252359.2,2033.47,17174.72
1235,easy,11,15:16:13,17:13:31,17:13:44,COMPLETED,23174.0,225.0,7038.95,7051.72
1201,easy,12,15:09:28,17:11:48,17:14:04,COMPLETED,34225.0,2273.2,7340.72,7476.69
1059,medium,14,14:43:45,16:48:16,17:14:17,COMPLETED,33183.0,26024.0,7471.56,9032.79
1250,easy,11,15:14:43,17:12:59,17:14:24,COMPLETED,41970.0,1419.6,7096.19,7181.15
1194,easy,11,15:17:52,17:14:11,17:14:55,COMPLETED,36343.0,749.6,6979.18,7023.87
1210,easy,12,15:17:27,17:13:51,17:15:08,COMPLETED,30779.0,1289.0,6984.51,7061.56
361,hard,15,10:43:14,10:43:15,17:15:14,COMPLETED,31827.0,391993.4,1.37,23520.90
1269,medium,13,15:10:12,17:12:14,17:15:14,COMPLETED,27844.0,3018.3,7322.19,7502.90
1338,easy,12,15:16:51,17:13:44,17:15:14,COMPLETED,26757.0,1508.6,7013.72,7103.90
1219,easy,12,15:18:40,17:14:30,17:15:14,COMPLETED,27196.0,747.1,6950.53,6994.90
1343,easy,11,15:18:42,17:15:02,17:15:14,COMPLETED,29204.0,219.6,6980.20,6992.90
1220,medium,13,15:14:58,17:13:12,17:15:27,COMPLETED,33939.0,2262.7,7094.44,7229.90
1242,easy,11,15:20:36,17:15:21,17:15:27,COMPLETED,27344.0,113.6,6885.41,6891.90
1355,easy,12,15:18:32,17:14:24,17:15:34,COMPLETED,28941.0,1175.6,6952.15,7022.30
1193,easy,11,15:18:58,17:15:14,17:15:34,COMPLETED,28374.0,330.0,6976.90,6996.30
1308,easy,11,15:21:03,17:15:34,17:15:40,COMPLETED,25858.0,114.4,6871.30,6877.75
1339,easy,12,15:19:17,17:15:21,17:15:47,COMPLETED,24844.0,436.1,6964.41,6990.22
1350,easy,12,15:21:34,17:15:34,17:16:12,COMPLETED,29940.0,646.2,6840.30,6878.79
1212,easy,11,15:22:41,17:15:47,17:16:12,COMPLETED,29820.0,432.5,6786.22,6811.79
1286,easy,12,15:21:48,17:15:40,17:16:25,COMPLETED,26606.0,753.6,6832.75,6877.65
1267,easy,11,15:23:41,17:16:19,17:16:32,COMPLETED,20469.0,218.5,6758.20,6771.01
1358,easy,11,15:24:03,17:16:38,17:17:10,COMPLETED,30015.0,531.9,6755.39,6787.01
1272,easy,12,15:21:00,17:15:21,17:17:16,COMPLETED,31286.0,1919.3,6861.41,6976.33
1290,easy,12,15:23:58,17:16:32,17:17:16,COMPLETED,22127.0,744.7,6754.01,6798.33
1347,medium,13,15:21:01,17:15:21,17:17:41,COMPLETED,35506.0,2341.6,6860.41,7000.75
861,hard,15,13:46:40,15:08:39,17:18:00,COMPLETED,35891.0,129353.1,4919.69,12680.77
1155,medium,13,14:57:24,17:01:52,17:18:32,COMPLETED,40493.0,16666.8,7468.63,8468.42
1278,easy,12,15:24:36,17:17:16,17:18:32,COMPLETED,29981.0,1273.0,6760.33,6836.42
1252,easy,12,15:26:32,17:18:07,17:18:45,COMPLETED,33636.0,639.6,6695.11,6733.15
1247,easy,11,15:27:00,17:18:38,17:18:51,COMPLETED,26481.0,218.0,6698.76,6711.52
1257,medium,13,15:22:12,17:15:40,17:19:23,COMPLETED,28161.0,3712.4,6808.75,7031.28
1359,easy,11,15:27:28,17:19:29,17:19:48,COMPLETED,27383.0,321.2,6721.61,6740.58
1261,medium,13,15:15:59,17:13:25,17:20:08,COMPLETED,34201.0,6713.5,7046.53,7449.04
1332,easy,12,15:25:29,17:17:22,17:20:20,COMPLETED,24629.0,2975.3,6713.72,6891.79
1277,easy,12,15:27:02,17:18:51,17:20:33,COMPLETED,31957.0,1715.0,6709.52,6811.95
1240,easy,11,15:28:40,17:20:27,17:20:33,COMPLETED,25231.0,118.9,6707.34,6713.95
1245,easy,12,15:26:10,17:17:48,17:20:40,COMPLETED,25677.0,2884.8,6698.09,6870.52
1091,hard,15,14:49:39,16:53:11,17:20:53,COMPLETED,36198.0,27709.9,7412.56,9074.93
1342,easy,11,15:29:18,17:20:40,17:20:53,COMPLETED,25811.0,227.8,6682.52,6695.93
1315,medium,14,15:20:49,17:15:21,17:21:07,COMPLETED,29947.0,5763.6,6872.41,7218.03
1295,easy,11,15:29:23,17:20:47,17:21:07,COMPLETED,32027.0,334.7,6684.26,6704.03
1301,easy,11,15:30:04,17:21:00,17:21:26,COMPLETED,26820.0,438.4,6656.31,6682.33
1097,medium,14,14:55:16,17:00:22,17:22:11,COMPLETED,31895.0,21821.7,7506.11,8815.04
1328,easy,12,15:30:34,17:21:13,17:22:17,COMPLETED,32292.0,1080.1,6639.38,6703.62
1209,medium,13,15:30:56,17:21:32,17:22:24,COMPLETED,25174.0,869.7,6636.66,6688.25
1292,medium,14,15:10:09,17:12:01,17:22:50,COMPLETED,31566.0,10818.8,7312.49,7961.39
1258,easy,11,15:31:55,17:22:56,17:23:29,COMPLETED,26335.0,547.9,6661.71,6694.29
1299,easy,11,15:32:36,17:23:35,17:24:14,COMPLETED,35455.0,660.8,6659.62,6698.77
1293,medium,13,15:00:07,17:08:25,17:24:46,COMPLETED,35738.0,16369.6,7698.02,8679.86
1283,medium,13,15:30:29,17:21:00,17:24:53,COMPLETED,30053.0,3893.1,6631.31,6864.41
1296,easy,12,15:31:18,17:22:17,17:25:00,COMPLETED,28961.0,2717.2,6659.62,6822.07
1259,medium,14,15:27:54,17:20:14,17:25:06,COMPLETED,30967.0,4876.9,6740.43,7032.73
1215,easy,11,15:35:44,17:25:06,17:25:13,COMPLETED,26501.0,111.8,6562.73,6569.10
1231,easy,11,15:35:58,17:25:13,17:25:19,COMPLETED,24806.0,116.5,6555.10,6561.47
1111,hard,15,14:10:10,15:44:34,17:25:39,COMPLETED,27402.0,101077.2,5664.91,11729.25
1325,easy,12,15:34:15,17:24:21,17:26:05,COMPLETED,23757.0,1738.9,6606.31,6710.36
1310,medium,14,15:07:42,17:11:16,17:26:30,COMPLETED,35462.0,15235.8,7414.71,8328.68
1208,easy,12,15:37:27,17:26:11,17:26:30,COMPLETED,35908.0,321.8,6524.69,6543.68
1330,easy,12,15:37:07,17:25:45,17:26:37,COMPLETED,30857.0,858.4,6518.87,6570.01
1352,medium,13,15:34:37,17:25:00,17:26:49,COMPLETED,24157.0,1832.8,6623.07,6732.76
1275,easy,11,15:37:54,17:26:37,17:27:08,COMPLETED,32686.0,534.4,6523.01,6554.77
1195,easy,11,15:37:58,17:26:37,17:27:27,COMPLETED,30150.0,851.0,6519.01,6569.78
1214,medium,14,15:17:49,17:13:51,17:27:40,COMPLETED,33233.0,13820.9,6962.51,7791.58
1249,medium,14,15:30:41,17:21:13,17:28:06,COMPLETED,28568.0,6882.2,6632.38,7045.06
1329,medium,13,15:36:40,17:25:26,17:28:37,COMPLETED,27784.0,3200.8,6526.14,6717.87
1356,medium,13,15:39:06,17:26:56,17:28:50,COMPLETED,27799.0,1914.7,6470.10,6584.65
1297,easy,12,15:41:52,17:28:57,17:29:22,COMPLETED,30285.0,428.9,6425.04,6450.44
1271,medium,13,15:40:10,17:27:34,17:29:54,COMPLETED,26012.0,2338.8,6444.16,6584.15
1285,easy,12,15:41:52,17:28:44,17:29:54,COMPLETED,26512.0,1171.3,6412.25,6482.15
1030,hard,15,14:00:29,15:30:48,17:30:13,COMPLETED,33178.0,119416.5,5419.42,12584.29
1239,easy,12,15:38:22,17:26:43,17:30:26,COMPLETED,35800.0,3715.3,6501.41,6724.06
1349,easy,12,15:42:36,17:30:19,17:30:45,COMPLETED,23334.0,429.1,6463.66,6489.10
1140,medium,14,14:06:14,15:36:51,17:31:17,COMPLETED,34787.0,114435.9,5437.39,12303.35
1058,hard,15,14:13:45,15:53:46,17:31:17,COMPLETED,30482.0,97524.2,6001.17,11852.35
1237,easy,11,15:43:21,17:30:51,17:31:17,COMPLETED,25235.0,441.6,6450.43,6476.35
1327,easy,11,15:43:24,17:31:23,17:32:09,COMPLETED,24777.0,765.8,6479.97,6525.41
580,hard,15,11:53:32,12:02:39,17:33:20,COMPLETED,27430.0,330695.7,547.22,20388.88
1335,medium,14,15:44:29,17:32:16,17:33:53,COMPLETED,24325.0,1626.0,6467.00,6564.27
1230,medium,13,15:31:43,17:22:30,17:34:18,COMPLETED,28300.0,11806.8,6647.90,7355.88
1303,medium,13,15:43:29,17:31:23,17:35:04,COMPLETED,32194.0,3682.1,6474.97,6695.71
1302,easy,12,15:45:12,17:35:11,17:35:43,COMPLETED,28230.0,542.3,6599.03,6631.26
1224,medium,14,15:39:26,17:27:15,17:37:58,COMPLETED,29775.0,10727.8,6469.12,7112.53
1221,medium,14,15:41:03,17:27:46,17:38:42,COMPLETED,36116.0,10936.4,6403.98,7059.91
1192,hard,15,15:27:51,17:19:54,17:39:58,COMPLETED,34192.0,20067.0,6723.91,7927.71
1196,medium,13,15:45:46,17:38:04,17:42:18,COMPLETED,28377.0,4229.1,6738.87,6992.14
1344,medium,14,15:22:49,17:15:53,17:44:58,COMPLETED,27519.0,29092.4,6784.64,8529.97
1112,hard,15,14:58:25,17:02:11,17:45:05,COMPLETED,23898.0,42899.1,7426.78,10000.30
1238,easy,11,15:47:01,17:45:05,17:45:44,COMPLETED,23336.0,657.6,7084.30,7123.27
1265,medium,13,15:46:23,17:42:24,17:46:23,COMPLETED,33118.0,3991.0,6961.68,7200.52
1341,easy,12,15:46:06,17:38:49,17:46:49,COMPLETED,35003.0,8009.4,6763.24,7243.46
1234,medium,14,15:27:18,17:18:57,17:47:02,COMPLETED,34959.0,28079.3,6699.90,8384.29
1197,easy,11,15:47:23,17:46:55,17:47:08,COMPLETED,29470.0,228.2,7172.84,7185.85
1313,easy,11,15:47:43,17:47:08,17:47:41,COMPLETED,25196.0,556.8,7165.85,7198.76
1331,easy,12,15:47:51,17:47:15,17:48:20,COMPLETED,22486.0,1090.7,7164.59,7229.65
1226,easy,12,15:47:57,17:47:48,17:48:20,COMPLETED,25718.0,545.5,7191.33,7223.65
1108,medium,14,14:46:12,16:49:02,17:48:39,COMPLETED,30557.0,59627.2,7370.39,10947.87
1320,easy,12,15:49:14,17:48:46,17:48:58,COMPLETED,25947.0,216.2,7172.21,7184.87
1333,medium,13,15:48:43,17:48:27,17:49:55,COMPLETED,24672.0,1481.7,7184.09,7272.75
1304,easy,12,15:49:24,17:49:05,17:50:27,COMPLETED,25844.0,1375.7,7181.20,7263.44
1191,hard,15,15:04:21,17:10:44,17:52:33,COMPLETED,24980.0,41820.7,7583.80,10092.86
1323,easy,11,15:50:02,17:52:40,17:52:52,COMPLETED,26793.0,216.4,7358.19,7370.86
1312,medium,14,15:42:29,17:30:00,17:53:05,COMPLETED,32569.0,23089.8,6451.56,7836.56
1282,easy,12,15:50:56,17:52:59,17:53:12,COMPLETED,26924.0,220.8,7323.20,7336.10
1319,easy,11,15:51:04,17:53:12,17:53:37,COMPLETED,37823.0,435.6,7328.10,7353.73
1309,medium,13,15:47:03,17:45:50,17:57:56,COMPLETED,30033.0,12098.0,7127.82,7853.22
1253,medium,13,15:51:39,17:53:18,17:58:41,COMPLETED,29169.0,5388.4,7299.47,7622.29
1227,medium,13,15:51:55,17:58:02,17:59:00,COMPLETED,23862.0,977.1,7567.79,7625.92
46,hard,15,08:10:59,08:11:03,18:00:00,UNFINISHED,-1,-1,-1
172,hard,15,09:34:50,09:34:52,18:00:00,UNFINISHED,-1,-1,-1
486,hard,15,10:07:45,10:07:49,18:00:00,UNFINISHED,-1,-1,-1
360,hard,15,10:35:45,10:35:49,18:00:00,UNFINISHED,-1,-1,-1
500,hard,15,10:47:28,10:49:17,18:00:00,UNFINISHED,-1,-1,-1
417,hard,15,10:48:49,10:51:26,18:00:00,UNFINISHED,-1,-1,-1
662,hard,15,11:08:42,11:10:33,18:00:00,UNFINISHED,-1,-1,-1
647,hard,15,11:33:41,11:40:13,18:00:00,UNFINISHED,-1,-1,-1
569,hard,15,11:34:03,11:41:11,18:00:00,UNFINISHED,-1,-1,-1
828,hard,15,12:05:44,12:18:29,18:00:00,UNFINISHED,-1,-1,-1
848,hard,15,12:13:42,12:27:19,18:00:00,UNFINISHED,-1,-1,-1
726,hard,15,12:33:08,13:08:00,18:00:00,UNFINISHED,-1,-1,-1
718,hard,15,12:45:30,13:31:39,18:00:00,UNFINISHED,-1,-1,-1
872,hard,15,13:00:13,13:59:32,18:00:00,UNFINISHED,-1,-1,-1
943,hard,15,13:16:54,14:28:34,18:00:00,UNFINISHED,-1,-1,-1
882,hard,15,13:20:13,14:29:45,18:00:00,UNFINISHED,-1,-1,-1
990,hard,15,13:22:16,14:34:03,18:00:00,UNFINISHED,-1,-1,-1
1018,hard,15,13:35:32,14:45:25,18:00:00,UNFINISHED,-1,-1,-1
1010,hard,15,13:37:42,14:49:13,18:00:00,UNFINISHED,-1,-1,-1
952,hard,15,13:38:28,14:56:00,18:00:00,UNFINISHED,-1,-1,-1
912,medium,14,13:57:55,15:26:41,18:00:00,UNFINISHED,-1,-1,-1
1154,hard,15,14:01:27,15:32:29,18:00:00,UNFINISHED,-1,-1,-1
1170,hard,15,14:07:58,15:41:36,18:00:00,UNFINISHED,-1,-1,-1
1184,hard,15,14:13:04,15:50:20,18:00:00,UNFINISHED,-1,-1,-1
1052,hard,15,14:14:00,15:55:58,18:00:00,UNFINISHED,-1,-1,-1
1171,hard,15,14:14:24,15:56:49,18:00:00,UNFINISHED,-1,-1,-1
1069,hard,15,14:16:12,16:00:25,18:00:00,UNFINISHED,-1,-1,-1
1144,hard,15,14:18:30,16:01:03,18:00:00,UNFINISHED,-1,-1,-1
1072,hard,15,14:21:59,16:13:03,18:00:00,UNFINISHED,-1,-1,-1
1133,hard,15,14:27:45,16:23:20,18:00:00,UNFINISHED,-1,-1,-1
1183,hard,15,14:34:37,16:33:49,18:00:00,UNFINISHED,-1,-1,-1
1034,hard,15,14:40:20,16:43:33,18:00:00,UNFINISHED,-1,-1,-1
1023,hard,15,14:40:21,16:44:05,18:00:00,UNFINISHED,-1,-1,-1
1051,medium,14,14:44:17,16:48:23,18:00:00,UNFINISHED,-1,-1,-1
1174,hard,15,14:48:54,16:51:36,18:00:00,UNFINISHED,-1,-1,-1
1083,medium,14,14:53:58,16:57:52,18:00:00,UNFINISHED,-1,-1,-1
1071,hard,15,14:58:34,17:02:30,18:00:00,UNFINISHED,-1,-1,-1
1276,hard,15,15:01:19,17:09:15,18:00:00,UNFINISHED,-1,-1,-1
1203,hard,15,15:16:28,17:13:44,18:00:00,UNFINISHED,-1,-1,-1
1307,hard,15,15:23:41,17:16:19,18:00:00,UNFINISHED,-1,-1,-1
1251,hard,15,15:25:55,17:17:22,18:00:00,UNFINISHED,-1,-1,-1
1255,medium,14,15:26:48,17:18:38,18:00:00,UNFINISHED,-1,-1,-1
1345,hard,15,15:28:59,17:20:40,18:00:00,UNFINISHED,-1,-1,-1
1205,hard,15,15:31:24,17:22:24,18:00:00,UNFINISHED,-1,-1,-1
1357,hard,15,15:34:34,17:24:53,18:00:00,UNFINISHED,-1,-1,-1
1263,hard,15,15:36:00,17:25:19,18:00:00,UNFINISHED,-1,-1,-1
1354,hard,15,15:41:25,17:28:12,18:00:00,UNFINISHED,-1,-1,-1
1306,hard,15,15:42:21,17:29:28,18:00:00,UNFINISHED,-1,-1,-1
1279,medium,14,15:42:30,17:30:00,18:00:00,UNFINISHED,-1,-1,-1
1190,medium,14,15:43:13,17:30:32,18:00:00,UNFINISHED,-1,-1,-1
1273,medium,14,15:43:35,17:31:23,18:00:00,UNFINISHED,-1,-1,-1
1337,hard,15,15:44:34,17:33:27,18:00:00,UNFINISHED,-1,-1,-1
1218,hard,15,15:44:44,17:33:59,18:00:00,UNFINISHED,-1,-1,-1
1248,medium,13,15:45:08,17:34:25,18:00:00,UNFINISHED,-1,-1,-1
1200,medium,14,15:45:33,17:35:49,18:00:00,UNFINISHED,-1,-1,-1
1274,hard,15,15:46:08,17:40:05,18:00:00,UNFINISHED,-1,-1,-1
1284,hard,15,15:47:02,17:45:11,18:00:00,UNFINISHED,-1,-1,-1
1262,medium,14,15:47:15,17:46:30,18:00:00,UNFINISHED,-1,-1,-1
1232,hard,15,15:47:58,17:48:27,18:00:00,UNFINISHED,-1,-1,-1
1316,medium,14,15:49:30,17:50:02,18:00:00,UNFINISHED,-1,-1,-1
1206,medium,14,15:49:56,17:50:33,18:00:00,UNFINISHED,-1,-1,-1
1346,hard,15,15:51:40,17:53:44,18:00:00,UNFINISHED,-1,-1,-1
1326,easy,12,15:51:56,17:58:47,18:00:00,UNFINISHED,-1,-1,-1
1222,easy,12,15:51:56,17:59:07,18:00:00,UNFINISHED,-1,-1,-1
1353,hard,15,15:52:45,-,-,IGNORED,-1,-1
1294,easy,12,15:53:06,-,-,IGNORED,-1,-1
1199,medium,13,15:53:54,-,-,IGNORED,-1,-1
1287,medium,13,15:54:39,-,-,IGNORED,-1,-1
1324,easy,12,15:54:57,-,-,IGNORED,-1,-1
1244,easy,11,15:55:09,-,-,IGNORED,-1,-1
1264,hard,15,15:56:10,-,-,IGNORED,-1,-1
1280,hard,15,15:56:13,-,-,IGNORED,-1,-1
1225,medium,13,15:56:22,-,-,IGNORED,-1,-1
1254,hard,15,15:56:34,-,-,IGNORED,-1,-1
1321,hard,15,15:56:39,-,-,IGNORED,-1,-1
1236,medium,14,15:56:52,-,-,IGNORED,-1,-1
1217,easy,11,15:57:08,-,-,IGNORED,-1,-1
1243,hard,15,15:57:55,-,-,IGNORED,-1,-1
1270,medium,14,15:58:05,-,-,IGNORED,-1,-1
1348,hard,15,15:58:43,-,-,IGNORED,-1,-1
1202,hard,15,15:58:56,-,-,IGNORED,-1,-1
1241,medium,13,15:59:03,-,-,IGNORED,-1,-1
1314,hard,15,15:59:12,-,-,IGNORED,-1,-1
1318,medium,13,15:59:22,-,-,IGNORED,-1,-1
1256,easy,11,15:59:34,-,-,IGNORED,-1,-1
1351,medium,14,15:59:38,-,-,IGNORED,-1,-1
1281,hard,15,15:59:43,-,-,IGNORED,-1,-1
1336,medium,14,15:59:46,-,-,IGNORED,-1,-1
1400,medium,14,16:00:01,-,-,IGNORED,-1,-1
1474,medium,13,16:00:15,-,-,IGNORED,-1,-1
1391,medium,13,16:00:27,-,-,IGNORED,-1,-1
1516,easy,11,16:00:45,-,-,IGNORED,-1,-1
1523,easy,12,16:01:17,-,-,IGNORED,-1,-1
1472,medium,13,16:01:20,-,-,IGNORED,-1,-1
1396,hard,15,16:01:23,-,-,IGNORED,-1,-1
1410,easy,11,16:01:36,-,-,IGNORED,-1,-1
1479,medium,14,16:01:52,-,-,IGNORED,-1,-1
1378,medium,13,16:02:06,-,-,IGNORED,-1,-1
1436,medium,14,16:02:17,-,-,IGNORED,-1,-1
1510,medium,13,16:02:27,-,-,IGNORED,-1,-1
1382,medium,13,16:02:42,-,-,IGNORED,-1,-1
1518,easy,11,16:03:07,-,-,IGNORED,-1,-1
1395,easy,11,16:04:06,-,-,IGNORED,-1,-1
1374,medium,14,16:04:09,-,-,IGNORED,-1,-1
1421,hard,15,16:05:36,-,-,IGNORED,-1,-1
1381,easy,11,16:05:50,-,-,IGNORED,-1,-1
1526,hard,15,16:06:39,-,-,IGNORED,-1,-1
1406,easy,12,16:06:44,-,-,IGNORED,-1,-1
1527,hard,15,16:08:36,-,-,IGNORED,-1,-1
1442,hard,15,16:08:43,-,-,IGNORED,-1,-1
1487,easy,11,16:09:51,-,-,IGNORED,-1,-1
1520,easy,11,16:09:53,-,-,IGNORED,-1,-1
1392,hard,15,16:10:15,-,-,IGNORED,-1,-1
1412,hard,15,16:11:00,-,-,IGNORED,-1,-1
1423,medium,13,16:11:10,-,-,IGNORED,-1,-1
1417,easy,11,16:11:25,-,-,IGNORED,-1,-1
1360,medium,13,16:11:33,-,-,IGNORED,-1,-1
1377,easy,12,16:11:40,-,-,IGNORED,-1,-1
1497,easy,12,16:12:14,-,-,IGNORED,-1,-1
1459,hard,15,16:12:38,-,-,IGNORED,-1,-1
1370,medium,13,16:13:09,-,-,IGNORED,-1,-1
1441,easy,11,16:13:26,-,-,IGNORED,-1,-1
1431,easy,12,16:13:32,-,-,IGNORED,-1,-1
1425,easy,11,16:13:43,-,-,IGNORED,-1,-1
1398,hard,15,16:14:53,-,-,IGNORED,-1,-1
1416,medium,13,16:15:05,-,-,IGNORED,-1,-1
1432,medium,13,16:15:08,-,-,IGNORED,-1,-1
1501,easy,11,16:15:49,-,-,IGNORED,-1,-1
1414,easy,12,16:16:05,-,-,IGNORED,-1,-1
1424,easy,12,16:16:27,-,-,IGNORED,-1,-1
1430,medium,14,16:16:49,-,-,IGNORED,-1,-1
1481,medium,14,16:16:57,-,-,IGNORED,-1,-1
1517,hard,15,16:17:01,-,-,IGNORED,-1,-1
1484,medium,14,16:17:07,-,-,IGNORED,-1,-1
1361,easy,12,16:17:13,-,-,IGNORED,-1,-1
1420,hard,15,16:17:25,-,-,IGNORED,-1,-1
1509,easy,11,16:17:29,-,-,IGNORED,-1,-1
1418,easy,12,16:17:35,-,-,IGNORED,-1,-1
1514,hard,15,16:17:51,-,-,IGNORED,-1,-1
1508,medium,13,16:17:59,-,-,IGNORED,-1,-1
1437,hard,15,16:18:01,-,-,IGNORED,-1,-1
1519,easy,11,16:18:28,-,-,IGNORED,-1,-1
1499,medium,14,16:18:39,-,-,IGNORED,-1,-1
1367,hard,15,16:19:33,-,-,IGNORED,-1,-1
1433,easy,12,16:19:45,-,-,IGNORED,-1,-1
1388,hard,15,16:20:01,-,-,IGNORED,-1,-1
1426,easy,12,16:20:05,-,-,IGNORED,-1,-1
1489,easy,12,16:20:05,-,-,IGNORED,-1,-1
1461,easy,12,16:20:35,-,-,IGNORED,-1,-1
1476,medium,14,16:20:42,-,-,IGNORED,-1,-1
1475,easy,12,16:20:44,-,-,IGNORED,-1,-1
1483,easy,12,16:20:51,-,-,IGNORED,-1,-1
1495,easy,11,16:21:05,-,-,IGNORED,-1,-1
1368,easy,12,16:21:19,-,-,IGNORED,-1,-1
1470,easy,12,16:21:20,-,-,IGNORED,-1,-1
1502,easy,11,16:21:32,-,-,IGNORED,-1,-1
1446,easy,12,16:21:57,-,-,IGNORED,-1,-1
1457,hard,15,16:22:11,-,-,IGNORED,-1,-1
1500,medium,13,16:22:11,-,-,IGNORED,-1,-1
1405,medium,13,16:22:36,-,-,IGNORED,-1,-1
1503,easy,11,16:22:40,-,-,IGNORED,-1,-1
1408,easy,11,16:23:06,-,-,IGNORED,-1,-1
1492,medium,13,16:23:30,-,-,IGNORED,-1,-1
1407,easy,11,16:23:37,-,-,IGNORED,-1,-1
1449,hard,15,16:24:31,-,-,IGNORED,-1,-1
1440,medium,14,16:24:48,-,-,IGNORED,-1,-1
1438,easy,11,16:24:49,-,-,IGNORED,-1,-1
1393,medium,14,16:24:58,-,-,IGNORED,-1,-1
1444,medium,13,16:25:04,-,-,IGNORED,-1,-1
1456,easy,11,16:25:15,-,-,IGNORED,-1,-1
1505,easy,12,16:25:16,-,-,IGNORED,-1,-1
1504,hard,15,16:25:58,-,-,IGNORED,-1,-1
1464,easy,11,16:26:07,-,-,IGNORED,-1,-1
1389,easy,12,16:27:14,-,-,IGNORED,-1,-1
1445,hard,15,16:27:32,-,-,IGNORED,-1,-1
1522,easy,12,16:28:21,-,-,IGNORED,-1,-1
1409,easy,12,16:29:13,-,-,IGNORED,-1,-1
1458,hard,15,16:29:45,-,-,IGNORED,-1,-1
1450,easy,12,16:29:58,-,-,IGNORED,-1,-1
1411,easy,11,16:29:59,-,-,IGNORED,-1,-1
1513,easy,11,16:29:59,-,-,IGNORED,-1,-1
1524,hard,15,16:30:08,-,-,IGNORED,-1,-1
1376,easy,12,16:30:26,-,-,IGNORED,-1,-1
1525,medium,14,16:30:36,-,-,IGNORED,-1,-1
1404,easy,12,16:31:24,-,-,IGNORED,-1,-1
1529,medium,13,16:31:36,-,-,IGNORED,-1,-1
1485,medium,14,16:33:35,-,-,IGNORED,-1,-1
1401,medium,14,16:33:43,-,-,IGNORED,-1,-1
1480,medium,13,16:33:53,-,-,IGNORED,-1,-1
1371,easy,11,16:34:06,-,-,IGNORED,-1,-1
1415,easy,12,16:34:15,-,-,IGNORED,-1,-1
1394,hard,15,16:34:26,-,-,IGNORED,-1,-1
1428,easy,12,16:34:31,-,-,IGNORED,-1,-1
1397,easy,11,16:34:32,-,-,IGNORED,-1,-1
1372,hard,15,16:34:45,-,-,IGNORED,-1,-1
1399,easy,11,16:34:57,-,-,IGNORED,-1,-1
1422,medium,14,16:35:09,-,-,IGNORED,-1,-1
1507,medium,14,16:35:11,-,-,IGNORED,-1,-1
1498,easy,11,16:35:16,-,-,IGNORED,-1,-1
1494,easy,12,16:35:28,-,-,IGNORED,-1,-1
1443,easy,12,16:36:22,-,-,IGNORED,-1,-1
1467,hard,15,16:36:29,-,-,IGNORED,-1,-1
1362,hard,15,16:36:52,-,-,IGNORED,-1,-1
1434,medium,13,16:38:07,-,-,IGNORED,-1,-1
1465,medium,14,16:38:10,-,-,IGNORED,-1,-1
1375,easy,11,16:38:14,-,-,IGNORED,-1,-1
1528,hard,15,16:38:24,-,-,IGNORED,-1,-1
1463,hard,15,16:38:35,-,-,IGNORED,-1,-1
1471,easy,12,16:38:54,-,-,IGNORED,-1,-1
1429,easy,12,16:39:05,-,-,IGNORED,-1,-1
1488,hard,15,16:39:15,-,-,IGNORED,-1,-1
1363,hard,15,16:39:51,-,-,IGNORED,-1,-1
1402,medium,14,16:41:18,-,-,IGNORED,-1,-1
1460,easy,12,16:42:26,-,-,IGNORED,-1,-1
1486,easy,12,16:42:29,-,-,IGNORED,-1,-1
1455,hard,15,16:43:26,-,-,IGNORED,-1,-1
1448,hard,15,16:43:28,-,-,IGNORED,-1,-1
1496,easy,11,16:44:19,-,-,IGNORED,-1,-1
1521,medium,14,16:44:51,-,-,IGNORED,-1,-1
1385,medium,13,16:45:00,-,-,IGNORED,-1,-1
1506,medium,14,16:45:17,-,-,IGNORED,-1,-1
1468,easy,12,16:45:19,-,-,IGNORED,-1,-1
1380,easy,12,16:46:51,-,-,IGNORED,-1,-1
1384,easy,11,16:47:21,-,-,IGNORED,-1,-1
1387,easy,11,16:47:27,-,-,IGNORED,-1,-1
1447,easy,11,16:47:38,-,-,IGNORED,-1,-1
1491,easy,12,16:47:44,-,-,IGNORED,-1,-1
1477,medium,14,16:47:52,-,-,IGNORED,-1,-1
1390,easy,12,16:48:10,-,-,IGNORED,-1,-1
1512,medium,13,16:48:44,-,-,IGNORED,-1,-1
1379,easy,12,16:48:48,-,-,IGNORED,-1,-1
1366,medium,14,16:49:19,-,-,IGNORED,-1,-1
1469,medium,14,16:49:35,-,-,IGNORED,-1,-1
1451,easy,11,16:50:03,-,-,IGNORED,-1,-1
1419,medium,13,16:50:06,-,-,IGNORED,-1,-1
1435,medium,13,16:50:16,-,-,IGNORED,-1,-1
1453,easy,11,16:50:19,-,-,IGNORED,-1,-1
1386,medium,14,16:50:34,-,-,IGNORED,-1,-1
1364,easy,12,16:50:43,-,-,IGNORED,-1,-1
1439,easy,12,16:50:44,-,-,IGNORED,-1,-1
1403,medium,13,16:50:56,-,-,IGNORED,-1,-1
1452,medium,14,16:52:04,-,-,IGNORED,-1,-1
1413,hard,15,16:52:18,-,-,IGNORED,-1,-1
1493,medium,14,16:52:55,-,-,IGNORED,-1,-1
1454,medium,13,16:52:59,-,-,IGNORED,-1,-1
1462,hard,15,16:53:01,-,-,IGNORED,-1,-1
1482,easy,11,16:53:43,-,-,IGNORED,-1,-1
1373,medium,13,16:53:50,-,-,IGNORED,-1,-1
1383,easy,11,16:54:10,-,-,IGNORED,-1,-1
1490,easy,11,16:55:42,-,-,IGNORED,-1,-1
1365,medium,14,16:55:45,-,-,IGNORED,-1,-1
1369,hard,15,16:56:12,-,-,IGNORED,-1,-1
1511,hard,15,16:57:05,-,-,IGNORED,-1,-1
1478,easy,11,16:57:43,-,-,IGNORED,-1,-1
1466,hard,15,16:58:30,-,-,IGNORED,-1,-1
1473,easy,11,16:58:44,-,-,IGNORED,-1,-1
1515,medium,14,16:59:30,-,-,IGNORED,-1,-1
1427,hard,15,16:59:42,-,-,IGNORED,-1,-1
