task_id,difficulty,n,arrival_sim,start_sim,end_sim,status,cost,real_duration_sec,waiting_time_mili_sec,time_in_system_mili_sec
3,easy,11,08:00:29,08:00:30,08:01:00,COMPLETED,24312.0,504.2,1.56,31.78
55,medium,13,08:00:29,08:00:30,08:02:01,COMPLETED,31447.0,1508.6,1.56,92.11
119,easy,12,08:02:46,08:02:49,08:03:13,COMPLETED,26947.0,405.8,3.47,27.77
17,easy,11,08:02:29,08:02:31,08:03:19,COMPLETED,32029.0,810.1,2.33,50.91
73,easy,11,08:02:46,08:02:49,08:03:32,COMPLETED,30068.0,709.5,3.47,46.02
0,easy,11,08:02:55,08:02:55,08:03:32,COMPLETED,27864.0,608.1,0.58,37.02
133,easy,11,08:04:00,08:04:02,08:04:14,COMPLETED,26304.0,202.4,2.22,14.34
102,easy,12,08:04:30,08:04:32,08:05:15,COMPLETED,28072.0,710.7,2.51,45.12
64,easy,12,08:06:46,08:06:46,08:07:23,COMPLETED,27373.0,610.2,0.53,37.08
19,easy,12,08:06:28,08:06:28,08:07:35,COMPLETED,31897.0,1119.3,0.14,67.25
146,easy,12,08:08:12,08:08:17,08:08:42,COMPLETED,26216.0,406.1,5.70,30.01
71,easy,11,08:09:36,08:09:36,08:09:48,COMPLETED,27741.0,206.5,0.64,12.94
69,medium,13,08:09:35,08:09:36,08:10:07,COMPLETED,21230.0,513.0,1.64,32.34
114,easy,12,08:10:20,08:10:25,08:10:43,COMPLETED,29354.0,306.2,5.62,23.92
138,medium,13,08:09:47,08:09:48,08:11:50,COMPLETED,25689.0,2034.2,1.94,123.91
95,easy,11,08:11:34,08:11:38,08:11:50,COMPLETED,26149.0,205.5,4.65,16.91
28,medium,13,08:11:33,08:11:38,08:12:03,COMPLETED,30575.0,410.2,5.65,30.19
66,easy,11,08:11:54,08:11:57,08:12:09,COMPLETED,22941.0,205.3,3.05,15.30
92,medium,14,08:08:47,08:08:48,08:12:58,COMPLETED,27399.0,4169.9,1.09,251.04
110,medium,14,08:02:02,08:02:07,08:13:53,COMPLETED,33148.0,11773.6,5.16,711.52
81,easy,12,08:13:40,08:13:41,08:14:05,COMPLETED,27242.0,413.5,1.12,25.82
63,easy,12,08:12:42,08:12:45,08:14:11,COMPLETED,29848.0,1436.7,3.83,89.96
34,medium,14,08:04:18,08:04:20,08:14:18,COMPLETED,29300.0,9962.2,2.39,600.07
59,easy,11,08:14:59,08:15:00,08:15:07,COMPLETED,18914.0,106.2,1.87,8.11
141,easy,12,08:15:25,08:15:25,08:15:43,COMPLETED,32415.0,308.7,0.52,18.92
106,medium,13,08:14:50,08:14:54,08:16:32,COMPLETED,30135.0,1638.6,4.72,102.97
23,easy,12,08:17:25,08:17:27,08:17:52,COMPLETED,32126.0,410.6,2.99,27.47
53,easy,11,08:18:58,08:18:59,08:19:06,COMPLETED,23777.0,104.8,1.97,8.12
56,easy,11,08:19:08,08:19:12,08:19:18,COMPLETED,33436.0,103.9,4.30,10.43
57,medium,14,08:00:07,08:00:12,08:20:01,COMPLETED,33348.0,19818.7,5.09,1194.19
76,easy,12,08:19:02,08:19:06,08:20:19,COMPLETED,25342.0,1224.7,4.12,77.53
112,easy,12,08:19:46,08:19:48,08:20:37,COMPLETED,24952.0,816.5,2.90,51.82
100,hard,15,08:13:04,08:13:04,08:20:43,COMPLETED,29316.0,7660.3,0.36,459.92
121,easy,12,08:21:07,08:21:08,08:21:38,COMPLETED,29057.0,510.0,1.27,31.79
142,medium,14,08:05:06,08:05:08,08:21:50,COMPLETED,32363.0,16701.6,2.92,1004.98
117,easy,11,08:21:57,08:21:57,08:22:15,COMPLETED,17756.0,306.4,0.11,18.42
16,medium,13,08:20:04,08:20:07,08:22:45,COMPLETED,27678.0,2644.0,3.30,161.88
143,easy,12,08:22:29,08:22:33,08:22:45,COMPLETED,20710.0,204.9,4.67,16.88
78,easy,11,08:23:30,08:23:34,08:23:40,COMPLETED,30230.0,103.5,4.51,10.65
72,easy,11,08:24:05,08:24:11,08:24:17,COMPLETED,21914.0,105.7,6.06,12.27
123,easy,11,08:24:05,08:24:11,08:24:29,COMPLETED,24897.0,312.5,6.06,24.80
124,easy,11,08:24:19,08:24:23,08:24:42,COMPLETED,29316.0,314.7,4.46,23.15
60,easy,11,08:24:33,08:24:35,08:24:48,COMPLETED,29320.0,213.9,2.91,15.52
65,easy,11,08:24:37,08:24:42,08:24:48,COMPLETED,25681.0,110.6,5.15,11.52
51,easy,11,08:24:45,08:24:48,08:24:54,COMPLETED,24605.0,107.3,3.52,9.84
128,easy,11,08:25:20,08:25:25,08:25:37,COMPLETED,23931.0,207.7,5.46,17.80
21,easy,11,08:25:51,08:25:56,08:26:08,COMPLETED,24086.0,205.7,5.15,17.41
149,easy,12,08:27:13,08:27:15,08:27:46,COMPLETED,24946.0,515.9,2.72,33.53
90,easy,12,08:29:05,08:29:06,08:29:18,COMPLETED,31468.0,206.0,1.51,13.77
5,easy,11,08:30:50,08:30:50,08:31:40,COMPLETED,31972.0,820.9,0.91,50.02
131,easy,11,08:31:19,08:31:21,08:31:40,COMPLETED,29078.0,309.8,2.60,21.02
94,easy,12,08:30:26,08:30:26,08:31:52,COMPLETED,32452.0,1434.1,0.38,86.33
54,easy,12,08:31:37,08:31:40,08:31:58,COMPLETED,21876.0,309.5,3.02,21.47
22,easy,12,08:32:04,08:32:04,08:32:17,COMPLETED,30595.0,210.5,0.62,13.09
77,easy,12,08:33:23,08:33:24,08:34:07,COMPLETED,28665.0,722.5,1.58,44.75
26,medium,14,08:05:22,08:05:27,08:34:13,COMPLETED,30120.0,28779.8,5.27,1731.98
130,medium,14,08:18:05,08:18:10,08:34:20,COMPLETED,27606.0,16156.5,5.88,975.21
62,easy,11,08:34:07,08:34:07,08:34:20,COMPLETED,23456.0,210.4,0.75,13.21
99,hard,15,08:24:18,08:24:23,08:34:44,COMPLETED,29590.0,10357.4,5.46,626.84
6,easy,11,08:34:57,08:34:57,08:35:09,COMPLETED,30539.0,207.3,0.13,12.44
11,medium,14,08:25:56,08:25:56,08:35:15,COMPLETED,31736.0,9325.0,0.15,559.60
41,easy,12,08:35:26,08:35:27,08:36:05,COMPLETED,24862.0,625.2,1.98,39.29
86,medium,13,08:33:23,08:33:24,08:36:17,COMPLETED,24949.0,2887.0,1.58,174.74
98,medium,13,08:35:49,08:35:52,08:36:36,COMPLETED,25166.0,727.9,3.77,47.27
83,easy,12,08:37:08,08:37:13,08:37:38,COMPLETED,30468.0,418.8,5.49,30.42
96,easy,12,08:37:09,08:37:13,08:38:22,COMPLETED,29519.0,1152.8,4.49,73.55
93,easy,11,08:38:35,08:38:41,08:39:00,COMPLETED,26819.0,314.5,6.31,25.02
29,easy,12,08:38:36,08:38:41,08:39:12,COMPLETED,34555.0,520.1,5.31,36.42
30,easy,11,08:38:57,08:39:00,08:39:12,COMPLETED,30696.0,210.8,3.02,15.42
80,easy,11,08:39:17,08:39:18,08:39:43,COMPLETED,23148.0,423.5,1.70,26.85
87,easy,11,08:39:18,08:39:18,08:39:43,COMPLETED,26380.0,422.7,0.70,25.85
111,easy,11,08:39:39,08:39:43,08:39:50,COMPLETED,26393.0,111.6,4.85,11.30
46,medium,13,08:38:29,08:38:34,08:40:09,COMPLETED,36741.0,1572.8,6.00,100.17
79,easy,12,08:39:52,08:39:56,08:40:09,COMPLETED,21429.0,213.8,4.59,17.17
67,medium,13,08:39:17,08:39:18,08:40:34,COMPLETED,24323.0,1257.9,1.70,77.07
137,easy,12,08:40:25,08:40:27,08:40:46,COMPLETED,25958.0,312.5,2.88,21.41
35,easy,12,08:41:33,08:41:36,08:42:01,COMPLETED,34625.0,413.8,3.53,28.21
8,easy,11,08:41:27,08:41:30,08:42:07,COMPLETED,35181.0,620.0,3.33,40.39
134,easy,11,08:42:32,08:42:32,08:42:44,COMPLETED,25352.0,210.2,0.11,12.52
47,medium,14,08:32:43,08:32:47,08:42:50,COMPLETED,32290.0,10051.2,4.78,607.75
148,easy,12,08:42:41,08:42:44,08:42:56,COMPLETED,25524.0,210.0,3.52,15.93
2,easy,12,08:42:52,08:42:56,08:43:46,COMPLETED,26673.0,826.2,4.93,54.36
118,medium,14,08:35:44,08:35:46,08:44:11,COMPLETED,32060.0,8411.7,2.50,507.05
91,easy,12,08:44:47,08:44:48,08:45:06,COMPLETED,26985.0,312.3,1.06,19.64
104,medium,14,08:36:46,08:36:48,08:45:25,COMPLETED,25706.0,8610.5,2.61,519.14
132,medium,13,08:42:08,08:42:13,08:45:31,COMPLETED,35773.0,3298.8,5.55,203.33
44,medium,14,08:37:55,08:37:57,08:45:37,COMPLETED,27878.0,7666.7,2.63,462.52
10,medium,14,08:41:17,08:41:17,08:45:56,COMPLETED,33153.0,4640.5,0.76,279.08
103,easy,11,08:45:49,08:45:49,08:46:08,COMPLETED,25316.0,312.1,0.86,19.41
14,easy,12,08:44:09,08:44:11,08:46:33,COMPLETED,37672.0,2370.1,2.05,144.10
27,hard,15,08:15:54,08:15:56,08:46:45,COMPLETED,27699.0,30822.5,2.18,1851.46
12,easy,11,08:46:54,08:46:57,08:47:10,COMPLETED,19893.0,208.1,3.78,16.13
75,easy,12,08:46:05,08:46:08,08:47:16,COMPLETED,28518.0,1133.6,3.41,71.29
43,hard,15,08:40:40,08:40:40,08:47:34,COMPLETED,23961.0,6911.2,0.23,414.79
145,easy,12,08:47:18,08:47:22,08:47:40,COMPLETED,22422.0,310.9,4.45,22.96
125,hard,15,08:27:15,08:27:15,08:48:24,COMPLETED,34586.0,21144.8,0.72,1269.40
25,hard,15,08:30:55,08:30:57,08:48:30,COMPLETED,33581.0,17561.0,2.07,1055.66
32,medium,14,08:33:28,08:33:30,08:50:15,COMPLETED,30425.0,16755.2,2.79,1007.97
18,medium,14,08:09:51,08:09:55,08:50:40,COMPLETED,32610.0,40762.7,4.10,2449.81
85,easy,12,08:50:25,08:50:28,08:50:53,COMPLETED,31825.0,419.7,3.43,28.30
7,easy,11,08:50:51,08:50:53,08:50:59,COMPLETED,26137.0,109.6,2.30,8.67
13,medium,13,08:49:37,08:49:38,08:52:20,COMPLETED,30681.0,2699.9,1.73,163.51
105,easy,12,08:47:48,08:47:53,08:52:26,COMPLETED,23818.0,4563.8,5.28,278.80
109,easy,12,08:51:05,08:51:05,08:52:26,COMPLETED,33215.0,1354.4,0.92,81.80
139,easy,11,08:52:00,08:52:01,08:52:26,COMPLETED,23505.0,423.5,1.83,26.80
58,hard,15,08:40:01,08:40:02,08:52:51,COMPLETED,29977.0,12818.2,1.78,770.78
37,easy,11,08:54:12,08:54:17,08:54:42,COMPLETED,32377.0,413.5,5.84,30.52
38,easy,12,08:53:45,08:53:47,08:54:48,COMPLETED,34218.0,1028.5,2.10,63.68
40,easy,12,08:55:08,08:55:13,08:55:31,COMPLETED,30108.0,311.1,5.32,23.85
4,hard,15,08:30:43,08:30:44,08:56:58,COMPLETED,35734.0,26230.1,1.76,1575.50
42,easy,12,08:56:43,08:56:46,08:56:58,COMPLETED,28686.0,209.9,3.09,15.50
127,easy,12,08:57:29,08:57:29,08:57:48,COMPLETED,26030.0,322.4,0.41,19.49
115,easy,11,08:57:36,08:57:42,08:57:54,COMPLETED,29249.0,218.3,6.03,18.85
120,hard,15,08:44:03,08:44:04,08:58:38,COMPLETED,29965.0,14566.1,1.84,875.71
126,easy,11,08:58:39,08:58:44,08:59:03,COMPLETED,27262.0,318.2,5.90,24.83
82,hard,15,08:29:24,08:29:24,08:59:41,COMPLETED,32857.0,30277.8,0.89,1817.50
20,hard,15,08:32:14,08:32:17,09:00:06,COMPLETED,28999.0,27827.0,3.09,1672.58
116,easy,12,08:57:29,08:57:29,09:00:06,COMPLETED,28794.0,2624.7,0.41,157.58
171,easy,11,09:00:45,09:00:50,09:01:03,COMPLETED,26169.0,218.9,5.36,18.10
129,medium,14,08:56:20,08:56:21,09:01:09,COMPLETED,38834.0,4807.2,1.31,289.55
52,medium,14,08:59:29,08:59:35,09:02:06,COMPLETED,32805.0,2518.5,6.11,157.08
88,medium,14,08:56:06,08:56:08,09:03:02,COMPLETED,31589.0,6895.9,2.89,416.42
164,medium,13,09:01:25,09:01:28,09:03:15,COMPLETED,30582.0,1782.9,3.34,110.04
193,easy,12,09:02:35,09:02:37,09:03:21,COMPLETED,31928.0,741.1,2.20,46.37
241,easy,11,09:03:32,09:03:33,09:03:46,COMPLETED,26333.0,214.4,1.91,14.57
156,easy,11,09:03:44,09:03:46,09:03:58,COMPLETED,24563.0,209.8,2.57,14.99
205,easy,12,09:00:38,09:00:44,09:04:23,COMPLETED,35695.0,3664.0,6.14,225.73
276,easy,11,09:04:14,09:04:17,09:04:30,COMPLETED,30833.0,212.0,3.52,16.03
274,easy,12,09:04:22,09:04:23,09:04:42,COMPLETED,22191.0,315.1,1.73,20.51
89,medium,14,08:40:47,08:40:52,09:06:15,COMPLETED,35208.0,25379.0,5.68,1528.36
209,easy,12,09:06:07,09:06:09,09:06:33,COMPLETED,19444.0,416.2,2.13,26.92
61,medium,14,08:56:20,08:56:21,09:06:52,COMPLETED,30802.0,10521.4,1.31,632.47
222,medium,14,09:03:27,09:03:27,09:07:41,COMPLETED,30398.0,4238.4,0.70,254.85
49,medium,14,08:50:26,08:50:28,09:07:48,COMPLETED,40136.0,17327.6,2.43,1042.04
289,medium,13,09:08:10,09:08:12,09:08:49,COMPLETED,30819.0,621.8,2.77,39.88
144,medium,14,08:57:35,08:57:35,09:10:10,COMPLETED,34657.0,12579.1,0.65,755.28
74,medium,14,08:07:16,08:07:16,09:10:22,COMPLETED,28268.0,63096.6,0.97,3786.69
245,easy,11,09:10:13,09:10:16,09:10:22,COMPLETED,29003.0,107.4,3.47,9.69
261,medium,13,09:04:32,09:04:36,09:10:28,COMPLETED,33573.0,5880.0,4.28,356.94
285,easy,12,09:11:42,09:11:42,09:11:55,COMPLETED,28167.0,209.7,0.95,13.34
158,medium,13,09:11:19,09:11:24,09:13:27,COMPLETED,22356.0,2061.6,5.41,128.95
48,hard,15,08:55:52,08:55:56,09:13:46,COMPLETED,31399.0,17834.9,4.53,1074.45
84,hard,15,08:34:09,08:34:13,09:13:52,COMPLETED,32400.0,39646.3,4.98,2383.70
204,medium,13,09:08:52,09:08:56,09:14:29,COMPLETED,24980.0,5564.8,4.10,337.76
50,medium,14,08:54:35,08:54:36,09:14:42,COMPLETED,31053.0,20102.1,1.32,1207.19
254,easy,11,09:14:40,09:14:42,09:15:07,COMPLETED,27885.0,426.1,2.19,27.55
288,easy,11,09:14:51,09:14:54,09:15:07,COMPLETED,25409.0,214.3,3.92,16.55
161,easy,12,09:15:07,09:15:07,09:15:13,COMPLETED,21755.0,108.1,0.55,6.82
224,easy,11,09:15:05,09:15:07,09:15:20,COMPLETED,28951.0,213.7,2.55,15.12
196,easy,12,09:15:32,09:15:32,09:15:38,COMPLETED,30058.0,108.6,0.57,6.95
101,hard,15,08:54:56,08:55:00,09:16:59,COMPLETED,29618.0,21982.1,4.98,1323.80
176,easy,12,09:16:45,09:16:47,09:17:30,COMPLETED,27413.0,724.1,2.28,45.64
178,easy,11,09:17:39,09:17:43,09:17:55,COMPLETED,26356.0,211.7,4.04,16.49
181,medium,13,09:16:42,09:16:47,09:18:01,COMPLETED,30096.0,1244.8,5.28,79.78
217,easy,11,09:17:50,09:17:55,09:18:01,COMPLETED,28815.0,108.5,5.49,11.78
162,easy,12,09:17:53,09:17:55,09:18:32,COMPLETED,28470.0,623.2,2.49,39.77
203,medium,13,09:17:59,09:18:01,09:18:51,COMPLETED,29365.0,828.8,2.78,52.35
207,medium,13,09:18:20,09:18:20,09:18:51,COMPLETED,30195.0,519.3,0.37,31.35
265,easy,12,09:18:58,09:19:03,09:19:47,COMPLETED,27999.0,725.6,5.72,49.09
9,hard,15,08:56:13,08:56:15,09:20:55,COMPLETED,29841.0,24668.0,2.10,1482.08
272,easy,12,09:18:41,09:18:45,09:21:07,COMPLETED,32302.0,2376.1,4.13,146.49
97,hard,15,08:13:52,08:13:53,09:21:13,COMPLETED,29802.0,67337.7,1.52,4041.74
264,easy,11,09:21:17,09:21:19,09:21:26,COMPLETED,23660.0,107.1,2.93,9.15
31,medium,14,08:44:54,08:44:54,09:22:40,COMPLETED,27267.0,37776.0,0.27,2266.73
182,medium,14,09:14:43,09:14:48,09:22:53,COMPLETED,41825.0,8082.6,5.58,490.31
180,easy,12,09:21:51,09:21:57,09:22:53,COMPLETED,27970.0,942.8,6.06,62.31
216,easy,11,09:22:55,09:22:59,09:23:31,COMPLETED,25258.0,529.8,4.67,36.11
283,easy,12,09:23:29,09:23:31,09:24:33,COMPLETED,27326.0,1044.4,2.11,64.52
197,easy,12,09:24:13,09:24:14,09:24:58,COMPLETED,28266.0,736.9,1.61,45.56
236,easy,12,09:24:27,09:24:27,09:25:17,COMPLETED,27897.0,841.1,0.11,50.32
257,easy,11,09:25:21,09:25:23,09:25:29,COMPLETED,24495.0,109.4,2.62,8.92
173,medium,14,09:19:28,09:19:28,09:25:48,COMPLETED,27557.0,6341.2,0.45,380.78
275,easy,11,09:26:45,09:26:50,09:26:57,COMPLETED,23989.0,107.1,5.94,12.20
168,easy,12,09:27:27,09:27:28,09:27:47,COMPLETED,25693.0,322.6,1.28,20.35
211,easy,12,09:27:30,09:27:34,09:28:06,COMPLETED,26242.0,532.2,4.65,36.29
260,medium,13,09:26:09,09:26:13,09:28:37,COMPLETED,28043.0,2401.0,4.64,148.55
227,easy,12,09:28:09,09:28:12,09:28:43,COMPLETED,21818.0,521.4,3.64,34.75
160,easy,11,09:28:53,09:28:56,09:29:02,COMPLETED,27799.0,107.5,3.13,9.40
36,medium,14,08:52:40,08:52:45,09:29:14,COMPLETED,32909.0,36489.0,5.60,2194.85
277,easy,11,09:29:04,09:29:08,09:29:14,COMPLETED,24846.0,107.3,4.62,10.85
192,easy,11,09:29:21,09:29:21,09:29:27,COMPLETED,23695.0,108.3,0.07,6.31
199,easy,12,09:29:24,09:29:27,09:29:52,COMPLETED,33156.0,418.0,3.31,28.21
231,medium,13,09:27:56,09:27:59,09:29:58,COMPLETED,35362.0,1978.4,3.87,122.42
271,medium,14,09:17:45,09:17:49,09:32:45,COMPLETED,34147.0,14943.6,4.26,900.73
230,easy,12,09:32:18,09:32:20,09:33:48,COMPLETED,27216.0,1459.0,2.83,90.20
45,hard,15,08:52:21,08:52:26,09:34:00,COMPLETED,31778.0,41570.0,5.80,2499.84
225,medium,13,09:28:27,09:28:31,09:34:00,COMPLETED,33314.0,5498.6,4.32,333.84
179,easy,11,09:34:11,09:34:13,09:34:26,COMPLETED,28968.0,214.9,2.63,15.21
248,easy,11,09:34:14,09:34:19,09:34:32,COMPLETED,29344.0,218.5,5.85,18.56
253,easy,11,09:35:41,09:35:42,09:35:54,COMPLETED,30219.0,217.7,1.13,13.98
150,easy,12,09:35:39,09:35:42,09:36:01,COMPLETED,29126.0,325.0,3.13,22.32
258,easy,12,09:36:04,09:36:07,09:37:17,COMPLETED,23742.0,1162.0,3.68,73.08
219,medium,13,09:34:51,09:34:51,09:37:35,COMPLETED,27166.0,2745.2,0.62,164.98
229,medium,13,09:34:32,09:34:32,09:38:26,COMPLETED,30011.0,3911.4,0.56,234.85
242,easy,11,09:38:25,09:38:26,09:38:33,COMPLETED,32621.0,111.4,1.85,8.34
233,medium,13,09:37:53,09:37:55,09:38:45,COMPLETED,26122.0,851.7,2.09,52.88
165,easy,12,09:39:15,09:39:17,09:39:30,COMPLETED,22981.0,216.3,2.58,15.34
172,easy,11,09:40:44,09:40:45,09:41:29,COMPLETED,29564.0,735.6,1.27,45.14
297,easy,11,09:41:29,09:41:29,09:41:41,COMPLETED,21472.0,213.9,0.14,12.70
154,easy,11,09:40:58,09:41:04,09:41:54,COMPLETED,29457.0,841.6,6.01,56.29
191,medium,14,09:29:34,09:29:39,09:42:50,COMPLETED,32304.0,13183.4,5.78,796.60
252,easy,12,09:41:46,09:41:48,09:43:59,COMPLETED,36056.0,2195.9,2.01,133.53
220,easy,12,09:41:38,09:41:41,09:44:12,COMPLETED,33847.0,2510.9,3.70,154.12
194,easy,12,09:44:55,09:44:56,09:45:34,COMPLETED,26384.0,645.1,1.41,39.57
273,easy,12,09:45:03,09:45:09,09:45:41,COMPLETED,34868.0,540.6,6.16,38.18
296,medium,14,09:38:56,09:38:58,09:45:47,COMPLETED,32627.0,6826.8,2.57,411.67
240,easy,11,09:45:29,09:45:34,09:45:47,COMPLETED,24389.0,229.4,5.57,18.67
189,easy,12,09:45:52,09:45:54,09:46:26,COMPLETED,28870.0,541.7,2.39,34.70
280,medium,13,09:34:54,09:34:58,09:47:23,COMPLETED,29963.0,12425.0,4.03,749.33
200,easy,12,09:47:30,09:47:35,09:48:01,COMPLETED,32517.0,424.9,5.94,31.13
223,easy,11,09:47:38,09:47:42,09:48:01,COMPLETED,29660.0,320.2,4.24,23.13
238,easy,11,09:47:04,09:47:04,09:48:32,COMPLETED,32164.0,1480.8,0.35,88.89
234,easy,12,09:48:43,09:48:45,09:49:05,COMPLETED,20312.0,338.9,2.57,22.46
295,medium,14,09:42:14,09:42:19,09:50:03,COMPLETED,38798.0,7743.6,5.27,469.54
251,medium,13,09:48:33,09:48:39,09:50:54,COMPLETED,28681.0,2260.0,6.22,141.55
226,medium,13,09:41:12,09:41:16,09:51:00,COMPLETED,31781.0,9743.6,4.58,588.88
294,easy,11,09:51:16,09:51:20,09:51:32,COMPLETED,25279.0,216.0,4.01,16.67
247,easy,11,09:52:03,09:52:04,09:52:10,COMPLETED,30165.0,113.3,1.42,7.87
290,easy,12,09:51:35,09:51:38,09:52:23,COMPLETED,27416.0,748.1,4.00,48.57
190,medium,14,09:31:19,09:31:25,09:52:48,COMPLETED,31430.0,21399.1,6.08,1289.86
188,hard,15,09:48:44,09:48:45,09:53:01,COMPLETED,29539.0,4266.6,1.57,257.47
186,medium,13,09:52:30,09:52:36,09:54:11,COMPLETED,30886.0,1585.2,6.20,101.03
267,medium,13,09:48:43,09:48:45,09:54:17,COMPLETED,24978.0,5533.0,2.57,334.35
195,easy,11,09:54:12,09:54:17,09:54:49,COMPLETED,25480.0,533.9,5.35,37.10
152,medium,13,09:48:51,09:48:52,09:55:01,COMPLETED,33465.0,6161.4,1.34,370.74
151,easy,11,09:54:25,09:54:30,09:55:01,COMPLETED,25750.0,534.6,5.01,36.74
198,medium,13,09:45:42,09:45:47,09:55:27,COMPLETED,27718.0,9661.1,5.67,585.10
170,easy,11,09:55:19,09:55:20,09:55:33,COMPLETED,23523.0,221.2,1.72,14.44
70,hard,15,08:55:35,08:55:38,09:56:44,COMPLETED,27897.0,61115.5,3.01,3669.86
166,easy,11,09:55:57,09:56:51,09:57:04,COMPLETED,29774.0,223.1,54.19,67.06
177,medium,14,09:25:23,09:25:23,09:57:43,COMPLETED,41604.0,32327.3,0.62,1940.09
187,easy,11,09:56:09,09:57:49,09:58:09,COMPLETED,26290.0,335.3,100.66,120.25
259,medium,13,09:55:18,09:55:20,09:58:22,COMPLETED,32024.0,3032.3,2.72,184.19
212,easy,12,09:55:23,09:55:33,09:58:22,COMPLETED,28200.0,2820.9,10.44,179.19
255,medium,13,09:53:04,09:53:07,09:58:35,COMPLETED,31659.0,5462.8,3.79,331.14
249,hard,15,09:43:46,09:43:46,09:59:33,COMPLETED,34167.0,15785.5,0.93,947.65
201,medium,13,09:56:02,09:57:10,10:00:06,COMPLETED,28145.0,2934.3,68.61,244.39
266,easy,12,09:58:07,09:59:40,10:00:38,COMPLETED,26033.0,980.7,93.27,151.61
301,easy,12,10:00:33,10:00:45,10:02:02,COMPLETED,31871.0,1291.0,12.17,89.33
140,hard,15,08:48:39,08:48:43,10:02:27,COMPLETED,41908.0,73744.8,4.01,4428.64
434,easy,11,10:00:49,10:02:33,10:02:40,COMPLETED,27576.0,111.0,104.99,111.35
270,medium,14,09:39:03,09:39:04,10:02:53,COMPLETED,29204.0,23804.3,1.98,1430.04
325,easy,12,10:00:36,10:02:08,10:02:53,COMPLETED,25076.0,745.3,92.66,137.04
362,easy,11,10:02:18,10:02:59,10:03:05,COMPLETED,21995.0,110.9,41.41,47.81
398,easy,12,10:00:56,10:02:46,10:03:56,COMPLETED,29187.0,1166.7,110.68,180.39
305,easy,12,10:02:46,10:04:02,10:04:15,COMPLETED,28093.0,216.4,76.72,89.40
282,medium,13,09:51:01,09:51:07,10:05:24,COMPLETED,31116.0,14298.4,6.31,863.97
232,medium,13,09:54:42,09:54:42,10:05:31,COMPLETED,39349.0,10814.3,0.74,649.31
268,hard,15,09:32:31,09:32:33,10:05:44,COMPLETED,30852.0,33181.7,2.28,1993.04
432,easy,12,10:03:42,10:05:37,10:05:50,COMPLETED,27172.0,217.2,115.68,128.37
417,easy,12,10:03:03,10:05:31,10:05:56,COMPLETED,25416.0,429.8,148.31,173.75
153,medium,13,09:54:58,09:55:01,10:06:15,COMPLETED,35791.0,11238.4,3.74,677.79
418,easy,11,10:04:08,10:06:03,10:06:15,COMPLETED,18698.0,216.2,115.13,127.79
250,hard,15,09:50:46,09:50:48,10:07:19,COMPLETED,37784.0,16532.4,2.15,993.91
202,medium,14,09:56:59,09:58:28,10:07:52,COMPLETED,29434.0,9395.9,89.75,653.25
269,medium,13,09:33:51,09:33:54,10:07:58,COMPLETED,32456.0,34075.1,3.41,2047.58
391,easy,11,10:06:55,10:08:05,10:08:11,COMPLETED,25536.0,118.5,70.22,76.81
322,medium,13,10:06:01,10:06:22,10:08:24,COMPLETED,31110.0,2047.5,21.12,143.73
400,easy,11,10:07:42,10:08:18,10:08:31,COMPLETED,22627.0,221.2,36.37,49.05
228,hard,15,09:51:00,09:51:00,10:08:44,COMPLETED,25886.0,17723.9,0.88,1064.10
256,medium,13,09:55:45,09:55:46,10:09:03,COMPLETED,39406.0,13288.8,1.40,798.35
344,medium,13,10:06:36,10:07:58,10:09:16,COMPLETED,22857.0,1304.0,82.58,160.50
354,easy,11,10:08:09,10:08:50,10:09:29,COMPLETED,22410.0,655.4,41.43,80.47
404,easy,12,10:09:14,10:09:22,10:09:35,COMPLETED,28197.0,226.1,8.87,21.79
184,medium,14,09:50:42,09:50:48,10:09:48,COMPLETED,31139.0,19021.9,6.15,1146.98
349,medium,14,10:02:03,10:02:59,10:11:26,COMPLETED,35499.0,8455.0,56.41,563.30
367,medium,13,10:05:52,10:06:22,10:11:32,COMPLETED,27095.0,5188.0,30.12,340.84
377,easy,11,10:10:55,10:11:32,10:11:39,COMPLETED,26832.0,116.8,37.84,44.51
329,medium,14,10:02:48,10:04:21,10:11:52,COMPLETED,31079.0,7519.7,93.73,544.50
303,easy,11,10:11:18,10:11:39,10:11:52,COMPLETED,26767.0,225.3,21.51,34.50
208,hard,15,09:48:28,09:48:32,10:11:59,COMPLETED,33255.0,23444.3,4.89,1411.08
385,easy,11,10:11:32,10:11:45,10:12:18,COMPLETED,35060.0,551.9,13.88,46.51
159,hard,15,09:57:56,09:58:41,10:12:25,COMPLETED,31303.0,13733.1,45.68,869.05
402,easy,11,10:12:19,10:12:25,10:12:38,COMPLETED,27111.0,226.0,6.05,19.33
332,easy,11,10:12:23,10:12:25,10:12:38,COMPLETED,25843.0,224.7,2.05,15.33
237,medium,14,09:21:02,09:21:07,10:13:03,COMPLETED,38171.0,51935.8,5.49,3121.53
316,easy,12,10:11:44,10:11:59,10:13:35,COMPLETED,34144.0,1606.5,15.08,111.15
327,easy,12,10:13:11,10:13:16,10:13:35,COMPLETED,28814.0,322.0,5.18,24.15
328,easy,11,10:13:54,10:13:54,10:14:00,COMPLETED,26763.0,110.6,0.20,6.55
300,medium,13,10:13:05,10:13:09,10:14:06,COMPLETED,23679.0,955.0,4.84,61.86
423,easy,11,10:14:27,10:14:32,10:14:51,COMPLETED,25492.0,322.4,5.07,24.07
394,easy,12,10:14:08,10:14:13,10:15:22,COMPLETED,33547.0,1166.3,5.16,74.78
351,easy,11,10:15:04,10:15:10,10:15:22,COMPLETED,30767.0,217.6,6.12,18.78
339,easy,11,10:15:40,10:15:41,10:16:07,COMPLETED,21711.0,427.4,1.79,27.14
278,hard,15,09:53:26,09:53:26,10:16:19,COMPLETED,27159.0,22886.3,0.80,1373.77
413,easy,12,10:15:55,10:16:00,10:16:38,COMPLETED,30037.0,637.7,5.79,43.66
321,easy,11,10:16:44,10:16:45,10:16:51,COMPLETED,25423.0,111.1,1.09,7.47
287,hard,15,09:21:26,09:21:26,10:17:54,COMPLETED,35335.0,56480.1,0.15,3388.83
401,easy,12,10:17:04,10:17:04,10:18:32,COMPLETED,28389.0,1484.0,0.13,88.91
376,medium,13,10:16:54,10:16:57,10:18:51,COMPLETED,28351.0,1906.9,3.79,117.91
421,easy,11,10:17:58,10:18:58,10:19:29,COMPLETED,32346.0,533.3,60.24,91.89
350,medium,14,10:07:59,10:08:37,10:20:08,COMPLETED,30291.0,11510.5,38.69,729.06
330,medium,13,10:16:45,10:16:45,10:21:11,COMPLETED,33463.0,4439.7,0.09,266.23
445,easy,11,10:18:57,10:21:17,10:21:23,COMPLETED,25452.0,111.0,140.56,146.92
375,easy,12,10:18:54,10:20:14,10:21:36,COMPLETED,28915.0,1376.1,80.40,162.60
309,easy,11,10:19:39,10:21:42,10:21:49,COMPLETED,28084.0,111.3,124.00,130.36
390,medium,13,10:18:02,10:19:36,10:22:02,COMPLETED,31810.0,2435.0,94.26,240.06
414,easy,11,10:19:56,10:21:55,10:22:14,COMPLETED,22265.0,322.5,119.70,138.75
302,easy,12,10:19:07,10:21:30,10:22:52,COMPLETED,34391.0,1379.8,143.24,225.71
371,medium,14,10:17:02,10:17:04,10:23:24,COMPLETED,28295.0,6345.2,2.13,382.37
320,easy,11,10:21:41,10:23:30,10:23:44,COMPLETED,26725.0,226.9,109.92,123.03
210,medium,14,09:39:34,09:39:36,10:24:09,COMPLETED,34512.0,44559.8,2.59,2675.93
335,easy,12,10:22:51,10:24:16,10:24:23,COMPLETED,30017.0,115.5,85.48,92.12
307,easy,12,10:23:04,10:24:29,10:24:35,COMPLETED,25313.0,114.4,85.45,91.80
379,medium,13,10:23:21,10:24:42,10:25:46,COMPLETED,27093.0,1074.0,81.34,145.48
279,hard,15,09:45:26,09:45:28,10:28:18,COMPLETED,32365.0,42838.3,2.24,2572.32
369,hard,15,10:04:04,10:05:56,10:29:15,COMPLETED,33094.0,23312.5,112.75,1511.27
361,easy,11,10:23:44,10:29:21,10:29:34,COMPLETED,31583.0,216.3,337.60,350.27
386,easy,12,10:23:52,10:29:40,10:29:53,COMPLETED,26243.0,216.3,348.60,361.27
263,medium,13,09:45:51,09:45:54,10:32:07,COMPLETED,38915.0,46226.0,3.39,2776.64
410,medium,14,10:20:27,10:22:59,10:32:59,COMPLETED,22566.0,10016.3,152.06,752.76
214,medium,13,09:10:20,09:10:22,10:33:51,COMPLETED,38206.0,83479.0,2.69,5011.26
365,medium,13,10:20:06,10:22:08,10:34:17,COMPLETED,35272.0,12153.8,122.41,851.18
422,easy,11,10:25:21,10:34:23,10:34:43,COMPLETED,26092.0,332.2,542.74,562.15
312,easy,11,10:26:24,10:34:49,10:35:15,COMPLETED,27382.0,437.1,505.72,531.44
358,easy,12,10:27:35,10:35:21,10:35:47,COMPLETED,24981.0,438.4,466.99,492.79
359,easy,11,10:27:40,10:35:54,10:36:13,COMPLETED,34502.0,332.7,494.34,513.81
157,medium,13,09:40:26,09:40:26,10:36:58,COMPLETED,36626.0,56543.9,0.52,3392.91
424,easy,11,10:28:56,10:37:05,10:37:11,COMPLETED,25854.0,113.5,489.46,495.92
439,easy,12,10:29:24,10:37:18,10:37:31,COMPLETED,31417.0,218.0,474.29,487.06
315,medium,14,10:02:18,10:03:12,10:37:37,COMPLETED,37325.0,34425.1,54.13,2119.40
447,medium,14,10:27:50,10:36:20,10:37:56,COMPLETED,26825.0,1607.6,510.34,606.44
206,medium,14,09:16:44,09:16:47,10:38:09,COMPLETED,35122.0,81367.5,3.28,4885.26
174,hard,15,09:43:53,09:43:53,10:38:34,COMPLETED,29812.0,54693.4,0.23,3281.68
427,easy,12,10:30:58,10:38:02,10:40:15,COMPLETED,30909.0,2221.8,424.85,557.86
428,medium,14,10:17:57,10:18:39,10:40:22,COMPLETED,32140.0,21721.2,42.24,1345.20
364,hard,15,10:08:56,10:09:09,10:40:35,COMPLETED,36430.0,31422.6,13.89,1899.01
360,medium,13,10:31:54,10:38:41,10:41:19,COMPLETED,29058.0,2646.5,407.01,565.51
313,medium,14,10:14:56,10:14:57,10:41:38,COMPLETED,30128.0,26688.6,1.46,1602.54
342,medium,14,10:14:36,10:14:38,10:41:51,COMPLETED,28228.0,27217.3,2.42,1635.23
419,medium,13,10:33:26,10:40:28,10:41:57,COMPLETED,28176.0,1488.6,422.60,511.59
444,easy,11,10:34:58,10:41:57,10:42:23,COMPLETED,27402.0,440.4,419.59,445.51
323,medium,13,10:33:23,10:40:22,10:42:42,COMPLETED,28814.0,2353.1,419.20,559.90
429,easy,12,10:35:11,10:42:03,10:42:49,COMPLETED,27533.0,768.9,412.96,458.47
311,medium,14,10:16:33,10:16:38,10:43:47,COMPLETED,31062.0,27154.9,5.66,1634.59
355,easy,12,10:36:52,10:42:56,10:43:47,COMPLETED,32316.0,866.4,364.16,415.59
368,medium,13,10:33:53,10:40:41,10:43:54,COMPLETED,27975.0,3224.9,408.39,601.17
353,easy,11,10:37:14,10:43:54,10:44:07,COMPLETED,28905.0,225.0,400.17,413.39
392,easy,11,10:38:15,10:44:13,10:44:20,COMPLETED,21727.0,118.5,358.72,365.34
406,medium,14,10:24:15,10:33:06,10:44:52,COMPLETED,29448.0,11784.1,531.09,1237.72
346,medium,13,10:33:57,10:41:25,10:44:59,COMPLETED,31279.0,3566.3,448.85,662.27
15,hard,15,08:27:57,08:27:58,10:45:38,COMPLETED,37942.0,137660.3,1.89,8261.42
338,easy,12,10:39:17,10:45:05,10:45:57,COMPLETED,28436.0,873.7,348.92,400.84
167,hard,15,09:28:23,09:28:25,10:48:19,COMPLETED,35495.0,79912.4,2.09,4796.70
370,medium,13,10:35:30,10:42:30,10:48:26,COMPLETED,35840.0,5938.8,420.06,776.08
399,medium,13,10:38:54,10:44:59,10:48:26,COMPLETED,27348.0,3452.4,365.27,572.08
345,easy,11,10:41:16,10:48:32,10:48:45,COMPLETED,30164.0,216.1,436.46,449.15
185,hard,15,09:19:31,09:19:34,10:48:51,COMPLETED,27801.0,89282.5,3.68,5360.48
435,easy,12,10:39:52,10:48:26,10:51:04,COMPLETED,31271.0,2645.5,514.08,672.46
431,medium,14,10:23:37,10:28:24,10:51:55,COMPLETED,33886.0,23514.0,287.71,1698.32
440,hard,15,10:23:53,10:29:59,10:52:08,COMPLETED,31606.0,22145.7,366.60,1695.07
448,medium,13,10:30:32,10:37:43,10:53:11,COMPLETED,26040.0,15466.5,431.77,1359.50
304,medium,13,10:44:01,10:52:14,10:53:11,COMPLETED,33143.0,956.0,493.47,550.50
357,medium,14,10:24:01,10:32:14,10:53:43,COMPLETED,31270.0,21496.8,493.19,1782.78
387,hard,15,10:29:59,10:37:37,10:53:43,COMPLETED,32888.0,16110.5,458.40,1424.78
366,medium,13,10:45:46,10:53:17,10:54:09,COMPLETED,25798.0,875.1,451.85,503.87
333,medium,13,10:44:59,10:53:17,10:55:14,COMPLETED,25452.0,1951.9,498.85,615.44
308,medium,14,10:06:19,10:07:26,10:55:52,COMPLETED,37270.0,48448.1,67.24,2973.94
347,medium,13,10:38:17,10:44:26,10:56:11,COMPLETED,32187.0,11755.5,369.88,1074.96
306,medium,14,10:46:26,10:54:16,10:56:37,COMPLETED,26166.0,2353.2,470.45,611.36
384,medium,13,10:42:50,10:48:57,10:57:02,COMPLETED,25332.0,8086.8,367.86,852.78
433,easy,12,10:47:45,10:56:43,10:57:02,COMPLETED,24692.0,324.1,538.68,557.78
336,medium,14,10:36:48,10:42:49,10:57:22,COMPLETED,32489.0,14554.1,361.47,1234.24
381,medium,13,10:37:52,10:43:54,10:57:28,COMPLETED,38430.0,13581.3,362.17,1176.87
442,easy,11,10:48:57,10:57:35,10:57:41,COMPLETED,26731.0,118.7,518.24,524.87
373,easy,12,10:47:47,10:57:09,10:58:33,COMPLETED,23972.0,1413.2,562.15,646.55
235,hard,15,09:57:06,09:58:28,10:59:25,COMPLETED,28627.0,60952.0,82.75,3739.64
446,easy,11,10:51:21,10:59:32,10:59:51,COMPLETED,30074.0,323.6,491.17,510.29
246,hard,15,09:53:11,09:53:14,11:00:16,COMPLETED,31631.0,67043.4,3.14,4025.59
438,medium,13,10:50:17,10:58:40,11:00:16,COMPLETED,31970.0,1614.1,503.05,599.59
430,medium,13,10:49:45,10:57:48,11:00:48,COMPLETED,33615.0,3002.3,483.42,663.27
415,easy,12,10:52:10,11:00:22,11:01:07,COMPLETED,28537.0,744.7,492.93,537.31
341,easy,12,10:52:30,11:00:22,11:01:07,COMPLETED,27650.0,744.2,472.93,517.31
396,easy,11,10:53:46,11:01:13,11:01:39,COMPLETED,25447.0,427.7,447.65,473.07
372,easy,12,10:53:53,11:01:45,11:02:48,COMPLETED,26395.0,1058.5,472.39,535.60
356,medium,13,10:47:46,10:57:09,11:03:26,COMPLETED,29123.0,6294.4,563.15,940.53
135,hard,15,08:51:45,08:51:49,11:04:17,COMPLETED,30259.0,132465.3,4.25,7952.12
319,medium,13,10:51:46,10:59:57,11:04:17,COMPLETED,31199.0,4330.2,491.62,751.12
412,easy,11,10:57:15,11:04:23,11:04:36,COMPLETED,27917.0,220.3,428.47,441.43
363,easy,11,10:57:13,11:04:23,11:04:55,COMPLETED,32200.0,540.9,430.47,462.63
443,easy,12,10:57:21,11:04:42,11:05:01,COMPLETED,27408.0,330.0,441.75,460.95
395,easy,12,10:57:45,11:05:08,11:05:28,COMPLETED,26758.0,333.9,443.60,463.34
340,easy,12,10:57:32,11:05:01,11:05:41,COMPLETED,29008.0,664.8,449.95,489.35
407,medium,13,10:47:09,10:55:59,11:06:13,COMPLETED,25224.0,10250.4,530.29,1144.86
441,easy,11,10:58:10,11:05:47,11:06:39,COMPLETED,28431.0,869.4,457.89,509.56
310,medium,14,10:46:07,10:53:50,11:07:25,COMPLETED,30100.0,13589.6,463.12,1278.17
416,easy,12,10:58:00,11:05:34,11:07:25,COMPLETED,32714.0,1850.2,454.66,565.17
425,easy,12,10:59:48,11:07:31,11:08:10,COMPLETED,31922.0,652.5,463.73,502.40
408,medium,14,10:52:35,11:00:54,11:08:36,COMPLETED,35474.0,7703.5,499.60,961.54
405,medium,14,10:43:42,10:51:10,11:08:55,COMPLETED,27391.0,17758.3,448.86,1513.96
324,hard,15,10:20:21,10:22:21,11:09:54,COMPLETED,37123.0,47553.9,120.08,2973.00
383,medium,13,10:59:28,11:06:46,11:11:11,COMPLETED,38491.0,4421.4,438.11,703.07
348,medium,13,10:58:36,11:06:20,11:11:30,COMPLETED,28074.0,5167.9,464.41,774.21
575,medium,13,11:00:04,11:07:31,11:11:30,COMPLETED,32052.0,3977.9,447.73,686.21
437,medium,14,10:46:41,10:55:21,11:11:55,COMPLETED,31271.0,16579.2,520.03,1514.54
572,easy,11,11:03:39,11:11:36,11:12:08,COMPLETED,28836.0,532.9,477.54,509.22
108,hard,15,08:03:10,08:03:13,11:13:30,COMPLETED,35485.0,190279.8,3.77,11420.54
314,medium,14,10:47:23,10:56:18,11:13:36,COMPLETED,30146.0,17314.2,535.29,1573.86
218,hard,15,09:01:01,09:01:03,11:13:55,COMPLETED,34752.0,132881.0,2.10,7974.90
515,easy,12,11:05:27,11:13:43,11:13:55,COMPLETED,23206.0,216.5,496.23,508.90
477,medium,13,11:04:44,11:12:14,11:14:08,COMPLETED,29796.0,1906.5,450.55,564.65
503,medium,13,11:06:47,11:14:02,11:14:27,COMPLETED,28245.0,428.1,435.24,460.66
455,medium,13,11:10:26,11:14:14,11:14:33,COMPLETED,26875.0,322.8,228.98,248.00
548,easy,12,11:12:14,11:14:40,11:14:46,COMPLETED,28927.0,111.1,146.38,152.74
487,easy,11,11:11:49,11:14:33,11:14:53,COMPLETED,32495.0,323.6,165.00,184.07
518,medium,13,11:05:42,11:14:02,11:15:05,COMPLETED,28138.0,1065.1,500.24,563.81
597,medium,14,11:01:33,11:08:42,11:15:12,COMPLETED,22840.0,6494.0,429.87,819.18
478,easy,12,11:13:43,11:14:59,11:16:03,COMPLETED,32016.0,1074.3,76.45,140.61
598,medium,13,11:04:29,11:11:36,11:16:16,COMPLETED,27984.0,4670.5,427.54,707.54
326,hard,15,10:39:39,10:45:44,11:17:34,COMPLETED,32709.0,31828.1,365.97,2275.30
506,medium,13,11:03:15,11:11:17,11:17:40,COMPLETED,26656.0,6395.0,482.46,865.85
583,medium,13,11:04:34,11:12:01,11:18:32,COMPLETED,30859.0,6517.7,447.86,838.48
495,medium,13,11:15:00,11:15:18,11:19:30,COMPLETED,35378.0,4208.8,18.58,270.78
382,medium,14,10:48:10,10:57:28,11:19:50,COMPLETED,33973.0,22356.8,558.87,1900.05
560,easy,11,11:15:51,11:19:37,11:20:03,COMPLETED,33082.0,439.0,226.15,252.00
33,hard,15,08:09:41,08:09:42,11:20:09,COMPLETED,29867.0,190448.1,1.80,11428.55
215,hard,15,09:00:10,09:00:12,11:20:29,COMPLETED,36993.0,140271.7,2.94,8419.15
451,easy,11,11:17:23,11:20:16,11:20:29,COMPLETED,25476.0,225.0,173.20,186.15
318,hard,15,10:09:30,10:09:35,11:20:35,COMPLETED,37630.0,71006.3,5.79,4265.74
580,easy,11,11:17:43,11:20:35,11:20:42,COMPLETED,25568.0,120.9,172.74,179.47
459,medium,14,11:02:54,11:10:00,11:20:49,COMPLETED,32099.0,10815.6,426.54,1075.14
452,easy,11,11:18:09,11:20:55,11:21:08,COMPLETED,25273.0,224.1,166.58,179.73
553,medium,13,11:18:33,11:21:15,11:24:38,COMPLETED,25877.0,3395.0,162.05,365.40
457,easy,12,11:20:06,11:24:44,11:25:29,COMPLETED,29912.0,746.5,278.78,323.27
378,hard,15,10:07:50,10:08:31,11:26:00,COMPLETED,30798.0,77500.0,41.05,4690.90
531,medium,13,11:17:52,11:20:42,11:26:19,COMPLETED,33857.0,5630.0,170.47,507.98
490,easy,12,11:20:38,11:26:26,11:27:17,COMPLETED,29533.0,853.1,348.32,399.18
513,medium,14,11:15:41,11:17:47,11:27:29,COMPLETED,31146.0,9715.5,126.22,708.89
502,easy,11,11:21:10,11:27:36,11:28:14,COMPLETED,26708.0,638.4,386.22,424.21
543,easy,12,11:20:16,11:25:35,11:28:26,COMPLETED,30419.0,2859.9,319.60,490.90
564,easy,11,11:22:04,11:28:33,11:28:45,COMPLETED,26427.0,216.2,389.23,401.90
534,easy,11,11:22:20,11:28:52,11:29:30,COMPLETED,24964.0,638.5,392.23,430.17
590,medium,14,11:04:56,11:13:36,11:30:52,COMPLETED,35292.0,17263.7,520.86,1556.45
262,hard,15,09:00:34,09:00:37,11:31:17,COMPLETED,31827.0,150668.7,3.75,9043.82
474,medium,13,11:17:52,11:20:49,11:31:17,COMPLETED,32843.0,10483.1,177.14,805.82
496,easy,12,11:23:13,11:31:24,11:31:49,COMPLETED,29669.0,428.9,491.17,516.64
501,easy,12,11:20:33,11:26:07,11:32:02,COMPLETED,34502.0,5923.1,334.23,689.33
480,easy,12,11:23:06,11:31:24,11:32:02,COMPLETED,25522.0,641.4,498.17,536.33
579,easy,12,11:23:01,11:30:58,11:33:05,COMPLETED,37081.0,2124.8,477.78,604.98
511,easy,11,11:25:05,11:33:12,11:33:25,COMPLETED,24100.0,226.6,487.31,500.42
561,easy,11,11:25:08,11:33:31,11:33:31,COMPLETED,25876.0,10.2,503.95,503.95
557,easy,11,11:25:32,11:33:38,11:33:44,COMPLETED,24156.0,115.1,486.60,492.95
570,easy,11,11:25:49,11:33:51,11:34:04,COMPLETED,28816.0,227.9,482.56,495.73
556,medium,13,11:24:42,11:32:08,11:34:17,COMPLETED,33070.0,2157.9,446.68,575.62
573,medium,13,11:22:30,11:29:36,11:34:36,COMPLETED,36401.0,5011.0,426.57,726.93
528,easy,11,11:26:16,11:34:24,11:34:36,COMPLETED,28658.0,217.5,488.21,500.93
516,easy,11,11:26:31,11:34:43,11:34:49,COMPLETED,23663.0,112.9,492.29,498.76
493,easy,12,11:26:33,11:34:43,11:35:09,COMPLETED,24889.0,433.0,490.29,516.01
411,hard,15,10:10:03,10:10:08,11:35:15,COMPLETED,35626.0,85117.5,5.51,5112.35
466,easy,12,11:26:45,11:34:56,11:35:21,COMPLETED,29386.0,434.2,491.09,516.79
454,hard,15,11:17:30,11:20:35,11:35:34,COMPLETED,30191.0,14984.8,185.74,1084.56
505,easy,11,11:27:53,11:35:21,11:35:59,COMPLETED,21070.0,639.8,448.79,486.88
169,medium,14,09:13:46,09:13:46,11:36:31,COMPLETED,34443.0,142755.4,0.45,8565.71
482,easy,11,11:29:26,11:36:38,11:36:50,COMPLETED,31161.0,217.4,432.05,444.75
525,easy,11,11:29:38,11:36:57,11:37:03,COMPLETED,20019.0,112.2,439.12,445.50
500,easy,12,11:28:12,11:35:28,11:37:09,COMPLETED,27157.0,1701.6,436.18,537.89
450,easy,11,11:30:01,11:37:09,11:37:22,COMPLETED,29635.0,218.8,428.89,441.71
522,medium,13,11:26:56,11:35:15,11:38:44,COMPLETED,31117.0,3497.2,499.35,708.84
343,hard,15,10:43:52,10:52:01,11:38:51,COMPLETED,35141.0,46830.1,489.67,3299.24
565,easy,11,11:31:12,11:38:51,11:39:03,COMPLETED,26915.0,217.0,459.24,471.96
464,easy,11,11:31:25,11:38:57,11:39:03,COMPLETED,23203.0,111.1,452.61,458.96
529,easy,12,11:31:41,11:39:10,11:39:29,COMPLETED,31624.0,324.7,449.30,468.46
550,medium,14,11:15:01,11:16:09,11:39:54,COMPLETED,37455.0,23753.5,68.94,1493.90
449,medium,14,10:53:27,11:01:13,11:40:01,COMPLETED,33125.0,38798.0,466.65,2794.27
552,easy,11,11:32:35,11:39:35,11:40:01,COMPLETED,26717.0,430.6,420.81,446.27
576,medium,13,11:28:32,11:35:40,11:42:17,COMPLETED,34788.0,6610.6,428.90,825.06
403,medium,14,10:56:49,11:03:32,11:42:30,COMPLETED,30705.0,38963.2,403.86,2741.33
475,medium,13,11:31:49,11:39:10,11:42:36,COMPLETED,27516.0,3451.7,441.30,647.87
567,medium,14,11:31:01,11:37:29,11:43:28,COMPLETED,29202.0,6003.3,388.05,747.78
397,hard,15,10:40:23,10:48:32,11:44:07,COMPLETED,30660.0,55593.0,489.46,3824.74
514,medium,13,11:30:12,11:37:16,11:44:14,COMPLETED,29813.0,6975.4,424.32,842.28
524,easy,11,11:34:36,11:44:20,11:44:27,COMPLETED,22685.0,110.9,584.95,591.30
389,hard,15,10:37:57,10:44:00,11:44:33,COMPLETED,31748.0,60551.2,363.97,3996.63
533,easy,12,11:35:07,11:44:33,11:45:06,COMPLETED,27255.0,554.0,566.63,599.40
544,medium,14,11:35:23,11:45:12,11:47:26,COMPLETED,23106.0,2234.4,589.93,723.70
476,medium,14,11:16:16,11:19:56,11:48:36,COMPLETED,40286.0,28670.5,220.38,1940.33
554,easy,12,11:36:23,11:48:42,11:49:01,COMPLETED,24497.0,321.6,739.75,758.74
589,medium,13,11:35:45,11:47:33,11:49:20,COMPLETED,31118.0,1801.8,708.03,815.83
491,hard,15,11:33:11,11:40:07,11:49:33,COMPLETED,31151.0,9433.7,416.68,982.53
551,easy,11,11:36:51,11:49:39,11:49:52,COMPLETED,28676.0,216.3,768.86,781.53
571,medium,13,11:36:33,11:49:08,11:50:55,COMPLETED,23434.0,1799.1,755.07,862.72
113,hard,15,08:04:46,08:04:50,11:51:46,COMPLETED,31296.0,226937.4,4.72,13620.95
463,medium,14,11:33:01,11:40:07,11:51:59,COMPLETED,31455.0,11878.7,426.68,1138.94
585,easy,12,11:37:42,11:51:02,11:51:59,COMPLETED,27302.0,974.6,800.06,857.94
582,medium,14,11:24:52,11:32:08,11:52:13,COMPLETED,32059.0,20083.4,436.68,1641.31
555,easy,11,11:38:05,11:51:53,11:52:26,COMPLETED,32914.0,556.4,828.32,861.24
498,easy,11,11:38:09,11:52:06,11:52:26,COMPLETED,32206.0,335.9,837.59,857.24
539,easy,12,11:40:11,11:52:19,11:52:45,COMPLETED,32912.0,440.7,728.87,754.83
538,medium,13,11:39:17,11:52:06,11:53:57,COMPLETED,31953.0,1847.3,769.59,880.20
471,easy,11,11:41:12,11:54:03,11:54:35,COMPLETED,30947.0,548.1,771.57,803.97
563,easy,11,11:41:28,11:54:42,11:54:49,COMPLETED,20746.0,117.9,794.50,801.09
453,medium,13,11:36:41,11:49:27,11:55:14,COMPLETED,26927.0,5805.0,766.16,1113.98
521,easy,12,11:42:31,11:54:55,11:56:13,COMPLETED,30394.0,1302.7,744.62,822.48
467,easy,12,11:42:52,11:55:21,11:56:13,COMPLETED,29534.0,870.8,749.55,801.48
577,easy,12,11:43:25,11:56:19,11:56:45,COMPLETED,23968.0,427.2,774.82,800.15
588,easy,12,11:43:40,11:56:51,11:57:10,COMPLETED,29798.0,323.0,791.48,810.55
542,medium,13,11:20:41,11:27:23,11:58:13,COMPLETED,33180.0,30841.2,402.53,2252.78
593,medium,13,11:36:56,11:49:58,11:59:16,COMPLETED,28934.0,9306.3,782.86,1340.97
462,easy,12,11:43:50,11:57:16,12:00:01,COMPLETED,34121.0,2744.2,806.89,971.24
509,hard,15,11:15:41,11:17:40,12:00:13,COMPLETED,33775.0,42554.7,119.85,2672.92
393,hard,15,10:03:46,10:05:50,12:01:23,COMPLETED,34345.0,115553.6,124.37,7057.45
494,medium,13,11:44:29,11:59:23,12:01:48,COMPLETED,33070.0,2429.3,894.30,1039.76
547,easy,11,11:45:53,12:01:55,12:02:01,COMPLETED,25747.0,111.8,962.10,968.50
299,hard,15,09:44:01,09:44:05,12:02:27,COMPLETED,33722.0,138359.1,4.81,8306.25
596,medium,14,11:15:49,11:18:39,12:02:27,COMPLETED,33804.0,43807.2,170.03,2798.25
530,easy,11,11:46:20,12:02:33,12:02:46,COMPLETED,28940.0,220.8,973.61,986.66
470,medium,13,11:45:52,12:01:29,12:04:04,COMPLETED,29729.0,2578.2,937.79,1092.19
526,medium,13,11:45:09,12:00:07,12:04:17,COMPLETED,32985.0,4166.3,898.57,1148.13
549,easy,11,11:47:23,12:04:10,12:04:17,COMPLETED,20003.0,117.6,1007.52,1014.13
566,easy,12,11:47:26,12:04:23,12:04:55,COMPLETED,32034.0,545.4,1017.60,1049.87
519,medium,14,11:40:32,11:52:32,12:06:58,COMPLETED,33996.0,14434.6,720.80,1586.55
559,hard,15,11:12:22,11:14:53,12:07:17,COMPLETED,30100.0,52420.6,151.07,3296.00
510,medium,14,11:47:24,12:04:23,12:07:17,COMPLETED,29240.0,2915.3,1019.60,1194.00
481,medium,14,11:34:23,11:43:35,12:07:44,COMPLETED,36173.0,24149.5,552.33,2001.06
545,easy,12,11:48:40,12:07:05,12:07:50,COMPLETED,28617.0,765.0,1105.09,1150.40
562,easy,12,11:49:07,12:07:24,12:07:50,COMPLETED,27423.0,440.9,1097.57,1123.40
486,easy,11,11:50:57,12:07:57,12:08:10,COMPLETED,20822.0,228.7,1020.09,1033.34
574,easy,12,11:50:57,12:07:57,12:08:16,COMPLETED,26309.0,337.9,1020.09,1039.87
458,easy,12,11:50:55,12:07:50,12:08:36,COMPLETED,32693.0,775.3,1015.40,1061.60
520,medium,13,11:48:21,12:05:02,12:08:42,COMPLETED,31310.0,3681.6,1001.39,1221.97
541,medium,13,11:47:21,12:02:52,12:08:49,COMPLETED,31171.0,5944.7,931.98,1288.34
469,easy,11,11:53:47,12:08:49,12:09:02,COMPLETED,31847.0,218.1,902.34,915.12
183,hard,15,09:41:18,09:41:22,12:09:27,COMPLETED,35975.0,148079.6,4.86,8889.51
540,medium,14,11:26:07,11:34:11,12:10:30,COMPLETED,26085.0,36329.0,484.27,2663.80
587,easy,12,11:55:03,12:09:33,12:10:43,COMPLETED,24971.0,1164.9,870.90,940.49
568,easy,11,11:55:10,12:10:37,12:11:27,COMPLETED,36206.0,849.5,927.13,977.81
485,medium,14,11:40:25,11:52:32,12:12:49,COMPLETED,31479.0,20290.8,727.80,1944.98
461,easy,12,11:56:09,12:12:56,12:13:40,COMPLETED,25698.0,746.6,1007.36,1051.67
546,easy,11,11:56:18,12:13:47,12:14:00,COMPLETED,26997.0,229.6,1049.20,1062.40
532,easy,11,11:56:57,12:14:07,12:14:13,COMPLETED,22222.0,117.0,1030.03,1036.55
484,medium,14,11:53:12,12:08:42,12:14:52,COMPLETED,31596.0,6163.9,930.97,1300.31
599,hard,15,11:16:47,11:20:09,12:15:37,COMPLETED,33525.0,55476.7,202.55,3530.82
504,easy,11,11:57:32,12:14:58,12:15:37,COMPLETED,35436.0,658.2,1046.88,1085.82
581,medium,14,11:55:03,12:09:08,12:16:10,COMPLETED,35254.0,7035.7,845.46,1267.07
595,easy,11,11:58:10,12:15:44,12:16:10,COMPLETED,21360.0,436.7,1054.41,1080.07
483,medium,14,11:50:30,12:07:24,12:16:23,COMPLETED,29213.0,8980.4,1014.57,1553.10
497,medium,13,11:55:26,12:10:49,12:17:15,COMPLETED,35243.0,6429.0,923.83,1309.05
569,medium,13,11:57:41,12:15:44,12:17:28,COMPLETED,31801.0,1734.6,1083.41,1187.01
594,easy,12,11:59:26,12:16:29,12:18:38,COMPLETED,30817.0,2162.3,1023.62,1152.87
492,medium,13,11:55:27,12:11:34,12:19:36,COMPLETED,37483.0,8052.0,967.13,1449.98
633,easy,11,12:01:53,12:19:43,12:19:55,COMPLETED,27598.0,216.5,1070.31,1082.99
592,medium,14,11:43:36,11:56:19,12:20:52,COMPLETED,28320.0,24554.1,763.82,2236.87
735,easy,12,12:02:11,12:20:02,12:20:59,COMPLETED,28648.0,953.6,1071.33,1128.19
221,medium,14,09:48:35,09:48:39,12:21:30,COMPLETED,34571.0,152863.2,4.22,9175.95
699,medium,13,12:00:08,12:17:21,12:21:30,COMPLETED,29682.0,4159.8,1033.66,1282.95
635,medium,13,12:00:35,12:17:34,12:21:37,COMPLETED,21864.0,4052.9,1019.57,1262.29
409,hard,15,10:31:41,10:38:15,12:21:43,COMPLETED,35007.0,103472.3,394.64,6602.80
691,easy,12,12:03:00,12:21:37,12:22:02,COMPLETED,31662.0,429.7,1117.29,1142.83
612,easy,11,12:03:10,12:21:43,12:22:02,COMPLETED,27091.0,322.5,1113.80,1132.83
688,easy,11,12:03:24,12:21:50,12:22:09,COMPLETED,26255.0,324.1,1106.17,1125.18
658,easy,12,12:02:48,12:21:05,12:22:47,COMPLETED,34354.0,1699.2,1097.57,1199.24
523,medium,13,11:58:58,12:16:16,12:23:06,COMPLETED,33082.0,6829.6,1038.71,1448.24
700,easy,12,12:03:53,12:22:15,12:23:19,COMPLETED,24000.0,1061.2,1102.66,1166.02
716,easy,11,12:05:17,12:23:12,12:23:19,COMPLETED,23794.0,112.8,1075.59,1082.02
136,medium,14,08:47:51,08:47:53,12:24:28,COMPLETED,47069.0,216590.4,2.28,12997.72
636,easy,11,12:06:24,12:24:35,12:24:48,COMPLETED,27567.0,220.5,1091.11,1104.05
1,hard,15,08:12:52,08:12:58,12:25:13,COMPLETED,26155.0,252266.2,6.04,15141.97
107,hard,15,08:41:09,08:41:11,12:25:26,COMPLETED,36690.0,224259.3,2.37,13457.87
601,medium,13,12:01:47,12:18:45,12:25:53,COMPLETED,35359.0,7131.0,1018.42,1446.03
508,medium,13,11:54:17,12:08:55,12:26:25,COMPLETED,35814.0,17499.7,878.72,1928.45
738,easy,12,12:06:59,12:26:31,12:26:44,COMPLETED,25222.0,216.5,1172.81,1185.47
586,hard,15,11:46:10,12:02:33,12:27:23,COMPLETED,29502.0,24830.5,983.61,2473.04
634,medium,13,12:02:38,12:20:59,12:27:48,COMPLETED,23028.0,6836.3,1101.19,1510.94
652,medium,13,12:06:04,12:23:25,12:27:55,COMPLETED,30467.0,4510.7,1041.38,1311.51
527,medium,14,11:46:09,12:02:07,12:28:02,COMPLETED,28230.0,25911.4,958.84,2513.15
696,easy,12,12:08:35,12:28:08,12:28:21,COMPLETED,22105.0,225.1,1173.70,1186.82
614,easy,11,12:08:30,12:28:02,12:28:28,COMPLETED,28218.0,445.9,1172.15,1198.24
651,medium,13,12:05:49,12:23:25,12:28:34,COMPLETED,29938.0,5164.8,1056.38,1365.96
627,medium,13,12:06:45,12:25:59,12:28:41,COMPLETED,30266.0,2709.2,1154.35,1316.34
625,easy,11,12:09:35,12:28:34,12:28:47,COMPLETED,26288.0,227.7,1139.96,1153.00
736,medium,13,12:04:57,12:22:53,12:29:26,COMPLETED,30337.0,6563.2,1076.57,1469.90
722,medium,13,12:07:56,12:27:55,12:29:33,COMPLETED,28520.0,1638.2,1199.51,1297.48
708,easy,11,12:10:21,12:29:33,12:30:12,COMPLETED,28181.0,655.2,1152.48,1191.29
741,easy,11,12:10:43,12:30:18,12:30:38,COMPLETED,29307.0,330.6,1175.85,1195.31
661,easy,12,12:10:22,12:29:39,12:30:44,COMPLETED,28383.0,1086.8,1157.85,1222.72
694,easy,12,12:11:00,12:30:44,12:31:22,COMPLETED,22249.0,639.7,1184.72,1222.78
631,easy,12,12:11:15,12:31:29,12:32:26,COMPLETED,23145.0,954.4,1214.13,1271.09
682,medium,13,12:11:07,12:30:51,12:32:32,COMPLETED,25703.0,1694.5,1184.10,1285.42
645,medium,14,12:10:00,12:28:47,12:32:51,COMPLETED,31066.0,4062.9,1128.00,1371.48
468,medium,14,11:02:52,11:09:02,12:33:29,COMPLETED,33363.0,84452.5,370.49,5437.45
591,hard,15,11:28:53,11:36:06,12:33:35,COMPLETED,30424.0,57497.7,433.21,3882.86
655,medium,13,12:09:59,12:28:41,12:33:35,COMPLETED,31003.0,4914.2,1122.34,1416.86
637,medium,13,12:14:09,12:32:57,12:35:17,COMPLETED,20540.0,2324.8,1128.81,1268.01
733,medium,13,12:14:12,12:33:35,12:35:17,COMPLETED,26491.0,1691.0,1163.86,1265.01
639,easy,11,12:15:13,12:35:23,12:35:36,COMPLETED,27518.0,216.5,1210.36,1223.09
649,medium,14,12:06:43,12:25:33,12:37:24,COMPLETED,34537.0,11849.3,1130.42,1841.12
660,medium,13,12:10:05,12:28:54,12:37:24,COMPLETED,28965.0,8495.4,1129.68,1639.12
558,medium,14,11:15:21,11:16:22,12:37:36,COMPLETED,28410.0,81236.8,61.86,4935.91
604,medium,14,12:03:34,12:22:09,12:38:33,COMPLETED,27895.0,16415.1,1115.18,2099.81
536,hard,15,11:33:41,11:42:23,12:39:05,COMPLETED,32041.0,56702.5,522.64,3924.63
473,hard,15,11:58:31,12:16:16,12:39:18,COMPLETED,28469.0,23030.8,1065.71,2447.34
710,medium,13,12:16:17,12:37:43,12:39:24,COMPLETED,31800.0,1696.1,1286.24,1387.67
705,easy,11,12:17:50,12:39:31,12:39:43,COMPLETED,33138.0,216.2,1301.05,1313.72
679,medium,13,12:16:54,12:38:40,12:40:02,COMPLETED,24233.0,1380.2,1306.19,1388.72
623,easy,12,12:17:21,12:39:11,12:40:15,COMPLETED,25442.0,1062.4,1310.96,1374.41
600,easy,12,12:18:08,12:39:50,12:40:53,COMPLETED,33514.0,1061.3,1302.05,1365.43
489,hard,15,11:52:10,12:08:16,12:41:38,COMPLETED,38808.0,33362.2,966.87,2968.27
726,medium,13,12:19:08,12:40:59,12:41:38,COMPLETED,30969.0,650.9,1311.76,1350.27
641,easy,12,12:14:18,12:33:42,12:41:44,COMPLETED,33607.0,8053.4,1164.23,1646.85
672,medium,13,12:17:40,12:39:24,12:42:10,COMPLETED,36364.0,2778.4,1304.67,1470.91
743,easy,12,12:21:06,12:42:17,12:42:56,COMPLETED,29942.0,653.2,1271.46,1310.30
39,medium,14,08:43:33,08:43:33,12:44:31,COMPLETED,45114.0,240966.9,0.99,14458.97
663,medium,14,12:09:13,12:28:28,12:44:44,COMPLETED,31131.0,16279.4,1155.24,2131.74
697,medium,13,12:13:13,12:32:38,12:44:44,COMPLETED,34392.0,12104.1,1165.80,1891.74
608,easy,11,12:23:11,12:44:51,12:45:16,COMPLETED,28601.0,427.6,1300.13,1325.49
472,hard,15,11:44:13,11:58:20,12:45:54,COMPLETED,34433.0,47575.3,847.11,3701.43
619,medium,13,12:23:16,12:44:51,12:46:07,COMPLETED,30157.0,1272.0,1295.13,1371.14
673,easy,12,12:25:11,12:46:13,12:47:04,COMPLETED,25147.0,847.7,1262.56,1313.11
638,easy,12,12:25:18,12:47:10,12:47:35,COMPLETED,27258.0,426.6,1312.44,1337.73
717,easy,11,12:25:36,12:47:42,12:47:48,COMPLETED,22636.0,111.1,1326.06,1332.42
607,easy,12,12:24:37,12:46:00,12:48:32,COMPLETED,29609.0,2539.5,1283.77,1435.74
709,medium,13,12:14:48,12:33:42,12:49:04,COMPLETED,43224.0,15381.5,1134.23,2056.92
689,easy,12,12:26:34,12:48:39,12:49:17,COMPLETED,30128.0,649.6,1325.20,1363.87
613,medium,13,12:26:10,12:47:54,12:50:22,COMPLETED,28865.0,2471.9,1304.75,1452.78
720,easy,12,12:27:29,12:50:29,12:50:55,COMPLETED,22133.0,439.2,1380.10,1406.15
632,medium,14,12:15:20,12:35:42,12:52:12,COMPLETED,35348.0,16511.1,1222.42,2212.68
727,medium,13,12:27:39,12:51:01,12:52:44,COMPLETED,26099.0,1726.8,1402.48,1505.76
654,easy,12,12:28:42,12:52:51,12:52:57,COMPLETED,23368.0,118.4,1449.14,1455.76
719,medium,14,12:14:55,12:35:23,12:57:06,COMPLETED,32992.0,21721.3,1228.36,2531.40
642,easy,11,12:30:24,12:57:12,12:57:44,COMPLETED,31112.0,531.7,1608.73,1640.33
749,easy,12,12:30:52,12:57:50,12:58:16,COMPLETED,31694.0,427.8,1618.66,1644.02
687,easy,11,12:31:36,12:58:22,12:58:35,COMPLETED,28941.0,216.3,1606.35,1619.03
677,medium,14,12:24:00,12:45:22,12:59:00,COMPLETED,29676.0,13631.3,1282.82,2100.40
611,medium,14,12:28:02,12:52:19,13:01:08,COMPLETED,27648.0,8824.9,1457.22,1986.43
703,hard,15,12:07:20,12:26:50,13:01:33,COMPLETED,33143.0,34721.0,1170.82,3253.83
675,medium,14,12:31:47,12:58:41,13:02:30,COMPLETED,36661.0,3835.4,1614.35,1844.00
662,easy,12,12:33:04,13:01:40,13:02:43,COMPLETED,30973.0,1070.4,1716.20,1779.90
650,medium,13,12:21:46,12:43:02,13:03:48,COMPLETED,38488.0,20775.1,1276.68,2522.75
669,easy,12,12:34:52,13:02:50,13:04:46,COMPLETED,32368.0,1946.9,1678.47,1794.98
175,hard,15,09:56:42,09:58:15,13:05:12,COMPLETED,33165.0,186949.7,93.83,11310.72
712,easy,11,12:35:09,13:04:53,13:05:12,COMPLETED,23549.0,328.6,1784.31,1803.72
724,easy,11,12:35:26,13:05:19,13:05:25,COMPLETED,25020.0,112.3,1793.06,1799.48
488,hard,15,11:33:57,11:42:36,13:05:38,COMPLETED,37990.0,83026.8,519.87,5501.29
681,medium,14,12:33:26,13:02:37,13:07:38,COMPLETED,24772.0,5023.6,1751.54,2052.61
512,hard,15,11:57:08,12:14:20,13:07:51,COMPLETED,34517.0,53524.5,1032.08,4243.36
695,hard,15,12:18:31,12:40:09,13:10:29,COMPLETED,34914.0,30341.7,1298.05,3118.32
670,easy,12,12:38:50,13:10:35,13:11:14,COMPLETED,36574.0,649.4,1905.65,1944.11
460,hard,15,11:24:40,11:31:55,13:12:44,COMPLETED,29314.0,100817.7,435.97,6484.87
640,medium,14,12:30:16,12:53:04,13:13:49,COMPLETED,33928.0,20760.9,1368.28,2613.64
630,easy,12,12:39:21,13:13:56,13:14:09,COMPLETED,28666.0,225.8,2075.03,2088.07
420,medium,14,10:24:22,10:33:57,13:15:07,COMPLETED,37282.0,161164.8,575.80,10245.48
744,medium,14,12:38:51,13:11:20,13:15:33,COMPLETED,28552.0,4220.3,1949.65,2202.38
676,easy,11,12:41:07,13:15:14,13:15:33,COMPLETED,29770.0,331.2,2047.05,2066.38
603,easy,12,12:41:26,13:15:39,13:16:25,COMPLETED,30460.0,764.7,2053.97,2099.57
718,easy,11,12:41:41,13:16:31,13:16:38,COMPLETED,30926.0,119.0,2090.97,2097.62
713,medium,14,12:35:24,13:05:19,13:16:51,COMPLETED,34740.0,11551.4,1795.06,2487.82
731,easy,12,12:41:42,13:16:45,13:17:42,COMPLETED,33265.0,960.7,2103.16,2160.50
732,medium,14,12:27:15,12:49:24,13:19:48,COMPLETED,34640.0,30415.6,1329.20,3153.90
680,medium,14,12:36:07,13:05:44,13:23:32,COMPLETED,30234.0,17798.4,1777.68,2845.13
725,easy,11,12:43:12,13:23:38,13:23:45,COMPLETED,30390.0,115.3,2426.68,2433.30
629,easy,11,12:43:34,13:23:51,13:24:04,COMPLETED,18311.0,225.9,2417.63,2430.68
721,hard,15,12:20:20,12:41:44,13:26:13,COMPLETED,33406.0,44488.9,1284.85,3953.88
684,medium,13,12:42:02,13:17:48,13:26:39,COMPLETED,31239.0,8853.4,2146.83,2677.74
602,medium,13,12:44:10,13:26:20,13:28:35,COMPLETED,26669.0,2248.2,2530.46,2665.05
714,medium,13,12:43:38,13:24:11,13:30:28,COMPLETED,33340.0,6298.6,2433.23,2810.86
465,hard,15,11:45:46,12:00:20,13:31:19,COMPLETED,34523.0,90989.7,874.25,6333.46
664,easy,11,12:45:37,13:31:25,13:31:32,COMPLETED,27260.0,111.2,2748.79,2755.16
621,medium,13,12:44:51,13:28:41,13:32:10,COMPLETED,27369.0,3485.5,2630.38,2839.17
656,hard,15,12:06:30,12:24:54,13:32:16,COMPLETED,32355.0,67373.5,1104.37,5146.55
729,hard,15,12:07:49,12:27:29,13:33:33,COMPLETED,31313.0,66066.5,1180.62,5144.30
671,hard,15,12:13:08,12:32:32,13:33:46,COMPLETED,24906.0,61232.6,1164.42,4838.18
626,hard,15,12:39:19,13:12:51,13:33:59,COMPLETED,33427.0,21137.7,2012.21,3280.12
617,easy,12,12:48:22,13:32:22,13:33:59,COMPLETED,28888.0,1610.6,2640.93,2737.12
690,easy,12,12:49:02,13:33:39,13:34:57,COMPLETED,32387.0,1302.7,2677.83,2755.53
628,hard,15,12:26:38,12:49:11,13:37:38,COMPLETED,35002.0,48461.5,1353.25,4260.57
686,easy,11,12:50:31,13:37:45,13:37:57,COMPLETED,19815.0,222.1,2834.12,2846.94
622,medium,14,12:49:59,13:34:05,13:38:11,COMPLETED,26497.0,4106.0,2646.60,2892.50
286,hard,15,09:26:43,09:26:44,13:38:18,COMPLETED,42165.0,251559.3,1.56,15095.03
707,easy,11,12:52:18,13:38:24,13:38:30,COMPLETED,19968.0,118.2,2766.40,2772.99
748,medium,13,12:46:00,13:31:38,13:39:03,COMPLETED,32210.0,7414.2,2738.49,3183.01
648,easy,11,12:53:08,13:39:09,13:39:15,COMPLETED,24543.0,113.8,2761.41,2767.94
643,easy,11,12:53:38,13:39:22,13:39:28,COMPLETED,24936.0,112.3,2744.27,2750.70
728,medium,13,12:16:16,12:37:30,13:43:03,COMPLETED,40328.0,65553.1,1274.46,5207.49
706,easy,11,12:54:28,13:43:09,13:43:22,COMPLETED,25706.0,216.1,2921.82,2934.49
618,medium,13,12:54:16,13:39:35,13:46:00,COMPLETED,33970.0,6432.8,2719.03,3104.71
331,medium,14,10:41:41,10:48:51,13:46:32,COMPLETED,31791.0,177682.5,430.48,11091.32
659,medium,13,12:54:44,13:43:28,13:46:44,COMPLETED,21741.0,3274.7,2924.82,3121.00
665,easy,11,12:54:46,13:46:51,13:47:04,COMPLETED,24727.0,216.2,3125.33,3138.01
615,easy,12,12:52:27,13:38:37,13:47:10,COMPLETED,39770.0,8552.4,2770.53,3283.33
609,easy,12,12:55:21,13:47:10,13:47:42,COMPLETED,32777.0,532.9,3109.33,3141.01
698,medium,13,12:42:51,13:19:55,13:47:54,COMPLETED,33234.0,27996.1,2224.23,3903.74
616,easy,11,12:56:45,13:48:01,13:48:13,COMPLETED,23344.0,216.0,3076.09,3088.74
704,medium,13,12:54:45,13:46:07,13:48:26,COMPLETED,23735.0,2328.0,3082.03,3221.42
537,medium,14,11:34:30,11:44:14,13:48:58,COMPLETED,37156.0,124733.1,584.28,8068.13
739,easy,12,12:57:49,13:48:32,13:49:23,COMPLETED,29140.0,850.2,3043.76,3094.47
678,medium,13,12:56:06,13:47:48,13:49:29,COMPLETED,37887.0,1696.6,3102.34,3203.80
667,easy,12,12:57:42,13:48:20,13:49:42,COMPLETED,33258.0,1379.8,3038.07,3120.54
674,easy,11,12:59:55,13:49:36,13:49:48,COMPLETED,26991.0,222.1,2981.17,2993.90
841,easy,11,13:00:22,13:49:48,13:49:55,COMPLETED,27249.0,123.5,2966.90,2973.55
163,hard,15,09:42:30,09:42:31,13:50:02,COMPLETED,37286.0,247511.3,1.80,14852.37
657,easy,12,12:57:59,13:49:04,13:50:08,COMPLETED,30263.0,1081.1,3065.45,3129.74
701,easy,11,12:59:41,13:49:29,13:50:08,COMPLETED,25050.0,659.3,2988.80,3027.74
834,easy,11,13:01:56,13:50:02,13:50:15,COMPLETED,28370.0,223.8,2886.37,2899.42
770,easy,11,13:02:31,13:50:08,13:50:15,COMPLETED,27602.0,117.9,2857.74,2864.42
852,easy,11,13:00:31,13:49:55,13:50:21,COMPLETED,33911.0,448.9,2964.55,2990.86
865,easy,11,13:06:24,13:50:21,13:50:35,COMPLETED,19818.0,226.8,2637.86,2651.18
773,easy,12,13:07:34,13:50:41,13:51:13,COMPLETED,29836.0,546.6,2587.60,2619.90
646,medium,14,12:55:50,13:47:16,13:52:18,COMPLETED,31706.0,5032.4,3086.71,3388.23
666,hard,15,12:41:26,13:15:39,13:52:56,COMPLETED,38452.0,37277.9,2053.97,4290.41
821,easy,12,13:07:58,13:52:24,13:52:56,COMPLETED,27072.0,533.6,2666.72,2698.41
147,hard,15,08:01:17,08:01:18,13:53:09,COMPLETED,31284.0,351837.7,1.88,21112.13
734,hard,15,12:50:00,13:34:05,13:53:53,COMPLETED,33650.0,19799.6,2645.60,3833.38
791,easy,11,13:08:56,13:53:59,13:54:12,COMPLETED,26517.0,216.3,2703.71,2716.38
702,hard,15,12:54:45,13:46:38,13:56:12,COMPLETED,36100.0,9567.7,3113.65,3687.45
792,medium,14,13:09:39,13:54:18,13:56:56,COMPLETED,28865.0,2638.3,2679.71,2837.70
374,hard,15,10:33:59,10:41:44,13:57:03,COMPLETED,39278.0,195305.1,465.87,12184.04
796,easy,12,13:09:53,13:56:18,13:57:09,COMPLETED,29979.0,850.1,2785.78,2836.41
876,medium,14,13:04:21,13:50:21,13:57:22,COMPLETED,30342.0,7017.0,2760.86,3181.40
750,easy,11,13:10:49,13:57:09,13:57:28,COMPLETED,30742.0,336.2,2780.41,2799.95
758,medium,13,13:12:11,13:57:15,13:59:31,COMPLETED,26457.0,2275.4,2704.83,2840.88
644,medium,14,12:19:01,12:40:21,13:59:38,COMPLETED,35024.0,79281.5,1280.74,6037.42
756,easy,11,13:12:35,13:59:44,14:00:10,COMPLETED,29072.0,442.2,2829.79,2855.95
899,medium,13,13:12:40,14:00:17,14:00:43,COMPLETED,30209.0,439.7,2857.35,2883.23
882,medium,13,13:12:18,13:57:35,14:01:22,COMPLETED,28221.0,3786.3,2717.64,2944.30
380,hard,15,10:55:13,11:02:54,14:01:35,COMPLETED,38144.0,178679.6,461.92,11182.49
859,easy,11,13:13:12,14:01:28,14:01:42,COMPLETED,21573.0,229.5,2896.88,2910.06
740,hard,15,12:37:32,13:07:45,14:01:55,COMPLETED,30659.0,54173.8,1813.01,5063.10
877,easy,11,13:13:34,14:01:48,14:02:01,COMPLETED,26591.0,225.8,2894.71,2907.65
757,easy,11,13:13:25,14:01:42,14:02:14,COMPLETED,30051.0,552.3,2897.06,2929.91
870,easy,12,13:13:42,14:02:01,14:02:21,COMPLETED,29459.0,335.9,2899.65,2919.24
806,medium,13,13:08:56,13:53:15,14:02:53,COMPLETED,26897.0,9646.8,2659.45,3237.81
787,easy,12,13:13:45,14:02:08,14:03:00,COMPLETED,26761.0,876.9,2903.30,2955.36
786,medium,13,13:12:27,13:59:38,14:03:39,COMPLETED,28795.0,4018.9,2831.42,3072.27
850,medium,13,13:12:50,14:00:49,14:04:23,COMPLETED,30491.0,3568.8,2879.78,3093.62
840,easy,12,13:15:07,14:03:06,14:04:29,COMPLETED,26472.0,1388.8,2879.99,2962.97
683,hard,15,12:20:18,12:41:44,14:04:55,COMPLETED,34639.0,83177.9,1286.85,6277.36
711,medium,14,12:51:33,13:38:04,14:05:01,COMPLETED,33489.0,26958.2,2791.49,4408.70
800,easy,12,13:16:47,14:04:36,14:05:20,COMPLETED,23379.0,744.9,2869.35,2913.75
769,easy,11,13:19:00,14:05:27,14:05:46,COMPLETED,30244.0,321.9,2787.08,2806.08
774,easy,11,13:18:03,14:05:01,14:05:58,COMPLETED,34872.0,957.9,2818.70,2875.82
866,easy,12,13:16:44,14:04:29,14:06:30,COMPLETED,29955.0,2014.8,2865.97,2986.57
715,hard,15,12:22:08,12:44:38,14:06:43,COMPLETED,27635.0,82086.3,1350.32,6275.30
839,easy,11,13:21:27,14:06:49,14:06:56,COMPLETED,25901.0,112.8,2722.69,2729.11
653,hard,15,12:35:41,13:05:31,14:07:53,COMPLETED,30998.0,62356.2,1790.87,5532.06
875,easy,12,13:22:02,14:07:02,14:07:59,COMPLETED,25313.0,954.3,2700.48,2757.39
768,easy,11,13:22:14,14:07:59,14:08:24,COMPLETED,31391.0,428.8,2745.39,2770.81
826,easy,12,13:19:26,14:05:52,14:08:31,COMPLETED,28377.0,2650.9,2786.43,2945.15
810,easy,12,13:22:49,14:08:05,14:08:50,COMPLETED,32582.0,753.7,2716.78,2761.44
578,hard,15,11:35:14,11:44:40,14:09:42,COMPLETED,42290.0,145038.2,566.30,9268.38
885,easy,11,13:23:32,14:09:48,14:09:55,COMPLETED,21318.0,111.1,2776.91,2783.26
798,easy,12,13:23:35,14:10:01,14:10:20,COMPLETED,30000.0,322.2,2786.60,2805.57
816,hard,15,13:03:59,13:50:15,14:10:52,COMPLETED,31991.0,20619.8,2776.42,4013.39
856,medium,14,13:21:10,14:06:36,14:10:52,COMPLETED,26497.0,4263.7,2726.90,2982.39
833,easy,11,13:24:50,14:10:26,14:10:52,COMPLETED,29402.0,429.9,2736.96,2762.39
780,medium,13,13:14:18,14:02:27,14:11:17,COMPLETED,25414.0,8837.0,2889.87,3419.82
863,medium,13,13:16:29,14:03:45,14:11:30,COMPLETED,31394.0,7756.2,2836.60,3301.54
624,medium,14,12:47:20,13:32:16,14:11:37,COMPLETED,34357.0,39350.4,2696.55,5057.08
818,easy,12,13:27:56,14:11:43,14:11:56,COMPLETED,28217.0,218.3,2627.78,2640.45
765,easy,11,13:28:42,14:12:02,14:12:16,COMPLETED,31437.0,226.8,2600.91,2614.02
737,hard,15,12:39:37,13:14:15,14:12:22,COMPLETED,35780.0,58119.5,2078.61,5565.57
823,medium,14,13:14:12,14:02:21,14:12:22,COMPLETED,30406.0,10027.3,2889.24,3490.57
898,medium,13,13:21:07,14:06:05,14:12:28,COMPLETED,37869.0,6405.5,2698.22,3081.96
239,hard,15,09:50:23,09:50:29,14:12:35,COMPLETED,37200.0,262113.2,6.10,15732.67
813,easy,12,13:27:54,14:11:37,14:12:42,COMPLETED,32157.0,1096.6,2623.08,2688.33
887,easy,11,13:30:00,14:12:42,14:12:55,COMPLETED,20366.0,229.0,2562.33,2575.58
868,medium,13,13:26:08,14:10:58,14:13:02,COMPLETED,37763.0,2060.5,2690.77,2814.13
804,medium,14,13:27:13,14:10:58,14:13:15,COMPLETED,26421.0,2278.9,2625.77,2762.14
771,easy,11,13:30:44,14:13:02,14:13:15,COMPLETED,29028.0,225.6,2538.13,2551.14
880,easy,11,13:30:46,14:13:08,14:13:28,COMPLETED,28876.0,336.2,2542.50,2562.40
873,medium,13,13:29:54,14:12:28,14:13:34,COMPLETED,31161.0,1104.6,2554.96,2620.73
814,easy,12,13:31:05,14:13:21,14:14:01,COMPLETED,31017.0,658.4,2536.71,2576.01
878,easy,11,13:31:28,14:13:41,14:14:01,COMPLETED,27608.0,331.8,2533.41,2553.01
831,easy,11,13:32:51,14:14:07,14:14:14,COMPLETED,21069.0,120.1,2476.35,2483.06
867,easy,11,13:32:57,14:14:07,14:15:05,COMPLETED,24850.0,976.9,2470.35,2528.75
281,hard,15,09:36:16,09:36:20,14:15:43,COMPLETED,32756.0,279388.4,4.43,16767.69
779,medium,13,13:22:56,14:08:31,14:16:15,COMPLETED,27305.0,7740.2,2735.15,3199.31
855,medium,13,13:25:25,14:10:58,14:16:53,COMPLETED,25549.0,5913.9,2733.77,3088.31
837,medium,13,13:34:00,14:14:20,14:16:59,COMPLETED,28282.0,2658.0,2420.61,2579.69
777,easy,12,13:34:48,14:16:21,14:16:59,COMPLETED,27944.0,641.3,2493.65,2531.69
783,easy,11,13:35:22,14:16:59,14:17:06,COMPLETED,20194.0,114.3,2497.69,2504.16
895,easy,11,13:36:24,14:17:06,14:17:12,COMPLETED,32177.0,114.0,2442.16,2448.59
830,easy,11,13:36:42,14:17:06,14:17:12,COMPLETED,26986.0,113.6,2424.16,2430.59
848,easy,12,13:38:31,14:17:19,14:17:57,COMPLETED,26050.0,640.3,2328.05,2366.22
871,medium,13,13:29:09,14:12:28,14:18:28,COMPLETED,30339.0,6002.9,2599.96,2959.87
805,easy,12,13:38:26,14:17:19,14:18:28,COMPLETED,31401.0,1168.8,2333.05,2402.87
795,medium,13,13:34:10,14:15:50,14:18:35,COMPLETED,21450.0,2759.2,2500.02,2665.21
894,medium,13,13:38:53,14:18:03,14:18:41,COMPLETED,29824.0,640.0,2350.55,2388.62
897,easy,11,13:39:44,14:18:35,14:18:41,COMPLETED,28203.0,112.1,2331.21,2337.62
801,easy,12,13:41:17,14:18:47,14:18:54,COMPLETED,27805.0,111.0,2250.99,2257.38
890,medium,14,13:14:41,14:03:00,14:19:07,COMPLETED,41761.0,16115.9,2899.36,3866.09
772,medium,13,13:41:07,14:18:47,14:22:00,COMPLETED,33862.0,3214.5,2260.99,2453.56
776,hard,15,13:07:40,13:51:20,14:22:46,COMPLETED,35365.0,31435.3,2620.43,4506.19
879,easy,12,13:43:28,14:22:06,14:23:05,COMPLETED,25515.0,987.2,2318.92,2377.65
857,easy,11,13:43:32,14:22:52,14:23:05,COMPLETED,27555.0,224.2,2360.75,2373.65
334,hard,15,10:23:22,10:25:52,14:23:18,COMPLETED,37335.0,237436.5,150.81,14396.92
754,easy,11,13:44:20,14:23:12,14:23:31,COMPLETED,24759.0,326.1,2332.24,2351.60
742,medium,14,12:34:53,13:03:55,14:23:37,COMPLETED,28346.0,79716.4,1742.30,6524.92
888,medium,14,13:12:16,13:57:28,14:23:37,COMPLETED,34479.0,26157.5,2712.95,4281.92
827,easy,11,13:44:44,14:23:25,14:23:51,COMPLETED,27528.0,443.2,2321.24,2347.35
860,easy,12,13:44:50,14:23:37,14:23:57,COMPLETED,25583.0,342.5,2327.92,2347.90
764,easy,11,13:45:15,14:23:44,14:23:57,COMPLETED,27474.0,232.4,2309.58,2322.90
820,medium,13,13:43:38,14:23:12,14:24:04,COMPLETED,21942.0,883.2,2374.24,2426.58
828,medium,13,13:31:26,14:13:34,14:24:11,COMPLETED,38724.0,10615.2,2528.73,3165.31
844,easy,12,13:46:15,14:24:04,14:24:11,COMPLETED,28917.0,117.4,2269.58,2276.31
815,easy,12,13:45:48,14:23:57,14:24:17,COMPLETED,29152.0,342.1,2289.90,2309.76
889,easy,11,13:47:13,14:24:11,14:24:24,COMPLETED,28381.0,230.2,2218.31,2231.51
842,easy,11,13:47:32,14:24:17,14:24:31,COMPLETED,24296.0,232.3,2205.76,2219.18
892,easy,12,13:47:17,14:24:17,14:24:44,COMPLETED,31149.0,445.5,2220.76,2247.20
775,easy,11,13:48:51,14:24:37,14:24:44,COMPLETED,28440.0,111.2,2146.84,2153.20
809,easy,11,13:49:27,14:24:50,14:25:10,COMPLETED,26143.0,328.2,2123.54,2143.02
292,hard,15,09:43:31,09:43:34,14:25:22,COMPLETED,28134.0,281811.4,3.38,16911.95
881,medium,13,13:48:44,14:24:31,14:25:22,COMPLETED,30170.0,871.8,2147.18,2198.95
803,easy,12,13:42:26,14:19:00,14:25:29,COMPLETED,27890.0,6492.2,2194.71,2583.56
766,easy,12,13:50:39,14:25:29,14:26:02,COMPLETED,28159.0,550.4,2090.56,2123.27
760,easy,12,13:51:15,14:26:08,14:26:34,COMPLETED,29874.0,426.7,2093.72,2119.02
829,easy,12,13:46:11,14:24:04,14:26:46,COMPLETED,33966.0,2708.5,2273.58,2435.78
763,easy,11,13:51:23,14:26:40,14:26:59,COMPLETED,28920.0,324.5,2117.35,2136.52
794,easy,11,13:51:36,14:27:05,14:27:24,COMPLETED,26405.0,322.4,2129.85,2148.83
753,medium,13,13:50:52,14:25:36,14:27:37,COMPLETED,27257.0,2027.3,2084.34,2205.63
822,easy,12,13:52:05,14:27:31,14:28:09,COMPLETED,26349.0,641.0,2126.22,2164.38
847,medium,13,13:51:31,14:26:53,14:29:00,COMPLETED,31685.0,2122.3,2122.16,2249.15
836,easy,12,13:52:46,14:29:06,14:30:10,COMPLETED,28122.0,1066.2,2180.54,2244.14
884,easy,12,13:50:31,14:25:29,14:32:11,COMPLETED,36491.0,6703.3,2098.56,2500.47
832,medium,13,13:52:31,14:28:15,14:33:54,COMPLETED,27213.0,5656.0,2144.71,2483.59
843,medium,14,13:48:17,14:24:24,14:34:20,COMPLETED,25430.0,9941.1,2167.51,2763.57
605,hard,15,12:38:43,13:07:57,14:34:27,COMPLETED,28005.0,86495.2,1754.70,6944.06
755,easy,12,13:55:44,14:34:33,14:34:46,COMPLETED,26269.0,223.4,2329.71,2342.82
730,hard,15,12:20:27,12:41:51,14:35:05,COMPLETED,34956.0,113242.1,1284.55,8078.85
853,medium,13,13:55:27,14:34:01,14:35:31,COMPLETED,29503.0,1520.9,2314.12,2404.90
762,easy,11,13:56:22,14:35:12,14:35:31,COMPLETED,23448.0,334.2,2330.38,2349.90
886,medium,14,13:34:04,14:15:12,14:37:59,COMPLETED,28118.0,22792.9,2468.09,3835.41
293,hard,15,09:04:18,09:04:23,14:38:18,COMPLETED,37507.0,333911.8,5.73,20040.42
767,medium,14,13:39:32,14:18:35,14:39:27,COMPLETED,28042.0,20882.7,2343.21,3595.92
849,easy,12,13:57:29,14:38:24,14:39:40,COMPLETED,31559.0,1269.3,2455.77,2531.62
793,easy,12,13:57:33,14:39:34,14:39:40,COMPLETED,23806.0,111.4,2521.26,2527.62
883,easy,12,13:57:59,14:39:46,14:40:31,COMPLETED,25976.0,742.6,2507.96,2552.25
799,hard,15,13:29:07,14:12:22,14:44:02,COMPLETED,31743.0,31664.3,2595.57,4495.03
781,hard,15,13:31:04,14:13:21,14:45:06,COMPLETED,34474.0,31754.2,2537.71,4442.71
68,hard,15,08:26:55,08:26:57,14:46:24,COMPLETED,30825.0,379450.5,2.18,22769.18
752,medium,14,13:29:58,14:12:35,14:46:56,COMPLETED,29663.0,34351.8,2557.67,4618.45
808,easy,12,13:58:47,14:47:02,14:47:48,COMPLETED,33278.0,762.1,2895.99,2941.20
784,medium,13,13:57:02,14:38:05,14:48:01,COMPLETED,35314.0,9932.7,2463.75,3059.39
861,hard,15,13:42:41,14:19:13,14:49:30,COMPLETED,34368.0,30281.7,2192.42,4009.08
845,easy,11,13:59:27,14:49:36,14:50:20,COMPLETED,38803.0,744.1,3009.44,3053.73
751,medium,14,13:57:37,14:39:46,14:50:58,COMPLETED,36810.0,11200.5,2529.96,3201.72
864,medium,13,13:58:39,14:46:30,14:51:05,COMPLETED,29270.0,4577.0,2871.76,3146.05
778,easy,11,13:59:36,14:51:05,14:51:11,COMPLETED,24763.0,111.9,3089.05,3095.42
807,hard,15,13:55:38,14:34:27,14:52:14,COMPLETED,34826.0,17797.7,2329.06,3396.67
913,easy,11,14:01:14,14:52:21,14:52:46,COMPLETED,25800.0,426.9,3067.00,3092.31
789,hard,15,13:52:21,14:27:44,14:53:30,COMPLETED,33744.0,25782.8,2123.03,3669.71
788,easy,12,13:59:57,14:51:11,14:53:56,COMPLETED,32282.0,2749.3,3074.42,3239.08
973,easy,12,14:01:26,14:52:52,14:53:56,COMPLETED,29287.0,1062.7,3086.64,3150.08
924,easy,12,14:01:29,14:53:37,14:53:56,COMPLETED,23516.0,322.0,3128.10,3147.08
819,hard,15,13:59:32,14:50:27,14:54:53,COMPLETED,26452.0,4439.3,3055.11,3321.18
984,easy,11,14:02:47,14:54:59,14:55:05,COMPLETED,26979.0,111.0,3132.51,3138.88
939,medium,13,14:02:12,14:54:02,14:55:31,COMPLETED,26039.0,1484.7,3110.43,3199.21
1012,easy,12,14:02:54,14:55:12,14:56:59,COMPLETED,27442.0,1796.4,3138.20,3245.69
1000,easy,12,14:02:41,14:54:02,14:57:18,COMPLETED,26814.0,3274.7,3081.43,3277.68
966,medium,14,14:02:00,14:54:02,14:57:31,COMPLETED,34435.0,3487.5,3122.43,3331.38
854,medium,14,13:56:24,14:35:38,14:57:44,COMPLETED,30602.0,22097.7,2354.47,3680.08
668,hard,15,12:44:37,13:26:46,14:58:34,COMPLETED,35266.0,91814.9,2529.07,8037.72
909,easy,12,14:05:11,14:57:50,14:59:20,COMPLETED,31350.0,1501.6,3159.42,3249.22
1022,easy,11,14:05:49,14:59:26,14:59:33,COMPLETED,25721.0,118.4,3217.55,3224.15
896,hard,15,13:54:11,14:32:17,15:00:18,COMPLETED,27835.0,28017.3,2286.80,3967.50
1034,easy,12,14:06:16,14:59:39,15:00:38,COMPLETED,23263.0,978.4,3203.69,3262.04
817,medium,13,13:59:10,14:47:54,15:01:09,COMPLETED,29694.0,13259.5,2924.75,3719.85
917,medium,13,14:06:39,15:00:44,15:01:09,COMPLETED,32746.0,433.6,3245.44,3270.85
851,hard,15,13:50:00,14:25:16,15:01:22,COMPLETED,31404.0,36114.6,2116.35,4282.95
926,easy,11,14:07:01,15:01:16,15:01:29,COMPLETED,28678.0,219.7,3255.51,3268.34
956,easy,11,14:06:39,15:01:16,15:01:35,COMPLETED,24046.0,326.9,3277.51,3296.78
996,easy,11,14:07:11,15:01:29,15:01:42,COMPLETED,27191.0,219.3,3258.34,3271.16
945,easy,11,14:08:06,15:01:42,15:01:54,COMPLETED,26239.0,218.4,3216.16,3228.89
620,hard,15,12:41:48,13:16:58,15:02:07,COMPLETED,31783.0,105159.7,2110.21,8419.65
969,medium,14,14:04:53,14:57:25,15:02:45,COMPLETED,29176.0,5347.4,3152.02,3472.59
1020,easy,12,14:08:32,15:02:01,15:02:58,COMPLETED,23867.0,954.8,3209.30,3266.29
914,easy,11,14:08:57,15:02:51,15:03:10,COMPLETED,31110.0,322.8,3234.92,3253.98
952,easy,12,14:09:11,15:03:04,15:03:42,COMPLETED,22113.0,638.0,3233.63,3271.61
1016,medium,14,14:04:53,14:57:37,15:04:07,COMPLETED,25411.0,6509.3,3164.72,3554.93
869,hard,15,13:06:46,13:50:28,15:04:14,COMPLETED,39049.0,73766.4,2622.57,7048.35
912,easy,12,14:09:33,15:03:48,15:04:14,COMPLETED,22930.0,429.4,3255.95,3281.35
907,medium,13,14:09:40,15:04:20,15:06:14,COMPLETED,32966.0,1904.2,3280.74,3394.49
915,medium,13,14:03:51,14:55:37,15:06:40,COMPLETED,30557.0,11056.1,3106.59,3769.52
1002,easy,11,14:10:28,15:06:47,15:06:53,COMPLETED,25407.0,115.9,3379.09,3385.54
958,medium,14,14:04:03,14:57:06,15:07:45,COMPLETED,28343.0,10660.9,3183.02,3822.42
1027,medium,13,14:09:27,15:03:17,15:07:58,COMPLETED,31725.0,4691.8,3230.32,3511.36
846,hard,15,13:55:44,14:34:53,15:08:11,COMPLETED,33039.0,33307.7,2349.14,4347.27
1013,medium,14,14:09:35,15:04:14,15:08:11,COMPLETED,26497.0,3955.7,3279.35,3516.27
1018,easy,11,14:10:45,15:07:51,15:08:17,COMPLETED,26724.0,439.9,3426.75,3452.75
920,easy,11,14:11:21,15:08:17,15:08:37,COMPLETED,32196.0,334.4,3416.75,3436.33
1023,easy,12,14:11:22,15:08:24,15:08:37,COMPLETED,27356.0,228.7,3422.19,3435.33
954,medium,13,14:08:37,15:02:13,15:10:20,COMPLETED,34676.0,8106.0,3216.98,3703.07
977,easy,12,14:13:35,15:08:43,15:10:58,COMPLETED,32757.0,2238.6,3308.95,3443.03
1038,easy,12,14:14:44,15:11:04,15:11:23,COMPLETED,24713.0,322.4,3380.39,3399.37
916,easy,11,14:15:07,15:11:29,15:11:42,COMPLETED,27161.0,219.4,3382.76,3395.46
968,easy,12,14:14:33,15:10:26,15:11:48,COMPLETED,34154.0,1386.1,3353.40,3435.95
931,easy,12,14:16:03,15:11:55,15:12:08,COMPLETED,25418.0,223.3,3352.62,3365.72
940,easy,11,14:16:39,15:12:15,15:12:21,COMPLETED,21191.0,111.8,3336.04,3342.45
1009,easy,12,14:10:13,15:06:21,15:12:40,COMPLETED,41270.0,6328.1,3368.04,3747.44
874,hard,15,13:23:32,14:08:57,15:13:05,COMPLETED,40266.0,64148.9,2725.05,6573.76
838,medium,14,13:56:30,14:35:38,15:14:09,COMPLETED,43508.0,38513.3,2348.47,4659.09
811,hard,15,13:08:26,13:53:02,15:14:59,COMPLETED,30209.0,81955.3,2676.75,7593.90
456,medium,14,11:14:55,11:15:12,15:15:06,COMPLETED,40183.0,239903.6,17.18,14411.25
1010,easy,12,14:16:45,15:12:27,15:15:44,COMPLETED,36826.0,3281.2,3342.78,3539.32
1043,medium,13,14:16:55,15:12:46,15:15:44,COMPLETED,27573.0,2964.7,3351.78,3529.32
955,easy,11,14:19:13,15:15:50,15:15:57,COMPLETED,19579.0,110.7,3397.71,3404.09
1044,easy,11,14:19:14,15:16:03,15:16:09,COMPLETED,33412.0,112.4,3409.41,3415.85
967,easy,12,14:18:15,15:15:12,15:16:16,COMPLETED,27850.0,1065.7,3417.64,3481.18
1048,easy,11,14:20:09,15:16:22,15:16:35,COMPLETED,25681.0,219.3,3373.62,3386.47
1025,easy,11,14:20:25,15:16:41,15:16:54,COMPLETED,24965.0,217.8,3376.81,3389.54
1014,medium,13,14:19:30,15:16:16,15:17:00,COMPLETED,30872.0,751.7,3406.18,3450.90
978,medium,13,14:09:53,15:04:20,15:17:13,COMPLETED,29237.0,12887.8,3267.74,4040.68
961,hard,15,14:06:34,15:00:24,15:17:39,COMPLETED,32970.0,17249.3,3230.94,4265.50
797,medium,14,13:58:23,14:44:08,15:17:59,COMPLETED,32214.0,33844.7,2745.61,4776.06
988,easy,12,14:20:46,15:17:00,15:18:05,COMPLETED,22575.0,1081.9,3374.90,3439.41
1019,easy,12,14:21:18,15:18:05,15:18:24,COMPLETED,29708.0,332.4,3407.41,3426.83
1024,easy,12,14:22:11,15:18:11,15:20:46,COMPLETED,28522.0,2593.1,3360.87,3515.97
761,medium,14,13:23:14,14:08:37,15:20:53,COMPLETED,29132.0,72272.6,2723.53,7059.51
937,easy,12,14:24:39,15:21:00,15:21:32,COMPLETED,22951.0,545.8,3381.14,3413.40
1040,medium,14,14:08:08,15:01:48,15:22:24,COMPLETED,31109.0,20603.4,3220.54,4456.35
918,medium,13,14:22:47,15:20:53,15:22:24,COMPLETED,24097.0,1522.9,3486.51,3577.35
925,easy,11,14:26:44,15:22:30,15:22:50,COMPLETED,24868.0,331.8,3346.94,3366.43
517,medium,14,11:32:55,11:40:01,15:23:35,COMPLETED,42695.0,223567.3,426.27,13840.21
893,hard,15,13:10:02,13:57:03,15:26:26,COMPLETED,29899.0,89389.0,2821.04,8184.22
921,easy,12,14:28:42,15:26:32,15:26:51,COMPLETED,30628.0,322.8,3470.54,3489.58
1031,medium,14,14:27:23,15:23:41,15:27:36,COMPLETED,34458.0,3912.6,3378.55,3613.00
953,easy,11,14:29:55,15:27:42,15:28:01,COMPLETED,26557.0,321.3,3467.33,3486.31
1042,easy,12,14:28:42,15:26:57,15:28:27,COMPLETED,26610.0,1493.7,3495.94,3585.04
155,hard,15,09:34:22,09:34:26,15:29:12,COMPLETED,28643.0,354770.0,4.21,21290.35
998,easy,11,14:30:36,15:29:18,15:29:38,COMPLETED,22599.0,330.7,3522.87,3542.38
1032,medium,13,14:25:27,15:22:30,15:30:10,COMPLETED,31580.0,7667.9,3423.94,3883.53
997,medium,13,14:10:45,15:08:04,15:30:23,COMPLETED,38762.0,22320.7,3439.91,4778.71
908,easy,12,14:30:58,15:29:44,15:30:23,COMPLETED,27647.0,659.8,3526.74,3565.71
941,hard,15,14:11:58,15:08:43,15:30:49,COMPLETED,27412.0,22102.5,3405.95,4731.72
995,easy,12,14:32:53,15:30:30,15:30:56,COMPLETED,33526.0,441.8,3457.38,3483.27
975,easy,12,14:33:02,15:30:30,15:31:16,COMPLETED,27762.0,765.3,3448.38,3494.04
960,easy,11,14:34:16,15:31:22,15:31:35,COMPLETED,30209.0,226.1,3426.39,3439.45
911,easy,12,14:33:44,15:31:02,15:32:01,COMPLETED,27406.0,983.0,3438.94,3497.44
933,easy,11,14:34:29,15:31:42,15:32:01,COMPLETED,26051.0,332.8,3433.00,3452.44
993,easy,12,14:36:07,15:32:08,15:33:12,COMPLETED,24304.0,1080.4,3361.00,3425.38
980,easy,12,14:34:55,15:32:08,15:33:31,COMPLETED,26278.0,1405.9,3433.00,3516.87
904,medium,14,14:32:06,15:30:17,15:35:20,COMPLETED,30216.0,5063.2,3491.08,3794.60
1049,medium,13,14:36:08,15:33:18,15:35:26,COMPLETED,30591.0,2139.3,3430.91,3558.92
1007,easy,11,14:36:28,15:35:33,15:35:45,COMPLETED,23120.0,216.1,3545.30,3557.97
1036,hard,15,14:05:44,14:58:41,15:35:52,COMPLETED,27881.0,37187.9,3177.28,5408.30
972,easy,12,14:36:33,15:35:52,15:35:58,COMPLETED,27165.0,112.2,3559.30,3565.67
919,easy,11,14:37:24,15:36:05,15:36:11,COMPLETED,27606.0,111.2,3521.06,3527.42
1015,easy,11,14:37:39,15:36:17,15:36:30,COMPLETED,25805.0,217.9,3518.76,3531.53
991,medium,14,14:10:51,15:08:17,15:37:08,COMPLETED,29694.0,28852.1,3446.75,5177.66
942,medium,14,14:15:50,15:11:48,15:38:56,COMPLETED,30939.0,27125.6,3358.95,4986.26
971,hard,15,14:17:34,15:13:12,15:39:21,COMPLETED,33013.0,26163.8,3338.13,4907.61
946,medium,14,14:27:08,15:22:56,15:40:00,COMPLETED,34696.0,17061.2,3348.98,4372.22
994,medium,14,14:25:14,15:21:38,15:40:26,COMPLETED,33232.0,18794.1,3384.93,4512.14
1037,easy,11,14:41:41,15:40:32,15:41:11,COMPLETED,25111.0,655.2,3531.74,3570.70
981,easy,12,14:39:39,15:39:28,15:41:50,COMPLETED,28498.0,2380.1,3589.12,3731.45
1017,medium,14,14:38:02,15:37:14,15:43:27,COMPLETED,29125.0,6215.6,3553.00,3925.44
962,easy,12,14:43:53,15:43:34,15:43:53,COMPLETED,19361.0,335.7,3581.01,3600.66
244,hard,15,09:17:36,09:17:36,15:44:00,COMPLETED,31432.0,386392.1,0.82,23184.20
858,hard,15,13:27:31,14:11:24,15:44:00,COMPLETED,35965.0,92607.5,2633.17,8189.20
1028,easy,12,14:43:45,15:41:56,15:44:26,COMPLETED,33604.0,2494.6,3491.98,3641.36
934,easy,12,14:44:51,15:44:06,15:45:05,COMPLETED,21649.0,976.2,3555.90,3614.10
992,easy,11,14:45:04,15:44:32,15:45:11,COMPLETED,29927.0,657.4,3568.69,3607.51
923,easy,12,14:43:58,15:44:00,15:45:24,COMPLETED,24772.0,1418.6,3602.20,3686.79
957,medium,13,14:44:58,15:44:06,15:45:24,COMPLETED,24506.0,1306.9,3548.90,3626.79
938,easy,11,14:45:45,15:45:18,15:45:37,COMPLETED,25646.0,333.3,3573.18,3592.87
1046,easy,12,14:45:35,15:45:11,15:45:44,COMPLETED,28444.0,551.7,3576.51,3609.21
989,easy,11,14:46:59,15:45:44,15:45:57,COMPLETED,31675.0,219.0,3525.21,3538.05
1035,easy,11,14:46:59,15:45:50,15:46:16,COMPLETED,28286.0,429.4,3531.67,3557.13
947,easy,12,14:48:07,15:46:22,15:46:35,COMPLETED,28413.0,216.6,3495.48,3508.16
983,easy,11,14:48:21,15:46:41,15:46:47,COMPLETED,25863.0,110.9,3500.50,3506.85
1021,medium,14,14:42:24,15:41:18,15:47:51,COMPLETED,28064.0,6560.7,3534.08,3927.40
317,hard,15,10:46:05,10:53:50,15:50:42,COMPLETED,39297.0,296870.3,465.12,18277.22
802,hard,15,13:30:44,14:12:48,15:51:21,COMPLETED,29438.0,98538.5,2524.96,8437.03
1006,medium,13,14:18:14,15:15:06,15:51:27,COMPLETED,36503.0,36359.7,3412.25,5593.58
902,medium,13,14:49:17,15:47:57,15:51:40,COMPLETED,29908.0,3718.5,3520.76,3743.55
990,easy,12,14:49:30,15:50:48,15:52:12,COMPLETED,28643.0,1409.0,3678.78,3762.81
935,easy,12,14:50:37,15:52:19,15:52:26,COMPLETED,25723.0,118.5,3702.39,3709.00
782,hard,15,13:58:23,14:45:13,15:53:04,COMPLETED,32479.0,67861.4,2810.08,6881.59
1008,easy,11,14:50:40,15:52:32,15:53:04,COMPLETED,36825.0,539.3,3712.54,3744.59
1005,medium,13,14:50:03,15:51:33,15:53:30,COMPLETED,26961.0,1953.4,3690.95,3807.67
944,medium,13,14:49:40,15:51:27,15:54:03,COMPLETED,32840.0,2601.6,3707.58,3863.26
1045,medium,14,14:47:27,15:46:03,15:54:09,COMPLETED,20684.0,8114.6,3516.39,4002.72
943,easy,11,14:53:24,15:54:16,15:54:42,COMPLETED,34048.0,433.1,3652.35,3678.04
963,easy,11,14:53:57,15:54:48,15:55:01,COMPLETED,28948.0,226.9,3651.37,3664.50
610,hard,15,12:32:20,13:01:14,15:55:34,COMPLETED,39452.0,174324.5,1734.76,12194.04
987,medium,14,14:21:12,15:17:07,15:55:40,COMPLETED,32928.0,38559.1,3355.32,5668.58
746,hard,15,12:16:14,12:37:30,15:56:25,COMPLETED,32653.0,198924.1,1276.46,13211.71
974,easy,12,14:54:44,15:55:46,15:57:42,COMPLETED,32908.0,1934.9,3662.99,3778.74
1033,medium,13,14:54:51,15:56:32,15:57:42,COMPLETED,20868.0,1180.6,3701.28,3771.74
999,easy,11,14:55:07,15:57:49,15:57:55,COMPLETED,30130.0,111.1,3762.14,3768.56
976,hard,15,14:30:06,15:28:07,15:58:33,COMPLETED,33706.0,30434.6,3481.64,5307.50
900,medium,13,14:54:35,15:55:40,16:00:46,COMPLETED,28188.0,5100.7,3665.58,3971.34
930,easy,12,14:58:35,16:00:52,16:01:05,COMPLETED,27461.0,218.6,3737.67,3750.43
647,hard,15,12:50:25,13:35:04,16:01:24,COMPLETED,35205.0,146342.7,2679.06,11459.51
906,easy,11,14:59:18,16:01:30,16:01:37,COMPLETED,24186.0,111.1,3732.83,3739.19
927,easy,11,14:59:46,16:01:43,16:01:50,COMPLETED,22136.0,114.8,3717.53,3724.12
905,easy,12,14:58:48,16:01:11,16:02:34,COMPLETED,32992.0,1384.5,3743.81,3826.58
1001,medium,13,14:54:11,15:55:08,16:03:31,COMPLETED,36533.0,8401.2,3657.03,4160.78
835,hard,15,13:37:13,14:17:12,16:04:47,COMPLETED,38021.0,107592.1,2399.59,8854.98
1147,easy,11,15:01:24,16:04:54,16:05:07,COMPLETED,21706.0,218.6,3810.33,3823.09
929,medium,14,14:52:04,15:53:10,16:05:32,COMPLETED,27833.0,12366.4,3666.93,4408.62
1130,easy,11,15:01:26,16:05:13,16:05:32,COMPLETED,26390.0,325.3,3827.47,3846.62
1102,easy,12,15:00:29,16:03:38,16:05:58,COMPLETED,30591.0,2338.3,3789.16,3929.16
785,hard,15,13:03:10,13:50:15,16:06:04,COMPLETED,35465.0,135821.5,2825.42,10974.49
1060,easy,11,15:02:22,16:05:39,16:06:10,COMPLETED,22165.0,537.9,3797.01,3828.97
1120,easy,11,15:03:08,16:06:04,16:06:10,COMPLETED,24184.0,113.6,3776.49,3782.97
932,medium,14,14:30:08,15:28:33,16:06:17,COMPLETED,31846.0,37733.1,3505.61,5769.34
1132,easy,11,15:03:31,16:06:10,16:06:23,COMPLETED,24834.0,218.3,3759.97,3772.73
1118,easy,11,15:04:46,16:06:23,16:06:36,COMPLETED,26086.0,218.9,3697.73,3710.51
1185,easy,11,15:05:15,16:06:42,16:07:14,COMPLETED,32629.0,535.8,3687.90,3719.72
1076,easy,11,15:05:22,16:07:21,16:07:27,COMPLETED,25374.0,115.9,3719.08,3725.49
1004,hard,15,14:37:12,15:35:58,16:10:14,COMPLETED,26148.0,34268.2,3526.67,5582.55
1030,hard,15,14:21:16,15:17:46,16:10:33,COMPLETED,27020.0,52795.9,3390.05,6557.58
901,medium,14,14:59:59,16:02:40,16:12:14,COMPLETED,30376.0,9571.6,3761.91,4335.94
985,hard,15,14:53:23,15:54:09,16:13:43,COMPLETED,32875.0,19566.5,3646.72,4820.47
825,hard,15,13:49:14,14:24:50,16:13:56,COMPLETED,27027.0,109096.0,2136.54,8682.16
1029,medium,14,14:59:55,16:01:56,16:14:15,COMPLETED,35150.0,12316.1,3721.45,4460.16
1188,easy,11,15:08:15,16:13:49,16:14:15,COMPLETED,26116.0,427.9,3934.80,3960.16
1183,easy,12,15:08:55,16:14:21,16:14:34,COMPLETED,22599.0,216.9,3926.50,3939.21
979,medium,14,14:52:31,15:53:10,16:16:09,COMPLETED,34049.0,22971.3,3639.93,5018.07
692,hard,15,12:44:57,13:30:35,16:16:15,COMPLETED,39129.0,165672.9,2738.19,12678.40
499,hard,15,11:34:03,11:42:43,16:16:47,COMPLETED,34337.0,274061.5,520.52,16964.12
1107,easy,11,15:10:43,16:16:21,16:16:47,COMPLETED,23183.0,428.6,3938.78,3964.12
1068,easy,12,15:09:08,16:14:21,16:16:53,COMPLETED,24632.0,2545.0,3913.50,4065.52
1106,easy,12,15:09:51,16:16:15,16:17:13,COMPLETED,23683.0,973.1,3984.40,4042.31
903,medium,13,14:38:54,15:39:02,16:17:45,COMPLETED,37741.0,38725.4,3608.61,5931.77
1083,easy,12,15:11:13,16:17:00,16:18:18,COMPLETED,29956.0,1304.8,3947.31,4025.30
1145,easy,11,15:12:20,16:18:24,16:18:37,COMPLETED,27375.0,227.4,3964.64,3977.76
1158,medium,13,15:12:11,16:17:19,16:18:57,COMPLETED,26119.0,1630.1,3908.86,4006.20
1119,medium,13,15:08:39,16:14:02,16:19:16,COMPLETED,25854.0,5244.0,3923.48,4237.85
1126,easy,12,15:13:04,16:19:03,16:20:32,COMPLETED,25392.0,1487.0,3959.73,4048.66
1181,easy,11,15:13:18,16:20:38,16:20:51,COMPLETED,28998.0,216.4,4040.99,4053.67
948,hard,15,14:50:24,15:51:46,16:21:10,COMPLETED,36122.0,29403.1,3682.91,5446.86
1105,easy,11,15:13:59,16:20:57,16:21:23,COMPLETED,35291.0,432.0,4018.99,4044.61
1192,medium,14,15:09:47,16:14:40,16:23:23,COMPLETED,30457.0,8728.2,3893.54,4416.94
1196,medium,13,15:10:48,16:16:53,16:23:43,COMPLETED,27547.0,6829.9,3965.52,4375.05
1190,easy,11,15:15:29,16:23:49,16:24:08,COMPLETED,31877.0,322.4,4100.38,4119.41
723,medium,14,12:03:35,12:22:09,16:24:21,COMPLETED,35887.0,242201.1,1114.18,15646.16
1092,medium,14,15:04:18,16:06:17,16:25:05,COMPLETED,26719.0,18808.9,3719.34,4847.66
1175,easy,11,15:16:01,16:25:12,16:25:18,COMPLETED,20219.0,111.4,4151.02,4157.41
337,hard,15,10:17:11,10:18:01,16:25:37,COMPLETED,35842.0,367604.9,50.16,22106.40
872,medium,14,13:59:19,14:48:07,16:26:28,COMPLETED,24009.0,98353.0,2928.78,8829.75
1109,easy,12,15:15:47,16:24:27,16:26:41,COMPLETED,32330.0,2243.8,4120.57,4254.91
1086,medium,14,15:12:15,16:17:52,16:28:11,COMPLETED,25369.0,10326.5,3937.34,4556.58
1026,hard,15,14:54:54,15:57:49,16:29:09,COMPLETED,35474.0,31349.2,3775.14,5655.72
1182,easy,12,15:18:04,16:29:16,16:30:33,COMPLETED,30347.0,1294.5,4272.30,4349.47
1100,easy,11,15:18:47,16:30:40,16:30:46,COMPLETED,28382.0,118.6,4313.00,4319.62
436,hard,15,10:09:48,10:09:48,16:31:25,COMPLETED,32186.0,381611.3,0.98,22897.62
1097,medium,13,15:14:17,16:21:17,16:31:32,COMPLETED,37397.0,10252.9,4020.24,4635.03
1051,medium,13,15:15:29,16:24:14,16:31:38,COMPLETED,41566.0,7405.0,4125.74,4569.49
1069,easy,11,15:20:23,16:31:32,16:31:45,COMPLETED,23543.0,228.5,4269.03,4282.15
1011,hard,15,14:46:01,15:45:31,16:31:51,COMPLETED,32405.0,46346.7,3570.41,6350.80
951,hard,15,14:22:36,15:18:31,16:32:17,COMPLETED,29677.0,73774.2,3355.41,7781.71
1160,easy,11,15:22:08,16:31:51,16:32:55,COMPLETED,38312.0,1069.9,4183.80,4247.70
1073,easy,12,15:22:11,16:31:58,16:33:08,COMPLETED,24584.0,1170.7,4187.46,4257.40
1134,easy,12,15:23:41,16:33:14,16:34:24,COMPLETED,19196.0,1170.8,4173.74,4243.63
1169,easy,11,15:23:51,16:34:31,16:34:37,COMPLETED,27959.0,113.1,4240.02,4246.44
1117,easy,12,15:23:38,16:33:02,16:35:09,COMPLETED,33184.0,2125.2,4164.04,4291.26
1091,easy,12,15:24:12,16:35:15,16:35:47,COMPLETED,25405.0,532.0,4263.58,4295.20
1177,easy,12,15:24:05,16:34:43,16:36:44,COMPLETED,21819.0,2010.4,4238.83,4359.16
1127,medium,14,15:19:07,16:30:53,16:36:56,COMPLETED,30359.0,6067.2,4306.16,4669.90
1108,easy,11,15:25:01,16:36:50,16:37:35,COMPLETED,28104.0,754.3,4309.49,4354.26
122,hard,15,08:04:40,08:04:44,16:37:41,COMPLETED,30981.0,512954.7,4.63,30781.80
1080,medium,13,15:24:13,16:35:53,16:38:01,COMPLETED,29848.0,2139.6,4300.53,4428.43
1123,easy,11,15:25:10,16:37:41,16:38:01,COMPLETED,27319.0,335.8,4351.80,4371.43
1153,medium,13,15:22:48,16:32:24,16:39:19,COMPLETED,32072.0,6924.6,4176.04,4591.05
1074,medium,13,15:25:50,16:38:08,16:39:58,COMPLETED,29303.0,1844.8,4338.00,4448.21
1146,medium,14,15:16:38,16:25:24,16:40:04,COMPLETED,28443.0,14675.8,4126.73,5006.75
1114,easy,11,15:26:31,16:40:04,16:40:11,COMPLETED,22854.0,120.7,4413.75,4420.40
1142,easy,11,15:27:08,16:40:11,16:40:24,COMPLETED,26069.0,226.0,4383.40,4396.66
1089,easy,11,15:28:26,16:40:30,16:40:50,COMPLETED,32622.0,329.0,4325.00,4344.44
1066,easy,12,15:25:56,16:39:25,16:40:56,COMPLETED,36158.0,1529.4,4409.59,4500.76
1085,easy,12,15:27:30,16:40:18,16:41:03,COMPLETED,30152.0,761.5,4368.05,4413.42
1128,easy,11,15:28:29,16:40:56,16:41:29,COMPLETED,32446.0,551.6,4347.76,4380.39
1096,medium,13,15:25:12,16:37:48,16:41:55,COMPLETED,34566.0,4120.4,4356.45,4603.23
1141,easy,12,15:29:15,16:41:35,16:42:46,COMPLETED,26898.0,1191.1,4340.92,4411.88
1131,easy,11,15:29:50,16:42:53,16:43:06,COMPLETED,24333.0,227.0,4383.44,4396.58
1078,hard,15,15:06:36,16:07:34,16:43:25,COMPLETED,29330.0,35865.7,3658.07,5809.80
1052,easy,11,15:30:16,16:43:13,16:43:32,COMPLETED,31223.0,322.7,4377.12,4396.13
1154,easy,12,15:30:23,16:43:38,16:43:57,COMPLETED,24573.0,321.4,4395.51,4414.49
1053,hard,15,15:25:52,16:38:08,16:44:03,COMPLETED,26357.0,5933.9,4336.00,4691.82
1152,easy,11,15:30:46,16:44:10,16:44:35,COMPLETED,27054.0,428.3,4404.20,4429.58
1149,easy,11,15:30:47,16:44:41,16:44:48,COMPLETED,28578.0,111.1,4434.92,4441.29
1056,hard,15,15:21:05,16:31:38,16:46:35,COMPLETED,35665.0,14957.0,4233.49,5130.66
1110,easy,12,15:31:30,16:46:41,16:47:07,COMPLETED,28555.0,426.7,4511.99,4537.28
1095,easy,12,15:31:39,16:47:13,16:47:26,COMPLETED,20873.0,216.4,4534.62,4547.29
1155,easy,11,15:32:02,16:47:32,16:48:23,COMPLETED,31204.0,856.8,4530.62,4581.68
693,hard,15,12:32:12,12:59:06,16:49:15,COMPLETED,39567.0,230146.0,1614.75,15423.37
1094,medium,14,15:14:34,16:21:29,16:51:56,COMPLETED,29537.0,30455.3,4015.94,5842.83
1180,medium,14,15:11:01,16:16:53,16:52:29,COMPLETED,27983.0,35595.9,3952.52,6088.15
1143,easy,11,15:33:13,16:52:03,16:52:29,COMPLETED,28179.0,434.0,4730.42,4756.15
1151,easy,12,15:32:19,16:49:21,16:52:35,COMPLETED,34398.0,3236.8,4622.92,4816.48
1071,easy,11,15:33:48,16:52:35,16:52:48,COMPLETED,26362.0,227.8,4727.48,4740.86
1194,easy,12,15:34:30,16:52:42,16:53:14,COMPLETED,25492.0,552.0,4692.18,4724.82
1139,easy,11,15:33:48,16:52:35,16:53:21,COMPLETED,30851.0,772.4,4727.48,4773.36
1098,easy,11,15:34:51,16:53:21,16:53:34,COMPLETED,21446.0,228.7,4710.36,4723.59
1150,easy,12,15:34:50,16:52:55,16:54:13,COMPLETED,26850.0,1305.2,4685.19,4763.22
1087,easy,12,15:35:07,16:53:41,16:55:16,COMPLETED,35741.0,1595.1,4714.14,4809.55
1082,medium,14,15:28:50,16:41:03,16:55:29,COMPLETED,33285.0,14435.3,4333.42,5199.24
1162,medium,13,15:35:05,16:53:27,16:55:29,COMPLETED,32366.0,2026.7,4702.98,4824.24
1124,easy,11,15:36:51,16:55:35,16:56:07,COMPLETED,30072.0,533.2,4724.61,4756.31
1061,medium,14,15:36:16,16:55:22,16:56:32,COMPLETED,26690.0,1168.6,4746.88,4816.66
1176,medium,13,15:37:16,16:56:13,16:56:39,COMPLETED,24116.0,429.6,4737.64,4763.03
1167,easy,11,15:37:38,16:56:45,16:56:51,COMPLETED,25776.0,111.3,4747.45,4753.82
1173,easy,11,15:38:23,16:56:58,16:57:10,COMPLETED,30604.0,217.4,4715.15,4727.89
1125,hard,15,15:17:23,16:28:18,16:57:29,COMPLETED,32424.0,29201.8,4255.03,6006.89
1050,easy,12,15:38:25,16:57:17,16:57:48,COMPLETED,27950.0,532.8,4732.22,4763.89
1101,easy,12,15:37:19,16:56:39,16:58:14,COMPLETED,36258.0,1591.9,4760.03,4855.25
1099,hard,15,15:21:14,16:31:45,16:58:20,COMPLETED,29928.0,26595.4,4231.15,5826.58
1075,easy,11,15:40:06,16:58:20,16:58:33,COMPLETED,26224.0,217.2,4694.58,4707.31
1122,easy,12,15:40:28,16:58:26,16:58:58,COMPLETED,24921.0,533.2,4678.96,4710.65
685,hard,15,12:49:11,13:33:52,17:00:47,COMPLETED,27896.0,206923.3,2681.51,15096.83
1112,easy,12,15:40:52,17:00:54,17:01:07,COMPLETED,23128.0,226.8,4802.15,4815.27
1111,medium,14,15:30:52,16:44:54,17:02:43,COMPLETED,25938.0,17829.9,4442.61,5511.95
936,medium,14,14:36:12,15:33:38,17:04:08,COMPLETED,30686.0,90498.3,3446.41,8876.12
1199,medium,14,15:36:06,16:54:19,17:04:59,COMPLETED,28385.0,10680.8,4693.55,5333.97
1179,medium,14,15:13:08,16:19:23,17:05:50,COMPLETED,39824.0,46463.9,3975.17,6762.79
1058,medium,13,15:36:58,16:55:35,17:06:41,COMPLETED,28615.0,11100.3,4717.61,5383.36
1063,medium,13,15:43:05,17:05:57,17:07:00,COMPLETED,28842.0,1060.1,4972.12,5035.42
1166,medium,14,15:25:04,16:37:03,17:08:35,COMPLETED,30413.0,31536.3,4319.24,6211.18
1129,easy,11,15:44:30,17:08:41,17:08:54,COMPLETED,24459.0,216.6,5051.51,5064.21
1137,medium,14,15:05:05,16:06:30,17:09:51,COMPLETED,34099.0,63353.7,3685.11,7486.09
1116,medium,13,15:32:10,16:48:30,17:09:51,COMPLETED,42917.0,21356.0,4580.06,5861.09
959,medium,14,14:49:16,15:46:54,17:10:42,COMPLETED,39949.0,83804.9,3458.18,8486.28
1157,medium,14,15:42:55,17:05:06,17:10:48,COMPLETED,33932.0,5708.4,4931.50,5273.66
1077,easy,12,15:46:12,17:10:48,17:10:55,COMPLETED,30040.0,112.6,5076.66,5083.06
1165,easy,12,15:44:53,17:09:57,17:11:01,COMPLETED,31868.0,1072.2,5104.52,5168.46
1090,medium,13,15:43:12,17:06:47,17:11:07,COMPLETED,30457.0,4341.3,5015.76,5275.90
1164,hard,15,15:40:51,16:59:04,17:11:27,COMPLETED,32265.0,12372.4,4693.99,5436.02
1168,easy,12,15:47:18,17:11:14,17:11:46,COMPLETED,28151.0,537.9,5036.29,5068.20
1186,easy,12,15:47:37,17:11:33,17:11:52,COMPLETED,29256.0,326.6,5036.42,5055.60
1171,easy,12,15:48:40,17:11:52,17:12:49,COMPLETED,28297.0,956.9,4992.60,5049.72
1170,easy,11,15:49:45,17:12:56,17:13:08,COMPLETED,32079.0,218.2,4991.05,5003.78
1057,easy,11,15:51:29,17:13:15,17:13:27,COMPLETED,22893.0,216.4,4906.17,4918.85
1103,easy,11,15:51:38,17:13:34,17:13:46,COMPLETED,33772.0,217.8,4916.18,4928.93
388,hard,15,10:39:49,10:46:04,17:13:59,COMPLETED,35957.0,387921.6,375.40,23650.65
1191,easy,11,15:51:41,17:13:53,17:14:12,COMPLETED,32000.0,322.8,4932.27,4951.34
970,hard,15,14:56:31,15:58:39,17:14:25,COMPLETED,33736.0,75755.9,3728.84,8274.02
1064,easy,11,15:51:56,17:14:05,17:14:25,COMPLETED,23660.0,322.6,4929.98,4949.02
1079,easy,11,15:55:01,17:14:31,17:14:50,COMPLETED,23258.0,321.4,4770.36,4789.38
1189,easy,12,15:48:46,17:11:59,17:15:22,COMPLETED,37084.0,3388.1,4993.05,5196.05
1197,easy,11,15:54:36,17:14:31,17:15:28,COMPLETED,34593.0,956.0,4795.36,4852.38
1065,easy,12,15:55:05,17:14:56,17:15:28,COMPLETED,30299.0,533.7,4791.71,4823.38
747,hard,15,12:52:12,13:38:18,17:15:54,COMPLETED,31694.0,217602.5,2766.03,15822.05
1161,easy,12,15:55:10,17:15:28,17:16:00,COMPLETED,29477.0,546.3,4818.38,4850.58
1148,hard,15,15:06:37,16:10:20,17:16:20,COMPLETED,32233.0,65995.8,3823.88,7783.34
1113,easy,12,15:57:49,17:16:07,17:17:05,COMPLETED,27367.0,980.9,4698.22,4756.75
1136,medium,14,15:52:15,17:14:18,17:18:09,COMPLETED,34378.0,3858.2,4923.67,5154.87
1067,easy,12,15:59:17,17:16:26,17:18:22,COMPLETED,38251.0,1938.0,4629.84,4745.84
1072,medium,13,15:57:48,17:16:00,17:18:41,COMPLETED,28683.0,2692.5,4692.58,4853.83
1236,easy,11,16:00:53,17:18:29,17:18:41,COMPLETED,26519.0,216.6,4656.16,4668.83
1326,easy,12,16:00:07,17:18:16,17:18:48,COMPLETED,29314.0,539.6,4689.21,4721.18
1282,easy,11,16:01:24,17:18:48,17:18:54,COMPLETED,23483.0,113.6,4644.18,4650.63
1250,easy,12,16:02:10,17:18:54,17:19:38,COMPLETED,27295.0,745.2,4604.63,4648.98
1310,easy,12,16:02:01,17:18:48,17:20:29,COMPLETED,26646.0,1697.0,4607.18,4708.76
1193,hard,15,15:17:17,16:26:48,17:20:48,COMPLETED,32095.0,54012.9,4171.24,7411.82
1309,easy,11,16:05:59,17:20:55,17:21:14,COMPLETED,28105.0,323.2,4496.15,4515.23
1159,medium,14,15:57:14,17:15:34,17:21:33,COMPLETED,29537.0,5978.5,4700.76,5059.23
1343,easy,12,16:08:24,17:21:39,17:22:30,COMPLETED,23884.0,850.1,4395.56,4446.26
1298,easy,12,16:06:11,17:21:20,17:23:08,COMPLETED,27363.0,1799.2,4509.56,4617.21
1217,easy,11,16:09:12,17:23:14,17:23:27,COMPLETED,26412.0,223.2,4442.54,4455.41
1331,medium,14,16:09:00,17:22:36,17:25:41,COMPLETED,27229.0,3082.5,4416.59,4601.06
1313,medium,14,16:05:50,17:20:36,17:27:24,COMPLETED,29222.0,6806.6,4486.09,4894.19
1055,medium,14,15:29:16,16:42:01,17:29:06,COMPLETED,32011.0,47089.5,4365.76,7190.92
745,medium,14,12:06:33,12:25:20,17:29:13,COMPLETED,44487.0,303882.7,1127.52,19360.26
1337,easy,12,16:10:25,17:27:30,17:29:26,COMPLETED,27665.0,1942.8,4625.52,4741.57
1241,easy,11,16:11:52,17:29:19,17:29:52,COMPLETED,24283.0,542.6,4647.93,4680.20
1335,easy,12,16:12:08,17:29:33,17:30:36,COMPLETED,27293.0,1065.3,4645.15,4708.71
1221,easy,11,16:12:49,17:30:43,17:30:55,COMPLETED,26264.0,217.6,4674.10,4686.85
949,hard,15,14:36:16,15:35:26,17:32:05,COMPLETED,31096.0,116643.8,3550.92,10549.42
1244,easy,12,16:13:17,17:31:02,17:32:11,COMPLETED,24767.0,1166.3,4665.18,4734.75
1320,easy,11,16:13:22,17:32:11,17:32:24,COMPLETED,24792.0,218.9,4729.75,4742.56
1329,easy,11,16:13:28,17:32:18,17:32:30,COMPLETED,28895.0,218.5,4730.19,4742.92
479,hard,15,11:40:41,11:52:52,17:32:43,COMPLETED,32186.0,339857.6,731.37,21122.75
1273,medium,13,16:13:51,17:32:30,17:33:02,COMPLETED,26339.0,537.9,4719.92,4751.88
1081,hard,15,15:44:35,17:09:00,17:33:09,COMPLETED,31709.0,24150.2,5065.53,6514.22
1327,easy,11,16:15:09,17:33:15,17:33:21,COMPLETED,23248.0,111.0,4686.64,4692.99
1257,medium,14,16:09:30,17:23:33,17:33:40,COMPLETED,30981.0,10121.3,4443.98,5050.99
1289,easy,12,16:14:05,17:32:37,17:33:47,COMPLETED,29058.0,1173.0,4712.34,4782.32
1319,easy,11,16:16:21,17:33:47,17:33:53,COMPLETED,30192.0,113.3,4646.32,4652.77
1256,easy,11,16:15:20,17:33:28,17:34:25,COMPLETED,32476.0,957.0,4688.32,4745.45
1249,easy,12,16:20:04,17:34:31,17:34:57,COMPLETED,29619.0,441.3,4467.78,4493.77
1231,easy,12,16:17:03,17:33:53,17:35:10,COMPLETED,30243.0,1294.1,4610.77,4687.93
1280,medium,13,16:14:13,17:33:09,17:36:15,COMPLETED,29071.0,3110.6,4736.22,4922.39
1174,medium,14,15:40:43,16:58:39,17:42:02,COMPLETED,35759.0,43385.4,4676.64,7279.52
1267,medium,13,16:20:48,17:35:17,17:42:02,COMPLETED,28199.0,6756.9,4469.47,4874.52
1133,medium,14,15:15:24,16:23:30,17:42:21,COMPLETED,39675.0,78859.5,4086.29,8817.66
1336,easy,11,16:22:09,17:42:08,17:42:28,COMPLETED,26750.0,324.8,4799.92,4819.04
1300,easy,11,16:21:51,17:42:08,17:42:34,COMPLETED,32682.0,432.2,4817.92,4843.49
1211,easy,12,16:22:24,17:42:40,17:43:25,COMPLETED,29190.0,746.5,4816.88,4861.37
1328,easy,12,16:22:41,17:43:31,17:43:44,COMPLETED,20621.0,216.7,4850.70,4863.39
1240,easy,11,16:22:43,17:43:50,17:44:03,COMPLETED,30645.0,218.1,4867.73,4880.46
1210,medium,14,16:12:45,17:29:58,17:45:38,COMPLETED,31181.0,15674.7,4633.53,5573.54
1140,hard,15,15:12:51,16:18:44,17:46:50,COMPLETED,32499.0,88101.2,3953.33,9239.10
1260,hard,15,16:14:06,17:32:50,17:46:50,COMPLETED,31647.0,14007.9,4724.14,5564.10
1275,easy,11,16:22:53,17:46:56,17:47:16,COMPLETED,28749.0,328.6,5043.71,5063.11
1239,medium,13,16:22:52,17:46:56,17:47:42,COMPLETED,26276.0,766.1,5044.71,5090.01
1135,hard,15,15:59:30,17:17:12,17:48:08,COMPLETED,39614.0,30944.8,4662.11,6518.36
928,hard,15,14:37:49,15:36:36,17:48:21,COMPLETED,26271.0,131745.6,3527.86,11432.38
1205,easy,12,16:23:54,17:47:22,17:48:34,COMPLETED,32800.0,1208.1,5008.55,5080.52
1253,easy,11,16:24:47,17:48:27,17:48:34,COMPLETED,25103.0,119.6,5020.92,5027.52
1202,easy,12,16:25:04,17:48:41,17:48:47,COMPLETED,29475.0,115.6,5017.13,5023.58
1308,easy,11,16:24:09,17:48:14,17:48:54,COMPLETED,29687.0,662.8,5045.99,5085.15
1258,easy,12,16:25:55,17:49:00,17:49:13,COMPLETED,30395.0,223.8,4985.82,4998.75
1272,medium,14,16:22:46,17:45:45,17:50:25,COMPLETED,31065.0,4676.0,4979.10,5259.22
1084,medium,14,15:56:30,17:15:34,17:50:44,COMPLETED,27863.0,35173.8,4744.76,6854.80
1213,medium,13,16:22:17,17:42:28,17:51:10,COMPLETED,31839.0,8722.6,4811.04,5333.96
1330,easy,12,16:26:43,17:49:20,17:51:17,COMPLETED,25157.0,1963.0,4957.30,5074.50
1254,medium,13,16:24:55,17:48:41,17:51:30,COMPLETED,28706.0,2831.9,5026.13,5195.75
1233,medium,13,16:27:00,17:50:51,17:51:30,COMPLETED,26769.0,662.1,5031.34,5070.75
1340,easy,12,16:28:35,17:51:37,17:52:22,COMPLETED,34337.0,756.5,4982.10,5027.18
1195,medium,14,15:29:12,16:41:09,17:52:34,COMPLETED,27952.0,71421.5,4317.78,8602.90
1238,easy,12,16:29:09,17:52:41,17:53:57,COMPLETED,30138.0,1270.6,5012.24,5088.12
24,hard,15,08:21:18,08:21:20,18:00:00,UNFINISHED,-1,-1,-1
291,hard,15,09:04:30,09:04:30,18:00:00,UNFINISHED,-1,-1,-1
284,hard,15,09:09:19,09:09:20,18:00:00,UNFINISHED,-1,-1,-1
213,hard,15,09:28:53,09:28:56,18:00:00,UNFINISHED,-1,-1,-1
298,hard,15,09:38:20,09:38:20,18:00:00,UNFINISHED,-1,-1,-1
243,hard,15,09:40:37,09:40:38,18:00:00,UNFINISHED,-1,-1,-1
352,hard,15,10:00:19,10:00:19,18:00:00,UNFINISHED,-1,-1,-1
426,hard,15,10:22:10,10:23:50,18:00:00,UNFINISHED,-1,-1,-1
584,hard,15,11:00:18,11:08:16,18:00:00,UNFINISHED,-1,-1,-1
535,hard,15,11:21:12,11:28:20,18:00:00,UNFINISHED,-1,-1,-1
507,hard,15,11:52:31,12:08:23,18:00:00,UNFINISHED,-1,-1,-1
606,hard,15,12:02:50,12:21:37,18:00:00,UNFINISHED,-1,-1,-1
812,hard,15,13:08:33,13:53:02,18:00:00,UNFINISHED,-1,-1,-1
824,hard,15,13:18:38,14:05:08,18:00:00,UNFINISHED,-1,-1,-1
862,hard,15,13:40:22,14:18:41,18:00:00,UNFINISHED,-1,-1,-1
790,hard,15,13:45:35,14:23:44,18:00:00,UNFINISHED,-1,-1,-1
759,hard,15,13:53:55,14:30:16,18:00:00,UNFINISHED,-1,-1,-1
891,medium,14,13:58:18,14:40:37,18:00:00,UNFINISHED,-1,-1,-1
986,hard,15,14:00:03,14:51:17,18:00:00,UNFINISHED,-1,-1,-1
1003,hard,15,14:07:17,15:01:35,18:00:00,UNFINISHED,-1,-1,-1
910,hard,15,14:10:42,15:07:00,18:00:00,UNFINISHED,-1,-1,-1
922,hard,15,14:17:34,15:14:15,18:00:00,UNFINISHED,-1,-1,-1
1047,hard,15,14:18:41,15:15:50,18:00:00,UNFINISHED,-1,-1,-1
965,hard,15,14:21:15,15:17:20,18:00:00,UNFINISHED,-1,-1,-1
950,hard,15,14:33:22,15:30:56,18:00:00,UNFINISHED,-1,-1,-1
982,hard,15,14:41:31,15:40:06,18:00:00,UNFINISHED,-1,-1,-1
1041,hard,15,14:46:46,15:45:31,18:00:00,UNFINISHED,-1,-1,-1
964,hard,15,14:53:22,15:53:37,18:00:00,UNFINISHED,-1,-1,-1
1039,hard,15,14:55:10,15:58:01,18:00:00,UNFINISHED,-1,-1,-1
1059,hard,15,15:02:40,16:05:39,18:00:00,UNFINISHED,-1,-1,-1
1121,hard,15,15:04:06,16:06:17,18:00:00,UNFINISHED,-1,-1,-1
1184,hard,15,15:07:52,16:10:39,18:00:00,UNFINISHED,-1,-1,-1
1156,medium,14,15:08:02,16:12:21,18:00:00,UNFINISHED,-1,-1,-1
1088,hard,15,15:16:47,16:25:43,18:00:00,UNFINISHED,-1,-1,-1
1172,hard,15,15:17:00,16:26:35,18:00:00,UNFINISHED,-1,-1,-1
1198,hard,15,15:30:20,16:43:32,18:00:00,UNFINISHED,-1,-1,-1
1062,hard,15,15:30:27,16:44:03,18:00:00,UNFINISHED,-1,-1,-1
1093,hard,15,15:39:44,16:57:36,18:00:00,UNFINISHED,-1,-1,-1
1115,hard,15,15:40:02,16:57:55,18:00:00,UNFINISHED,-1,-1,-1
1178,hard,15,15:41:02,17:01:13,18:00:00,UNFINISHED,-1,-1,-1
1187,medium,14,15:41:11,17:02:50,18:00:00,UNFINISHED,-1,-1,-1
1163,hard,15,15:41:22,17:04:14,18:00:00,UNFINISHED,-1,-1,-1
1144,hard,15,15:43:39,17:07:06,18:00:00,UNFINISHED,-1,-1,-1
1070,hard,15,15:45:04,17:09:57,18:00:00,UNFINISHED,-1,-1,-1
1054,medium,14,15:46:46,17:10:55,18:00:00,UNFINISHED,-1,-1,-1
1104,hard,15,15:47:06,17:11:01,18:00:00,UNFINISHED,-1,-1,-1
1138,medium,14,15:47:06,17:11:07,18:00:00,UNFINISHED,-1,-1,-1
1269,hard,15,16:03:54,17:19:01,18:00:00,UNFINISHED,-1,-1,-1
1229,medium,14,16:04:08,17:19:45,18:00:00,UNFINISHED,-1,-1,-1
1214,medium,14,16:10:00,17:25:47,18:00:00,UNFINISHED,-1,-1,-1
1279,hard,15,16:11:43,17:29:13,18:00:00,UNFINISHED,-1,-1,-1
1333,hard,15,16:18:12,17:34:00,18:00:00,UNFINISHED,-1,-1,-1
1245,medium,14,16:20:35,17:35:04,18:00:00,UNFINISHED,-1,-1,-1
1318,hard,15,16:21:34,17:36:21,18:00:00,UNFINISHED,-1,-1,-1
1299,hard,15,16:22:19,17:42:34,18:00:00,UNFINISHED,-1,-1,-1
1208,hard,15,16:22:43,17:44:09,18:00:00,UNFINISHED,-1,-1,-1
1303,hard,15,16:24:02,17:47:48,18:00:00,UNFINISHED,-1,-1,-1
1246,hard,15,16:25:09,17:48:54,18:00:00,UNFINISHED,-1,-1,-1
1268,hard,15,16:26:57,17:50:31,18:00:00,UNFINISHED,-1,-1,-1
1347,hard,15,16:27:04,17:51:17,18:00:00,UNFINISHED,-1,-1,-1
1276,medium,14,16:28:32,17:51:24,18:00:00,UNFINISHED,-1,-1,-1
1302,medium,14,16:28:46,17:51:37,18:00:00,UNFINISHED,-1,-1,-1
1314,hard,15,16:28:55,17:52:28,18:00:00,UNFINISHED,-1,-1,-1
1262,easy,12,16:29:18,17:54:03,18:00:00,UNFINISHED,-1,-1,-1
1290,easy,11,16:29:39,-,-,IGNORED,-1,-1
1223,easy,12,16:29:46,-,-,IGNORED,-1,-1
1251,medium,13,16:29:51,-,-,IGNORED,-1,-1
1312,hard,15,16:30:33,-,-,IGNORED,-1,-1
1232,easy,11,16:31:38,-,-,IGNORED,-1,-1
1295,easy,12,16:32:06,-,-,IGNORED,-1,-1
1274,easy,11,16:33:08,-,-,IGNORED,-1,-1
1345,easy,11,16:33:19,-,-,IGNORED,-1,-1
1215,easy,11,16:33:23,-,-,IGNORED,-1,-1
1317,medium,13,16:33:42,-,-,IGNORED,-1,-1
1342,medium,13,16:34:41,-,-,IGNORED,-1,-1
1255,medium,13,16:34:47,-,-,IGNORED,-1,-1
1263,easy,12,16:35:23,-,-,IGNORED,-1,-1
1212,easy,12,16:35:47,-,-,IGNORED,-1,-1
1271,medium,14,16:35:53,-,-,IGNORED,-1,-1
1294,easy,12,16:36:01,-,-,IGNORED,-1,-1
1341,easy,11,16:36:11,-,-,IGNORED,-1,-1
1286,medium,14,16:36:25,-,-,IGNORED,-1,-1
1301,hard,15,16:36:50,-,-,IGNORED,-1,-1
1323,easy,11,16:36:52,-,-,IGNORED,-1,-1
1224,easy,11,16:36:54,-,-,IGNORED,-1,-1
1293,hard,15,16:37:00,-,-,IGNORED,-1,-1
1243,easy,12,16:37:43,-,-,IGNORED,-1,-1
1306,medium,13,16:37:47,-,-,IGNORED,-1,-1
1332,medium,14,16:37:52,-,-,IGNORED,-1,-1
1206,hard,15,16:39:23,-,-,IGNORED,-1,-1
1261,easy,12,16:39:33,-,-,IGNORED,-1,-1
1218,medium,13,16:39:50,-,-,IGNORED,-1,-1
1284,hard,15,16:40:17,-,-,IGNORED,-1,-1
1247,easy,11,16:40:19,-,-,IGNORED,-1,-1
1216,easy,11,16:40:19,-,-,IGNORED,-1,-1
1281,medium,13,16:40:39,-,-,IGNORED,-1,-1
1322,medium,13,16:41:59,-,-,IGNORED,-1,-1
1283,easy,12,16:42:00,-,-,IGNORED,-1,-1
1297,medium,14,16:42:10,-,-,IGNORED,-1,-1
1220,hard,15,16:42:52,-,-,IGNORED,-1,-1
1270,easy,12,16:44:09,-,-,IGNORED,-1,-1
1316,easy,11,16:44:32,-,-,IGNORED,-1,-1
1288,medium,13,16:44:34,-,-,IGNORED,-1,-1
1346,medium,14,16:44:35,-,-,IGNORED,-1,-1
1201,easy,11,16:45:27,-,-,IGNORED,-1,-1
1291,medium,13,16:45:37,-,-,IGNORED,-1,-1
1296,medium,13,16:45:51,-,-,IGNORED,-1,-1
1277,easy,12,16:46:12,-,-,IGNORED,-1,-1
1339,hard,15,16:46:19,-,-,IGNORED,-1,-1
1228,medium,14,16:46:21,-,-,IGNORED,-1,-1
1248,easy,11,16:46:44,-,-,IGNORED,-1,-1
1349,medium,14,16:46:51,-,-,IGNORED,-1,-1
1227,medium,14,16:47:17,-,-,IGNORED,-1,-1
1325,easy,11,16:48:14,-,-,IGNORED,-1,-1
1203,hard,15,16:48:34,-,-,IGNORED,-1,-1
1287,easy,12,16:48:37,-,-,IGNORED,-1,-1
1230,easy,12,16:49:02,-,-,IGNORED,-1,-1
1266,medium,14,16:49:44,-,-,IGNORED,-1,-1
1237,easy,12,16:50:02,-,-,IGNORED,-1,-1
1234,easy,11,16:50:30,-,-,IGNORED,-1,-1
1292,medium,13,16:50:44,-,-,IGNORED,-1,-1
1265,easy,12,16:51:31,-,-,IGNORED,-1,-1
1334,easy,12,16:51:32,-,-,IGNORED,-1,-1
1315,medium,13,16:51:34,-,-,IGNORED,-1,-1
1305,easy,11,16:51:51,-,-,IGNORED,-1,-1
1222,easy,12,16:52:18,-,-,IGNORED,-1,-1
1285,hard,15,16:52:29,-,-,IGNORED,-1,-1
1307,hard,15,16:52:51,-,-,IGNORED,-1,-1
1321,medium,13,16:52:56,-,-,IGNORED,-1,-1
1348,medium,13,16:53:05,-,-,IGNORED,-1,-1
1344,easy,11,16:54:28,-,-,IGNORED,-1,-1
1209,easy,12,16:54:51,-,-,IGNORED,-1,-1
1204,easy,11,16:54:55,-,-,IGNORED,-1,-1
1207,medium,13,16:55:01,-,-,IGNORED,-1,-1
1324,hard,15,16:55:14,-,-,IGNORED,-1,-1
1252,easy,12,16:55:25,-,-,IGNORED,-1,-1
1264,hard,15,16:55:33,-,-,IGNORED,-1,-1
1304,medium,13,16:55:35,-,-,IGNORED,-1,-1
1278,easy,12,16:56:00,-,-,IGNORED,-1,-1
1200,hard,15,16:56:43,-,-,IGNORED,-1,-1
1235,easy,12,16:57:36,-,-,IGNORED,-1,-1
1259,easy,11,16:57:58,-,-,IGNORED,-1,-1
1311,medium,14,16:58:25,-,-,IGNORED,-1,-1
1338,medium,13,16:58:38,-,-,IGNORED,-1,-1
1219,easy,12,16:59:14,-,-,IGNORED,-1,-1
1242,medium,14,16:59:14,-,-,IGNORED,-1,-1
1225,easy,12,16:59:47,-,-,IGNORED,-1,-1
1226,medium,13,16:59:49,-,-,IGNORED,-1,-1
