task_id,difficulty,n,arrival_sim,start_sim,end_sim,status,cost,real_duration_sec,waiting_time_mili_sec,time_in_system_mili_sec
8,medium,13,08:01:10,08:01:12,08:02:06,COMPLETED,26630.0,905.7,2.65,56.97
24,medium,13,08:00:43,08:00:48,08:02:43,COMPLETED,28444.0,1918.8,5.14,120.26
6,easy,12,08:02:25,08:02:25,08:02:55,COMPLETED,26797.0,504.8,0.06,30.34
45,easy,11,08:02:29,08:02:31,08:03:07,COMPLETED,27402.0,604.9,2.13,38.40
39,medium,13,08:01:13,08:01:18,08:03:31,COMPLETED,26510.0,2213.9,5.71,138.50
35,easy,11,08:04:58,08:05:01,08:05:19,COMPLETED,28586.0,302.4,3.86,21.98
14,easy,11,08:05:42,08:05:44,08:05:56,COMPLETED,23604.0,202.5,2.10,14.22
141,easy,12,08:06:07,08:06:08,08:06:20,COMPLETED,32003.0,205.0,1.31,13.49
94,easy,12,08:06:15,08:06:20,08:06:44,COMPLETED,24470.0,405.6,5.49,29.82
95,medium,14,08:04:32,08:04:37,08:07:08,COMPLETED,30757.0,2521.3,5.74,156.99
86,easy,12,08:08:46,08:08:51,08:08:58,COMPLETED,28844.0,103.6,5.95,12.10
115,easy,11,08:09:53,08:09:59,08:10:35,COMPLETED,27487.0,616.5,6.08,42.98
81,easy,11,08:10:20,08:10:23,08:10:42,COMPLETED,20707.0,310.2,3.59,22.14
34,easy,12,08:10:29,08:10:29,08:10:48,COMPLETED,27694.0,309.9,0.74,19.25
89,easy,12,08:09:18,08:09:22,08:10:54,COMPLETED,24684.0,1534.3,4.39,96.38
11,easy,11,08:12:01,08:12:01,08:12:07,COMPLETED,25150.0,103.5,0.39,6.50
13,medium,13,08:10:58,08:11:00,08:12:50,COMPLETED,32220.0,1825.7,2.52,112.02
143,medium,14,08:08:21,08:08:21,08:13:02,COMPLETED,32324.0,4676.4,0.64,281.16
139,easy,12,08:12:05,08:12:07,08:13:02,COMPLETED,31383.0,912.7,2.50,57.16
19,easy,11,08:13:00,08:13:02,08:13:20,COMPLETED,36328.0,305.5,2.16,20.44
112,medium,13,08:13:09,08:13:14,08:14:02,COMPLETED,32978.0,811.5,5.34,53.98
91,easy,12,08:15:12,08:15:15,08:15:40,COMPLETED,29976.0,409.0,3.95,28.42
102,easy,12,08:15:30,08:15:34,08:16:29,COMPLETED,30837.0,917.4,4.28,59.25
37,easy,11,08:16:45,08:16:47,08:16:53,COMPLETED,25602.0,105.0,2.54,8.68
135,medium,13,08:13:51,08:13:56,08:16:59,COMPLETED,28311.0,3051.4,5.84,188.87
47,easy,11,08:16:02,08:16:04,08:17:05,COMPLETED,25294.0,1020.5,2.83,63.98
136,easy,11,08:16:51,08:16:53,08:17:05,COMPLETED,21189.0,206.5,2.68,14.98
33,easy,12,08:15:49,08:15:52,08:17:36,COMPLETED,27920.0,1735.0,3.60,107.58
15,medium,13,08:15:28,08:15:28,08:17:55,COMPLETED,39084.0,2450.7,0.15,147.12
134,easy,12,08:17:19,08:17:24,08:18:25,COMPLETED,28587.0,1026.1,5.37,66.78
93,easy,11,08:18:25,08:18:25,08:18:38,COMPLETED,27577.0,209.6,0.78,13.17
99,easy,11,08:18:00,08:18:01,08:19:08,COMPLETED,24819.0,1130.6,1.26,68.98
64,easy,12,08:18:38,08:18:38,08:19:21,COMPLETED,32027.0,719.8,0.17,43.26
49,easy,12,08:17:46,08:17:48,08:19:27,COMPLETED,27488.0,1642.2,2.97,101.39
74,easy,11,08:19:50,08:19:51,08:20:04,COMPLETED,28790.0,206.9,1.93,14.22
10,medium,13,08:18:41,08:18:44,08:20:22,COMPLETED,34308.0,1639.0,3.41,101.64
92,hard,15,08:07:56,08:07:57,08:20:28,COMPLETED,32695.0,12523.8,1.37,752.78
23,medium,13,08:17:42,08:17:42,08:20:53,COMPLETED,28618.0,3175.3,0.74,191.23
100,medium,14,08:17:16,08:17:18,08:21:42,COMPLETED,34539.0,4403.7,2.21,266.37
5,easy,11,08:21:35,08:21:36,08:21:49,COMPLETED,27678.0,221.8,1.16,14.32
117,medium,13,08:03:29,08:03:31,08:21:55,COMPLETED,26963.0,18400.2,2.50,1106.51
80,easy,12,08:21:28,08:21:29,08:22:07,COMPLETED,31056.0,631.6,1.99,39.74
73,hard,15,08:13:46,08:13:50,08:22:20,COMPLETED,31211.0,8489.8,4.74,514.06
48,easy,12,08:22:05,08:22:07,08:22:38,COMPLETED,28275.0,517.5,2.74,33.63
109,easy,12,08:21:18,08:21:23,08:23:03,COMPLETED,35060.0,1662.3,5.84,105.43
75,easy,12,08:22:49,08:22:50,08:23:40,COMPLETED,27744.0,825.2,1.99,51.36
133,easy,12,08:24:33,08:24:35,08:25:00,COMPLETED,26148.0,413.1,2.75,27.43
16,medium,13,08:17:42,08:17:42,08:25:12,COMPLETED,38871.0,7500.3,0.74,450.77
43,easy,11,08:25:14,08:25:18,08:25:31,COMPLETED,28902.0,206.5,4.93,17.21
97,medium,14,08:21:48,08:21:49,08:25:49,COMPLETED,28974.0,4005.6,1.32,241.57
78,medium,14,08:18:29,08:18:32,08:26:50,COMPLETED,35884.0,8314.3,3.01,501.74
59,medium,14,08:20:09,08:20:10,08:26:56,COMPLETED,26934.0,6777.2,1.37,407.93
61,medium,14,08:21:05,08:21:05,08:26:56,COMPLETED,30552.0,5859.1,0.47,351.93
17,easy,12,08:28:09,08:28:10,08:28:41,COMPLETED,26704.0,513.2,1.39,32.07
25,easy,12,08:27:56,08:27:58,08:28:53,COMPLETED,21086.0,922.4,2.12,57.34
140,medium,14,08:13:51,08:13:56,08:29:11,COMPLETED,35983.0,15247.9,5.84,920.72
103,easy,12,08:29:12,08:29:17,08:29:36,COMPLETED,27814.0,311.0,5.86,24.36
57,easy,12,08:29:36,08:29:36,08:30:44,COMPLETED,36761.0,1136.7,0.36,68.36
108,easy,12,08:30:49,08:30:50,08:31:09,COMPLETED,20598.0,315.4,1.61,20.51
144,medium,14,08:27:06,08:27:09,08:31:15,COMPLETED,26242.0,4110.4,3.16,249.67
122,easy,12,08:30:50,08:30:50,08:31:21,COMPLETED,27375.0,520.6,0.61,31.85
7,medium,13,08:30:45,08:30:50,08:31:28,COMPLETED,29966.0,627.0,5.61,43.05
54,medium,14,08:24:24,08:24:29,08:31:46,COMPLETED,30499.0,7287.4,5.57,442.75
70,easy,11,08:31:35,08:31:40,08:31:52,COMPLETED,22412.0,209.2,5.45,17.90
58,medium,13,08:29:17,08:29:17,08:32:30,COMPLETED,31148.0,3205.9,0.86,193.10
132,easy,12,08:34:10,08:34:15,08:34:40,COMPLETED,28189.0,421.2,5.23,30.40
90,easy,11,08:34:26,08:34:27,08:34:46,COMPLETED,23081.0,313.5,1.86,20.55
66,easy,12,08:35:53,08:35:54,08:36:31,COMPLETED,22280.0,619.0,1.96,38.96
42,easy,12,08:36:17,08:36:19,08:36:38,COMPLETED,24186.0,311.5,2.62,21.13
26,easy,11,08:36:54,08:36:56,08:37:09,COMPLETED,31864.0,209.0,2.61,15.02
84,easy,11,08:37:25,08:37:27,08:37:33,COMPLETED,30202.0,106.3,2.51,8.75
137,easy,12,08:33:19,08:33:19,08:37:52,COMPLETED,32777.0,4549.9,0.37,273.26
20,medium,13,08:35:37,08:35:42,08:38:35,COMPLETED,33303.0,2884.8,5.38,178.35
29,easy,11,08:39:31,08:39:36,08:40:26,COMPLETED,28623.0,827.4,5.89,55.34
124,medium,13,08:39:10,08:39:12,08:40:32,COMPLETED,30268.0,1341.9,2.20,82.58
63,easy,12,08:40:25,08:40:26,08:41:22,COMPLETED,30029.0,940.3,1.34,57.56
69,easy,12,08:41:07,08:41:09,08:41:41,COMPLETED,21338.0,527.3,2.89,34.20
22,easy,11,08:41:33,08:41:34,08:42:00,COMPLETED,26906.0,424.0,1.96,27.14
116,hard,15,08:18:00,08:18:01,08:42:06,COMPLETED,30972.0,24087.5,1.26,1446.45
2,medium,14,08:29:55,08:30:00,08:42:18,COMPLETED,30311.0,12303.5,5.92,743.99
85,medium,14,08:33:28,08:33:31,08:42:43,COMPLETED,25904.0,9202.1,3.81,555.78
46,hard,15,08:29:21,08:29:24,08:44:47,COMPLETED,29131.0,15397.4,3.07,926.76
77,medium,13,08:41:22,08:41:22,08:45:19,COMPLETED,24971.0,3951.1,0.56,237.39
1,hard,15,08:24:38,08:24:41,08:46:28,COMPLETED,30042.0,21775.9,3.93,1310.38
71,hard,15,08:42:27,08:42:31,08:46:34,COMPLETED,34287.0,4058.5,4.42,247.70
9,medium,13,08:40:45,08:40:51,08:46:59,COMPLETED,25998.0,6147.3,6.12,374.83
28,medium,13,08:43:42,08:43:45,08:47:24,COMPLETED,24466.0,3652.5,3.61,222.59
123,easy,12,08:46:35,08:46:41,08:47:36,COMPLETED,21845.0,935.8,6.03,62.00
106,easy,12,08:48:14,08:48:14,08:48:26,COMPLETED,22330.0,210.0,0.22,12.64
98,medium,14,08:45:05,08:45:06,08:49:22,COMPLETED,33630.0,4267.3,1.65,257.49
128,medium,14,08:32:12,08:32:17,08:49:59,COMPLETED,36306.0,17706.9,5.59,1067.92
88,hard,15,08:09:43,08:09:46,08:50:18,COMPLETED,38194.0,40528.8,3.82,2435.52
55,medium,13,08:45:51,08:45:56,08:50:37,COMPLETED,31982.0,4672.4,5.92,286.13
32,easy,11,08:50:49,08:50:49,08:50:55,COMPLETED,32238.0,107.6,0.51,6.76
40,medium,13,08:49:27,08:49:28,08:51:08,COMPLETED,33484.0,1659.6,1.76,101.21
4,medium,13,08:40:17,08:40:20,08:51:20,COMPLETED,34016.0,11009.6,3.13,663.59
138,medium,13,08:49:26,08:49:28,08:52:35,COMPLETED,28875.0,3123.0,2.76,189.99
30,medium,13,08:51:39,08:51:39,08:52:42,COMPLETED,26025.0,1058.4,0.15,63.21
127,easy,12,08:51:54,08:51:57,08:52:42,COMPLETED,32793.0,748.4,3.84,48.21
114,easy,12,08:52:17,08:52:23,08:52:48,COMPLETED,24774.0,433.5,6.10,31.82
76,easy,11,08:52:39,08:52:42,08:52:55,COMPLETED,35050.0,217.7,3.21,16.18
111,medium,14,08:36:58,08:37:02,08:53:33,COMPLETED,32051.0,16506.3,4.81,995.09
113,easy,11,08:53:26,08:53:26,08:53:33,COMPLETED,27089.0,110.5,0.66,7.09
96,medium,14,08:17:37,08:17:42,08:53:39,COMPLETED,30912.0,35944.5,5.74,2162.31
105,medium,14,08:39:42,08:39:43,08:53:39,COMPLETED,32236.0,13941.0,1.08,837.31
142,medium,13,08:51:48,08:51:51,08:53:45,COMPLETED,30988.0,1908.1,3.59,117.74
56,easy,11,08:53:20,08:53:20,08:54:11,COMPLETED,33777.0,849.4,0.23,51.03
79,medium,14,08:49:45,08:49:47,08:55:00,COMPLETED,25770.0,5229.2,2.48,315.99
36,easy,11,08:56:12,08:56:16,08:56:28,COMPLETED,27470.0,213.6,4.29,16.80
121,medium,13,08:55:14,08:55:19,08:56:35,COMPLETED,26487.0,1261.3,5.75,81.15
50,medium,13,08:47:47,08:47:49,08:57:00,COMPLETED,35847.0,9185.1,2.39,553.37
72,medium,14,08:40:11,08:40:13,08:57:06,COMPLETED,33782.0,16880.1,2.91,1015.56
125,easy,12,08:56:43,08:56:47,08:57:19,COMPLETED,24809.0,531.5,4.75,36.15
131,easy,12,08:57:19,08:57:19,08:58:15,COMPLETED,25219.0,943.2,0.15,56.66
51,medium,13,08:57:16,08:57:19,08:58:34,COMPLETED,30939.0,1254.4,3.15,78.22
68,medium,13,08:56:49,08:56:53,08:59:29,COMPLETED,33976.0,2600.9,4.96,160.86
146,easy,11,08:59:54,08:59:54,09:00:19,COMPLETED,26732.0,415.9,0.55,25.34
200,easy,12,09:00:27,09:00:31,09:01:33,COMPLETED,30343.0,1036.0,4.76,66.71
206,easy,11,09:01:34,09:01:39,09:01:46,COMPLETED,26439.0,106.9,5.95,12.18
277,medium,14,09:01:05,09:01:08,09:02:10,COMPLETED,30516.0,1037.2,3.91,65.97
203,easy,12,09:02:46,09:02:48,09:03:19,COMPLETED,24378.0,528.9,2.14,33.49
263,easy,11,09:03:16,09:03:19,09:03:32,COMPLETED,24234.0,218.6,3.49,16.18
149,hard,15,08:26:48,08:26:50,09:03:51,COMPLETED,28166.0,37009.6,2.74,2223.21
62,medium,14,08:51:36,08:51:39,09:04:10,COMPLETED,28905.0,12524.2,3.15,754.34
44,medium,13,08:59:07,08:59:11,09:04:10,COMPLETED,31671.0,4989.9,4.29,303.34
265,easy,11,09:04:01,09:04:03,09:04:10,COMPLETED,20764.0,114.7,2.91,9.34
27,medium,14,08:42:44,08:42:50,09:05:26,COMPLETED,36095.0,22604.9,6.04,1362.16
257,easy,11,09:05:12,09:05:13,09:05:32,COMPLETED,29429.0,323.4,1.45,20.57
82,medium,14,08:51:58,08:52:04,09:05:58,COMPLETED,32981.0,13903.2,6.08,840.10
226,easy,12,09:05:43,09:05:45,09:07:07,COMPLETED,23629.0,1382.7,2.30,84.87
159,medium,13,09:04:15,09:04:16,09:07:27,COMPLETED,26731.0,3178.4,1.84,192.23
238,easy,11,09:07:17,09:07:20,09:07:27,COMPLETED,23519.0,116.0,3.68,10.23
193,medium,13,09:06:22,09:06:23,09:07:33,COMPLETED,26861.0,1178.0,1.34,71.69
83,medium,14,08:08:48,08:08:51,09:08:43,COMPLETED,39796.0,59855.9,3.95,3595.32
243,medium,13,09:04:58,09:05:00,09:09:02,COMPLETED,28468.0,4031.8,2.83,244.47
261,medium,13,09:02:45,09:02:48,09:09:08,COMPLETED,39383.0,6351.8,3.14,383.87
269,medium,14,09:07:17,09:07:20,09:09:21,COMPLETED,33453.0,2019.0,3.68,124.66
290,easy,12,09:09:08,09:09:08,09:09:21,COMPLETED,29085.0,217.8,0.87,13.66
267,easy,12,09:08:24,09:08:24,09:09:34,COMPLETED,24668.0,1169.8,0.25,70.18
279,easy,11,09:09:16,09:09:21,09:09:34,COMPLETED,25645.0,213.4,5.66,18.18
212,easy,12,09:08:16,09:08:17,09:09:59,COMPLETED,32220.0,1692.5,1.79,103.14
256,easy,12,09:09:31,09:09:34,09:09:59,COMPLETED,23481.0,419.7,3.18,28.14
253,medium,13,09:05:08,09:05:13,09:10:05,COMPLETED,27393.0,4870.6,5.45,297.38
225,easy,11,09:10:17,09:10:17,09:10:24,COMPLETED,20886.0,108.5,0.94,7.22
266,easy,11,09:10:55,09:10:55,09:11:01,COMPLETED,24740.0,108.6,0.47,6.75
145,hard,15,08:14:43,08:14:45,09:11:57,COMPLETED,32154.0,57204.1,2.54,3434.70
228,easy,12,09:11:56,09:11:57,09:12:10,COMPLETED,26943.0,212.8,1.70,14.24
202,easy,12,09:12:01,09:12:03,09:12:16,COMPLETED,30515.0,212.6,2.99,15.50
235,easy,12,09:12:35,09:12:35,09:13:12,COMPLETED,33227.0,626.7,0.20,37.60
252,medium,13,09:10:32,09:10:36,09:13:31,COMPLETED,31713.0,2912.0,4.71,179.24
163,easy,11,09:13:56,09:13:56,09:14:02,COMPLETED,19587.0,108.6,0.11,6.38
160,medium,14,09:00:11,09:00:13,09:14:14,COMPLETED,28257.0,14033.4,2.12,843.93
244,easy,11,09:14:06,09:14:08,09:14:14,COMPLETED,31199.0,109.4,2.65,8.93
224,easy,11,09:14:10,09:14:14,09:14:27,COMPLETED,31261.0,212.8,4.93,17.50
104,medium,14,08:25:05,08:25:06,09:16:14,COMPLETED,26593.0,51135.3,1.57,3069.61
195,easy,12,09:14:33,09:14:33,09:16:20,COMPLETED,24509.0,1794.4,0.72,107.96
126,hard,15,08:06:33,08:06:38,09:16:27,COMPLETED,33849.0,69812.1,5.74,4194.44
296,medium,13,09:12:12,09:12:16,09:16:46,COMPLETED,24707.0,4504.6,4.50,274.33
194,easy,11,09:16:48,09:16:52,09:17:18,COMPLETED,25357.0,429.6,4.86,30.31
247,easy,12,09:17:21,09:17:24,09:17:37,COMPLETED,25754.0,217.0,3.68,16.37
192,easy,11,09:18:22,09:18:27,09:18:40,COMPLETED,23130.0,221.4,5.82,18.70
241,easy,12,09:18:27,09:18:27,09:19:18,COMPLETED,30815.0,855.9,0.82,51.82
213,easy,11,09:19:22,09:19:25,09:19:56,COMPLETED,34903.0,530.2,3.32,34.79
264,easy,11,09:19:09,09:19:12,09:20:09,COMPLETED,33087.0,959.6,3.37,60.50
172,easy,11,09:20:51,09:20:53,09:21:12,COMPLETED,27770.0,318.4,2.44,21.34
181,easy,11,09:20:56,09:20:59,09:21:18,COMPLETED,31124.0,318.0,3.71,22.59
148,hard,15,08:07:35,08:07:39,09:21:31,COMPLETED,31847.0,73865.5,4.18,4436.10
229,easy,11,09:21:39,09:21:43,09:21:56,COMPLETED,31710.0,214.3,4.59,17.15
0,hard,15,08:17:41,08:17:42,09:22:27,COMPLETED,35070.0,64743.4,1.74,3886.36
237,easy,11,09:22:52,09:22:52,09:22:58,COMPLETED,23346.0,108.0,0.25,6.51
110,hard,15,08:43:45,08:43:45,09:24:06,COMPLETED,34614.0,40356.6,0.61,2421.98
214,medium,14,09:02:03,09:02:04,09:24:38,COMPLETED,22842.0,22559.6,1.74,1355.21
288,easy,11,09:24:11,09:24:13,09:24:44,COMPLETED,27577.0,523.7,2.23,33.45
286,easy,11,09:24:27,09:24:31,09:24:44,COMPLETED,31426.0,212.1,4.94,17.45
210,medium,13,09:16:18,09:16:20,09:24:50,COMPLETED,36045.0,8498.2,2.96,512.69
204,medium,14,09:15:52,09:15:55,09:25:09,COMPLETED,29512.0,9226.5,3.90,557.32
268,easy,11,09:25:12,09:25:15,09:25:21,COMPLETED,24956.0,108.8,3.54,9.79
258,easy,11,09:25:19,09:25:21,09:26:11,COMPLETED,34471.0,836.6,2.79,52.79
223,easy,11,09:26:15,09:26:18,09:26:30,COMPLETED,23370.0,212.6,3.04,15.53
270,easy,12,09:25:56,09:25:59,09:26:43,COMPLETED,37720.0,732.8,3.28,47.05
222,medium,14,09:21:23,09:21:24,09:27:20,COMPLETED,35052.0,5929.3,1.83,357.40
232,medium,13,09:26:28,09:26:30,09:27:57,COMPLETED,26000.0,1461.2,2.53,89.91
198,easy,11,09:27:57,09:27:57,09:28:10,COMPLETED,28505.0,213.8,0.91,13.49
130,hard,15,08:46:38,08:46:41,09:28:35,COMPLETED,36911.0,41908.1,3.03,2517.46
289,easy,12,09:28:43,09:28:47,09:29:00,COMPLETED,28659.0,212.3,4.98,17.51
234,medium,13,09:27:34,09:27:39,09:29:25,COMPLETED,33171.0,1776.1,5.11,111.48
216,medium,14,09:25:36,09:25:40,09:31:11,COMPLETED,28436.0,5528.0,4.56,335.82
272,easy,11,09:30:59,09:30:59,09:31:11,COMPLETED,32903.0,220.2,0.13,12.82
221,medium,13,09:23:17,09:23:17,09:31:31,COMPLETED,33592.0,8240.5,0.20,494.32
251,easy,11,09:31:10,09:31:11,09:31:31,COMPLETED,19329.0,331.8,1.82,21.32
191,medium,13,09:30:45,09:30:46,09:31:50,COMPLETED,29999.0,1071.1,1.60,65.51
162,medium,13,09:28:31,09:28:35,09:32:22,COMPLETED,28807.0,3786.5,4.46,231.33
291,medium,13,09:21:03,09:21:06,09:33:00,COMPLETED,31696.0,11910.0,3.04,717.31
292,medium,13,09:20:04,09:20:09,09:35:24,COMPLETED,27625.0,15245.9,5.50,920.07
176,easy,11,09:35:31,09:35:36,09:35:42,COMPLETED,26416.0,108.8,5.59,11.89
87,hard,15,08:52:29,08:52:29,09:37:04,COMPLETED,34402.0,44576.9,0.55,2675.08
219,easy,12,09:35:17,09:35:17,09:37:10,COMPLETED,28292.0,1879.5,0.79,113.34
259,easy,12,09:36:57,09:36:57,09:37:29,COMPLETED,23245.0,525.6,0.80,32.07
161,medium,14,09:27:31,09:27:32,09:38:37,COMPLETED,33000.0,11085.6,1.84,666.67
298,medium,13,09:33:02,09:33:06,09:38:37,COMPLETED,36054.0,5522.1,4.74,335.67
152,easy,12,09:38:27,09:38:31,09:38:37,COMPLETED,29274.0,111.5,4.40,10.67
239,easy,11,09:38:39,09:38:44,09:39:15,COMPLETED,34879.0,532.7,5.12,36.87
184,medium,14,09:32:57,09:33:00,09:39:54,COMPLETED,21851.0,6900.3,3.31,417.13
182,medium,13,09:31:58,09:32:03,09:40:19,COMPLETED,31548.0,8273.2,5.25,501.30
273,easy,11,09:40:45,09:40:50,09:40:57,COMPLETED,30544.0,110.0,5.94,12.25
208,hard,15,09:00:25,09:00:25,09:41:03,COMPLETED,38391.0,40636.7,0.54,2438.57
293,hard,15,09:29:15,09:29:19,09:41:16,COMPLETED,31866.0,11958.3,4.18,721.38
180,easy,11,09:42:05,09:42:07,09:42:19,COMPLETED,28794.0,218.4,2.14,14.87
158,medium,13,09:41:44,09:41:47,09:42:45,COMPLETED,23696.0,963.9,3.87,61.37
287,hard,15,09:13:57,09:14:02,09:43:17,COMPLETED,33749.0,29247.6,5.38,1760.04
151,easy,12,09:42:33,09:42:38,09:43:23,COMPLETED,27652.0,746.6,5.91,50.35
220,easy,12,09:42:55,09:42:58,09:43:36,COMPLETED,26489.0,643.1,3.03,41.13
150,medium,14,09:06:04,09:06:04,09:44:33,COMPLETED,37781.0,38487.5,0.42,2309.45
201,medium,14,09:40:51,09:40:57,09:44:46,COMPLETED,26328.0,3819.3,6.25,235.10
262,easy,11,09:44:14,09:44:14,09:44:46,COMPLETED,24139.0,534.5,0.38,32.10
299,easy,12,09:44:44,09:44:46,09:45:17,COMPLETED,28588.0,524.6,2.10,33.40
278,easy,12,09:44:42,09:44:46,09:46:07,COMPLETED,29310.0,1360.3,4.10,85.46
283,easy,12,09:45:46,09:45:48,09:46:13,COMPLETED,35650.0,423.1,2.59,27.76
207,medium,13,09:43:35,09:43:36,09:46:44,COMPLETED,34578.0,3150.2,1.13,189.95
154,medium,13,09:40:44,09:40:44,09:47:16,COMPLETED,25701.0,6531.0,0.49,392.16
274,easy,12,09:47:34,09:47:34,09:47:47,COMPLETED,29408.0,212.2,0.89,13.45
218,easy,11,09:47:29,09:47:34,09:47:53,COMPLETED,26043.0,318.8,5.89,24.69
187,medium,13,09:31:12,09:31:18,09:48:12,COMPLETED,29296.0,16906.0,6.40,1020.59
3,hard,15,08:31:28,08:31:28,09:48:50,COMPLETED,28024.0,77367.9,0.05,4642.08
155,medium,13,09:45:31,09:45:36,09:48:50,COMPLETED,37388.0,3236.8,5.09,199.08
236,medium,13,09:30:13,09:30:15,09:49:40,COMPLETED,41380.0,19418.5,2.31,1167.24
275,easy,12,09:48:25,09:48:25,09:50:17,COMPLETED,31637.0,1883.1,0.06,112.86
189,easy,12,09:50:37,09:50:43,09:51:28,COMPLETED,31113.0,753.5,6.28,51.11
294,easy,12,09:51:32,09:51:34,09:52:18,COMPLETED,31931.0,740.4,2.56,46.75
211,medium,14,09:11:40,09:11:45,09:52:31,COMPLETED,32676.0,40771.3,5.24,2451.33
281,easy,11,09:52:10,09:52:12,09:52:31,COMPLETED,23248.0,320.3,2.44,21.33
169,easy,12,09:50:40,09:50:43,09:52:37,COMPLETED,33650.0,1909.7,3.28,117.68
178,medium,13,09:51:10,09:51:15,09:52:37,COMPLETED,28811.0,1378.4,5.27,87.68
67,medium,13,08:42:39,08:42:43,09:53:02,COMPLETED,40028.0,70319.1,4.78,4223.81
233,medium,13,09:49:10,09:49:15,09:53:09,COMPLETED,31460.0,3904.4,5.14,239.16
164,easy,12,09:52:28,09:52:31,09:53:34,COMPLETED,21808.0,1060.4,3.33,66.57
248,easy,12,09:53:00,09:53:02,09:54:32,COMPLETED,38452.0,1491.4,2.81,92.04
285,medium,13,09:49:05,09:49:08,09:54:38,COMPLETED,29601.0,5502.6,3.83,333.36
153,medium,13,09:48:20,09:48:25,09:54:45,COMPLETED,22822.0,6339.6,5.06,385.12
157,easy,11,09:54:59,09:55:04,09:55:10,COMPLETED,30619.0,115.9,5.25,11.77
227,medium,13,09:54:35,09:54:38,09:55:23,COMPLETED,26354.0,763.3,3.36,48.77
174,easy,12,09:55:14,09:55:17,09:57:23,COMPLETED,26965.0,2108.9,3.25,129.49
297,medium,14,09:06:54,09:06:55,09:57:36,COMPLETED,34637.0,50684.8,1.12,3042.09
260,easy,11,09:56:22,09:56:26,09:57:36,COMPLETED,25699.0,1157.6,4.89,74.09
230,medium,14,09:52:05,09:52:06,09:59:16,COMPLETED,27135.0,7176.6,1.13,431.47
245,medium,13,09:59:43,09:59:47,10:00:38,COMPLETED,26372.0,842.0,4.87,55.13
231,easy,12,09:52:51,09:52:56,10:00:44,COMPLETED,42889.0,7803.2,5.51,473.41
284,medium,13,09:54:32,09:54:32,10:00:50,COMPLETED,27325.0,6318.5,0.04,378.78
215,medium,14,09:53:05,09:53:09,10:01:03,COMPLETED,32654.0,7918.2,4.16,478.66
333,easy,12,10:01:30,10:01:35,10:02:01,COMPLETED,26757.0,439.9,5.95,31.93
419,medium,13,10:01:01,10:01:03,10:02:08,COMPLETED,36032.0,1087.2,2.66,67.40
282,medium,14,09:43:52,09:43:55,10:02:21,COMPLETED,37258.0,18442.8,3.25,1109.54
183,medium,14,09:54:37,09:54:38,10:02:27,COMPLETED,29019.0,7827.1,1.36,470.95
415,medium,13,10:02:02,10:02:08,10:03:06,COMPLETED,32945.0,971.4,6.40,64.27
166,hard,15,09:28:47,09:28:47,10:03:12,COMPLETED,31572.0,34417.9,0.98,2065.75
295,medium,13,09:59:09,09:59:10,10:06:00,COMPLETED,35580.0,6844.6,1.15,411.42
364,easy,11,10:05:50,10:05:53,10:06:00,COMPLETED,23814.0,120.6,3.71,10.42
336,easy,11,10:06:16,10:06:19,10:06:33,COMPLETED,28884.0,228.6,3.80,17.05
382,easy,11,10:06:35,10:06:39,10:06:59,COMPLETED,23285.0,332.1,4.58,24.15
433,easy,12,10:06:22,10:06:26,10:07:18,COMPLETED,28984.0,870.5,4.40,56.28
376,easy,12,10:05:51,10:05:53,10:07:24,COMPLETED,24794.0,1520.5,2.71,93.68
306,easy,11,10:07:10,10:07:11,10:07:24,COMPLETED,29927.0,219.4,1.89,14.68
240,medium,13,09:58:38,09:58:38,10:08:40,COMPLETED,35455.0,10032.3,0.74,602.40
168,medium,14,09:54:37,09:54:38,10:08:46,COMPLETED,31920.0,14141.7,1.36,849.76
177,hard,15,09:42:00,09:42:00,10:09:18,COMPLETED,33416.0,27296.6,0.67,1638.30
327,medium,13,10:02:18,10:02:21,10:09:18,COMPLETED,30707.0,6950.7,3.54,420.30
311,medium,13,10:04:25,10:04:30,10:09:24,COMPLETED,24092.0,4909.5,5.34,299.65
276,medium,13,09:25:58,09:25:59,10:09:37,COMPLETED,42359.0,43634.2,1.28,2619.24
430,easy,11,10:11:33,10:11:36,10:12:02,COMPLETED,31284.0,433.2,3.83,29.55
190,hard,15,09:49:13,09:49:15,10:12:28,COMPLETED,30920.0,23217.6,2.14,1395.07
120,hard,15,08:25:57,08:26:01,10:12:53,COMPLETED,37118.0,106868.8,4.81,6416.80
438,medium,14,10:00:40,10:00:44,10:13:00,COMPLETED,28242.0,12270.1,4.41,740.24
271,hard,15,09:49:52,09:49:52,10:13:06,COMPLETED,30987.0,23238.9,0.78,1394.78
305,easy,11,10:12:51,10:12:53,10:13:06,COMPLETED,32124.0,225.1,2.80,15.78
386,easy,11,10:13:23,10:13:26,10:13:38,COMPLETED,25027.0,214.5,3.23,15.83
319,medium,13,10:08:37,10:08:40,10:13:51,COMPLETED,36804.0,5193.5,3.40,314.57
432,medium,14,10:02:09,10:02:14,10:14:30,COMPLETED,30043.0,12257.7,5.96,741.10
197,hard,15,09:03:32,09:03:32,10:14:36,COMPLETED,32164.0,71076.1,0.18,4264.59
351,easy,12,10:13:58,10:13:58,10:14:36,COMPLETED,27087.0,649.3,0.08,38.59
365,easy,11,10:14:44,10:14:49,10:14:56,COMPLETED,28769.0,116.5,5.62,12.17
179,hard,15,09:05:21,09:05:26,10:15:28,COMPLETED,31833.0,70036.7,5.16,4207.18
352,medium,14,10:06:44,10:06:46,10:15:40,COMPLETED,36205.0,8914.6,2.26,536.92
312,easy,12,10:15:04,10:15:08,10:15:47,COMPLETED,22951.0,645.1,4.92,43.22
304,easy,12,10:14:01,10:14:04,10:16:00,COMPLETED,29855.0,1934.5,3.41,119.08
165,medium,14,09:57:15,09:57:17,10:17:03,COMPLETED,34693.0,19785.7,2.14,1189.00
250,medium,14,09:12:58,09:13:00,10:17:17,COMPLETED,26990.0,64285.6,2.14,3859.16
445,easy,11,10:17:05,10:17:10,10:17:23,COMPLETED,23610.0,225.7,5.45,18.47
316,medium,13,10:12:51,10:12:53,10:17:30,COMPLETED,27169.0,4612.2,2.80,279.06
436,medium,13,10:14:23,10:14:23,10:17:30,COMPLETED,30966.0,3114.5,0.75,187.06
448,easy,11,10:17:21,10:17:23,10:17:30,COMPLETED,22130.0,120.1,2.47,9.06
320,easy,11,10:17:33,10:17:36,10:17:56,COMPLETED,27653.0,335.3,3.73,23.53
426,easy,12,10:17:39,10:17:43,10:18:34,COMPLETED,30868.0,853.2,4.37,55.38
147,hard,15,08:10:11,08:10:11,10:18:53,COMPLETED,32566.0,128700.5,0.28,7722.30
439,medium,13,10:17:10,10:17:10,10:19:24,COMPLETED,24088.0,2240.3,0.45,134.74
331,medium,13,10:17:38,10:17:43,10:19:49,COMPLETED,24989.0,2112.3,5.37,131.88
254,hard,15,09:04:56,09:05:00,10:20:27,COMPLETED,41061.0,75447.8,4.83,4531.58
362,easy,12,10:20:12,10:20:14,10:20:33,COMPLETED,24663.0,320.9,2.97,21.90
363,medium,13,10:19:35,10:19:37,10:21:49,COMPLETED,31558.0,2203.8,2.29,134.23
359,medium,13,10:19:13,10:19:18,10:22:08,COMPLETED,26988.0,2834.0,5.41,175.20
388,easy,11,10:22:01,10:22:01,10:22:20,COMPLETED,36615.0,322.7,0.83,19.85
301,easy,12,10:22:11,10:22:14,10:22:27,COMPLETED,28864.0,216.3,3.50,16.22
347,easy,11,10:22:45,10:22:46,10:22:52,COMPLETED,23266.0,114.1,1.11,7.43
394,easy,12,10:22:16,10:22:20,10:22:58,COMPLETED,30257.0,643.4,4.85,42.99
356,medium,14,10:03:12,10:03:12,10:23:50,COMPLETED,28252.0,20628.8,0.75,1238.23
383,medium,13,10:19:18,10:19:18,10:23:50,COMPLETED,28795.0,4535.2,0.41,272.23
375,easy,12,10:23:34,10:23:37,10:23:50,COMPLETED,29738.0,220.6,3.36,16.23
447,easy,11,10:23:38,10:23:43,10:24:02,COMPLETED,25268.0,327.1,5.69,24.90
188,medium,14,09:39:26,09:39:28,10:24:22,COMPLETED,25509.0,44898.8,2.47,2696.18
307,easy,12,10:23:47,10:23:50,10:24:47,COMPLETED,33194.0,963.1,3.23,60.74
421,easy,11,10:24:54,10:24:54,10:25:06,COMPLETED,27494.0,222.1,0.04,12.97
391,easy,11,10:25:56,10:25:58,10:26:04,COMPLETED,18342.0,116.2,2.20,8.75
357,easy,12,10:25:51,10:25:51,10:26:24,COMPLETED,22680.0,543.7,0.66,33.02
373,medium,13,10:25:07,10:25:13,10:26:30,COMPLETED,26134.0,1288.5,6.40,83.31
409,medium,13,10:26:52,10:26:56,10:27:21,COMPLETED,29794.0,435.9,4.01,29.75
397,easy,11,10:27:28,10:27:28,10:27:41,COMPLETED,34697.0,225.4,0.23,13.33
399,medium,13,10:22:29,10:22:33,10:27:54,COMPLETED,25344.0,5352.2,4.52,325.40
392,easy,12,10:26:11,10:26:11,10:28:00,COMPLETED,31223.0,1828.7,0.22,109.70
385,medium,13,10:10:07,10:10:08,10:28:39,COMPLETED,28955.0,18517.0,1.62,1112.31
361,easy,11,10:28:28,10:28:32,10:28:39,COMPLETED,26352.0,117.1,4.75,11.31
410,easy,12,10:28:58,10:28:58,10:29:11,COMPLETED,26473.0,219.3,0.53,13.43
343,easy,12,10:28:02,10:28:06,10:29:24,COMPLETED,28562.0,1288.3,4.99,82.00
354,easy,11,10:29:36,10:29:36,10:29:43,COMPLETED,21262.0,110.5,0.64,7.01
246,hard,15,09:53:00,09:53:02,10:29:49,COMPLETED,35474.0,36777.5,2.81,2209.30
344,hard,15,10:01:52,10:01:55,10:30:20,COMPLETED,34300.0,28423.1,3.48,1708.71
334,medium,13,10:26:31,10:26:36,10:31:17,COMPLETED,29267.0,4684.8,5.77,286.56
413,hard,15,10:14:17,10:14:17,10:31:30,COMPLETED,30890.0,17220.2,0.18,1033.19
374,medium,14,10:08:56,10:08:59,10:31:36,COMPLETED,25357.0,22623.1,3.35,1360.50
205,medium,14,09:47:53,09:47:53,10:32:20,COMPLETED,29549.0,44448.1,0.69,2667.44
425,medium,13,10:31:16,10:31:17,10:32:39,COMPLETED,22669.0,1366.0,1.56,83.25
401,medium,14,10:20:56,10:20:59,10:33:23,COMPLETED,29232.0,12405.2,3.02,747.09
302,easy,11,10:34:03,10:34:07,10:34:38,COMPLETED,28141.0,531.5,4.36,35.99
423,easy,12,10:34:50,10:34:51,10:35:42,COMPLETED,27000.0,845.9,1.61,52.10
400,easy,12,10:35:21,10:35:23,10:35:42,COMPLETED,31658.0,320.8,2.14,21.10
390,easy,11,10:37:27,10:37:29,10:37:41,COMPLETED,28390.0,217.2,2.08,14.77
437,easy,11,10:37:42,10:37:48,10:37:54,COMPLETED,24569.0,112.0,6.14,12.51
407,easy,12,10:38:44,10:38:44,10:39:10,COMPLETED,37085.0,428.4,0.93,26.35
196,medium,14,09:46:06,09:46:07,10:39:23,COMPLETED,25292.0,53261.7,1.46,3197.03
427,easy,12,10:39:38,10:39:42,10:40:01,COMPLETED,27549.0,337.0,4.01,23.77
330,medium,14,10:33:38,10:33:41,10:40:21,COMPLETED,31044.0,6662.0,3.92,403.23
429,easy,12,10:39:51,10:39:55,10:40:21,COMPLETED,28589.0,443.7,4.11,30.23
255,hard,15,09:42:08,09:42:13,10:41:18,COMPLETED,26163.0,59094.4,5.41,3550.77
345,easy,11,10:41:14,10:41:18,10:41:25,COMPLETED,16703.0,117.8,4.77,11.37
420,medium,14,10:34:43,10:34:45,10:41:31,COMPLETED,29025.0,6783.3,2.28,408.88
170,medium,14,09:49:28,09:49:33,10:41:51,COMPLETED,27773.0,52297.4,5.94,3143.65
360,easy,12,10:41:32,10:41:38,10:41:51,COMPLETED,21985.0,226.0,6.37,19.65
118,hard,15,08:49:21,08:49:22,10:42:10,COMPLETED,34301.0,112803.2,1.49,6769.62
52,hard,15,08:23:27,08:23:28,10:42:29,COMPLETED,31800.0,139024.4,1.04,8342.47
340,medium,13,10:35:10,10:35:10,10:42:29,COMPLETED,29649.0,7320.0,0.49,439.47
186,hard,15,09:50:43,09:50:43,10:43:00,COMPLETED,33164.0,52296.0,0.28,3137.97
358,hard,15,10:03:38,10:03:38,10:43:00,COMPLETED,28896.0,39375.4,0.72,2362.97
414,easy,12,10:42:51,10:42:54,10:43:00,COMPLETED,26081.0,112.4,3.66,9.97
444,hard,15,10:03:38,10:03:38,10:43:13,COMPLETED,29761.0,39585.9,0.72,2375.80
367,easy,11,10:43:26,10:43:26,10:43:32,COMPLETED,31968.0,111.2,0.46,6.83
342,easy,11,10:43:43,10:43:45,10:43:51,COMPLETED,30587.0,110.0,2.51,8.87
328,easy,11,10:43:40,10:43:45,10:43:58,COMPLETED,23890.0,216.6,5.51,18.17
418,easy,11,10:42:59,10:43:00,10:44:10,COMPLETED,37526.34836492384,1167.6,1.97,71.81
371,easy,11,10:43:38,10:43:39,10:44:17,COMPLETED,33339.0,637.2,1.16,39.13
434,easy,11,10:44:22,10:44:23,10:44:29,COMPLETED,22127.0,109.9,1.42,7.74
412,medium,13,10:43:05,10:43:07,10:45:51,COMPLETED,27185.0,2736.8,2.44,166.39
280,hard,15,09:46:01,09:46:01,10:46:22,COMPLETED,26550.0,60361.8,0.18,3621.77
417,medium,14,10:42:57,10:43:00,10:46:35,COMPLETED,34523.0,3577.7,3.97,218.39
369,easy,12,10:41:34,10:41:38,10:47:13,COMPLETED,43234.0,5583.3,4.37,339.21
325,easy,11,10:47:05,10:47:06,10:47:13,COMPLETED,21837.0,111.4,1.88,8.21
21,medium,14,08:35:25,08:35:29,10:47:58,COMPLETED,42383.0,132473.2,4.82,7953.15
65,hard,15,08:41:40,08:41:41,10:47:58,COMPLETED,34602.0,126284.2,1.20,7578.15
396,medium,14,10:43:39,10:43:39,10:47:58,COMPLETED,35878.0,4323.9,0.16,259.15
378,medium,14,10:30:02,10:30:08,10:48:11,COMPLETED,33936.0,18054.5,6.12,1089.21
185,medium,14,09:58:11,09:58:13,10:50:18,COMPLETED,24800.0,52074.7,2.65,3127.03
393,hard,15,10:26:57,10:27:02,10:50:55,COMPLETED,30743.0,23893.7,5.53,1438.88
441,medium,13,10:35:08,10:35:10,10:51:02,COMPLETED,30672.0,15870.0,2.49,954.38
346,medium,13,10:46:40,10:46:41,10:51:08,COMPLETED,32095.0,4458.2,1.68,268.81
405,easy,11,10:51:20,10:51:21,10:51:34,COMPLETED,29407.0,221.5,1.82,14.72
446,easy,12,10:51:10,10:51:15,10:51:54,COMPLETED,28941.0,653.4,5.23,44.07
368,easy,11,10:51:52,10:51:54,10:52:00,COMPLETED,24736.0,111.3,2.07,8.49
300,easy,12,10:51:53,10:51:54,10:52:25,COMPLETED,27550.0,527.9,1.07,32.54
339,easy,12,10:51:44,10:51:47,10:53:28,COMPLETED,30988.0,1683.2,3.55,104.31
372,easy,12,10:52:26,10:52:31,10:53:40,COMPLETED,30323.0,1155.5,5.83,74.83
411,easy,11,10:53:43,10:53:47,10:53:53,COMPLETED,26499.0,110.5,4.20,10.52
408,easy,11,10:53:48,10:53:53,10:53:59,COMPLETED,27261.0,109.8,5.52,11.86
303,easy,12,10:53:36,10:53:40,10:54:18,COMPLETED,28353.0,636.5,4.83,42.72
341,easy,11,10:54:47,10:54:50,10:54:56,COMPLETED,24209.0,109.3,3.14,9.44
322,easy,11,10:55:09,10:55:15,10:55:21,COMPLETED,27909.0,111.5,6.30,12.68
403,easy,11,10:55:37,10:55:40,10:55:46,COMPLETED,29426.0,109.7,3.60,9.92
442,hard,15,10:27:02,10:27:02,10:55:53,COMPLETED,34689.0,28846.4,0.53,1731.21
428,medium,14,10:46:29,10:46:29,10:55:59,COMPLETED,40985.0,9511.8,0.06,570.56
350,easy,12,10:55:51,10:55:53,10:56:05,COMPLETED,26303.0,215.7,2.21,14.84
324,hard,15,10:35:35,10:35:35,10:56:18,COMPLETED,34768.0,20714.4,0.76,1243.44
313,easy,12,10:55:28,10:55:28,10:56:31,COMPLETED,28498.0,1055.2,0.02,63.04
440,medium,13,10:54:15,10:54:18,10:57:15,COMPLETED,23640.0,2946.5,3.72,180.24
435,easy,11,10:57:42,10:57:46,10:57:52,COMPLETED,28509.0,109.3,4.60,10.91
326,medium,13,10:39:11,10:39:16,10:58:37,COMPLETED,28541.0,19344.6,5.67,1166.01
380,hard,15,10:25:28,10:25:32,10:58:43,COMPLETED,29594.0,33186.1,4.51,1995.48
387,medium,13,10:58:15,10:58:18,10:58:49,COMPLETED,26960.0,534.1,3.01,34.81
167,hard,15,09:02:56,09:03:00,10:58:56,COMPLETED,38384.0,115926.2,4.64,6960.09
379,medium,14,10:34:27,10:34:32,10:59:21,COMPLETED,31860.0,24827.9,5.52,1494.79
402,easy,11,10:59:26,10:59:28,10:59:54,COMPLETED,30853.0,436.7,2.36,28.25
381,easy,12,10:59:52,10:59:54,11:00:13,COMPLETED,26824.0,325.1,2.25,21.30
329,medium,13,10:59:35,10:59:41,11:01:17,COMPLETED,30125.0,1606.6,6.29,102.44
308,easy,12,10:59:20,10:59:21,11:02:08,COMPLETED,30027.0,2783.8,1.79,168.40
443,hard,15,10:54:03,10:54:06,11:02:21,COMPLETED,31502.0,8259.0,3.14,498.32
457,medium,13,11:01:51,11:01:55,11:03:12,COMPLETED,32748.0,1288.0,4.57,81.59
395,hard,15,10:27:32,10:27:34,11:03:18,COMPLETED,32252.0,35739.4,2.77,2146.89
249,hard,15,09:02:47,09:02:48,11:03:31,COMPLETED,35310.0,120728.0,1.14,7244.76
577,easy,12,11:00:50,11:00:51,11:03:31,COMPLETED,31158.0,2677.3,1.60,161.76
462,medium,13,11:00:39,11:00:45,11:04:29,COMPLETED,34940.0,3746.4,6.07,230.47
389,medium,14,10:53:21,10:53:21,11:05:19,COMPLETED,23672.0,11965.9,1.00,718.72
384,medium,13,10:59:53,10:59:54,11:05:38,COMPLETED,25655.0,5741.9,1.25,345.58
499,easy,11,11:06:30,11:06:34,11:06:53,COMPLETED,32607.0,319.4,4.91,23.78
479,easy,11,11:06:52,11:06:53,11:07:25,COMPLETED,28086.0,527.1,1.78,33.15
453,medium,14,11:05:30,11:05:32,11:08:46,COMPLETED,27731.0,3242.6,2.28,196.61
398,hard,15,10:53:50,10:53:53,11:09:30,COMPLETED,27319.0,15620.5,3.52,940.52
585,easy,11,11:09:28,11:09:30,11:09:43,COMPLETED,28757.0,218.0,2.52,15.19
580,easy,12,11:09:24,11:09:24,11:10:08,COMPLETED,20798.0,753.3,0.20,45.00
31,medium,14,08:48:42,08:48:45,11:10:28,COMPLETED,36343.0,141714.5,3.21,8506.01
424,hard,15,10:28:58,10:28:58,11:10:40,COMPLETED,32653.0,41707.8,0.53,2502.87
538,easy,11,11:10:53,11:10:53,11:11:25,COMPLETED,33837.0,541.8,0.72,32.78
483,easy,11,11:11:15,11:11:19,11:11:25,COMPLETED,25155.0,118.5,4.16,10.78
460,easy,11,11:11:16,11:11:19,11:11:25,COMPLETED,24274.0,117.5,3.16,9.78
471,medium,14,11:06:13,11:06:16,11:12:23,COMPLETED,35395.0,6130.3,3.06,370.64
488,easy,12,11:11:19,11:11:19,11:12:42,COMPLETED,21630.0,1398.2,0.16,83.98
523,easy,11,11:12:00,11:12:04,11:12:42,COMPLETED,37474.0,652.2,4.11,42.98
332,hard,15,10:07:29,10:07:31,11:14:31,COMPLETED,35912.0,67008.1,2.08,4022.37
477,easy,12,11:14:12,11:14:12,11:14:37,COMPLETED,35676.0,433.7,0.24,25.85
485,easy,11,11:14:14,11:14:18,11:14:50,COMPLETED,24331.0,534.5,4.78,36.57
564,medium,13,11:06:18,11:06:22,11:15:03,COMPLETED,28736.0,8688.3,4.35,525.29
18,hard,15,08:53:41,08:53:45,11:16:13,COMPLETED,32054.0,142456.8,4.74,8552.10
318,hard,15,10:30:39,10:30:39,11:16:19,COMPLETED,29748.0,45664.2,0.65,2740.37
498,easy,11,11:16:37,11:16:38,11:16:44,COMPLETED,19132.0,109.4,1.18,7.50
175,hard,15,09:30:33,09:30:34,11:17:15,COMPLETED,45667.0,106697.5,1.05,6402.77
310,hard,15,10:41:41,10:41:45,11:17:28,COMPLETED,34875.0,35721.4,4.19,2147.33
404,hard,15,10:45:08,10:45:13,11:17:28,COMPLETED,32122.0,32247.2,5.67,1940.33
467,easy,11,11:17:51,11:17:53,11:18:05,COMPLETED,24610.0,212.4,2.30,14.82
545,medium,14,11:10:00,11:10:02,11:19:08,COMPLETED,31769.0,9103.0,2.40,548.38
546,medium,13,11:09:15,11:09:17,11:19:27,COMPLETED,28872.0,10157.8,2.90,612.16
588,easy,11,11:19:58,11:19:58,11:20:04,COMPLETED,27930.0,109.2,0.48,6.77
511,easy,11,11:20:14,11:20:17,11:20:30,COMPLETED,25037.0,215.1,3.36,16.02
464,medium,13,11:10:01,11:10:02,11:20:36,COMPLETED,34560.0,10568.2,1.40,635.29
455,easy,12,11:19:51,11:19:52,11:20:48,COMPLETED,33570.0,951.2,1.19,57.98
461,easy,11,11:20:49,11:20:55,11:21:08,COMPLETED,27096.0,223.4,6.31,19.43
582,easy,12,11:20:59,11:21:01,11:21:08,COMPLETED,30158.0,113.4,2.83,9.43
544,easy,12,11:20:36,11:20:36,11:21:21,COMPLETED,19930.0,755.8,0.29,45.17
526,easy,12,11:21:04,11:21:08,11:21:27,COMPLETED,30545.0,329.1,4.43,23.76
574,easy,12,11:20:21,11:20:23,11:21:40,COMPLETED,32220.0,1289.8,2.73,79.66
321,hard,15,10:20:04,10:20:08,11:21:47,COMPLETED,34521.0,61644.9,4.66,3703.18
335,hard,15,10:36:50,10:36:51,11:21:47,COMPLETED,34708.0,44936.2,1.25,2697.18
173,hard,15,09:21:50,09:21:56,11:22:38,COMPLETED,40515.0,120701.1,6.15,7248.11
495,easy,11,11:23:35,11:23:35,11:23:41,COMPLETED,24543.0,112.1,0.50,6.81
501,medium,13,11:12:24,11:12:29,11:24:13,COMPLETED,33418.0,11732.7,5.95,709.58
456,medium,13,11:23:04,11:23:10,11:24:39,COMPLETED,25957.0,1493.6,6.02,95.12
517,hard,15,11:04:12,11:04:16,11:24:45,COMPLETED,29857.0,20493.3,4.40,1233.70
502,easy,11,11:24:36,11:24:39,11:24:45,COMPLETED,32257.0,117.1,3.12,9.70
556,easy,11,11:25:11,11:25:11,11:25:17,COMPLETED,30536.0,114.3,0.60,6.97
463,medium,14,11:21:18,11:21:21,11:25:24,COMPLETED,31333.0,4062.8,3.17,246.58
309,hard,15,10:47:59,10:48:04,11:25:50,COMPLETED,29328.0,37763.7,5.70,2271.28
532,easy,11,11:25:11,11:25:11,11:25:50,COMPLETED,24084.0,652.2,0.60,39.28
199,hard,15,09:16:46,09:16:46,11:26:22,COMPLETED,28438.0,129601.5,0.33,7776.33
481,hard,15,11:12:12,11:12:17,11:26:28,COMPLETED,24482.0,14199.6,5.08,856.78
490,easy,12,11:24:51,11:24:52,11:27:00,COMPLETED,34667.0,2140.0,1.18,129.53
520,easy,12,11:24:50,11:24:52,11:27:06,COMPLETED,26368.0,2246.6,2.18,136.81
572,easy,11,11:27:19,11:27:19,11:27:25,COMPLETED,26802.0,109.0,0.42,6.73
507,easy,11,11:27:52,11:27:57,11:28:09,COMPLETED,34447.0,216.1,5.10,17.76
540,medium,13,11:24:48,11:24:52,11:28:16,COMPLETED,31403.0,3402.2,4.18,208.11
514,medium,13,11:25:17,11:25:17,11:28:16,COMPLETED,24029.0,2972.8,0.97,179.11
598,medium,13,11:27:36,11:27:38,11:28:34,COMPLETED,30194.0,948.9,2.29,58.91
478,easy,12,11:28:07,11:28:09,11:28:34,COMPLETED,33191.0,424.8,2.76,27.91
518,easy,11,11:28:29,11:28:34,11:28:41,COMPLETED,20763.0,111.0,5.91,12.28
513,easy,12,11:23:28,11:23:29,11:29:00,COMPLETED,38396.0,5522.7,1.19,332.26
500,easy,11,11:28:53,11:28:53,11:29:00,COMPLETED,31229.0,111.7,0.91,7.26
554,easy,11,11:28:34,11:28:34,11:29:06,COMPLETED,27725.0,532.8,0.91,32.64
558,easy,12,11:28:35,11:28:41,11:29:06,COMPLETED,32574.0,427.8,6.28,31.64
562,easy,11,11:29:23,11:29:25,11:29:38,COMPLETED,25871.0,214.3,2.49,15.12
38,hard,15,08:27:47,08:27:51,11:29:44,COMPLETED,36522.0,181873.9,4.97,10917.38
452,hard,15,11:09:30,11:09:30,11:29:44,COMPLETED,31793.0,20233.4,0.52,1214.38
579,easy,11,11:29:47,11:29:50,11:30:03,COMPLETED,29778.0,213.5,3.65,16.18
542,easy,12,11:30:01,11:30:03,11:30:09,COMPLETED,28464.0,109.1,2.18,8.49
593,easy,11,11:30:54,11:30:59,11:31:05,COMPLETED,24445.0,109.7,5.50,11.80
480,medium,13,11:20:58,11:21:01,11:31:12,COMPLETED,33884.0,10174.3,3.83,614.11
348,hard,15,10:57:57,10:57:59,11:31:24,COMPLETED,29838.0,33427.1,2.18,2007.62
516,medium,14,11:19:20,11:19:20,11:31:30,COMPLETED,29079.0,12170.5,0.87,730.93
529,medium,13,11:30:49,11:30:53,11:31:37,COMPLETED,30301.0,740.5,4.22,48.18
561,easy,11,11:31:32,11:31:37,11:31:50,COMPLETED,30116.0,218.7,5.18,18.02
496,medium,13,11:27:57,11:27:57,11:32:08,COMPLETED,28226.0,4203.0,0.10,251.98
571,easy,11,11:32:14,11:32:15,11:32:21,COMPLETED,21560.0,112.9,1.39,7.89
587,easy,11,11:32:32,11:32:34,11:32:41,COMPLETED,20387.0,113.9,2.58,9.06
470,easy,11,11:33:00,11:33:00,11:33:13,COMPLETED,25129.0,226.3,0.19,13.25
528,easy,11,11:33:12,11:33:13,11:33:19,COMPLETED,25930.0,118.0,1.25,7.94
459,easy,11,11:33:13,11:33:13,11:33:26,COMPLETED,23813.0,221.8,0.25,13.38
472,easy,11,11:33:37,11:33:38,11:33:58,COMPLETED,24339.0,325.1,1.97,21.24
548,medium,13,11:28:59,11:29:00,11:34:17,COMPLETED,28408.0,5293.2,1.26,318.40
449,hard,15,10:46:45,10:46:48,11:34:30,COMPLETED,36979.0,47712.3,3.00,2865.54
465,medium,14,11:06:40,11:06:41,11:34:43,COMPLETED,40490.0,28040.5,1.21,1683.39
519,easy,12,11:34:22,11:34:23,11:34:49,COMPLETED,22828.0,438.0,1.94,27.83
416,medium,14,10:33:17,10:33:23,11:35:15,COMPLETED,33127.0,61874.0,6.09,3718.36
323,medium,13,10:58:38,10:58:43,11:35:34,COMPLETED,31600.0,36852.8,5.48,2216.52
565,easy,12,11:34:15,11:34:17,11:35:34,COMPLETED,28924.0,1289.0,2.40,79.52
458,easy,12,11:34:19,11:34:23,11:35:34,COMPLETED,25957.0,1180.1,4.94,75.52
549,easy,11,11:36:07,11:36:12,11:36:19,COMPLETED,19912.0,116.9,5.95,12.57
539,easy,12,11:36:10,11:36:12,11:36:19,COMPLETED,23987.0,116.1,2.95,9.57
536,easy,12,11:36:03,11:36:06,11:36:32,COMPLETED,32601.0,440.6,3.37,29.44
557,medium,14,11:31:01,11:31:05,11:36:45,COMPLETED,23238.0,5660.8,4.80,344.24
422,hard,15,10:02:18,10:02:21,11:37:55,COMPLETED,34352.0,95562.9,3.54,5737.19
522,easy,11,11:38:25,11:38:26,11:38:58,COMPLETED,33598.0,527.4,1.77,33.10
537,medium,14,11:34:04,11:34:04,11:39:04,COMPLETED,38889.0,5002.6,0.50,300.46
541,easy,11,11:38:56,11:38:58,11:39:04,COMPLETED,22460.0,110.1,2.10,8.46
563,medium,14,11:36:00,11:36:06,11:39:48,COMPLETED,27000.0,3700.7,6.37,228.16
317,hard,15,10:17:27,10:17:30,11:40:07,COMPLETED,29368.0,82617.5,3.06,4960.02
476,medium,13,11:38:57,11:38:58,11:40:13,COMPLETED,25002.0,1258.5,1.10,76.30
525,medium,13,11:35:03,11:35:09,11:40:19,COMPLETED,33038.0,5182.1,6.03,316.69
492,easy,11,11:40:08,11:40:13,11:40:19,COMPLETED,22823.0,111.7,5.30,11.69
509,easy,12,11:40:10,11:40:13,11:40:57,COMPLETED,26960.0,739.1,3.30,47.47
575,medium,13,11:40:34,11:40:38,11:41:22,COMPLETED,25712.0,737.3,4.58,48.59
599,medium,14,11:32:59,11:33:00,11:41:35,COMPLETED,29899.0,8584.5,1.19,516.09
559,medium,13,11:38:37,11:38:39,11:41:41,COMPLETED,24993.0,3038.1,2.31,184.35
337,medium,14,10:37:51,10:37:54,11:41:53,COMPLETED,32489.0,63994.7,3.51,3842.96
534,easy,11,11:41:42,11:41:47,11:41:53,COMPLETED,20856.0,111.9,5.64,11.96
578,easy,11,11:41:50,11:41:53,11:42:00,COMPLETED,21342.0,110.8,3.96,10.39
594,easy,12,11:40:09,11:40:13,11:42:25,COMPLETED,34997.0,2205.9,4.30,136.48
550,medium,13,11:39:55,11:40:00,11:42:38,COMPLETED,28520.0,2625.6,5.71,163.02
596,easy,12,11:42:01,11:42:06,11:44:05,COMPLETED,25288.0,1990.1,5.65,124.84
493,medium,13,11:37:05,11:37:10,11:44:18,COMPLETED,28605.0,7132.9,5.60,433.33
570,easy,12,11:45:58,11:45:58,11:46:10,COMPLETED,15164.0,213.1,0.41,12.96
552,medium,13,11:44:38,11:44:43,11:46:23,COMPLETED,32098.0,1672.4,5.44,105.51
101,hard,15,08:48:01,08:48:01,11:47:38,COMPLETED,34621.0,179617.6,0.81,10777.82
494,easy,12,11:42:46,11:42:50,11:48:03,COMPLETED,27115.0,5226.5,4.54,317.88
568,easy,11,11:47:58,11:48:03,11:48:10,COMPLETED,26137.0,109.2,5.88,12.20
567,easy,12,11:47:24,11:47:26,11:48:29,COMPLETED,32265.0,1049.9,2.27,65.03
566,easy,12,11:49:09,11:49:13,11:49:39,COMPLETED,32491.0,432.3,4.62,30.16
589,medium,13,11:49:11,11:49:13,11:49:45,COMPLETED,32148.0,537.6,2.62,34.60
597,medium,14,11:41:51,11:41:53,11:49:52,COMPLETED,30956.0,7972.4,2.96,481.02
487,easy,11,11:49:36,11:49:39,11:49:52,COMPLETED,25987.0,221.2,3.16,16.02
505,medium,13,11:42:15,11:42:19,11:50:10,COMPLETED,33260.0,7866.0,4.16,475.91
586,medium,14,11:46:52,11:46:54,11:50:10,COMPLETED,36354.0,3270.1,2.94,198.91
560,hard,15,11:02:44,11:02:46,11:51:00,COMPLETED,34083.0,48233.8,2.96,2896.88
543,easy,11,11:51:13,11:51:13,11:51:25,COMPLETED,26481.0,213.3,0.40,12.97
489,medium,13,11:46:35,11:46:36,11:51:57,COMPLETED,31188.0,5356.4,1.10,322.27
497,easy,11,11:51:41,11:51:44,11:52:09,COMPLETED,27652.0,421.4,3.75,28.81
129,hard,15,08:09:23,08:09:28,11:52:16,COMPLETED,31138.0,222792.0,5.57,13373.08
506,medium,14,11:38:18,11:38:20,11:52:28,COMPLETED,27442.0,14138.0,2.46,850.56
450,hard,15,11:27:31,11:27:31,11:52:53,COMPLETED,32009.0,25361.6,0.99,1522.53
482,easy,11,11:52:36,11:52:41,11:52:59,COMPLETED,28044.0,316.9,5.03,23.77
338,hard,15,10:21:45,10:21:49,11:53:06,COMPLETED,29179.0,91282.1,4.23,5481.07
473,medium,14,11:44:22,11:44:24,11:53:49,COMPLETED,28782.0,9422.3,2.64,567.80
576,easy,12,11:53:36,11:53:37,11:54:02,COMPLETED,29018.0,420.6,1.25,26.27
569,medium,13,11:52:54,11:52:59,11:54:52,COMPLETED,27101.0,1878.6,5.77,118.29
555,hard,15,11:17:11,11:17:15,11:55:04,COMPLETED,31857.0,37819.1,4.77,2273.81
595,easy,12,11:54:21,11:54:21,11:55:04,COMPLETED,32531.0,733.8,0.01,43.81
508,medium,14,11:28:00,11:28:03,11:55:29,COMPLETED,36750.0,27442.3,3.44,1649.83
583,easy,12,11:55:15,11:55:17,11:55:54,COMPLETED,26810.0,627.2,2.33,39.74
475,easy,12,11:51:58,11:52:03,11:56:00,COMPLETED,38754.0,3961.1,5.53,242.99
547,medium,13,11:53:30,11:53:30,11:56:07,COMPLETED,34447.0,2613.3,0.97,157.24
314,medium,14,10:31:10,10:31:11,11:57:35,COMPLETED,31179.0,86401.4,1.19,5185.18
431,hard,15,10:56:00,10:56:05,11:57:41,COMPLETED,34206.0,61595.1,5.84,3701.46
491,medium,13,11:50:30,11:50:35,11:57:41,COMPLETED,34429.0,7096.7,5.84,431.46
406,hard,15,10:54:36,10:54:37,11:58:12,COMPLETED,27495.0,63585.2,1.58,3816.61
451,hard,15,11:44:29,11:44:30,11:58:12,COMPLETED,39723.0,13697.7,1.92,823.61
590,medium,13,11:57:21,11:57:22,11:58:12,COMPLETED,23378.0,837.0,1.60,51.61
315,hard,15,10:56:57,10:57:02,11:58:37,COMPLETED,36222.0,61591.0,5.58,3700.89
510,easy,11,11:58:17,11:58:18,11:58:44,COMPLETED,24595.0,427.5,1.86,27.27
553,easy,12,11:58:15,11:58:18,11:58:50,COMPLETED,34753.0,534.3,3.86,35.64
591,medium,14,11:51:06,11:51:07,11:59:28,COMPLETED,32107.0,8357.5,1.13,502.39
623,easy,11,12:01:16,12:01:21,12:01:40,COMPLETED,25179.0,315.7,5.39,24.10
469,medium,14,11:54:00,11:54:02,12:02:11,COMPLETED,34412.0,8152.1,2.27,491.18
53,hard,15,08:45:37,08:45:38,12:02:54,COMPLETED,27272.0,197278.1,1.20,11837.86
730,easy,12,12:02:42,12:02:42,12:02:54,COMPLETED,23062.0,212.3,0.32,12.86
606,easy,11,12:02:44,12:02:48,12:03:19,COMPLETED,30270.0,526.2,4.59,35.90
349,hard,15,10:10:34,10:10:40,12:03:38,COMPLETED,35016.0,112977.5,6.08,6784.67
735,easy,12,12:03:28,12:03:32,12:03:51,COMPLETED,27873.0,314.7,4.41,23.09
468,medium,14,11:56:06,11:56:07,12:04:28,COMPLETED,29921.0,8353.7,1.24,502.30
474,hard,15,11:31:24,11:31:24,12:04:46,COMPLETED,34741.0,33373.5,0.62,2002.91
584,hard,15,11:40:58,11:41:03,12:06:57,COMPLETED,28701.0,25894.1,5.78,1559.29
603,easy,11,12:07:21,12:07:22,12:07:41,COMPLETED,27940.0,327.7,1.52,20.69
746,easy,11,12:07:32,12:07:35,12:07:48,COMPLETED,24316.0,223.1,3.24,16.25
722,medium,14,12:05:05,12:05:05,12:07:54,COMPLETED,30803.0,2824.5,0.51,169.68
454,medium,14,11:18:46,11:18:49,12:08:07,COMPLETED,37816.0,49301.3,3.59,2961.53
650,easy,11,12:07:59,12:08:01,12:08:20,COMPLETED,26010.0,325.4,2.06,21.17
515,hard,15,11:35:50,11:35:53,12:08:32,COMPLETED,33483.0,32660.3,3.49,1962.97
749,easy,11,12:08:36,12:08:39,12:08:58,COMPLETED,32900.0,323.7,3.25,22.34
717,easy,12,12:07:39,12:07:41,12:09:10,COMPLETED,30656.0,1492.6,2.69,91.93
714,easy,12,12:08:46,12:08:51,12:09:17,COMPLETED,26158.0,431.3,5.88,31.31
700,easy,11,12:09:24,12:09:30,12:09:43,COMPLETED,35714.0,219.6,6.25,19.11
670,easy,11,12:09:29,12:09:30,12:09:49,COMPLETED,30445.0,322.9,1.25,20.48
708,easy,12,12:09:19,12:09:23,12:10:01,COMPLETED,28046.0,639.8,4.82,42.95
625,easy,11,12:10:18,12:10:20,12:10:39,COMPLETED,30386.0,323.4,2.69,21.84
731,medium,13,12:00:59,12:01:02,12:11:24,COMPLETED,35055.0,10365.9,3.65,625.28
725,medium,13,12:09:45,12:09:49,12:11:43,COMPLETED,27232.0,1903.7,4.48,118.37
702,medium,13,12:10:23,12:10:26,12:13:24,COMPLETED,36414.0,2962.4,3.95,181.46
616,easy,11,12:13:16,12:13:18,12:13:24,COMPLETED,25648.0,109.2,2.18,8.46
647,easy,11,12:13:22,12:13:24,12:13:30,COMPLETED,28727.0,108.4,2.46,8.76
620,easy,12,12:13:33,12:13:36,12:13:49,COMPLETED,25063.0,212.1,3.98,16.45
739,hard,15,12:06:40,12:06:44,12:13:55,COMPLETED,32540.0,7185.2,4.80,435.73
643,easy,12,12:13:57,12:14:01,12:14:20,COMPLETED,26282.0,315.4,4.96,23.68
719,medium,14,12:14:12,12:14:14,12:15:16,COMPLETED,32186.0,1040.1,2.42,64.58
674,easy,11,12:15:12,12:15:16,12:15:22,COMPLETED,26479.0,108.0,4.58,10.85
531,medium,13,11:59:58,11:59:59,12:15:35,COMPLETED,31022.0,15595.1,1.74,937.29
696,easy,12,12:15:44,12:15:47,12:15:54,COMPLETED,25161.0,108.4,3.77,10.06
729,medium,14,12:10:25,12:10:26,12:16:25,COMPLETED,28931.0,5974.4,1.95,360.24
744,medium,13,12:15:39,12:15:41,12:16:25,COMPLETED,27055.0,733.8,2.52,46.24
728,easy,12,12:16:20,12:16:25,12:16:37,COMPLETED,30874.0,214.0,5.24,17.88
615,easy,12,12:17:57,12:17:58,12:18:05,COMPLETED,24811.0,109.4,1.98,8.29
705,medium,13,12:17:34,12:17:34,12:18:36,COMPLETED,27846.0,1052.8,0.03,62.97
660,easy,12,12:18:14,12:18:17,12:18:55,COMPLETED,20318.0,641.2,3.82,41.94
658,easy,11,12:19:02,12:19:02,12:19:08,COMPLETED,19799.0,113.7,0.34,6.83
503,medium,14,11:44:16,11:44:18,12:19:15,COMPLETED,32534.0,34954.2,2.33,2099.20
716,easy,11,12:19:15,12:19:15,12:19:47,COMPLETED,24652.0,541.3,0.20,32.36
573,medium,14,11:20:32,11:20:36,12:21:29,COMPLETED,36000.0,60880.7,4.29,3657.04
512,hard,15,11:25:25,11:25:31,12:21:41,COMPLETED,35256.0,56181.4,6.05,3376.76
683,easy,12,12:19:22,12:19:28,12:21:41,COMPLETED,39057.0,2232.9,6.16,139.76
527,hard,15,11:40:14,11:40:19,12:22:00,COMPLETED,31652.0,41688.8,5.69,2506.83
604,medium,14,12:16:57,12:17:02,12:22:13,COMPLETED,31330.0,5187.0,5.83,316.72
619,easy,11,12:22:04,12:22:07,12:22:20,COMPLETED,29496.0,220.6,3.23,16.13
209,hard,15,09:02:34,09:02:35,12:22:26,COMPLETED,32766.0,199847.7,1.72,11992.51
699,easy,12,12:21:31,12:21:35,12:22:45,COMPLETED,28759.0,1184.5,4.29,74.83
718,easy,11,12:22:45,12:22:45,12:22:52,COMPLETED,19036.0,114.5,0.83,7.45
618,easy,11,12:22:40,12:22:45,12:22:58,COMPLETED,31312.0,220.2,5.83,18.84
666,hard,15,12:15:49,12:15:54,12:23:30,COMPLETED,34002.0,7611.0,5.06,461.36
657,easy,11,12:23:01,12:23:05,12:23:30,COMPLETED,32897.0,428.9,4.08,29.36
678,easy,12,12:23:26,12:23:30,12:23:56,COMPLETED,26519.0,436.3,4.36,30.19
745,easy,12,12:24:33,12:24:34,12:24:46,COMPLETED,25474.0,214.8,1.10,13.73
704,easy,12,12:23:59,12:24:02,12:24:53,COMPLETED,34096.0,844.9,3.60,54.02
715,easy,11,12:24:57,12:24:59,12:25:05,COMPLETED,18804.0,109.5,2.34,8.64
651,hard,15,12:11:30,12:11:30,12:25:24,COMPLETED,30024.0,13899.6,0.75,834.53
724,easy,12,12:24:35,12:24:40,12:25:24,COMPLETED,34434.0,739.7,5.42,49.53
688,easy,12,12:25:17,12:25:18,12:25:37,COMPLETED,27055.0,319.7,1.20,20.10
740,easy,12,12:24:49,12:24:53,12:25:55,COMPLETED,24240.0,1051.8,4.02,66.92
653,easy,11,12:26:14,12:26:14,12:26:21,COMPLETED,25164.0,109.0,0.70,7.01
673,medium,13,12:16:29,12:16:31,12:26:58,COMPLETED,30302.0,10452.9,2.59,629.57
738,medium,13,12:22:30,12:22:32,12:27:04,COMPLETED,34726.0,4533.8,2.92,274.85
733,easy,12,12:26:29,12:26:33,12:27:17,COMPLETED,27378.0,734.6,4.52,48.32
732,easy,11,12:27:12,12:27:17,12:27:23,COMPLETED,29288.0,109.6,5.32,11.64
612,easy,11,12:28:11,12:28:13,12:28:32,COMPLETED,25531.0,318.5,2.80,21.65
634,medium,13,12:25:45,12:25:49,12:29:10,COMPLETED,31249.0,3350.9,4.64,205.21
654,easy,12,12:27:24,12:27:29,12:29:29,COMPLETED,24452.0,1996.8,5.92,125.37
486,hard,15,11:18:17,11:18:18,12:30:00,COMPLETED,29851.0,71712.3,1.30,4303.91
633,medium,14,12:15:44,12:15:47,12:30:58,COMPLETED,27079.0,15184.3,3.77,914.66
690,hard,15,12:23:33,12:23:36,12:31:11,COMPLETED,31238.0,7576.9,3.86,458.30
727,easy,11,12:31:55,12:31:56,12:32:02,COMPLETED,17756.0,115.6,1.27,7.89
661,easy,11,12:31:53,12:31:56,12:32:15,COMPLETED,28178.0,329.3,3.27,22.75
672,easy,11,12:32:29,12:32:35,12:32:47,COMPLETED,28913.0,218.8,6.01,18.74
504,hard,15,11:50:52,11:50:54,12:33:58,COMPLETED,32927.0,43076.3,2.58,2586.84
681,easy,12,12:31:42,12:31:43,12:34:37,COMPLETED,33272.0,2905.7,1.22,175.34
743,medium,13,12:19:42,12:19:47,12:34:49,COMPLETED,36274.0,15049.0,5.36,907.90
607,easy,11,12:34:49,12:34:49,12:35:02,COMPLETED,29656.0,226.5,0.90,13.94
713,medium,13,12:28:56,12:28:57,12:36:50,COMPLETED,37355.0,7892.8,1.68,474.95
649,easy,12,12:36:28,12:36:31,12:37:03,COMPLETED,24441.0,532.7,3.97,35.68
602,medium,14,12:23:44,12:23:49,12:37:09,COMPLETED,25221.0,13340.8,5.71,806.00
628,hard,15,12:27:45,12:27:48,12:37:16,COMPLETED,28268.0,9463.1,3.75,571.30
734,easy,11,12:35:51,12:35:54,12:37:16,COMPLETED,37712.0,1375.9,3.07,85.30
692,easy,11,12:37:12,12:37:16,12:37:22,COMPLETED,20500.0,110.7,4.30,10.67
742,hard,15,12:02:40,12:02:42,12:37:35,COMPLETED,37403.0,34884.2,2.32,2095.24
629,easy,12,12:36:02,12:36:06,12:38:25,COMPLETED,27905.0,2318.5,4.68,143.50
648,easy,11,12:38:20,12:38:25,12:38:38,COMPLETED,22016.0,215.0,5.50,18.12
655,easy,12,12:38:17,12:38:19,12:38:57,COMPLETED,28689.0,636.7,2.18,40.07
613,easy,11,12:38:50,12:38:50,12:38:57,COMPLETED,25216.0,111.7,0.70,7.07
701,medium,14,12:36:45,12:36:50,12:39:03,COMPLETED,31935.0,2212.9,5.95,138.43
695,medium,13,12:34:58,12:35:02,12:39:41,COMPLETED,33500.0,4644.5,4.94,283.31
707,easy,12,12:39:55,12:40:00,12:40:45,COMPLETED,29185.0,750.6,5.29,50.01
640,easy,11,12:40:54,12:40:57,12:41:04,COMPLETED,27142.0,115.9,3.80,10.28
524,medium,14,11:58:15,11:58:18,12:41:23,COMPLETED,23488.0,43084.9,3.86,2588.75
627,hard,15,12:16:11,12:16:12,12:41:23,COMPLETED,30846.0,25188.0,1.76,1512.75
686,easy,12,12:41:05,12:41:10,12:41:36,COMPLETED,24558.0,438.9,5.81,31.69
610,medium,13,12:40:24,12:40:25,12:41:56,COMPLETED,32545.0,1512.2,1.72,92.03
622,medium,14,12:36:24,12:36:25,12:42:21,COMPLETED,28424.0,5937.1,1.63,357.62
748,easy,11,12:44:58,12:45:00,12:45:07,COMPLETED,30850.0,117.9,2.60,9.25
632,medium,14,12:31:25,12:31:30,12:45:20,COMPLETED,29227.0,13834.1,5.31,835.16
741,hard,15,12:31:17,12:31:17,12:45:51,COMPLETED,30650.0,14577.6,0.55,874.90
720,medium,13,12:33:55,12:33:58,12:46:17,COMPLETED,36995.0,12314.0,3.84,742.45
677,medium,14,12:25:36,12:25:37,12:46:29,COMPLETED,31272.0,20885.4,1.10,1253.99
656,hard,15,12:08:18,12:08:20,12:46:36,COMPLETED,36567.0,38272.3,2.17,2298.35
635,medium,13,12:46:07,12:46:11,12:46:42,COMPLETED,26920.0,531.1,4.14,35.73
693,medium,14,12:36:26,12:36:31,12:47:26,COMPLETED,30591.0,10915.3,5.97,660.61
737,easy,12,12:47:25,12:47:26,12:47:32,COMPLETED,24319.0,109.6,1.61,7.94
665,hard,15,12:06:48,12:06:51,12:48:35,COMPLETED,28609.0,41744.2,3.04,2507.57
697,medium,13,12:45:00,12:45:00,12:49:38,COMPLETED,32333.0,4629.3,0.60,278.24
669,medium,13,12:48:01,12:48:04,12:49:44,COMPLETED,22574.0,1675.4,3.19,103.49
662,medium,13,12:48:23,12:48:29,12:50:15,COMPLETED,27740.0,1780.8,6.23,112.81
617,easy,11,12:50:30,12:50:34,12:50:41,COMPLETED,24029.0,111.8,4.70,11.13
736,easy,12,12:50:34,12:50:34,12:50:47,COMPLETED,26593.0,216.1,0.70,13.44
679,easy,12,12:50:39,12:50:41,12:51:00,COMPLETED,25649.0,319.4,2.13,21.01
710,easy,11,12:51:21,12:51:25,12:51:31,COMPLETED,29037.0,112.6,4.09,10.53
667,medium,14,12:33:44,12:33:45,12:52:53,COMPLETED,35005.0,19128.0,1.72,1149.17
726,medium,13,12:50:47,12:50:47,12:53:05,COMPLETED,27562.0,2310.7,0.44,138.80
630,easy,11,12:53:01,12:53:05,12:53:18,COMPLETED,27989.0,213.8,4.80,17.39
626,easy,11,12:53:37,12:53:37,12:53:43,COMPLETED,21176.0,109.6,0.25,6.58
675,medium,13,12:29:10,12:29:10,12:55:04,COMPLETED,41009.0,25916.2,0.21,1554.95
644,medium,13,12:55:21,12:55:23,12:56:20,COMPLETED,31803.0,945.5,2.83,59.30
638,medium,14,12:32:49,12:32:54,12:56:26,COMPLETED,29829.0,23543.3,5.17,1417.59
711,medium,14,12:39:37,12:39:41,12:56:26,COMPLETED,32276.0,16758.2,4.31,1009.59
608,medium,14,12:55:01,12:55:04,12:56:58,COMPLETED,30119.0,1888.9,3.95,117.05
685,easy,12,12:56:33,12:56:39,12:57:29,COMPLETED,22082.0,852.6,6.12,56.77
217,hard,15,09:02:56,09:03:00,12:57:55,COMPLETED,35083.0,234914.8,4.64,14099.49
694,medium,14,12:51:23,12:51:25,12:58:08,COMPLETED,30765.0,6724.1,2.09,405.37
671,medium,14,12:49:58,12:50:03,12:58:27,COMPLETED,28297.0,8404.8,5.22,509.26
682,hard,15,12:10:37,12:10:39,12:59:05,COMPLETED,36884.0,48433.9,2.84,2908.61
664,easy,12,12:57:24,12:57:29,12:59:05,COMPLETED,36304.0,1604.5,5.77,101.61
621,easy,11,12:59:00,12:59:05,12:59:12,COMPLETED,31284.0,113.9,5.61,12.10
668,easy,11,12:59:00,12:59:05,12:59:18,COMPLETED,30403.0,218.7,5.61,18.49
605,easy,11,12:59:15,12:59:18,12:59:24,COMPLETED,24689.0,109.6,3.49,9.82
723,easy,12,12:58:40,12:58:46,12:59:31,COMPLETED,24953.0,750.7,6.30,51.09
624,easy,12,12:59:05,12:59:05,12:59:44,COMPLETED,25180.0,642.5,0.61,39.01
854,easy,11,13:00:33,13:00:34,13:00:40,COMPLETED,25164.0,109.9,1.06,7.36
639,medium,14,12:59:37,12:59:37,13:00:59,COMPLETED,31581.0,1368.6,0.39,82.32
788,easy,11,13:00:51,13:00:52,13:01:05,COMPLETED,16677.0,215.5,1.94,14.65
691,easy,12,12:55:39,12:55:42,13:01:55,COMPLETED,32425.0,6225.3,3.65,376.91
815,medium,13,13:00:39,13:00:40,13:02:02,COMPLETED,21133.0,1369.5,1.36,83.24
641,medium,13,12:58:29,12:58:33,13:04:14,COMPLETED,28744.0,5682.8,4.58,345.32
844,easy,11,13:03:20,13:03:24,13:04:14,COMPLETED,28599.0,842.0,4.09,54.32
355,hard,15,10:55:03,10:55:08,13:04:26,COMPLETED,31257.0,129300.6,5.98,7763.95
601,medium,14,12:30:45,12:30:45,13:05:17,COMPLETED,35821.0,34539.9,0.71,2072.96
850,medium,13,13:04:18,13:04:20,13:05:17,COMPLETED,26402.0,960.1,2.63,59.96
798,easy,11,13:05:10,13:05:11,13:05:24,COMPLETED,31819.0,218.5,1.41,14.27
684,medium,14,12:32:19,12:32:22,13:05:49,COMPLETED,33196.0,33457.5,3.06,2010.37
767,medium,14,13:02:11,13:02:14,13:06:14,COMPLETED,29551.0,3998.4,3.85,243.52
888,easy,11,13:07:04,13:07:04,13:07:24,COMPLETED,28860.0,329.7,0.75,20.11
771,easy,11,13:07:16,13:07:17,13:07:30,COMPLETED,23770.0,221.9,1.68,14.59
747,medium,14,12:46:24,12:46:29,13:07:49,COMPLETED,32978.0,21333.1,5.99,1285.76
869,easy,12,13:07:42,13:07:43,13:07:56,COMPLETED,30687.0,218.7,1.44,14.10
600,medium,13,12:59:08,12:59:12,13:08:21,COMPLETED,27685.0,9168.8,4.10,553.88
809,medium,13,13:05:31,13:05:36,13:08:21,COMPLETED,28414.0,2758.6,5.80,170.88
823,easy,11,13:08:11,13:08:15,13:08:34,COMPLETED,23047.0,333.0,4.31,23.91
867,easy,11,13:08:23,13:08:28,13:08:54,COMPLETED,25716.0,436.0,5.39,31.15
834,medium,13,13:10:05,13:10:10,13:10:36,COMPLETED,29891.0,435.9,5.80,31.55
659,medium,14,12:50:26,12:50:28,13:10:55,COMPLETED,30238.0,20460.3,2.38,1229.72
846,easy,11,13:12:25,13:12:30,13:12:55,COMPLETED,31548.0,425.6,5.21,30.42
819,easy,12,13:10:50,13:10:55,13:13:01,COMPLETED,31329.0,2105.1,5.72,131.78
766,easy,11,13:13:25,13:13:26,13:13:39,COMPLETED,27158.0,213.7,1.81,14.38
652,hard,15,12:22:30,12:22:32,13:13:45,COMPLETED,36755.0,51215.2,2.92,3075.66
609,hard,15,12:35:23,12:35:28,13:13:51,COMPLETED,37349.0,38388.2,5.85,2308.98
592,hard,15,11:19:38,11:19:39,13:14:10,COMPLETED,39867.0,114519.7,1.66,6872.78
754,easy,12,13:13:44,13:13:45,13:14:42,COMPLETED,33366.0,944.8,1.66,58.07
889,medium,14,13:09:00,13:09:00,13:14:48,COMPLETED,35883.0,5799.8,0.60,348.38
769,easy,11,13:15:00,13:15:00,13:15:07,COMPLETED,24908.0,109.1,0.93,7.23
840,easy,12,13:15:14,13:15:19,13:15:44,COMPLETED,29049.0,424.7,5.75,30.91
778,easy,12,13:15:48,13:15:51,13:16:03,COMPLETED,30836.0,213.8,3.26,15.81
750,medium,14,13:10:43,13:10:49,13:16:41,COMPLETED,31260.0,5884.8,6.39,359.00
805,medium,13,13:14:41,13:14:42,13:17:07,COMPLETED,29235.0,2433.2,1.07,146.69
782,easy,11,13:16:37,13:16:41,13:17:14,COMPLETED,33703.0,540.5,5.00,37.14
765,medium,13,13:14:54,13:14:54,13:17:20,COMPLETED,30343.0,2438.3,0.63,146.46
12,hard,15,08:34:12,08:34:15,13:17:46,COMPLETED,39505.0,283512.2,3.23,17014.08
820,easy,12,13:17:18,13:17:20,13:18:17,COMPLETED,27701.0,966.3,2.46,60.00
466,hard,15,11:33:04,11:33:06,13:18:50,COMPLETED,28167.0,105726.3,2.76,6346.27
871,easy,12,13:18:21,13:18:24,13:18:50,COMPLETED,26829.0,433.6,3.50,29.27
862,easy,12,13:16:57,13:17:01,13:19:34,COMPLETED,26093.0,2562.3,4.34,157.61
864,easy,11,13:19:05,13:19:09,13:19:41,COMPLETED,33103.0,538.9,4.19,36.15
841,easy,11,13:19:49,13:19:53,13:20:00,COMPLETED,20317.0,119.7,4.98,11.49
773,easy,12,13:19:34,13:19:34,13:20:07,COMPLETED,30747.0,550.2,0.61,33.23
631,medium,14,12:31:43,12:31:43,13:21:04,COMPLETED,33780.0,49359.8,0.22,2961.67
751,easy,11,13:21:21,13:21:23,13:21:30,COMPLETED,26808.0,114.9,2.93,9.43
830,medium,13,13:18:02,13:18:05,13:22:21,COMPLETED,30228.0,4271.3,3.09,259.15
878,medium,13,13:19:55,13:20:00,13:22:27,COMPLETED,34155.0,2451.8,5.49,152.41
826,hard,15,13:00:51,13:00:52,13:23:04,COMPLETED,29536.0,22202.7,1.94,1333.95
897,easy,12,13:23:16,13:23:17,13:23:30,COMPLETED,31689.0,212.9,1.52,14.05
882,medium,14,13:20:15,13:20:20,13:23:36,COMPLETED,28919.0,3274.0,5.13,201.31
774,easy,11,13:24:02,13:24:07,13:24:13,COMPLETED,27182.0,109.0,5.67,11.96
828,easy,12,13:24:38,13:24:39,13:24:57,COMPLETED,22573.0,317.9,1.01,19.88
812,easy,11,13:24:47,13:24:51,13:24:57,COMPLETED,32212.0,109.3,4.58,10.88
242,hard,15,09:39:47,09:39:47,13:25:10,COMPLETED,40429.0,225380.8,0.64,13523.46
806,easy,12,13:25:02,13:25:04,13:26:19,COMPLETED,23508.0,1260.0,2.16,77.51
799,hard,15,13:12:17,13:12:17,13:27:35,COMPLETED,32223.0,15302.1,0.65,918.58
813,medium,13,13:25:18,13:25:23,13:28:01,COMPLETED,28501.0,2641.5,5.02,163.07
796,medium,14,13:19:54,13:20:00,13:28:46,COMPLETED,30960.0,8765.6,6.49,532.08
791,medium,14,13:25:15,13:25:16,13:29:24,COMPLETED,28362.0,4135.2,1.72,249.30
777,easy,11,13:29:30,13:29:30,13:29:44,COMPLETED,24874.0,229.1,0.94,14.04
822,easy,11,13:29:46,13:29:50,13:30:03,COMPLETED,22140.0,221.9,4.84,17.88
896,easy,11,13:30:20,13:30:22,13:30:29,COMPLETED,33117.0,116.0,2.97,9.58
852,easy,12,13:30:45,13:30:48,13:30:55,COMPLETED,30585.0,110.1,3.92,10.28
886,hard,15,13:06:03,13:06:08,13:31:34,COMPLETED,33021.0,25442.0,5.15,1531.34
795,easy,11,13:30:23,13:30:29,13:31:34,COMPLETED,36559.0,1087.8,6.58,71.34
872,easy,11,13:31:19,13:31:21,13:31:34,COMPLETED,22877.0,228.4,2.21,15.34
875,medium,13,13:31:13,13:31:14,13:31:40,COMPLETED,35660.0,444.6,1.55,27.95
792,easy,12,13:32:00,13:32:00,13:32:06,COMPLETED,28731.0,114.9,0.02,6.64
865,medium,13,13:30:24,13:30:29,13:33:10,COMPLETED,28065.0,2690.7,5.58,166.68
783,easy,12,13:33:07,13:33:10,13:33:23,COMPLETED,28893.0,217.3,3.68,16.43
827,easy,12,13:32:36,13:32:38,13:33:29,COMPLETED,29075.0,858.0,2.56,53.75
855,easy,11,13:32:56,13:32:57,13:33:48,COMPLETED,28751.0,852.0,1.93,52.77
786,easy,11,13:33:41,13:33:42,13:33:48,COMPLETED,23752.0,111.9,1.35,7.77
790,medium,14,13:28:27,13:28:33,13:33:55,COMPLETED,23454.0,5369.6,6.18,328.09
803,medium,13,13:25:55,13:26:00,13:34:51,COMPLETED,30296.0,8858.6,5.66,536.91
802,easy,11,13:35:24,13:35:29,13:35:36,COMPLETED,22306.0,111.0,5.73,12.06
721,hard,15,12:19:48,12:19:53,13:35:42,COMPLETED,26636.0,75813.4,5.72,4554.42
829,easy,11,13:35:35,13:35:36,13:35:42,COMPLETED,24960.0,110.8,1.06,7.42
870,medium,14,13:26:30,13:26:32,13:35:55,COMPLETED,40284.0,9387.9,2.06,565.11
794,easy,11,13:35:44,13:35:48,13:36:01,COMPLETED,24764.0,217.6,4.73,17.47
894,easy,12,13:35:44,13:35:48,13:36:33,COMPLETED,34727.0,746.2,4.73,49.23
780,easy,11,13:36:19,13:36:20,13:36:33,COMPLETED,21489.0,217.4,1.53,14.23
876,medium,13,13:16:01,13:16:03,13:36:52,COMPLETED,29267.0,20811.7,2.81,1251.25
703,hard,15,12:26:36,12:26:39,13:36:58,COMPLETED,32043.0,70315.0,3.82,4222.61
680,medium,14,12:06:25,12:06:26,13:37:04,COMPLETED,39383.0,90647.8,1.14,5439.91
687,hard,15,12:57:41,12:57:42,13:37:55,COMPLETED,30676.0,40210.4,1.73,2414.13
817,easy,11,13:38:01,13:38:01,13:38:14,COMPLETED,24633.0,219.2,0.57,13.41
863,easy,12,13:38:07,13:38:07,13:38:20,COMPLETED,27343.0,221.5,0.88,13.75
814,hard,15,13:01:42,13:01:43,13:38:33,COMPLETED,33485.0,36841.5,1.33,2211.56
880,medium,13,13:26:27,13:26:32,13:38:40,COMPLETED,31109.0,12138.2,5.06,733.03
868,medium,14,13:34:09,13:34:13,13:38:59,COMPLETED,30975.0,4762.4,4.98,290.45
756,easy,11,13:39:29,13:39:31,13:39:38,COMPLETED,29990.0,114.4,2.65,9.19
753,medium,14,13:36:49,13:36:52,13:39:57,COMPLETED,25895.0,3092.0,3.25,188.36
757,easy,12,13:39:38,13:39:38,13:39:57,COMPLETED,25825.0,328.0,0.19,19.36
885,easy,11,13:39:48,13:39:51,13:39:57,COMPLETED,25839.0,114.9,3.01,9.36
891,easy,11,13:39:10,13:39:12,13:40:03,COMPLETED,30504.0,869.6,2.11,53.94
377,hard,15,10:03:32,10:03:32,13:40:49,COMPLETED,31061.0,217284.7,0.19,13037.19
899,easy,12,13:41:19,13:41:21,13:41:34,COMPLETED,28385.0,225.8,2.35,15.45
838,hard,15,13:17:31,13:17:33,13:41:47,COMPLETED,36968.0,24237.8,2.26,1456.25
785,medium,13,13:39:13,13:39:18,13:41:53,COMPLETED,29918.0,2594.2,5.48,160.73
857,medium,13,13:38:45,13:38:46,13:42:00,COMPLETED,33060.0,3235.3,1.50,195.23
843,easy,12,13:40:56,13:41:01,13:42:00,COMPLETED,25665.0,978.7,5.98,64.23
781,easy,12,13:39:01,13:39:05,13:42:13,COMPLETED,29982.0,3129.5,4.80,192.18
851,easy,11,13:42:21,13:42:26,13:42:32,COMPLETED,30959.0,110.4,5.11,11.47
779,easy,12,13:40:12,13:40:16,13:43:17,COMPLETED,32038.0,3013.1,4.78,185.29
758,medium,13,13:42:48,13:42:51,13:43:30,COMPLETED,23898.0,654.9,3.70,42.53
797,easy,11,13:43:17,13:43:17,13:43:50,COMPLETED,28320.0,554.1,0.29,33.00
833,medium,14,13:30:44,13:30:48,13:44:34,COMPLETED,37418.0,13764.2,4.92,830.55
892,easy,12,13:43:19,13:43:23,13:44:34,COMPLETED,29797.0,1186.5,4.64,75.55
861,medium,14,13:24:36,13:24:39,13:45:06,COMPLETED,30910.0,20452.9,3.01,1230.00
521,hard,15,11:53:36,11:53:37,13:45:18,COMPLETED,27958.0,111689.9,1.25,6702.58
893,hard,15,13:00:50,13:00:52,13:45:18,COMPLETED,36823.0,44430.0,2.94,2668.58
551,hard,15,11:58:04,11:58:06,13:46:02,COMPLETED,34862.0,107938.6,2.35,6478.54
770,easy,11,13:45:53,13:45:56,13:46:08,COMPLETED,26601.0,215.8,3.22,15.91
676,hard,15,12:03:14,12:03:19,13:46:27,COMPLETED,29855.0,103132.4,5.90,6193.75
845,easy,12,13:45:57,13:46:02,13:46:34,COMPLETED,23275.0,530.4,5.54,37.11
890,medium,14,13:39:15,13:39:18,13:46:40,COMPLETED,33116.0,7367.1,3.48,445.39
810,easy,12,13:43:20,13:43:23,13:46:46,COMPLETED,26151.0,3386.2,3.64,206.67
860,easy,11,13:46:59,13:46:59,13:47:18,COMPLETED,25554.0,318.5,0.30,19.16
636,hard,15,12:51:29,12:51:31,13:47:24,COMPLETED,31439.0,55883.9,2.53,3355.44
755,easy,12,13:42:25,13:42:26,13:47:30,COMPLETED,29329.0,5080.7,1.11,305.74
831,medium,13,13:46:48,13:46:52,13:47:30,COMPLETED,31911.0,634.6,4.95,42.74
898,easy,12,13:46:52,13:46:52,13:47:30,COMPLETED,29741.0,634.1,0.95,38.74
712,hard,15,12:30:32,12:30:32,13:48:02,COMPLETED,34696.0,77488.7,0.87,4650.10
784,easy,12,13:48:12,13:48:14,13:48:27,COMPLETED,25945.0,213.6,2.61,15.16
800,easy,11,13:48:47,13:48:52,13:48:58,COMPLETED,26063.0,111.9,5.26,11.57
874,medium,14,13:39:16,13:39:18,13:50:02,COMPLETED,30486.0,10728.2,2.48,646.03
879,medium,14,13:40:43,13:40:49,13:50:08,COMPLETED,27532.0,9327.2,6.19,565.46
839,medium,14,13:22:27,13:22:27,13:50:27,COMPLETED,25011.0,28005.0,0.41,1680.54
842,medium,13,13:41:25,13:41:27,13:50:58,COMPLETED,24864.0,9520.0,2.89,573.90
776,medium,14,13:42:26,13:42:26,13:53:31,COMPLETED,25698.0,11097.4,0.11,665.69
849,easy,11,13:53:36,13:53:38,13:54:03,COMPLETED,32140.0,432.4,2.13,27.78
775,easy,12,13:52:08,13:52:08,13:54:29,COMPLETED,27888.0,2343.7,0.86,141.26
895,medium,13,13:48:31,13:48:33,13:54:41,COMPLETED,25726.0,6146.9,2.45,370.91
761,easy,12,13:54:21,13:54:22,13:55:20,COMPLETED,27266.0,960.7,1.75,59.17
832,hard,15,13:28:34,13:28:39,13:55:38,COMPLETED,28611.0,26990.6,5.71,1624.93
824,medium,14,13:51:13,13:51:17,13:55:38,COMPLETED,22507.0,4356.5,4.89,265.93
811,easy,11,13:55:43,13:55:45,13:55:51,COMPLETED,29885.0,109.8,2.33,8.69
807,medium,13,13:55:13,13:55:13,13:56:29,COMPLETED,29272.0,1260.5,0.88,76.29
787,hard,15,13:42:53,13:42:58,13:56:41,COMPLETED,27249.0,13733.2,5.03,828.79
858,easy,12,13:56:16,13:56:16,13:58:03,COMPLETED,30798.0,1777.9,0.74,107.18
883,medium,13,13:52:55,13:52:59,13:58:40,COMPLETED,25549.0,5690.6,4.58,345.76
887,easy,11,13:59:31,13:59:31,13:59:37,COMPLETED,28468.0,109.6,0.02,6.40
866,easy,12,13:59:27,13:59:31,13:59:56,COMPLETED,29209.0,423.7,4.02,29.23
877,medium,14,13:29:29,13:29:30,14:00:46,COMPLETED,31372.0,31264.6,1.94,1877.63
611,medium,14,12:07:15,12:07:15,14:01:05,COMPLETED,28678.0,113828.7,0.97,6830.56
836,medium,14,13:59:27,13:59:31,14:01:05,COMPLETED,30765.0,1581.8,4.02,98.56
637,medium,14,12:30:50,12:30:52,14:01:18,COMPLETED,32023.0,90438.6,2.19,5428.35
1018,easy,12,14:01:10,14:01:11,14:01:56,COMPLETED,25735.0,743.1,1.98,46.26
847,medium,14,13:15:31,13:15:32,14:02:21,COMPLETED,35811.0,46822.3,1.30,2810.51
917,easy,12,14:01:18,14:01:18,14:02:27,COMPLETED,31783.0,1161.5,0.35,69.79
907,easy,12,14:01:29,14:01:31,14:02:46,COMPLETED,26690.0,1263.4,2.03,77.58
821,medium,14,13:58:40,13:58:40,14:03:05,COMPLETED,27967.0,4414.8,0.76,265.38
969,easy,11,14:03:25,14:03:30,14:03:43,COMPLETED,27151.0,215.0,5.50,18.12
965,medium,13,14:01:00,14:01:05,14:04:14,COMPLETED,36574.0,3154.2,5.56,194.58
970,easy,12,14:03:22,14:03:24,14:05:17,COMPLETED,33923.0,1888.7,2.20,115.21
1042,easy,11,14:05:31,14:05:36,14:05:42,COMPLETED,26561.0,110.4,5.15,11.50
764,medium,13,13:57:44,13:57:44,14:05:55,COMPLETED,30275.0,8181.4,0.39,491.05
909,easy,11,14:05:57,14:06:01,14:06:32,COMPLETED,27824.0,527.9,4.34,35.75
1024,easy,12,14:05:03,14:05:04,14:06:45,COMPLETED,31127.0,1682.5,1.64,102.30
956,easy,12,14:06:19,14:06:20,14:07:04,COMPLETED,24002.0,742.0,1.17,45.20
948,medium,13,14:03:04,14:03:05,14:07:29,COMPLETED,28176.0,4414.7,1.38,265.87
856,medium,14,13:56:41,13:56:41,14:07:48,COMPLETED,35387.0,11122.3,0.79,667.91
768,medium,14,13:59:15,13:59:18,14:07:48,COMPLETED,29414.0,8511.9,3.38,513.91
1037,easy,11,14:07:31,14:07:36,14:07:55,COMPLETED,31372.0,320.3,5.34,24.21
808,medium,14,13:36:13,13:36:14,14:09:10,COMPLETED,31339.0,32946.8,1.15,1977.79
916,easy,11,14:09:22,14:09:23,14:09:35,COMPLETED,26838.0,215.2,1.33,13.99
801,hard,15,13:26:43,13:26:44,14:09:54,COMPLETED,33986.0,43173.6,1.67,2591.93
931,easy,12,14:10:26,14:10:26,14:10:32,COMPLETED,31454.0,111.2,0.50,6.86
911,medium,13,14:09:21,14:09:23,14:10:45,COMPLETED,30462.0,1375.0,2.33,84.58
706,hard,15,12:56:44,12:56:45,14:11:29,COMPLETED,35671.0,74737.9,1.44,4485.61
119,hard,15,08:14:13,08:14:15,14:11:35,COMPLETED,34589.0,357346.9,2.13,21442.90
1032,easy,12,14:11:18,14:11:23,14:11:48,COMPLETED,31579.0,426.5,5.27,30.50
947,easy,11,14:11:34,14:11:35,14:11:48,COMPLETED,29328.0,216.3,1.90,14.50
968,easy,12,14:11:44,14:11:48,14:12:07,COMPLETED,24162.0,320.8,4.50,23.49
988,easy,12,14:12:10,14:12:13,14:12:26,COMPLETED,29920.0,214.8,3.78,16.40
689,hard,15,12:30:05,12:30:07,14:13:35,COMPLETED,44108.0,103479.4,2.32,6211.00
910,easy,12,14:12:11,14:12:13,14:13:42,COMPLETED,29284.0,1482.5,2.78,91.35
992,easy,11,14:14:26,14:14:27,14:14:33,COMPLETED,23090.0,119.3,1.24,7.79
994,medium,13,14:14:28,14:14:33,14:15:25,COMPLETED,29066.0,862.6,5.79,57.10
942,easy,12,14:15:11,14:15:12,14:15:31,COMPLETED,26168.0,326.2,1.31,20.61
943,medium,13,14:10:38,14:10:39,14:15:37,COMPLETED,36950.0,4982.4,1.20,299.90
973,easy,12,14:14:48,14:14:53,14:16:16,COMPLETED,36976.0,1403.3,5.17,88.89
698,hard,15,12:51:46,12:51:50,14:16:23,COMPLETED,35866.0,84552.5,4.42,5077.44
1013,medium,14,14:06:40,14:06:45,14:16:23,COMPLETED,33157.0,9639.9,5.30,583.44
954,easy,11,14:16:18,14:16:23,14:16:36,COMPLETED,29058.0,221.2,5.44,18.38
929,easy,12,14:16:07,14:16:10,14:16:49,COMPLETED,26639.0,654.5,3.19,42.21
881,hard,15,13:57:14,13:57:19,14:17:01,COMPLETED,25422.0,19717.3,5.32,1187.94
1048,medium,13,14:06:54,14:06:57,14:17:01,COMPLETED,34183.0,10076.0,3.89,607.94
1000,easy,11,14:16:57,14:17:01,14:17:08,COMPLETED,28755.0,115.0,4.94,11.59
1043,easy,12,14:17:40,14:17:40,14:17:53,COMPLETED,28334.0,227.1,0.78,13.92
1003,easy,12,14:17:21,14:17:21,14:18:38,COMPLETED,31541.0,1303.5,0.14,77.80
976,medium,14,14:16:07,14:16:10,14:18:51,COMPLETED,33466.0,2697.4,3.19,164.87
928,medium,13,14:16:02,14:16:03,14:19:30,COMPLETED,32894.0,3443.7,1.63,208.01
999,medium,13,14:10:07,14:10:07,14:20:20,COMPLETED,34091.0,10215.5,0.54,613.26
944,easy,11,14:21:10,14:21:10,14:21:16,COMPLETED,30261.0,110.6,0.53,6.85
41,hard,15,08:17:32,08:17:36,14:22:07,COMPLETED,33611.0,364512.5,4.58,21875.29
902,easy,11,14:22:03,14:22:07,14:22:19,COMPLETED,28670.0,215.9,4.29,16.96
941,easy,11,14:22:35,14:22:38,14:22:45,COMPLETED,26388.0,112.1,3.82,10.16
1004,easy,12,14:22:42,14:22:45,14:23:04,COMPLETED,25795.0,323.6,3.16,22.27
1012,medium,14,14:12:52,14:12:57,14:24:39,COMPLETED,35109.0,11705.0,5.77,707.70
1007,medium,13,14:21:15,14:21:16,14:24:52,COMPLETED,31301.0,3602.2,1.85,217.56
1005,medium,13,14:20:55,14:20:57,14:25:24,COMPLETED,39149.0,4455.8,2.94,269.98
950,easy,11,14:25:21,14:25:24,14:25:37,COMPLETED,29556.0,218.0,3.98,16.61
1031,easy,11,14:25:53,14:25:56,14:26:22,COMPLETED,27549.0,434.6,3.98,29.74
939,easy,11,14:26:01,14:26:03,14:26:29,COMPLETED,21106.0,435.6,2.31,28.09
370,medium,14,10:16:42,10:16:44,14:26:35,COMPLETED,40885.0,249846.8,2.84,14993.59
997,easy,12,14:27:11,14:27:14,14:27:27,COMPLETED,27835.0,225.7,3.20,16.27
966,easy,11,14:28:55,14:28:57,14:29:16,COMPLETED,31736.0,328.2,2.55,21.78
958,medium,14,14:21:48,14:21:48,14:31:31,COMPLETED,32235.0,9717.0,0.38,583.14
957,easy,11,14:30:03,14:31:37,14:32:15,COMPLETED,25237.0,640.6,94.47,132.60
974,medium,13,14:25:59,14:26:03,14:32:40,COMPLETED,29868.0,6631.1,4.31,401.91
960,easy,12,14:30:05,14:32:21,14:32:40,COMPLETED,23836.0,322.0,136.93,155.91
995,medium,13,14:28:07,14:28:12,14:34:03,COMPLETED,34225.0,5853.7,5.13,356.09
1040,easy,11,14:31:25,14:34:09,14:34:15,COMPLETED,20759.0,111.1,164.42,170.79
1035,easy,12,14:31:27,14:34:22,14:34:28,COMPLETED,30588.0,111.4,175.11,181.49
961,easy,12,14:30:41,14:32:47,14:35:51,COMPLETED,41292.0,3073.7,126.27,310.21
353,medium,14,10:20:30,10:20:33,14:36:04,COMPLETED,41065.0,255504.3,3.90,15334.10
927,medium,14,14:28:31,14:28:31,14:36:23,COMPLETED,26601.0,7869.8,0.65,472.48
918,easy,12,14:31:55,14:34:34,14:36:23,COMPLETED,31330.0,1819.8,159.82,268.48
1002,easy,11,14:32:31,14:35:57,14:36:30,COMPLETED,30486.0,549.3,206.74,239.06
1033,easy,11,14:33:47,14:36:30,14:36:36,COMPLETED,25604.0,120.0,163.06,169.77
921,easy,11,14:33:16,14:36:10,14:36:50,COMPLETED,37113.0,664.8,174.62,214.02
1009,easy,12,14:34:20,14:36:36,14:36:56,COMPLETED,29123.0,339.7,136.77,156.57
1041,easy,11,14:35:21,14:36:56,14:37:09,COMPLETED,22922.0,221.7,95.57,108.58
933,easy,11,14:35:20,14:36:43,14:37:15,COMPLETED,33693.0,551.0,83.40,115.90
1034,medium,13,14:33:23,14:36:30,14:38:53,COMPLETED,34497.0,2388.5,187.06,330.04
1010,easy,12,14:36:20,14:37:15,14:39:12,COMPLETED,31812.0,1948.9,55.90,172.53
1036,easy,12,14:36:56,14:38:59,14:39:18,COMPLETED,28767.0,332.1,123.42,142.90
1047,hard,15,14:00:07,14:00:08,14:40:04,COMPLETED,29405.0,39939.4,1.79,2397.86
925,easy,11,14:37:35,14:40:11,14:40:18,COMPLETED,28835.0,115.0,156.40,163.01
987,medium,13,14:36:56,14:39:18,14:40:24,COMPLETED,27428.0,1096.3,142.90,208.33
903,medium,13,14:29:54,14:29:55,14:40:30,COMPLETED,28658.0,10590.6,1.64,636.71
1045,medium,14,14:36:20,14:37:22,14:41:03,COMPLETED,30689.0,3683.4,62.52,283.05
530,hard,15,11:25:07,11:25:11,14:41:09,COMPLETED,33572.0,195969.8,4.60,11762.60
975,easy,12,14:38:00,14:40:30,14:41:16,COMPLETED,29178.0,769.4,150.71,196.29
920,easy,12,14:38:51,14:40:37,14:41:22,COMPLETED,26913.0,769.1,106.14,151.94
772,medium,14,13:55:38,13:55:38,14:42:07,COMPLETED,38151.0,46475.1,0.93,2789.28
848,medium,14,13:43:20,13:43:23,14:42:38,COMPLETED,31431.0,59253.8,3.64,3558.91
908,easy,12,14:40:05,14:42:13,14:43:04,COMPLETED,34931.0,848.8,128.61,179.23
906,medium,14,14:37:17,14:39:25,14:44:07,COMPLETED,31692.0,4707.2,128.39,410.56
901,easy,12,14:40:42,14:43:10,14:44:07,COMPLETED,31464.0,955.1,148.57,205.56
981,medium,13,14:28:25,14:28:25,14:44:13,COMPLETED,29236.0,15817.7,0.15,948.89
985,easy,12,14:39:12,14:41:16,14:44:13,COMPLETED,27750.0,2966.2,124.29,301.89
996,easy,12,14:41:11,14:44:13,14:44:51,COMPLETED,23719.0,639.2,182.89,220.96
853,medium,14,13:58:13,13:58:15,14:44:58,COMPLETED,37755.0,46713.2,2.69,2805.29
946,easy,12,14:42:57,14:44:58,14:45:17,COMPLETED,24194.0,322.4,121.29,140.33
1006,easy,12,14:42:43,14:44:20,14:45:36,COMPLETED,28059.0,1271.2,97.31,173.33
646,hard,15,12:33:36,12:33:39,14:46:59,COMPLETED,30829.0,133340.5,3.15,8003.50
1001,medium,13,14:44:19,14:45:42,14:47:12,COMPLETED,28820.0,1503.4,83.66,173.51
955,easy,12,14:44:21,14:47:05,14:47:18,COMPLETED,21752.0,227.2,164.90,177.92
979,easy,11,14:44:27,14:47:18,14:47:32,COMPLETED,22816.0,229.5,171.92,185.19
982,easy,11,14:44:33,14:47:25,14:47:45,COMPLETED,33555.0,337.7,172.59,192.36
953,medium,13,14:21:17,14:21:23,14:47:58,COMPLETED,43017.0,26594.5,6.19,1601.51
978,medium,13,14:40:10,14:42:45,14:47:58,COMPLETED,27706.0,5229.6,155.25,468.51
905,easy,11,14:46:19,14:48:05,14:48:24,COMPLETED,31520.0,333.1,106.12,125.81
1017,medium,14,14:43:18,14:45:23,14:48:31,COMPLETED,25260.0,3132.1,125.66,313.26
900,easy,11,14:48:22,14:48:31,14:48:37,COMPLETED,32849.0,112.0,9.26,15.63
1011,easy,11,14:45:31,14:48:05,14:48:44,COMPLETED,32140.0,653.0,154.12,193.01
789,hard,15,13:23:46,13:23:48,14:48:56,COMPLETED,42093.0,85135.3,2.85,5110.82
945,easy,12,14:49:45,14:49:48,14:50:08,COMPLETED,23922.0,328.9,3.64,23.03
915,easy,12,14:44:51,14:47:51,14:50:33,COMPLETED,28833.0,2699.4,180.90,342.59
984,easy,12,14:43:06,14:45:04,14:51:43,COMPLETED,33067.0,6656.4,118.66,517.77
972,easy,11,14:50:55,14:50:58,14:51:43,COMPLETED,29515.0,754.0,3.84,48.77
914,easy,12,14:52:27,14:52:28,14:53:12,COMPLETED,25585.0,744.3,1.53,45.88
884,hard,15,13:28:38,13:28:39,14:58:43,COMPLETED,27985.0,90062.6,1.71,5405.38
926,medium,13,14:48:26,14:48:37,14:58:56,COMPLETED,29531.0,10324.7,11.63,630.59
1014,hard,15,14:17:25,14:17:27,14:59:22,COMPLETED,31256.0,41922.9,2.75,2517.90
937,easy,12,14:54:02,14:59:03,14:59:55,COMPLETED,26700.0,872.1,301.20,353.00
977,easy,11,14:54:27,15:00:01,15:00:08,COMPLETED,18873.0,118.5,334.58,341.19
940,easy,12,14:54:27,15:00:14,15:00:34,COMPLETED,24000.0,330.7,347.73,367.07
989,easy,11,14:55:34,15:00:40,15:00:47,COMPLETED,26794.0,118.6,306.61,313.22
923,hard,15,14:31:02,14:32:47,15:01:19,COMPLETED,30128.0,28544.7,105.27,1817.70
983,medium,13,14:50:04,14:50:08,15:01:19,COMPLETED,36820.0,11200.8,4.03,675.70
1016,hard,15,14:39:28,14:41:22,15:01:39,COMPLETED,30462.0,20279.5,114.94,1331.29
980,easy,12,14:55:38,15:00:53,15:01:52,COMPLETED,21768.0,984.4,315.77,374.50
1022,medium,13,14:55:58,15:01:26,15:01:58,COMPLETED,22860.0,550.5,328.17,360.88
1038,easy,11,14:56:30,15:01:58,15:02:11,COMPLETED,26861.0,225.8,328.88,341.94
930,easy,12,14:57:31,15:02:18,15:03:04,COMPLETED,25900.0,767.8,287.48,333.05
964,medium,13,14:55:50,15:01:26,15:05:04,COMPLETED,24632.0,3649.6,336.17,554.86
1027,easy,12,14:58:17,15:05:11,15:05:17,COMPLETED,27380.0,111.0,414.19,420.55
1028,medium,13,14:56:18,15:01:45,15:05:23,COMPLETED,31028.0,3639.1,327.86,545.88
962,hard,15,14:15:38,14:15:44,15:06:08,COMPLETED,32795.0,50402.7,6.19,3030.17
581,hard,15,11:21:45,11:21:47,15:06:27,COMPLETED,30846.0,224667.6,2.18,13482.21
818,hard,15,13:02:57,13:02:58,15:07:55,COMPLETED,26377.0,124947.3,1.92,7498.68
935,hard,15,14:22:44,14:22:45,15:07:55,COMPLETED,30910.0,45178.2,1.16,2711.68
1095,easy,11,15:01:06,15:08:02,15:08:14,COMPLETED,34990.0,217.7,416.04,428.82
1175,easy,11,15:01:15,15:08:21,15:08:33,COMPLETED,26815.0,217.1,426.17,438.89
1020,hard,15,14:39:04,14:41:09,15:08:40,COMPLETED,31511.0,27515.2,125.60,1776.22
1052,easy,12,15:00:46,15:08:02,15:08:40,COMPLETED,27964.0,643.2,436.04,474.22
1067,easy,12,15:02:06,15:08:46,15:08:59,COMPLETED,25361.0,222.7,400.66,413.53
951,medium,14,14:57:27,15:02:05,15:09:37,COMPLETED,31975.0,7545.1,278.33,730.77
936,medium,13,14:57:39,15:03:10,15:09:37,COMPLETED,25213.0,6457.7,331.59,718.77
1088,medium,13,15:02:15,15:08:46,15:09:44,COMPLETED,22890.0,963.3,391.66,449.11
1078,easy,11,15:02:21,15:09:06,15:09:44,COMPLETED,31878.0,641.0,405.08,443.11
1090,easy,11,15:02:22,15:09:44,15:09:50,COMPLETED,24997.0,114.6,442.11,448.57
986,medium,14,14:07:51,14:07:55,15:10:09,COMPLETED,26645.0,62244.6,4.21,3738.75
913,medium,14,14:54:26,14:59:29,15:10:09,COMPLETED,24776.0,10678.2,303.33,943.75
1141,easy,12,15:03:07,15:09:50,15:10:16,COMPLETED,28210.0,432.1,403.57,429.09
1044,hard,15,14:29:42,14:29:42,15:11:25,COMPLETED,30867.0,41727.7,0.52,2503.99
1059,easy,12,15:08:43,15:11:32,15:11:38,COMPLETED,22611.0,111.0,169.32,175.68
1103,easy,12,15:08:50,15:11:45,15:11:51,COMPLETED,24472.0,111.4,175.01,181.37
1138,easy,12,15:08:25,15:10:22,15:12:10,COMPLETED,33558.0,1802.2,117.55,225.38
1070,medium,14,15:01:22,15:08:40,15:12:16,COMPLETED,30971.0,3613.2,438.22,654.71
1128,easy,12,15:02:33,15:09:44,15:12:23,COMPLETED,39164.0,2653.9,431.11,590.07
1102,easy,12,15:08:54,15:11:57,15:12:42,COMPLETED,26913.0,745.9,183.72,228.17
1146,easy,12,15:09:27,15:12:16,15:12:48,COMPLETED,23572.0,535.7,169.71,201.51
1173,easy,12,15:10:00,15:12:29,15:13:01,COMPLETED,27050.0,534.7,149.46,181.25
1061,easy,12,15:09:34,15:12:23,15:13:07,COMPLETED,31481.0,747.4,169.07,213.58
1039,hard,15,14:18:34,14:18:38,15:13:20,COMPLETED,35878.0,54695.0,4.80,3286.33
1071,easy,11,15:11:10,15:13:07,15:13:20,COMPLETED,31281.0,217.7,117.58,130.33
1097,easy,12,15:08:19,15:10:16,15:13:33,COMPLETED,26166.0,3287.2,117.09,314.07
1135,medium,13,15:10:04,15:12:48,15:13:33,COMPLETED,29862.0,747.8,164.51,209.07
1074,easy,12,15:11:09,15:12:54,15:13:45,COMPLETED,26760.0,853.1,105.89,156.80
1155,easy,12,15:11:25,15:13:13,15:13:45,COMPLETED,23442.0,535.5,108.96,140.80
1091,easy,12,15:11:44,15:13:26,15:13:45,COMPLETED,31709.0,323.2,102.67,121.80
1193,easy,11,15:11:39,15:13:26,15:13:52,COMPLETED,31736.0,430.5,107.67,133.14
1077,easy,11,15:13:22,15:13:52,15:13:58,COMPLETED,20884.0,110.8,30.14,36.55
1055,easy,12,15:13:02,15:13:52,15:14:36,COMPLETED,26913.0,745.9,50.14,94.58
1145,medium,14,15:07:19,15:09:50,15:14:55,COMPLETED,26826.0,5088.1,151.57,456.58
837,hard,15,13:59:14,13:59:18,15:15:52,COMPLETED,30847.0,76571.0,4.38,4598.43
1008,medium,14,14:58:56,15:06:14,15:15:58,COMPLETED,33748.0,9745.7,438.51,1022.95
1051,easy,11,15:16:58,15:17:02,15:17:15,COMPLETED,26668.0,218.4,4.55,17.25
1062,easy,11,15:17:07,15:17:08,15:17:21,COMPLETED,29627.0,218.2,1.89,14.70
1198,easy,12,15:17:11,15:17:15,15:17:28,COMPLETED,23938.0,217.7,4.25,17.02
642,hard,15,12:33:45,12:33:45,15:17:46,COMPLETED,28745.0,164020.9,0.72,9841.94
1199,medium,13,15:16:48,15:16:49,15:18:50,COMPLETED,26041.0,2010.2,1.91,122.24
1107,medium,13,15:17:42,15:17:46,15:19:59,COMPLETED,24031.0,2219.1,4.94,137.80
1170,easy,12,15:19:17,15:20:06,15:20:18,COMPLETED,25584.0,218.1,49.13,61.90
1092,medium,14,15:07:42,15:09:57,15:20:44,COMPLETED,27598.0,10791.3,135.03,782.23
1046,hard,15,14:41:35,14:44:13,15:22:32,COMPLETED,29383.0,38314.9,158.89,2457.48
533,hard,15,11:55:07,11:55:11,15:22:52,COMPLETED,32571.0,207685.9,4.06,12465.15
1023,medium,14,14:59:56,15:06:33,15:22:58,COMPLETED,31285.0,16427.5,397.53,1382.71
762,hard,15,13:35:15,13:35:17,15:23:37,COMPLETED,31943.0,108346.5,2.10,6502.81
922,hard,15,14:50:41,14:50:46,15:23:44,COMPLETED,31432.0,32970.2,5.19,1983.14
835,medium,14,13:43:47,13:43:50,15:24:03,COMPLETED,37111.0,100223.3,3.00,6016.25
1114,hard,15,15:12:56,15:13:39,15:24:09,COMPLETED,35182.0,10514.8,43.42,673.81
1084,easy,11,15:22:12,15:23:50,15:24:16,COMPLETED,25351.0,440.1,98.53,124.50
1126,easy,11,15:22:55,15:24:09,15:24:16,COMPLETED,29403.0,119.0,74.81,81.50
1118,medium,13,15:18:56,15:18:56,15:24:29,COMPLETED,25795.0,5558.8,0.56,333.65
1121,easy,11,15:23:53,15:24:22,15:24:36,COMPLETED,25971.0,230.2,29.98,43.20
1125,easy,11,15:24:30,15:24:36,15:24:49,COMPLETED,27118.0,229.7,6.20,19.40
1065,medium,14,15:15:22,15:15:27,15:25:15,COMPLETED,31663.0,9803.4,5.17,593.14
932,hard,15,14:44:40,14:47:38,15:25:21,COMPLETED,30840.0,37715.4,178.75,2441.45
1192,easy,12,15:20:35,15:20:50,15:25:27,COMPLETED,39213.0,4627.2,15.59,292.80
1124,easy,12,15:21:28,15:23:05,15:25:27,COMPLETED,35441.0,2382.5,97.33,239.80
1187,easy,12,15:21:42,15:23:44,15:25:27,COMPLETED,29672.0,1736.3,122.14,225.80
1136,medium,13,15:21:25,15:22:58,15:25:53,COMPLETED,31991.0,2922.6,93.71,268.64
934,hard,15,14:03:30,14:03:30,15:26:00,COMPLETED,41040.0,82496.3,0.50,4950.14
1072,medium,13,15:25:33,15:25:34,15:26:13,COMPLETED,28155.0,652.2,1.37,40.07
967,medium,14,14:07:03,14:07:04,15:26:45,COMPLETED,28816.0,79687.3,1.20,4782.33
1093,easy,12,15:26:19,15:26:19,15:26:45,COMPLETED,30352.0,434.5,0.54,26.33
1194,easy,11,15:27:51,15:27:55,15:28:14,COMPLETED,25711.0,320.6,4.52,23.44
1160,easy,11,15:27:53,15:27:55,15:28:14,COMPLETED,28918.0,320.2,2.52,21.44
1122,easy,11,15:28:15,15:28:20,15:29:04,COMPLETED,29885.0,740.0,5.80,49.86
1134,medium,13,15:08:04,15:10:16,15:29:11,COMPLETED,33793.0,18922.5,132.09,1267.23
1144,easy,11,15:29:18,15:29:23,15:29:30,COMPLETED,16388.0,110.0,5.80,12.13
1166,easy,11,15:30:02,15:30:07,15:30:14,COMPLETED,20559.0,110.5,5.80,12.15
1133,easy,12,15:30:29,15:30:33,15:30:58,COMPLETED,26010.0,427.9,4.01,29.36
1115,easy,11,15:30:40,15:30:45,15:30:58,COMPLETED,18544.0,218.0,5.62,18.36
1180,easy,12,15:30:47,15:30:51,15:31:23,COMPLETED,29462.0,534.7,4.99,36.74
1019,medium,14,14:28:29,14:28:31,15:32:01,COMPLETED,33638.0,63502.7,2.65,3812.66
1183,medium,13,15:12:10,15:13:39,15:32:33,COMPLETED,35370.0,18898.8,89.42,1223.07
1184,medium,13,15:30:40,15:30:45,15:32:39,COMPLETED,36787.0,1903.6,5.62,119.44
1168,medium,13,15:28:10,15:28:14,15:32:52,COMPLETED,35425.0,4641.6,4.44,282.39
1105,easy,12,15:31:31,15:31:36,15:32:52,COMPLETED,30064.0,1275.8,5.43,81.39
1189,hard,15,15:13:06,15:13:52,15:33:05,COMPLETED,32671.0,19230.6,46.14,1199.65
1099,hard,15,15:20:06,15:20:25,15:33:12,COMPLETED,27077.0,12789.5,19.24,786.15
1064,easy,12,15:32:29,15:32:33,15:33:50,COMPLETED,34251.0,1296.4,4.07,81.45
614,hard,15,12:17:27,12:17:27,15:34:09,COMPLETED,39924.0,196707.4,0.76,11802.95
1080,easy,11,15:33:38,15:33:44,15:34:09,COMPLETED,30950.0,443.3,6.08,31.95
1190,easy,11,15:34:08,15:34:09,15:34:36,COMPLETED,29857.0,441.6,1.95,28.11
1082,easy,12,15:34:14,15:34:16,15:35:01,COMPLETED,30966.0,755.1,2.74,47.78
1086,medium,14,15:18:05,15:18:05,15:35:27,COMPLETED,38371.0,17363.8,0.95,1042.43
1123,medium,14,15:32:59,15:32:59,15:37:03,COMPLETED,27554.0,4088.8,0.03,244.80
1140,easy,11,15:37:00,15:37:03,15:37:10,COMPLETED,27338.0,119.7,3.80,10.44
1116,medium,13,15:24:07,15:24:22,15:37:30,COMPLETED,36655.0,13122.5,15.98,803.06
1188,easy,12,15:37:09,15:37:10,15:37:30,COMPLETED,28782.0,334.5,1.44,21.06
938,hard,15,14:17:44,14:17:47,15:38:15,COMPLETED,25762.0,80464.9,3.35,4831.04
1083,hard,15,15:26:28,15:26:32,15:38:21,COMPLETED,29718.0,11822.6,4.35,713.42
1179,easy,11,15:37:58,15:38:02,15:38:21,COMPLETED,31389.0,324.7,4.26,23.42
1060,easy,12,15:38:00,15:38:02,15:38:21,COMPLETED,25031.0,323.8,2.26,21.42
1164,easy,11,15:38:10,15:38:15,15:38:21,COMPLETED,27567.0,112.1,5.04,11.42
1076,easy,11,15:38:40,15:38:40,15:38:47,COMPLETED,23431.0,118.7,0.46,7.03
1152,easy,11,15:38:32,15:38:34,15:38:53,COMPLETED,24446.0,333.1,2.07,21.65
1137,easy,12,15:38:21,15:38:21,15:39:06,COMPLETED,31519.0,754.3,0.42,45.46
1058,medium,14,15:20:57,15:22:39,15:39:19,COMPLETED,33602.0,16670.9,102.03,1102.08
1106,easy,12,15:39:07,15:39:12,15:39:44,COMPLETED,26307.0,530.9,5.76,37.29
1132,easy,11,15:39:33,15:39:37,15:39:50,COMPLETED,28954.0,216.9,4.92,17.65
1049,hard,15,14:05:16,14:05:17,15:40:09,COMPLETED,36441.0,94874.0,1.21,5693.54
1131,easy,12,15:38:17,15:38:21,15:40:09,COMPLETED,30934.0,1807.1,4.42,112.54
1130,easy,11,15:39:35,15:39:37,15:40:09,COMPLETED,28278.0,531.8,2.92,34.54
1069,easy,11,15:40:53,15:40:53,15:40:59,COMPLETED,22777.0,111.4,0.61,6.96
1165,easy,11,15:40:57,15:40:59,15:41:12,COMPLETED,21399.0,216.1,2.96,15.60
1171,easy,11,15:41:09,15:41:12,15:41:25,COMPLETED,30863.0,214.9,3.60,16.23
1182,medium,13,15:41:31,15:41:31,15:42:46,COMPLETED,31179.0,1262.6,0.51,76.00
1054,easy,12,15:42:39,15:42:40,15:42:53,COMPLETED,24318.0,216.3,1.67,14.31
919,hard,15,14:16:25,14:16:29,15:43:05,COMPLETED,31452.0,86606.1,4.79,5200.95
1176,easy,11,15:43:04,15:43:05,15:43:31,COMPLETED,29376.0,428.9,1.95,27.38
1185,easy,11,15:43:23,15:43:24,15:43:37,COMPLETED,25759.0,216.5,1.98,14.73
1169,easy,11,15:43:29,15:43:31,15:43:44,COMPLETED,24569.0,215.8,2.38,15.05
959,medium,14,14:51:44,14:51:50,15:43:50,COMPLETED,29858.0,52007.7,6.10,3126.35
1015,hard,15,14:39:45,14:41:29,15:43:56,COMPLETED,30044.0,62460.4,104.34,3851.71
1111,easy,11,15:42:34,15:42:34,15:43:56,COMPLETED,29324.0,1380.7,0.34,82.71
1030,medium,14,14:36:14,14:37:03,15:44:48,COMPLETED,30690.0,67753.5,49.21,4114.18
1150,easy,12,15:43:47,15:43:50,15:44:48,COMPLETED,34321.0,971.7,3.35,61.18
873,hard,15,13:02:20,13:02:21,15:45:01,COMPLETED,37432.0,162669.2,1.16,9761.24
1073,easy,11,15:44:53,15:44:54,15:45:01,COMPLETED,21082.0,114.7,1.70,8.24
971,hard,15,14:53:00,14:58:49,15:45:07,COMPLETED,31263.0,46300.7,349.90,3127.61
1098,medium,13,15:38:28,15:38:34,15:45:26,COMPLETED,32093.0,6888.0,6.07,419.00
1156,medium,13,15:43:19,15:43:24,15:45:33,COMPLETED,33141.0,2148.2,5.98,134.46
1057,easy,11,15:45:45,15:45:46,15:46:05,COMPLETED,26829.0,326.3,1.32,20.66
1081,easy,11,15:46:06,15:46:11,15:46:24,COMPLETED,26043.0,218.1,5.93,18.60
1050,medium,14,15:17:43,15:17:46,15:46:56,COMPLETED,32376.0,29161.3,3.94,1753.38
1151,easy,12,15:47:45,15:47:47,15:48:06,COMPLETED,26058.0,325.3,2.43,21.54
663,hard,15,12:59:32,12:59:37,15:48:32,COMPLETED,30914.0,168914.7,5.39,10140.19
1100,easy,12,15:48:09,15:48:12,15:48:32,COMPLETED,25915.0,327.1,3.99,23.19
1053,easy,11,15:49:22,15:49:23,15:49:29,COMPLETED,24439.0,111.9,1.35,7.81
171,hard,15,09:52:37,09:52:37,15:49:36,COMPLETED,40327.0,356975.9,0.68,21419.09
949,hard,15,14:42:13,14:44:20,15:49:55,COMPLETED,34987.0,65590.5,127.31,4062.57
1068,easy,11,15:50:02,15:50:08,15:50:14,COMPLETED,25283.0,114.4,6.19,12.76
1153,easy,11,15:49:58,15:50:01,15:50:21,COMPLETED,26473.0,324.8,3.89,23.09
993,hard,15,14:52:20,14:52:22,15:50:27,COMPLETED,35962.0,58090.0,2.16,3487.40
1139,easy,12,15:49:51,15:49:55,15:50:27,COMPLETED,27791.0,535.6,4.57,36.40
1196,medium,14,15:44:41,15:44:41,15:50:46,COMPLETED,32789.0,6077.7,0.86,365.26
1143,easy,12,15:48:16,15:48:19,15:51:17,COMPLETED,25215.0,2971.3,3.48,181.54
1110,medium,14,15:49:37,15:49:42,15:52:26,COMPLETED,29634.0,2732.6,5.66,169.40
1075,easy,12,15:53:11,15:53:16,15:53:54,COMPLETED,28843.0,631.6,5.59,43.25
1120,easy,12,15:53:14,15:53:16,15:53:54,COMPLETED,24123.0,631.2,2.59,40.25
1066,easy,11,15:53:47,15:53:47,15:54:00,COMPLETED,26461.0,214.6,0.94,13.53
1191,easy,11,15:53:57,15:54:00,15:54:06,COMPLETED,24192.0,110.4,3.53,9.85
1109,easy,11,15:55:13,15:55:15,15:55:22,COMPLETED,25902.0,116.7,2.85,9.30
1181,easy,12,15:55:37,15:55:41,15:56:07,COMPLETED,25946.0,434.1,4.73,30.35
1177,easy,11,15:55:51,15:55:54,15:56:20,COMPLETED,27465.0,436.6,3.43,29.14
1154,easy,12,15:55:39,15:55:41,15:56:33,COMPLETED,30804.0,859.6,2.73,54.09
1174,medium,14,15:18:24,15:18:24,15:56:39,COMPLETED,32458.0,38244.3,0.92,2295.37
1149,easy,12,15:57:14,15:57:17,15:57:49,COMPLETED,26388.0,541.1,3.81,35.86
1025,hard,15,14:09:24,14:09:29,15:58:15,COMPLETED,32834.0,108771.0,5.67,6531.83
1117,easy,11,15:58:06,15:58:09,15:58:28,COMPLETED,22446.0,328.5,3.30,22.69
1172,easy,12,15:58:18,15:58:22,15:58:35,COMPLETED,25496.0,225.1,4.13,17.04
1159,easy,11,15:58:32,15:58:35,15:59:07,COMPLETED,30425.0,544.0,3.04,35.27
1096,hard,15,15:34:05,15:34:09,15:59:52,COMPLETED,29797.0,25710.4,4.95,1547.42
1310,easy,12,16:00:01,16:00:05,16:00:50,COMPLETED,29736.0,761.3,4.12,49.36
1253,easy,11,16:00:42,16:00:43,16:00:50,COMPLETED,30126.0,118.6,1.65,8.36
1229,easy,11,16:00:38,16:00:43,16:00:56,COMPLETED,23964.0,228.3,5.65,18.90
1104,medium,13,15:58:00,15:58:02,16:01:03,COMPLETED,30857.0,3017.1,2.74,183.39
1147,hard,15,15:43:24,15:43:24,16:01:09,COMPLETED,37742.0,17751.7,0.98,1065.83
1320,easy,12,16:00:22,16:00:24,16:01:16,COMPLETED,24061.0,872.0,2.51,54.30
1262,easy,12,16:01:10,16:01:16,16:02:13,COMPLETED,29547.0,957.2,6.30,63.43
1254,easy,12,16:02:05,16:02:07,16:02:38,COMPLETED,28760.0,532.5,2.06,33.70
645,hard,15,12:50:54,12:51:00,16:04:13,COMPLETED,39688.0,193222.4,6.01,11599.31
1233,easy,12,16:03:48,16:03:54,16:04:19,COMPLETED,25493.0,425.6,6.34,31.61
1344,easy,11,16:04:28,16:04:32,16:04:44,COMPLETED,24504.0,214.5,4.16,16.76
1085,medium,14,15:58:43,15:58:48,16:04:51,COMPLETED,27445.0,6052.8,5.12,368.05
1205,easy,11,16:05:45,16:05:47,16:06:00,COMPLETED,30467.0,214.8,2.72,15.34
1246,easy,11,16:06:15,16:06:19,16:06:25,COMPLETED,25699.0,110.2,4.17,10.51
1217,easy,12,16:06:19,16:06:19,16:07:09,COMPLETED,25813.0,847.7,0.17,50.73
1108,hard,15,15:57:36,15:57:36,16:07:16,COMPLETED,29927.0,9660.7,0.86,580.10
1113,medium,13,15:58:55,15:59:00,16:07:35,COMPLETED,33045.0,8583.0,5.94,520.54
1284,medium,13,16:04:53,16:04:57,16:07:35,COMPLETED,31170.0,2644.6,4.33,162.54
1232,easy,11,16:08:15,16:08:20,16:08:27,COMPLETED,26354.0,114.4,5.61,12.21
1307,medium,13,16:01:39,16:01:41,16:09:56,COMPLETED,30896.0,8250.7,2.90,497.54
1063,hard,15,15:39:40,15:39:44,16:10:03,COMPLETED,28336.0,30315.0,4.29,1823.01
1186,hard,15,15:54:55,15:54:56,16:10:34,COMPLETED,29594.0,15636.9,1.90,939.77
1256,easy,11,16:10:13,16:10:15,16:10:34,COMPLETED,24813.0,327.7,2.55,21.77
763,hard,15,13:08:15,13:08:15,16:11:13,COMPLETED,37610.0,182971.1,0.31,10978.58
1335,medium,13,16:10:58,16:11:00,16:11:39,COMPLETED,29925.0,649.1,2.62,41.26
1219,easy,11,16:11:28,16:11:32,16:11:45,COMPLETED,26108.0,218.5,4.76,17.61
1163,hard,15,15:36:12,15:36:12,16:12:04,COMPLETED,30312.0,35875.8,0.47,2152.67
1263,easy,12,16:12:18,16:12:24,16:12:50,COMPLETED,32579.0,435.6,6.26,32.13
924,hard,15,14:37:38,14:40:24,16:13:02,COMPLETED,30164.0,92641.6,166.33,5724.71
1266,medium,14,16:12:12,16:12:17,16:13:15,COMPLETED,33893.0,965.3,5.63,63.27
1157,medium,14,15:52:41,15:52:45,16:13:27,COMPLETED,34791.0,20715.9,4.15,1246.86
1280,medium,13,16:12:16,16:12:17,16:14:05,COMPLETED,30923.0,1805.0,1.63,109.73
804,hard,15,13:29:40,13:29:44,16:14:56,COMPLETED,33822.0,165207.4,4.04,9916.43
1255,medium,13,16:14:34,16:14:37,16:15:21,COMPLETED,29890.0,741.5,3.52,47.71
1314,easy,11,16:15:44,16:15:46,16:15:53,COMPLETED,26385.0,110.4,2.93,9.29
1026,hard,15,14:08:51,14:08:51,16:15:59,COMPLETED,32616.0,127129.4,0.88,7628.57
1336,medium,13,16:13:48,16:13:53,16:15:59,COMPLETED,35554.0,2112.9,5.06,131.57
1021,medium,14,14:52:40,14:53:19,16:16:30,COMPLETED,37164.0,83198.9,39.21,5030.96
1301,easy,11,16:16:19,16:16:24,16:16:37,COMPLETED,30441.0,217.0,5.62,18.35
1315,easy,11,16:16:25,16:16:30,16:16:37,COMPLETED,24480.0,111.5,5.96,12.35
1342,easy,12,16:16:44,16:16:50,16:17:02,COMPLETED,29097.0,215.8,6.03,18.68
1162,hard,15,15:53:04,15:53:04,16:17:15,COMPLETED,28614.0,24191.9,0.04,1451.37
1324,medium,13,16:14:11,16:14:12,16:17:27,COMPLETED,24881.0,3268.3,1.07,196.91
1272,medium,14,16:11:54,16:11:58,16:18:43,COMPLETED,31288.0,6758.2,4.16,409.44
1223,medium,13,16:17:06,16:17:09,16:19:14,COMPLETED,33662.0,2100.2,3.01,128.70
1202,easy,11,16:19:12,16:19:14,16:19:21,COMPLETED,25858.0,110.7,2.70,9.06
1285,easy,11,16:19:35,16:19:39,16:19:46,COMPLETED,20788.0,110.7,4.95,11.31
1212,medium,13,16:17:30,16:17:34,16:19:52,COMPLETED,26553.0,2312.4,4.21,142.62
1218,easy,11,16:20:01,16:20:05,16:20:17,COMPLETED,26118.0,215.2,4.27,16.91
1276,easy,12,16:20:19,16:20:24,16:20:36,COMPLETED,24129.0,214.8,5.21,17.80
1288,easy,11,16:20:26,16:20:30,16:20:49,COMPLETED,32926.0,320.5,4.50,23.38
1349,medium,13,16:20:36,16:20:36,16:21:20,COMPLETED,28791.0,736.5,0.80,44.75
1234,easy,11,16:21:38,16:21:39,16:21:58,COMPLETED,34359.0,317.3,1.55,20.38
1275,easy,12,16:21:34,16:21:39,16:22:04,COMPLETED,24523.0,422.5,5.55,30.66
1203,easy,11,16:22:31,16:22:36,16:22:42,COMPLETED,23940.0,109.4,5.03,11.33
816,medium,14,13:28:34,13:28:39,16:23:01,COMPLETED,28431.0,174357.8,5.71,10467.13
709,hard,15,12:39:44,12:39:47,16:23:45,COMPLETED,33622.0,223959.1,3.66,13441.18
1346,medium,13,16:12:02,16:12:04,16:23:51,COMPLETED,30962.0,11786.6,2.67,709.53
1225,easy,12,16:23:36,16:23:38,16:23:51,COMPLETED,29117.0,218.4,2.85,15.53
1228,easy,12,16:22:14,16:22:17,16:24:10,COMPLETED,32072.0,1899.5,3.17,116.76
484,hard,15,11:22:41,11:22:44,16:24:17,COMPLETED,39434.0,301544.6,3.56,18096.19
1216,medium,14,16:21:30,16:21:33,16:24:42,COMPLETED,28723.0,3157.2,3.26,192.47
1257,easy,11,16:25:01,16:25:01,16:25:07,COMPLETED,21646.0,115.4,0.32,6.88
1195,hard,15,15:37:23,15:37:23,16:25:14,COMPLETED,32318.0,47852.0,0.47,2871.40
1283,hard,15,16:11:37,16:11:39,16:25:14,COMPLETED,32387.0,13591.8,2.26,817.40
1222,easy,12,16:25:04,16:25:07,16:25:33,COMPLETED,29762.0,432.3,3.88,29.58
825,medium,14,13:54:50,13:54:54,16:26:04,COMPLETED,41276.0,151171.7,4.73,9074.98
1287,medium,14,16:22:22,16:22:23,16:26:04,COMPLETED,29177.0,3696.0,1.46,222.98
1303,easy,11,16:26:09,16:26:11,16:26:17,COMPLETED,22892.0,111.1,2.26,8.70
1127,medium,14,15:32:50,15:32:52,16:26:36,COMPLETED,32265.0,53735.8,2.39,3226.39
1129,medium,14,15:59:08,15:59:13,16:26:55,COMPLETED,37392.0,27693.0,5.75,1667.16
1158,medium,14,15:49:34,15:49:36,16:27:32,COMPLETED,30935.0,37943.7,2.09,2278.54
1345,easy,12,16:27:53,16:27:57,16:28:16,COMPLETED,27591.0,315.7,4.55,23.26
1273,easy,12,16:27:27,16:27:32,16:28:34,COMPLETED,25916.0,1043.7,5.54,67.95
1260,easy,11,16:28:48,16:28:53,16:29:12,COMPLETED,24292.0,317.0,5.74,24.50
1290,easy,11,16:30:53,16:30:59,16:31:05,COMPLETED,23246.0,111.0,6.14,12.49
1258,medium,13,16:26:31,16:26:36,16:31:11,COMPLETED,31853.0,4596.8,5.39,280.88
1269,easy,12,16:31:04,16:31:05,16:31:11,COMPLETED,23521.0,113.6,1.49,7.88
1206,easy,12,16:30:43,16:30:46,16:32:22,COMPLETED,31930.0,1608.9,3.57,99.53
1343,easy,11,16:31:31,16:31:31,16:32:35,COMPLETED,32608.0,1079.9,0.02,64.44
1322,easy,11,16:32:18,16:32:22,16:32:35,COMPLETED,25705.0,222.1,4.53,17.44
1087,hard,15,15:52:14,15:52:20,16:33:32,COMPLETED,23207.0,41217.3,6.10,2478.90
1215,easy,11,16:33:57,16:33:58,16:34:05,COMPLETED,28850.0,113.8,1.46,8.00
1313,medium,14,16:32:45,16:32:48,16:34:23,COMPLETED,31348.0,1603.9,3.15,99.00
1237,medium,14,16:30:53,16:30:59,16:34:43,COMPLETED,28925.0,3742.6,6.14,230.43
1291,easy,11,16:34:42,16:34:43,16:34:49,COMPLETED,27701.0,112.1,1.43,7.75
1267,easy,11,16:35:01,16:35:02,16:35:09,COMPLETED,23684.0,116.9,1.62,8.23
1277,medium,13,16:12:28,16:12:30,16:35:15,COMPLETED,32103.0,22754.4,2.78,1367.78
1259,easy,12,16:30:34,16:30:34,16:36:13,COMPLETED,42028.0,5661.4,0.03,339.23
1311,medium,13,16:34:57,16:35:02,16:36:19,COMPLETED,27758.0,1290.7,5.62,82.82
759,hard,15,13:55:55,13:55:57,16:36:32,COMPLETED,29538.0,160582.3,2.95,9637.65
1289,easy,11,16:36:12,16:36:13,16:36:32,COMPLETED,27184.0,334.2,1.23,20.65
1213,easy,12,16:34:04,16:34:05,16:36:39,COMPLETED,35635.0,2580.2,1.00,155.34
1295,easy,11,16:36:28,16:36:32,16:36:45,COMPLETED,26281.0,227.7,4.65,17.91
1244,easy,11,16:36:33,16:36:39,16:36:52,COMPLETED,29092.0,224.1,6.34,19.37
1339,easy,12,16:36:26,16:36:26,16:36:58,COMPLETED,22565.0,551.9,0.11,32.83
1161,hard,15,15:41:58,15:42:02,16:37:05,COMPLETED,29498.0,55042.7,4.91,3307.27
1227,medium,14,16:08:19,16:08:20,16:37:24,COMPLETED,30147.0,29063.8,1.61,1745.33
1274,hard,15,16:02:34,16:02:38,16:37:30,COMPLETED,37226.0,34868.4,4.70,2096.63
1286,medium,13,16:28:47,16:28:47,16:37:36,COMPLETED,24046.0,8828.4,0.45,529.94
1305,easy,12,16:37:22,16:37:24,16:38:08,COMPLETED,31104.0,735.6,2.33,46.24
1300,easy,12,16:37:38,16:37:43,16:38:33,COMPLETED,35518.0,837.6,5.24,55.26
1235,easy,11,16:38:44,16:38:45,16:39:04,COMPLETED,28217.0,320.9,1.75,20.74
1208,easy,12,16:38:55,16:38:58,16:39:17,COMPLETED,29517.0,322.0,3.37,22.39
904,hard,15,14:10:09,14:10:13,16:39:23,COMPLETED,31948.0,149165.2,4.87,8954.73
1230,medium,13,16:35:50,16:35:54,16:40:07,COMPLETED,31424.0,4228.6,4.04,257.54
1296,easy,11,16:40:24,16:40:26,16:40:32,COMPLETED,24592.0,109.0,2.29,8.59
1304,easy,12,16:38:57,16:38:58,16:40:45,COMPLETED,28293.0,1782.4,1.37,108.15
1348,medium,13,16:39:05,16:39:11,16:41:03,COMPLETED,24850.0,1884.2,6.05,118.89
1251,easy,11,16:41:27,16:41:28,16:41:53,COMPLETED,30474.0,422.1,1.83,26.89
1211,easy,11,16:41:52,16:41:53,16:42:00,COMPLETED,26264.0,108.9,1.89,8.19
1214,easy,11,16:42:45,16:42:50,16:42:57,COMPLETED,25790.0,113.0,5.78,12.29
1325,easy,11,16:43:04,16:43:09,16:43:16,COMPLETED,22206.0,117.2,5.97,12.48
1204,easy,12,16:43:15,16:43:16,16:44:33,COMPLETED,31149.0,1288.9,1.48,78.59
1341,medium,14,16:41:34,16:41:35,16:44:46,COMPLETED,31567.0,3190.8,1.12,192.19
1243,medium,13,16:42:55,16:42:57,16:44:46,COMPLETED,26337.0,1822.1,2.29,111.19
1279,easy,11,16:44:55,16:44:59,16:45:05,COMPLETED,20702.0,115.6,4.10,10.63
1312,easy,11,16:44:37,16:44:39,16:45:12,COMPLETED,33831.0,543.9,2.87,35.08
1240,medium,13,16:44:02,16:44:07,16:46:02,COMPLETED,26976.0,1928.2,5.58,120.92
1250,medium,14,16:44:22,16:44:26,16:46:28,COMPLETED,32429.0,2032.8,4.96,126.54
1252,easy,11,16:46:19,16:46:21,16:46:35,COMPLETED,20681.0,224.8,2.95,16.10
1239,easy,11,16:46:28,16:46:28,16:46:35,COMPLETED,26565.0,117.3,0.54,7.10
1210,easy,12,16:47:30,16:47:32,16:48:17,COMPLETED,22250.0,757.8,2.50,47.53
1245,easy,11,16:48:09,16:48:10,16:48:17,COMPLETED,24483.0,117.9,1.95,8.53
1236,medium,13,16:43:28,16:43:29,16:48:36,COMPLETED,30130.0,5126.4,1.43,308.79
1220,easy,12,16:49:29,16:49:33,16:49:39,COMPLETED,23777.0,109.8,4.34,10.67
1226,easy,12,16:49:05,16:49:08,16:50:04,COMPLETED,32412.0,948.3,3.15,59.79
1323,easy,11,16:51:10,16:51:14,16:51:20,COMPLETED,28277.0,111.0,4.05,10.46
1224,medium,14,16:46:17,16:46:21,16:51:39,COMPLETED,31425.0,5294.5,4.95,322.39
1308,easy,11,16:52:28,16:52:29,16:53:01,COMPLETED,29042.0,529.0,1.68,33.15
1340,medium,13,16:47:21,16:47:25,16:53:19,COMPLETED,30330.0,5906.7,4.99,359.00
1112,hard,15,15:55:40,15:55:41,16:53:45,COMPLETED,33450.0,58072.2,1.73,3485.80
1331,hard,15,16:29:53,16:29:56,16:54:05,COMPLETED,33685.0,24157.0,3.45,1452.53
1347,easy,11,16:53:50,16:53:52,16:54:05,COMPLETED,27166.0,227.5,2.42,15.53
1242,hard,15,16:35:05,16:35:09,16:54:12,COMPLETED,30963.0,19052.2,4.23,1147.13
1282,easy,11,16:53:39,16:53:39,16:54:25,COMPLETED,23849.0,768.8,0.23,46.03
1299,medium,13,16:53:42,16:53:45,16:54:44,COMPLETED,22161.0,978.8,3.80,62.11
1333,easy,11,16:55:02,16:55:03,16:55:16,COMPLETED,27656.0,220.0,1.40,14.19
1241,hard,15,16:33:22,16:33:26,16:55:42,COMPLETED,27614.0,22268.9,4.35,1340.18
1334,easy,11,16:56:05,16:56:08,16:56:20,COMPLETED,33292.0,220.5,3.11,15.77
1248,easy,12,16:56:14,16:56:14,16:56:20,COMPLETED,27529.0,115.6,0.44,6.77
1309,medium,14,16:47:01,16:47:06,16:56:27,COMPLETED,31276.0,9345.8,5.89,566.42
1281,easy,11,16:56:18,16:56:20,16:56:27,COMPLETED,23537.0,115.4,2.77,9.42
1302,medium,14,16:27:06,16:27:07,16:56:46,COMPLETED,38620.0,29652.3,1.61,1780.45
1326,medium,13,16:55:47,16:55:48,16:57:12,COMPLETED,30249.0,1400.5,1.67,85.27
1297,medium,13,16:51:09,16:51:14,16:58:29,COMPLETED,22035.0,7264.6,5.05,440.65
1270,easy,12,16:57:44,16:57:44,16:58:36,COMPLETED,25829.0,861.6,0.77,52.04
1338,easy,11,16:59:33,16:59:34,16:59:47,COMPLETED,23714.0,218.8,1.36,14.21
1119,hard,15,15:29:00,15:29:04,17:01:02,COMPLETED,25118.0,91967.0,4.86,5522.79
1265,medium,14,16:26:46,16:26:48,17:01:21,COMPLETED,37152.0,34549.1,2.89,2075.68
1247,medium,13,16:59:17,16:59:21,17:01:21,COMPLETED,24863.0,2008.1,4.49,124.68
963,medium,14,14:14:33,14:14:33,17:02:18,COMPLETED,35921.0,167739.5,0.79,10065.20
1231,medium,14,16:44:21,16:44:26,17:03:21,COMPLETED,31150.0,18905.7,5.96,1140.08
1321,medium,13,16:55:35,16:55:35,17:03:27,COMPLETED,35863.0,7867.2,0.64,472.41
998,hard,15,14:18:04,14:18:06,17:06:50,COMPLETED,41375.0,168733.0,2.73,10126.61
1292,hard,15,16:19:50,16:19:52,17:06:50,COMPLETED,25094.0,46971.1,2.62,2820.61
1209,medium,14,16:57:17,16:57:18,17:07:09,COMPLETED,29022.0,9858.9,1.75,592.91
1294,hard,15,16:29:25,16:29:25,17:09:49,COMPLETED,26682.0,40405.5,0.10,2424.19
1101,hard,15,15:23:24,15:24:16,17:10:40,COMPLETED,35220.0,106396.1,52.50,6436.18
1264,hard,15,16:50:48,16:50:48,17:13:09,COMPLETED,32754.0,22356.3,0.71,1341.89
1306,medium,14,16:28:35,16:28:41,17:13:41,COMPLETED,31150.0,45000.1,6.18,2706.06
1330,hard,15,16:49:18,16:49:20,17:15:02,COMPLETED,36221.0,25690.9,2.74,1544.02
1268,medium,14,16:57:51,16:57:51,17:15:02,COMPLETED,32186.0,17181.8,0.33,1031.02
60,hard,15,08:37:44,08:37:46,17:17:20,COMPLETED,42924.0,519567.8,2.06,31176.10
990,hard,15,14:58:28,15:05:30,17:22:14,COMPLETED,31569.0,136740.2,422.25,8626.59
1319,hard,15,16:16:43,16:16:43,17:28:14,COMPLETED,38255.0,71523.6,0.68,4291.98
1029,hard,15,14:25:15,14:25:18,17:28:39,COMPLETED,31677.0,183357.9,3.37,11004.79
1327,medium,14,16:07:26,16:07:29,17:30:12,COMPLETED,32059.0,82731.7,3.01,4966.81
1200,hard,15,16:34:30,16:34:30,17:30:56,COMPLETED,38202.0,56430.7,0.44,3386.17
1238,medium,14,16:57:19,16:57:25,17:35:24,COMPLETED,34596.0,37981.4,6.34,2285.06
1318,hard,15,16:39:36,16:39:36,17:35:42,COMPLETED,37180.0,56108.8,0.23,3366.63
1329,medium,14,16:58:42,16:58:42,17:35:55,COMPLETED,40890.0,37211.8,0.52,2233.05
952,hard,15,14:11:59,14:12:01,17:36:07,COMPLETED,25816.0,204105.0,2.18,12248.43
1332,hard,15,16:24:55,16:25:01,17:40:08,COMPLETED,31698.0,75124.1,6.32,4513.59
1221,medium,14,16:51:43,16:51:45,17:46:59,COMPLETED,40198.0,55240.2,2.69,3316.93
1089,hard,15,15:52:09,15:52:13,17:48:26,COMPLETED,32546.0,116209.3,4.81,6977.28
1317,hard,15,16:54:18,16:54:18,17:51:18,COMPLETED,33121.0,57005.2,0.47,3420.65
1207,hard,15,16:39:17,16:39:17,17:51:31,COMPLETED,32757.0,72230.1,0.39,4334.07
1328,medium,14,16:48:04,16:48:04,17:56:41,COMPLETED,32467.0,68622.4,0.60,4117.73
760,hard,15,13:50:38,13:50:40,17:58:32,COMPLETED,36193.0,247877.4,2.06,14874.66
107,hard,15,08:52:38,08:52:42,18:00:00,UNFINISHED,-1,-1,-1
156,hard,15,09:29:38,09:29:44,18:00:00,UNFINISHED,-1,-1,-1
366,hard,15,10:01:44,10:01:48,18:00:00,UNFINISHED,-1,-1,-1
535,hard,15,11:57:26,11:57:28,18:00:00,UNFINISHED,-1,-1,-1
859,hard,15,13:29:19,13:29:24,18:00:00,UNFINISHED,-1,-1,-1
752,hard,15,13:40:00,13:40:03,18:00:00,UNFINISHED,-1,-1,-1
793,hard,15,13:47:46,13:47:49,18:00:00,UNFINISHED,-1,-1,-1
991,hard,15,14:29:29,14:29:29,18:00:00,UNFINISHED,-1,-1,-1
912,hard,15,14:58:18,15:05:23,18:00:00,UNFINISHED,-1,-1,-1
1094,hard,15,15:14:53,15:14:55,18:00:00,UNFINISHED,-1,-1,-1
1178,hard,15,15:33:08,15:33:12,18:00:00,UNFINISHED,-1,-1,-1
1167,hard,15,15:35:13,15:35:14,18:00:00,UNFINISHED,-1,-1,-1
1056,medium,14,15:38:14,15:38:15,18:00:00,UNFINISHED,-1,-1,-1
1197,hard,15,15:38:46,15:38:47,18:00:00,UNFINISHED,-1,-1,-1
1142,medium,14,15:43:13,15:43:18,18:00:00,UNFINISHED,-1,-1,-1
1079,hard,15,15:55:18,15:55:22,18:00:00,UNFINISHED,-1,-1,-1
1148,hard,15,15:56:34,15:56:39,18:00:00,UNFINISHED,-1,-1,-1
1316,hard,15,16:07:37,16:07:42,18:00:00,UNFINISHED,-1,-1,-1
1249,hard,15,16:29:15,16:29:18,18:00:00,UNFINISHED,-1,-1,-1
1293,hard,15,16:32:10,16:32:16,18:00:00,UNFINISHED,-1,-1,-1
1278,hard,15,16:35:46,16:35:47,18:00:00,UNFINISHED,-1,-1,-1
1261,hard,15,16:38:44,16:38:45,18:00:00,UNFINISHED,-1,-1,-1
1337,hard,15,16:47:41,16:47:45,18:00:00,UNFINISHED,-1,-1,-1
1271,hard,15,16:47:56,16:47:58,18:00:00,UNFINISHED,-1,-1,-1
1298,medium,14,16:53:53,16:53:58,18:00:00,UNFINISHED,-1,-1,-1
1201,medium,14,16:54:52,16:54:56,18:00:00,UNFINISHED,-1,-1,-1
