task_id,difficulty,n,arrival_sim,start_sim,end_sim,status,cost,real_duration_sec,waiting_time_mili_sec,time_in_system_mili_sec
118,easy,11,08:00:11,08:00:12,08:01:13,COMPLETED,23831.0,1027.6,1.11,62.76
13,easy,11,08:00:49,08:00:49,08:01:19,COMPLETED,19243.0,512.5,0.06,30.81
149,easy,11,08:02:32,08:02:32,08:02:56,COMPLETED,29838.0,404.6,0.10,24.41
108,easy,12,08:00:59,08:01:01,08:03:08,COMPLETED,24075.0,2127.8,2.16,129.80
164,easy,12,08:02:58,08:03:02,08:03:45,COMPLETED,26661.0,715.7,4.50,47.38
8,easy,12,08:04:05,08:04:09,08:04:15,COMPLETED,28495.0,104.2,4.71,10.89
45,medium,13,08:03:22,08:03:27,08:04:22,COMPLETED,27214.0,917.1,5.03,60.01
51,medium,13,08:03:37,08:03:39,08:04:22,COMPLETED,20947.0,713.6,2.26,45.01
163,medium,13,08:02:59,08:03:02,08:05:28,COMPLETED,35246.0,2439.8,3.50,150.00
39,medium,13,08:04:30,08:04:34,08:05:59,COMPLETED,34139.0,1419.2,4.26,89.34
55,easy,12,08:06:08,08:06:11,08:06:23,COMPLETED,31442.0,206.6,3.51,15.71
79,medium,13,08:02:30,08:02:32,08:06:42,COMPLETED,37519.0,4166.7,2.10,252.09
2,easy,12,08:05:17,08:05:22,08:06:42,COMPLETED,32011.0,1321.0,5.89,85.09
27,easy,11,08:07:36,08:07:36,08:07:54,COMPLETED,28043.0,305.5,0.62,18.84
169,easy,12,08:05:40,08:05:41,08:08:07,COMPLETED,31820.0,2432.4,1.13,147.04
91,medium,13,08:05:54,08:05:59,08:09:13,COMPLETED,29469.0,3241.2,5.34,199.79
143,easy,11,08:09:22,08:09:25,08:09:32,COMPLETED,24641.0,103.0,4.00,10.11
77,easy,12,08:06:18,08:06:23,08:09:38,COMPLETED,23589.0,3242.7,5.71,200.20
57,easy,12,08:09:38,08:09:38,08:10:02,COMPLETED,36218.0,408.5,0.20,24.65
129,easy,11,08:09:45,08:09:50,08:10:02,COMPLETED,29706.0,205.5,5.39,17.65
68,easy,11,08:09:49,08:09:50,08:10:08,COMPLETED,25265.0,305.9,1.39,19.75
54,easy,12,08:09:14,08:09:19,08:10:26,COMPLETED,29017.0,1119.9,5.87,73.00
20,easy,12,08:09:46,08:09:50,08:10:33,COMPLETED,29644.0,712.6,4.39,47.10
148,easy,11,08:10:37,08:10:39,08:10:51,COMPLETED,32938.0,206.3,2.23,14.65
84,easy,12,08:11:10,08:11:15,08:11:52,COMPLETED,26593.0,615.1,5.99,42.81
47,easy,11,08:11:30,08:11:34,08:11:52,COMPLETED,21618.0,308.5,4.44,22.81
104,easy,12,08:11:10,08:11:15,08:12:11,COMPLETED,26974.0,918.7,5.99,61.11
53,medium,14,08:04:26,08:04:28,08:14:13,COMPLETED,32044.0,9750.8,2.16,587.18
112,medium,14,08:13:11,08:13:12,08:14:19,COMPLETED,29345.0,1118.3,1.22,68.28
80,easy,12,08:15:29,08:15:32,08:15:38,COMPLETED,26831.0,105.8,3.15,9.39
22,medium,14,08:03:37,08:03:39,08:15:44,COMPLETED,33086.0,12088.7,2.26,727.54
133,easy,11,08:15:49,08:15:50,08:15:56,COMPLETED,26844.0,103.8,1.69,7.86
23,easy,11,08:15:45,08:15:50,08:16:15,COMPLETED,23537.0,412.8,5.69,30.23
33,easy,11,08:16:18,08:16:21,08:16:27,COMPLETED,22327.0,104.9,3.52,9.74
107,easy,12,08:16:33,08:16:33,08:16:58,COMPLETED,22825.0,406.9,0.85,25.19
99,easy,11,08:17:06,08:17:10,08:17:22,COMPLETED,25888.0,204.0,4.37,16.55
64,easy,12,08:17:25,08:17:28,08:17:53,COMPLETED,24117.0,407.5,3.64,28.02
12,easy,11,08:18:45,08:18:47,08:19:00,COMPLETED,23811.0,206.6,2.84,15.12
16,easy,11,08:18:53,08:18:53,08:19:06,COMPLETED,23983.0,206.0,0.98,13.27
65,easy,12,08:19:50,08:19:54,08:20:19,COMPLETED,30348.0,407.6,4.95,29.33
4,easy,12,08:22:07,08:22:09,08:22:58,COMPLETED,26054.0,827.1,2.22,51.71
59,easy,12,08:22:17,08:22:21,08:23:11,COMPLETED,31418.0,829.9,4.61,54.17
123,medium,13,08:22:18,08:22:21,08:24:00,COMPLETED,32621.0,1647.0,3.61,102.43
38,medium,14,08:07:49,08:07:54,08:24:19,COMPLETED,30399.0,16403.7,5.84,990.01
7,easy,11,08:24:37,08:24:37,08:24:50,COMPLETED,35003.0,212.1,0.48,13.02
28,hard,15,08:02:54,08:02:56,08:25:08,COMPLETED,32763.0,22203.0,2.41,1334.57
3,easy,11,08:24:38,08:24:43,08:25:08,COMPLETED,26683.0,416.9,5.76,30.57
69,medium,14,08:21:40,08:21:44,08:25:14,COMPLETED,26482.0,3503.3,4.69,214.82
131,medium,14,08:06:08,08:06:11,08:25:20,COMPLETED,27630.0,19158.5,3.51,1152.93
137,easy,11,08:25:56,08:25:57,08:26:22,COMPLETED,24595.0,413.6,1.92,26.59
60,medium,14,08:22:59,08:23:04,08:26:34,COMPLETED,30813.0,3501.3,5.91,215.86
89,easy,11,08:26:41,08:26:41,08:27:24,COMPLETED,25038.0,719.5,0.06,43.14
116,easy,12,08:27:01,08:27:05,08:27:42,COMPLETED,29282.0,617.2,4.66,41.57
86,easy,11,08:27:40,08:27:42,08:27:48,COMPLETED,19624.0,104.3,2.57,8.74
140,medium,13,08:27:27,08:27:30,08:28:19,COMPLETED,25316.0,818.6,3.27,52.31
34,easy,12,08:27:49,08:27:54,08:28:19,COMPLETED,26885.0,409.3,5.85,30.31
122,easy,12,08:28:48,08:28:49,08:29:14,COMPLETED,30330.0,411.8,1.83,26.51
58,medium,14,08:17:45,08:17:46,08:29:20,COMPLETED,34230.0,11563.0,1.90,695.63
42,easy,11,08:29:25,08:29:26,08:29:45,COMPLETED,28423.0,308.3,1.75,20.14
138,medium,14,08:27:36,08:27:36,08:29:57,COMPLETED,28705.0,2352.2,0.42,141.46
87,easy,11,08:29:48,08:29:51,08:29:57,COMPLETED,26411.0,105.2,3.28,9.46
102,easy,11,08:30:45,08:30:46,08:30:52,COMPLETED,16985.0,104.2,1.41,7.56
158,medium,14,08:16:13,08:16:15,08:33:07,COMPLETED,33792.0,16874.5,2.23,1014.63
85,easy,11,08:33:11,08:33:13,08:33:26,COMPLETED,29260.0,212.2,2.87,15.41
109,easy,11,08:32:46,08:32:48,08:33:38,COMPLETED,24985.0,833.3,2.98,52.79
36,medium,13,08:32:51,08:32:55,08:34:34,COMPLETED,29671.0,1660.3,4.27,103.56
156,easy,11,08:34:30,08:34:34,08:35:05,COMPLETED,28872.0,523.3,4.56,35.77
152,easy,12,08:34:59,08:34:59,08:35:24,COMPLETED,22911.0,419.1,0.47,25.42
74,easy,11,08:35:07,08:35:12,08:35:24,COMPLETED,21852.0,220.2,5.01,17.42
145,medium,13,08:34:20,08:34:22,08:35:31,COMPLETED,31477.0,1157.2,2.13,71.26
61,easy,12,08:35:27,08:35:31,08:35:43,COMPLETED,28697.0,210.9,4.26,16.74
165,easy,12,08:36:14,08:36:14,08:36:39,COMPLETED,32389.0,416.0,0.63,25.41
76,medium,14,08:25:17,08:25:20,08:36:51,COMPLETED,29539.0,11518.2,3.93,694.97
162,medium,13,08:30:20,08:30:21,08:36:51,COMPLETED,36358.0,6502.3,1.92,391.97
21,medium,13,08:28:44,08:28:49,08:36:58,COMPLETED,39366.0,8142.2,5.83,494.11
146,medium,14,08:19:00,08:19:00,08:37:10,COMPLETED,35260.0,18177.0,0.12,1090.66
10,medium,14,08:33:20,08:33:20,08:37:29,COMPLETED,30534.0,4153.6,0.08,249.14
168,medium,13,08:36:44,08:36:45,08:37:47,COMPLETED,30097.0,1035.7,1.63,63.63
15,medium,14,08:21:34,08:21:38,08:40:33,COMPLETED,32128.0,18911.7,4.44,1139.10
139,easy,12,08:39:47,08:39:50,08:40:39,COMPLETED,26014.0,820.1,3.13,52.24
154,easy,11,08:41:01,08:41:03,08:41:09,COMPLETED,28051.0,104.6,2.72,8.92
95,easy,12,08:40:09,08:40:14,08:41:40,COMPLETED,29282.0,1433.3,5.67,91.56
63,medium,13,08:38:58,08:39:01,08:42:05,COMPLETED,32368.0,3065.8,3.27,187.08
101,hard,15,08:08:52,08:08:55,08:42:35,COMPLETED,27342.0,33670.0,3.57,2023.75
136,easy,12,08:42:53,08:42:54,08:43:37,COMPLETED,22411.0,718.3,1.16,44.17
105,easy,11,08:43:29,08:43:30,08:43:43,COMPLETED,34579.0,207.8,1.97,14.32
9,medium,13,08:42:44,08:42:47,08:44:26,COMPLETED,26492.0,1640.5,3.99,102.27
134,easy,11,08:44:50,08:44:50,08:44:57,COMPLETED,31332.0,105.0,0.88,7.06
0,easy,11,08:44:31,08:44:32,08:45:03,COMPLETED,36767.0,515.0,1.46,32.20
115,easy,12,08:44:22,08:44:26,08:45:15,COMPLETED,34490.0,823.1,4.27,53.55
75,medium,13,08:42:53,08:42:54,08:45:46,COMPLETED,26438.0,2869.0,1.16,173.18
128,easy,11,08:45:59,08:46:04,08:46:10,COMPLETED,21235.0,106.8,5.56,11.79
24,easy,11,08:46:10,08:46:10,08:46:23,COMPLETED,28844.0,207.6,0.79,13.13
83,medium,13,08:41:57,08:41:58,08:46:35,COMPLETED,27911.0,4610.4,1.92,278.41
50,hard,15,08:31:59,08:31:59,08:46:53,COMPLETED,29692.0,14901.1,0.83,894.83
6,medium,14,08:36:54,08:36:58,08:47:12,COMPLETED,28434.0,10236.7,4.11,618.24
142,easy,11,08:47:02,08:47:06,08:47:12,COMPLETED,26978.0,104.7,4.08,10.24
113,hard,15,08:31:59,08:31:59,08:47:18,COMPLETED,32606.0,15310.2,0.83,919.39
46,easy,11,08:47:24,08:47:24,08:47:30,COMPLETED,25149.0,104.3,0.54,6.70
1,easy,12,08:46:34,08:46:35,08:47:49,COMPLETED,35294.0,1228.9,1.41,75.04
132,easy,11,08:48:03,08:48:07,08:48:13,COMPLETED,25107.0,104.3,4.37,10.53
97,easy,11,08:48:28,08:48:31,08:48:44,COMPLETED,29553.0,208.9,3.96,16.31
150,easy,12,08:48:40,08:48:44,08:49:15,COMPLETED,24131.0,517.5,4.31,35.22
62,easy,12,08:48:47,08:48:50,08:49:27,COMPLETED,27784.0,625.1,3.57,40.84
14,easy,12,08:48:41,08:48:44,08:49:40,COMPLETED,26558.0,937.3,3.31,59.38
161,easy,11,08:49:18,08:49:21,08:49:52,COMPLETED,22540.0,529.5,3.44,34.90
66,easy,12,08:48:26,08:48:31,08:50:23,COMPLETED,25720.0,1869.4,5.96,117.95
29,easy,11,08:50:33,08:50:36,08:50:49,COMPLETED,25606.0,211.5,3.50,16.11
166,easy,12,08:50:31,08:50:36,08:51:14,COMPLETED,29961.0,630.5,5.50,43.01
110,easy,11,08:50:33,08:50:36,08:51:20,COMPLETED,36237.0,734.2,3.50,47.40
119,easy,11,08:51:16,08:51:20,08:51:26,COMPLETED,27214.0,107.4,4.40,10.69
127,easy,12,08:46:04,08:46:04,08:51:45,COMPLETED,30612.0,5679.6,0.56,341.29
30,easy,12,08:51:58,08:52:03,08:52:22,COMPLETED,23610.0,313.8,5.81,24.49
144,easy,11,08:52:00,08:52:03,08:52:22,COMPLETED,31784.0,313.4,3.81,22.49
56,easy,11,08:52:09,08:52:10,08:52:22,COMPLETED,21399.0,209.9,1.08,13.49
103,easy,11,08:52:09,08:52:10,08:52:22,COMPLETED,30228.0,209.4,1.08,13.49
44,easy,11,08:52:02,08:52:03,08:52:47,COMPLETED,22202.0,724.0,1.81,45.16
82,easy,12,08:51:37,08:51:39,08:52:59,COMPLETED,33476.0,1343.7,2.08,82.57
96,medium,14,08:24:04,08:24:06,08:53:18,COMPLETED,35617.0,29193.0,2.58,1754.11
72,easy,12,08:53:07,08:53:11,08:53:24,COMPLETED,23047.0,208.8,4.91,17.29
130,easy,12,08:52:48,08:52:53,08:53:49,COMPLETED,30291.0,930.8,5.34,61.00
35,easy,12,08:53:31,08:53:36,08:54:07,COMPLETED,28835.0,517.5,5.62,36.53
71,medium,14,08:45:01,08:45:03,08:54:19,COMPLETED,30650.0,9278.9,2.20,558.85
159,hard,15,08:23:06,08:23:11,08:54:38,COMPLETED,26946.0,31453.0,5.17,1892.31
125,easy,11,08:54:47,08:54:50,08:54:56,COMPLETED,22306.0,106.3,3.64,9.88
26,easy,11,08:55:11,08:55:15,08:55:27,COMPLETED,25190.0,208.8,4.34,16.68
52,easy,12,08:55:24,08:55:27,08:55:46,COMPLETED,26674.0,312.5,3.68,22.27
153,medium,13,08:50:29,08:50:30,08:55:52,COMPLETED,26720.0,5372.8,1.21,323.47
25,medium,13,08:40:22,08:40:26,08:56:17,COMPLETED,27806.0,15837.6,4.94,955.06
32,easy,12,08:56:16,08:56:17,08:56:23,COMPLETED,21770.0,105.6,1.06,7.30
114,easy,12,08:56:34,08:56:35,08:56:41,COMPLETED,22682.0,106.6,1.60,7.80
40,easy,12,08:51:46,08:51:51,08:56:48,COMPLETED,39768.0,4944.9,5.45,302.03
93,easy,11,08:56:38,08:56:41,08:56:54,COMPLETED,30636.0,210.4,3.80,16.20
18,medium,14,08:42:04,08:42:05,08:57:06,COMPLETED,37185.0,15028.8,1.08,902.69
43,easy,12,08:57:19,08:57:19,08:57:37,COMPLETED,23781.0,311.6,0.08,18.65
147,medium,14,08:53:43,08:53:49,08:57:49,COMPLETED,34580.0,4017.6,6.00,246.95
126,easy,11,08:58:37,08:58:39,08:58:51,COMPLETED,26571.0,210.1,2.44,14.92
98,medium,14,08:40:04,08:40:08,08:59:10,COMPLETED,35702.0,19035.3,4.51,1146.53
157,medium,14,08:49:14,08:49:15,08:59:23,COMPLETED,31043.0,10138.5,1.22,609.21
111,easy,12,08:59:12,08:59:16,08:59:42,COMPLETED,30099.0,427.6,4.78,30.23
272,easy,12,09:00:11,09:00:13,09:00:38,COMPLETED,25500.0,422.6,2.45,27.56
267,easy,11,09:00:41,09:00:44,09:00:57,COMPLETED,25034.0,214.9,3.86,16.50
48,medium,13,08:55:35,08:55:40,09:01:28,COMPLETED,29657.0,5817.4,5.06,353.93
160,medium,14,08:58:10,08:58:14,09:01:35,COMPLETED,26634.0,3345.6,4.61,205.23
155,medium,14,08:56:13,08:56:17,09:02:00,COMPLETED,24961.0,5719.5,4.06,347.10
270,easy,11,09:03:52,09:03:52,09:03:58,COMPLETED,23849.0,108.5,0.05,6.29
173,medium,14,09:01:04,09:01:10,09:04:16,COMPLETED,28051.0,3118.7,6.07,192.98
205,easy,12,09:03:57,09:03:58,09:05:18,COMPLETED,24333.0,1346.9,1.29,81.96
235,easy,12,09:05:35,09:05:37,09:06:14,COMPLETED,32685.0,621.4,2.49,39.61
135,medium,14,08:59:30,08:59:36,09:06:20,COMPLETED,34351.0,6748.4,6.03,410.80
73,medium,14,08:48:39,08:48:44,09:07:04,COMPLETED,31194.0,18331.5,5.31,1105.05
279,easy,11,09:06:59,09:07:04,09:07:16,COMPLETED,26356.0,211.2,5.05,17.50
281,medium,14,09:04:40,09:04:41,09:07:22,COMPLETED,31617.0,2685.9,1.75,162.75
336,easy,11,09:07:13,09:07:16,09:07:28,COMPLETED,26021.0,210.0,3.50,15.95
310,easy,11,09:06:46,09:06:51,09:07:41,COMPLETED,36288.0,831.3,5.66,55.33
230,easy,12,09:07:37,09:07:41,09:07:59,COMPLETED,31599.0,314.3,4.33,22.99
41,medium,13,08:48:24,08:48:25,09:08:06,COMPLETED,34211.0,19676.1,1.75,1182.22
301,easy,12,09:08:29,09:08:31,09:08:43,COMPLETED,32457.0,216.5,2.09,14.83
317,easy,12,09:08:29,09:08:31,09:09:09,COMPLETED,28302.0,635.7,2.09,40.14
151,medium,14,08:51:27,08:51:32,09:09:27,COMPLETED,34222.0,17919.7,5.87,1080.89
67,medium,14,08:59:18,08:59:23,09:09:46,COMPLETED,26963.0,10393.1,5.21,628.70
260,easy,12,09:09:31,09:09:34,09:11:07,COMPLETED,23562.0,1566.2,3.22,96.94
330,easy,11,09:10:45,09:10:49,09:11:07,COMPLETED,29151.0,317.2,4.20,22.94
300,medium,13,09:07:01,09:07:04,09:11:14,COMPLETED,34496.0,4172.6,3.05,253.28
339,medium,13,09:10:47,09:10:49,09:12:17,COMPLETED,31261.0,1471.8,2.20,90.30
315,easy,12,09:11:48,09:11:51,09:12:17,COMPLETED,25044.0,432.0,3.67,29.30
117,hard,15,08:59:16,08:59:16,09:12:23,COMPLETED,35024.0,13115.5,0.78,787.66
293,easy,12,09:12:09,09:12:10,09:13:01,COMPLETED,28952.0,842.6,1.79,52.19
335,medium,14,09:00:22,09:00:26,09:13:19,COMPLETED,30149.0,12900.9,4.10,777.97
276,medium,14,09:04:16,09:04:16,09:14:53,COMPLETED,23989.0,10609.2,0.98,637.35
192,easy,12,09:14:09,09:14:10,09:14:59,COMPLETED,28584.0,830.1,1.03,50.61
290,medium,14,09:09:00,09:09:02,09:15:12,COMPLETED,27229.0,6158.0,2.73,372.07
244,easy,12,09:14:57,09:14:59,09:15:12,COMPLETED,24302.0,211.2,2.61,15.07
188,easy,12,09:14:51,09:14:53,09:15:49,COMPLETED,30398.0,935.0,2.35,58.29
195,easy,12,09:15:59,09:16:01,09:16:14,COMPLETED,23470.0,210.1,2.64,15.12
210,easy,12,09:16:22,09:16:26,09:16:38,COMPLETED,25205.0,210.8,4.48,16.92
329,medium,14,09:12:22,09:12:23,09:17:22,COMPLETED,39306.0,4980.6,1.66,300.28
204,easy,11,09:17:22,09:17:22,09:17:34,COMPLETED,33732.0,210.3,0.28,12.73
250,easy,11,09:17:47,09:17:47,09:17:53,COMPLETED,24816.0,106.7,0.10,6.37
212,easy,12,09:17:07,09:17:09,09:18:12,COMPLETED,32873.0,1040.6,2.85,65.09
191,easy,11,09:18:00,09:18:05,09:18:12,COMPLETED,23324.0,108.2,5.82,12.09
285,medium,13,09:17:43,09:17:47,09:18:30,COMPLETED,32714.0,732.0,4.10,47.82
294,easy,12,09:17:57,09:17:59,09:18:30,COMPLETED,28578.0,524.5,2.56,33.82
193,easy,11,09:18:14,09:18:18,09:19:08,COMPLETED,32522.0,830.5,4.34,54.01
100,medium,14,08:48:28,08:48:31,09:19:20,COMPLETED,32835.0,30807.6,3.96,1852.40
170,medium,14,09:03:58,09:03:58,09:20:10,COMPLETED,27673.0,16200.8,0.29,972.09
299,easy,12,09:19:35,09:19:38,09:20:10,COMPLETED,27039.0,525.5,3.97,35.09
304,medium,14,09:14:32,09:14:34,09:20:22,COMPLETED,25352.0,5803.1,2.76,350.81
194,easy,11,09:20:30,09:20:35,09:20:41,COMPLETED,21437.0,110.6,5.25,11.63
120,medium,14,08:30:38,08:30:40,09:20:47,COMPLETED,32001.0,50128.9,2.26,3009.92
70,medium,14,08:41:01,08:41:03,09:21:12,COMPLETED,25072.0,40154.8,2.72,2411.88
256,medium,13,09:21:12,09:21:12,09:22:09,COMPLETED,30173.0,941.2,0.88,57.03
232,medium,13,09:21:10,09:21:12,09:22:34,COMPLETED,28400.0,1357.1,2.88,84.14
19,hard,15,08:31:10,08:31:10,09:23:11,COMPLETED,29946.0,52007.5,0.89,3121.25
288,easy,11,09:23:14,09:23:17,09:23:23,COMPLETED,22405.0,107.0,3.49,9.72
316,easy,11,09:23:30,09:23:36,09:23:42,COMPLETED,29671.0,107.5,6.10,12.34
236,hard,15,09:13:38,09:13:38,09:24:07,COMPLETED,29408.0,10477.2,0.77,629.19
311,medium,13,09:20:04,09:20:10,09:24:07,COMPLETED,17741.0,3956.3,6.09,243.19
318,easy,12,09:23:40,09:23:42,09:24:19,COMPLETED,23705.0,628.8,2.34,39.81
17,hard,15,08:49:00,08:49:02,09:24:44,COMPLETED,30557.0,35701.2,2.89,2144.81
261,medium,14,09:22:21,09:22:21,09:24:44,COMPLETED,29743.0,2389.7,0.70,143.81
197,easy,12,09:24:56,09:24:57,09:25:09,COMPLETED,24535.0,213.7,1.26,13.93
328,easy,12,09:25:02,09:25:03,09:25:34,COMPLETED,31428.0,521.3,1.64,32.80
269,easy,11,09:25:19,09:25:22,09:25:34,COMPLETED,27617.0,210.7,3.35,15.80
322,easy,12,09:25:16,09:25:16,09:25:47,COMPLETED,28329.0,521.6,0.13,31.18
268,easy,11,09:25:45,09:25:47,09:26:12,COMPLETED,28230.0,417.2,2.18,27.06
49,hard,15,08:52:52,08:52:53,09:26:42,COMPLETED,36570.0,33826.8,1.34,2030.92
221,medium,14,09:19:23,09:19:26,09:26:55,COMPLETED,27093.0,7480.6,3.59,452.31
283,medium,14,09:25:46,09:25:47,09:27:32,COMPLETED,28581.0,1753.7,1.18,106.30
273,easy,12,09:27:38,09:27:38,09:28:15,COMPLETED,28836.0,623.9,0.48,37.74
201,medium,14,09:12:07,09:12:10,09:28:21,COMPLETED,32748.0,16188.3,3.79,974.97
206,easy,12,09:28:31,09:28:34,09:28:40,COMPLETED,25834.0,107.5,3.38,9.64
209,easy,12,09:28:09,09:28:09,09:28:53,COMPLETED,33108.0,728.3,0.48,44.02
264,medium,13,09:22:53,09:22:58,09:29:30,COMPLETED,35250.0,6526.3,5.87,397.32
305,medium,14,09:28:01,09:28:03,09:29:30,COMPLETED,30672.0,1454.0,2.21,89.32
262,easy,12,09:28:55,09:28:59,09:29:30,COMPLETED,27280.0,521.7,4.20,35.32
291,easy,11,09:29:08,09:29:11,09:30:01,COMPLETED,40846.0,831.7,3.58,53.34
190,medium,14,09:25:53,09:25:53,09:30:07,COMPLETED,28575.0,4237.9,0.47,254.53
234,easy,11,09:29:38,09:29:42,09:30:07,COMPLETED,32921.0,419.8,4.70,29.53
280,easy,12,09:30:50,09:30:51,09:31:04,COMPLETED,29171.0,213.9,1.50,14.13
219,easy,11,09:31:00,09:31:04,09:31:16,COMPLETED,29614.0,213.7,4.13,16.64
121,hard,15,08:28:52,08:28:56,09:32:44,COMPLETED,33719.0,63803.8,4.04,3832.24
167,medium,14,08:57:22,08:57:25,09:33:03,COMPLETED,30714.0,35631.8,3.28,2141.13
187,easy,12,09:29:10,09:29:11,09:33:15,COMPLETED,31001.0,4066.7,1.58,245.48
207,medium,13,09:22:07,09:22:09,09:33:40,COMPLETED,31025.0,11526.7,2.03,693.45
238,medium,14,09:23:09,09:23:11,09:33:40,COMPLETED,30692.0,10490.4,2.25,631.45
326,easy,12,09:31:39,09:31:41,09:34:05,COMPLETED,23235.0,2401.2,2.56,146.44
278,easy,12,09:33:34,09:33:34,09:34:24,COMPLETED,23448.0,841.0,0.24,50.33
216,easy,12,09:34:39,09:34:43,09:35:08,COMPLETED,29141.0,419.8,4.38,29.42
287,easy,12,09:34:07,09:34:11,09:35:27,COMPLETED,23022.0,1262.6,4.73,80.14
259,medium,13,09:34:22,09:34:24,09:35:33,COMPLETED,24153.0,1157.3,2.33,71.56
226,easy,11,09:35:23,09:35:27,09:35:33,COMPLETED,22866.0,110.8,4.14,10.56
185,easy,11,09:35:29,09:35:33,09:35:39,COMPLETED,25275.0,110.1,4.56,10.83
295,easy,12,09:35:59,09:36:04,09:36:29,COMPLETED,28922.0,419.6,5.98,31.00
298,medium,14,09:31:20,09:31:23,09:37:00,COMPLETED,25353.0,5634.4,3.00,340.93
229,medium,13,09:36:00,09:36:04,09:37:31,COMPLETED,27193.0,1452.0,4.98,92.00
208,medium,14,09:35:55,09:35:58,09:37:38,COMPLETED,31515.0,1661.0,3.74,103.20
323,easy,12,09:36:16,09:36:17,09:37:38,COMPLETED,34893.0,1348.8,1.49,82.20
327,easy,12,09:37:16,09:37:19,09:37:44,COMPLETED,30211.0,418.4,3.57,28.46
231,medium,13,09:35:39,09:35:39,09:37:56,COMPLETED,28110.0,2287.4,0.83,137.89
333,easy,11,09:38:00,09:38:03,09:38:09,COMPLETED,28160.0,108.3,3.13,9.38
271,easy,12,09:38:17,09:38:21,09:38:40,COMPLETED,27577.0,314.9,4.84,23.53
181,easy,12,09:37:41,09:37:44,09:38:59,COMPLETED,28806.0,1249.6,3.46,78.24
92,hard,15,08:49:52,08:49:52,09:39:36,COMPLETED,33921.0,49731.0,0.90,2984.71
200,medium,13,09:37:51,09:37:56,09:39:42,COMPLETED,25909.0,1771.0,5.89,111.95
289,easy,11,09:39:18,09:39:24,09:39:42,COMPLETED,29840.0,316.8,6.18,24.95
199,easy,12,09:39:26,09:39:30,09:39:49,COMPLETED,28548.0,315.7,4.45,23.22
90,hard,15,08:12:14,08:12:17,09:40:51,COMPLETED,33082.0,88569.8,3.25,5317.41
227,easy,12,09:40:25,09:40:26,09:40:51,COMPLETED,28723.0,418.4,1.51,26.41
175,medium,14,09:34:33,09:34:37,09:41:41,COMPLETED,25809.0,7074.4,4.02,428.33
303,hard,15,09:29:37,09:29:42,09:41:47,COMPLETED,26819.0,12085.8,5.70,730.57
297,easy,11,09:41:45,09:41:47,09:42:00,COMPLETED,24514.0,215.7,2.57,15.30
282,medium,14,09:30:42,09:30:45,09:42:37,COMPLETED,32881.0,11882.4,3.23,715.99
292,medium,13,09:40:36,09:40:38,09:43:40,COMPLETED,26980.0,3034.3,2.93,184.77
239,easy,12,09:43:20,09:43:21,09:43:53,COMPLETED,24024.0,529.6,1.83,33.33
332,easy,12,09:43:07,09:43:09,09:44:43,COMPLETED,37555.0,1579.5,2.28,96.88
189,medium,13,09:44:09,09:44:12,09:44:43,COMPLETED,23591.0,530.3,3.24,34.88
254,hard,15,09:11:19,09:11:20,09:44:56,COMPLETED,36011.0,33602.5,1.48,2017.50
241,easy,12,09:44:17,09:44:18,09:44:56,COMPLETED,28977.0,636.4,1.66,39.50
306,medium,13,09:39:04,09:39:05,09:45:02,COMPLETED,32454.0,5961.1,1.48,358.90
313,easy,12,09:45:11,09:45:15,09:45:40,COMPLETED,22475.0,429.7,4.47,29.87
178,easy,11,09:45:37,09:45:40,09:45:47,COMPLETED,21611.0,111.0,3.87,10.32
312,easy,12,09:45:06,09:45:09,09:45:53,COMPLETED,31844.0,743.5,3.24,47.56
179,easy,11,09:46:22,09:46:25,09:46:31,COMPLETED,24015.0,110.8,3.09,9.33
225,easy,12,09:46:27,09:46:31,09:46:37,COMPLETED,26746.0,112.6,4.33,10.79
284,easy,11,09:47:05,09:47:09,09:47:21,COMPLETED,29012.0,210.8,4.43,16.88
228,easy,12,09:44:45,09:44:50,09:47:28,COMPLETED,23081.0,2636.1,5.10,163.10
94,hard,15,08:10:35,08:10:39,09:47:34,COMPLETED,35844.0,96918.3,4.23,5819.31
203,medium,14,09:40:05,09:40:07,09:47:59,COMPLETED,27558.0,7858.3,2.85,474.13
141,hard,15,08:14:38,08:14:43,09:49:57,COMPLETED,30667.0,95231.3,5.54,5719.36
307,easy,12,09:50:06,09:50:09,09:50:16,COMPLETED,24297.0,107.8,3.85,10.12
248,medium,14,09:49:10,09:49:13,09:51:12,COMPLETED,27823.0,1976.2,3.69,122.06
252,easy,12,09:53:10,09:53:10,09:53:42,COMPLETED,24184.0,525.4,0.80,32.03
277,medium,13,09:52:53,09:52:58,09:54:13,COMPLETED,32925.0,1256.7,5.27,80.45
186,easy,11,09:53:43,09:53:48,09:54:13,COMPLETED,27445.0,422.4,5.35,30.45
222,easy,11,09:54:24,09:54:25,09:54:38,COMPLETED,23405.0,213.0,1.98,14.52
124,medium,14,08:54:48,08:54:50,09:55:03,COMPLETED,37814.0,60215.0,2.64,3615.50
224,easy,12,09:53:52,09:53:54,09:55:16,COMPLETED,24358.0,1362.6,2.63,84.13
196,easy,11,09:55:07,09:55:09,09:55:16,COMPLETED,27282.0,110.3,2.81,9.13
265,easy,12,09:53:58,09:54:00,09:55:22,COMPLETED,28127.0,1362.7,2.92,84.45
275,medium,13,09:52:42,09:52:45,09:55:28,COMPLETED,28950.0,2720.6,3.72,166.71
334,hard,15,09:24:59,09:25:03,09:55:41,COMPLETED,27706.0,30628.6,4.64,1842.26
314,medium,13,09:53:37,09:53:42,09:56:06,COMPLETED,23017.0,2408.1,5.03,149.30
338,hard,15,09:15:14,09:15:18,09:56:25,COMPLETED,27192.0,41114.5,4.30,2471.06
249,easy,12,09:55:54,09:56:00,09:56:37,COMPLETED,29028.0,630.5,6.01,43.58
242,easy,11,09:56:52,09:56:56,09:57:40,COMPLETED,29725.0,735.0,4.44,48.26
263,easy,12,09:58:01,09:58:05,09:58:18,COMPLETED,28357.0,225.3,4.33,17.34
184,easy,11,09:58:06,09:58:11,09:59:22,COMPLETED,30378.0,1183.8,5.82,76.47
220,easy,12,09:58:56,09:58:56,09:59:28,COMPLETED,26639.0,541.2,0.86,32.92
11,hard,15,08:09:18,08:09:19,09:59:41,COMPLETED,29403.0,110363.8,1.87,6623.70
233,easy,12,09:58:31,09:58:31,10:00:19,COMPLETED,27784.0,1811.1,0.31,108.74
440,easy,11,10:00:03,10:00:07,10:00:19,COMPLETED,26349.0,216.1,4.04,16.74
434,easy,11,10:01:12,10:01:16,10:01:41,COMPLETED,25466.0,422.1,4.05,29.13
251,medium,14,09:59:34,09:59:35,10:02:31,COMPLETED,29596.0,2933.4,1.38,177.12
247,medium,14,09:52:06,09:52:08,10:02:37,COMPLETED,35152.0,10489.2,2.26,631.42
223,medium,13,09:58:14,09:58:18,10:02:49,COMPLETED,33218.0,4532.4,4.34,275.99
468,easy,11,10:02:29,10:02:31,10:02:56,COMPLETED,24907.0,425.2,2.12,27.34
380,easy,11,10:02:49,10:02:49,10:03:08,COMPLETED,28329.0,318.9,0.99,19.93
493,easy,11,10:02:48,10:02:49,10:03:33,COMPLETED,32737.0,736.1,1.99,45.93
78,hard,15,08:28:51,08:28:56,10:05:13,COMPLETED,38536.0,96295.5,5.04,5782.75
171,hard,15,09:56:10,09:56:12,10:05:26,COMPLETED,35433.0,9236.4,2.56,556.41
373,easy,12,10:05:36,10:05:39,10:06:11,COMPLETED,29377.0,541.2,3.06,35.31
366,easy,12,10:07:00,10:07:02,10:07:27,COMPLETED,23389.0,433.6,2.20,27.83
377,easy,11,10:07:20,10:07:21,10:07:34,COMPLETED,21692.0,219.0,1.42,14.28
211,hard,15,09:37:32,09:37:38,10:07:53,COMPLETED,33085.0,30254.8,6.20,1821.39
451,medium,13,10:05:59,10:06:04,10:08:25,COMPLETED,27307.0,2346.2,5.83,146.33
243,hard,15,09:02:17,09:02:18,10:10:01,COMPLETED,37682.0,67709.9,1.90,4064.42
324,hard,15,09:29:23,09:29:24,10:10:07,COMPLETED,35349.0,40733.8,1.08,2444.99
361,easy,12,10:08:51,10:08:57,10:10:14,COMPLETED,32231.0,1297.2,6.13,83.55
198,medium,13,09:39:53,09:39:55,10:10:21,COMPLETED,28226.0,30428.7,2.41,1828.04
406,easy,11,10:09:18,10:09:23,10:10:27,COMPLETED,29938.0,1079.2,5.02,69.33
454,easy,12,10:07:57,10:07:59,10:10:59,COMPLETED,29368.0,3005.7,2.66,182.63
177,medium,14,09:55:01,09:55:03,10:11:06,COMPLETED,27173.0,16049.9,2.50,965.11
362,easy,11,10:11:16,10:11:18,10:11:31,COMPLETED,29647.0,218.1,2.93,15.78
81,hard,15,08:08:12,08:08:13,10:11:50,COMPLETED,35694.0,123624.6,1.12,7418.58
202,hard,15,09:51:03,09:51:05,10:12:22,COMPLETED,41669.0,21274.6,2.81,1279.09
363,easy,11,10:13:17,10:13:18,10:13:37,COMPLETED,35182.0,321.5,1.66,20.71
422,easy,12,10:13:21,10:13:25,10:14:09,COMPLETED,32908.0,741.2,4.01,48.22
344,easy,11,10:14:39,10:14:40,10:14:53,COMPLETED,28059.0,216.9,1.69,14.42
488,medium,14,10:05:53,10:05:58,10:15:12,COMPLETED,30582.0,9234.6,5.54,559.43
452,easy,12,10:14:38,10:14:40,10:15:25,COMPLETED,22693.0,743.2,2.69,47.02
253,medium,14,09:56:38,09:56:43,10:15:56,COMPLETED,25867.0,19214.6,5.88,1158.53
499,easy,12,10:14:50,10:14:53,10:16:09,COMPLETED,24408.0,1268.3,3.42,79.18
453,easy,11,10:16:09,10:16:09,10:17:26,COMPLETED,28674.0,1290.5,0.18,77.15
257,medium,14,09:59:07,09:59:09,10:18:04,COMPLETED,36952.0,18923.7,2.77,1137.79
383,easy,12,10:17:38,10:17:39,10:18:49,COMPLETED,40774.0,1186.7,1.11,71.87
405,medium,14,10:08:23,10:08:25,10:19:02,COMPLETED,32139.0,10631.4,2.33,639.85
404,medium,14,10:12:34,10:12:34,10:19:35,COMPLETED,34655.0,7014.2,0.67,421.04
347,easy,12,10:09:12,10:09:16,10:20:20,COMPLETED,42926.0,11072.0,4.35,668.57
352,easy,11,10:20:05,10:20:07,10:20:26,COMPLETED,27092.0,335.3,2.32,21.89
381,easy,11,10:20:10,10:20:13,10:20:39,COMPLETED,33675.0,438.7,3.90,29.85
456,medium,13,10:18:00,10:18:04,10:20:52,COMPLETED,28632.0,2807.9,4.79,172.84
321,medium,14,09:49:52,09:49:57,10:21:05,COMPLETED,35449.0,31143.6,5.36,1873.79
398,easy,12,10:21:11,10:21:12,10:21:38,COMPLETED,32094.0,441.2,1.14,27.17
214,hard,15,09:48:11,09:48:11,10:22:23,COMPLETED,35429.0,34203.0,0.62,2052.64
375,medium,14,10:15:39,10:15:43,10:22:30,COMPLETED,34310.0,6772.7,4.88,411.01
455,hard,15,10:09:18,10:09:23,10:22:36,COMPLETED,34120.0,13223.2,5.02,798.31
449,medium,13,10:21:24,10:21:25,10:22:42,COMPLETED,32938.0,1295.2,1.17,78.62
423,medium,13,10:19:27,10:19:28,10:22:48,COMPLETED,28842.0,3342.5,1.62,201.93
341,easy,11,10:23:22,10:23:26,10:23:33,COMPLETED,27365.0,111.5,4.71,11.05
415,easy,11,10:24:05,10:24:11,10:24:17,COMPLETED,21919.0,111.3,6.01,12.39
357,medium,13,10:26:15,10:26:17,10:26:55,COMPLETED,25357.0,639.1,2.37,40.36
475,medium,14,10:12:19,10:12:22,10:27:27,COMPLETED,33588.0,15088.0,3.09,908.15
340,easy,11,10:27:04,10:27:08,10:27:27,COMPLETED,29187.0,322.2,4.13,23.15
215,hard,15,09:40:44,09:40:45,10:27:39,COMPLETED,29232.0,46911.9,1.17,2815.79
497,easy,11,10:26:58,10:27:01,10:27:39,COMPLETED,31970.0,638.5,3.75,41.79
490,easy,11,10:27:43,10:27:46,10:28:17,COMPLETED,18895.0,534.7,3.12,34.90
286,medium,14,09:36:19,09:36:23,10:28:49,COMPLETED,30804.0,52438.3,4.73,3150.90
424,easy,12,10:27:14,10:27:14,10:29:09,COMPLETED,27666.0,1921.5,0.48,115.48
370,easy,11,10:28:57,10:29:02,10:29:09,COMPLETED,29766.0,114.6,5.92,12.48
459,easy,11,10:28:41,10:28:43,10:29:15,COMPLETED,36050.0,546.6,2.47,34.82
360,medium,13,10:23:31,10:23:33,10:29:47,COMPLETED,30047.0,6254.9,2.05,376.93
504,medium,14,10:27:52,10:27:52,10:30:07,COMPLETED,32220.0,2253.9,0.50,135.25
444,easy,12,10:29:24,10:29:28,10:30:13,COMPLETED,23816.0,761.6,4.57,49.82
481,hard,15,10:02:52,10:02:56,10:30:39,COMPLETED,33295.0,27727.1,4.34,1667.72
421,medium,14,10:11:55,10:11:56,10:31:05,COMPLETED,32012.0,19144.7,1.87,1150.31
467,easy,11,10:31:09,10:31:11,10:31:31,COMPLETED,24129.0,333.6,2.68,22.43
484,easy,11,10:31:24,10:31:24,10:31:37,COMPLETED,26997.0,224.1,0.74,13.74
353,easy,11,10:31:05,10:31:05,10:31:44,COMPLETED,35330.0,658.4,0.31,39.32
345,medium,13,10:26:51,10:26:55,10:32:03,COMPLETED,29464.0,5144.6,4.36,312.60
447,medium,13,10:08:00,10:08:06,10:32:16,COMPLETED,43388.0,24178.3,6.13,1456.56
411,hard,15,10:09:52,10:09:55,10:32:22,COMPLETED,29538.0,22470.8,3.04,1350.99
399,easy,11,10:32:16,10:32:16,10:32:35,COMPLETED,29067.0,330.4,0.56,19.93
407,easy,11,10:33:07,10:33:07,10:33:14,COMPLETED,25102.0,114.2,0.86,7.28
496,medium,14,10:22:13,10:22:17,10:33:46,COMPLETED,29236.0,11492.6,4.07,693.41
348,easy,11,10:33:58,10:33:58,10:34:05,COMPLETED,20578.0,110.5,0.96,7.28
401,easy,11,10:34:29,10:34:30,10:34:43,COMPLETED,26598.0,216.4,1.53,14.19
5,hard,15,08:59:26,08:59:29,10:34:49,COMPLETED,37574.0,95332.7,3.67,5723.54
471,easy,11,10:34:56,10:35:02,10:35:15,COMPLETED,35257.0,217.3,6.27,19.04
469,easy,11,10:35:54,10:35:59,10:36:05,COMPLETED,25939.0,112.3,5.26,11.63
37,hard,15,08:59:17,08:59:23,10:36:18,COMPLETED,28531.0,96920.3,6.21,5821.41
392,easy,12,10:35:48,10:35:52,10:36:24,COMPLETED,31800.0,536.0,4.90,36.77
400,easy,12,10:36:05,10:36:05,10:36:37,COMPLETED,29123.0,535.5,0.63,32.39
365,easy,11,10:36:33,10:36:37,10:36:43,COMPLETED,23215.0,111.6,4.39,10.80
498,medium,14,10:29:48,10:29:54,10:37:40,COMPLETED,38352.0,7772.1,6.44,472.53
483,medium,13,10:35:06,10:35:08,10:37:40,COMPLETED,35262.0,2536.2,2.64,154.53
462,easy,11,10:37:58,10:37:59,10:38:12,COMPLETED,31624.0,215.9,1.41,14.04
450,medium,14,10:14:44,10:14:47,10:38:18,COMPLETED,36890.0,23526.5,3.08,1414.48
427,easy,12,10:37:04,10:37:08,10:38:18,COMPLETED,26096.0,1163.0,4.99,74.48
458,hard,15,10:25:52,10:25:52,10:38:37,COMPLETED,28672.0,12761.7,0.15,765.40
426,easy,11,10:38:33,10:38:37,10:38:50,COMPLETED,28225.0,223.4,4.40,17.35
470,easy,12,10:36:12,10:36:12,10:39:09,COMPLETED,21736.0,2966.5,0.04,177.60
393,medium,13,10:35:38,10:35:40,10:40:14,COMPLETED,36202.0,4571.6,2.22,276.08
448,easy,11,10:40:03,10:40:07,10:40:14,COMPLETED,28436.0,116.5,4.62,11.08
460,easy,12,10:39:55,10:40:01,10:40:20,COMPLETED,33518.0,331.7,6.04,25.64
403,medium,14,10:38:11,10:38:12,10:40:26,COMPLETED,25204.0,2257.9,1.04,135.96
505,easy,12,10:39:48,10:39:54,10:40:33,COMPLETED,26589.0,658.3,6.49,45.60
507,medium,14,10:33:40,10:33:40,10:40:40,COMPLETED,32356.0,7004.9,0.06,420.03
476,easy,11,10:40:39,10:40:40,10:40:52,COMPLETED,26258.0,215.8,1.03,13.71
354,hard,15,10:13:13,10:13:18,10:41:37,COMPLETED,35603.0,28321.2,5.66,1704.40
358,easy,11,10:41:31,10:41:37,10:41:50,COMPLETED,24038.0,228.7,6.40,19.66
478,easy,12,10:40:22,10:40:26,10:41:57,COMPLETED,27111.0,1510.5,4.96,95.18
508,easy,12,10:41:31,10:41:37,10:41:57,COMPLETED,25922.0,335.3,6.40,26.18
319,hard,15,09:38:09,09:38:09,10:42:29,COMPLETED,33317.0,64335.9,0.38,3860.42
396,easy,11,10:43:09,10:43:14,10:43:27,COMPLETED,31628.0,223.3,5.56,18.67
438,easy,12,10:43:07,10:43:07,10:43:33,COMPLETED,31514.0,439.6,0.97,26.98
430,medium,14,10:34:17,10:34:17,10:43:46,COMPLETED,32398.0,9486.3,0.88,569.71
495,medium,13,10:40:55,10:40:59,10:43:59,COMPLETED,27957.0,3016.4,4.01,184.55
350,easy,12,10:42:11,10:42:16,10:43:59,COMPLETED,25998.0,1724.2,5.58,108.55
433,easy,12,10:43:00,10:43:01,10:44:12,COMPLETED,24190.0,1192.3,1.58,72.67
379,easy,12,10:42:16,10:42:16,10:44:25,COMPLETED,29173.0,2154.0,0.58,129.44
410,easy,12,10:44:05,10:44:06,10:44:31,COMPLETED,26733.0,437.4,1.10,26.92
445,medium,14,10:26:57,10:27:01,10:44:44,COMPLETED,28932.0,17722.6,4.75,1067.83
432,easy,11,10:45:39,10:45:41,10:45:47,COMPLETED,25220.0,110.7,2.40,8.74
429,easy,11,10:46:02,10:46:06,10:46:25,COMPLETED,28727.0,322.2,4.76,23.77
364,easy,12,10:46:43,10:46:44,10:47:22,COMPLETED,23373.0,636.1,1.78,39.66
390,easy,11,10:47:12,10:47:16,10:47:35,COMPLETED,24082.0,320.7,4.33,23.25
413,easy,11,10:47:46,10:47:47,10:47:54,COMPLETED,23316.0,110.2,1.93,8.27
509,easy,11,10:47:33,10:47:35,10:48:00,COMPLETED,28442.0,426.6,2.25,27.57
412,easy,11,10:48:10,10:48:13,10:48:19,COMPLETED,26834.0,110.4,3.16,9.49
382,easy,11,10:48:20,10:48:25,10:48:38,COMPLETED,24283.0,216.6,5.81,18.45
355,easy,12,10:47:37,10:47:41,10:48:51,COMPLETED,31310.0,1163.7,4.60,74.15
446,easy,12,10:49:35,10:49:35,10:50:00,COMPLETED,23161.0,432.9,0.47,25.94
183,hard,15,09:27:02,09:27:07,10:50:39,COMPLETED,31093.0,83537.1,5.63,5017.81
394,easy,12,10:50:52,10:50:52,10:51:11,COMPLETED,25272.0,324.6,0.54,19.70
418,medium,14,10:24:33,10:24:36,10:51:37,COMPLETED,24940.0,27023.1,3.34,1624.38
473,easy,12,10:51:25,10:51:31,10:51:50,COMPLETED,30518.0,329.6,6.03,25.41
419,hard,15,10:00:40,10:00:44,10:52:09,COMPLETED,29033.0,51422.0,4.75,3089.82
367,easy,12,10:51:50,10:51:50,10:52:09,COMPLETED,31304.0,331.5,0.41,19.82
217,hard,15,09:31:37,09:31:41,10:52:42,COMPLETED,38667.0,81011.8,4.56,4865.16
296,hard,15,09:49:32,09:49:32,10:52:42,COMPLETED,31558.0,63167.7,0.36,3790.16
176,hard,15,09:28:01,09:28:03,10:53:14,COMPLETED,24673.0,85193.3,2.21,5113.75
480,easy,11,10:53:33,10:53:33,10:53:40,COMPLETED,19548.0,117.3,0.89,7.56
457,easy,12,10:53:43,10:53:47,10:54:13,COMPLETED,29891.0,440.8,4.06,30.21
182,hard,15,09:44:19,09:44:24,10:54:51,COMPLETED,31212.0,70451.0,5.91,4232.85
417,easy,12,10:53:46,10:53:47,10:55:24,COMPLETED,26102.0,1625.8,1.06,98.21
500,medium,14,10:52:22,10:52:22,10:55:37,COMPLETED,34014.0,3248.7,0.69,195.16
414,easy,11,10:55:02,10:55:43,10:55:56,COMPLETED,25143.0,220.6,41.72,54.67
443,medium,13,10:52:54,10:52:55,10:56:02,COMPLETED,31738.0,3133.5,1.21,188.99
431,easy,11,10:55:48,10:56:02,10:56:15,COMPLETED,21123.0,217.9,14.99,27.77
359,easy,12,10:54:19,10:54:58,10:56:53,COMPLETED,25080.0,1928.0,39.41,154.80
258,hard,15,09:47:56,09:47:59,10:57:31,COMPLETED,34914.0,69546.2,3.13,4175.80
386,easy,12,10:56:36,10:57:00,10:57:38,COMPLETED,29515.0,640.9,24.14,62.20
502,medium,14,10:48:56,10:48:57,10:58:10,COMPLETED,29588.0,9215.7,1.46,554.12
465,medium,13,10:54:56,10:55:30,10:58:10,COMPLETED,27566.0,2661.7,34.76,194.12
487,easy,12,10:56:14,10:56:22,10:58:16,COMPLETED,28462.0,1913.4,8.10,122.51
395,medium,13,10:53:54,10:54:19,10:58:29,COMPLETED,30426.0,4169.3,25.54,275.43
506,easy,11,10:56:55,10:58:16,10:59:20,COMPLETED,28188.0,1064.2,81.51,145.07
503,medium,14,10:52:52,10:52:55,10:59:51,COMPLETED,28685.0,6945.5,3.21,419.68
437,medium,13,10:56:50,10:57:44,10:59:58,COMPLETED,31922.0,2228.7,54.62,188.01
428,easy,12,10:57:51,10:58:35,11:00:04,COMPLETED,30512.0,1482.8,44.76,133.39
489,easy,12,10:59:18,11:00:04,11:00:48,COMPLETED,27094.0,743.9,46.39,90.73
436,easy,12,10:59:32,11:00:10,11:00:48,COMPLETED,27715.0,638.0,38.77,76.73
351,easy,11,10:57:51,10:58:22,11:00:55,COMPLETED,36683.0,2542.2,31.95,184.07
343,easy,11,10:59:37,11:01:01,11:01:14,COMPLETED,30366.0,218.2,84.53,97.26
385,easy,12,10:59:36,11:00:55,11:01:33,COMPLETED,28455.0,642.1,79.07,117.34
409,medium,13,10:58:15,10:59:26,11:02:11,COMPLETED,32841.0,2754.6,71.40,236.32
466,medium,13,10:45:42,10:45:47,11:02:17,COMPLETED,34792.0,16504.5,5.74,995.73
589,easy,11,11:00:11,11:02:17,11:02:30,COMPLETED,29253.0,217.7,126.73,139.48
572,easy,11,11:00:44,11:02:36,11:02:49,COMPLETED,25575.0,217.2,112.83,125.56
582,easy,11,11:01:09,11:02:55,11:03:08,COMPLETED,33482.0,216.3,106.88,119.56
391,hard,15,10:05:41,10:05:45,11:03:14,COMPLETED,36556.0,57491.5,4.56,3453.88
356,medium,14,10:53:06,10:53:08,11:03:27,COMPLETED,35927.0,10330.1,2.18,621.74
346,medium,13,10:58:44,10:59:58,11:03:27,COMPLETED,23167.0,3500.3,74.01,283.74
517,easy,11,11:01:31,11:03:14,11:03:40,COMPLETED,27936.0,431.2,103.88,129.47
523,easy,11,11:02:05,11:03:34,11:03:40,COMPLETED,21171.0,111.0,89.08,95.47
679,easy,11,11:02:08,11:03:46,11:03:59,COMPLETED,27335.0,216.5,98.80,111.49
565,easy,11,11:02:27,11:04:05,11:04:18,COMPLETED,27790.0,216.4,98.82,111.50
372,hard,15,10:42:45,10:42:48,11:04:37,COMPLETED,36505.0,21819.1,3.56,1312.50
599,medium,13,11:02:16,11:03:46,11:04:37,COMPLETED,26156.0,849.7,90.80,141.50
594,easy,12,11:01:37,11:03:21,11:04:43,COMPLETED,24293.0,1381.7,104.31,186.84
545,easy,11,11:02:52,11:04:24,11:04:50,COMPLETED,27662.0,429.2,92.83,118.26
539,easy,11,11:03:17,11:04:43,11:05:02,COMPLETED,23610.0,324.1,86.84,105.98
602,easy,12,11:03:21,11:04:50,11:05:02,COMPLETED,21272.0,218.2,89.26,101.98
491,medium,13,10:59:46,11:01:39,11:06:25,COMPLETED,28222.0,4767.0,113.68,399.40
659,easy,12,11:05:22,11:05:22,11:06:38,COMPLETED,30995.0,1273.0,0.04,76.12
331,hard,15,09:56:35,09:56:37,11:06:51,COMPLETED,33509.0,70228.4,2.58,4216.10
485,medium,14,10:56:40,10:57:38,11:07:23,COMPLETED,31718.0,9764.7,58.20,643.60
442,hard,15,10:38:40,10:38:43,11:08:35,COMPLETED,33025.0,29853.5,3.99,1795.01
541,easy,12,11:07:34,11:07:36,11:08:35,COMPLETED,30059.0,979.8,2.56,61.01
325,hard,15,09:02:12,09:02:12,11:09:00,COMPLETED,33734.0,126800.1,0.55,7608.54
573,medium,13,11:03:11,11:04:43,11:09:00,COMPLETED,26529.0,4283.3,92.84,349.54
644,easy,11,11:07:54,11:08:41,11:09:06,COMPLETED,34935.0,431.5,47.39,72.90
389,medium,13,10:59:34,11:00:55,11:09:13,COMPLETED,34805.0,8309.9,81.07,579.33
549,easy,12,11:08:33,11:09:06,11:09:32,COMPLETED,30216.0,431.5,33.90,59.50
595,easy,12,11:08:44,11:09:19,11:09:38,COMPLETED,27572.0,324.2,35.76,54.83
522,easy,12,11:08:34,11:09:06,11:09:57,COMPLETED,28299.0,856.3,32.90,83.98
588,easy,12,11:09:24,11:09:45,11:10:29,COMPLETED,26340.0,744.9,21.25,65.64
266,medium,14,09:37:04,09:37:07,11:10:48,COMPLETED,36992.0,93691.3,3.13,5624.56
534,medium,14,11:01:56,11:03:34,11:12:16,COMPLETED,31916.0,8718.6,98.08,620.94
618,easy,12,11:09:10,11:09:38,11:13:07,COMPLETED,24810.0,3483.0,28.83,237.47
479,medium,14,10:59:43,11:01:20,11:13:13,COMPLETED,26833.0,11891.4,97.65,810.85
654,medium,13,11:10:52,11:10:54,11:13:51,COMPLETED,29688.0,2953.6,2.92,179.78
397,hard,15,10:51:46,10:51:50,11:14:04,COMPLETED,23221.0,22238.1,4.41,1338.47
302,hard,15,09:47:38,09:47:40,11:14:43,COMPLETED,32358.0,87046.6,2.52,5225.19
631,easy,12,11:14:18,11:14:23,11:14:43,COMPLETED,21057.0,334.3,5.66,25.19
567,easy,11,11:14:26,11:14:30,11:15:15,COMPLETED,30963.0,767.1,4.28,49.83
552,medium,13,11:03:38,11:04:56,11:15:41,COMPLETED,36648.0,10760.0,78.63,723.69
579,easy,12,11:15:39,11:15:41,11:15:54,COMPLETED,22337.0,225.1,2.69,15.72
646,easy,12,11:16:00,11:16:01,11:16:14,COMPLETED,28675.0,222.6,1.23,14.26
463,hard,15,10:57:07,10:58:16,11:16:33,COMPLETED,28553.0,18295.7,69.51,1166.88
641,easy,12,11:16:26,11:16:27,11:16:40,COMPLETED,25704.0,228.2,1.10,14.47
566,easy,11,11:16:42,11:16:47,11:16:53,COMPLETED,22309.0,119.4,5.00,11.63
586,easy,12,11:16:22,11:16:27,11:17:00,COMPLETED,22459.0,555.5,5.10,38.21
543,medium,13,11:16:22,11:16:27,11:17:38,COMPLETED,32038.0,1205.3,5.10,76.84
607,easy,12,11:17:34,11:17:38,11:17:45,COMPLETED,21160.0,118.9,4.84,11.49
649,easy,12,11:15:02,11:15:02,11:17:58,COMPLETED,27576.0,2933.6,0.73,176.30
546,easy,11,11:17:07,11:17:13,11:18:04,COMPLETED,31502.0,870.9,6.05,57.82
652,easy,11,11:18:06,11:18:11,11:18:24,COMPLETED,32605.0,227.9,5.34,18.54
521,easy,11,11:18:13,11:18:17,11:18:31,COMPLETED,23693.0,227.2,4.93,18.07
369,hard,15,10:50:27,10:50:33,11:19:28,COMPLETED,32426.0,28932.7,6.22,1741.83
563,medium,13,11:16:14,11:16:14,11:19:48,COMPLETED,31494.0,3577.4,0.26,214.40
627,medium,13,11:13:17,11:13:20,11:19:54,COMPLETED,32650.0,6586.7,3.23,397.96
569,easy,12,11:19:36,11:19:41,11:20:58,COMPLETED,31777.0,1283.5,5.79,82.53
675,easy,11,11:21:20,11:21:23,11:21:30,COMPLETED,30233.0,110.4,3.72,10.06
384,hard,15,10:31:21,10:31:24,11:22:20,COMPLETED,30861.0,50934.7,3.74,3059.64
616,easy,12,11:21:49,11:21:55,11:22:33,COMPLETED,25944.0,638.7,6.35,44.38
668,easy,12,11:21:48,11:21:48,11:22:39,COMPLETED,30477.0,850.8,0.97,51.70
662,easy,12,11:23:36,11:23:36,11:23:49,COMPLETED,30320.0,216.0,0.59,13.25
106,hard,15,08:48:21,08:48:25,11:24:01,COMPLETED,40140.0,155602.7,4.75,9340.89
590,medium,13,11:20:06,11:20:07,11:24:39,COMPLETED,30111.0,4533.4,1.94,273.68
519,medium,14,11:06:05,11:06:31,11:24:45,COMPLETED,29577.0,18241.0,26.76,1120.99
547,easy,11,11:24:59,11:25:04,11:25:11,COMPLETED,29216.0,116.8,5.93,12.33
532,easy,12,11:24:56,11:24:58,11:25:17,COMPLETED,26154.0,331.4,2.58,21.99
528,easy,11,11:25:01,11:25:04,11:25:17,COMPLETED,24509.0,225.5,3.93,16.99
591,easy,11,11:25:10,11:25:11,11:25:17,COMPLETED,26608.0,119.9,1.33,7.99
501,medium,14,10:25:21,10:25:26,11:25:30,COMPLETED,37083.0,60070.1,5.91,3609.85
376,medium,14,10:49:03,10:49:03,11:25:30,COMPLETED,30236.0,36457.3,0.79,2187.85
557,medium,14,11:06:21,11:06:44,11:25:56,COMPLETED,25569.0,19217.7,23.45,1175.93
578,easy,12,11:25:34,11:25:37,11:25:56,COMPLETED,23645.0,336.9,3.42,22.93
656,easy,12,11:25:42,11:25:44,11:26:16,COMPLETED,23652.0,550.2,2.11,34.66
533,medium,14,11:04:57,11:05:09,11:26:23,COMPLETED,24422.0,21237.4,12.37,1286.25
180,medium,14,09:46:01,09:46:06,11:27:08,COMPLETED,38883.0,101036.8,5.18,6067.27
562,easy,11,11:27:22,11:27:27,11:27:40,COMPLETED,30867.0,215.7,5.69,18.35
674,easy,11,11:28:23,11:28:24,11:28:30,COMPLETED,28161.0,110.7,1.52,7.87
645,easy,12,11:28:14,11:28:18,11:28:56,COMPLETED,26792.0,637.7,4.15,42.11
638,medium,13,11:28:16,11:28:18,11:29:21,COMPLETED,28586.0,1069.7,2.15,65.89
601,medium,14,11:25:44,11:25:44,11:29:54,COMPLETED,27071.0,4176.8,0.11,250.40
554,medium,13,11:25:56,11:25:56,11:30:46,COMPLETED,29061.0,4822.8,0.93,290.14
670,easy,12,11:29:46,11:29:48,11:30:52,COMPLETED,30220.0,1083.6,2.04,66.46
510,medium,13,11:29:37,11:29:41,11:30:59,COMPLETED,29909.0,1302.7,4.42,82.11
642,easy,12,11:29:01,11:29:02,11:31:12,COMPLETED,35226.0,2170.5,1.44,131.13
640,easy,12,11:29:12,11:29:15,11:31:18,COMPLETED,21423.0,2067.9,3.31,126.78
337,hard,15,09:48:53,09:48:55,11:31:57,COMPLETED,33901.0,103038.2,2.04,6184.25
609,easy,12,11:31:42,11:31:44,11:32:22,COMPLETED,26527.0,643.3,2.51,40.77
474,medium,14,10:49:11,10:49:16,11:32:41,COMPLETED,35335.0,43424.1,5.51,2610.75
516,medium,13,11:31:16,11:31:18,11:32:48,COMPLETED,36111.0,1495.5,2.78,92.12
245,hard,15,09:12:03,09:12:04,11:33:07,COMPLETED,38570.0,141048.2,1.31,8464.26
540,easy,12,11:31:24,11:31:25,11:33:38,COMPLETED,36097.0,2229.2,1.45,134.93
568,medium,13,11:26:15,11:26:16,11:33:57,COMPLETED,35774.0,7690.8,1.66,462.81
477,hard,15,10:48:35,10:48:38,11:34:10,COMPLETED,33451.0,45538.0,3.45,2735.52
408,hard,15,10:56:03,10:56:09,11:34:16,COMPLETED,30037.0,38129.4,6.37,2293.92
650,easy,12,11:32:48,11:32:48,11:34:48,COMPLETED,25197.0,2013.0,0.12,120.61
558,easy,11,11:34:20,11:34:23,11:34:54,COMPLETED,32134.0,532.1,3.29,34.95
535,easy,12,11:34:22,11:34:23,11:34:54,COMPLETED,32467.0,531.5,1.29,32.95
542,easy,11,11:34:36,11:34:42,11:35:01,COMPLETED,22787.0,321.3,6.26,25.27
622,easy,11,11:35:16,11:35:20,11:35:26,COMPLETED,26245.0,110.9,4.21,10.53
608,easy,11,11:35:26,11:35:26,11:35:32,COMPLETED,25765.0,111.4,0.53,6.89
603,easy,12,11:35:07,11:35:07,11:36:04,COMPLETED,24975.0,951.3,0.56,57.40
592,medium,14,11:25:53,11:25:56,11:36:16,COMPLETED,31970.0,10339.2,3.93,624.00
371,medium,14,10:10:42,10:10:46,11:36:36,COMPLETED,36390.0,85827.9,4.66,5154.18
651,easy,11,11:36:17,11:36:23,11:36:36,COMPLETED,19081.0,219.8,6.36,19.18
512,easy,12,11:36:14,11:36:16,11:36:42,COMPLETED,22422.0,433.9,3.00,28.58
667,easy,11,11:36:24,11:36:29,11:37:08,COMPLETED,27070.0,650.8,5.71,44.32
577,easy,12,11:36:34,11:36:36,11:37:34,COMPLETED,29021.0,971.1,2.18,60.06
629,easy,12,11:34:05,11:34:10,11:38:31,COMPLETED,26646.0,4365.5,5.52,266.93
620,easy,11,11:38:33,11:38:38,11:39:04,COMPLETED,26970.0,432.9,5.52,31.18
658,easy,11,11:38:53,11:38:57,11:39:17,COMPLETED,35477.0,327.0,4.84,24.00
647,easy,12,11:38:58,11:39:04,11:39:17,COMPLETED,23920.0,222.2,6.18,19.00
518,easy,11,11:39:27,11:39:29,11:39:49,COMPLETED,25789.0,332.6,2.95,22.58
610,easy,11,11:39:34,11:39:36,11:39:55,COMPLETED,28552.0,331.8,2.52,21.95
663,easy,12,11:39:57,11:40:02,11:40:34,COMPLETED,26553.0,548.6,5.48,37.94
514,easy,12,11:40:21,11:40:21,11:40:41,COMPLETED,23694.0,331.5,0.84,20.45
665,easy,12,11:40:12,11:40:15,11:41:32,COMPLETED,25677.0,1292.4,3.50,80.67
635,medium,13,11:41:02,11:41:06,11:42:31,COMPLETED,22161.0,1411.8,4.85,89.09
617,easy,12,11:41:52,11:41:52,11:43:34,COMPLETED,35035.0,1711.5,0.14,102.54
615,easy,12,11:41:16,11:41:19,11:43:40,COMPLETED,27233.0,2357.7,3.75,144.88
574,easy,12,11:43:53,11:43:53,11:44:25,COMPLETED,25180.0,532.2,0.58,32.18
673,easy,12,11:43:59,11:44:31,11:45:22,COMPLETED,24736.0,849.3,32.53,83.17
531,medium,14,11:44:01,11:45:28,11:48:46,COMPLETED,28070.0,3303.2,87.51,285.21
553,medium,14,11:42:34,11:42:37,11:49:31,COMPLETED,28640.0,6907.6,3.64,417.54
537,medium,14,11:41:08,11:41:13,11:49:38,COMPLETED,32145.0,8426.0,5.18,510.17
559,easy,12,11:44:24,11:48:52,11:49:38,COMPLETED,27795.0,767.7,268.74,314.17
676,easy,11,11:44:24,11:49:38,11:49:44,COMPLETED,25721.0,118.8,314.17,320.85
648,hard,15,11:23:19,11:23:23,11:51:15,COMPLETED,33924.0,27869.2,4.93,1676.69
581,easy,11,11:45:53,11:51:22,11:51:35,COMPLETED,25337.0,224.3,329.27,342.23
636,hard,15,11:26:56,11:27:01,11:52:14,COMPLETED,26252.0,25212.1,5.92,1518.40
560,medium,13,11:45:38,11:49:44,11:54:22,COMPLETED,28020.0,4639.7,246.85,524.99
624,easy,11,11:46:31,11:54:29,11:54:42,COMPLETED,22689.0,218.0,478.32,491.05
402,medium,14,10:14:40,10:14:40,11:54:54,COMPLETED,40122.0,100235.8,0.69,6014.81
625,hard,15,11:22:42,11:22:46,11:55:45,COMPLETED,30284.0,32994.2,4.09,1983.48
174,hard,15,09:12:00,09:12:04,11:56:10,COMPLETED,36637.0,164109.8,4.31,9850.87
677,easy,11,11:47:00,11:55:51,11:56:17,COMPLETED,28842.0,428.2,531.88,557.23
570,medium,14,11:12:10,11:12:10,11:56:29,COMPLETED,34930.0,44326.3,0.59,2659.99
613,easy,11,11:47:06,11:56:17,11:56:29,COMPLETED,23534.0,217.9,551.23,563.99
368,hard,15,10:38:42,10:38:43,11:56:36,COMPLETED,33979.0,77875.2,1.99,4674.32
435,hard,15,10:45:14,10:45:16,11:56:42,COMPLETED,31983.0,71444.1,2.27,4288.73
666,easy,11,11:47:40,11:56:49,11:56:55,COMPLETED,25527.0,111.2,549.11,555.46
511,medium,14,11:45:46,11:49:51,11:57:33,COMPLETED,30029.0,7706.5,245.34,707.48
524,medium,13,11:47:15,11:56:36,11:57:46,COMPLETED,31974.0,1169.1,561.32,631.18
643,hard,15,11:36:30,11:36:36,11:58:55,COMPLETED,22363.0,22333.5,6.18,1345.96
544,medium,13,11:46:22,11:52:20,11:59:47,COMPLETED,28549.0,7456.6,358.75,805.72
597,medium,13,11:51:15,11:57:39,12:00:00,COMPLETED,24187.0,2358.1,384.81,525.81
255,hard,15,09:47:57,09:47:59,12:00:39,COMPLETED,32845.0,132672.4,2.13,7962.42
604,medium,14,11:47:34,11:56:42,12:01:05,COMPLETED,33813.0,4388.0,548.73,811.51
551,easy,11,11:52:24,12:00:45,12:01:18,COMPLETED,26627.0,555.0,501.96,534.76
526,hard,15,11:12:59,11:13:01,12:01:31,COMPLETED,32958.0,48519.6,2.08,2912.96
614,easy,12,11:52:30,12:01:12,12:01:45,COMPLETED,27855.0,559.0,522.10,555.16
525,medium,13,11:47:06,11:56:23,12:03:48,COMPLETED,24352.0,7415.3,557.61,1002.27
461,medium,14,10:19:29,10:19:35,12:05:31,COMPLETED,32268.0,105939.0,6.04,6362.27
529,easy,12,11:53:31,12:05:37,12:07:12,COMPLETED,26676.0,1585.7,726.67,821.44
561,easy,12,11:53:27,12:03:54,12:07:50,COMPLETED,31232.0,3935.8,627.59,863.44
632,easy,12,11:53:56,12:07:56,12:08:41,COMPLETED,27811.0,742.4,840.78,885.02
575,medium,13,11:21:44,11:21:48,12:08:53,COMPLETED,43041.0,47082.7,4.97,2829.75
612,easy,11,11:54:24,12:08:47,12:09:00,COMPLETED,23338.0,218.1,863.34,876.08
606,hard,15,11:29:00,11:29:02,12:10:16,COMPLETED,33378.0,41229.4,2.44,2476.01
630,medium,13,11:51:15,11:57:52,12:11:57,COMPLETED,31581.0,14082.3,397.52,1242.20
634,medium,13,11:53:08,12:01:25,12:12:09,COMPLETED,28859.0,10748.4,497.31,1141.90
639,hard,15,11:46:06,11:51:41,12:13:13,COMPLETED,30146.0,21528.8,335.77,1627.23
600,easy,11,11:56:41,12:13:19,12:13:32,COMPLETED,26030.0,217.9,998.61,1011.37
587,easy,11,11:56:43,12:13:38,12:13:51,COMPLETED,30435.0,218.2,1015.72,1028.45
585,easy,12,11:56:36,12:12:16,12:14:23,COMPLETED,33493.0,2122.8,940.29,1067.33
637,medium,14,11:45:16,11:49:44,12:14:36,COMPLETED,27553.0,24858.2,268.85,1760.11
548,medium,14,11:54:57,12:09:06,12:15:33,COMPLETED,26451.0,6452.5,849.46,1236.09
530,medium,13,11:58:20,12:14:42,12:15:59,COMPLETED,21900.0,1289.8,982.44,1059.32
583,easy,12,11:58:41,12:15:39,12:16:12,COMPLETED,25067.0,552.2,1018.69,1051.52
605,easy,11,11:58:57,12:16:05,12:16:32,COMPLETED,26557.0,440.7,1028.88,1055.02
513,easy,12,11:59:15,12:16:18,12:17:10,COMPLETED,30518.0,871.6,1023.85,1075.62
720,easy,12,12:00:16,12:16:38,12:17:43,COMPLETED,30598.0,1083.5,982.38,1047.03
626,hard,15,11:53:09,12:01:38,12:19:05,COMPLETED,33076.0,17460.0,509.54,1556.88
849,easy,12,12:00:37,12:17:17,12:19:24,COMPLETED,28052.0,2132.6,1000.20,1127.87
538,hard,15,11:07:36,11:07:36,12:20:15,COMPLETED,32231.0,72648.9,0.56,4359.44
678,medium,14,11:56:01,12:10:22,12:20:15,COMPLETED,32010.0,9889.7,861.36,1454.44
848,easy,12,12:01:11,12:19:12,12:20:53,COMPLETED,29786.0,1692.6,1081.21,1182.47
708,easy,11,12:05:26,12:20:59,12:21:06,COMPLETED,24849.0,110.9,933.80,940.15
690,easy,12,12:02:48,12:20:21,12:21:37,COMPLETED,35289.0,1272.6,1053.79,1129.85
775,easy,12,12:03:04,12:20:21,12:21:44,COMPLETED,36256.0,1377.9,1037.79,1120.19
685,medium,14,12:01:10,12:17:49,12:23:00,COMPLETED,22955.0,5185.2,999.42,1310.07
672,medium,13,11:54:35,12:09:00,12:23:32,COMPLETED,36329.0,14545.7,865.08,1737.39
750,easy,12,12:07:34,12:23:06,12:23:45,COMPLETED,35185.0,649.8,932.63,971.32
671,medium,13,11:56:51,12:13:57,12:24:04,COMPLETED,30748.0,10121.9,1026.84,1633.83
726,easy,11,12:08:11,12:24:11,12:24:17,COMPLETED,23923.0,114.3,960.23,966.60
416,hard,15,10:21:25,10:21:25,12:25:09,COMPLETED,26628.0,123740.6,0.17,7424.53
810,easy,12,12:08:59,12:24:24,12:25:09,COMPLETED,29053.0,766.4,925.13,970.53
425,hard,15,10:15:39,10:15:43,12:25:28,COMPLETED,28948.0,129752.1,4.88,7789.90
694,easy,11,12:09:30,12:25:16,12:25:28,COMPLETED,33685.0,220.6,946.16,958.90
798,easy,12,12:09:24,12:25:16,12:25:48,COMPLETED,24223.0,547.7,952.16,984.73
787,easy,11,12:09:45,12:25:35,12:25:48,COMPLETED,23547.0,224.5,950.48,963.73
664,hard,15,11:30:47,11:30:52,12:26:21,COMPLETED,33642.0,55483.3,5.46,3334.18
596,hard,15,11:49:04,11:57:01,12:26:47,COMPLETED,34079.0,29764.5,477.80,2263.30
657,hard,15,11:56:30,12:12:03,12:26:47,COMPLETED,28955.0,14737.1,933.53,1817.30
699,medium,13,12:06:06,12:21:50,12:26:53,COMPLETED,20851.0,5066.1,944.56,1247.87
847,medium,13,12:11:53,12:25:55,12:27:20,COMPLETED,25176.0,1421.9,842.06,927.07
695,easy,12,12:12:21,12:26:27,12:27:20,COMPLETED,28882.0,878.0,846.72,899.07
584,hard,15,11:21:06,11:21:11,12:27:32,COMPLETED,35326.0,66366.5,5.12,3986.84
746,easy,12,12:13:22,12:27:00,12:27:52,COMPLETED,33051.0,869.0,818.62,870.26
388,hard,15,10:46:00,10:46:00,12:28:11,COMPLETED,30196.0,102192.4,0.41,6131.74
738,easy,11,12:13:47,12:27:26,12:28:11,COMPLETED,33816.0,762.9,819.44,864.74
800,easy,11,12:15:08,12:27:58,12:28:11,COMPLETED,29615.0,224.5,770.83,783.74
707,easy,11,12:15:29,12:28:18,12:28:31,COMPLETED,25847.0,229.3,769.34,782.61
378,hard,15,10:20:08,10:20:13,12:28:51,COMPLETED,37341.0,128621.0,5.90,7723.01
758,easy,11,12:15:57,12:28:18,12:29:03,COMPLETED,32540.0,764.1,741.34,786.95
730,easy,11,12:16:32,12:28:57,12:29:10,COMPLETED,27465.0,218.5,745.56,758.32
747,medium,13,12:13:35,12:27:26,12:29:23,COMPLETED,29942.0,1949.9,831.44,948.13
791,easy,11,12:17:01,12:29:16,12:29:23,COMPLETED,26791.0,112.9,735.70,742.13
779,easy,11,12:16:35,12:29:10,12:29:29,COMPLETED,27152.0,325.6,755.32,774.49
790,easy,12,12:17:46,12:29:35,12:30:07,COMPLETED,31213.0,532.0,709.89,741.51
628,hard,15,11:22:06,11:22:07,12:30:20,COMPLETED,31572.0,68206.1,1.99,4094.20
550,medium,14,11:53:43,12:07:18,12:30:20,COMPLETED,34251.0,23026.9,815.84,2197.20
788,easy,12,12:14:48,12:27:39,12:30:32,COMPLETED,25803.0,2896.8,771.40,944.93
741,easy,12,12:17:54,12:30:13,12:31:36,COMPLETED,27143.0,1376.7,739.84,822.14
308,hard,15,09:46:48,09:46:50,12:31:42,COMPLETED,36925.0,164869.8,2.38,9894.48
819,easy,12,12:07:45,12:23:38,12:31:42,COMPLETED,34418.0,8064.0,953.93,1437.48
774,easy,12,12:18:17,12:30:39,12:32:01,COMPLETED,22896.0,1378.3,742.26,824.59
766,easy,11,12:20:01,12:32:08,12:32:39,COMPLETED,35314.0,536.0,727.01,758.86
374,hard,15,10:53:28,10:53:33,12:32:58,COMPLETED,32971.0,99417.9,5.89,5970.86
684,medium,13,12:16:03,12:28:18,12:33:36,COMPLETED,31683.0,5310.3,735.34,1053.86
813,easy,12,12:20:08,12:32:46,12:33:36,COMPLETED,24388.0,849.8,758.19,808.86
486,hard,15,10:33:59,10:34:05,12:33:49,COMPLETED,21985.0,119740.7,6.28,7190.61
783,easy,12,12:20:17,12:33:05,12:33:56,COMPLETED,23454.0,853.6,768.20,819.02
681,medium,13,12:12:03,12:25:55,12:34:02,COMPLETED,32628.0,8127.5,832.06,1319.46
714,medium,14,12:01:24,12:19:31,12:34:28,COMPLETED,31595.0,14961.3,1087.20,1984.59
753,easy,11,12:21:54,12:34:35,12:34:48,COMPLETED,26952.0,226.4,761.02,774.10
709,easy,12,12:20:27,12:33:43,12:35:39,COMPLETED,28285.0,1949.4,796.21,912.90
797,easy,11,12:22:53,12:35:46,12:35:52,COMPLETED,25896.0,118.9,773.23,779.86
765,easy,12,12:21:37,12:34:08,12:35:59,COMPLETED,33229.0,1852.1,751.90,862.41
691,easy,12,12:23:44,12:36:06,12:36:25,COMPLETED,22773.0,328.5,742.08,761.46
809,easy,11,12:23:48,12:36:31,12:36:50,COMPLETED,25968.0,323.8,763.81,782.88
661,medium,14,11:53:22,12:01:51,12:37:10,COMPLETED,29517.0,35308.7,509.71,2628.03
704,medium,13,12:22:58,12:35:59,12:38:00,COMPLETED,26657.0,2028.5,781.41,902.62
803,medium,14,12:17:09,12:29:29,12:38:33,COMPLETED,37151.0,9069.4,740.49,1284.36
825,easy,11,12:25:09,12:38:39,12:39:31,COMPLETED,28296.0,872.3,810.76,862.59
767,easy,11,12:26:35,12:39:38,12:40:04,COMPLETED,33202.0,442.1,783.15,809.17
712,medium,14,12:18:07,12:30:26,12:40:42,COMPLETED,36155.0,10266.8,739.55,1355.35
682,easy,11,12:26:47,12:40:48,12:40:55,COMPLETED,26099.0,111.4,841.71,848.08
711,medium,13,12:20:49,12:33:43,12:42:04,COMPLETED,29062.0,8364.0,774.21,1275.75
763,medium,13,12:20:01,12:31:48,12:45:08,COMPLETED,28453.0,13324.3,707.86,1507.07
683,medium,13,12:27:04,12:42:11,12:46:51,COMPLETED,32256.0,4676.1,907.16,1187.43
536,medium,14,11:25:38,11:25:44,12:47:17,COMPLETED,38757.0,81560.1,6.11,4899.59
731,medium,13,12:22:04,12:34:54,12:47:17,COMPLETED,32480.0,12386.9,770.65,1513.59
710,easy,11,12:27:21,12:46:57,12:47:30,COMPLETED,30509.0,557.1,1176.76,1209.68
781,easy,11,12:27:31,12:47:23,12:47:56,COMPLETED,26305.0,556.3,1192.92,1225.89
571,medium,14,11:51:36,11:59:54,12:48:29,COMPLETED,35232.0,48590.7,498.23,3413.49
807,medium,13,12:24:36,12:36:57,12:49:53,COMPLETED,33239.0,12941.0,741.27,1517.45
737,easy,12,12:27:29,12:47:23,12:50:06,COMPLETED,25664.0,2713.3,1194.92,1357.44
692,medium,13,12:16:11,12:28:38,12:50:38,COMPLETED,31303.0,22013.3,747.15,2067.57
727,medium,13,12:28:08,12:49:59,12:51:11,COMPLETED,27125.0,1200.3,1311.80,1383.35
768,easy,12,12:28:57,12:51:17,12:51:37,COMPLETED,24445.0,326.5,1340.88,1360.17
660,hard,15,11:41:33,11:41:39,12:51:49,COMPLETED,31166.0,70182.4,6.08,4216.88
728,easy,11,12:29:19,12:51:43,12:51:49,COMPLETED,26622.0,111.7,1344.50,1350.88
492,hard,15,10:48:33,10:48:38,12:53:31,COMPLETED,30615.0,124882.3,5.45,7498.25
776,medium,14,12:27:20,12:45:14,12:55:25,COMPLETED,28433.0,10181.5,1074.45,1685.07
718,medium,13,12:28:48,12:50:45,12:55:56,COMPLETED,29130.0,5197.7,1317.13,1628.71
834,easy,12,12:30:41,12:56:03,12:56:40,COMPLETED,25589.0,640.6,1522.04,1559.98
564,medium,14,11:42:34,11:42:37,12:57:32,COMPLETED,40130.0,74922.2,3.64,4498.84
748,hard,15,12:24:40,12:37:16,12:57:58,COMPLETED,33083.0,20702.2,756.37,1998.22
796,easy,11,12:31:41,12:58:04,12:58:10,COMPLETED,26488.0,111.6,1583.58,1589.94
246,hard,15,09:15:57,09:16:01,12:58:17,COMPLETED,30776.0,222263.6,4.64,13340.31
773,hard,15,12:26:49,12:41:01,12:58:56,COMPLETED,31046.0,17921.4,852.42,1927.26
633,hard,15,11:37:32,11:37:34,12:59:35,COMPLETED,33609.0,82023.2,2.06,4923.28
802,medium,14,12:31:30,12:57:39,13:00:52,COMPLETED,28705.0,3237.9,1569.20,1762.99
799,medium,13,12:32:20,12:59:02,13:00:59,COMPLETED,33398.0,1952.0,1602.84,1719.54
680,easy,11,12:32:46,13:00:59,13:01:06,COMPLETED,21239.0,114.7,1693.54,1700.00
580,hard,15,11:46:36,11:54:48,13:01:44,COMPLETED,29942.0,66940.6,492.43,4508.72
817,easy,12,12:17:14,12:29:29,13:01:51,COMPLETED,36411.0,32365.8,735.49,2677.04
686,easy,11,12:34:53,13:01:51,13:01:57,COMPLETED,25716.0,120.2,1618.04,1624.69
734,medium,14,12:27:47,12:48:03,13:02:04,COMPLETED,30764.0,14019.6,1216.45,2057.31
760,medium,14,12:09:45,12:25:35,13:02:30,COMPLETED,26153.0,36925.3,950.48,3165.78
749,medium,14,12:32:14,12:58:23,13:02:49,COMPLETED,29277.0,4435.8,1570.00,1835.86
482,hard,15,10:38:20,10:38:24,13:03:08,COMPLETED,34521.0,144737.6,4.79,8688.95
705,easy,12,12:36:53,13:02:56,13:03:08,COMPLETED,20403.0,217.8,1563.20,1575.95
715,medium,14,12:27:44,12:47:37,13:03:21,COMPLETED,30405.0,15745.2,1193.25,2137.73
556,hard,15,11:46:41,11:55:01,13:03:28,COMPLETED,28957.0,68451.9,500.15,4607.08
846,easy,12,12:33:50,13:01:12,13:03:53,COMPLETED,24158.0,2687.2,1642.46,1803.42
742,easy,12,12:37:55,13:03:28,13:03:53,COMPLETED,33294.0,427.6,1533.08,1558.42
811,easy,12,12:37:45,13:03:15,13:04:12,COMPLETED,31942.0,957.1,1530.29,1587.46
762,easy,11,12:39:22,13:03:59,13:04:12,COMPLETED,23429.0,216.5,1477.76,1490.46
520,hard,15,11:43:03,11:43:40,13:04:37,COMPLETED,30210.0,80951.7,37.88,4894.84
814,easy,12,12:39:07,13:03:59,13:05:34,COMPLETED,37707.0,1587.4,1492.76,1587.71
833,hard,15,12:07:59,12:23:51,13:06:12,COMPLETED,29455.0,42353.0,952.66,3493.68
754,easy,12,12:37:37,13:03:15,13:06:19,COMPLETED,27581.0,3067.3,1538.29,1722.01
743,medium,13,12:39:34,13:04:18,13:06:19,COMPLETED,24244.0,2009.1,1484.81,1605.01
801,easy,11,12:42:28,13:06:19,13:06:31,COMPLETED,26184.0,217.9,1431.01,1443.78
687,easy,11,12:43:33,13:06:38,13:06:57,COMPLETED,33640.0,322.7,1385.12,1404.18
735,easy,11,12:44:27,13:07:03,13:07:09,COMPLETED,29437.0,111.1,1356.50,1362.86
784,easy,12,12:42:05,13:04:44,13:07:22,COMPLETED,30570.0,2644.7,1359.17,1517.57
713,easy,11,12:45:10,13:07:16,13:07:22,COMPLETED,22171.0,111.5,1326.20,1332.57
751,easy,11,12:45:40,13:07:28,13:07:41,COMPLETED,29828.0,222.3,1308.90,1321.94
729,medium,13,12:30:23,12:55:31,13:08:59,COMPLETED,38938.0,13473.7,1508.40,2316.59
761,easy,12,12:46:41,13:09:05,13:09:31,COMPLETED,33421.0,439.9,1344.96,1370.80
739,hard,15,12:35:22,13:01:57,13:10:04,COMPLETED,32085.0,8110.6,1595.69,2082.08
494,hard,15,10:15:56,10:15:56,13:10:36,COMPLETED,34883.0,174663.2,0.53,10480.25
764,easy,12,12:47:31,13:10:10,13:10:36,COMPLETED,29267.0,435.9,1359.41,1385.25
736,medium,14,12:43:06,13:06:25,13:10:42,COMPLETED,32895.0,4296.7,1399.40,1656.59
816,medium,13,12:28:43,12:50:12,13:11:08,COMPLETED,32974.0,20938.0,1289.77,2545.68
792,easy,11,12:48:00,13:10:42,13:11:15,COMPLETED,31099.0,548.9,1362.59,1395.24
821,easy,11,12:48:18,13:11:15,13:11:34,COMPLETED,21696.0,334.2,1377.24,1396.80
785,medium,13,12:48:03,13:10:49,13:12:32,COMPLETED,31251.0,1730.5,1366.32,1469.67
527,hard,15,11:42:17,11:42:18,13:13:11,COMPLETED,32412.0,90895.2,1.22,5454.71
653,hard,15,11:35:31,11:35:32,13:13:18,COMPLETED,29348.0,97759.1,1.89,5867.27
818,hard,15,12:05:32,12:21:12,13:13:37,COMPLETED,30578.0,52420.7,940.48,4085.55
688,easy,12,12:49:36,13:13:18,13:14:34,COMPLETED,30203.0,1276.8,1422.27,1498.55
836,medium,13,12:47:59,13:10:42,13:15:19,COMPLETED,32043.0,4613.5,1363.59,1640.05
756,easy,11,12:50:27,13:14:40,13:15:25,COMPLETED,31907.0,748.3,1453.91,1498.46
721,medium,14,12:42:43,13:06:25,13:15:57,COMPLETED,26817.0,9539.6,1422.40,1994.47
733,easy,11,12:51:03,13:16:03,13:16:10,COMPLETED,18613.0,113.0,1500.85,1507.28
827,medium,13,12:35:45,13:02:37,13:17:01,COMPLETED,35550.0,14405.3,1612.17,2476.26
755,easy,12,12:50:54,13:15:31,13:17:13,COMPLETED,30531.0,1707.7,1477.84,1579.95
777,easy,12,12:51:30,13:17:07,13:17:45,COMPLETED,35084.0,639.6,1537.58,1575.66
724,easy,12,12:48:32,13:11:21,13:17:58,COMPLETED,35549.0,6615.9,1369.66,1766.35
824,easy,12,12:52:18,13:17:20,13:17:58,COMPLETED,26552.0,638.5,1502.35,1540.35
703,easy,12,12:52:34,13:17:51,13:18:11,COMPLETED,29673.0,323.9,1517.99,1537.12
842,medium,13,12:47:10,13:09:38,13:20:49,COMPLETED,33613.0,11187.4,1348.41,2019.38
837,hard,15,12:52:55,13:18:17,13:21:14,COMPLETED,25830.0,2960.6,1522.46,1699.80
723,easy,12,12:53:09,13:20:55,13:21:27,COMPLETED,34617.0,534.1,1666.74,1698.48
744,easy,12,12:53:29,13:21:21,13:22:24,COMPLETED,33685.0,1059.1,1672.13,1735.37
701,medium,13,12:55:11,13:22:30,13:23:08,COMPLETED,21496.0,637.2,1639.70,1677.63
598,hard,15,11:08:42,11:09:13,13:23:40,COMPLETED,40875.0,134450.5,31.33,8098.25
840,medium,14,12:29:40,12:53:37,13:23:46,COMPLETED,29716.0,30152.9,1437.66,3246.59
845,easy,11,12:55:34,13:23:52,13:24:05,COMPLETED,23319.0,216.2,1698.95,1711.62
722,medium,14,12:50:06,13:13:43,13:24:11,COMPLETED,31199.0,10472.5,1417.92,2045.95
829,medium,13,12:53:45,13:21:33,13:24:31,COMPLETED,36121.0,2968.1,1668.81,1846.41
841,easy,12,12:55:41,13:24:11,13:24:44,COMPLETED,25054.0,550.3,1710.95,1743.48
812,easy,11,12:56:49,13:24:51,13:25:16,COMPLETED,28403.0,433.3,1682.02,1707.52
795,hard,15,12:27:59,12:48:35,13:26:02,COMPLETED,34481.0,37443.1,1236.82,3483.06
772,medium,13,12:52:50,13:18:04,13:26:40,COMPLETED,32904.0,8609.2,1514.69,2030.98
745,medium,14,12:55:19,13:23:14,13:27:25,COMPLETED,29458.0,4180.6,1675.96,1926.52
815,medium,13,12:32:35,12:59:41,13:28:16,COMPLETED,36950.0,28576.3,1626.69,3341.07
778,medium,13,12:56:51,13:25:23,13:28:22,COMPLETED,25924.0,2994.4,1712.06,1891.40
808,easy,12,12:57:24,13:27:31,13:29:06,COMPLETED,26614.0,1586.2,1807.85,1902.72
698,easy,11,12:58:15,13:29:13,13:29:25,COMPLETED,27881.0,216.3,1858.06,1870.73
828,hard,15,12:50:47,13:15:25,13:30:03,COMPLETED,26469.0,14642.5,1478.46,2356.75
786,easy,11,12:58:38,13:30:10,13:30:22,COMPLETED,25642.0,216.1,1892.09,1904.75
770,medium,14,12:55:49,13:24:18,13:30:41,COMPLETED,21875.0,6394.8,1709.34,2092.75
780,easy,11,12:58:55,13:30:48,13:30:54,COMPLETED,26775.0,111.0,1913.09,1919.44
826,hard,15,12:12:33,12:26:53,13:32:10,COMPLETED,33850.0,65280.9,860.87,4777.67
700,hard,15,12:21:37,12:34:02,13:32:49,COMPLETED,29636.0,58793.7,745.46,4272.80
719,medium,14,12:58:29,13:29:32,13:33:09,COMPLETED,33961.0,3623.6,1863.06,2080.19
757,easy,12,12:57:07,13:26:08,13:33:41,COMPLETED,28465.0,7555.3,1741.65,2194.52
962,easy,12,13:00:08,13:32:56,13:33:54,COMPLETED,26176.0,981.6,1968.35,2026.73
725,hard,15,12:45:41,13:07:48,13:34:40,COMPLETED,28813.0,26871.4,1327.36,2939.26
831,hard,15,12:31:09,12:56:47,13:34:46,COMPLETED,44620.0,37993.3,1538.50,3817.81
172,hard,15,09:56:20,09:56:25,13:35:12,COMPLETED,41454.0,218795.7,5.06,13132.73
973,easy,12,13:01:45,13:34:53,13:35:45,COMPLETED,31172.0,877.4,1988.27,2040.41
1019,medium,14,13:00:42,13:33:48,13:36:05,COMPLETED,34716.0,2291.1,1986.08,2123.07
881,easy,11,13:02:23,13:36:11,13:36:17,COMPLETED,29438.0,115.0,2028.63,2034.98
702,hard,15,12:21:30,12:33:56,13:36:24,COMPLETED,27408.0,62480.0,746.02,4494.57
806,medium,14,12:35:35,13:02:10,13:36:24,COMPLETED,42468.0,34235.8,1595.73,3649.57
852,medium,13,13:03:10,13:36:24,13:37:28,COMPLETED,29200.0,1067.9,1994.57,2058.36
839,medium,14,12:24:46,12:38:07,13:39:15,COMPLETED,23307.0,61147.0,801.19,4469.85
1006,medium,13,13:01:51,13:35:19,13:39:28,COMPLETED,25994.0,4161.6,2008.22,2257.62
1005,easy,12,13:04:58,13:39:22,13:39:47,COMPLETED,27118.0,429.4,2064.20,2089.66
895,easy,12,13:05:01,13:39:34,13:39:47,COMPLETED,24401.0,216.7,2073.97,2086.66
820,medium,13,12:59:49,13:32:16,13:39:53,COMPLETED,28571.0,7622.1,1948.00,2405.00
967,medium,13,13:00:33,13:33:15,13:40:06,COMPLETED,31505.0,6858.1,1962.52,2373.75
893,easy,11,13:05:59,13:40:13,13:40:32,COMPLETED,29237.0,321.3,2054.08,2073.05
835,hard,15,12:12:32,12:26:53,13:40:51,COMPLETED,33971.0,73955.3,861.87,5299.05
872,medium,14,13:05:02,13:39:53,13:42:32,COMPLETED,27848.0,2641.9,2092.00,2250.22
793,medium,14,12:58:15,13:28:28,13:43:42,COMPLETED,34515.0,15236.9,1813.77,2727.58
923,medium,14,13:01:33,13:34:01,13:44:34,COMPLETED,31213.0,10558.0,1948.31,2581.36
975,medium,13,13:06:22,13:40:57,13:48:33,COMPLETED,32382.0,7618.0,2075.38,2531.93
940,medium,13,13:07:24,13:44:40,13:48:33,COMPLETED,31918.0,3893.5,2236.92,2469.93
1002,easy,11,13:08:19,13:48:40,13:48:47,COMPLETED,27463.0,119.5,2421.57,2428.35
947,hard,15,13:02:12,13:35:51,13:48:53,COMPLETED,27675.0,13037.2,2019.96,2801.89
869,medium,14,13:06:06,13:40:38,13:49:25,COMPLETED,26494.0,8797.8,2072.38,2599.95
999,easy,11,13:08:23,13:48:53,13:49:45,COMPLETED,20526.0,857.1,2430.89,2482.02
945,easy,12,13:09:16,13:49:32,13:49:51,COMPLETED,28541.0,323.3,2416.30,2435.35
1004,easy,11,13:10:10,13:49:57,13:50:04,COMPLETED,25210.0,113.0,2387.73,2394.14
930,easy,11,13:10:11,13:50:10,13:51:01,COMPLETED,22848.0,848.9,2399.53,2450.16
349,hard,15,10:09:11,10:09:16,13:51:39,COMPLETED,28387.0,222379.9,5.35,13348.10
789,medium,13,12:55:32,13:23:46,13:51:45,COMPLETED,26824.0,27985.7,1694.59,3373.44
240,hard,15,09:04:56,09:05:00,13:51:58,COMPLETED,36068.0,286966.0,4.34,17222.28
1013,easy,11,13:10:49,13:51:45,13:52:10,COMPLETED,38141.0,430.4,2456.44,2481.97
794,hard,15,12:33:17,13:01:06,13:52:29,COMPLETED,31615.0,51402.2,1669.00,4752.97
693,medium,14,12:40:11,13:04:18,13:52:55,COMPLETED,28005.0,48610.1,1447.81,4364.28
830,hard,15,12:49:44,13:13:24,13:53:14,COMPLETED,23935.0,39830.3,1420.65,3810.28
988,easy,11,13:12:15,13:53:01,13:53:14,COMPLETED,31230.0,216.4,2446.61,2459.28
964,easy,11,13:12:28,13:53:20,13:53:45,COMPLETED,27635.0,426.5,2452.61,2477.93
901,hard,15,13:08:45,13:49:00,13:53:52,COMPLETED,27901.0,4872.2,2415.27,2707.26
996,easy,12,13:12:06,13:52:36,13:54:05,COMPLETED,30789.0,1484.3,2430.30,2519.05
717,hard,15,12:29:39,12:51:56,13:54:30,COMPLETED,34193.0,62575.9,1337.22,5091.49
987,medium,13,13:10:29,13:51:07,13:54:49,COMPLETED,25254.0,3715.1,2438.49,2660.94
905,medium,13,13:12:20,13:53:20,13:55:35,COMPLETED,24849.0,2253.2,2460.61,2595.34
958,easy,12,13:13:04,13:53:52,13:55:35,COMPLETED,31399.0,1726.3,2448.26,2551.34
888,easy,11,13:15:59,13:55:41,13:55:55,COMPLETED,22393.0,225.0,2382.91,2396.10
993,easy,12,13:16:25,13:55:41,13:56:08,COMPLETED,33345.0,442.5,2356.91,2383.04
861,easy,11,13:16:31,13:56:01,13:56:14,COMPLETED,21959.0,225.3,2370.44,2383.59
1018,easy,11,13:17:08,13:56:14,13:56:27,COMPLETED,25021.0,220.7,2346.59,2359.34
823,medium,14,12:42:16,13:05:41,13:56:46,COMPLETED,26784.0,51103.7,1405.04,4470.98
951,medium,13,13:14:14,13:54:11,13:57:38,COMPLETED,28579.0,3457.5,2397.41,2604.40
907,easy,11,13:18:28,13:57:44,13:58:03,COMPLETED,30015.0,321.8,2356.94,2375.94
931,easy,12,13:15:57,13:54:56,13:58:10,COMPLETED,35193.0,3234.9,2339.50,2533.27
342,hard,15,10:34:46,10:34:49,13:58:22,COMPLETED,36688.0,203558.6,3.54,12216.99
976,easy,11,13:18:51,13:58:10,13:58:29,COMPLETED,27295.951814964537,322.9,2359.27,2378.32
890,easy,12,13:13:34,13:53:58,13:58:48,COMPLETED,33861.0,4840.9,2424.67,2714.66
989,easy,12,13:19:22,13:58:29,13:59:27,COMPLETED,26989.0,979.0,2347.32,2405.57
655,hard,15,11:31:59,11:32:03,14:00:12,COMPLETED,26715.0,148153.8,4.64,8893.72
896,easy,12,13:19:45,13:58:55,14:00:44,COMPLETED,27148.0,1830.3,2350.23,2459.74
732,hard,15,12:26:42,12:40:10,14:01:28,COMPLETED,26246.0,81307.0,808.72,5687.00
897,medium,13,13:19:24,13:58:35,14:01:35,COMPLETED,30156.0,2999.6,2351.68,2531.34
908,easy,12,13:20:05,14:00:19,14:01:41,COMPLETED,28583.0,1381.0,2414.25,2496.71
970,easy,11,13:21:06,14:01:35,14:02:00,COMPLETED,26218.0,430.0,2429.34,2454.83
859,easy,11,13:21:22,14:01:48,14:02:32,COMPLETED,28278.836461911225,744.2,2426.16,2470.51
965,medium,13,13:11:04,13:51:51,14:03:42,COMPLETED,28171.0,11841.8,2447.84,3158.11
697,hard,15,12:29:40,12:51:56,14:04:26,COMPLETED,34494.0,72504.2,1336.22,5686.38
851,easy,12,13:21:38,14:02:38,14:04:26,COMPLETED,28010.0,1797.4,2460.84,2568.38
920,medium,14,13:10:05,13:49:51,14:04:45,COMPLETED,29922.0,14907.0,2386.35,3280.53
994,easy,11,13:22:26,14:04:32,14:04:51,COMPLETED,22484.0,325.0,2526.72,2545.86
874,easy,11,13:23:46,14:04:58,14:05:11,COMPLETED,28777.0,217.6,2472.29,2485.05
689,hard,15,12:58:50,13:30:29,14:05:55,COMPLETED,37591.0,35450.0,1899.07,4025.75
939,medium,14,13:21:16,14:01:41,14:07:19,COMPLETED,31244.0,5641.3,2425.71,2763.81
935,hard,15,13:05:29,13:39:53,14:07:39,COMPLETED,21595.0,27762.0,2065.00,3730.40
853,medium,14,13:21:59,14:03:48,14:07:45,COMPLETED,28565.0,3968.6,2509.43,2746.95
902,easy,12,13:25:46,14:07:45,14:07:58,COMPLETED,22009.0,224.7,2519.95,2532.99
1000,medium,14,13:24:53,14:06:02,14:08:24,COMPLETED,27878.0,2381.4,2469.30,2611.70
886,easy,12,13:27:26,14:08:31,14:09:16,COMPLETED,30229.0,764.8,2465.27,2510.66
928,easy,12,13:26:49,14:07:52,14:09:23,COMPLETED,30423.0,1519.3,2463.63,2554.20
960,medium,14,13:11:24,13:52:04,14:09:29,COMPLETED,26723.0,17426.0,2440.61,3485.85
885,medium,14,13:18:10,13:56:33,14:09:42,COMPLETED,30457.0,13151.6,2303.87,3092.73
900,medium,13,13:22:16,14:04:32,14:09:42,COMPLETED,26715.0,5171.5,2536.72,2846.73
961,easy,12,13:27:42,14:09:23,14:09:49,COMPLETED,30412.0,442.0,2501.20,2527.06
909,easy,11,13:28:34,14:09:29,14:09:55,COMPLETED,26807.0,437.8,2455.85,2481.80
854,easy,11,13:29:30,14:09:55,14:10:02,COMPLETED,28335.0,116.4,2425.80,2432.16
937,easy,12,13:28:44,14:09:36,14:10:22,COMPLETED,35353.0,767.1,2452.29,2498.04
943,easy,12,13:29:52,14:10:02,14:10:41,COMPLETED,26396.0,663.9,2410.16,2449.50
1010,easy,12,13:20:01,13:59:34,14:10:54,COMPLETED,31581.0,11349.4,2373.12,3053.67
981,easy,11,13:32:05,14:11:01,14:11:14,COMPLETED,25703.0,222.5,2336.22,2349.26
903,medium,13,13:15:21,13:54:37,14:11:33,COMPLETED,27593.0,16940.8,2356.08,3372.29
870,easy,11,13:32:29,14:11:39,14:11:52,COMPLETED,24253.0,216.6,2350.62,2363.31
915,easy,11,13:32:04,14:10:48,14:11:58,COMPLETED,30693.0,1181.9,2324.06,2394.64
865,easy,11,13:32:44,14:12:05,14:12:11,COMPLETED,26527.0,111.0,2361.01,2367.36
1008,medium,14,13:30:32,14:10:08,14:12:49,COMPLETED,35154.0,2679.9,2376.83,2537.29
832,hard,15,12:56:15,13:24:37,14:14:24,COMPLETED,33402.0,49774.2,1702.98,4689.25
983,medium,13,13:27:17,14:08:05,14:14:24,COMPLETED,33168.0,6317.5,2448.49,2827.25
904,hard,15,13:06:52,13:43:49,14:14:43,COMPLETED,38117.0,30907.7,2217.13,4071.39
966,easy,11,13:33:12,14:14:30,14:14:49,COMPLETED,28171.0,324.5,2478.59,2497.72
576,hard,15,11:35:02,11:35:07,14:16:31,COMPLETED,28452.0,161394.2,5.56,9689.06
1003,easy,11,13:34:06,14:16:37,14:16:44,COMPLETED,27594.0,115.2,2551.60,2558.23
439,hard,15,10:07:28,10:07:34,14:17:03,COMPLETED,28685.0,249492.2,6.28,14975.73
963,easy,11,13:34:34,14:17:10,14:17:16,COMPLETED,25950.0,117.1,2556.30,2562.97
926,medium,14,13:32:40,14:11:58,14:17:23,COMPLETED,32739.0,5421.4,2358.64,2683.36
942,medium,14,13:01:40,13:34:46,14:17:30,COMPLETED,35515.0,42724.8,1986.81,4550.01
1001,easy,11,13:34:49,14:17:23,14:17:43,COMPLETED,21561.0,333.7,2554.36,2574.08
938,easy,11,13:36:34,14:17:36,14:17:49,COMPLETED,23041.0,220.9,2462.50,2475.41
1014,easy,12,13:36:02,14:17:30,14:18:02,COMPLETED,21280.0,544.4,2488.01,2520.18
871,easy,11,13:38:04,14:17:55,14:18:02,COMPLETED,26956.0,116.0,2391.78,2398.18
949,medium,14,13:32:25,14:11:20,14:19:07,COMPLETED,31616.0,7785.2,2335.59,2802.24
891,easy,12,13:34:24,14:16:50,14:19:45,COMPLETED,35071.0,2932.6,2546.56,2722.00
922,easy,12,13:39:03,14:19:52,14:20:05,COMPLETED,22555.0,223.8,2449.61,2462.53
972,medium,13,13:21:35,14:02:07,14:20:25,COMPLETED,27007.0,18308.1,2432.17,3530.23
863,easy,12,13:39:22,14:20:12,14:21:29,COMPLETED,27251.0,1302.5,2450.08,2527.94
860,medium,14,13:30:56,14:10:28,14:22:02,COMPLETED,28073.0,11575.2,2372.37,3066.45
924,easy,11,13:40:59,14:22:09,14:22:22,COMPLETED,20701.0,222.6,2470.01,2483.06
843,hard,15,12:31:48,12:58:17,14:23:25,COMPLETED,30280.0,85135.0,1589.31,6697.27
913,medium,14,13:33:41,14:14:49,14:24:15,COMPLETED,30586.0,9440.9,2468.72,3034.87
804,medium,14,12:59:18,13:31:00,14:26:41,COMPLETED,31801.0,55680.3,1902.77,5243.42
856,medium,14,13:41:57,14:24:22,14:26:54,COMPLETED,28709.0,2536.1,2545.25,2697.11
917,medium,14,13:33:03,14:12:55,14:27:06,COMPLETED,32419.0,14193.3,2392.68,3243.81
977,easy,11,13:42:37,14:27:00,14:27:57,COMPLETED,28872.0,963.2,2663.45,2720.94
850,easy,12,13:42:30,14:26:47,14:28:04,COMPLETED,36555.0,1281.1,2657.75,2734.27
979,medium,14,13:41:46,14:23:31,14:28:42,COMPLETED,28754.0,5182.2,2505.62,2816.26
906,medium,13,13:41:16,14:22:28,14:29:13,COMPLETED,36073.0,6765.1,2472.39,2877.96
892,easy,11,13:43:49,14:28:48,14:29:26,COMPLETED,32656.0,640.5,2699.59,2737.72
1011,medium,13,13:42:52,14:27:13,14:30:23,COMPLETED,30846.0,3174.1,2661.43,2851.59
884,medium,13,13:44:00,14:29:33,14:30:23,COMPLETED,28604.0,847.6,2733.06,2783.59
1016,easy,12,13:43:51,14:29:20,14:30:29,COMPLETED,32878.0,1166.0,2729.35,2798.93
925,medium,13,13:43:49,14:28:10,14:31:26,COMPLETED,32497.0,3277.0,2661.66,2857.99
769,hard,15,12:45:22,13:07:28,14:32:36,COMPLETED,33592.0,85129.0,1326.90,6434.51
623,hard,15,11:08:24,11:08:41,14:33:15,COMPLETED,36220.0,204565.7,17.39,12291.25
950,medium,13,13:24:20,14:05:17,14:34:45,COMPLETED,38214.0,29475.2,2457.37,4225.54
959,medium,13,13:46:03,14:31:33,14:34:58,COMPLETED,29856.0,3424.2,2730.32,2935.43
933,medium,13,13:43:26,14:28:04,14:35:11,COMPLETED,28391.0,7120.9,2678.27,3105.23
866,easy,12,13:46:49,14:34:52,14:35:23,COMPLETED,26063.0,536.5,2883.05,2914.94
1015,easy,11,13:48:34,14:35:17,14:35:42,COMPLETED,18243.0,427.7,2803.58,2828.94
320,hard,15,09:37:09,09:37:13,14:35:49,COMPLETED,36146.0,298599.8,4.35,17920.28
982,medium,14,13:46:36,14:33:21,14:35:49,COMPLETED,26737.0,2463.5,2805.80,2953.28
995,easy,12,13:48:39,14:35:30,14:36:27,COMPLETED,29336.0,956.5,2811.27,2868.37
864,medium,13,13:47:41,14:35:04,14:36:46,COMPLETED,27840.0,1698.8,2843.81,2945.40
921,medium,13,13:46:08,14:32:42,14:36:59,COMPLETED,31238.0,4277.5,2794.85,3051.22
883,easy,12,13:49:13,14:36:33,14:37:05,COMPLETED,23933.0,536.4,2840.70,2872.56
880,easy,12,13:49:18,14:36:52,14:37:30,COMPLETED,27510.0,640.0,2854.79,2892.90
868,easy,11,13:49:52,14:37:11,14:37:30,COMPLETED,35307.0,321.5,2839.92,2858.90
862,easy,11,13:50:12,14:37:37,14:37:43,COMPLETED,26768.0,112.6,2845.23,2851.68
1007,easy,12,13:50:01,14:37:37,14:39:18,COMPLETED,27801.0,1700.4,2856.23,2957.95
944,easy,11,13:50:33,14:39:25,14:39:44,COMPLETED,22410.0,324.2,2932.29,2951.39
1009,medium,14,13:07:45,13:48:40,14:40:03,COMPLETED,29534.0,51383.9,2455.57,5538.43
916,hard,15,13:29:25,14:09:49,14:40:42,COMPLETED,30955.0,30884.5,2424.06,4277.01
873,medium,13,13:49:26,14:37:05,14:40:42,COMPLETED,36315.0,3612.5,2859.56,3076.01
878,medium,13,13:49:08,14:35:55,14:41:14,COMPLETED,31421.0,5316.3,2807.66,3126.35
969,easy,12,13:50:48,14:40:48,14:41:14,COMPLETED,27632.0,438.9,3000.34,3026.35
858,easy,12,13:51:34,14:40:48,14:41:27,COMPLETED,34661.0,649.2,2954.34,2993.10
621,hard,15,11:58:11,12:14:29,14:41:58,COMPLETED,39835.0,147486.4,978.69,9827.78
1017,medium,14,13:37:48,14:17:49,14:41:58,COMPLETED,41777.0,24160.3,2401.41,3850.78
899,easy,12,13:53:07,14:42:05,14:42:24,COMPLETED,31455.0,324.0,2938.13,2957.19
955,medium,13,13:50:34,14:39:50,14:42:30,COMPLETED,26517.0,2670.5,2956.76,3116.60
941,medium,13,13:51:42,14:41:20,14:43:02,COMPLETED,28842.0,1708.9,2978.71,3080.79
985,easy,11,13:54:53,14:42:37,14:43:02,COMPLETED,27310.0,437.9,2864.05,2889.79
844,hard,15,12:49:18,13:12:39,14:43:16,COMPLETED,38825.0,90616.2,1401.19,6838.04
997,easy,11,13:55:52,14:43:22,14:43:28,COMPLETED,24419.0,114.4,2850.36,2856.93
877,easy,12,13:52:31,14:41:33,14:44:14,COMPLETED,27766.0,2682.2,2942.43,3103.07
857,medium,14,13:25:03,14:07:26,14:44:26,COMPLETED,33584.0,37014.7,2543.26,4763.78
887,easy,12,13:57:47,14:44:33,14:45:18,COMPLETED,31441.0,764.6,2806.38,2851.73
918,medium,13,13:55:42,14:43:09,14:47:06,COMPLETED,24492.0,3956.2,2847.36,3084.53
991,hard,15,13:49:09,14:35:55,14:47:25,COMPLETED,32973.0,11503.2,2806.66,3496.60
971,easy,12,13:58:55,14:47:31,14:48:03,COMPLETED,24035.0,535.4,2916.97,2948.79
894,easy,11,13:59:30,14:48:10,14:48:29,COMPLETED,31178.0,321.7,2920.12,2939.12
882,easy,12,13:59:34,14:48:35,14:48:48,COMPLETED,27074.0,216.3,2941.45,2954.12
986,hard,15,13:23:06,14:04:51,14:49:07,COMPLETED,27195.0,44257.6,2505.86,5161.13
1165,easy,11,14:00:41,14:48:54,14:49:19,COMPLETED,27921.0,427.8,2893.45,2918.82
1050,easy,11,14:01:03,14:49:13,14:49:26,COMPLETED,24154.0,217.3,2890.46,2903.15
919,easy,12,13:58:44,14:47:12,14:49:32,COMPLETED,33188.0,2333.2,2908.87,3048.52
912,medium,14,13:49:06,14:35:49,14:51:26,COMPLETED,31117.0,15629.0,2803.28,3740.77
1148,easy,12,14:01:27,14:49:38,14:51:26,COMPLETED,28645.0,1803.1,2891.89,2999.77
593,hard,15,11:31:07,11:31:12,14:51:33,COMPLETED,31503.0,200354.5,5.13,12026.10
1137,easy,12,14:01:45,14:51:33,14:52:31,COMPLETED,28271.0,985.1,2988.10,3046.92
1012,medium,13,13:56:32,14:43:35,14:52:44,COMPLETED,33250.0,9163.8,2823.25,3372.62
948,medium,14,13:52:03,14:41:20,14:52:51,COMPLETED,32486.0,11511.9,2957.71,3648.18
696,medium,14,12:51:27,13:16:16,14:54:40,COMPLETED,31669.0,98404.8,1489.66,7393.83
1189,medium,13,14:02:39,14:52:51,14:55:06,COMPLETED,25642.0,2265.0,3012.18,3147.78
1144,medium,13,14:01:56,14:51:33,14:55:52,COMPLETED,32563.0,4322.8,2977.10,3236.29
1028,easy,11,14:04:52,14:55:58,14:56:11,COMPLETED,21958.0,223.9,3066.61,3079.55
953,medium,14,13:57:43,14:44:20,14:58:20,COMPLETED,27039.0,14003.6,2797.41,3637.32
984,medium,14,13:40:10,14:21:36,14:58:26,COMPLETED,34181.0,36845.9,2486.27,4696.71
1088,easy,12,14:02:14,14:51:39,14:58:33,COMPLETED,30795.0,6894.9,2965.83,3379.15
1056,easy,11,14:05:29,14:58:26,14:58:46,COMPLETED,23509.0,327.6,3177.71,3197.01
1151,easy,11,14:06:22,14:58:39,14:58:52,COMPLETED,22014.0,220.3,3137.60,3150.41
1129,easy,11,14:06:55,14:58:52,14:59:05,COMPLETED,23361.0,218.6,3117.41,3130.23
1120,medium,13,14:05:18,14:56:18,14:59:11,COMPLETED,28878.0,2896.7,3060.09,3233.56
1078,easy,12,14:06:07,14:58:33,14:59:36,COMPLETED,28180.0,1069.1,3146.15,3210.00
1074,medium,14,14:07:10,14:58:58,15:00:14,COMPLETED,27715.0,1273.1,3108.85,3184.94
1175,easy,12,14:07:26,15:00:21,15:00:40,COMPLETED,21930.0,322.2,3175.27,3194.29
1163,easy,12,14:07:15,14:59:17,15:00:46,COMPLETED,32320.0,1484.1,3122.93,3211.63
1122,easy,11,14:07:39,15:00:46,15:00:59,COMPLETED,24221.0,218.3,3187.63,3200.43
1164,easy,11,14:07:48,15:00:53,15:00:59,COMPLETED,31394.0,112.2,3185.01,3191.43
1033,easy,11,14:08:30,15:01:05,15:01:12,COMPLETED,27874.0,111.5,3155.77,3162.21
1084,easy,11,14:08:32,15:01:18,15:01:31,COMPLETED,26035.0,216.2,3166.54,3179.21
1132,easy,11,14:08:36,15:01:37,15:02:02,COMPLETED,24588.0,427.0,3181.53,3206.85
1027,easy,12,14:08:40,15:02:09,15:03:00,COMPLETED,25749.0,858.4,3209.18,3260.19
1136,medium,14,14:04:33,14:55:13,15:03:26,COMPLETED,33088.0,8226.7,3040.11,3533.11
1020,medium,14,14:01:05,14:49:26,15:03:52,COMPLETED,35539.0,14442.6,2901.15,3767.27
1142,easy,11,14:10:17,15:03:58,15:04:30,COMPLETED,33798.0,542.5,3221.82,3253.88
1041,medium,13,14:02:58,14:52:57,15:05:22,COMPLETED,35756.0,12429.7,2999.54,3744.88
1139,medium,13,14:09:26,15:03:06,15:05:36,COMPLETED,34239.0,2496.8,3220.73,3370.06
1140,easy,12,14:10:53,15:04:37,15:06:47,COMPLETED,25614.0,2172.3,3224.41,3354.23
218,hard,15,09:38:52,09:38:52,15:07:00,COMPLETED,30437.0,328126.4,0.97,19688.51
1173,easy,11,14:11:21,15:06:53,15:07:07,COMPLETED,25847.0,230.7,3332.81,3346.07
1053,easy,11,14:11:32,15:07:07,15:07:32,COMPLETED,31978.0,435.4,3335.07,3360.90
213,hard,15,09:56:00,09:56:00,15:08:11,COMPLETED,29112.0,312196.1,0.01,18731.75
1123,easy,12,14:12:29,15:07:39,15:08:31,COMPLETED,28217.0,878.1,3310.23,3362.57
1065,easy,11,14:12:49,15:08:18,15:08:31,COMPLETED,23749.0,226.9,3329.33,3342.57
1097,medium,14,14:08:17,15:01:05,15:08:44,COMPLETED,22331.0,7647.8,3168.77,3627.36
1147,medium,13,14:14:04,15:08:50,15:11:22,COMPLETED,29288.0,2537.0,3286.69,3438.61
1162,easy,12,14:13:38,15:08:37,15:11:54,COMPLETED,29740.0,3276.3,3299.97,3496.23
1172,medium,13,14:11:08,15:05:29,15:13:10,COMPLETED,25525.0,7683.0,3261.43,3722.14
237,hard,15,09:44:30,09:44:31,15:13:54,COMPLETED,35107.0,329392.6,1.27,19764.79
822,medium,14,12:35:25,13:02:04,15:14:33,COMPLETED,30709.0,132491.8,1599.31,9548.65
911,hard,15,13:54:31,14:42:30,15:15:19,COMPLETED,31602.0,32819.9,2879.60,4848.41
1145,easy,11,14:17:28,15:14:40,15:15:38,COMPLETED,28194.0,987.3,3432.22,3490.96
1107,easy,12,14:15:43,15:13:16,15:15:45,COMPLETED,30242.0,2490.0,3453.47,3602.51
1155,easy,11,14:18:04,15:15:51,15:16:04,COMPLETED,30431.0,222.9,3467.91,3480.78
1116,medium,13,14:04:06,14:54:47,15:16:11,COMPLETED,32122.0,21408.8,3041.17,4325.32
1092,hard,15,14:07:18,14:59:43,15:16:17,COMPLETED,33332.0,16585.2,3145.34,4139.80
898,hard,15,13:38:07,14:18:08,15:17:22,COMPLETED,30453.0,59237.1,2401.78,5955.83
1072,easy,11,14:20:21,15:17:29,15:18:01,COMPLETED,30097.0,548.2,3428.16,3460.53
1024,medium,13,14:16:34,15:14:01,15:20:23,COMPLETED,20864.0,6376.4,3447.34,3829.65
1131,easy,11,14:20:48,15:20:29,15:20:42,COMPLETED,25959.0,217.4,3581.99,3594.73
1126,easy,11,14:21:55,15:20:49,15:21:08,COMPLETED,28606.0,321.6,3534.06,3553.05
1157,medium,14,14:09:59,15:03:32,15:22:17,COMPLETED,32214.0,18751.5,3213.81,4338.60
952,medium,14,13:45:33,14:30:29,15:23:02,COMPLETED,29839.0,52537.4,2696.93,5849.01
1052,medium,14,14:22:03,15:21:14,15:23:21,COMPLETED,24804.0,2116.2,3551.38,3678.06
1071,easy,12,14:22:03,15:22:24,15:23:59,COMPLETED,27443.0,1589.3,3621.00,3716.07
1094,hard,15,14:07:15,14:59:11,15:24:30,COMPLETED,37003.0,25323.0,3116.56,4635.69
759,hard,15,12:19:34,12:31:48,15:24:49,COMPLETED,32863.0,173019.1,734.86,11115.91
1121,easy,12,14:22:48,15:24:37,15:25:22,COMPLETED,30058.0,760.6,3709.03,3754.17
1146,medium,13,14:22:56,15:24:56,15:26:00,COMPLETED,28756.0,1084.8,3720.24,3784.82
876,hard,15,13:58:22,14:45:25,15:26:13,COMPLETED,34890.0,40817.6,2823.29,5271.99
1089,medium,13,14:22:22,15:23:08,15:27:12,COMPLETED,25607.0,4074.6,3646.34,3890.34
936,medium,14,13:33:31,14:14:30,15:27:18,COMPLETED,37773.0,72807.6,2459.59,6827.90
387,hard,15,10:21:51,10:21:51,15:27:51,COMPLETED,35248.0,306006.8,0.13,18360.47
1118,easy,12,14:24:43,15:27:18,15:28:17,COMPLETED,24490.0,982.7,3755.90,3814.37
1087,easy,12,14:24:50,15:27:25,15:28:17,COMPLETED,24434.0,876.8,3755.29,3807.37
954,medium,14,13:53:26,14:42:05,15:28:23,COMPLETED,40569.0,46321.6,2919.13,5697.94
274,hard,15,09:45:15,09:45:15,15:28:30,COMPLETED,35497.0,343253.9,0.47,20595.68
1186,medium,13,14:24:17,15:26:20,15:28:43,COMPLETED,27940.0,2394.9,3723.53,3866.75
1043,easy,11,14:26:06,15:28:23,15:29:03,COMPLETED,31279.0,657.7,3737.94,3777.21
927,medium,14,13:50:17,14:37:50,15:29:35,COMPLETED,31603.0,51762.6,2853.06,5958.64
1068,easy,12,14:28:00,15:29:09,15:30:01,COMPLETED,31839.0,872.2,3669.54,3721.35
1183,hard,15,14:13:18,15:08:37,15:30:27,COMPLETED,33283.0,21830.1,3319.97,4629.40
1021,medium,13,14:22:23,15:23:27,15:30:59,COMPLETED,26920.0,7539.3,3664.39,4116.44
1135,easy,11,14:28:35,15:30:07,15:31:43,COMPLETED,36156.0,1603.5,3692.94,3788.86
1160,medium,13,14:26:54,15:28:30,15:31:50,COMPLETED,30604.0,3331.6,3696.68,3896.19
1134,easy,12,14:27:38,15:28:50,15:32:09,COMPLETED,33377.0,3322.1,3672.30,3871.30
1085,easy,12,14:30:52,15:31:56,15:32:15,COMPLETED,24949.0,323.1,3664.63,3683.68
309,hard,15,09:52:01,09:52:01,15:32:41,COMPLETED,41778.0,340654.1,0.84,20440.07
1185,easy,12,14:31:08,15:32:22,15:33:19,COMPLETED,34417.0,955.2,3674.05,3731.04
1156,easy,12,14:30:57,15:32:15,15:33:31,COMPLETED,32257.0,1273.7,3678.68,3754.75
1143,medium,13,14:31:31,15:32:47,15:33:44,COMPLETED,22426.0,957.1,3676.42,3733.55
1103,medium,14,14:17:48,15:15:45,15:33:57,COMPLETED,29156.0,18199.3,3477.51,4569.24
1064,easy,11,14:31:52,15:33:38,15:33:57,COMPLETED,33070.0,323.5,3706.14,3725.24
1124,easy,11,14:31:58,15:33:50,15:34:16,COMPLETED,24726.0,428.5,3712.88,3738.29
1073,easy,11,14:32:09,15:34:03,15:34:16,COMPLETED,25008.0,216.6,3714.58,3727.29
1069,easy,12,14:32:04,15:34:03,15:34:48,COMPLETED,29393.0,745.4,3719.58,3764.01
1090,easy,11,14:32:22,15:34:22,15:34:54,COMPLETED,23066.0,534.1,3720.63,3752.34
932,medium,14,13:28:55,14:09:49,15:35:13,COMPLETED,37847.0,85407.8,2454.06,7578.39
1040,easy,12,14:33:12,15:35:00,15:35:19,COMPLETED,30569.0,322.7,3708.72,3727.72
1093,easy,11,14:33:09,15:34:54,15:35:26,COMPLETED,27539.0,535.7,3705.34,3737.11
1153,easy,11,14:35:16,15:35:32,15:35:45,COMPLETED,24418.0,218.0,3616.52,3629.30
1037,medium,14,14:20:03,15:16:24,15:36:04,COMPLETED,36628.0,19666.1,3381.58,4561.30
1063,easy,11,14:35:22,15:35:51,15:36:04,COMPLETED,34245.0,217.0,3629.63,3642.30
752,hard,15,12:38:22,13:03:34,15:38:04,COMPLETED,38307.0,154501.7,1512.45,10782.48
1086,easy,11,14:35:57,15:38:10,15:38:55,COMPLETED,28580.0,743.7,3733.80,3778.12
1077,easy,11,14:36:51,15:39:01,15:39:14,COMPLETED,25710.0,216.5,3730.45,3743.13
1166,medium,14,14:35:55,15:36:10,15:39:20,COMPLETED,32599.0,3169.1,3615.67,3805.47
910,hard,15,13:17:49,13:56:20,15:39:45,COMPLETED,35796.0,103416.1,2311.99,8516.83
1066,easy,11,14:38:22,15:39:52,15:40:04,COMPLETED,26413.0,216.3,3690.18,3702.85
1101,medium,13,14:37:23,15:39:20,15:40:17,COMPLETED,26310.0,956.2,3717.47,3774.54
1032,hard,15,14:35:55,15:36:10,15:41:08,COMPLETED,31286.0,4961.7,3615.67,3913.12
1099,medium,14,14:19:29,15:16:11,15:41:33,COMPLETED,28204.0,25379.3,3402.32,4924.73
1111,medium,13,14:23:43,15:25:28,15:42:12,COMPLETED,30704.0,16741.9,3705.71,4709.96
1079,easy,11,14:41:16,15:42:19,15:42:25,COMPLETED,25044.0,115.2,3663.33,3669.87
805,hard,15,12:58:10,13:28:22,15:43:24,COMPLETED,33467.0,135029.5,1812.40,9914.06
1057,easy,11,14:43:03,15:43:30,15:43:43,COMPLETED,22262.0,217.6,3627.43,3640.17
1022,easy,12,14:43:19,15:43:49,15:44:59,COMPLETED,30284.0,1166.8,3630.51,3700.22
1095,hard,15,14:28:58,15:30:33,15:45:43,COMPLETED,31607.0,15163.2,3695.96,4605.50
1031,medium,14,14:23:47,15:26:07,15:46:15,COMPLETED,38567.0,20133.7,3740.38,4948.16
1061,medium,14,14:40:44,15:41:14,15:50:23,COMPLETED,28292.0,9159.8,3630.45,4179.67
1091,hard,15,14:22:44,15:24:05,15:50:49,COMPLETED,29080.0,26733.9,3681.40,5285.21
1161,easy,11,14:45:37,15:50:55,15:51:01,COMPLETED,19953.0,112.3,3918.54,3924.98
1038,easy,11,14:45:40,15:51:08,15:51:33,COMPLETED,35052.0,426.3,3928.31,3953.58
1179,easy,11,14:45:56,15:51:39,15:51:46,COMPLETED,23346.0,111.4,3943.91,3950.29
956,hard,15,13:03:15,13:36:31,15:53:09,COMPLETED,34883.0,136647.2,1996.04,10194.71
441,medium,14,10:12:07,10:12:09,15:53:22,COMPLETED,41587.0,341224.5,2.43,20475.86
1105,easy,12,14:46:34,15:51:52,15:53:36,COMPLETED,22092.0,1731.4,3918.62,4022.01
1058,easy,11,14:47:04,15:53:29,15:53:48,COMPLETED,28580.0,331.4,3985.40,4004.98
1083,hard,15,14:29:34,15:31:05,15:54:47,COMPLETED,29932.0,23696.6,3691.84,5113.26
1180,easy,11,14:46:50,15:53:16,15:54:53,COMPLETED,33803.0,1635.3,3986.26,4083.81
1042,hard,15,14:20:43,15:18:08,15:55:13,COMPLETED,36508.0,37093.3,3445.09,5670.49
1055,easy,12,14:47:19,15:53:42,15:55:19,COMPLETED,34117.0,1626.5,3983.56,4080.82
1127,easy,12,14:47:41,15:54:53,15:55:26,COMPLETED,32731.0,545.7,4032.81,4065.20
771,hard,15,12:05:59,12:21:44,15:55:45,COMPLETED,43755.0,214019.4,945.19,13786.29
1133,hard,15,14:01:26,14:49:32,15:56:04,COMPLETED,33585.0,66535.4,2886.52,6878.48
1149,easy,11,14:49:08,15:55:51,15:56:04,COMPLETED,28428.0,220.0,4003.62,4016.48
1178,easy,11,14:49:57,15:56:10,15:56:17,COMPLETED,23494.0,112.3,3973.85,3980.23
1108,easy,12,14:48:56,15:55:32,15:56:23,COMPLETED,28719.0,857.3,3996.59,4047.62
1104,easy,11,14:50:36,15:56:10,15:56:30,COMPLETED,29132.0,325.9,3934.85,3954.07
1080,easy,11,14:50:48,15:56:30,15:56:36,COMPLETED,25337.0,112.5,3942.07,3948.48
1045,medium,14,14:17:41,15:15:25,15:56:49,COMPLETED,30424.0,41390.6,3464.97,5948.22
1098,easy,11,14:50:49,15:56:36,15:56:49,COMPLETED,26217.0,217.6,3947.48,3960.22
1182,hard,15,14:38:31,15:40:11,15:58:24,COMPLETED,31840.0,18226.3,3700.18,4793.52
1051,medium,13,14:47:26,15:53:55,15:58:37,COMPLETED,27315.0,4702.8,3989.32,4271.21
1046,easy,12,14:50:53,15:56:42,15:59:08,COMPLETED,23754.0,2439.8,3949.86,4095.97
1170,easy,12,14:51:04,15:58:30,15:59:08,COMPLETED,25635.0,640.3,4046.86,4084.97
1034,medium,13,14:51:00,15:56:55,15:59:27,COMPLETED,27980.0,2545.4,3955.56,4108.00
879,hard,15,13:39:02,14:19:13,15:59:40,COMPLETED,35218.0,100449.9,2411.82,8438.69
1152,easy,11,14:51:16,15:59:15,15:59:40,COMPLETED,35251.0,427.6,4079.30,4104.69
1169,medium,14,14:50:44,15:56:23,15:59:53,COMPLETED,32926.0,3500.9,3939.62,4149.40
1188,easy,11,14:52:27,15:59:47,15:59:53,COMPLETED,27048.0,111.5,4040.02,4046.40
1096,medium,13,14:43:31,15:45:05,16:00:25,COMPLETED,32008.0,15335.9,3694.55,4614.29
1047,medium,14,14:51:51,15:59:34,16:01:04,COMPLETED,35507.0,1503.7,4063.33,4153.06
1109,medium,13,14:53:20,15:59:59,16:01:10,COMPLETED,29074.0,1190.2,3999.73,4070.62
1062,easy,11,14:53:48,16:01:17,16:01:30,COMPLETED,25448.0,225.9,4049.25,4062.30
1059,easy,12,14:53:24,16:00:31,16:01:43,COMPLETED,29957.0,1200.2,4027.84,4099.44
1035,easy,12,14:53:33,16:01:10,16:01:49,COMPLETED,27426.0,664.9,4057.62,4096.91
1112,easy,11,14:53:53,16:01:36,16:01:49,COMPLETED,30119.0,228.5,4063.85,4076.91
1150,easy,11,14:54:29,16:01:56,16:02:03,COMPLETED,22267.0,118.7,4047.61,4054.32
1075,easy,11,14:54:28,16:01:56,16:02:22,COMPLETED,20133.0,444.8,4048.61,4074.81
1159,medium,13,14:53:18,15:59:59,16:03:27,COMPLETED,32864.0,3468.5,4001.73,4209.32
1081,easy,12,14:51:12,15:59:15,16:04:12,COMPLETED,38805.0,4965.9,4083.30,4380.74
1130,hard,15,14:27:17,15:28:37,16:05:36,COMPLETED,29781.0,36998.0,3680.36,5899.89
1100,medium,14,14:54:40,16:02:09,16:05:50,COMPLETED,26345.0,3677.8,4049.87,4270.05
1030,medium,14,14:55:03,16:03:33,16:06:29,COMPLETED,26122.0,2925.8,4110.91,4286.18
1036,easy,11,14:56:59,16:06:35,16:06:41,COMPLETED,20919.0,111.5,4176.51,4182.90
1070,easy,12,14:55:42,16:05:56,16:07:13,COMPLETED,29086.0,1288.1,4214.61,4291.60
1117,medium,14,14:55:41,16:05:43,16:07:19,COMPLETED,28311.0,1613.3,4202.46,4298.93
1106,easy,12,14:57:58,16:07:26,16:09:13,COMPLETED,25182.0,1799.5,4168.31,4275.91
1025,easy,11,14:58:48,16:09:20,16:09:26,COMPLETED,26332.0,112.0,4232.30,4238.71
1167,medium,14,14:31:36,15:33:25,16:11:40,COMPLETED,28042.0,38251.6,3709.39,6004.15
1232,easy,11,15:00:17,16:11:46,16:11:59,COMPLETED,30730.0,222.7,4289.69,4302.54
1181,medium,14,14:34:41,15:35:26,16:13:29,COMPLETED,30344.0,38068.3,3645.11,5928.94
1323,easy,11,15:00:41,16:13:36,16:13:42,COMPLETED,26697.0,111.8,4375.35,4381.76
1247,easy,11,15:00:50,16:13:49,16:14:02,COMPLETED,24770.0,227.0,4379.08,4392.20
1128,hard,15,14:44:10,15:50:30,16:14:15,COMPLETED,30942.0,23760.2,3980.10,5405.30
1110,hard,15,14:14:16,15:11:28,16:14:34,COMPLETED,36121.0,63100.4,3432.93,7218.79
1213,easy,11,15:01:32,16:14:41,16:15:07,COMPLETED,32537.0,440.9,4389.12,4415.09
1060,medium,14,14:54:13,16:01:49,16:15:13,COMPLETED,28407.0,13404.2,4056.91,4860.62
1350,easy,11,15:01:22,16:14:21,16:15:13,COMPLETED,36548.0,873.4,4379.86,4431.62
1194,easy,11,15:02:21,16:15:20,16:15:39,COMPLETED,35705.0,328.9,4379.31,4398.52
998,medium,14,13:55:17,14:43:09,16:16:18,COMPLETED,35295.0,93156.0,2872.36,8461.47
1257,easy,12,15:03:14,16:15:46,16:16:37,COMPLETED,29386.0,872.8,4352.09,4403.96
1227,easy,11,15:03:15,16:16:25,16:16:51,COMPLETED,31681.0,443.8,4390.02,4416.11
1039,medium,14,14:25:53,15:28:23,16:17:42,COMPLETED,32256.0,49314.3,3750.94,6709.61
1244,easy,11,15:03:26,16:17:48,16:18:01,COMPLETED,23231.0,216.3,4462.98,4475.65
1334,medium,13,15:02:10,16:15:13,16:18:20,COMPLETED,28540.0,3122.0,4383.62,4570.66
1239,easy,12,15:03:48,16:18:07,16:18:46,COMPLETED,26410.0,638.8,4459.98,4498.01
1300,easy,11,15:04:09,16:18:52,16:18:58,COMPLETED,24788.0,111.0,4483.34,4489.69
1067,medium,14,14:52:40,15:59:47,16:19:42,COMPLETED,32003.0,19936.5,4027.02,5222.97
1273,easy,12,15:04:19,16:19:05,16:20:20,COMPLETED,31934.0,1272.4,4486.03,4561.99
1279,easy,11,15:04:35,16:20:27,16:20:52,COMPLETED,30024.0,428.5,4552.41,4577.73
992,hard,15,13:06:26,13:42:38,16:22:53,COMPLETED,32441.0,160248.2,2172.56,11787.29
1324,easy,11,15:04:56,16:22:59,16:23:06,COMPLETED,23811.0,114.2,4683.83,4690.18
1200,medium,13,15:00:59,16:14:08,16:23:45,COMPLETED,35085.0,9616.9,4389.75,4966.29
1283,easy,11,15:05:24,16:23:51,16:24:11,COMPLETED,21880.0,331.6,4707.86,4727.34
1119,hard,15,14:29:49,15:31:50,16:24:17,COMPLETED,27097.0,52466.8,3721.19,6868.80
1305,easy,12,15:05:58,16:24:24,16:24:37,COMPLETED,29626.0,226.8,4706.38,4719.48
1196,medium,13,15:05:52,16:24:17,16:24:44,COMPLETED,26789.0,446.7,4705.80,4732.03
1125,medium,14,14:48:04,15:55:19,16:25:23,COMPLETED,35743.0,30060.6,4035.82,5839.09
464,hard,15,10:39:45,10:39:47,16:26:08,COMPLETED,39254.0,346340.8,2.90,20783.33
1322,easy,11,15:06:41,16:26:14,16:26:40,COMPLETED,29590.0,445.9,4773.66,4799.91
1029,hard,15,14:41:21,15:42:32,16:26:47,COMPLETED,32833.0,44260.3,3671.27,6326.45
1158,hard,15,14:48:00,15:55:00,16:27:06,COMPLETED,27347.0,32110.7,4020.45,5946.76
1259,easy,12,15:07:49,16:26:54,16:27:19,COMPLETED,22780.0,430.9,4745.10,4770.66
1316,easy,12,15:08:40,16:27:13,16:27:19,COMPLETED,24883.0,111.1,4713.30,4719.66
1226,easy,12,15:06:35,16:25:29,16:27:25,COMPLETED,26946.0,1950.3,4734.64,4850.99
1346,easy,12,15:07:48,16:26:47,16:27:45,COMPLETED,23461.0,977.8,4739.45,4797.82
1343,easy,12,15:10:28,16:27:52,16:28:18,COMPLETED,26547.0,443.5,4644.16,4670.28
1263,easy,12,15:09:23,16:27:25,16:28:37,COMPLETED,31914.0,1201.7,4682.99,4754.83
1331,easy,12,15:06:02,16:24:44,16:28:44,COMPLETED,28692.0,4009.3,4722.03,4962.22
1308,easy,12,15:10:36,16:28:24,16:28:50,COMPLETED,28019.0,437.3,4668.81,4694.65
1277,easy,12,15:11:11,16:28:57,16:29:16,COMPLETED,20558.0,321.7,4666.10,4685.10
1184,medium,14,14:51:09,15:58:43,16:29:35,COMPLETED,38743.0,30863.8,4054.55,5906.16
1168,medium,14,14:48:49,15:55:26,16:29:54,COMPLETED,34500.0,34469.5,3997.20,6065.16
1354,easy,12,15:06:13,16:24:50,16:30:25,COMPLETED,39828.0,5590.1,4717.66,5052.80
1294,medium,13,15:11:03,16:28:50,16:30:38,COMPLETED,31987.0,1803.5,4667.65,4775.55
1225,easy,11,15:12:31,16:30:32,16:31:04,COMPLETED,28116.0,537.5,4681.13,4713.03
1274,easy,12,15:12:50,16:30:44,16:31:29,COMPLETED,27782.0,746.8,4674.91,4719.41
1282,medium,14,15:08:41,16:27:25,16:32:01,COMPLETED,33320.0,4591.9,4724.99,5000.19
1219,medium,14,15:03:19,16:16:44,16:32:20,COMPLETED,34586.0,15602.1,4405.51,5341.35
1207,easy,12,15:13:55,16:31:10,16:32:26,COMPLETED,33132.0,1278.9,4635.41,4711.74
1338,easy,12,15:14:00,16:32:07,16:32:33,COMPLETED,27745.0,433.7,4687.57,4713.19
1211,easy,11,15:14:03,16:32:26,16:32:33,COMPLETED,24373.0,114.5,4703.74,4710.19
1325,medium,14,15:11:59,16:30:00,16:32:39,COMPLETED,35367.0,2658.6,4681.49,4840.65
1198,medium,13,15:05:17,16:23:12,16:32:46,COMPLETED,32554.0,9561.1,4675.71,5249.05
1285,easy,11,15:15:01,16:32:39,16:32:46,COMPLETED,19478.0,113.0,4658.65,4665.05
1344,easy,11,15:15:30,16:32:52,16:32:58,COMPLETED,29870.0,111.2,4642.46,4648.83
978,hard,15,13:20:18,14:00:51,16:35:07,COMPLETED,36238.0,154273.0,2433.08,11689.28
1351,medium,13,15:11:33,16:29:41,16:35:13,COMPLETED,32073.0,5544.2,4688.50,5020.82
1302,medium,13,15:15:06,16:32:39,16:36:57,COMPLETED,32797.0,4302.9,4653.65,4911.58
1049,hard,15,14:44:10,15:46:21,16:37:03,COMPLETED,31860.0,50714.0,3731.53,6773.91
1295,medium,13,15:16:47,16:35:13,16:37:49,COMPLETED,29657.0,2605.8,4706.82,4862.70
974,medium,14,13:45:58,14:30:36,16:38:28,COMPLETED,40871.0,127878.2,2678.34,10350.89
1260,medium,13,15:15:28,16:32:46,16:38:28,COMPLETED,34252.0,5719.7,4638.05,4980.89
1266,medium,13,15:19:47,16:37:56,16:38:35,COMPLETED,29306.0,661.5,4689.25,4728.30
1276,medium,13,15:18:04,16:35:20,16:38:55,COMPLETED,26343.0,3586.9,4636.20,4851.07
1293,easy,12,15:21:28,16:39:01,16:39:34,COMPLETED,25988.0,552.2,4653.48,4686.09
1249,medium,13,15:20:38,16:38:41,16:40:06,COMPLETED,23104.0,1410.4,4683.98,4768.25
740,hard,15,12:49:02,13:11:41,16:40:44,COMPLETED,34499.0,209054.2,1359.34,13902.52
990,hard,15,13:38:44,14:18:08,16:41:16,COMPLETED,29386.0,143124.8,2364.78,10952.26
1176,hard,15,14:39:16,15:40:23,16:41:41,COMPLETED,29688.0,61298.0,3667.87,7345.58
1358,medium,14,15:19:35,16:37:10,16:42:06,COMPLETED,26626.0,4942.7,4655.60,4951.89
1299,medium,14,15:22:23,16:39:40,16:43:22,COMPLETED,33194.0,3709.5,4637.65,4859.95
1264,medium,14,15:10:57,16:28:44,16:44:45,COMPLETED,35510.0,16023.8,4667.22,5628.36
1290,medium,13,15:23:30,16:44:51,16:45:17,COMPLETED,26909.0,428.9,4881.76,4907.19
1216,medium,13,15:00:30,16:12:06,16:45:23,COMPLETED,36477.0,33294.9,4296.08,6293.51
1191,easy,12,15:23:50,16:45:29,16:46:01,COMPLETED,23632.0,531.8,4899.90,4931.51
1339,medium,14,15:11:32,16:29:22,16:46:26,COMPLETED,34717.0,17077.4,4670.43,5694.83
1291,easy,12,15:24:07,16:46:07,16:46:45,COMPLETED,25070.0,638.4,4920.83,4958.84
1242,medium,13,15:23:34,16:45:23,16:47:04,COMPLETED,24936.0,1693.8,4909.51,5010.85
1315,easy,12,15:25:27,16:46:52,16:47:42,COMPLETED,29473.0,849.5,4885.17,4935.83
1254,easy,12,15:26:03,16:47:49,16:48:01,COMPLETED,29397.0,216.3,4906.17,4918.84
1348,medium,13,15:25:05,16:46:33,16:49:05,COMPLETED,24857.0,2537.6,4888.17,5040.13
1337,easy,12,15:25:55,16:47:11,16:49:17,COMPLETED,36897.0,2115.5,4876.18,5002.82
1246,easy,12,15:27:22,16:49:24,16:49:55,COMPLETED,26028.0,531.6,4922.14,4953.74
1314,medium,13,15:23:27,16:43:29,16:50:59,COMPLETED,35648.0,7516.0,4802.28,5252.93
1023,medium,14,14:37:29,15:39:26,16:51:44,COMPLETED,31311.0,72292.0,3717.85,8055.20
1333,hard,15,15:23:10,16:41:22,16:51:44,COMPLETED,27602.0,10365.1,4692.59,5314.20
1288,easy,11,15:28:40,16:51:50,16:52:03,COMPLETED,25030.0,216.9,4990.55,5003.26
1345,medium,14,15:03:56,16:18:26,16:52:34,COMPLETED,30075.0,34136.8,4470.99,6518.95
1297,easy,11,15:28:59,16:52:09,16:52:41,COMPLETED,24459.0,534.9,4990.59,5022.34
1197,easy,12,15:28:34,16:51:06,16:52:47,COMPLETED,21241.0,1697.7,4952.28,5053.71
1269,easy,12,15:30:31,16:52:54,16:53:13,COMPLETED,25845.0,322.3,4943.19,4962.22
1141,hard,15,14:19:45,15:16:17,16:53:25,COMPLETED,28415.0,97137.2,3392.80,9220.90
1026,hard,15,14:28:33,15:29:41,16:53:57,COMPLETED,29180.0,84262.1,3668.96,8724.54
1212,easy,11,15:31:00,16:54:03,16:54:10,COMPLETED,18106.0,111.3,4983.87,4990.23
1313,hard,15,15:23:25,16:42:13,16:54:22,COMPLETED,30596.0,12166.0,4728.22,5457.92
1342,medium,13,15:27:07,16:49:11,16:54:22,COMPLETED,27249.0,5195.7,4924.46,5235.92
1329,easy,11,15:32:07,16:54:16,16:54:29,COMPLETED,19356.0,218.5,4929.57,4942.26
1236,medium,14,15:22:31,16:40:12,16:54:48,COMPLETED,30205.0,14601.9,4661.65,5537.47
1192,medium,14,15:03:23,16:16:57,16:55:07,COMPLETED,33239.0,38167.6,4414.70,6704.56
1271,easy,11,15:33:39,16:54:54,16:55:07,COMPLETED,23921.0,216.9,4875.86,4888.56
1352,medium,14,15:16:21,16:33:05,16:56:17,COMPLETED,34182.0,23204.6,4604.16,5996.21
1332,easy,12,15:33:14,16:54:29,16:57:52,COMPLETED,36445.0,3393.7,4875.26,5078.45
838,hard,15,12:18:05,12:30:26,16:58:11,COMPLETED,41466.0,267753.0,741.55,16806.68
1298,medium,13,15:33:51,16:55:13,16:59:09,COMPLETED,24442.0,3929.5,4882.89,5118.23
1281,hard,15,15:16:17,16:32:52,16:59:15,COMPLETED,33296.0,26392.1,4595.46,6178.76
1054,hard,15,14:15:25,15:12:00,16:59:22,COMPLETED,34916.0,107364.0,3395.62,9837.14
1220,easy,12,15:35:22,16:58:18,16:59:22,COMPLETED,30632.0,1079.6,4976.01,5040.14
1250,easy,12,15:30:18,16:52:41,16:59:28,COMPLETED,33016.0,6802.0,4943.34,5350.84
1317,easy,11,15:35:59,16:59:28,16:59:42,COMPLETED,28871.0,226.2,5009.84,5023.21
1248,easy,12,15:36:46,16:59:35,17:00:14,COMPLETED,20657.0,655.0,4969.59,5008.41
1347,easy,11,15:37:20,17:00:20,17:00:27,COMPLETED,27850.0,118.6,4980.95,4987.56
1190,medium,13,15:34:33,16:57:58,17:01:38,COMPLETED,33523.0,3670.6,5005.99,5225.77
1270,easy,12,15:35:44,16:59:15,17:01:57,COMPLETED,26556.0,2708.5,5011.76,5173.99
1177,medium,14,14:41:10,15:41:40,17:02:23,COMPLETED,39428.0,80725.3,3630.29,8473.67
1221,medium,13,15:37:35,17:00:34,17:02:23,COMPLETED,27422.0,1830.8,4979.11,5088.67
1114,medium,14,14:57:03,16:06:48,17:02:49,COMPLETED,37811.0,56022.5,4185.22,7546.39
1252,easy,11,15:38:37,17:02:29,17:03:21,COMPLETED,15596.0,869.0,5033.00,5084.87
914,hard,15,13:18:57,13:58:16,17:04:32,COMPLETED,26597.0,186258.6,2359.64,13535.07
1237,medium,14,15:14:12,16:32:33,17:04:38,COMPLETED,31170.0,32091.2,4701.19,6626.42
1193,easy,12,15:40:55,17:03:28,17:04:44,COMPLETED,33654.0,1283.2,4953.20,5029.81
1312,easy,11,15:41:35,17:04:51,17:05:16,COMPLETED,25572.0,426.6,4996.23,5021.52
1326,medium,14,15:20:23,16:38:35,17:05:22,COMPLETED,27944.0,26795.1,4692.30,6299.85
1353,easy,11,15:41:15,17:04:44,17:05:41,COMPLETED,24385.0,956.5,5009.81,5066.91
1303,hard,15,15:20:15,16:38:35,17:07:29,COMPLETED,30026.0,28905.1,4700.30,6434.38
1209,hard,15,15:32:47,16:54:29,17:07:29,COMPLETED,32058.0,13007.0,4902.26,5682.38
1284,medium,13,15:38:28,17:02:29,17:08:01,COMPLETED,31148.0,5524.6,5042.00,5373.16
1349,medium,13,15:43:05,17:05:48,17:08:07,COMPLETED,28256.0,2328.3,4963.24,5102.54
1319,medium,13,15:43:30,17:07:35,17:10:09,COMPLETED,20057.0,2565.0,5045.78,5199.25
1280,medium,13,15:45:52,17:10:15,17:10:54,COMPLETED,29380.0,652.3,5063.76,5102.59
1199,hard,15,15:43:24,17:07:35,17:14:14,COMPLETED,27272.0,6651.6,5051.78,5450.41
1289,medium,14,15:41:06,17:04:38,17:16:03,COMPLETED,35622.0,11421.1,5012.42,5697.40
1205,easy,11,15:46:19,17:16:09,17:16:22,COMPLETED,29413.0,216.4,5390.74,5403.42
1243,easy,12,15:46:29,17:16:28,17:16:54,COMPLETED,25149.0,427.8,5399.74,5425.10
1335,easy,11,15:47:14,17:17:00,17:17:13,COMPLETED,20541.0,216.3,5386.44,5399.11
1208,medium,14,15:35:54,16:59:28,17:18:48,COMPLETED,33824.0,19326.9,5014.84,6174.19
1340,easy,12,15:47:24,17:17:19,17:20:23,COMPLETED,34119.0,3079.3,5395.44,5579.68
1268,medium,14,15:35:47,16:59:22,17:20:43,COMPLETED,37079.0,21360.1,5015.14,6296.35
1330,easy,12,15:48:21,17:20:30,17:20:56,COMPLETED,28994.0,447.3,5529.23,5555.51
1245,hard,15,15:26:37,16:48:08,17:22:20,COMPLETED,35820.0,34215.8,4891.17,6943.74
1286,easy,12,15:49:07,17:21:03,17:22:20,COMPLETED,32794.0,1303.1,5516.12,5593.74
1356,medium,13,15:22:56,16:40:50,17:22:34,COMPLETED,35864.0,41724.6,4674.91,7178.06
1292,easy,12,15:49:03,17:20:49,17:22:40,COMPLETED,26945.0,1854.8,5506.89,5617.61
1230,easy,11,15:49:14,17:22:27,17:22:53,COMPLETED,26166.0,449.9,5593.35,5619.95
1223,hard,15,15:45:54,17:11:00,17:23:00,COMPLETED,27805.0,12002.5,5106.93,5826.50
1310,easy,11,15:49:19,17:22:40,17:23:07,COMPLETED,30682.0,452.3,5601.61,5628.17
1253,easy,12,15:49:45,17:23:07,17:23:45,COMPLETED,21261.0,653.2,5602.17,5640.86
1204,easy,12,15:50:52,17:23:52,17:24:31,COMPLETED,32499.0,663.7,5580.41,5619.61
1296,easy,12,15:49:40,17:22:47,17:24:44,COMPLETED,27392.0,1965.4,5587.25,5704.89
1321,easy,12,15:51:55,17:24:38,17:25:03,COMPLETED,29226.0,435.4,5563.29,5588.90
1359,medium,13,15:50:09,17:23:13,17:26:28,COMPLETED,33853.0,3243.3,5584.81,5779.12
1328,medium,14,15:33:46,16:55:13,17:26:47,COMPLETED,35112.0,31558.7,4887.89,6781.14
1256,easy,11,15:52:48,17:26:34,17:26:53,COMPLETED,29362.0,324.2,5626.45,5645.53
1241,medium,13,15:49:13,17:22:27,17:27:06,COMPLETED,32104.0,4653.8,5594.35,5873.29
1320,medium,13,15:51:55,17:24:51,17:27:18,COMPLETED,26082.0,2467.9,5576.21,5723.99
1272,easy,11,15:53:05,17:27:12,17:27:31,COMPLETED,28821.0,323.1,5647.63,5666.69
1262,easy,12,15:52:53,17:26:59,17:28:53,COMPLETED,32258.0,1904.0,5646.94,5760.87
1235,medium,13,15:53:08,17:27:25,17:29:38,COMPLETED,29994.0,2218.6,5657.33,5790.15
1228,medium,13,15:47:52,17:18:54,17:31:00,COMPLETED,29011.0,12103.0,5462.55,6188.45
1265,easy,12,15:55:16,17:29:44,17:31:06,COMPLETED,27488.0,1379.6,5668.49,5750.78
867,hard,15,13:32:54,14:12:17,17:32:04,COMPLETED,32201.0,199786.6,2363.69,14350.76
1222,easy,11,15:56:40,17:32:11,17:32:24,COMPLETED,27425.0,224.6,5731.24,5744.18
1318,medium,13,15:39:30,17:02:55,17:32:37,COMPLETED,26737.0,29696.4,5005.74,6787.11
1218,medium,13,15:56:08,17:31:06,17:32:37,COMPLETED,27078.0,1514.3,5698.78,5789.11
1240,easy,12,15:57:49,17:32:43,17:32:56,COMPLETED,30446.0,219.7,5694.70,5707.39
1115,hard,15,14:32:28,15:34:22,17:33:28,COMPLETED,29446.0,119105.3,3714.63,10860.76
1238,easy,12,15:57:34,17:32:30,17:33:35,COMPLETED,27415.0,1086.7,5696.75,5761.33
1195,easy,12,15:58:36,17:33:02,17:33:35,COMPLETED,26160.0,551.0,5666.93,5699.33
1203,easy,11,15:59:59,17:33:42,17:34:08,COMPLETED,33173.0,441.5,5623.04,5649.10
1341,hard,15,15:34:26,16:56:23,17:34:33,COMPLETED,25365.0,38179.0,4917.54,7207.91
1357,medium,14,15:52:11,17:25:10,17:34:33,COMPLETED,31552.0,9398.7,5579.47,6142.91
1233,easy,12,15:58:38,17:33:35,17:34:33,COMPLETED,25856.0,985.3,5697.33,5755.91
1489,easy,11,16:00:09,17:34:14,17:34:40,COMPLETED,26019.0,442.7,5645.66,5671.51
1441,easy,12,16:00:10,17:34:40,17:34:53,COMPLETED,24608.0,223.4,5670.51,5683.72
1375,easy,12,16:00:50,17:35:00,17:35:19,COMPLETED,27642.0,336.1,5650.05,5669.72
1387,easy,12,16:00:57,17:35:26,17:35:39,COMPLETED,30478.0,226.9,5669.25,5682.37
1371,easy,12,16:00:15,17:34:47,17:35:45,COMPLETED,32939.0,986.8,5672.30,5730.91
1484,easy,11,16:01:20,17:35:52,17:36:05,COMPLETED,24749.0,217.9,5672.55,5685.26
1355,medium,13,15:57:56,17:32:43,17:36:37,COMPLETED,32003.0,3903.0,5687.70,5921.43
1251,medium,13,15:59:04,17:33:42,17:36:57,COMPLETED,28486.0,3259.8,5678.04,5873.17
1481,easy,11,16:01:52,17:36:44,17:36:57,COMPLETED,26696.0,228.5,5692.01,5705.17
1525,easy,11,16:03:11,17:37:03,17:37:17,COMPLETED,22480.0,227.4,5632.76,5646.03
1311,medium,13,15:53:58,17:27:38,17:37:36,COMPLETED,35578.0,9973.9,5620.05,6218.22
1454,easy,12,16:03:42,17:37:42,17:38:07,COMPLETED,24946.0,427.1,5640.55,5665.87
1446,easy,12,16:03:30,17:37:03,17:38:26,COMPLETED,28762.0,1387.8,5613.76,5696.87
1476,easy,12,16:04:16,17:38:14,17:39:04,COMPLETED,28542.0,848.4,5638.20,5688.80
1395,easy,11,16:05:42,17:39:11,17:39:17,COMPLETED,25947.0,112.4,5609.13,5615.53
1202,hard,15,15:49:44,17:23:00,17:39:30,COMPLETED,29127.0,16500.7,5596.50,6586.28
1529,medium,13,16:05:32,17:38:33,17:40:14,COMPLETED,24543.0,1695.7,5581.21,5682.66
1507,easy,11,16:06:47,17:40:20,17:40:33,COMPLETED,25216.0,216.1,5613.99,5626.65
1434,easy,12,16:06:09,17:39:36,17:40:58,COMPLETED,24108.0,1378.2,5607.62,5690.00
1425,easy,11,16:07:37,17:41:05,17:41:24,COMPLETED,26493.0,321.5,5608.34,5627.32
1278,hard,15,15:44:00,17:08:07,17:44:37,COMPLETED,31228.0,36501.2,5047.54,7237.21
1488,easy,11,16:07:38,17:44:43,17:44:50,COMPLETED,25724.0,113.2,5825.75,5832.10
1424,medium,13,16:00:10,17:34:40,17:46:27,COMPLETED,38502.0,11782.7,5670.51,6377.20
1374,easy,12,16:07:57,17:46:33,17:47:06,COMPLETED,30952.0,548.7,5916.54,5949.17
1261,medium,14,15:41:44,17:05:22,17:47:12,COMPLETED,28606.0,41832.2,5018.85,7528.49
1504,medium,14,16:08:07,17:47:18,17:49:14,COMPLETED,30523.0,1927.2,5951.88,6067.16
1510,medium,13,16:07:59,17:47:12,17:49:26,COMPLETED,30082.0,2246.6,5953.49,6087.94
1388,easy,12,16:08:41,17:49:20,17:50:30,COMPLETED,24158.0,1166.6,6039.54,6109.24
1460,easy,12,16:09:40,17:50:36,17:51:01,COMPLETED,35557.0,426.5,6056.57,6081.86
1423,medium,13,16:07:37,17:41:30,17:54:05,COMPLETED,38457.0,12582.0,5633.65,6388.27
1464,easy,12,16:10:13,17:54:11,17:55:33,COMPLETED,31052.0,1377.7,6238.61,6320.96
1448,medium,14,16:03:36,17:37:23,17:57:15,COMPLETED,25344.0,19871.4,5627.45,6819.46
1437,hard,15,16:01:36,17:36:11,17:57:21,COMPLETED,31957.0,21174.2,5675.66,6945.79
1467,easy,11,16:11:04,17:57:21,17:57:53,COMPLETED,27288.0,535.7,6377.79,6409.63
1174,hard,15,14:59:33,16:09:33,17:58:50,COMPLETED,34205.0,109297.7,4200.05,10757.73
31,hard,15,08:03:42,08:03:45,18:00:00,UNFINISHED,-1,-1,-1
88,hard,15,08:18:05,08:18:05,18:00:00,UNFINISHED,-1,-1,-1
472,hard,15,10:11:02,10:11:06,18:00:00,UNFINISHED,-1,-1,-1
420,hard,15,10:34:14,10:34:17,18:00:00,UNFINISHED,-1,-1,-1
611,hard,15,11:00:42,11:02:24,18:00:00,UNFINISHED,-1,-1,-1
619,hard,15,11:14:11,11:14:17,18:00:00,UNFINISHED,-1,-1,-1
515,hard,15,11:47:31,11:56:36,18:00:00,UNFINISHED,-1,-1,-1
555,hard,15,11:51:26,11:59:02,18:00:00,UNFINISHED,-1,-1,-1
669,hard,15,11:51:44,12:00:07,18:00:00,UNFINISHED,-1,-1,-1
782,hard,15,12:18:59,12:31:42,18:00:00,UNFINISHED,-1,-1,-1
716,hard,15,12:52:39,13:18:04,18:00:00,UNFINISHED,-1,-1,-1
706,hard,15,12:57:22,13:26:47,18:00:00,UNFINISHED,-1,-1,-1
929,hard,15,13:03:28,13:36:31,18:00:00,UNFINISHED,-1,-1,-1
968,hard,15,13:04:56,13:37:34,18:00:00,UNFINISHED,-1,-1,-1
934,hard,15,13:05:51,13:40:00,18:00:00,UNFINISHED,-1,-1,-1
946,hard,15,13:11:54,13:52:17,18:00:00,UNFINISHED,-1,-1,-1
855,hard,15,13:18:17,13:56:53,18:00:00,UNFINISHED,-1,-1,-1
980,hard,15,13:34:02,14:14:56,18:00:00,UNFINISHED,-1,-1,-1
957,hard,15,13:39:25,14:20:31,18:00:00,UNFINISHED,-1,-1,-1
889,hard,15,13:44:48,14:30:29,18:00:00,UNFINISHED,-1,-1,-1
875,hard,15,13:50:41,14:40:09,18:00:00,UNFINISHED,-1,-1,-1
1048,hard,15,14:02:39,14:52:38,18:00:00,UNFINISHED,-1,-1,-1
1138,hard,15,14:11:09,15:05:42,18:00:00,UNFINISHED,-1,-1,-1
1076,hard,15,14:12:11,15:07:13,18:00:00,UNFINISHED,-1,-1,-1
1044,hard,15,14:25:50,15:27:58,18:00:00,UNFINISHED,-1,-1,-1
1187,hard,15,14:33:14,15:35:19,18:00:00,UNFINISHED,-1,-1,-1
1102,hard,15,14:43:53,15:45:49,18:00:00,UNFINISHED,-1,-1,-1
1154,hard,15,14:51:01,15:56:55,18:00:00,UNFINISHED,-1,-1,-1
1171,hard,15,14:55:02,16:02:29,18:00:00,UNFINISHED,-1,-1,-1
1082,hard,15,14:55:36,16:04:19,18:00:00,UNFINISHED,-1,-1,-1
1113,hard,15,14:57:33,16:07:19,18:00:00,UNFINISHED,-1,-1,-1
1206,hard,15,15:02:51,16:15:20,18:00:00,UNFINISHED,-1,-1,-1
1217,hard,15,15:04:20,16:19:49,18:00:00,UNFINISHED,-1,-1,-1
1210,hard,15,15:04:51,16:20:59,18:00:00,UNFINISHED,-1,-1,-1
1327,hard,15,15:10:27,16:27:32,18:00:00,UNFINISHED,-1,-1,-1
1229,medium,14,15:13:56,16:31:35,18:00:00,UNFINISHED,-1,-1,-1
1309,hard,15,15:19:10,16:37:03,18:00:00,UNFINISHED,-1,-1,-1
1258,hard,15,15:23:24,16:41:47,18:00:00,UNFINISHED,-1,-1,-1
1201,hard,15,15:28:07,16:50:02,18:00:00,UNFINISHED,-1,-1,-1
1301,hard,15,15:28:56,16:51:50,18:00:00,UNFINISHED,-1,-1,-1
1214,medium,14,15:30:21,16:52:47,18:00:00,UNFINISHED,-1,-1,-1
1267,hard,15,15:30:40,16:53:19,18:00:00,UNFINISHED,-1,-1,-1
1306,hard,15,15:30:43,16:53:32,18:00:00,UNFINISHED,-1,-1,-1
1215,hard,15,15:33:24,16:54:35,18:00:00,UNFINISHED,-1,-1,-1
1275,hard,15,15:37:13,16:59:48,18:00:00,UNFINISHED,-1,-1,-1
1304,hard,15,15:37:39,17:01:45,18:00:00,UNFINISHED,-1,-1,-1
1224,hard,15,15:38:05,17:02:04,18:00:00,UNFINISHED,-1,-1,-1
1231,hard,15,15:42:37,17:05:29,18:00:00,UNFINISHED,-1,-1,-1
1336,hard,15,15:44:24,17:08:13,18:00:00,UNFINISHED,-1,-1,-1
1307,hard,15,15:46:17,17:14:20,18:00:00,UNFINISHED,-1,-1,-1
1255,medium,14,15:52:49,17:26:53,18:00:00,UNFINISHED,-1,-1,-1
1234,medium,14,15:54:28,17:29:00,18:00:00,UNFINISHED,-1,-1,-1
1287,hard,15,15:56:25,17:31:13,18:00:00,UNFINISHED,-1,-1,-1
1459,medium,13,16:00:14,17:34:40,18:00:00,UNFINISHED,-1,-1,-1
1475,hard,15,16:01:18,17:35:45,18:00:00,UNFINISHED,-1,-1,-1
1501,medium,14,16:05:44,17:39:23,18:00:00,UNFINISHED,-1,-1,-1
1391,hard,15,16:07:19,17:40:39,18:00:00,UNFINISHED,-1,-1,-1
1414,medium,14,16:07:40,17:44:56,18:00:00,UNFINISHED,-1,-1,-1
1368,hard,15,16:09:37,17:49:33,18:00:00,UNFINISHED,-1,-1,-1
1376,hard,15,16:09:49,17:51:08,18:00:00,UNFINISHED,-1,-1,-1
1482,hard,15,16:10:41,17:55:40,18:00:00,UNFINISHED,-1,-1,-1
1503,easy,12,16:11:12,17:57:28,18:00:00,UNFINISHED,-1,-1,-1
1431,hard,15,16:11:26,17:57:59,18:00:00,UNFINISHED,-1,-1,-1
1445,medium,13,16:11:34,17:58:57,18:00:00,UNFINISHED,-1,-1,-1
1478,easy,11,16:12:15,-,-,IGNORED,-1,-1
1479,easy,11,16:12:38,-,-,IGNORED,-1,-1
1429,medium,14,16:13:13,-,-,IGNORED,-1,-1
1468,easy,12,16:13:49,-,-,IGNORED,-1,-1
1472,easy,11,16:14:14,-,-,IGNORED,-1,-1
1370,hard,15,16:15:26,-,-,IGNORED,-1,-1
1408,easy,12,16:15:33,-,-,IGNORED,-1,-1
1360,medium,14,16:15:36,-,-,IGNORED,-1,-1
1492,easy,11,16:15:58,-,-,IGNORED,-1,-1
1512,easy,11,16:16:01,-,-,IGNORED,-1,-1
1438,easy,11,16:16:33,-,-,IGNORED,-1,-1
1373,easy,12,16:16:35,-,-,IGNORED,-1,-1
1508,easy,12,16:17:44,-,-,IGNORED,-1,-1
1513,hard,15,16:17:55,-,-,IGNORED,-1,-1
1419,easy,11,16:17:59,-,-,IGNORED,-1,-1
1405,easy,11,16:18:17,-,-,IGNORED,-1,-1
1404,easy,11,16:18:33,-,-,IGNORED,-1,-1
1465,easy,11,16:19:02,-,-,IGNORED,-1,-1
1394,easy,12,16:19:20,-,-,IGNORED,-1,-1
1453,medium,13,16:19:26,-,-,IGNORED,-1,-1
1440,easy,12,16:19:32,-,-,IGNORED,-1,-1
1363,easy,12,16:19:37,-,-,IGNORED,-1,-1
1410,hard,15,16:19:45,-,-,IGNORED,-1,-1
1435,easy,11,16:21:08,-,-,IGNORED,-1,-1
1452,easy,12,16:21:13,-,-,IGNORED,-1,-1
1407,easy,11,16:21:30,-,-,IGNORED,-1,-1
1415,medium,13,16:21:46,-,-,IGNORED,-1,-1
1502,hard,15,16:21:54,-,-,IGNORED,-1,-1
1520,easy,12,16:22:08,-,-,IGNORED,-1,-1
1471,easy,11,16:22:19,-,-,IGNORED,-1,-1
1451,easy,12,16:22:20,-,-,IGNORED,-1,-1
1463,easy,12,16:23:35,-,-,IGNORED,-1,-1
1412,easy,12,16:23:38,-,-,IGNORED,-1,-1
1505,easy,12,16:24:55,-,-,IGNORED,-1,-1
1399,easy,11,16:25:26,-,-,IGNORED,-1,-1
1427,easy,12,16:25:58,-,-,IGNORED,-1,-1
1382,easy,11,16:26:00,-,-,IGNORED,-1,-1
1500,easy,12,16:26:11,-,-,IGNORED,-1,-1
1455,hard,15,16:26:13,-,-,IGNORED,-1,-1
1498,medium,13,16:26:35,-,-,IGNORED,-1,-1
1497,easy,11,16:26:54,-,-,IGNORED,-1,-1
1519,hard,15,16:27:19,-,-,IGNORED,-1,-1
1372,medium,14,16:27:42,-,-,IGNORED,-1,-1
1509,easy,12,16:28:34,-,-,IGNORED,-1,-1
1411,medium,14,16:28:46,-,-,IGNORED,-1,-1
1462,hard,15,16:28:51,-,-,IGNORED,-1,-1
1456,easy,12,16:29:28,-,-,IGNORED,-1,-1
1469,easy,11,16:29:31,-,-,IGNORED,-1,-1
1369,medium,14,16:30:25,-,-,IGNORED,-1,-1
1439,easy,12,16:30:42,-,-,IGNORED,-1,-1
1487,easy,11,16:30:44,-,-,IGNORED,-1,-1
1397,easy,12,16:30:56,-,-,IGNORED,-1,-1
1409,easy,11,16:31:00,-,-,IGNORED,-1,-1
1381,hard,15,16:31:32,-,-,IGNORED,-1,-1
1421,easy,12,16:31:53,-,-,IGNORED,-1,-1
1466,hard,15,16:32:33,-,-,IGNORED,-1,-1
1365,easy,11,16:32:36,-,-,IGNORED,-1,-1
1517,hard,15,16:33:42,-,-,IGNORED,-1,-1
1362,easy,12,16:34:24,-,-,IGNORED,-1,-1
1450,easy,12,16:34:48,-,-,IGNORED,-1,-1
1516,easy,12,16:35:00,-,-,IGNORED,-1,-1
1480,easy,12,16:35:06,-,-,IGNORED,-1,-1
1422,medium,13,16:35:09,-,-,IGNORED,-1,-1
1420,easy,12,16:36:09,-,-,IGNORED,-1,-1
1393,medium,14,16:36:13,-,-,IGNORED,-1,-1
1367,easy,11,16:36:21,-,-,IGNORED,-1,-1
1442,hard,15,16:36:37,-,-,IGNORED,-1,-1
1486,easy,12,16:36:38,-,-,IGNORED,-1,-1
1524,hard,15,16:36:40,-,-,IGNORED,-1,-1
1390,easy,12,16:36:44,-,-,IGNORED,-1,-1
1499,easy,11,16:37:18,-,-,IGNORED,-1,-1
1426,medium,14,16:38:01,-,-,IGNORED,-1,-1
1518,easy,11,16:38:03,-,-,IGNORED,-1,-1
1485,easy,11,16:38:24,-,-,IGNORED,-1,-1
1470,easy,11,16:38:24,-,-,IGNORED,-1,-1
1418,easy,11,16:38:46,-,-,IGNORED,-1,-1
1494,easy,12,16:39:30,-,-,IGNORED,-1,-1
1483,hard,15,16:39:36,-,-,IGNORED,-1,-1
1511,medium,14,16:39:41,-,-,IGNORED,-1,-1
1457,hard,15,16:39:50,-,-,IGNORED,-1,-1
1521,hard,15,16:40:07,-,-,IGNORED,-1,-1
1366,medium,13,16:40:12,-,-,IGNORED,-1,-1
1364,medium,14,16:40:15,-,-,IGNORED,-1,-1
1436,easy,11,16:40:20,-,-,IGNORED,-1,-1
1449,easy,12,16:41:01,-,-,IGNORED,-1,-1
1490,hard,15,16:41:07,-,-,IGNORED,-1,-1
1406,medium,13,16:41:52,-,-,IGNORED,-1,-1
1386,hard,15,16:42:22,-,-,IGNORED,-1,-1
1433,easy,12,16:42:23,-,-,IGNORED,-1,-1
1400,medium,14,16:42:31,-,-,IGNORED,-1,-1
1474,easy,11,16:42:48,-,-,IGNORED,-1,-1
1461,hard,15,16:43:26,-,-,IGNORED,-1,-1
1443,easy,12,16:44:02,-,-,IGNORED,-1,-1
1430,easy,11,16:44:12,-,-,IGNORED,-1,-1
1361,medium,14,16:45:22,-,-,IGNORED,-1,-1
1417,hard,15,16:47:04,-,-,IGNORED,-1,-1
1522,hard,15,16:47:09,-,-,IGNORED,-1,-1
1506,easy,11,16:47:11,-,-,IGNORED,-1,-1
1398,easy,11,16:47:22,-,-,IGNORED,-1,-1
1392,hard,15,16:47:37,-,-,IGNORED,-1,-1
1377,medium,13,16:48:17,-,-,IGNORED,-1,-1
1389,medium,14,16:48:36,-,-,IGNORED,-1,-1
1413,medium,13,16:48:42,-,-,IGNORED,-1,-1
1396,easy,12,16:49:05,-,-,IGNORED,-1,-1
1493,medium,14,16:49:12,-,-,IGNORED,-1,-1
1496,hard,15,16:49:14,-,-,IGNORED,-1,-1
1444,easy,12,16:49:36,-,-,IGNORED,-1,-1
1458,medium,14,16:49:42,-,-,IGNORED,-1,-1
1416,medium,14,16:49:56,-,-,IGNORED,-1,-1
1402,medium,13,16:50:02,-,-,IGNORED,-1,-1
1495,hard,15,16:51:11,-,-,IGNORED,-1,-1
1528,easy,12,16:51:46,-,-,IGNORED,-1,-1
1491,medium,14,16:52:03,-,-,IGNORED,-1,-1
1385,easy,12,16:52:14,-,-,IGNORED,-1,-1
1447,medium,13,16:53:18,-,-,IGNORED,-1,-1
1379,medium,13,16:53:25,-,-,IGNORED,-1,-1
1432,medium,14,16:53:26,-,-,IGNORED,-1,-1
1378,hard,15,16:53:27,-,-,IGNORED,-1,-1
1384,easy,12,16:53:44,-,-,IGNORED,-1,-1
1523,easy,11,16:53:46,-,-,IGNORED,-1,-1
1515,medium,13,16:54:12,-,-,IGNORED,-1,-1
1401,easy,11,16:55:20,-,-,IGNORED,-1,-1
1403,easy,11,16:55:42,-,-,IGNORED,-1,-1
1526,medium,13,16:56:25,-,-,IGNORED,-1,-1
1383,medium,14,16:56:33,-,-,IGNORED,-1,-1
1380,easy,12,16:56:35,-,-,IGNORED,-1,-1
1514,hard,15,16:57:24,-,-,IGNORED,-1,-1
1428,easy,12,16:57:50,-,-,IGNORED,-1,-1
1477,hard,15,16:58:30,-,-,IGNORED,-1,-1
1473,hard,15,16:58:41,-,-,IGNORED,-1,-1
1527,easy,12,16:59:54,-,-,IGNORED,-1,-1
