task_id,difficulty,n,arrival_sim,start_sim,end_sim,status,cost,real_duration_sec,waiting_time_mili_sec,time_in_system_mili_sec
91,easy,11,08:02:36,08:02:37,08:03:25,COMPLETED,36735.0,813.3,1.05,49.95
135,easy,11,08:03:29,08:03:32,08:04:02,COMPLETED,29705.0,505.3,3.03,33.30
84,medium,13,08:01:30,08:01:30,08:04:14,COMPLETED,27575.0,2737.3,0.21,164.44
27,medium,14,08:03:01,08:03:01,08:04:50,COMPLETED,29353.0,1819.3,0.50,109.65
22,easy,12,08:05:24,08:05:27,08:06:22,COMPLETED,27216.0,916.7,3.06,58.02
58,easy,12,08:05:37,08:05:39,08:06:22,COMPLETED,29636.0,711.9,2.36,45.02
120,medium,13,08:05:30,08:05:33,08:07:29,COMPLETED,26361.0,1932.8,3.21,119.11
21,medium,13,08:05:36,08:05:39,08:07:35,COMPLETED,27425.0,1932.6,3.36,119.26
11,easy,11,08:08:10,08:08:11,08:08:24,COMPLETED,31148.0,205.4,1.86,14.21
16,easy,12,08:08:07,08:08:11,08:08:30,COMPLETED,27672.0,308.2,4.86,23.31
113,easy,11,08:08:36,08:08:36,08:08:48,COMPLETED,22811.0,204.3,0.39,12.58
1,medium,14,08:07:09,08:07:10,08:09:19,COMPLETED,30960.0,2138.7,1.63,130.01
13,medium,13,08:08:05,08:08:05,08:09:55,COMPLETED,33909.0,1830.2,0.74,110.49
0,medium,13,08:05:38,08:05:39,08:11:02,COMPLETED,35900.0,5383.3,1.36,324.39
33,easy,11,08:10:35,08:10:38,08:11:02,COMPLETED,36929.0,406.9,3.05,27.39
80,easy,12,08:11:19,08:11:20,08:11:32,COMPLETED,29455.0,205.2,1.60,13.89
98,easy,11,08:11:41,08:11:45,08:11:57,COMPLETED,30037.0,206.0,4.06,16.31
43,medium,14,08:09:03,08:09:06,08:12:03,COMPLETED,33287.0,2944.9,3.80,180.46
17,easy,11,08:11:51,08:11:51,08:12:27,COMPLETED,34552.0,611.6,0.18,36.81
59,easy,12,08:11:52,08:11:57,08:12:33,COMPLETED,25811.0,611.9,5.31,41.91
132,easy,12,08:12:28,08:12:33,08:12:46,COMPLETED,20867.0,204.7,5.91,18.12
29,medium,13,08:05:18,08:05:20,08:13:04,COMPLETED,33637.0,7724.3,2.92,466.35
89,easy,12,08:11:16,08:11:20,08:13:10,COMPLETED,26380.0,1831.4,4.60,114.44
39,medium,14,08:03:06,08:03:07,08:13:16,COMPLETED,34512.0,10148.1,1.66,610.53
116,medium,14,08:11:26,08:11:26,08:14:05,COMPLETED,35566.0,2643.9,0.74,159.33
67,easy,11,08:13:59,08:13:59,08:14:05,COMPLETED,22957.0,104.1,0.22,6.33
128,easy,12,08:14:27,08:14:29,08:14:35,COMPLETED,24573.0,104.6,2.76,8.96
92,medium,14,08:13:31,08:13:34,08:15:06,COMPLETED,30638.0,1529.5,3.80,95.49
65,easy,11,08:15:57,08:16:01,08:16:20,COMPLETED,23892.0,313.9,4.31,23.04
117,medium,14,08:07:14,08:07:16,08:16:32,COMPLETED,24714.0,9257.1,2.92,558.29
137,easy,12,08:15:57,08:16:01,08:16:44,COMPLETED,31395.0,722.8,4.31,47.58
104,medium,14,08:09:33,08:09:37,08:17:27,COMPLETED,25893.0,7839.1,4.22,474.42
71,easy,12,08:16:39,08:16:44,08:17:27,COMPLETED,26898.0,717.8,5.58,48.42
5,easy,11,08:17:28,08:17:33,08:17:39,COMPLETED,25875.0,106.9,5.70,11.91
121,easy,11,08:17:22,08:17:27,08:18:10,COMPLETED,34710.0,720.9,5.42,48.58
57,easy,11,08:20:25,08:20:30,08:20:55,COMPLETED,25274.0,409.4,5.98,30.45
108,easy,12,08:20:48,08:20:49,08:21:38,COMPLETED,29507.0,815.9,1.31,50.16
122,medium,13,08:20:15,08:20:18,08:22:08,COMPLETED,29204.0,1834.8,3.76,113.76
48,medium,14,08:02:36,08:02:37,08:22:33,COMPLETED,35186.0,19936.6,1.05,1197.21
79,medium,13,08:22:16,08:22:20,08:23:09,COMPLETED,31778.0,818.0,4.97,53.97
131,easy,11,08:22:35,08:22:39,08:23:09,COMPLETED,26269.0,511.9,4.36,34.97
63,easy,12,08:21:44,08:21:44,08:23:34,COMPLETED,34065.0,1836.2,0.29,110.39
87,medium,14,08:19:34,08:19:36,08:24:11,COMPLETED,32308.0,4584.1,2.09,277.01
149,medium,13,08:21:53,08:21:56,08:24:11,COMPLETED,22275.0,2244.0,3.52,138.01
23,easy,12,08:22:51,08:22:51,08:24:23,COMPLETED,30241.0,1529.3,0.61,92.29
12,easy,11,08:24:10,08:24:11,08:24:23,COMPLETED,23414.0,206.3,1.01,13.29
53,easy,11,08:24:37,08:24:41,08:25:06,COMPLETED,31731.0,409.3,4.63,29.07
112,medium,13,08:14:49,08:14:54,08:25:30,COMPLETED,28203.0,10605.8,5.26,641.56
138,medium,14,08:11:23,08:11:26,08:25:55,COMPLETED,28044.0,14472.2,3.74,872.04
82,easy,12,08:25:41,08:25:42,08:26:13,COMPLETED,26811.0,513.1,1.79,32.45
93,easy,12,08:26:03,08:26:07,08:26:25,COMPLETED,34172.0,308.8,4.28,22.72
45,medium,13,08:25:09,08:25:12,08:27:51,COMPLETED,28360.0,2650.6,3.22,162.18
38,easy,12,08:25:05,08:25:06,08:28:40,COMPLETED,35195.0,3567.8,1.07,215.06
8,easy,11,08:28:31,08:28:33,08:28:40,COMPLETED,27291.0,104.9,2.88,9.06
86,easy,11,08:28:32,08:28:33,08:28:46,COMPLETED,34667.0,207.0,1.88,14.20
123,easy,12,08:28:57,08:28:58,08:29:35,COMPLETED,28421.0,614.5,1.47,38.21
124,medium,14,08:20:04,08:20:06,08:30:05,COMPLETED,31775.0,9989.0,2.54,601.79
2,medium,14,08:30:14,08:30:18,08:32:15,COMPLETED,28567.0,1964.6,4.17,121.94
28,medium,13,08:31:23,08:31:26,08:32:46,COMPLETED,24470.0,1341.1,3.21,83.67
103,medium,14,08:28:45,08:28:46,08:33:41,COMPLETED,29325.0,4926.8,1.20,296.73
141,hard,15,08:26:05,08:26:07,08:34:55,COMPLETED,29781.0,8800.4,2.28,530.20
3,medium,13,08:26:53,08:26:56,08:35:25,COMPLETED,31942.0,8497.7,3.23,512.99
54,easy,12,08:34:55,08:34:55,08:35:32,COMPLETED,23332.0,617.3,0.20,37.17
143,medium,14,08:10:19,08:10:19,08:36:51,COMPLETED,31780.0,26536.9,0.79,1592.93
41,medium,14,08:16:05,08:16:07,08:36:51,COMPLETED,31562.0,20740.3,2.60,1246.93
111,medium,13,08:36:51,08:36:51,08:37:10,COMPLETED,30086.0,309.7,0.93,19.41
26,easy,11,08:37:26,08:37:28,08:37:53,COMPLETED,30457.0,416.7,2.88,27.68
42,easy,12,08:37:19,08:37:22,08:38:30,COMPLETED,26242.0,1141.5,3.70,71.99
30,easy,11,08:38:23,08:38:24,08:38:30,COMPLETED,22507.0,108.1,1.75,7.99
9,medium,13,08:37:39,08:37:41,08:39:26,COMPLETED,26702.0,1762.8,2.29,107.86
25,medium,14,08:37:16,08:37:16,08:39:39,COMPLETED,26967.0,2384.2,0.54,143.30
147,medium,13,08:33:42,08:33:47,08:39:45,COMPLETED,31217.0,5967.4,5.86,363.65
40,hard,15,08:04:58,08:05:02,08:40:29,COMPLETED,32987.0,35441.4,4.74,2131.20
55,medium,14,08:38:38,08:38:43,08:40:47,COMPLETED,26773.0,2076.3,5.41,129.82
50,hard,15,08:22:29,08:22:33,08:40:54,COMPLETED,27023.0,18348.9,4.21,1105.07
97,easy,11,08:40:34,08:40:35,08:41:12,COMPLETED,28347.0,626.3,1.35,38.72
110,easy,11,08:41:16,08:41:18,08:41:25,COMPLETED,22082.0,108.6,2.97,9.27
36,medium,14,08:31:16,08:31:19,08:41:37,COMPLETED,31375.0,10299.6,3.91,621.73
31,easy,12,08:42:31,08:42:33,08:42:57,COMPLETED,23910.0,418.8,2.26,27.00
94,medium,13,08:39:36,08:39:39,08:43:47,COMPLETED,24892.0,4145.8,3.30,251.91
129,easy,11,08:43:39,08:43:41,08:44:00,COMPLETED,20704.0,310.7,2.73,21.25
109,easy,11,08:44:14,08:44:18,08:44:24,COMPLETED,25420.0,106.0,4.65,10.84
119,easy,12,08:43:29,08:43:29,08:44:31,COMPLETED,27334.0,1031.5,0.28,62.04
90,medium,14,08:35:04,08:35:07,08:44:37,COMPLETED,29152.0,9496.2,3.54,573.22
81,easy,12,08:44:23,08:44:24,08:44:37,COMPLETED,21769.0,208.9,1.84,14.22
146,medium,14,08:34:54,08:34:55,08:44:49,COMPLETED,32004.0,9907.0,1.20,595.53
18,medium,14,08:15:18,08:15:18,08:45:07,COMPLETED,39551.0,29822.2,0.69,1789.94
102,easy,12,08:42:57,08:42:57,08:45:44,COMPLETED,25659.0,2779.9,1.00,167.76
133,easy,12,08:45:06,08:45:07,08:45:50,COMPLETED,33299.0,717.7,1.94,44.94
88,easy,11,08:46:00,08:46:03,08:46:09,COMPLETED,19489.0,105.3,3.24,9.40
99,easy,12,08:47:36,08:47:41,08:47:59,COMPLETED,22326.0,309.4,5.34,23.77
15,medium,13,08:48:20,08:48:24,08:48:55,COMPLETED,32194.0,518.5,4.35,35.24
19,easy,12,08:48:56,08:49:01,08:49:51,COMPLETED,21120.0,832.2,5.50,55.31
77,medium,13,08:46:05,08:46:09,08:49:57,COMPLETED,27432.0,3806.0,4.40,232.46
51,easy,11,08:49:53,08:49:57,08:50:09,COMPLETED,26411.0,211.7,4.46,16.95
34,easy,12,08:47:01,08:47:04,08:50:22,COMPLETED,40114.0,3302.6,3.55,201.56
20,easy,12,08:49:31,08:49:32,08:50:22,COMPLETED,24950.0,835.8,1.58,51.56
144,easy,11,08:50:48,08:50:53,08:51:00,COMPLETED,25161.0,111.9,5.69,12.21
46,easy,12,08:50:28,08:50:28,08:51:12,COMPLETED,38484.0,736.9,0.77,44.69
83,easy,12,08:50:50,08:50:53,08:51:43,COMPLETED,24693.0,836.9,3.69,53.85
76,easy,12,08:51:45,08:51:50,08:52:02,COMPLETED,26956.0,214.6,5.13,17.86
78,easy,11,08:52:18,08:52:21,08:52:34,COMPLETED,25307.0,213.9,3.53,16.14
134,medium,14,08:45:05,08:45:07,08:53:11,COMPLETED,26992.0,8068.1,2.94,486.89
85,easy,11,08:53:01,08:53:05,08:53:37,COMPLETED,26645.0,526.7,4.47,36.02
32,easy,12,08:53:06,08:53:11,08:54:01,COMPLETED,32373.0,841.1,5.89,55.97
56,easy,11,08:53:57,08:54:01,08:54:20,COMPLETED,22351.0,324.2,4.97,23.96
107,medium,13,08:50:16,08:50:16,08:54:33,COMPLETED,25712.0,4297.1,0.21,257.77
126,easy,11,08:54:17,08:54:20,08:54:33,COMPLETED,25514.0,217.3,3.96,16.77
49,easy,12,08:53:16,08:53:18,08:55:04,COMPLETED,28250.0,1782.9,2.11,108.96
61,hard,15,08:19:03,08:19:05,08:55:35,COMPLETED,32362.0,36508.2,2.48,2192.94
145,easy,12,08:54:16,08:54:20,08:55:54,COMPLETED,22545.0,1562.7,4.96,98.58
136,medium,13,08:55:11,08:55:11,08:55:54,COMPLETED,25914.0,727.1,0.14,43.58
118,easy,12,08:55:40,08:55:42,08:56:13,COMPLETED,24883.0,520.2,2.14,33.20
75,medium,13,08:51:50,08:51:50,08:56:50,COMPLETED,31349.0,5001.2,0.13,300.26
95,easy,12,08:55:56,08:56:00,08:56:50,COMPLETED,29815.0,827.2,4.80,54.26
64,medium,14,08:30:19,08:30:24,08:56:56,COMPLETED,37403.0,26534.0,5.46,1597.45
127,easy,12,08:57:38,08:57:39,08:57:51,COMPLETED,28810.0,209.5,1.54,13.96
44,medium,13,08:54:46,08:54:46,08:58:10,COMPLETED,25791.0,3404.1,0.38,204.49
10,medium,13,08:55:46,08:55:48,08:58:41,COMPLETED,31297.0,2884.2,2.36,175.28
7,medium,14,08:15:41,08:15:43,08:58:59,COMPLETED,37251.0,43279.8,2.00,2598.73
47,hard,15,08:26:10,08:26:13,09:00:07,COMPLETED,38514.0,33911.1,3.45,2037.80
185,easy,11,09:00:01,09:00:01,09:00:07,COMPLETED,23907.0,113.2,0.57,6.80
37,hard,15,08:51:50,08:51:50,09:00:45,COMPLETED,25889.0,8928.1,0.13,535.73
205,easy,12,09:00:05,09:00:07,09:00:58,COMPLETED,28957.0,845.8,2.80,53.42
297,easy,11,09:00:51,09:00:52,09:00:58,COMPLETED,23180.0,109.1,1.03,7.42
142,medium,14,08:45:40,08:45:44,09:01:04,COMPLETED,37098.0,15333.0,4.76,924.60
272,medium,13,09:00:21,09:00:26,09:01:17,COMPLETED,28427.0,841.9,5.73,56.03
281,easy,12,09:01:12,09:01:17,09:01:23,COMPLETED,35315.0,109.7,5.03,11.28
215,easy,12,09:01:40,09:01:42,09:01:54,COMPLETED,22402.0,214.8,2.15,14.89
96,medium,14,08:35:56,08:35:56,09:02:01,COMPLETED,32139.0,26074.7,0.65,1565.08
69,medium,14,08:53:40,08:53:43,09:02:07,COMPLETED,28319.0,8403.6,3.21,507.25
4,medium,14,08:39:40,08:39:45,09:02:13,COMPLETED,37719.0,22467.8,5.65,1353.54
265,easy,11,09:03:34,09:03:34,09:03:41,COMPLETED,24458.0,106.5,0.85,7.12
288,easy,11,09:03:34,09:03:34,09:03:41,COMPLETED,24108.0,106.3,0.85,7.12
115,medium,13,08:57:42,08:57:45,09:03:47,COMPLETED,33016.0,6029.4,3.75,365.32
74,medium,14,08:53:01,08:53:05,09:04:18,COMPLETED,29469.0,11219.0,4.47,677.48
154,easy,11,09:04:10,09:04:12,09:04:37,COMPLETED,25832.0,415.7,2.28,27.07
35,medium,13,08:59:14,08:59:18,09:06:09,COMPLETED,29699.0,6857.2,4.24,415.57
299,hard,15,09:04:14,09:04:18,09:06:46,COMPLETED,30455.0,2476.3,4.48,152.68
219,medium,14,09:00:07,09:00:07,09:06:59,COMPLETED,28097.0,6858.0,0.80,412.26
247,easy,12,09:06:33,09:06:34,09:07:30,COMPLETED,21446.0,933.5,1.27,57.13
217,easy,11,09:07:46,09:07:48,09:08:01,COMPLETED,27341.0,209.7,2.64,15.05
218,easy,12,09:08:20,09:08:25,09:08:38,COMPLETED,24160.0,209.1,5.76,18.15
6,medium,13,08:58:54,08:58:59,09:10:04,COMPLETED,34760.0,11084.3,5.73,670.64
267,medium,14,09:01:25,09:01:29,09:10:29,COMPLETED,27054.0,8999.0,4.67,544.46
151,easy,11,09:11:16,09:11:19,09:11:25,COMPLETED,23669.0,108.9,3.18,9.41
114,hard,15,08:17:38,08:17:39,09:12:21,COMPLETED,31211.0,54701.4,1.91,3283.94
241,medium,13,09:10:05,09:10:10,09:13:37,COMPLETED,26679.0,3451.3,5.87,212.71
294,easy,11,09:13:32,09:13:37,09:13:44,COMPLETED,22441.0,110.5,5.71,12.03
200,easy,11,09:13:29,09:13:31,09:14:02,COMPLETED,33386.0,529.4,2.43,33.88
225,easy,12,09:11:12,09:11:12,09:14:15,COMPLETED,25100.0,3048.0,0.92,183.57
261,easy,11,09:14:25,09:14:28,09:14:34,COMPLETED,26879.0,112.0,3.11,9.54
160,medium,14,09:09:17,09:09:21,09:15:24,COMPLETED,31307.0,6059.6,4.39,367.80
186,easy,11,09:15:50,09:15:56,09:16:15,COMPLETED,30156.0,323.1,6.22,25.30
255,easy,11,09:16:47,09:16:47,09:16:59,COMPLETED,29646.0,213.9,0.13,12.76
282,medium,14,09:06:15,09:06:15,09:17:24,COMPLETED,36526.0,11149.9,0.74,669.61
177,medium,14,09:12:31,09:12:34,09:17:30,COMPLETED,29977.0,4941.2,3.52,299.83
139,medium,14,08:52:37,08:52:40,09:17:43,COMPLETED,22668.0,25049.4,3.40,1506.29
191,hard,15,09:12:13,09:12:15,09:17:49,COMPLETED,31730.0,5568.4,2.54,336.51
164,easy,12,09:16:32,09:16:34,09:18:01,COMPLETED,33684.0,1462.0,2.36,89.90
152,easy,12,09:16:03,09:16:08,09:18:20,COMPLETED,26042.0,2196.7,5.83,137.46
251,medium,14,09:02:08,09:02:13,09:20:18,COMPLETED,33881.0,18080.9,5.54,1090.30
188,easy,12,09:20:07,09:20:12,09:20:30,COMPLETED,27189.0,314.8,5.03,23.69
170,easy,12,09:20:04,09:20:05,09:20:55,COMPLETED,29213.0,832.3,1.77,51.53
252,easy,11,09:21:01,09:21:01,09:21:14,COMPLETED,34234.0,211.3,0.74,13.24
263,easy,12,09:21:51,09:21:51,09:23:00,COMPLETED,31980.0,1163.6,0.54,69.88
273,medium,13,09:18:55,09:18:57,09:23:13,COMPLETED,35263.0,4274.7,2.65,258.73
193,medium,14,09:21:05,09:21:07,09:23:20,COMPLETED,34200.0,2209.0,2.99,135.23
278,easy,11,09:23:11,09:23:13,09:23:32,COMPLETED,23212.0,321.2,2.73,21.81
266,medium,14,09:11:10,09:11:12,09:23:45,COMPLETED,27031.0,12546.4,2.92,755.50
239,easy,11,09:23:36,09:23:39,09:23:51,COMPLETED,27203.0,218.5,3.03,15.81
125,hard,15,08:50:49,08:50:53,09:24:10,COMPLETED,29410.0,33283.8,4.69,2001.69
242,easy,11,09:24:16,09:24:17,09:24:48,COMPLETED,30446.0,535.6,1.05,32.95
275,easy,12,09:24:14,09:24:17,09:24:55,COMPLETED,27027.0,643.7,3.05,41.32
202,medium,14,09:01:21,09:01:23,09:25:07,COMPLETED,36294.0,23745.2,2.28,1426.92
276,easy,12,09:25:19,09:25:20,09:26:17,COMPLETED,25821.0,958.0,1.44,58.61
194,easy,11,09:26:05,09:26:11,09:26:30,COMPLETED,24096.0,328.5,6.15,25.55
155,medium,13,09:23:53,09:23:58,09:27:14,COMPLETED,34092.0,3282.6,5.19,201.74
192,easy,11,09:26:55,09:26:55,09:27:27,COMPLETED,24258.0,537.9,0.62,32.61
213,medium,14,09:13:45,09:13:50,09:27:40,COMPLETED,26043.0,13837.8,5.38,835.40
287,easy,11,09:27:43,09:27:46,09:27:53,COMPLETED,28117.0,111.1,3.80,10.24
298,medium,13,09:25:36,09:25:39,09:28:30,COMPLETED,27704.0,2858.0,3.40,174.70
184,medium,13,09:26:50,09:26:55,09:28:30,COMPLETED,30432.0,1587.9,5.62,100.70
243,easy,12,09:28:10,09:28:11,09:28:43,COMPLETED,25590.0,526.6,1.92,33.26
173,hard,15,09:09:50,09:09:52,09:29:01,COMPLETED,28224.0,19163.5,2.27,1151.97
236,medium,14,09:01:45,09:01:48,09:29:14,COMPLETED,23843.0,27435.2,3.51,1649.52
172,easy,11,09:29:23,09:29:27,09:29:58,COMPLETED,36525.0,522.6,4.03,35.18
187,easy,11,09:30:00,09:30:04,09:30:16,COMPLETED,22136.0,211.8,4.40,16.91
168,easy,11,09:30:02,09:30:04,09:30:16,COMPLETED,31743.0,211.4,2.40,14.91
260,easy,11,09:30:50,09:30:54,09:31:06,COMPLETED,24348.0,210.9,4.17,16.62
295,easy,12,09:31:40,09:31:43,09:32:40,COMPLETED,25115.0,940.0,3.92,60.12
258,easy,11,09:33:57,09:34:01,09:34:07,COMPLETED,23860.0,109.4,4.45,10.71
253,medium,13,09:29:04,09:29:08,09:34:57,COMPLETED,33163.0,5829.3,4.22,353.78
161,easy,12,09:35:08,09:35:10,09:35:29,COMPLETED,24538.0,316.7,2.26,21.05
189,hard,15,09:18:21,09:18:26,09:36:37,COMPLETED,32391.0,18184.8,5.66,1096.61
156,medium,14,09:11:55,09:11:56,09:36:43,COMPLETED,28319.0,24787.9,1.71,1488.87
222,medium,13,09:31:35,09:31:37,09:36:56,COMPLETED,26477.0,5315.0,2.65,321.36
159,easy,12,09:36:58,09:37:02,09:37:33,COMPLETED,26699.0,524.1,4.60,35.83
62,hard,15,08:29:30,08:29:35,09:38:56,COMPLETED,30969.0,69348.4,5.21,4166.04
296,medium,14,09:32:03,09:32:08,09:38:56,COMPLETED,28929.0,6791.8,5.88,413.04
244,easy,12,09:38:48,09:38:49,09:39:21,COMPLETED,31522.0,540.0,1.52,33.69
221,medium,13,09:26:19,09:26:23,09:40:12,COMPLETED,34751.0,13811.1,4.99,833.18
234,medium,13,09:36:27,09:36:31,09:40:12,COMPLETED,31693.0,3690.8,4.33,225.18
279,medium,13,09:38:13,09:38:17,09:40:25,COMPLETED,33679.0,2138.0,4.56,132.38
209,easy,12,09:40:15,09:40:18,09:40:25,COMPLETED,26654.0,117.2,3.88,10.38
245,easy,12,09:40:25,09:40:25,09:40:38,COMPLETED,23530.0,220.8,0.38,13.36
237,hard,15,09:20:25,09:20:30,09:40:44,COMPLETED,27778.0,20235.5,5.69,1219.67
268,medium,14,09:39:56,09:39:59,09:42:06,COMPLETED,29708.0,2111.5,3.58,130.06
292,hard,15,09:34:05,09:34:07,09:43:14,COMPLETED,32447.0,9121.2,2.71,549.81
153,medium,13,09:34:07,09:34:07,09:43:27,COMPLETED,38089.0,9328.7,0.71,560.29
274,medium,13,09:40:10,09:40:12,09:44:10,COMPLETED,32471.0,3982.1,2.18,240.91
285,medium,14,09:32:26,09:32:27,09:44:48,COMPLETED,26499.0,12347.4,1.63,742.30
66,medium,14,08:42:53,08:42:57,09:45:00,COMPLETED,31453.0,62046.8,5.00,3727.76
270,easy,12,09:45:41,09:45:44,09:46:22,COMPLETED,31135.0,634.9,3.52,41.24
211,hard,15,09:40:02,09:40:05,09:46:41,COMPLETED,29296.0,6595.4,3.87,399.35
230,easy,12,09:45:29,09:45:31,09:46:47,COMPLETED,27309.0,1267.5,2.97,78.65
290,easy,12,09:46:36,09:46:41,09:47:38,COMPLETED,28274.0,955.1,5.35,62.41
223,easy,11,09:47:28,09:47:32,09:47:38,COMPLETED,24228.0,109.8,4.08,10.41
199,easy,12,09:45:17,09:45:19,09:48:29,COMPLETED,31109.0,3170.0,2.47,192.33
180,easy,11,09:48:41,09:48:42,09:48:48,COMPLETED,26134.0,115.4,1.16,7.67
262,medium,13,09:34:48,09:34:51,09:49:07,COMPLETED,39896.0,14274.2,3.50,859.75
201,easy,11,09:49:38,09:49:39,09:49:52,COMPLETED,27590.0,224.0,1.50,14.56
72,medium,14,08:48:16,08:48:18,09:50:05,COMPLETED,32283.0,61786.5,2.17,3709.25
150,medium,13,09:47:46,09:47:51,09:50:49,COMPLETED,32208.0,2987.4,5.07,183.81
163,easy,12,09:50:13,09:50:18,09:50:49,COMPLETED,29312.0,538.4,5.07,36.81
283,easy,11,09:50:36,09:50:37,09:50:56,COMPLETED,29254.0,327.1,1.22,20.45
158,easy,12,09:50:17,09:50:18,09:51:09,COMPLETED,27317.0,857.6,1.07,52.14
229,medium,13,09:42:19,09:42:24,09:51:28,COMPLETED,30266.0,9068.6,5.79,549.58
256,hard,15,09:02:16,09:02:19,09:51:41,COMPLETED,38012.0,49356.5,3.93,2965.26
167,easy,12,09:52:04,09:52:06,09:52:25,COMPLETED,30164.0,321.6,2.85,21.85
269,hard,15,09:37:41,09:37:46,09:52:50,COMPLETED,34332.0,15079.7,5.30,909.92
280,hard,15,09:23:44,09:23:45,09:53:09,COMPLETED,36485.0,29405.3,1.50,1765.68
182,medium,14,09:51:06,09:51:09,09:53:34,COMPLETED,29876.0,2429.6,3.14,148.70
240,medium,14,09:51:53,09:51:53,09:53:47,COMPLETED,30156.0,1893.4,0.92,114.22
248,medium,13,09:41:00,09:41:03,09:54:18,COMPLETED,24720.0,13260.9,3.46,798.95
195,easy,12,09:53:57,09:53:59,09:54:50,COMPLETED,20556.0,844.8,2.80,53.26
214,easy,12,09:54:00,09:54:06,09:54:56,COMPLETED,28613.0,844.3,6.11,56.54
231,medium,13,09:53:41,09:53:47,09:55:58,COMPLETED,21253.0,2201.3,6.22,137.98
232,easy,11,09:55:53,09:55:58,09:56:05,COMPLETED,25641.0,110.1,5.98,12.36
216,easy,11,09:55:55,09:55:58,09:56:11,COMPLETED,24966.0,213.9,3.98,16.63
203,medium,13,09:54:34,09:54:37,09:56:36,COMPLETED,26889.0,1987.1,3.71,122.67
206,easy,12,09:55:57,09:55:58,09:56:55,COMPLETED,29434.0,945.6,1.98,58.55
286,easy,11,09:57:02,09:57:08,09:57:20,COMPLETED,27310.0,215.8,6.07,18.78
212,medium,14,09:56:37,09:56:42,09:57:33,COMPLETED,29207.0,843.0,5.98,56.31
157,easy,11,09:57:12,09:57:14,09:57:33,COMPLETED,28737.0,318.6,2.46,21.31
226,easy,12,09:54:09,09:54:12,09:57:52,COMPLETED,25856.0,3665.3,3.40,223.10
254,medium,14,09:53:43,09:53:47,09:58:23,COMPLETED,29823.0,4608.3,4.22,280.41
257,easy,11,09:58:36,09:58:36,09:58:42,COMPLETED,21699.0,112.5,0.12,6.67
197,easy,11,09:58:33,09:58:36,09:58:48,COMPLETED,30962.0,221.0,3.12,15.99
224,easy,11,09:59:15,09:59:20,09:59:27,COMPLETED,31825.0,115.2,5.86,12.37
175,medium,13,09:58:41,09:58:42,10:00:05,COMPLETED,26828.0,1388.3,1.67,84.67
171,medium,14,09:56:12,09:56:17,10:01:09,COMPLETED,32865.0,4866.3,5.89,297.50
246,medium,14,09:05:46,09:05:51,10:02:45,COMPLETED,39317.0,56906.0,5.00,3419.22
204,medium,14,09:47:31,09:47:32,10:02:51,COMPLETED,36998.0,15331.0,1.08,920.68
350,medium,13,10:00:54,10:00:56,10:02:51,COMPLETED,28871.0,1925.8,2.55,117.68
333,easy,12,10:02:56,10:02:58,10:03:11,COMPLETED,32113.0,222.5,2.16,15.28
338,easy,11,10:03:02,10:03:04,10:03:17,COMPLETED,29142.0,219.2,2.69,15.55
424,easy,12,10:03:16,10:03:17,10:04:39,COMPLETED,28445.0,1374.7,1.55,83.78
417,easy,11,10:04:12,10:04:14,10:05:36,COMPLETED,27925.0,1366.6,2.62,84.35
336,easy,11,10:06:14,10:06:14,10:06:33,COMPLETED,28246.0,322.7,0.09,19.12
347,medium,13,10:00:23,10:00:24,10:07:11,COMPLETED,27311.0,6778.3,1.63,408.07
198,medium,13,09:15:45,09:15:49,10:08:01,COMPLETED,41262.0,52197.3,4.82,3136.56
363,easy,12,10:06:01,10:06:01,10:08:14,COMPLETED,22096.0,2215.4,0.49,133.15
394,medium,13,10:07:26,10:07:30,10:08:20,COMPLETED,33085.0,846.0,4.06,54.45
346,medium,14,10:02:27,10:02:32,10:08:33,COMPLETED,27962.0,6024.5,5.24,366.33
358,easy,11,10:08:17,10:08:20,10:08:39,COMPLETED,28693.0,328.2,3.45,22.86
344,easy,12,10:08:36,10:08:39,10:08:52,COMPLETED,27436.0,217.7,3.86,16.61
291,medium,14,09:50:45,09:50:49,10:08:58,COMPLETED,35350.0,18155.5,4.81,1093.95
345,medium,14,10:02:59,10:03:04,10:09:36,COMPLETED,29707.0,6537.8,5.69,397.72
408,easy,11,10:10:07,10:10:08,10:11:06,COMPLETED,33726.0,971.4,1.23,59.03
388,easy,12,10:09:56,10:10:01,10:11:12,COMPLETED,29874.0,1187.4,5.85,76.64
383,easy,12,10:10:04,10:10:08,10:11:12,COMPLETED,25555.0,1081.1,4.23,68.64
418,easy,11,10:11:04,10:11:06,10:11:12,COMPLETED,26422.0,119.0,2.03,8.64
311,easy,11,10:10:52,10:10:52,10:11:19,COMPLETED,21588.0,442.1,0.96,27.22
233,medium,14,09:45:48,09:45:50,10:11:25,COMPLETED,22077.0,25581.4,2.80,1537.51
174,medium,14,09:38:31,09:38:36,10:11:31,COMPLETED,35967.0,32924.1,5.55,1980.80
428,easy,12,10:11:26,10:11:31,10:12:16,COMPLETED,30224.0,759.3,5.80,50.93
387,easy,11,10:11:58,10:12:03,10:12:16,COMPLETED,23493.0,225.3,5.90,18.93
264,medium,14,09:37:10,09:37:15,10:13:53,COMPLETED,35412.0,36636.7,5.10,2203.16
373,easy,11,10:13:29,10:13:34,10:13:53,COMPLETED,28898.0,322.7,5.10,24.16
324,easy,11,10:13:41,10:13:46,10:13:59,COMPLETED,23379.0,216.2,5.81,18.49
449,easy,12,10:12:58,10:13:02,10:14:05,COMPLETED,26310.0,1065.8,4.17,67.80
405,easy,11,10:14:20,10:14:24,10:14:31,COMPLETED,16697.0,110.7,4.74,11.08
313,hard,15,10:08:16,10:08:20,10:14:37,COMPLETED,31472.0,6287.5,4.45,381.41
420,easy,11,10:14:38,10:14:43,10:14:50,COMPLETED,25921.0,110.4,5.78,12.12
384,easy,11,10:14:54,10:14:56,10:15:09,COMPLETED,26464.0,216.1,2.43,15.11
317,easy,12,10:12:43,10:12:49,10:16:18,COMPLETED,39010.0,3491.8,6.45,215.60
364,easy,11,10:16:16,10:16:18,10:16:56,COMPLETED,26725.0,640.8,2.60,40.74
169,hard,15,09:46:31,09:46:35,10:17:22,COMPLETED,23815.0,30785.9,4.04,1851.03
70,hard,15,08:51:08,08:51:12,10:18:06,COMPLETED,29459.0,86890.5,4.69,5218.06
367,medium,14,10:03:54,10:03:55,10:19:09,COMPLETED,32895.0,15227.8,1.72,915.17
328,easy,11,10:18:51,10:18:56,10:19:09,COMPLETED,22573.0,217.6,5.41,18.17
339,medium,14,10:05:44,10:05:48,10:19:15,COMPLETED,24712.0,13446.8,4.90,811.49
220,hard,15,09:56:42,09:56:42,10:19:28,COMPLETED,37900.0,22755.2,0.98,1366.15
228,medium,14,09:16:00,09:16:02,10:20:12,COMPLETED,30879.0,64179.7,2.47,3852.91
448,easy,11,10:19:36,10:19:40,10:20:26,COMPLETED,34203.0,763.9,4.74,50.12
427,medium,13,10:14:57,10:15:02,10:20:52,COMPLETED,30746.0,5830.6,5.77,355.18
386,easy,12,10:21:19,10:21:24,10:21:50,COMPLETED,19806.0,445.3,5.27,31.49
423,easy,12,10:21:24,10:21:24,10:23:14,COMPLETED,25816.0,1841.0,0.27,110.22
178,hard,15,09:12:21,09:12:21,10:23:27,COMPLETED,25545.0,71094.0,0.94,4266.42
379,hard,15,10:01:23,10:01:28,10:23:33,COMPLETED,37016.0,22090.8,5.80,1330.95
227,hard,15,09:48:19,09:48:22,10:24:45,COMPLETED,32388.0,36379.8,3.82,2186.51
433,medium,13,10:24:37,10:24:39,10:25:17,COMPLETED,24750.0,650.5,2.12,40.66
306,hard,15,10:24:04,10:24:06,10:25:49,COMPLETED,28552.0,1728.6,2.63,105.92
442,easy,11,10:26:26,10:26:27,10:26:34,COMPLETED,26710.0,111.3,1.89,8.25
398,medium,14,10:18:52,10:18:56,10:26:46,COMPLETED,30265.0,7845.6,4.41,474.89
325,medium,13,10:25:47,10:25:49,10:26:53,COMPLETED,32985.0,1060.5,2.92,66.27
416,easy,11,10:26:54,10:26:59,10:27:12,COMPLETED,25318.0,217.3,5.58,18.33
334,easy,12,10:23:37,10:23:40,10:27:18,COMPLETED,39613.0,3641.0,3.47,221.66
430,hard,15,10:12:27,10:12:29,10:27:31,COMPLETED,32535.0,15027.3,2.98,904.31
370,easy,11,10:27:01,10:27:05,10:27:37,COMPLETED,28992.0,534.9,4.97,36.75
376,easy,11,10:27:28,10:27:31,10:27:37,COMPLETED,30074.0,112.8,3.31,9.75
106,hard,15,08:24:01,08:24:04,10:28:34,COMPLETED,38040.0,124495.2,3.87,7473.56
395,easy,11,10:28:10,10:28:15,10:28:34,COMPLETED,27467.0,320.9,5.60,24.56
413,medium,14,10:03:23,10:03:23,10:29:31,COMPLETED,31466.0,26124.8,0.97,1568.29
403,easy,12,10:29:35,10:29:37,10:30:15,COMPLETED,34819.0,636.9,2.60,40.52
14,hard,15,08:31:23,08:31:26,10:30:34,COMPLETED,31484.0,119137.6,3.21,7151.43
316,easy,12,10:30:44,10:30:47,10:31:06,COMPLETED,27633.0,332.2,3.11,22.57
389,easy,11,10:31:28,10:31:32,10:31:45,COMPLETED,23103.0,227.5,4.21,17.28
426,easy,11,10:31:40,10:31:45,10:32:11,COMPLETED,31052.0,438.7,5.28,31.32
404,easy,12,10:32:27,10:32:30,10:32:36,COMPLETED,24151.0,117.2,3.38,9.94
412,medium,14,10:19:36,10:19:40,10:33:09,COMPLETED,34832.0,13481.3,4.74,813.23
335,easy,12,10:32:49,10:32:49,10:33:09,COMPLETED,32357.0,330.1,0.95,20.23
438,easy,12,10:32:40,10:32:43,10:33:28,COMPLETED,29363.0,764.7,3.46,48.85
377,easy,11,10:32:36,10:32:36,10:33:48,COMPLETED,28467.0,1197.0,0.94,72.52
396,hard,15,10:11:50,10:11:51,10:34:33,COMPLETED,33506.0,22717.6,1.05,1363.72
359,easy,12,10:32:53,10:33:15,10:34:40,COMPLETED,27329.0,1414.6,22.80,107.33
319,easy,11,10:34:09,10:34:40,10:34:59,COMPLETED,26888.0,331.8,31.33,50.74
329,easy,12,10:34:08,10:34:14,10:35:06,COMPLETED,29106.0,874.7,6.37,58.27
354,medium,14,10:03:46,10:03:49,10:35:12,COMPLETED,32110.0,31397.2,3.36,1886.91
393,hard,15,10:29:20,10:29:24,10:36:17,COMPLETED,22999.0,6884.0,4.95,417.69
331,easy,12,10:35:34,10:35:38,10:36:17,COMPLETED,24054.0,657.0,4.60,43.69
52,medium,14,08:29:08,08:29:10,10:37:03,COMPLETED,39802.0,127873.1,2.73,7675.09
444,medium,13,10:36:39,10:36:43,10:37:03,COMPLETED,25420.0,329.6,4.64,24.09
351,medium,13,10:32:32,10:32:36,10:38:18,COMPLETED,25288.0,5704.6,4.94,346.96
407,medium,13,10:36:20,10:36:24,10:38:25,COMPLETED,28422.0,2025.9,4.07,125.29
304,medium,14,10:19:19,10:19:21,10:39:34,COMPLETED,41141.0,20223.0,2.81,1215.97
382,easy,12,10:37:21,10:38:31,10:39:34,COMPLETED,28000.0,1060.5,70.67,133.97
301,medium,14,10:32:53,10:33:15,10:40:19,COMPLETED,30357.0,7064.1,22.80,446.34
366,medium,14,10:20:42,10:20:45,10:40:32,COMPLETED,27573.0,19778.7,3.57,1190.06
176,medium,14,09:13:04,09:13:06,10:40:44,COMPLETED,33083.0,87646.4,2.09,5260.80
183,hard,15,09:03:32,09:03:34,10:40:51,COMPLETED,22528.0,97273.1,2.85,5839.14
371,easy,12,10:37:26,10:39:41,10:41:10,COMPLETED,31177.0,1485.1,135.32,224.18
425,easy,11,10:37:59,10:40:51,10:41:16,COMPLETED,26705.0,428.7,172.14,197.52
323,medium,13,10:37:45,10:40:25,10:41:22,COMPLETED,26685.0,958.6,160.71,217.89
348,easy,11,10:39:39,10:41:16,10:41:29,COMPLETED,28900.0,218.3,97.52,110.27
439,easy,11,10:39:21,10:40:57,10:41:42,COMPLETED,30907.0,746.5,96.50,141.00
320,easy,11,10:40:42,10:41:35,10:41:48,COMPLETED,26547.0,218.2,53.65,66.33
402,medium,14,10:36:12,10:36:17,10:41:54,COMPLETED,24339.0,5623.0,5.69,342.77
362,easy,11,10:37:58,10:40:38,10:41:54,COMPLETED,26859.0,1278.5,160.40,236.77
305,easy,12,10:41:23,10:41:54,10:42:13,COMPLETED,27329.0,324.1,31.77,50.87
327,easy,11,10:42:05,10:42:07,10:42:13,COMPLETED,32419.0,113.0,2.46,8.87
284,hard,15,09:53:59,09:53:59,10:42:32,COMPLETED,34684.0,48554.5,0.80,2913.94
369,easy,11,10:43:50,10:43:55,10:44:01,COMPLETED,16096.0,111.2,5.31,11.69
443,easy,12,10:43:50,10:43:55,10:44:33,COMPLETED,27125.0,637.7,5.31,43.33
300,easy,12,10:44:26,10:44:26,10:44:52,COMPLETED,27234.0,426.5,0.93,26.26
314,hard,15,10:06:24,10:06:26,10:45:55,COMPLETED,32579.0,39482.6,2.70,2371.50
397,easy,11,10:45:47,10:45:49,10:45:55,COMPLETED,24019.0,111.1,2.15,8.50
332,medium,14,10:36:58,10:37:09,10:46:08,COMPLETED,35959.0,8983.0,11.45,550.19
368,medium,13,10:43:19,10:43:23,10:46:14,COMPLETED,29261.0,2853.9,4.71,175.55
392,easy,11,10:46:10,10:46:14,10:46:20,COMPLETED,23665.0,112.2,4.55,10.99
406,medium,14,10:44:21,10:44:26,10:46:40,COMPLETED,26687.0,2224.6,5.93,139.01
312,easy,11,10:46:26,10:46:27,10:46:40,COMPLETED,30672.0,218.1,1.31,14.01
318,easy,11,10:46:22,10:46:27,10:47:11,COMPLETED,31567.0,744.1,5.31,49.67
365,easy,12,10:46:38,10:46:40,10:47:24,COMPLETED,34882.0,742.6,2.01,46.28
401,easy,11,10:47:28,10:47:30,10:47:43,COMPLETED,32191.0,220.0,2.59,15.32
360,medium,14,10:37:22,10:39:41,10:49:13,COMPLETED,33678.0,9549.4,139.32,711.84
436,medium,14,10:48:24,10:48:28,10:50:11,COMPLETED,28706.0,1727.5,4.17,107.62
374,medium,13,10:48:41,10:49:20,10:50:17,COMPLETED,32224.0,964.8,39.40,96.94
421,medium,13,10:47:53,10:47:56,10:51:33,COMPLETED,28086.0,3631.8,3.21,220.83
341,easy,12,10:49:30,10:50:17,10:51:52,COMPLETED,27530.0,1586.4,47.94,142.82
391,easy,11,10:51:13,10:51:40,10:51:52,COMPLETED,18631.0,216.6,27.15,39.82
196,hard,15,09:27:14,09:27:14,10:51:59,COMPLETED,37407.0,84743.2,0.74,5085.17
307,medium,13,10:50:53,10:50:55,10:52:05,COMPLETED,28909.0,1167.1,2.88,72.57
400,medium,14,10:48:24,10:48:28,10:52:18,COMPLETED,30087.0,3840.3,4.17,234.27
411,easy,11,10:52:03,10:52:05,10:52:18,COMPLETED,26735.0,217.5,2.57,15.27
355,medium,14,10:36:52,10:37:09,10:52:30,COMPLETED,27851.0,15362.7,17.45,938.94
445,easy,11,10:52:44,10:52:49,10:52:56,COMPLETED,29453.0,110.4,5.89,12.23
249,hard,15,09:26:23,09:26:23,10:55:08,COMPLETED,32520.0,88747.6,0.99,5325.79
434,medium,14,10:10:03,10:10:08,10:55:15,COMPLETED,23585.0,45122.6,5.23,2712.33
414,medium,13,10:51:50,10:51:59,10:55:28,COMPLETED,28913.0,3494.2,9.17,218.35
375,easy,12,10:56:34,10:56:39,10:57:31,COMPLETED,28152.0,870.5,5.22,57.13
381,easy,12,10:57:02,10:57:05,10:57:37,COMPLETED,24539.0,541.8,3.27,35.49
271,hard,15,09:28:13,09:28:18,10:58:15,COMPLETED,32027.0,89958.4,5.18,5402.52
321,medium,13,10:57:30,10:57:31,10:58:28,COMPLETED,24483.0,966.5,1.13,58.54
349,medium,14,10:45:54,10:46:01,10:58:41,COMPLETED,27092.0,12670.7,7.84,767.64
441,easy,12,10:58:24,10:58:28,10:58:41,COMPLETED,25480.0,227.0,4.54,17.64
437,medium,13,10:45:00,10:45:04,10:58:54,COMPLETED,35064.0,13837.3,4.89,834.67
385,easy,11,10:59:44,10:59:46,10:59:58,COMPLETED,23622.0,226.4,2.01,14.98
410,easy,12,10:59:54,10:59:58,11:00:05,COMPLETED,22948.0,119.0,4.98,11.65
330,hard,15,10:26:41,10:26:46,11:00:18,COMPLETED,30547.0,33535.1,5.89,2017.64
342,medium,14,10:41:01,10:41:48,11:00:18,COMPLETED,29047.0,18512.8,47.33,1157.64
409,medium,13,10:57:46,10:57:50,11:00:38,COMPLETED,23958.0,2810.3,4.11,172.28
179,hard,15,09:45:07,09:45:13,11:00:51,COMPLETED,31905.0,75636.9,6.20,4544.24
352,hard,15,10:15:50,10:15:53,11:01:16,COMPLETED,30898.0,45397.7,3.19,2726.67
353,medium,14,10:28:01,10:28:02,11:01:16,COMPLETED,27079.0,33235.6,1.96,1995.67
210,hard,15,09:10:02,09:10:04,11:01:42,COMPLETED,29131.0,111625.6,2.64,6700.11
309,medium,14,10:39:47,10:41:22,11:01:48,COMPLETED,26724.0,20431.0,95.89,1321.45
447,medium,14,10:47:48,10:47:49,11:01:48,COMPLETED,23651.0,13982.4,1.83,840.45
361,medium,14,10:32:32,10:32:36,11:02:26,COMPLETED,35209.0,29823.1,4.94,1794.14
596,easy,11,11:02:23,11:02:26,11:02:32,COMPLETED,16526.0,118.0,3.14,9.48
431,medium,13,10:51:55,10:51:59,11:02:39,COMPLETED,31070.0,10671.5,4.17,644.25
548,easy,12,11:03:16,11:03:16,11:03:23,COMPLETED,31677.0,109.1,0.90,7.24
531,easy,11,11:03:33,11:03:35,11:03:48,COMPLETED,31170.0,214.5,2.77,15.34
546,easy,11,11:03:48,11:03:48,11:03:54,COMPLETED,29317.0,109.7,0.34,6.67
588,easy,12,11:03:13,11:03:16,11:04:13,COMPLETED,30006.0,949.4,3.90,60.51
497,easy,11,11:04:08,11:04:13,11:04:19,COMPLETED,22294.0,111.3,5.51,11.91
337,hard,15,10:33:18,10:33:35,11:05:41,COMPLETED,31471.0,32105.2,17.40,1943.47
523,medium,14,11:01:14,11:01:16,11:05:41,COMPLETED,32358.0,4418.3,2.67,267.47
587,easy,12,11:06:37,11:06:38,11:06:58,COMPLETED,32504.0,337.7,1.31,21.01
456,easy,11,11:07:15,11:07:17,11:07:30,COMPLETED,25845.0,220.7,2.81,15.65
399,hard,15,10:06:24,10:06:26,11:07:56,COMPLETED,36765.0,61495.2,2.70,3692.26
536,easy,12,11:07:01,11:07:04,11:08:02,COMPLETED,31047.0,974.4,3.63,61.65
429,medium,14,10:59:20,10:59:20,11:08:35,COMPLETED,39574.0,9245.3,0.59,555.01
589,easy,12,11:09:44,11:09:45,11:10:24,COMPLETED,30266.0,659.3,1.36,40.43
481,medium,13,11:07:31,11:07:37,11:10:30,COMPLETED,32041.0,2905.2,6.08,179.98
454,easy,12,11:10:22,11:10:24,11:10:37,COMPLETED,31635.0,223.0,2.43,15.48
415,medium,14,10:53:09,10:53:15,11:10:50,COMPLETED,32930.0,17593.6,6.12,1061.30
468,medium,14,11:07:07,11:07:11,11:11:09,COMPLETED,28245.0,3976.7,4.23,242.59
343,hard,15,10:02:24,10:02:25,11:11:15,COMPLETED,33690.0,68841.2,1.73,4131.89
101,hard,15,08:07:07,08:07:10,11:11:28,COMPLETED,26676.0,184304.0,3.63,11061.85
451,medium,13,11:04:20,11:04:26,11:11:28,COMPLETED,24029.0,7049.2,6.22,428.85
469,easy,11,11:11:18,11:11:22,11:11:28,COMPLETED,25249.0,112.4,4.51,10.85
489,easy,11,11:10:45,11:10:50,11:11:35,COMPLETED,30293.0,757.6,5.30,50.29
486,easy,11,11:11:47,11:11:48,11:11:54,COMPLETED,24293.0,117.8,1.26,7.89
496,medium,14,11:09:14,11:09:19,11:12:46,COMPLETED,23086.0,3443.3,5.97,212.32
463,easy,12,11:09:15,11:09:19,11:12:52,COMPLETED,29696.0,3547.7,4.97,217.62
544,easy,12,11:12:22,11:12:27,11:13:17,COMPLETED,36171.0,848.4,5.19,55.83
551,easy,12,11:12:02,11:12:07,11:13:43,COMPLETED,27077.0,1591.1,5.85,101.05
250,medium,14,09:49:42,09:49:46,11:13:49,COMPLETED,40511.0,84057.4,4.03,5047.36
542,easy,11,11:13:34,11:13:36,11:13:49,COMPLETED,29025.0,216.6,2.70,15.36
457,medium,13,11:13:02,11:13:05,11:14:02,COMPLETED,28385.0,952.3,3.20,60.04
378,hard,15,10:18:18,10:18:18,11:14:21,COMPLETED,33209.0,56044.7,0.65,3363.16
207,medium,14,09:49:02,09:49:07,11:15:30,COMPLETED,32294.0,86379.7,5.75,5188.43
584,medium,13,11:14:43,11:14:46,11:15:30,COMPLETED,25699.0,739.4,3.34,47.43
458,medium,14,11:04:01,11:04:07,11:16:08,COMPLETED,30440.0,12022.5,6.20,727.31
488,medium,14,11:11:47,11:11:48,11:16:20,COMPLETED,32668.0,4546.9,1.26,273.92
165,hard,15,09:48:18,09:48:22,11:17:17,COMPLETED,32325.0,88910.1,4.82,5339.33
140,medium,14,08:36:12,08:36:15,11:17:42,COMPLETED,35359.0,161455.9,3.06,9690.39
599,medium,14,11:11:11,11:11:15,11:18:26,COMPLETED,27864.0,7178.2,4.89,435.31
577,easy,11,11:18:26,11:18:26,11:18:38,COMPLETED,21820.0,215.6,0.31,12.95
508,easy,11,11:18:37,11:18:38,11:18:45,COMPLETED,22479.0,109.6,1.95,8.27
560,easy,12,11:15:43,11:15:43,11:18:57,COMPLETED,35698.0,3251.3,0.02,194.86
540,medium,13,11:06:49,11:06:51,11:19:29,COMPLETED,30795.0,12641.9,2.45,760.63
597,easy,11,11:20:39,11:20:39,11:20:46,COMPLETED,21511.0,115.6,0.54,7.15
162,hard,15,09:21:45,09:21:45,11:20:52,COMPLETED,36659.0,119124.1,0.27,7147.61
598,medium,13,11:05:40,11:05:41,11:20:59,COMPLETED,40907.0,15296.4,1.47,919.06
322,medium,14,10:14:02,10:14:05,11:22:09,COMPLETED,37198.0,68058.4,3.80,4087.18
372,hard,15,10:53:46,10:53:46,11:22:28,COMPLETED,33538.0,28695.7,0.73,1722.18
303,medium,14,10:59:51,10:59:52,11:22:41,COMPLETED,29402.0,22814.3,1.35,1370.05
479,medium,13,11:20:35,11:20:39,11:22:53,COMPLETED,29900.0,2242.8,4.54,138.72
561,easy,11,11:23:05,11:23:06,11:23:13,COMPLETED,26911.0,116.9,1.70,8.21
567,medium,13,11:20:22,11:20:26,11:23:26,COMPLETED,29630.0,2993.4,4.79,184.18
467,medium,13,11:23:00,11:23:00,11:23:38,COMPLETED,25954.0,650.3,0.18,38.85
462,easy,12,11:23:40,11:23:45,11:23:57,COMPLETED,28991.0,213.0,5.25,17.79
564,easy,12,11:21:23,11:21:24,11:24:35,COMPLETED,34805.0,3189.1,1.52,192.39
559,easy,12,11:23:09,11:23:13,11:25:13,COMPLETED,25194.0,2005.0,4.21,124.23
465,easy,11,11:25:11,11:25:13,11:25:25,COMPLETED,25837.0,214.8,2.23,14.87
487,easy,11,11:25:15,11:25:19,11:25:32,COMPLETED,26030.0,214.6,4.57,17.15
528,easy,11,11:25:29,11:25:32,11:25:57,COMPLETED,26112.0,424.3,3.15,28.24
310,hard,15,10:30:09,10:30:09,11:26:16,COMPLETED,28439.0,56118.8,0.18,3367.17
527,medium,13,11:24:34,11:24:35,11:26:34,COMPLETED,22788.0,1996.7,1.39,121.00
591,easy,11,11:27:11,11:27:12,11:27:25,COMPLETED,27303.0,213.3,1.61,14.17
289,hard,15,09:22:42,09:22:48,11:27:31,COMPLETED,35560.0,124722.5,6.14,7489.43
524,medium,13,11:26:20,11:26:22,11:27:50,COMPLETED,30809.0,1467.1,2.44,90.23
100,hard,15,08:43:45,08:43:47,11:28:15,COMPLETED,39354.0,164457.4,2.91,9870.29
562,easy,12,11:28:15,11:28:15,11:28:34,COMPLETED,19572.0,318.5,0.29,19.15
539,medium,13,11:24:09,11:24:10,11:29:12,COMPLETED,29534.0,5043.4,1.30,303.55
575,hard,15,11:21:38,11:21:43,11:29:19,COMPLETED,30416.0,7592.4,5.72,461.00
472,medium,14,11:13:56,11:14:02,11:30:35,COMPLETED,35581.0,16565.5,6.04,999.67
482,medium,13,11:27:53,11:27:56,11:30:42,COMPLETED,29843.0,2767.2,3.49,169.12
380,hard,15,10:39:48,10:41:29,11:30:54,COMPLETED,38128.0,49429.4,101.27,3066.90
525,easy,12,11:21:10,11:21:11,11:31:45,COMPLETED,43233.0,10570.3,1.58,635.50
495,easy,12,11:32:11,11:32:11,11:32:24,COMPLETED,25723.0,222.7,0.19,13.12
502,easy,11,11:32:00,11:32:04,11:32:36,COMPLETED,28575.0,542.1,4.69,36.93
592,easy,12,11:33:18,11:33:21,11:33:46,COMPLETED,33042.0,435.1,3.19,28.90
356,hard,15,10:20:08,10:20:12,11:33:53,COMPLETED,30455.0,73678.3,4.91,4425.33
594,easy,12,11:31:00,11:31:01,11:33:59,COMPLETED,31875.0,2987.3,1.15,179.91
485,medium,14,11:10:34,11:10:37,11:34:06,COMPLETED,29326.0,23487.9,3.48,1412.46
586,easy,11,11:33:57,11:33:59,11:34:06,COMPLETED,21907.0,116.5,2.91,9.46
573,medium,13,11:29:15,11:29:19,11:34:19,COMPLETED,32799.0,5007.1,4.00,304.22
529,easy,11,11:34:10,11:34:12,11:34:19,COMPLETED,22102.0,108.9,2.93,9.22
574,easy,11,11:34:34,11:34:38,11:34:44,COMPLETED,27680.0,115.6,4.36,10.74
522,easy,12,11:34:35,11:34:38,11:34:51,COMPLETED,28139.0,219.9,3.36,16.36
583,easy,11,11:35:11,11:35:16,11:35:22,COMPLETED,26890.0,110.6,5.38,11.70
579,easy,12,11:32:27,11:32:30,11:35:41,COMPLETED,26326.0,3186.5,3.60,194.57
518,easy,11,11:35:18,11:35:22,11:35:41,COMPLETED,26851.0,318.9,4.70,23.57
550,easy,12,11:34:40,11:34:44,11:36:00,COMPLETED,31589.0,1263.7,4.74,80.42
509,easy,11,11:36:28,11:36:31,11:36:38,COMPLETED,31970.0,109.7,3.87,10.20
515,easy,11,11:36:08,11:36:13,11:36:44,COMPLETED,33738.0,528.7,5.00,36.48
499,easy,11,11:36:05,11:36:06,11:37:09,COMPLETED,28349.0,1050.6,1.70,64.49
302,hard,15,10:21:37,10:21:37,11:37:40,COMPLETED,34045.0,76061.8,0.21,4563.81
466,easy,11,11:37:18,11:37:22,11:37:40,COMPLETED,25538.0,317.6,4.01,22.81
492,easy,11,11:38:51,11:38:56,11:39:02,COMPLETED,22314.0,109.4,5.05,11.36
446,medium,14,10:13:12,10:13:15,11:39:08,COMPLETED,34326.0,85894.9,3.05,5156.64
473,easy,12,11:37:42,11:37:47,11:39:08,COMPLETED,28691.0,1363.6,5.09,86.64
530,medium,13,11:32:35,11:32:36,11:40:05,COMPLETED,25861.0,7483.3,1.93,450.48
541,easy,11,11:40:04,11:40:05,11:40:18,COMPLETED,26212.0,222.6,1.48,14.44
545,easy,11,11:40:43,11:40:44,11:41:03,COMPLETED,28256.0,322.2,1.34,20.42
459,medium,14,11:34:39,11:34:44,11:41:28,COMPLETED,23667.0,6743.8,5.74,409.93
517,easy,12,11:41:24,11:41:28,11:41:35,COMPLETED,27909.0,117.7,4.93,11.47
582,easy,12,11:41:22,11:41:22,11:41:42,COMPLETED,27516.0,337.0,0.41,20.05
478,easy,11,11:41:30,11:41:35,11:41:42,COMPLETED,23915.0,120.1,5.47,12.05
580,easy,11,11:41:44,11:41:48,11:41:55,COMPLETED,26543.0,117.9,4.72,11.33
557,easy,11,11:42:23,11:42:27,11:42:40,COMPLETED,23252.0,216.6,4.51,17.25
563,medium,13,11:34:29,11:34:31,11:43:11,COMPLETED,32839.0,8673.5,2.87,522.91
181,hard,15,09:10:24,09:10:29,11:43:18,COMPLETED,26857.0,152818.4,5.46,9174.40
568,easy,11,11:43:13,11:43:18,11:43:31,COMPLETED,35845.0,224.3,5.40,18.35
470,medium,13,11:38:45,11:38:49,11:44:54,COMPLETED,25528.0,6090.2,4.75,369.79
464,medium,13,11:25:57,11:25:57,11:45:14,COMPLETED,36240.0,19287.5,0.24,1157.19
520,easy,12,11:44:20,11:44:22,11:45:20,COMPLETED,30611.0,975.1,2.65,60.65
569,easy,11,11:45:16,11:45:20,11:45:33,COMPLETED,26857.0,223.1,4.65,17.63
558,easy,12,11:45:01,11:45:01,11:45:40,COMPLETED,24570.0,654.5,0.26,39.07
511,easy,12,11:44:47,11:44:48,11:45:52,COMPLETED,33142.0,1079.7,1.32,65.87
450,hard,15,11:24:33,11:24:35,11:45:59,COMPLETED,32733.0,21405.6,2.39,1286.14
238,hard,15,09:28:32,09:28:36,11:46:12,COMPLETED,35146.0,137589.1,4.94,8260.24
585,easy,12,11:45:55,11:45:59,11:46:37,COMPLETED,28424.0,640.2,4.14,42.38
565,easy,11,11:47:03,11:47:08,11:47:15,COMPLETED,25191.0,109.8,5.94,12.26
556,easy,12,11:46:20,11:46:24,11:47:21,COMPLETED,33743.0,951.6,4.75,61.54
554,easy,12,11:46:53,11:46:56,11:47:21,COMPLETED,24644.0,425.1,3.37,28.54
519,easy,12,11:46:42,11:46:43,11:47:40,COMPLETED,26639.0,952.2,1.70,58.59
572,easy,12,11:46:32,11:46:37,11:48:11,COMPLETED,30382.0,1581.7,5.38,100.00
543,easy,12,11:47:29,11:47:34,11:48:11,COMPLETED,29852.0,634.8,5.21,43.00
576,medium,13,11:45:53,11:45:59,11:48:55,COMPLETED,24686.0,2950.9,6.14,182.92
555,easy,11,11:49:07,11:49:08,11:49:21,COMPLETED,30404.0,215.4,1.51,14.14
514,medium,13,11:35:12,11:35:16,11:50:49,COMPLETED,36074.0,15550.5,4.38,937.24
505,easy,11,11:50:32,11:50:36,11:51:01,COMPLETED,22640.0,426.6,4.49,29.82
461,hard,15,11:28:38,11:28:40,11:51:45,COMPLETED,30887.0,23092.1,2.43,1387.76
504,easy,11,11:51:56,11:51:58,11:52:04,COMPLETED,21117.0,110.4,2.42,8.75
503,medium,13,11:51:50,11:51:52,11:53:01,COMPLETED,27087.0,1162.3,2.09,71.53
235,hard,15,09:57:54,09:57:58,11:53:20,COMPLETED,34397.0,115370.1,4.36,6926.49
535,easy,12,11:53:33,11:53:33,11:54:04,COMPLETED,27155.0,533.3,0.12,31.81
166,hard,15,09:07:14,09:07:17,11:54:23,COMPLETED,33086.0,167100.7,3.77,10029.77
293,hard,15,09:38:37,09:38:43,11:54:49,COMPLETED,31190.0,136102.3,6.00,8172.09
477,easy,12,11:54:35,11:54:36,11:55:01,COMPLETED,25712.0,427.2,1.36,26.73
533,easy,12,11:50:36,11:50:36,11:55:20,COMPLETED,30925.0,4738.4,0.49,284.62
513,easy,12,11:55:05,11:55:08,11:55:20,COMPLETED,31528.0,214.6,3.03,15.62
537,medium,13,11:48:09,11:48:11,11:55:33,COMPLETED,33257.0,7357.3,3.00,444.21
494,medium,14,11:28:25,11:28:27,11:55:52,COMPLETED,30013.0,27406.2,2.85,1647.06
570,medium,14,11:40:48,11:40:50,11:56:04,COMPLETED,34662.0,15232.5,2.83,916.60
490,medium,13,11:54:40,11:54:42,11:56:04,COMPLETED,23883.0,1368.7,2.74,84.60
493,medium,13,11:53:34,11:53:39,11:56:54,COMPLETED,30581.0,3263.8,5.48,200.87
534,hard,15,11:53:48,11:53:52,11:57:26,COMPLETED,31206.0,3578.2,4.13,218.59
501,easy,11,11:58:12,11:58:17,11:58:36,COMPLETED,27421.0,328.1,5.03,24.46
471,medium,13,11:52:23,11:52:23,11:58:55,COMPLETED,29646.0,6532.0,0.65,392.27
510,medium,14,11:57:12,11:57:13,11:59:14,COMPLETED,25274.0,2010.4,1.90,122.26
590,easy,12,11:58:51,11:58:55,11:59:33,COMPLETED,27837.0,636.5,4.27,42.21
747,medium,13,12:01:17,12:01:20,12:01:45,COMPLETED,29531.0,427.5,3.09,28.38
566,medium,14,11:43:25,11:43:31,12:02:10,COMPLETED,33512.0,18658.9,6.35,1125.71
737,easy,11,12:03:01,12:03:01,12:03:13,COMPLETED,21991.0,216.3,0.18,12.82
460,medium,13,11:58:55,11:58:55,12:03:26,COMPLETED,29366.0,4523.8,0.27,271.48
549,medium,14,11:59:26,11:59:26,12:03:58,COMPLETED,28556.0,4523.4,0.90,272.06
538,medium,14,11:41:37,11:41:42,12:04:29,COMPLETED,24652.0,22800.6,5.05,1372.65
690,easy,11,12:04:04,12:04:04,12:04:29,COMPLETED,19942.0,432.5,0.37,25.65
714,easy,12,12:04:11,12:04:17,12:04:29,COMPLETED,21145.0,222.5,6.01,18.65
720,easy,11,12:05:02,12:05:02,12:05:08,COMPLETED,24368.0,112.9,0.29,6.69
474,hard,15,11:18:19,11:18:19,12:05:21,COMPLETED,28912.0,47027.5,1.00,2822.37
73,hard,15,08:54:28,08:54:33,12:05:27,COMPLETED,37730.0,190903.9,5.77,11459.95
547,easy,12,11:50:20,11:50:23,12:06:06,COMPLETED,37067.0,15718.4,3.89,946.66
627,medium,14,12:02:45,12:02:48,12:06:39,COMPLETED,29795.0,3846.6,3.47,234.03
453,hard,15,11:04:44,11:04:45,12:07:43,COMPLETED,31242.0,62974.4,1.04,3779.31
512,medium,14,11:48:55,11:48:55,12:08:02,COMPLETED,28854.0,19124.3,0.92,1147.90
645,easy,11,12:07:52,12:07:56,12:08:09,COMPLETED,26093.0,227.0,4.31,17.57
24,hard,15,08:40:05,08:40:10,12:08:22,COMPLETED,29345.0,208195.9,5.62,12497.33
732,easy,11,12:08:13,12:08:15,12:08:41,COMPLETED,25342.0,435.8,2.97,28.70
610,medium,13,12:05:47,12:05:47,12:09:33,COMPLETED,30315.0,3782.2,0.17,226.69
744,easy,11,12:09:13,12:09:13,12:09:40,COMPLETED,24377.0,444.9,0.95,27.22
738,medium,13,12:02:41,12:02:42,12:09:46,COMPLETED,30489.0,7082.1,1.15,425.81
685,easy,11,12:09:20,12:09:20,12:09:53,COMPLETED,24479.0,547.1,0.61,33.17
705,easy,12,12:08:55,12:09:01,12:09:59,COMPLETED,25612.0,978.4,6.11,64.48
491,hard,15,11:35:22,11:35:22,12:10:25,COMPLETED,43671.0,35050.4,0.70,2103.48
628,easy,12,12:09:43,12:09:46,12:10:32,COMPLETED,32249.0,758.3,3.81,49.01
655,medium,14,12:01:53,12:01:58,12:10:57,COMPLETED,30458.0,8993.2,5.10,544.48
608,easy,11,12:11:13,12:11:16,12:11:22,COMPLETED,22955.0,112.0,3.47,9.86
432,hard,15,10:03:17,10:03:17,12:11:29,COMPLETED,27852.0,128194.4,0.55,7692.21
553,medium,14,11:47:20,11:47:21,12:12:00,COMPLETED,36910.0,24658.5,1.54,1480.85
675,easy,11,12:11:53,12:11:54,12:12:07,COMPLETED,25362.0,217.3,1.48,14.21
637,medium,13,12:10:18,12:10:18,12:12:19,COMPLETED,30931.0,2020.6,0.92,121.86
743,hard,15,12:06:56,12:06:58,12:12:51,COMPLETED,27658.0,5888.5,2.27,355.35
718,medium,13,12:03:10,12:03:13,12:14:00,COMPLETED,36694.0,10780.5,3.82,650.37
480,hard,15,11:00:21,11:00:25,12:14:19,COMPLETED,28324.0,73905.4,4.20,4438.41
620,easy,12,12:09:13,12:09:13,12:14:25,COMPLETED,32788.0,5201.0,0.95,312.74
660,easy,12,12:14:10,12:14:13,12:15:22,COMPLETED,29704.0,1161.2,3.04,72.42
652,easy,12,12:06:51,12:06:51,12:15:35,COMPLETED,25511.0,8725.6,0.88,524.03
665,easy,11,12:15:18,12:15:22,12:15:35,COMPLETED,30910.0,218.2,4.42,17.03
581,medium,13,11:56:31,11:56:35,12:15:41,COMPLETED,39803.0,19097.0,4.90,1150.55
571,medium,14,11:46:45,11:46:50,12:16:07,COMPLETED,37782.0,29291.8,5.01,1762.05
735,easy,12,12:16:02,12:16:07,12:16:20,COMPLETED,29924.0,224.8,5.05,18.01
679,easy,12,12:16:06,12:16:07,12:16:20,COMPLETED,27945.0,224.0,1.05,14.01
697,easy,11,12:16:22,12:16:26,12:16:45,COMPLETED,32375.0,327.0,4.64,23.68
516,hard,15,11:08:34,11:08:35,12:16:52,COMPLETED,35706.0,68291.2,1.01,4098.30
672,easy,11,12:16:45,12:16:45,12:16:52,COMPLETED,27358.0,117.8,0.68,7.30
643,easy,12,12:16:20,12:16:20,12:17:05,COMPLETED,25256.0,760.0,0.01,45.21
68,hard,15,08:55:23,08:55:23,12:17:11,COMPLETED,27664.0,201802.9,0.53,12108.65
629,easy,11,12:17:33,12:17:36,12:17:49,COMPLETED,33139.0,215.3,3.94,16.56
651,easy,11,12:18:20,12:18:21,12:18:27,COMPLETED,30033.0,110.5,1.02,7.36
605,medium,14,12:12:22,12:12:26,12:18:46,COMPLETED,32248.0,6338.5,4.20,384.25
618,easy,11,12:20:31,12:20:34,12:20:47,COMPLETED,24216.0,219.5,3.76,16.36
671,easy,12,12:20:09,12:20:15,12:21:00,COMPLETED,30541.0,759.0,6.16,51.40
435,hard,15,10:35:40,10:35:45,12:21:38,COMPLETED,31868.0,105893.3,5.26,6358.77
526,hard,15,11:18:49,11:18:51,12:22:10,COMPLETED,27697.0,63315.3,2.55,3801.29
710,easy,11,12:21:57,12:21:57,12:22:10,COMPLETED,32783.0,217.1,0.65,13.29
649,easy,11,12:22:04,12:22:10,12:22:22,COMPLETED,29258.0,216.5,6.29,18.98
711,easy,12,12:20:10,12:20:15,12:22:29,COMPLETED,29590.0,2239.0,5.16,139.31
693,medium,13,12:21:22,12:21:25,12:22:29,COMPLETED,29661.0,1063.3,3.83,67.31
704,hard,15,12:01:42,12:01:45,12:23:38,COMPLETED,30247.0,21885.9,3.38,1316.37
688,medium,13,12:21:17,12:21:19,12:24:03,COMPLETED,29595.0,2736.7,2.44,166.39
723,medium,13,12:19:53,12:19:55,12:24:09,COMPLETED,35474.0,4238.7,2.66,256.66
709,medium,14,12:01:24,12:01:26,12:24:28,COMPLETED,27360.0,23039.5,2.44,1384.63
614,medium,13,12:24:53,12:24:53,12:26:09,COMPLETED,30497.0,1262.0,0.68,76.12
607,hard,15,12:17:37,12:17:43,12:26:21,COMPLETED,30287.0,8644.0,6.26,524.69
748,medium,14,12:00:47,12:00:48,12:26:34,COMPLETED,21520.0,25763.8,1.54,1547.20
619,easy,12,12:20:25,12:20:28,12:26:34,COMPLETED,34158.0,6103.6,3.22,369.20
731,easy,12,12:26:52,12:26:53,12:27:18,COMPLETED,26080.0,430.2,1.40,26.99
696,easy,12,12:24:12,12:24:16,12:27:44,COMPLETED,26712.0,3475.1,4.02,212.15
724,medium,13,12:13:23,12:13:28,12:27:50,COMPLETED,34943.0,14365.7,5.97,867.59
190,hard,15,09:22:56,09:23:00,12:28:09,COMPLETED,26724.0,185151.1,4.88,11113.89
640,medium,13,12:25:51,12:25:56,12:28:29,COMPLETED,34597.0,2551.1,5.46,158.19
641,easy,11,12:28:41,12:28:41,12:28:54,COMPLETED,22391.0,217.3,0.86,13.68
702,easy,11,12:28:47,12:28:48,12:29:07,COMPLETED,29072.0,324.1,1.20,20.17
208,hard,15,09:38:09,09:38:11,12:29:13,COMPLETED,30051.0,171040.5,2.30,10264.69
532,hard,15,11:33:50,11:33:53,12:29:51,COMPLETED,36937.0,55978.5,3.33,3361.86
684,easy,12,12:29:02,12:29:07,12:30:11,COMPLETED,25419.0,1071.8,5.17,69.02
644,easy,12,12:30:39,12:30:42,12:31:27,COMPLETED,22341.0,756.8,3.79,48.79
662,easy,11,12:31:23,12:31:27,12:31:34,COMPLETED,29522.0,114.3,4.79,11.26
642,hard,15,12:19:40,12:19:42,12:31:47,COMPLETED,32089.0,12078.0,2.75,727.10
663,easy,12,12:32:11,12:32:12,12:32:25,COMPLETED,19045.0,214.3,1.83,14.45
669,easy,12,12:32:00,12:32:06,12:33:22,COMPLETED,25815.0,1273.9,6.33,82.52
749,easy,11,12:33:16,12:33:16,12:33:35,COMPLETED,29148.0,318.9,0.20,19.07
615,easy,11,12:35:17,12:35:21,12:35:34,COMPLETED,24708.0,214.9,4.76,17.40
647,medium,14,12:31:42,12:31:47,12:35:40,COMPLETED,30794.0,3897.5,5.10,238.69
622,easy,12,12:35:18,12:35:21,12:35:53,COMPLETED,28152.0,529.7,3.76,35.33
736,hard,15,12:24:08,12:24:09,12:36:24,COMPLETED,25724.0,12254.0,1.66,736.71
694,medium,13,12:30:59,12:31:02,12:36:31,COMPLETED,29363.0,5485.2,3.11,332.00
715,easy,12,12:35:41,12:35:47,12:36:43,COMPLETED,33834.0,946.2,6.02,62.54
722,medium,13,12:34:58,12:35:02,12:37:02,COMPLETED,28437.0,1995.5,4.93,124.39
659,hard,15,12:13:55,12:14:00,12:37:33,COMPLETED,30925.0,23561.0,5.37,1418.85
707,easy,11,12:37:10,12:37:14,12:37:33,COMPLETED,25871.0,319.3,4.96,23.85
700,medium,14,12:33:01,12:33:03,12:37:52,COMPLETED,25327.0,4824.3,2.60,291.66
633,easy,12,12:36:45,12:36:49,12:38:05,COMPLETED,37477.0,1268.8,4.82,80.55
682,hard,15,12:32:54,12:32:57,12:38:37,COMPLETED,29886.0,5677.1,3.29,343.64
656,medium,14,12:37:14,12:37:14,12:39:41,COMPLETED,26020.0,2446.7,0.96,147.29
708,easy,11,12:39:51,12:39:54,12:40:00,COMPLETED,24324.0,117.8,3.28,9.80
746,easy,11,12:40:00,12:40:00,12:40:07,COMPLETED,26092.0,116.6,0.80,7.41
666,medium,14,12:36:08,12:36:12,12:40:45,COMPLETED,31598.0,4561.3,4.13,277.43
390,hard,15,10:20:11,10:20:12,12:40:51,COMPLETED,31809.0,140649.2,1.91,8440.87
729,medium,13,12:39:35,12:39:41,12:41:17,COMPLETED,33839.0,1612.9,6.29,102.68
646,easy,11,12:41:10,12:41:11,12:41:17,COMPLETED,26495.0,115.9,1.07,7.68
326,hard,15,10:53:31,10:53:34,12:42:40,COMPLETED,39390.0,109107.0,3.07,6549.37
734,easy,11,12:42:47,12:42:53,12:42:59,COMPLETED,22305.0,112.2,6.21,12.72
674,easy,11,12:44:21,12:44:21,12:44:28,COMPLETED,19624.0,109.1,0.77,7.10
667,easy,11,12:44:16,12:44:21,12:44:40,COMPLETED,27919.0,318.5,5.77,24.63
601,easy,11,12:44:50,12:44:53,12:44:59,COMPLETED,25547.0,109.7,3.15,9.46
716,easy,11,12:45:15,12:45:18,12:45:37,COMPLETED,29090.0,321.1,3.25,22.26
612,easy,12,12:45:22,12:45:24,12:46:27,COMPLETED,26368.0,1053.3,2.62,65.51
701,easy,12,12:46:04,12:46:08,12:46:40,COMPLETED,31641.0,530.2,4.64,36.19
616,medium,13,12:38:37,12:38:37,12:47:11,COMPLETED,40742.0,8571.0,0.64,514.68
624,easy,12,12:46:50,12:46:52,12:47:17,COMPLETED,20881.0,424.1,2.76,27.98
730,easy,12,12:42:00,12:42:02,12:47:43,COMPLETED,33979.0,5684.9,2.28,343.15
673,hard,15,12:33:02,12:33:03,12:48:01,COMPLETED,33048.0,14976.0,1.60,899.98
689,medium,14,12:46:08,12:46:08,12:48:20,COMPLETED,23024.0,2209.1,0.64,132.99
691,medium,14,12:30:41,12:30:42,12:48:39,COMPLETED,40632.0,17954.1,1.79,1078.89
623,medium,14,12:46:24,12:46:27,12:48:39,COMPLETED,32518.0,2211.3,3.51,135.89
476,hard,15,11:54:50,11:54:55,12:48:52,COMPLETED,33674.0,53955.2,5.39,3242.58
636,easy,12,12:48:04,12:48:08,12:48:52,COMPLETED,32129.0,742.2,4.27,48.58
604,medium,13,12:45:13,12:45:18,12:48:58,COMPLETED,24244.0,3683.2,5.25,225.87
713,medium,13,12:46:49,12:46:52,12:50:15,COMPLETED,33297.0,3394.3,3.76,206.94
621,medium,13,12:45:23,12:45:24,12:50:48,COMPLETED,30975.0,5398.2,1.62,325.10
632,medium,14,12:28:11,12:28:16,12:51:01,COMPLETED,30033.0,22751.8,5.32,1370.10
712,medium,13,12:30:47,12:30:49,12:51:01,COMPLETED,30725.0,20202.1,2.35,1214.10
676,easy,12,12:50:47,12:50:48,12:51:07,COMPLETED,33751.0,333.7,1.10,20.62
277,hard,15,09:21:24,09:21:26,12:51:20,COMPLETED,38226.0,209901.9,2.64,12596.60
639,easy,11,12:51:04,12:51:07,12:51:20,COMPLETED,30228.0,225.3,3.62,16.60
706,easy,12,12:52:16,12:52:18,12:52:37,COMPLETED,23509.0,333.6,2.18,21.72
741,medium,14,12:48:03,12:48:08,12:53:03,COMPLETED,26985.0,4924.6,5.27,300.43
308,hard,15,10:23:11,10:23:14,12:53:22,COMPLETED,36141.0,150140.7,3.22,9011.59
635,easy,11,12:52:59,12:53:03,12:53:35,COMPLETED,27396.0,541.2,4.43,36.48
611,easy,12,12:53:10,12:53:16,12:53:41,COMPLETED,34286.0,435.5,6.27,31.96
683,easy,12,12:52:28,12:52:31,12:54:20,COMPLETED,33437.0,1836.1,3.16,112.91
625,medium,13,12:51:17,12:51:20,12:55:24,COMPLETED,29726.0,4067.7,3.60,247.38
678,easy,12,12:55:52,12:55:55,12:56:27,COMPLETED,22425.0,528.6,3.85,35.30
739,medium,13,12:51:39,12:51:40,12:56:52,COMPLETED,28245.0,5211.7,1.11,313.57
638,easy,12,12:54:31,12:54:33,12:56:52,COMPLETED,26717.0,2316.6,2.84,141.57
742,easy,12,12:56:13,12:56:14,12:56:58,COMPLETED,27694.0,743.7,1.70,45.87
699,easy,11,12:56:45,12:56:46,12:56:58,COMPLETED,24312.0,218.8,1.22,13.87
698,easy,12,12:57:06,12:57:11,12:57:18,COMPLETED,23328.0,110.7,5.71,12.09
680,hard,15,12:04:24,12:04:29,12:57:49,COMPLETED,33630.0,53333.6,5.65,3205.51
593,hard,15,11:30:19,11:30:22,12:57:55,COMPLETED,31873.0,87554.0,3.74,5256.86
664,medium,13,12:54:04,12:54:07,12:57:55,COMPLETED,33283.0,3808.2,3.67,231.86
670,easy,12,12:57:24,12:57:24,12:58:14,COMPLETED,27348.0,847.1,0.38,50.89
654,easy,12,12:58:04,12:58:08,12:58:21,COMPLETED,29378.0,216.5,4.52,17.25
603,easy,12,12:58:44,12:58:46,12:59:05,COMPLETED,28708.0,319.0,2.32,21.16
725,medium,14,12:53:51,12:53:54,12:59:36,COMPLETED,27014.0,5704.3,3.69,345.67
727,easy,11,12:59:02,12:59:05,12:59:49,COMPLETED,33708.0,740.9,3.16,47.32
721,easy,11,12:59:57,13:00:01,13:00:08,COMPLETED,26544.0,109.9,4.96,11.28
609,easy,12,12:59:13,12:59:17,13:00:33,COMPLETED,27770.0,1266.3,4.76,80.44
826,easy,12,13:00:27,13:00:27,13:00:46,COMPLETED,31048.0,321.9,0.13,19.10
820,easy,11,13:00:43,13:00:46,13:01:11,COMPLETED,27585.0,426.4,3.10,28.36
861,easy,11,13:01:07,13:01:11,13:01:17,COMPLETED,23013.0,110.8,4.36,10.71
452,medium,14,11:40:36,11:40:37,13:02:39,COMPLETED,39086.0,82031.6,1.77,4923.53
794,easy,11,13:02:29,13:02:33,13:02:45,COMPLETED,29061.0,216.0,4.21,16.90
842,easy,12,13:02:39,13:02:39,13:03:04,COMPLETED,23601.0,425.7,0.53,25.76
650,hard,15,12:26:42,12:26:46,13:03:11,COMPLETED,33870.0,36406.6,4.91,2189.10
811,easy,12,13:02:59,13:03:04,13:03:11,COMPLETED,25803.0,111.4,5.76,12.10
455,hard,15,11:38:12,11:38:12,13:03:17,COMPLETED,25687.0,85089.3,0.20,5105.47
789,easy,12,13:03:39,13:03:42,13:04:45,COMPLETED,27987.0,1056.4,3.56,66.64
813,easy,11,13:05:02,13:05:04,13:05:10,COMPLETED,21955.0,111.5,2.61,8.94
808,medium,14,13:00:37,13:00:39,13:06:27,COMPLETED,30984.0,5807.1,2.78,350.79
810,easy,12,13:05:09,13:05:10,13:07:00,COMPLETED,27630.0,1828.6,1.94,111.27
893,easy,12,13:07:15,13:07:19,13:07:45,COMPLETED,21961.0,435.3,4.49,30.29
500,hard,15,11:14:51,11:14:52,13:07:57,COMPLETED,33864.0,113090.0,1.66,6786.96
692,medium,14,12:54:12,12:54:14,13:08:10,COMPLETED,25884.0,13947.8,2.22,838.87
315,hard,15,10:35:03,10:35:06,13:08:29,COMPLETED,31833.0,153393.0,3.27,9206.80
855,easy,12,13:10:38,13:10:42,13:11:07,COMPLETED,28495.0,430.3,4.44,29.90
788,easy,11,13:10:59,13:11:01,13:11:07,COMPLETED,26540.0,112.9,2.50,8.90
850,medium,13,13:07:17,13:07:19,13:11:14,COMPLETED,30556.0,3917.0,2.49,237.30
872,hard,15,13:00:29,13:00:33,13:11:46,COMPLETED,32228.0,11214.0,4.44,677.05
839,easy,11,13:11:48,13:11:52,13:12:05,COMPLETED,24111.0,218.5,4.37,17.06
822,easy,11,13:12:02,13:12:05,13:12:11,COMPLETED,24645.0,112.5,3.06,9.51
849,medium,14,13:01:18,13:01:24,13:12:17,COMPLETED,28143.0,10901.7,6.03,659.84
60,hard,15,08:16:07,08:16:07,13:12:30,COMPLETED,40671.0,296383.4,0.60,17783.60
600,hard,15,12:48:09,12:48:14,13:12:55,COMPLETED,30202.0,24692.0,5.66,1487.00
881,easy,12,13:12:25,13:12:30,13:12:55,COMPLETED,35362.0,427.6,5.60,31.00
840,easy,11,13:12:55,13:13:02,13:13:08,COMPLETED,25412.0,115.1,7.34,13.74
878,easy,12,13:12:02,13:12:05,13:13:15,COMPLETED,25302.0,1179.8,3.06,73.29
821,medium,13,13:12:25,13:12:30,13:14:52,COMPLETED,33430.0,2368.6,5.60,147.27
786,easy,12,13:06:07,13:06:08,13:14:58,COMPLETED,31979.0,8851.0,1.26,531.81
807,easy,12,13:14:50,13:15:05,13:15:37,COMPLETED,26435.0,543.5,15.48,47.79
767,easy,11,13:15:13,13:15:44,13:15:57,COMPLETED,29567.0,227.6,31.12,44.28
791,medium,14,13:07:52,13:07:57,13:16:30,COMPLETED,32813.0,8541.1,5.96,518.02
758,easy,12,13:15:45,13:16:03,13:16:56,COMPLETED,27740.0,877.7,18.82,71.00
835,medium,13,13:13:14,13:13:15,13:17:47,COMPLETED,29980.0,4550.5,1.29,273.88
768,easy,12,13:17:35,13:17:54,13:18:20,COMPLETED,33697.0,444.0,19.40,45.53
761,medium,13,13:17:20,13:17:21,13:18:27,COMPLETED,34854.0,1096.5,1.69,67.09
817,medium,14,13:09:02,13:09:07,13:18:52,COMPLETED,28141.0,9758.2,5.71,590.77
886,medium,13,13:05:35,13:05:36,13:19:05,COMPLETED,34659.0,13499.3,1.23,810.80
617,medium,14,12:31:43,12:31:47,13:21:25,COMPLETED,32539.0,49635.5,4.10,2982.13
860,medium,14,13:12:55,13:13:02,13:21:31,COMPLETED,30016.0,8489.1,7.34,516.46
753,easy,12,13:21:33,13:21:37,13:21:44,COMPLETED,20002.0,111.5,4.77,11.12
802,hard,15,13:06:53,13:06:53,13:22:09,COMPLETED,29518.0,15268.7,0.71,916.57
668,medium,14,12:57:50,12:57:55,13:22:41,COMPLETED,31010.0,24761.0,5.86,1491.30
626,hard,15,12:56:57,12:56:58,13:22:53,COMPLETED,24089.0,25922.3,1.87,1556.97
845,medium,14,13:17:16,13:17:21,13:23:06,COMPLETED,30524.0,5755.0,5.69,350.74
858,medium,14,13:12:26,13:12:30,13:23:44,COMPLETED,34534.0,11237.2,4.60,678.60
695,medium,14,12:49:41,12:49:44,13:24:48,COMPLETED,31920.0,35080.8,3.06,2107.61
834,easy,12,13:22:48,13:22:53,13:24:55,COMPLETED,32705.0,2027.0,5.97,127.15
774,easy,12,13:24:11,13:24:16,13:25:40,COMPLETED,26451.0,1409.0,5.17,89.23
762,easy,12,13:25:08,13:25:14,13:25:46,COMPLETED,28735.0,546.2,6.50,38.79
631,hard,15,12:42:04,12:42:08,13:25:59,COMPLETED,34351.0,43857.4,4.56,2635.80
733,hard,15,12:02:49,12:02:54,13:26:06,COMPLETED,37459.0,83194.7,5.81,4997.33
843,medium,13,13:25:06,13:25:07,13:26:57,COMPLETED,26221.0,1825.3,1.94,111.12
759,easy,11,13:26:47,13:26:50,13:27:09,COMPLETED,30476.0,322.9,3.77,22.84
867,medium,14,13:23:44,13:23:44,13:27:16,COMPLETED,24543.0,3531.0,0.60,212.17
856,easy,12,13:26:56,13:26:57,13:27:16,COMPLETED,30705.0,322.9,1.12,20.17
784,easy,11,13:27:50,13:27:54,13:28:00,COMPLETED,23465.0,116.6,4.24,10.79
681,medium,14,12:42:03,12:42:08,13:28:32,COMPLETED,30884.0,46408.4,5.56,2789.76
755,easy,11,13:28:27,13:28:32,13:28:51,COMPLETED,26641.0,327.6,5.76,24.98
875,easy,12,13:28:45,13:28:45,13:29:11,COMPLETED,25821.0,438.2,0.63,26.36
883,easy,12,13:28:33,13:28:39,13:29:17,COMPLETED,26277.0,653.4,6.26,44.97
790,easy,12,13:29:27,13:29:30,13:29:57,COMPLETED,24373.0,442.2,3.99,30.17
783,easy,12,13:29:39,13:29:44,13:30:03,COMPLETED,28728.0,329.5,5.22,24.70
799,easy,12,13:30:13,13:30:16,13:30:42,COMPLETED,27760.0,431.6,3.51,29.06
796,easy,11,13:30:38,13:30:42,13:31:01,COMPLETED,29463.0,322.0,4.06,23.07
778,easy,12,13:30:18,13:30:23,13:31:07,COMPLETED,24508.0,745.0,5.05,49.41
765,easy,11,13:31:02,13:31:07,13:31:26,COMPLETED,26923.0,322.4,5.41,24.39
552,hard,15,11:57:59,11:58:04,13:31:39,COMPLETED,30919.0,93582.7,5.25,5620.08
838,medium,13,13:25:31,13:25:33,13:31:45,COMPLETED,27008.0,6201.8,2.59,374.44
801,easy,11,13:32:11,13:32:16,13:32:36,COMPLETED,24331.0,323.2,6.00,25.05
630,hard,15,12:59:45,12:59:49,13:33:20,COMPLETED,38956.0,33523.5,4.32,2015.55
853,medium,13,13:29:25,13:29:30,13:33:20,COMPLETED,23439.0,3830.6,5.99,235.55
779,easy,12,13:33:03,13:33:07,13:33:39,COMPLETED,25659.0,533.5,4.77,36.48
259,hard,15,09:57:04,09:57:08,13:33:45,COMPLETED,41457.0,216628.4,4.07,13001.80
805,easy,12,13:34:23,13:34:23,13:34:42,COMPLETED,31962.0,322.6,0.60,19.61
832,medium,14,13:12:48,13:12:49,13:35:33,COMPLETED,28088.0,22735.2,1.64,1365.41
769,medium,14,13:21:41,13:21:44,13:35:39,COMPLETED,29938.0,13936.9,3.12,838.93
895,easy,12,13:34:31,13:34:36,13:35:52,COMPLETED,36640.0,1286.3,5.24,81.94
782,easy,11,13:36:14,13:36:18,13:36:38,COMPLETED,24900.0,332.0,4.63,24.09
781,easy,11,13:36:26,13:36:31,13:36:38,COMPLETED,19670.0,118.4,5.51,12.09
819,medium,13,13:36:21,13:36:25,13:37:30,COMPLETED,27013.0,1088.5,4.18,69.02
870,easy,12,13:37:15,13:37:16,13:37:36,COMPLETED,23317.0,337.9,1.90,21.57
841,medium,14,13:07:53,13:07:57,13:37:43,COMPLETED,37218.0,29759.5,4.96,1790.24
800,medium,13,13:37:36,13:37:36,13:39:45,COMPLETED,31175.0,2157.8,0.57,129.53
772,medium,14,13:37:19,13:37:23,13:39:58,COMPLETED,28048.0,2595.1,4.52,159.71
578,medium,14,11:47:33,11:47:34,13:40:50,COMPLETED,25717.0,113276.4,1.21,6797.73
896,medium,14,13:37:07,13:37:10,13:40:50,COMPLETED,28438.0,3680.6,3.39,223.73
847,medium,14,13:38:37,13:38:41,13:41:16,COMPLETED,24693.0,2600.2,4.16,159.89
760,medium,13,13:39:27,13:39:32,13:41:23,COMPLETED,27578.0,1855.3,5.52,116.25
773,easy,11,13:40:59,13:41:23,13:41:36,COMPLETED,35798.0,223.1,24.25,37.33
859,easy,12,13:40:52,13:40:57,13:41:55,COMPLETED,23837.0,969.3,5.32,63.26
864,hard,15,13:22:10,13:22:15,13:42:14,COMPLETED,31460.0,19974.4,5.94,1204.19
686,medium,14,12:56:54,12:56:58,13:42:26,COMPLETED,36812.0,45468.0,4.87,2732.79
766,easy,12,13:40:41,13:40:57,13:42:26,COMPLETED,23511.0,1496.2,16.32,105.79
816,easy,12,13:42:27,13:42:33,13:42:39,COMPLETED,24060.0,112.5,6.12,12.52
780,medium,13,13:32:32,13:32:36,13:43:23,COMPLETED,34105.0,10804.1,4.05,652.00
836,easy,12,13:42:31,13:42:33,13:43:55,COMPLETED,24960.0,1379.6,2.12,84.65
798,hard,15,13:03:09,13:03:11,13:44:14,COMPLETED,32388.0,41061.7,2.10,2465.63
863,easy,12,13:44:33,13:44:33,13:44:52,COMPLETED,22149.0,321.6,0.65,19.66
754,easy,11,13:44:42,13:44:46,13:45:05,COMPLETED,24714.0,321.4,4.29,23.29
865,medium,13,13:47:12,13:47:12,13:47:38,COMPLETED,23592.0,435.5,0.60,26.43
857,medium,13,13:43:21,13:43:23,13:47:57,COMPLETED,32646.0,4572.1,3.00,276.87
874,easy,11,13:47:29,13:48:04,13:48:11,COMPLETED,26041.0,118.4,35.40,42.01
809,medium,13,13:39:48,13:39:52,13:48:37,COMPLETED,36078.0,8753.1,4.11,529.04
785,hard,15,13:28:08,13:28:13,13:49:15,COMPLETED,27892.0,21037.1,5.73,1267.73
803,easy,12,13:48:54,13:49:22,13:49:35,COMPLETED,24530.0,226.3,28.09,41.18
806,medium,13,13:39:25,13:39:26,13:49:48,COMPLETED,31502.0,10377.3,1.15,623.36
852,easy,12,13:49:27,13:49:54,13:50:01,COMPLETED,28559.0,119.1,27.92,34.55
899,hard,15,13:28:37,13:28:39,13:50:47,COMPLETED,32208.0,22136.2,2.26,1330.14
887,medium,13,13:47:41,13:48:17,13:51:19,COMPLETED,31133.0,3044.6,36.55,218.74
891,easy,12,13:47:27,13:47:44,13:51:39,COMPLETED,24955.0,3918.8,17.75,252.43
752,easy,12,13:50:56,13:51:26,13:51:58,COMPLETED,31947.0,552.3,30.30,62.94
756,medium,14,13:51:14,13:51:45,13:52:44,COMPLETED,27975.0,977.2,31.98,90.12
751,medium,13,13:51:19,13:52:05,13:53:03,COMPLETED,33251.0,970.2,46.50,104.40
894,easy,12,13:52:09,13:52:50,13:53:09,COMPLETED,26805.0,324.0,41.66,60.75
823,easy,11,13:52:29,13:53:09,13:53:28,COMPLETED,25876.0,323.0,40.75,59.79
777,medium,14,13:49:49,13:50:53,13:53:35,COMPLETED,33270.0,2698.4,64.60,226.16
866,easy,11,13:53:28,13:53:41,13:53:54,COMPLETED,18666.0,217.7,13.54,26.21
814,easy,12,13:53:34,13:54:00,13:54:06,COMPLETED,24247.0,111.3,26.63,32.99
812,medium,14,13:13:55,13:14:00,13:54:19,COMPLETED,34940.0,40322.3,5.55,2424.69
787,medium,14,13:42:33,13:42:33,13:54:38,COMPLETED,21534.0,12096.2,0.12,725.70
827,easy,11,13:54:03,13:54:26,13:54:38,COMPLETED,24069.0,216.6,23.03,35.70
818,medium,14,13:32:26,13:32:29,13:55:54,COMPLETED,35045.0,23420.0,3.66,1408.62
854,hard,15,13:25:15,13:25:20,13:56:00,COMPLETED,33255.0,30673.1,5.84,1845.96
851,easy,12,13:54:55,13:56:00,13:56:13,COMPLETED,28941.0,217.3,65.96,78.70
829,medium,14,13:48:52,13:48:56,13:56:26,COMPLETED,33925.0,7505.5,4.34,454.40
830,medium,14,13:29:05,13:29:11,13:56:39,COMPLETED,28346.0,27466.4,6.36,1654.10
844,medium,14,13:53:12,13:53:35,13:57:17,COMPLETED,29795.0,3705.9,23.16,245.24
483,hard,15,11:58:00,11:58:04,13:58:01,COMPLETED,32709.0,119955.9,4.25,7201.58
880,medium,13,13:55:50,13:56:20,13:58:20,COMPLETED,34512.0,2015.3,30.03,150.64
879,medium,13,13:55:46,13:56:07,13:58:26,COMPLETED,26981.0,2333.0,21.34,160.99
828,easy,12,13:56:29,13:58:07,13:58:59,COMPLETED,27231.0,860.7,98.91,150.05
882,easy,12,13:53:59,13:54:13,13:59:12,COMPLETED,34736.0,4989.1,14.33,313.24
873,medium,14,13:46:22,13:46:27,13:59:25,COMPLETED,32272.0,12972.6,5.42,783.39
831,easy,11,13:57:24,13:59:18,13:59:31,COMPLETED,28900.0,228.4,114.78,127.87
764,medium,14,13:54:37,13:54:45,13:59:45,COMPLETED,28871.0,5007.8,8.04,308.11
868,easy,11,13:57:59,13:59:31,13:59:45,COMPLETED,29232.0,229.3,92.87,106.11
792,easy,12,13:57:02,13:58:33,13:59:51,COMPLETED,33118.0,1314.0,91.37,169.69
771,easy,11,13:58:25,13:59:38,13:59:51,COMPLETED,26705.0,228.5,73.52,86.69
846,easy,12,13:59:14,13:59:51,14:00:17,COMPLETED,27707.0,434.4,37.69,63.51
750,medium,14,13:49:42,13:50:08,14:00:43,COMPLETED,32262.0,10595.9,26.11,661.34
948,easy,12,14:00:24,14:00:30,14:01:09,COMPLETED,30644.0,666.0,6.13,45.61
933,easy,11,14:01:08,14:01:16,14:01:29,COMPLETED,28805.0,227.3,8.16,21.31
824,medium,14,13:36:59,13:37:03,14:01:35,COMPLETED,29084.0,24541.2,4.92,1476.84
942,easy,11,14:01:08,14:01:35,14:01:42,COMPLETED,22329.0,119.3,27.84,34.57
884,hard,15,13:22:13,13:22:15,14:01:49,COMPLETED,30392.0,39555.6,2.94,2376.04
1004,easy,12,14:01:15,14:01:42,14:02:01,COMPLETED,20237.0,325.1,27.57,46.79
943,easy,11,14:02:04,14:02:08,14:02:14,COMPLETED,23542.0,118.1,4.11,10.71
998,easy,11,14:02:43,14:02:47,14:02:53,COMPLETED,27694.0,119.0,4.33,10.98
837,hard,15,13:20:24,13:20:28,14:03:00,COMPLETED,32410.0,42541.3,4.36,2556.52
997,easy,12,14:00:37,14:00:43,14:03:13,COMPLETED,24255.0,2511.9,6.34,156.56
930,easy,12,14:00:40,14:00:49,14:03:58,COMPLETED,31359.0,3145.5,9.99,198.38
976,easy,12,14:02:19,14:02:21,14:03:58,COMPLETED,25126.0,1625.1,2.25,99.38
965,medium,13,14:01:48,14:01:49,14:04:30,COMPLETED,29931.0,2688.0,1.04,162.04
1001,easy,12,14:04:10,14:04:11,14:04:42,COMPLETED,28509.0,530.8,1.08,32.65
719,hard,15,12:58:13,12:58:14,14:05:26,COMPLETED,36537.0,67201.6,1.89,4033.83
913,easy,12,14:05:31,14:05:33,14:06:04,COMPLETED,35639.0,533.2,2.15,33.85
889,hard,15,13:54:05,13:54:45,14:06:42,COMPLETED,27003.0,11968.2,40.04,757.87
897,medium,14,13:43:37,13:43:42,14:07:14,COMPLETED,25097.0,23527.4,5.98,1417.41
648,hard,15,12:49:36,12:49:37,14:07:39,COMPLETED,37323.0,78036.7,1.52,4683.59
910,easy,11,14:08:04,14:08:04,14:08:23,COMPLETED,22843.0,321.9,0.78,19.81
941,medium,14,14:05:54,14:05:58,14:09:14,COMPLETED,33106.0,3268.9,4.49,200.24
967,easy,12,14:09:09,14:09:14,14:10:30,COMPLETED,25718.0,1272.5,5.24,81.31
945,medium,13,14:09:13,14:09:14,14:10:30,COMPLETED,28285.0,1272.0,1.24,77.31
1048,easy,12,14:10:11,14:10:11,14:11:01,COMPLETED,30623.0,846.6,0.32,50.81
745,hard,15,12:49:10,12:49:11,14:11:14,COMPLETED,30733.0,82049.5,1.75,4924.55
964,easy,12,14:11:04,14:11:08,14:11:58,COMPLETED,31519.0,851.0,4.14,54.84
1014,easy,12,14:12:05,14:12:05,14:12:43,COMPLETED,25638.0,639.1,0.24,38.31
992,easy,12,14:12:29,14:12:30,14:12:55,COMPLETED,24245.0,426.6,1.61,26.92
971,easy,11,14:14:09,14:14:11,14:14:18,COMPLETED,26738.0,111.6,2.73,9.13
902,medium,14,14:11:53,14:11:58,14:15:21,COMPLETED,27833.0,3396.8,5.84,208.90
957,easy,12,14:14:43,14:14:43,14:15:28,COMPLETED,22849.0,757.7,0.59,45.73
763,medium,14,13:52:39,13:53:16,14:15:48,COMPLETED,29867.0,22540.8,37.13,1389.08
984,easy,12,14:15:19,14:15:21,14:16:20,COMPLETED,25245.0,986.1,2.90,61.78
877,hard,15,13:56:31,13:58:26,14:17:05,COMPLETED,30515.0,18641.2,115.99,1234.21
1013,easy,12,14:14:10,14:14:11,14:17:18,COMPLETED,30866.0,3108.9,1.73,188.03
959,easy,12,14:16:08,14:16:14,14:17:56,COMPLETED,34036.0,1702.4,6.17,108.03
934,easy,11,14:18:14,14:18:15,14:18:27,COMPLETED,25760.0,218.4,1.13,13.80
677,hard,15,12:46:30,12:46:33,14:18:40,COMPLETED,33381.0,92114.0,3.87,5530.58
944,easy,11,14:18:00,14:18:02,14:18:40,COMPLETED,29384.0,642.2,2.35,40.58
848,hard,15,13:55:52,13:56:32,14:18:46,COMPLETED,34986.0,22240.6,40.74,1374.91
1027,medium,13,14:17:28,14:17:30,14:18:53,COMPLETED,32154.0,1380.9,2.71,85.28
658,hard,15,12:14:53,12:14:57,14:18:59,COMPLETED,41001.0,124041.1,4.24,7446.60
815,medium,14,13:06:59,13:07:00,14:19:12,COMPLETED,35318.0,72201.1,1.27,4333.19
911,easy,11,14:18:41,14:18:46,14:19:56,COMPLETED,32286.0,1160.2,5.91,75.26
900,easy,12,14:20:09,14:20:15,14:20:34,COMPLETED,34933.0,320.7,6.19,25.16
909,easy,12,14:20:10,14:20:15,14:20:53,COMPLETED,26459.0,634.7,5.19,43.04
926,medium,13,14:14:10,14:14:11,14:20:59,COMPLETED,39098.0,6797.2,1.73,409.34
1022,easy,12,14:20:00,14:20:02,14:21:18,COMPLETED,24350.0,1266.2,2.55,78.24
1024,easy,11,14:22:37,14:22:40,14:22:46,COMPLETED,27970.0,115.0,3.42,9.99
912,easy,11,14:23:11,14:23:12,14:23:44,COMPLETED,36157.0,541.6,1.84,33.75
657,hard,15,12:07:58,12:08:02,14:24:23,COMPLETED,33782.0,136344.8,4.90,8185.46
962,easy,12,14:25:04,14:25:08,14:25:21,COMPLETED,27859.0,229.0,4.47,17.73
937,easy,11,14:25:01,14:25:02,14:25:47,COMPLETED,34798.0,774.3,1.10,46.99
1041,easy,11,14:25:39,14:25:41,14:25:54,COMPLETED,21519.0,228.1,2.37,15.66
916,easy,11,14:25:43,14:25:47,14:26:01,COMPLETED,24712.0,223.1,4.99,18.10
797,hard,15,13:58:41,13:59:51,14:26:26,COMPLETED,30277.0,26585.2,70.69,1665.53
990,hard,15,14:24:09,14:24:10,14:27:48,COMPLETED,31128.0,3641.1,1.78,219.97
1035,medium,14,14:05:00,14:05:01,14:28:14,COMPLETED,28137.0,23221.7,1.52,1394.60
1019,medium,13,14:22:49,14:22:53,14:28:39,COMPLETED,31513.0,5780.6,4.36,350.94
1021,easy,11,14:28:33,14:28:33,14:28:52,COMPLETED,25070.0,323.2,0.58,19.65
419,hard,15,10:12:46,10:12:49,14:30:59,COMPLETED,34446.0,258161.4,3.45,15493.14
1008,easy,12,14:29:40,14:31:05,14:31:11,COMPLETED,34043.0,112.8,85.52,91.95
1030,medium,13,14:30:21,14:31:18,14:33:06,COMPLETED,30321.0,1807.7,57.31,165.42
958,hard,15,14:12:34,14:12:36,14:33:38,COMPLETED,27831.0,21030.4,2.96,1264.37
1017,easy,12,14:30:33,14:33:44,14:34:04,COMPLETED,30121.0,333.8,191.94,211.47
919,medium,14,14:24:32,14:24:36,14:34:17,COMPLETED,36944.0,9697.2,4.29,585.67
921,easy,11,14:30:52,14:34:24,14:34:30,COMPLETED,30586.0,116.2,212.25,218.72
956,medium,14,14:18:25,14:18:27,14:34:50,COMPLETED,31340.0,16379.1,2.80,985.15
955,medium,13,14:29:28,14:29:30,14:35:35,COMPLETED,29660.0,6089.0,2.58,367.59
1038,medium,13,14:31:08,14:34:56,14:35:48,COMPLETED,30512.0,872.7,228.70,280.54
925,easy,11,14:31:16,14:35:41,14:35:48,COMPLETED,25145.0,119.0,265.96,272.54
475,hard,15,11:14:48,11:14:52,14:35:55,COMPLETED,32371.0,201045.7,4.66,12067.14
977,easy,12,14:31:07,14:34:37,14:35:55,COMPLETED,27553.0,1309.7,210.26,288.14
1042,easy,11,14:32:14,14:35:55,14:36:15,COMPLETED,36037.0,339.0,221.14,241.07
952,easy,11,14:33:06,14:36:21,14:36:34,COMPLETED,28558.0,221.3,195.63,208.60
1010,medium,14,14:30:38,14:34:11,14:37:58,COMPLETED,31418.0,3795.6,213.01,440.24
1020,medium,13,14:33:18,14:36:40,14:38:43,COMPLETED,24629.0,2049.9,202.93,325.62
776,hard,15,13:56:21,13:57:23,14:39:15,COMPLETED,28176.0,41878.2,62.57,2574.93
521,hard,15,11:24:56,11:25:00,14:41:35,COMPLETED,38411.0,196588.9,4.66,11799.93
949,medium,14,14:26:22,14:26:26,14:42:39,COMPLETED,31954.0,16218.4,4.53,977.39
979,medium,13,14:34:28,14:41:42,14:44:27,COMPLETED,30435.0,2752.5,434.32,599.14
890,hard,15,13:14:25,13:14:58,14:45:11,COMPLETED,31793.0,90216.1,33.81,5446.63
922,medium,13,14:25:26,14:25:28,14:45:50,COMPLETED,36016.0,20380.0,2.26,1224.66
1034,easy,12,14:35:06,14:45:17,14:46:23,COMPLETED,33270.0,1098.2,611.96,677.35
920,easy,12,14:35:09,14:45:57,14:46:23,COMPLETED,23293.0,444.6,648.22,674.35
422,hard,15,10:23:53,10:23:53,14:47:27,COMPLETED,30788.0,263571.3,0.54,15814.75
613,hard,15,12:08:12,12:08:15,14:47:40,COMPLETED,27983.0,159418.7,3.97,9568.96
966,easy,12,14:35:46,14:46:29,14:48:58,COMPLETED,31799.0,2487.7,643.93,792.74
940,easy,12,14:35:53,14:47:34,14:49:18,COMPLETED,26247.0,1741.1,701.31,805.42
969,medium,13,14:33:36,14:38:49,14:49:37,COMPLETED,33869.0,10806.7,313.95,961.91
1023,medium,14,14:33:00,14:36:01,14:50:36,COMPLETED,25163.0,14575.4,181.90,1056.08
1012,easy,12,14:36:27,14:49:24,14:50:42,COMPLETED,26265.0,1303.7,777.82,855.64
907,hard,15,14:31:22,14:35:55,14:51:20,COMPLETED,32209.0,15429.9,273.14,1198.69
903,easy,12,14:38:27,14:50:42,14:51:20,COMPLETED,30771.0,639.4,735.64,773.69
1016,medium,14,14:34:29,14:42:45,14:51:52,COMPLETED,27070.0,9116.7,496.72,1043.44
924,easy,11,14:38:41,14:51:27,14:51:52,COMPLETED,28063.0,428.2,766.03,791.44
975,medium,14,14:36:16,14:49:05,14:52:05,COMPLETED,24379.0,3002.5,769.29,949.17
1009,easy,11,14:38:39,14:51:27,14:52:05,COMPLETED,26516.0,640.7,768.03,806.17
898,hard,15,13:55:53,13:56:45,14:52:11,COMPLETED,33621.0,55437.8,52.49,3378.50
939,medium,14,14:35:23,14:46:29,14:52:11,COMPLETED,26852.0,5698.9,666.93,1008.50
1011,easy,11,14:40:16,14:51:58,14:53:27,COMPLETED,21782.0,1487.6,702.78,791.78
970,easy,12,14:41:16,14:52:17,14:53:59,COMPLETED,30544.0,1696.4,661.92,763.41
954,easy,12,14:42:04,14:52:17,14:53:59,COMPLETED,30327.0,1696.1,613.92,715.41
1033,easy,12,14:42:30,14:53:34,14:54:12,COMPLETED,21763.0,638.4,664.12,702.13
1044,easy,11,14:42:56,14:54:05,14:54:12,COMPLETED,28006.0,111.5,669.75,676.13
1039,medium,14,14:33:33,14:38:04,14:54:37,COMPLETED,35961.0,16548.8,271.82,1264.50
923,easy,11,14:43:37,14:54:05,14:54:43,COMPLETED,27071.0,639.8,628.75,666.83
1015,easy,12,14:44:21,14:54:18,14:54:56,COMPLETED,29916.0,639.9,597.47,635.61
995,easy,12,14:44:27,14:54:43,14:55:09,COMPLETED,22926.0,429.7,616.83,642.32
991,easy,11,14:44:47,14:55:02,14:55:22,COMPLETED,26641.0,322.6,615.94,635.00
888,hard,15,13:44:42,13:44:46,14:55:54,COMPLETED,37581.0,71132.9,4.29,4272.03
1037,medium,13,14:40:32,14:52:11,14:56:20,COMPLETED,25435.0,4151.8,699.50,948.33
1002,medium,13,14:45:20,14:55:28,14:56:58,COMPLETED,30003.0,1513.7,608.33,698.63
1043,medium,13,14:40:49,14:52:11,14:57:11,COMPLETED,29467.0,5013.2,682.50,982.87
1000,easy,12,14:45:57,14:56:26,14:57:11,COMPLETED,25078.0,762.4,629.66,674.87
928,easy,11,14:46:05,14:57:05,14:57:18,COMPLETED,21633.0,231.6,660.22,673.45
947,easy,11,14:46:29,14:57:18,14:57:25,COMPLETED,26272.0,120.6,649.45,656.18
961,easy,12,14:50:02,14:57:25,14:57:51,COMPLETED,31685.0,447.3,443.18,469.50
986,easy,11,14:50:28,14:57:31,14:57:51,COMPLETED,30826.0,337.0,423.84,443.50
999,easy,12,14:51:21,14:57:58,14:58:29,COMPLETED,26037.0,536.2,397.10,428.93
757,hard,15,13:09:33,13:09:33,14:58:55,COMPLETED,38155.0,109385.5,0.01,6562.93
993,medium,13,14:51:28,14:57:58,14:59:02,COMPLETED,26333.0,1082.5,390.10,454.49
908,medium,13,14:36:51,14:49:44,14:59:35,COMPLETED,35153.0,9851.4,773.45,1364.29
1003,easy,12,14:52:22,14:59:09,14:59:41,COMPLETED,31698.0,546.3,407.17,439.61
929,easy,11,14:52:43,14:59:47,15:00:00,COMPLETED,24623.0,221.5,424.99,437.77
1028,easy,12,14:51:58,14:58:36,15:00:39,COMPLETED,28624.0,2068.9,398.31,521.93
904,easy,12,14:52:47,15:00:07,15:00:46,COMPLETED,22222.0,663.1,440.31,479.51
1047,easy,12,14:45:42,14:56:00,15:02:35,COMPLETED,26426.0,6588.6,618.58,1013.62
1026,medium,14,14:34:53,14:44:33,15:05:20,COMPLETED,34275.0,20788.3,580.49,1827.54
440,hard,15,10:09:14,10:09:17,15:06:30,COMPLETED,29937.0,297205.7,3.80,17836.11
980,medium,14,14:52:18,14:59:02,15:06:36,COMPLETED,35337.0,7570.9,404.49,858.43
932,easy,11,14:53:22,15:06:36,15:06:49,COMPLETED,24309.0,217.1,794.43,807.15
914,easy,11,14:53:26,15:06:42,15:06:49,COMPLETED,27680.0,111.2,796.80,803.15
1040,easy,12,14:53:57,15:06:55,15:07:14,COMPLETED,31149.0,329.2,778.49,797.80
1045,easy,12,14:53:29,15:06:55,15:07:21,COMPLETED,27637.0,440.7,806.49,832.34
105,hard,15,08:24:29,08:24:29,15:07:40,COMPLETED,35960.0,403191.2,0.41,24191.86
1005,easy,11,14:54:17,15:07:27,15:07:40,COMPLETED,29202.0,219.9,790.98,803.86
1007,easy,12,14:54:06,15:07:21,15:07:53,COMPLETED,27619.0,551.9,795.34,827.92
918,easy,11,14:54:45,15:08:00,15:08:13,COMPLETED,31737.0,222.8,795.51,808.44
915,easy,12,14:54:25,15:07:47,15:09:18,COMPLETED,27889.0,1522.3,802.20,893.25
946,hard,15,14:27:31,14:27:36,15:10:10,COMPLETED,30694.0,42570.1,5.19,2559.06
927,easy,11,14:57:02,15:10:16,15:10:29,COMPLETED,29629.0,226.9,794.60,807.72
973,medium,14,14:52:49,15:00:46,15:10:36,COMPLETED,26348.0,9838.5,477.51,1067.27
953,medium,13,14:54:28,15:07:47,15:10:36,COMPLETED,33917.0,2826.2,799.20,968.27
988,easy,11,14:57:36,15:10:36,15:10:49,COMPLETED,26687.0,223.7,780.27,793.32
917,easy,12,14:58:24,15:10:55,15:12:06,COMPLETED,26642.0,1195.7,751.73,822.98
982,easy,11,14:58:53,15:12:13,15:12:32,COMPLETED,30980.0,330.3,800.52,819.84
981,medium,14,14:53:13,15:05:26,15:12:46,COMPLETED,28947.0,7326.8,733.88,1173.02
951,easy,12,14:59:47,15:12:39,15:13:11,COMPLETED,27388.0,544.9,772.39,804.78
950,medium,13,14:52:55,15:02:41,15:13:24,COMPLETED,31668.0,10713.5,586.95,1229.47
968,hard,15,14:30:27,14:33:12,15:15:30,COMPLETED,31238.0,42305.3,165.80,2703.90
1193,medium,13,15:00:26,15:13:18,15:15:30,COMPLETED,30868.0,2218.3,772.12,904.90
1111,easy,12,15:00:54,15:15:37,15:15:49,COMPLETED,27921.0,216.6,883.24,895.99
1055,easy,11,15:00:57,15:15:56,15:16:21,COMPLETED,25720.0,426.9,899.31,924.62
1196,easy,11,15:01:29,15:16:27,15:16:40,COMPLETED,22648.0,216.3,898.95,911.62
1029,medium,14,14:39:28,14:51:58,15:18:40,COMPLETED,32120.0,26705.4,750.78,2352.85
972,hard,15,14:27:11,14:27:17,15:19:18,COMPLETED,25635.0,52031.8,6.16,3127.86
1099,easy,12,15:01:39,15:18:47,15:19:25,COMPLETED,31427.0,639.7,1028.20,1066.19
989,medium,14,14:58:24,15:10:42,15:19:44,COMPLETED,29599.0,9026.9,738.94,1280.31
1119,easy,11,15:01:45,15:19:25,15:19:44,COMPLETED,28645.0,324.0,1060.19,1079.31
1132,easy,11,15:03:33,15:19:50,15:20:03,COMPLETED,33117.0,217.1,977.65,990.35
1056,easy,12,15:04:09,15:19:50,15:20:03,COMPLETED,27887.0,216.8,941.65,954.35
1138,hard,15,15:01:33,15:16:46,15:21:57,COMPLETED,33211.0,5178.7,913.95,1224.39
1066,medium,13,15:00:04,15:12:52,15:22:22,COMPLETED,32805.0,9507.7,768.57,1338.76
1147,medium,13,15:02:43,15:19:31,15:22:22,COMPLETED,30045.0,2857.4,1008.62,1179.76
935,hard,15,14:25:47,14:25:54,15:22:35,COMPLETED,27495.0,56685.3,7.66,3408.54
687,hard,15,12:48:08,12:48:08,15:22:48,COMPLETED,41215.0,154668.6,0.27,9280.36
1050,easy,11,15:05:34,15:22:29,15:22:48,COMPLETED,19208.0,326.4,1015.10,1034.36
1185,easy,12,15:06:15,15:22:41,15:23:07,COMPLETED,31361.0,429.6,986.92,1012.40
1134,easy,11,15:06:36,15:22:54,15:23:07,COMPLETED,27848.0,216.8,978.72,991.40
1191,easy,12,15:06:43,15:22:54,15:23:13,COMPLETED,26585.0,322.7,971.72,990.74
1061,medium,13,15:05:05,15:20:09,15:24:11,COMPLETED,36388.0,4038.8,904.72,1146.58
1197,medium,13,15:07:40,15:23:20,15:24:44,COMPLETED,33429.0,1407.2,940.15,1024.07
1078,easy,11,15:08:29,15:24:50,15:24:57,COMPLETED,26791.0,119.0,981.63,988.27
996,hard,15,14:24:19,14:24:23,15:25:42,COMPLETED,38519.0,61323.8,4.46,3683.57
1133,easy,12,15:08:51,15:25:49,15:26:33,COMPLETED,26402.0,751.2,1018.14,1062.91
1142,easy,12,15:09:08,15:26:40,15:26:52,COMPLETED,23905.0,217.8,1052.24,1064.98
1058,easy,12,15:09:35,15:26:59,15:27:30,COMPLETED,25632.0,532.1,1044.33,1075.95
130,hard,15,08:45:51,08:45:57,15:27:43,COMPLETED,32312.0,401776.3,6.07,24112.64
985,medium,13,14:54:54,15:08:19,15:27:49,COMPLETED,42185.0,19505.6,805.91,1975.97
963,hard,15,14:32:14,14:36:01,15:27:56,COMPLETED,25809.0,51911.5,227.90,3342.35
1090,easy,11,15:10:47,15:27:56,15:28:15,COMPLETED,29805.0,323.8,1029.35,1048.48
1106,medium,13,15:11:25,15:28:21,15:29:18,COMPLETED,24590.0,952.8,1016.81,1073.67
793,hard,15,13:32:00,13:32:04,15:29:50,COMPLETED,33450.0,117769.5,4.35,7070.39
1172,easy,11,15:12:53,15:29:24,15:29:50,COMPLETED,31445.0,428.6,991.99,1017.39
1052,medium,14,15:07:13,15:23:13,15:29:56,COMPLETED,27968.0,6722.6,960.74,1363.73
1146,easy,11,15:13:18,15:29:56,15:30:09,COMPLETED,22945.0,219.7,998.73,1011.62
1128,easy,12,15:13:39,15:30:03,15:30:15,COMPLETED,22957.0,217.9,984.21,996.95
978,medium,14,14:43:46,14:54:18,15:30:22,COMPLETED,40845.0,36068.2,632.47,2796.31
1112,hard,15,15:00:47,15:15:37,15:31:00,COMPLETED,30654.0,15388.5,890.24,1813.30
1165,medium,14,15:05:21,15:20:09,15:31:00,COMPLETED,27538.0,10846.4,888.72,1539.30
1183,easy,11,15:14:21,15:31:06,15:31:38,COMPLETED,34986.0,532.9,1005.64,1037.30
1145,easy,12,15:13:45,15:30:28,15:32:09,COMPLETED,29059.0,1693.1,1003.68,1104.98
901,hard,15,14:23:42,14:23:44,15:32:22,COMPLETED,35839.0,68634.9,2.75,4120.67
1152,easy,11,15:14:36,15:32:16,15:32:22,COMPLETED,26775.0,111.3,1060.31,1066.67
1158,medium,13,15:13:25,15:29:56,15:32:42,COMPLETED,27344.0,2765.2,991.73,1157.20
1051,easy,11,15:14:37,15:32:29,15:32:42,COMPLETED,26060.0,229.1,1072.00,1085.20
1105,easy,11,15:15:31,15:32:48,15:33:59,COMPLETED,30771.0,1191.3,1037.80,1108.81
1115,medium,14,15:08:30,15:25:03,15:35:04,COMPLETED,21428.0,10011.4,993.81,1594.20
869,hard,15,13:31:33,13:31:39,15:37:50,COMPLETED,32029.0,126186.3,6.08,7577.14
1170,easy,12,15:16:51,15:37:56,15:38:40,COMPLETED,35075.0,743.6,1265.47,1309.77
1180,medium,14,15:15:40,15:34:06,15:38:53,COMPLETED,33091.0,4790.4,1106.36,1393.48
1031,medium,13,14:44:41,14:54:50,15:39:37,COMPLETED,33757.0,44796.0,609.23,3296.79
906,hard,15,14:46:10,14:57:18,15:41:25,COMPLETED,28009.0,44115.8,668.45,3315.20
1148,medium,13,15:17:01,15:38:47,15:41:44,COMPLETED,25286.0,2957.7,1306.11,1483.25
1195,medium,13,15:18:17,15:38:59,15:41:57,COMPLETED,22739.0,2958.1,1242.82,1420.00
862,medium,14,13:57:07,13:59:05,15:43:46,COMPLETED,35714.0,104683.2,118.61,6399.37
1188,medium,14,15:00:34,15:13:30,15:43:52,COMPLETED,34187.0,30376.4,776.81,2598.92
1164,medium,14,15:18:20,15:39:44,15:44:12,COMPLETED,31988.0,4484.0,1284.12,1552.67
1123,easy,11,15:20:39,15:43:59,15:44:12,COMPLETED,28392.0,227.9,1400.56,1413.67
1153,easy,11,15:20:59,15:44:19,15:44:31,COMPLETED,27811.0,216.3,1400.27,1412.96
1139,medium,13,15:15:11,15:32:29,15:44:38,COMPLETED,38233.0,12162.4,1038.00,1767.31
1097,medium,14,15:06:00,15:22:29,15:45:04,COMPLETED,32470.0,22597.2,989.10,2344.58
1182,easy,12,15:21:33,15:44:38,15:45:04,COMPLETED,29692.0,446.9,1385.31,1411.58
1018,hard,15,14:28:16,14:28:20,15:45:43,COMPLETED,35591.0,77381.7,4.93,4647.55
1059,medium,13,15:22:14,15:45:11,15:45:50,COMPLETED,27115.0,657.3,1377.18,1416.10
1117,medium,13,15:21:43,15:44:44,15:45:56,COMPLETED,26401.0,1203.0,1381.96,1453.79
1075,easy,12,15:24:05,15:45:56,15:46:54,COMPLETED,26526.0,975.1,1311.79,1369.79
1141,easy,12,15:20:46,15:44:19,15:47:01,COMPLETED,36119.0,2710.7,1413.27,1575.35
1136,easy,12,15:22:26,15:45:50,15:47:01,COMPLETED,25053.0,1197.6,1404.10,1475.35
938,hard,15,14:33:59,14:39:22,15:47:27,COMPLETED,36801.0,68091.9,323.48,4408.72
1093,hard,15,15:08:06,15:24:18,15:47:34,COMPLETED,32318.0,23272.5,972.14,2368.21
1199,easy,12,15:25:50,15:47:08,15:48:19,COMPLETED,34029.0,1191.9,1278.01,1349.02
1127,medium,14,15:09:55,15:27:37,15:48:57,COMPLETED,29983.0,21347.8,1062.28,2342.93
717,hard,15,12:51:32,12:51:33,15:49:10,COMPLETED,36941.0,177620.9,1.44,10658.62
1166,easy,11,15:29:04,15:49:04,15:49:16,COMPLETED,28342.0,218.0,1200.26,1212.95
1053,easy,11,15:30:24,15:49:16,15:49:29,COMPLETED,23630.0,218.5,1132.95,1145.73
1057,medium,13,15:18:34,15:41:31,15:50:20,COMPLETED,31104.0,8818.3,1377.53,1906.37
1122,medium,13,15:09:59,15:27:49,15:50:26,COMPLETED,25301.0,22616.7,1070.97,2427.71
1077,easy,11,15:30:41,15:50:26,15:50:45,COMPLETED,21759.0,322.5,1185.71,1204.77
1109,easy,11,15:31:47,15:50:52,15:51:04,COMPLETED,26842.0,217.3,1145.09,1157.83
1036,hard,15,14:15:46,14:15:48,15:51:30,COMPLETED,29003.0,95704.4,2.08,5744.20
1098,medium,14,15:11:12,15:28:02,15:52:27,COMPLETED,34627.0,24411.3,1010.72,2475.14
1072,easy,11,15:33:13,15:52:33,15:52:52,COMPLETED,29172.0,322.2,1160.56,1179.58
1137,easy,11,15:33:14,15:52:58,15:53:05,COMPLETED,28305.0,111.1,1184.91,1191.27
1126,hard,15,15:19:56,15:41:50,15:53:50,COMPLETED,30307.0,11999.3,1314.61,2034.18
1168,medium,13,15:33:08,15:51:36,15:54:42,COMPLETED,31893.0,3099.4,1108.53,1294.00
1103,medium,14,15:20:35,15:43:52,15:55:21,COMPLETED,33758.0,11477.7,1397.92,2086.19
1108,medium,13,15:31:00,15:50:33,15:55:34,COMPLETED,34506.0,5026.1,1173.09,1474.20
1190,medium,14,15:32:08,15:51:11,15:58:15,COMPLETED,36880.0,7078.5,1143.15,1567.59
892,hard,15,13:30:42,13:30:42,15:59:06,COMPLETED,30434.0,148413.2,0.06,8904.70
1070,medium,14,15:26:40,15:47:34,15:59:06,COMPLETED,31527.0,11549.7,1254.21,1946.70
1076,easy,11,15:36:09,15:59:13,15:59:39,COMPLETED,34044.0,442.4,1384.31,1410.40
775,hard,15,13:40:18,13:40:18,15:59:58,COMPLETED,32684.0,139674.5,0.32,8380.68
1046,hard,15,14:45:03,14:55:15,16:00:11,COMPLETED,36504.0,64932.1,612.65,4508.40
1091,easy,11,15:38:09,16:00:17,16:00:24,COMPLETED,28014.0,111.8,1328.75,1335.11
1121,easy,12,15:37:15,15:59:45,16:00:43,COMPLETED,28838.0,960.2,1350.89,1408.20
1169,easy,12,15:38:11,16:00:30,16:01:14,COMPLETED,30256.0,744.3,1339.48,1383.85
1159,easy,12,15:39:14,16:01:21,16:01:52,COMPLETED,32923.0,532.1,1327.17,1358.77
1092,easy,12,15:34:58,15:55:27,16:01:59,COMPLETED,40404.0,6528.6,1229.73,1621.12
871,hard,15,13:11:24,13:11:26,16:02:30,COMPLETED,31896.0,171065.5,2.96,10266.79
1089,medium,14,15:35:35,15:55:40,16:02:56,COMPLETED,30170.0,7260.6,1205.74,1641.10
1068,easy,11,15:40:56,16:02:37,16:02:56,COMPLETED,24391.0,321.6,1301.12,1320.10
1087,easy,11,15:42:18,16:03:02,16:03:40,COMPLETED,31047.0,637.6,1244.44,1282.37
506,hard,15,11:49:40,11:49:46,16:03:53,COMPLETED,35097.0,254115.3,6.24,15253.11
1140,easy,11,15:41:41,16:03:02,16:03:53,COMPLETED,29863.0,849.8,1281.44,1332.11
1181,easy,11,15:42:18,16:03:46,16:03:53,COMPLETED,32074.0,111.4,1288.76,1295.11
1006,hard,15,14:24:59,14:25:02,16:04:12,COMPLETED,38676.0,99170.3,3.10,5953.18
484,hard,15,11:42:55,11:42:59,16:04:37,COMPLETED,39267.0,261644.0,4.19,15702.76
1069,easy,11,15:45:08,16:04:18,16:04:44,COMPLETED,28947.0,440.7,1150.51,1176.33
661,hard,15,12:06:42,12:06:45,16:05:23,COMPLETED,35986.0,238633.8,3.33,14321.29
1129,hard,15,15:40:41,16:02:05,16:05:23,COMPLETED,31998.0,3304.9,1284.51,1482.29
1064,easy,12,15:42:55,16:03:59,16:06:02,COMPLETED,28920.0,2056.2,1264.46,1387.56
1143,easy,12,15:46:04,16:05:29,16:06:28,COMPLETED,32506.0,982.1,1165.88,1224.38
1071,easy,12,15:46:11,16:06:08,16:06:41,COMPLETED,24453.0,546.9,1197.89,1230.41
1177,hard,15,15:35:42,15:58:21,16:06:54,COMPLETED,30847.0,8543.9,1359.91,1872.13
1095,medium,13,15:39:06,16:00:49,16:07:13,COMPLETED,33422.0,6412.7,1303.54,1687.85
1150,easy,11,15:46:26,16:06:34,16:07:13,COMPLETED,27637.0,657.0,1208.95,1247.85
357,hard,15,10:08:19,10:08:20,16:07:20,COMPLETED,32399.0,359002.3,1.45,21541.41
1194,easy,12,15:45:13,16:04:44,16:07:20,COMPLETED,27528.0,2613.4,1171.33,1327.41
1080,easy,12,15:48:15,16:07:20,16:07:34,COMPLETED,25497.0,235.0,1145.41,1159.03
1198,easy,11,15:49:04,16:07:27,16:07:34,COMPLETED,26948.0,120.1,1103.27,1110.03
1178,medium,13,15:48:52,16:07:27,16:07:53,COMPLETED,22690.0,445.5,1115.27,1141.53
1192,easy,11,15:49:14,16:07:40,16:08:13,COMPLETED,30208.0,548.8,1106.61,1139.22
1174,easy,12,15:49:25,16:08:00,16:08:13,COMPLETED,28758.0,225.4,1115.07,1128.22
1025,hard,15,14:06:26,14:06:30,16:09:30,COMPLETED,33043.0,123009.7,4.17,7384.56
1131,medium,13,15:45:58,16:05:29,16:09:30,COMPLETED,23743.0,4020.0,1171.88,1412.56
1120,easy,12,15:49:35,16:08:19,16:09:30,COMPLETED,27854.0,1191.8,1124.61,1195.56
1187,easy,12,15:47:53,16:07:00,16:10:16,COMPLETED,36870.0,3265.8,1147.68,1343.17
1102,easy,12,15:50:04,16:09:37,16:10:16,COMPLETED,28348.0,656.7,1173.20,1212.17
1067,easy,11,15:51:22,16:10:22,16:10:42,COMPLETED,27440.0,329.7,1140.75,1160.24
1065,easy,11,15:51:27,16:10:48,16:11:07,COMPLETED,29879.0,321.5,1161.65,1180.63
1074,easy,11,15:51:50,16:11:13,16:11:32,COMPLETED,26891.0,321.6,1163.96,1182.95
1179,medium,14,15:39:36,16:01:59,16:12:23,COMPLETED,32653.0,10415.6,1343.12,1967.79
1130,easy,12,15:50:53,16:09:37,16:12:36,COMPLETED,27832.0,2991.0,1124.20,1303.50
1116,medium,13,15:49:12,16:07:40,16:12:55,COMPLETED,35911.0,5255.1,1108.61,1423.64
1171,medium,14,15:49:28,16:08:19,16:14:30,COMPLETED,30870.0,6193.3,1131.61,1502.91
1085,easy,11,15:53:47,16:14:37,16:14:43,COMPLETED,20238.0,111.3,1250.27,1256.63
770,hard,15,13:59:27,13:59:58,16:14:49,COMPLETED,40719.0,134864.9,31.27,8122.98
1054,medium,13,15:51:13,16:10:22,16:15:02,COMPLETED,36338.0,4672.1,1149.75,1429.80
1113,medium,13,15:52:12,16:12:30,16:15:15,COMPLETED,35373.0,2760.8,1218.13,1383.50
1184,medium,14,15:53:00,16:12:42,16:19:01,COMPLETED,33435.0,6312.6,1182.88,1561.18
1110,medium,14,15:13:42,15:30:15,16:20:05,COMPLETED,34680.0,49832.9,993.95,3983.66
1107,easy,11,15:56:57,16:20:12,16:20:25,COMPLETED,29911.0,227.6,1395.21,1408.34
1135,hard,15,15:33:14,15:53:11,16:22:02,COMPLETED,32080.0,28844.7,1197.60,2928.06
1156,medium,13,15:57:25,16:20:31,16:22:33,COMPLETED,30485.0,2035.0,1386.90,1508.70
1084,hard,15,15:05:25,15:22:03,16:23:17,COMPLETED,38940.0,61240.4,998.71,4672.99
1101,easy,12,15:59:34,16:23:24,16:24:08,COMPLETED,23194.0,742.4,1430.32,1474.56
1083,hard,15,15:06:53,15:23:13,16:24:21,COMPLETED,30390.0,61128.3,980.74,4648.29
1321,easy,12,16:01:31,16:24:27,16:24:40,COMPLETED,25183.0,216.2,1376.63,1389.31
1251,easy,12,16:00:17,16:24:14,16:24:46,COMPLETED,27258.0,535.3,1437.89,1469.63
1088,medium,14,15:53:28,16:13:01,16:26:15,COMPLETED,21522.0,13226.7,1173.97,1967.27
1256,easy,11,16:02:42,16:26:21,16:26:34,COMPLETED,29249.0,216.5,1419.64,1432.32
1189,hard,15,15:14:33,15:31:44,16:26:40,COMPLETED,34198.0,54936.5,1031.68,4327.65
1316,easy,12,16:02:50,16:26:40,16:27:18,COMPLETED,30517.0,644.4,1430.65,1468.81
1232,easy,12,16:03:20,16:26:47,16:27:18,COMPLETED,32673.0,538.6,1407.04,1438.81
1155,medium,14,15:24:42,15:47:01,16:27:38,COMPLETED,33847.0,40618.3,1339.35,3776.23
703,hard,15,12:30:10,12:30:11,16:27:57,COMPLETED,29084.0,237772.1,1.02,14267.30
1082,medium,13,15:45:07,16:03:59,16:27:57,COMPLETED,40306.0,23967.4,1132.46,2570.30
1073,medium,13,15:51:59,16:11:39,16:28:22,COMPLETED,28889.0,16729.8,1180.28,2183.83
1234,medium,13,16:02:09,16:24:53,16:28:48,COMPLETED,32843.0,3923.3,1364.04,1599.17
1241,easy,12,16:05:09,16:28:03,16:28:54,COMPLETED,24727.0,851.4,1374.69,1425.49
1253,easy,12,16:05:59,16:28:29,16:28:54,COMPLETED,31552.0,428.2,1350.16,1375.49
1218,medium,13,16:01:56,16:24:46,16:29:00,COMPLETED,33982.0,4243.8,1370.63,1624.88
1224,medium,13,16:03:49,16:27:44,16:29:07,COMPLETED,36146.0,1385.4,1435.60,1518.33
1331,medium,13,16:04:42,16:28:03,16:29:07,COMPLETED,32915.0,1067.4,1401.69,1465.33
1288,easy,11,16:07:48,16:29:13,16:29:39,COMPLETED,24110.0,427.9,1285.79,1311.20
1167,medium,14,15:48:29,16:07:20,16:30:04,COMPLETED,31181.0,22739.5,1131.41,2495.65
1207,easy,12,16:07:16,16:29:07,16:30:04,COMPLETED,22952.0,961.2,1311.33,1368.65
1328,easy,11,16:08:51,16:30:11,16:30:17,COMPLETED,25808.0,112.7,1280.04,1286.49
1231,easy,12,16:09:07,16:30:23,16:30:30,COMPLETED,32501.0,111.8,1276.87,1283.28
1283,easy,12,16:03:44,16:27:25,16:30:36,COMPLETED,26539.0,3191.4,1421.40,1612.60
1186,medium,13,15:56:09,16:19:07,16:31:02,COMPLETED,31199.0,11912.6,1378.72,2093.18
1209,medium,13,16:06:28,16:29:00,16:31:59,COMPLETED,29130.0,2975.2,1352.88,1531.11
1208,easy,12,16:09:40,16:31:08,16:32:05,COMPLETED,30053.0,953.7,1288.57,1345.45
1100,hard,15,15:21:45,15:45:11,16:32:30,COMPLETED,26768.0,47330.8,1406.18,4245.84
1296,easy,11,16:09:49,16:32:37,16:33:03,COMPLETED,27841.0,439.3,1368.20,1394.04
1094,medium,14,15:53:59,16:14:56,16:33:55,COMPLETED,32900.0,18985.7,1257.45,2396.26
1295,medium,13,16:08:21,16:30:11,16:34:40,COMPLETED,32532.0,4492.8,1310.04,1579.34
1200,easy,11,16:11:35,16:34:01,16:34:53,COMPLETED,37580.0,860.2,1346.73,1398.04
1340,easy,11,16:12:33,16:34:46,16:34:59,COMPLETED,25525.0,219.5,1333.67,1346.38
1262,easy,12,16:12:43,16:34:59,16:35:12,COMPLETED,31743.0,219.4,1336.38,1349.24
1215,easy,11,16:13:45,16:35:05,16:35:18,COMPLETED,24761.0,217.2,1280.88,1293.57
1294,medium,14,16:11:26,16:33:09,16:35:24,COMPLETED,27212.0,2261.6,1303.60,1438.95
1317,easy,11,16:14:56,16:35:24,16:35:31,COMPLETED,23832.0,112.3,1228.95,1235.34
1235,easy,11,16:15:24,16:35:31,16:35:44,COMPLETED,26564.0,220.0,1207.34,1220.19
1258,easy,11,16:16:11,16:35:50,16:36:03,COMPLETED,28742.0,218.7,1179.57,1192.36
1032,hard,15,14:52:41,14:59:41,16:37:00,COMPLETED,35428.0,97316.6,420.61,6259.46
1212,medium,13,16:09:46,16:32:05,16:37:44,COMPLETED,34787.0,5663.5,1339.45,1678.96
1249,medium,14,16:06:29,16:29:00,16:38:48,COMPLETED,24531.0,9792.6,1351.88,1939.21
1287,medium,13,16:18:05,16:38:54,16:39:51,COMPLETED,25505.0,955.4,1249.54,1306.56
1096,hard,15,15:34:34,15:54:48,16:40:54,COMPLETED,36389.0,46107.6,1214.55,3980.82
1216,easy,12,16:18:37,16:39:57,16:41:13,COMPLETED,28823.0,1275.5,1280.89,1356.89
1125,medium,14,15:28:08,15:47:40,16:43:23,COMPLETED,35248.0,55715.8,1172.60,4515.26
1266,medium,14,16:16:06,16:35:37,16:43:23,COMPLETED,38702.0,7767.6,1171.72,1637.26
1263,medium,13,16:16:57,16:37:06,16:43:23,COMPLETED,34371.0,6283.4,1209.83,1586.26
1226,easy,11,16:19:36,16:43:29,16:43:36,COMPLETED,30035.0,111.6,1433.92,1440.33
1308,medium,13,16:08:03,16:29:45,16:43:55,COMPLETED,31367.0,14173.7,1302.53,2152.54
1210,easy,11,16:20:39,16:43:29,16:44:02,COMPLETED,24361.0,545.3,1370.92,1403.08
1227,easy,12,16:20:46,16:43:29,16:44:21,COMPLETED,33951.0,869.6,1363.92,1415.66
1297,medium,13,16:21:03,16:43:42,16:45:33,COMPLETED,32935.0,1851.4,1359.65,1470.22
1305,easy,12,16:21:32,16:44:02,16:45:33,COMPLETED,27570.0,1528.3,1350.08,1441.22
1260,easy,12,16:19:34,16:41:20,16:45:39,COMPLETED,37163.0,4334.5,1306.48,1565.84
1309,easy,12,16:23:26,16:45:39,16:46:37,COMPLETED,30364.0,966.4,1333.84,1391.62
1222,easy,11,16:23:53,16:46:43,16:47:09,COMPLETED,31302.0,427.5,1370.96,1396.30
1349,easy,11,16:24:54,16:47:15,16:47:28,COMPLETED,24110.0,216.7,1341.63,1354.31
1315,medium,13,16:21:54,16:44:08,16:47:34,COMPLETED,28855.0,3437.4,1334.74,1540.65
1160,hard,15,15:14:15,15:31:06,16:48:06,COMPLETED,38459.0,76997.2,1011.64,5631.33
876,hard,15,13:45:41,13:45:43,16:48:32,COMPLETED,38840.0,182817.8,2.15,10971.13
1304,medium,13,16:24:56,16:47:34,16:48:38,COMPLETED,32199.0,1069.0,1358.65,1422.46
1248,easy,11,16:25:11,16:48:12,16:48:38,COMPLETED,27563.0,435.8,1381.67,1407.46
1277,medium,13,16:23:26,16:45:46,16:48:44,COMPLETED,32835.0,2977.0,1340.62,1518.84
1347,easy,11,16:25:28,16:48:38,16:48:51,COMPLETED,28133.0,220.0,1390.46,1403.30
1273,easy,11,16:25:57,16:48:51,16:48:57,COMPLETED,23033.0,112.5,1374.30,1380.70
1086,hard,15,15:54:52,16:15:09,16:49:29,COMPLETED,30900.0,34340.9,1217.13,3277.37
1332,easy,12,16:26:16,16:48:57,16:49:29,COMPLETED,32155.0,533.1,1361.70,1393.37
1300,medium,13,16:23:21,16:45:39,16:50:01,COMPLETED,31837.0,4357.5,1338.84,1600.02
1270,easy,11,16:26:28,16:49:35,16:50:13,COMPLETED,35693.0,638.1,1387.71,1425.71
1261,medium,13,16:26:32,16:49:35,16:50:20,COMPLETED,32554.0,744.1,1383.71,1428.04
1341,easy,12,16:26:20,16:49:04,16:50:45,COMPLETED,32006.0,1694.3,1364.08,1465.42
1252,medium,14,16:25:09,16:47:41,16:51:04,COMPLETED,31754.0,3395.6,1352.03,1555.48
1279,easy,12,16:26:39,16:50:20,16:51:04,COMPLETED,30137.0,745.9,1421.04,1465.48
1343,easy,11,16:27:44,16:51:10,16:51:23,COMPLETED,26259.0,216.2,1406.82,1419.52
1284,easy,11,16:27:58,16:51:29,16:51:42,COMPLETED,21218.0,217.5,1411.86,1424.53
1233,medium,13,16:27:21,16:51:10,16:52:34,COMPLETED,32388.0,1398.7,1429.82,1513.25
1276,medium,13,16:26:52,16:50:51,16:53:19,COMPLETED,30943.0,2471.1,1439.79,1587.56
1312,easy,12,16:29:01,16:53:26,16:53:39,COMPLETED,28432.0,226.9,1465.12,1478.23
1299,medium,14,16:09:49,16:32:11,16:54:18,COMPLETED,28051.0,22112.0,1342.83,2669.14
1298,easy,12,16:28:33,16:51:48,16:54:31,COMPLETED,28279.0,2714.0,1395.95,1558.29
1303,easy,11,16:30:06,16:54:37,16:54:50,COMPLETED,24374.0,219.6,1471.85,1484.64
1333,easy,12,16:30:11,16:54:57,16:55:10,COMPLETED,26796.0,227.3,1486.06,1499.20
1206,easy,12,16:29:59,16:54:24,16:55:29,COMPLETED,33010.0,1095.4,1465.68,1530.93
1271,easy,12,16:31:03,16:55:16,16:56:08,COMPLETED,26285.0,877.6,1453.73,1505.89
1144,medium,14,15:49:41,16:09:37,16:56:15,COMPLETED,35586.0,46641.4,1196.20,3994.45
1204,easy,12,16:31:08,16:55:36,16:57:00,COMPLETED,39519.0,1409.3,1468.47,1552.66
1289,medium,13,16:32:10,16:57:07,16:59:14,COMPLETED,32911.0,2123.6,1497.07,1624.19
634,hard,15,12:02:53,12:02:54,16:59:33,COMPLETED,39988.0,296639.5,1.81,17800.19
1301,easy,11,16:32:12,16:59:20,16:59:33,COMPLETED,26721.0,216.3,1628.52,1641.19
1291,easy,11,16:33:08,16:59:39,16:59:46,COMPLETED,26335.0,112.0,1591.52,1598.00
1269,easy,12,16:33:56,16:59:52,17:00:04,COMPLETED,27454.0,216.3,1556.33,1569.00
1280,medium,14,16:26:43,16:50:26,17:00:11,COMPLETED,33392.0,9753.7,1423.43,2008.33
1257,medium,13,16:31:28,16:56:15,17:00:17,COMPLETED,26511.0,4043.2,1487.45,1729.71
1223,medium,13,16:32:10,16:56:21,17:01:02,COMPLETED,31289.0,4675.0,1451.81,1732.02
1268,easy,12,16:35:09,17:00:24,17:01:46,COMPLETED,27042.0,1374.8,1515.08,1597.28
1220,easy,11,16:35:22,17:01:52,17:01:58,COMPLETED,29209.0,110.9,1590.60,1596.96
1228,medium,13,16:35:15,17:01:08,17:03:35,COMPLETED,28917.0,2458.7,1553.35,1700.54
987,hard,15,14:11:58,14:11:58,17:05:12,COMPLETED,30342.0,173227.5,0.84,10394.39
1329,easy,12,16:36:53,17:05:18,17:06:36,COMPLETED,35751.0,1298.3,1705.96,1783.38
1118,medium,14,15:30:25,15:49:23,17:07:15,COMPLETED,29531.0,77871.6,1138.38,5810.52
1236,easy,12,16:37:40,17:06:42,17:07:15,COMPLETED,26418.0,548.9,1742.89,1775.52
1311,easy,11,16:37:51,17:07:21,17:07:34,COMPLETED,28276.0,221.2,1770.85,1783.79
1330,medium,14,16:22:28,16:44:28,17:07:54,COMPLETED,37819.0,23438.7,1320.25,2726.15
885,hard,15,13:19:58,13:20:02,17:08:07,COMPLETED,41233.0,228075.7,4.91,13689.33
1250,easy,12,16:38:34,17:07:41,17:08:13,COMPLETED,35667.0,551.5,1747.16,1779.88
1302,medium,13,16:38:21,17:07:21,17:08:20,COMPLETED,26560.0,981.9,1740.85,1799.29
1290,medium,13,16:39:34,17:08:13,17:08:46,COMPLETED,23579.0,549.4,1719.88,1752.50
1327,easy,11,16:39:48,17:08:20,17:08:46,COMPLETED,25805.0,442.9,1712.29,1738.50
1314,easy,11,16:40:08,17:08:26,17:08:52,COMPLETED,26130.0,439.0,1698.92,1724.90
1319,easy,12,16:40:39,17:08:52,17:09:05,COMPLETED,27242.0,216.8,1693.90,1706.65
1201,easy,11,16:41:54,17:09:11,17:09:18,COMPLETED,31441.0,111.5,1637.98,1644.36
1348,medium,14,16:03:39,16:27:25,17:09:37,COMPLETED,33189.0,42203.4,1426.40,3958.37
1244,easy,12,16:40:30,17:08:52,17:09:43,COMPLETED,26186.0,853.4,1702.90,1753.76
1213,easy,11,16:42:27,17:09:50,17:10:15,COMPLETED,26491.0,426.8,1643.14,1668.44
1149,hard,15,15:57:40,16:22:08,17:10:53,COMPLETED,34072.0,48754.5,1468.39,4393.44
1306,easy,11,16:42:30,17:10:21,17:11:06,COMPLETED,28224.0,745.9,1671.77,1716.21
1176,medium,14,15:20:26,15:42:03,17:11:12,COMPLETED,40102.0,89157.0,1297.35,6646.56
1322,easy,12,16:42:35,17:10:59,17:11:37,COMPLETED,31802.0,641.0,1704.82,1742.99
1278,easy,12,16:42:59,17:11:18,17:12:03,COMPLETED,29923.0,745.4,1699.99,1744.40
1205,medium,14,16:35:55,17:03:41,17:12:41,COMPLETED,30689.0,8996.1,1666.91,2206.40
1225,easy,11,16:45:25,17:12:47,17:13:00,COMPLETED,25840.0,216.2,1642.74,1655.41
1214,easy,11,16:44:44,17:12:09,17:13:06,COMPLETED,33111.0,955.8,1645.74,1702.73
1285,medium,13,16:43:17,17:11:44,17:13:58,COMPLETED,24631.0,2236.1,1707.32,1841.19
1203,medium,13,16:29:02,16:53:45,17:15:09,COMPLETED,39180.0,21404.6,1483.77,2767.64
1264,hard,15,16:14:55,16:35:18,17:17:32,COMPLETED,32667.0,42233.2,1223.57,3757.23
1339,medium,14,16:41:36,17:08:59,17:22:07,COMPLETED,34197.0,13145.1,1643.30,2431.74
1230,easy,11,16:48:56,17:22:14,17:22:26,COMPLETED,25007.0,216.2,1998.06,2010.73
1217,easy,11,16:50:19,17:22:33,17:22:52,COMPLETED,29903.0,322.8,1934.06,1953.13
960,hard,15,14:52:55,15:00:53,17:22:58,COMPLETED,34780.0,142090.8,478.15,9003.46
1175,hard,15,15:37:49,16:00:05,17:24:52,COMPLETED,34067.0,84800.9,1336.03,6423.83
1346,easy,12,16:50:47,17:24:59,17:25:31,COMPLETED,25588.0,545.4,2052.36,2084.79
1221,easy,12,16:51:36,17:25:38,17:26:30,COMPLETED,29176.0,876.3,2042.11,2094.18
1267,medium,14,16:46:10,17:13:13,17:27:21,COMPLETED,31542.0,14148.5,1623.12,2471.57
1326,medium,13,16:47:24,17:17:38,17:28:13,COMPLETED,28779.0,10588.2,1814.76,2449.72
1338,easy,12,16:52:14,17:26:36,17:28:13,COMPLETED,30600.0,1622.6,2062.73,2159.72
1202,hard,15,16:07:21,16:29:13,17:28:20,COMPLETED,33329.0,59111.2,1312.79,4859.11
1219,easy,11,16:52:43,17:28:20,17:28:52,COMPLETED,25146.0,545.7,2137.11,2169.57
1334,easy,12,16:52:48,17:28:20,17:28:52,COMPLETED,32680.0,544.5,2132.11,2164.57
1238,easy,11,16:53:19,17:28:26,17:28:52,COMPLETED,20042.0,438.0,2107.60,2133.57
1211,easy,11,16:54:27,17:28:58,17:29:12,COMPLETED,27556.0,228.6,2071.91,2085.23
1247,easy,11,16:54:37,17:28:58,17:29:18,COMPLETED,22297.0,338.0,2061.91,2081.77
1323,easy,11,16:54:20,17:28:58,17:29:32,COMPLETED,23715.0,561.0,2078.91,2112.05
1237,medium,14,16:46:52,17:14:04,17:29:58,COMPLETED,23034.0,15898.2,1632.52,2586.14
1310,medium,14,16:55:14,17:29:38,17:30:56,COMPLETED,29811.0,1296.3,2064.63,2142.09
1245,medium,13,16:54:38,17:29:18,17:31:53,COMPLETED,31645.0,2575.2,2080.77,2235.01
1161,medium,14,15:24:15,15:46:03,17:32:31,COMPLETED,43196.0,106467.0,1308.18,7696.07
1243,easy,12,16:58:26,17:31:59,17:32:37,COMPLETED,22769.0,640.9,2013.33,2051.40
1242,medium,13,16:47:20,17:15:16,17:33:21,COMPLETED,30620.0,18097.4,1676.18,2761.75
1282,medium,13,16:56:52,17:31:02,17:34:12,COMPLETED,30799.0,3170.6,2050.45,2240.33
1162,hard,15,15:47:18,16:06:47,17:35:22,COMPLETED,30587.0,88578.5,1169.73,6484.26
1259,medium,13,16:59:35,17:33:28,17:35:34,COMPLETED,27179.0,2120.0,2033.09,2159.97
1274,medium,13,16:56:19,17:30:04,17:36:57,COMPLETED,33657.0,6884.2,2025.46,2438.24
1265,easy,12,16:58:27,17:32:37,17:40:12,COMPLETED,40616.0,7589.8,2050.40,2505.51
1325,medium,13,16:35:47,17:02:05,17:44:52,COMPLETED,26436.0,42790.5,1578.28,4145.43
974,hard,15,14:57:49,15:10:42,17:47:36,COMPLETED,29249.0,156895.4,773.94,10187.53
1154,medium,14,15:28:42,15:48:25,17:51:25,COMPLETED,41576.0,122994.5,1183.60,8563.12
1114,hard,15,15:45:19,16:04:50,17:51:25,COMPLETED,34436.0,106572.0,1172.00,7566.12
833,hard,15,13:04:16,13:04:20,17:54:11,COMPLETED,39225.0,289848.2,4.43,17395.21
1313,hard,15,16:06:14,16:28:54,17:54:24,COMPLETED,32605.0,85498.7,1360.49,6490.15
1345,medium,14,16:39:10,17:08:00,17:56:37,COMPLETED,32734.0,48615.2,1730.71,4647.42
1337,hard,15,16:25:43,16:48:44,17:56:56,COMPLETED,30227.0,68193.8,1381.84,5473.29
1151,hard,15,15:30:29,15:49:36,17:57:27,COMPLETED,35064.0,127863.1,1147.10,8818.77
1272,hard,15,16:17:05,16:37:51,17:59:01,COMPLETED,32238.0,81177.8,1246.31,6116.80
148,hard,15,08:02:14,08:02:18,18:00:00,UNFINISHED,-1,-1,-1
340,hard,15,10:37:21,10:38:25,18:00:00,UNFINISHED,-1,-1,-1
498,hard,15,11:06:53,11:06:58,18:00:00,UNFINISHED,-1,-1,-1
507,hard,15,11:09:53,11:09:58,18:00:00,UNFINISHED,-1,-1,-1
595,hard,15,11:45:42,11:45:46,18:00:00,UNFINISHED,-1,-1,-1
726,hard,15,12:11:00,12:11:03,18:00:00,UNFINISHED,-1,-1,-1
602,hard,15,12:20:06,12:20:08,18:00:00,UNFINISHED,-1,-1,-1
728,hard,15,12:28:03,12:28:03,18:00:00,UNFINISHED,-1,-1,-1
740,hard,15,12:41:09,12:41:11,18:00:00,UNFINISHED,-1,-1,-1
653,hard,15,12:47:26,12:47:30,18:00:00,UNFINISHED,-1,-1,-1
606,hard,15,12:59:29,12:59:30,18:00:00,UNFINISHED,-1,-1,-1
825,hard,15,13:09:04,13:09:07,18:00:00,UNFINISHED,-1,-1,-1
804,hard,15,13:43:08,13:43:11,18:00:00,UNFINISHED,-1,-1,-1
795,hard,15,13:49:09,13:49:41,18:00:00,UNFINISHED,-1,-1,-1
983,hard,15,14:06:14,14:06:17,18:00:00,UNFINISHED,-1,-1,-1
931,hard,15,14:07:53,14:07:58,18:00:00,UNFINISHED,-1,-1,-1
1049,hard,15,14:28:45,14:28:46,18:00:00,UNFINISHED,-1,-1,-1
994,medium,14,14:36:09,14:47:47,18:00:00,UNFINISHED,-1,-1,-1
905,hard,15,14:38:35,14:50:49,18:00:00,UNFINISHED,-1,-1,-1
936,hard,15,14:56:13,15:09:24,18:00:00,UNFINISHED,-1,-1,-1
1124,hard,15,15:13:43,15:30:22,18:00:00,UNFINISHED,-1,-1,-1
1163,hard,15,15:15:14,15:32:48,18:00:00,UNFINISHED,-1,-1,-1
1063,hard,15,15:16:07,15:35:10,18:00:00,UNFINISHED,-1,-1,-1
1081,hard,15,15:25:56,15:47:08,18:00:00,UNFINISHED,-1,-1,-1
1173,hard,15,15:34:22,15:53:56,18:00:00,UNFINISHED,-1,-1,-1
1060,hard,15,15:36:53,15:59:13,18:00:00,UNFINISHED,-1,-1,-1
1104,hard,15,15:43:46,16:03:59,18:00:00,UNFINISHED,-1,-1,-1
1062,hard,15,15:53:58,16:14:49,18:00:00,UNFINISHED,-1,-1,-1
1157,hard,15,15:55:45,16:15:21,18:00:00,UNFINISHED,-1,-1,-1
1079,hard,15,15:57:52,16:22:40,18:00:00,UNFINISHED,-1,-1,-1
1320,hard,15,16:09:14,16:30:36,18:00:00,UNFINISHED,-1,-1,-1
1254,medium,14,16:09:38,16:30:43,18:00:00,UNFINISHED,-1,-1,-1
1239,hard,15,16:16:17,16:36:09,18:00:00,UNFINISHED,-1,-1,-1
1246,hard,15,16:18:39,16:41:01,18:00:00,UNFINISHED,-1,-1,-1
1335,hard,15,16:25:28,16:48:44,18:00:00,UNFINISHED,-1,-1,-1
1324,hard,15,16:26:38,16:50:07,18:00:00,UNFINISHED,-1,-1,-1
1229,hard,15,16:28:35,16:52:40,18:00:00,UNFINISHED,-1,-1,-1
1342,hard,15,16:32:46,16:59:39,18:00:00,UNFINISHED,-1,-1,-1
1281,hard,15,16:34:30,17:00:11,18:00:00,UNFINISHED,-1,-1,-1
1240,hard,15,16:34:53,17:00:17,18:00:00,UNFINISHED,-1,-1,-1
1307,hard,15,16:41:55,17:09:24,18:00:00,UNFINISHED,-1,-1,-1
1336,hard,15,16:42:19,17:09:43,18:00:00,UNFINISHED,-1,-1,-1
1292,hard,15,16:42:44,17:11:12,18:00:00,UNFINISHED,-1,-1,-1
1255,medium,14,16:45:35,17:13:06,18:00:00,UNFINISHED,-1,-1,-1
1293,hard,15,16:50:28,17:22:58,18:00:00,UNFINISHED,-1,-1,-1
1275,medium,14,16:50:31,17:23:04,18:00:00,UNFINISHED,-1,-1,-1
1344,hard,15,16:52:41,17:27:28,18:00:00,UNFINISHED,-1,-1,-1
1318,hard,15,16:55:03,17:29:25,18:00:00,UNFINISHED,-1,-1,-1
1286,hard,15,16:59:01,17:32:43,18:00:00,UNFINISHED,-1,-1,-1
