task_id,difficulty,n,arrival_sim,start_sim,end_sim,status,cost,real_duration_sec,waiting_time_mili_sec,time_in_system_mili_sec
3,easy,11,08:00:29,08:00:30,08:01:12,COMPLETED,24312.0,704.7,1.56,43.82
55,medium,13,08:00:29,08:00:30,08:02:07,COMPLETED,31447.0,1611.1,1.56,98.21
164,medium,13,08:01:25,08:01:30,08:02:55,COMPLETED,30582.0,1413.0,5.97,90.67
17,easy,11,08:02:29,08:02:31,08:03:13,COMPLETED,32029.0,709.9,2.40,44.91
119,easy,12,08:02:46,08:02:49,08:03:13,COMPLETED,26947.0,407.1,3.55,27.91
0,easy,11,08:02:55,08:02:55,08:03:13,COMPLETED,27864.0,306.0,0.67,18.91
73,easy,11,08:02:46,08:02:49,08:03:26,COMPLETED,30068.0,609.6,3.55,40.11
156,easy,11,08:03:44,08:03:44,08:03:56,COMPLETED,24563.0,202.4,0.24,12.35
133,easy,11,08:04:00,08:04:02,08:04:08,COMPLETED,26304.0,101.8,2.40,8.48
102,easy,12,08:04:30,08:04:32,08:05:15,COMPLETED,28072.0,712.3,2.68,45.38
19,easy,12,08:06:28,08:06:28,08:07:11,COMPLETED,31897.0,714.7,0.42,43.24
64,easy,12,08:06:46,08:06:46,08:07:17,COMPLETED,27373.0,512.6,0.76,31.33
146,easy,12,08:08:12,08:08:12,08:09:01,COMPLETED,26216.0,815.9,0.24,49.10
71,easy,11,08:09:36,08:09:37,08:09:44,COMPLETED,27741.0,105.2,1.73,8.03
69,medium,13,08:09:35,08:09:37,08:10:14,COMPLETED,21230.0,620.5,2.73,39.85
114,easy,12,08:10:20,08:10:21,08:10:39,COMPLETED,29354.0,308.6,1.03,19.42
95,easy,11,08:11:34,08:11:34,08:12:04,COMPLETED,26149.0,511.3,0.38,31.00
66,easy,11,08:11:54,08:11:58,08:12:04,COMPLETED,22941.0,104.2,4.85,11.00
138,medium,13,08:09:47,08:09:50,08:12:11,COMPLETED,25689.0,2350.4,3.16,144.13
28,medium,13,08:11:33,08:11:34,08:12:23,COMPLETED,30575.0,817.0,1.38,50.32
92,medium,14,08:08:47,08:08:48,08:13:12,COMPLETED,27399.0,4388.1,1.92,265.15
158,medium,13,08:11:19,08:11:22,08:13:36,COMPLETED,22356.0,2240.7,3.15,137.52
110,medium,14,08:02:02,08:02:07,08:14:01,COMPLETED,33148.0,11897.7,5.21,719.05
81,easy,12,08:13:40,08:13:42,08:14:07,COMPLETED,27242.0,410.6,2.63,27.19
63,easy,12,08:12:42,08:12:47,08:14:31,COMPLETED,29848.0,1732.6,5.67,109.56
59,easy,11,08:14:59,08:15:02,08:15:08,COMPLETED,18914.0,104.8,3.08,9.23
161,easy,12,08:15:07,08:15:08,08:15:20,COMPLETED,21755.0,205.9,1.23,13.50
141,easy,12,08:15:25,08:15:26,08:15:44,COMPLETED,32415.0,306.5,1.60,19.91
34,medium,14,08:04:18,08:04:20,08:15:51,COMPLETED,29300.0,11508.0,2.57,693.01
106,medium,13,08:14:50,08:14:55,08:16:09,COMPLETED,30135.0,1225.5,5.95,79.38
23,easy,12,08:17:25,08:17:28,08:17:53,COMPLETED,32126.0,408.6,3.61,28.01
162,easy,12,08:17:53,08:17:53,08:18:29,COMPLETED,28470.0,611.9,0.01,36.64
57,medium,14,08:00:07,08:00:12,08:18:47,COMPLETED,33348.0,18597.2,5.10,1120.92
53,easy,11,08:18:58,08:19:00,08:19:06,COMPLETED,23777.0,104.3,2.11,8.24
56,easy,11,08:19:08,08:19:12,08:19:18,COMPLETED,33436.0,103.7,4.40,10.54
76,easy,12,08:19:02,08:19:06,08:20:31,COMPLETED,25342.0,1428.3,4.24,89.85
112,easy,12,08:19:46,08:19:49,08:20:31,COMPLETED,24952.0,715.7,3.02,45.85
100,hard,15,08:13:04,08:13:06,08:20:50,COMPLETED,29316.0,7737.2,2.01,466.18
142,medium,14,08:05:06,08:05:09,08:21:20,COMPLETED,32363.0,16192.5,3.20,974.68
121,easy,12,08:21:07,08:21:08,08:21:39,COMPLETED,29057.0,510.7,1.45,32.01
117,easy,11,08:21:57,08:21:57,08:22:15,COMPLETED,17756.0,306.9,0.32,18.66
143,easy,12,08:22:29,08:22:33,08:22:46,COMPLETED,20710.0,204.9,4.93,17.15
16,medium,13,08:20:04,08:20:07,08:22:52,COMPLETED,27678.0,2749.1,3.38,168.25
78,easy,11,08:23:30,08:23:35,08:23:41,COMPLETED,30230.0,103.9,5.10,11.24
72,easy,11,08:24:05,08:24:05,08:24:11,COMPLETED,21914.0,104.6,0.61,6.80
123,easy,11,08:24:05,08:24:05,08:24:24,COMPLETED,24897.0,308.5,0.61,19.02
124,easy,11,08:24:19,08:24:24,08:24:42,COMPLETED,29316.0,309.2,5.02,23.47
65,easy,11,08:24:37,08:24:42,08:24:48,COMPLETED,25681.0,105.3,5.47,11.65
60,easy,11,08:24:33,08:24:36,08:24:54,COMPLETED,29320.0,310.0,3.31,21.82
51,easy,11,08:24:45,08:24:48,08:24:54,COMPLETED,24605.0,104.5,3.65,9.82
128,easy,11,08:25:20,08:25:25,08:25:37,COMPLETED,23931.0,205.4,5.28,17.53
21,easy,11,08:25:51,08:25:55,08:26:08,COMPLETED,24086.0,206.4,4.80,17.09
168,easy,12,08:27:27,08:27:27,08:27:52,COMPLETED,25693.0,410.7,0.49,25.01
149,easy,12,08:27:13,08:27:15,08:27:58,COMPLETED,24946.0,718.5,2.19,45.16
26,medium,14,08:05:22,08:05:27,08:28:41,COMPLETED,30120.0,23225.0,5.53,1399.01
160,easy,11,08:28:53,08:28:53,08:29:05,COMPLETED,27799.0,207.2,0.23,12.53
90,easy,12,08:29:05,08:29:05,08:29:17,COMPLETED,31468.0,207.6,0.53,12.81
131,easy,11,08:31:19,08:31:21,08:31:34,COMPLETED,29078.0,212.5,2.62,15.18
94,easy,12,08:30:26,08:30:31,08:31:46,COMPLETED,32452.0,1247.7,5.91,80.58
5,easy,11,08:30:50,08:30:50,08:31:52,COMPLETED,31972.0,1040.7,0.57,62.84
54,easy,12,08:31:37,08:31:40,08:32:05,COMPLETED,21876.0,415.5,3.41,28.18
22,easy,12,08:32:04,08:32:05,08:32:17,COMPLETED,30595.0,209.1,1.18,13.55
130,medium,14,08:18:05,08:18:05,08:33:57,COMPLETED,27606.0,15869.3,0.24,952.34
77,easy,12,08:33:23,08:33:26,08:34:03,COMPLETED,28665.0,625.1,3.11,40.50
62,easy,11,08:34:07,08:34:09,08:34:16,COMPLETED,23456.0,110.6,2.68,9.10
6,easy,11,08:34:57,08:34:59,08:35:06,COMPLETED,30539.0,108.1,2.75,9.09
11,medium,14,08:25:56,08:26:01,08:35:18,COMPLETED,31736.0,9277.6,5.93,562.50
86,medium,13,08:33:23,08:33:26,08:36:07,COMPLETED,24949.0,2698.0,3.11,164.91
41,easy,12,08:35:26,08:35:30,08:36:07,COMPLETED,24862.0,622.4,4.83,41.91
150,easy,12,08:35:39,08:35:43,08:36:07,COMPLETED,29126.0,417.4,4.16,28.91
98,medium,13,08:35:49,08:35:49,08:36:26,COMPLETED,25166.0,620.9,0.37,37.53
99,hard,15,08:24:18,08:24:24,08:37:15,COMPLETED,29590.0,12864.7,6.02,777.84
83,easy,12,08:37:08,08:37:09,08:37:40,COMPLETED,30468.0,516.4,1.58,32.43
96,easy,12,08:37:09,08:37:09,08:38:05,COMPLETED,29519.0,926.6,0.58,56.08
93,easy,11,08:38:35,08:38:35,08:38:48,COMPLETED,26819.0,209.8,0.90,13.35
29,easy,12,08:38:36,08:38:42,08:39:06,COMPLETED,34555.0,414.4,6.12,30.85
30,easy,11,08:38:57,08:39:00,08:39:13,COMPLETED,30696.0,208.4,3.66,16.02
80,easy,11,08:39:17,08:39:19,08:39:31,COMPLETED,23148.0,209.1,2.19,14.63
165,easy,12,08:39:15,08:39:19,08:39:37,COMPLETED,22981.0,312.8,4.19,22.81
87,easy,11,08:39:18,08:39:19,08:39:43,COMPLETED,26380.0,415.3,1.19,25.99
111,easy,11,08:39:39,08:39:43,08:39:50,COMPLETED,26393.0,106.2,4.99,11.22
79,easy,12,08:39:52,08:39:56,08:40:08,COMPLETED,21429.0,210.2,4.39,16.85
46,medium,13,08:38:29,08:38:29,08:40:21,COMPLETED,36741.0,1860.8,0.66,112.18
67,medium,13,08:39:17,08:39:19,08:40:33,COMPLETED,24323.0,1245.7,2.19,76.76
137,easy,12,08:40:25,08:40:27,08:40:46,COMPLETED,25958.0,322.2,2.35,21.45
154,easy,11,08:40:58,08:40:59,08:41:43,COMPLETED,29457.0,738.8,1.06,45.23
8,easy,11,08:41:27,08:41:30,08:42:08,COMPLETED,35181.0,636.1,3.40,41.15
35,easy,12,08:41:33,08:41:36,08:42:08,COMPLETED,34625.0,529.8,3.81,35.15
118,medium,14,08:35:44,08:35:49,08:42:33,COMPLETED,32060.0,6742.8,5.37,409.51
134,easy,11,08:42:32,08:42:33,08:42:46,COMPLETED,25352.0,219.2,1.51,14.35
148,easy,12,08:42:41,08:42:46,08:42:59,COMPLETED,25524.0,216.5,5.35,18.03
44,medium,14,08:37:55,08:37:58,08:43:36,COMPLETED,27878.0,5631.9,3.88,341.61
2,easy,12,08:42:52,08:42:52,08:44:01,COMPLETED,26673.0,1153.1,0.81,69.72
132,medium,13,08:42:08,08:42:08,08:45:04,COMPLETED,35773.0,2950.4,0.15,176.93
91,easy,12,08:44:47,08:44:52,08:45:04,COMPLETED,26985.0,217.1,5.23,17.93
104,medium,14,08:36:46,08:36:51,08:45:17,COMPLETED,25706.0,8442.0,5.09,511.48
47,medium,14,08:32:43,08:32:48,08:45:29,COMPLETED,32290.0,12688.7,5.83,766.97
14,easy,12,08:44:09,08:44:14,08:45:55,COMPLETED,37672.0,1684.8,5.42,106.13
10,medium,14,08:41:17,08:41:17,08:46:07,COMPLETED,33153.0,4836.0,0.91,290.74
43,hard,15,08:40:40,08:40:40,08:46:14,COMPLETED,23961.0,5571.5,0.07,334.15
103,easy,11,08:45:49,08:45:55,08:46:14,COMPLETED,25316.0,322.4,6.13,25.15
12,easy,11,08:46:54,08:46:57,08:47:09,COMPLETED,19893.0,209.0,3.56,15.94
125,hard,15,08:27:15,08:27:15,08:47:22,COMPLETED,34586.0,20119.4,0.19,1207.28
75,easy,12,08:46:05,08:46:07,08:47:40,COMPLETED,28518.0,1553.9,2.74,95.82
145,easy,12,08:47:18,08:47:22,08:47:40,COMPLETED,22422.0,311.8,4.28,22.82
25,hard,15,08:30:55,08:30:56,08:48:17,COMPLETED,33581.0,17354.5,1.74,1042.92
27,hard,15,08:15:54,08:15:57,08:49:38,COMPLETED,27699.0,33686.3,3.14,2024.21
32,medium,14,08:33:28,08:33:32,08:50:02,COMPLETED,30425.0,16508.6,4.52,994.95
85,easy,12,08:50:25,08:50:27,08:50:46,COMPLETED,31825.0,312.9,2.62,21.24
18,medium,14,08:09:51,08:09:56,08:50:58,COMPLETED,32610.0,41038.0,5.40,2467.64
7,easy,11,08:50:51,08:50:52,08:50:58,COMPLETED,26137.0,106.5,1.42,7.64
109,easy,12,08:51:05,08:51:11,08:52:13,COMPLETED,33215.0,1051.6,6.00,68.82
139,easy,11,08:52:00,08:52:01,08:52:26,COMPLETED,23505.0,424.4,1.16,26.37
105,easy,12,08:47:48,08:47:53,08:52:45,COMPLETED,23818.0,4872.5,5.17,297.21
13,medium,13,08:49:37,08:49:38,08:53:16,COMPLETED,30681.0,3642.5,1.21,219.52
152,medium,13,08:48:51,08:48:54,08:54:12,COMPLETED,33465.0,5304.7,3.98,321.91
38,easy,12,08:53:45,08:53:47,08:54:38,COMPLETED,34218.0,846.5,2.74,53.12
37,easy,11,08:54:12,08:54:12,08:54:38,COMPLETED,32377.0,427.8,0.91,26.12
151,easy,11,08:54:25,08:54:25,08:54:57,COMPLETED,25750.0,529.9,0.63,32.08
58,hard,15,08:40:01,08:40:02,08:55:09,COMPLETED,29977.0,15123.5,1.60,908.87
40,easy,12,08:55:08,08:55:09,08:55:28,COMPLETED,30108.0,316.9,1.87,20.60
120,hard,15,08:44:03,08:44:08,08:55:53,COMPLETED,29965.0,11767.0,5.04,710.76
166,easy,11,08:55:57,08:56:00,08:56:12,COMPLETED,29774.0,214.8,3.20,15.80
42,easy,12,08:56:43,08:56:44,08:57:03,COMPLETED,28686.0,320.8,1.60,20.53
127,easy,12,08:57:29,08:57:34,08:57:53,COMPLETED,26030.0,316.2,5.84,24.68
115,easy,11,08:57:36,08:57:41,08:57:59,COMPLETED,29249.0,315.7,5.18,23.91
4,hard,15,08:30:43,08:30:44,08:58:24,COMPLETED,35734.0,27676.9,1.29,1661.83
126,easy,11,08:58:39,08:58:43,08:59:02,COMPLETED,27262.0,314.5,4.46,23.13
116,easy,12,08:57:29,08:57:34,09:00:10,COMPLETED,28794.0,2599.4,5.84,161.55
82,hard,15,08:29:24,08:29:24,09:01:13,COMPLETED,32857.0,31823.3,0.02,1909.36
325,easy,12,09:00:36,09:00:41,09:01:13,COMPLETED,25076.0,527.8,5.92,37.36
171,easy,11,09:00:45,09:00:48,09:01:32,COMPLETED,26169.0,734.6,3.22,47.08
301,easy,12,09:00:33,09:00:35,09:01:38,COMPLETED,31871.0,1048.9,2.60,65.32
52,medium,14,08:59:29,08:59:33,09:01:50,COMPLETED,32805.0,2296.9,4.17,141.79
129,medium,14,08:56:20,08:56:25,09:01:57,COMPLETED,38834.0,5527.4,5.46,337.03
305,easy,12,09:02:46,09:02:47,09:03:00,COMPLETED,28093.0,219.5,1.41,14.23
193,easy,12,09:02:35,09:02:40,09:03:25,COMPLETED,31928.0,747.0,5.96,50.57
88,medium,14,08:56:06,08:56:06,09:03:31,COMPLETED,31589.0,7426.3,0.43,445.81
241,easy,11,09:03:32,09:03:38,09:03:50,COMPLETED,26333.0,216.7,6.09,18.72
205,easy,12,09:00:38,09:00:41,09:04:28,COMPLETED,35695.0,3786.5,3.92,230.82
276,easy,11,09:04:14,09:04:16,09:04:35,COMPLETED,30833.0,328.9,2.04,21.24
274,easy,12,09:04:22,09:04:22,09:04:41,COMPLETED,22191.0,327.7,0.51,19.85
89,medium,14,08:40:47,08:40:52,09:04:48,COMPLETED,35208.0,23927.9,5.74,1441.27
153,medium,13,08:54:58,08:55:03,09:05:07,COMPLETED,35791.0,10066.7,5.48,609.34
209,easy,12,09:06:07,09:06:10,09:06:29,COMPLETED,19444.0,327.1,3.33,22.58
222,medium,14,09:03:27,09:03:31,09:06:42,COMPLETED,30398.0,3183.5,4.81,195.39
159,hard,15,08:57:56,08:57:59,09:06:55,COMPLETED,31303.0,8925.2,3.91,539.15
322,medium,13,09:06:01,09:06:03,09:07:39,COMPLETED,31110.0,1597.5,2.87,98.39
20,hard,15,08:32:14,08:32:17,09:07:52,COMPLETED,28999.0,35577.8,3.55,2138.09
289,medium,13,09:08:10,09:08:11,09:08:55,COMPLETED,30819.0,738.0,1.17,45.15
329,medium,14,09:02:48,09:02:53,09:09:45,COMPLETED,31079.0,6860.7,5.68,417.14
49,medium,14,08:50:26,08:50:27,09:10:22,COMPLETED,40136.0,19917.2,1.62,1196.52
144,medium,14,08:57:35,08:57:41,09:10:22,COMPLETED,34657.0,12693.0,6.18,767.52
245,easy,11,09:10:13,09:10:16,09:10:22,COMPLETED,29003.0,109.6,3.25,9.52
61,medium,14,08:56:20,08:56:25,09:10:28,COMPLETED,30802.0,14058.7,5.46,848.85
303,easy,11,09:11:18,09:11:18,09:11:31,COMPLETED,26767.0,211.5,0.54,13.02
285,easy,12,09:11:42,09:11:43,09:11:56,COMPLETED,28167.0,213.6,1.47,14.08
332,easy,11,09:12:23,09:12:27,09:12:39,COMPLETED,25843.0,213.4,4.20,16.77
261,medium,13,09:04:32,09:04:35,09:12:58,COMPLETED,33573.0,8389.5,3.24,506.51
316,easy,12,09:11:44,09:11:49,09:13:04,COMPLETED,34144.0,1253.4,5.79,80.77
327,easy,12,09:13:11,09:13:11,09:13:23,COMPLETED,28814.0,213.7,0.02,12.69
300,medium,13,09:13:05,09:13:11,09:14:01,COMPLETED,23679.0,845.3,6.02,56.38
328,easy,11,09:13:54,09:13:55,09:14:01,COMPLETED,26763.0,111.2,1.11,7.38
288,easy,11,09:14:51,09:14:52,09:15:05,COMPLETED,25409.0,218.5,1.33,14.19
204,medium,13,09:08:52,09:08:55,09:15:11,COMPLETED,24980.0,6275.2,3.15,379.48
254,easy,11,09:14:40,09:14:45,09:15:11,COMPLETED,27885.0,431.1,5.82,31.48
224,easy,11,09:15:05,09:15:05,09:15:17,COMPLETED,28951.0,214.6,0.19,12.73
196,easy,12,09:15:32,09:15:36,09:15:43,COMPLETED,30058.0,115.9,4.66,11.14
101,hard,15,08:54:56,08:54:57,09:15:49,COMPLETED,29618.0,20880.4,1.08,1253.67
339,easy,11,09:15:40,09:15:43,09:16:02,COMPLETED,21711.0,327.2,3.14,22.43
321,easy,11,09:16:44,09:16:46,09:16:53,COMPLETED,25423.0,112.5,2.66,9.12
74,medium,14,08:07:16,08:07:17,09:17:05,COMPLETED,28268.0,69810.0,1.33,4189.91
176,easy,12,09:16:45,09:16:46,09:17:24,COMPLETED,27413.0,642.5,1.66,39.99
9,hard,15,08:56:13,08:56:19,09:17:44,COMPLETED,29841.0,21424.2,6.13,1291.23
178,easy,11,09:17:39,09:17:44,09:17:50,COMPLETED,26356.0,119.7,5.23,11.82
84,hard,15,08:34:09,08:34:09,09:17:57,COMPLETED,32400.0,43796.9,0.68,2628.47
48,hard,15,08:55:52,08:55:53,09:17:57,COMPLETED,31399.0,22066.1,1.76,1325.47
181,medium,13,09:16:42,09:16:46,09:17:57,COMPLETED,30096.0,1186.6,4.66,75.47
217,easy,11,09:17:50,09:17:50,09:17:57,COMPLETED,28815.0,116.8,0.82,7.47
157,medium,13,08:40:26,08:40:27,09:18:22,COMPLETED,36626.0,37927.8,1.35,2276.96
203,medium,13,09:17:59,09:18:03,09:18:48,COMPLETED,29365.0,744.3,4.97,49.29
207,medium,13,09:18:20,09:18:22,09:18:48,COMPLETED,30195.0,428.4,2.96,28.29
265,easy,12,09:18:58,09:19:01,09:19:45,COMPLETED,27999.0,746.0,3.06,47.61
309,easy,11,09:19:39,09:19:39,09:19:45,COMPLETED,28084.0,109.4,0.29,6.61
302,easy,12,09:19:07,09:19:07,09:20:16,COMPLETED,34391.0,1158.1,0.52,69.79
330,medium,13,09:16:45,09:16:46,09:20:54,COMPLETED,33463.0,4126.7,1.66,249.25
272,easy,12,09:18:41,09:18:42,09:21:06,COMPLETED,32302.0,2416.0,1.03,145.73
50,medium,14,08:54:35,08:54:38,09:21:19,COMPLETED,31053.0,26688.4,3.12,1604.27
264,easy,11,09:21:17,09:21:19,09:21:25,COMPLETED,23660.0,108.6,2.27,8.56
320,easy,11,09:21:41,09:21:44,09:21:56,COMPLETED,26725.0,214.1,3.30,15.81
167,hard,15,08:28:23,08:28:28,09:22:28,COMPLETED,35495.0,53990.0,5.75,3245.08
180,easy,12,09:21:51,09:21:56,09:22:59,COMPLETED,27970.0,1045.6,5.81,68.27
335,easy,12,09:22:51,09:22:52,09:22:59,COMPLETED,30017.0,109.6,1.99,8.27
307,easy,12,09:23:04,09:23:05,09:23:11,COMPLETED,25313.0,108.2,1.59,7.86
216,easy,11,09:22:55,09:22:59,09:23:36,COMPLETED,25258.0,631.0,4.27,41.91
182,medium,14,09:14:43,09:14:45,09:24:08,COMPLETED,41825.0,9373.0,2.82,565.09
283,easy,12,09:23:29,09:23:30,09:24:33,COMPLETED,27326.0,1047.2,1.63,64.16
197,easy,12,09:24:13,09:24:14,09:24:58,COMPLETED,28266.0,736.1,1.39,45.35
236,easy,12,09:24:27,09:24:33,09:25:23,COMPLETED,27897.0,840.1,6.16,56.26
257,easy,11,09:25:21,09:25:23,09:25:29,COMPLETED,24495.0,109.3,2.26,8.61
315,medium,14,09:02:18,09:02:21,09:26:25,COMPLETED,37325.0,24067.4,3.88,1447.75
312,easy,11,09:26:24,09:26:25,09:26:44,COMPLETED,27382.0,317.6,1.75,20.52
173,medium,14,09:19:28,09:19:32,09:26:57,COMPLETED,27557.0,7405.5,4.98,449.14
275,easy,11,09:26:45,09:26:50,09:26:57,COMPLETED,23989.0,108.9,5.84,12.14
211,easy,12,09:27:30,09:27:34,09:28:05,COMPLETED,26242.0,525.6,4.52,35.83
227,easy,12,09:28:09,09:28:12,09:28:37,COMPLETED,21818.0,420.9,3.08,28.11
260,medium,13,09:26:09,09:26:13,09:28:43,COMPLETED,28043.0,2505.8,4.23,154.37
277,easy,11,09:29:04,09:29:08,09:29:14,COMPLETED,24846.0,108.7,4.37,10.66
192,easy,11,09:29:21,09:29:27,09:29:39,COMPLETED,23695.0,213.9,6.14,18.70
97,hard,15,08:13:52,08:13:54,09:29:52,COMPLETED,29802.0,75956.5,2.90,4560.25
199,easy,12,09:29:24,09:29:27,09:29:52,COMPLETED,33156.0,421.8,3.14,28.25
231,medium,13,09:27:56,09:27:59,09:30:04,COMPLETED,35362.0,2092.3,3.55,128.77
31,medium,14,08:44:54,08:44:58,09:30:54,COMPLETED,27267.0,45939.1,4.52,2760.79
271,medium,14,09:17:45,09:17:50,09:31:13,COMPLETED,34147.0,13380.5,5.82,808.49
230,easy,12,09:32:18,09:32:22,09:33:49,COMPLETED,27216.0,1464.3,4.37,91.97
179,easy,11,09:34:11,09:34:15,09:34:27,COMPLETED,28968.0,214.4,4.13,16.73
248,easy,11,09:34:14,09:34:15,09:34:27,COMPLETED,29344.0,213.8,1.13,13.73
225,medium,13,09:28:27,09:28:30,09:34:46,COMPLETED,33314.0,6266.1,3.82,379.58
323,medium,13,09:33:23,09:33:24,09:35:30,COMPLETED,28814.0,2095.7,1.95,127.47
253,easy,11,09:35:41,09:35:42,09:35:49,COMPLETED,30219.0,109.9,1.97,8.32
311,medium,14,09:16:33,09:16:34,09:36:01,COMPLETED,31062.0,19466.0,1.01,1168.83
258,easy,12,09:36:04,09:36:08,09:37:10,COMPLETED,23742.0,1049.6,4.08,66.83
219,medium,13,09:34:51,09:34:52,09:37:35,COMPLETED,27166.0,2721.6,1.84,164.85
313,medium,14,09:14:56,09:14:58,09:37:48,COMPLETED,30128.0,22832.3,2.72,1372.43
229,medium,13,09:34:32,09:34:34,09:38:33,COMPLETED,30011.0,3993.0,2.03,241.25
242,easy,11,09:38:25,09:38:26,09:38:33,COMPLETED,32621.0,113.9,1.85,8.25
233,medium,13,09:37:53,09:37:54,09:38:52,COMPLETED,26122.0,964.7,1.85,59.41
338,easy,12,09:39:17,09:39:18,09:40:02,COMPLETED,28436.0,752.8,1.12,45.88
45,hard,15,08:52:21,08:52:26,09:40:34,COMPLETED,31778.0,48144.3,5.37,2893.86
172,easy,11,09:40:44,09:40:47,09:41:07,COMPLETED,29564.0,324.5,3.86,23.09
297,easy,11,09:41:29,09:41:32,09:41:52,COMPLETED,21472.0,334.3,3.84,23.31
36,medium,14,08:52:40,08:52:45,09:42:37,COMPLETED,32909.0,49868.6,5.21,2997.18
252,easy,12,09:41:46,09:41:52,09:43:47,COMPLETED,36056.0,1930.7,6.31,121.58
220,easy,12,09:41:38,09:41:39,09:44:07,COMPLETED,33847.0,2470.5,1.16,149.07
191,medium,14,09:29:34,09:29:39,09:44:38,COMPLETED,32304.0,14986.8,5.70,904.71
194,easy,12,09:44:55,09:44:57,09:45:29,COMPLETED,26384.0,534.4,2.73,34.43
273,easy,12,09:45:03,09:45:04,09:45:35,COMPLETED,34868.0,533.0,1.09,32.84
296,medium,14,09:38:56,09:38:58,09:45:42,COMPLETED,32627.0,6727.7,2.78,406.17
304,medium,13,09:44:01,09:44:07,09:45:42,COMPLETED,33143.0,1590.1,6.07,101.17
240,easy,11,09:45:29,09:45:29,09:45:42,COMPLETED,24389.0,217.9,0.43,13.17
189,easy,12,09:45:52,09:45:54,09:46:26,COMPLETED,28870.0,532.9,2.86,34.57
333,medium,13,09:44:59,09:45:04,09:46:39,COMPLETED,25452.0,1592.1,5.09,100.30
280,medium,13,09:34:54,09:34:59,09:47:11,COMPLETED,29963.0,12201.8,5.13,737.02
238,easy,11,09:47:04,09:47:04,09:48:33,COMPLETED,32164.0,1482.8,0.66,89.32
306,medium,14,09:46:26,09:46:32,09:48:46,COMPLETED,26166.0,2224.6,6.90,140.06
200,easy,12,09:47:30,09:48:39,09:49:05,COMPLETED,32517.0,433.4,69.66,95.27
223,easy,11,09:47:38,09:48:52,09:49:05,COMPLETED,29660.0,221.1,74.42,87.27
336,medium,14,09:36:48,09:36:51,09:49:31,COMPLETED,32489.0,12664.2,3.99,763.49
308,medium,14,09:06:19,09:06:23,09:50:03,COMPLETED,37270.0,43681.5,4.07,2624.85
226,medium,13,09:41:12,09:41:13,09:50:16,COMPLETED,31781.0,9063.0,1.36,544.79
234,easy,12,09:48:43,09:50:23,09:50:42,COMPLETED,20312.0,328.0,100.32,119.69
295,medium,14,09:42:14,09:42:18,09:50:55,COMPLETED,38798.0,8630.9,4.16,521.63
251,medium,13,09:48:33,09:49:11,09:51:34,COMPLETED,28681.0,2388.3,38.70,181.74
188,hard,15,09:48:44,09:50:49,09:55:01,COMPLETED,29539.0,4214.1,125.02,377.38
190,medium,14,09:31:19,09:31:19,09:55:14,COMPLETED,31430.0,23913.3,0.73,1435.34
198,medium,13,09:45:42,09:45:42,09:55:27,COMPLETED,27718.0,9751.9,0.17,585.03
267,medium,13,09:48:43,09:50:10,09:55:33,COMPLETED,24978.0,5392.3,87.18,410.36
294,easy,11,09:51:16,09:55:39,09:55:46,COMPLETED,25279.0,111.0,263.78,270.14
290,easy,12,09:51:35,09:55:52,09:56:36,COMPLETED,27416.0,743.6,257.47,301.78
310,medium,14,09:46:07,09:46:07,09:58:36,COMPLETED,30100.0,12492.6,0.55,749.89
247,easy,11,09:52:03,09:58:43,09:58:49,COMPLETED,30165.0,112.9,400.21,406.63
249,hard,15,09:43:46,09:43:47,10:00:05,COMPLETED,34167.0,16308.1,1.58,979.68
186,medium,13,09:52:30,09:58:56,10:00:25,COMPLETED,30886.0,1493.7,386.01,475.13
319,medium,13,09:51:46,09:56:43,10:01:10,COMPLETED,31199.0,4467.1,297.11,564.85
70,hard,15,08:55:35,08:55:41,10:02:02,COMPLETED,27897.0,66354.1,6.20,3987.29
324,hard,15,09:20:21,09:20:23,10:02:41,COMPLETED,37123.0,42311.8,2.05,2540.51
195,easy,11,09:54:12,10:02:08,10:02:41,COMPLETED,25480.0,553.2,476.85,509.51
270,medium,14,09:39:03,09:39:05,10:03:52,COMPLETED,29204.0,24788.6,2.37,1489.35
314,medium,14,09:47:23,09:47:23,10:04:05,COMPLETED,30146.0,16704.9,0.66,1002.56
170,easy,11,09:55:19,10:03:58,10:04:12,COMPLETED,23523.0,229.7,519.93,533.11
255,medium,13,09:53:04,10:00:12,10:05:36,COMPLETED,31659.0,5409.0,428.23,752.31
259,medium,13,09:55:18,10:02:48,10:05:49,COMPLETED,32024.0,3031.1,450.09,631.51
268,hard,15,09:32:31,09:32:34,10:06:21,COMPLETED,30852.0,33783.3,3.91,2030.70
187,easy,11,09:56:09,10:05:56,10:06:21,COMPLETED,26290.0,433.3,587.06,612.70
212,easy,12,09:55:23,10:04:12,10:07:37,COMPLETED,28200.0,3435.0,529.11,734.91
269,medium,13,09:33:51,09:33:56,10:07:44,COMPLETED,32456.0,33803.4,5.27,2033.26
140,hard,15,08:48:39,08:48:42,10:08:16,COMPLETED,41908.0,79558.0,3.61,4777.00
201,medium,13,09:56:02,10:05:42,10:08:41,COMPLETED,28145.0,2978.9,580.85,759.31
266,easy,12,09:58:07,10:07:50,10:08:47,COMPLETED,26033.0,955.9,583.63,640.64
434,easy,11,10:00:49,10:08:47,10:08:54,COMPLETED,27576.0,112.2,478.64,485.02
177,medium,14,09:25:23,09:25:23,10:09:19,COMPLETED,41604.0,43937.9,0.26,2636.39
362,easy,11,10:02:18,10:09:25,10:09:32,COMPLETED,21995.0,111.1,427.76,434.13
282,medium,13,09:51:01,09:55:33,10:09:38,COMPLETED,31116.0,14090.0,272.36,1117.45
398,easy,12,10:00:56,10:08:54,10:09:57,COMPLETED,29187.0,1064.7,478.02,541.56
417,easy,12,10:03:03,10:10:03,10:10:29,COMPLETED,25416.0,426.5,420.94,446.23
326,hard,15,09:39:39,09:39:43,10:10:41,COMPLETED,32709.0,30970.5,4.85,1862.91
432,easy,12,10:03:42,10:10:48,10:11:00,COMPLETED,27172.0,216.8,426.23,438.90
250,hard,15,09:50:46,09:55:07,10:11:13,COMPLETED,37784.0,16098.9,261.94,1227.63
208,hard,15,09:48:28,09:49:11,10:11:39,COMPLETED,33255.0,22461.7,43.70,1391.03
418,easy,11,10:04:08,10:11:45,10:12:05,COMPLETED,18698.0,339.9,457.60,477.38
184,medium,14,09:50:42,09:51:41,10:12:18,COMPLETED,31139.0,20627.7,59.15,1296.43
318,hard,15,09:09:30,09:09:32,10:12:44,COMPLETED,37630.0,63197.0,2.65,3794.35
232,medium,13,09:54:42,10:02:48,10:13:29,COMPLETED,39349.0,10691.4,486.09,1127.17
237,medium,14,09:21:02,09:21:06,10:13:55,COMPLETED,38171.0,52817.8,4.73,3173.57
344,medium,13,10:06:36,10:12:50,10:14:02,COMPLETED,22857.0,1195.7,374.68,446.08
503,medium,13,10:06:47,10:13:35,10:14:08,COMPLETED,28245.0,551.8,408.95,441.45
391,easy,11,10:06:55,10:14:02,10:14:08,COMPLETED,25536.0,117.1,427.08,433.45
477,medium,13,10:04:44,10:12:12,10:14:15,COMPLETED,29796.0,2063.6,448.03,571.15
400,easy,11,10:07:42,10:14:08,10:14:15,COMPLETED,22627.0,124.4,386.45,393.15
228,hard,15,09:51:00,09:55:20,10:14:47,COMPLETED,25886.0,19459.6,260.67,1427.88
354,easy,11,10:08:09,10:14:21,10:14:47,COMPLETED,22410.0,440.1,373.00,398.88
169,medium,14,08:13:46,08:13:48,10:15:20,COMPLETED,34443.0,121532.2,2.77,7294.63
404,easy,12,10:09:14,10:14:54,10:15:20,COMPLETED,28197.0,444.6,340.46,366.63
202,medium,14,09:56:59,10:06:28,10:15:46,COMPLETED,29434.0,9316.8,569.08,1127.73
455,medium,13,10:10:26,10:15:27,10:15:46,COMPLETED,26875.0,333.7,301.17,320.73
377,easy,11,10:10:55,10:15:53,10:16:00,COMPLETED,26832.0,118.0,298.32,305.03
385,easy,11,10:11:32,10:15:53,10:16:19,COMPLETED,35060.0,443.1,261.32,287.63
487,easy,11,10:11:49,10:16:06,10:16:26,COMPLETED,32495.0,336.7,257.44,277.04
402,easy,11,10:12:19,10:16:26,10:16:39,COMPLETED,27111.0,229.4,247.04,260.32
506,medium,13,10:03:15,10:10:35,10:16:59,COMPLETED,26656.0,6398.4,440.55,824.00
367,medium,13,10:05:52,10:12:24,10:17:18,COMPLETED,27095.0,4901.9,392.98,686.59
423,easy,11,10:14:27,10:17:05,10:17:18,COMPLETED,25492.0,226.8,158.59,171.59
478,easy,12,10:13:43,10:16:32,10:17:31,COMPLETED,32016.0,988.5,169.70,228.71
349,medium,14,10:02:03,10:09:00,10:17:38,COMPLETED,35499.0,8633.8,417.40,935.06
256,medium,13,09:55:45,10:04:18,10:17:50,COMPLETED,39406.0,13539.1,513.76,1325.89
394,easy,12,10:14:08,10:16:45,10:17:57,COMPLETED,33547.0,1195.1,157.86,229.22
351,easy,11,10:15:04,10:17:44,10:17:57,COMPLETED,30767.0,217.9,160.53,173.22
287,hard,15,09:21:26,09:21:31,10:18:16,COMPLETED,35335.0,56744.6,5.81,3410.35
413,easy,12,10:15:55,10:18:03,10:18:41,COMPLETED,30037.0,638.8,128.63,166.66
376,medium,13,10:16:54,10:18:22,10:20:29,COMPLETED,28351.0,2119.8,88.68,215.56
459,medium,14,10:02:54,10:09:44,10:20:35,COMPLETED,32099.0,10855.7,410.84,1061.90
451,easy,11,10:17:23,10:20:42,10:21:01,COMPLETED,25476.0,321.3,199.28,218.25
495,medium,13,10:15:00,10:17:38,10:22:10,COMPLETED,35378.0,4551.5,158.06,430.86
401,easy,12,10:17:04,10:20:35,10:22:29,COMPLETED,28389.0,1904.4,211.90,325.87
278,hard,15,09:53:26,10:01:17,10:23:27,COMPLETED,27159.0,22186.8,471.18,1801.97
421,easy,11,10:17:58,10:23:34,10:23:53,COMPLETED,32346.0,332.8,336.54,355.95
371,medium,14,10:17:02,10:18:47,10:24:44,COMPLETED,28295.0,5955.4,106.00,462.84
452,easy,11,10:18:09,10:24:51,10:25:04,COMPLETED,25273.0,227.3,402.39,415.51
210,medium,14,09:39:34,09:39:37,10:25:30,COMPLETED,34512.0,45888.7,3.33,2756.43
445,easy,11,10:18:57,10:25:36,10:25:43,COMPLETED,25452.0,114.4,399.90,406.26
350,medium,14,10:07:59,10:14:15,10:26:02,COMPLETED,30291.0,11798.9,376.15,1083.76
414,easy,11,10:19:56,10:25:49,10:26:02,COMPLETED,22265.0,225.4,353.81,366.76
375,easy,12,10:18:54,10:25:11,10:26:35,COMPLETED,28915.0,1414.1,377.08,461.43
390,medium,13,10:18:02,10:24:00,10:26:54,COMPLETED,31810.0,2914.0,358.55,532.91
457,easy,12,10:20:06,10:26:09,10:26:54,COMPLETED,29912.0,767.5,363.37,408.91
490,easy,12,10:20:38,10:27:01,10:27:46,COMPLETED,29533.0,762.4,383.48,428.85
502,easy,11,10:21:10,10:27:53,10:28:19,COMPLETED,26708.0,441.0,403.37,429.31
279,hard,15,09:45:26,09:45:29,10:29:29,COMPLETED,32365.0,44004.9,3.43,2643.54
480,easy,12,10:23:06,10:29:35,10:30:20,COMPLETED,25522.0,745.3,389.90,434.26
496,easy,12,10:23:13,10:30:26,10:30:52,COMPLETED,29669.0,429.2,433.64,459.09
379,medium,13,10:23:21,10:30:58,10:31:55,COMPLETED,27093.0,957.5,457.42,514.56
474,medium,13,10:17:52,10:22:17,10:32:46,COMPLETED,32843.0,10491.9,265.19,894.38
361,easy,11,10:23:44,10:32:52,10:32:59,COMPLETED,31583.0,112.2,548.77,555.19
386,easy,12,10:23:52,10:33:05,10:33:11,COMPLETED,26243.0,111.3,553.52,559.89
501,easy,12,10:20:33,10:27:01,10:33:18,COMPLETED,34502.0,6284.6,388.48,765.23
369,hard,15,10:04:04,10:11:19,10:33:49,COMPLETED,33094.0,22503.6,435.96,1785.94
263,medium,13,09:45:51,09:45:54,10:35:05,COMPLETED,38915.0,49187.5,3.86,2954.92
454,hard,15,10:17:30,10:21:07,10:36:02,COMPLETED,30191.0,14926.9,217.58,1112.93
410,medium,14,10:20:27,10:26:41,10:37:12,COMPLETED,22566.0,10512.9,374.98,1005.48
422,easy,11,10:25:21,10:37:18,10:37:31,COMPLETED,26092.0,216.3,717.81,730.49
493,easy,12,10:26:33,10:37:37,10:38:03,COMPLETED,24889.0,427.5,664.82,690.17
365,medium,13,10:20:06,10:26:09,10:38:47,COMPLETED,35272.0,12637.7,363.37,1121.46
466,easy,12,10:26:45,10:38:09,10:39:00,COMPLETED,29386.0,849.5,684.49,735.16
359,easy,11,10:27:40,10:39:06,10:39:19,COMPLETED,34502.0,216.5,686.50,699.17
174,hard,15,09:43:53,09:43:54,10:39:32,COMPLETED,29812.0,55634.3,1.22,3339.11
358,easy,12,10:27:35,10:38:53,10:39:32,COMPLETED,24981.0,643.7,678.80,717.11
505,easy,11,10:27:53,10:39:38,10:40:10,COMPLETED,21070.0,548.3,705.45,737.86
424,easy,11,10:28:56,10:40:17,10:40:30,COMPLETED,25854.0,222.9,681.40,694.26
447,medium,14,10:27:50,10:39:25,10:40:49,COMPLETED,26825.0,1415.2,695.51,779.93
439,easy,12,10:29:24,10:40:36,10:40:56,COMPLETED,31417.0,337.5,672.82,692.49
482,easy,11,10:29:26,10:40:56,10:41:03,COMPLETED,31161.0,120.5,690.49,697.13
500,easy,12,10:28:12,10:39:38,10:41:09,COMPLETED,27157.0,1526.9,686.45,777.77
450,easy,11,10:30:01,10:41:09,10:41:22,COMPLETED,29635.0,222.2,668.77,681.56
206,medium,14,09:16:44,09:16:46,10:42:13,COMPLETED,35122.0,85448.3,2.66,5129.55
464,easy,11,10:31:25,10:42:19,10:42:26,COMPLETED,23203.0,111.1,654.88,661.24
427,easy,12,10:30:58,10:41:29,10:43:48,COMPLETED,30909.0,2325.7,631.15,770.40
428,medium,14,10:17:57,10:22:36,10:44:45,COMPLETED,32140.0,22156.6,279.20,1608.35
342,medium,14,10:14:36,10:17:25,10:45:10,COMPLETED,28228.0,27760.9,169.24,1834.66
364,hard,15,10:08:56,10:14:21,10:45:16,COMPLETED,36430.0,30919.2,326.00,2180.99
406,medium,14,10:24:15,10:33:56,10:45:36,COMPLETED,29448.0,11666.9,581.27,1281.03
476,medium,14,10:16:16,10:18:03,10:46:39,COMPLETED,40286.0,28602.4,107.63,1823.54
214,medium,13,09:10:20,09:10:22,10:47:11,COMPLETED,38206.0,96821.0,2.52,5811.61
419,medium,13,10:33:26,10:45:42,10:47:24,COMPLETED,28176.0,1714.8,736.36,838.75
475,medium,13,10:31:49,10:43:54,10:47:44,COMPLETED,27516.0,3828.8,725.73,955.18
360,medium,13,10:31:54,10:44:51,10:47:50,COMPLETED,29058.0,2986.0,777.68,956.51
368,medium,13,10:33:53,10:46:45,10:49:59,COMPLETED,27975.0,3233.3,772.93,966.35
15,hard,15,08:27:57,08:27:58,10:50:12,COMPLETED,37942.0,142242.3,1.16,8535.61
444,easy,11,10:34:58,10:50:19,10:50:45,COMPLETED,27402.0,442.0,921.17,947.33
346,medium,13,10:33:57,10:47:31,10:50:58,COMPLETED,31279.0,3458.6,814.30,1021.33
429,easy,12,10:35:11,10:50:51,10:51:43,COMPLETED,27533.0,869.0,940.72,992.37
185,hard,15,09:19:31,09:19:32,10:53:26,COMPLETED,27801.0,93893.5,1.98,5635.51
355,easy,12,10:36:52,10:53:32,10:54:30,COMPLETED,32316.0,958.3,1000.89,1058.09
491,hard,15,10:33:11,10:45:23,10:54:36,COMPLETED,31151.0,9222.9,732.36,1285.42
440,hard,15,10:23:53,10:33:18,10:54:42,COMPLETED,31606.0,21414.2,565.23,1849.80
353,easy,11,10:37:14,10:54:36,10:54:49,COMPLETED,28905.0,218.3,1042.42,1055.18
498,easy,11,10:38:09,10:54:55,10:55:14,COMPLETED,32206.0,321.4,1006.55,1025.53
357,medium,14,10:24:01,10:33:24,10:55:27,COMPLETED,31270.0,22047.7,563.60,1886.23
392,easy,11,10:38:15,10:55:20,10:55:33,COMPLETED,21727.0,218.4,1025.86,1038.56
448,medium,13,10:30:32,10:41:16,10:56:36,COMPLETED,26040.0,15350.5,644.14,1564.92
431,medium,14,10:23:37,10:32:01,10:56:55,COMPLETED,33886.0,24904.2,504.90,1998.92
387,hard,15,10:29:59,10:41:03,10:57:21,COMPLETED,32888.0,16305.7,664.13,1642.22
463,medium,14,10:33:01,10:45:16,10:57:21,COMPLETED,31455.0,12075.1,735.99,1460.22
370,medium,13,10:35:30,10:51:04,10:57:21,COMPLETED,35840.0,6277.5,934.88,1311.22
453,medium,13,10:36:41,10:51:49,10:57:34,COMPLETED,26927.0,5739.2,908.92,1253.00
471,easy,11,10:41:12,10:57:40,10:58:12,COMPLETED,30947.0,543.4,988.34,1020.44
345,easy,11,10:41:16,10:58:18,10:58:38,COMPLETED,30164.0,336.2,1022.98,1042.63
399,medium,13,10:38:54,10:55:39,10:59:17,COMPLETED,27348.0,3630.1,1006.00,1223.53
509,hard,15,10:15:41,10:17:57,10:59:56,COMPLETED,33775.0,41986.2,136.22,2655.04
435,easy,12,10:39:52,10:57:02,10:59:56,COMPLETED,31271.0,2904.7,1030.25,1204.04
467,easy,12,10:42:52,10:59:23,11:00:09,COMPLETED,29534.0,762.4,991.86,1037.28
462,easy,12,10:43:50,11:00:02,11:02:38,COMPLETED,34121.0,2598.7,972.61,1128.25
384,medium,13,10:42:50,10:58:45,11:06:08,COMPLETED,25332.0,7398.9,955.19,1398.83
347,medium,13,10:38:17,10:55:33,11:06:53,COMPLETED,32187.0,11330.2,1036.56,1716.10
235,hard,15,09:57:06,10:07:44,11:07:24,COMPLETED,28627.0,59678.4,638.26,4218.73
246,hard,15,09:53:11,10:00:31,11:07:43,COMPLETED,31631.0,67206.0,440.69,4472.86
366,medium,13,10:45:46,11:07:31,11:08:34,COMPLETED,25798.0,1062.0,1305.12,1368.53
494,medium,13,10:44:29,11:06:15,11:08:40,COMPLETED,33070.0,2433.9,1306.16,1451.87
381,medium,13,10:37:52,10:54:42,11:08:59,COMPLETED,38430.0,14289.2,1010.80,1867.90
433,easy,12,10:47:45,11:09:06,11:09:19,COMPLETED,24692.0,223.7,1281.24,1294.34
470,medium,13,10:45:52,11:07:50,11:10:30,COMPLETED,29729.0,2675.8,1318.21,1478.29
373,easy,12,10:47:47,11:10:36,11:11:54,COMPLETED,23972.0,1294.9,1369.82,1447.01
481,medium,14,10:34:23,10:50:05,11:14:22,COMPLETED,36173.0,24276.1,943.00,2399.31
442,easy,11,10:48:57,11:14:28,11:14:41,COMPLETED,26731.0,223.3,1531.67,1544.77
356,medium,13,10:47:46,11:09:25,11:15:45,COMPLETED,29123.0,6341.4,1299.69,1679.87
135,hard,15,08:51:45,08:51:48,11:17:33,COMPLETED,30259.0,145747.5,3.55,8748.33
430,medium,13,10:49:45,11:14:48,11:17:46,COMPLETED,33615.0,2972.6,1503.09,1681.13
438,medium,13,10:50:17,11:15:52,11:17:46,COMPLETED,31970.0,1904.4,1535.21,1649.13
486,easy,11,10:50:57,11:17:52,11:17:58,COMPLETED,20822.0,111.0,1615.50,1621.90
405,medium,14,10:43:42,11:00:02,11:18:05,COMPLETED,27391.0,18049.5,980.61,2063.23
485,medium,14,10:40:25,10:57:27,11:18:18,COMPLETED,31479.0,20844.8,1022.58,2273.04
446,easy,11,10:51:21,11:18:05,11:18:24,COMPLETED,30074.0,326.0,1604.23,1623.40
458,easy,12,10:50:55,11:17:52,11:18:43,COMPLETED,32693.0,857.4,1617.50,1668.57
415,easy,12,10:52:10,11:18:24,11:19:02,COMPLETED,28537.0,643.9,1574.40,1612.73
341,easy,12,10:52:30,11:18:30,11:19:09,COMPLETED,27650.0,642.9,1560.83,1599.06
407,medium,13,10:47:09,11:08:47,11:19:34,COMPLETED,25224.0,10792.2,1298.24,1945.49
108,hard,15,08:03:10,08:03:13,11:22:15,COMPLETED,35485.0,199023.7,3.91,11945.31
396,easy,11,10:53:46,11:22:21,11:22:47,COMPLETED,25447.0,435.9,1715.84,1741.48
469,easy,11,10:53:47,11:22:54,11:23:13,COMPLETED,31847.0,333.1,1747.04,1766.72
215,hard,15,09:00:10,09:00:10,11:24:18,COMPLETED,36993.0,144131.5,0.55,8648.38
372,easy,12,10:53:53,11:23:20,11:24:31,COMPLETED,26395.0,1188.7,1767.05,1838.08
437,medium,14,10:46:41,11:08:40,11:24:37,COMPLETED,31271.0,15947.3,1319.87,2276.41
484,medium,14,10:53:12,11:19:15,11:25:41,COMPLETED,31596.0,6446.2,1563.43,1949.71
408,medium,14,10:52:35,11:19:09,11:26:58,COMPLETED,35474.0,7831.7,1594.06,2063.68
218,hard,15,09:01:01,09:01:07,11:27:05,COMPLETED,34752.0,145968.7,6.01,8764.02
483,medium,14,10:50:30,11:17:39,11:27:30,COMPLETED,29213.0,9849.7,1629.66,2220.38
461,easy,12,10:56:09,11:27:05,11:28:08,COMPLETED,25698.0,1062.3,1856.02,1919.46
363,easy,11,10:57:13,11:27:36,11:28:08,COMPLETED,32200.0,534.5,1823.71,1855.46
412,easy,11,10:57:15,11:28:14,11:28:27,COMPLETED,27917.0,217.5,1859.80,1872.55
443,easy,12,10:57:21,11:28:14,11:28:46,COMPLETED,27408.0,534.3,1853.80,1885.58
378,hard,15,10:07:50,10:14:15,11:28:52,COMPLETED,30798.0,74633.9,385.15,4862.95
340,easy,12,10:57:32,11:28:33,11:29:12,COMPLETED,29008.0,640.8,1861.88,1900.04
395,easy,12,10:57:45,11:28:59,11:29:18,COMPLETED,26758.0,323.2,1874.34,1893.38
504,easy,11,10:57:32,11:28:52,11:29:24,COMPLETED,35436.0,536.1,1880.95,1912.77
441,easy,11,10:58:10,11:29:24,11:30:21,COMPLETED,28431.0,953.6,1874.77,1931.68
497,medium,13,10:55:26,11:24:43,11:30:34,COMPLETED,35243.0,5848.1,1757.77,2108.38
416,easy,12,10:58:00,11:29:18,11:30:59,COMPLETED,32714.0,1694.7,1878.38,1979.77
425,easy,12,10:59:48,11:31:06,11:31:37,COMPLETED,31922.0,538.6,1878.10,1909.91
468,medium,14,10:02:52,10:09:38,11:31:57,COMPLETED,33363.0,82324.9,406.45,5345.67
492,medium,13,10:55:27,11:25:48,11:33:53,COMPLETED,37483.0,8100.8,1821.27,2306.84
383,medium,13,10:59:28,11:30:40,11:34:39,COMPLETED,38491.0,3981.0,1872.71,2111.10
382,medium,14,10:48:10,11:12:00,11:35:18,COMPLETED,33973.0,23298.0,1430.55,2828.10
575,medium,13,11:00:04,11:31:44,11:35:43,COMPLETED,32052.0,3990.3,1900.45,2139.59
348,medium,13,10:58:36,11:30:28,11:35:49,COMPLETED,28074.0,5370.5,1912.02,2233.92
633,easy,11,11:01:53,11:35:49,11:36:02,COMPLETED,27598.0,218.2,2036.92,2049.71
635,medium,13,11:00:35,11:34:00,11:37:25,COMPLETED,21864.0,3421.1,2005.41,2210.22
658,easy,12,11:02:48,11:36:09,11:37:57,COMPLETED,34354.0,1806.2,2001.04,2109.11
612,easy,11,11:03:10,11:38:03,11:38:22,COMPLETED,27091.0,321.7,2093.44,2112.44
33,hard,15,08:09:41,08:09:44,11:39:38,COMPLETED,29867.0,209906.2,3.03,12597.37
572,easy,11,11:03:39,11:39:44,11:40:16,COMPLETED,28836.0,536.0,2165.71,2197.51
508,medium,13,10:54:17,11:24:24,11:41:45,COMPLETED,35814.0,17347.5,1807.70,2848.30
597,medium,14,11:01:33,11:34:45,11:42:10,COMPLETED,22840.0,7420.8,1992.63,2437.61
634,medium,13,11:02:38,11:35:56,11:42:29,COMPLETED,23028.0,6560.7,1998.30,2391.66
601,medium,13,11:01:47,11:35:24,11:42:35,COMPLETED,35359.0,7196.0,2017.55,2448.99
515,easy,12,11:05:27,11:42:35,11:42:42,COMPLETED,23206.0,111.8,2228.99,2235.36
411,hard,15,10:10:03,10:15:27,11:43:26,COMPLETED,35626.0,87995.1,324.17,5603.71
518,medium,13,11:05:42,11:42:42,11:43:39,COMPLETED,28138.0,955.7,2220.36,2277.40
636,easy,11,11:06:24,11:43:45,11:43:58,COMPLETED,27567.0,216.3,2241.74,2254.41
598,medium,13,11:04:29,11:40:22,11:44:36,COMPLETED,27984.0,4228.7,2153.90,2407.34
262,hard,15,09:00:34,09:00:35,11:46:23,COMPLETED,31827.0,165802.0,1.60,9949.71
343,hard,15,10:43:52,11:00:15,11:47:08,COMPLETED,35141.0,46876.2,983.65,3796.00
614,easy,11,11:08:30,11:47:14,11:47:33,COMPLETED,28218.0,324.0,2324.33,2343.47
583,medium,13,11:04:34,11:41:51,11:47:52,COMPLETED,30859.0,6018.8,2237.63,2598.48
651,medium,13,11:05:49,11:42:48,11:47:58,COMPLETED,29938.0,5173.5,2219.73,2529.81
652,medium,13,11:06:04,11:43:33,11:48:11,COMPLETED,30467.0,4647.4,2249.04,2527.61
625,easy,11,11:09:35,11:47:58,11:48:17,COMPLETED,26288.0,324.6,2303.81,2322.94
627,medium,13,11:06:45,11:46:30,11:49:15,COMPLETED,30266.0,2769.2,2385.04,2550.69
661,easy,12,11:10:22,11:49:22,11:50:27,COMPLETED,28383.0,1091.7,2340.26,2405.12
472,hard,15,10:44:13,11:02:44,11:50:33,COMPLETED,34433.0,47825.1,1111.66,3980.81
548,easy,12,11:12:14,11:50:40,11:50:46,COMPLETED,28927.0,112.2,2306.28,2312.69
631,easy,12,11:11:15,11:50:33,11:51:37,COMPLETED,23145.0,1063.8,2358.81,2422.35
489,hard,15,10:52:10,11:18:11,11:51:56,COMPLETED,38808.0,33748.4,1561.66,3586.34
645,medium,14,11:10:00,11:48:17,11:52:02,COMPLETED,31066.0,3751.0,2297.94,2522.67
473,hard,15,10:58:31,11:29:31,11:52:40,COMPLETED,28469.0,23162.6,1860.15,3249.67
655,medium,13,11:09:59,11:48:05,11:52:53,COMPLETED,31003.0,4807.8,2286.19,2574.36
639,easy,11,11:15:13,11:52:59,11:53:12,COMPLETED,27518.0,217.8,2266.71,2279.47
397,hard,15,10:40:23,10:57:27,11:53:44,COMPLETED,30660.0,56280.1,1024.58,4401.17
604,medium,14,11:03:34,11:38:28,11:53:50,COMPLETED,27895.0,15368.1,2094.76,3016.50
637,medium,13,11:14:09,11:52:02,11:54:28,COMPLETED,20540.0,2436.8,2273.67,2419.60
389,hard,15,10:37:57,10:54:49,11:54:47,COMPLETED,31748.0,59977.2,1012.18,4610.61
560,easy,11,11:15:51,11:54:53,11:55:12,COMPLETED,33082.0,321.6,2342.94,2361.93
449,medium,14,10:53:27,11:19:40,11:56:42,COMPLETED,33125.0,37035.0,1573.83,3795.55
649,medium,14,11:06:43,11:44:42,11:57:01,COMPLETED,34537.0,12324.8,2279.67,3018.84
660,medium,13,11:10:05,11:48:24,11:57:53,COMPLETED,28965.0,9494.0,2299.33,2868.56
623,easy,12,11:17:21,11:57:08,11:58:06,COMPLETED,25442.0,975.6,2387.26,2445.49
679,medium,13,11:16:54,11:56:49,11:58:12,COMPLETED,24233.0,1406.0,2395.10,2478.84
580,easy,11,11:17:43,11:58:12,11:58:26,COMPLETED,25568.0,230.0,2429.84,2443.16
590,medium,14,11:04:56,11:42:16,11:59:17,COMPLETED,35292.0,17019.8,2240.94,3261.72
600,easy,12,11:18:08,11:58:32,11:59:37,COMPLETED,33514.0,1086.4,2424.69,2489.42
641,easy,12,11:14:18,11:52:09,12:00:29,COMPLETED,33607.0,8342.3,2271.05,2771.16
672,medium,13,11:17:40,11:58:00,12:01:01,COMPLETED,36364.0,3033.9,2420.09,2601.64
553,medium,13,11:18:33,11:59:24,12:02:38,COMPLETED,25877.0,3235.4,2451.29,2645.14
543,easy,12,11:20:16,12:00:35,12:03:28,COMPLETED,30419.0,2889.8,2419.70,2592.79
663,medium,14,11:09:13,11:47:39,12:04:06,COMPLETED,31131.0,16453.0,2306.80,3293.73
513,medium,14,11:15:41,11:53:56,12:04:06,COMPLETED,31146.0,10168.1,2295.93,2905.73
531,medium,13,11:17:52,11:58:19,12:04:13,COMPLETED,33857.0,5898.2,2427.53,2781.07
564,easy,11,11:22:04,12:04:13,12:04:25,COMPLETED,26427.0,217.7,2529.07,2541.84
534,easy,11,11:22:20,12:04:13,12:04:51,COMPLETED,24964.0,640.3,2513.07,2551.23
608,easy,11,11:23:11,12:04:57,12:05:29,COMPLETED,28601.0,532.0,2506.56,2538.18
403,medium,14,10:56:49,11:27:11,12:06:32,COMPLETED,30705.0,39357.4,1822.39,4183.57
579,easy,12,11:23:01,12:04:32,12:06:32,COMPLETED,37081.0,2013.0,2491.17,2611.57
619,medium,13,11:23:16,12:05:35,12:06:51,COMPLETED,30157.0,1275.4,2539.51,2615.70
299,hard,15,09:44:01,09:44:07,12:08:08,COMPLETED,33722.0,144027.9,6.07,8647.54
183,hard,15,09:41:18,09:41:19,12:08:34,COMPLETED,35975.0,147247.2,1.88,8836.47
632,medium,14,11:15:20,11:53:18,12:09:00,COMPLETED,35348.0,15703.4,2278.80,3220.76
511,easy,11,11:25:05,12:08:41,12:09:00,COMPLETED,24100.0,332.1,2616.15,2635.76
561,easy,11,11:25:08,12:09:07,12:09:13,COMPLETED,25876.0,114.6,2639.10,2645.48
607,easy,12,11:24:37,12:06:38,12:09:20,COMPLETED,29609.0,2692.7,2521.98,2683.02
488,hard,15,10:33:57,10:47:18,12:09:26,COMPLETED,37990.0,82148.7,801.15,5729.67
556,medium,13,11:24:42,12:06:58,12:09:33,COMPLETED,33070.0,2593.0,2536.07,2691.33
557,easy,11,11:25:32,12:09:26,12:09:33,COMPLETED,24156.0,116.7,2634.67,2641.33
638,easy,12,11:25:18,12:09:20,12:09:46,COMPLETED,27258.0,444.5,2642.02,2668.40
573,medium,13,11:22:30,12:04:19,12:09:52,COMPLETED,36401.0,5564.0,2509.48,2842.74
570,easy,11,11:25:49,12:09:33,12:09:52,COMPLETED,28816.0,334.2,2624.33,2643.74
393,hard,15,10:03:46,10:11:07,12:09:59,COMPLETED,34345.0,118877.5,441.27,7573.44
673,easy,12,11:25:11,12:09:07,12:09:59,COMPLETED,25147.0,883.9,2636.10,2688.44
528,easy,11,11:26:16,12:09:52,12:10:06,COMPLETED,28658.0,234.9,2616.74,2630.24
516,easy,11,11:26:31,12:09:59,12:10:06,COMPLETED,23663.0,123.4,2608.44,2615.24
654,easy,12,11:28:42,12:10:12,12:10:26,COMPLETED,23368.0,227.6,2490.89,2504.12
613,medium,13,11:26:10,12:09:39,12:11:49,COMPLETED,28865.0,2177.7,2609.71,2739.98
525,easy,11,11:29:38,12:11:56,12:12:03,COMPLETED,20019.0,116.0,2538.55,2545.00
522,medium,13,11:26:56,12:10:06,12:13:58,COMPLETED,31117.0,3882.5,2590.24,2822.85
113,hard,15,08:04:46,08:04:50,12:16:30,COMPLETED,31296.0,251667.6,4.89,15104.93
550,medium,14,11:15:01,11:52:47,12:16:37,COMPLETED,37455.0,23842.1,2266.00,3696.26
576,medium,13,11:28:32,12:10:12,12:16:43,COMPLETED,34788.0,6518.3,2500.89,2891.63
642,easy,11,11:30:24,12:16:37,12:16:56,COMPLETED,31112.0,324.7,2773.26,2792.45
565,easy,11,11:31:12,12:16:50,12:17:02,COMPLETED,26915.0,218.0,2738.05,2750.77
529,easy,12,11:31:41,12:17:02,12:17:21,COMPLETED,31624.0,323.2,2721.77,2740.86
514,medium,13,11:30:12,12:12:09,12:18:25,COMPLETED,29813.0,6269.6,2517.55,2893.17
460,hard,15,10:24:40,10:36:09,12:18:44,COMPLETED,29314.0,102596.3,689.26,6844.83
611,medium,14,11:28:02,12:10:06,12:18:44,COMPLETED,27648.0,8647.9,2524.24,3042.83
552,easy,11,11:32:35,12:18:31,12:18:57,COMPLETED,26717.0,441.2,2756.80,2782.99
677,medium,14,11:24:00,12:06:38,12:19:43,COMPLETED,29676.0,13079.5,2558.98,3343.34
662,easy,12,11:33:04,12:18:51,12:19:56,COMPLETED,30973.0,1093.2,2747.26,2812.47
524,easy,11,11:34:36,12:20:03,12:20:09,COMPLETED,22685.0,115.3,2727.00,2733.40
675,medium,14,11:31:47,12:17:09,12:20:48,COMPLETED,36661.0,3656.4,2722.15,2941.08
533,easy,12,11:35:07,12:20:54,12:21:27,COMPLETED,27255.0,550.4,2747.62,2780.14
669,easy,12,11:34:52,12:20:15,12:22:06,COMPLETED,32368.0,1844.4,2723.96,2834.30
567,medium,14,11:31:01,12:16:43,12:22:31,COMPLETED,29202.0,5809.3,2742.63,3090.91
221,medium,14,09:48:35,09:49:38,12:23:43,COMPLETED,34571.0,154088.0,63.05,9308.13
650,medium,13,11:21:46,12:03:35,12:24:28,COMPLETED,38488.0,20887.1,2509.12,3762.10
544,medium,14,11:35:23,12:22:12,12:24:28,COMPLETED,23106.0,2262.4,2809.66,2945.10
554,easy,12,11:36:23,12:24:34,12:24:47,COMPLETED,24497.0,219.2,2891.44,2904.23
551,easy,11,11:36:51,12:24:53,12:25:06,COMPLETED,28676.0,218.1,2882.62,2895.34
589,medium,13,11:35:45,12:23:49,12:25:57,COMPLETED,31118.0,2129.7,2884.67,3012.15
571,medium,13,11:36:33,12:24:34,12:26:16,COMPLETED,23434.0,1699.5,2881.44,2983.16
409,hard,15,10:31:41,10:42:32,12:26:22,COMPLETED,35007.0,103835.2,651.57,6881.49
585,easy,12,11:37:42,12:26:03,12:26:54,COMPLETED,27302.0,849.7,2901.49,2952.17
555,easy,11,11:38:05,12:26:22,12:26:54,COMPLETED,32914.0,533.4,2897.49,2929.17
670,easy,12,11:38:50,12:27:00,12:27:51,COMPLETED,36574.0,848.0,2890.51,2941.09
582,medium,14,11:24:52,12:08:15,12:28:48,COMPLETED,32059.0,20554.7,2603.10,3836.12
630,easy,12,11:39:21,12:28:54,12:29:00,COMPLETED,28666.0,111.2,2973.47,2979.84
538,medium,13,11:39:17,12:27:00,12:29:13,COMPLETED,31953.0,2221.3,2863.51,2996.53
539,easy,12,11:40:11,12:29:07,12:29:32,COMPLETED,32912.0,434.7,2936.17,2961.72
676,easy,11,11:41:07,12:29:39,12:29:58,COMPLETED,29770.0,335.4,2912.32,2931.93
542,medium,13,11:20:41,12:01:08,12:32:33,COMPLETED,33180.0,31435.3,2427.21,4312.95
640,medium,14,11:30:16,12:14:05,12:33:19,COMPLETED,33928.0,19244.6,2629.25,3783.51
603,easy,12,11:41:26,12:32:40,12:33:19,COMPLETED,30460.0,659.1,3074.52,3113.51
136,medium,14,08:47:51,08:47:53,12:33:26,COMPLETED,47069.0,225552.5,2.17,13535.10
563,easy,11,11:41:28,12:33:26,12:33:39,COMPLETED,20746.0,226.2,3118.10,3131.17
107,hard,15,08:41:09,08:41:11,12:33:52,COMPLETED,36690.0,232675.6,2.67,13963.17
629,easy,11,11:43:34,12:33:58,12:34:11,COMPLETED,18311.0,226.9,3024.49,3037.60
577,easy,12,11:43:25,12:33:45,12:34:18,COMPLETED,23968.0,550.4,3020.74,3053.15
588,easy,12,11:43:40,12:34:24,12:34:37,COMPLETED,29798.0,227.3,3044.81,3057.94
521,easy,12,11:42:31,12:33:32,12:34:57,COMPLETED,30394.0,1416.1,3061.81,3146.26
593,medium,13,11:36:56,12:25:12,12:35:03,COMPLETED,28934.0,9860.4,2896.74,3487.84
1,hard,15,08:12:52,08:12:53,12:35:23,COMPLETED,26155.0,262496.5,1.80,15751.55
163,hard,15,08:42:30,08:42:33,12:36:46,COMPLETED,37286.0,234214.6,3.51,14056.36
465,hard,15,10:45:46,11:06:59,12:37:05,COMPLETED,34523.0,90102.0,1273.44,6679.36
664,easy,11,11:45:37,12:36:52,12:37:05,COMPLETED,27260.0,217.9,3075.69,3088.36
602,medium,13,11:44:10,12:34:44,12:37:11,COMPLETED,26669.0,2462.4,3034.49,3181.79
547,easy,11,11:45:53,12:37:11,12:37:24,COMPLETED,25747.0,219.5,3078.79,3091.64
530,easy,11,11:46:20,12:37:31,12:37:43,COMPLETED,28940.0,216.2,3071.01,3083.67
621,medium,13,11:44:51,12:35:10,12:39:12,COMPLETED,27369.0,4034.0,3019.43,3261.19
331,medium,14,09:41:41,09:41:45,12:40:02,COMPLETED,31791.0,178285.2,4.75,10701.76
596,medium,14,11:15:49,11:54:34,12:40:02,COMPLETED,33804.0,45467.7,2325.93,5053.76
549,easy,11,11:47:23,12:40:09,12:40:15,COMPLETED,20003.0,112.9,3166.14,3172.58
526,medium,13,11:45:09,12:35:30,12:40:21,COMPLETED,32985.0,4870.3,3021.10,3312.95
566,easy,12,11:47:26,12:40:21,12:40:53,COMPLETED,32034.0,535.2,3175.95,3207.75
559,hard,15,11:12:22,11:50:53,12:42:03,COMPLETED,30100.0,51180.6,2311.03,5381.66
545,easy,12,11:48:40,12:42:10,12:42:48,COMPLETED,28617.0,653.2,3210.06,3248.72
617,easy,12,11:48:22,12:41:00,12:42:55,COMPLETED,28888.0,1929.9,3158.10,3273.29
510,medium,14,11:47:24,12:40:09,12:43:27,COMPLETED,29240.0,3312.9,3165.14,3363.67
562,easy,12,11:49:07,12:42:55,12:43:34,COMPLETED,27423.0,655.4,3228.29,3267.01
574,easy,12,11:50:57,12:43:40,12:44:00,COMPLETED,26309.0,332.4,3163.68,3183.12
520,medium,13,11:48:21,12:40:28,12:44:06,COMPLETED,31310.0,3646.8,3127.38,3345.66
648,easy,11,11:53:08,12:44:13,12:44:19,COMPLETED,24543.0,115.3,3065.26,3071.87
519,medium,14,11:40:32,12:29:19,12:44:32,COMPLETED,33996.0,15215.7,2927.87,3840.57
643,easy,11,11:53:38,12:44:26,12:44:32,COMPLETED,24936.0,111.3,3048.20,3054.57
39,medium,14,08:43:33,08:43:36,12:44:45,COMPLETED,45114.0,241145.5,3.61,14472.31
541,medium,13,11:47:21,12:39:18,12:44:51,COMPLETED,31171.0,5557.4,3117.52,3450.64
665,easy,11,11:54:46,12:44:51,12:45:04,COMPLETED,24727.0,217.2,3005.64,3018.37
587,easy,12,11:55:03,12:44:58,12:46:07,COMPLETED,24971.0,1170.8,2995.02,3064.78
540,medium,14,11:26:07,12:09:39,12:46:46,COMPLETED,26085.0,37115.0,2612.71,4839.42
622,medium,14,11:49:59,12:43:01,12:46:59,COMPLETED,26497.0,3958.1,3182.94,3420.10
568,easy,11,11:55:10,12:46:14,12:47:05,COMPLETED,36206.0,858.7,3064.32,3115.49
609,easy,12,11:55:21,12:46:52,12:47:24,COMPLETED,32777.0,535.1,3091.75,3123.54
659,medium,13,11:54:44,12:44:38,12:47:37,COMPLETED,21741.0,2976.8,2994.90,3173.27
546,easy,11,11:56:18,12:47:30,12:47:43,COMPLETED,26997.0,217.5,3072.89,3085.60
616,easy,11,11:56:45,12:47:43,12:47:56,COMPLETED,23344.0,217.2,3058.60,3071.33
532,easy,11,11:56:57,12:47:49,12:47:56,COMPLETED,22222.0,111.2,3052.97,3059.33
678,medium,13,11:56:06,12:47:11,12:49:12,COMPLETED,37887.0,2017.0,3065.88,3186.61
656,hard,15,11:06:30,11:44:04,12:49:37,COMPLETED,32355.0,65556.0,2254.74,6187.94
626,hard,15,11:39:19,12:27:57,12:49:44,COMPLETED,33427.0,21785.4,2918.42,4225.26
569,medium,13,11:57:41,12:48:02,12:49:56,COMPLETED,31801.0,1909.6,3021.67,3135.99
595,easy,11,11:58:10,12:49:50,12:50:09,COMPLETED,21360.0,322.3,3100.64,3119.68
667,easy,12,11:57:42,12:49:18,12:50:34,COMPLETED,33258.0,1272.4,3096.94,3172.99
657,easy,12,11:57:59,12:49:44,12:50:47,COMPLETED,30263.0,1062.8,3105.26,3168.73
674,easy,11,11:59:55,12:50:41,12:50:54,COMPLETED,26991.0,218.3,3046.33,3059.07
618,medium,13,11:54:16,12:44:38,12:51:06,COMPLETED,33970.0,6470.5,3022.90,3410.81
841,easy,11,12:00:22,12:51:00,12:51:13,COMPLETED,27249.0,218.5,3038.45,3051.20
599,hard,15,11:16:47,11:55:19,12:51:25,COMPLETED,33525.0,56114.6,2312.26,5678.96
834,easy,11,12:01:56,12:51:13,12:51:25,COMPLETED,28370.0,217.9,2957.20,2969.96
770,easy,11,12:02:31,12:51:32,12:51:38,COMPLETED,27602.0,111.6,2941.30,2947.70
646,medium,14,11:55:50,12:47:05,12:51:45,COMPLETED,31706.0,4668.4,3075.49,3355.03
594,easy,12,11:59:26,12:50:16,12:52:04,COMPLETED,30817.0,1811.9,3050.01,3158.44
691,easy,12,12:03:00,12:51:32,12:52:10,COMPLETED,31662.0,646.8,2912.30,2950.77
688,easy,11,12:03:24,12:51:51,12:52:17,COMPLETED,26255.0,430.5,2907.71,2933.20
735,easy,12,12:02:11,12:51:19,12:52:23,COMPLETED,28648.0,1071.8,2948.59,3012.57
615,easy,12,11:52:27,12:44:06,12:52:36,COMPLETED,39770.0,8498.4,3099.66,3609.31
716,easy,11,12:05:17,12:52:42,12:52:49,COMPLETED,23794.0,111.5,2845.64,2852.02
671,hard,15,11:13:08,11:51:43,12:53:08,COMPLETED,24906.0,61409.1,2315.67,6000.05
700,easy,12,12:03:53,12:52:17,12:53:08,COMPLETED,24000.0,852.7,2904.20,2955.05
581,medium,14,11:55:03,12:45:10,12:53:20,COMPLETED,35254.0,8172.8,3007.70,3497.78
738,easy,12,12:06:59,12:53:14,12:53:27,COMPLETED,25222.0,218.8,2775.40,2788.15
773,easy,12,12:07:34,12:53:27,12:53:52,COMPLETED,29836.0,428.0,2753.15,2778.53
699,medium,13,12:00:08,12:50:54,12:54:49,COMPLETED,29682.0,3926.8,3046.07,3281.40
523,medium,13,11:58:58,12:50:03,12:56:30,COMPLETED,33082.0,6458.6,3065.32,3452.57
722,medium,13,12:07:56,12:54:55,12:56:43,COMPLETED,28520.0,1796.7,2819.75,2927.26
821,easy,12,12:07:58,12:56:36,12:57:02,COMPLETED,27072.0,427.7,2918.90,2944.25
592,medium,14,11:43:36,12:34:18,12:58:32,COMPLETED,28320.0,24247.0,3042.15,4496.56
696,easy,12,12:08:35,12:58:39,12:58:58,COMPLETED,22105.0,327.2,3004.15,3023.25
628,hard,15,11:26:38,12:09:59,12:59:24,COMPLETED,35002.0,49415.5,2601.44,5566.29
736,medium,13,12:04:57,12:52:29,12:59:30,COMPLETED,30337.0,7018.1,2852.94,3273.62
791,easy,11,12:08:56,12:59:30,12:59:43,COMPLETED,26517.0,218.8,3034.62,3047.45
796,easy,12,12:09:53,12:59:49,13:00:34,COMPLETED,29979.0,746.3,2996.79,3041.25
708,easy,11,12:10:21,13:00:40,13:01:37,COMPLETED,28181.0,952.5,3019.58,3076.43
741,easy,11,12:10:43,13:01:43,13:02:02,COMPLETED,29307.0,321.6,3060.76,3079.75
586,hard,15,11:46:10,12:37:18,13:02:09,COMPLETED,29502.0,24851.3,3068.29,4559.08
792,medium,14,12:09:39,12:59:37,13:02:28,COMPLETED,28865.0,2855.6,2998.10,3169.14
750,easy,11,12:10:49,13:02:09,13:02:28,COMPLETED,30742.0,322.9,3080.08,3099.14
527,medium,14,11:46:09,12:37:11,13:02:40,COMPLETED,28230.0,25487.8,3062.79,4591.88
694,easy,12,12:11:00,13:02:15,13:03:18,COMPLETED,22249.0,1060.9,3075.47,3138.82
756,easy,11,12:12:35,13:03:25,13:03:50,COMPLETED,29072.0,428.5,3050.16,3075.57
682,medium,13,12:11:07,13:02:34,13:04:15,COMPLETED,25703.0,1694.8,3087.48,3188.88
758,medium,13,12:12:11,13:02:34,13:04:47,COMPLETED,26457.0,2221.3,3023.48,3156.51
757,easy,11,12:13:25,13:04:22,13:04:53,COMPLETED,30051.0,533.0,3057.21,3088.84
787,easy,12,12:13:45,13:04:53,13:05:57,COMPLETED,26761.0,1076.5,3068.84,3132.95
666,hard,15,11:41:26,12:30:05,13:06:30,COMPLETED,38452.0,36422.4,2919.48,5104.47
786,medium,13,12:12:27,13:02:47,13:06:50,COMPLETED,28795.0,4054.4,3020.22,3263.01
591,hard,15,11:28:53,12:10:32,13:07:41,COMPLETED,30424.0,57152.9,2499.67,5928.56
733,medium,13,12:14:12,13:06:04,13:07:54,COMPLETED,26491.0,1845.9,3112.48,3222.73
806,medium,13,12:08:56,12:59:04,13:08:39,COMPLETED,26897.0,9587.4,3008.82,3583.79
840,easy,12,12:15:07,13:08:01,13:09:18,COMPLETED,26472.0,1294.7,3174.30,3251.50
420,medium,14,10:24:22,10:35:12,13:10:42,COMPLETED,37282.0,155509.0,650.25,9980.59
710,medium,13,12:16:17,13:10:49,13:12:18,COMPLETED,31800.0,1493.0,3272.13,3361.41
800,easy,12,12:16:47,13:12:24,13:13:15,COMPLETED,23379.0,853.6,3337.75,3388.56
705,easy,11,12:17:50,13:13:21,13:13:34,COMPLETED,33138.0,218.9,3331.99,3344.77
816,hard,15,12:03:59,12:52:23,13:13:41,COMPLETED,31991.0,21298.3,2904.57,4182.15
774,easy,11,12:18:03,13:13:41,13:14:38,COMPLETED,34872.0,958.0,3338.15,3395.27
536,hard,15,11:33:41,12:19:04,13:15:03,COMPLETED,32041.0,55995.1,2723.32,6082.81
558,medium,14,11:15:21,11:53:50,13:15:10,COMPLETED,28410.0,81332.2,2309.50,7189.20
780,medium,13,12:14:18,13:06:37,13:15:22,COMPLETED,25414.0,8770.5,3139.04,3664.96
769,easy,11,12:19:00,13:15:10,13:15:22,COMPLETED,30244.0,218.6,3370.20,3382.96
175,hard,15,09:56:42,10:06:28,13:15:35,COMPLETED,33165.0,189129.2,586.08,11933.74
726,medium,13,12:19:08,13:15:16,13:16:01,COMPLETED,30969.0,745.6,3368.61,3413.05
823,medium,14,12:14:12,13:05:00,13:16:07,COMPLETED,30406.0,11124.2,3048.23,3715.38
697,medium,13,12:13:13,13:03:56,13:16:26,COMPLETED,34392.0,12502.8,3043.90,3793.65
839,easy,11,12:21:27,13:16:33,13:16:39,COMPLETED,25901.0,117.0,3306.20,3312.93
743,easy,12,12:21:06,13:16:13,13:16:52,COMPLETED,29942.0,656.8,3307.75,3346.86
768,easy,11,12:22:14,13:16:59,13:17:25,COMPLETED,31391.0,442.3,3285.19,3311.31
826,easy,12,12:19:26,13:15:29,13:18:10,COMPLETED,28377.0,2697.3,3363.34,3524.74
810,easy,12,12:22:49,13:17:31,13:18:10,COMPLETED,32582.0,658.2,3282.77,3321.74
624,medium,14,11:47:20,12:37:49,13:18:17,COMPLETED,34357.0,40460.6,3030.00,5457.30
644,medium,14,11:19:01,11:59:43,13:18:23,COMPLETED,35024.0,78670.2,2442.93,7162.79
798,easy,12,12:23:35,13:18:23,13:18:43,COMPLETED,30000.0,333.4,3288.79,3308.29
717,easy,11,12:25:36,13:18:49,13:18:56,COMPLETED,22636.0,118.4,3193.85,3200.45
833,easy,11,12:24:50,13:18:30,13:19:02,COMPLETED,29402.0,552.8,3220.42,3252.99
334,hard,15,09:23:22,09:23:24,13:19:35,COMPLETED,37335.0,236189.6,2.36,14173.61
689,easy,12,12:26:34,13:19:02,13:19:42,COMPLETED,30128.0,663.3,3148.99,3188.20
720,easy,12,12:27:29,13:19:48,13:20:27,COMPLETED,22133.0,655.5,3139.85,3178.67
804,medium,14,12:27:13,13:19:09,13:21:26,COMPLETED,26421.0,2287.1,3116.63,3253.35
709,medium,13,12:14:48,13:06:56,13:21:52,COMPLETED,43224.0,14936.8,3128.55,4024.48
818,easy,12,12:27:56,13:21:58,13:22:05,COMPLETED,28217.0,118.4,3242.87,3249.47
727,medium,13,12:27:39,13:20:34,13:22:18,COMPLETED,26099.0,1749.6,3175.22,3279.62
765,easy,11,12:28:42,13:22:12,13:22:25,COMPLETED,31437.0,230.0,3210.01,3223.26
813,easy,12,12:27:54,13:21:32,13:22:38,COMPLETED,32157.0,1096.5,3218.93,3284.37
776,hard,15,12:07:40,12:53:33,13:23:54,COMPLETED,35365.0,30352.8,2753.56,4574.49
771,easy,11,12:30:44,13:22:44,13:24:07,COMPLETED,29028.0,1379.2,3120.76,3203.21
779,medium,13,12:22:56,13:18:17,13:25:42,COMPLETED,27305.0,7422.8,3321.30,3766.39
653,hard,15,11:35:41,12:22:38,13:26:01,COMPLETED,30998.0,63390.1,2817.24,6620.48
749,easy,12,12:30:52,13:24:13,13:26:07,COMPLETED,31694.0,1910.1,3201.54,3315.81
814,easy,12,12:31:05,13:26:07,13:26:39,COMPLETED,31017.0,533.3,3302.81,3334.49
687,easy,11,12:31:36,13:26:45,13:26:52,COMPLETED,28941.0,111.1,3309.89,3316.25
703,hard,15,12:07:20,12:53:14,13:28:08,COMPLETED,33143.0,34905.4,2754.40,4848.54
831,easy,11,12:32:51,13:28:14,13:28:21,COMPLETED,21069.0,117.7,3323.88,3330.42
719,medium,14,12:14:55,13:07:48,13:29:32,COMPLETED,32992.0,21750.9,3173.10,4477.91
837,medium,13,12:34:00,13:29:39,13:32:39,COMPLETED,28282.0,3016.9,3339.27,3519.99
681,medium,14,12:33:26,13:28:27,13:33:18,COMPLETED,24772.0,4854.5,3301.98,3592.74
777,easy,12,12:34:48,13:33:25,13:34:10,COMPLETED,27944.0,750.4,3517.29,3562.02
795,medium,13,12:34:10,13:32:46,13:35:13,COMPLETED,21450.0,2454.3,3516.31,3663.28
712,easy,11,12:35:09,13:35:19,13:35:38,COMPLETED,23549.0,323.7,3610.61,3629.66
783,easy,11,12:35:22,13:35:45,13:35:51,COMPLETED,20194.0,113.1,3623.06,3629.48
828,medium,13,12:31:26,13:26:14,13:37:01,COMPLETED,38724.0,10787.4,3288.18,3935.12
724,easy,11,12:35:26,13:37:07,13:37:13,COMPLETED,25020.0,110.9,3701.47,3707.82
286,hard,15,09:26:43,09:26:44,13:37:45,COMPLETED,42165.0,251018.7,1.52,15062.59
830,easy,11,12:36:42,13:37:51,13:37:58,COMPLETED,26986.0,111.1,3669.91,3676.27
512,hard,15,11:57:08,12:48:02,13:41:23,COMPLETED,34517.0,53352.0,3054.67,6255.48
695,hard,15,12:18:31,13:13:47,13:43:13,COMPLETED,34914.0,29439.4,3316.58,5082.57
805,easy,12,12:38:26,13:43:20,13:44:44,COMPLETED,31401.0,1410.1,3894.12,3978.37
848,easy,12,12:38:31,13:44:50,13:45:28,COMPLETED,26050.0,638.9,3979.75,4017.71
713,medium,14,12:35:24,13:35:57,13:47:41,COMPLETED,34740.0,11734.7,3633.87,4337.67
744,medium,14,12:38:51,13:45:35,13:49:29,COMPLETED,28552.0,3910.5,4004.11,4238.38
732,medium,14,12:27:15,13:19:42,13:51:18,COMPLETED,34640.0,31608.1,3147.20,5043.27
605,hard,15,11:38:43,12:26:28,13:53:07,COMPLETED,28005.0,86656.0,2865.86,8064.93
801,easy,12,12:41:17,13:53:14,13:53:20,COMPLETED,27805.0,114.6,4317.51,4323.88
718,easy,11,12:41:41,13:53:27,13:53:33,COMPLETED,30926.0,114.8,4306.42,4312.80
799,hard,15,12:29:07,13:22:25,13:53:46,COMPLETED,31743.0,31368.1,3198.26,5079.94
772,medium,13,12:41:07,13:51:24,13:54:32,COMPLETED,33862.0,3135.3,4217.82,4405.44
731,easy,12,12:41:42,13:53:40,13:54:45,COMPLETED,33265.0,1091.2,4318.35,4383.34
680,medium,14,12:36:07,13:37:20,13:56:09,COMPLETED,30234.0,18824.5,3673.15,4802.28
725,easy,11,12:43:12,13:56:15,13:56:22,COMPLETED,30390.0,112.0,4383.69,4390.10
752,medium,14,12:29:58,13:22:31,13:57:31,COMPLETED,29663.0,35000.6,3153.86,5253.66
820,medium,13,12:43:38,13:57:37,13:58:41,COMPLETED,21942.0,1057.9,4439.99,4503.15
781,hard,15,12:31:04,13:25:48,13:58:47,COMPLETED,34474.0,32984.4,3284.72,5263.48
754,easy,11,12:44:20,13:58:47,13:59:00,COMPLETED,24759.0,217.4,4467.48,4480.22
827,easy,11,12:44:44,13:58:53,13:59:19,COMPLETED,27528.0,427.4,4449.87,4475.21
764,easy,11,12:45:15,13:59:25,13:59:31,COMPLETED,27474.0,111.4,4450.54,4456.91
721,hard,15,12:20:20,13:15:42,14:00:03,COMPLETED,33406.0,44362.7,3322.07,5983.59
815,easy,12,12:45:48,14:00:09,14:00:28,COMPLETED,29152.0,321.6,4461.93,4480.92
729,hard,15,12:07:49,12:53:58,14:00:35,COMPLETED,31313.0,66610.5,2769.86,6766.24
147,hard,15,08:01:17,08:01:18,14:00:54,COMPLETED,31284.0,359590.6,1.87,21577.30
803,easy,12,12:42:26,13:54:38,14:01:07,COMPLETED,27890.0,6471.9,4332.99,4721.03
844,easy,12,12:46:15,14:01:00,14:01:07,COMPLETED,28917.0,112.2,4485.62,4492.03
842,easy,11,12:47:32,14:01:13,14:01:19,COMPLETED,24296.0,112.0,4421.38,4427.79
775,easy,11,12:48:51,14:01:26,14:01:32,COMPLETED,28440.0,112.0,4355.13,4361.55
684,medium,13,12:42:02,13:53:53,14:02:42,COMPLETED,31239.0,8817.5,4311.48,4840.26
690,easy,12,12:49:02,14:01:38,14:02:54,COMPLETED,32387.0,1273.2,4356.87,4432.96
714,medium,13,12:43:38,13:56:28,14:03:01,COMPLETED,33340.0,6553.3,4370.43,4763.30
829,easy,12,12:46:11,14:00:41,14:03:26,COMPLETED,33966.0,2756.7,4470.63,4635.74
809,easy,11,12:49:27,14:03:07,14:03:26,COMPLETED,26143.0,323.0,4420.69,4439.74
686,easy,11,12:50:31,14:03:33,14:03:45,COMPLETED,19815.0,216.3,4382.09,4394.78
766,easy,12,12:50:39,14:03:52,14:04:30,COMPLETED,28159.0,638.7,4393.13,4431.09
374,hard,15,10:33:59,10:47:50,14:04:49,COMPLETED,39278.0,196980.6,831.51,12650.23
668,hard,15,11:44:37,12:35:03,14:05:21,COMPLETED,35266.0,90289.8,3026.84,8444.03
760,easy,12,12:51:15,14:04:55,14:05:21,COMPLETED,29874.0,429.8,4420.62,4446.03
763,easy,11,12:51:23,14:05:27,14:05:52,COMPLETED,28920.0,427.9,4444.43,4469.79
753,medium,13,12:50:52,14:04:36,14:06:37,COMPLETED,27257.0,2018.9,4424.48,4545.12
748,medium,13,12:46:00,14:00:35,14:07:03,COMPLETED,32210.0,6475.7,4475.24,4863.35
794,easy,11,12:51:36,14:06:43,14:07:03,COMPLETED,26405.0,336.6,4507.67,4527.35
847,medium,13,12:51:31,14:05:27,14:07:29,COMPLETED,31685.0,2042.2,4436.43,4558.52
707,easy,11,12:52:18,14:07:36,14:07:42,COMPLETED,19968.0,117.4,4518.08,4524.61
822,easy,12,12:52:05,14:07:09,14:07:49,COMPLETED,26349.0,664.8,4504.91,4544.16
767,medium,14,12:39:32,13:47:47,14:09:19,COMPLETED,28042.0,21525.7,4096.00,5387.28
155,hard,15,08:34:22,08:34:22,14:09:50,COMPLETED,28643.0,335476.0,0.38,20128.92
836,easy,12,12:52:46,14:09:25,14:10:16,COMPLETED,28122.0,848.4,4599.62,4650.23
706,easy,11,12:54:28,14:10:22,14:10:35,COMPLETED,25706.0,216.4,4554.56,4567.24
843,medium,14,12:48:17,14:01:13,14:11:19,COMPLETED,25430.0,10105.8,4376.38,4982.50
239,hard,15,09:50:23,09:51:02,14:12:47,COMPLETED,37200.0,261764.7,39.18,15745.00
832,medium,13,12:52:31,14:07:55,14:13:13,COMPLETED,27213.0,5295.6,4524.85,4842.31
704,medium,13,12:54:45,14:10:41,14:13:13,COMPLETED,23735.0,2534.1,4556.57,4708.31
755,easy,12,12:55:44,14:13:19,14:13:38,COMPLETED,26269.0,321.3,4655.64,4674.63
762,easy,11,12:56:22,14:13:44,14:14:10,COMPLETED,23448.0,426.8,4642.98,4668.28
728,medium,13,12:16:16,13:09:25,14:14:16,COMPLETED,40328.0,64863.5,3189.04,7080.61
811,hard,15,12:08:26,12:56:49,14:18:34,COMPLETED,30209.0,81756.9,2903.59,7808.83
456,medium,14,10:14:55,10:17:25,14:19:20,COMPLETED,40183.0,241916.1,150.24,14665.12
793,easy,12,12:57:33,14:19:26,14:19:33,COMPLETED,23806.0,118.7,4913.66,4920.30
281,hard,15,09:36:16,09:36:20,14:19:46,COMPLETED,32756.0,283432.0,4.62,17010.48
849,easy,12,12:57:29,14:18:41,14:19:59,COMPLETED,31559.0,1312.8,4872.18,4950.46
739,easy,12,12:57:49,14:19:52,14:20:44,COMPLETED,29140.0,865.5,4923.85,4975.48
380,hard,15,10:55:13,11:24:37,14:21:03,COMPLETED,38144.0,176438.1,1764.41,12350.56
702,hard,15,12:54:45,14:11:25,14:21:09,COMPLETED,36100.0,9740.7,4600.82,5184.96
620,hard,15,11:41:48,12:33:26,14:21:35,COMPLETED,31783.0,108154.1,3098.10,9587.31
808,easy,12,12:58:47,14:21:09,14:22:00,COMPLETED,33278.0,849.3,4942.96,4993.62
845,easy,11,12:59:27,14:21:41,14:22:25,COMPLETED,38803.0,743.5,4934.64,4978.95
778,easy,11,12:59:36,14:22:32,14:22:45,COMPLETED,24763.0,218.1,4976.28,4989.01
698,medium,13,12:42:51,13:54:51,14:23:10,COMPLETED,33234.0,28312.8,4320.89,6019.43
701,easy,11,12:59:41,14:22:51,14:23:35,COMPLETED,25050.0,744.3,4990.39,5034.75
734,hard,15,12:50:00,14:03:33,14:24:01,COMPLETED,33650.0,20470.0,4413.09,5641.05
293,hard,15,09:04:18,09:04:22,14:24:13,COMPLETED,37507.0,319855.8,4.51,19195.83
784,medium,13,12:57:02,14:14:23,14:24:39,COMPLETED,35314.0,10272.9,4641.01,5257.13
852,easy,11,13:00:31,14:24:07,14:24:45,COMPLETED,33911.0,641.5,5016.39,5054.46
913,easy,11,13:01:14,14:24:20,14:24:45,COMPLETED,25800.0,428.9,4986.16,5011.46
924,easy,12,13:01:29,14:24:51,14:25:17,COMPLETED,23516.0,430.0,5002.92,5028.38
973,easy,12,13:01:26,14:24:45,14:25:36,COMPLETED,29287.0,856.7,4999.46,5050.55
788,easy,12,12:59:57,14:23:16,14:26:08,COMPLETED,32282.0,2875.5,4999.77,5171.83
819,hard,15,12:59:32,14:22:06,14:26:21,COMPLETED,26452.0,4255.0,4954.95,5209.98
984,easy,11,13:02:47,14:26:15,14:26:28,COMPLETED,26979.0,225.1,5008.37,5021.30
537,medium,14,11:34:30,12:19:49,14:26:47,COMPLETED,37156.0,126967.6,2719.88,10337.77
939,medium,13,13:02:12,14:25:23,14:26:54,COMPLETED,26039.0,1513.6,4991.75,5082.17
292,hard,15,09:43:31,09:43:34,14:27:26,COMPLETED,28134.0,283861.6,3.78,17035.37
1012,easy,12,13:02:54,14:26:28,14:28:05,COMPLETED,27442.0,1621.1,5014.30,5111.29
966,medium,14,13:02:00,14:24:51,14:28:24,COMPLETED,34435.0,3549.6,4971.92,5184.48
1000,easy,12,13:02:41,14:25:42,14:28:43,COMPLETED,26814.0,3025.8,4981.90,5162.98
761,medium,14,12:23:14,13:18:17,14:29:03,COMPLETED,29132.0,70774.7,3303.30,7549.56
865,easy,11,13:06:24,14:28:50,14:29:03,COMPLETED,19818.0,225.8,4946.54,4959.56
956,easy,11,13:06:39,14:29:10,14:29:23,COMPLETED,24046.0,227.2,4951.13,4964.36
917,medium,13,13:06:39,14:29:29,14:29:55,COMPLETED,32746.0,437.3,4970.90,4996.63
909,easy,12,13:05:11,14:28:31,14:30:08,COMPLETED,31350.0,1638.3,5000.02,5097.82
751,medium,14,12:57:37,14:19:39,14:30:21,COMPLETED,36810.0,10705.6,4922.83,5564.75
926,easy,11,13:07:01,14:30:15,14:30:21,COMPLETED,28678.0,115.1,4994.38,5000.75
996,easy,11,13:07:11,14:30:28,14:30:47,COMPLETED,27191.0,331.7,4997.32,5016.71
807,hard,15,12:55:38,14:12:54,14:31:07,COMPLETED,34826.0,18220.7,4636.32,5729.18
945,easy,11,13:08:06,14:30:54,14:31:07,COMPLETED,26239.0,223.8,4968.28,4981.18
914,easy,11,13:08:57,14:31:13,14:31:33,COMPLETED,31110.0,329.1,4936.75,4956.08
952,easy,12,13:09:11,14:31:39,14:32:23,COMPLETED,22113.0,743.4,4948.63,4992.93
789,hard,15,12:52:21,14:07:49,14:32:42,COMPLETED,33744.0,24899.8,4528.16,6021.93
912,easy,12,13:09:33,14:32:30,14:33:01,COMPLETED,22930.0,533.6,4977.26,5008.93
969,medium,14,13:04:53,14:28:11,14:33:33,COMPLETED,29176.0,5371.7,4998.61,5320.63
876,medium,14,13:04:21,14:27:00,14:33:52,COMPLETED,30342.0,6871.4,4959.62,5371.64
711,medium,14,12:51:33,14:05:59,14:34:11,COMPLETED,33489.0,28212.3,4466.14,6158.64
1016,medium,14,13:04:53,14:27:32,14:34:17,COMPLETED,25411.0,6756.3,4959.92,5364.99
1002,easy,11,13:10:28,14:34:24,14:34:30,COMPLETED,25407.0,111.1,5036.37,5042.73
817,medium,13,12:59:10,14:21:16,14:34:56,COMPLETED,29694.0,13666.5,4926.33,5746.08
740,hard,15,12:37:32,13:41:30,14:35:21,COMPLETED,30659.0,53859.8,3838.02,7069.42
907,medium,13,13:09:40,14:33:08,14:35:21,COMPLETED,32966.0,2223.6,5008.31,5141.42
1018,easy,11,13:10:45,14:35:02,14:35:27,COMPLETED,26724.0,428.8,5057.42,5082.77
317,hard,15,09:46:05,09:46:07,14:35:34,COMPLETED,39297.0,289445.5,2.55,17369.18
920,easy,11,13:11:21,14:35:34,14:35:53,COMPLETED,32196.0,322.3,5053.18,5072.22
715,hard,15,12:22:08,13:16:46,14:37:03,COMPLETED,27635.0,80289.2,3278.25,8095.42
1013,medium,14,13:09:35,14:32:49,14:37:03,COMPLETED,26497.0,4241.4,4994.27,5248.42
958,medium,14,13:04:03,14:26:54,14:37:36,COMPLETED,28343.0,10705.5,4971.17,5613.10
899,medium,13,13:12:40,14:37:09,14:37:36,COMPLETED,30209.0,445.4,5069.82,5096.10
915,medium,13,13:03:51,14:26:34,14:37:42,COMPLETED,30557.0,11138.8,4963.93,5631.67
859,easy,11,13:13:12,14:37:42,14:37:55,COMPLETED,21573.0,222.0,5070.67,5083.78
877,easy,11,13:13:34,14:37:49,14:38:02,COMPLETED,26591.0,217.4,5055.41,5068.11
870,easy,12,13:13:42,14:38:08,14:38:40,COMPLETED,29459.0,543.8,5066.49,5098.60
954,medium,13,13:08:37,14:31:13,14:39:13,COMPLETED,34676.0,7996.6,4956.75,5436.12
977,easy,12,13:13:35,14:38:02,14:40:04,COMPLETED,32757.0,2048.2,5067.11,5189.70
968,easy,12,13:14:33,14:38:47,14:40:04,COMPLETED,34154.0,1297.6,5054.16,5131.70
916,easy,11,13:15:07,14:40:11,14:40:24,COMPLETED,27161.0,228.4,5104.05,5117.27
931,easy,12,13:16:03,14:40:30,14:40:37,COMPLETED,25418.0,119.1,5067.81,5074.44
882,medium,13,13:12:18,14:37:09,14:40:43,COMPLETED,28221.0,3579.8,5091.82,5306.00
940,easy,11,13:16:39,14:40:50,14:41:03,COMPLETED,21191.0,223.4,5051.69,5064.71
683,hard,15,12:20:18,13:15:29,14:41:10,COMPLETED,34639.0,85683.1,3311.34,8452.14
1009,easy,12,13:10:13,14:34:17,14:41:10,COMPLETED,41270.0,6875.8,5044.99,5457.14
850,medium,13,13:12:50,14:37:42,14:41:23,COMPLETED,30491.0,3678.1,5092.67,5313.01
866,easy,12,13:16:44,14:41:10,14:43:12,COMPLETED,29955.0,2044.6,5066.14,5188.47
578,hard,15,11:35:14,12:21:33,14:43:25,COMPLETED,42290.0,141862.0,2779.68,11291.27
967,easy,12,13:18:15,14:43:31,14:44:28,COMPLETED,27850.0,957.0,5116.66,5173.72
1010,easy,12,13:16:45,14:41:16,14:44:35,COMPLETED,36826.0,3315.1,5071.62,5270.11
955,easy,11,13:19:13,14:44:35,14:44:47,COMPLETED,19579.0,220.3,5122.11,5134.99
1014,medium,13,13:19:30,14:44:41,14:45:32,COMPLETED,30872.0,850.7,5111.58,5162.32
978,medium,13,13:09:53,14:33:39,14:45:51,COMPLETED,29237.0,12193.3,5026.97,5758.32
988,easy,12,13:20:46,14:44:54,14:45:57,COMPLETED,22575.0,1060.6,5048.36,5111.66
961,hard,15,13:06:34,14:29:10,14:46:41,COMPLETED,32970.0,17534.2,4956.13,6007.96
846,hard,15,12:55:44,14:13:19,14:46:54,COMPLETED,33039.0,33587.5,4655.64,6670.64
1019,easy,12,13:21:18,14:47:01,14:47:26,COMPLETED,29708.0,427.6,5143.04,5168.35
737,hard,15,12:39:37,13:49:35,14:48:11,COMPLETED,35780.0,58592.3,4198.78,7714.03
863,medium,13,13:16:29,14:40:43,14:48:30,COMPLETED,31394.0,7787.0,5055.00,5521.76
875,easy,12,13:22:02,14:47:32,14:48:37,COMPLETED,25313.0,1086.3,5130.73,5195.33
885,easy,11,13:23:32,14:48:43,14:48:56,COMPLETED,21318.0,222.6,5111.94,5124.89
918,medium,13,13:22:47,14:48:37,14:50:00,COMPLETED,24097.0,1395.4,5150.33,5233.76
856,medium,14,13:21:10,14:45:57,14:50:32,COMPLETED,26497.0,4583.3,5087.66,5362.39
937,easy,12,13:24:39,14:50:07,14:50:32,COMPLETED,22951.0,426.9,5128.09,5153.39
838,medium,14,12:56:30,14:14:16,14:51:48,COMPLETED,43508.0,37545.1,4666.61,6918.98
898,medium,13,13:21:07,14:45:38,14:52:15,COMPLETED,37869.0,6614.3,5071.65,5468.05
925,easy,11,13:26:44,14:52:21,14:52:41,COMPLETED,24868.0,333.1,5137.61,5157.05
742,medium,14,12:34:53,13:34:16,14:52:47,COMPLETED,28346.0,78527.5,3563.35,8274.63
797,medium,14,12:58:23,14:20:06,14:54:05,COMPLETED,32214.0,33988.7,4903.01,6942.15
868,medium,13,13:26:08,14:51:55,14:54:11,COMPLETED,37763.0,2271.8,5147.53,5283.47
890,medium,14,13:14:41,14:39:19,14:54:24,COMPLETED,41761.0,15080.1,5078.67,5983.24
921,easy,12,13:28:42,14:54:11,14:54:30,COMPLETED,30628.0,325.2,5129.47,5148.58
953,easy,11,13:29:55,14:54:37,14:54:56,COMPLETED,26557.0,323.7,5082.03,5101.15
887,easy,11,13:30:00,14:55:02,14:55:15,COMPLETED,20366.0,217.5,5102.49,5115.23
873,medium,13,13:29:54,14:54:30,14:55:53,COMPLETED,31161.0,1383.2,5076.58,5159.27
855,medium,13,13:25:25,14:50:38,14:56:25,COMPLETED,25549.0,5776.7,5113.72,5460.03
998,easy,11,13:30:36,14:56:31,14:56:56,COMPLETED,22599.0,426.7,5155.42,5180.72
941,hard,15,13:11:58,14:35:40,14:57:09,COMPLETED,27412.0,21485.2,5022.56,6311.44
997,medium,13,13:10:45,14:35:27,14:57:15,COMPLETED,38762.0,21804.8,5082.77,6390.76
880,easy,11,13:30:46,14:57:03,14:57:28,COMPLETED,28876.0,430.2,5177.04,5202.53
878,easy,11,13:31:28,14:57:22,14:57:34,COMPLETED,27608.0,217.9,5154.18,5166.90
908,easy,12,13:30:58,14:57:15,14:58:00,COMPLETED,27647.0,748.4,5177.76,5222.34
995,easy,12,13:32:53,14:57:41,14:58:06,COMPLETED,33526.0,430.7,5088.28,5113.71
867,easy,11,13:32:57,14:58:06,14:59:10,COMPLETED,24850.0,1067.5,5109.71,5173.26
975,easy,12,13:33:02,14:58:13,14:59:10,COMPLETED,27762.0,960.7,5111.16,5168.26
68,hard,15,08:26:55,08:26:56,14:59:23,COMPLETED,30825.0,392440.6,1.84,23548.22
871,medium,13,13:29:09,14:54:17,15:00:21,COMPLETED,30339.0,6068.8,5108.89,5472.54
911,easy,12,13:33:44,14:59:16,15:00:34,COMPLETED,27406.0,1302.5,5132.83,5210.72
888,medium,14,13:12:16,14:35:59,15:00:41,COMPLETED,34479.0,24700.0,5023.55,6505.06
960,easy,11,13:34:16,15:00:28,15:00:47,COMPLETED,30209.0,337.3,5172.11,5191.73
933,easy,11,13:34:29,15:00:41,15:00:54,COMPLETED,26051.0,232.0,5172.06,5185.41
993,easy,12,13:36:07,15:00:54,15:01:39,COMPLETED,24304.0,765.8,5087.41,5132.87
980,easy,12,13:34:55,15:00:47,15:02:31,COMPLETED,26278.0,1736.0,5152.73,5256.42
904,medium,14,13:32:06,14:57:34,15:02:37,COMPLETED,30216.0,5060.7,5128.90,5431.96
895,easy,11,13:36:24,15:02:37,15:02:44,COMPLETED,32177.0,116.5,5173.96,5180.62
991,medium,14,13:10:51,14:35:27,15:02:50,COMPLETED,29694.0,27390.6,5076.77,6719.99
1007,easy,11,13:36:28,15:02:44,15:02:57,COMPLETED,23120.0,223.1,5176.62,5189.36
972,easy,12,13:36:33,15:02:50,15:02:57,COMPLETED,27165.0,117.6,5177.99,5184.36
919,easy,11,13:37:24,15:03:04,15:03:17,COMPLETED,27606.0,226.9,5140.09,5153.19
1015,easy,11,13:37:39,15:03:04,15:03:23,COMPLETED,25805.0,332.2,5125.09,5144.77
971,hard,15,13:17:34,14:41:29,15:06:54,COMPLETED,33013.0,25429.1,5035.43,6560.95
894,medium,13,13:38:53,15:07:01,15:07:32,COMPLETED,29824.0,532.6,5288.28,5319.94
802,hard,15,12:30:44,13:24:00,15:07:51,COMPLETED,29438.0,103854.0,3196.84,9427.93
942,medium,14,13:15:50,14:40:11,15:08:04,COMPLETED,30939.0,27894.6,5061.05,6734.61
647,hard,15,11:50:25,12:43:34,15:08:23,COMPLETED,35205.0,144829.0,3189.01,11878.64
897,easy,11,13:39:44,15:08:10,15:08:23,COMPLETED,28203.0,217.0,5306.94,5319.64
785,hard,15,12:03:10,12:51:45,15:08:36,COMPLETED,35465.0,136857.2,2915.03,11126.36
730,hard,15,12:20:27,13:16:07,15:08:36,COMPLETED,34956.0,112485.4,3340.38,10089.36
946,medium,14,13:27:08,14:52:47,15:09:08,COMPLETED,34696.0,16343.7,5139.63,6120.02
1017,medium,14,13:38:02,15:03:30,15:09:20,COMPLETED,29125.0,5847.4,5128.14,5478.72
857,easy,11,13:43:32,15:09:14,15:09:27,COMPLETED,27555.0,218.6,5142.36,5155.05
879,easy,12,13:43:28,15:08:42,15:09:33,COMPLETED,25515.0,851.9,5114.70,5165.51
962,easy,12,13:43:53,15:09:27,15:09:39,COMPLETED,19361.0,219.6,5134.05,5146.89
994,medium,14,13:25:14,14:50:38,15:09:59,COMPLETED,33232.0,19342.3,5124.72,6285.02
981,easy,12,13:39:39,15:07:58,15:09:59,COMPLETED,28498.0,2018.0,5299.26,5420.02
860,easy,12,13:44:50,15:09:39,15:10:05,COMPLETED,25583.0,436.3,5089.89,5115.41
934,easy,12,13:44:51,15:09:46,15:10:31,COMPLETED,21649.0,755.9,5095.26,5140.26
938,easy,11,13:45:45,15:10:12,15:10:31,COMPLETED,25646.0,326.0,5067.11,5086.26
923,easy,12,13:43:58,15:09:33,15:10:50,COMPLETED,24772.0,1291.0,5135.51,5212.68
992,easy,11,13:45:04,15:10:05,15:10:50,COMPLETED,29927.0,758.1,5101.41,5146.68
989,easy,11,13:46:59,15:10:37,15:10:50,COMPLETED,31675.0,220.2,5018.70,5031.68
957,medium,13,13:44:58,15:10:05,15:11:03,COMPLETED,24506.0,972.1,5107.41,5165.45
947,easy,12,13:48:07,15:10:57,15:11:09,COMPLETED,28413.0,217.3,4970.03,4982.79
889,easy,11,13:47:13,15:10:57,15:11:16,COMPLETED,28381.0,324.7,5024.03,5043.17
983,easy,11,13:48:21,15:11:09,15:11:16,COMPLETED,25863.0,112.5,4968.79,4975.17
892,easy,12,13:47:17,15:10:57,15:11:28,COMPLETED,31149.0,536.9,5020.03,5051.99
881,medium,13,13:48:44,15:11:16,15:12:13,COMPLETED,30170.0,958.2,4952.17,5009.36
990,easy,12,13:49:30,15:11:35,15:12:57,COMPLETED,28643.0,1377.6,4925.33,5007.68
902,medium,13,13:49:17,15:11:22,15:15:04,COMPLETED,29908.0,3696.3,4925.56,5147.07
944,medium,13,13:49:40,15:12:19,15:15:04,COMPLETED,32840.0,2744.9,4959.70,5124.07
610,hard,15,11:32:20,12:17:28,15:16:20,COMPLETED,39452.0,178869.6,2708.19,13440.20
1005,medium,13,13:50:03,15:15:10,15:17:05,COMPLETED,26961.0,1930.2,5107.42,5222.74
935,easy,12,13:50:37,15:17:12,15:17:25,COMPLETED,25723.0,224.8,5195.29,5208.28
1008,easy,11,13:50:40,15:17:31,15:17:51,COMPLETED,36825.0,329.3,5211.82,5231.29
337,hard,15,09:17:11,09:17:12,15:19:19,COMPLETED,35842.0,362129.2,1.15,21728.87
1006,medium,13,13:18:14,14:43:18,15:19:26,COMPLETED,36503.0,36128.3,5104.86,7272.26
886,medium,14,13:34:04,14:59:29,15:22:29,COMPLETED,28118.0,23003.8,5125.79,6505.79
499,hard,15,10:34:03,10:47:56,15:22:48,COMPLETED,34337.0,274867.0,833.89,17325.85
884,easy,12,13:50:31,15:16:26,15:23:14,COMPLETED,36491.0,6796.3,5155.75,5563.24
943,easy,11,13:53:24,15:22:55,15:23:20,COMPLETED,34048.0,433.1,5371.18,5396.58
835,hard,15,12:37:13,13:38:04,15:23:27,COMPLETED,38021.0,105382.1,3651.60,9974.22
963,easy,11,13:53:57,15:23:20,15:23:33,COMPLETED,28948.0,231.6,5363.58,5376.88
987,medium,14,13:21:12,14:46:04,15:25:49,COMPLETED,32928.0,39757.5,5092.04,7477.30
976,hard,15,13:30:06,14:55:21,15:25:55,COMPLETED,33706.0,30575.4,5115.56,6949.63
782,hard,15,12:58:23,14:20:50,15:26:08,COMPLETED,32479.0,65301.6,4947.82,8865.67
999,easy,11,13:55:07,15:26:02,15:26:08,COMPLETED,30130.0,113.5,5455.30,5461.67
853,medium,13,13:55:27,15:26:15,15:27:32,COMPLETED,29503.0,1302.1,5448.13,5525.77
974,easy,12,13:54:44,15:25:55,15:28:04,COMPLETED,32908.0,2161.2,5471.63,5600.82
900,medium,13,13:54:35,15:23:40,15:28:30,COMPLETED,28188.0,4848.3,5345.54,5635.97
883,easy,12,13:57:59,15:28:11,15:28:50,COMPLETED,25976.0,663.7,5412.37,5451.69
930,easy,12,13:58:35,15:28:57,15:29:16,COMPLETED,27461.0,332.2,5422.25,5441.84
929,medium,14,13:52:04,15:17:57,15:30:26,COMPLETED,27833.0,12484.0,5153.61,5902.39
905,easy,12,13:58:48,15:30:32,15:31:55,COMPLETED,32992.0,1377.0,5504.72,5587.03
906,easy,11,13:59:18,15:32:01,15:32:07,COMPLETED,24186.0,111.0,5563.37,5569.72
1001,medium,13,13:54:11,15:23:27,15:32:26,COMPLETED,36533.0,8996.9,5356.22,5895.76
927,easy,11,13:59:46,15:32:33,15:32:39,COMPLETED,22136.0,111.0,5567.09,5573.45
864,medium,13,13:58:39,15:29:23,15:33:36,COMPLETED,29270.0,4223.4,5444.20,5697.32
932,medium,14,13:30:08,14:55:59,15:33:42,COMPLETED,31846.0,37721.7,5151.60,7414.64
1147,easy,11,14:01:24,15:33:49,15:34:01,COMPLETED,21706.0,216.4,5545.05,5557.72
1130,easy,11,14:01:26,15:34:08,15:34:27,COMPLETED,26390.0,325.3,5562.06,5581.07
1060,easy,11,14:02:22,15:34:33,15:34:53,COMPLETED,22165.0,335.9,5531.62,5551.25
1102,easy,12,14:00:29,15:33:42,15:35:58,COMPLETED,30591.0,2261.9,5593.64,5729.06
1120,easy,11,14:03:08,15:36:04,15:36:10,COMPLETED,24184.0,117.6,5576.39,5582.95
1132,easy,11,14:03:31,15:36:17,15:36:30,COMPLETED,24834.0,227.4,5566.49,5579.72
1004,hard,15,13:37:12,15:02:57,15:37:41,COMPLETED,26148.0,34740.0,5145.36,7229.55
861,hard,15,13:42:41,15:08:42,15:38:20,COMPLETED,34368.0,29636.8,5161.70,6939.51
1118,easy,11,14:04:46,15:38:27,15:38:40,COMPLETED,26086.0,224.6,5621.11,5634.09
979,medium,14,13:52:31,15:19:26,15:41:46,COMPLETED,34049.0,22335.3,5215.26,6555.13
948,hard,15,13:50:24,15:15:10,15:41:58,COMPLETED,36122.0,26810.1,5086.42,6694.83
1076,easy,11,14:05:22,15:42:05,15:42:11,COMPLETED,25374.0,111.1,5803.16,5809.52
1185,easy,11,14:05:15,15:41:52,15:42:17,COMPLETED,32629.0,429.0,5797.46,5822.85
1022,easy,11,14:05:49,15:42:24,15:42:36,COMPLETED,25721.0,216.4,5795.24,5807.90
985,hard,15,13:53:23,15:22:36,15:42:43,COMPLETED,32875.0,20124.5,5353.12,6560.25
901,medium,14,13:59:59,15:32:45,15:43:08,COMPLETED,30376.0,10386.3,5566.78,6189.69
1034,easy,12,14:06:16,15:42:43,15:43:52,COMPLETED,23263.0,1166.7,5787.25,5856.95
869,hard,15,13:06:46,14:30:02,15:45:53,COMPLETED,39049.0,75865.7,4996.18,9547.97
903,medium,13,13:38:54,15:07:39,15:46:13,COMPLETED,37741.0,38574.8,5325.27,7639.39
851,hard,15,13:50:00,15:13:04,15:48:48,COMPLETED,31404.0,35750.2,4984.02,7128.64
854,medium,14,13:56:24,15:26:15,15:49:01,COMPLETED,30602.0,22783.0,5391.13,6757.81
1188,easy,11,14:08:15,15:48:55,15:49:14,COMPLETED,26116.0,330.1,6040.19,6059.71
1020,easy,12,14:08:32,15:49:08,15:50:06,COMPLETED,23867.0,975.0,6036.35,6094.55
1183,easy,12,14:08:55,15:50:12,15:50:32,COMPLETED,22599.0,331.7,6077.88,6097.29
896,hard,15,13:54:11,15:23:33,15:50:38,COMPLETED,27835.0,27089.8,5362.88,6987.83
825,hard,15,12:49:14,14:03:01,15:52:08,COMPLETED,27027.0,109123.9,4427.30,10974.60
1068,easy,12,14:09:08,15:50:38,15:52:40,COMPLETED,24632.0,2029.5,6090.83,6212.29
1106,easy,12,14:09:51,15:52:14,15:53:05,COMPLETED,23683.0,849.9,6143.93,6194.62
1107,easy,11,14:10:43,15:52:46,15:53:18,COMPLETED,23183.0,532.8,6123.63,6155.31
874,hard,15,13:23:32,14:49:03,15:53:24,COMPLETED,40266.0,64359.0,5131.32,8992.64
1023,easy,12,14:11:22,15:53:31,15:53:50,COMPLETED,27356.0,323.2,6129.02,6148.09
1119,medium,13,14:08:39,15:49:21,15:54:15,COMPLETED,25854.0,4911.7,6042.04,6336.46
1083,easy,12,14:11:13,15:53:24,15:54:40,COMPLETED,29956.0,1273.9,6131.64,6207.77
1145,easy,11,14:12:20,15:54:47,15:54:59,COMPLETED,27375.0,218.6,6147.11,6159.88
1027,medium,13,14:09:27,15:50:45,15:55:06,COMPLETED,31725.0,4353.5,6078.41,6339.24
244,hard,15,09:17:36,09:17:37,15:55:12,COMPLETED,31432.0,397582.8,1.77,23856.68
1158,medium,13,14:12:11,15:53:56,15:55:38,COMPLETED,26119.0,1702.2,6105.44,6207.23
1181,easy,11,14:13:18,15:55:44,15:55:57,COMPLETED,28998.0,218.5,6146.61,6159.37
1105,easy,11,14:13:59,15:56:03,15:56:22,COMPLETED,35291.0,322.0,6124.75,6143.76
1126,easy,12,14:13:04,15:55:12,15:56:41,COMPLETED,25392.0,1493.2,6128.68,6217.98
1011,hard,15,13:46:01,15:10:37,15:57:14,COMPLETED,32405.0,46615.9,5076.70,7873.32
1038,easy,12,14:14:44,15:57:20,15:57:40,COMPLETED,24713.0,329.8,6156.87,6176.31
1092,medium,14,14:04:18,15:37:47,15:57:53,COMPLETED,26719.0,20093.8,5609.89,6815.13
517,medium,14,11:32:55,12:18:51,16:02:28,COMPLETED,42695.0,223627.8,2756.26,16173.78
951,hard,15,13:22:36,14:48:17,16:02:41,COMPLETED,29677.0,74406.3,5141.58,9605.70
1175,easy,11,14:16:01,16:02:48,16:02:54,COMPLETED,20219.0,113.8,6407.24,6413.76
1086,medium,14,14:12:15,15:54:21,16:04:04,COMPLETED,25369.0,9714.7,6126.79,6709.35
893,hard,15,13:10:02,14:33:58,16:04:23,COMPLETED,29899.0,90410.2,5036.97,10461.44
1109,easy,12,14:15:47,16:02:35,16:04:48,COMPLETED,32330.0,2228.9,6408.34,6541.78
1051,medium,13,14:15:29,15:57:59,16:05:52,COMPLETED,41566.0,7877.2,6150.67,6623.03
1097,medium,13,14:14:17,15:56:29,16:06:42,COMPLETED,37397.0,10231.4,6132.09,6745.71
1040,medium,14,14:08:08,15:46:19,16:06:49,COMPLETED,31109.0,20489.9,5891.95,7121.04
1043,medium,13,14:16:55,16:04:29,16:07:33,COMPLETED,27573.0,3065.5,6454.77,6638.41
1100,easy,11,14:18:47,16:07:39,16:07:46,COMPLETED,28382.0,114.6,6532.74,6539.16
1182,easy,12,14:18:04,16:06:49,16:08:18,COMPLETED,30347.0,1500.3,6525.04,6614.55
1044,easy,11,14:19:14,16:08:25,16:08:38,COMPLETED,33412.0,226.8,6551.11,6564.22
1048,easy,11,14:20:09,16:08:44,16:08:57,COMPLETED,25681.0,221.3,6515.77,6528.75
1069,easy,11,14:20:23,16:09:04,16:09:23,COMPLETED,23543.0,328.1,6521.08,6540.25
1025,easy,11,14:20:25,16:09:29,16:09:42,COMPLETED,24965.0,223.9,6544.81,6557.69
1127,medium,14,14:19:07,16:07:52,16:14:39,COMPLETED,30359.0,6785.2,6525.65,6932.46
1146,medium,14,14:16:38,16:03:01,16:17:11,COMPLETED,28443.0,14179.0,6383.09,7233.49
1078,hard,15,14:06:36,15:42:49,16:17:49,COMPLETED,29330.0,35005.3,5773.68,7873.72
1160,easy,11,14:22:08,16:17:56,16:19:05,COMPLETED,38312.0,1166.4,6948.12,7017.79
1036,hard,15,14:05:44,15:42:17,16:20:02,COMPLETED,27881.0,37753.6,5793.85,8058.84
1073,easy,12,14:22:11,16:20:09,16:21:12,COMPLETED,24584.0,1062.1,7078.17,7141.58
1024,easy,12,14:22:11,16:19:12,16:22:09,COMPLETED,28522.0,2961.4,7021.12,7198.51
858,hard,15,13:27:31,14:52:54,16:22:41,COMPLETED,35965.0,89784.7,5123.30,10510.22
746,hard,15,12:16:14,13:08:46,16:23:12,COMPLETED,32653.0,194447.1,3152.12,14818.85
1169,easy,11,14:23:51,16:23:19,16:23:31,COMPLETED,27959.0,217.2,7168.19,7180.91
1134,easy,12,14:23:41,16:22:47,16:23:44,COMPLETED,19196.0,956.3,7146.55,7203.63
1091,easy,12,14:24:12,16:23:50,16:24:16,COMPLETED,25405.0,430.8,7178.95,7204.34
122,hard,15,08:04:40,08:04:44,16:24:22,COMPLETED,30981.0,499635.9,4.80,29982.84
1056,hard,15,14:21:05,16:09:49,16:24:29,COMPLETED,35665.0,14677.6,6524.28,7404.51
1117,easy,12,14:23:38,16:22:15,16:24:29,COMPLETED,33184.0,2235.9,7117.83,7251.51
1123,easy,11,14:25:10,16:24:36,16:24:55,COMPLETED,27319.0,322.0,7166.03,7185.10
1108,easy,11,14:25:01,16:24:29,16:25:07,COMPLETED,28104.0,642.5,7168.51,7206.78
1177,easy,12,14:24:05,16:23:38,16:25:39,COMPLETED,21819.0,2031.1,7173.25,7294.65
1080,medium,13,14:24:13,16:24:22,16:26:38,COMPLETED,29848.0,2258.5,7209.84,7345.06
1094,medium,14,14:14:34,15:56:48,16:27:35,COMPLETED,29537.0,30788.6,6134.31,7981.34
1074,medium,13,14:25:50,16:25:46,16:27:35,COMPLETED,29303.0,1825.3,7196.19,7305.34
1114,easy,11,14:26:31,16:27:41,16:27:48,COMPLETED,22854.0,111.0,7270.74,7277.15
1153,medium,13,14:22:48,16:21:18,16:27:54,COMPLETED,32072.0,6598.1,7110.92,7506.48
1142,easy,11,14:27:08,16:27:54,16:28:00,COMPLETED,26069.0,111.8,7246.48,7252.86
1085,easy,12,14:27:30,16:28:07,16:28:57,COMPLETED,30152.0,848.5,7237.22,7287.83
1096,medium,13,14:25:12,16:25:01,16:29:16,COMPLETED,34566.0,4261.4,7189.43,7444.82
1066,easy,12,14:25:56,16:27:41,16:29:16,COMPLETED,36158.0,1589.8,7305.74,7400.82
1089,easy,11,14:28:26,16:29:04,16:29:23,COMPLETED,32622.0,323.6,7238.15,7257.16
1180,medium,14,14:11:01,15:53:11,16:29:42,COMPLETED,27983.0,36510.5,6130.95,8321.36
1128,easy,11,14:28:29,16:29:23,16:29:48,COMPLETED,32446.0,431.7,7254.16,7279.68
479,hard,15,10:40:41,10:57:27,16:30:45,COMPLETED,32186.0,333304.7,1006.58,21004.87
1042,easy,12,14:28:42,16:29:23,16:30:58,COMPLETED,26610.0,1593.9,7241.16,7336.55
1141,easy,12,14:29:15,16:29:48,16:31:04,COMPLETED,26898.0,1275.6,7233.68,7309.89
1131,easy,11,14:29:50,16:30:52,16:31:04,COMPLETED,24333.0,217.4,7262.20,7274.89
436,hard,15,10:09:48,10:14:54,16:31:11,COMPLETED,32186.0,376280.5,306.46,22883.27
1052,easy,11,14:30:16,16:31:04,16:31:30,COMPLETED,31223.0,429.1,7248.89,7274.33
1154,easy,12,14:30:23,16:31:11,16:31:30,COMPLETED,24573.0,323.1,7248.27,7267.33
1152,easy,11,14:30:46,16:31:17,16:31:36,COMPLETED,27054.0,323.0,7231.67,7250.68
1031,medium,14,14:27:23,16:28:00,16:31:49,COMPLETED,34458.0,3816.0,7237.86,7466.53
1149,easy,11,14:30:47,16:31:36,16:31:49,COMPLETED,28578.0,219.5,7249.68,7262.53
1110,easy,12,14:31:30,16:31:43,16:32:02,COMPLETED,28555.0,328.6,7213.09,7232.29
1095,easy,12,14:31:39,16:31:55,16:32:02,COMPLETED,20873.0,115.9,7216.89,7223.29
936,medium,14,13:36:12,15:01:01,16:32:21,COMPLETED,30686.0,91346.6,5089.03,10569.59
1032,medium,13,14:25:27,16:25:14,16:32:28,COMPLETED,31580.0,7240.1,7187.10,7621.16
1053,hard,15,14:25:52,16:26:44,16:32:34,COMPLETED,26357.0,5845.4,7252.40,7602.59
1155,easy,11,14:32:02,16:31:55,16:32:47,COMPLETED,31204.0,873.1,7193.89,7245.85
1143,easy,11,14:33:13,16:32:28,16:32:47,COMPLETED,28179.0,336.7,7155.16,7174.85
1071,easy,11,14:33:48,16:32:41,16:32:54,COMPLETED,26362.0,225.5,7133.24,7146.42
959,medium,14,13:49:16,15:11:22,16:33:07,COMPLETED,39949.0,81752.5,4926.56,9831.43
1098,easy,11,14:34:51,16:32:54,16:33:07,COMPLETED,21446.0,225.2,7083.42,7096.43
1139,easy,11,14:33:48,16:32:34,16:33:14,COMPLETED,30851.0,662.9,7126.59,7166.01
1150,easy,12,14:34:50,16:32:54,16:33:59,COMPLETED,26850.0,1086.6,7084.42,7149.15
1061,medium,14,14:36:16,16:33:20,16:34:12,COMPLETED,26690.0,870.8,7024.42,7076.18
1087,easy,12,14:35:07,16:33:14,16:34:31,COMPLETED,35741.0,1299.3,7087.01,7164.68
1124,easy,11,14:36:51,16:34:05,16:34:44,COMPLETED,30072.0,658.0,7034.69,7073.66
1162,medium,13,14:35:05,16:33:00,16:34:51,COMPLETED,32366.0,1845.5,7075.81,7186.23
1151,easy,12,14:32:19,16:32:08,16:35:04,COMPLETED,34398.0,2926.5,7189.89,7365.20
1176,medium,13,14:37:16,16:34:38,16:35:04,COMPLETED,24116.0,442.0,7042.02,7068.20
1167,easy,11,14:37:38,16:34:57,16:35:04,COMPLETED,25776.0,116.0,7039.60,7046.20
1049,medium,13,14:36:08,16:33:14,16:35:17,COMPLETED,30591.0,2062.8,7026.01,7149.37
1125,hard,15,14:17:23,16:05:58,16:35:23,COMPLETED,32424.0,29435.2,6515.36,8280.92
1173,easy,11,14:38:23,16:35:10,16:35:23,COMPLETED,30604.0,233.4,7007.58,7020.92
1050,easy,12,14:38:25,16:35:10,16:35:37,COMPLETED,27950.0,446.9,7005.58,7032.02
1075,easy,11,14:40:06,16:35:30,16:35:43,COMPLETED,26224.0,225.3,6924.65,6937.57
1122,easy,12,14:40:28,16:35:30,16:36:03,COMPLETED,24921.0,551.8,6902.65,6935.30
1101,easy,12,14:37:19,16:34:51,16:36:29,COMPLETED,36258.0,1639.1,7052.23,7150.30
1112,easy,12,14:40:52,16:36:09,16:36:29,COMPLETED,23128.0,329.4,6917.85,6937.30
1099,hard,15,14:21:14,16:14:45,16:40:44,COMPLETED,29928.0,25979.7,6811.79,8370.30
1179,medium,14,14:13:08,15:55:19,16:41:15,COMPLETED,39824.0,45952.0,6131.08,8887.99
970,hard,15,13:56:31,15:27:39,16:41:22,COMPLETED,33736.0,73720.4,5468.32,9891.32
1037,easy,11,14:41:41,16:41:22,16:42:06,COMPLETED,25111.0,743.9,7181.32,7225.64
1137,medium,14,14:05:05,15:38:46,16:42:12,COMPLETED,34099.0,63443.8,5621.62,9427.99
692,hard,15,12:44:57,13:59:06,16:42:44,COMPLETED,39129.0,163637.2,4449.55,14267.68
1063,medium,13,14:43:05,16:42:19,16:43:23,COMPLETED,28842.0,1072.9,7154.39,7218.26
1082,medium,14,14:28:50,16:29:29,16:44:02,COMPLETED,33285.0,14548.6,7239.61,8112.15
1058,medium,13,14:36:58,16:34:18,16:45:32,COMPLETED,28615.0,11236.0,7040.71,7714.48
1129,easy,11,14:44:30,16:45:39,16:45:52,COMPLETED,24459.0,224.5,7269.03,7282.00
1028,easy,12,14:43:45,16:44:08,16:46:30,COMPLETED,33604.0,2375.4,7223.70,7365.73
1090,medium,13,14:43:12,16:42:51,16:47:16,COMPLETED,30457.0,4426.5,7179.01,7444.13
1021,medium,14,14:42:24,16:41:28,16:47:35,COMPLETED,28064.0,6124.4,7144.71,7511.71
1165,easy,12,14:44:53,16:46:37,16:47:42,COMPLETED,31868.0,1090.7,7304.29,7369.25
1157,medium,14,14:42:55,16:42:12,16:47:48,COMPLETED,33932.0,5602.0,7157.99,7493.78
1077,easy,12,14:46:12,16:47:48,16:47:55,COMPLETED,30040.0,116.5,7296.78,7303.17
1046,easy,12,14:45:35,16:47:42,16:48:14,COMPLETED,28444.0,552.9,7327.25,7359.95
1164,hard,15,14:40:51,16:35:50,16:48:21,COMPLETED,32265.0,12530.2,6899.22,7650.48
1035,easy,11,14:46:59,16:48:21,16:48:34,COMPLETED,28286.0,230.2,7282.48,7295.76
1111,medium,14,14:30:52,16:31:36,16:49:57,COMPLETED,25938.0,18352.1,7244.68,8345.57
1148,hard,15,14:06:37,15:43:15,16:50:03,COMPLETED,32233.0,66820.5,5798.01,9806.96
723,medium,14,12:03:35,12:52:10,16:50:29,COMPLETED,35887.0,238313.0,2915.77,17214.47
1168,easy,12,14:47:18,16:50:03,16:50:35,COMPLETED,28151.0,537.5,7365.96,7397.85
1186,easy,12,14:47:37,16:50:35,16:50:54,COMPLETED,29256.0,323.6,7378.85,7397.96
1171,easy,12,14:48:40,16:50:42,16:51:32,COMPLETED,28297.0,849.5,7322.25,7372.91
1170,easy,11,14:49:45,16:51:39,16:51:51,COMPLETED,32079.0,216.4,7314.25,7326.94
1057,easy,11,14:51:29,16:51:58,16:52:04,COMPLETED,22893.0,111.5,7229.26,7235.62
1103,easy,11,14:51:38,16:52:10,16:52:23,COMPLETED,33772.0,216.2,7232.97,7245.65
1064,easy,11,14:51:56,16:52:29,16:52:42,COMPLETED,23660.0,216.1,7233.97,7246.63
1116,medium,13,14:32:10,16:32:08,16:53:07,COMPLETED,42917.0,20988.3,7198.89,8457.95
1033,medium,13,14:54:51,16:53:14,16:54:24,COMPLETED,20868.0,1173.2,7103.28,7173.18
1189,easy,12,14:48:46,16:51:01,16:54:43,COMPLETED,37084.0,3718.4,7335.29,7557.86
1079,easy,11,14:55:01,16:54:50,16:55:03,COMPLETED,23258.0,227.1,7189.46,7202.60
1065,easy,12,14:55:05,16:55:10,16:55:41,COMPLETED,30299.0,539.4,7205.13,7237.00
1166,medium,14,14:25:04,16:24:36,16:55:54,COMPLETED,30413.0,31320.3,7172.03,9050.89
1161,easy,12,14:55:10,16:55:48,16:56:21,COMPLETED,29477.0,550.3,7238.53,7271.07
1136,medium,14,14:52:15,16:52:48,16:56:53,COMPLETED,34378.0,4084.3,7233.96,7478.73
1045,medium,14,14:47:27,16:50:10,16:58:11,COMPLETED,20684.0,8019.6,7363.42,7844.12
949,hard,15,13:36:16,15:01:46,16:58:17,COMPLETED,31096.0,116526.9,5130.41,12121.68
1113,easy,12,14:57:49,16:58:24,16:59:34,COMPLETED,27367.0,1175.1,7235.33,7305.55
1067,easy,12,14:59:17,16:59:40,17:01:28,COMPLETED,38251.0,1798.5,7223.88,7331.49
1072,medium,13,14:57:48,16:58:17,17:01:41,COMPLETED,28683.0,3397.3,7229.68,7433.17
1159,medium,14,14:57:14,16:57:00,17:03:10,COMPLETED,29537.0,6172.4,7186.06,7556.09
1326,easy,12,15:00:07,17:03:16,17:03:54,COMPLETED,29314.0,638.3,7389.45,7427.44
1236,easy,11,15:00:53,17:04:00,17:04:13,COMPLETED,26519.0,216.2,7387.77,7400.44
1282,easy,11,15:01:24,17:04:19,17:04:32,COMPLETED,23483.0,216.4,7375.77,7388.45
1310,easy,12,15:02:01,17:04:38,17:06:21,COMPLETED,26646.0,1723.2,7357.78,7460.67
1250,easy,12,15:02:10,17:06:28,17:07:19,COMPLETED,27295.0,866.5,7458.21,7509.69
872,medium,14,13:59:19,15:32:14,17:09:10,COMPLETED,24009.0,96937.9,5575.05,11391.04
1081,hard,15,14:44:35,16:45:58,17:09:29,COMPLETED,31709.0,23526.9,7283.54,8694.75
1030,hard,15,14:21:16,16:17:17,17:11:26,COMPLETED,27020.0,54145.8,6961.89,10210.44
1309,easy,11,15:05:59,17:11:32,17:11:51,COMPLETED,28105.0,323.5,7533.76,7552.79
1133,medium,14,14:15:24,15:57:46,17:13:33,COMPLETED,39675.0,75779.8,6142.68,10689.27
928,hard,15,13:37:49,15:03:23,17:14:11,COMPLETED,26271.0,130793.9,5134.77,12982.27
1029,medium,14,14:59:55,17:01:47,17:14:11,COMPLETED,35150.0,12400.1,7312.55,8056.27
1298,easy,12,15:06:11,17:11:58,17:14:11,COMPLETED,27363.0,2223.1,7547.20,7680.27
1343,easy,12,15:08:24,17:13:39,17:14:24,COMPLETED,23884.0,745.0,7515.61,7560.03
1217,easy,11,15:09:12,17:14:17,17:14:30,COMPLETED,26412.0,217.7,7505.61,7518.36
1313,medium,14,15:05:50,17:09:36,17:16:11,COMPLETED,29222.0,6598.0,7426.31,7821.82
1055,medium,14,14:29:16,16:29:55,17:16:24,COMPLETED,32011.0,46500.3,7239.11,10028.94
1331,medium,14,15:09:00,17:14:17,17:17:16,COMPLETED,27229.0,2986.0,7517.61,7696.31
1337,easy,12,15:10:25,17:16:18,17:17:55,COMPLETED,27665.0,1625.2,7553.27,7650.29
1241,easy,11,15:11:52,17:18:01,17:18:27,COMPLETED,24283.0,436.6,7569.84,7595.53
693,hard,15,12:32:12,13:26:58,17:18:53,COMPLETED,39567.0,231919.0,3286.57,17201.57
1335,easy,12,15:12:08,17:18:34,17:19:25,COMPLETED,27293.0,873.2,7586.08,7637.97
1221,easy,11,15:12:49,17:19:32,17:19:45,COMPLETED,26264.0,223.4,7603.51,7616.42
1174,medium,14,14:40:43,16:35:43,17:20:04,COMPLETED,35759.0,44360.9,6900.57,9561.89
1320,easy,11,15:13:22,17:20:11,17:20:24,COMPLETED,24792.0,224.0,7609.44,7622.37
1329,easy,11,15:13:28,17:20:30,17:20:50,COMPLETED,28895.0,334.1,7622.93,7642.60
1244,easy,12,15:13:17,17:19:51,17:20:57,COMPLETED,24767.0,1094.0,7594.96,7660.01
1273,medium,13,15:13:51,17:20:57,17:21:35,COMPLETED,26339.0,657.5,7626.01,7664.98
1289,easy,12,15:14:05,17:21:03,17:22:01,COMPLETED,29058.0,980.0,7618.65,7676.95
1192,medium,14,15:09:47,17:14:30,17:23:31,COMPLETED,30457.0,9021.7,7483.36,8024.38
1196,medium,13,15:10:48,17:16:31,17:23:37,COMPLETED,27547.0,7113.0,7543.27,7969.71
1327,easy,11,15:15:09,17:23:37,17:23:44,COMPLETED,23248.0,112.2,7708.71,7715.10
1257,medium,14,15:09:30,17:14:17,17:24:03,COMPLETED,30981.0,9762.5,7487.61,8073.15
1190,easy,11,15:15:29,17:23:50,17:24:03,COMPLETED,31877.0,216.6,7701.48,7714.15
1319,easy,11,15:16:21,17:24:09,17:24:15,COMPLETED,30192.0,111.3,7668.49,7674.88
1256,easy,11,15:15:20,17:23:44,17:24:41,COMPLETED,32476.0,959.6,7704.10,7761.33
388,hard,15,10:39:49,10:56:43,17:25:00,COMPLETED,35957.0,388288.2,1014.25,24311.49
1231,easy,12,15:17:03,17:24:09,17:25:25,COMPLETED,30243.0,1277.0,7626.49,7702.84
1249,easy,12,15:20:04,17:25:06,17:25:32,COMPLETED,29619.0,427.8,7502.86,7528.19
1280,medium,13,15:14:13,17:22:08,17:25:38,COMPLETED,29071.0,3506.3,7675.50,7885.56
1026,hard,15,14:54:54,16:54:30,17:27:00,COMPLETED,35474.0,32504.1,7176.71,9126.73
1140,hard,15,14:12:51,15:55:06,17:27:13,COMPLETED,32499.0,92124.5,6135.24,11662.44
1336,easy,11,15:22:09,17:27:19,17:27:38,COMPLETED,26750.0,321.6,7510.98,7529.96
1300,easy,11,15:21:51,17:27:07,17:27:45,COMPLETED,32682.0,645.7,7516.06,7554.30
685,hard,15,12:49:11,14:02:48,17:30:55,COMPLETED,27896.0,208115.9,4417.59,16904.47
1135,hard,15,14:59:30,17:01:34,17:31:39,COMPLETED,39614.0,30085.2,7324.82,9129.69
1211,easy,12,15:22:24,17:31:01,17:31:58,COMPLETED,29190.0,953.3,7717.79,7774.69
1328,easy,12,15:22:41,17:31:46,17:32:11,COMPLETED,20621.0,427.6,7745.02,7770.37
1240,easy,11,15:22:43,17:32:05,17:32:17,COMPLETED,30645.0,217.2,7762.02,7774.71
1084,medium,14,14:56:30,16:56:27,17:32:24,COMPLETED,27863.0,35945.9,7197.60,9354.08
1267,medium,13,15:20:48,17:25:38,17:32:43,COMPLETED,28199.0,7081.5,7490.56,7915.18
1275,easy,11,15:22:53,17:32:49,17:33:08,COMPLETED,28749.0,332.4,7796.51,7815.95
1239,medium,13,15:22:52,17:32:30,17:33:22,COMPLETED,26276.0,866.2,7778.46,7830.14
1205,easy,12,15:23:54,17:33:15,17:34:26,COMPLETED,32800.0,1184.0,7761.50,7832.26
1210,medium,14,15:12:45,17:19:00,17:34:45,COMPLETED,31181.0,15766.3,7575.15,8520.71
1253,easy,11,15:24:47,17:34:52,17:34:58,COMPLETED,25103.0,111.5,7805.25,7811.64
1308,easy,11,15:24:09,17:34:32,17:35:11,COMPLETED,29687.0,652.7,7823.58,7862.42
1202,easy,12,15:25:04,17:35:17,17:35:24,COMPLETED,29475.0,114.6,7813.78,7820.22
1260,hard,15,15:14:06,17:21:42,17:35:49,COMPLETED,31647.0,14123.8,7656.51,8503.68
1258,easy,12,15:25:55,17:35:56,17:36:08,COMPLETED,30395.0,216.2,7801.02,7813.69
1213,medium,13,15:22:17,17:27:45,17:36:34,COMPLETED,31839.0,8816.1,7528.30,8057.00
1272,medium,14,15:22:46,17:32:24,17:36:46,COMPLETED,31065.0,4382.2,7778.08,8040.68
1233,medium,13,15:27:00,17:36:53,17:37:31,COMPLETED,26769.0,638.8,7793.06,7831.09
1330,easy,12,15:26:43,17:36:15,17:38:02,COMPLETED,25157.0,1802.1,7772.02,7879.82
1254,medium,13,15:24:55,17:35:04,17:38:15,COMPLETED,28706.0,3181.1,7809.97,8000.54
1340,easy,12,15:28:35,17:38:21,17:39:06,COMPLETED,34337.0,743.8,7786.88,7831.15
910,hard,15,13:10:42,14:34:37,17:44:01,COMPLETED,30540.0,189409.9,5035.06,16399.49
1093,hard,15,14:39:44,16:35:10,17:44:53,COMPLETED,31745.0,69717.3,6926.58,11109.63
747,hard,15,12:52:12,14:07:09,17:45:12,COMPLETED,31694.0,218045.3,4497.91,17580.64
1238,easy,12,15:29:09,17:44:59,17:46:17,COMPLETED,30138.0,1304.7,8150.95,8228.73
1054,medium,14,14:46:46,16:48:01,17:47:47,COMPLETED,33712.0,59756.5,7275.82,10861.01
1290,easy,11,15:29:39,17:47:53,17:48:18,COMPLETED,24761.0,426.9,8294.35,8319.65
1276,medium,14,15:28:32,17:38:09,17:49:59,COMPLETED,32850.0,11849.3,7777.19,8487.79
1223,easy,12,15:29:46,17:48:24,17:49:59,COMPLETED,28088.0,1586.8,8318.98,8413.79
1251,medium,13,15:29:51,17:50:06,17:50:56,COMPLETED,31907.0,848.9,8415.21,8465.84
1262,easy,12,15:29:18,17:46:24,17:52:32,COMPLETED,33874.0,6148.3,8226.29,8594.70
1184,hard,15,14:07:52,15:43:59,17:53:30,COMPLETED,39742.0,129530.8,5767.28,13538.88
1187,medium,14,14:41:11,16:36:35,17:53:30,COMPLETED,35552.0,76924.9,6924.63,11539.88
1232,easy,11,15:31:38,17:53:37,17:53:50,COMPLETED,24002.0,228.0,8519.47,8532.74
1295,easy,12,15:32:06,17:53:57,17:54:23,COMPLETED,24415.0,446.4,8511.29,8537.57
1229,medium,14,15:04:08,17:09:16,17:54:36,COMPLETED,32847.0,45336.9,7508.62,10228.48
1144,hard,15,14:43:39,16:43:29,17:54:49,COMPLETED,31608.0,71331.0,7190.82,11470.39
1274,easy,11,15:33:08,17:54:30,17:54:49,COMPLETED,24050.0,330.2,8482.12,8501.39
1345,easy,11,15:33:19,17:54:43,17:54:55,COMPLETED,32399.0,226.7,8484.03,8496.98
1215,easy,11,15:33:23,17:54:55,17:55:21,COMPLETED,36218.0,442.2,8492.98,8518.98
1350,medium,13,15:33:39,17:54:55,17:56:01,COMPLETED,27064.0,1099.2,8476.98,8542.32
1317,medium,13,15:33:42,17:55:02,17:56:40,COMPLETED,31961.0,1630.6,8480.67,8578.21
1194,easy,12,15:34:30,17:56:08,17:56:40,COMPLETED,25492.0,540.3,8498.11,8530.21
1104,hard,15,14:47:06,16:48:41,17:59:45,COMPLETED,36039.0,71068.4,7295.35,11559.26
24,hard,15,08:21:18,08:21:20,18:00:00,UNFINISHED,-1,-1,-1
291,hard,15,09:04:30,09:04:35,18:00:00,UNFINISHED,-1,-1,-1
284,hard,15,09:09:19,09:09:20,18:00:00,UNFINISHED,-1,-1,-1
213,hard,15,09:28:53,09:28:55,18:00:00,UNFINISHED,-1,-1,-1
298,hard,15,09:38:20,09:38:20,18:00:00,UNFINISHED,-1,-1,-1
243,hard,15,09:40:37,09:40:41,18:00:00,UNFINISHED,-1,-1,-1
352,hard,15,10:00:19,10:08:22,18:00:00,UNFINISHED,-1,-1,-1
426,hard,15,10:22:10,10:28:25,18:00:00,UNFINISHED,-1,-1,-1
507,hard,15,10:52:31,11:18:49,18:00:00,UNFINISHED,-1,-1,-1
584,hard,15,11:00:18,11:32:04,18:00:00,UNFINISHED,-1,-1,-1
606,hard,15,11:02:50,11:37:31,18:00:00,UNFINISHED,-1,-1,-1
535,hard,15,11:21:12,12:02:44,18:00:00,UNFINISHED,-1,-1,-1
745,medium,14,12:06:33,12:52:55,18:00:00,UNFINISHED,-1,-1,-1
812,hard,15,12:08:33,12:57:08,18:00:00,UNFINISHED,-1,-1,-1
824,hard,15,12:18:38,13:14:44,18:00:00,UNFINISHED,-1,-1,-1
790,hard,15,12:45:35,13:59:38,18:00:00,UNFINISHED,-1,-1,-1
759,hard,15,12:53:55,14:09:57,18:00:00,UNFINISHED,-1,-1,-1
986,hard,15,13:00:03,14:23:42,18:00:00,UNFINISHED,-1,-1,-1
1003,hard,15,13:07:17,14:30:28,18:00:00,UNFINISHED,-1,-1,-1
922,hard,15,13:17:34,14:41:16,18:00:00,UNFINISHED,-1,-1,-1
965,hard,15,13:21:15,14:46:48,18:00:00,UNFINISHED,-1,-1,-1
950,hard,15,13:33:22,14:59:16,18:00:00,UNFINISHED,-1,-1,-1
862,hard,15,13:40:22,15:08:29,18:00:00,UNFINISHED,-1,-1,-1
982,hard,15,13:41:31,15:08:29,18:00:00,UNFINISHED,-1,-1,-1
964,hard,15,13:53:22,15:19:32,18:00:00,UNFINISHED,-1,-1,-1
891,medium,14,13:58:18,15:28:37,18:00:00,UNFINISHED,-1,-1,-1
1059,hard,15,14:02:40,15:34:59,18:00:00,UNFINISHED,-1,-1,-1
1121,hard,15,14:04:06,15:36:37,18:00:00,UNFINISHED,-1,-1,-1
1156,medium,14,14:08:02,15:46:00,18:00:00,UNFINISHED,-1,-1,-1
1088,hard,15,14:16:47,16:04:10,18:00:00,UNFINISHED,-1,-1,-1
1172,hard,15,14:17:00,16:04:55,18:00:00,UNFINISHED,-1,-1,-1
1047,hard,15,14:18:41,16:06:55,18:00:00,UNFINISHED,-1,-1,-1
1062,hard,15,14:30:27,16:31:11,18:00:00,UNFINISHED,-1,-1,-1
1115,hard,15,14:40:02,16:35:23,18:00:00,UNFINISHED,-1,-1,-1
1178,hard,15,14:41:02,16:36:35,18:00:00,UNFINISHED,-1,-1,-1
1163,hard,15,14:41:22,16:40:50,18:00:00,UNFINISHED,-1,-1,-1
1070,hard,15,14:45:04,16:47:22,18:00:00,UNFINISHED,-1,-1,-1
1041,hard,15,14:46:46,16:47:55,18:00:00,UNFINISHED,-1,-1,-1
1138,medium,14,14:47:06,16:48:28,18:00:00,UNFINISHED,-1,-1,-1
1039,hard,15,14:55:10,16:56:01,18:00:00,UNFINISHED,-1,-1,-1
1269,hard,15,15:03:54,17:07:26,18:00:00,UNFINISHED,-1,-1,-1
1214,medium,14,15:10:00,17:14:36,18:00:00,UNFINISHED,-1,-1,-1
1279,hard,15,15:11:43,17:17:22,18:00:00,UNFINISHED,-1,-1,-1
1193,hard,15,15:17:17,17:24:22,18:00:00,UNFINISHED,-1,-1,-1
1333,hard,15,15:18:12,17:24:47,18:00:00,UNFINISHED,-1,-1,-1
1245,medium,14,15:20:35,17:25:32,18:00:00,UNFINISHED,-1,-1,-1
1318,hard,15,15:21:34,17:25:44,18:00:00,UNFINISHED,-1,-1,-1
1299,hard,15,15:22:19,17:27:51,18:00:00,UNFINISHED,-1,-1,-1
1208,hard,15,15:22:43,17:32:17,18:00:00,UNFINISHED,-1,-1,-1
1303,hard,15,15:24:02,17:33:28,18:00:00,UNFINISHED,-1,-1,-1
1246,hard,15,15:25:09,17:35:30,18:00:00,UNFINISHED,-1,-1,-1
1268,hard,15,15:26:57,17:36:40,18:00:00,UNFINISHED,-1,-1,-1
1347,hard,15,15:27:04,17:37:37,18:00:00,UNFINISHED,-1,-1,-1
1302,medium,14,15:28:46,17:39:12,18:00:00,UNFINISHED,-1,-1,-1
1314,hard,15,15:28:55,17:44:08,18:00:00,UNFINISHED,-1,-1,-1
1195,medium,14,15:29:12,17:45:18,18:00:00,UNFINISHED,-1,-1,-1
1198,hard,15,15:30:20,17:50:06,18:00:00,UNFINISHED,-1,-1,-1
1351,medium,14,15:30:30,17:51:03,18:00:00,UNFINISHED,-1,-1,-1
1312,hard,15,15:30:33,17:52:39,18:00:00,UNFINISHED,-1,-1,-1
1353,hard,15,15:31:09,17:53:37,18:00:00,UNFINISHED,-1,-1,-1
1358,medium,14,15:34:24,17:55:28,18:00:00,UNFINISHED,-1,-1,-1
1342,medium,13,15:34:41,17:56:46,18:00:00,UNFINISHED,-1,-1,-1
1255,medium,13,15:34:47,17:56:46,18:00:00,UNFINISHED,-1,-1,-1
1263,easy,12,15:35:23,17:59:51,18:00:00,UNFINISHED,-1,-1,-1
1212,easy,12,15:35:47,-,-,IGNORED,-1,-1
1271,medium,14,15:35:53,-,-,IGNORED,-1,-1
1294,easy,12,15:36:01,-,-,IGNORED,-1,-1
1199,medium,14,15:36:06,-,-,IGNORED,-1,-1
1341,easy,11,15:36:11,-,-,IGNORED,-1,-1
1286,medium,14,15:36:25,-,-,IGNORED,-1,-1
1301,hard,15,15:36:50,-,-,IGNORED,-1,-1
1323,easy,11,15:36:52,-,-,IGNORED,-1,-1
1224,easy,11,15:36:54,-,-,IGNORED,-1,-1
1293,hard,15,15:37:00,-,-,IGNORED,-1,-1
1243,easy,12,15:37:43,-,-,IGNORED,-1,-1
1306,medium,13,15:37:47,-,-,IGNORED,-1,-1
1332,medium,14,15:37:52,-,-,IGNORED,-1,-1
1357,easy,11,15:38:40,-,-,IGNORED,-1,-1
1206,hard,15,15:39:23,-,-,IGNORED,-1,-1
1261,easy,12,15:39:33,-,-,IGNORED,-1,-1
1218,medium,13,15:39:50,-,-,IGNORED,-1,-1
1359,medium,13,15:39:55,-,-,IGNORED,-1,-1
1284,hard,15,15:40:17,-,-,IGNORED,-1,-1
1216,easy,11,15:40:19,-,-,IGNORED,-1,-1
1247,easy,11,15:40:19,-,-,IGNORED,-1,-1
1281,medium,13,15:40:39,-,-,IGNORED,-1,-1
1322,medium,13,15:41:59,-,-,IGNORED,-1,-1
1283,easy,12,15:42:00,-,-,IGNORED,-1,-1
1297,medium,14,15:42:10,-,-,IGNORED,-1,-1
1356,medium,13,15:42:45,-,-,IGNORED,-1,-1
1220,hard,15,15:42:52,-,-,IGNORED,-1,-1
1270,easy,12,15:44:09,-,-,IGNORED,-1,-1
1316,easy,11,15:44:32,-,-,IGNORED,-1,-1
1288,medium,13,15:44:34,-,-,IGNORED,-1,-1
1352,easy,12,15:44:35,-,-,IGNORED,-1,-1
1346,medium,14,15:44:35,-,-,IGNORED,-1,-1
1201,easy,11,15:45:27,-,-,IGNORED,-1,-1
1291,medium,13,15:45:37,-,-,IGNORED,-1,-1
1296,medium,13,15:45:51,-,-,IGNORED,-1,-1
1277,easy,12,15:46:12,-,-,IGNORED,-1,-1
1339,hard,15,15:46:19,-,-,IGNORED,-1,-1
1228,medium,14,15:46:21,-,-,IGNORED,-1,-1
1248,easy,11,15:46:44,-,-,IGNORED,-1,-1
1349,medium,14,15:46:51,-,-,IGNORED,-1,-1
1227,medium,14,15:47:17,-,-,IGNORED,-1,-1
1325,easy,11,15:48:14,-,-,IGNORED,-1,-1
1203,hard,15,15:48:34,-,-,IGNORED,-1,-1
1287,easy,12,15:48:37,-,-,IGNORED,-1,-1
1230,easy,12,15:49:02,-,-,IGNORED,-1,-1
1266,medium,14,15:49:44,-,-,IGNORED,-1,-1
1237,easy,12,15:50:02,-,-,IGNORED,-1,-1
1234,easy,11,15:50:30,-,-,IGNORED,-1,-1
1292,medium,13,15:50:44,-,-,IGNORED,-1,-1
1265,easy,12,15:51:31,-,-,IGNORED,-1,-1
1334,easy,12,15:51:32,-,-,IGNORED,-1,-1
1315,medium,13,15:51:34,-,-,IGNORED,-1,-1
1191,easy,11,15:51:41,-,-,IGNORED,-1,-1
1305,easy,11,15:51:51,-,-,IGNORED,-1,-1
1222,easy,12,15:52:18,-,-,IGNORED,-1,-1
1285,hard,15,15:52:29,-,-,IGNORED,-1,-1
1307,hard,15,15:52:51,-,-,IGNORED,-1,-1
1321,medium,13,15:52:56,-,-,IGNORED,-1,-1
1348,medium,13,15:53:05,-,-,IGNORED,-1,-1
1354,easy,12,15:53:49,-,-,IGNORED,-1,-1
1355,medium,14,15:54:23,-,-,IGNORED,-1,-1
1344,easy,11,15:54:28,-,-,IGNORED,-1,-1
1197,easy,11,15:54:36,-,-,IGNORED,-1,-1
1209,easy,12,15:54:51,-,-,IGNORED,-1,-1
1204,easy,11,15:54:55,-,-,IGNORED,-1,-1
1207,medium,13,15:55:01,-,-,IGNORED,-1,-1
1324,hard,15,15:55:14,-,-,IGNORED,-1,-1
1252,easy,12,15:55:25,-,-,IGNORED,-1,-1
1264,hard,15,15:55:33,-,-,IGNORED,-1,-1
1304,medium,13,15:55:35,-,-,IGNORED,-1,-1
1278,easy,12,15:56:00,-,-,IGNORED,-1,-1
1200,hard,15,15:56:43,-,-,IGNORED,-1,-1
1235,easy,12,15:57:36,-,-,IGNORED,-1,-1
1259,easy,11,15:57:58,-,-,IGNORED,-1,-1
1311,medium,14,15:58:25,-,-,IGNORED,-1,-1
1338,medium,13,15:58:38,-,-,IGNORED,-1,-1
1242,medium,14,15:59:14,-,-,IGNORED,-1,-1
1219,easy,12,15:59:14,-,-,IGNORED,-1,-1
1225,easy,12,15:59:47,-,-,IGNORED,-1,-1
1226,medium,13,15:59:49,-,-,IGNORED,-1,-1
1415,easy,11,16:00:18,-,-,IGNORED,-1,-1
1410,easy,12,16:00:41,-,-,IGNORED,-1,-1
1517,easy,11,16:00:55,-,-,IGNORED,-1,-1
1496,hard,15,16:01:21,-,-,IGNORED,-1,-1
1442,medium,13,16:01:31,-,-,IGNORED,-1,-1
1476,easy,12,16:01:40,-,-,IGNORED,-1,-1
1480,medium,13,16:03:47,-,-,IGNORED,-1,-1
1381,hard,15,16:03:55,-,-,IGNORED,-1,-1
1368,medium,13,16:03:59,-,-,IGNORED,-1,-1
1428,medium,13,16:04:12,-,-,IGNORED,-1,-1
1492,easy,11,16:04:59,-,-,IGNORED,-1,-1
1511,medium,13,16:05:12,-,-,IGNORED,-1,-1
1494,easy,11,16:05:13,-,-,IGNORED,-1,-1
1462,easy,12,16:05:33,-,-,IGNORED,-1,-1
1455,medium,14,16:06:00,-,-,IGNORED,-1,-1
1372,hard,15,16:06:37,-,-,IGNORED,-1,-1
1506,hard,15,16:06:52,-,-,IGNORED,-1,-1
1500,easy,11,16:07:45,-,-,IGNORED,-1,-1
1515,hard,15,16:08:17,-,-,IGNORED,-1,-1
1409,medium,13,16:08:17,-,-,IGNORED,-1,-1
1387,hard,15,16:08:29,-,-,IGNORED,-1,-1
1378,medium,13,16:09:02,-,-,IGNORED,-1,-1
1444,easy,11,16:09:31,-,-,IGNORED,-1,-1
1396,medium,14,16:09:44,-,-,IGNORED,-1,-1
1389,easy,11,16:09:58,-,-,IGNORED,-1,-1
1454,medium,13,16:10:28,-,-,IGNORED,-1,-1
1514,medium,14,16:11:40,-,-,IGNORED,-1,-1
1518,easy,11,16:11:52,-,-,IGNORED,-1,-1
1369,medium,14,16:12:12,-,-,IGNORED,-1,-1
1520,hard,15,16:12:39,-,-,IGNORED,-1,-1
1464,easy,11,16:13:16,-,-,IGNORED,-1,-1
1507,medium,13,16:13:25,-,-,IGNORED,-1,-1
1528,easy,12,16:13:29,-,-,IGNORED,-1,-1
1526,easy,12,16:13:39,-,-,IGNORED,-1,-1
1408,easy,12,16:13:42,-,-,IGNORED,-1,-1
1460,medium,14,16:14:13,-,-,IGNORED,-1,-1
1397,easy,11,16:15:02,-,-,IGNORED,-1,-1
1434,easy,12,16:15:05,-,-,IGNORED,-1,-1
1386,easy,12,16:15:08,-,-,IGNORED,-1,-1
1380,easy,12,16:15:27,-,-,IGNORED,-1,-1
1477,easy,11,16:15:35,-,-,IGNORED,-1,-1
1471,easy,11,16:15:46,-,-,IGNORED,-1,-1
1364,hard,15,16:15:48,-,-,IGNORED,-1,-1
1382,easy,12,16:15:50,-,-,IGNORED,-1,-1
1456,easy,11,16:16:23,-,-,IGNORED,-1,-1
1508,easy,11,16:16:51,-,-,IGNORED,-1,-1
1475,easy,11,16:16:56,-,-,IGNORED,-1,-1
1497,hard,15,16:17:23,-,-,IGNORED,-1,-1
1425,hard,15,16:17:44,-,-,IGNORED,-1,-1
1467,medium,14,16:18:33,-,-,IGNORED,-1,-1
1366,easy,12,16:19:30,-,-,IGNORED,-1,-1
1527,medium,14,16:19:50,-,-,IGNORED,-1,-1
1490,hard,15,16:20:11,-,-,IGNORED,-1,-1
1420,medium,14,16:20:18,-,-,IGNORED,-1,-1
1370,medium,14,16:20:53,-,-,IGNORED,-1,-1
1419,easy,11,16:21:39,-,-,IGNORED,-1,-1
1447,easy,11,16:21:41,-,-,IGNORED,-1,-1
1398,hard,15,16:21:44,-,-,IGNORED,-1,-1
1360,easy,11,16:21:44,-,-,IGNORED,-1,-1
1362,easy,12,16:21:48,-,-,IGNORED,-1,-1
1489,medium,13,16:22:05,-,-,IGNORED,-1,-1
1436,hard,15,16:22:11,-,-,IGNORED,-1,-1
1383,easy,11,16:22:45,-,-,IGNORED,-1,-1
1384,medium,13,16:23:07,-,-,IGNORED,-1,-1
1501,medium,13,16:23:10,-,-,IGNORED,-1,-1
1459,easy,12,16:23:15,-,-,IGNORED,-1,-1
1483,easy,11,16:23:15,-,-,IGNORED,-1,-1
1365,medium,14,16:23:36,-,-,IGNORED,-1,-1
1429,hard,15,16:23:57,-,-,IGNORED,-1,-1
1422,easy,12,16:24:16,-,-,IGNORED,-1,-1
1395,easy,12,16:24:34,-,-,IGNORED,-1,-1
1367,easy,12,16:24:44,-,-,IGNORED,-1,-1
1446,easy,12,16:26:53,-,-,IGNORED,-1,-1
1461,easy,12,16:27:21,-,-,IGNORED,-1,-1
1463,easy,12,16:27:24,-,-,IGNORED,-1,-1
1452,easy,12,16:27:30,-,-,IGNORED,-1,-1
1421,easy,12,16:27:34,-,-,IGNORED,-1,-1
1465,easy,12,16:28:09,-,-,IGNORED,-1,-1
1453,medium,13,16:28:15,-,-,IGNORED,-1,-1
1522,easy,11,16:28:45,-,-,IGNORED,-1,-1
1377,easy,12,16:30:23,-,-,IGNORED,-1,-1
1470,medium,13,16:30:32,-,-,IGNORED,-1,-1
1488,medium,13,16:30:35,-,-,IGNORED,-1,-1
1401,easy,12,16:30:50,-,-,IGNORED,-1,-1
1438,medium,13,16:31:18,-,-,IGNORED,-1,-1
1439,medium,13,16:31:43,-,-,IGNORED,-1,-1
1513,medium,14,16:31:47,-,-,IGNORED,-1,-1
1413,easy,11,16:32:03,-,-,IGNORED,-1,-1
1472,hard,15,16:32:14,-,-,IGNORED,-1,-1
1393,medium,13,16:32:52,-,-,IGNORED,-1,-1
1524,easy,12,16:32:55,-,-,IGNORED,-1,-1
1523,medium,13,16:33:06,-,-,IGNORED,-1,-1
1445,medium,13,16:33:07,-,-,IGNORED,-1,-1
1485,hard,15,16:33:21,-,-,IGNORED,-1,-1
1478,easy,12,16:34:13,-,-,IGNORED,-1,-1
1491,easy,12,16:34:14,-,-,IGNORED,-1,-1
1502,easy,11,16:34:16,-,-,IGNORED,-1,-1
1375,easy,11,16:34:28,-,-,IGNORED,-1,-1
1525,easy,11,16:35:48,-,-,IGNORED,-1,-1
1495,easy,11,16:36:30,-,-,IGNORED,-1,-1
1441,medium,14,16:36:38,-,-,IGNORED,-1,-1
1412,easy,12,16:36:53,-,-,IGNORED,-1,-1
1423,hard,15,16:38:45,-,-,IGNORED,-1,-1
1373,easy,11,16:38:53,-,-,IGNORED,-1,-1
1468,hard,15,16:38:58,-,-,IGNORED,-1,-1
1404,medium,14,16:38:59,-,-,IGNORED,-1,-1
1432,medium,14,16:39:30,-,-,IGNORED,-1,-1
1424,medium,13,16:39:45,-,-,IGNORED,-1,-1
1443,easy,11,16:39:49,-,-,IGNORED,-1,-1
1418,medium,14,16:40:19,-,-,IGNORED,-1,-1
1363,easy,11,16:40:46,-,-,IGNORED,-1,-1
1374,easy,11,16:40:53,-,-,IGNORED,-1,-1
1411,easy,11,16:41:08,-,-,IGNORED,-1,-1
1448,easy,11,16:41:09,-,-,IGNORED,-1,-1
1479,medium,13,16:42:05,-,-,IGNORED,-1,-1
1416,easy,12,16:42:44,-,-,IGNORED,-1,-1
1482,easy,11,16:42:47,-,-,IGNORED,-1,-1
1390,easy,11,16:42:48,-,-,IGNORED,-1,-1
1498,medium,14,16:43:25,-,-,IGNORED,-1,-1
1403,medium,13,16:44:03,-,-,IGNORED,-1,-1
1466,medium,13,16:44:45,-,-,IGNORED,-1,-1
1487,easy,12,16:45:36,-,-,IGNORED,-1,-1
1484,hard,15,16:45:53,-,-,IGNORED,-1,-1
1361,hard,15,16:46:32,-,-,IGNORED,-1,-1
1449,easy,11,16:46:38,-,-,IGNORED,-1,-1
1430,easy,11,16:46:49,-,-,IGNORED,-1,-1
1521,medium,13,16:47:18,-,-,IGNORED,-1,-1
1414,easy,12,16:47:22,-,-,IGNORED,-1,-1
1440,medium,14,16:48:55,-,-,IGNORED,-1,-1
1426,medium,14,16:49:04,-,-,IGNORED,-1,-1
1486,easy,11,16:49:21,-,-,IGNORED,-1,-1
1458,easy,11,16:49:21,-,-,IGNORED,-1,-1
1512,easy,11,16:49:34,-,-,IGNORED,-1,-1
1481,easy,11,16:49:38,-,-,IGNORED,-1,-1
1474,medium,13,16:50:05,-,-,IGNORED,-1,-1
1427,easy,11,16:50:17,-,-,IGNORED,-1,-1
1503,easy,12,16:51:20,-,-,IGNORED,-1,-1
1431,easy,11,16:51:53,-,-,IGNORED,-1,-1
1499,easy,11,16:52:05,-,-,IGNORED,-1,-1
1417,easy,11,16:52:10,-,-,IGNORED,-1,-1
1400,easy,11,16:52:34,-,-,IGNORED,-1,-1
1504,medium,14,16:52:41,-,-,IGNORED,-1,-1
1435,hard,15,16:52:43,-,-,IGNORED,-1,-1
1473,easy,12,16:53:02,-,-,IGNORED,-1,-1
1519,easy,11,16:53:13,-,-,IGNORED,-1,-1
1399,medium,13,16:53:13,-,-,IGNORED,-1,-1
1402,medium,13,16:53:51,-,-,IGNORED,-1,-1
1450,hard,15,16:53:57,-,-,IGNORED,-1,-1
1392,easy,11,16:55:10,-,-,IGNORED,-1,-1
1433,easy,11,16:55:22,-,-,IGNORED,-1,-1
1388,easy,12,16:55:29,-,-,IGNORED,-1,-1
1469,easy,12,16:55:52,-,-,IGNORED,-1,-1
1407,easy,12,16:55:58,-,-,IGNORED,-1,-1
1385,medium,13,16:55:59,-,-,IGNORED,-1,-1
1394,easy,12,16:56:23,-,-,IGNORED,-1,-1
1379,easy,11,16:56:25,-,-,IGNORED,-1,-1
1406,medium,13,16:56:25,-,-,IGNORED,-1,-1
1529,medium,13,16:56:36,-,-,IGNORED,-1,-1
1391,easy,11,16:56:41,-,-,IGNORED,-1,-1
1510,medium,13,16:56:50,-,-,IGNORED,-1,-1
1493,hard,15,16:56:56,-,-,IGNORED,-1,-1
1516,hard,15,16:56:56,-,-,IGNORED,-1,-1
1405,hard,15,16:56:57,-,-,IGNORED,-1,-1
1451,hard,15,16:57:00,-,-,IGNORED,-1,-1
1376,easy,12,16:57:04,-,-,IGNORED,-1,-1
1371,easy,11,16:57:09,-,-,IGNORED,-1,-1
1505,medium,13,16:58:06,-,-,IGNORED,-1,-1
1457,medium,13,16:58:20,-,-,IGNORED,-1,-1
1509,hard,15,16:58:23,-,-,IGNORED,-1,-1
1437,medium,13,16:58:39,-,-,IGNORED,-1,-1
