task_id,difficulty,n,arrival_sim,start_sim,end_sim,status,cost,real_duration_sec,waiting_time_mili_sec,time_in_system_mili_sec
62,easy,11,08:00:16,08:00:18,08:01:07,COMPLETED,25556.0,816.3,2.11,51.08
14,easy,12,08:00:34,08:00:36,08:01:07,COMPLETED,25152.0,505.8,2.76,33.08
80,easy,12,08:01:11,08:01:13,08:01:37,COMPLETED,25745.0,405.6,2.13,26.45
33,easy,11,08:01:19,08:01:19,08:01:49,COMPLETED,20702.0,508.4,0.26,30.73
108,easy,11,08:01:43,08:01:43,08:02:07,COMPLETED,27911.0,405.6,0.51,24.90
20,easy,12,08:02:05,08:02:07,08:02:13,COMPLETED,27264.0,102.1,2.90,8.98
140,medium,13,08:01:41,08:01:43,08:03:26,COMPLETED,36341.0,1719.1,2.51,105.64
160,easy,12,08:03:16,08:03:20,08:04:08,COMPLETED,20704.0,806.8,4.56,52.94
86,medium,13,08:04:14,08:04:15,08:05:27,COMPLETED,27059.0,1211.0,1.00,73.66
118,easy,12,08:04:18,08:04:21,08:05:33,COMPLETED,33669.0,1211.0,3.11,75.74
58,easy,11,08:05:44,08:05:45,08:06:04,COMPLETED,29393.0,303.9,1.88,20.13
150,easy,11,08:06:42,08:06:46,08:06:52,COMPLETED,32254.0,104.0,4.48,10.63
82,easy,12,08:06:46,08:06:46,08:07:17,COMPLETED,25339.0,508.9,0.48,31.03
51,medium,13,08:07:26,08:07:29,08:08:11,COMPLETED,29081.0,712.2,3.17,45.80
159,easy,12,08:06:49,08:06:52,08:08:30,COMPLETED,29206.0,1627.0,3.63,101.17
162,easy,11,08:07:55,08:07:59,08:09:00,COMPLETED,31593.0,1020.5,4.57,65.62
148,easy,11,08:08:59,08:09:00,08:09:31,COMPLETED,25358.0,510.5,1.62,32.17
83,medium,13,08:02:36,08:02:38,08:09:37,COMPLETED,36482.0,6984.1,2.27,421.30
138,easy,11,08:09:45,08:09:49,08:10:01,COMPLETED,29273.0,208.3,4.46,16.80
31,easy,11,08:09:56,08:10:01,08:10:14,COMPLETED,31866.0,206.0,5.80,18.08
4,easy,11,08:10:20,08:10:20,08:10:26,COMPLETED,27411.0,103.3,0.19,6.29
10,easy,11,08:10:14,08:10:14,08:10:44,COMPLETED,30418.0,509.6,0.08,30.57
120,easy,11,08:11:19,08:11:21,08:11:27,COMPLETED,27314.0,106.4,2.28,8.58
26,medium,14,08:02:20,08:02:20,08:11:39,COMPLETED,27720.0,9332.3,0.06,559.89
146,easy,11,08:11:20,08:11:21,08:11:39,COMPLETED,23339.0,312.1,1.28,19.89
1,easy,12,08:10:45,08:10:50,08:12:22,COMPLETED,24601.0,1535.8,5.69,97.67
165,easy,11,08:12:17,08:12:22,08:12:28,COMPLETED,26034.0,105.7,5.67,11.93
121,medium,13,08:11:04,08:11:09,08:13:11,COMPLETED,28744.0,2048.5,5.05,127.88
84,easy,12,08:07:04,08:07:04,08:13:48,COMPLETED,32648.0,6729.8,0.85,404.56
42,easy,11,08:12:55,08:12:59,08:13:48,COMPLETED,31262.0,818.4,4.55,53.56
67,medium,14,08:05:41,08:05:45,08:14:06,COMPLETED,37473.0,8350.7,4.88,505.90
76,easy,12,08:11:31,08:11:33,08:14:37,COMPLETED,25782.0,3062.1,2.73,186.38
30,easy,11,08:14:22,08:14:25,08:14:37,COMPLETED,23849.0,205.5,3.12,15.38
101,easy,11,08:14:29,08:14:31,08:15:01,COMPLETED,34615.0,509.4,2.26,32.73
15,easy,12,08:14:59,08:15:01,08:15:20,COMPLETED,26810.0,305.6,2.73,21.00
5,easy,12,08:14:33,08:14:37,08:15:26,COMPLETED,29678.0,812.6,4.38,53.09
2,easy,11,08:15:31,08:15:32,08:15:44,COMPLETED,18543.0,204.2,1.17,13.36
18,easy,11,08:16:11,08:16:14,08:16:26,COMPLETED,23600.0,204.2,3.75,15.94
16,medium,13,08:12:53,08:12:53,08:16:33,COMPLETED,28378.0,3662.3,0.33,220.03
0,easy,12,08:17:23,08:17:27,08:17:52,COMPLETED,26904.0,407.8,4.68,29.09
87,medium,13,08:11:34,08:11:39,08:17:58,COMPLETED,31287.0,6305.9,5.89,384.18
9,easy,11,08:17:58,08:17:58,08:18:10,COMPLETED,29281.0,204.5,0.18,12.38
113,medium,13,08:14:21,08:14:25,08:18:34,COMPLETED,30747.0,4162.7,4.12,253.80
147,easy,12,08:17:40,08:17:45,08:18:34,COMPLETED,28488.0,816.0,5.96,54.80
168,medium,13,08:16:07,08:16:08,08:19:11,COMPLETED,27623.0,3046.3,1.62,184.34
75,easy,12,08:19:10,08:19:11,08:19:41,COMPLETED,28062.0,509.9,1.34,31.85
115,easy,12,08:18:28,08:18:28,08:20:00,COMPLETED,35416.0,1527.5,0.67,92.23
164,easy,12,08:19:51,08:19:54,08:20:06,COMPLETED,26705.0,205.6,3.10,15.37
43,medium,14,08:16:03,08:16:08,08:20:36,COMPLETED,32678.0,4471.6,5.62,273.83
123,easy,12,08:20:24,08:20:24,08:21:31,COMPLETED,28585.0,1118.7,0.63,67.69
79,easy,12,08:21:32,08:21:37,08:21:56,COMPLETED,22540.0,306.0,5.79,24.08
155,medium,13,08:18:29,08:18:34,08:22:14,COMPLETED,34186.0,3659.7,5.80,225.34
45,medium,13,08:17:19,08:17:21,08:22:32,COMPLETED,26760.0,5184.1,2.57,313.57
153,easy,11,08:22:56,08:22:56,08:23:09,COMPLETED,24415.0,205.1,0.86,13.10
97,easy,11,08:22:56,08:22:56,08:23:15,COMPLETED,31924.0,307.3,0.86,19.24
111,easy,11,08:23:04,08:23:09,08:23:15,COMPLETED,24417.0,103.6,5.10,11.24
63,medium,13,08:20:33,08:20:36,08:23:51,COMPLETED,25753.0,3248.9,3.83,198.71
55,easy,11,08:24:31,08:24:34,08:24:40,COMPLETED,29689.0,104.2,3.27,9.44
53,easy,11,08:24:29,08:24:34,08:24:46,COMPLETED,25808.0,207.4,5.27,17.60
41,easy,11,08:24:48,08:24:52,08:25:05,COMPLETED,24254.0,206.6,4.77,17.11
103,easy,12,08:25:59,08:26:00,08:26:18,COMPLETED,29688.0,309.3,1.05,19.48
39,easy,11,08:27:02,08:27:07,08:28:02,COMPLETED,23258.0,918.8,5.57,60.61
88,easy,11,08:27:36,08:27:38,08:28:02,COMPLETED,28059.0,409.2,2.16,26.61
109,easy,11,08:28:36,08:28:39,08:28:51,COMPLETED,24930.0,207.0,3.24,15.57
12,easy,11,08:29:13,08:29:16,08:29:52,COMPLETED,35253.0,615.3,3.04,39.84
167,medium,14,08:27:01,08:27:01,08:29:58,COMPLETED,34775.0,2961.3,0.41,178.00
116,easy,11,08:29:42,08:29:46,08:30:05,COMPLETED,32026.0,310.6,4.63,23.15
46,easy,12,08:29:46,08:29:46,08:30:17,COMPLETED,26534.0,514.6,0.63,31.43
119,easy,12,08:28:43,08:28:45,08:30:35,COMPLETED,32185.0,1842.1,2.39,112.81
61,medium,13,08:28:23,08:28:27,08:30:48,COMPLETED,35774.0,2353.0,4.01,145.08
54,easy,11,08:30:59,08:31:00,08:31:06,COMPLETED,25999.0,104.1,1.32,7.47
104,easy,12,08:31:24,08:31:24,08:31:37,COMPLETED,33252.0,206.2,0.76,13.05
72,easy,11,08:31:26,08:31:30,08:31:37,COMPLETED,22121.0,104.2,4.89,11.05
134,medium,14,08:18:18,08:18:22,08:32:50,COMPLETED,32528.0,14469.4,4.55,872.67
35,easy,11,08:32:22,08:32:25,08:33:02,COMPLETED,32669.0,618.8,3.89,40.95
23,easy,11,08:33:29,08:33:33,08:34:04,COMPLETED,34534.0,520.3,4.77,35.84
52,medium,13,08:32:24,08:32:25,08:34:35,COMPLETED,28721.0,2162.4,1.89,131.65
166,medium,14,08:33:06,08:33:09,08:35:06,COMPLETED,28320.0,1960.2,3.06,120.60
25,easy,12,08:33:39,08:33:39,08:35:43,COMPLETED,29464.0,2061.2,0.93,124.53
93,medium,14,08:00:52,08:00:54,08:36:26,COMPLETED,34282.0,35527.6,2.91,2134.55
91,easy,12,08:38:05,08:38:10,08:38:41,COMPLETED,20728.0,517.5,6.00,36.96
65,easy,11,08:38:16,08:38:17,08:38:41,COMPLETED,27736.0,413.5,1.25,25.96
28,easy,12,08:38:24,08:38:29,08:39:31,COMPLETED,28970.0,1024.8,5.63,67.02
38,hard,15,08:29:07,08:29:09,08:39:37,COMPLETED,32641.0,10455.7,2.89,630.15
68,easy,12,08:38:32,08:38:35,08:39:43,COMPLETED,28890.0,1126.3,3.80,71.28
44,hard,15,08:26:28,08:26:30,08:39:55,COMPLETED,22907.0,13413.9,2.79,807.52
96,easy,11,08:40:14,08:40:20,08:40:26,COMPLETED,28121.0,105.1,6.00,12.21
102,easy,11,08:40:14,08:40:20,08:40:26,COMPLETED,18126.0,104.8,6.00,12.21
89,easy,11,08:41:21,08:41:21,08:41:52,COMPLETED,33226.0,514.9,0.29,31.06
74,medium,14,08:34:46,08:34:47,08:42:04,COMPLETED,28103.0,7275.1,1.93,438.35
169,easy,11,08:42:35,08:42:35,08:42:41,COMPLETED,26821.0,105.6,0.11,6.30
143,easy,11,08:42:17,08:42:22,08:42:59,COMPLETED,23046.0,618.5,5.80,42.80
99,easy,12,08:43:32,08:43:36,08:44:39,COMPLETED,32484.0,1045.0,4.84,67.23
32,easy,12,08:44:07,08:44:07,08:45:04,COMPLETED,22354.0,942.3,0.92,57.36
64,easy,11,08:44:44,08:44:45,08:45:16,COMPLETED,22087.0,524.8,1.62,32.89
114,easy,12,08:44:34,08:44:39,08:45:23,COMPLETED,25176.0,736.3,5.23,49.21
7,medium,13,08:44:32,08:44:32,08:46:06,COMPLETED,29152.0,1567.8,0.88,94.73
78,easy,12,08:45:04,08:45:04,08:46:13,COMPLETED,23284.0,1151.9,0.36,69.03
34,easy,11,08:46:10,08:46:13,08:46:25,COMPLETED,29778.0,214.6,3.03,15.75
22,easy,12,08:42:09,08:42:10,08:46:32,COMPLETED,36751.0,4366.9,1.51,263.08
70,easy,11,08:46:28,08:46:32,08:46:44,COMPLETED,26131.0,214.9,4.08,16.82
69,easy,11,08:46:39,08:46:44,08:46:51,COMPLETED,21647.0,112.5,5.82,12.15
105,easy,12,08:46:26,08:46:32,08:47:03,COMPLETED,25832.0,533.2,6.08,37.83
77,medium,13,08:39:18,08:39:18,08:47:10,COMPLETED,33095.0,7862.2,0.74,472.14
57,medium,14,08:37:42,08:37:46,08:48:00,COMPLETED,28752.0,10235.9,4.37,618.37
107,medium,13,08:46:46,08:46:51,08:48:25,COMPLETED,25909.0,1576.4,5.15,99.47
19,hard,15,08:24:25,08:24:28,08:49:09,COMPLETED,34577.0,24685.5,3.14,1484.18
156,hard,15,08:13:44,08:13:48,08:49:27,COMPLETED,35715.0,35657.5,4.56,2143.95
117,easy,11,08:49:43,08:49:46,08:49:58,COMPLETED,30762.0,208.6,3.43,15.79
129,medium,14,08:19:46,08:19:47,08:50:11,COMPLETED,34130.0,30386.5,1.96,1825.11
125,easy,12,08:50:40,08:50:41,08:51:06,COMPLETED,23948.0,413.6,1.93,26.59
36,easy,11,08:50:20,08:50:23,08:51:12,COMPLETED,26208.0,824.5,3.43,52.77
6,easy,11,08:52:14,08:52:14,08:52:33,COMPLETED,30044.0,312.7,0.40,19.01
13,easy,11,08:52:21,08:52:26,08:52:33,COMPLETED,26138.0,106.3,5.80,12.01
133,medium,14,08:39:55,08:39:55,08:52:45,COMPLETED,31312.0,12831.7,0.52,770.35
128,easy,11,08:52:58,08:53:03,08:53:16,COMPLETED,32563.0,210.7,5.88,18.38
152,easy,12,08:52:49,08:52:51,08:53:22,COMPLETED,27417.0,520.5,2.53,33.56
145,easy,12,08:53:09,08:53:10,08:53:22,COMPLETED,24949.0,210.6,1.14,13.56
131,medium,14,08:42:46,08:42:47,08:53:34,COMPLETED,30653.0,10793.7,1.48,648.97
29,medium,13,08:45:23,08:45:23,08:53:34,COMPLETED,33487.0,8198.8,0.21,491.97
92,easy,11,08:53:01,08:53:03,08:53:41,COMPLETED,26567.0,624.6,2.88,40.21
21,easy,11,08:53:33,08:53:34,08:53:47,COMPLETED,30340.0,210.9,1.97,14.44
124,easy,12,08:53:57,08:53:59,08:54:24,COMPLETED,17706.0,415.6,2.81,27.60
141,easy,11,08:54:38,08:54:43,08:54:49,COMPLETED,18604.0,110.0,5.30,11.72
142,hard,15,08:43:25,08:43:30,08:55:46,COMPLETED,37020.0,12268.6,5.45,741.42
48,medium,13,08:53:47,08:53:47,08:57:02,COMPLETED,32395.0,3250.7,0.44,195.29
50,easy,12,08:57:02,08:57:02,08:57:08,COMPLETED,29654.0,109.9,0.29,6.58
122,hard,15,08:41:34,08:41:39,08:57:21,COMPLETED,34941.0,15694.0,5.73,947.24
71,medium,14,08:54:50,08:54:55,08:58:11,COMPLETED,26759.0,3259.5,5.93,201.24
27,easy,12,08:56:44,08:56:49,08:58:11,COMPLETED,27735.0,1369.7,5.35,87.24
3,medium,13,08:56:55,08:56:55,08:58:42,COMPLETED,33711.0,1779.7,0.85,107.48
132,easy,12,08:58:06,08:58:11,08:58:42,COMPLETED,28600.0,523.6,5.24,36.48
112,medium,14,08:51:53,08:51:55,08:59:50,COMPLETED,30404.0,7915.3,2.85,477.64
98,medium,13,08:55:33,08:55:33,08:59:50,COMPLETED,34281.0,4284.4,0.75,257.64
154,medium,13,08:58:29,08:58:29,09:01:30,COMPLETED,26138.0,3003.8,0.99,181.08
151,medium,13,08:47:06,08:47:10,09:01:48,COMPLETED,32014.0,14645.4,4.14,882.76
24,medium,14,08:40:46,08:40:50,09:02:01,COMPLETED,34268.0,21176.6,4.67,1275.20
130,medium,14,08:45:03,08:45:04,09:02:01,COMPLETED,28797.0,16949.0,1.36,1018.20
47,medium,13,08:58:27,08:58:29,09:02:01,COMPLETED,34627.0,3523.1,2.99,214.20
8,medium,14,08:55:02,08:55:02,09:02:07,COMPLETED,28924.0,7088.7,0.14,425.42
185,easy,12,09:01:51,09:01:54,09:02:19,COMPLETED,25998.0,417.1,3.96,28.79
215,easy,12,09:01:35,09:01:36,09:02:26,COMPLETED,27173.0,831.0,1.29,51.02
137,medium,14,08:55:13,08:55:14,09:02:44,COMPLETED,30363.0,7496.5,1.87,451.54
158,hard,15,08:27:30,08:27:32,09:03:15,COMPLETED,36720.0,35723.2,2.02,2145.35
94,medium,14,08:48:08,08:48:12,09:03:46,COMPLETED,30629.0,15555.8,4.93,938.19
260,easy,12,09:04:17,09:04:23,09:04:41,COMPLETED,27813.0,311.1,6.14,24.66
176,easy,11,09:04:44,09:04:47,09:05:00,COMPLETED,28701.0,209.3,3.83,16.21
264,easy,12,09:05:03,09:05:06,09:05:12,COMPLETED,25115.0,106.5,3.41,9.64
255,easy,11,09:05:55,09:05:55,09:06:08,COMPLETED,23524.0,214.0,0.93,13.63
303,easy,12,09:05:59,09:06:02,09:06:14,COMPLETED,23334.0,212.8,3.27,15.81
211,medium,13,09:01:00,09:01:05,09:06:33,COMPLETED,21636.0,5474.8,5.29,333.60
294,medium,14,09:01:31,09:01:36,09:06:46,COMPLETED,36934.0,5166.4,5.29,315.05
17,hard,15,08:46:24,08:46:25,09:07:29,COMPLETED,29179.0,21067.9,1.75,1265.67
173,easy,12,09:07:09,09:07:10,09:08:07,COMPLETED,28964.0,938.7,1.92,58.01
100,medium,14,08:38:47,08:38:48,09:09:09,COMPLETED,35160.0,30355.7,1.10,1822.27
267,medium,13,09:06:33,09:06:33,09:09:34,COMPLETED,33428.0,3013.5,0.60,181.20
230,easy,12,09:09:55,09:09:58,09:10:24,COMPLETED,27929.0,427.7,3.96,29.38
338,easy,11,09:10:07,09:10:11,09:10:24,COMPLETED,22159.0,214.2,4.84,17.38
110,medium,14,08:19:57,08:20:00,09:10:36,COMPLETED,36380.0,50615.3,3.23,3039.98
308,easy,12,09:09:58,09:09:58,09:11:14,COMPLETED,29712.0,1263.6,0.96,76.54
245,easy,11,09:10:04,09:10:05,09:11:14,COMPLETED,33711.0,1157.4,1.40,70.54
73,medium,14,08:26:04,08:26:06,09:11:39,COMPLETED,42311.0,45559.0,2.28,2735.63
271,easy,11,09:11:14,09:11:14,09:11:46,COMPLETED,19276.0,529.7,0.54,32.10
300,easy,12,09:11:15,09:11:20,09:11:46,COMPLETED,15556.0,422.8,5.99,31.10
219,easy,11,09:11:33,09:11:33,09:11:58,COMPLETED,23819.0,421.4,0.39,25.57
256,easy,12,09:11:37,09:11:39,09:12:23,COMPLETED,34012.0,728.3,2.63,46.19
205,easy,12,09:11:32,09:11:33,09:13:06,COMPLETED,36866.0,1550.8,1.39,94.25
106,hard,15,08:46:08,08:46:13,09:13:31,COMPLETED,35325.0,27302.0,5.03,1643.06
207,medium,14,09:08:38,09:08:38,09:13:37,COMPLETED,28988.0,4988.6,0.08,299.28
226,easy,12,09:13:03,09:13:06,09:13:37,COMPLETED,32420.0,519.8,3.25,34.28
327,easy,12,09:13:24,09:13:24,09:13:49,COMPLETED,24809.0,415.0,0.84,25.61
90,medium,13,08:33:57,08:33:58,09:14:32,COMPLETED,31649.0,40569.7,1.55,2435.69
328,easy,11,09:14:21,09:14:26,09:14:32,COMPLETED,25496.0,105.9,5.50,11.69
201,medium,13,09:13:54,09:13:55,09:15:28,COMPLETED,27209.0,1540.8,1.76,94.06
234,easy,11,09:16:04,09:16:04,09:16:11,COMPLETED,23214.0,105.3,0.92,7.10
66,hard,15,08:24:39,08:24:40,09:17:18,COMPLETED,31784.0,52640.8,1.44,3159.86
339,easy,11,09:17:28,09:17:31,09:17:37,COMPLETED,27203.0,110.4,3.45,9.82
196,easy,11,09:18:04,09:18:08,09:18:15,COMPLETED,31590.0,106.7,4.84,11.05
306,easy,11,09:18:12,09:18:15,09:18:27,COMPLETED,33052.0,211.7,3.05,15.52
11,hard,15,08:40:15,08:40:20,09:19:36,COMPLETED,34025.0,39269.1,5.00,2361.15
187,easy,12,09:19:02,09:19:04,09:19:36,COMPLETED,26234.0,526.5,2.83,34.15
274,easy,11,09:19:54,09:19:54,09:20:07,COMPLETED,29321.0,211.6,0.83,13.28
204,easy,11,09:20:15,09:20:19,09:20:32,COMPLETED,26984.0,212.9,4.81,17.42
323,easy,11,09:20:54,09:20:57,09:21:03,COMPLETED,22078.0,108.6,3.68,9.92
182,easy,11,09:20:56,09:20:57,09:21:10,COMPLETED,26397.0,213.0,1.68,14.24
229,easy,12,09:20:40,09:20:44,09:21:22,COMPLETED,22789.0,633.8,4.90,42.79
251,easy,12,09:20:41,09:20:44,09:21:22,COMPLETED,31494.0,632.7,3.90,41.79
315,medium,13,09:17:20,09:17:25,09:21:28,COMPLETED,32385.0,4066.7,5.01,248.98
336,medium,13,09:17:33,09:17:37,09:21:28,COMPLETED,30381.0,3855.0,4.82,235.98
56,medium,14,08:54:10,08:54:12,09:21:47,COMPLETED,33412.0,27598.1,2.18,1657.85
191,easy,11,09:22:26,09:22:31,09:22:38,COMPLETED,34118.0,109.8,5.99,12.31
290,easy,11,09:21:36,09:21:41,09:22:50,COMPLETED,35876.0,1160.4,5.48,74.89
236,easy,11,09:22:57,09:22:57,09:23:03,COMPLETED,26412.0,109.5,0.18,6.56
95,hard,15,08:21:05,08:21:07,09:23:09,COMPLETED,29728.0,62042.5,2.31,3724.79
60,hard,15,08:05:39,08:05:39,09:23:22,COMPLETED,36923.0,77708.3,0.80,4663.27
59,medium,14,08:56:09,08:56:11,09:23:22,COMPLETED,33672.0,27178.2,2.66,1633.27
262,easy,11,09:23:10,09:23:16,09:23:22,COMPLETED,19277.0,106.9,6.04,12.27
227,easy,11,09:23:16,09:23:16,09:23:22,COMPLETED,21192.0,106.4,0.04,6.27
284,medium,13,09:22:07,09:22:13,09:23:28,COMPLETED,27546.0,1259.8,6.03,81.48
200,medium,13,09:21:59,09:22:00,09:23:40,COMPLETED,23873.0,1675.9,1.48,101.80
269,easy,12,09:23:36,09:23:40,09:24:11,COMPLETED,28280.0,519.9,4.80,35.83
254,medium,13,09:10:35,09:10:36,09:24:36,COMPLETED,36044.0,13994.6,1.98,841.53
175,medium,14,09:21:34,09:21:35,09:24:48,COMPLETED,38143.0,3233.0,1.15,194.96
242,easy,11,09:24:32,09:24:36,09:24:48,COMPLETED,29609.0,210.9,4.53,16.96
192,easy,12,09:23:50,09:23:53,09:25:01,COMPLETED,33971.0,1137.6,3.25,71.37
237,medium,14,09:23:08,09:23:09,09:25:44,COMPLETED,27792.0,2580.9,1.79,156.50
208,easy,12,09:25:54,09:25:56,09:26:09,COMPLETED,30026.0,208.2,2.82,15.16
329,medium,13,09:24:43,09:24:48,09:26:33,COMPLETED,31090.0,1749.0,5.96,110.76
163,medium,14,08:55:00,08:55:02,09:26:52,COMPLETED,39296.0,31837.3,2.14,1912.30
324,easy,12,09:22:59,09:23:03,09:26:52,COMPLETED,32406.0,3815.2,4.56,233.30
223,easy,11,09:26:37,09:26:39,09:26:52,COMPLETED,23583.0,209.7,2.92,15.30
180,easy,12,09:26:43,09:26:46,09:26:58,COMPLETED,23368.0,209.8,3.11,15.53
312,easy,12,09:26:53,09:26:58,09:27:23,COMPLETED,30627.0,413.1,5.53,30.19
333,easy,12,09:21:45,09:21:47,09:27:35,COMPLETED,29303.0,5796.0,2.85,350.50
195,medium,14,09:17:19,09:17:25,09:27:41,COMPLETED,34525.0,10278.9,6.01,622.66
282,medium,13,09:27:03,09:27:04,09:28:00,COMPLETED,22087.0,924.0,1.73,57.05
209,hard,15,09:18:04,09:18:08,09:29:01,COMPLETED,34274.0,10876.5,4.84,657.37
288,easy,11,09:29:57,09:30:02,09:30:08,COMPLETED,24628.0,106.2,5.70,11.92
214,easy,11,09:30:05,09:30:08,09:30:15,COMPLETED,27456.0,105.4,3.92,10.11
275,easy,11,09:30:47,09:30:52,09:30:58,COMPLETED,26836.0,105.4,5.04,11.23
206,easy,11,09:31:03,09:31:04,09:31:10,COMPLETED,21887.0,105.8,1.39,7.60
202,easy,11,09:31:43,09:31:47,09:32:06,COMPLETED,28852.0,312.7,4.66,23.24
309,hard,15,09:24:00,09:24:05,09:32:12,COMPLETED,33179.0,8115.8,5.61,492.45
257,easy,12,09:32:43,09:32:43,09:33:01,COMPLETED,23079.0,311.1,0.21,18.72
326,medium,14,09:23:40,09:23:40,09:33:20,COMPLETED,29254.0,9660.2,0.80,580.29
157,medium,14,08:59:17,08:59:19,09:33:38,COMPLETED,30825.0,34322.1,2.63,2061.83
261,easy,12,09:33:17,09:33:20,09:33:51,COMPLETED,30033.0,521.1,3.29,34.32
331,easy,12,09:33:06,09:33:07,09:33:57,COMPLETED,28491.0,832.0,1.91,51.61
318,easy,11,09:34:04,09:34:10,09:34:28,COMPLETED,25041.0,316.1,6.12,24.86
199,easy,11,09:34:32,09:34:35,09:34:47,COMPLETED,24359.0,212.9,3.13,15.67
301,medium,14,09:29:24,09:29:25,09:35:00,COMPLETED,30230.0,5573.5,1.87,336.11
179,hard,15,09:30:20,09:30:21,09:35:56,COMPLETED,27286.0,5588.9,1.26,336.49
170,medium,14,09:31:19,09:31:22,09:35:56,COMPLETED,24630.0,4562.0,3.90,277.49
126,hard,15,08:13:31,08:13:36,09:36:02,COMPLETED,36643.0,82439.9,5.31,4951.68
330,easy,12,09:30:27,09:30:27,09:36:02,COMPLETED,40367.0,5589.5,0.44,335.68
174,medium,13,09:34:39,09:34:41,09:37:47,COMPLETED,33076.0,3100.0,2.47,188.36
233,medium,13,09:31:36,09:31:41,09:37:53,COMPLETED,30087.0,6203.2,5.45,377.53
313,medium,14,09:31:24,09:31:29,09:38:36,COMPLETED,27528.0,7126.7,5.10,432.60
253,medium,13,09:33:43,09:33:45,09:38:36,COMPLETED,25334.0,4860.1,2.12,293.60
247,medium,14,09:35:16,09:35:18,09:38:36,COMPLETED,30660.0,3298.2,2.84,200.60
213,easy,11,09:38:49,09:38:55,09:39:01,COMPLETED,24530.0,105.7,6.12,12.33
292,easy,12,09:37:36,09:37:41,09:39:07,COMPLETED,28381.0,1440.9,5.16,91.49
307,easy,12,09:38:55,09:38:55,09:39:07,COMPLETED,25230.0,208.1,0.12,12.49
189,easy,11,09:40:02,09:40:02,09:40:15,COMPLETED,30066.0,207.9,0.82,13.17
317,easy,12,09:40:35,09:40:39,09:40:46,COMPLETED,27583.0,106.9,4.86,11.06
241,easy,11,09:40:42,09:40:46,09:40:52,COMPLETED,26315.0,106.5,4.06,10.31
235,easy,11,09:40:44,09:40:46,09:40:52,COMPLETED,21595.0,106.1,2.06,8.31
225,easy,11,09:41:49,09:41:54,09:42:01,COMPLETED,22963.0,111.1,5.62,12.02
270,easy,12,09:41:00,09:41:04,09:42:13,COMPLETED,30260.0,1152.1,4.67,73.58
276,easy,11,09:43:13,09:43:15,09:43:28,COMPLETED,26486.0,215.2,2.89,15.54
244,easy,12,09:41:07,09:41:10,09:43:47,COMPLETED,37388.0,2616.0,3.87,160.50
332,medium,13,09:41:44,09:41:48,09:44:25,COMPLETED,27830.0,2622.4,4.34,161.43
293,easy,11,09:44:07,09:44:12,09:44:31,COMPLETED,25377.0,321.5,5.70,24.77
299,medium,14,09:35:50,09:35:50,09:44:50,COMPLETED,32746.0,9010.6,0.26,540.56
335,easy,12,09:45:39,09:45:41,09:45:54,COMPLETED,23926.0,217.8,2.36,15.31
240,easy,12,09:45:19,09:45:22,09:46:00,COMPLETED,25700.0,640.0,3.35,41.57
304,medium,14,09:44:45,09:44:50,09:46:31,COMPLETED,25353.0,1691.2,5.56,106.81
177,medium,13,09:45:12,09:45:15,09:46:50,COMPLETED,33117.0,1584.6,3.90,98.72
224,easy,12,09:46:27,09:46:31,09:46:50,COMPLETED,22838.0,320.2,4.81,23.72
218,medium,13,09:45:42,09:45:47,09:46:57,COMPLETED,22849.0,1159.8,5.88,75.09
259,medium,14,09:43:43,09:43:47,09:48:30,COMPLETED,29050.0,4725.2,4.50,287.78
289,hard,15,09:43:40,09:43:41,09:48:43,COMPLETED,29227.0,5038.3,1.13,303.29
280,easy,12,09:48:25,09:48:30,09:48:55,COMPLETED,28522.0,419.2,5.78,30.76
321,easy,11,09:49:05,09:49:08,09:49:20,COMPLETED,25600.0,212.2,3.17,15.64
184,medium,13,09:45:39,09:45:41,09:49:33,COMPLETED,32896.0,3865.1,2.36,234.12
183,easy,11,09:50:06,09:50:10,09:50:23,COMPLETED,27694.0,213.0,4.49,17.02
40,hard,15,08:44:46,08:44:51,09:50:41,COMPLETED,32082.0,65832.6,5.85,3955.77
265,medium,14,09:46:53,09:46:57,09:50:54,COMPLETED,35733.0,3956.3,4.09,241.27
248,easy,11,09:50:17,09:50:23,09:50:54,COMPLETED,27540.0,525.3,6.02,37.27
316,easy,11,09:50:51,09:50:54,09:51:12,COMPLETED,21689.0,315.2,3.27,21.98
250,easy,12,09:50:26,09:50:29,09:51:25,COMPLETED,23680.0,938.9,3.30,59.44
278,medium,14,09:38:41,09:38:42,09:52:02,COMPLETED,24962.0,13334.0,1.78,801.71
291,easy,11,09:53:10,09:53:11,09:53:18,COMPLETED,21942.0,112.7,1.64,8.07
188,medium,14,09:50:42,09:50:48,09:53:37,COMPLETED,36949.0,2823.6,6.01,175.12
197,easy,12,09:54:04,09:54:08,09:54:28,COMPLETED,23546.0,326.5,4.66,24.02
231,easy,11,09:54:07,09:54:08,09:54:28,COMPLETED,24151.0,323.7,1.66,21.02
322,easy,11,09:54:16,09:54:21,09:55:06,COMPLETED,31458.0,744.5,5.71,50.12
283,easy,11,09:55:03,09:55:06,09:55:18,COMPLETED,27251.0,216.7,3.12,15.78
314,medium,14,09:40:57,09:40:58,09:55:50,COMPLETED,30098.0,14871.7,1.48,893.55
49,hard,15,08:53:41,08:53:41,09:55:56,COMPLETED,28099.0,62264.9,0.21,3735.98
310,medium,14,09:47:51,09:47:53,09:56:15,COMPLETED,31653.0,8375.2,2.55,504.83
325,medium,13,09:53:24,09:53:24,09:56:15,COMPLETED,25898.0,2861.6,0.44,171.83
311,easy,12,09:54:24,09:54:28,09:56:15,COMPLETED,20363.0,1802.6,4.02,111.83
249,medium,13,09:48:28,09:48:30,09:56:22,COMPLETED,29580.0,7862.8,2.78,474.23
210,medium,13,09:49:15,09:49:20,09:56:35,COMPLETED,26848.0,7248.5,5.64,440.02
273,easy,11,09:56:17,09:56:22,09:56:35,COMPLETED,29839.0,223.2,5.23,18.02
194,easy,12,09:56:32,09:56:35,09:56:41,COMPLETED,24317.0,114.3,3.02,9.70
172,medium,13,09:48:29,09:48:30,09:57:19,COMPLETED,29909.0,8821.2,1.78,530.86
178,easy,11,09:57:11,09:57:13,09:57:32,COMPLETED,26654.0,326.3,2.55,21.79
186,easy,12,09:57:23,09:57:26,09:58:17,COMPLETED,22657.0,854.0,3.26,54.31
85,hard,15,08:58:11,08:58:11,09:59:07,COMPLETED,27733.0,60932.9,0.24,3656.13
296,medium,13,09:57:45,09:57:45,09:59:19,COMPLETED,30348.0,1576.1,0.53,94.82
239,easy,11,09:59:46,09:59:51,10:00:09,COMPLETED,30958.0,316.7,5.18,23.93
203,hard,15,09:09:07,09:09:09,10:00:41,COMPLETED,24531.0,51535.0,2.27,3094.31
320,medium,13,09:57:25,09:57:26,10:00:53,COMPLETED,27891.0,3462.2,1.26,208.89
446,easy,12,10:00:43,10:00:47,10:01:12,COMPLETED,31018.0,421.0,4.61,29.64
386,easy,11,10:00:33,10:00:35,10:01:31,COMPLETED,35403.0,944.6,2.02,58.41
181,medium,13,09:54:07,09:54:08,10:01:37,COMPLETED,33285.0,7485.5,1.66,450.73
379,easy,11,10:01:18,10:01:18,10:01:37,COMPLETED,28793.0,318.0,0.89,19.73
171,medium,13,09:59:03,09:59:07,10:01:50,COMPLETED,30683.0,2721.9,4.13,167.25
360,medium,13,10:00:22,10:00:22,10:01:50,COMPLETED,31786.0,1467.4,0.45,88.25
252,easy,12,09:59:30,09:59:32,10:02:02,COMPLETED,36549.0,2510.2,2.40,152.78
302,medium,14,09:54:50,09:54:53,10:02:46,COMPLETED,30547.0,7889.2,3.24,476.45
428,easy,12,10:02:40,10:02:40,10:03:17,COMPLETED,29081.0,629.7,0.16,37.68
286,medium,14,09:56:32,09:56:35,10:04:01,COMPLETED,31026.0,7441.1,3.02,449.34
495,medium,13,10:01:29,10:01:31,10:04:01,COMPLETED,30559.0,2503.8,2.41,152.34
421,medium,13,10:02:58,10:02:58,10:04:26,COMPLETED,33851.0,1461.7,0.92,88.43
246,hard,15,09:13:10,09:13:12,10:04:38,COMPLETED,27575.0,51441.5,2.47,3088.89
452,easy,12,10:03:59,10:04:01,10:04:45,COMPLETED,27534.0,734.3,2.34,46.17
457,easy,12,10:03:50,10:03:55,10:04:57,COMPLETED,21956.0,1046.2,5.08,67.65
463,easy,12,10:04:45,10:04:45,10:05:22,COMPLETED,29846.0,630.9,0.17,37.68
501,easy,11,10:06:13,10:06:19,10:06:31,COMPLETED,33364.0,216.4,6.33,18.95
476,easy,11,10:06:18,10:06:19,10:06:44,COMPLETED,25383.0,429.9,1.33,26.71
409,easy,11,10:06:39,10:06:44,10:07:03,COMPLETED,29639.0,323.6,5.71,24.79
277,medium,14,09:49:54,09:49:58,10:08:12,COMPLETED,33632.0,18245.4,4.02,1098.61
493,easy,11,10:08:02,10:08:06,10:08:18,COMPLETED,22829.0,211.5,4.35,16.84
503,easy,11,10:08:45,10:08:49,10:08:56,COMPLETED,23479.0,107.7,4.95,11.21
279,medium,13,09:40:21,09:40:21,10:09:33,COMPLETED,41496.0,29208.1,0.32,1752.74
502,easy,12,10:09:49,10:09:52,10:10:48,COMPLETED,25684.0,937.7,3.49,59.55
161,hard,15,08:04:00,08:04:02,10:11:19,COMPLETED,32893.0,127278.9,2.87,7639.59
352,easy,11,10:11:29,10:11:32,10:11:38,COMPLETED,28232.0,108.2,3.01,9.27
448,easy,11,10:11:35,10:11:38,10:11:44,COMPLETED,30488.0,107.8,3.27,9.53
354,easy,11,10:12:13,10:12:15,10:12:21,COMPLETED,19366.0,108.7,2.60,8.86
441,easy,12,10:13:18,10:13:24,10:13:30,COMPLETED,33650.0,108.6,6.06,12.33
447,easy,12,10:13:57,10:14:01,10:14:20,COMPLETED,24109.0,315.4,4.54,23.25
220,hard,15,09:51:54,09:51:56,10:14:51,COMPLETED,30492.0,22927.0,2.46,1377.94
190,hard,15,09:56:33,09:56:35,10:15:17,COMPLETED,32196.0,18705.6,2.02,1124.31
475,medium,13,10:08:30,10:08:31,10:15:29,COMPLETED,28645.0,6981.6,1.27,419.84
485,easy,11,10:15:07,10:15:10,10:15:42,COMPLETED,34055.0,536.7,3.86,35.64
439,medium,13,10:15:13,10:15:17,10:15:49,COMPLETED,28366.0,533.5,4.31,36.13
415,medium,13,10:16:03,10:16:07,10:16:58,COMPLETED,29125.0,851.0,4.76,55.49
420,easy,12,10:16:29,10:16:33,10:16:58,COMPLETED,29177.0,428.5,4.15,29.49
435,easy,11,10:17:09,10:17:11,10:17:30,COMPLETED,25129.0,326.0,2.24,21.48
369,easy,12,10:17:33,10:17:36,10:18:02,COMPLETED,30121.0,425.1,3.85,29.10
451,medium,13,10:15:39,10:15:42,10:18:14,COMPLETED,33814.0,2540.1,3.64,155.73
419,medium,14,10:12:20,10:12:21,10:18:33,COMPLETED,31944.0,6200.3,1.86,373.64
334,hard,15,09:43:02,09:43:03,10:20:01,COMPLETED,30862.0,36978.7,1.26,2219.83
281,medium,14,09:59:16,09:59:19,10:20:08,COMPLETED,30344.0,20809.6,3.82,1252.19
356,hard,15,10:04:01,10:04:01,10:20:27,COMPLETED,32746.0,16435.6,0.34,986.24
423,easy,11,10:20:30,10:20:33,10:20:52,COMPLETED,28907.0,318.4,3.63,22.46
144,hard,15,08:06:53,08:06:58,10:21:42,COMPLETED,28626.0,134727.6,5.75,8089.39
411,easy,12,10:20:52,10:20:52,10:21:42,COMPLETED,25851.0,835.7,0.46,50.39
232,hard,15,09:39:16,09:39:19,10:21:54,COMPLETED,37664.0,42585.2,3.79,2558.82
474,hard,15,10:18:01,10:18:02,10:22:07,COMPLETED,34070.0,4088.1,1.10,246.22
509,easy,11,10:22:50,10:22:50,10:22:56,COMPLETED,24568.0,107.0,0.55,6.79
494,easy,11,10:22:58,10:23:02,10:23:09,COMPLETED,30221.0,107.6,5.00,11.31
487,easy,12,10:22:57,10:23:02,10:24:23,COMPLETED,28559.0,1350.4,6.00,86.74
433,easy,11,10:24:15,10:24:17,10:24:23,COMPLETED,25860.0,109.3,2.49,8.74
348,medium,13,10:23:02,10:23:02,10:24:30,COMPLETED,29491.0,1453.5,1.00,88.08
353,easy,11,10:24:53,10:24:54,10:25:07,COMPLETED,27659.0,211.4,1.87,14.35
221,hard,15,09:59:12,09:59:13,10:25:13,COMPLETED,37510.0,26003.6,1.51,1561.59
193,medium,14,09:44:31,09:44:31,10:26:15,COMPLETED,30875.0,41739.5,0.77,2504.99
390,medium,13,10:26:36,10:26:41,10:27:13,COMPLETED,23771.0,537.0,5.22,37.02
412,easy,12,10:26:29,10:26:34,10:27:19,COMPLETED,31829.0,748.3,5.91,50.51
455,easy,12,10:26:18,10:26:22,10:27:25,COMPLETED,27279.0,1063.8,4.34,67.87
479,medium,14,10:02:15,10:02:15,10:27:32,COMPLETED,29844.0,25285.7,0.25,1517.23
445,easy,12,10:27:02,10:27:06,10:27:38,COMPLETED,25621.0,533.7,4.60,36.46
368,easy,11,10:28:55,10:28:59,10:29:06,COMPLETED,26516.0,109.3,4.88,11.26
430,easy,12,10:27:11,10:27:13,10:29:18,COMPLETED,29122.0,2099.4,2.02,127.70
464,easy,11,10:29:53,10:29:56,10:30:02,COMPLETED,28141.0,112.0,3.39,9.81
380,easy,11,10:30:19,10:30:21,10:30:34,COMPLETED,27540.0,220.2,2.78,15.69
364,easy,12,10:30:13,10:30:15,10:30:47,COMPLETED,31760.0,534.2,2.55,34.37
497,easy,11,10:30:50,10:30:53,10:30:59,COMPLETED,24933.0,109.9,3.64,9.90
392,easy,12,10:30:28,10:30:28,10:31:06,COMPLETED,31084.0,641.4,0.19,38.27
418,easy,11,10:31:00,10:31:06,10:31:19,COMPLETED,23337.0,218.7,6.27,19.17
467,medium,14,10:30:09,10:30:09,10:31:31,COMPLETED,25060.0,1383.0,0.16,82.85
389,easy,12,10:30:42,10:30:47,10:31:31,COMPLETED,20432.0,747.1,5.37,49.85
486,hard,15,10:20:08,10:20:08,10:32:03,COMPLETED,29879.0,11919.8,0.19,715.17
395,easy,12,10:32:37,10:32:40,10:32:59,COMPLETED,28950.0,315.1,3.60,22.31
358,medium,14,10:06:12,10:06:12,10:33:11,COMPLETED,29845.0,26983.4,0.88,1619.75
127,hard,15,08:04:09,08:04:15,10:33:30,COMPLETED,26252.0,149257.7,6.00,8961.42
355,easy,12,10:30:25,10:30:28,10:33:36,COMPLETED,27996.0,3146.4,3.19,191.70
341,easy,11,10:33:28,10:33:30,10:33:36,COMPLETED,27975.0,111.1,2.42,8.70
404,medium,13,10:32:38,10:32:40,10:33:49,COMPLETED,31443.0,1150.1,2.60,71.44
488,medium,14,10:12:16,10:12:21,10:34:08,COMPLETED,31807.0,21773.6,5.86,1312.05
268,hard,15,09:55:42,09:55:44,10:34:26,COMPLETED,31757.0,38713.5,2.08,2324.74
484,easy,12,10:35:07,10:35:10,10:35:22,COMPLETED,32622.0,211.0,3.21,15.68
198,hard,15,09:46:27,09:46:31,10:36:18,COMPLETED,34025.0,49781.5,4.81,2991.61
491,easy,12,10:36:00,10:36:06,10:36:18,COMPLETED,33692.0,211.3,6.14,18.61
263,hard,15,09:38:21,09:38:24,10:37:45,COMPLETED,30852.0,59362.6,3.27,3564.95
468,medium,13,10:32:25,10:32:28,10:37:52,COMPLETED,27410.0,5404.1,3.10,327.19
431,easy,12,10:37:14,10:37:14,10:38:04,COMPLETED,26228.0,838.3,0.51,50.65
496,easy,11,10:38:11,10:38:17,10:38:35,COMPLETED,31959.0,316.1,6.09,24.79
480,medium,13,10:34:26,10:34:26,10:38:42,COMPLETED,25315.0,4259.9,0.74,256.09
424,easy,11,10:38:37,10:38:42,10:38:48,COMPLETED,18578.0,108.7,5.09,11.40
372,easy,11,10:39:02,10:39:07,10:39:13,COMPLETED,22456.0,110.8,5.12,11.45
350,easy,11,10:39:12,10:39:13,10:39:19,COMPLETED,29325.0,110.4,1.45,7.81
465,medium,13,10:37:28,10:37:33,10:40:09,COMPLETED,28981.0,2613.8,5.42,161.98
481,easy,11,10:39:07,10:39:07,10:40:09,COMPLETED,33716.0,1051.8,0.12,62.98
508,medium,14,10:15:15,10:15:17,10:40:35,COMPLETED,26122.0,25300.8,2.31,1520.20
388,easy,12,10:38:30,10:38:35,10:40:35,COMPLETED,31818.0,1995.2,5.79,125.20
365,easy,11,10:40:34,10:40:35,10:40:41,COMPLETED,28527.0,110.4,1.20,7.56
376,easy,12,10:40:13,10:40:16,10:40:47,COMPLETED,25584.0,529.1,3.33,34.85
459,easy,12,10:37:38,10:37:39,10:41:31,COMPLETED,32756.0,3868.2,1.68,233.55
405,easy,12,10:41:12,10:41:12,10:42:02,COMPLETED,27428.0,837.0,0.76,50.77
400,easy,12,10:41:28,10:41:31,10:42:15,COMPLETED,35280.0,732.6,3.55,47.29
498,easy,11,10:42:09,10:42:09,10:42:34,COMPLETED,26981.0,421.3,0.02,25.04
387,medium,13,10:40:07,10:40:09,10:42:46,COMPLETED,25564.0,2619.5,2.98,159.82
391,easy,12,10:42:21,10:42:21,10:42:46,COMPLETED,30126.0,427.8,0.54,25.82
403,medium,13,10:41:23,10:41:25,10:43:50,COMPLETED,36710.0,2428.9,2.25,147.68
492,medium,13,10:38:54,10:38:54,10:44:47,COMPLETED,31152.0,5889.9,0.64,353.85
406,easy,11,10:44:11,10:44:16,10:44:54,COMPLETED,31516.0,638.2,5.06,43.12
382,medium,13,10:43:02,10:43:05,10:45:00,COMPLETED,22913.0,1914.7,3.85,118.40
458,easy,11,10:44:38,10:44:41,10:45:44,COMPLETED,36160.0,1052.1,3.50,66.30
425,easy,12,10:45:38,10:45:38,10:45:50,COMPLETED,27857.0,216.5,0.01,12.72
374,easy,12,10:45:40,10:45:44,10:46:03,COMPLETED,26233.0,320.6,4.30,23.33
461,easy,11,10:45:47,10:45:50,10:46:09,COMPLETED,26679.0,320.7,3.72,22.63
366,easy,12,10:45:40,10:45:44,10:46:15,COMPLETED,28141.0,532.4,4.30,35.99
363,easy,11,10:46:05,10:46:09,10:46:15,COMPLETED,22957.0,111.1,4.63,10.99
319,hard,15,09:35:25,09:35:25,10:46:28,COMPLETED,28998.0,71060.3,0.18,4263.73
362,easy,11,10:45:40,10:45:44,10:46:35,COMPLETED,25411.0,849.5,4.30,55.03
287,hard,15,09:56:53,09:56:54,10:46:41,COMPLETED,33332.0,49784.0,1.36,2988.30
454,medium,13,10:46:06,10:46:09,10:47:43,COMPLETED,29711.0,1575.7,3.63,98.00
370,easy,11,10:47:51,10:47:56,10:48:09,COMPLETED,24559.0,215.1,5.50,18.11
504,easy,12,10:48:22,10:48:27,10:49:18,COMPLETED,27924.0,844.0,5.95,56.34
499,medium,13,10:47:18,10:47:18,10:49:30,COMPLETED,30161.0,2207.5,0.81,132.94
410,easy,12,10:47:54,10:47:56,10:49:37,COMPLETED,30394.0,1684.2,2.50,103.34
359,easy,12,10:49:21,10:49:24,10:49:37,COMPLETED,19069.0,216.9,3.63,16.34
483,easy,11,10:49:27,10:49:30,10:49:37,COMPLETED,17359.0,111.2,3.94,10.34
399,easy,12,10:49:26,10:49:30,10:49:56,COMPLETED,25577.0,426.2,4.94,30.27
216,hard,15,09:45:19,09:45:22,10:50:02,COMPLETED,31616.0,64671.2,3.35,3883.55
432,medium,13,10:32:26,10:32:28,10:50:21,COMPLETED,34075.0,17894.2,2.10,1075.54
394,medium,13,10:49:06,10:49:12,10:50:40,COMPLETED,30151.0,1483.9,6.03,94.82
462,hard,15,10:34:05,10:34:08,10:51:00,COMPLETED,34545.0,16873.2,3.05,1015.27
500,easy,12,10:44:11,10:44:16,10:51:00,COMPLETED,33230.0,6739.5,5.06,409.27
417,easy,12,10:50:49,10:50:53,10:51:51,COMPLETED,24691.0,973.5,4.70,62.71
470,medium,13,10:48:04,10:48:09,10:52:17,COMPLETED,28315.0,4147.0,5.11,253.66
478,easy,11,10:52:27,10:52:30,10:52:49,COMPLETED,24312.0,331.0,3.29,22.70
436,medium,14,10:51:34,10:51:38,10:53:09,COMPLETED,32177.0,1521.3,4.56,95.38
381,medium,14,10:36:59,10:37:02,10:53:22,COMPLETED,28449.0,16342.6,3.06,983.25
397,easy,12,10:52:28,10:52:30,10:53:35,COMPLETED,32478.0,1088.0,2.29,67.43
343,medium,13,10:52:57,10:53:02,10:53:54,COMPLETED,26572.0,870.7,5.81,57.63
450,easy,11,10:54:26,10:54:26,10:54:46,COMPLETED,29160.0,333.7,0.78,20.61
434,easy,12,10:54:17,10:54:20,10:55:05,COMPLETED,24807.0,770.9,3.12,48.74
361,easy,11,10:55:02,10:55:05,10:55:25,COMPLETED,30078.0,333.6,3.74,23.29
351,easy,12,10:55:08,10:55:12,10:55:31,COMPLETED,26063.0,334.2,4.49,23.82
427,easy,12,10:54:36,10:54:40,10:55:38,COMPLETED,27793.0,981.7,4.02,62.59
429,easy,12,10:55:29,10:55:31,10:55:44,COMPLETED,22042.0,227.1,2.82,15.98
477,medium,13,10:51:43,10:51:44,10:56:17,COMPLETED,30669.0,4547.5,1.87,274.51
489,easy,12,10:56:38,10:56:42,10:57:33,COMPLETED,33248.0,853.2,4.96,55.85
393,easy,11,10:57:35,10:57:40,10:57:46,COMPLETED,22156.0,113.0,5.18,11.60
258,hard,15,09:19:38,09:19:42,10:58:12,COMPLETED,34505.0,98493.5,4.47,5914.03
456,easy,12,10:56:54,10:56:55,10:58:12,COMPLETED,30657.0,1277.4,1.72,78.03
453,hard,15,10:41:20,10:41:25,10:58:24,COMPLETED,33608.0,16993.6,5.25,1024.69
437,easy,11,10:58:27,10:58:31,10:58:50,COMPLETED,23114.0,322.4,4.01,23.06
482,hard,15,10:29:11,10:29:12,11:00:12,COMPLETED,34168.0,30997.2,1.46,1861.18
346,easy,12,10:58:42,10:58:43,11:00:31,COMPLETED,28598.0,1798.3,1.70,109.25
396,medium,13,10:55:02,10:55:05,11:00:37,COMPLETED,31674.0,5536.3,3.74,335.65
422,easy,12,10:59:47,10:59:53,11:01:09,COMPLETED,32725.0,1277.0,6.18,82.50
628,easy,11,11:00:48,11:01:15,11:01:22,COMPLETED,18685.0,114.2,27.85,34.20
426,easy,12,10:59:54,11:00:18,11:01:28,COMPLETED,26627.0,1180.2,24.51,94.74
305,medium,14,09:56:47,09:56:47,11:01:48,COMPLETED,40875.0,65008.0,0.92,3901.25
546,easy,12,11:00:41,11:00:44,11:01:48,COMPLETED,27732.0,1078.2,3.08,67.25
643,easy,11,11:01:06,11:01:54,11:02:01,COMPLETED,24442.0,119.4,48.83,55.51
656,easy,12,11:01:42,11:02:08,11:02:14,COMPLETED,27580.0,115.7,26.05,32.68
599,easy,11,11:00:52,11:01:28,11:02:21,COMPLETED,36219.0,876.1,36.74,89.02
340,medium,14,10:54:27,10:54:33,11:03:19,COMPLETED,27189.0,8769.7,6.43,532.17
650,easy,11,11:02:51,11:03:25,11:03:32,COMPLETED,28978.0,118.3,34.73,41.31
473,medium,14,10:54:18,10:54:20,11:04:43,COMPLETED,32365.0,10393.4,2.12,625.43
624,medium,13,11:00:29,11:00:37,11:04:56,COMPLETED,26147.0,4319.8,8.65,267.32
646,easy,11,11:03:06,11:04:49,11:05:02,COMPLETED,24489.0,227.6,103.97,116.95
591,easy,11,11:03:18,11:05:09,11:05:16,COMPLETED,27013.0,118.8,111.69,118.32
373,hard,15,10:32:16,10:32:21,11:05:35,COMPLETED,29229.0,33233.2,5.85,1999.72
670,easy,11,11:03:16,11:05:02,11:05:42,COMPLETED,27866.0,661.3,106.95,146.05
398,medium,14,10:50:41,10:50:47,11:07:06,COMPLETED,28417.0,16323.1,6.10,985.14
460,hard,15,10:34:39,10:34:39,11:07:19,COMPLETED,29057.0,32667.9,0.19,1960.04
564,medium,13,11:03:52,11:05:22,11:07:19,COMPLETED,26860.0,1946.0,90.86,207.04
632,easy,11,11:05:18,11:07:25,11:07:38,COMPLETED,27974.0,219.3,127.71,140.51
345,medium,14,10:55:55,10:55:57,11:07:51,COMPLETED,30669.0,11893.8,2.89,716.26
666,easy,12,11:04:59,11:07:12,11:07:51,COMPLETED,33260.0,648.5,133.69,172.26
678,easy,12,11:05:40,11:07:25,11:07:51,COMPLETED,26706.0,430.6,105.71,131.26
511,medium,13,11:02:55,11:03:38,11:08:04,COMPLETED,28071.0,4426.8,43.88,309.21
663,easy,11,11:07:20,11:07:57,11:08:16,COMPLETED,25494.0,325.4,37.65,56.94
466,medium,14,10:27:47,10:27:50,11:08:29,COMPLETED,33692.0,40649.8,3.84,2442.70
673,medium,13,11:04:30,11:05:48,11:09:07,COMPLETED,32408.0,3325.6,78.68,277.94
556,easy,12,11:06:15,11:07:57,11:09:27,COMPLETED,31004.0,1494.2,102.65,192.03
518,easy,11,11:08:00,11:09:33,11:09:52,COMPLETED,28984.0,324.3,93.36,112.49
506,hard,15,10:47:18,10:47:18,11:10:05,COMPLETED,31175.0,22775.9,0.81,1367.25
597,easy,12,11:08:08,11:09:58,11:10:05,COMPLETED,25679.0,112.2,110.84,117.25
443,medium,13,10:43:13,10:43:18,11:10:11,COMPLETED,34110.0,26885.9,5.66,1618.60
540,medium,14,11:01:05,11:01:35,11:12:05,COMPLETED,32118.0,10503.4,30.38,660.34
367,medium,14,10:55:31,10:55:31,11:12:37,COMPLETED,39093.0,17090.1,0.82,1026.10
660,medium,13,11:07:48,11:08:23,11:13:47,COMPLETED,26505.0,5399.2,35.34,359.02
449,hard,15,10:32:03,10:32:03,11:13:53,COMPLETED,36283.0,41839.0,0.17,2510.35
668,easy,11,11:11:38,11:13:59,11:14:12,COMPLETED,24308.0,221.7,141.73,154.52
490,medium,14,10:52:05,10:52:10,11:14:32,COMPLETED,35894.0,22356.3,5.97,1347.02
610,easy,11,11:12:02,11:14:19,11:14:38,COMPLETED,22610.0,335.2,137.07,156.57
401,hard,15,10:54:21,10:54:26,11:15:56,COMPLETED,36216.0,21495.7,5.78,1295.18
573,medium,13,11:13:25,11:14:45,11:16:15,COMPLETED,34240.0,1514.3,80.23,170.60
217,hard,15,09:48:47,09:48:49,11:16:22,COMPLETED,26703.0,87547.6,2.51,5255.14
602,medium,13,11:08:39,11:10:11,11:16:28,COMPLETED,27789.0,6295.0,92.60,469.77
625,easy,11,11:13:27,11:16:02,11:16:28,COMPLETED,28457.0,444.3,155.72,181.77
552,medium,14,11:01:32,11:01:54,11:16:41,COMPLETED,34315.0,14788.6,22.83,909.83
535,easy,12,11:13:52,11:16:35,11:17:20,COMPLETED,27358.0,761.7,163.45,208.65
295,hard,15,09:20:41,09:20:44,11:17:27,COMPLETED,36869.0,116705.3,3.90,7006.21
407,hard,15,10:44:36,10:44:41,11:17:59,COMPLETED,36781.0,33305.7,5.50,2003.61
605,easy,12,11:14:52,11:17:33,11:17:59,COMPLETED,28052.0,438.2,161.85,187.61
581,medium,13,11:07:40,11:08:10,11:18:06,COMPLETED,26940.0,9936.6,30.54,626.18
533,easy,11,11:15:45,11:18:06,11:18:19,COMPLETED,28904.0,229.9,141.18,154.47
671,medium,13,11:04:09,11:05:42,11:19:49,COMPLETED,40927.0,14122.0,93.05,940.15
594,medium,13,11:18:36,11:18:39,11:20:08,COMPLETED,30685.0,1490.5,3.03,92.16
651,medium,13,11:11:07,11:13:53,11:20:14,COMPLETED,36953.0,6357.4,166.35,547.50
612,medium,13,11:15:49,11:18:06,11:20:39,COMPLETED,39225.0,2564.9,137.18,290.86
662,easy,11,11:19:13,11:20:14,11:20:46,COMPLETED,26552.0,535.3,61.50,93.22
595,easy,11,11:19:22,11:20:46,11:20:52,COMPLETED,25959.0,113.7,84.22,90.65
544,easy,11,11:20:32,11:20:52,11:21:11,COMPLETED,21971.0,323.7,20.65,39.77
243,hard,15,09:10:02,09:10:05,11:21:24,COMPLETED,34713.0,131319.1,3.40,7882.52
653,easy,12,11:21:08,11:21:18,11:21:30,COMPLETED,24044.0,218.4,10.11,22.85
349,hard,15,10:43:30,10:43:31,11:22:27,COMPLETED,32915.0,38940.9,1.53,2337.84
621,medium,14,11:14:36,11:16:48,11:22:34,COMPLETED,27540.0,5769.7,132.41,478.23
568,easy,11,11:21:43,11:22:34,11:22:47,COMPLETED,27945.0,220.1,51.23,64.08
534,easy,12,11:20:41,11:20:59,11:23:06,COMPLETED,34513.0,2123.8,18.08,145.22
615,medium,14,11:17:21,11:18:12,11:25:07,COMPLETED,25132.0,6911.0,51.87,466.27
672,easy,12,11:21:50,11:22:40,11:25:19,COMPLETED,27967.0,2662.7,50.67,209.95
565,easy,11,11:23:00,11:25:13,11:26:11,COMPLETED,25175.0,972.4,133.59,191.58
629,easy,12,11:23:37,11:26:17,11:26:50,COMPLETED,28236.0,547.6,160.97,193.53
563,medium,14,11:02:26,11:02:27,11:28:07,COMPLETED,38658.0,25681.1,1.35,1541.87
623,medium,13,11:23:41,11:26:56,11:28:33,COMPLETED,33530.0,1624.5,195.85,292.84
667,easy,11,11:24:40,11:28:40,11:28:53,COMPLETED,24291.0,219.6,240.38,253.05
416,medium,13,10:51:39,10:51:44,11:29:19,COMPLETED,37226.0,37576.3,5.87,2260.29
528,easy,11,11:23:50,11:28:14,11:29:19,COMPLETED,28943.0,1085.8,264.45,329.29
516,medium,14,11:14:49,11:17:27,11:30:11,COMPLETED,30075.0,12734.6,158.21,922.03
636,easy,12,11:25:46,11:30:17,11:30:30,COMPLETED,23796.0,217.3,271.39,284.09
442,hard,15,10:48:25,10:48:27,11:31:14,COMPLETED,31192.0,42777.1,2.95,2569.47
590,medium,14,11:21:23,11:21:30,11:31:52,COMPLETED,29939.0,10363.6,7.85,629.40
554,medium,13,11:13:51,11:16:28,11:32:11,COMPLETED,25502.0,15716.4,157.77,1100.52
607,easy,12,11:26:29,11:31:58,11:32:11,COMPLETED,23539.0,218.4,329.73,342.52
577,easy,12,11:26:35,11:32:17,11:33:08,COMPLETED,24008.0,847.5,342.86,393.41
548,easy,12,11:27:32,11:32:17,11:33:08,COMPLETED,23153.0,847.2,285.86,336.41
619,easy,11,11:27:38,11:33:14,11:33:46,COMPLETED,32466.0,535.4,336.75,368.56
515,easy,11,11:28:01,11:33:52,11:34:05,COMPLETED,26445.0,219.0,351.94,364.73
585,easy,12,11:28:08,11:34:12,11:34:24,COMPLETED,24450.0,216.4,364.11,376.78
589,easy,12,11:27:34,11:33:14,11:35:02,COMPLETED,30381.0,1813.2,340.75,448.92
586,easy,12,11:28:24,11:34:31,11:35:15,COMPLETED,29813.0,755.9,367.12,411.96
438,hard,15,10:56:44,10:56:49,11:36:14,COMPLETED,28646.0,39417.0,5.30,2370.07
649,easy,11,11:29:02,11:36:20,11:36:33,COMPLETED,20036.0,224.4,438.55,451.52
674,medium,14,11:10:14,11:12:43,11:37:05,COMPLETED,30497.0,24377.3,149.42,1611.84
526,medium,14,11:21:27,11:21:37,11:37:18,COMPLETED,30246.0,15696.4,10.24,951.78
665,medium,13,11:25:31,11:29:25,11:37:38,COMPLETED,30288.0,8216.5,234.63,727.27
677,easy,12,11:29:20,11:37:12,11:38:30,COMPLETED,32654.0,1311.5,472.16,550.39
647,easy,12,11:29:23,11:37:44,11:39:15,COMPLETED,23542.0,1520.9,501.82,592.59
645,medium,13,11:29:03,11:36:40,11:39:28,COMPLETED,28242.0,2820.4,457.06,625.81
598,easy,12,11:30:04,11:39:22,11:39:41,COMPLETED,30534.0,335.2,558.13,577.70
512,easy,11,11:31:19,11:39:48,11:40:14,COMPLETED,29168.0,440.5,509.31,535.24
522,medium,13,11:29:20,11:37:25,11:41:05,COMPLETED,26946.0,3682.7,485.11,705.78
371,hard,15,10:49:34,10:49:37,11:41:12,COMPLETED,29223.0,51582.9,3.34,3098.11
661,easy,11,11:32:14,11:41:18,11:41:31,COMPLETED,30973.0,216.2,544.51,557.18
655,medium,13,11:26:05,11:30:36,11:43:12,COMPLETED,28022.0,12604.1,271.45,1027.39
551,medium,14,11:30:25,11:39:35,11:43:12,COMPLETED,34065.0,3623.2,550.35,767.39
510,medium,14,11:08:46,11:12:11,11:43:50,COMPLETED,26391.0,31650.6,205.67,2104.50
529,easy,12,11:32:17,11:41:37,11:43:50,COMPLETED,32379.0,2221.5,560.51,693.50
514,medium,14,11:28:35,11:35:09,11:43:56,COMPLETED,25083.0,8793.6,394.60,921.83
604,easy,11,11:34:22,11:43:56,11:44:09,COMPLETED,28769.0,217.9,574.83,587.65
644,easy,12,11:32:54,11:43:18,11:44:15,COMPLETED,24415.0,958.4,624.78,681.97
531,easy,11,11:34:30,11:44:03,11:44:22,COMPLETED,34779.0,324.5,573.29,592.36
630,easy,11,11:34:38,11:44:15,11:44:35,COMPLETED,27743.0,324.7,577.97,597.15
562,easy,11,11:34:40,11:44:22,11:44:35,COMPLETED,26958.0,218.4,582.36,595.15
550,easy,11,11:35:12,11:44:28,11:44:35,COMPLETED,28332.0,111.4,556.79,563.15
532,easy,12,11:32:50,11:43:18,11:44:41,COMPLETED,28296.0,1387.1,628.78,711.50
527,easy,11,11:35:30,11:44:41,11:44:54,COMPLETED,28395.0,219.8,551.50,564.41
561,easy,11,11:36:35,11:44:41,11:44:54,COMPLETED,30476.0,218.6,486.50,499.41
588,easy,12,11:37:56,11:45:00,11:45:13,COMPLETED,22112.0,217.7,424.74,437.45
545,easy,11,11:38:47,11:45:19,11:45:45,COMPLETED,24288.0,428.1,392.84,418.20
635,medium,13,11:31:39,11:41:12,11:45:51,COMPLETED,31285.0,4663.5,573.11,852.55
519,medium,14,11:24:56,11:28:59,11:47:27,COMPLETED,30641.0,18463.1,243.59,1351.08
537,easy,11,11:40:11,11:47:33,11:47:46,COMPLETED,24929.0,218.0,442.47,455.25
285,hard,15,09:49:44,09:49:45,11:49:08,COMPLETED,36491.0,119385.2,1.53,7164.56
444,hard,15,10:47:52,10:47:56,11:50:49,COMPLETED,32739.0,62893.3,4.50,3777.99
520,easy,12,11:40:41,11:50:56,11:51:40,COMPLETED,26869.0,742.5,615.33,659.58
560,easy,11,11:43:31,11:51:46,11:52:12,COMPLETED,23540.0,437.0,495.91,521.64
642,hard,15,11:18:44,11:19:55,11:52:19,COMPLETED,31514.0,32399.9,71.49,2015.17
609,easy,11,11:43:44,11:52:19,11:52:25,COMPLETED,21770.0,116.5,515.17,521.59
613,hard,15,11:12:27,11:14:38,11:52:58,COMPLETED,26579.0,38331.1,131.57,2431.03
347,medium,14,10:58:32,10:58:37,11:54:02,COMPLETED,34558.0,55422.2,5.35,3330.52
413,hard,15,10:46:10,10:46:15,11:54:40,COMPLETED,26580.0,68413.8,5.99,4110.70
600,easy,11,11:45:10,11:54:47,11:54:59,COMPLETED,26313.0,217.8,577.02,589.79
580,hard,15,11:07:52,11:08:36,11:55:25,COMPLETED,28621.0,46820.0,44.09,2853.11
606,easy,12,11:45:34,11:55:06,11:58:22,COMPLETED,29357.0,3270.8,572.12,768.07
337,hard,15,09:57:57,09:57:58,11:59:00,COMPLETED,31710.0,121032.6,1.12,7263.01
631,medium,14,11:40:23,11:49:14,11:59:32,COMPLETED,32851.0,10292.9,531.93,1149.06
626,easy,12,11:47:16,11:59:06,11:59:44,COMPLETED,26073.0,650.6,710.34,748.96
679,medium,14,11:44:49,11:54:08,11:59:51,COMPLETED,37769.0,5719.5,559.85,902.42
471,hard,15,10:39:12,10:39:13,11:59:58,COMPLETED,32571.0,80748.1,1.45,4846.09
648,easy,12,11:47:48,11:59:58,12:00:24,COMPLETED,28120.0,438.3,730.09,756.10
603,medium,13,11:14:22,11:16:35,12:01:41,COMPLETED,43386.0,45104.5,133.45,2839.45
611,medium,13,11:47:45,11:59:51,12:02:33,COMPLETED,26249.0,2701.6,726.42,888.02
639,easy,12,11:49:04,12:01:47,12:02:33,COMPLETED,27571.0,759.9,763.99,809.02
617,easy,11,11:49:31,12:02:39,12:02:46,COMPLETED,24246.0,118.1,788.62,795.33
675,medium,13,11:49:39,12:02:52,12:03:18,COMPLETED,28642.0,440.0,793.73,819.60
669,medium,13,11:31:35,11:40:20,12:03:44,COMPLETED,32378.0,23403.9,525.78,1929.65
542,medium,13,11:49:55,12:03:25,12:03:44,COMPLETED,25055.0,333.3,810.17,829.65
344,hard,15,10:19:45,10:19:49,12:03:57,COMPLETED,34693.0,104148.8,4.06,6252.92
641,easy,12,11:51:11,12:03:51,12:04:04,COMPLETED,22674.0,226.0,760.21,773.25
523,medium,14,11:44:47,11:53:04,12:05:15,COMPLETED,29946.0,12192.7,497.68,1228.81
555,medium,13,11:51:31,12:04:04,12:05:29,COMPLETED,29069.0,1417.6,753.25,838.01
582,easy,12,11:52:18,12:05:35,12:06:00,COMPLETED,26260.0,426.8,797.34,822.64
572,medium,14,11:21:57,11:22:53,12:06:51,COMPLETED,44362.0,43966.2,56.47,2694.22
601,medium,14,11:47:44,11:59:38,12:06:51,COMPLETED,26884.0,7216.0,714.60,1147.22
549,easy,11,11:52:19,12:06:06,12:06:51,COMPLETED,34101.0,743.9,827.97,872.22
212,hard,15,09:14:52,09:14:57,12:07:16,COMPLETED,29608.0,172324.0,5.28,10344.68
633,easy,11,11:52:40,12:06:57,12:07:16,COMPLETED,29864.0,322.0,857.63,876.68
517,easy,11,11:53:45,12:07:23,12:07:29,COMPLETED,28028.0,112.0,818.02,824.42
513,easy,11,11:54:05,12:07:23,12:07:48,COMPLETED,32635.0,428.0,798.02,823.45
536,easy,11,11:54:49,12:07:35,12:07:48,COMPLETED,32927.0,216.6,766.77,779.45
634,easy,12,11:51:37,12:04:10,12:08:20,COMPLETED,28432.0,4158.8,753.91,1003.11
575,medium,14,11:39:45,11:45:57,12:09:36,COMPLETED,30189.0,23640.0,372.97,1791.10
616,medium,13,11:50:57,12:03:51,12:10:39,COMPLETED,26560.0,6817.6,774.21,1182.80
578,medium,14,11:49:35,12:02:39,12:10:53,COMPLETED,31850.0,8226.8,784.62,1278.06
579,easy,11,11:56:26,12:10:46,12:11:12,COMPLETED,28507.0,443.6,860.37,886.50
658,easy,11,11:56:47,12:10:59,12:11:25,COMPLETED,26302.0,446.3,852.38,878.62
587,easy,11,11:57:28,12:11:19,12:11:38,COMPLETED,26664.0,333.7,831.04,850.57
620,easy,12,11:57:49,12:11:32,12:11:38,COMPLETED,24610.0,114.9,823.21,829.57
557,medium,13,11:56:22,12:09:42,12:11:45,COMPLETED,26743.0,2051.0,800.46,923.14
657,easy,12,11:58:47,12:11:45,12:11:57,COMPLETED,19762.0,221.0,778.14,790.91
342,hard,15,10:39:55,10:39:57,12:12:24,COMPLETED,34839.0,92447.6,2.38,5549.15
593,easy,12,11:59:53,12:12:30,12:12:56,COMPLETED,31468.0,437.9,757.47,783.44
574,easy,12,11:59:14,12:12:04,12:13:15,COMPLETED,25679.0,1188.1,770.46,841.45
622,medium,14,11:34:05,11:43:56,12:13:34,COMPLETED,37994.0,29631.6,591.83,2369.50
732,easy,12,12:00:02,12:13:21,12:14:31,COMPLETED,27938.0,1165.0,799.79,869.39
553,easy,12,11:58:54,12:11:51,12:14:50,COMPLETED,28249.0,2985.4,777.56,956.38
571,medium,13,11:58:50,12:11:45,12:15:28,COMPLETED,34088.0,3738.2,775.14,999.00
747,easy,11,12:01:01,12:14:56,12:15:28,COMPLETED,31884.0,546.7,835.73,868.00
843,easy,12,12:01:18,12:15:35,12:16:20,COMPLETED,21656.0,761.3,857.57,902.99
818,medium,14,12:01:05,12:15:35,12:16:58,COMPLETED,32141.0,1394.9,870.57,953.96
837,easy,11,12:02:09,12:16:27,12:17:05,COMPLETED,29213.0,639.6,858.31,896.29
583,medium,13,11:56:09,12:08:26,12:18:34,COMPLETED,30256.0,10130.6,737.50,1345.06
541,hard,15,11:45:47,11:55:31,12:19:05,COMPLETED,36430.0,23576.7,584.45,1998.77
638,medium,13,11:52:37,12:06:57,12:19:31,COMPLETED,38657.0,12562.5,860.63,1614.12
81,hard,15,08:53:20,08:53:22,12:19:50,COMPLETED,25692.0,206459.8,2.56,12390.13
687,easy,12,12:03:08,12:18:40,12:19:50,COMPLETED,31852.0,1167.6,932.39,1002.13
524,medium,14,11:55:10,12:07:54,12:19:56,COMPLETED,26898.0,12034.0,764.79,1486.47
784,easy,11,12:04:56,12:19:56,12:20:22,COMPLETED,34483.0,430.1,900.47,926.01
627,hard,15,11:25:18,11:29:25,12:20:59,COMPLETED,34950.0,51574.8,247.63,3341.94
800,easy,12,12:03:14,12:19:12,12:21:06,COMPLETED,35317.0,1908.2,958.14,1072.28
705,easy,11,12:06:40,12:21:06,12:21:31,COMPLETED,31237.0,428.0,866.28,891.67
797,easy,12,12:07:07,12:21:37,12:21:57,COMPLETED,27477.0,334.5,871.00,890.51
810,easy,12,12:05:58,12:20:28,12:22:10,COMPLETED,32678.0,1714.5,870.35,972.74
717,medium,13,12:07:01,12:21:12,12:22:56,COMPLETED,24752.0,1733.4,851.68,955.21
640,hard,15,11:05:52,11:07:44,12:23:22,COMPLETED,33419.0,75624.6,112.91,4650.22
408,hard,15,10:35:26,10:35:28,12:25:43,COMPLETED,31933.0,110254.4,2.89,6617.96
538,hard,15,11:39:06,11:45:51,12:27:40,COMPLETED,29400.0,41822.5,405.55,2914.53
692,medium,13,12:08:51,12:25:50,12:30:25,COMPLETED,30452.0,4583.5,1019.58,1294.31
718,easy,11,12:09:22,12:30:31,12:30:44,COMPLETED,27246.0,216.5,1269.64,1282.31
685,medium,13,12:00:45,12:14:37,12:30:57,COMPLETED,27616.0,16325.9,832.72,1812.01
652,medium,14,11:53:12,12:06:57,12:31:03,COMPLETED,29359.0,24098.9,825.63,2271.35
778,easy,12,12:10:17,12:31:03,12:31:28,COMPLETED,30995.0,427.9,1246.35,1271.72
700,easy,11,12:10:40,12:31:35,12:31:41,COMPLETED,28182.0,111.2,1255.05,1261.41
779,easy,11,12:11:34,12:31:47,12:32:00,COMPLETED,24176.0,216.9,1213.74,1226.41
842,easy,11,12:11:40,12:32:06,12:32:25,COMPLETED,24007.0,321.9,1226.78,1245.79
796,medium,14,12:08:43,12:23:28,12:32:44,COMPLETED,28438.0,9276.1,885.57,1441.79
756,easy,11,12:12:32,12:32:32,12:32:51,COMPLETED,21157.0,328.3,1200.12,1219.20
149,hard,15,08:43:30,08:43:30,12:32:57,COMPLETED,30835.0,229456.3,0.45,13767.87
664,hard,15,11:07:57,11:09:14,12:33:04,COMPLETED,38600.0,83838.5,77.27,5107.25
826,easy,11,12:14:35,12:33:10,12:33:17,COMPLETED,25207.0,116.6,1115.89,1122.51
808,easy,12,12:13:07,12:32:57,12:33:23,COMPLETED,32269.0,441.1,1190.87,1216.92
720,easy,11,12:14:59,12:33:23,12:33:37,COMPLETED,30413.0,226.3,1104.92,1118.01
385,hard,15,10:49:42,10:49:43,12:34:22,COMPLETED,35102.0,104646.8,1.69,6280.40
766,easy,11,12:16:10,12:34:28,12:34:35,COMPLETED,22480.0,119.1,1098.72,1105.36
693,medium,13,12:15:51,12:33:43,12:34:41,COMPLETED,32651.0,983.7,1072.56,1130.91
713,medium,13,12:14:25,12:33:04,12:35:59,COMPLETED,24329.0,2930.9,1119.25,1294.82
802,medium,13,12:16:35,12:34:41,12:36:25,COMPLETED,34703.0,1735.8,1086.91,1190.79
711,easy,12,12:17:07,12:36:06,12:36:25,COMPLETED,22174.0,332.3,1139.15,1158.79
596,hard,15,11:47:59,12:00:04,12:36:58,COMPLETED,32032.0,36895.4,725.74,2939.12
791,easy,12,12:16:36,12:34:48,12:39:38,COMPLETED,27205.0,4838.2,1092.63,1382.58
521,hard,15,11:28:48,11:35:22,12:39:51,COMPLETED,30526.0,64484.2,394.52,4263.39
757,easy,12,12:18:48,12:39:44,12:40:10,COMPLETED,27561.0,429.4,1256.97,1282.44
659,medium,14,11:19:16,11:20:20,12:40:16,COMPLETED,34632.0,79935.0,64.87,4860.77
825,easy,12,12:19:36,12:40:23,12:41:57,COMPLETED,29382.0,1583.7,1247.15,1341.87
724,medium,13,12:19:01,12:40:16,12:42:16,COMPLETED,29402.0,2008.7,1275.77,1395.94
782,medium,13,12:20:13,12:42:04,12:43:13,COMPLETED,32611.0,1167.3,1311.19,1380.93
505,medium,14,10:53:28,10:53:28,12:44:50,COMPLETED,40724.0,111357.4,0.87,6682.14
414,hard,15,10:37:12,10:37:14,12:44:56,COMPLETED,31905.0,127704.8,2.51,7664.68
773,medium,14,12:10:23,12:31:09,12:45:03,COMPLETED,33324.0,13894.0,1246.72,2080.07
762,easy,11,12:21:24,12:45:03,12:45:09,COMPLETED,26229.0,116.1,1419.07,1425.44
768,easy,12,12:21:35,12:45:16,12:45:22,COMPLETED,26395.0,119.1,1421.09,1427.73
298,hard,15,09:28:30,09:28:30,12:46:14,COMPLETED,31884.0,197732.6,0.69,11864.59
703,easy,11,12:22:35,12:46:21,12:46:46,COMPLETED,26123.0,434.9,1426.18,1451.97
847,easy,12,12:21:53,12:45:29,12:47:32,COMPLETED,27712.0,2058.8,1416.28,1539.33
809,hard,15,12:08:03,12:22:04,12:48:30,COMPLETED,31670.0,26446.8,841.11,2427.55
730,medium,13,12:17:14,12:36:32,12:49:41,COMPLETED,35854.0,13170.2,1158.12,1947.90
746,easy,12,12:23:21,12:47:38,12:49:54,COMPLETED,25955.0,2272.6,1457.86,1593.86
739,medium,14,12:04:54,12:19:56,12:50:51,COMPLETED,30232.0,30928.4,902.47,2757.91
539,medium,14,11:13:48,11:16:22,12:52:08,COMPLETED,29300.0,95768.3,154.14,5900.12
822,medium,14,12:08:15,12:22:17,12:52:14,COMPLETED,30849.0,29957.5,842.28,2639.45
816,medium,13,12:23:24,12:48:37,12:52:58,COMPLETED,30558.0,4365.7,1513.08,1774.75
759,easy,12,12:23:21,12:46:53,12:53:36,COMPLETED,35676.0,6729.8,1412.29,1815.81
701,medium,13,12:20:47,12:43:20,12:55:24,COMPLETED,33107.0,12077.8,1353.26,2077.66
814,hard,15,12:21:30,12:45:09,12:55:24,COMPLETED,22078.0,10258.4,1419.44,2034.66
844,medium,13,12:18:59,12:39:57,12:56:08,COMPLETED,33882.0,16191.1,1258.75,2229.96
794,easy,12,12:26:07,12:55:31,12:56:08,COMPLETED,24104.0,637.9,1764.00,1801.96
775,medium,13,12:25:53,12:53:05,12:57:05,COMPLETED,33055.0,4018.3,1632.08,1872.90
760,medium,14,12:00:20,12:13:40,12:57:50,COMPLETED,31070.0,44158.7,800.85,3450.16
695,easy,12,12:28:12,12:57:56,12:59:06,COMPLETED,24056.0,1163.5,1784.50,1854.00
707,medium,14,12:09:34,12:30:50,12:59:25,COMPLETED,29975.0,28576.6,1276.65,2991.02
735,easy,12,12:28:58,12:59:31,13:00:09,COMPLETED,28900.0,638.7,1833.34,1871.36
558,hard,15,11:48:16,12:00:30,13:00:15,COMPLETED,29472.0,59758.0,734.43,4319.69
815,easy,12,12:29:20,13:00:15,13:01:33,COMPLETED,25583.0,1299.8,1855.69,1933.38
698,medium,14,12:12:40,12:32:51,13:02:38,COMPLETED,29081.0,29788.1,1211.20,2998.22
790,easy,11,12:29:57,13:02:44,13:02:57,COMPLETED,29809.0,223.8,1967.61,1980.35
637,hard,15,11:40:20,11:47:52,13:03:04,COMPLETED,32382.0,75195.5,452.58,4964.08
834,medium,13,12:27:18,12:56:15,13:03:10,COMPLETED,28461.0,6924.9,1737.30,2152.50
440,hard,15,10:47:10,10:47:12,13:03:23,COMPLETED,32947.0,136180.0,2.53,8173.25
770,hard,15,12:15:48,12:33:30,13:03:23,COMPLETED,31597.0,29884.8,1062.38,2855.25
839,easy,12,12:30:21,13:03:16,13:04:26,COMPLETED,25586.0,1165.0,1975.89,2045.50
765,medium,14,12:24:56,12:50:58,13:08:20,COMPLETED,31909.0,17379.6,1562.31,2604.80
836,easy,12,12:31:14,13:08:27,13:08:46,COMPLETED,23623.0,336.1,2233.17,2252.85
801,medium,13,12:27:31,12:57:12,13:09:12,COMPLETED,37264.0,12015.1,1781.23,2501.71
803,easy,11,12:31:36,13:08:53,13:09:32,COMPLETED,33956.0,654.7,2237.38,2276.37
838,easy,11,12:31:44,13:09:19,13:09:38,COMPLETED,32569.0,334.4,2255.24,2274.70
845,medium,13,12:32:24,13:09:45,13:10:04,COMPLETED,27756.0,327.2,2241.36,2260.48
696,easy,11,12:31:55,13:09:38,13:10:17,COMPLETED,33242.0,653.8,2263.70,2302.43
749,easy,11,12:33:09,13:10:11,13:10:30,COMPLETED,34668.0,334.7,2222.03,2241.62
741,medium,13,12:30:58,13:04:32,13:12:13,COMPLETED,28446.0,7691.4,2014.83,2475.93
734,medium,13,12:33:10,13:10:23,13:12:13,COMPLETED,28932.0,1839.1,2233.99,2343.93
525,hard,15,11:23:17,11:25:26,13:12:26,COMPLETED,30336.0,107011.2,129.49,6549.94
676,hard,15,11:26:28,11:31:20,13:12:26,COMPLETED,28434.0,101106.8,292.80,6358.94
383,hard,15,10:39:58,10:40:03,13:12:33,COMPLETED,34357.0,152502.5,5.70,9155.52
402,hard,15,10:50:56,10:51:00,13:12:33,COMPLETED,36344.0,141560.6,4.27,8497.52
722,easy,11,12:33:30,13:12:20,13:12:40,COMPLETED,28685.0,338.8,2330.37,2350.32
715,easy,12,12:33:30,13:12:20,13:12:40,COMPLETED,24097.0,338.3,2330.37,2350.32
819,medium,14,12:29:58,13:03:04,13:12:46,COMPLETED,30202.0,9721.9,1986.08,2568.77
686,medium,13,12:30:57,13:03:29,13:12:46,COMPLETED,21710.0,9296.9,1952.59,2509.77
799,easy,11,12:35:13,13:12:40,13:12:46,COMPLETED,25526.0,119.1,2247.32,2253.77
748,easy,11,12:35:46,13:12:46,13:12:53,COMPLETED,28519.0,123.7,2220.77,2227.56
824,easy,12,12:34:13,13:12:33,13:13:06,COMPLETED,29085.0,561.5,2300.52,2333.99
530,hard,15,11:52:14,12:05:22,13:14:24,COMPLETED,31913.0,69036.2,788.36,4930.35
738,medium,13,12:35:45,13:12:46,13:14:43,COMPLETED,30054.0,1951.1,2221.77,2338.55
764,medium,13,12:37:50,13:13:00,13:14:49,COMPLETED,30219.0,1831.2,2110.36,2219.90
710,easy,11,12:39:51,13:14:56,13:15:21,COMPLETED,26622.0,427.3,2105.28,2130.60
704,medium,13,12:36:34,13:12:53,13:18:06,COMPLETED,32450.0,5216.9,2179.56,2492.24
752,medium,14,12:38:22,13:14:49,13:18:38,COMPLETED,33039.0,3807.9,2187.90,2416.04
832,easy,11,12:40:59,13:18:44,13:19:09,COMPLETED,23935.0,428.9,2265.42,2290.84
821,easy,11,12:41:13,13:19:16,13:19:35,COMPLETED,21237.0,322.3,2283.17,2302.20
787,medium,14,12:33:26,13:10:37,13:19:47,COMPLETED,24679.0,9183.2,2231.16,2781.89
743,easy,12,12:41:33,13:19:41,13:19:47,COMPLETED,19927.0,111.2,2288.54,2294.89
567,medium,14,11:43:54,11:52:32,13:19:54,COMPLETED,30576.0,87374.2,518.22,5760.23
805,easy,11,12:41:36,13:19:54,13:20:07,COMPLETED,33812.0,230.2,2298.23,2311.61
714,medium,13,12:40:15,13:15:27,13:20:40,COMPLETED,37626.0,5206.4,2112.94,2425.04
654,hard,15,11:55:32,12:07:54,13:22:03,COMPLETED,33450.0,74153.2,742.79,5191.76
694,medium,14,12:25:59,12:53:43,13:22:03,COMPLETED,31628.0,28350.7,1664.14,3364.76
804,easy,12,12:43:03,13:20:46,13:22:10,COMPLETED,30003.0,1407.2,2263.37,2347.35
712,easy,11,12:43:06,13:22:10,13:22:23,COMPLETED,29358.0,220.3,2344.35,2357.24
781,easy,11,12:43:10,13:22:16,13:22:29,COMPLETED,25563.0,219.5,2346.85,2359.61
783,medium,14,12:17:53,12:37:04,13:22:36,COMPLETED,38201.0,45527.1,1151.67,3883.05
706,medium,14,12:34:38,13:12:40,13:22:42,COMPLETED,30811.0,10040.2,2282.32,2884.45
833,medium,14,12:36:44,13:12:53,13:23:20,COMPLETED,32618.0,10452.6,2169.56,2796.55
831,easy,12,12:43:18,13:22:29,13:23:26,COMPLETED,28339.0,961.1,2351.61,2408.90
813,easy,12,12:43:39,13:22:42,13:23:33,COMPLETED,27337.0,854.4,2343.45,2394.33
733,medium,13,12:43:08,13:22:10,13:24:05,COMPLETED,31727.0,1920.4,2342.35,2457.18
731,easy,11,12:45:08,13:23:33,13:24:05,COMPLETED,32832.0,539.4,2305.33,2337.18
384,hard,15,10:59:48,10:59:53,13:24:24,COMPLETED,31189.0,144531.1,5.18,8676.94
742,easy,12,12:44:11,13:23:26,13:24:24,COMPLETED,24395.0,975.7,2355.90,2413.94
777,easy,11,12:45:50,13:24:11,13:24:24,COMPLETED,24475.0,227.5,2301.74,2314.94
795,hard,15,12:08:42,12:23:02,13:24:44,COMPLETED,29323.0,61702.5,860.75,4562.72
798,easy,11,12:47:25,13:24:31,13:24:44,COMPLETED,25110.0,222.0,2226.52,2239.72
835,easy,11,12:47:29,13:24:51,13:25:03,COMPLETED,29539.0,217.0,2242.07,2254.80
792,easy,11,12:47:42,13:24:51,13:25:10,COMPLETED,29652.0,322.5,2229.07,2248.13
709,easy,11,12:48:05,13:25:16,13:25:29,COMPLETED,32789.0,218.2,2231.49,2244.21
763,easy,12,12:45:17,13:23:39,13:25:41,COMPLETED,23581.0,2041.9,2302.76,2424.97
740,easy,12,12:50:13,13:25:35,13:26:00,COMPLETED,31482.0,428.0,2122.61,2147.99
689,easy,12,12:47:54,13:25:10,13:26:13,COMPLETED,26460.0,1064.2,2236.13,2299.68
755,easy,11,12:51:38,13:26:07,13:26:20,COMPLETED,24298.0,218.1,2069.33,2082.02
827,medium,13,12:38:13,13:13:13,13:26:32,COMPLETED,27782.0,13327.9,2100.37,2899.80
728,easy,11,12:52:12,13:26:26,13:26:32,COMPLETED,21134.0,111.2,2054.45,2060.80
682,medium,14,12:42:36,13:20:00,13:26:51,COMPLETED,29460.0,6852.5,2244.99,2655.89
754,medium,13,12:46:11,13:24:31,13:27:17,COMPLETED,30543.0,2768.3,2300.52,2466.32
708,easy,11,12:53:34,13:26:58,13:27:23,COMPLETED,27259.0,430.1,2004.22,2029.68
820,medium,13,12:50:44,13:25:48,13:27:42,COMPLETED,26935.0,1911.0,2104.33,2218.71
377,hard,15,10:53:22,10:53:22,13:29:36,COMPLETED,32982.0,156238.4,0.25,9374.45
357,hard,15,10:31:00,10:31:06,13:29:55,COMPLETED,38551.0,178821.9,6.27,10735.53
780,easy,11,12:55:28,13:30:01,13:30:14,COMPLETED,28843.0,218.3,2073.86,2086.53
848,medium,13,12:46:58,13:24:31,13:31:12,COMPLETED,31673.0,6692.9,2253.52,2654.78
737,easy,11,12:55:41,13:31:19,13:31:25,COMPLETED,22456.0,110.9,2138.29,2144.64
691,easy,12,12:56:07,13:31:31,13:31:45,COMPLETED,28600.0,226.0,2124.97,2138.04
697,easy,11,12:56:24,13:31:51,13:32:10,COMPLETED,25367.0,331.6,2127.56,2146.97
750,hard,15,12:28:55,12:59:12,13:32:17,COMPLETED,29285.0,33092.4,1817.33,3802.49
716,medium,14,12:53:11,13:26:39,13:32:17,COMPLETED,31740.0,5646.9,2008.14,2346.49
680,easy,12,12:57:03,13:32:24,13:32:50,COMPLETED,30649.0,443.2,2121.01,2147.21
683,medium,13,12:54:27,13:27:49,13:33:03,COMPLETED,28488.0,5239.9,2002.04,2316.15
702,easy,12,12:56:53,13:32:24,13:34:14,COMPLETED,29687.0,1848.4,2131.01,2241.32
681,easy,12,12:57:45,13:34:20,13:35:25,COMPLETED,31300.0,1086.2,2196.00,2260.68
829,hard,15,12:25:33,12:52:20,13:36:23,COMPLETED,29250.0,44054.9,1607.84,4250.88
751,easy,12,12:58:29,13:35:32,13:37:02,COMPLETED,23074.0,1502.6,2223.21,2313.01
726,hard,15,12:25:10,12:52:14,13:38:24,COMPLETED,36329.0,46166.6,1624.45,4394.27
785,easy,12,12:59:14,13:38:30,13:39:21,COMPLETED,29333.0,849.9,2356.60,2407.29
767,medium,14,12:43:25,13:22:36,13:39:27,COMPLETED,27026.0,16865.3,2351.05,3362.62
736,medium,13,12:57:13,13:33:09,13:39:40,COMPLETED,36034.0,6520.4,2156.49,2547.44
699,medium,14,12:55:25,13:29:42,13:39:53,COMPLETED,37998.0,10176.1,2057.86,2668.16
812,medium,13,12:55:40,13:30:20,13:39:53,COMPLETED,34685.0,9541.1,2080.98,2653.16
918,easy,11,13:01:27,13:39:46,13:39:53,COMPLETED,27529.0,112.0,2299.77,2306.16
914,easy,12,13:03:31,13:39:59,13:40:31,COMPLETED,28777.0,531.5,2188.51,2220.16
727,hard,15,12:53:18,13:26:39,13:40:56,COMPLETED,30569.0,14292.4,2001.14,2858.47
725,hard,15,12:37:39,13:12:53,13:41:09,COMPLETED,34890.0,28261.1,2114.56,3810.17
823,easy,11,12:59:40,13:39:27,13:41:28,COMPLETED,25155.0,2015.4,2387.62,2508.26
979,easy,11,13:03:47,13:41:15,13:41:28,COMPLETED,26800.0,218.1,2248.49,2261.26
891,easy,11,13:04:06,13:41:34,13:41:47,COMPLETED,22389.0,227.8,2248.60,2261.82
719,easy,12,12:59:51,13:39:34,13:42:00,COMPLETED,31420.0,2453.1,2383.09,2529.80
927,easy,12,13:03:39,13:40:37,13:42:00,COMPLETED,27541.0,1397.4,2218.49,2301.80
925,easy,12,13:04:15,13:41:54,13:42:52,COMPLETED,30172.0,978.1,2259.41,2317.75
1017,easy,12,13:05:15,13:42:07,13:42:59,COMPLETED,26826.0,870.9,2212.39,2264.13
910,easy,11,13:05:17,13:42:59,13:43:25,COMPLETED,31830.0,441.6,2262.13,2288.14
943,medium,13,13:03:42,13:41:02,13:43:31,COMPLETED,35340.0,2486.7,2240.80,2389.68
1012,easy,12,13:05:47,13:43:31,13:44:23,COMPLETED,25447.0,872.9,2264.68,2316.58
900,easy,12,13:07:22,13:43:38,13:44:42,COMPLETED,26175.0,1084.5,2176.05,2240.83
968,easy,11,13:07:40,13:44:49,13:45:21,COMPLETED,30950.0,547.2,2229.15,2261.48
950,medium,13,13:07:39,13:44:30,13:46:00,COMPLETED,29977.0,1518.6,2211.11,2301.63
909,medium,13,13:08:02,13:45:28,13:46:00,COMPLETED,28233.0,554.0,2246.03,2278.63
887,medium,13,13:08:29,13:46:07,13:46:40,COMPLETED,24594.0,553.8,2258.32,2291.05
1014,easy,11,13:10:24,13:46:46,13:46:53,COMPLETED,24392.0,118.5,2182.60,2189.19
913,medium,13,13:10:29,13:46:59,13:48:09,COMPLETED,29055.0,1174.5,2190.76,2260.93
786,hard,15,12:30:25,13:03:29,13:50:09,COMPLETED,37424.0,46676.1,1984.59,4784.95
769,medium,14,12:42:52,13:20:14,13:50:16,COMPLETED,35761.0,30040.7,2242.10,4044.28
954,easy,12,13:11:18,13:50:22,13:51:32,COMPLETED,23391.0,1163.8,2344.65,2414.15
1019,medium,13,13:11:03,13:50:16,13:52:54,COMPLETED,29609.0,2652.9,2353.28,2511.96
744,medium,14,12:51:54,13:26:20,13:53:20,COMPLETED,28614.0,27021.9,2066.02,3686.94
944,easy,12,13:11:39,13:53:27,13:55:23,COMPLETED,24383.0,1944.3,2508.49,2624.85
901,medium,14,13:03:52,13:41:34,13:58:05,COMPLETED,33291.0,16518.1,2262.60,3253.22
993,easy,11,13:12:38,13:58:11,13:58:18,COMPLETED,23954.0,118.5,2733.79,2740.41
949,easy,12,13:13:26,13:58:24,13:58:57,COMPLETED,29752.0,541.4,2698.95,2731.13
919,hard,15,13:05:47,13:43:05,13:59:47,COMPLETED,28204.0,16704.9,2238.78,3240.79
684,medium,14,12:21:18,12:44:56,14:02:00,COMPLETED,36002.0,77068.0,1418.68,6042.59
920,medium,13,13:14:00,13:59:54,14:02:00,COMPLETED,32493.0,2113.0,2754.13,2880.59
830,hard,15,12:23:28,12:49:48,14:02:13,COMPLETED,28848.0,72417.3,1580.45,5925.32
817,hard,15,12:56:41,13:32:17,14:02:19,COMPLETED,30807.0,30040.5,2136.49,3938.65
874,easy,12,13:14:50,14:02:06,14:02:32,COMPLETED,32666.0,428.7,2836.93,2862.38
907,easy,11,13:15:35,14:02:26,14:02:57,COMPLETED,31064.0,534.4,2811.02,2842.78
922,medium,14,13:10:47,13:48:16,14:03:04,COMPLETED,27964.0,14803.1,2249.25,3137.12
745,hard,15,12:42:15,13:19:54,14:03:35,COMPLETED,31419.0,43695.1,2259.23,4880.81
793,hard,15,12:23:39,12:50:01,14:03:42,COMPLETED,29893.0,73685.5,1582.25,6003.16
941,easy,12,13:16:17,14:03:10,14:03:42,COMPLETED,31931.0,533.6,2813.51,2845.16
880,easy,12,13:16:21,14:03:42,14:03:54,COMPLETED,22595.0,218.9,2841.16,2853.95
928,easy,12,13:16:39,14:03:48,14:05:17,COMPLETED,30621.0,1484.1,2829.55,2918.33
772,medium,13,12:59:12,13:37:08,14:05:23,COMPLETED,43411.0,28259.0,2276.40,3971.67
729,hard,15,12:05:47,12:20:02,14:05:30,COMPLETED,29435.0,105455.7,855.90,7183.04
998,easy,11,13:18:05,14:05:23,14:05:36,COMPLETED,23380.0,218.1,2838.67,2851.42
869,medium,14,13:11:37,13:53:01,14:06:01,COMPLETED,28205.0,13008.5,2484.51,3264.76
966,easy,11,13:21:52,14:06:08,14:06:33,COMPLETED,24590.0,428.5,2656.12,2681.51
995,medium,13,13:09:33,13:46:07,14:06:46,COMPLETED,38803.0,20652.4,2194.32,3433.28
965,easy,11,13:21:58,14:06:39,14:06:59,COMPLETED,19922.0,325.0,2681.85,2701.05
885,easy,12,13:22:35,14:06:52,14:08:02,COMPLETED,27990.0,1166.9,2657.66,2727.38
899,easy,11,13:23:03,14:08:08,14:08:21,COMPLETED,22025.0,216.1,2705.71,2718.36
934,medium,14,13:15:51,14:02:38,14:09:37,COMPLETED,31526.0,6985.4,2807.73,3226.41
924,medium,13,13:16:58,14:04:01,14:10:35,COMPLETED,38231.0,6580.6,2823.33,3217.71
967,easy,12,13:24:06,14:08:27,14:12:24,COMPLETED,36309.0,3959.4,2661.69,2898.96
690,hard,15,12:20:22,12:42:23,14:12:37,COMPLETED,27809.0,90241.5,1321.32,6735.65
840,medium,13,12:43:49,13:22:48,14:13:03,COMPLETED,26477.0,50240.5,2339.82,5354.04
908,medium,13,13:24:25,14:10:42,14:13:15,COMPLETED,29957.0,2563.0,2777.25,2930.74
828,hard,15,12:03:01,12:17:11,14:14:12,COMPLETED,35325.0,117017.2,850.72,7871.62
978,easy,12,13:25:55,14:13:22,14:14:12,COMPLETED,30034.0,847.8,2847.07,2897.62
917,medium,14,13:05:12,13:42:07,14:14:38,COMPLETED,30844.0,32514.1,2215.39,4166.02
921,easy,12,13:26:19,14:14:18,14:15:22,COMPLETED,27508.0,1061.7,2879.96,2943.40
614,hard,15,11:06:49,11:07:57,14:15:54,COMPLETED,36759.0,187942.2,68.65,11345.13
547,hard,15,11:45:57,11:58:28,14:16:13,COMPLETED,33566.0,137748.3,751.39,9016.17
688,medium,13,12:53:35,13:27:23,14:16:19,COMPLETED,36191.0,48934.2,2028.68,4964.50
858,medium,14,13:27:14,14:14:44,14:16:38,COMPLETED,32111.0,1907.9,2850.35,2964.54
902,easy,11,13:29:56,14:16:25,14:16:51,COMPLETED,21630.0,430.3,2789.87,2815.23
872,medium,13,13:24:28,14:12:31,14:17:04,COMPLETED,29821.0,4556.2,2883.29,3156.33
957,easy,12,13:25:59,14:14:18,14:17:04,COMPLETED,27563.0,2762.4,2899.96,3065.33
870,medium,14,13:02:27,13:39:59,14:17:30,COMPLETED,36815.0,37524.1,2252.51,4503.61
1001,medium,14,13:15:56,14:03:04,14:17:43,COMPLETED,31390.0,14660.8,2828.12,3707.54
930,easy,12,13:30:56,14:16:44,14:17:56,COMPLETED,28719.0,1199.8,2748.86,2820.39
946,easy,12,13:31:08,14:16:57,14:17:56,COMPLETED,22487.0,985.8,2749.74,2808.39
994,easy,11,13:32:18,14:17:37,14:17:56,COMPLETED,35305.0,329.3,2719.18,2738.39
866,easy,12,13:31:23,14:17:10,14:18:09,COMPLETED,25094.0,991.2,2747.76,2806.78
996,easy,11,13:33:07,14:17:49,14:18:09,COMPLETED,29332.0,340.2,2682.86,2702.78
936,easy,12,13:33:07,14:18:02,14:18:22,COMPLETED,21479.0,338.5,2695.99,2715.81
272,hard,15,09:59:04,09:59:07,14:18:29,COMPLETED,37565.0,259373.1,3.13,15565.37
916,medium,13,13:29:31,14:16:19,14:18:29,COMPLETED,30493.0,2174.5,2808.50,2938.37
961,easy,12,13:35:10,14:18:16,14:18:36,COMPLETED,24216.0,339.3,2586.34,2606.06
952,easy,11,13:35:54,14:18:36,14:18:49,COMPLETED,25474.0,226.0,2562.06,2575.17
859,medium,13,13:27:35,14:15:28,14:18:55,COMPLETED,30925.0,3462.4,2873.73,3080.76
981,easy,12,13:33:27,14:18:02,14:18:55,COMPLETED,30627.0,891.3,2675.99,2728.76
911,easy,12,13:36:07,14:18:42,14:19:21,COMPLETED,29401.0,655.8,2555.81,2594.87
875,easy,12,13:31:43,14:17:10,14:19:34,COMPLETED,29883.0,2407.2,2727.76,2871.84
931,medium,14,13:20:13,14:05:36,14:19:41,COMPLETED,29112.0,14089.6,2723.42,3568.39
1005,easy,11,13:36:37,14:19:47,14:20:07,COMPLETED,28148.0,337.1,2590.92,2610.66
881,medium,13,13:25:29,14:13:09,14:20:14,COMPLETED,32267.0,7089.1,2860.38,3285.19
977,easy,12,13:36:34,14:19:41,14:20:33,COMPLETED,26507.0,884.5,2587.39,2639.89
959,easy,11,13:37:10,14:20:20,14:20:33,COMPLETED,27890.0,227.5,2590.85,2603.89
878,easy,11,13:37:29,14:20:40,14:21:00,COMPLETED,28952.0,329.0,2591.54,2611.07
945,medium,13,13:37:41,14:21:06,14:22:30,COMPLETED,22479.0,1409.8,2605.40,2689.68
894,medium,13,13:34:03,14:18:02,14:22:56,COMPLETED,29854.0,4891.5,2639.99,2933.37
857,easy,12,13:37:55,14:22:37,14:23:15,COMPLETED,35723.0,645.3,2682.02,2720.41
868,medium,13,13:35:33,14:18:36,14:23:21,COMPLETED,30295.0,4767.1,2583.06,2868.76
948,easy,11,13:38:30,14:23:02,14:23:40,COMPLETED,27270.0,641.1,2672.73,2710.90
852,easy,12,13:39:05,14:23:28,14:23:59,COMPLETED,27201.0,535.6,2663.16,2694.99
761,hard,15,12:58:50,13:36:30,14:25:28,COMPLETED,20431.0,48976.5,2260.32,5198.69
776,hard,15,12:04:50,12:19:37,14:27:47,COMPLETED,28364.0,128173.6,887.46,8577.74
576,hard,15,11:29:26,11:38:36,14:28:00,COMPLETED,28423.0,169393.7,550.92,10714.44
873,easy,12,13:36:14,14:19:02,14:28:06,COMPLETED,35453.0,9073.1,2568.67,3112.78
865,easy,11,13:39:46,14:28:13,14:28:19,COMPLETED,24693.0,112.2,2907.16,2913.59
851,easy,11,13:39:41,14:28:06,14:28:32,COMPLETED,28437.0,430.0,2905.78,2931.28
1003,easy,11,13:40:25,14:28:38,14:28:51,COMPLETED,32860.0,216.1,2893.61,2906.27
864,easy,12,13:40:33,14:28:57,14:30:08,COMPLETED,23831.0,1184.7,2904.60,2975.16
987,medium,13,13:39:28,14:24:06,14:30:53,COMPLETED,29939.0,6793.7,2678.33,3085.66
862,medium,14,13:35:02,14:18:16,14:30:59,COMPLETED,30126.0,12735.4,2594.34,3357.99
883,easy,11,13:41:03,14:31:06,14:31:19,COMPLETED,18657.0,221.3,3003.60,3016.39
1018,hard,15,13:12:28,13:55:30,14:32:17,COMPLETED,29680.0,36797.8,2582.18,4789.73
806,hard,15,12:57:09,13:32:56,14:34:14,COMPLETED,31159.0,61294.6,2147.74,5825.20
990,easy,11,13:41:23,14:34:20,14:34:33,COMPLETED,20272.0,221.7,3177.59,3190.60
758,hard,15,12:38:21,13:14:30,14:34:39,COMPLETED,38404.0,80156.2,2169.75,6978.92
985,medium,13,13:40:59,14:30:59,14:34:52,COMPLETED,32432.0,3882.8,3000.99,3233.68
850,easy,11,13:41:25,14:34:39,14:34:59,COMPLETED,28308.0,324.3,3194.92,3214.01
999,easy,11,13:41:53,14:34:59,14:35:11,COMPLETED,25534.0,217.8,3186.01,3198.78
970,easy,11,13:42:32,14:35:05,14:35:18,COMPLETED,25399.0,217.4,3153.41,3166.11
935,easy,12,13:41:50,14:34:46,14:35:30,COMPLETED,28589.0,749.2,3176.30,3220.91
906,easy,12,13:43:42,14:35:18,14:35:37,COMPLETED,28001.0,326.4,3096.11,3115.30
1000,hard,15,13:16:37,14:03:48,14:35:43,COMPLETED,24744.0,31924.5,2831.55,4746.74
886,easy,11,13:44:02,14:35:37,14:35:50,COMPLETED,24348.0,221.0,3095.30,3108.16
983,easy,12,13:44:36,14:35:50,14:36:03,COMPLETED,26313.0,221.5,3074.16,3087.01
989,easy,11,13:45:18,14:36:09,14:36:15,COMPLETED,20135.0,112.5,3051.48,3057.85
1009,medium,13,13:39:40,14:27:54,14:36:22,COMPLETED,41620.0,8474.7,2894.08,3402.26
912,easy,12,13:45:28,14:36:22,14:36:47,COMPLETED,25110.0,427.7,3054.26,3079.62
991,medium,13,13:41:04,14:31:25,14:37:25,COMPLETED,29350.0,5998.8,3021.92,3381.55
940,hard,15,13:13:27,13:59:03,14:37:57,COMPLETED,33009.0,38898.7,2736.46,5070.20
608,hard,15,11:35:39,11:44:41,14:38:22,COMPLETED,40435.0,173684.3,542.50,10963.53
222,hard,15,09:40:17,09:40:21,14:38:28,COMPLETED,32284.0,298126.8,4.32,17891.86
972,easy,11,13:46:32,14:38:28,14:38:47,COMPLETED,23118.0,323.9,3116.86,3135.98
1004,easy,12,13:46:04,14:37:31,14:38:54,COMPLETED,21497.0,1379.6,3087.91,3170.32
37,hard,15,08:54:11,08:54:12,14:39:26,COMPLETED,41383.0,345232.4,1.18,20715.13
1015,easy,11,13:47:34,14:39:32,14:40:24,COMPLETED,23356.0,874.9,3118.50,3170.51
904,medium,14,13:45:58,14:36:53,14:40:56,COMPLETED,31101.0,4050.6,3055.95,3298.51
932,medium,14,13:40:35,14:30:14,14:41:09,COMPLETED,33970.0,10922.3,2979.72,3634.66
854,easy,12,13:48:37,14:41:03,14:41:16,COMPLETED,23581.0,228.8,3146.07,3159.19
861,medium,14,13:48:03,14:40:31,14:42:46,COMPLETED,30616.0,2269.1,3148.04,3283.89
884,medium,14,13:36:38,14:20:14,14:45:22,COMPLETED,28374.0,25142.0,2616.19,4124.34
971,hard,15,13:39:47,14:28:25,14:45:41,COMPLETED,32416.0,17265.5,2918.92,3954.59
882,easy,11,13:49:23,14:45:28,14:45:41,COMPLETED,31557.0,217.3,3365.88,3378.59
986,easy,11,13:50:03,14:45:47,14:45:54,COMPLETED,25418.0,112.6,3344.94,3351.38
956,easy,11,13:50:12,14:45:47,14:45:54,COMPLETED,21566.0,112.2,3335.94,3342.38
856,easy,11,13:50:41,14:46:00,14:46:45,COMPLETED,33948.0,744.0,3319.75,3364.13
297,hard,15,09:57:01,09:57:07,14:49:42,COMPLETED,37251.0,292586.9,6.12,17561.30
905,medium,14,13:43:42,14:35:24,14:50:13,COMPLETED,30893.0,14828.1,3102.49,3991.93
566,medium,14,11:38:11,11:45:00,14:51:50,COMPLETED,31694.0,186826.5,409.74,11619.29
774,hard,15,12:29:27,13:00:22,14:52:09,COMPLETED,30623.0,111798.2,1855.06,8562.74
896,easy,11,13:52:12,14:51:56,14:52:09,COMPLETED,23539.0,227.8,3584.62,3597.74
976,easy,12,13:52:25,14:52:16,14:55:04,COMPLETED,29352.0,2805.4,3591.33,3759.33
969,medium,14,13:44:59,14:35:56,14:56:41,COMPLETED,31984.0,20747.7,3057.59,4302.07
860,medium,14,13:49:16,14:41:22,14:58:47,COMPLETED,32960.0,17423.9,3126.85,4171.98
1002,medium,14,13:47:08,14:38:54,14:59:51,COMPLETED,36221.0,20955.2,3106.32,4363.38
788,hard,15,12:17:21,12:36:32,15:01:51,COMPLETED,36240.0,145323.7,1151.12,9870.53
1010,easy,11,13:54:04,15:01:57,15:02:17,COMPLETED,25159.0,332.3,4073.86,4093.50
898,easy,11,13:54:07,15:02:23,15:02:30,COMPLETED,31055.0,114.4,4096.82,4103.39
947,easy,12,13:47:26,14:39:00,15:04:06,COMPLETED,44012.0,25103.5,3094.73,4600.70
926,easy,12,13:54:53,15:04:13,15:04:26,COMPLETED,26925.0,227.2,4160.03,4173.18
877,hard,15,13:24:18,14:09:43,15:06:42,COMPLETED,32072.0,56977.2,2725.95,6144.28
1007,hard,15,13:46:53,14:38:35,15:09:03,COMPLETED,36345.0,30473.0,3102.22,4930.31
937,easy,12,13:55:56,15:09:09,15:09:35,COMPLETED,29006.0,428.8,4393.70,4419.13
895,medium,13,13:54:44,15:02:36,15:09:41,COMPLETED,33586.0,7084.6,4072.72,4497.46
592,hard,15,11:43:49,11:52:25,15:09:47,COMPLETED,30945.0,197372.7,516.59,12358.83
997,easy,12,13:56:08,15:09:47,15:10:06,COMPLETED,20306.0,322.3,4419.83,4438.87
953,easy,12,13:56:52,15:09:54,15:10:13,COMPLETED,29124.0,322.1,4382.21,4401.20
1013,medium,13,13:56:03,15:09:41,15:10:25,COMPLETED,25688.0,746.2,4418.46,4462.94
853,easy,12,13:57:09,15:10:13,15:11:16,COMPLETED,31174.0,1061.3,4384.20,4447.58
964,easy,12,13:58:31,15:11:22,15:11:54,COMPLETED,24732.0,532.1,4371.91,4403.53
933,easy,11,13:59:04,15:12:00,15:12:51,COMPLETED,29548.0,848.4,4376.86,4427.42
980,easy,12,13:57:20,15:10:19,15:13:04,COMPLETED,24321.0,2748.4,4379.57,4544.18
855,easy,11,13:59:41,15:12:57,15:13:04,COMPLETED,29365.0,111.7,4396.79,4403.18
923,medium,13,13:45:54,14:36:28,15:13:42,COMPLETED,30470.0,37235.2,3034.63,5268.46
915,medium,13,13:53:57,14:56:47,15:15:17,COMPLETED,34756.0,18504.7,3770.60,4880.61
939,easy,12,13:54:01,14:59:57,15:15:17,COMPLETED,38947.0,15336.5,3956.71,4876.61
1166,easy,12,14:01:24,15:15:23,15:16:40,COMPLETED,30264.0,1274.0,4439.95,4516.05
1080,easy,12,14:01:35,15:15:23,15:16:40,COMPLETED,32276.0,1273.6,4428.95,4505.05
867,hard,15,13:44:09,14:35:43,15:22:05,COMPLETED,35106.0,46361.6,3094.74,5876.21
984,hard,15,13:51:31,14:49:48,15:22:17,COMPLETED,26430.0,32493.2,3497.63,5446.98
1016,hard,15,13:36:11,14:18:55,15:22:36,COMPLETED,28163.0,63690.1,2564.76,6385.98
1185,medium,13,14:00:42,15:13:48,15:24:43,COMPLETED,29278.0,10912.7,4386.87,5041.34
962,hard,15,13:51:37,14:50:20,15:25:27,COMPLETED,29496.0,35128.8,3523.26,5630.75
1038,easy,11,14:03:31,15:25:34,15:25:46,COMPLETED,24705.0,217.7,4923.09,4935.77
863,hard,15,13:41:13,14:32:24,15:26:44,COMPLETED,31589.0,54349.5,3071.28,6331.90
876,medium,14,13:54:00,14:58:54,15:27:17,COMPLETED,31312.0,28384.5,3894.35,5597.17
1107,easy,12,14:04:56,15:25:53,15:30:02,COMPLETED,42308.0,4167.0,4857.18,5106.70
1157,easy,11,14:05:44,15:30:09,15:30:22,COMPLETED,19863.0,222.9,5065.26,5078.12
1011,hard,15,13:39:28,14:25:35,15:30:35,COMPLETED,32679.0,65003.3,2767.04,6667.04
960,medium,14,13:52:16,14:52:16,15:31:58,COMPLETED,37737.0,39707.6,3600.33,5982.50
1170,medium,13,14:03:22,15:24:49,15:32:30,COMPLETED,35073.0,7680.4,4887.68,5348.21
1099,easy,11,14:05:59,15:32:04,15:32:42,COMPLETED,25798.0,639.7,5165.88,5203.97
1122,easy,11,14:06:04,15:32:36,15:32:49,COMPLETED,26050.0,218.0,5192.56,5205.30
1045,easy,11,14:06:44,15:32:55,15:33:02,COMPLETED,23234.0,111.6,5171.67,5178.06
1160,easy,11,14:06:17,15:32:49,15:33:08,COMPLETED,21464.0,324.3,5192.30,5211.39
1188,easy,11,14:07:17,15:33:08,15:33:14,COMPLETED,34334.0,112.4,5151.39,5157.79
888,hard,15,13:49:19,14:42:53,15:34:05,COMPLETED,30644.0,51210.3,3214.22,6286.59
1040,easy,11,14:07:42,15:34:11,15:34:18,COMPLETED,21740.0,112.2,5189.98,5196.36
1117,easy,11,14:07:29,15:33:14,15:34:37,COMPLETED,32889.0,1381.9,5145.79,5228.41
955,hard,15,13:46:14,14:38:03,15:34:43,COMPLETED,27053.0,56674.4,3109.54,6509.74
1084,medium,13,14:05:49,15:30:41,15:35:34,COMPLETED,31800.0,4889.1,5092.36,5385.42
723,hard,15,12:33:43,13:12:33,15:35:59,COMPLETED,36352.0,143438.8,2330.52,10936.74
1027,easy,12,14:08:29,15:34:50,15:36:18,COMPLETED,28055.0,1481.8,5181.12,5269.73
1133,easy,11,14:09:06,15:36:25,15:36:56,COMPLETED,30112.0,531.6,5239.07,5270.66
1073,easy,11,14:09:33,15:37:02,15:37:15,COMPLETED,28849.0,221.6,5249.99,5262.80
1109,easy,12,14:08:01,15:34:43,15:37:28,COMPLETED,28152.0,2758.7,5202.74,5367.79
938,medium,14,13:58:16,15:10:32,15:38:07,COMPLETED,32678.0,27597.8,4336.27,5991.91
1150,easy,12,14:09:51,15:37:22,15:38:14,COMPLETED,19875.0,875.5,5251.34,5303.24
1059,easy,11,14:10:38,15:38:14,15:38:40,COMPLETED,32023.0,445.2,5256.24,5282.57
1069,easy,11,14:12:05,15:38:46,15:38:53,COMPLETED,24947.0,114.6,5201.99,5208.36
1097,easy,12,14:12:19,15:38:59,15:39:06,COMPLETED,25213.0,118.8,5200.90,5207.53
136,hard,15,08:44:02,08:44:07,15:39:13,COMPLETED,35251.0,415086.8,5.92,24911.08
1155,easy,12,14:12:31,15:39:19,15:40:49,COMPLETED,30805.0,1512.5,5208.63,5298.97
811,hard,15,12:29:33,13:01:39,15:42:33,COMPLETED,37241.0,160896.0,1926.71,11580.27
1116,easy,11,14:13:57,15:42:39,15:42:52,COMPLETED,24980.0,224.2,5322.85,5335.80
1100,medium,13,14:02:14,15:22:11,15:42:59,COMPLETED,29158.0,20801.6,4797.54,6045.35
1096,medium,13,14:12:48,15:40:56,15:43:05,COMPLETED,31689.0,2163.6,5288.40,5417.76
1187,easy,12,14:14:44,15:43:05,15:44:09,COMPLETED,27871.0,1064.6,5301.76,5365.32
1028,hard,15,14:08:49,15:35:40,15:44:22,COMPLETED,25617.0,8693.7,5211.76,5733.07
1085,medium,13,14:10:12,15:37:35,15:44:34,COMPLETED,37037.0,6995.7,5243.34,5662.80
1078,easy,12,14:15:49,15:44:41,15:46:22,COMPLETED,32896.0,1693.4,5332.13,5433.44
1154,medium,14,14:07:37,15:33:21,15:46:28,COMPLETED,25929.0,13131.8,5144.16,5931.76
1071,easy,11,14:16:05,15:46:28,15:46:35,COMPLETED,23207.0,112.9,5423.76,5430.14
1088,easy,12,14:16:52,15:46:35,15:47:38,COMPLETED,30009.0,1060.3,5383.14,5446.47
1061,medium,13,14:15:36,15:44:28,15:48:55,COMPLETED,34501.0,4452.5,5332.44,5599.28
1121,medium,13,14:11:19,15:38:20,15:50:06,COMPLETED,32165.0,11765.4,5221.93,5927.51
879,hard,15,13:11:20,13:51:38,15:51:04,COMPLETED,32483.0,119436.4,2418.50,9584.48
1063,easy,12,14:19:40,15:50:12,15:51:30,COMPLETED,28624.0,1301.6,5432.93,5510.53
1139,easy,12,14:20:00,15:51:37,15:51:56,COMPLETED,29821.0,331.1,5497.09,5516.65
1141,medium,14,14:17:50,15:47:44,15:52:29,COMPLETED,27425.0,4745.5,5394.79,5679.03
1039,medium,14,14:02:59,15:22:24,15:53:27,COMPLETED,35204.0,31064.6,4765.31,6628.78
1029,medium,13,14:15:36,15:44:15,15:53:27,COMPLETED,32533.0,9210.5,5319.67,5871.78
1148,easy,12,14:20:56,15:53:34,15:53:47,COMPLETED,28014.0,224.0,5558.38,5571.30
1095,easy,12,14:21:20,15:53:34,15:55:03,COMPLETED,23758.0,1493.8,5534.38,5623.79
1090,medium,13,14:22:58,15:55:10,15:57:10,COMPLETED,27192.0,2005.5,5532.13,5652.15
1075,medium,13,14:17:20,15:46:41,15:57:48,COMPLETED,40349.0,11115.2,5361.57,6028.19
1159,easy,12,14:22:27,15:53:53,15:59:04,COMPLETED,28425.0,5178.5,5486.88,5797.11
1043,medium,14,14:19:51,15:51:11,15:59:56,COMPLETED,26128.0,8757.4,5480.02,6005.00
1068,medium,14,14:22:59,15:57:16,16:00:08,COMPLETED,30078.0,2882.5,5657.49,5829.94
1081,medium,13,14:24:09,16:00:02,16:01:07,COMPLETED,27592.0,1082.5,5753.55,5818.00
1162,easy,12,14:25:19,16:00:15,16:02:31,COMPLETED,26924.0,2268.5,5696.51,5832.13
569,hard,15,11:08:44,11:10:11,16:03:36,COMPLETED,30857.0,293411.1,87.60,17692.25
973,hard,15,13:54:58,15:04:32,16:03:55,COMPLETED,32977.0,59384.1,4174.71,7737.42
1115,hard,15,14:24:07,15:57:54,16:04:01,COMPLETED,36407.0,6132.9,5627.53,5994.97
929,hard,15,13:14:01,14:02:06,16:05:44,COMPLETED,35281.0,123635.2,2885.93,10303.92
1149,easy,12,14:27:38,16:05:51,16:06:35,COMPLETED,25994.0,742.5,5893.24,5937.49
1104,medium,13,14:19:30,15:49:01,16:07:38,COMPLETED,33424.0,18623.5,5371.63,6488.78
1156,easy,11,14:27:56,16:07:45,16:08:16,COMPLETED,34870.0,532.2,5989.12,6020.75
1066,medium,14,14:20:42,15:52:35,16:09:01,COMPLETED,34350.0,16431.3,5513.59,6499.15
1074,medium,13,14:27:54,16:06:41,16:10:17,COMPLETED,28903.0,3600.0,5927.82,6143.34
988,hard,15,13:22:59,14:07:05,16:10:23,COMPLETED,32792.0,123314.5,2646.38,10044.88
1051,easy,11,14:29:37,16:10:23,16:10:30,COMPLETED,19787.0,119.6,6046.88,6053.57
1049,easy,12,14:29:04,16:09:07,16:10:43,COMPLETED,28438.0,1610.5,6003.54,6099.68
1083,easy,12,14:28:23,16:08:23,16:11:03,COMPLETED,25368.0,2678.9,6000.08,6160.33
1047,easy,12,14:31:59,16:11:09,16:11:55,COMPLETED,26857.0,760.2,5950.88,5996.00
1052,easy,11,14:32:46,16:12:01,16:12:08,COMPLETED,28900.0,115.4,5955.54,5962.14
1006,hard,15,13:55:09,15:06:48,16:12:47,COMPLETED,33634.0,65975.5,4299.80,8258.15
1033,easy,12,14:31:41,16:10:50,16:12:53,COMPLETED,30150.0,2062.4,5949.23,6072.48
1176,easy,11,14:32:57,16:12:53,16:13:00,COMPLETED,23745.0,118.9,5996.48,6003.01
238,hard,15,09:47:03,09:47:03,16:13:58,COMPLETED,39164.0,386909.8,0.53,23215.07
1093,hard,15,14:05:46,15:30:28,16:14:17,COMPLETED,40993.0,43825.9,5082.67,7711.85
1145,easy,12,14:33:45,16:14:04,16:14:30,COMPLETED,26032.0,443.5,6019.64,6045.76
1123,easy,11,14:33:59,16:14:24,16:15:09,COMPLETED,36582.0,757.2,6025.41,6070.54
1181,easy,11,14:34:08,16:15:15,16:15:28,COMPLETED,26733.0,221.7,6067.87,6080.82
1079,easy,11,14:35:06,16:15:35,16:15:48,COMPLETED,31139.0,227.1,6029.21,6042.34
1086,medium,13,14:35:10,16:15:54,16:17:24,COMPLETED,26629.0,1494.3,6044.88,6134.24
1060,medium,14,14:00:24,15:13:10,16:17:36,COMPLETED,30023.0,64444.3,4366.52,8232.94
1021,medium,14,14:07:51,15:34:24,16:17:49,COMPLETED,38129.0,43419.6,5193.74,7798.70
1106,easy,11,14:37:19,16:17:56,16:18:08,COMPLETED,28783.0,216.1,6037.03,6049.70
1035,easy,11,14:37:56,16:18:15,16:18:27,COMPLETED,29969.0,217.8,6019.02,6031.77
1132,medium,14,14:29:52,16:10:37,16:19:12,COMPLETED,30490.0,8587.8,6045.08,6560.08
1062,medium,13,14:32:47,16:12:14,16:20:28,COMPLETED,38767.0,8231.2,5967.49,6461.04
1175,easy,12,14:38:11,16:18:34,16:20:47,COMPLETED,24938.0,2223.6,6023.11,6156.22
1037,easy,11,14:38:44,16:20:34,16:20:47,COMPLETED,24292.0,218.7,6110.43,6123.22
1056,medium,14,14:36:03,16:17:43,16:21:06,COMPLETED,29252.0,3387.8,6100.33,6303.30
1143,medium,13,14:34:04,16:14:37,16:22:03,COMPLETED,31840.0,7442.2,6033.31,6479.55
1034,easy,12,14:39:09,16:20:53,16:22:16,COMPLETED,28780.0,1383.1,6104.57,6187.27
982,hard,15,13:18:37,14:05:30,16:22:35,COMPLETED,36023.0,137091.0,2813.04,11038.35
1032,easy,11,14:39:22,16:22:09,16:22:48,COMPLETED,29342.0,641.8,6167.90,6206.12
1134,easy,12,14:39:46,16:22:54,16:23:26,COMPLETED,30920.0,531.9,6188.45,6220.06
228,hard,15,09:37:22,09:37:22,16:23:38,COMPLETED,36918.0,406268.5,0.68,24376.77
1008,hard,15,13:28:09,14:16:00,16:23:45,COMPLETED,38686.0,127746.6,2871.50,10536.09
1173,medium,14,14:09:03,15:36:06,16:24:10,COMPLETED,40514.0,48080.1,5223.07,8107.67
1064,medium,13,14:38:37,16:19:18,16:24:17,COMPLETED,27445.0,4982.3,6041.41,6340.01
1158,easy,11,14:40:37,16:24:23,16:24:36,COMPLETED,24542.0,217.1,6226.41,6239.13
1024,medium,13,14:39:27,16:22:22,16:25:01,COMPLETED,35677.0,2652.0,6175.60,6334.44
1094,hard,15,14:27:09,16:03:42,16:25:07,COMPLETED,29208.0,21425.9,5793.57,7078.78
1108,easy,12,14:40:31,16:24:17,16:25:14,COMPLETED,27638.0,959.9,6226.01,6283.24
1131,medium,13,14:40:41,16:25:07,16:25:52,COMPLETED,31912.0,745.8,6266.78,6311.24
1186,easy,11,14:40:42,16:25:14,16:25:58,COMPLETED,29542.0,744.4,6272.24,6316.57
1055,easy,11,14:41:43,16:26:04,16:26:17,COMPLETED,31310.0,216.7,6261.94,6274.64
1146,easy,12,14:41:22,16:25:58,16:27:14,COMPLETED,30030.0,1280.3,6276.57,6352.98
1152,medium,13,14:40:20,16:23:51,16:27:21,COMPLETED,27458.0,3508.0,6211.53,6421.44
1171,easy,12,14:42:02,16:27:21,16:27:28,COMPLETED,31386.0,121.2,6319.44,6326.08
892,hard,15,13:21:42,14:05:42,16:28:07,COMPLETED,30402.0,142410.4,2640.79,11185.27
1174,easy,12,14:42:00,16:26:23,16:28:32,COMPLETED,32792.0,2156.6,6263.97,6392.89
1147,medium,13,14:42:08,16:27:28,16:28:46,COMPLETED,27562.0,1304.4,6320.08,6398.06
1136,easy,12,14:43:19,16:28:52,16:28:58,COMPLETED,24356.0,118.8,6333.39,6340.00
1053,easy,11,14:43:40,16:29:05,16:29:24,COMPLETED,28956.0,329.4,6325.57,6344.98
1102,medium,13,14:42:46,16:28:13,16:29:31,COMPLETED,32305.0,1300.9,6327.67,6405.36
975,hard,15,13:48:53,14:41:16,16:29:50,COMPLETED,32245.0,108576.9,3143.19,9657.65
1168,hard,15,14:20:20,15:52:02,16:30:15,COMPLETED,31343.0,38220.6,5502.98,7795.99
1120,medium,13,14:42:26,16:27:34,16:30:47,COMPLETED,26638.0,3220.9,6308.77,6501.74
1119,medium,14,14:27:06,16:02:37,16:31:00,COMPLETED,42528.0,28384.3,5731.67,7434.46
1036,easy,11,14:45:38,16:30:54,16:31:06,COMPLETED,24888.0,220.0,6316.08,6328.86
1114,easy,12,14:45:09,16:29:56,16:31:13,COMPLETED,23956.0,1278.1,6287.99,6364.31
1076,hard,15,14:00:32,15:13:10,16:31:32,COMPLETED,35535.0,78366.1,4358.52,9060.37
1144,hard,15,14:33:06,16:13:00,16:32:10,COMPLETED,35289.0,19175.7,5994.01,7144.33
1077,medium,13,14:40:49,16:25:20,16:32:48,COMPLETED,31092.0,7468.7,6271.64,6719.50
1129,easy,12,14:46:54,16:32:54,16:33:13,COMPLETED,30120.0,323.1,6360.83,6379.92
1189,hard,15,14:29:44,16:10:30,16:33:32,COMPLETED,32311.0,23043.2,6046.57,7428.91
1142,easy,12,14:47:34,16:33:20,16:33:39,COMPLETED,26136.0,323.7,6346.24,6365.30
942,hard,15,13:38:55,14:23:21,16:33:45,COMPLETED,35290.0,130402.2,2666.76,10490.70
1110,easy,12,14:47:35,16:33:39,16:33:58,COMPLETED,29456.0,324.7,6364.30,6383.48
1164,easy,12,14:48:23,16:33:52,16:35:27,COMPLETED,25066.0,1604.1,6329.13,6424.89
1089,easy,11,14:48:30,16:35:34,16:35:53,COMPLETED,31015.0,331.9,6424.42,6443.84
1112,easy,11,14:49:29,16:36:00,16:36:13,COMPLETED,30320.0,224.0,6391.38,6404.29
1124,easy,12,14:50:19,16:36:19,16:36:33,COMPLETED,22069.0,224.5,6360.87,6374.01
1030,medium,14,14:14:21,15:42:59,16:38:46,COMPLETED,36432.0,55791.6,5318.35,8665.51
992,hard,15,13:15:12,14:02:19,16:39:25,COMPLETED,32021.0,157097.4,2827.65,12253.29
951,hard,15,13:36:12,14:19:02,16:39:57,COMPLETED,32380.0,140921.3,2570.67,11025.83
1126,medium,13,14:50:20,16:38:53,16:40:30,COMPLETED,30639.0,1625.6,6513.08,6610.32
1103,medium,14,14:43:06,16:28:39,16:43:02,COMPLETED,25422.0,14391.0,6333.44,7196.65
1058,hard,15,14:01:44,15:16:46,16:43:27,COMPLETED,24613.0,86694.3,4502.42,9703.97
1050,medium,14,14:46:34,16:31:38,16:46:45,COMPLETED,38239.0,15115.9,6304.69,7211.20
1172,medium,13,14:53:43,16:43:08,16:47:11,COMPLETED,33567.0,4043.4,6565.99,6808.10
1048,easy,11,14:53:58,16:47:17,16:47:37,COMPLETED,23553.0,331.8,6799.65,6819.04
1128,easy,11,14:55:15,16:47:43,16:48:03,COMPLETED,28127.0,332.8,6748.59,6768.06
897,medium,14,13:53:43,14:55:10,16:48:16,COMPLETED,29363.0,113089.7,3687.77,10473.01
1054,medium,14,14:39:21,16:21:12,16:48:16,COMPLETED,30909.0,27060.1,6111.64,7735.01
1098,medium,13,14:53:52,16:46:51,16:49:13,COMPLETED,33638.0,2378.8,6779.72,6921.96
1082,medium,13,14:56:11,16:48:22,16:49:13,COMPLETED,28201.0,868.8,6731.36,6782.96
1135,medium,14,14:12:25,15:39:13,16:51:49,COMPLETED,26439.0,72605.3,5208.08,9564.03
1169,hard,15,14:50:33,16:39:31,16:54:15,COMPLETED,34096.0,14732.4,6538.88,7422.54
1163,medium,13,14:53:46,16:43:34,16:54:41,COMPLETED,26036.0,11117.4,6588.30,7255.03
1023,easy,12,14:57:42,16:54:21,16:55:12,COMPLETED,22142.0,855.5,6999.90,7050.91
1031,easy,12,14:58:41,16:54:47,16:55:31,COMPLETED,33863.0,747.1,6966.40,7010.93
1153,easy,12,14:59:07,16:55:19,16:55:50,COMPLETED,24984.0,532.8,6972.26,7003.93
1065,easy,11,14:59:41,16:55:57,16:56:16,COMPLETED,20743.0,321.6,6976.26,6995.24
584,hard,15,11:37:36,11:44:48,16:56:35,COMPLETED,27845.0,311787.7,432.05,19139.26
1125,hard,15,14:26:06,16:01:13,16:57:58,COMPLETED,32840.0,56752.3,5707.55,9112.41
1113,easy,11,14:59:58,16:58:04,16:58:30,COMPLETED,31515.0,431.1,7086.86,7112.43
1118,medium,14,14:59:42,16:56:22,17:00:00,COMPLETED,29883.0,3645.2,7000.58,7218.80
1151,medium,13,14:59:39,16:55:38,17:00:20,COMPLETED,29475.0,4709.3,6959.26,7241.32
1281,easy,12,15:00:43,17:00:07,17:00:26,COMPLETED,23386.0,335.2,7164.35,7183.89
1092,medium,13,14:53:22,16:40:04,17:01:12,COMPLETED,27065.0,21145.2,6402.15,7670.55
1072,medium,14,14:44:25,16:29:31,17:01:31,COMPLETED,30708.0,32014.3,6306.36,8226.87
618,hard,15,11:02:34,11:02:40,17:02:04,COMPLETED,42888.0,359398.9,6.44,21570.29
1309,easy,11,15:04:08,17:01:38,17:02:17,COMPLETED,29078.0,659.1,7050.41,7089.46
1271,easy,11,15:04:53,17:02:10,17:02:17,COMPLETED,21859.0,119.0,7037.85,7044.46
1178,medium,13,14:48:06,16:33:45,17:02:37,COMPLETED,38336.0,28860.9,6339.70,8071.02
1302,medium,13,15:01:12,17:00:33,17:02:56,COMPLETED,24819.0,2389.1,7161.51,7304.39
1318,easy,12,15:05:15,17:02:24,17:03:02,COMPLETED,27496.0,653.9,7029.03,7067.93
1341,easy,12,15:01:17,17:01:18,17:03:28,COMPLETED,30534.0,2160.2,7201.94,7331.27
1255,easy,11,15:05:59,17:03:34,17:03:47,COMPLETED,29418.0,216.1,7055.60,7068.27
1276,easy,11,15:06:02,17:03:53,17:04:12,COMPLETED,22948.0,321.5,7071.59,7090.57
1044,medium,14,14:55:51,16:48:09,17:04:56,COMPLETED,34666.0,16792.9,6738.60,7745.87
849,hard,15,12:54:06,13:27:30,17:05:09,COMPLETED,32860.0,217662.4,2004.05,15063.69
1252,medium,13,15:07:43,17:05:16,17:06:00,COMPLETED,19278.0,743.0,7053.06,7097.34
1201,easy,12,15:08:20,17:06:06,17:06:13,COMPLETED,28358.0,111.8,7066.67,7073.03
1091,medium,14,14:05:01,15:26:51,17:06:38,COMPLETED,38524.0,99786.1,4910.44,10897.47
1346,easy,11,15:08:20,17:06:19,17:06:57,COMPLETED,27417.0,639.8,7079.40,7117.49
1191,medium,13,15:01:08,17:00:26,17:07:03,COMPLETED,34531.0,6620.6,7158.89,7555.82
1331,easy,12,15:10:28,17:07:10,17:07:35,COMPLETED,23987.0,428.1,7002.19,7027.53
1272,medium,13,15:08:59,17:07:03,17:11:53,COMPLETED,31170.0,4833.4,7084.82,7374.33
1234,medium,14,15:07:14,17:05:03,17:12:32,COMPLETED,26615.0,7484.6,7069.27,7518.01
1184,medium,14,14:56:42,16:49:20,17:12:38,COMPLETED,33197.0,23308.9,6758.54,8156.40
1325,easy,12,15:11:47,17:12:38,17:13:10,COMPLETED,28006.0,549.8,7251.40,7283.89
1259,easy,12,15:11:55,17:12:45,17:13:30,COMPLETED,29046.0,757.3,7250.26,7295.30
1327,easy,11,15:12:04,17:13:36,17:13:43,COMPLETED,25712.0,118.8,7292.73,7299.34
1301,easy,12,15:12:00,17:13:17,17:13:49,COMPLETED,31905.0,551.4,7277.44,7309.90
1322,easy,12,15:12:05,17:13:49,17:14:35,COMPLETED,30096.0,759.2,7304.90,7350.16
1026,medium,14,14:57:27,16:51:55,17:15:00,COMPLETED,27312.0,23083.6,6868.70,8253.47
1211,easy,11,15:12:52,17:15:06,17:15:25,COMPLETED,29485.0,321.7,7334.81,7353.80
1244,easy,11,15:12:56,17:15:32,17:15:44,COMPLETED,21893.0,217.4,7356.14,7368.88
1241,easy,11,15:12:58,17:15:51,17:16:03,COMPLETED,24162.0,216.3,7373.21,7385.88
1137,hard,15,14:33:31,16:13:06,17:16:41,COMPLETED,31229.0,63588.4,5975.67,9790.80
1233,medium,13,15:10:34,17:07:41,17:16:41,COMPLETED,31109.0,9003.5,7027.90,7567.80
1274,easy,12,15:12:24,17:13:56,17:16:48,COMPLETED,30436.0,2866.1,7292.57,7464.16
1197,easy,11,15:13:47,17:16:48,17:17:07,COMPLETED,28247.0,323.2,7381.16,7400.25
1323,easy,11,15:14:25,17:17:13,17:17:19,COMPLETED,26000.0,111.5,7368.59,7374.95
1359,easy,11,15:14:19,17:16:54,17:17:32,COMPLETED,35801.0,639.5,7355.58,7393.66
1289,medium,13,15:14:19,17:16:48,17:17:57,COMPLETED,27405.0,1167.8,7349.16,7418.97
1270,medium,13,15:12:43,17:14:41,17:19:39,COMPLETED,25289.0,4976.4,7318.49,7616.78
1223,easy,11,15:16:44,17:19:46,17:19:52,COMPLETED,28706.0,118.3,7382.12,7388.71
1290,medium,14,15:05:24,17:02:24,17:20:57,COMPLETED,37785.0,18565.2,7020.03,8133.58
1312,medium,13,15:16:07,17:18:04,17:21:55,COMPLETED,29819.0,3864.4,7317.30,7548.80
1329,easy,11,15:18:16,17:22:02,17:22:48,COMPLETED,30562.0,772.2,7426.20,7472.04
1161,hard,15,14:46:21,16:31:06,17:23:52,COMPLETED,35694.0,52764.4,6285.86,9451.39
375,hard,15,10:42:36,10:42:40,17:24:37,COMPLETED,33786.0,401960.3,4.33,24121.92
1179,hard,15,14:27:19,16:04:01,17:24:44,COMPLETED,33283.0,80708.0,5802.97,10645.26
1229,medium,13,15:18:20,17:22:54,17:24:50,COMPLETED,29266.0,1943.8,7474.58,7590.63
1243,easy,12,15:18:42,17:24:50,17:25:23,COMPLETED,31664.0,547.0,7568.63,7601.11
1130,medium,14,14:46:34,16:31:19,17:26:26,COMPLETED,36807.0,55115.9,6285.71,9592.47
1242,easy,11,15:21:16,17:26:32,17:26:45,COMPLETED,22583.0,216.1,7516.80,7529.46
1305,easy,12,15:18:41,17:24:44,17:27:04,COMPLETED,32805.0,2341.7,7563.26,7703.48
1282,easy,12,15:21:33,17:26:51,17:27:04,COMPLETED,25870.0,216.8,7518.79,7531.48
1263,easy,11,15:22:23,17:27:10,17:27:23,COMPLETED,23844.0,216.8,7487.81,7500.58
1315,easy,12,15:21:35,17:27:10,17:27:49,COMPLETED,27165.0,641.4,7535.81,7574.00
1257,easy,12,15:22:47,17:27:55,17:28:20,COMPLETED,27374.0,430.9,7508.33,7533.83
1344,medium,14,15:11:08,17:11:59,17:28:52,COMPLETED,33526.0,16881.8,7251.87,8264.52
1277,easy,12,15:22:42,17:27:29,17:29:05,COMPLETED,32584.0,1593.4,7487.90,7583.22
1285,easy,11,15:25:08,17:28:58,17:29:11,COMPLETED,24942.0,217.2,7430.85,7443.54
1314,medium,14,15:05:28,17:02:43,17:29:30,COMPLETED,38896.0,26788.8,7035.48,8642.58
1200,easy,12,15:25:36,17:29:17,17:30:02,COMPLETED,26333.0,743.3,7421.92,7466.22
1238,easy,11,15:27:04,17:29:36,17:30:14,COMPLETED,31123.0,640.2,7352.91,7390.97
1295,easy,12,15:27:17,17:30:08,17:30:21,COMPLETED,25922.0,219.3,7371.54,7384.36
1311,easy,11,15:27:20,17:30:21,17:30:46,COMPLETED,33174.0,429.0,7381.36,7406.74
1222,easy,12,15:28:10,17:30:27,17:30:53,COMPLETED,25398.0,429.1,7337.73,7363.13
1247,easy,11,15:28:32,17:30:59,17:31:12,COMPLETED,23526.0,216.2,7347.51,7360.18
1356,hard,15,15:15:27,17:17:26,17:31:50,COMPLETED,28956.0,14401.4,7319.30,8183.11
1304,medium,13,15:29:31,17:31:56,17:33:24,COMPLETED,26323.0,1478.8,7345.46,7433.88
1070,medium,14,14:46:33,16:31:13,17:34:09,COMPLETED,28531.0,62934.0,6280.31,10056.16
1182,hard,15,14:14:48,15:43:12,17:35:31,COMPLETED,27932.0,112320.3,5304.27,12043.34
1210,hard,15,15:16:58,17:19:59,17:35:44,COMPLETED,30559.0,15753.1,7381.26,8326.03
1165,medium,14,14:50:19,16:36:39,17:35:57,COMPLETED,29270.0,59300.1,6380.37,9938.18
1249,easy,12,15:31:11,17:35:50,17:36:10,COMPLETED,26720.0,330.8,7479.57,7499.12
1190,easy,11,15:31:45,17:36:03,17:36:10,COMPLETED,21784.0,115.3,7458.51,7465.12
1111,hard,15,14:59:53,16:56:41,17:36:22,COMPLETED,31738.0,39693.8,7008.58,9389.85
1239,medium,13,15:29:36,17:33:31,17:37:27,COMPLETED,28490.0,3943.8,7435.22,7671.51
1317,easy,12,15:30:53,17:35:37,17:37:40,COMPLETED,27892.0,2049.6,7484.67,7607.32
1339,medium,13,15:31:54,17:36:16,17:37:46,COMPLETED,30651.0,1508.8,7462.46,7552.69
1041,hard,15,14:05:39,15:27:23,17:39:08,COMPLETED,24506.0,131760.5,4904.51,12809.97
1303,easy,12,15:33:07,17:37:53,17:39:59,COMPLETED,29562.0,2115.5,7486.07,7612.65
1240,easy,11,15:33:36,17:40:06,17:40:12,COMPLETED,24124.0,111.2,7590.04,7596.39
1254,medium,14,15:32:18,17:37:33,17:41:28,COMPLETED,31723.0,3912.1,7515.90,7750.31
1284,medium,13,15:31:47,17:36:16,17:41:34,COMPLETED,27051.0,5309.8,7469.46,7787.67
1310,medium,14,15:31:57,17:36:29,17:41:41,COMPLETED,33584.0,5201.3,7472.41,7784.10
1127,hard,15,14:56:32,16:48:22,17:42:44,COMPLETED,26605.0,54374.3,6710.36,9972.73
1101,hard,15,14:45:10,16:30:22,17:43:03,COMPLETED,38683.0,72695.3,6312.34,10673.86
1226,medium,14,15:25:20,17:29:11,17:43:22,COMPLETED,32623.0,14194.5,7431.54,8282.92
1258,easy,12,15:34:39,17:43:10,17:43:42,COMPLETED,29547.0,545.0,7711.21,7743.41
1232,medium,14,15:24:30,17:28:27,17:43:55,COMPLETED,35100.0,15476.6,7437.21,8365.57
889,hard,15,13:37:22,14:20:40,17:44:14,COMPLETED,33829.0,203576.1,2598.54,14812.94
1198,medium,13,15:32:23,17:37:46,17:44:34,COMPLETED,37072.0,6798.6,7523.69,7931.34
1265,medium,13,15:34:42,17:43:29,17:44:47,COMPLETED,26369.0,1306.8,7727.30,7805.26
1230,medium,13,15:35:52,17:44:40,17:45:13,COMPLETED,28425.0,551.8,7728.67,7761.31
1216,medium,14,15:29:57,17:34:15,17:46:18,COMPLETED,33532.0,12050.8,7458.49,8181.10
1296,easy,12,15:36:56,17:45:19,17:48:20,COMPLETED,29137.0,3022.1,7703.84,7884.68
1291,medium,14,15:34:06,17:41:41,17:48:53,COMPLETED,28038.0,7210.0,7655.10,8087.25
1183,hard,15,14:44:59,16:29:37,17:49:38,COMPLETED,30482.0,80016.1,6278.77,11079.57
903,medium,14,13:02:58,13:39:59,17:49:51,COMPLETED,39974.0,249863.8,2221.51,17213.29
1308,easy,11,15:37:45,17:49:44,17:49:57,COMPLETED,29435.0,217.4,7919.94,7932.63
1087,hard,15,14:53:27,16:40:36,17:50:29,COMPLETED,27782.0,69880.8,6429.65,10622.32
1020,medium,14,14:57:14,16:49:20,17:50:42,COMPLETED,34579.0,61359.3,6726.54,10408.00
1204,easy,12,15:38:50,17:50:35,17:50:48,COMPLETED,26053.0,217.1,7905.66,7918.33
1267,easy,11,15:38:12,17:50:04,17:51:01,COMPLETED,28039.0,956.0,7912.01,7969.07
1287,easy,11,15:39:14,17:50:54,17:51:07,COMPLETED,23264.0,217.3,7900.71,7913.40
1348,easy,12,15:37:39,17:48:27,17:51:20,COMPLETED,33235.0,2887.9,7848.22,8021.21
1194,easy,11,15:39:57,17:51:13,17:51:32,COMPLETED,23274.0,323.6,7876.78,7895.90
1264,easy,11,15:40:00,17:51:26,17:51:39,COMPLETED,29177.0,221.5,7886.54,7899.24
1250,easy,12,15:40:02,17:51:39,17:51:58,COMPLETED,24119.0,327.1,7897.24,7916.57
1337,medium,14,15:34:59,17:44:01,17:52:17,COMPLETED,32196.0,8265.7,7742.89,8238.57
1307,medium,14,15:08:49,17:06:44,17:52:23,COMPLETED,26379.0,45655.7,7075.80,9814.90
1199,medium,14,15:33:24,17:39:15,17:52:49,COMPLETED,34982.0,13569.6,7551.38,8365.33
1335,medium,13,15:37:20,17:46:24,17:53:02,COMPLETED,31466.0,6627.1,7744.65,8142.01
1220,medium,14,15:37:45,17:48:59,17:53:27,COMPLETED,31477.0,4462.8,7874.82,8142.33
1334,easy,12,15:41:06,17:52:04,17:53:58,COMPLETED,26494.0,1905.6,7858.90,7972.95
1340,medium,14,15:40:38,17:51:45,17:54:05,COMPLETED,36017.0,2329.0,7867.87,8007.29
1195,easy,12,15:41:47,17:53:08,17:54:05,COMPLETED,24718.0,955.0,7881.35,7938.29
1206,easy,12,15:42:13,17:54:05,17:54:11,COMPLETED,23635.0,112.9,7912.29,7918.67
1316,medium,14,15:35:12,17:44:21,17:54:18,COMPLETED,26190.0,9949.4,7749.47,8346.10
1225,easy,12,15:41:35,17:52:55,17:54:37,COMPLETED,28344.0,1697.2,7880.65,7982.20
1203,medium,13,15:42:36,17:54:18,17:54:49,COMPLETED,24680.0,538.8,7902.10,7933.94
1345,medium,13,15:36:31,17:44:53,17:55:15,COMPLETED,29106.0,10375.6,7702.80,8324.90
1332,easy,12,15:43:47,17:54:56,17:55:15,COMPLETED,34006.0,332.9,7869.48,7888.90
1300,easy,11,15:44:34,17:55:22,17:55:48,COMPLETED,29406.0,439.9,7848.51,7874.55
1358,easy,11,15:44:46,17:55:55,17:56:01,COMPLETED,26952.0,115.4,7869.03,7875.66
1324,easy,11,15:45:04,17:56:07,17:56:20,COMPLETED,27739.0,220.6,7863.98,7876.70
1279,easy,11,15:45:10,17:56:27,17:56:46,COMPLETED,23079.0,333.2,7877.25,7896.70
1342,easy,11,15:45:18,17:56:53,17:57:06,COMPLETED,24554.0,221.2,7895.28,7908.25
1140,hard,15,14:39:10,16:20:53,17:57:32,COMPLETED,33853.0,96646.8,6103.57,11902.20
1294,easy,11,15:46:30,17:57:38,17:57:51,COMPLETED,24986.0,218.6,7868.74,7881.55
721,hard,15,12:40:37,13:18:12,17:58:04,COMPLETED,33494.0,279866.5,2255.64,19047.49
1209,medium,14,15:18:27,17:23:58,17:58:04,COMPLETED,38846.0,34098.8,7531.94,9577.49
1293,medium,14,15:33:58,17:40:18,17:58:04,COMPLETED,27722.0,17770.0,7580.73,8646.49
1228,medium,13,15:39:09,17:50:48,17:58:17,COMPLETED,27146.0,7497.7,7899.33,8348.94
1236,medium,13,15:41:22,17:52:30,17:58:37,COMPLETED,37365.0,6124.6,7868.29,8235.36
1193,medium,14,15:20:07,17:24:57,17:59:29,COMPLETED,31148.0,34537.1,7490.27,9562.26
1235,easy,12,15:47:06,17:58:11,17:59:29,COMPLETED,27298.0,1308.6,7865.10,7943.26
1278,easy,12,15:47:16,17:58:11,17:59:48,COMPLETED,26142.0,1635.1,7855.10,7952.85
1352,easy,12,15:47:54,17:58:43,17:59:48,COMPLETED,23579.0,1090.9,7849.90,7914.85
1268,medium,14,15:45:20,17:57:12,17:59:55,COMPLETED,28972.0,2720.4,7912.58,8075.40
139,hard,15,08:44:41,08:44:45,18:00:00,UNFINISHED,-1,-1,-1
135,hard,15,08:52:01,08:52:02,18:00:00,UNFINISHED,-1,-1,-1
266,hard,15,09:30:00,09:30:02,18:00:00,UNFINISHED,-1,-1,-1
469,hard,15,10:20:09,10:20:14,18:00:00,UNFINISHED,-1,-1,-1
507,hard,15,10:37:19,10:37:20,18:00:00,UNFINISHED,-1,-1,-1
378,hard,15,10:50:45,10:50:47,18:00:00,UNFINISHED,-1,-1,-1
472,hard,15,10:52:54,10:52:56,18:00:00,UNFINISHED,-1,-1,-1
559,hard,15,11:08:44,11:10:18,18:00:00,UNFINISHED,-1,-1,-1
543,hard,15,11:22:28,11:23:12,18:00:00,UNFINISHED,-1,-1,-1
570,hard,15,11:59:55,12:13:02,18:00:00,UNFINISHED,-1,-1,-1
771,hard,15,12:02:56,12:17:05,18:00:00,UNFINISHED,-1,-1,-1
841,hard,15,12:08:56,12:27:47,18:00:00,UNFINISHED,-1,-1,-1
807,hard,15,12:27:00,12:55:31,18:00:00,UNFINISHED,-1,-1,-1
846,hard,15,12:27:17,12:56:15,18:00:00,UNFINISHED,-1,-1,-1
753,hard,15,12:30:16,13:03:10,18:00:00,UNFINISHED,-1,-1,-1
789,hard,15,12:45:24,13:24:11,18:00:00,UNFINISHED,-1,-1,-1
974,hard,15,13:24:55,14:12:43,18:00:00,UNFINISHED,-1,-1,-1
958,hard,15,13:35:29,14:18:29,18:00:00,UNFINISHED,-1,-1,-1
893,medium,14,13:36:23,14:19:28,18:00:00,UNFINISHED,-1,-1,-1
871,hard,15,13:39:22,14:23:47,18:00:00,UNFINISHED,-1,-1,-1
890,hard,15,13:50:20,14:46:00,18:00:00,UNFINISHED,-1,-1,-1
963,hard,15,13:51:16,14:46:51,18:00:00,UNFINISHED,-1,-1,-1
1022,hard,15,14:01:35,15:16:46,18:00:00,UNFINISHED,-1,-1,-1
1067,hard,15,14:03:12,15:22:43,18:00:00,UNFINISHED,-1,-1,-1
1180,hard,15,14:24:09,15:59:10,18:00:00,UNFINISHED,-1,-1,-1
1177,hard,15,14:27:31,16:04:08,18:00:00,UNFINISHED,-1,-1,-1
1025,hard,15,14:35:33,16:17:30,18:00:00,UNFINISHED,-1,-1,-1
1138,hard,15,14:39:32,16:22:41,18:00:00,UNFINISHED,-1,-1,-1
1105,hard,15,14:39:48,16:23:32,18:00:00,UNFINISHED,-1,-1,-1
1057,hard,15,14:40:17,16:23:45,18:00:00,UNFINISHED,-1,-1,-1
1042,hard,15,14:40:37,16:24:42,18:00:00,UNFINISHED,-1,-1,-1
1046,hard,15,14:46:45,16:32:16,18:00:00,UNFINISHED,-1,-1,-1
1167,hard,15,14:48:25,16:34:04,18:00:00,UNFINISHED,-1,-1,-1
1212,hard,15,15:00:17,16:58:36,18:00:00,UNFINISHED,-1,-1,-1
1217,medium,14,15:05:40,17:03:02,18:00:00,UNFINISHED,-1,-1,-1
1275,hard,15,15:05:48,17:03:09,18:00:00,UNFINISHED,-1,-1,-1
1280,hard,15,15:06:31,17:04:18,18:00:00,UNFINISHED,-1,-1,-1
1215,hard,15,15:13:46,17:16:10,18:00:00,UNFINISHED,-1,-1,-1
1319,hard,15,15:15:39,17:17:38,18:00:00,UNFINISHED,-1,-1,-1
1260,hard,15,15:18:02,17:21:04,18:00:00,UNFINISHED,-1,-1,-1
1245,hard,15,15:20:08,17:25:29,18:00:00,UNFINISHED,-1,-1,-1
1214,hard,15,15:28:20,17:30:53,18:00:00,UNFINISHED,-1,-1,-1
1353,medium,14,15:28:59,17:31:18,18:00:00,UNFINISHED,-1,-1,-1
1227,medium,14,15:34:06,17:41:34,18:00:00,UNFINISHED,-1,-1,-1
1207,medium,14,15:34:14,17:41:47,18:00:00,UNFINISHED,-1,-1,-1
1218,hard,15,15:34:14,17:42:51,18:00:00,UNFINISHED,-1,-1,-1
1213,medium,14,15:34:44,17:43:48,18:00:00,UNFINISHED,-1,-1,-1
1208,hard,15,15:38:11,17:49:57,18:00:00,UNFINISHED,-1,-1,-1
1246,hard,15,15:39:23,17:51:07,18:00:00,UNFINISHED,-1,-1,-1
1351,medium,14,15:41:18,17:52:23,18:00:00,UNFINISHED,-1,-1,-1
1338,medium,14,15:42:12,17:53:33,18:00:00,UNFINISHED,-1,-1,-1
1261,medium,14,15:42:31,17:54:11,18:00:00,UNFINISHED,-1,-1,-1
1299,medium,14,15:42:35,17:54:11,18:00:00,UNFINISHED,-1,-1,-1
1237,medium,14,15:42:52,17:54:24,18:00:00,UNFINISHED,-1,-1,-1
1286,hard,15,15:43:34,17:54:43,18:00:00,UNFINISHED,-1,-1,-1
1354,hard,15,15:44:32,17:55:22,18:00:00,UNFINISHED,-1,-1,-1
1202,hard,15,15:46:51,17:57:57,18:00:00,UNFINISHED,-1,-1,-1
1283,hard,15,15:47:46,17:58:11,18:00:00,UNFINISHED,-1,-1,-1
1326,hard,15,15:47:49,17:58:24,18:00:00,UNFINISHED,-1,-1,-1
1313,medium,14,15:48:28,17:59:35,18:00:00,UNFINISHED,-1,-1,-1
1306,easy,11,15:48:37,17:59:35,18:00:00,UNFINISHED,-1,-1,-1
1298,easy,12,15:48:46,17:59:55,18:00:00,UNFINISHED,-1,-1,-1
1253,medium,14,15:49:15,17:59:55,18:00:00,UNFINISHED,-1,-1,-1
1320,easy,12,15:49:32,-,-,IGNORED,-1,-1
1297,easy,12,15:49:33,-,-,IGNORED,-1,-1
1321,easy,12,15:49:57,-,-,IGNORED,-1,-1
1269,medium,13,15:50:18,-,-,IGNORED,-1,-1
1347,easy,12,15:51:33,-,-,IGNORED,-1,-1
1336,medium,13,15:51:39,-,-,IGNORED,-1,-1
1224,medium,13,15:51:44,-,-,IGNORED,-1,-1
1349,medium,14,15:52:42,-,-,IGNORED,-1,-1
1248,easy,11,15:53:10,-,-,IGNORED,-1,-1
1266,easy,12,15:53:48,-,-,IGNORED,-1,-1
1256,easy,11,15:53:55,-,-,IGNORED,-1,-1
1288,easy,12,15:54:02,-,-,IGNORED,-1,-1
1196,easy,12,15:54:38,-,-,IGNORED,-1,-1
1328,easy,11,15:55:10,-,-,IGNORED,-1,-1
1333,medium,13,15:55:14,-,-,IGNORED,-1,-1
1262,easy,12,15:55:39,-,-,IGNORED,-1,-1
1251,medium,13,15:55:39,-,-,IGNORED,-1,-1
1350,hard,15,15:56:22,-,-,IGNORED,-1,-1
1205,medium,13,15:56:54,-,-,IGNORED,-1,-1
1330,hard,15,15:57:04,-,-,IGNORED,-1,-1
1292,easy,12,15:57:19,-,-,IGNORED,-1,-1
1231,easy,12,15:57:47,-,-,IGNORED,-1,-1
1355,medium,14,15:58:24,-,-,IGNORED,-1,-1
1343,easy,11,15:58:36,-,-,IGNORED,-1,-1
1192,easy,12,15:58:47,-,-,IGNORED,-1,-1
1219,medium,14,15:59:25,-,-,IGNORED,-1,-1
1357,easy,12,15:59:36,-,-,IGNORED,-1,-1
1221,medium,13,15:59:51,-,-,IGNORED,-1,-1
1273,medium,14,15:59:52,-,-,IGNORED,-1,-1
1437,easy,12,16:00:03,-,-,IGNORED,-1,-1
1417,easy,11,16:00:58,-,-,IGNORED,-1,-1
1410,medium,14,16:01:00,-,-,IGNORED,-1,-1
1442,medium,13,16:01:02,-,-,IGNORED,-1,-1
1501,easy,11,16:01:12,-,-,IGNORED,-1,-1
1473,easy,11,16:01:26,-,-,IGNORED,-1,-1
1464,easy,12,16:01:29,-,-,IGNORED,-1,-1
1444,easy,11,16:02:13,-,-,IGNORED,-1,-1
1377,medium,14,16:02:14,-,-,IGNORED,-1,-1
1481,easy,12,16:02:34,-,-,IGNORED,-1,-1
1504,medium,13,16:02:46,-,-,IGNORED,-1,-1
1457,medium,13,16:03:29,-,-,IGNORED,-1,-1
1422,medium,13,16:03:42,-,-,IGNORED,-1,-1
1402,easy,12,16:03:57,-,-,IGNORED,-1,-1
1497,medium,13,16:04:19,-,-,IGNORED,-1,-1
1372,easy,12,16:04:27,-,-,IGNORED,-1,-1
1382,medium,13,16:04:44,-,-,IGNORED,-1,-1
1415,easy,11,16:04:58,-,-,IGNORED,-1,-1
1403,medium,14,16:06:01,-,-,IGNORED,-1,-1
1428,easy,11,16:06:04,-,-,IGNORED,-1,-1
1486,easy,11,16:06:56,-,-,IGNORED,-1,-1
1460,hard,15,16:07:20,-,-,IGNORED,-1,-1
1526,medium,13,16:07:24,-,-,IGNORED,-1,-1
1409,easy,12,16:07:40,-,-,IGNORED,-1,-1
1512,hard,15,16:07:44,-,-,IGNORED,-1,-1
1482,medium,14,16:07:56,-,-,IGNORED,-1,-1
1374,hard,15,16:08:04,-,-,IGNORED,-1,-1
1485,hard,15,16:08:06,-,-,IGNORED,-1,-1
1362,medium,14,16:08:48,-,-,IGNORED,-1,-1
1401,medium,13,16:09:11,-,-,IGNORED,-1,-1
1500,medium,13,16:10:25,-,-,IGNORED,-1,-1
1474,hard,15,16:11:09,-,-,IGNORED,-1,-1
1454,medium,13,16:11:09,-,-,IGNORED,-1,-1
1388,medium,13,16:11:21,-,-,IGNORED,-1,-1
1438,hard,15,16:11:31,-,-,IGNORED,-1,-1
1395,easy,11,16:12:18,-,-,IGNORED,-1,-1
1452,medium,14,16:12:23,-,-,IGNORED,-1,-1
1446,easy,11,16:12:27,-,-,IGNORED,-1,-1
1421,easy,12,16:12:53,-,-,IGNORED,-1,-1
1408,easy,12,16:13:15,-,-,IGNORED,-1,-1
1494,easy,11,16:13:24,-,-,IGNORED,-1,-1
1483,easy,12,16:13:28,-,-,IGNORED,-1,-1
1432,medium,13,16:13:38,-,-,IGNORED,-1,-1
1447,easy,11,16:13:43,-,-,IGNORED,-1,-1
1450,medium,13,16:14:10,-,-,IGNORED,-1,-1
1430,easy,12,16:14:46,-,-,IGNORED,-1,-1
1397,hard,15,16:16:37,-,-,IGNORED,-1,-1
1468,medium,14,16:16:44,-,-,IGNORED,-1,-1
1527,easy,11,16:17:18,-,-,IGNORED,-1,-1
1478,easy,12,16:17:20,-,-,IGNORED,-1,-1
1440,medium,14,16:17:20,-,-,IGNORED,-1,-1
1360,easy,12,16:17:53,-,-,IGNORED,-1,-1
1396,easy,12,16:18:09,-,-,IGNORED,-1,-1
1461,medium,14,16:18:18,-,-,IGNORED,-1,-1
1459,medium,14,16:18:28,-,-,IGNORED,-1,-1
1390,medium,14,16:18:28,-,-,IGNORED,-1,-1
1472,medium,14,16:18:55,-,-,IGNORED,-1,-1
1488,easy,11,16:19:24,-,-,IGNORED,-1,-1
1523,hard,15,16:20:10,-,-,IGNORED,-1,-1
1514,medium,13,16:20:21,-,-,IGNORED,-1,-1
1361,medium,13,16:20:29,-,-,IGNORED,-1,-1
1381,medium,14,16:20:37,-,-,IGNORED,-1,-1
1367,hard,15,16:20:41,-,-,IGNORED,-1,-1
1429,easy,12,16:20:55,-,-,IGNORED,-1,-1
1506,easy,11,16:21:05,-,-,IGNORED,-1,-1
1453,easy,12,16:21:34,-,-,IGNORED,-1,-1
1495,medium,14,16:21:40,-,-,IGNORED,-1,-1
1405,medium,13,16:23:12,-,-,IGNORED,-1,-1
1400,easy,12,16:23:18,-,-,IGNORED,-1,-1
1431,easy,11,16:23:34,-,-,IGNORED,-1,-1
1443,medium,13,16:23:37,-,-,IGNORED,-1,-1
1385,easy,11,16:23:47,-,-,IGNORED,-1,-1
1419,medium,14,16:23:50,-,-,IGNORED,-1,-1
1436,medium,13,16:25:06,-,-,IGNORED,-1,-1
1496,medium,13,16:26:06,-,-,IGNORED,-1,-1
1507,hard,15,16:26:53,-,-,IGNORED,-1,-1
1407,easy,12,16:26:56,-,-,IGNORED,-1,-1
1467,medium,13,16:26:58,-,-,IGNORED,-1,-1
1399,easy,11,16:28:05,-,-,IGNORED,-1,-1
1524,easy,11,16:28:19,-,-,IGNORED,-1,-1
1439,easy,11,16:28:19,-,-,IGNORED,-1,-1
1466,easy,11,16:28:40,-,-,IGNORED,-1,-1
1508,easy,12,16:28:48,-,-,IGNORED,-1,-1
1489,easy,11,16:29:35,-,-,IGNORED,-1,-1
1411,easy,11,16:29:50,-,-,IGNORED,-1,-1
1465,easy,11,16:29:58,-,-,IGNORED,-1,-1
1505,easy,11,16:30:01,-,-,IGNORED,-1,-1
1368,medium,13,16:30:17,-,-,IGNORED,-1,-1
1379,easy,11,16:30:31,-,-,IGNORED,-1,-1
1441,easy,12,16:30:38,-,-,IGNORED,-1,-1
1471,medium,13,16:31:46,-,-,IGNORED,-1,-1
1511,easy,12,16:32:20,-,-,IGNORED,-1,-1
1386,easy,11,16:33:03,-,-,IGNORED,-1,-1
1448,easy,12,16:33:08,-,-,IGNORED,-1,-1
1519,easy,12,16:34:03,-,-,IGNORED,-1,-1
1509,easy,12,16:34:06,-,-,IGNORED,-1,-1
1529,easy,12,16:34:34,-,-,IGNORED,-1,-1
1503,hard,15,16:35:33,-,-,IGNORED,-1,-1
1518,medium,13,16:35:48,-,-,IGNORED,-1,-1
1515,hard,15,16:36:05,-,-,IGNORED,-1,-1
1434,easy,11,16:36:31,-,-,IGNORED,-1,-1
1418,medium,13,16:38:07,-,-,IGNORED,-1,-1
1492,medium,14,16:38:17,-,-,IGNORED,-1,-1
1375,medium,13,16:38:31,-,-,IGNORED,-1,-1
1498,medium,13,16:38:47,-,-,IGNORED,-1,-1
1470,easy,12,16:39:36,-,-,IGNORED,-1,-1
1510,medium,14,16:40:10,-,-,IGNORED,-1,-1
1480,medium,14,16:40:29,-,-,IGNORED,-1,-1
1383,hard,15,16:40:40,-,-,IGNORED,-1,-1
1516,medium,13,16:40:44,-,-,IGNORED,-1,-1
1366,medium,14,16:40:57,-,-,IGNORED,-1,-1
1445,easy,12,16:41:20,-,-,IGNORED,-1,-1
1477,medium,14,16:41:31,-,-,IGNORED,-1,-1
1449,hard,15,16:41:37,-,-,IGNORED,-1,-1
1487,medium,13,16:41:44,-,-,IGNORED,-1,-1
1369,hard,15,16:41:55,-,-,IGNORED,-1,-1
1521,easy,11,16:42:04,-,-,IGNORED,-1,-1
1363,easy,12,16:42:19,-,-,IGNORED,-1,-1
1528,easy,11,16:42:35,-,-,IGNORED,-1,-1
1435,easy,11,16:42:46,-,-,IGNORED,-1,-1
1371,hard,15,16:43:19,-,-,IGNORED,-1,-1
1398,easy,12,16:43:40,-,-,IGNORED,-1,-1
1392,easy,12,16:44:08,-,-,IGNORED,-1,-1
1384,easy,11,16:44:17,-,-,IGNORED,-1,-1
1387,medium,13,16:44:21,-,-,IGNORED,-1,-1
1404,easy,12,16:44:26,-,-,IGNORED,-1,-1
1513,hard,15,16:45:25,-,-,IGNORED,-1,-1
1364,easy,11,16:45:39,-,-,IGNORED,-1,-1
1425,medium,13,16:46:09,-,-,IGNORED,-1,-1
1420,easy,11,16:46:39,-,-,IGNORED,-1,-1
1370,hard,15,16:47:05,-,-,IGNORED,-1,-1
1491,medium,14,16:47:31,-,-,IGNORED,-1,-1
1469,hard,15,16:48:22,-,-,IGNORED,-1,-1
1463,easy,12,16:48:24,-,-,IGNORED,-1,-1
1490,easy,11,16:48:45,-,-,IGNORED,-1,-1
1462,hard,15,16:48:47,-,-,IGNORED,-1,-1
1517,hard,15,16:48:55,-,-,IGNORED,-1,-1
1389,hard,15,16:49:09,-,-,IGNORED,-1,-1
1378,medium,14,16:49:17,-,-,IGNORED,-1,-1
1427,easy,12,16:49:55,-,-,IGNORED,-1,-1
1380,easy,11,16:50:03,-,-,IGNORED,-1,-1
1391,hard,15,16:50:36,-,-,IGNORED,-1,-1
1493,easy,11,16:51:02,-,-,IGNORED,-1,-1
1502,easy,11,16:51:08,-,-,IGNORED,-1,-1
1365,hard,15,16:51:21,-,-,IGNORED,-1,-1
1424,easy,12,16:51:38,-,-,IGNORED,-1,-1
1393,easy,12,16:52:27,-,-,IGNORED,-1,-1
1525,hard,15,16:52:40,-,-,IGNORED,-1,-1
1414,medium,14,16:53:20,-,-,IGNORED,-1,-1
1406,medium,13,16:53:53,-,-,IGNORED,-1,-1
1522,easy,12,16:53:58,-,-,IGNORED,-1,-1
1412,medium,14,16:54:36,-,-,IGNORED,-1,-1
1433,medium,13,16:55:35,-,-,IGNORED,-1,-1
1376,medium,14,16:55:39,-,-,IGNORED,-1,-1
1413,easy,11,16:56:11,-,-,IGNORED,-1,-1
1458,medium,13,16:56:14,-,-,IGNORED,-1,-1
1475,medium,13,16:56:16,-,-,IGNORED,-1,-1
1476,medium,14,16:56:25,-,-,IGNORED,-1,-1
1455,medium,13,16:56:43,-,-,IGNORED,-1,-1
1426,easy,11,16:56:44,-,-,IGNORED,-1,-1
1520,easy,11,16:56:46,-,-,IGNORED,-1,-1
1479,easy,12,16:57:22,-,-,IGNORED,-1,-1
1456,medium,13,16:57:40,-,-,IGNORED,-1,-1
1394,easy,12,16:58:00,-,-,IGNORED,-1,-1
1499,medium,14,16:58:09,-,-,IGNORED,-1,-1
1423,easy,12,16:58:15,-,-,IGNORED,-1,-1
1451,hard,15,16:58:33,-,-,IGNORED,-1,-1
1416,easy,11,16:59:03,-,-,IGNORED,-1,-1
1373,easy,11,16:59:32,-,-,IGNORED,-1,-1
1484,easy,11,16:59:44,-,-,IGNORED,-1,-1
