task_id,difficulty,n,arrival_sim,start_sim,end_sim,status,cost,real_duration_sec,waiting_time_mili_sec,time_in_system_mili_sec
95,easy,11,08:00:11,08:00:12,08:01:01,COMPLETED,29238.0,823.2,1.11,50.45
91,medium,13,08:00:57,08:01:01,08:01:25,COMPLETED,27246.0,405.6,4.45,28.73
129,easy,11,08:02:55,08:02:56,08:03:08,COMPLETED,20408.0,207.7,1.56,13.78
71,medium,13,08:00:21,08:00:24,08:04:27,COMPLETED,27169.0,4048.1,3.89,246.86
136,easy,11,08:04:12,08:04:15,08:04:33,COMPLETED,24778.0,304.7,3.70,21.93
128,medium,13,08:03:03,08:03:08,08:05:58,COMPLETED,30792.0,2831.9,5.78,175.67
65,easy,11,08:06:19,08:06:22,08:06:35,COMPLETED,23852.0,203.4,3.93,16.09
77,easy,11,08:07:20,08:07:23,08:08:00,COMPLETED,34473.0,611.9,3.52,40.18
54,easy,11,08:07:37,08:07:41,08:08:06,COMPLETED,24341.0,408.4,4.83,29.28
124,easy,11,08:07:49,08:07:54,08:08:06,COMPLETED,23804.0,205.6,5.02,17.28
143,medium,13,08:07:34,08:07:35,08:08:49,COMPLETED,28222.0,1228.0,1.72,75.20
112,easy,11,08:08:24,08:08:24,08:08:55,COMPLETED,34276.0,518.2,0.61,31.49
61,easy,12,08:08:29,08:08:30,08:08:55,COMPLETED,32080.0,415.1,1.85,26.49
142,easy,11,08:08:52,08:08:55,08:09:01,COMPLETED,23460.0,108.9,3.49,9.81
74,easy,12,08:09:01,08:09:01,08:09:26,COMPLETED,32125.0,411.3,0.81,25.38
130,medium,13,08:08:10,08:08:12,08:09:44,COMPLETED,27689.0,1544.5,2.37,94.97
132,easy,11,08:09:37,08:09:38,08:09:44,COMPLETED,20942.0,105.4,1.75,7.97
109,medium,14,08:03:23,08:03:27,08:10:33,COMPLETED,30326.0,7111.2,4.19,430.80
52,easy,12,08:08:46,08:08:49,08:10:52,COMPLETED,28894.0,2051.1,3.20,126.23
6,easy,12,08:11:08,08:11:10,08:11:16,COMPLETED,26678.0,104.1,2.52,8.71
84,easy,12,08:10:42,08:10:46,08:11:28,COMPLETED,27440.0,715.6,4.04,46.88
90,easy,11,08:11:34,08:11:35,08:11:59,COMPLETED,34212.0,408.9,1.02,25.43
63,medium,13,08:07:26,08:07:29,08:13:06,COMPLETED,32961.0,5617.4,3.62,340.49
48,easy,11,08:13:06,08:13:06,08:13:12,COMPLETED,26267.0,107.0,0.49,6.73
62,medium,13,08:06:13,08:06:16,08:13:37,COMPLETED,34705.0,7341.2,3.84,444.24
141,easy,11,08:13:45,08:13:49,08:13:55,COMPLETED,20622.0,105.4,4.65,10.96
11,easy,11,08:13:45,08:13:49,08:14:08,COMPLETED,23117.0,311.1,4.65,23.22
81,easy,11,08:14:08,08:14:08,08:14:14,COMPLETED,28724.0,103.4,0.22,6.35
102,easy,12,08:14:15,08:14:20,08:14:26,COMPLETED,22951.0,105.3,5.45,11.63
123,easy,11,08:14:21,08:14:26,08:14:44,COMPLETED,29989.0,307.0,5.63,23.95
72,medium,13,08:13:08,08:13:12,08:15:21,COMPLETED,28319.0,2148.1,4.73,133.53
89,easy,12,08:15:01,08:15:03,08:15:45,COMPLETED,27508.0,712.2,2.25,44.91
51,easy,11,08:15:18,08:15:21,08:15:58,COMPLETED,26841.0,611.3,3.53,40.14
28,easy,12,08:15:50,08:15:52,08:16:04,COMPLETED,25582.0,205.0,2.01,14.24
10,medium,13,08:09:31,08:09:32,08:16:10,COMPLETED,27208.0,6630.5,1.53,399.33
107,medium,14,08:13:16,08:13:18,08:16:22,COMPLETED,26051.0,3060.2,2.96,186.52
25,easy,11,08:16:30,08:16:34,08:16:46,COMPLETED,22256.0,204.2,4.69,16.89
94,medium,14,08:00:19,08:00:24,08:17:23,COMPLETED,31710.0,16974.2,5.89,1024.30
0,medium,13,08:13:41,08:13:43,08:17:29,COMPLETED,28886.0,3768.2,2.38,228.42
104,easy,11,08:17:21,08:17:23,08:17:29,COMPLETED,27355.0,103.6,2.30,8.42
99,medium,13,08:14:23,08:14:26,08:19:30,COMPLETED,32705.0,5067.8,3.63,307.66
126,easy,12,08:19:07,08:19:12,08:19:42,COMPLETED,31920.0,509.6,5.43,35.90
137,easy,12,08:19:41,08:19:42,08:20:07,COMPLETED,31644.0,408.9,1.90,26.27
40,hard,15,08:07:52,08:07:54,08:20:31,COMPLETED,27347.0,12632.6,2.02,759.94
96,easy,11,08:21:42,08:21:45,08:21:51,COMPLETED,26861.0,107.9,3.30,9.55
119,easy,12,08:20:05,08:20:07,08:22:03,COMPLETED,31665.0,1945.6,2.27,118.98
47,medium,13,08:21:51,08:21:51,08:22:53,COMPLETED,36778.0,1029.1,0.55,62.23
122,medium,14,08:16:14,08:16:16,08:23:36,COMPLETED,19936.0,7331.1,2.41,442.22
7,medium,13,08:20:14,08:20:19,08:23:42,COMPLETED,29136.0,3381.5,5.57,208.39
85,medium,13,08:22:40,08:22:40,08:23:54,COMPLETED,30918.0,1233.7,0.77,74.69
98,medium,14,08:03:53,08:03:57,08:24:37,COMPLETED,34449.0,20671.0,4.47,1244.60
140,medium,14,08:20:16,08:20:19,08:24:56,COMPLETED,31495.0,4610.2,3.57,280.19
49,easy,12,08:24:09,08:24:13,08:25:02,COMPLETED,28429.0,825.5,4.04,53.37
118,easy,11,08:25:07,08:25:08,08:25:14,COMPLETED,25185.0,109.3,1.64,7.90
75,medium,13,08:20:05,08:20:07,08:25:27,COMPLETED,35684.0,5336.7,2.27,322.41
76,easy,12,08:25:02,08:25:02,08:25:27,COMPLETED,26233.0,419.9,0.37,25.41
111,easy,11,08:25:14,08:25:14,08:25:27,COMPLETED,24762.0,210.4,0.90,13.41
29,easy,12,08:24:45,08:24:49,08:26:10,COMPLETED,28649.0,1338.1,4.95,85.13
106,medium,14,08:21:36,08:21:39,08:26:16,COMPLETED,35447.0,4620.7,3.06,280.27
127,medium,13,08:22:45,08:22:47,08:26:16,COMPLETED,31304.0,3488.8,2.00,211.27
53,easy,11,08:26:33,08:26:34,08:26:40,COMPLETED,21304.0,103.5,1.55,7.70
31,easy,11,08:26:05,08:26:10,08:26:46,COMPLETED,29877.0,611.9,5.13,41.79
92,easy,11,08:27:27,08:27:29,08:27:41,COMPLETED,29363.0,204.4,2.34,14.53
83,easy,11,08:28:26,08:28:30,08:29:00,COMPLETED,32036.0,509.4,4.12,34.62
44,easy,12,08:28:38,08:28:42,08:29:31,COMPLETED,38275.0,816.5,4.30,53.22
147,easy,11,08:29:13,08:29:18,08:29:31,COMPLETED,38410.0,206.6,5.92,18.22
134,hard,15,08:05:34,08:05:34,08:29:55,COMPLETED,25772.0,24354.7,0.41,1461.67
93,medium,13,08:29:21,08:29:25,08:29:55,COMPLETED,22931.0,511.3,4.09,34.67
18,easy,11,08:29:58,08:30:01,08:30:14,COMPLETED,29057.0,205.4,3.80,16.00
70,easy,11,08:30:10,08:30:14,08:30:32,COMPLETED,34761.0,307.9,4.00,22.39
38,easy,11,08:30:50,08:30:50,08:31:21,COMPLETED,27252.0,514.1,0.67,31.38
87,medium,14,08:24:34,08:24:37,08:32:16,COMPLETED,30402.0,7650.6,3.60,462.55
105,medium,14,08:20:25,08:20:25,08:34:19,COMPLETED,30150.0,13890.0,0.81,834.19
16,easy,11,08:34:30,08:34:31,08:34:37,COMPLETED,33534.0,107.2,1.56,7.85
86,easy,12,08:35:27,08:35:27,08:35:45,COMPLETED,29235.0,311.0,0.04,18.56
69,easy,11,08:36:16,08:36:16,08:36:47,COMPLETED,29039.0,516.9,0.36,31.26
43,medium,14,08:22:08,08:22:10,08:38:37,COMPLETED,31381.0,16460.1,2.14,989.69
149,easy,12,08:38:14,08:38:19,08:38:43,COMPLETED,31303.0,414.2,5.20,29.94
64,medium,14,08:28:42,08:28:42,08:38:50,COMPLETED,31639.0,10129.8,0.30,608.08
12,easy,12,08:38:22,08:38:25,08:38:50,COMPLETED,21052.0,413.8,3.39,28.08
100,easy,11,08:39:28,08:39:32,08:39:39,COMPLETED,28192.0,105.4,4.93,11.09
78,easy,11,08:39:44,08:39:45,08:39:51,COMPLETED,27408.0,104.6,1.28,7.48
145,easy,11,08:39:38,08:39:39,08:39:57,COMPLETED,32845.0,310.6,1.09,19.62
2,medium,13,08:37:11,08:37:11,08:40:28,COMPLETED,29076.0,3276.1,0.75,197.24
79,medium,14,08:34:10,08:34:12,08:40:34,COMPLETED,30081.0,6359.4,2.92,384.37
30,easy,11,08:40:31,08:40:34,08:40:40,COMPLETED,25212.0,104.5,3.37,9.54
22,hard,15,08:33:02,08:33:05,08:41:41,COMPLETED,31779.0,8604.4,3.47,519.67
33,medium,13,08:37:23,08:37:24,08:41:41,COMPLETED,25822.0,4296.2,1.01,258.67
26,easy,11,08:42:10,08:42:12,08:42:18,COMPLETED,26055.0,105.1,2.24,8.44
45,easy,12,08:43:59,08:44:02,08:44:27,COMPLETED,36725.0,412.7,3.41,28.11
73,easy,12,08:43:23,08:43:25,08:45:03,COMPLETED,30713.0,1640.0,2.66,100.88
46,medium,13,08:42:58,08:43:01,08:45:28,COMPLETED,29858.0,2458.7,3.19,150.59
19,easy,11,08:45:03,08:45:03,08:45:28,COMPLETED,21226.0,414.0,0.88,25.59
20,easy,11,08:46:00,08:46:05,08:46:30,COMPLETED,26089.0,413.6,5.53,30.22
103,easy,12,08:46:10,08:46:11,08:47:56,COMPLETED,24433.0,1749.9,1.71,106.51
36,easy,12,08:48:00,08:48:02,08:48:27,COMPLETED,25719.0,419.2,2.76,27.81
144,hard,15,08:00:29,08:00:31,08:48:46,COMPLETED,33730.0,48257.4,2.10,2897.52
3,easy,12,08:47:59,08:48:02,08:48:46,COMPLETED,28025.0,733.4,3.76,47.52
14,hard,15,08:34:23,08:34:25,08:49:17,COMPLETED,27775.0,14872.4,2.30,894.54
27,easy,12,08:48:32,08:48:34,08:49:36,COMPLETED,25662.0,1042.1,2.04,64.24
1,medium,14,08:43:58,08:44:02,08:49:54,COMPLETED,32412.0,5875.9,4.41,356.88
133,hard,15,08:29:35,08:29:37,08:50:31,COMPLETED,28538.0,20910.4,2.34,1256.92
67,easy,11,08:50:18,08:50:19,08:50:31,COMPLETED,25005.0,207.8,1.59,13.92
32,medium,13,08:46:14,08:46:17,08:50:56,COMPLETED,33612.0,4644.4,3.89,282.45
21,easy,11,08:52:10,08:52:10,08:52:28,COMPLETED,24548.0,309.5,0.12,18.56
80,medium,14,08:26:28,08:26:28,08:52:40,COMPLETED,32885.0,26208.3,0.44,1572.85
125,easy,11,08:52:38,08:52:40,08:52:47,COMPLETED,26375.0,106.4,2.85,9.08
82,medium,14,08:22:57,08:22:59,08:54:25,COMPLETED,38310.0,31437.7,2.34,1888.59
50,medium,13,08:53:36,08:53:36,08:55:14,COMPLETED,28356.0,1645.2,0.36,98.86
97,easy,12,08:56:29,08:56:29,08:57:00,COMPLETED,26779.0,527.6,0.53,31.94
113,easy,11,08:57:26,08:57:32,08:57:38,COMPLETED,25857.0,112.2,6.06,12.55
116,medium,13,08:53:23,08:53:24,08:58:03,COMPLETED,31852.0,4659.9,1.05,280.52
9,medium,14,08:27:23,08:27:23,08:58:40,COMPLETED,30010.0,31294.7,0.21,1877.84
17,medium,14,08:39:43,08:39:45,08:58:59,COMPLETED,32595.0,19238.1,2.28,1156.46
115,easy,12,08:56:52,08:56:54,08:59:05,COMPLETED,33118.0,2191.7,2.58,133.74
57,medium,14,08:49:32,08:49:36,08:59:37,COMPLETED,27371.0,10021.0,4.24,605.33
131,easy,12,08:59:24,08:59:24,08:59:43,COMPLETED,32508.0,322.5,0.49,19.61
148,easy,11,08:59:55,08:59:56,09:00:02,COMPLETED,26235.0,108.0,1.35,7.56
108,easy,12,08:59:33,08:59:37,09:00:21,COMPLETED,23991.0,738.1,4.33,48.40
60,easy,12,08:59:31,08:59:37,09:00:27,COMPLETED,22117.0,842.0,6.33,56.71
114,easy,11,08:59:47,08:59:49,09:00:58,COMPLETED,30915.0,1154.4,2.93,71.95
264,easy,11,09:00:34,09:00:40,09:01:30,COMPLETED,31622.0,838.1,6.03,56.15
41,hard,15,08:25:12,08:25:14,09:01:42,COMPLETED,31690.0,36461.5,2.90,2190.56
121,easy,12,08:59:25,08:59:30,09:01:42,COMPLETED,38859.0,2197.4,5.86,137.56
120,medium,13,08:59:26,08:59:30,09:01:42,COMPLETED,36456.0,2196.4,4.86,136.56
34,hard,15,08:00:36,08:00:37,09:01:48,COMPLETED,38627.0,61193.1,1.17,3672.76
267,easy,12,09:00:39,09:00:40,09:02:19,COMPLETED,25351.0,1659.0,1.03,100.54
110,medium,14,08:35:48,08:35:51,09:02:25,COMPLETED,30921.0,26567.2,3.75,1597.70
276,easy,11,09:02:20,09:02:25,09:02:38,COMPLETED,28155.0,208.7,5.70,18.10
283,easy,11,09:02:07,09:02:07,09:02:50,COMPLETED,31808.0,722.6,0.19,43.40
66,hard,15,08:38:03,08:38:06,09:02:56,COMPLETED,33090.0,24829.2,3.92,1493.58
161,easy,11,09:02:26,09:02:31,09:03:02,COMPLETED,24565.0,516.7,5.91,36.78
239,easy,11,09:02:56,09:02:56,09:03:02,COMPLETED,30428.0,105.8,0.58,6.78
270,medium,13,09:03:08,09:03:08,09:04:10,COMPLETED,27194.0,1026.9,0.95,62.44
152,easy,12,09:03:49,09:03:51,09:04:35,COMPLETED,33546.0,719.3,2.98,46.01
55,hard,15,08:44:58,08:45:03,09:05:48,COMPLETED,29908.0,20749.9,5.88,1250.83
279,medium,13,09:01:36,09:01:36,09:06:07,COMPLETED,29358.0,4519.2,0.36,271.32
261,easy,11,09:05:40,09:05:42,09:06:07,COMPLETED,25708.0,415.6,2.61,27.32
68,medium,13,08:54:58,08:55:02,09:06:26,COMPLETED,39921.0,11396.5,4.52,688.06
255,easy,12,09:06:27,09:06:32,09:06:57,COMPLETED,29511.0,422.4,5.42,30.56
280,easy,12,09:04:59,09:04:59,09:07:22,COMPLETED,31656.0,2384.4,0.54,143.26
138,hard,15,08:50:06,08:50:07,09:07:59,COMPLETED,31461.0,17881.4,1.19,1073.86
225,easy,11,09:07:44,09:07:47,09:08:06,COMPLETED,31865.0,319.4,3.33,22.26
5,medium,14,08:57:32,08:57:32,09:08:12,COMPLETED,35513.0,10675.8,0.06,640.55
171,easy,11,09:07:54,09:07:59,09:08:18,COMPLETED,32592.0,319.8,5.86,24.82
150,medium,13,09:06:26,09:06:26,09:08:25,COMPLETED,28814.0,1987.2,0.06,119.10
298,easy,12,09:07:17,09:07:22,09:08:56,COMPLETED,36250.0,1570.4,5.26,99.21
252,easy,11,09:08:44,09:08:50,09:08:56,COMPLETED,27892.0,108.8,6.03,12.21
88,hard,15,08:29:10,08:29:12,09:09:08,COMPLETED,35442.0,39934.4,2.80,2398.81
294,medium,14,09:07:52,09:07:53,09:10:11,COMPLETED,26869.0,2303.1,1.67,139.36
240,medium,13,09:09:18,09:09:21,09:10:24,COMPLETED,27815.0,1052.9,3.22,66.22
202,easy,11,09:10:10,09:10:11,09:10:30,COMPLETED,29708.0,318.2,1.36,20.45
159,medium,14,09:05:39,09:05:42,09:10:36,COMPLETED,29942.0,4902.7,3.61,297.62
243,easy,11,09:10:20,09:10:24,09:10:36,COMPLETED,31157.0,210.8,4.22,16.62
284,easy,12,09:08:56,09:08:56,09:11:01,COMPLETED,26956.0,2091.5,0.21,125.54
211,easy,11,09:10:04,09:10:04,09:11:07,COMPLETED,24829.0,1049.7,0.99,63.76
194,easy,12,09:10:38,09:10:42,09:12:04,COMPLETED,39176.0,1355.9,4.90,86.06
244,easy,11,09:12:02,09:12:04,09:12:10,COMPLETED,23792.0,106.8,2.06,8.29
227,medium,13,09:10:56,09:11:01,09:12:22,COMPLETED,25454.0,1353.6,5.54,86.64
260,easy,11,09:13:23,09:13:24,09:13:36,COMPLETED,30888.0,207.9,1.07,13.40
56,medium,14,08:56:07,08:56:10,09:13:42,COMPLETED,36131.0,17532.0,3.72,1055.56
213,easy,11,09:15:14,09:15:14,09:15:51,COMPLETED,24020.0,620.9,0.67,37.76
170,easy,12,09:15:43,09:15:45,09:15:51,COMPLETED,30324.0,106.6,2.56,8.76
203,easy,11,09:16:27,09:16:28,09:16:35,COMPLETED,27922.0,106.2,1.83,8.05
146,hard,15,08:59:00,08:59:05,09:16:47,COMPLETED,31393.0,17697.2,5.74,1067.50
221,easy,11,09:16:41,09:16:41,09:16:53,COMPLETED,26285.0,210.2,0.23,12.69
277,easy,12,09:16:14,09:16:16,09:16:59,COMPLETED,29336.0,726.5,2.47,45.91
155,medium,14,09:16:07,09:16:10,09:17:37,COMPLETED,30866.0,1456.8,3.27,90.47
59,medium,14,08:53:10,08:53:11,09:17:50,COMPLETED,39205.0,24642.9,1.69,1480.02
249,easy,11,09:17:28,09:17:31,09:17:56,COMPLETED,28953.0,428.1,3.05,28.48
204,easy,11,09:18:38,09:18:40,09:18:53,COMPLETED,25587.0,212.3,2.57,15.03
291,medium,14,09:17:46,09:17:50,09:18:59,COMPLETED,30141.0,1159.8,4.02,73.36
233,easy,12,09:18:45,09:18:46,09:18:59,COMPLETED,27603.0,214.6,1.79,14.36
180,medium,13,09:18:21,09:18:21,09:19:37,COMPLETED,23141.0,1261.2,0.66,76.08
167,easy,11,09:19:56,09:20:02,09:20:20,COMPLETED,26079.0,313.0,6.36,24.95
288,medium,13,09:14:59,09:15:02,09:20:58,COMPLETED,27470.0,5940.7,3.33,359.55
281,easy,12,09:19:52,09:19:55,09:21:48,COMPLETED,33527.0,1886.2,3.92,116.84
274,medium,13,09:20:23,09:20:27,09:21:48,COMPLETED,34818.0,1366.0,4.16,85.84
208,easy,12,09:20:38,09:20:39,09:21:55,COMPLETED,30639.0,1263.7,1.76,77.19
282,easy,12,09:21:33,09:21:36,09:22:01,COMPLETED,27940.0,423.7,3.38,28.65
272,easy,12,09:21:19,09:21:23,09:22:07,COMPLETED,28008.0,739.3,4.73,48.83
299,easy,12,09:23:39,09:23:41,09:24:00,COMPLETED,25564.0,315.1,2.89,21.65
39,hard,15,08:37:24,08:37:24,09:24:13,COMPLETED,35920.0,46818.8,0.01,2809.07
209,easy,12,09:23:48,09:23:48,09:24:37,COMPLETED,28032.0,832.6,0.17,49.95
164,medium,14,09:22:49,09:22:51,09:24:44,COMPLETED,28504.0,1877.1,2.74,115.22
214,easy,11,09:24:12,09:24:13,09:24:44,COMPLETED,32160.0,522.2,1.07,32.22
190,hard,15,09:16:41,09:16:41,09:25:15,COMPLETED,32062.0,8568.0,0.23,514.19
266,easy,11,09:25:29,09:25:33,09:25:40,COMPLETED,23272.0,107.6,4.77,11.03
174,easy,12,09:23:39,09:23:41,09:25:46,COMPLETED,34671.0,2076.0,2.89,127.26
42,medium,14,08:51:14,08:51:14,09:26:04,COMPLETED,38355.0,34834.1,0.84,2090.82
199,medium,13,09:22:58,09:22:58,09:26:54,COMPLETED,26271.0,3940.5,0.14,236.43
178,easy,12,09:26:32,09:26:35,09:26:54,COMPLETED,27929.0,314.1,3.75,22.43
250,medium,13,09:24:13,09:24:13,09:27:00,COMPLETED,26409.0,2794.4,0.07,167.63
186,medium,13,09:21:54,09:21:55,09:27:37,COMPLETED,38939.0,5709.9,1.19,343.65
289,medium,13,09:22:37,09:22:39,09:28:02,COMPLETED,27125.0,5389.6,2.08,325.32
215,hard,15,09:15:32,09:15:33,09:28:08,COMPLETED,35604.0,12591.9,1.21,756.52
222,medium,13,09:18:29,09:18:34,09:29:54,COMPLETED,29698.0,11346.9,5.20,685.70
292,easy,11,09:29:52,09:29:54,09:30:01,COMPLETED,26478.0,111.0,2.70,9.11
207,easy,12,09:26:25,09:26:29,09:30:19,COMPLETED,41519.0,3840.8,4.54,234.85
24,hard,15,08:44:10,08:44:14,09:30:44,COMPLETED,35034.0,46502.2,4.77,2794.85
219,easy,11,09:30:52,09:30:57,09:31:03,COMPLETED,25794.0,110.0,5.41,11.72
197,easy,12,09:30:00,09:30:01,09:31:59,COMPLETED,24430.0,1980.6,1.11,119.80
216,medium,13,09:28:20,09:28:21,09:32:12,COMPLETED,28318.0,3859.1,1.07,232.38
226,easy,12,09:30:21,09:30:26,09:32:43,COMPLETED,31850.0,2302.9,5.03,142.84
232,hard,15,09:09:54,09:09:58,09:33:09,COMPLETED,24213.0,23175.6,4.66,1395.10
187,easy,12,09:32:26,09:32:31,09:33:21,COMPLETED,27793.0,841.6,5.20,55.56
23,hard,15,08:48:26,08:48:27,09:33:33,COMPLETED,32398.0,45104.9,1.81,2707.98
220,easy,11,09:33:30,09:33:33,09:33:40,COMPLETED,25788.0,108.3,3.98,10.24
254,medium,13,09:32:42,09:32:43,09:33:59,COMPLETED,32236.0,1259.1,1.84,77.20
173,hard,15,09:10:09,09:10:11,09:34:24,COMPLETED,34079.0,24220.1,2.36,1455.50
153,easy,12,09:32:59,09:33:02,09:34:30,COMPLETED,31626.0,1468.7,3.70,91.69
217,easy,12,09:34:06,09:34:11,09:34:49,COMPLETED,25593.0,625.3,5.82,43.19
231,easy,11,09:35:02,09:35:07,09:35:13,COMPLETED,25671.0,106.8,5.67,11.90
297,medium,14,09:17:13,09:17:18,09:36:09,COMPLETED,30304.0,18853.5,5.46,1136.56
166,easy,12,09:35:45,09:35:50,09:36:34,COMPLETED,23302.0,724.5,5.98,49.28
290,medium,14,09:03:21,09:03:21,09:36:46,COMPLETED,27070.0,33425.8,0.25,2005.73
238,easy,12,09:36:47,09:36:52,09:36:59,COMPLETED,24792.0,106.7,5.92,12.16
189,easy,11,09:37:06,09:37:11,09:37:42,COMPLETED,20029.0,521.3,5.53,36.64
175,easy,11,09:37:24,09:37:30,09:37:42,COMPLETED,25276.0,211.0,6.18,18.64
287,easy,12,09:36:37,09:36:40,09:38:13,COMPLETED,27108.0,1553.6,3.49,96.52
257,medium,14,09:17:05,09:17:06,09:38:32,COMPLETED,33018.0,21434.4,1.09,1287.06
195,easy,11,09:38:10,09:38:13,09:38:44,COMPLETED,33751.0,517.6,3.52,34.38
242,hard,15,09:05:33,09:05:36,09:39:02,COMPLETED,31616.0,33443.6,3.42,2009.97
218,easy,11,09:39:08,09:39:09,09:39:21,COMPLETED,27545.0,210.0,1.15,13.57
181,medium,13,09:36:19,09:36:21,09:40:23,COMPLETED,28757.0,4037.6,2.90,244.92
183,easy,11,09:39:59,09:40:05,09:41:13,COMPLETED,30925.0,1149.3,6.16,74.86
268,easy,11,09:41:39,09:41:39,09:41:45,COMPLETED,24754.0,112.6,0.02,6.39
262,easy,12,09:41:32,09:41:32,09:42:04,COMPLETED,30371.0,532.3,0.58,32.34
296,medium,14,09:32:03,09:32:05,09:42:41,COMPLETED,28558.0,10596.8,2.98,638.61
251,medium,13,09:38:41,09:38:44,09:42:47,COMPLETED,30309.0,4061.1,3.38,246.88
263,easy,11,09:42:40,09:42:41,09:42:47,COMPLETED,22422.0,107.3,1.61,7.88
234,easy,11,09:42:47,09:42:47,09:42:54,COMPLETED,26269.0,106.5,0.88,7.12
224,hard,15,09:07:22,09:07:22,09:44:34,COMPLETED,35323.0,37202.6,0.26,2232.45
229,medium,14,09:42:40,09:42:41,09:45:31,COMPLETED,31485.0,2829.3,1.61,171.19
162,medium,14,09:31:30,09:31:35,09:46:26,COMPLETED,35346.0,14868.2,5.01,897.00
168,hard,15,09:43:07,09:43:12,09:46:58,COMPLETED,27161.0,3760.2,5.74,231.18
205,easy,12,09:46:35,09:46:39,09:47:04,COMPLETED,23354.0,419.6,4.42,29.42
271,medium,14,09:33:28,09:33:33,09:47:16,COMPLETED,29642.0,13717.6,5.98,828.91
154,medium,13,09:40:12,09:40:17,09:47:35,COMPLETED,30394.0,7300.6,5.70,443.59
246,easy,12,09:46:44,09:46:45,09:47:35,COMPLETED,26475.0,835.0,1.69,51.59
177,hard,15,09:23:47,09:23:48,09:48:49,COMPLETED,33413.0,25028.9,1.17,1502.81
248,hard,15,09:38:46,09:38:50,09:49:26,COMPLETED,29120.0,10606.2,4.61,640.87
269,easy,11,09:49:51,09:49:51,09:50:04,COMPLETED,22866.0,209.4,0.61,13.04
185,easy,11,09:49:40,09:49:45,09:50:10,COMPLETED,26985.0,417.1,5.37,30.24
165,easy,12,09:49:42,09:49:45,09:50:10,COMPLETED,23945.0,416.7,3.37,28.24
256,easy,11,09:50:41,09:50:41,09:51:06,COMPLETED,36288.0,415.8,0.28,25.07
223,medium,13,09:49:46,09:49:51,09:51:55,COMPLETED,31677.0,2071.6,5.61,129.65
160,easy,11,09:52:07,09:52:08,09:52:20,COMPLETED,32670.0,211.0,1.15,13.63
172,easy,11,09:52:10,09:52:14,09:52:33,COMPLETED,34599.0,316.5,4.38,23.12
275,hard,15,09:34:05,09:34:05,09:53:35,COMPLETED,33846.0,19499.3,0.44,1170.27
295,medium,14,09:44:19,09:44:21,09:53:41,COMPLETED,30508.0,9330.9,2.87,562.54
176,easy,11,09:53:38,09:53:41,09:53:54,COMPLETED,25221.0,210.9,3.54,16.01
198,easy,12,09:51:54,09:51:55,09:54:06,COMPLETED,34112.0,2182.1,1.65,132.41
273,easy,11,09:54:10,09:54:12,09:54:25,COMPLETED,25048.0,210.5,2.62,15.04
247,hard,15,09:43:57,09:44:03,09:56:23,COMPLETED,35885.0,12339.3,6.07,746.21
58,medium,14,08:54:43,08:54:44,09:56:35,COMPLETED,34745.0,61865.3,1.04,3712.85
157,easy,11,09:56:59,09:57:00,09:57:13,COMPLETED,29902.0,215.0,2.00,14.72
253,hard,15,09:37:06,09:37:11,09:58:16,COMPLETED,34964.0,21089.4,5.53,1270.72
235,easy,11,09:58:21,09:58:23,09:58:35,COMPLETED,31362.0,211.8,2.19,14.71
191,hard,15,09:08:39,09:08:43,09:59:31,COMPLETED,33144.0,50797.6,4.83,3052.63
192,hard,15,09:55:16,09:55:21,10:01:42,COMPLETED,32882.0,6360.7,5.03,386.50
285,easy,12,09:58:25,09:58:29,10:01:42,COMPLETED,27674.0,3221.0,4.43,197.50
286,medium,13,09:53:07,09:53:10,10:01:54,COMPLETED,36033.0,8745.4,3.39,527.96
300,medium,13,10:00:39,10:00:40,10:01:54,COMPLETED,29000.0,1250.3,1.14,75.96
354,easy,12,10:01:10,10:01:11,10:02:01,COMPLETED,25824.0,835.2,1.26,51.19
184,hard,15,09:50:35,09:50:35,10:02:26,COMPLETED,31716.0,11853.4,0.05,711.08
413,easy,11,10:02:26,10:02:26,10:02:32,COMPLETED,27052.0,107.7,0.08,6.35
179,medium,13,09:59:44,09:59:44,10:02:38,COMPLETED,28084.0,2911.6,0.04,174.56
4,hard,15,08:51:32,08:51:33,10:02:57,COMPLETED,41625.0,71400.4,1.26,4285.23
351,easy,12,10:02:14,10:02:19,10:03:15,COMPLETED,25630.0,937.6,5.80,61.88
422,easy,11,10:03:21,10:03:22,10:03:28,COMPLETED,27510.0,107.1,1.09,7.38
350,easy,11,10:03:17,10:03:22,10:03:34,COMPLETED,23632.0,211.6,5.09,17.58
343,easy,12,10:03:45,10:03:46,10:04:18,COMPLETED,25759.0,531.4,2.00,33.57
387,easy,12,10:04:03,10:04:05,10:04:31,COMPLETED,31280.0,428.4,2.84,28.25
258,medium,14,09:53:08,09:53:10,10:05:40,COMPLETED,33991.0,12502.2,2.39,752.21
200,medium,14,09:43:43,09:43:44,10:06:05,COMPLETED,30054.0,22362.8,1.11,1342.60
206,hard,15,09:15:20,09:15:20,10:06:12,COMPLETED,34922.0,50856.8,0.87,3052.05
301,easy,11,10:06:03,10:06:05,10:06:18,COMPLETED,32342.0,220.1,2.60,15.52
434,easy,11,10:06:07,10:06:12,10:06:18,COMPLETED,26474.0,113.2,5.05,11.52
278,hard,15,09:33:44,09:33:46,10:07:27,COMPLETED,23935.0,33689.1,2.55,2023.76
429,medium,14,10:07:06,10:07:08,10:08:11,COMPLETED,31246.0,1061.0,2.59,65.95
325,medium,13,10:07:17,10:07:21,10:08:11,COMPLETED,29257.0,849.4,4.32,54.95
151,hard,15,09:19:28,09:19:30,10:10:30,COMPLETED,33265.0,50990.9,2.72,3062.11
376,easy,11,10:10:37,10:10:42,10:10:54,COMPLETED,25023.0,212.4,5.51,17.99
314,medium,14,10:08:44,10:08:49,10:11:13,COMPLETED,28950.0,2407.0,5.58,149.80
449,medium,13,10:10:54,10:10:54,10:12:28,COMPLETED,32719.0,1556.4,0.99,94.19
417,medium,13,10:05:35,10:05:40,10:12:46,COMPLETED,29212.0,7113.2,5.21,431.83
360,easy,12,10:12:35,10:12:40,10:12:46,COMPLETED,27776.0,107.5,5.59,11.83
356,medium,13,10:09:21,10:09:21,10:13:11,COMPLETED,28946.0,3843.9,0.13,230.60
395,medium,14,10:11:04,10:11:07,10:13:23,COMPLETED,31062.0,2277.8,3.51,139.99
156,medium,14,09:51:24,09:51:24,10:13:54,COMPLETED,33420.0,22506.8,0.60,1350.90
435,easy,11,10:14:12,10:14:13,10:14:25,COMPLETED,20750.0,209.4,1.47,13.91
326,easy,12,10:14:31,10:14:32,10:14:44,COMPLETED,21659.0,210.5,1.10,13.52
377,easy,12,10:14:45,10:14:50,10:15:03,COMPLETED,25887.0,214.4,5.76,18.46
397,easy,11,10:14:48,10:14:50,10:15:15,COMPLETED,35588.0,423.3,2.76,27.97
400,easy,11,10:15:43,10:15:47,10:15:53,COMPLETED,27145.0,111.6,4.58,10.99
228,hard,15,09:55:04,09:55:08,10:16:00,COMPLETED,29127.0,20866.4,4.54,1256.32
386,easy,11,10:15:58,10:16:00,10:16:06,COMPLETED,33419.0,111.6,2.32,8.62
445,easy,11,10:16:02,10:16:06,10:16:38,COMPLETED,26554.0,531.9,4.62,36.24
353,medium,14,10:01:12,10:01:17,10:17:28,COMPLETED,29232.0,16185.8,5.57,976.48
313,medium,13,10:16:07,10:16:13,10:17:34,COMPLETED,28680.0,1365.3,6.07,87.82
367,medium,13,10:14:11,10:14:13,10:17:41,COMPLETED,26906.0,3464.0,2.47,210.02
135,hard,15,08:56:38,08:56:42,10:18:12,COMPLETED,34855.0,81505.4,4.11,4894.34
412,easy,12,10:18:01,10:18:06,10:18:31,COMPLETED,30177.0,423.0,5.12,30.15
139,hard,15,08:30:15,08:30:20,10:18:37,COMPLETED,37962.0,108290.7,5.15,6502.55
241,hard,15,09:44:45,09:44:47,10:19:34,COMPLETED,32604.0,34796.9,2.04,2089.78
392,easy,11,10:19:28,10:19:28,10:19:34,COMPLETED,26839.0,110.4,0.04,6.78
372,medium,14,10:09:41,10:09:46,10:19:47,COMPLETED,32152.0,10018.7,5.35,606.23
334,medium,13,10:19:03,10:19:08,10:22:11,COMPLETED,29291.0,3040.9,5.96,188.25
431,easy,12,10:22:02,10:22:04,10:22:23,COMPLETED,27723.0,315.6,2.98,21.68
339,easy,12,10:22:19,10:22:23,10:22:42,COMPLETED,27860.0,317.0,4.68,23.47
368,easy,11,10:22:27,10:22:29,10:22:42,COMPLETED,29308.0,212.4,2.94,15.47
420,medium,13,10:19:22,10:19:28,10:22:48,COMPLETED,33689.0,3348.8,6.04,206.75
383,medium,13,10:20:12,10:20:12,10:22:55,COMPLETED,33018.0,2714.9,0.36,163.04
406,easy,11,10:22:54,10:22:55,10:23:01,COMPLETED,25664.0,107.7,1.04,7.31
366,medium,13,10:22:25,10:22:29,10:24:52,COMPLETED,25792.0,2385.4,4.94,147.89
411,medium,13,10:21:35,10:21:40,10:25:30,COMPLETED,34372.0,3837.6,5.05,235.13
340,easy,11,10:25:10,10:25:11,10:25:30,COMPLETED,32123.0,313.7,1.51,20.13
336,hard,15,10:19:28,10:19:28,10:26:01,COMPLETED,28422.0,6555.6,0.04,393.32
361,medium,14,10:20:34,10:20:37,10:26:07,COMPLETED,32488.0,5502.4,3.68,333.67
440,easy,12,10:26:29,10:26:32,10:26:39,COMPLETED,19951.0,107.2,3.89,10.13
393,easy,11,10:27:16,10:27:16,10:27:23,COMPLETED,26425.0,110.0,0.90,7.19
424,medium,13,10:21:43,10:21:46,10:28:13,COMPLETED,33278.0,6463.3,3.31,390.96
320,medium,14,10:06:43,10:06:43,10:28:20,COMPLETED,36734.0,21610.8,0.66,1297.18
359,easy,12,10:27:28,10:27:29,10:28:20,COMPLETED,30087.0,847.1,1.54,52.18
346,easy,12,10:28:32,10:28:32,10:28:58,COMPLETED,31329.0,432.3,0.70,26.36
210,hard,15,09:06:51,09:06:51,10:29:30,COMPLETED,31655.0,82649.7,0.19,4959.10
324,medium,13,10:25:41,10:25:42,10:29:30,COMPLETED,27359.0,3797.8,1.54,229.10
373,easy,11,10:29:21,10:29:23,10:29:36,COMPLETED,27887.0,219.3,2.66,15.51
380,easy,12,10:29:38,10:29:42,10:30:01,COMPLETED,31435.0,322.9,4.86,23.81
410,easy,11,10:30:01,10:30:01,10:30:08,COMPLETED,24060.0,114.4,0.81,7.29
193,hard,15,09:12:07,09:12:10,10:31:24,COMPLETED,27529.0,79230.3,3.29,4757.02
330,easy,12,10:28:44,10:28:45,10:31:55,COMPLETED,31846.0,3170.9,1.76,191.72
419,easy,11,10:31:32,10:31:36,10:31:55,COMPLETED,27037.0,323.7,4.61,23.72
316,easy,11,10:31:40,10:31:42,10:32:02,COMPLETED,29178.0,323.4,2.89,22.10
447,easy,11,10:31:52,10:31:55,10:32:02,COMPLETED,30266.0,109.2,3.72,10.10
308,easy,12,10:31:13,10:31:17,10:32:14,COMPLETED,23941.0,949.8,4.76,61.56
245,medium,14,09:41:44,09:41:45,10:32:58,COMPLETED,38472.0,51214.0,1.39,3074.15
385,easy,11,10:32:51,10:32:51,10:33:04,COMPLETED,23096.0,214.0,0.84,13.43
306,easy,11,10:33:03,10:33:04,10:33:10,COMPLETED,23172.0,109.3,1.43,7.75
328,easy,11,10:33:32,10:33:35,10:33:42,COMPLETED,26947.0,107.7,3.71,10.00
426,medium,14,10:15:34,10:15:34,10:34:06,COMPLETED,31872.0,18536.0,0.88,1112.86
430,medium,14,10:16:15,10:16:19,10:35:02,COMPLETED,27973.0,18725.5,4.47,1127.88
399,medium,14,10:27:34,10:27:35,10:35:15,COMPLETED,33720.0,7659.4,1.89,461.31
327,medium,14,10:33:30,10:33:35,10:35:52,COMPLETED,29872.0,2286.2,5.71,142.65
448,easy,11,10:35:46,10:35:46,10:36:05,COMPLETED,26107.0,316.3,0.40,19.13
379,medium,13,10:27:37,10:27:42,10:36:11,COMPLETED,28194.0,8486.4,5.38,514.41
432,easy,12,10:36:05,10:36:05,10:36:17,COMPLETED,31031.0,212.6,0.13,12.64
309,easy,12,10:36:17,10:36:17,10:36:30,COMPLETED,29521.0,212.2,0.64,13.12
428,easy,12,10:35:21,10:35:21,10:36:55,COMPLETED,19238.0,1566.4,0.54,94.04
443,easy,12,10:35:48,10:35:52,10:36:55,COMPLETED,31549.0,1048.4,4.65,67.04
381,medium,14,10:28:54,10:28:58,10:37:01,COMPLETED,24848.0,8058.4,4.36,487.60
302,medium,14,10:31:31,10:31:36,10:37:52,COMPLETED,36154.0,6262.4,5.61,381.01
335,easy,12,10:36:54,10:36:55,10:38:04,COMPLETED,27422.0,1168.4,1.04,70.86
444,medium,14,10:32:46,10:32:51,10:38:17,COMPLETED,30643.0,5431.6,5.84,331.46
389,easy,12,10:39:29,10:39:33,10:40:17,COMPLETED,30311.0,741.0,4.21,48.47
317,easy,11,10:41:11,10:41:14,10:41:46,COMPLETED,28204.0,537.7,3.86,35.63
259,hard,15,09:52:29,09:52:33,10:41:53,COMPLETED,31983.0,49335.7,4.12,2964.17
438,easy,11,10:41:43,10:41:46,10:41:53,COMPLETED,26858.0,112.8,3.63,10.17
304,easy,11,10:42:04,10:42:05,10:42:12,COMPLETED,32409.0,111.6,1.78,8.17
427,easy,12,10:43:00,10:43:02,10:43:40,COMPLETED,29209.0,632.5,2.89,40.55
310,medium,13,10:28:30,10:28:32,10:43:46,COMPLETED,31766.0,15238.7,2.70,916.88
365,easy,11,10:44:18,10:44:18,10:44:30,COMPLETED,20184.0,214.1,0.28,12.85
390,medium,14,10:26:48,10:26:51,10:44:49,COMPLETED,33176.0,17969.9,3.64,1081.68
378,easy,12,10:44:51,10:44:55,10:45:08,COMPLETED,28075.0,214.2,5.00,17.60
362,easy,12,10:42:01,10:42:05,10:45:21,COMPLETED,24939.0,3260.1,4.78,200.17
382,easy,11,10:44:51,10:44:55,10:45:27,COMPLETED,29041.0,527.6,5.00,36.45
305,medium,14,10:38:42,10:38:42,10:45:46,COMPLETED,30983.0,7060.9,0.77,424.25
408,medium,14,10:43:47,10:43:53,10:46:11,COMPLETED,25772.0,2306.0,6.16,144.30
307,medium,14,10:39:06,10:39:07,10:46:55,COMPLETED,34485.0,7790.5,1.86,469.11
188,hard,15,09:26:43,09:26:48,10:47:07,COMPLETED,32762.0,80326.6,5.17,4824.67
416,easy,12,10:45:52,10:45:52,10:47:13,COMPLETED,28291.0,1361.6,0.51,81.99
303,easy,11,10:47:03,10:47:07,10:47:13,COMPLETED,26801.0,109.4,4.67,10.99
347,medium,14,10:14:02,10:14:07,10:47:38,COMPLETED,29730.0,33530.4,5.26,2016.96
311,medium,13,10:44:02,10:44:05,10:47:57,COMPLETED,24871.0,3875.5,3.72,236.00
405,easy,11,10:47:43,10:47:45,10:48:16,COMPLETED,31489.0,530.7,2.23,33.79
363,easy,12,10:47:46,10:47:51,10:48:48,COMPLETED,22604.0,956.7,5.57,62.61
396,medium,14,10:40:36,10:40:36,10:49:07,COMPLETED,28415.0,8533.6,0.26,511.88
369,easy,11,10:49:04,10:49:07,10:49:14,COMPLETED,28800.0,115.6,3.88,10.43
433,hard,15,10:39:42,10:39:46,10:49:20,COMPLETED,33509.0,9585.1,4.00,578.85
312,easy,12,10:48:39,10:48:42,10:49:33,COMPLETED,30914.0,860.8,3.21,54.65
437,medium,14,10:40:39,10:40:42,10:49:58,COMPLETED,31856.0,9272.2,3.74,559.71
371,easy,12,10:49:34,10:49:39,10:49:58,COMPLETED,22447.0,321.8,5.89,24.71
332,medium,13,10:46:13,10:46:17,10:50:11,COMPLETED,28453.0,3904.3,4.56,238.47
344,medium,14,10:37:58,10:37:58,10:50:24,COMPLETED,28587.0,12434.8,0.42,746.25
321,easy,11,10:51:29,10:51:33,10:51:40,COMPLETED,23452.0,109.3,4.90,11.18
323,medium,14,10:47:54,10:47:57,10:51:46,COMPLETED,30530.0,3812.4,4.00,232.49
341,easy,11,10:51:37,10:51:40,10:51:52,COMPLETED,26246.0,213.6,3.18,15.78
436,medium,13,10:42:37,10:42:37,10:53:26,COMPLETED,30763.0,10813.1,0.78,649.39
418,easy,12,10:52:34,10:52:36,10:53:45,COMPLETED,25452.0,1154.6,2.41,71.46
441,easy,11,10:53:46,10:53:51,10:54:23,COMPLETED,34323.0,532.1,5.72,37.44
398,medium,13,10:50:59,10:51:02,10:54:29,COMPLETED,34633.0,3457.8,3.41,210.69
355,easy,11,10:54:13,10:54:17,10:54:35,COMPLETED,28784.0,317.3,4.16,22.93
318,easy,12,10:54:31,10:54:35,10:55:19,COMPLETED,26073.0,732.6,4.93,48.64
425,easy,12,10:54:56,10:55:00,10:55:38,COMPLETED,30501.0,630.9,4.92,42.51
375,medium,14,10:38:11,10:38:11,10:55:51,COMPLETED,30560.0,17667.4,0.21,1060.08
403,easy,11,10:57:00,10:57:05,10:57:12,COMPLETED,19499.0,109.8,5.94,12.26
415,easy,11,10:57:04,10:57:05,10:57:12,COMPLETED,22861.0,109.5,1.94,8.26
345,easy,11,10:57:21,10:57:24,10:57:37,COMPLETED,25694.0,212.9,3.85,16.37
423,medium,13,10:55:31,10:55:32,10:59:48,COMPLETED,25446.0,4279.8,1.19,257.71
409,medium,13,10:56:43,10:56:47,10:59:55,COMPLETED,29964.0,3133.9,4.21,192.03
388,easy,11,10:59:43,10:59:48,11:00:01,COMPLETED,26927.0,213.7,5.71,18.30
338,hard,15,10:34:06,10:34:06,11:00:07,COMPLETED,33101.0,26014.0,0.86,1561.56
182,hard,15,09:39:05,09:39:09,11:00:13,COMPLETED,31199.0,81078.5,4.15,4868.81
364,medium,14,10:30:18,10:30:21,11:02:06,COMPLETED,27756.0,31753.9,3.05,1908.11
404,easy,12,10:56:28,10:56:28,11:02:06,COMPLETED,28441.0,5632.3,0.43,338.11
466,easy,12,11:02:16,11:02:18,11:02:31,COMPLETED,28618.0,215.4,2.65,15.26
555,easy,11,11:02:27,11:02:31,11:02:56,COMPLETED,28348.0,424.3,4.26,29.42
597,easy,11,11:02:47,11:02:50,11:03:02,COMPLETED,28175.0,214.8,3.12,15.76
564,easy,12,11:02:29,11:02:31,11:03:34,COMPLETED,28656.0,1051.3,2.26,65.08
483,medium,13,11:02:23,11:02:24,11:04:36,COMPLETED,30690.0,2201.2,1.97,133.75
442,hard,15,10:40:41,10:40:42,11:05:15,COMPLETED,30829.0,24541.8,1.74,1474.15
489,easy,12,11:04:34,11:04:36,11:05:53,COMPLETED,30277.0,1288.8,2.75,79.68
537,easy,11,11:05:42,11:05:47,11:06:00,COMPLETED,24775.0,219.2,5.24,18.14
163,hard,15,09:52:26,09:52:26,11:06:12,COMPLETED,30203.0,73768.2,0.84,4426.81
402,medium,14,10:59:34,10:59:36,11:06:19,COMPLETED,32936.0,6723.3,2.10,405.25
534,easy,11,11:06:59,11:07:04,11:07:10,COMPLETED,27074.0,110.6,5.01,11.31
463,medium,13,11:04:51,11:04:55,11:07:22,COMPLETED,25038.0,2458.3,4.80,151.94
517,easy,12,11:07:08,11:07:10,11:07:22,COMPLETED,25930.0,217.6,2.31,14.94
545,easy,11,11:07:40,11:07:42,11:07:48,COMPLETED,23279.0,110.2,2.08,8.40
495,easy,12,11:07:48,11:07:48,11:07:54,COMPLETED,23869.0,109.5,0.40,6.73
579,easy,12,11:07:33,11:07:35,11:08:00,COMPLETED,31232.0,426.8,2.73,28.00
501,easy,12,11:08:14,11:08:19,11:08:38,COMPLETED,28565.0,317.5,5.92,24.73
510,medium,14,11:03:24,11:03:27,11:08:44,COMPLETED,32137.0,5291.4,3.78,321.00
557,easy,12,11:08:59,11:09:03,11:09:35,COMPLETED,27844.0,528.1,4.81,36.26
559,easy,11,11:09:43,11:09:47,11:10:00,COMPLETED,28295.0,213.0,4.77,17.31
587,easy,12,11:08:00,11:08:00,11:10:19,COMPLETED,33343.0,2305.6,1.00,139.07
201,hard,15,09:57:27,09:57:32,11:11:09,COMPLETED,29912.0,73620.8,5.41,4422.52
492,easy,12,11:11:08,11:11:09,11:12:00,COMPLETED,27694.0,845.5,1.52,52.01
590,easy,12,11:11:45,11:11:47,11:12:25,COMPLETED,32415.0,634.3,2.38,40.11
542,easy,12,11:11:44,11:11:47,11:12:38,COMPLETED,30651.0,852.2,3.38,54.04
504,easy,11,11:12:25,11:12:25,11:12:38,COMPLETED,26382.0,224.2,0.11,13.04
490,easy,12,11:13:30,11:13:35,11:13:42,COMPLETED,24136.0,116.8,5.96,12.51
529,medium,13,11:13:27,11:13:29,11:14:20,COMPLETED,26145.0,862.6,2.60,53.91
484,medium,13,11:11:21,11:11:22,11:14:27,COMPLETED,36310.0,3094.7,1.19,186.40
477,medium,14,11:10:22,11:10:25,11:14:59,COMPLETED,37991.0,4583.5,3.36,277.79
488,easy,11,11:14:36,11:14:40,11:15:06,COMPLETED,26830.0,440.8,4.30,30.49
357,medium,13,10:42:18,10:42:18,11:15:19,COMPLETED,35602.0,33015.1,0.58,1981.25
464,easy,12,11:14:56,11:14:59,11:15:38,COMPLETED,31773.0,654.5,3.79,42.74
485,medium,14,11:10:27,11:10:31,11:16:11,COMPLETED,30493.0,5660.2,4.71,344.00
598,medium,13,11:14:26,11:14:27,11:16:11,COMPLETED,22010.0,1732.7,1.40,105.00
468,easy,12,11:14:29,11:14:33,11:16:11,COMPLETED,37289.0,1623.3,4.99,102.00
574,easy,12,11:15:35,11:15:38,11:16:23,COMPLETED,28503.0,757.8,3.74,48.78
596,easy,11,11:16:12,11:16:17,11:16:30,COMPLETED,24200.0,221.1,5.44,18.26
494,medium,13,11:11:16,11:11:22,11:16:43,COMPLETED,31991.0,5353.9,6.19,327.20
452,easy,12,11:15:30,11:15:32,11:16:43,COMPLETED,25208.0,1187.8,2.18,73.20
474,easy,12,11:16:17,11:16:17,11:17:21,COMPLETED,27106.0,1071.4,0.44,64.33
358,hard,15,10:31:09,10:31:11,11:17:27,COMPLETED,32140.0,46278.3,2.30,2778.81
533,medium,13,11:17:42,11:17:47,11:18:12,COMPLETED,25181.0,434.0,5.08,30.78
547,easy,12,11:21:01,11:21:02,11:21:15,COMPLETED,26334.0,216.0,1.71,14.37
265,medium,14,09:47:10,09:47:10,11:21:47,COMPLETED,29604.0,94609.4,0.63,5677.13
471,easy,12,11:21:18,11:21:21,11:21:53,COMPLETED,28373.0,533.4,3.69,35.43
544,medium,14,11:11:31,11:11:34,11:22:31,COMPLETED,31372.0,10943.1,3.80,660.16
591,easy,11,11:23:05,11:23:08,11:23:27,COMPLETED,34989.0,320.8,3.91,22.86
535,easy,12,11:21:39,11:21:40,11:23:34,COMPLETED,26654.0,1895.2,1.77,115.19
523,medium,13,11:22:41,11:22:43,11:23:53,COMPLETED,33331.0,1164.9,2.72,72.17
481,easy,12,11:23:54,11:23:59,11:24:12,COMPLETED,28707.0,228.5,5.67,18.94
580,easy,12,11:20:23,11:20:25,11:24:25,COMPLETED,24966.0,4023.0,2.02,242.90
349,medium,14,10:58:47,10:58:52,11:24:32,COMPLETED,26411.0,25672.1,5.33,1545.47
570,medium,14,11:19:31,11:19:34,11:24:32,COMPLETED,30710.0,4965.2,3.82,301.47
508,easy,11,11:24:42,11:24:45,11:24:58,COMPLETED,25100.0,222.8,3.19,16.14
230,hard,15,09:59:06,09:59:06,11:25:04,COMPLETED,33330.0,85967.6,0.78,5158.61
588,medium,13,11:22:19,11:22:24,11:25:23,COMPLETED,27828.0,2987.9,5.84,184.72
541,easy,12,11:25:03,11:25:04,11:25:30,COMPLETED,27448.0,433.3,1.61,27.19
414,hard,15,10:39:40,10:39:46,11:26:09,COMPLETED,28062.0,46387.3,6.00,2789.12
586,medium,13,11:25:58,11:26:02,11:26:28,COMPLETED,21583.0,434.2,4.51,30.07
593,easy,11,11:26:24,11:26:28,11:26:41,COMPLETED,30945.0,228.3,4.07,17.17
315,hard,15,10:02:17,10:02:19,11:27:13,COMPLETED,33202.0,84892.5,2.80,5096.26
478,easy,11,11:27:34,11:27:39,11:27:45,COMPLETED,32690.0,114.0,5.01,11.60
572,easy,11,11:28:34,11:28:36,11:28:49,COMPLETED,25834.0,224.0,2.68,15.67
556,easy,12,11:27:47,11:27:51,11:28:56,COMPLETED,25539.0,1083.0,4.87,69.17
503,easy,11,11:28:54,11:28:56,11:29:09,COMPLETED,26233.0,230.4,2.17,15.56
548,easy,11,11:29:01,11:29:02,11:29:16,COMPLETED,22338.0,226.4,1.92,15.19
583,easy,11,11:28:55,11:28:56,11:29:35,COMPLETED,31365.0,657.3,1.17,40.33
480,medium,13,11:28:21,11:28:23,11:29:48,COMPLETED,26896.0,1413.4,2.94,87.29
460,medium,14,11:12:44,11:12:44,11:32:32,COMPLETED,34731.0,19799.3,0.61,1188.27
538,easy,11,11:32:27,11:32:32,11:32:44,COMPLETED,29064.0,217.7,5.27,17.99
565,easy,12,11:31:01,11:31:03,11:33:10,COMPLETED,34464.0,2115.4,2.81,129.40
500,medium,13,11:31:04,11:31:10,11:33:16,COMPLETED,33748.0,2115.4,6.15,132.81
486,medium,13,11:32:30,11:32:32,11:33:54,COMPLETED,23104.0,1378.4,2.27,84.69
476,easy,12,11:33:01,11:33:04,11:33:54,COMPLETED,26415.0,849.9,3.04,53.69
589,medium,13,11:22:57,11:23:02,11:34:32,COMPLETED,31037.0,11507.3,5.59,695.80
595,easy,11,11:35:04,11:35:04,11:35:17,COMPLETED,25587.0,226.0,0.56,13.64
540,medium,13,11:34:05,11:34:07,11:35:30,COMPLETED,31877.0,1397.8,2.38,85.76
496,easy,11,11:36:11,11:36:15,11:36:34,COMPLETED,29714.0,328.1,4.61,23.84
391,hard,15,10:57:44,10:57:49,11:37:01,COMPLETED,31033.0,39192.3,5.88,2357.15
563,easy,11,11:36:48,11:36:54,11:37:07,COMPLETED,24888.0,227.7,6.51,19.70
472,easy,11,11:37:27,11:37:27,11:37:40,COMPLETED,29153.0,221.4,0.17,13.16
554,easy,12,11:36:41,11:36:41,11:38:05,COMPLETED,29504.0,1411.8,0.35,84.58
531,easy,11,11:38:26,11:38:31,11:38:44,COMPLETED,30268.0,228.4,5.68,18.81
482,medium,14,11:31:42,11:31:48,11:38:51,COMPLETED,30605.0,7064.0,6.02,429.43
459,easy,11,11:38:19,11:38:25,11:39:04,COMPLETED,36032.0,660.4,6.10,45.44
592,medium,14,11:35:20,11:35:24,11:39:49,COMPLETED,35055.0,4430.0,4.17,269.50
539,easy,12,11:39:14,11:39:17,11:40:08,COMPLETED,30051.0,869.8,3.26,54.98
337,hard,15,10:43:23,10:43:28,11:40:15,COMPLETED,26054.0,56796.4,5.01,3412.50
475,easy,11,11:40:42,11:40:47,11:40:54,COMPLETED,19350.0,120.0,5.93,12.53
566,easy,11,11:40:51,11:40:54,11:41:20,COMPLETED,27897.0,433.7,3.53,29.20
457,medium,14,11:06:15,11:06:19,11:41:45,COMPLETED,29053.0,35442.0,4.25,2130.58
519,medium,13,11:26:30,11:26:34,11:41:45,COMPLETED,35934.0,15186.6,4.62,915.58
532,medium,13,11:42:14,11:42:17,11:42:48,COMPLETED,31301.0,534.2,3.04,34.76
352,hard,15,10:18:23,10:18:24,11:42:55,COMPLETED,30973.0,84505.6,1.88,5072.14
528,easy,12,11:42:34,11:42:35,11:42:55,COMPLETED,27867.0,324.0,1.96,21.14
568,easy,11,11:42:37,11:42:42,11:42:55,COMPLETED,23700.0,218.2,5.40,18.14
513,hard,15,11:37:31,11:37:33,11:43:07,COMPLETED,23813.0,5577.1,2.52,336.85
465,easy,12,11:40:27,11:40:28,11:43:39,COMPLETED,33063.0,3184.2,1.59,192.37
582,medium,13,11:31:57,11:32:00,11:44:17,COMPLETED,36732.0,12278.3,3.69,740.15
526,hard,15,11:31:21,11:31:22,11:44:36,COMPLETED,29775.0,13226.1,1.75,795.08
35,hard,15,08:38:00,08:38:00,11:45:20,COMPLETED,30770.0,187322.9,0.75,11240.10
499,medium,13,11:43:44,11:43:45,11:45:32,COMPLETED,28546.0,1787.7,1.68,108.67
594,medium,13,11:26:38,11:26:41,11:45:51,COMPLETED,30796.0,19176.9,3.17,1153.57
158,hard,15,09:41:28,09:41:32,11:46:04,COMPLETED,41586.0,124527.7,4.58,7476.21
524,easy,12,11:45:41,11:45:45,11:46:16,COMPLETED,31141.0,536.6,4.25,35.91
536,easy,11,11:46:12,11:46:16,11:46:23,COMPLETED,26053.0,118.0,4.91,11.49
546,medium,14,11:03:30,11:03:34,11:46:49,COMPLETED,28017.0,43257.4,4.08,2599.33
491,easy,12,11:45:00,11:45:01,11:47:53,COMPLETED,30323.0,2877.2,1.21,173.43
561,easy,11,11:47:30,11:47:34,11:47:59,COMPLETED,32006.0,429.7,4.57,29.91
515,easy,12,11:48:06,11:48:06,11:48:12,COMPLETED,26442.0,115.7,0.39,6.90
236,hard,15,09:44:36,09:44:40,11:48:19,COMPLETED,34994.0,123646.8,4.65,7423.37
525,hard,15,11:21:29,11:21:34,11:49:04,COMPLETED,31181.0,27507.5,5.39,1655.55
521,easy,11,11:49:13,11:49:17,11:49:23,COMPLETED,26498.0,111.8,4.27,10.72
599,easy,12,11:48:57,11:48:57,11:49:30,COMPLETED,24198.0,540.7,0.90,33.01
549,medium,14,11:33:54,11:33:54,11:50:21,COMPLETED,35739.0,16458.0,0.69,987.82
498,medium,14,11:28:54,11:28:56,11:50:41,COMPLETED,28444.0,21756.1,2.17,1307.22
497,easy,12,11:50:43,11:50:47,11:51:06,COMPLETED,29819.0,320.0,4.70,23.56
571,easy,11,11:51:11,11:51:12,11:51:26,COMPLETED,19223.0,226.3,1.94,15.08
470,medium,13,11:48:29,11:48:32,11:51:45,COMPLETED,22056.0,3227.5,3.25,196.50
511,medium,13,11:50:08,11:50:08,11:51:45,COMPLETED,37364.0,1617.1,0.85,97.50
454,easy,12,11:51:18,11:51:19,11:51:52,COMPLETED,33321.0,546.2,1.50,34.02
456,medium,13,11:48:53,11:48:57,11:52:17,COMPLETED,33947.0,3324.8,4.90,204.17
552,hard,15,11:31:48,11:31:48,11:52:35,COMPLETED,29387.0,20801.5,0.02,1247.96
370,hard,15,10:31:52,10:31:55,11:52:48,COMPLETED,35075.0,80881.6,3.72,4856.48
487,easy,11,11:52:45,11:52:48,11:52:54,COMPLETED,21805.0,109.4,3.48,9.80
585,medium,14,11:01:54,11:01:59,11:53:57,COMPLETED,37891.0,51961.2,5.84,3123.37
522,easy,12,11:54:09,11:54:09,11:54:16,COMPLETED,29095.0,110.1,0.89,7.21
506,easy,12,11:54:22,11:54:22,11:54:35,COMPLETED,27331.0,214.8,0.52,13.15
322,hard,15,10:37:46,10:37:52,11:54:47,COMPLETED,28849.0,76930.5,6.01,4621.74
543,easy,12,11:54:49,11:54:54,11:55:19,COMPLETED,30244.0,423.0,5.07,30.16
530,medium,13,11:42:31,11:42:35,11:55:25,COMPLETED,33340.0,12828.8,4.96,774.48
407,hard,15,10:22:43,10:22:48,11:55:38,COMPLETED,37729.0,92823.0,5.75,5575.01
514,easy,11,11:55:32,11:55:38,11:55:44,COMPLETED,29915.0,109.2,6.01,12.32
493,easy,12,11:56:26,11:56:28,11:57:05,COMPLETED,33138.0,635.1,2.08,39.90
584,easy,12,11:56:35,11:56:40,11:57:12,COMPLETED,24582.0,529.6,5.69,37.23
502,easy,12,11:55:16,11:55:19,11:57:18,COMPLETED,26960.0,1994.3,3.16,122.50
462,easy,12,11:57:56,11:57:56,11:58:15,COMPLETED,20879.0,323.4,0.20,19.33
578,easy,11,11:58:24,11:58:28,11:58:40,COMPLETED,30075.0,222.3,4.05,16.98
567,easy,12,11:59:41,11:59:44,11:59:51,COMPLETED,23887.0,113.6,3.85,10.41
374,medium,14,10:53:38,10:53:39,12:00:17,COMPLETED,36247.0,66641.2,1.00,3999.28
101,hard,15,08:14:42,08:14:44,12:01:57,COMPLETED,31039.0,227216.0,2.95,13635.90
455,medium,13,11:42:32,11:42:35,12:01:57,COMPLETED,33369.0,19368.8,3.96,1165.90
702,easy,12,12:02:20,12:02:23,12:02:36,COMPLETED,29481.0,220.6,3.35,16.32
673,easy,11,12:03:35,12:03:40,12:03:52,COMPLETED,29725.0,216.1,5.27,17.97
722,easy,12,12:03:57,12:03:59,12:04:30,COMPLETED,27783.0,531.8,2.27,33.86
637,easy,12,12:02:52,12:02:55,12:04:43,COMPLETED,32999.0,1801.7,3.68,111.52
646,easy,11,12:04:30,12:04:30,12:04:43,COMPLETED,30402.0,215.9,0.86,13.52
569,medium,13,11:57:04,11:57:05,12:05:08,COMPLETED,26095.0,8050.0,1.90,484.68
696,easy,11,12:06:03,12:06:05,12:06:12,COMPLETED,25048.0,111.5,2.67,9.02
747,easy,12,12:05:09,12:05:14,12:06:18,COMPLETED,28720.0,1061.6,5.98,69.40
692,easy,12,12:02:47,12:02:49,12:06:24,COMPLETED,32850.0,3599.2,2.04,217.70
631,medium,14,12:03:15,12:03:15,12:06:31,COMPLETED,29145.0,3270.4,0.09,196.06
715,easy,11,12:06:21,12:06:24,12:06:56,COMPLETED,20379.0,531.1,3.70,35.25
717,medium,13,12:05:32,12:05:33,12:07:21,COMPLETED,33485.0,1801.9,1.99,109.70
451,medium,14,11:54:13,11:54:16,12:07:34,COMPLETED,27656.0,13308.5,3.21,801.46
712,easy,11,12:08:06,12:08:06,12:08:18,COMPLETED,29335.0,216.5,0.28,12.97
421,medium,14,10:51:44,10:51:46,12:08:37,COMPLETED,40622.0,76858.6,2.49,4613.90
618,easy,12,12:07:41,12:07:47,12:08:56,COMPLETED,30898.0,1166.7,6.22,75.93
721,easy,12,12:07:49,12:07:53,12:09:03,COMPLETED,22729.0,1166.1,4.59,74.25
668,easy,11,12:08:59,12:09:03,12:09:09,COMPLETED,28211.0,111.0,4.25,10.63
516,medium,14,11:33:45,11:33:48,12:09:34,COMPLETED,36033.0,35778.0,3.34,2149.86
640,medium,13,12:07:37,12:07:40,12:09:34,COMPLETED,29561.0,1905.5,3.82,117.86
648,easy,11,12:09:37,12:09:41,12:10:12,COMPLETED,25950.0,531.6,4.18,35.80
660,easy,11,12:09:58,12:10:00,12:10:19,COMPLETED,28473.0,321.8,2.14,21.12
551,medium,13,11:50:04,11:50:08,12:10:31,COMPLETED,26455.0,20385.2,4.85,1227.77
704,easy,11,12:11:44,12:11:47,12:12:25,COMPLETED,28672.0,637.8,3.62,41.60
664,easy,12,12:12:31,12:12:31,12:13:16,COMPLETED,28995.0,743.2,0.93,45.21
512,hard,15,11:58:55,11:58:59,12:13:22,COMPLETED,28768.0,14380.1,4.93,867.54
708,medium,13,12:07:05,12:07:08,12:14:39,COMPLETED,25867.0,7520.5,3.92,454.74
650,easy,12,12:11:35,12:11:41,12:14:46,COMPLETED,24445.0,3095.2,6.21,191.30
713,medium,13,12:14:50,12:14:53,12:15:25,COMPLETED,30278.0,548.0,3.01,35.39
342,hard,15,10:19:40,10:19:40,12:15:38,COMPLETED,41866.0,115961.6,0.99,6958.57
609,medium,13,12:10:16,12:10:19,12:16:17,COMPLETED,36948.0,5976.5,3.12,361.24
709,easy,12,12:15:27,12:15:31,12:16:17,COMPLETED,19701.0,764.1,4.93,50.24
620,easy,11,12:16:08,12:16:23,12:16:30,COMPLETED,24352.0,112.5,15.83,22.28
742,easy,11,12:17:13,12:17:14,12:17:27,COMPLETED,25165.0,216.6,1.46,14.14
467,medium,14,11:49:31,11:49:36,12:17:52,COMPLETED,33620.0,28270.7,5.49,1701.55
659,easy,12,12:16:09,12:16:23,12:17:58,COMPLETED,31358.0,1588.2,14.83,109.89
458,medium,14,11:47:25,11:47:27,12:19:08,COMPLETED,32586.0,31678.3,2.89,1903.41
630,medium,13,12:14:17,12:14:20,12:20:05,COMPLETED,33473.0,5758.6,3.15,348.40
509,medium,14,11:59:22,11:59:25,12:22:45,COMPLETED,29938.0,23338.0,3.46,1403.41
735,medium,14,12:13:33,12:13:35,12:23:30,COMPLETED,27531.0,9935.2,2.17,597.85
617,medium,13,12:20:35,12:22:51,12:24:41,COMPLETED,29776.0,1841.6,136.96,246.91
710,medium,13,12:20:12,12:20:18,12:24:48,COMPLETED,23731.0,4518.2,6.03,276.51
680,easy,11,12:22:05,12:24:55,12:25:01,COMPLETED,29825.0,118.8,170.19,176.83
691,hard,15,12:14:18,12:14:46,12:25:08,COMPLETED,29623.0,10377.1,28.30,650.36
679,medium,14,12:18:41,12:18:43,12:25:53,COMPLETED,29910.0,7182.3,2.09,432.72
733,easy,12,12:22:51,12:26:00,12:26:19,COMPLETED,24631.0,330.5,189.09,208.47
576,medium,14,11:59:13,11:59:19,12:27:11,COMPLETED,38630.0,27877.5,6.15,1678.47
196,hard,15,09:29:31,09:29:35,12:27:43,COMPLETED,35528.0,178128.2,4.95,10692.60
670,easy,12,12:22:23,12:25:15,12:29:43,COMPLETED,33425.0,4484.5,172.04,440.81
626,medium,13,12:22:05,12:24:48,12:29:56,COMPLETED,28412.0,5137.9,163.51,471.51
703,hard,15,12:01:03,12:01:07,12:33:00,COMPLETED,31314.0,31890.5,4.67,1917.78
639,medium,13,12:22:12,12:25:08,12:35:09,COMPLETED,26276.0,10033.8,176.36,777.95
681,medium,13,12:26:16,12:33:07,12:35:16,COMPLETED,39470.0,2163.0,411.32,540.48
331,hard,15,10:57:18,10:57:18,12:35:23,COMPLETED,32016.0,98080.9,0.58,5885.16
662,easy,12,12:26:47,12:35:29,12:36:27,COMPLETED,30261.0,974.5,522.81,580.77
723,hard,15,12:11:13,12:11:15,12:40:56,COMPLETED,31696.0,29681.7,2.95,1783.61
603,easy,12,12:28:31,12:41:02,12:41:28,COMPLETED,25777.0,428.2,751.94,777.33
518,medium,14,11:57:16,11:57:18,12:41:53,COMPLETED,34964.0,44588.4,2.50,2677.62
728,easy,12,12:29:33,12:41:59,12:42:12,COMPLETED,27298.0,216.5,746.96,759.64
575,hard,15,11:16:10,11:16:11,12:42:31,COMPLETED,31485.0,86346.5,1.00,5181.67
634,medium,13,12:29:42,12:42:18,12:44:13,COMPLETED,28201.0,1920.5,756.97,871.70
600,medium,14,12:19:39,12:19:40,12:44:20,COMPLETED,31060.0,24679.2,1.01,1481.25
661,easy,12,12:29:29,12:41:34,12:44:20,COMPLETED,30508.0,2770.4,725.66,891.25
627,easy,12,12:34:01,12:44:26,12:45:19,COMPLETED,27648.0,875.8,625.93,678.05
683,easy,11,12:34:12,12:45:25,12:45:38,COMPLETED,32620.0,223.8,673.62,686.74
632,medium,14,12:28:05,12:36:34,12:48:00,COMPLETED,34660.0,11451.1,509.31,1195.91
621,medium,14,12:07:19,12:07:21,12:48:46,COMPLETED,34555.0,41414.1,2.70,2487.25
581,hard,15,11:47:18,11:47:21,12:48:52,COMPLETED,27453.0,61529.4,3.36,3694.80
461,hard,15,11:02:01,11:02:06,12:49:18,COMPLETED,32064.0,107213.4,5.11,6437.73
682,hard,15,12:23:26,12:27:18,12:49:18,COMPLETED,34018.0,22017.9,232.03,1552.73
622,easy,12,12:35:51,12:48:59,12:49:18,COMPLETED,30684.0,330.3,788.36,807.73
730,medium,14,12:26:39,12:35:23,12:49:31,COMPLETED,32384.0,14153.8,524.16,1372.95
629,easy,12,12:36:43,12:49:25,12:49:45,COMPLETED,24730.0,335.8,762.19,782.11
641,easy,11,12:37:14,12:49:25,12:49:45,COMPLETED,27345.0,335.0,731.19,751.11
658,easy,11,12:38:26,12:49:51,12:50:10,COMPLETED,20835.0,322.8,685.48,704.53
643,easy,11,12:38:36,12:50:16,12:50:36,COMPLETED,24987.0,324.5,700.91,720.08
665,easy,12,12:37:50,12:49:38,12:51:51,COMPLETED,23425.0,2228.9,708.50,841.95
608,easy,12,12:39:23,12:51:58,12:52:23,COMPLETED,31932.0,427.2,755.28,780.60
719,easy,12,12:39:39,12:52:29,12:52:42,COMPLETED,18950.0,216.6,770.93,783.60
674,easy,12,12:36:07,12:49:25,12:52:55,COMPLETED,28487.0,3508.6,798.19,1008.36
644,easy,12,12:35:51,12:48:52,12:53:52,COMPLETED,35348.0,4999.8,781.80,1081.51
610,easy,11,12:40:22,12:53:58,12:54:11,COMPLETED,29594.0,216.8,816.84,829.54
743,medium,13,12:40:05,12:52:48,12:54:17,COMPLETED,28812.0,1487.6,763.95,852.87
678,hard,15,12:23:42,12:29:50,12:54:43,COMPLETED,31123.0,24894.4,368.15,1861.39
652,hard,15,12:19:21,12:19:21,12:55:48,COMPLETED,34387.0,36461.5,0.04,2187.33
716,hard,15,12:35:51,12:48:07,12:55:48,COMPLETED,28821.0,7689.8,736.45,1197.33
654,medium,13,12:32:00,12:42:38,12:55:54,COMPLETED,29192.0,13289.9,638.02,1434.92
701,easy,11,12:41:51,12:55:54,12:56:07,COMPLETED,35455.0,222.9,843.92,856.87
694,easy,12,12:41:06,12:55:54,12:56:21,COMPLETED,22302.0,440.5,888.92,915.04
685,easy,11,12:42:12,12:56:14,12:56:33,COMPLETED,27365.0,330.1,842.42,861.74
734,medium,13,12:40:08,12:53:01,12:58:17,COMPLETED,27608.0,5270.6,773.76,1089.54
642,medium,13,12:17:36,12:17:39,12:58:37,COMPLETED,38120.0,40962.2,3.86,2461.18
450,hard,15,11:49:16,11:49:17,13:00:27,COMPLETED,33728.0,71175.4,1.27,4271.59
667,easy,12,12:43:48,12:58:24,13:00:53,COMPLETED,26724.0,2497.4,876.08,1025.57
749,medium,14,12:42:25,12:56:27,13:01:25,COMPLETED,30256.0,4972.4,842.39,1140.40
624,medium,14,12:25:11,12:30:02,13:02:47,COMPLETED,36502.0,32755.4,291.85,2256.89
645,medium,14,12:44:41,13:00:59,13:05:32,COMPLETED,24992.0,4547.3,978.97,1251.49
446,hard,15,10:00:40,10:00:40,13:05:51,COMPLETED,31180.0,185191.6,0.14,11111.63
573,hard,15,11:10:55,11:10:56,13:07:52,COMPLETED,27483.0,116935.3,1.92,7017.82
657,medium,13,12:44:27,12:58:43,13:07:59,COMPLETED,35019.0,9269.2,856.82,1412.42
319,hard,15,10:47:46,10:47:51,13:09:10,COMPLETED,29899.0,141317.8,5.57,8484.56
732,easy,11,12:47:13,13:09:16,13:09:36,COMPLETED,25645.0,335.4,1323.94,1343.56
684,medium,14,12:40:42,12:54:24,13:10:15,COMPLETED,28703.0,15862.3,822.25,1773.54
614,medium,14,12:44:40,13:00:34,13:10:28,COMPLETED,29178.0,9914.2,954.15,1548.73
745,easy,12,12:48:22,13:10:35,13:11:14,COMPLETED,26801.0,657.9,1333.06,1372.04
687,easy,11,12:49:03,13:11:20,13:11:27,COMPLETED,22109.0,118.8,1337.58,1344.20
606,easy,12,12:48:10,13:09:43,13:11:33,COMPLETED,32566.0,1853.6,1293.12,1403.75
613,easy,11,12:49:05,13:11:40,13:11:46,COMPLETED,22103.0,117.1,1355.40,1361.89
727,easy,12,12:48:11,13:10:22,13:13:47,COMPLETED,33918.0,3434.0,1331.11,1536.86
507,medium,14,11:23:08,11:23:08,13:14:51,COMPLETED,35607.0,111703.4,0.91,6703.05
117,hard,15,08:45:15,08:45:16,13:15:35,COMPLETED,28440.0,270317.3,1.28,16220.30
656,medium,14,12:22:54,12:26:25,13:15:35,COMPLETED,28869.0,49159.4,211.95,3161.30
636,medium,14,12:35:14,12:45:45,13:15:48,COMPLETED,30563.0,30053.0,631.08,2434.04
746,easy,11,12:50:50,13:15:41,13:15:48,COMPLETED,18011.0,111.1,1491.64,1498.04
669,medium,14,12:38:56,12:50:42,13:16:00,COMPLETED,36042.0,25309.4,706.41,2224.75
628,easy,11,12:51:09,13:15:54,13:16:00,COMPLETED,28565.0,111.5,1485.37,1491.75
693,medium,13,12:54:09,13:16:07,13:17:04,COMPLETED,19599.0,956.4,1318.09,1375.14
635,hard,15,12:03:04,12:03:08,13:18:20,COMPLETED,35037.0,75204.4,4.54,4516.66
729,easy,12,12:54:39,13:18:26,13:18:52,COMPLETED,28695.0,427.7,1428.00,1453.31
616,medium,14,12:50:47,13:15:41,13:19:11,COMPLETED,29234.0,3500.1,1494.64,1704.36
677,easy,11,12:55:23,13:18:58,13:19:17,COMPLETED,27124.0,322.4,1415.69,1434.69
706,easy,11,12:56:02,13:19:17,13:19:30,COMPLETED,27670.0,217.1,1395.69,1408.43
520,hard,15,11:05:29,11:05:34,13:20:02,COMPLETED,35631.0,134461.0,5.50,8073.07
720,easy,11,12:56:17,13:19:24,13:20:27,COMPLETED,28311.0,1060.4,1387.07,1450.40
676,medium,14,12:50:25,13:13:54,13:20:33,COMPLETED,29843.0,6664.2,1409.19,1808.73
724,easy,11,12:57:09,13:20:33,13:20:46,COMPLETED,32888.0,217.0,1404.73,1417.46
726,easy,11,12:57:56,13:20:52,13:21:05,COMPLETED,25041.0,216.1,1376.78,1389.44
672,medium,13,12:47:03,13:08:06,13:21:43,COMPLETED,29798.0,13626.9,1263.07,2080.43
736,medium,13,12:58:15,13:21:11,13:22:21,COMPLETED,27334.0,1164.8,1376.77,1446.36
655,hard,15,12:09:47,12:09:47,13:23:44,COMPLETED,34113.0,73959.1,0.51,4437.85
689,easy,12,12:58:47,13:21:49,13:24:30,COMPLETED,23917.0,2682.7,1382.76,1543.43
601,hard,15,12:33:09,12:44:26,13:24:49,COMPLETED,26871.0,40382.9,677.93,3100.66
699,hard,15,12:22:02,12:23:37,13:28:24,COMPLETED,28266.0,64794.4,95.39,3982.88
705,medium,14,12:59:09,13:24:56,13:28:24,COMPLETED,31175.0,3485.4,1547.07,1755.88
739,easy,11,12:59:35,13:28:31,13:28:43,COMPLETED,26535.0,216.9,1736.21,1748.96
505,hard,15,11:34:10,11:34:13,13:28:50,COMPLETED,30791.0,114612.3,3.72,6880.29
647,medium,14,12:54:29,13:17:10,13:28:56,COMPLETED,33769.0,11774.6,1361.51,2067.67
623,easy,11,12:59:38,13:28:50,13:28:56,COMPLETED,23726.0,112.6,1752.29,1758.67
695,medium,14,12:46:27,13:05:38,13:29:15,COMPLETED,31402.0,23619.3,1151.86,2568.76
675,medium,14,12:56:25,13:20:08,13:29:15,COMPLETED,29452.0,9127.7,1423.41,1970.76
666,easy,12,12:59:57,13:29:03,13:29:22,COMPLETED,27933.0,323.9,1746.07,1765.13
817,easy,12,13:00:06,13:29:03,13:29:22,COMPLETED,28609.0,323.5,1737.07,1756.13
759,easy,11,13:00:16,13:29:22,13:29:34,COMPLETED,30041.0,219.3,1746.13,1759.00
889,easy,11,13:00:37,13:29:22,13:29:34,COMPLETED,22354.0,218.9,1725.13,1738.00
700,easy,12,12:59:42,13:28:56,13:29:41,COMPLETED,26367.0,750.5,1754.67,1799.33
854,easy,12,13:00:54,13:29:28,13:30:00,COMPLETED,31051.0,536.1,1714.55,1746.43
799,easy,12,13:01:36,13:29:41,13:30:00,COMPLETED,32708.0,322.7,1685.33,1704.43
560,hard,15,11:56:54,11:56:59,13:30:06,COMPLETED,24552.0,93123.0,5.59,5592.76
783,easy,11,13:02:16,13:30:06,13:30:19,COMPLETED,31822.0,218.8,1670.76,1683.62
754,easy,12,13:01:30,13:29:41,13:30:25,COMPLETED,33745.0,752.8,1691.33,1735.96
785,easy,12,13:02:56,13:30:13,13:30:25,COMPLETED,23614.0,222.3,1637.22,1649.96
835,medium,13,13:05:28,13:30:32,13:31:50,COMPLETED,26710.0,1302.3,1504.60,1582.33
798,easy,12,13:04:25,13:30:32,13:31:56,COMPLETED,30088.0,1410.2,1567.60,1651.87
887,easy,12,13:06:50,13:32:03,13:32:41,COMPLETED,28114.0,652.5,1513.25,1551.88
651,medium,13,12:54:05,13:15:54,13:33:08,COMPLETED,34156.0,17235.5,1309.37,2343.12
612,hard,15,12:57:28,13:20:40,13:33:08,COMPLETED,34242.0,12474.9,1392.10,2140.12
766,easy,11,13:06:52,13:32:48,13:33:08,COMPLETED,29117.0,337.6,1556.44,1576.12
776,easy,11,13:07:37,13:33:14,13:33:27,COMPLETED,13942.0,220.2,1537.74,1550.51
748,medium,14,12:07:17,12:07:21,13:33:40,COMPLETED,39609.0,86320.5,4.70,5183.78
842,easy,11,13:08:40,13:33:34,13:33:40,COMPLETED,17685.0,117.2,1494.07,1500.78
882,medium,13,13:01:56,13:29:47,13:34:13,COMPLETED,22567.0,4431.6,1671.74,1937.20
671,medium,14,12:07:40,12:07:40,13:34:45,COMPLETED,27765.0,87087.3,0.82,5225.86
875,easy,12,13:08:51,13:33:47,13:34:45,COMPLETED,31377.0,987.5,1496.12,1554.86
836,easy,12,13:09:05,13:33:47,13:34:45,COMPLETED,23811.0,986.7,1482.12,1540.86
779,easy,11,13:09:13,13:34:52,13:35:05,COMPLETED,22295.0,223.7,1539.45,1552.38
876,easy,11,13:09:17,13:34:52,13:35:05,COMPLETED,23768.0,224.0,1535.45,1548.38
767,easy,11,13:09:18,13:35:11,13:35:18,COMPLETED,29278.0,117.3,1553.99,1560.73
750,easy,11,13:09:39,13:35:11,13:35:31,COMPLETED,30573.0,335.1,1532.99,1552.70
821,medium,13,13:09:10,13:34:19,13:35:38,COMPLETED,25695.0,1317.8,1509.73,1588.24
619,medium,14,12:49:55,13:11:53,13:36:04,COMPLETED,28247.0,24186.4,1318.46,2769.24
831,easy,11,13:10:47,13:35:38,13:36:04,COMPLETED,24857.0,442.8,1491.24,1517.24
865,easy,12,13:09:11,13:34:52,13:36:10,COMPLETED,31827.0,1317.9,1541.45,1619.85
333,hard,15,10:46:58,10:47:01,13:36:17,COMPLETED,36517.0,169274.8,3.38,10159.60
898,easy,11,13:10:58,13:35:44,13:36:17,COMPLETED,28439.0,557.5,1486.87,1519.60
820,easy,11,13:11:41,13:36:10,13:36:17,COMPLETED,31472.0,123.8,1469.85,1476.60
861,medium,13,13:11:29,13:36:10,13:37:46,COMPLETED,29437.0,1602.5,1481.85,1577.71
840,easy,12,13:12:28,13:36:24,13:38:37,COMPLETED,30872.0,2220.3,1436.42,1569.40
788,easy,12,13:13:46,13:37:53,13:38:43,COMPLETED,29871.0,850.5,1447.06,1497.73
711,hard,15,12:40:35,12:54:17,13:41:41,COMPLETED,23130.0,47396.1,822.87,3666.34
850,medium,13,13:07:04,13:33:14,13:41:47,COMPLETED,38761.0,8561.7,1570.74,2083.88
744,medium,13,12:37:55,12:49:51,13:42:13,COMPLETED,35343.0,52375.8,716.48,3858.71
895,easy,11,13:15:31,13:42:20,13:42:52,COMPLETED,25963.0,542.2,1609.27,1641.46
888,medium,13,13:15:38,13:42:58,13:44:02,COMPLETED,31376.0,1074.0,1640.83,1704.73
812,medium,13,13:04:04,13:30:25,13:44:09,COMPLETED,34032.0,13731.6,1581.96,2405.32
884,easy,11,13:16:56,13:44:15,13:44:35,COMPLETED,33867.0,331.8,1639.98,1659.36
688,hard,15,12:59:18,13:28:31,13:45:01,COMPLETED,31572.0,16510.8,1753.21,2743.46
797,easy,12,13:17:36,13:45:08,13:45:27,COMPLETED,23745.0,326.8,1652.01,1671.28
212,hard,15,09:46:02,09:46:02,13:46:12,COMPLETED,38801.0,240171.6,0.17,14410.40
800,easy,12,13:12:17,13:36:24,13:46:12,COMPLETED,39655.0,9807.5,1447.42,2035.40
848,medium,13,13:13:59,13:38:43,13:46:32,COMPLETED,29135.0,7816.7,1484.73,1953.28
891,easy,12,13:18:59,13:46:18,13:46:32,COMPLETED,34575.0,230.6,1639.97,1653.28
778,easy,12,13:18:55,13:45:33,13:46:38,COMPLETED,28281.0,1098.3,1598.65,1663.86
815,medium,13,13:13:42,13:36:24,13:47:18,COMPLETED,32951.0,10901.2,1362.42,2016.16
830,easy,12,13:19:57,13:46:45,13:47:18,COMPLETED,28990.0,550.9,1608.63,1641.16
856,medium,13,13:19:49,13:46:38,13:47:31,COMPLETED,30872.0,877.0,1609.86,1662.27
849,easy,11,13:20:15,13:47:24,13:47:31,COMPLETED,32152.0,113.5,1629.72,1636.27
885,medium,14,13:10:32,13:35:25,13:47:50,COMPLETED,31848.0,12426.9,1493.06,2238.42
864,easy,11,13:20:22,13:47:37,13:47:50,COMPLETED,31812.0,218.8,1635.61,1648.42
855,easy,11,13:20:31,13:47:37,13:47:56,COMPLETED,18161.0,324.7,1626.61,1645.77
780,easy,11,13:20:44,13:47:56,13:48:28,COMPLETED,25677.0,534.6,1632.77,1664.47
833,medium,14,13:20:59,13:47:56,13:51:32,COMPLETED,28762.0,3592.5,1617.77,1833.06
808,medium,14,13:20:11,13:47:24,13:52:16,COMPLETED,32441.0,4865.1,1633.72,1925.32
633,hard,15,12:42:27,12:56:40,13:52:22,COMPLETED,38495.0,55710.8,853.28,4195.67
881,easy,12,13:22:59,13:52:22,13:52:48,COMPLETED,26908.0,437.7,1763.67,1789.45
869,easy,12,13:23:19,13:52:29,13:52:54,COMPLETED,25992.0,442.0,1750.08,1775.99
890,medium,13,13:21:53,13:48:03,13:55:55,COMPLETED,33069.0,7886.9,1570.17,2042.93
796,medium,14,13:22:35,13:51:38,13:56:02,COMPLETED,28270.0,4410.9,1743.39,2007.46
625,hard,15,12:50:37,13:14:57,13:56:22,COMPLETED,32281.0,41419.7,1460.38,3945.22
755,easy,11,13:24:40,13:56:09,13:56:22,COMPLETED,22591.0,228.1,1889.11,1902.22
237,hard,15,09:58:42,09:58:48,13:56:35,COMPLETED,39685.0,237785.6,6.15,14273.22
825,easy,11,13:24:40,13:56:28,13:56:35,COMPLETED,28718.0,115.2,1908.84,1915.22
611,medium,14,12:59:02,13:24:36,13:57:07,COMPLETED,35383.0,32524.1,1534.76,3485.84
823,easy,12,13:25:36,13:56:28,13:57:20,COMPLETED,29314.0,873.4,1852.84,1904.80
868,medium,13,13:25:39,13:56:41,13:57:46,COMPLETED,32722.0,1093.5,1862.80,1927.94
867,easy,11,13:28:00,13:57:27,13:57:53,COMPLETED,28816.0,445.6,1767.34,1793.49
772,easy,12,13:26:31,13:56:41,13:58:00,COMPLETED,32933.0,1313.2,1810.80,1889.13
816,easy,12,13:27:30,13:57:14,13:58:19,COMPLETED,29228.0,1099.3,1784.39,1849.84
781,easy,11,13:28:32,13:58:00,13:58:19,COMPLETED,21601.0,337.7,1768.13,1787.84
775,easy,11,13:29:04,13:58:06,13:58:19,COMPLETED,27391.0,227.9,1742.75,1755.84
765,easy,11,13:30:13,13:58:26,13:58:32,COMPLETED,29610.0,115.2,1693.46,1699.92
439,hard,15,10:43:35,10:43:40,13:58:39,COMPLETED,33806.0,194984.6,5.55,11704.47
791,easy,11,13:30:35,13:58:26,13:58:39,COMPLETED,30997.0,224.8,1671.46,1684.47
762,easy,11,13:31:13,13:58:39,13:58:52,COMPLETED,28364.0,222.3,1646.47,1659.48
878,medium,13,13:29:54,13:58:26,13:58:58,COMPLETED,23034.0,545.4,1712.46,1744.85
777,easy,11,13:31:33,13:58:46,13:59:05,COMPLETED,24784.0,325.0,1633.06,1652.22
802,easy,12,13:28:09,13:57:53,13:59:11,COMPLETED,25645.0,1307.5,1784.49,1862.61
845,easy,12,13:31:42,13:58:58,13:59:11,COMPLETED,33873.0,218.6,1636.85,1649.61
853,easy,11,13:32:44,13:59:17,13:59:30,COMPLETED,27373.0,218.7,1594.00,1606.79
784,medium,14,13:19:15,13:46:38,13:59:49,COMPLETED,28290.0,13188.7,1643.86,2434.88
769,medium,13,13:31:34,13:58:46,14:00:02,COMPLETED,31082.0,1280.8,1632.06,1708.66
841,easy,11,13:36:20,14:00:09,14:00:59,COMPLETED,19859.0,847.7,1429.02,1479.58
879,easy,12,13:36:41,14:01:05,14:01:50,COMPLETED,32437.0,745.6,1464.91,1509.31
169,medium,14,09:51:24,09:51:24,14:02:09,COMPLETED,24246.0,250746.3,0.60,15045.38
774,easy,11,13:38:01,14:02:15,14:02:22,COMPLETED,24616.0,111.8,1454.77,1461.17
771,easy,11,13:38:52,14:02:28,14:02:41,COMPLETED,22066.0,216.6,1416.50,1429.19
886,medium,14,13:23:22,13:52:54,14:03:06,COMPLETED,30204.0,10196.3,1772.99,2384.50
862,easy,12,13:23:50,13:53:01,14:03:06,COMPLETED,43943.0,10085.5,1751.65,2356.50
846,medium,14,13:35:39,13:59:56,14:03:06,COMPLETED,28221.0,3176.0,1457.26,1647.50
649,hard,15,12:46:41,13:05:57,14:03:12,COMPLETED,34717.0,57252.7,1156.96,4591.85
753,easy,12,13:39:39,14:03:12,14:03:25,COMPLETED,24797.0,217.8,1413.85,1426.64
807,easy,12,13:39:13,14:03:12,14:03:51,COMPLETED,28158.0,647.8,1439.85,1478.39
829,easy,12,13:40:04,14:03:32,14:04:10,COMPLETED,26301.0,656.1,1408.01,1446.87
756,easy,11,13:39:58,14:03:12,14:04:17,COMPLETED,22403.0,1085.2,1394.85,1459.42
870,easy,11,13:41:02,14:04:24,14:04:36,COMPLETED,23578.0,224.2,1402.09,1414.98
811,easy,12,13:41:19,14:04:43,14:06:00,COMPLETED,27259.0,1289.5,1404.58,1481.62
893,medium,14,13:40:51,14:04:17,14:06:19,COMPLETED,28040.0,2042.3,1406.42,1528.67
790,easy,12,13:41:59,14:06:25,14:06:45,COMPLETED,28193.0,328.3,1467.00,1486.32
844,easy,11,13:41:59,14:06:51,14:07:04,COMPLETED,27445.0,218.1,1492.73,1505.50
718,medium,14,12:58:51,13:22:27,14:07:29,COMPLETED,31346.0,45038.8,1416.70,4118.83
897,easy,12,13:42:10,14:07:10,14:08:21,COMPLETED,26656.0,1181.1,1500.84,1571.40
761,medium,13,13:36:56,14:01:56,14:10:48,COMPLETED,33195.0,8875.8,1500.67,2032.88
394,hard,15,10:26:20,10:26:20,14:14:11,COMPLETED,38644.0,227858.0,0.17,13671.61
707,hard,15,12:45:06,13:01:31,14:14:11,COMPLETED,31813.0,72666.8,985.79,5345.61
602,hard,15,12:15:43,12:15:45,14:14:36,COMPLETED,35580.0,118866.1,2.12,7133.95
789,easy,12,13:44:23,14:14:17,14:14:55,COMPLETED,21346.0,638.4,1794.95,1832.97
828,easy,12,13:44:35,14:14:17,14:15:02,COMPLETED,28783.0,744.0,1782.95,1827.29
793,easy,11,13:46:41,14:15:08,14:15:28,COMPLETED,30608.0,332.5,1707.67,1727.11
892,easy,12,13:46:33,14:15:02,14:15:47,COMPLETED,24002.0,766.6,1709.29,1754.79
827,hard,15,13:16:20,13:44:09,14:15:54,COMPLETED,31105.0,31758.1,1669.32,3574.34
615,hard,15,12:26:29,12:35:16,14:16:39,COMPLETED,36096.0,101391.0,527.48,6610.81
880,easy,11,13:48:10,14:16:46,14:17:12,COMPLETED,33736.0,436.6,1716.13,1742.02
758,medium,14,13:33:07,13:59:37,14:18:10,COMPLETED,25573.0,18556.4,1590.19,2703.27
605,hard,15,12:06:10,12:06:12,14:18:42,COMPLETED,34399.0,132513.3,2.02,7952.64
852,easy,11,13:48:55,14:18:49,14:19:02,COMPLETED,24440.0,223.4,1794.18,1807.07
810,medium,14,13:40:03,14:03:19,14:21:17,COMPLETED,33607.0,17977.5,1396.29,2474.67
805,easy,12,13:49:46,14:21:24,14:21:43,COMPLETED,24829.0,321.6,1898.04,1917.03
838,medium,14,13:11:42,13:36:17,14:21:49,COMPLETED,29487.0,45533.2,1475.60,4207.36
839,easy,11,13:49:54,14:21:49,14:21:55,COMPLETED,29150.0,112.0,1915.36,1921.74
822,easy,11,13:52:01,14:21:55,14:22:14,COMPLETED,27002.0,322.6,1794.74,1813.79
834,medium,13,13:46:55,14:15:54,14:23:11,COMPLETED,28506.0,7293.4,1739.34,2176.67
690,hard,15,12:42:06,12:56:01,14:23:43,COMPLETED,29406.0,87699.1,835.51,6097.31
858,medium,14,13:46:41,14:15:34,14:23:43,COMPLETED,32752.0,8148.9,1733.66,2222.31
558,hard,15,11:53:33,11:53:38,14:25:11,COMPLETED,32594.0,151556.6,5.56,9098.84
851,medium,14,13:22:15,13:48:34,14:25:56,COMPLETED,25145.0,37359.4,1579.87,3821.22
832,easy,12,13:54:09,14:23:49,14:26:02,COMPLETED,30667.0,2221.0,1780.65,1913.57
803,hard,15,13:02:11,13:30:06,14:26:53,COMPLETED,36694.0,56779.1,1675.76,5082.33
814,easy,12,13:55:43,14:26:02,14:26:53,COMPLETED,25560.0,851.3,1819.57,1870.33
826,easy,11,13:56:57,14:26:59,14:27:31,COMPLETED,33922.378159364736,532.0,1802.68,1834.33
866,medium,13,13:56:45,14:26:59,14:28:59,COMPLETED,31761.0,2009.1,1814.68,1934.90
752,medium,14,13:24:04,13:56:02,14:30:03,COMPLETED,32628.0,34015.6,1918.46,3959.15
847,easy,12,13:57:00,14:27:37,14:30:09,COMPLETED,26441.0,2537.0,1837.67,1989.55
764,easy,12,13:57:59,14:30:15,14:30:41,COMPLETED,27953.0,426.9,1936.92,1962.23
770,hard,15,13:43:45,14:10:55,14:31:00,COMPLETED,34099.0,20087.3,1630.28,2835.28
768,easy,12,13:58:16,14:30:47,14:31:06,COMPLETED,25105.0,323.2,1951.56,1970.61
792,medium,13,13:58:33,14:31:12,14:32:43,COMPLETED,23161.0,1512.1,1959.99,2050.21
837,easy,12,13:58:43,14:32:49,14:33:09,COMPLETED,31936.0,335.9,2046.75,2066.40
874,medium,13,13:48:41,14:18:16,14:36:57,COMPLETED,39145.0,18684.5,1775.68,2896.49
801,medium,13,13:57:07,14:29:06,14:37:10,COMPLETED,33356.0,8071.3,1919.26,2403.19
968,easy,12,14:00:06,14:37:16,14:37:42,COMPLETED,24430.0,430.0,2230.58,2256.02
809,hard,15,13:43:42,14:08:27,14:38:45,COMPLETED,35058.0,30299.8,1485.73,3303.47
794,medium,14,13:55:11,14:25:18,14:39:56,COMPLETED,31239.0,14638.9,1807.26,2685.15
990,easy,11,14:00:53,14:40:02,14:40:09,COMPLETED,20914.0,118.5,2349.69,2356.30
951,easy,12,14:00:26,14:38:51,14:40:28,COMPLETED,35015.0,1622.3,2305.83,2402.87
550,hard,15,11:25:32,11:25:36,14:41:46,COMPLETED,32473.0,196163.8,4.65,11774.35
925,medium,13,14:01:12,14:40:15,14:42:18,COMPLETED,27454.0,2056.2,2343.84,2466.71
1014,easy,12,14:00:13,14:37:48,14:42:44,COMPLETED,38400.0,4946.1,2255.41,2551.86
946,easy,11,14:02:37,14:42:51,14:42:57,COMPLETED,27256.0,111.3,2414.21,2420.56
940,easy,12,14:01:25,14:40:35,14:43:10,COMPLETED,35183.0,2589.3,2350.20,2505.28
795,medium,14,13:58:49,14:37:03,14:43:35,COMPLETED,24919.0,6543.0,2294.83,2686.90
806,hard,15,13:45:18,14:14:43,14:44:27,COMPLETED,26562.0,29748.6,1765.30,3549.82
923,easy,11,14:03:16,14:44:34,14:45:00,COMPLETED,32057.0,440.6,2478.37,2504.31
993,medium,13,14:03:22,14:45:06,14:45:44,COMPLETED,32122.0,640.1,2504.85,2542.95
992,easy,11,14:04:45,14:45:51,14:45:57,COMPLETED,21816.0,111.0,2466.28,2472.64
782,medium,14,13:58:32,14:31:06,14:46:48,COMPLETED,31891.0,15701.1,1954.61,2896.40
938,easy,11,14:05:40,14:46:54,14:47:39,COMPLETED,24958.0,743.5,2474.74,2519.03
813,medium,14,13:39:05,14:02:47,14:48:48,COMPLETED,38605.0,46020.8,1422.52,4183.55
1011,medium,13,14:02:46,14:43:16,14:48:48,COMPLETED,26921.0,5537.6,2430.60,2762.55
962,easy,12,14:02:42,14:43:03,14:49:13,COMPLETED,28023.0,6172.8,2421.91,2791.94
1004,medium,13,14:02:55,14:43:42,14:49:20,COMPLETED,29264.0,5636.6,2447.48,2785.34
927,easy,12,14:06:01,14:48:54,14:49:33,COMPLETED,27476.0,641.6,2573.90,2612.10
751,medium,14,13:52:08,14:22:02,14:49:58,COMPLETED,30750.0,27944.2,1794.11,3470.50
329,hard,15,10:52:08,10:52:11,14:50:30,COMPLETED,30836.0,238324.6,3.48,14302.90
999,easy,12,14:07:48,14:50:04,14:50:30,COMPLETED,32615.0,442.4,2536.86,2562.90
1045,easy,11,14:08:02,14:50:37,14:50:57,COMPLETED,24310.0,337.3,2555.45,2575.18
1043,easy,11,14:08:25,14:51:03,14:51:23,COMPLETED,28659.0,333.4,2558.74,2578.42
955,medium,13,14:06:21,14:49:20,14:51:36,COMPLETED,21746.0,2271.9,2579.34,2715.18
1025,easy,12,14:06:52,14:49:26,14:51:36,COMPLETED,32906.0,2166.0,2554.73,2684.18
1017,easy,11,14:09:16,14:51:29,14:51:42,COMPLETED,29895.0,222.4,2533.77,2546.75
1007,easy,12,14:10:21,14:51:42,14:51:55,COMPLETED,23867.0,224.6,2481.75,2494.78
937,easy,12,14:10:24,14:51:49,14:52:15,COMPLETED,21615.0,450.0,2485.15,2511.67
997,easy,12,14:11:59,14:52:22,14:52:35,COMPLETED,20707.0,223.6,2423.21,2436.10
953,easy,11,14:11:34,14:52:02,14:52:41,COMPLETED,24445.0,666.9,2428.32,2467.66
607,medium,14,12:54:17,13:16:07,14:52:48,COMPLETED,33676.0,96693.4,1310.09,7111.40
773,hard,15,13:14:12,13:38:50,14:53:07,COMPLETED,32048.0,74297.8,1478.12,5935.79
988,easy,12,14:13:39,14:52:55,14:53:53,COMPLETED,29469.0,975.3,2356.05,2414.08
1013,medium,13,14:05:50,14:47:45,14:55:16,COMPLETED,35296.0,7531.7,2515.38,2966.84
902,medium,14,14:13:35,14:52:48,14:55:42,COMPLETED,33097.0,2915.2,2353.40,2527.80
928,easy,11,14:14:19,14:55:49,14:55:55,COMPLETED,21832.0,117.7,2490.38,2496.95
986,easy,11,14:15:03,14:56:02,14:56:21,COMPLETED,27913.0,330.0,2459.49,2478.92
1020,easy,11,14:15:14,14:56:28,14:56:34,COMPLETED,24447.0,111.8,2474.32,2480.71
960,medium,13,14:13:56,14:53:59,14:56:47,COMPLETED,32910.0,2801.6,2403.62,2571.40
1024,easy,11,14:15:42,14:56:41,14:57:12,COMPLETED,24927.0,533.1,2459.05,2490.74
921,medium,13,14:06:12,14:48:54,14:58:16,COMPLETED,27586.0,9356.4,2562.90,3124.01
604,hard,15,12:04:11,12:04:11,15:01:45,COMPLETED,36707.0,177567.7,0.89,10654.80
1038,medium,14,14:14:04,14:55:23,15:02:11,COMPLETED,30836.0,6817.2,2479.38,2887.79
941,medium,13,14:10:04,14:51:42,15:02:44,COMPLETED,34712.0,11034.7,2498.75,3160.55
1034,easy,11,14:16:33,15:01:52,15:03:22,COMPLETED,21449.0,1517.3,2719.35,2809.87
974,easy,12,14:18:20,15:03:29,15:03:49,COMPLETED,29045.0,334.5,2709.45,2729.01
963,easy,11,14:18:23,15:03:55,15:04:28,COMPLETED,26763.0,546.3,2732.56,2765.04
804,hard,15,13:58:45,14:33:15,15:04:40,COMPLETED,28094.0,31417.1,2070.94,3955.72
873,medium,14,13:53:30,14:23:49,15:05:32,COMPLETED,37233.0,41720.6,1819.65,4322.51
984,easy,12,14:18:29,15:04:34,15:05:39,COMPLETED,27045.0,1087.7,2765.36,2830.05
970,easy,12,14:18:49,15:05:39,15:06:11,COMPLETED,31289.0,547.9,2810.05,2842.41
1026,easy,11,14:19:44,15:05:45,15:06:17,COMPLETED,29067.0,544.1,2761.68,2793.98
976,easy,12,14:19:56,15:06:17,15:07:03,COMPLETED,32030.0,764.6,2781.98,2827.36
916,medium,14,14:06:59,14:49:39,15:09:48,COMPLETED,34199.0,20158.4,2560.44,3769.66
453,hard,15,11:28:57,11:29:02,15:10:07,COMPLETED,27049.0,221083.0,5.92,13270.82
926,medium,13,14:20:36,15:10:14,15:10:39,COMPLETED,25401.0,431.1,2978.21,3003.71
553,hard,15,11:14:56,11:14:59,15:11:49,COMPLETED,29026.0,236832.2,3.79,14213.74
714,hard,15,12:58:54,13:23:51,15:11:56,COMPLETED,37938.0,108084.1,1497.25,7982.11
973,easy,11,14:21:09,15:11:56,15:12:02,COMPLETED,26600.0,113.2,3047.11,3053.53
1037,medium,13,14:18:43,15:04:47,15:12:21,COMPLETED,34669.0,7582.0,2764.06,3218.67
903,medium,13,14:20:45,15:10:46,15:12:21,COMPLETED,31148.0,1598.7,3001.09,3096.67
942,easy,11,14:22:23,15:12:08,15:12:34,COMPLETED,28653.0,430.1,2985.94,3011.45
964,easy,12,14:22:40,15:12:28,15:13:06,COMPLETED,24152.0,639.7,2988.06,3026.14
1002,easy,12,14:24:10,15:13:12,15:13:44,COMPLETED,23312.0,551.0,2942.47,2974.99
1039,easy,11,14:24:12,15:13:51,15:14:04,COMPLETED,33119.0,220.9,2979.58,2992.53
914,medium,14,14:17:37,15:02:50,15:15:28,COMPLETED,25845.0,12624.1,2713.89,3471.07
896,hard,15,13:48:20,14:17:18,15:15:34,COMPLETED,37643.0,58271.7,1738.35,5234.39
1047,medium,13,14:23:29,15:12:28,15:15:40,COMPLETED,28658.0,3218.2,2939.06,3131.79
1036,hard,15,14:05:01,14:46:03,15:16:44,COMPLETED,38436.0,30676.6,2462.97,4303.34
1005,easy,11,14:25:54,15:16:50,15:17:03,COMPLETED,23295.0,217.6,3056.68,3069.36
1015,easy,12,14:26:24,15:17:09,15:17:41,COMPLETED,29394.0,544.1,3045.76,3077.90
1046,medium,13,14:20:09,15:09:55,15:18:46,COMPLETED,33083.0,8862.7,2986.03,3517.53
883,hard,15,13:40:31,14:03:57,15:19:11,COMPLETED,31219.0,75239.1,1406.76,5920.92
918,easy,12,14:27:37,15:18:52,15:19:24,COMPLETED,29297.0,534.1,3075.86,3107.61
998,easy,11,14:27:52,15:19:18,15:19:24,COMPLETED,23696.0,111.2,3086.26,3092.61
1032,easy,12,14:28:02,15:19:30,15:20:09,COMPLETED,23969.0,640.2,3088.95,3127.01
697,hard,15,12:45:46,13:02:54,15:20:34,COMPLETED,31244.0,137670.7,1028.29,9288.42
1010,hard,15,14:12:27,14:52:41,15:20:34,COMPLETED,32698.0,27883.1,2414.66,4087.42
1031,easy,11,14:28:36,15:20:15,15:20:40,COMPLETED,17787.0,429.0,3099.40,3124.75
966,easy,11,14:30:11,15:20:47,15:20:59,COMPLETED,34704.0,217.1,3036.19,3048.88
932,easy,12,14:28:12,15:19:30,15:21:12,COMPLETED,31278.0,1699.7,3078.95,3180.64
663,hard,15,12:11:46,12:11:47,15:23:13,COMPLETED,28523.0,191424.4,1.62,11487.03
911,medium,13,14:30:51,15:21:06,15:23:38,COMPLETED,26801.0,2543.6,3015.24,3167.55
1049,easy,12,14:31:11,15:23:19,15:23:44,COMPLETED,28208.0,435.7,3128.36,3153.89
910,hard,15,14:25:46,15:15:47,15:24:04,COMPLETED,31032.0,8298.2,3001.24,3498.68
1044,easy,12,14:31:49,15:23:44,15:24:17,COMPLETED,34956.0,555.1,3115.89,3148.90
909,easy,11,14:32:40,15:24:11,15:24:24,COMPLETED,29849.0,228.1,3091.22,3104.24
978,medium,14,14:25:26,15:15:34,15:24:30,COMPLETED,23107.0,8949.5,3008.39,3544.97
947,easy,11,14:33:24,15:24:37,15:24:44,COMPLETED,27670.0,118.2,3073.44,3080.02
907,easy,12,14:32:43,15:24:24,15:26:14,COMPLETED,31230.0,1844.1,3101.24,3211.59
979,easy,12,14:32:19,15:23:51,15:26:59,COMPLETED,35883.0,3139.4,3092.55,3280.43
975,hard,15,14:15:56,14:56:53,15:27:25,COMPLETED,28464.0,30538.7,2457.75,4289.65
934,easy,11,14:34:54,15:27:05,15:27:25,COMPLETED,26381.0,338.2,3131.98,3151.65
969,easy,12,14:36:46,15:27:32,15:28:17,COMPLETED,28396.0,757.0,3046.32,3091.48
913,medium,13,14:24:52,15:14:10,15:29:22,COMPLETED,32552.0,15197.1,2958.86,3870.27
948,medium,13,14:36:41,15:27:32,15:29:54,COMPLETED,32879.0,2369.2,3051.32,3193.12
980,medium,14,14:29:57,15:20:40,15:30:00,COMPLETED,27530.0,9334.1,3043.75,3603.52
949,easy,12,14:37:20,15:29:28,15:30:25,COMPLETED,24691.0,957.6,3128.81,3185.96
996,easy,11,14:38:08,15:30:32,15:30:44,COMPLETED,20437.0,216.4,3144.30,3156.98
924,medium,14,14:02:02,14:41:52,15:31:23,COMPLETED,30426.0,49507.8,2390.90,5361.12
1042,easy,11,14:41:18,15:31:29,15:31:42,COMPLETED,29264.0,218.2,3011.51,3024.29
995,easy,11,14:41:21,15:31:48,15:32:07,COMPLETED,30144.0,321.4,3027.63,3046.61
917,easy,11,14:41:30,15:32:13,15:32:26,COMPLETED,18881.0,216.3,3043.94,3056.60
904,hard,15,14:21:10,15:12:02,15:32:45,COMPLETED,31783.0,20724.5,3052.53,4295.72
1022,easy,11,14:41:43,15:32:32,15:32:45,COMPLETED,22855.0,218.8,3049.94,3062.72
943,medium,13,14:36:59,15:28:23,15:33:04,COMPLETED,32235.0,4688.9,3084.81,3365.82
8,hard,15,08:02:21,08:02:26,15:33:17,COMPLETED,35791.0,450857.1,5.21,27056.63
908,easy,12,14:43:02,15:33:11,15:33:36,COMPLETED,22255.0,430.5,3009.21,3034.69
952,easy,11,14:43:31,15:33:23,15:33:36,COMPLETED,32345.0,217.7,2992.98,3005.69
1048,easy,11,14:44:45,15:33:43,15:34:02,COMPLETED,21626.0,323.5,2938.07,2957.24
939,medium,13,14:45:06,15:34:08,15:35:12,COMPLETED,26532.0,1063.2,2942.57,3006.04
906,hard,15,14:16:08,14:57:19,15:37:05,COMPLETED,31103.0,39784.2,2471.07,4857.90
935,hard,15,14:02:30,14:42:25,15:37:43,COMPLETED,37012.0,55313.5,2395.29,5713.90
737,hard,15,12:46:46,13:07:59,15:38:40,COMPLETED,28450.0,150691.4,1273.42,10314.77
1035,hard,15,14:23:36,15:12:40,15:38:40,COMPLETED,34840.0,26004.7,2944.78,4504.77
920,easy,12,14:45:16,15:35:18,15:38:59,COMPLETED,35451.0,3696.0,3002.39,3223.86
1040,easy,12,14:46:10,15:38:47,15:39:31,COMPLETED,27422.0,743.6,3157.16,3201.48
915,easy,11,14:46:20,15:39:06,15:39:31,COMPLETED,29429.0,426.8,3166.19,3191.48
1009,easy,12,14:46:14,15:38:47,15:40:41,COMPLETED,39448.0,1921.3,3153.16,3268.00
872,hard,15,13:42:19,14:07:36,15:41:07,COMPLETED,30175.0,93533.1,1517.16,7128.98
985,medium,14,14:13:46,14:53:14,15:41:07,COMPLETED,26387.0,47900.1,2368.18,5241.98
1033,easy,12,14:47:59,15:41:14,15:41:27,COMPLETED,25994.0,223.8,3195.32,3208.24
933,easy,11,14:48:53,15:41:33,15:42:06,COMPLETED,29000.0,546.9,3160.80,3193.08
987,medium,13,14:47:37,15:40:48,15:42:44,COMPLETED,22956.0,1938.1,3191.53,3307.47
1041,medium,13,14:27:16,15:17:48,15:45:29,COMPLETED,33623.0,27681.4,3032.44,4693.10
1027,medium,13,14:49:17,15:42:50,15:46:00,COMPLETED,29059.0,3170.6,3213.87,3403.79
900,easy,11,14:49:43,15:45:35,15:46:07,COMPLETED,34119.0,534.2,3352.43,3384.14
944,easy,12,14:46:49,15:39:37,15:46:38,COMPLETED,21843.0,7020.2,3168.82,3589.80
1021,medium,13,14:49:13,15:42:12,15:46:45,COMPLETED,21908.0,4546.9,3179.65,3452.13
905,hard,15,14:08:04,14:50:37,15:47:23,COMPLETED,39614.0,56764.9,2553.45,5959.24
1029,medium,14,14:46:09,15:37:50,15:47:29,COMPLETED,34354.0,9661.9,3101.23,3680.57
965,easy,11,14:50:20,15:46:45,15:47:29,COMPLETED,22836.0,747.7,3385.13,3429.57
901,easy,11,14:51:03,15:46:51,15:47:42,COMPLETED,30949.0,854.7,3348.51,3399.50
956,easy,12,14:51:37,15:47:36,15:47:48,COMPLETED,26376.0,225.0,3359.03,3371.83
912,medium,13,14:49:59,15:46:07,15:48:21,COMPLETED,30586.0,2248.8,3368.14,3502.61
950,easy,11,14:51:51,15:47:55,15:48:21,COMPLETED,22276.0,442.2,3364.60,3390.61
738,medium,14,12:56:25,13:19:36,15:48:34,COMPLETED,38785.0,148968.4,1391.75,10329.67
972,medium,13,14:51:19,15:47:29,15:48:34,COMPLETED,33861.0,1093.7,3370.57,3435.67
936,easy,12,14:50:01,15:46:13,15:48:54,COMPLETED,27260.0,2690.5,3372.51,3533.49
994,easy,12,14:53:03,15:48:28,15:49:13,COMPLETED,32350.0,766.9,3325.18,3371.00
1018,medium,13,14:51:43,15:47:48,15:49:33,COMPLETED,26413.0,1747.7,3365.83,3470.23
860,medium,14,13:32:01,13:59:11,15:50:38,COMPLETED,39329.0,111443.9,1630.61,8317.10
957,medium,13,14:55:24,15:49:01,15:51:29,COMPLETED,24683.0,2479.4,3217.04,3365.52
1008,medium,14,14:53:25,15:48:41,15:51:48,COMPLETED,32657.0,3136.0,3316.27,3503.97
929,easy,11,14:58:37,15:51:55,15:52:15,COMPLETED,21791.0,332.0,3198.53,3218.16
982,medium,14,14:46:48,15:39:37,15:52:34,COMPLETED,31180.0,12951.3,3169.82,3946.44
989,easy,11,14:58:58,15:52:21,15:52:34,COMPLETED,20836.0,225.2,3203.48,3216.44
1077,easy,11,15:00:19,15:52:41,15:52:53,COMPLETED,27049.0,222.9,3142.03,3154.92
1082,easy,11,15:01:40,15:53:00,15:53:13,COMPLETED,23651.0,223.7,3080.48,3093.38
1019,medium,14,14:51:39,15:47:36,15:53:19,COMPLETED,28147.0,5740.1,3357.03,3700.94
1112,easy,11,15:01:52,15:53:19,15:53:33,COMPLETED,28787.0,230.4,3087.94,3101.28
1016,medium,13,14:57:54,15:51:35,15:53:46,COMPLETED,33662.0,2182.4,3221.84,3352.43
1065,easy,12,15:03:12,15:53:26,15:53:52,COMPLETED,31131.0,442.7,3014.61,3040.84
971,hard,15,14:16:35,15:02:18,15:54:05,COMPLETED,33030.0,51788.0,2743.51,5850.60
1192,easy,11,15:04:35,15:54:11,15:54:49,COMPLETED,34550.0,638.3,2976.93,3014.93
1084,easy,12,15:03:48,15:53:59,15:55:15,COMPLETED,26765.0,1272.1,3011.21,3087.24
1028,medium,13,14:57:02,15:50:44,15:55:21,COMPLETED,32490.0,4624.6,3222.42,3499.57
1110,easy,12,15:04:50,15:54:56,15:55:27,COMPLETED,24335.0,534.8,3006.25,3037.95
1154,easy,11,15:06:22,15:55:34,15:55:47,COMPLETED,31211.0,217.3,2952.38,2965.10
1146,medium,13,15:00:09,15:52:41,15:55:53,COMPLETED,33003.0,3213.5,3152.03,3344.44
1086,medium,13,15:06:29,15:55:53,15:56:12,COMPLETED,33855.0,324.2,2964.44,2983.59
1095,easy,11,15:07:33,15:55:59,15:56:12,COMPLETED,26319.0,216.8,2906.90,2919.59
1199,easy,12,15:04:54,15:55:21,15:56:18,COMPLETED,26141.0,962.9,3027.57,3084.93
1124,easy,11,15:07:59,15:56:18,15:56:31,COMPLETED,32020.0,220.0,2899.93,2912.79
1100,easy,12,15:09:18,15:56:18,15:56:57,COMPLETED,26729.0,644.6,2820.93,2859.30
945,medium,14,14:53:01,15:48:28,15:57:29,COMPLETED,28305.0,9019.6,3327.18,3868.10
931,medium,14,14:40:24,15:30:51,15:57:54,COMPLETED,29027.0,27057.9,3027.31,4650.55
1134,medium,13,15:09:50,15:57:03,15:59:30,COMPLETED,34786.0,2454.5,2833.68,2980.47
686,hard,15,12:10:51,12:10:56,16:00:16,COMPLETED,29985.0,229323.1,5.96,13765.26
1114,easy,12,15:11:21,16:00:22,16:00:28,COMPLETED,31461.0,114.8,2941.58,2947.97
1129,medium,13,15:09:19,15:56:25,16:00:42,COMPLETED,27865.0,4287.2,2826.38,3083.11
1090,easy,11,15:11:57,16:00:48,16:00:55,COMPLETED,26758.0,115.2,2931.69,2938.31
1176,medium,13,15:10:38,15:58:00,16:01:34,COMPLETED,30051.0,3561.3,2842.88,3056.08
1093,medium,13,15:10:01,15:57:35,16:02:12,COMPLETED,26693.0,4631.9,2854.43,3131.86
1169,easy,11,15:12:28,16:02:19,16:02:32,COMPLETED,28386.0,221.9,2991.41,3004.42
1052,medium,13,15:11:26,16:00:35,16:03:17,COMPLETED,30557.0,2713.2,2949.51,3111.68
981,medium,14,14:48:17,15:41:14,16:03:43,COMPLETED,28148.0,22494.3,3177.32,4526.61
1096,easy,12,15:13:12,16:03:50,16:04:16,COMPLETED,26832.0,439.2,3038.17,3064.22
1066,medium,13,15:12:30,16:02:38,16:04:35,COMPLETED,22985.0,1955.4,3008.76,3125.57
1166,easy,12,15:13:33,16:04:22,16:05:01,COMPLETED,21126.0,653.0,3049.55,3088.44
1003,hard,15,14:20:07,15:06:24,16:06:10,COMPLETED,31905.0,59780.0,2777.36,6363.98
859,hard,15,13:57:39,14:30:09,16:06:42,COMPLETED,30028.0,96553.9,1950.55,7743.62
1182,easy,12,15:14:53,16:06:48,16:07:14,COMPLETED,27314.0,427.9,3115.95,3141.26
1098,easy,11,15:15:00,16:07:20,16:07:27,COMPLETED,22565.0,111.4,3140.65,3147.03
1178,easy,11,15:14:46,16:06:17,16:07:39,COMPLETED,35946.0,1378.4,3091.32,3173.72
1075,easy,11,15:15:25,16:07:46,16:07:58,COMPLETED,23131.0,216.3,3141.05,3153.73
1144,easy,12,15:15:07,16:07:33,16:08:05,COMPLETED,28895.0,533.9,3146.36,3178.05
991,hard,15,14:31:04,15:21:19,16:08:49,COMPLETED,35404.0,47510.6,3015.02,5865.47
1076,easy,12,15:15:30,16:08:05,16:08:49,COMPLETED,25156.0,745.4,3155.05,3199.47
1173,easy,11,15:17:05,16:08:55,16:09:21,COMPLETED,28320.0,428.2,3110.81,3136.18
1107,medium,13,15:14:03,16:05:07,16:09:33,COMPLETED,26385.0,4439.9,3064.77,3330.88
1068,medium,13,15:15:50,16:08:11,16:10:05,COMPLETED,23164.0,1915.4,3141.43,3255.87
1106,easy,12,15:17:29,16:09:40,16:10:57,COMPLETED,27192.0,1301.7,3131.21,3208.82
725,hard,15,12:00:09,12:00:10,16:11:56,COMPLETED,40621.0,251766.5,1.55,15107.44
958,medium,14,14:25:38,15:15:40,16:12:02,COMPLETED,35486.0,56376.1,3002.79,6384.97
1168,hard,15,15:03:48,15:53:52,16:12:02,COMPLETED,32478.0,18178.1,3004.84,4094.97
1143,easy,11,15:18:56,16:12:09,16:12:22,COMPLETED,25772.0,222.7,3193.67,3206.55
1145,easy,12,15:18:42,16:12:02,16:12:29,COMPLETED,27643.0,441.8,3200.97,3227.10
1167,easy,11,15:18:58,16:12:29,16:12:42,COMPLETED,25801.0,223.8,3211.10,3224.04
877,hard,15,13:32:16,13:59:17,16:13:14,COMPLETED,35419.0,133943.6,1622.00,9658.36
1055,easy,12,15:19:06,16:12:48,16:13:14,COMPLETED,27520.0,438.5,3222.60,3248.36
1071,easy,12,15:20:35,16:13:20,16:13:53,COMPLETED,27523.0,550.2,3165.95,3198.53
1091,medium,13,15:20:39,16:14:00,16:14:13,COMPLETED,23896.0,221.7,3201.09,3214.04
1130,medium,13,15:17:42,16:11:04,16:14:39,COMPLETED,29874.0,3584.0,3202.36,3417.12
1153,medium,13,15:19:01,16:12:35,16:14:58,COMPLETED,32120.0,2388.3,3214.52,3357.33
1170,easy,12,15:19:25,16:13:20,16:16:40,COMPLETED,42843.0,3331.0,3235.95,3435.52
1148,medium,14,15:17:17,16:09:27,16:17:05,COMPLETED,27948.0,7644.1,3130.53,3588.90
1147,easy,12,15:23:53,16:16:46,16:17:18,COMPLETED,28135.0,534.6,3173.85,3205.63
1180,easy,12,15:23:55,16:17:12,16:17:24,COMPLETED,30151.0,218.9,3197.23,3209.96
1118,hard,15,15:12:02,16:01:40,16:17:50,COMPLETED,35274.0,16167.5,2978.64,3948.40
1127,easy,11,15:24:50,16:17:31,16:17:50,COMPLETED,27853.0,322.9,3161.39,3180.40
1162,easy,11,15:25:26,16:17:56,16:18:15,COMPLETED,28928.0,321.8,3150.79,3169.80
1159,medium,13,15:22:17,16:14:45,16:19:12,COMPLETED,33930.0,4458.8,3148.45,3415.68
1184,medium,13,15:24:42,16:17:24,16:19:25,COMPLETED,34127.0,2012.0,3162.96,3283.38
1135,easy,12,15:26:06,16:19:19,16:21:19,COMPLETED,27668.0,2009.1,3193.02,3313.27
1064,medium,13,15:13:48,16:04:42,16:21:44,COMPLETED,41014.0,17047.7,3054.15,4076.58
401,hard,15,10:43:13,10:43:15,16:22:10,COMPLETED,30397.0,338919.6,2.46,20337.56
1165,easy,12,15:26:50,16:21:25,16:22:55,COMPLETED,27876.0,1505.9,3275.59,3365.45
1083,easy,11,15:28:25,16:23:02,16:23:15,COMPLETED,24715.0,227.6,3277.00,3290.12
1194,medium,13,15:25:57,16:18:22,16:23:34,COMPLETED,33493.0,5218.7,3145.13,3457.79
1062,hard,15,15:17:35,16:10:12,16:26:03,COMPLETED,32212.0,15857.2,3157.42,4108.38
1131,medium,13,15:18:52,16:12:09,16:26:48,COMPLETED,37091.0,14661.7,3197.67,4076.94
1151,medium,13,15:27:17,16:21:51,16:27:46,COMPLETED,28633.0,5931.1,3274.12,3629.70
1119,medium,13,15:29:54,16:27:53,16:28:49,COMPLETED,21701.0,953.3,3479.04,3535.93
1142,easy,11,15:30:26,16:28:56,16:29:08,COMPLETED,28675.0,217.7,3510.26,3522.95
1081,medium,13,15:30:44,16:29:15,16:30:31,COMPLETED,21421.0,1274.3,3511.35,3587.50
863,hard,15,13:07:36,13:33:14,16:30:44,COMPLETED,32577.0,177492.2,1538.74,12188.18
1177,easy,12,15:32:48,16:30:50,16:31:47,COMPLETED,27702.0,955.5,3482.57,3539.59
894,hard,15,13:52:15,14:22:21,16:32:19,COMPLETED,31502.0,129975.1,1806.13,9604.45
1164,medium,14,15:22:22,16:15:04,16:32:32,COMPLETED,33172.0,17463.2,3162.88,4210.24
1189,easy,12,15:33:14,16:32:25,16:33:04,COMPLETED,29605.0,656.3,3551.86,3590.75
1101,easy,12,15:32:48,16:31:53,16:33:37,COMPLETED,38238.0,1729.7,3545.93,3649.22
1000,hard,15,14:44:06,15:33:43,16:33:43,COMPLETED,36980.0,60020.6,2977.07,6577.76
824,hard,15,13:06:16,13:31:56,16:35:33,COMPLETED,35372.0,183618.5,1540.87,12557.88
638,hard,15,12:07:48,12:07:53,16:35:52,COMPLETED,34643.0,267990.1,5.59,16084.88
1099,easy,12,15:33:47,16:35:40,16:37:10,COMPLETED,27830.0,1518.9,3713.22,3803.87
1152,easy,12,15:33:23,16:33:43,16:37:30,COMPLETED,30085.0,3779.7,3620.76,3847.05
1116,easy,12,15:34:00,16:37:17,16:37:36,COMPLETED,28075.0,330.3,3797.38,3816.62
1186,hard,15,15:22:11,16:14:19,16:38:28,COMPLETED,34706.0,24157.0,3128.42,4577.56
1160,easy,12,15:35:34,16:38:34,16:39:06,COMPLETED,30665.0,531.7,3780.95,3812.56
757,medium,14,13:15:12,13:41:47,16:40:22,COMPLETED,35645.0,178576.4,1595.88,12310.38
1179,medium,13,15:34:08,16:37:36,16:41:00,COMPLETED,30621.0,3400.6,3808.62,4012.35
1061,easy,11,15:35:47,16:40:28,16:41:00,COMPLETED,24830.0,532.6,3881.73,3913.35
1115,easy,11,15:37:03,16:41:06,16:41:13,COMPLETED,22153.0,110.9,3843.70,3850.09
1138,easy,12,15:37:38,16:41:19,16:41:38,COMPLETED,31473.0,322.3,3821.42,3840.45
1185,easy,11,15:38:15,16:41:44,16:41:51,COMPLETED,32957.0,111.2,3809.79,3816.14
1133,medium,14,15:10:53,15:59:37,16:42:48,COMPLETED,31268.0,43190.3,2924.02,5515.22
1001,hard,15,14:34:15,15:24:50,16:43:00,COMPLETED,31619.0,78175.9,3035.57,7725.95
1141,easy,12,15:38:18,16:41:57,16:43:00,COMPLETED,34136.0,1063.8,3819.48,3882.95
1088,medium,13,15:38:24,16:42:54,16:43:39,COMPLETED,24343.0,751.0,3870.56,3915.26
1053,easy,12,15:40:39,16:43:45,16:44:30,COMPLETED,31585.0,748.8,3786.65,3831.29
922,medium,13,14:56:55,15:49:39,16:45:46,COMPLETED,40543.0,56109.4,3164.78,6531.15
1175,easy,12,15:39:27,16:43:07,16:45:52,COMPLETED,25282.0,2757.0,3820.34,3985.48
977,hard,15,14:53:59,15:48:41,16:46:11,COMPLETED,30609.0,57505.3,3282.27,6732.53
1181,easy,11,15:42:19,16:45:52,16:46:11,COMPLETED,27001.0,322.4,3813.48,3832.53
1198,easy,12,15:42:38,16:45:58,16:46:36,COMPLETED,25439.0,638.6,3800.86,3838.88
1163,medium,13,15:40:42,16:44:36,16:47:02,COMPLETED,35974.0,2431.4,3834.61,3980.20
698,hard,15,12:41:04,12:54:49,16:47:08,COMPLETED,36555.0,232311.9,825.94,14764.54
1174,medium,14,15:17:10,16:08:55,16:49:21,COMPLETED,33837.0,40438.2,3105.81,5531.80
1109,easy,11,15:45:27,16:49:28,16:50:13,COMPLETED,26236.0,764.2,3841.35,3886.71
1121,medium,13,15:44:04,16:47:08,16:54:15,COMPLETED,20306.0,7119.2,3784.54,4211.37
1074,easy,11,15:46:06,16:54:21,16:54:28,COMPLETED,25084.0,112.2,4095.72,4102.12
1137,hard,15,15:29:28,16:26:09,16:55:44,COMPLETED,39153.0,29571.1,3401.96,5176.00
763,hard,15,13:56:12,14:26:08,16:55:56,COMPLETED,27918.0,149798.1,1796.99,10784.75
1155,easy,12,15:46:07,16:54:34,16:56:09,COMPLETED,39486.0,1587.6,4107.48,4202.44
1140,medium,13,15:47:05,16:56:15,16:59:35,COMPLETED,31689.0,3333.4,4150.77,4350.26
1058,medium,13,15:45:08,16:47:14,17:00:46,COMPLETED,31973.0,13538.1,3726.90,4538.65
1193,hard,15,15:45:28,16:50:20,17:05:59,COMPLETED,31502.0,15653.0,3892.25,4831.11
1108,hard,15,15:26:29,16:19:31,17:06:24,COMPLETED,32144.0,46885.9,3182.72,5995.63
1072,medium,14,15:46:48,16:55:50,17:06:43,COMPLETED,37867.0,10896.0,4142.34,4795.80
1195,medium,14,15:46:53,16:56:03,17:07:15,COMPLETED,32775.0,11212.1,4150.08,4822.49
1050,hard,15,15:34:08,16:37:43,17:08:52,COMPLETED,29214.0,31152.6,3815.25,5684.16
1103,medium,13,15:50:46,17:06:50,17:10:54,COMPLETED,29326.0,4082.1,4564.15,4808.59
1030,hard,15,14:42:56,15:32:52,17:11:14,COMPLETED,28333.0,98373.5,2996.09,8898.26
1149,easy,11,15:51:59,17:11:01,17:11:14,COMPLETED,31565.0,227.8,4742.14,4755.26
1197,easy,11,15:52:23,17:11:20,17:11:33,COMPLETED,29170.0,222.5,4737.84,4750.73
1158,medium,14,15:13:07,16:03:24,17:11:59,COMPLETED,32517.0,68596.9,3017.39,7132.89
1128,easy,12,15:52:28,17:11:40,17:12:19,COMPLETED,25809.0,652.7,4752.25,4791.13
1079,easy,11,15:52:41,17:12:25,17:12:45,COMPLETED,27605.0,335.7,4784.45,4804.10
760,hard,15,13:52:44,14:23:18,17:12:51,COMPLETED,40281.0,169565.9,1834.01,12007.63
1125,medium,14,15:51:11,17:07:21,17:12:51,COMPLETED,28426.0,5507.1,4570.86,4900.63
1150,medium,14,15:50:10,17:06:31,17:13:11,COMPLETED,28659.0,6682.1,4581.02,4981.48
1060,medium,13,15:51:48,17:08:58,17:13:11,COMPLETED,29585.0,4224.7,4630.50,4883.48
1078,easy,11,15:53:23,17:12:58,17:13:24,COMPLETED,31847.0,447.2,4775.36,4801.80
1191,hard,15,15:42:42,16:46:17,17:13:50,COMPLETED,28852.0,27553.1,3815.86,5468.75
1085,easy,11,15:52:59,17:12:58,17:13:50,COMPLETED,29195.0,879.1,4799.36,4851.75
1117,easy,12,15:53:52,17:13:18,17:14:03,COMPLETED,25630.0,761.7,4766.06,4811.53
1105,easy,11,15:54:12,17:13:31,17:14:03,COMPLETED,20664.0,542.3,4759.34,4791.53
1056,hard,15,15:31:02,16:30:37,17:14:09,COMPLETED,28911.0,43539.5,3575.83,6187.91
1157,easy,11,15:56:45,17:14:09,17:14:22,COMPLETED,32267.0,217.9,4644.91,4657.68
1172,easy,11,15:57:15,17:14:09,17:14:22,COMPLETED,32796.0,217.5,4614.91,4627.68
1069,easy,12,15:55:28,17:13:57,17:14:48,COMPLETED,29502.0,855.6,4709.15,4760.15
1120,medium,14,15:33:19,16:32:38,17:14:54,COMPLETED,30244.0,42267.0,3559.79,6095.53
1123,easy,12,15:55:40,17:13:57,17:15:00,COMPLETED,27575.0,1068.3,4697.15,4760.95
1132,easy,11,15:58:38,17:14:54,17:15:00,COMPLETED,28087.0,113.4,4576.53,4582.95
1111,easy,11,15:59:50,17:15:07,17:15:20,COMPLETED,30624.0,216.9,4517.36,4530.13
1059,medium,14,15:43:10,16:46:17,17:15:45,COMPLETED,26861.0,29471.2,3787.86,5555.87
1333,easy,11,16:00:36,17:15:52,17:15:58,COMPLETED,26238.0,112.1,4516.28,4522.69
1161,hard,15,15:33:20,16:33:11,17:16:05,COMPLETED,32938.0,42900.2,3591.29,6165.02
1341,easy,11,16:00:33,17:15:26,17:16:05,COMPLETED,29759.0,649.5,4493.45,4532.02
1080,easy,12,15:58:22,17:14:29,17:16:11,COMPLETED,33225.0,1712.8,4567.03,4669.45
1063,medium,13,15:49:20,17:06:05,17:17:27,COMPLETED,30762.0,11369.6,4605.48,5287.41
1207,easy,11,16:02:31,17:17:33,17:18:05,COMPLETED,30076.0,532.9,4502.74,4534.41
983,hard,15,14:38:05,15:30:06,17:18:24,COMPLETED,37341.0,108295.5,3121.90,9619.48
1196,medium,13,15:53:49,17:13:18,17:18:24,COMPLETED,28508.0,5111.4,4769.06,5075.48
348,hard,15,10:38:32,10:38:36,17:19:35,COMPLETED,45349.0,400982.2,4.31,24063.18
1097,hard,15,15:28:36,16:23:21,17:19:35,COMPLETED,25214.0,56230.3,3285.71,6659.18
1139,medium,14,15:47:49,16:59:41,17:19:35,COMPLETED,34520.0,19897.0,4312.81,5506.18
1156,medium,14,15:59:31,17:15:07,17:20:01,COMPLETED,31961.0,4909.1,4536.36,4830.52
1275,medium,13,16:03:07,17:18:11,17:20:01,COMPLETED,21129.0,1837.2,4504.74,4614.52
1188,hard,15,15:29:31,16:26:55,17:20:08,COMPLETED,30265.0,53213.7,3444.48,6637.04
1245,easy,11,16:06:30,17:20:08,17:20:20,COMPLETED,22663.0,218.2,4418.04,4430.80
1201,easy,12,16:07:34,17:20:08,17:20:27,COMPLETED,33228.0,323.8,4354.04,4373.17
1268,medium,13,16:00:43,17:16:05,17:20:52,COMPLETED,32821.0,4797.5,4522.02,4809.61
1217,medium,13,16:07:48,17:20:27,17:21:17,COMPLETED,28484.0,851.4,4359.17,4409.95
1023,hard,15,14:42:11,15:32:52,17:21:55,COMPLETED,26037.0,109067.0,3041.09,9584.97
1136,hard,15,15:29:14,16:23:41,17:22:21,COMPLETED,28896.0,58668.9,3267.32,6787.27
1203,easy,11,16:08:34,17:22:27,17:22:33,COMPLETED,26500.0,114.6,4433.60,4439.99
930,hard,15,14:45:28,15:37:12,17:23:26,COMPLETED,37990.0,106232.5,3104.23,9478.03
1234,easy,12,16:01:00,17:16:11,17:23:26,COMPLETED,31259.0,7247.2,4511.45,4946.03
1190,hard,15,15:09:24,15:56:38,17:23:45,COMPLETED,36774.0,87126.3,2834.16,8061.57
1248,easy,12,16:09:22,17:22:40,17:23:45,COMPLETED,30523.0,1089.3,4398.52,4463.57
1236,easy,12,16:10:03,17:23:32,17:23:45,COMPLETED,25186.0,224.0,4409.37,4422.57
1328,easy,11,16:10:32,17:23:51,17:23:58,COMPLETED,25611.0,117.9,4399.92,4406.64
1346,medium,14,16:09:37,17:23:32,17:24:11,COMPLETED,26723.0,661.2,4435.37,4474.56
740,hard,15,12:23:34,12:27:49,17:25:41,COMPLETED,36318.0,297857.4,255.99,18127.35
1113,medium,13,15:57:58,17:14:16,17:26:06,COMPLETED,35050.0,11844.2,4578.32,5288.74
1209,easy,12,16:08:25,17:21:24,17:26:13,COMPLETED,35226.0,4819.4,4379.29,4668.09
1270,easy,11,16:11:07,17:26:13,17:26:38,COMPLETED,27851.0,431.5,4506.09,4531.64
1302,easy,12,16:10:45,17:25:47,17:26:51,COMPLETED,30116.0,1066.0,4502.71,4566.37
1216,medium,14,16:10:22,17:23:51,17:28:00,COMPLETED,29288.0,4153.1,4409.92,4658.90
1332,medium,14,16:05:34,17:19:41,17:28:38,COMPLETED,28424.0,8952.8,4447.79,4984.89
1092,medium,13,15:52:38,17:12:06,17:28:57,COMPLETED,37526.0,16862.1,4768.39,5779.89
1323,medium,14,16:04:34,17:19:41,17:28:57,COMPLETED,34803.0,9273.0,4507.79,5063.89
1262,easy,12,16:13:35,17:28:07,17:29:23,COMPLETED,32901.0,1271.9,4472.25,4548.28
1342,medium,13,16:10:07,17:23:51,17:30:01,COMPLETED,26877.0,6159.7,4424.92,4794.25
1314,medium,13,16:13:31,17:26:57,17:30:13,COMPLETED,33679.0,3278.3,4406.71,4602.94
1326,easy,11,16:14:51,17:30:07,17:30:13,COMPLETED,26216.0,114.5,4516.58,4522.94
961,hard,15,14:16:14,14:58:22,17:30:26,COMPLETED,30597.0,152076.1,2528.40,11652.85
1310,medium,13,16:15:07,17:30:20,17:31:05,COMPLETED,31119.0,761.7,4513.47,4558.83
1298,easy,12,16:14:34,17:29:04,17:31:12,COMPLETED,34089.0,2143.0,4470.25,4598.24
1126,medium,14,15:48:33,17:00:53,17:31:51,COMPLETED,28336.0,30969.7,4340.27,6198.13
1289,medium,14,16:05:31,17:19:41,17:32:17,COMPLETED,29239.0,12594.6,4450.79,5206.15
1281,easy,11,16:17:40,17:31:57,17:32:23,COMPLETED,22606.0,444.1,4457.68,4483.71
1307,easy,11,16:17:50,17:32:23,17:32:43,COMPLETED,24850.0,339.4,4473.71,4493.51
1340,easy,12,16:13:48,17:28:45,17:33:03,COMPLETED,29592.0,4304.3,4497.22,4755.21
1218,easy,12,16:18:57,17:32:50,17:33:22,COMPLETED,28070.0,550.9,4433.13,4465.67
1206,easy,12,16:20:34,17:33:29,17:33:42,COMPLETED,29790.0,224.0,4375.24,4388.35
1324,easy,12,16:20:27,17:33:09,17:33:55,COMPLETED,33220.0,769.8,4362.54,4408.08
1295,medium,13,16:08:33,17:22:02,17:34:15,COMPLETED,41255.0,12220.8,4409.29,5142.05
1249,easy,11,16:23:15,17:34:01,17:34:15,COMPLETED,25413.0,231.2,4246.80,4260.05
1012,medium,14,14:32:49,15:24:30,17:34:54,COMPLETED,36509.0,130389.6,3101.97,10925.15
1312,easy,12,16:23:22,17:34:21,17:34:54,COMPLETED,24085.0,549.5,4259.71,4292.15
1237,medium,14,16:07:34,17:20:14,17:35:07,COMPLETED,28964.0,14891.0,4360.44,5253.50
1213,easy,11,16:26:02,17:35:14,17:35:46,COMPLETED,24916.0,544.7,4152.07,4184.24
1171,medium,13,15:58:23,17:14:29,17:36:05,COMPLETED,36720.0,21618.3,4566.03,5862.95
1334,easy,11,16:28:35,17:36:12,17:36:37,COMPLETED,24726.0,430.3,4057.35,4082.80
1331,medium,14,16:07:56,17:20:58,17:37:28,COMPLETED,31567.0,16498.6,4382.96,5372.64
1311,easy,12,16:28:54,17:37:34,17:38:00,COMPLETED,28809.0,426.6,4120.97,4146.26
1299,easy,12,16:29:52,17:38:06,17:38:19,COMPLETED,25722.0,216.2,4094.59,4107.27
1215,easy,12,16:14:51,17:29:29,17:38:25,COMPLETED,40544.0,8938.9,4478.61,5014.59
1319,medium,13,16:14:52,17:30:20,17:38:57,COMPLETED,29386.0,8622.9,4528.47,5045.55
871,hard,15,13:15:16,13:41:54,17:39:03,COMPLETED,30689.0,237158.6,1598.54,15827.93
1224,easy,11,16:32:32,17:39:10,17:39:22,COMPLETED,28364.0,217.4,3998.31,4010.99
1284,easy,11,16:33:35,17:39:29,17:39:42,COMPLETED,18272.0,216.7,3954.38,3967.08
1296,medium,13,16:25:44,17:35:00,17:40:26,COMPLETED,28621.0,5430.8,4156.74,4482.36
1259,easy,12,16:31:42,17:38:32,17:40:51,COMPLETED,36222.0,2333.0,4010.04,4149.71
1240,easy,11,16:34:34,17:40:32,17:41:04,COMPLETED,31517.0,533.1,3958.73,3990.41
1087,medium,13,15:33:45,16:33:50,17:42:02,COMPLETED,34258.0,68202.7,3605.56,7697.57
1286,easy,11,16:35:03,17:42:08,17:42:15,COMPLETED,28010.0,118.7,4025.93,4032.55
1187,medium,14,15:05:22,15:55:27,17:43:32,COMPLETED,32034.0,108078.8,3005.95,9490.54
1339,hard,15,16:01:08,17:16:11,17:45:22,COMPLETED,36190.0,29189.3,4503.45,6254.54
959,hard,15,14:34:35,15:26:20,17:45:29,COMPLETED,34311.0,139141.1,3105.92,11454.09
1183,medium,14,15:33:48,16:35:59,17:45:35,COMPLETED,35531.0,69612.2,3731.42,7907.76
1297,medium,14,16:27:46,17:35:52,17:45:35,COMPLETED,31011.0,9726.3,4086.79,4669.76
1070,hard,15,15:12:00,16:01:01,17:45:42,COMPLETED,30112.0,104684.1,2941.64,9222.49
1325,easy,11,16:35:13,17:45:29,17:45:42,COMPLETED,31053.0,229.4,4216.09,4229.49
1280,easy,11,16:35:20,17:45:42,17:45:48,COMPLETED,24561.0,113.0,4222.49,4228.89
1306,easy,11,16:36:01,17:45:48,17:45:55,COMPLETED,25255.0,114.8,4187.89,4194.31
1291,easy,11,16:36:03,17:45:48,17:45:55,COMPLETED,23254.0,114.8,4185.89,4192.31
1222,easy,12,16:35:13,17:43:38,17:46:01,COMPLETED,32406.0,2393.5,4105.86,4248.87
1252,medium,14,16:35:00,17:41:10,17:46:08,COMPLETED,32016.0,4972.7,3970.75,4268.55
1301,easy,11,16:36:05,17:45:55,17:46:08,COMPLETED,26637.0,231.5,4190.31,4203.55
1285,medium,13,16:35:16,17:45:35,17:46:34,COMPLETED,31331.0,991.7,4219.76,4278.80
1247,easy,11,16:36:55,17:46:15,17:46:34,COMPLETED,27124.0,334.6,4160.27,4179.80
1316,medium,13,16:37:08,17:46:15,17:47:00,COMPLETED,27916.0,768.1,4147.27,4192.95
1271,easy,11,16:37:13,17:46:41,17:47:14,COMPLETED,26423.0,549.4,4168.39,4201.10
1238,easy,12,16:35:55,17:45:42,17:47:20,COMPLETED,26060.0,1638.0,4187.49,4285.48
1283,hard,15,16:01:37,17:16:17,17:47:26,COMPLETED,31389.0,31154.3,4480.85,6349.87
1322,easy,11,16:37:46,17:47:20,17:47:33,COMPLETED,28928.0,219.5,4174.48,4187.31
1221,easy,11,16:37:52,17:47:26,17:47:39,COMPLETED,24196.0,219.3,4174.87,4187.68
1308,easy,11,16:39:15,17:47:39,17:48:05,COMPLETED,32626.0,429.1,4104.68,4130.05
1246,easy,11,16:39:23,17:48:11,17:48:30,COMPLETED,21926.0,321.4,4128.46,4147.44
1348,easy,12,16:37:12,17:46:41,17:48:49,COMPLETED,26993.0,2139.1,4169.39,4297.45
731,hard,15,12:07:14,12:07:15,17:49:02,COMPLETED,31613.0,341781.6,1.31,20508.15
1272,easy,11,16:39:45,17:48:55,17:49:08,COMPLETED,27000.0,217.2,4150.79,4163.47
1054,hard,15,15:38:43,16:43:07,17:49:46,COMPLETED,28497.0,66654.6,3864.34,7863.47
1279,medium,14,16:28:39,17:36:44,17:49:59,COMPLETED,35235.0,13253.6,4085.20,4880.17
1315,medium,14,16:37:37,17:47:07,17:50:30,COMPLETED,21702.0,3393.8,4170.50,4373.80
1303,easy,11,16:40:42,17:50:37,17:50:43,COMPLETED,26546.0,111.0,4195.21,4201.57
1104,medium,14,15:35:41,16:39:12,17:51:08,COMPLETED,36122.0,71935.5,3811.88,8127.87
1204,easy,12,16:40:23,17:49:52,17:51:46,COMPLETED,27184.0,1904.8,4169.81,4283.80
1278,easy,12,16:41:14,17:51:53,17:52:18,COMPLETED,29923.0,428.1,4239.14,4264.52
1318,easy,12,16:41:41,17:52:24,17:52:31,COMPLETED,26205.0,112.4,4243.85,4250.23
1233,medium,13,16:41:11,17:51:15,17:53:03,COMPLETED,29512.0,1804.6,4204.20,4312.17
1293,medium,13,16:34:42,17:40:58,17:53:09,COMPLETED,26043.0,12195.6,3976.06,4707.51
1309,easy,12,16:41:48,17:52:37,17:53:22,COMPLETED,30147.0,748.6,4249.62,4294.24
1239,easy,11,16:42:28,17:53:28,17:53:34,COMPLETED,24394.0,111.3,4260.58,4266.94
1347,easy,12,16:41:50,17:53:09,17:54:00,COMPLETED,30162.0,851.5,4279.51,4330.29
1202,medium,13,16:38:01,17:47:33,17:58:26,COMPLETED,30226.0,10892.6,4172.31,4825.43
1226,medium,14,16:42:38,17:53:41,17:59:31,COMPLETED,32853.0,5836.9,4263.28,4613.00
15,hard,15,08:34:01,08:34:06,18:00:00,UNFINISHED,-1,-1,-1
37,hard,15,08:45:06,08:45:10,18:00:00,UNFINISHED,-1,-1,-1
13,hard,15,08:45:38,08:45:40,18:00:00,UNFINISHED,-1,-1,-1
293,medium,14,09:11:15,09:11:20,18:00:00,UNFINISHED,-1,-1,-1
384,hard,15,10:19:14,10:19:15,18:00:00,UNFINISHED,-1,-1,-1
562,hard,15,11:01:48,11:01:53,18:00:00,UNFINISHED,-1,-1,-1
479,hard,15,11:02:18,11:02:18,18:00:00,UNFINISHED,-1,-1,-1
527,hard,15,11:12:25,11:12:25,18:00:00,UNFINISHED,-1,-1,-1
469,hard,15,11:17:12,11:17:15,18:00:00,UNFINISHED,-1,-1,-1
577,hard,15,11:26:39,11:26:41,18:00:00,UNFINISHED,-1,-1,-1
473,hard,15,11:40:14,11:40:15,18:00:00,UNFINISHED,-1,-1,-1
653,hard,15,12:33:04,12:44:20,18:00:00,UNFINISHED,-1,-1,-1
741,hard,15,12:49:05,13:11:33,18:00:00,UNFINISHED,-1,-1,-1
787,hard,15,13:01:17,13:29:28,18:00:00,UNFINISHED,-1,-1,-1
857,hard,15,13:17:34,13:44:41,18:00:00,UNFINISHED,-1,-1,-1
786,hard,15,13:19:13,13:46:18,18:00:00,UNFINISHED,-1,-1,-1
819,hard,15,13:31:51,13:59:05,18:00:00,UNFINISHED,-1,-1,-1
843,hard,15,13:41:49,14:06:06,18:00:00,UNFINISHED,-1,-1,-1
899,hard,15,13:47:39,14:16:00,18:00:00,UNFINISHED,-1,-1,-1
818,hard,15,13:49:02,14:19:08,18:00:00,UNFINISHED,-1,-1,-1
1006,hard,15,14:20:08,15:07:09,18:00:00,UNFINISHED,-1,-1,-1
919,hard,15,14:28:58,15:20:40,18:00:00,UNFINISHED,-1,-1,-1
967,hard,15,14:37:47,15:30:00,18:00:00,UNFINISHED,-1,-1,-1
954,hard,15,14:56:53,15:49:20,18:00:00,UNFINISHED,-1,-1,-1
1089,hard,15,15:03:22,15:53:39,18:00:00,UNFINISHED,-1,-1,-1
1102,medium,14,15:25:49,16:17:56,18:00:00,UNFINISHED,-1,-1,-1
1057,hard,15,15:28:16,16:22:17,18:00:00,UNFINISHED,-1,-1,-1
1094,hard,15,15:36:44,16:41:06,18:00:00,UNFINISHED,-1,-1,-1
1067,hard,15,15:43:12,16:46:43,18:00:00,UNFINISHED,-1,-1,-1
1051,hard,15,15:52:02,17:11:20,18:00:00,UNFINISHED,-1,-1,-1
1073,hard,15,15:52:42,17:12:51,18:00:00,UNFINISHED,-1,-1,-1
1122,hard,15,15:59:22,17:15:00,18:00:00,UNFINISHED,-1,-1,-1
1290,hard,15,16:03:59,17:18:30,18:00:00,UNFINISHED,-1,-1,-1
1274,hard,15,16:04:18,17:18:30,18:00:00,UNFINISHED,-1,-1,-1
1214,medium,14,16:07:52,17:20:33,18:00:00,UNFINISHED,-1,-1,-1
1211,hard,15,16:10:40,17:24:05,18:00:00,UNFINISHED,-1,-1,-1
1220,medium,14,16:10:43,17:24:18,18:00:00,UNFINISHED,-1,-1,-1
1287,hard,15,16:12:17,17:26:19,18:00:00,UNFINISHED,-1,-1,-1
1288,hard,15,16:12:47,17:26:45,18:00:00,UNFINISHED,-1,-1,-1
1321,hard,15,16:14:30,17:29:04,18:00:00,UNFINISHED,-1,-1,-1
1330,hard,15,16:15:56,17:30:33,18:00:00,UNFINISHED,-1,-1,-1
1263,medium,14,16:16:23,17:31:12,18:00:00,UNFINISHED,-1,-1,-1
1266,hard,15,16:17:27,17:31:18,18:00:00,UNFINISHED,-1,-1,-1
1282,hard,15,16:17:52,17:32:30,18:00:00,UNFINISHED,-1,-1,-1
1257,hard,15,16:21:04,17:33:48,18:00:00,UNFINISHED,-1,-1,-1
1223,hard,15,16:23:37,17:34:21,18:00:00,UNFINISHED,-1,-1,-1
1337,hard,15,16:25:15,17:35:00,18:00:00,UNFINISHED,-1,-1,-1
1267,medium,14,16:30:57,17:38:25,18:00:00,UNFINISHED,-1,-1,-1
1258,hard,15,16:32:15,17:39:03,18:00:00,UNFINISHED,-1,-1,-1
1344,medium,13,16:33:37,17:39:48,18:00:00,UNFINISHED,-1,-1,-1
1313,hard,15,16:35:06,17:42:22,18:00:00,UNFINISHED,-1,-1,-1
1250,hard,15,16:36:33,17:46:01,18:00:00,UNFINISHED,-1,-1,-1
1265,medium,14,16:36:38,17:46:01,18:00:00,UNFINISHED,-1,-1,-1
1205,hard,15,16:36:49,17:46:08,18:00:00,UNFINISHED,-1,-1,-1
1345,hard,15,16:39:16,17:47:46,18:00:00,UNFINISHED,-1,-1,-1
1242,hard,15,16:39:25,17:48:36,18:00:00,UNFINISHED,-1,-1,-1
1230,medium,14,16:39:58,17:49:08,18:00:00,UNFINISHED,-1,-1,-1
1235,medium,14,16:40:00,17:49:14,18:00:00,UNFINISHED,-1,-1,-1
1254,medium,14,16:40:37,17:50:05,18:00:00,UNFINISHED,-1,-1,-1
1219,hard,15,16:41:02,17:50:49,18:00:00,UNFINISHED,-1,-1,-1
1227,hard,15,16:42:26,17:53:15,18:00:00,UNFINISHED,-1,-1,-1
1210,medium,14,16:43:14,17:54:06,18:00:00,UNFINISHED,-1,-1,-1
1335,hard,15,16:43:17,17:58:32,18:00:00,UNFINISHED,-1,-1,-1
1212,easy,12,16:43:22,17:59:37,18:00:00,UNFINISHED,-1,-1,-1
1243,easy,11,16:43:33,-,-,IGNORED,-1,-1
1256,easy,12,16:44:46,-,-,IGNORED,-1,-1
1349,easy,12,16:44:58,-,-,IGNORED,-1,-1
1231,hard,15,16:45:17,-,-,IGNORED,-1,-1
1225,easy,12,16:45:32,-,-,IGNORED,-1,-1
1260,medium,13,16:45:36,-,-,IGNORED,-1,-1
1264,easy,12,16:45:47,-,-,IGNORED,-1,-1
1277,easy,11,16:46:59,-,-,IGNORED,-1,-1
1320,medium,14,16:48:11,-,-,IGNORED,-1,-1
1327,hard,15,16:48:17,-,-,IGNORED,-1,-1
1255,easy,11,16:48:21,-,-,IGNORED,-1,-1
1228,easy,12,16:49:48,-,-,IGNORED,-1,-1
1304,medium,14,16:49:50,-,-,IGNORED,-1,-1
1292,medium,14,16:50:08,-,-,IGNORED,-1,-1
1294,medium,13,16:50:25,-,-,IGNORED,-1,-1
1329,easy,11,16:50:39,-,-,IGNORED,-1,-1
1273,easy,12,16:51:02,-,-,IGNORED,-1,-1
1229,medium,13,16:51:02,-,-,IGNORED,-1,-1
1241,hard,15,16:51:02,-,-,IGNORED,-1,-1
1300,medium,13,16:51:33,-,-,IGNORED,-1,-1
1261,easy,11,16:51:47,-,-,IGNORED,-1,-1
1338,easy,12,16:51:48,-,-,IGNORED,-1,-1
1200,easy,11,16:52:54,-,-,IGNORED,-1,-1
1276,easy,12,16:53:09,-,-,IGNORED,-1,-1
1269,medium,14,16:53:46,-,-,IGNORED,-1,-1
1253,easy,11,16:54:01,-,-,IGNORED,-1,-1
1251,easy,12,16:55:09,-,-,IGNORED,-1,-1
1317,medium,14,16:55:34,-,-,IGNORED,-1,-1
1336,easy,12,16:55:38,-,-,IGNORED,-1,-1
1208,easy,12,16:56:24,-,-,IGNORED,-1,-1
1343,medium,13,16:56:48,-,-,IGNORED,-1,-1
1232,easy,12,16:57:40,-,-,IGNORED,-1,-1
1305,easy,11,16:59:23,-,-,IGNORED,-1,-1
1244,easy,11,16:59:32,-,-,IGNORED,-1,-1
