task_id,difficulty,n,arrival_sim,start_sim,end_sim,status,cost,real_duration_sec,waiting_time_mili_sec,time_in_system_mili_sec
62,easy,11,08:00:16,08:00:18,08:01:07,COMPLETED,25556.0,823.1,2.10,51.47
14,easy,12,08:00:34,08:00:37,08:01:13,COMPLETED,25152.0,608.3,3.14,39.52
80,easy,12,08:01:11,08:01:13,08:01:31,COMPLETED,25745.0,305.8,2.52,20.85
33,easy,11,08:01:19,08:01:19,08:01:37,COMPLETED,20702.0,303.6,0.69,18.89
108,easy,11,08:01:43,08:01:43,08:02:02,COMPLETED,27911.0,303.5,0.93,19.21
20,easy,12,08:02:05,08:02:08,08:02:20,COMPLETED,27264.0,204.0,3.26,15.43
140,medium,13,08:01:41,08:01:43,08:03:27,COMPLETED,36341.0,1719.7,2.93,106.10
86,medium,13,08:04:14,08:04:15,08:04:51,COMPLETED,27059.0,606.2,1.47,37.82
118,easy,12,08:04:18,08:04:21,08:05:22,COMPLETED,33669.0,1008.0,3.57,64.02
58,easy,11,08:05:44,08:05:46,08:05:58,COMPLETED,29393.0,203.1,2.21,14.40
82,easy,12,08:06:46,08:06:46,08:07:23,COMPLETED,25339.0,609.0,0.78,37.28
51,medium,13,08:07:26,08:07:29,08:08:11,COMPLETED,29081.0,709.0,3.37,45.85
83,medium,13,08:02:36,08:02:38,08:09:30,COMPLETED,36482.0,6869.7,2.63,414.78
148,easy,11,08:08:59,08:09:00,08:09:30,COMPLETED,25358.0,509.5,1.32,31.78
138,easy,11,08:09:45,08:09:49,08:09:55,COMPLETED,29273.0,104.0,4.05,10.22
31,easy,11,08:09:56,08:10:01,08:10:13,COMPLETED,31866.0,205.1,5.34,17.60
10,easy,11,08:10:14,08:10:19,08:10:56,COMPLETED,30418.0,613.6,5.68,42.42
4,easy,11,08:10:20,08:10:25,08:11:02,COMPLETED,27411.0,612.3,5.86,42.55
120,easy,11,08:11:19,08:11:20,08:11:27,COMPLETED,27314.0,106.3,1.85,8.12
146,easy,11,08:11:20,08:11:20,08:11:39,COMPLETED,23339.0,312.2,0.85,19.48
26,medium,14,08:02:20,08:02:20,08:11:45,COMPLETED,27720.0,9422.1,0.43,565.74
1,easy,12,08:10:45,08:10:50,08:12:28,COMPLETED,24601.0,1636.9,5.21,103.36
84,easy,12,08:07:04,08:07:05,08:13:47,COMPLETED,32648.0,6714.3,1.04,403.86
121,medium,13,08:11:04,08:11:08,08:13:47,COMPLETED,28744.0,2654.5,4.64,163.86
42,easy,11,08:12:55,08:12:58,08:13:53,COMPLETED,31262.0,918.9,3.79,58.96
67,medium,14,08:05:41,08:05:46,08:14:30,COMPLETED,37473.0,8740.2,5.21,529.48
76,easy,12,08:11:31,08:11:33,08:14:36,COMPLETED,25782.0,3060.2,2.28,185.74
30,easy,11,08:14:22,08:14:24,08:14:36,COMPLETED,23849.0,209.9,2.34,14.74
101,easy,11,08:14:29,08:14:30,08:15:01,COMPLETED,34615.0,517.5,1.48,32.35
5,easy,12,08:14:33,08:14:36,08:15:25,COMPLETED,29678.0,818.1,3.74,52.79
15,easy,12,08:14:59,08:15:01,08:15:25,COMPLETED,26810.0,408.4,2.35,26.79
2,easy,11,08:15:31,08:15:31,08:15:44,COMPLETED,18543.0,203.4,0.87,13.03
16,medium,13,08:12:53,08:12:58,08:15:56,COMPLETED,28378.0,2956.4,5.79,183.15
18,easy,11,08:16:11,08:16:14,08:16:20,COMPLETED,23600.0,102.3,3.35,9.45
87,medium,13,08:11:34,08:11:39,08:17:20,COMPLETED,31287.0,5692.7,5.48,346.98
0,easy,12,08:17:23,08:17:27,08:17:51,COMPLETED,26904.0,406.6,4.10,28.43
113,medium,13,08:14:21,08:14:24,08:18:09,COMPLETED,30747.0,3756.8,3.34,228.71
9,easy,11,08:17:58,08:18:03,08:18:15,COMPLETED,29281.0,204.4,5.59,17.80
147,easy,12,08:17:40,08:17:45,08:18:28,COMPLETED,28488.0,712.9,5.33,48.00
115,easy,12,08:18:28,08:18:28,08:19:40,COMPLETED,35416.0,1214.9,0.00,72.85
75,easy,12,08:19:10,08:19:10,08:19:46,COMPLETED,28062.0,608.7,0.50,36.93
43,medium,14,08:16:03,08:16:08,08:21:06,COMPLETED,32678.0,4969.5,5.26,303.29
123,easy,12,08:20:24,08:20:29,08:21:49,COMPLETED,28585.0,1328.3,5.64,85.24
79,easy,12,08:21:32,08:21:36,08:21:55,COMPLETED,22540.0,309.9,4.91,23.40
45,medium,13,08:17:19,08:17:20,08:22:25,COMPLETED,26760.0,5081.9,1.98,306.83
97,easy,11,08:22:56,08:22:56,08:23:14,COMPLETED,31924.0,310.7,0.35,18.90
111,easy,11,08:23:04,08:23:08,08:23:14,COMPLETED,24417.0,106.0,4.67,10.90
63,medium,13,08:20:33,08:20:35,08:24:03,COMPLETED,25753.0,3465.6,2.75,210.60
53,easy,11,08:24:29,08:24:34,08:24:46,COMPLETED,25808.0,210.4,5.18,17.72
55,easy,11,08:24:31,08:24:34,08:24:46,COMPLETED,29689.0,209.6,3.18,15.72
41,easy,11,08:24:48,08:24:52,08:25:05,COMPLETED,24254.0,206.2,4.90,17.22
103,easy,12,08:25:59,08:26:00,08:26:18,COMPLETED,29688.0,310.4,1.04,19.59
88,easy,11,08:27:36,08:27:37,08:27:43,COMPLETED,28059.0,103.4,1.75,7.87
39,easy,11,08:27:02,08:27:07,08:27:56,COMPLETED,23258.0,814.4,5.26,54.05
109,easy,11,08:28:36,08:28:38,08:28:50,COMPLETED,24930.0,206.4,2.66,14.96
12,easy,11,08:29:13,08:29:15,08:29:58,COMPLETED,35253.0,716.0,2.42,45.30
116,easy,11,08:29:42,08:29:46,08:30:04,COMPLETED,32026.0,308.0,4.02,22.42
119,easy,12,08:28:43,08:28:44,08:30:22,COMPLETED,32185.0,1633.2,1.82,99.71
46,easy,12,08:29:46,08:29:46,08:30:28,COMPLETED,26534.0,714.6,0.02,42.85
61,medium,13,08:28:23,08:28:26,08:30:47,COMPLETED,35774.0,2345.8,3.44,144.13
54,easy,11,08:30:59,08:30:59,08:31:05,COMPLETED,25999.0,103.4,0.31,6.43
134,medium,14,08:18:18,08:18:21,08:31:29,COMPLETED,32528.0,13135.2,3.88,791.86
72,easy,11,08:31:26,08:31:29,08:31:36,COMPLETED,22121.0,103.9,3.86,10.08
104,easy,12,08:31:24,08:31:29,08:31:42,COMPLETED,33252.0,206.5,5.86,18.18
35,easy,11,08:32:22,08:32:24,08:33:01,COMPLETED,32669.0,611.6,2.77,39.38
23,easy,11,08:33:29,08:33:31,08:33:50,COMPLETED,34534.0,307.4,2.87,21.24
52,medium,13,08:32:24,08:32:24,08:35:03,COMPLETED,28721.0,2644.2,0.77,159.41
25,easy,12,08:33:39,08:33:44,08:35:52,COMPLETED,29464.0,2135.9,5.10,133.17
93,medium,14,08:00:52,08:00:55,08:36:40,COMPLETED,34282.0,35761.2,3.28,2148.94
91,easy,12,08:38:05,08:38:06,08:38:37,COMPLETED,20728.0,516.2,1.68,32.52
65,easy,11,08:38:16,08:38:18,08:38:43,COMPLETED,27736.0,412.9,3.00,27.69
28,easy,12,08:38:24,08:38:25,08:39:26,COMPLETED,28970.0,1024.8,1.23,62.62
44,hard,15,08:26:28,08:26:30,08:39:44,COMPLETED,22907.0,13238.1,2.77,796.99
68,easy,12,08:38:32,08:38:37,08:39:44,COMPLETED,28890.0,1126.3,5.52,72.99
96,easy,11,08:40:14,08:40:15,08:40:21,COMPLETED,28121.0,104.8,1.59,7.80
102,easy,11,08:40:14,08:40:15,08:40:21,COMPLETED,18126.0,104.4,1.59,7.80
74,medium,14,08:34:46,08:34:51,08:41:41,COMPLETED,28103.0,6837.0,5.18,415.33
89,easy,11,08:41:21,08:41:22,08:41:53,COMPLETED,33226.0,514.1,1.86,32.60
143,easy,11,08:42:17,08:42:18,08:42:48,COMPLETED,23046.0,513.5,1.15,31.82
32,easy,12,08:44:07,08:44:08,08:44:33,COMPLETED,22354.0,413.5,1.73,26.35
99,easy,12,08:43:32,08:43:37,08:44:39,COMPLETED,32484.0,1035.8,5.91,67.86
38,hard,15,08:29:07,08:29:09,08:44:46,COMPLETED,32641.0,15616.7,2.27,939.11
64,easy,11,08:44:44,08:44:46,08:45:04,COMPLETED,22087.0,312.0,2.11,20.67
114,easy,12,08:44:34,08:44:39,08:45:23,COMPLETED,25176.0,727.0,5.86,49.30
77,medium,13,08:39:18,08:39:20,08:45:35,COMPLETED,33095.0,6256.2,2.39,377.68
7,medium,13,08:44:32,08:44:33,08:46:00,COMPLETED,29152.0,1451.6,1.35,88.33
78,easy,12,08:45:04,08:45:04,08:46:18,COMPLETED,23284.0,1237.7,0.67,74.85
34,easy,11,08:46:10,08:46:12,08:46:25,COMPLETED,29778.0,209.0,2.63,15.02
22,easy,12,08:42:09,08:42:11,08:46:37,COMPLETED,36751.0,4427.0,2.98,268.49
105,easy,12,08:46:26,08:46:31,08:47:02,COMPLETED,25832.0,522.7,5.24,36.47
70,easy,11,08:46:28,08:46:31,08:47:02,COMPLETED,26131.0,522.3,3.24,34.47
69,easy,11,08:46:39,08:46:43,08:47:02,COMPLETED,21647.0,315.6,4.70,23.47
57,medium,14,08:37:42,08:37:42,08:47:45,COMPLETED,28752.0,10067.9,0.02,603.99
107,medium,13,08:46:46,08:46:49,08:48:23,COMPLETED,25909.0,1560.0,3.91,97.30
19,hard,15,08:24:25,08:24:28,08:49:19,COMPLETED,34577.0,24851.8,3.00,1494.04
129,medium,14,08:19:46,08:19:46,08:49:31,COMPLETED,34130.0,29742.6,0.93,1785.45
117,easy,11,08:49:43,08:49:43,08:49:56,COMPLETED,30762.0,212.5,0.84,13.39
36,easy,11,08:50:20,08:50:21,08:51:10,COMPLETED,26208.0,825.3,1.16,50.53
125,easy,12,08:50:40,08:50:45,08:51:10,COMPLETED,23948.0,413.1,5.92,30.53
131,medium,14,08:42:46,08:42:48,08:52:12,COMPLETED,30653.0,9388.1,2.82,566.03
142,hard,15,08:43:25,08:43:25,08:52:12,COMPLETED,37020.0,8776.3,0.54,527.03
133,medium,14,08:39:55,08:39:57,08:52:18,COMPLETED,31312.0,12351.0,2.24,743.19
6,easy,11,08:52:14,08:52:18,08:52:36,COMPLETED,30044.0,311.4,4.19,22.74
13,easy,11,08:52:21,08:52:24,08:52:36,COMPLETED,26138.0,208.0,3.42,15.74
128,easy,11,08:52:58,08:53:01,08:53:13,COMPLETED,32563.0,208.8,3.29,15.64
145,easy,12,08:53:09,08:53:13,08:53:25,COMPLETED,24949.0,208.7,4.64,16.99
29,medium,13,08:45:23,08:45:23,08:53:32,COMPLETED,33487.0,8149.8,0.30,489.19
92,easy,11,08:53:01,08:53:01,08:53:32,COMPLETED,26567.0,516.6,0.29,31.19
21,easy,11,08:53:33,08:53:38,08:53:56,COMPLETED,30340.0,310.7,5.35,23.87
124,easy,12,08:53:57,08:54:03,08:54:33,COMPLETED,17706.0,516.7,6.03,36.90
141,easy,11,08:54:38,08:54:40,08:54:46,COMPLETED,18604.0,106.1,2.07,8.27
48,medium,13,08:53:47,08:53:50,08:56:13,COMPLETED,32395.0,2379.2,3.69,146.14
50,easy,12,08:57:02,08:57:03,08:57:15,COMPLETED,29654.0,213.4,1.30,13.82
27,easy,12,08:56:44,08:56:44,08:58:05,COMPLETED,27735.0,1358.8,0.61,81.88
132,easy,12,08:58:06,08:58:12,08:58:43,COMPLETED,28600.0,527.5,6.19,37.68
122,hard,15,08:41:34,08:41:35,08:58:49,COMPLETED,34941.0,17246.5,1.15,1035.87
71,medium,14,08:54:50,08:54:52,08:59:02,COMPLETED,26759.0,4166.8,2.46,252.34
3,medium,13,08:56:55,08:56:57,08:59:08,COMPLETED,33711.0,2193.3,2.08,133.53
130,medium,14,08:45:03,08:45:04,09:00:04,COMPLETED,28797.0,15001.8,1.67,901.64
98,medium,13,08:55:33,08:55:35,09:00:17,COMPLETED,34281.0,4692.0,2.71,284.09
94,medium,14,08:48:08,08:48:10,09:00:42,COMPLETED,30629.0,12522.9,2.75,754.03
137,medium,14,08:55:13,08:55:17,09:00:42,COMPLETED,30363.0,5417.0,4.16,329.03
24,medium,14,08:40:46,08:40:46,09:01:51,COMPLETED,34268.0,21081.9,0.21,1265.01
112,medium,14,08:51:53,08:51:53,09:01:51,COMPLETED,30404.0,9961.4,0.50,598.01
47,medium,13,08:58:27,08:58:31,09:02:15,COMPLETED,34627.0,3743.6,4.27,228.76
185,easy,12,09:01:51,09:01:51,09:02:21,COMPLETED,25998.0,518.0,0.01,30.93
215,easy,12,09:01:35,09:01:38,09:02:28,COMPLETED,27173.0,832.5,3.32,53.12
8,medium,14,08:55:02,08:55:04,09:03:05,COMPLETED,28924.0,8007.0,2.81,483.10
160,easy,12,09:03:16,09:03:17,09:03:29,COMPLETED,20704.0,207.8,1.41,13.73
260,easy,12,09:04:17,09:04:18,09:04:43,COMPLETED,27813.0,413.0,1.93,26.57
176,easy,11,09:04:44,09:04:49,09:05:02,COMPLETED,28701.0,207.8,5.73,18.07
294,medium,14,09:01:31,09:01:31,09:05:14,COMPLETED,36934.0,3710.2,0.97,223.43
264,easy,12,09:05:03,09:05:08,09:05:14,COMPLETED,25115.0,106.4,5.23,11.43
255,easy,11,09:05:55,09:05:57,09:06:09,COMPLETED,23524.0,208.8,2.52,14.88
17,hard,15,08:46:24,08:46:25,09:06:16,COMPLETED,29179.0,19852.6,1.02,1192.07
110,medium,14,08:19:57,08:19:59,09:06:34,COMPLETED,36380.0,46592.0,2.11,2797.54
211,medium,13,09:01:00,09:01:00,09:06:46,COMPLETED,21636.0,5773.1,0.67,346.91
150,easy,11,09:06:42,09:06:46,09:06:53,COMPLETED,32254.0,105.9,4.91,11.10
173,easy,12,09:07:09,09:07:11,09:08:07,COMPLETED,28964.0,939.2,2.63,58.79
162,easy,11,09:07:55,09:07:55,09:08:26,COMPLETED,31593.0,523.3,0.24,31.43
159,easy,12,09:06:49,09:06:53,09:08:57,COMPLETED,29206.0,2074.6,4.10,128.37
230,easy,12,09:09:55,09:09:59,09:10:18,COMPLETED,27929.0,317.0,4.50,23.41
267,medium,13,09:06:33,09:06:34,09:10:37,COMPLETED,33428.0,4046.7,1.54,244.03
245,easy,11,09:10:04,09:10:05,09:11:14,COMPLETED,33711.0,1150.0,1.82,70.56
271,easy,11,09:11:14,09:11:14,09:11:46,COMPLETED,19276.0,529.5,0.56,32.20
73,medium,14,08:26:04,08:26:06,09:11:52,COMPLETED,42311.0,45769.2,2.25,2748.37
219,easy,11,09:11:33,09:11:33,09:11:58,COMPLETED,23819.0,421.3,0.36,25.54
256,easy,12,09:11:37,09:11:39,09:12:23,COMPLETED,34012.0,733.3,2.82,46.60
165,easy,11,09:12:17,09:12:17,09:12:23,COMPLETED,26034.0,110.3,0.25,6.60
66,hard,15,08:24:39,08:24:40,09:12:29,COMPLETED,31784.0,47824.5,1.50,2870.91
205,easy,12,09:11:32,09:11:33,09:12:48,COMPLETED,36866.0,1258.2,1.36,76.61
106,hard,15,08:46:08,08:46:12,09:13:19,COMPLETED,35325.0,27117.3,4.63,1631.61
226,easy,12,09:13:03,09:13:07,09:13:38,COMPLETED,32420.0,516.3,4.24,35.09
207,medium,14,09:08:38,09:08:38,09:13:50,COMPLETED,28988.0,5195.0,0.82,312.42
201,medium,13,09:13:54,09:13:56,09:15:47,COMPLETED,27209.0,1845.9,2.58,113.20
234,easy,11,09:16:04,09:16:05,09:16:11,COMPLETED,23214.0,106.1,1.62,7.82
100,medium,14,08:38:47,08:38:49,09:17:13,COMPLETED,35160.0,38391.6,2.81,2306.27
196,easy,11,09:18:04,09:18:08,09:18:15,COMPLETED,31590.0,109.7,4.87,11.32
90,medium,13,08:33:57,08:34:02,09:18:27,COMPLETED,31649.0,44420.5,5.43,2670.63
187,easy,12,09:19:02,09:19:05,09:19:29,COMPLETED,26234.0,418.6,3.05,27.93
274,easy,11,09:19:54,09:19:54,09:20:01,COMPLETED,29321.0,107.7,0.82,7.07
164,easy,12,09:19:51,09:19:54,09:20:07,COMPLETED,26705.0,211.5,3.82,16.37
168,medium,13,09:16:07,09:16:11,09:20:19,COMPLETED,27623.0,4137.5,4.82,252.77
204,easy,11,09:20:15,09:20:19,09:20:32,COMPLETED,26984.0,214.1,4.77,17.39
60,hard,15,08:05:39,08:05:40,09:20:44,COMPLETED,36923.0,75084.0,1.13,4505.91
56,medium,14,08:54:10,08:54:15,09:20:51,COMPLETED,33412.0,26602.9,5.36,1601.43
182,easy,11,09:20:56,09:20:57,09:21:10,COMPLETED,26397.0,212.2,1.73,14.22
229,easy,12,09:20:40,09:20:44,09:21:22,COMPLETED,22789.0,634.0,4.91,42.74
251,easy,12,09:20:41,09:20:44,09:21:22,COMPLETED,31494.0,633.2,3.91,41.74
95,hard,15,08:21:05,08:21:06,09:21:47,COMPLETED,29728.0,60690.8,1.29,3642.72
155,medium,13,09:18:29,09:18:33,09:22:19,COMPLETED,34186.0,3757.4,4.79,230.04
191,easy,11,09:22:26,09:22:31,09:22:37,COMPLETED,34118.0,108.7,5.56,11.95
290,easy,11,09:21:36,09:21:41,09:22:44,COMPLETED,35876.0,1047.0,5.52,68.11
11,hard,15,08:40:15,08:40:15,09:22:50,COMPLETED,34025.0,42579.6,0.59,2555.39
153,easy,11,09:22:56,09:22:56,09:23:09,COMPLETED,24415.0,212.6,0.66,13.22
236,easy,11,09:22:57,09:23:03,09:23:09,COMPLETED,26412.0,107.0,6.03,12.22
200,medium,13,09:21:59,09:22:00,09:23:15,COMPLETED,23873.0,1261.8,1.12,76.48
262,easy,11,09:23:10,09:23:15,09:23:21,COMPLETED,19277.0,109.7,5.48,11.90
284,medium,13,09:22:07,09:22:12,09:23:28,COMPLETED,27546.0,1258.5,5.70,81.09
227,easy,11,09:23:16,09:23:21,09:23:28,COMPLETED,21192.0,105.7,5.90,12.09
269,easy,12,09:23:36,09:23:40,09:24:11,COMPLETED,28280.0,524.8,4.48,35.85
254,medium,13,09:10:35,09:10:37,09:24:48,COMPLETED,36044.0,14197.3,2.03,853.80
192,easy,12,09:23:50,09:23:53,09:24:48,COMPLETED,33971.0,931.5,3.04,58.80
242,easy,11,09:24:32,09:24:36,09:24:48,COMPLETED,29609.0,208.7,4.43,16.80
175,medium,14,09:21:34,09:21:35,09:25:13,COMPLETED,38143.0,3637.6,1.21,219.36
237,medium,14,09:23:08,09:23:09,09:26:02,COMPLETED,27792.0,2888.8,1.22,174.43
208,easy,12,09:25:54,09:25:56,09:26:08,COMPLETED,30026.0,207.3,2.26,14.58
59,medium,14,08:56:09,08:56:13,09:26:39,COMPLETED,33672.0,30436.5,4.14,1830.23
223,easy,11,09:26:37,09:26:39,09:26:51,COMPLETED,23583.0,208.3,2.23,14.62
180,easy,12,09:26:43,09:26:45,09:27:03,COMPLETED,23368.0,311.0,2.42,20.88
195,medium,14,09:17:19,09:17:19,09:27:10,COMPLETED,34525.0,9846.4,0.43,591.12
282,medium,13,09:27:03,09:27:03,09:27:59,COMPLETED,22087.0,923.0,0.88,56.20
209,hard,15,09:18:04,09:18:08,09:29:12,COMPLETED,34274.0,11067.3,4.87,668.84
167,medium,14,09:27:01,09:27:03,09:29:56,COMPLETED,34775.0,2872.0,2.88,175.04
288,easy,11,09:29:57,09:30:02,09:30:08,COMPLETED,24628.0,107.7,5.26,11.46
214,easy,11,09:30:05,09:30:08,09:30:14,COMPLETED,27456.0,108.6,3.46,9.79
275,easy,11,09:30:47,09:30:52,09:30:58,COMPLETED,26836.0,107.6,5.10,11.41
206,easy,11,09:31:03,09:31:04,09:31:10,COMPLETED,21887.0,106.2,1.58,7.75
40,hard,15,08:44:46,08:44:46,09:31:41,COMPLETED,32082.0,46930.2,0.11,2815.91
202,easy,11,09:31:43,09:31:48,09:32:06,COMPLETED,28852.0,316.1,5.12,23.88
257,easy,12,09:32:43,09:32:43,09:33:02,COMPLETED,23079.0,313.9,1.00,19.62
261,easy,12,09:33:17,09:33:21,09:33:52,COMPLETED,30033.0,521.3,4.40,35.45
199,easy,11,09:34:32,09:34:35,09:34:48,COMPLETED,24359.0,215.0,3.91,16.59
166,medium,14,09:33:06,09:33:08,09:35:25,COMPLETED,28320.0,2283.3,2.87,139.75
179,hard,15,09:30:20,09:30:21,09:35:50,COMPLETED,27286.0,5491.3,1.01,330.34
170,medium,14,09:31:19,09:31:23,09:37:28,COMPLETED,24630.0,6096.7,4.19,369.88
174,medium,13,09:34:39,09:34:42,09:37:47,COMPLETED,33076.0,3087.6,3.25,188.38
253,medium,13,09:33:43,09:33:46,09:38:30,COMPLETED,25334.0,4738.8,3.25,287.47
213,easy,11,09:38:49,09:38:55,09:39:01,COMPLETED,24530.0,105.8,6.10,12.29
233,medium,13,09:31:36,09:31:41,09:39:13,COMPLETED,30087.0,7531.3,5.91,457.65
292,easy,12,09:37:36,09:37:41,09:39:13,COMPLETED,28381.0,1543.9,5.19,97.65
247,medium,14,09:35:16,09:35:19,09:39:50,COMPLETED,30660.0,4519.8,3.56,274.64
189,easy,11,09:40:02,09:40:02,09:40:15,COMPLETED,30066.0,209.0,0.93,13.34
241,easy,11,09:40:42,09:40:46,09:40:52,COMPLETED,26315.0,106.5,4.17,10.41
235,easy,11,09:40:44,09:40:46,09:40:52,COMPLETED,21595.0,106.1,2.17,8.41
225,easy,11,09:41:49,09:41:54,09:42:00,COMPLETED,22963.0,106.5,5.08,11.32
270,easy,12,09:41:00,09:41:04,09:42:12,COMPLETED,30260.0,1134.2,4.75,72.65
169,easy,11,09:42:35,09:42:37,09:42:43,COMPLETED,26821.0,105.9,2.32,8.53
276,easy,11,09:43:13,09:43:14,09:43:26,COMPLETED,26486.0,209.0,1.32,13.71
293,easy,11,09:44:07,09:44:09,09:44:28,COMPLETED,25377.0,311.7,2.94,21.48
244,easy,12,09:41:07,09:41:10,09:44:40,COMPLETED,37388.0,3501.6,3.94,213.88
126,hard,15,08:13:31,08:13:35,09:45:05,COMPLETED,36643.0,91500.6,4.55,5494.58
240,easy,12,09:45:19,09:45:24,09:46:01,COMPLETED,25700.0,624.4,5.15,42.47
177,medium,13,09:45:12,09:45:17,09:46:44,COMPLETED,33117.0,1453.6,5.92,92.98
218,medium,13,09:45:42,09:45:42,09:46:51,COMPLETED,22849.0,1142.3,0.77,69.19
224,easy,12,09:46:27,09:46:32,09:46:51,COMPLETED,22838.0,313.7,5.49,24.19
259,medium,14,09:43:43,09:43:45,09:47:09,COMPLETED,29050.0,3414.1,2.20,206.89
299,medium,14,09:35:50,09:35:50,09:47:28,COMPLETED,32746.0,11639.1,0.34,698.51
289,hard,15,09:43:40,09:43:45,09:48:37,COMPLETED,29227.0,4871.1,5.20,297.32
280,easy,12,09:48:25,09:48:31,09:48:55,COMPLETED,28522.0,419.4,6.02,30.99
184,medium,13,09:45:39,09:45:42,09:49:33,COMPLETED,32896.0,3844.4,3.77,234.29
278,medium,14,09:38:41,09:38:42,09:50:10,COMPLETED,24962.0,11468.0,1.77,689.67
183,easy,11,09:50:06,09:50:10,09:50:23,COMPLETED,27694.0,212.9,4.67,17.18
248,easy,11,09:50:17,09:50:23,09:50:54,COMPLETED,27540.0,524.5,6.18,37.42
156,hard,15,09:13:44,09:13:44,09:51:06,COMPLETED,35715.0,37379.1,0.24,2242.91
265,medium,14,09:46:53,09:46:57,09:51:06,COMPLETED,35733.0,4161.4,4.39,253.91
250,easy,12,09:50:26,09:50:29,09:51:25,COMPLETED,23680.0,938.5,3.48,59.57
152,easy,12,09:52:49,09:52:52,09:53:23,COMPLETED,27417.0,521.8,3.68,34.79
291,easy,11,09:53:10,09:53:11,09:53:23,COMPLETED,21942.0,211.0,1.34,13.79
188,medium,14,09:50:42,09:50:48,09:53:48,COMPLETED,36949.0,3017.8,6.14,186.82
197,easy,12,09:54:04,09:54:07,09:54:27,COMPLETED,23546.0,327.4,3.85,23.17
231,easy,11,09:54:07,09:54:07,09:54:27,COMPLETED,24151.0,323.3,0.85,20.17
249,medium,13,09:48:28,09:48:31,09:54:39,COMPLETED,29580.0,6150.2,3.02,371.90
283,easy,11,09:55:03,09:55:04,09:55:17,COMPLETED,27251.0,212.9,1.95,14.45
210,medium,13,09:49:15,09:49:20,09:56:33,COMPLETED,26848.0,7212.4,5.86,438.29
273,easy,11,09:56:17,09:56:20,09:56:33,COMPLETED,29839.0,217.0,3.62,16.29
194,easy,12,09:56:32,09:56:33,09:56:39,COMPLETED,24317.0,109.6,1.29,7.69
172,medium,13,09:48:29,09:48:31,09:57:04,COMPLETED,29909.0,8566.5,2.02,515.88
178,easy,11,09:57:11,09:57:11,09:57:36,COMPLETED,26654.0,432.3,0.15,25.74
186,easy,12,09:57:23,09:57:23,09:58:14,COMPLETED,22657.0,847.4,0.91,51.56
296,medium,13,09:57:45,09:57:49,09:59:30,COMPLETED,30348.0,1695.8,4.36,105.81
85,hard,15,08:58:11,08:58:12,10:00:02,COMPLETED,27733.0,61835.8,1.19,3711.37
239,easy,11,09:59:46,09:59:49,10:00:46,COMPLETED,30958.0,945.0,3.78,60.18
446,easy,12,10:00:43,10:00:46,10:01:17,COMPLETED,31018.0,525.8,3.18,34.50
144,hard,15,08:06:53,08:06:58,10:01:30,COMPLETED,28626.0,114519.0,5.93,6877.05
386,easy,11,10:00:33,10:00:33,10:01:30,COMPLETED,35403.0,945.2,0.64,57.05
154,medium,13,09:58:29,09:58:33,10:01:42,COMPLETED,26138.0,3158.1,4.33,193.63
360,medium,13,10:00:22,10:00:27,10:01:42,COMPLETED,31786.0,1258.6,5.35,80.63
379,easy,11,10:01:18,10:01:23,10:01:42,COMPLETED,28793.0,318.6,5.76,24.63
171,medium,13,09:59:03,09:59:05,10:01:55,COMPLETED,30683.0,2837.5,2.05,172.12
252,easy,12,09:59:30,09:59:30,10:02:01,COMPLETED,36549.0,2512.5,0.81,151.35
49,hard,15,08:53:41,08:53:44,10:02:13,COMPLETED,28099.0,68488.7,3.52,4112.80
181,medium,13,09:54:07,09:54:07,10:02:20,COMPLETED,33285.0,8204.0,0.85,493.03
428,easy,12,10:02:40,10:02:44,10:03:16,COMPLETED,29081.0,524.5,4.87,36.14
246,hard,15,09:13:10,09:13:13,10:03:47,COMPLETED,27575.0,50564.1,3.42,3037.21
151,medium,13,09:47:06,09:47:09,10:03:47,COMPLETED,32014.0,16624.4,3.89,1001.21
286,medium,14,09:56:32,09:56:33,10:03:59,COMPLETED,31026.0,7440.9,1.29,447.64
421,medium,13,10:02:58,10:03:03,10:04:30,COMPLETED,33851.0,1455.7,5.61,92.76
277,medium,14,09:49:54,09:49:58,10:05:14,COMPLETED,33632.0,15276.5,4.18,920.54
203,hard,15,09:09:07,09:09:09,10:05:33,COMPLETED,24531.0,56395.5,2.83,3386.48
303,easy,12,10:05:59,10:06:04,10:06:17,COMPLETED,23334.0,215.6,5.95,18.63
158,hard,15,09:27:30,09:27:34,10:06:54,COMPLETED,36720.0,39341.6,4.62,2365.00
409,easy,11,10:06:39,10:06:42,10:07:01,COMPLETED,29639.0,318.7,3.55,22.36
279,medium,13,09:40:21,09:40:21,10:09:06,COMPLETED,41496.0,28758.4,0.49,1725.88
338,easy,11,10:10:07,10:10:09,10:10:16,COMPLETED,22159.0,111.5,2.63,9.02
308,easy,12,10:09:58,10:10:03,10:11:24,COMPLETED,29712.0,1364.8,5.23,86.92
352,easy,11,10:11:29,10:11:31,10:11:37,COMPLETED,28232.0,108.6,2.17,8.42
300,easy,12,10:11:15,10:11:18,10:11:43,COMPLETED,15556.0,421.3,3.65,28.72
448,easy,11,10:11:35,10:11:37,10:11:43,COMPLETED,30488.0,108.8,2.42,8.72
354,easy,11,10:12:13,10:12:14,10:12:21,COMPLETED,19366.0,108.6,1.72,8.00
220,hard,15,09:51:54,09:51:56,10:12:45,COMPLETED,30492.0,20821.3,2.70,1251.82
190,hard,15,09:56:33,09:56:33,10:13:10,COMPLETED,32196.0,16622.8,0.29,997.61
441,easy,12,10:13:18,10:13:22,10:13:35,COMPLETED,33650.0,210.9,4.98,17.44
327,easy,12,10:13:24,10:13:29,10:13:54,COMPLETED,24809.0,417.2,5.21,30.08
447,easy,12,10:13:57,10:14:00,10:14:18,COMPLETED,24109.0,312.5,3.27,21.85
328,easy,11,10:14:21,10:14:25,10:14:31,COMPLETED,25496.0,106.6,4.04,10.26
281,medium,14,09:59:16,09:59:17,10:14:49,COMPLETED,30344.0,15531.9,1.96,933.81
439,medium,13,10:15:13,10:15:14,10:15:45,COMPLETED,28366.0,518.3,1.53,32.46
415,medium,13,10:16:03,10:16:04,10:16:54,COMPLETED,29125.0,843.2,1.11,51.49
420,easy,12,10:16:29,10:16:29,10:16:54,COMPLETED,29177.0,424.5,0.24,25.49
435,easy,11,10:17:09,10:17:13,10:17:32,COMPLETED,25129.0,323.5,4.20,23.35
339,easy,11,10:17:28,10:17:32,10:17:38,COMPLETED,27203.0,114.4,4.35,10.66
419,medium,14,10:12:20,10:12:21,10:18:04,COMPLETED,31944.0,5722.2,1.00,344.17
369,easy,12,10:17:33,10:17:38,10:18:04,COMPLETED,30121.0,426.4,5.66,31.17
356,hard,15,10:04:01,10:04:05,10:18:29,COMPLETED,32746.0,14396.1,4.86,868.38
306,easy,11,10:18:12,10:18:16,10:18:29,COMPLETED,33052.0,217.0,4.68,17.38
423,easy,11,10:20:30,10:20:34,10:20:53,COMPLETED,28907.0,321.6,4.69,23.58
323,easy,11,10:20:54,10:21:00,10:21:06,COMPLETED,22078.0,109.9,6.04,12.33
163,medium,14,09:55:00,09:55:04,10:21:18,COMPLETED,39296.0,26235.5,4.95,1578.96
315,medium,13,10:17:20,10:17:25,10:21:43,COMPLETED,32385.0,4303.9,5.92,263.89
411,easy,12,10:20:52,10:20:53,10:21:43,COMPLETED,25851.0,843.6,1.58,51.89
336,medium,13,10:17:33,10:17:38,10:21:50,COMPLETED,30381.0,4196.1,5.66,257.24
232,hard,15,09:39:16,09:39:19,10:23:41,COMPLETED,37664.0,44367.6,3.86,2665.79
348,medium,13,10:23:02,10:23:04,10:24:19,COMPLETED,29491.0,1242.1,2.66,77.02
433,easy,11,10:24:15,10:24:19,10:24:25,COMPLETED,25860.0,106.9,4.02,10.27
127,hard,15,08:04:09,08:04:09,10:25:02,COMPLETED,26252.0,140885.1,0.39,8453.49
353,easy,11,10:24:53,10:24:56,10:25:08,COMPLETED,27659.0,210.2,3.25,15.69
221,hard,15,09:59:12,09:59:17,10:25:39,COMPLETED,37510.0,26363.2,5.96,1587.60
324,easy,12,10:22:59,10:23:04,10:26:29,COMPLETED,32406.0,3410.1,5.66,210.06
329,medium,13,10:24:43,10:24:43,10:26:29,COMPLETED,31090.0,1757.8,0.82,106.06
193,medium,14,09:44:31,09:44:34,10:27:12,COMPLETED,30875.0,42637.8,3.67,2561.69
390,medium,13,10:26:36,10:26:41,10:27:12,COMPLETED,23771.0,527.2,5.48,36.69
412,easy,12,10:26:29,10:26:29,10:27:19,COMPLETED,31829.0,839.3,0.06,50.18
312,easy,12,10:26:53,10:26:53,10:27:19,COMPLETED,30627.0,425.8,0.91,26.18
333,easy,12,10:21:45,10:21:50,10:27:38,COMPLETED,29303.0,5801.5,5.24,353.09
445,easy,12,10:27:02,10:27:06,10:27:38,COMPLETED,25621.0,532.7,4.42,36.09
430,easy,12,10:27:11,10:27:12,10:28:52,COMPLETED,29122.0,1672.1,1.69,101.76
368,easy,11,10:28:55,10:28:59,10:29:05,COMPLETED,26516.0,110.1,4.06,10.42
358,medium,14,10:06:12,10:06:17,10:29:42,COMPLETED,29845.0,23425.8,5.63,1410.96
380,easy,11,10:30:19,10:30:20,10:30:33,COMPLETED,27540.0,217.5,1.54,14.14
364,easy,12,10:30:13,10:30:14,10:30:45,COMPLETED,31760.0,535.2,1.18,32.93
392,easy,12,10:30:28,10:30:33,10:31:11,COMPLETED,31084.0,642.0,5.14,43.41
418,easy,11,10:31:00,10:31:04,10:31:17,COMPLETED,23337.0,217.4,4.91,17.85
389,easy,12,10:30:42,10:30:45,10:31:24,COMPLETED,20432.0,639.1,3.93,42.07
309,hard,15,10:24:00,10:24:00,10:32:27,COMPLETED,33179.0,8450.0,0.43,507.10
157,medium,14,09:59:17,09:59:17,10:32:33,COMPLETED,30825.0,33260.2,0.96,1996.52
395,easy,12,10:32:37,10:32:39,10:32:58,COMPLETED,28950.0,319.5,2.86,21.87
301,medium,14,10:29:24,10:29:24,10:33:36,COMPLETED,30230.0,4203.2,0.20,252.25
355,easy,12,10:30:25,10:30:26,10:33:36,COMPLETED,27996.0,3161.0,1.75,191.25
341,easy,11,10:33:28,10:33:30,10:33:36,COMPLETED,27975.0,107.4,2.02,8.25
404,medium,13,10:32:38,10:32:39,10:33:48,COMPLETED,31443.0,1147.8,1.86,70.66
331,easy,12,10:33:06,10:33:11,10:33:48,COMPLETED,28491.0,624.0,5.40,42.66
318,easy,11,10:34:04,10:34:07,10:34:25,COMPLETED,25041.0,311.9,3.19,21.75
326,medium,14,10:23:40,10:23:41,10:34:44,COMPLETED,29254.0,11044.3,1.79,664.31
330,easy,12,10:30:27,10:30:33,10:34:56,COMPLETED,40367.0,4394.1,6.14,269.66
198,hard,15,09:46:27,09:46:32,10:36:04,COMPLETED,34025.0,49537.2,5.49,2977.63
216,hard,15,09:45:19,09:45:24,10:38:08,COMPLETED,31616.0,52737.7,5.15,3169.27
431,easy,12,10:37:14,10:37:18,10:38:08,COMPLETED,26228.0,829.7,4.79,54.27
424,easy,11,10:38:37,10:38:39,10:38:46,COMPLETED,18578.0,110.7,2.75,9.13
307,easy,12,10:38:55,10:38:58,10:39:11,COMPLETED,25230.0,216.8,3.72,16.55
372,easy,11,10:39:02,10:39:05,10:39:11,COMPLETED,22456.0,110.9,3.09,9.55
350,easy,11,10:39:12,10:39:17,10:39:24,COMPLETED,29325.0,109.1,5.78,12.17
388,easy,12,10:38:30,10:38:33,10:40:20,COMPLETED,31818.0,1794.1,3.35,110.73
313,medium,14,10:31:24,10:31:24,10:40:27,COMPLETED,27528.0,9053.4,0.07,543.07
376,easy,12,10:40:13,10:40:14,10:40:39,COMPLETED,25584.0,431.1,1.34,26.69
365,easy,11,10:40:34,10:40:39,10:40:46,COMPLETED,28527.0,114.7,5.69,12.27
317,easy,12,10:40:35,10:40:39,10:40:46,COMPLETED,27583.0,113.8,4.69,11.27
405,easy,12,10:41:12,10:41:17,10:42:08,COMPLETED,27428.0,847.9,5.65,56.23
400,easy,12,10:41:28,10:41:30,10:42:14,COMPLETED,35280.0,743.2,2.30,46.59
387,medium,13,10:40:07,10:40:07,10:42:46,COMPLETED,25564.0,2644.0,0.95,159.30
391,easy,12,10:42:21,10:42:27,10:42:52,COMPLETED,30126.0,427.2,6.24,31.69
403,medium,13,10:41:23,10:41:23,10:43:30,COMPLETED,36710.0,2119.6,0.90,127.70
287,hard,15,09:56:53,09:56:58,10:44:21,COMPLETED,33332.0,47385.6,5.47,2848.48
332,medium,13,10:41:44,10:41:49,10:44:40,COMPLETED,27830.0,2854.1,5.17,176.18
382,medium,13,10:43:02,10:43:05,10:44:52,COMPLETED,22913.0,1794.4,3.21,110.75
406,easy,11,10:44:11,10:44:15,10:44:52,COMPLETED,31516.0,632.0,4.03,41.75
268,hard,15,09:55:42,09:55:42,10:45:11,COMPLETED,31757.0,49479.4,0.72,2969.39
425,easy,12,10:45:38,10:45:42,10:45:55,COMPLETED,27857.0,214.3,4.39,17.04
335,easy,12,10:45:39,10:45:42,10:45:55,COMPLETED,23926.0,213.9,3.39,16.04
374,easy,12,10:45:40,10:45:42,10:46:01,COMPLETED,26233.0,316.8,2.39,21.30
366,easy,12,10:45:40,10:45:42,10:46:07,COMPLETED,28141.0,421.9,2.39,27.55
363,easy,11,10:46:05,10:46:07,10:46:20,COMPLETED,22957.0,212.9,2.55,15.09
263,hard,15,09:38:21,09:38:24,10:46:26,COMPLETED,30852.0,68036.2,3.27,4085.35
304,medium,14,10:44:45,10:44:46,10:46:26,COMPLETED,25353.0,1668.2,1.50,101.35
362,easy,11,10:45:40,10:45:42,10:46:26,COMPLETED,25411.0,735.7,2.39,46.35
258,hard,15,09:19:38,09:19:42,10:47:16,COMPLETED,34505.0,87564.3,4.39,5258.14
370,easy,11,10:47:51,10:47:53,10:48:06,COMPLETED,24559.0,213.4,2.37,15.03
381,medium,14,10:36:59,10:37:00,10:48:24,COMPLETED,28449.0,11410.3,1.19,685.67
321,easy,11,10:49:05,10:49:08,10:49:14,COMPLETED,25600.0,108.2,3.18,9.47
410,easy,12,10:47:54,10:47:59,10:49:39,COMPLETED,30394.0,1667.2,5.73,105.50
359,easy,12,10:49:21,10:49:26,10:49:39,COMPLETED,19069.0,214.6,5.92,18.50
399,easy,12,10:49:26,10:49:26,10:49:45,COMPLETED,25577.0,319.5,0.92,19.83
432,medium,13,10:32:26,10:32:27,10:49:58,COMPLETED,34075.0,17523.9,1.10,1052.41
394,medium,13,10:49:06,10:49:08,10:50:41,COMPLETED,30151.0,1566.3,2.18,95.96
316,easy,11,10:50:51,10:50:54,10:51:07,COMPLETED,21689.0,213.4,3.53,16.13
417,easy,12,10:50:49,10:50:54,10:51:25,COMPLETED,24691.0,525.9,5.53,36.88
436,medium,14,10:51:34,10:51:38,10:52:59,COMPLETED,32177.0,1357.9,4.33,85.54
397,easy,12,10:52:28,10:52:28,10:53:24,COMPLETED,32478.0,942.5,0.28,56.53
343,medium,13,10:52:57,10:52:59,10:53:49,COMPLETED,26572.0,837.8,2.54,52.59
217,hard,15,09:48:47,09:48:49,10:55:04,COMPLETED,26703.0,66257.3,2.72,3977.99
322,easy,11,10:54:16,10:54:20,10:55:04,COMPLETED,31458.0,742.9,4.77,48.99
434,easy,12,10:54:17,10:54:20,10:55:04,COMPLETED,24807.0,742.4,3.77,47.99
361,easy,11,10:55:02,10:55:04,10:55:17,COMPLETED,30078.0,217.1,2.99,15.77
427,easy,12,10:54:36,10:54:39,10:55:30,COMPLETED,27793.0,846.0,3.83,54.30
351,easy,12,10:55:08,10:55:11,10:55:36,COMPLETED,26063.0,424.8,3.43,28.63
314,medium,14,10:40:57,10:40:58,10:55:42,COMPLETED,30098.0,14736.0,1.94,885.95
429,easy,12,10:55:29,10:55:30,10:55:42,COMPLETED,22042.0,215.4,1.30,13.95
310,medium,14,10:47:51,10:47:53,10:56:01,COMPLETED,31653.0,8144.6,2.37,490.85
325,medium,13,10:53:24,10:53:24,10:56:26,COMPLETED,25898.0,3043.4,0.53,182.96
311,easy,12,10:54:24,10:54:27,10:56:33,COMPLETED,20363.0,2104.6,3.11,129.23
393,easy,11,10:57:35,10:57:36,10:57:55,COMPLETED,22156.0,321.1,1.90,20.87
437,easy,11,10:58:27,10:58:27,10:58:52,COMPLETED,23114.0,424.5,0.38,25.59
396,medium,13,10:55:02,10:55:04,11:00:01,COMPLETED,31674.0,4948.3,2.99,299.71
346,easy,12,10:58:42,10:58:46,11:00:39,COMPLETED,28598.0,1889.7,4.27,117.39
426,easy,12,10:59:54,10:59:55,11:00:52,COMPLETED,26627.0,949.7,1.38,58.05
422,easy,12,10:59:47,10:59:49,11:00:58,COMPLETED,32725.0,1160.4,2.04,71.40
320,medium,13,10:57:25,10:57:30,11:01:04,COMPLETED,27891.0,3573.5,5.55,219.71
546,easy,12,11:00:41,11:00:45,11:01:42,COMPLETED,27732.0,951.7,4.70,61.54
599,easy,11,11:00:52,11:00:52,11:01:55,COMPLETED,36219.0,1057.0,0.05,63.17
340,medium,14,10:54:27,10:54:27,11:02:14,COMPLETED,27189.0,7785.4,0.11,467.10
302,medium,14,10:54:50,10:54:52,11:03:04,COMPLETED,30547.0,8215.0,2.41,494.94
591,easy,11,11:03:18,11:03:24,11:03:30,COMPLETED,27013.0,116.5,6.34,12.87
495,medium,13,11:01:29,11:01:29,11:04:16,COMPLETED,30559.0,2781.1,0.87,167.31
452,easy,12,11:03:59,11:04:03,11:04:55,COMPLETED,27534.0,866.9,4.27,56.01
457,easy,12,11:03:50,11:03:50,11:05:01,COMPLETED,21956.0,1191.6,0.27,71.32
564,medium,13,11:03:52,11:03:56,11:05:39,COMPLETED,26860.0,1725.2,4.89,107.96
463,easy,12,11:04:45,11:04:48,11:05:39,COMPLETED,29846.0,868.1,3.34,54.96
398,medium,14,10:50:41,10:50:41,11:06:12,COMPLETED,28417.0,15507.9,0.96,931.13
373,hard,15,10:32:16,10:32:20,11:06:31,COMPLETED,29229.0,34184.9,4.69,2055.68
501,easy,11,11:06:13,11:06:18,11:06:31,COMPLETED,33364.0,222.3,5.61,18.68
295,hard,15,09:20:41,09:20:44,11:06:37,COMPLETED,36869.0,105882.9,3.91,6356.99
476,easy,11,11:06:18,11:06:18,11:06:44,COMPLETED,25383.0,429.4,0.61,26.29
511,medium,13,11:02:55,11:02:58,11:07:41,COMPLETED,28071.0,4722.6,3.36,286.43
556,easy,12,11:06:15,11:06:18,11:07:47,COMPLETED,31004.0,1489.0,3.61,92.75
449,hard,15,10:32:03,10:32:07,11:07:54,COMPLETED,36283.0,35774.7,4.90,2151.10
518,easy,11,11:08:00,11:08:00,11:08:13,COMPLETED,28984.0,224.0,0.71,13.57
493,easy,11,11:08:02,11:08:07,11:08:20,COMPLETED,22829.0,222.9,5.26,18.22
597,easy,12,11:08:08,11:08:13,11:08:26,COMPLETED,25679.0,225.3,5.57,18.68
540,medium,14,11:01:05,11:01:11,11:08:52,COMPLETED,32118.0,7697.1,6.01,467.59
503,easy,11,11:08:45,11:08:46,11:08:52,COMPLETED,23479.0,110.8,1.19,7.59
367,medium,14,10:55:31,10:55:36,11:09:42,COMPLETED,39093.0,14106.7,5.63,851.83
443,medium,13,10:43:13,10:43:17,11:10:26,COMPLETED,34110.0,27153.0,4.86,1633.92
345,medium,14,10:55:55,10:55:55,11:10:45,COMPLETED,30669.0,14840.7,0.51,890.75
502,easy,12,11:09:49,11:09:49,11:10:52,COMPLETED,25684.0,1052.8,0.13,63.04
407,hard,15,10:44:36,10:44:40,11:14:26,COMPLETED,36781.0,29771.2,4.18,1790.22
573,medium,13,11:13:25,11:13:28,11:14:32,COMPLETED,34240.0,1071.2,3.71,67.71
535,easy,12,11:13:52,11:13:53,11:14:32,COMPLETED,27358.0,648.7,1.92,40.71
581,medium,13,11:07:40,11:07:41,11:14:39,COMPLETED,26940.0,6968.3,1.43,419.03
552,medium,14,11:01:32,11:01:36,11:14:52,COMPLETED,34315.0,13270.6,4.21,800.09
485,easy,11,11:15:07,11:15:11,11:15:43,COMPLETED,34055.0,545.9,4.38,36.57
533,easy,11,11:15:45,11:15:50,11:15:56,COMPLETED,28904.0,113.8,5.20,11.77
243,hard,15,09:10:02,09:10:05,11:16:09,COMPLETED,34713.0,126059.2,3.82,7567.33
475,medium,13,11:08:30,11:08:33,11:17:06,COMPLETED,28645.0,8570.2,3.13,516.99
451,medium,13,11:15:39,11:15:43,11:17:51,COMPLETED,33814.0,2141.1,4.57,132.61
401,hard,15,10:54:21,10:54:27,11:18:23,COMPLETED,36216.0,23949.1,6.11,1442.88
349,hard,15,10:43:30,10:43:30,11:19:15,COMPLETED,32915.0,35745.0,0.70,2145.28
595,easy,11,11:19:22,11:19:27,11:19:34,COMPLETED,25959.0,115.7,5.94,12.47
594,medium,13,11:18:36,11:18:36,11:19:40,COMPLETED,30685.0,1079.4,0.59,64.93
544,easy,11,11:20:32,11:20:37,11:20:56,COMPLETED,21971.0,319.6,5.92,24.83
568,easy,11,11:21:43,11:21:47,11:21:53,COMPLETED,27945.0,110.1,4.19,10.51
534,easy,12,11:20:41,11:20:44,11:22:31,COMPLETED,34513.0,1790.0,3.23,110.26
334,hard,15,10:43:02,10:43:05,11:22:37,COMPLETED,30862.0,39543.5,3.21,2375.68
509,easy,11,11:22:50,11:22:50,11:22:56,COMPLETED,24568.0,110.1,0.32,6.65
494,easy,11,11:22:58,11:23:02,11:23:15,COMPLETED,30221.0,216.4,4.95,17.70
442,hard,15,10:48:25,10:48:30,11:23:40,COMPLETED,31192.0,35170.0,5.89,2115.93
565,easy,11,11:23:00,11:23:02,11:23:47,COMPLETED,25175.0,742.6,2.95,47.27
474,hard,15,11:18:01,11:18:04,11:24:12,COMPLETED,34070.0,6136.9,3.58,371.55
416,medium,13,10:51:39,10:51:44,11:24:18,COMPLETED,37226.0,32573.5,5.61,1959.86
487,easy,12,11:22:57,11:23:02,11:24:25,COMPLETED,28559.0,1375.4,5.95,88.19
528,easy,11,11:23:50,11:23:53,11:24:56,COMPLETED,28943.0,1060.7,3.61,66.67
563,medium,14,11:02:26,11:02:26,11:25:42,COMPLETED,38658.0,23257.5,0.75,1396.02
516,medium,14,11:14:49,11:14:52,11:26:13,COMPLETED,30075.0,11366.3,3.09,684.70
577,easy,12,11:26:35,11:26:39,11:27:18,COMPLETED,24008.0,650.6,4.39,43.15
455,easy,12,11:26:18,11:26:20,11:27:24,COMPLETED,27279.0,1078.4,2.18,66.45
554,medium,13,11:13:51,11:13:53,11:28:16,COMPLETED,25502.0,14374.7,2.92,865.15
515,easy,11,11:28:01,11:28:03,11:28:16,COMPLETED,26445.0,226.8,2.02,15.15
585,easy,12,11:28:08,11:28:09,11:28:16,COMPLETED,24450.0,117.6,1.60,8.15
548,easy,12,11:27:32,11:27:37,11:28:22,COMPLETED,23153.0,763.0,5.34,50.70
586,easy,12,11:28:24,11:28:29,11:29:01,COMPLETED,29813.0,546.2,5.18,37.52
589,easy,12,11:27:34,11:27:37,11:29:20,COMPLETED,30381.0,1732.5,3.34,106.81
464,easy,11,11:29:53,11:29:53,11:29:59,COMPLETED,28141.0,117.6,0.26,6.85
598,easy,12,11:30:04,11:30:06,11:30:26,COMPLETED,30534.0,335.3,2.37,22.06
438,hard,15,10:56:44,10:56:45,11:30:39,COMPLETED,28646.0,33889.7,1.89,2035.01
479,medium,14,11:02:15,11:02:20,11:30:39,COMPLETED,29844.0,28315.8,5.40,1704.01
497,easy,11,11:30:50,11:30:52,11:30:58,COMPLETED,24933.0,113.5,2.08,8.42
590,medium,14,11:21:23,11:21:28,11:31:04,COMPLETED,29939.0,9616.0,5.20,581.92
512,easy,11,11:31:19,11:31:23,11:31:49,COMPLETED,29168.0,425.3,4.86,30.10
486,hard,15,11:20:08,11:20:12,11:31:55,COMPLETED,29879.0,11715.1,4.70,707.40
467,medium,14,11:30:09,11:30:13,11:32:01,COMPLETED,25060.0,1816.1,4.00,112.70
522,medium,13,11:29:20,11:29:20,11:32:26,COMPLETED,26946.0,3106.9,0.81,186.92
551,medium,14,11:30:25,11:30:26,11:34:07,COMPLETED,34065.0,3700.0,1.06,222.66
529,easy,12,11:32:17,11:32:20,11:34:14,COMPLETED,32379.0,1898.1,3.55,117.12
510,medium,14,11:08:46,11:08:46,11:34:20,COMPLETED,26391.0,25574.1,0.19,1534.48
532,easy,12,11:32:50,11:32:52,11:34:20,COMPLETED,28296.0,1477.8,2.17,90.48
531,easy,11,11:34:30,11:34:33,11:34:45,COMPLETED,34779.0,216.2,3.18,15.83
562,easy,11,11:34:40,11:34:45,11:34:58,COMPLETED,26958.0,215.2,5.83,18.48
550,easy,11,11:35:12,11:35:17,11:35:30,COMPLETED,28332.0,217.7,5.44,18.15
484,easy,12,11:35:07,11:35:11,11:35:36,COMPLETED,32622.0,429.8,4.05,29.53
527,easy,11,11:35:30,11:35:30,11:35:42,COMPLETED,28395.0,217.1,0.15,12.87
371,hard,15,10:49:34,10:49:39,11:36:01,COMPLETED,29223.0,46376.7,5.50,2787.85
491,easy,12,11:36:00,11:36:01,11:36:14,COMPLETED,33692.0,223.3,1.85,14.81
488,medium,14,11:12:16,11:12:19,11:36:34,COMPLETED,31807.0,24243.5,3.75,1458.15
514,medium,14,11:28:35,11:28:35,11:36:40,COMPLETED,25083.0,8088.0,0.70,485.48
561,easy,11,11:36:35,11:36:40,11:36:47,COMPLETED,30476.0,117.4,5.48,12.09
161,hard,15,09:04:00,09:04:00,11:37:18,COMPLETED,32893.0,153309.5,0.47,9198.96
526,medium,14,11:21:27,11:21:28,11:37:18,COMPLETED,30246.0,15851.5,1.20,951.96
588,easy,12,11:37:56,11:37:57,11:38:10,COMPLETED,22112.0,221.9,1.77,14.76
468,medium,13,11:32:25,11:32:26,11:38:30,COMPLETED,27410.0,6061.3,1.92,365.35
496,easy,11,11:38:11,11:38:17,11:38:36,COMPLETED,31959.0,333.3,6.11,25.72
545,easy,11,11:38:47,11:38:49,11:39:09,COMPLETED,24288.0,332.2,2.62,22.22
480,medium,13,11:34:26,11:34:26,11:39:15,COMPLETED,25315.0,4820.1,0.87,289.61
519,medium,14,11:24:56,11:24:56,11:40:07,COMPLETED,30641.0,15182.2,0.67,911.24
481,easy,11,11:39:07,11:39:09,11:40:13,COMPLETED,33716.0,1084.7,2.22,66.77
508,medium,14,11:15:15,11:15:17,11:40:26,COMPLETED,26122.0,25158.2,2.70,1511.87
465,medium,13,11:37:28,11:37:31,11:40:26,COMPLETED,28981.0,2924.0,3.87,178.87
537,easy,11,11:40:11,11:40:13,11:40:26,COMPLETED,24929.0,227.1,2.77,15.87
149,hard,15,08:43:30,08:43:31,11:40:46,COMPLETED,30835.0,177243.5,1.71,10636.26
520,easy,12,11:40:41,11:40:46,11:41:24,COMPLETED,26869.0,654.3,5.26,43.97
459,easy,12,11:37:38,11:37:38,11:41:57,COMPLETED,32756.0,4320.4,0.24,259.18
498,easy,11,11:42:09,11:42:10,11:42:35,COMPLETED,26981.0,428.2,1.09,26.52
81,hard,15,08:53:20,08:53:25,11:43:25,COMPLETED,25692.0,169999.1,5.99,10205.91
560,easy,11,11:43:31,11:43:32,11:43:51,COMPLETED,23540.0,323.0,1.22,20.23
285,hard,15,09:49:44,09:49:45,11:44:22,COMPLETED,36491.0,114620.3,1.70,6878.87
458,easy,11,11:44:38,11:44:41,11:45:19,COMPLETED,36160.0,635.6,3.73,41.59
492,medium,13,11:38:54,11:38:56,11:45:57,COMPLETED,31152.0,7024.6,2.19,423.39
461,easy,11,11:45:47,11:45:51,11:46:16,COMPLETED,26679.0,426.6,4.04,29.37
444,hard,15,10:47:52,10:47:53,11:46:54,COMPLETED,32739.0,59013.1,1.37,3542.13
454,medium,13,11:46:06,11:46:10,11:48:10,COMPLETED,29711.0,2023.7,4.03,124.98
499,medium,13,11:47:18,11:47:19,11:49:28,COMPLETED,30161.0,2166.1,1.30,130.61
504,easy,12,11:48:22,11:48:23,11:49:28,COMPLETED,27924.0,1091.2,1.89,66.61
483,easy,11,11:49:27,11:49:28,11:49:35,COMPLETED,17359.0,119.7,1.61,8.43
580,hard,15,11:07:52,11:07:54,11:50:01,COMPLETED,28621.0,42125.8,2.10,2529.30
542,medium,13,11:49:55,11:50:01,11:50:14,COMPLETED,25055.0,226.9,6.30,19.43
500,easy,12,11:44:11,11:44:16,11:50:33,COMPLETED,33230.0,6293.5,5.53,382.73
347,medium,14,10:58:32,10:58:33,11:51:37,COMPLETED,34558.0,53074.0,1.70,3185.90
462,hard,15,11:34:05,11:34:07,11:52:10,COMPLETED,34545.0,18051.8,2.66,1085.35
319,hard,15,10:35:25,10:35:27,11:52:16,COMPLETED,28998.0,76826.3,2.51,4611.97
555,medium,13,11:51:31,11:51:31,11:52:49,COMPLETED,29069.0,1305.3,0.30,78.35
582,easy,12,11:52:18,11:52:23,11:52:49,COMPLETED,26260.0,438.8,5.33,31.35
478,easy,11,11:52:27,11:52:29,11:52:49,COMPLETED,24312.0,332.8,2.70,22.35
413,hard,15,10:46:10,10:46:13,11:53:02,COMPLETED,26580.0,66807.6,3.83,4012.13
470,medium,13,11:48:04,11:48:04,11:53:02,COMPLETED,28315.0,4965.1,0.62,298.13
549,easy,11,11:52:19,11:52:23,11:53:02,COMPLETED,34101.0,654.1,4.33,43.13
517,easy,11,11:53:45,11:53:46,11:53:52,COMPLETED,28028.0,110.6,1.65,7.99
513,easy,11,11:54:05,11:54:05,11:54:30,COMPLETED,32635.0,426.7,0.60,25.88
450,easy,11,11:54:26,11:54:30,11:54:43,COMPLETED,29160.0,216.4,4.88,17.57
536,easy,11,11:54:49,11:54:49,11:54:56,COMPLETED,32927.0,110.9,0.89,7.25
578,medium,14,11:49:35,11:49:35,11:56:31,COMPLETED,31850.0,6934.9,0.43,416.26
523,medium,14,11:44:47,11:44:48,11:56:43,COMPLETED,29946.0,11935.5,1.05,716.95
579,easy,11,11:56:26,11:56:37,11:57:03,COMPLETED,28507.0,430.2,11.59,37.05
212,hard,15,09:14:52,09:14:57,11:57:09,COMPLETED,29608.0,162192.7,5.97,9737.44
477,medium,13,11:51:43,11:51:44,11:57:15,COMPLETED,30669.0,5529.0,1.42,332.88
587,easy,11,11:57:28,11:57:28,11:57:41,COMPLETED,26664.0,218.3,0.60,13.35
489,easy,12,11:56:38,11:56:50,11:57:47,COMPLETED,33248.0,963.1,12.28,69.73
456,easy,12,11:56:54,11:57:09,11:58:19,COMPLETED,30657.0,1170.3,15.44,85.37
557,medium,13,11:56:22,11:56:24,11:58:38,COMPLETED,26743.0,2236.5,2.90,136.61
574,easy,12,11:59:14,11:59:16,12:00:07,COMPLETED,25679.0,850.8,2.94,53.70
593,easy,12,11:59:53,11:59:54,12:00:20,COMPLETED,31468.0,430.5,1.93,27.42
453,hard,15,11:41:20,11:41:24,12:00:52,COMPLETED,33608.0,19455.9,4.97,1172.12
732,easy,12,12:00:02,12:00:14,12:01:30,COMPLETED,27938.0,1273.5,12.03,88.14
553,easy,12,11:58:54,11:58:57,12:01:36,COMPLETED,28249.0,2648.9,3.94,162.47
628,easy,11,12:00:48,12:01:36,12:01:42,COMPLETED,18685.0,113.9,48.47,54.93
643,easy,11,12:01:06,12:01:49,12:01:55,COMPLETED,24442.0,111.0,43.34,49.69
571,medium,13,11:58:50,11:58:51,12:02:02,COMPLETED,34088.0,3179.7,1.60,192.02
747,easy,11,12:01:01,12:01:42,12:02:08,COMPLETED,31884.0,429.8,41.93,67.43
656,easy,12,12:01:42,12:02:02,12:02:08,COMPLETED,27580.0,112.0,20.02,26.43
572,medium,14,11:21:57,11:21:59,12:02:33,COMPLETED,44362.0,40566.7,2.82,2436.65
342,hard,15,10:39:55,10:39:55,12:02:39,COMPLETED,34839.0,82746.7,0.30,4964.98
575,medium,14,11:39:45,11:39:48,12:02:46,COMPLETED,30189.0,22974.6,3.06,1381.34
344,hard,15,10:19:45,10:19:50,12:02:58,COMPLETED,34693.0,103139.1,5.70,6193.99
650,easy,11,12:02:51,12:02:52,12:02:58,COMPLETED,28978.0,110.6,1.65,7.99
646,easy,11,12:03:06,12:03:11,12:03:24,COMPLETED,24489.0,219.5,5.60,18.44
670,easy,11,12:03:16,12:03:18,12:03:43,COMPLETED,27866.0,428.1,2.04,27.40
687,easy,12,12:03:08,12:03:11,12:04:08,COMPLETED,31852.0,957.0,3.60,60.77
473,medium,14,11:54:18,11:54:18,12:04:46,COMPLETED,32365.0,10480.7,0.23,628.77
624,medium,13,12:00:29,12:00:33,12:05:06,COMPLETED,26147.0,4563.0,4.11,277.44
632,easy,11,12:05:18,12:05:19,12:05:32,COMPLETED,27974.0,225.3,1.44,14.49
583,medium,13,11:56:09,11:56:12,12:05:39,COMPLETED,30256.0,9451.4,3.23,570.00
666,easy,12,12:04:59,12:04:59,12:05:45,COMPLETED,33260.0,768.9,0.67,46.38
678,easy,12,12:05:40,12:05:45,12:06:05,COMPLETED,26706.0,338.4,5.38,25.23
482,hard,15,11:29:11,11:29:14,12:06:56,COMPLETED,34168.0,37704.2,3.47,2265.53
705,easy,11,12:06:40,12:06:43,12:07:15,COMPLETED,31237.0,535.9,3.82,35.64
524,medium,14,11:55:10,11:55:15,12:07:34,COMPLETED,26898.0,12328.2,5.22,744.68
663,easy,11,12:07:20,12:07:22,12:07:34,COMPLETED,25494.0,216.1,2.02,14.68
460,hard,15,11:34:39,11:34:39,12:07:59,COMPLETED,29057.0,33345.7,0.51,2000.98
673,medium,13,12:04:30,12:04:34,12:08:37,COMPLETED,32408.0,4069.7,4.00,247.92
717,medium,13,12:07:01,12:07:02,12:08:44,COMPLETED,24752.0,1694.3,1.91,103.25
718,easy,11,12:09:22,12:09:22,12:09:28,COMPLETED,27246.0,110.7,0.14,6.49
506,hard,15,11:47:18,11:47:19,12:09:41,COMPLETED,31175.0,22367.1,1.30,1343.21
466,medium,14,11:27:47,11:27:50,12:10:06,COMPLETED,33692.0,42274.1,3.17,2539.46
700,easy,11,12:10:40,12:10:44,12:10:50,COMPLETED,28182.0,110.6,4.49,10.83
541,hard,15,11:45:47,11:45:51,12:11:22,COMPLETED,36430.0,25527.4,4.04,1535.49
668,easy,11,12:11:38,12:11:41,12:11:54,COMPLETED,24308.0,217.6,3.55,16.28
610,easy,11,12:12:02,12:12:06,12:12:19,COMPLETED,22610.0,216.6,4.98,17.68
660,medium,13,12:07:48,12:07:53,12:13:11,COMPLETED,26505.0,5305.2,5.63,323.48
692,medium,13,12:08:51,12:08:56,12:13:24,COMPLETED,30452.0,4467.1,5.90,273.42
625,easy,11,12:13:27,12:13:31,12:14:03,COMPLETED,28457.0,544.9,4.03,36.25
490,medium,14,11:52:05,11:52:10,12:15:27,COMPLETED,35894.0,23298.9,5.35,1402.90
602,medium,13,12:08:39,12:08:44,12:15:47,COMPLETED,27789.0,7059.9,5.25,428.39
605,easy,12,12:14:52,12:15:34,12:15:47,COMPLETED,28052.0,223.9,42.52,55.39
720,easy,11,12:14:59,12:15:53,12:16:13,COMPLETED,30413.0,334.8,54.99,74.60
408,hard,15,10:35:26,10:35:27,12:16:33,COMPLETED,31933.0,101097.4,1.51,6067.29
693,medium,13,12:15:51,12:16:20,12:17:12,COMPLETED,32651.0,875.4,29.13,81.31
651,medium,13,12:11:07,12:11:09,12:17:31,COMPLETED,36953.0,6372.1,2.75,384.80
711,easy,12,12:17:07,12:17:12,12:17:31,COMPLETED,22174.0,330.1,5.31,24.80
713,medium,13,12:14:25,12:14:29,12:17:38,COMPLETED,24329.0,3157.9,4.15,193.14
685,medium,13,12:00:45,12:00:58,12:17:51,COMPLETED,27616.0,16884.8,13.44,1026.18
671,medium,13,12:04:09,12:04:15,12:18:48,COMPLETED,40927.0,14564.6,6.10,879.71
612,medium,13,12:15:49,12:15:53,12:18:48,COMPLETED,39225.0,2915.4,4.99,179.71
662,easy,11,12:19:13,12:19:14,12:19:39,COMPLETED,26552.0,429.9,1.06,26.53
596,hard,15,11:47:59,11:48:04,12:20:23,COMPLETED,32032.0,32322.0,5.62,1944.70
538,hard,15,11:39:06,11:39:09,12:20:30,COMPLETED,29400.0,41350.4,3.22,2484.07
724,medium,13,12:19:01,12:19:01,12:20:36,COMPLETED,29402.0,1589.8,0.37,95.41
621,medium,14,12:14:36,12:14:42,12:20:55,COMPLETED,27540.0,6224.8,6.25,379.47
653,easy,12,12:21:08,12:21:08,12:21:20,COMPLETED,24044.0,216.5,0.09,12.74
305,medium,14,10:56:47,10:56:52,12:22:36,COMPLETED,40875.0,85737.7,5.38,5149.49
703,easy,11,12:22:35,12:22:36,12:22:55,COMPLETED,26123.0,321.4,1.49,20.48
615,medium,14,12:17:21,12:17:38,12:23:27,COMPLETED,25132.0,5825.9,17.14,366.16
672,easy,12,12:21:50,12:21:52,12:24:12,COMPLETED,27967.0,2341.4,2.31,142.17
629,easy,12,12:23:37,12:23:40,12:24:12,COMPLETED,28236.0,545.5,3.13,35.17
667,easy,11,12:24:40,12:24:44,12:24:51,COMPLETED,24291.0,117.0,4.86,11.47
623,medium,13,12:23:41,12:23:46,12:25:23,COMPLETED,33530.0,1631.4,5.70,102.95
746,easy,12,12:23:21,12:23:27,12:25:36,COMPLETED,25955.0,2168.5,6.16,135.94
636,easy,12,12:25:46,12:25:49,12:26:09,COMPLETED,23796.0,338.6,3.80,23.58
730,medium,13,12:17:14,12:17:18,12:30:01,COMPLETED,35854.0,12719.7,4.69,767.62
539,medium,14,11:13:48,11:13:53,12:30:26,COMPLETED,29300.0,76552.7,5.92,4598.93
607,easy,12,12:26:29,12:30:33,12:30:46,COMPLETED,23539.0,216.3,244.34,257.01
385,hard,15,10:49:42,10:49:45,12:31:17,COMPLETED,35102.0,101531.2,3.83,6095.62
619,easy,11,12:27:38,12:30:52,12:31:17,COMPLETED,32466.0,426.8,194.34,219.62
701,medium,13,12:20:47,12:20:49,12:32:08,COMPLETED,33107.0,11324.1,2.11,681.30
735,easy,12,12:28:58,12:31:23,12:32:14,COMPLETED,28900.0,849.6,145.97,196.63
695,easy,12,12:28:12,12:31:23,12:32:21,COMPLETED,24056.0,956.6,191.97,249.01
649,easy,11,12:29:02,12:32:14,12:32:21,COMPLETED,20036.0,112.5,192.63,199.01
521,hard,15,11:28:48,11:28:48,12:32:40,COMPLETED,30526.0,63857.6,0.78,3832.10
665,medium,13,12:25:31,12:25:36,12:33:30,COMPLETED,30288.0,7901.6,5.94,479.76
677,easy,12,12:29:20,12:32:27,12:33:30,COMPLETED,32654.0,1061.2,187.41,250.76
647,easy,12,12:29:23,12:32:27,12:33:49,COMPLETED,23542.0,1378.6,184.41,266.88
674,medium,14,12:10:14,12:10:19,12:34:15,COMPLETED,30497.0,23940.6,5.14,1441.19
645,medium,13,12:29:03,12:32:21,12:34:54,COMPLETED,28242.0,2560.3,198.01,351.15
696,easy,11,12:31:55,12:34:21,12:35:00,COMPLETED,33242.0,659.0,146.76,185.72
661,easy,11,12:32:14,12:35:00,12:35:20,COMPLETED,30973.0,335.9,166.72,186.35
749,easy,11,12:33:09,12:35:26,12:35:46,COMPLETED,34668.0,333.1,137.93,157.38
739,medium,14,12:04:54,12:04:59,12:36:05,COMPLETED,30232.0,31107.6,5.67,1871.80
644,easy,12,12:32:54,12:35:07,12:36:05,COMPLETED,24415.0,983.1,133.35,191.80
722,easy,11,12:33:30,12:36:12,12:36:25,COMPLETED,28685.0,226.6,162.38,175.49
715,easy,12,12:33:30,12:36:12,12:36:25,COMPLETED,24097.0,225.7,162.38,175.49
414,hard,15,10:37:12,10:37:12,12:36:45,COMPLETED,31905.0,119548.0,0.56,7173.32
604,easy,11,12:34:22,12:36:51,12:37:04,COMPLETED,28769.0,217.5,149.87,162.62
734,medium,13,12:33:10,12:35:52,12:38:02,COMPLETED,28932.0,2175.0,162.95,292.99
655,medium,13,12:26:05,12:26:16,12:38:22,COMPLETED,28022.0,12115.1,11.17,737.64
630,easy,11,12:34:38,12:38:09,12:38:22,COMPLETED,27743.0,227.6,211.52,224.64
635,medium,13,12:31:39,12:33:56,12:38:55,COMPLETED,31285.0,4988.0,137.20,436.01
748,easy,11,12:35:46,12:39:01,12:39:08,COMPLETED,28519.0,115.3,195.57,202.19
707,medium,14,12:09:34,12:09:34,12:40:32,COMPLETED,29975.0,30958.0,0.81,1858.04
738,medium,13,12:35:45,12:38:29,12:40:51,COMPLETED,30054.0,2371.1,164.21,306.19
698,medium,14,12:12:40,12:12:45,12:41:29,COMPLETED,29081.0,28730.8,5.57,1729.20
710,easy,11,12:39:51,12:40:57,12:41:29,COMPLETED,26622.0,532.5,66.58,98.20
741,medium,13,12:30:58,12:33:37,12:42:00,COMPLETED,28446.0,8400.5,159.11,662.88
298,hard,15,09:28:30,09:28:35,12:42:13,COMPLETED,31884.0,193627.8,5.94,11623.58
686,medium,13,12:30:57,12:32:46,12:42:19,COMPLETED,21710.0,9564.6,109.44,682.96
743,easy,12,12:41:33,12:42:26,12:42:32,COMPLETED,19927.0,111.9,53.39,59.80
704,medium,13,12:36:34,12:39:14,12:44:07,COMPLETED,32450.0,4889.6,160.52,453.61
558,hard,15,11:48:16,11:48:17,12:45:49,COMPLETED,29472.0,57531.8,1.52,3453.17
714,medium,13,12:40:15,12:41:35,12:46:02,COMPLETED,37626.0,4454.0,80.55,347.32
712,easy,11,12:43:06,12:45:55,12:46:15,COMPLETED,29358.0,337.9,169.72,189.49
609,easy,11,12:43:44,12:46:22,12:46:28,COMPLETED,21770.0,116.7,158.05,164.70
642,hard,15,12:18:44,12:18:48,12:47:33,COMPLETED,31514.0,28751.1,4.71,1729.43
742,easy,12,12:44:11,12:46:35,12:47:33,COMPLETED,24395.0,981.5,144.08,202.43
706,medium,14,12:34:38,12:37:10,12:47:59,COMPLETED,30811.0,10820.9,152.95,801.79
733,medium,13,12:43:08,12:46:08,12:48:06,COMPLETED,31727.0,1964.3,180.88,298.32
731,easy,11,12:45:08,12:47:40,12:48:12,COMPLETED,32832.0,554.0,152.02,184.79
600,easy,11,12:45:10,12:48:06,12:48:12,COMPLETED,26313.0,117.8,176.32,182.79
626,easy,12,12:47:16,12:48:19,12:48:51,COMPLETED,26073.0,546.7,63.44,95.74
682,medium,14,12:42:36,12:44:13,12:50:28,COMPLETED,29460.0,6252.3,97.95,472.71
648,easy,12,12:47:48,12:50:35,12:51:07,COMPLETED,28120.0,549.6,167.14,199.60
606,easy,12,12:45:34,12:48:12,12:51:27,COMPLETED,29357.0,3245.2,158.79,353.03
611,medium,13,12:47:45,12:48:58,12:51:33,COMPLETED,26249.0,2599.7,73.30,228.57
709,easy,11,12:48:05,12:51:33,12:51:40,COMPLETED,32789.0,119.8,208.57,215.36
617,easy,11,12:49:31,12:51:46,12:51:59,COMPLETED,24246.0,217.4,135.80,148.54
689,easy,12,12:47:54,12:51:14,12:52:12,COMPLETED,26460.0,973.5,200.16,258.22
639,easy,12,12:49:04,12:51:40,12:52:18,COMPLETED,27571.0,643.1,156.36,194.62
675,medium,13,12:49:39,12:52:05,12:52:31,COMPLETED,28642.0,430.1,146.86,172.34
631,medium,14,12:40:23,12:42:07,12:52:44,COMPLETED,32851.0,10619.0,104.21,741.08
740,easy,12,12:50:13,12:52:18,12:52:44,COMPLETED,31482.0,429.6,125.62,151.08
641,easy,12,12:51:11,12:52:37,12:52:50,COMPLETED,22674.0,218.9,86.71,99.42
728,easy,11,12:52:12,12:52:56,12:53:03,COMPLETED,21134.0,111.7,44.89,51.28
694,medium,14,12:25:59,12:26:02,12:53:15,COMPLETED,31628.0,27221.1,3.94,1636.98
679,medium,14,12:44:49,12:47:40,12:53:15,COMPLETED,37769.0,5604.2,171.02,506.98
669,medium,13,12:31:35,12:33:37,12:53:28,COMPLETED,32378.0,19863.2,122.11,1313.71
633,easy,11,12:52:40,12:53:22,12:53:47,COMPLETED,29864.0,428.9,42.32,67.73
613,hard,15,12:12:27,12:12:32,12:54:19,COMPLETED,26579.0,41785.3,5.50,2512.42
402,hard,15,10:50:56,10:51:00,12:54:44,COMPLETED,36344.0,123733.1,4.85,7428.76
708,easy,11,12:53:34,12:54:25,12:54:51,COMPLETED,27259.0,427.9,51.75,77.08
601,medium,14,12:47:44,12:48:19,12:56:06,COMPLETED,26884.0,7794.3,35.44,502.93
634,easy,12,12:51:37,12:52:50,12:56:45,COMPLETED,28432.0,3918.4,73.42,308.26
471,hard,15,11:39:12,11:39:15,12:58:15,COMPLETED,32571.0,79004.0,3.61,4743.63
716,medium,14,12:53:11,12:53:22,12:58:22,COMPLETED,31740.0,5001.8,11.32,311.16
737,easy,11,12:55:41,12:58:22,12:58:28,COMPLETED,22456.0,117.0,161.16,167.53
691,easy,12,12:56:07,12:58:28,12:58:35,COMPLETED,28600.0,117.8,141.53,148.23
697,easy,11,12:56:24,12:58:35,12:58:48,COMPLETED,25367.0,225.0,131.23,144.23
658,easy,11,12:56:47,12:58:41,12:58:54,COMPLETED,26302.0,229.2,114.64,127.79
530,hard,15,11:52:14,11:52:16,12:59:08,COMPLETED,31913.0,66855.4,2.97,4014.05
616,medium,13,12:50:57,12:52:24,12:59:14,COMPLETED,26560.0,6831.8,87.99,497.59
680,easy,12,12:57:03,12:59:01,12:59:20,COMPLETED,30649.0,331.0,118.45,137.97
620,easy,12,12:57:49,12:59:27,12:59:40,COMPLETED,24610.0,227.1,98.35,111.46
657,easy,12,12:58:47,12:59:47,13:00:06,COMPLETED,19762.0,329.7,60.02,79.27
702,easy,12,12:56:53,12:58:54,13:00:38,COMPLETED,29687.0,1730.4,121.79,225.32
681,easy,12,12:57:45,12:59:20,13:00:38,COMPLETED,31300.0,1294.5,95.97,173.32
683,medium,13,12:54:27,12:54:57,13:00:44,COMPLETED,28488.0,5793.2,30.45,377.66
603,medium,13,12:14:22,12:14:22,13:01:10,COMPLETED,43386.0,46792.1,0.72,2808.00
383,hard,15,10:39:58,10:40:01,13:02:00,COMPLETED,34357.0,141986.8,3.52,8522.66
440,hard,15,10:47:10,10:47:16,13:02:07,COMPLETED,32947.0,134849.0,6.14,8097.02
843,easy,12,13:01:18,13:01:22,13:02:07,COMPLETED,21656.0,743.7,4.70,49.02
719,easy,12,12:59:51,13:00:12,13:02:25,COMPLETED,31420.0,2224.7,21.84,154.99
818,medium,14,13:01:05,13:01:10,13:02:51,COMPLETED,32141.0,1704.3,5.00,106.96
837,easy,11,13:02:09,13:02:13,13:02:51,COMPLETED,29213.0,649.1,4.34,42.96
891,easy,11,13:04:06,13:04:07,13:04:14,COMPLETED,22389.0,110.9,1.81,8.17
800,easy,12,13:03:14,13:03:17,13:04:58,COMPLETED,35317.0,1692.9,3.30,104.48
725,hard,15,12:37:39,12:40:38,13:05:04,COMPLETED,34890.0,24445.8,179.41,1645.92
357,hard,15,10:31:00,10:31:04,13:05:17,COMPLETED,38551.0,154213.0,4.91,9257.64
638,medium,13,12:52:37,12:53:09,13:05:17,COMPLETED,38657.0,12138.2,32.62,760.64
784,easy,11,13:04:56,13:04:58,13:05:23,COMPLETED,34483.0,430.1,2.48,28.00
736,medium,13,12:57:13,12:59:14,13:05:42,COMPLETED,36034.0,6476.8,121.59,509.94
525,hard,15,11:23:17,11:23:22,13:06:46,COMPLETED,30336.0,103405.3,5.01,6209.22
622,medium,14,12:34:05,12:36:32,13:06:58,COMPLETED,37994.0,30448.9,147.07,1973.85
810,easy,12,13:05:58,13:06:01,13:06:58,COMPLETED,32678.0,955.0,3.91,60.85
567,medium,14,11:43:54,11:43:57,13:07:11,COMPLETED,30576.0,83234.1,3.64,4997.51
699,medium,14,12:55:25,12:56:13,13:07:11,COMPLETED,37998.0,10976.1,48.25,706.51
797,easy,12,13:07:07,13:07:11,13:07:30,COMPLETED,27477.0,320.4,4.51,23.47
727,hard,15,12:53:18,12:53:54,13:08:01,COMPLETED,30569.0,14133.6,36.09,883.88
887,medium,13,13:08:29,13:08:33,13:08:58,COMPLETED,24594.0,428.9,4.43,29.85
726,hard,15,12:25:10,12:25:10,13:09:05,COMPLETED,36329.0,43908.2,0.88,2635.20
337,hard,15,10:57:57,10:58:02,13:09:30,COMPLETED,31710.0,131470.3,5.19,7893.34
778,easy,12,13:10:17,13:10:20,13:10:45,COMPLETED,30995.0,427.3,3.56,28.89
779,easy,11,13:11:34,13:11:36,13:11:42,COMPLETED,24176.0,111.3,2.27,8.60
842,easy,11,13:11:40,13:11:42,13:12:07,COMPLETED,24007.0,427.3,2.60,27.96
756,easy,11,13:12:32,13:12:33,13:12:45,COMPLETED,21157.0,215.2,1.19,13.81
808,easy,12,13:13:07,13:13:11,13:13:36,COMPLETED,32269.0,424.6,4.00,29.20
826,easy,11,13:14:35,13:14:40,13:14:53,COMPLETED,25207.0,225.6,5.33,18.30
874,easy,12,13:14:50,13:14:53,13:15:12,COMPLETED,32666.0,331.0,3.30,22.88
652,medium,14,12:53:12,12:53:35,13:16:22,COMPLETED,29359.0,22803.0,23.04,1390.95
766,easy,11,13:16:10,13:16:10,13:16:22,COMPLETED,22480.0,220.7,0.08,12.95
880,easy,12,13:16:21,13:16:22,13:16:29,COMPLETED,22595.0,111.7,1.95,8.36
627,hard,15,12:25:18,12:25:23,13:17:13,COMPLETED,34950.0,51834.1,5.95,3115.80
796,medium,14,13:08:43,13:08:46,13:17:39,COMPLETED,28438.0,8887.5,3.12,536.17
802,medium,13,13:16:35,13:16:35,13:17:58,COMPLETED,34703.0,1381.5,0.69,83.20
744,medium,14,12:51:54,12:52:50,13:18:10,COMPLETED,28614.0,25345.9,56.42,1576.97
384,hard,15,10:59:48,10:59:49,13:18:36,COMPLETED,31189.0,138788.9,1.04,8328.34
757,easy,12,13:18:48,13:18:48,13:19:14,COMPLETED,27561.0,426.8,0.98,26.31
640,hard,15,12:05:52,12:05:58,13:19:20,COMPLETED,33419.0,73370.0,6.55,4408.62
825,easy,12,13:19:36,13:19:39,13:20:49,COMPLETED,29382.0,1161.8,3.58,73.02
791,easy,12,13:16:36,13:16:42,13:21:01,COMPLETED,27205.0,4331.2,6.02,265.62
782,medium,13,13:20:13,13:20:17,13:21:27,COMPLETED,32611.0,1172.8,4.51,74.27
762,easy,11,13:21:24,13:21:27,13:21:33,COMPLETED,26229.0,120.2,3.27,9.93
768,easy,12,13:21:35,13:21:40,13:21:53,COMPLETED,26395.0,218.8,5.54,18.32
773,medium,14,13:10:23,13:10:26,13:22:38,COMPLETED,33324.0,12199.6,3.89,735.37
899,easy,11,13:23:03,13:23:04,13:23:11,COMPLETED,22025.0,118.4,1.37,8.01
745,hard,15,12:42:15,12:42:39,13:23:30,COMPLETED,31419.0,40858.4,24.13,2475.38
885,easy,12,13:22:35,13:22:38,13:23:36,COMPLETED,27990.0,977.8,3.37,61.77
847,easy,12,13:21:53,13:21:53,13:23:43,COMPLETED,27712.0,1838.9,0.32,110.08
664,hard,15,12:07:57,12:07:59,13:24:54,COMPLETED,38600.0,76915.3,2.98,4617.76
377,hard,15,10:53:22,10:53:24,13:25:20,COMPLETED,32982.0,151931.3,2.53,9118.30
869,medium,14,13:11:37,13:11:42,13:26:31,COMPLETED,28205.0,14823.4,5.60,894.78
816,medium,13,13:23:24,13:23:30,13:27:29,COMPLETED,30558.0,3992.7,6.38,245.69
794,easy,12,13:26:07,13:27:36,13:28:20,COMPLETED,24104.0,743.2,89.01,133.31
872,medium,13,13:24:28,13:24:28,13:29:10,COMPLETED,29821.0,4708.5,0.65,282.88
759,easy,12,13:23:21,13:23:23,13:30:26,COMPLETED,35676.0,7053.5,2.81,425.73
775,medium,13,13:25:53,13:26:38,13:30:39,COMPLETED,33055.0,4028.0,45.10,286.46
858,medium,14,13:27:14,13:29:17,13:31:04,COMPLETED,32111.0,1798.9,123.21,230.85
814,hard,15,13:21:30,13:21:33,13:31:23,COMPLETED,22078.0,9837.1,3.93,593.85
659,medium,14,12:19:16,12:19:20,13:31:30,COMPLETED,34632.0,72167.2,4.41,4334.25
881,medium,13,13:25:29,13:25:33,13:32:40,COMPLETED,32267.0,7125.9,4.32,431.44
815,easy,12,13:29:20,13:32:46,13:34:17,COMPLETED,25583.0,1517.4,206.98,297.54
859,medium,13,13:27:35,13:31:30,13:34:43,COMPLETED,30925.0,3230.0,235.25,428.55
684,medium,14,12:21:18,12:21:20,13:35:22,COMPLETED,36002.0,74034.2,2.74,4444.55
790,easy,11,13:29:57,13:35:29,13:35:42,COMPLETED,29809.0,227.8,332.10,345.26
809,hard,15,13:08:03,13:08:08,13:36:34,COMPLETED,31670.0,28439.2,5.16,1711.14
834,medium,13,13:27:18,13:30:45,13:37:19,COMPLETED,28461.0,6561.8,207.83,601.08
844,medium,13,13:18:59,13:19:01,13:37:45,COMPLETED,33882.0,18728.4,2.61,1126.09
870,medium,14,13:02:27,13:02:32,13:38:17,COMPLETED,36815.0,35756.2,5.38,2150.57
839,easy,12,13:30:21,13:37:25,13:38:36,COMPLETED,25586.0,1187.6,424.63,495.59
836,easy,12,13:31:14,13:38:23,13:38:49,COMPLETED,23623.0,428.0,429.90,455.28
822,medium,14,13:08:15,13:08:20,13:39:33,COMPLETED,30849.0,31216.6,5.80,1878.59
803,easy,11,13:31:36,13:38:55,13:39:46,COMPLETED,33956.0,849.3,439.62,490.28
505,medium,14,11:53:28,11:53:34,13:40:05,COMPLETED,40724.0,106524.6,6.02,6397.35
866,easy,12,13:31:23,13:38:42,13:40:05,COMPLETED,25094.0,1379.9,439.93,522.35
838,easy,11,13:31:44,13:39:52,13:40:11,COMPLETED,32569.0,325.5,488.61,507.76
845,medium,13,13:32:24,13:40:11,13:40:30,COMPLETED,27756.0,323.0,467.76,486.84
824,easy,12,13:34:13,13:40:37,13:41:15,COMPLETED,29085.0,638.3,384.17,422.16
688,medium,13,12:53:35,12:54:51,13:41:27,COMPLETED,36191.0,46615.6,76.08,2872.85
799,easy,11,13:35:13,13:41:34,13:41:40,COMPLETED,25526.0,111.6,381.18,387.54
875,easy,12,13:31:43,13:39:39,13:42:31,COMPLETED,29883.0,2859.1,476.92,648.15
801,medium,13,13:27:31,13:31:11,13:42:37,COMPLETED,37264.0,11443.7,220.19,906.52
760,medium,14,13:00:20,13:00:44,13:43:54,COMPLETED,31070.0,43161.7,24.66,2614.08
765,medium,14,13:24:56,13:25:01,13:44:39,COMPLETED,31909.0,19645.8,5.08,1183.43
894,medium,13,13:34:03,13:40:18,13:44:39,COMPLETED,29854.0,4363.0,375.17,636.43
819,medium,14,13:29:58,13:35:48,13:45:18,COMPLETED,30202.0,9493.6,350.81,920.11
878,easy,11,13:37:29,13:45:24,13:45:43,COMPLETED,28952.0,330.0,475.51,494.94
770,hard,15,13:15:48,13:15:51,13:46:09,COMPLETED,31597.0,30319.5,3.10,1821.91
868,medium,13,13:35:33,13:41:46,13:46:42,COMPLETED,30295.0,4929.9,373.90,669.43
857,easy,12,13:37:55,13:46:16,13:47:01,COMPLETED,35723.0,763.9,501.52,546.85
764,medium,13,13:37:50,13:45:50,13:47:40,COMPLETED,30219.0,1846.5,480.34,590.62
787,medium,14,13:33:26,13:40:11,13:49:04,COMPLETED,24679.0,8882.1,405.76,938.31
852,easy,12,13:39:05,13:49:10,13:49:49,COMPLETED,27201.0,651.0,605.85,644.54
873,easy,12,13:36:14,13:42:37,13:51:18,COMPLETED,35453.0,8687.0,383.52,904.45
752,medium,14,13:38:22,13:47:47,13:51:31,COMPLETED,33039.0,3739.2,565.19,789.22
865,easy,11,13:39:46,13:51:37,13:51:43,COMPLETED,24693.0,112.5,711.59,717.97
690,hard,15,12:20:22,12:20:23,13:51:50,COMPLETED,27809.0,91447.8,1.70,5488.36
851,easy,11,13:39:41,13:51:24,13:51:56,COMPLETED,28437.0,538.2,703.82,735.76
832,easy,11,13:40:59,13:51:56,13:52:15,COMPLETED,23935.0,323.8,657.76,676.89
883,easy,11,13:41:03,13:52:03,13:52:15,COMPLETED,18657.0,217.6,660.15,672.89
862,medium,14,13:35:02,13:41:21,13:52:22,COMPLETED,30126.0,11017.7,379.49,1040.22
637,hard,15,12:40:20,12:41:35,13:52:34,COMPLETED,32382.0,70992.2,75.55,4334.97
821,easy,11,13:41:13,13:52:22,13:52:34,COMPLETED,21237.0,217.5,669.22,681.97
850,easy,11,13:41:25,13:52:28,13:52:41,COMPLETED,28308.0,217.5,663.62,676.31
805,easy,11,13:41:36,13:52:41,13:52:54,COMPLETED,33812.0,217.4,665.31,678.06
864,easy,12,13:40:33,13:51:50,13:53:06,COMPLETED,23831.0,1278.1,677.36,753.76
781,easy,11,13:43:10,13:53:00,13:53:13,COMPLETED,25563.0,217.6,590.39,603.09
729,hard,15,12:05:47,12:05:51,13:53:19,COMPLETED,29435.0,107461.1,4.98,6452.47
804,easy,12,13:43:03,13:52:47,13:54:10,COMPLETED,30003.0,1377.9,584.71,667.08
813,easy,12,13:43:39,13:53:25,13:54:22,COMPLETED,27337.0,956.7,586.86,643.77
831,easy,12,13:43:18,13:53:13,13:54:29,COMPLETED,28339.0,1280.1,595.09,671.31
833,medium,14,13:36:44,13:44:46,13:54:42,COMPLETED,32618.0,9950.9,482.03,1078.56
886,easy,11,13:44:02,13:54:29,13:54:49,COMPLETED,24348.0,342.1,627.31,647.22
763,easy,12,13:45:17,13:54:49,13:56:45,COMPLETED,23581.0,1947.2,572.22,688.56
777,easy,11,13:45:50,13:56:52,13:56:58,COMPLETED,24475.0,114.7,662.11,668.47
754,medium,13,13:46:11,13:57:05,13:59:46,COMPLETED,30543.0,2701.0,654.03,815.79
827,medium,13,13:38:13,13:46:48,14:00:43,COMPLETED,27782.0,13925.9,515.75,1351.00
798,easy,11,13:47:25,14:00:50,14:01:03,COMPLETED,25110.0,219.1,805.39,818.18
835,easy,11,13:47:29,14:01:09,14:01:22,COMPLETED,29539.0,219.1,820.57,833.36
750,hard,15,13:28:55,13:31:36,14:01:41,COMPLETED,29285.0,30086.1,161.64,1966.53
792,easy,11,13:47:42,14:01:28,14:01:54,COMPLETED,29652.0,430.5,826.75,852.28
854,easy,12,13:48:37,14:02:00,14:02:13,COMPLETED,23581.0,216.0,803.61,816.27
783,medium,14,13:17:53,13:17:58,14:02:19,COMPLETED,38201.0,44361.5,5.20,2666.60
547,hard,15,11:45:57,11:45:57,14:02:45,COMPLETED,33566.0,136796.6,0.39,8208.08
882,easy,11,13:49:23,14:02:51,14:03:04,COMPLETED,31557.0,216.1,808.41,821.07
861,medium,14,13:48:03,14:01:47,14:04:19,COMPLETED,30616.0,2538.1,824.91,976.89
856,easy,11,13:50:41,14:04:26,14:04:57,COMPLETED,33948.0,531.9,825.24,856.85
848,medium,13,13:46:58,13:59:53,14:06:52,COMPLETED,31673.0,6987.6,775.11,1194.03
820,medium,13,13:50:44,14:05:04,14:07:11,COMPLETED,26935.0,2121.3,860.18,987.10
755,easy,11,13:51:38,14:06:58,14:07:11,COMPLETED,24298.0,217.6,920.42,933.10
896,easy,11,13:52:12,14:07:17,14:07:30,COMPLETED,23539.0,216.9,905.50,918.22
884,medium,14,13:36:38,13:44:00,14:08:53,COMPLETED,28374.0,24886.0,442.63,1935.38
795,hard,15,13:08:42,13:08:46,14:09:45,COMPLETED,29323.0,60992.0,4.12,3663.40
898,easy,11,13:54:07,14:09:51,14:09:58,COMPLETED,31055.0,111.3,944.91,951.29
767,medium,14,13:43:25,13:53:19,14:10:17,COMPLETED,27026.0,16968.8,594.47,1612.33
780,easy,11,13:55:28,14:10:23,14:10:36,COMPLETED,28843.0,216.6,895.67,908.35
676,hard,15,12:26:28,12:30:07,14:11:26,COMPLETED,28434.0,101319.7,219.95,6298.98
829,hard,15,13:25:33,13:25:33,14:11:26,COMPLETED,29250.0,45897.5,0.32,2753.98
576,hard,15,11:29:26,11:29:27,14:12:11,COMPLETED,28423.0,162734.8,1.43,9765.43
853,easy,12,13:57:09,14:12:17,14:13:21,COMPLETED,31174.0,1062.2,908.78,972.20
751,easy,12,13:58:29,14:13:27,14:14:30,COMPLETED,23074.0,1060.5,898.53,961.86
877,hard,15,13:24:18,13:24:22,14:14:49,COMPLETED,32072.0,50466.5,4.05,3031.86
895,medium,13,13:54:44,14:10:04,14:17:09,COMPLETED,33586.0,7083.5,920.62,1345.35
860,medium,14,13:49:16,14:02:19,14:17:41,COMPLETED,32960.0,15365.6,783.60,1705.19
785,easy,12,13:59:14,14:17:15,14:17:47,COMPLETED,29333.0,538.2,1081.68,1113.63
855,easy,11,13:59:41,14:17:54,14:18:00,COMPLETED,29365.0,111.0,1093.00,1099.36
918,easy,11,14:01:27,14:18:06,14:18:13,COMPLETED,27529.0,111.0,999.69,1006.05
654,hard,15,12:55:32,12:56:51,14:18:44,COMPLETED,33450.0,81887.2,79.59,4992.68
823,easy,11,13:59:40,14:17:47,14:19:41,COMPLETED,25155.0,1906.7,1087.63,1201.73
812,medium,13,13:55:40,14:10:42,14:20:26,COMPLETED,34685.0,9726.3,902.69,1486.00
1038,easy,11,14:03:31,14:20:32,14:20:44,COMPLETED,24705.0,216.5,1021.32,1033.99
914,easy,12,14:03:31,14:20:51,14:21:16,COMPLETED,28777.0,428.9,1040.34,1065.75
927,easy,12,14:03:39,14:21:23,14:23:12,COMPLETED,27541.0,1826.0,1064.10,1173.37
769,medium,14,13:42:52,13:52:41,14:24:55,COMPLETED,35761.0,32232.2,589.31,2523.05
979,easy,11,14:03:47,14:25:01,14:25:20,COMPLETED,26800.0,321.5,1274.38,1293.37
786,hard,15,13:30:25,13:37:51,14:25:39,COMPLETED,37424.0,47802.5,446.41,3314.37
943,medium,13,14:03:42,14:23:18,14:25:39,COMPLETED,35340.0,2349.7,1176.69,1317.37
925,easy,12,14:04:15,14:25:45,14:26:36,COMPLETED,30172.0,848.7,1290.70,1341.33
1017,easy,12,14:05:15,14:26:42,14:27:26,COMPLETED,26826.0,743.4,1287.65,1331.95
910,easy,11,14:05:17,14:27:33,14:27:58,COMPLETED,31830.0,428.4,1336.28,1361.65
830,hard,15,13:23:28,13:23:30,14:31:23,COMPLETED,28848.0,67881.9,2.38,4075.13
1012,easy,12,14:05:47,14:31:29,14:32:34,COMPLETED,25447.0,1086.9,1542.53,1607.25
793,hard,15,13:23:39,13:23:43,14:33:19,COMPLETED,29893.0,69613.1,4.08,4180.60
1045,easy,11,14:06:44,14:33:26,14:33:39,COMPLETED,23234.0,221.4,1602.14,1615.11
900,easy,12,14:07:22,14:33:45,14:34:43,COMPLETED,26175.0,978.9,1583.45,1641.90
876,medium,14,13:54:00,14:07:36,14:35:54,COMPLETED,31312.0,28304.3,816.55,2514.56
950,medium,13,14:07:39,14:34:50,14:36:19,COMPLETED,29977.0,1499.4,1631.22,1720.89
968,easy,11,14:07:40,14:36:00,14:36:32,COMPLETED,30950.0,534.1,1700.89,1732.61
1040,easy,11,14:07:42,14:36:26,14:36:32,COMPLETED,21740.0,112.4,1724.22,1730.61
37,hard,15,08:54:11,08:54:15,14:36:38,COMPLETED,41383.0,342394.5,4.36,20547.98
297,hard,15,09:57:01,09:57:04,14:37:04,COMPLETED,37251.0,279994.4,3.88,16803.49
909,medium,13,14:08:02,14:36:38,14:37:17,COMPLETED,28233.0,644.0,1716.98,1755.31
1027,easy,12,14:08:29,14:36:45,14:38:14,COMPLETED,28055.0,1490.6,1696.39,1785.51
1014,easy,11,14:10:24,14:38:20,14:38:27,COMPLETED,24392.0,111.9,1676.87,1683.23
913,medium,13,14:10:29,14:38:33,14:39:36,COMPLETED,29055.0,1060.7,1684.60,1747.92
272,hard,15,09:59:04,09:59:05,14:40:59,COMPLETED,37565.0,281909.1,1.05,16915.61
867,hard,15,13:44:09,13:54:35,14:41:12,COMPLETED,35106.0,46618.5,626.97,3423.74
817,hard,15,13:56:41,14:11:33,14:42:04,COMPLETED,30807.0,30525.8,892.39,2723.57
954,easy,12,14:11:18,14:41:19,14:42:17,COMPLETED,23391.0,979.6,1801.30,1859.75
901,medium,14,14:03:52,14:25:26,14:42:30,COMPLETED,33291.0,17073.3,1294.70,2318.72
993,easy,11,14:12:38,14:42:37,14:42:44,COMPLETED,23954.0,119.7,1799.19,1806.02
949,easy,12,14:13:26,14:42:50,14:43:22,COMPLETED,29752.0,542.1,1764.41,1796.45
1019,medium,13,14:11:03,14:41:06,14:43:55,COMPLETED,29609.0,2822.1,1803.15,1972.00
944,easy,12,14:11:39,14:42:11,14:44:08,COMPLETED,24383.0,1958.5,1832.10,1949.15
772,medium,13,13:59:12,14:14:56,14:44:14,COMPLETED,43411.0,29317.2,944.19,2702.68
840,medium,13,13:43:49,13:54:16,14:45:00,COMPLETED,26477.0,50735.0,627.42,3671.18
566,medium,14,11:38:11,11:38:17,14:45:52,COMPLETED,31694.0,187584.7,6.11,11261.14
920,medium,13,14:14:00,14:44:01,14:45:52,COMPLETED,32493.0,1851.8,1801.56,1912.14
1028,hard,15,14:08:49,14:37:10,14:46:05,COMPLETED,25617.0,8916.2,1701.88,2236.43
907,easy,11,14:15:35,14:45:58,14:46:24,COMPLETED,31064.0,440.3,1823.73,1849.84
592,hard,15,11:43:49,11:43:51,14:48:57,COMPLETED,30945.0,185102.8,2.23,11108.32
863,hard,15,13:41:13,13:52:22,14:49:10,COMPLETED,31589.0,56799.0,669.22,4077.00
919,hard,15,14:05:47,14:32:40,14:49:22,COMPLETED,28204.0,16703.4,1613.78,2615.72
941,easy,12,14:16:17,14:49:03,14:49:22,COMPLETED,31931.0,323.5,1966.65,1985.72
1039,medium,14,14:02:59,14:19:48,14:50:32,COMPLETED,35204.0,30740.8,1009.06,2853.27
928,easy,12,14:16:39,14:49:29,14:50:38,COMPLETED,30621.0,1165.2,1970.08,2039.61
998,easy,11,14:18:05,14:50:38,14:50:51,COMPLETED,23380.0,218.3,1953.61,1966.40
934,medium,14,14:15:51,14:46:11,14:52:40,COMPLETED,31526.0,6482.8,1820.97,2209.49
888,hard,15,13:49:19,14:02:26,14:52:53,COMPLETED,30644.0,50460.6,787.05,3814.39
966,easy,11,14:21:52,14:52:59,14:53:19,COMPLETED,24590.0,329.8,1867.91,1887.17
222,hard,15,09:40:17,09:40:21,14:53:38,COMPLETED,32284.0,313286.3,4.49,18801.61
965,easy,11,14:21:58,14:53:25,14:53:45,COMPLETED,19922.0,333.5,1887.74,1907.17
922,medium,14,14:10:47,14:39:43,14:55:22,COMPLETED,27964.0,15655.2,1736.27,2675.18
924,medium,13,14:16:58,14:49:29,14:56:59,COMPLETED,38231.0,7508.6,1951.08,2401.13
1029,medium,13,14:15:36,14:45:58,14:57:18,COMPLETED,32533.0,11340.7,1822.73,2502.84
967,easy,12,14:24:06,14:53:51,14:57:25,COMPLETED,36309.0,3569.6,1785.80,1999.39
908,medium,13,14:24:25,14:55:28,14:58:10,COMPLETED,29957.0,2694.9,1863.73,2025.14
978,easy,12,14:25:55,14:57:25,14:58:16,COMPLETED,30034.0,857.0,1890.39,1941.47
995,medium,13,14:09:33,14:37:23,14:58:48,COMPLETED,38803.0,21411.4,1670.71,2955.15
921,easy,12,14:26:19,14:58:16,14:59:19,COMPLETED,27508.0,1063.2,1917.47,1980.95
917,medium,14,14:05:12,14:25:45,14:59:51,COMPLETED,30844.0,34105.2,1233.70,3279.80
1049,easy,12,14:29:04,14:58:54,15:00:23,COMPLETED,28438.0,1487.8,1790.51,1879.48
902,easy,11,14:29:56,14:59:58,15:00:23,COMPLETED,21630.0,427.1,1802.18,1827.48
761,hard,15,13:58:50,14:14:37,15:00:29,COMPLETED,20431.0,45882.2,947.18,3699.82
1043,medium,14,14:19:51,14:50:57,15:00:36,COMPLETED,26128.0,9646.8,1866.74,2445.24
957,easy,12,14:25:59,14:57:32,15:00:36,COMPLETED,27563.0,3075.6,1893.04,2077.24
994,easy,11,14:32:18,15:00:42,15:01:08,COMPLETED,35305.0,428.8,1704.62,1730.05
916,medium,13,14:29:31,14:59:26,15:01:20,COMPLETED,30493.0,1914.5,1795.30,1909.83
1047,easy,12,14:31:59,15:00:42,15:01:27,COMPLETED,26857.0,750.0,1723.62,1768.22
996,easy,11,14:33:07,15:01:27,15:01:40,COMPLETED,29332.0,219.1,1700.22,1713.02
930,easy,12,14:30:56,15:00:29,15:01:46,COMPLETED,28719.0,1281.9,1773.82,1850.41
946,easy,12,14:31:08,15:00:29,15:01:46,COMPLETED,22487.0,1281.5,1761.82,1838.41
936,easy,12,14:33:07,15:01:14,15:01:46,COMPLETED,21479.0,539.2,1687.42,1719.41
961,easy,12,14:35:10,15:01:46,15:02:05,COMPLETED,24216.0,324.1,1596.41,1615.52
952,easy,11,14:35:54,15:01:52,15:02:11,COMPLETED,25474.0,323.5,1558.80,1577.90
1001,medium,14,14:15:56,14:46:31,15:02:18,COMPLETED,31390.0,15789.8,1835.19,2782.30
981,easy,12,14:33:27,15:01:33,15:02:31,COMPLETED,30627.0,962.2,1686.66,1744.11
828,hard,15,13:03:01,13:03:04,15:02:37,COMPLETED,35325.0,119549.4,3.65,7176.44
1033,easy,12,14:31:41,15:00:36,15:02:56,COMPLETED,30150.0,2344.7,1735.24,1875.62
911,easy,12,14:36:07,15:02:11,15:03:02,COMPLETED,29401.0,857.3,1564.90,1615.99
1005,easy,11,14:36:37,15:02:43,15:03:02,COMPLETED,28148.0,325.3,1566.87,1585.99
959,easy,11,14:37:10,15:03:02,15:03:09,COMPLETED,27890.0,119.0,1552.99,1559.44
1035,easy,11,14:37:56,15:03:09,15:03:22,COMPLETED,29969.0,229.1,1513.44,1526.77
977,easy,12,14:36:34,15:02:37,15:03:29,COMPLETED,26507.0,874.3,1563.44,1615.32
1037,easy,11,14:38:44,15:03:29,15:03:42,COMPLETED,24292.0,230.0,1485.32,1498.60
758,hard,15,13:38:21,13:47:08,15:04:02,COMPLETED,38404.0,76898.2,527.41,5141.13
948,easy,11,14:38:30,15:03:16,15:04:02,COMPLETED,27270.0,770.8,1486.18,1532.13
945,medium,13,14:37:41,15:03:09,15:04:34,COMPLETED,22479.0,1423.7,1528.44,1613.57
1032,easy,11,14:39:22,15:04:08,15:05:00,COMPLETED,29342.0,867.4,1486.47,1538.22
1034,easy,12,14:39:09,15:03:49,15:05:06,COMPLETED,28780.0,1299.3,1480.18,1557.55
723,hard,15,12:33:43,12:36:32,15:05:51,COMPLETED,36352.0,149334.7,169.07,9128.99
1024,medium,13,14:39:27,15:04:08,15:06:50,COMPLETED,35677.0,2703.6,1481.47,1643.27
1003,easy,11,14:40:25,15:06:56,15:07:09,COMPLETED,32860.0,216.8,1591.86,1604.52
879,hard,15,13:11:20,13:11:23,15:08:58,COMPLETED,32483.0,117587.9,3.67,7058.73
931,medium,14,14:20:13,14:52:47,15:09:05,COMPLETED,29112.0,16309.0,1954.02,2932.25
776,hard,15,13:04:50,13:04:52,15:09:30,COMPLETED,28364.0,124644.5,2.08,7480.65
806,hard,15,13:57:09,14:11:33,15:10:53,COMPLETED,31159.0,59331.0,864.39,4424.13
990,easy,11,14:41:23,15:10:59,15:11:12,COMPLETED,20272.0,217.2,1776.48,1789.21
987,medium,13,14:39:28,15:05:06,15:12:09,COMPLETED,29939.0,7049.8,1538.55,1961.28
935,easy,12,14:41:50,15:11:18,15:12:09,COMPLETED,28589.0,851.1,1768.53,1819.28
999,easy,11,14:41:53,15:12:15,15:12:22,COMPLETED,25534.0,112.6,1822.62,1829.05
970,easy,11,14:42:32,15:12:15,15:12:22,COMPLETED,25399.0,112.3,1783.62,1790.05
906,easy,12,14:43:42,15:12:28,15:12:41,COMPLETED,28001.0,217.0,1726.42,1739.20
985,medium,13,14:40:59,15:09:11,15:13:00,COMPLETED,32432.0,3815.9,1692.66,1921.32
983,easy,12,14:44:36,15:12:47,15:13:00,COMPLETED,26313.0,218.5,1691.52,1704.32
989,easy,11,14:45:18,15:13:06,15:13:13,COMPLETED,20135.0,110.9,1668.66,1675.05
912,easy,12,14:45:28,15:13:19,15:13:51,COMPLETED,25110.0,532.5,1671.38,1703.02
1036,easy,11,14:45:38,15:13:57,15:14:23,COMPLETED,24888.0,436.4,1699.35,1725.00
614,hard,15,12:06:49,12:06:50,15:15:01,COMPLETED,36759.0,188196.9,1.18,11292.89
1018,hard,15,14:12:28,14:42:24,15:15:40,COMPLETED,29680.0,33268.2,1796.11,3792.01
991,medium,13,14:41:04,15:09:36,15:15:59,COMPLETED,29350.0,6373.3,1712.97,2095.07
1009,medium,13,14:39:40,15:05:13,15:17:08,COMPLETED,41620.0,11928.7,1533.22,2248.67
1004,easy,12,14:46:04,15:15:46,15:17:15,COMPLETED,21497.0,1485.7,1782.34,1871.02
972,easy,11,14:46:32,15:17:15,15:17:34,COMPLETED,23118.0,331.6,1843.02,1862.43
932,medium,14,14:40:35,15:07:15,15:17:53,COMPLETED,33970.0,10637.8,1600.89,2238.89
904,medium,14,14:45:58,15:15:08,15:18:58,COMPLETED,31101.0,3847.9,1750.30,1980.70
1000,hard,15,14:16:37,14:49:16,15:21:32,COMPLETED,24744.0,32268.9,1959.34,3895.23
940,hard,15,14:13:27,14:43:28,15:21:38,COMPLETED,33009.0,38164.7,1801.98,4091.62
1021,medium,14,14:07:51,14:36:38,15:21:51,COMPLETED,38129.0,45209.3,1727.98,4440.36
986,easy,11,14:50:03,15:21:57,15:22:04,COMPLETED,25418.0,110.9,1914.69,1921.04
956,easy,11,14:50:12,15:22:10,15:22:16,COMPLETED,21566.0,112.2,1918.37,1924.72
1015,easy,11,14:47:34,15:21:38,15:22:48,COMPLETED,23356.0,1169.6,2044.62,2114.50
971,hard,15,14:39:47,15:05:58,15:23:01,COMPLETED,32416.0,17049.3,1571.48,2594.19
774,hard,15,13:29:27,13:34:24,15:26:05,COMPLETED,30623.0,111691.0,297.07,6998.40
608,hard,15,12:35:39,12:38:29,15:27:27,COMPLETED,40435.0,168974.1,170.21,10308.57
905,medium,14,14:43:42,15:12:28,15:28:24,COMPLETED,30893.0,15938.8,1726.42,2682.51
976,easy,12,14:52:25,15:27:33,15:30:11,COMPLETED,29352.0,2639.1,2108.92,2266.96
1048,easy,11,14:53:58,15:30:18,15:30:30,COMPLETED,23553.0,216.2,2180.30,2192.96
136,hard,15,08:44:02,08:44:02,15:37:31,COMPLETED,35251.0,413480.1,0.55,24809.34
969,medium,14,14:44:59,15:13:06,15:37:37,COMPLETED,31984.0,24523.4,1687.66,3158.73
926,easy,12,14:54:53,15:37:44,15:37:56,COMPLETED,26925.0,217.4,2571.17,2583.91
1010,easy,11,14:54:04,15:37:37,15:38:03,COMPLETED,25159.0,430.8,2613.73,2639.24
1002,medium,14,14:47:08,15:18:00,15:38:41,COMPLETED,36221.0,20699.4,1852.22,3093.76
1030,medium,14,14:14:21,14:44:21,15:42:08,COMPLETED,36432.0,57791.6,1800.37,5267.57
937,easy,12,14:55:56,15:42:15,15:42:34,COMPLETED,29006.0,332.4,2779.11,2798.55
892,hard,15,13:21:42,13:21:46,15:43:26,COMPLETED,30402.0,141660.8,4.86,8504.33
1013,medium,13,14:56:03,15:42:41,15:43:32,COMPLETED,25688.0,873.3,2798.09,2849.88
997,easy,12,14:56:08,15:43:32,15:43:46,COMPLETED,20306.0,227.2,2844.88,2858.16
953,easy,12,14:56:52,15:43:39,15:43:52,COMPLETED,29124.0,226.7,2807.55,2820.57
947,easy,12,14:47:26,15:19:05,15:44:56,COMPLETED,44012.0,25862.5,1899.25,3450.74
939,easy,12,14:54:01,15:30:37,15:45:03,COMPLETED,38947.0,14435.3,2196.29,3062.08
1023,easy,12,14:57:42,15:45:09,15:46:06,COMPLETED,22142.0,953.0,2847.46,2904.33
980,easy,12,14:57:20,15:43:59,15:46:19,COMPLETED,24321.0,2335.6,2799.20,2939.02
228,hard,15,09:37:22,09:37:22,15:46:25,COMPLETED,36918.0,369046.3,0.65,22143.37
964,easy,12,14:58:31,15:46:25,15:46:57,COMPLETED,24732.0,532.9,2874.37,2906.05
1031,easy,12,14:58:41,15:46:31,15:47:09,COMPLETED,33863.0,638.1,2870.75,2908.74
915,medium,13,14:53:57,15:28:30,15:47:53,COMPLETED,34756.0,19390.1,2073.84,3236.98
933,easy,11,14:59:04,15:47:03,15:48:06,COMPLETED,29548.0,1059.7,2879.38,2942.66
1007,hard,15,14:46:53,15:17:40,15:49:16,COMPLETED,36345.0,31590.7,1847.96,3743.15
788,hard,15,13:17:21,13:17:26,15:49:41,COMPLETED,36240.0,152260.3,5.51,9140.97
1166,easy,12,15:01:24,15:49:48,15:50:59,COMPLETED,30264.0,1189.6,2904.50,2975.58
923,medium,13,14:45:54,15:14:29,15:51:57,COMPLETED,30470.0,37477.0,1715.57,3963.97
1080,easy,12,15:01:35,15:51:05,15:51:57,COMPLETED,32276.0,872.9,2970.91,3022.97
569,hard,15,11:08:44,11:08:46,15:54:26,COMPLETED,30857.0,285672.6,2.19,17142.50
984,hard,15,14:51:31,15:22:54,15:54:59,COMPLETED,26430.0,32079.8,1883.83,3808.22
1191,medium,13,15:01:08,15:49:22,15:56:03,COMPLETED,34531.0,6683.1,2894.52,3295.23
1044,medium,14,14:55:51,15:38:48,15:57:12,COMPLETED,34666.0,18411.9,2577.30,3681.76
1185,medium,13,15:00:42,15:48:12,15:58:47,COMPLETED,29278.0,10580.8,2851.00,3485.56
1157,easy,11,15:05:44,15:58:53,15:59:12,COMPLETED,19863.0,321.6,3189.89,3208.88
962,hard,15,14:51:37,15:23:07,16:00:35,COMPLETED,29496.0,37465.3,1890.52,4138.21
897,medium,14,13:53:43,14:07:17,16:00:41,COMPLETED,29363.0,113405.2,814.50,7618.53
1107,easy,12,15:04:56,15:56:09,16:01:14,COMPLETED,42308.0,5083.7,3073.55,3378.09
1099,easy,11,15:05:59,16:00:48,16:01:20,COMPLETED,25798.0,551.0,3289.19,3321.65
1122,easy,11,15:06:04,16:01:20,16:01:33,COMPLETED,26050.0,221.9,3316.65,3329.67
1160,easy,11,15:06:17,16:01:27,16:01:53,COMPLETED,21464.0,438.2,3310.31,3336.11
1188,easy,11,15:07:17,16:01:39,16:01:53,COMPLETED,34334.0,227.2,3263.00,3276.11
1170,medium,13,15:03:22,15:55:05,16:02:19,COMPLETED,35073.0,7231.0,3103.78,3537.19
1117,easy,11,15:07:29,16:01:59,16:03:36,COMPLETED,32889.0,1623.6,3270.67,3367.80
1109,easy,12,15:08:01,16:02:25,16:04:47,COMPLETED,28152.0,2367.6,3264.72,3406.49
1084,medium,13,15:05:49,16:00:41,16:05:06,COMPLETED,31800.0,4430.5,3292.53,3557.90
1133,easy,11,15:09:06,16:04:53,16:05:26,COMPLETED,30112.0,551.7,3347.82,3380.42
1073,easy,11,15:09:33,16:05:13,16:05:26,COMPLETED,28849.0,225.5,3340.43,3353.42
1150,easy,12,15:09:51,16:05:33,16:06:18,COMPLETED,19875.0,765.2,3342.00,3387.63
1059,easy,11,15:10:38,16:06:24,16:06:44,COMPLETED,32023.0,330.1,3346.96,3366.37
238,hard,15,09:47:03,09:47:03,16:06:57,COMPLETED,39164.0,379893.5,0.64,22794.21
1069,easy,11,15:12:05,16:07:03,16:07:10,COMPLETED,24947.0,113.0,3298.61,3305.03
1097,easy,12,15:12:19,16:07:16,16:07:22,COMPLETED,25213.0,112.6,3297.41,3303.82
960,medium,14,14:52:16,15:26:11,16:07:29,COMPLETED,37737.0,41296.2,2035.73,4513.19
1026,medium,14,14:57:27,15:45:03,16:08:32,COMPLETED,27312.0,23501.9,2856.08,4265.91
1016,hard,15,14:36:11,15:02:18,16:08:39,COMPLETED,28163.0,66353.8,1567.30,5548.29
1155,easy,12,15:12:31,16:07:35,16:08:58,COMPLETED,30805.0,1385.7,3304.63,3387.47
1197,easy,11,15:13:47,16:08:45,16:09:04,COMPLETED,28247.0,324.3,3298.70,3317.80
1116,easy,11,15:13:57,16:09:04,16:09:17,COMPLETED,24980.0,218.1,3307.80,3320.54
1187,easy,12,15:14:44,16:09:11,16:10:33,COMPLETED,27871.0,1378.5,3267.19,3349.60
1096,medium,13,15:12:48,16:08:39,16:11:05,COMPLETED,31689.0,2436.8,3351.29,3497.20
1085,medium,13,15:10:12,16:05:33,16:11:11,COMPLETED,37037.0,5647.6,3321.00,3659.53
1071,easy,11,15:16:05,16:11:18,16:11:30,COMPLETED,23207.0,216.4,3313.02,3325.69
938,medium,14,14:58:16,15:46:12,16:12:22,COMPLETED,32678.0,26166.8,2876.66,4446.30
1011,hard,15,14:39:28,15:04:40,16:12:41,COMPLETED,32679.0,68016.8,1512.90,5593.67
1088,easy,12,15:16:52,16:11:37,16:12:41,COMPLETED,30009.0,1084.0,3285.03,3349.67
1100,medium,13,15:02:14,15:52:04,16:13:00,COMPLETED,29158.0,20949.9,2990.31,4246.99
1078,easy,12,15:15:49,16:11:11,16:13:00,COMPLETED,32896.0,1832.9,3322.53,3431.99
1139,easy,12,15:20:00,16:13:07,16:13:27,COMPLETED,29821.0,331.2,3187.57,3207.03
1063,easy,12,15:19:40,16:13:07,16:14:18,COMPLETED,28624.0,1195.5,3207.57,3278.86
1061,medium,13,15:15:36,16:10:39,16:15:17,COMPLETED,34501.0,4623.2,3303.93,3581.04
1154,medium,14,15:07:37,16:01:59,16:16:58,COMPLETED,25929.0,14986.1,3262.67,4161.65
1141,medium,14,15:17:50,16:12:48,16:17:11,COMPLETED,27425.0,4393.1,3298.10,3561.39
1148,easy,12,15:20:56,16:17:05,16:17:17,COMPLETED,28014.0,217.8,3369.00,3381.74
955,hard,15,14:46:14,15:16:05,16:17:30,COMPLETED,27053.0,61420.7,1791.43,5476.47
1095,easy,12,15:21:20,16:17:17,16:18:53,COMPLETED,23758.0,1601.8,3357.74,3453.55
1121,medium,13,15:11:19,16:06:50,16:19:18,COMPLETED,32165.0,12472.7,3331.79,4079.90
1090,medium,13,15:22:58,16:17:36,16:19:44,COMPLETED,27192.0,2130.8,3278.80,3406.30
811,hard,15,13:29:33,13:34:50,16:20:54,COMPLETED,37241.0,166069.5,317.12,10281.20
1068,medium,14,15:22:59,16:18:59,16:21:32,COMPLETED,30078.0,2542.1,3360.88,3513.12
1159,easy,12,15:22:27,16:17:24,16:21:38,COMPLETED,28425.0,4244.9,3297.10,3551.45
1081,medium,13,15:24:09,16:21:00,16:22:03,COMPLETED,27592.0,1060.1,3411.53,3474.82
1162,easy,12,15:25:19,16:21:38,16:23:33,COMPLETED,26924.0,1928.6,3379.45,3494.69
1075,medium,13,15:17:20,16:12:28,16:23:40,COMPLETED,40349.0,11199.6,3308.78,3980.23
1115,hard,15,15:24:07,16:19:25,16:25:56,COMPLETED,36407.0,6520.8,3318.23,3709.01
1066,medium,14,15:20:42,16:15:23,16:31:28,COMPLETED,34350.0,16087.8,3281.37,4246.32
1149,easy,12,15:27:38,16:31:34,16:32:18,COMPLETED,25994.0,743.0,3836.70,3880.97
1104,medium,13,15:19:30,16:12:48,16:33:22,COMPLETED,33424.0,20574.3,3198.10,4432.30
1156,easy,11,15:27:56,16:33:28,16:34:00,COMPLETED,34870.0,533.4,3932.68,3964.33
584,hard,15,11:37:36,11:37:38,16:36:00,COMPLETED,27845.0,298379.5,2.24,17904.96
1074,medium,13,15:27:54,16:32:25,16:36:13,COMPLETED,28903.0,3811.9,3871.31,4099.73
1051,easy,11,15:29:37,16:36:07,16:36:13,COMPLETED,19787.0,112.1,3990.32,3996.73
1083,easy,12,15:28:23,16:34:06,16:36:26,COMPLETED,25368.0,2334.0,3943.71,4083.46
1190,easy,11,15:31:45,16:36:32,16:36:39,COMPLETED,21784.0,111.7,3887.79,3894.15
1093,hard,15,15:05:46,15:59:19,16:36:58,COMPLETED,40993.0,37654.2,3213.21,5472.23
1052,easy,11,15:32:46,16:37:04,16:37:10,COMPLETED,28900.0,111.0,3858.56,3864.91
1006,hard,15,14:55:09,15:38:09,16:40:08,COMPLETED,33634.0,61989.9,2580.61,6299.66
1176,easy,11,15:32:57,16:40:15,16:40:28,COMPLETED,23745.0,227.5,4038.19,4051.31
973,hard,15,14:54:58,15:38:03,16:40:41,COMPLETED,32977.0,62637.1,2585.24,6343.24
1094,hard,15,15:27:09,16:23:40,16:42:49,COMPLETED,29208.0,19154.3,3391.23,4540.23
1198,medium,13,15:32:23,16:36:45,16:43:33,COMPLETED,37072.0,6806.9,3862.51,4270.64
1145,easy,12,15:33:45,16:43:39,16:44:05,COMPLETED,26032.0,426.6,4194.97,4220.26
1123,easy,11,15:33:59,16:44:11,16:44:55,COMPLETED,36582.0,744.0,4212.59,4256.93
1041,hard,15,14:05:39,14:28:05,16:45:02,COMPLETED,24506.0,136957.5,1346.01,9563.26
1181,easy,11,15:34:08,16:45:08,16:45:21,COMPLETED,26733.0,219.0,4260.70,4273.48
1132,medium,14,15:29:52,16:36:20,16:45:27,COMPLETED,30490.0,9135.2,3988.07,4535.87
1020,medium,14,14:57:14,15:43:52,16:45:34,COMPLETED,34579.0,61700.1,2798.57,6500.28
1062,medium,13,15:32:47,16:37:17,16:45:34,COMPLETED,38767.0,8290.8,3870.24,4367.28
1079,easy,11,15:35:06,16:45:27,16:45:40,COMPLETED,31139.0,222.2,4221.87,4234.75
1106,easy,11,15:37:19,16:45:40,16:45:59,COMPLETED,28783.0,323.8,4101.75,4120.92
1086,medium,13,15:35:10,16:45:34,16:47:09,COMPLETED,26629.0,1602.2,4224.28,4319.90
1193,medium,14,15:20:07,16:13:33,16:47:22,COMPLETED,31148.0,33827.6,3206.57,5235.84
1175,easy,12,15:38:11,16:45:47,16:48:08,COMPLETED,24938.0,2357.4,4056.24,4197.22
1060,medium,14,15:00:24,15:47:16,16:48:40,COMPLETED,30023.0,61415.9,2812.06,6496.67
1056,medium,14,15:36:03,16:45:40,16:49:12,COMPLETED,29252.0,3545.0,4177.75,4389.99
1134,easy,12,15:39:46,16:48:47,16:49:26,COMPLETED,30920.0,656.2,4141.24,4180.13
1119,medium,14,15:27:06,16:22:10,16:49:39,COMPLETED,42528.0,27487.7,3304.17,4953.03
1194,easy,11,15:39:57,16:49:32,16:49:58,COMPLETED,23274.0,446.2,4175.67,4201.95
1064,medium,13,15:38:37,16:46:06,16:50:57,COMPLETED,27445.0,4854.1,4049.26,4340.23
1168,hard,15,15:20:20,16:14:25,16:51:16,COMPLETED,31343.0,36858.4,3245.35,5456.46
1158,easy,11,15:40:37,16:51:23,16:51:36,COMPLETED,24542.0,229.4,4246.01,4259.16
1108,easy,12,15:40:31,16:51:03,16:51:55,COMPLETED,27638.0,877.4,4232.56,4284.72
1143,medium,13,15:34:04,16:45:02,16:52:15,COMPLETED,31840.0,7226.3,4258.26,4691.51
1131,medium,13,15:40:41,16:51:42,16:52:21,COMPLETED,31912.0,661.0,4261.82,4300.91
929,hard,15,14:14:01,14:44:14,16:52:28,COMPLETED,35281.0,128235.9,1813.68,9507.54
1186,easy,11,15:40:42,16:52:02,16:52:35,COMPLETED,29542.0,554.0,4280.25,4313.16
1046,hard,15,14:46:45,15:17:21,16:52:41,COMPLETED,32501.0,95337.0,1836.53,7556.54
1055,easy,11,15:41:43,16:52:35,16:52:41,COMPLETED,31310.0,112.1,4252.16,4258.54
1171,easy,12,15:42:02,16:52:47,16:53:01,COMPLETED,31386.0,223.4,4245.92,4259.09
1152,medium,13,15:40:20,16:50:05,16:53:14,COMPLETED,27458.0,3150.3,4185.50,4374.09
1173,medium,14,15:09:03,16:03:43,16:53:20,COMPLETED,40514.0,49629.0,3280.12,6257.59
1195,easy,12,15:41:47,16:52:41,16:53:26,COMPLETED,24718.0,763.1,4254.54,4299.99
1146,easy,12,15:41:22,16:52:28,16:53:33,COMPLETED,30030.0,1085.9,4266.54,4331.36
1136,easy,12,15:43:19,16:53:39,16:53:46,COMPLETED,24356.0,111.6,4220.75,4227.10
1053,easy,11,15:43:40,16:53:52,16:54:17,COMPLETED,28956.0,428.4,4212.47,4237.81
1199,medium,14,15:33:24,16:40:47,16:54:30,COMPLETED,34982.0,13720.6,4043.59,4866.58
1147,medium,13,15:42:08,16:53:07,16:54:36,COMPLETED,27562.0,1497.2,4259.44,4348.92
1102,medium,13,15:42:46,16:53:26,16:54:36,COMPLETED,32305.0,1171.8,4240.99,4310.92
1174,easy,12,15:42:00,16:52:47,16:54:56,COMPLETED,32792.0,2140.1,4247.92,4376.04
988,hard,15,14:22:59,14:53:45,16:55:02,COMPLETED,32792.0,121290.6,1846.17,9123.39
1114,easy,12,15:45:09,16:54:43,16:55:47,COMPLETED,23956.0,1068.1,4174.33,4238.12
1120,medium,13,15:42:26,16:53:20,16:56:31,COMPLETED,26638.0,3186.0,4254.59,4445.48
1077,medium,13,15:40:49,16:52:21,16:59:36,COMPLETED,31092.0,7245.4,4292.91,4727.20
1189,hard,15,15:29:44,16:36:20,16:59:42,COMPLETED,32311.0,23382.5,3996.07,5398.75
1008,hard,15,14:28:09,14:58:22,16:59:55,COMPLETED,38686.0,121547.8,1813.85,9106.47
1129,easy,12,15:46:54,16:59:42,17:00:02,COMPLETED,30120.0,330.9,4368.75,4388.02
1142,easy,12,15:47:34,16:59:49,17:00:15,COMPLETED,26136.0,444.2,4335.11,4361.27
1110,easy,12,15:47:35,17:00:02,17:00:21,COMPLETED,29456.0,338.4,4347.02,4366.82
1042,hard,15,14:40:37,15:09:05,17:00:28,COMPLETED,34539.0,111389.7,1708.25,8391.38
1089,easy,11,15:48:30,17:00:34,17:01:00,COMPLETED,31015.0,437.4,4324.83,4350.58
1112,easy,11,15:49:29,17:01:07,17:01:20,COMPLETED,30320.0,224.4,4298.12,4311.25
375,hard,15,10:42:36,10:42:39,17:01:33,COMPLETED,33786.0,378887.1,3.86,22737.04
1164,easy,12,15:48:23,17:00:21,17:01:33,COMPLETED,25066.0,1195.8,4318.82,4390.04
1144,hard,15,15:33:06,16:40:34,17:01:39,COMPLETED,35289.0,21088.2,4048.88,5313.63
1124,easy,12,15:50:19,17:01:26,17:01:39,COMPLETED,22069.0,228.9,4267.61,4280.63
889,hard,15,13:37:22,13:44:46,17:03:16,COMPLETED,33829.0,198516.7,444.03,12354.91
1126,medium,13,15:50:20,17:01:39,17:03:36,COMPLETED,30639.0,1949.9,4279.63,4396.39
1076,hard,15,15:00:32,15:48:00,17:06:27,COMPLETED,35535.0,78463.6,2848.31,7555.96
982,hard,15,14:18:37,14:50:45,17:06:53,COMPLETED,36023.0,136139.8,1928.04,10096.29
1172,medium,13,15:53:43,17:03:42,17:07:25,COMPLETED,33567.0,3710.4,4199.76,4422.09
1196,easy,12,15:54:38,17:07:31,17:07:50,COMPLETED,31624.0,321.9,4373.42,4392.43
1128,easy,11,15:55:15,17:07:56,17:08:15,COMPLETED,28127.0,323.6,4361.76,4380.82
1103,medium,14,15:43:06,16:53:33,17:09:06,COMPLETED,25422.0,15559.8,4227.36,5160.72
1082,medium,13,15:56:11,17:08:22,17:09:06,COMPLETED,28201.0,747.3,4331.20,4375.72
975,hard,15,14:48:53,15:21:45,17:09:25,COMPLETED,32245.0,107684.5,1972.01,8432.76
1098,medium,13,15:53:52,17:06:59,17:09:25,COMPLETED,33638.0,2446.0,4387.63,4533.76
1153,easy,12,15:59:07,17:09:32,17:10:05,COMPLETED,24984.0,553.4,4225.44,4258.18
1050,medium,14,15:46:34,16:55:53,17:11:03,COMPLETED,38239.0,15167.5,4159.46,5069.08
1065,easy,11,15:59:41,17:11:09,17:11:29,COMPLETED,20743.0,335.4,4288.64,4308.25
1192,easy,12,15:58:47,17:09:32,17:11:42,COMPLETED,29428.0,2170.9,4245.44,4375.40
1151,medium,13,15:59:39,17:10:11,17:14:23,COMPLETED,29475.0,4206.2,4232.78,4484.68
1113,easy,11,15:59:58,17:14:30,17:14:56,COMPLETED,31515.0,441.4,4472.21,4498.40
1118,medium,14,15:59:42,17:11:35,17:15:09,COMPLETED,29883.0,3563.5,4313.81,4527.33
1281,easy,12,16:00:43,17:15:15,17:15:28,COMPLETED,23386.0,220.0,4472.66,4485.56
1054,medium,14,15:39:21,16:47:29,17:17:48,COMPLETED,30909.0,30314.4,4088.38,5907.04
1169,hard,15,15:50:33,17:01:46,17:18:07,COMPLETED,34096.0,16349.7,4273.39,5254.04
951,hard,15,14:36:12,15:02:24,17:18:13,COMPLETED,32380.0,135816.4,1572.67,9721.46
1058,hard,15,15:01:44,15:52:04,17:18:26,COMPLETED,24613.0,86368.5,3020.31,8202.24
1163,medium,13,15:53:46,17:06:34,17:18:26,COMPLETED,26036.0,11871.2,4368.29,5080.24
1302,medium,13,16:01:12,17:15:34,17:18:26,COMPLETED,24819.0,2861.8,4462.88,4634.24
1271,easy,11,16:04:53,17:18:19,17:18:26,COMPLETED,21859.0,112.9,4406.84,4413.24
1309,easy,11,16:04:08,17:18:13,17:18:58,COMPLETED,29078.0,750.7,4445.46,4490.17
1318,easy,12,16:05:15,17:18:32,17:19:04,COMPLETED,27496.0,537.4,4397.64,4429.56
1255,easy,11,16:05:59,17:19:10,17:19:23,COMPLETED,29418.0,216.1,4391.93,4404.59
1276,easy,11,16:06:02,17:19:29,17:19:55,COMPLETED,22948.0,427.5,4407.92,4433.20
1341,easy,12,16:01:17,17:17:54,17:20:14,COMPLETED,30534.0,2336.0,4597.38,4737.26
1092,medium,13,15:53:22,17:01:46,17:20:20,COMPLETED,27065.0,18574.2,4104.39,5218.60
942,hard,15,14:38:55,15:03:35,17:20:58,COMPLETED,35290.0,137382.4,1480.96,9723.77
1252,medium,13,16:07:43,17:20:27,17:21:05,COMPLETED,19278.0,640.1,4364.02,4402.10
1201,easy,12,16:08:20,17:21:11,17:21:17,COMPLETED,28358.0,110.9,4371.46,4377.82
1346,easy,11,16:08:20,17:21:05,17:21:30,COMPLETED,27417.0,428.4,4365.10,4390.50
1125,hard,15,15:26:06,16:21:44,17:23:25,COMPLETED,32840.0,61689.5,3338.84,7039.93
1331,easy,12,16:10:28,17:23:32,17:23:45,COMPLETED,23987.0,220.6,4384.48,4397.40
992,hard,15,14:15:12,14:45:06,17:23:51,COMPLETED,32021.0,158755.6,1794.72,11319.75
1135,medium,14,15:12:25,16:07:29,17:24:11,COMPLETED,26439.0,76708.4,3304.19,7906.44
1325,easy,12,16:11:47,17:24:17,17:24:50,COMPLETED,28006.0,540.4,4350.99,4383.12
1259,easy,12,16:11:55,17:24:56,17:25:34,COMPLETED,29046.0,638.1,4381.45,4419.43
1272,medium,13,16:08:59,17:21:36,17:25:47,COMPLETED,31170.0,4176.0,4357.83,4608.11
1327,easy,11,16:12:04,17:25:53,17:25:59,COMPLETED,25712.0,111.1,4429.43,4435.80
1301,easy,12,16:12:00,17:25:40,17:26:12,COMPLETED,31905.0,533.8,4420.76,4452.49
1322,easy,12,16:12:05,17:26:06,17:26:44,COMPLETED,30096.0,643.4,4441.12,4479.21
1234,medium,14,16:07:14,17:20:20,17:27:09,COMPLETED,26615.0,6826.9,4386.60,4795.93
1211,easy,11,16:12:52,17:27:16,17:27:28,COMPLETED,29485.0,216.2,4464.26,4476.93
1244,easy,11,16:12:56,17:27:35,17:27:47,COMPLETED,21893.0,216.6,4479.26,4491.94
1241,easy,11,16:12:58,17:27:54,17:28:07,COMPLETED,24162.0,217.6,4496.28,4509.03
1274,easy,12,16:12:24,17:26:18,17:29:16,COMPLETED,30436.0,2967.1,4434.82,4612.55
1072,medium,14,15:44:25,16:54:24,17:29:54,COMPLETED,30708.0,35509.5,4199.20,6329.58
1323,easy,11,16:14:25,17:30:00,17:30:07,COMPLETED,26000.0,112.2,4535.91,4542.26
1178,medium,13,15:48:06,17:00:08,17:30:39,COMPLETED,38336.0,30509.3,4322.67,6153.01
1289,medium,13,16:14:19,17:29:22,17:30:45,COMPLETED,27405.0,1380.0,4503.88,4586.34
1223,easy,11,16:16:44,17:30:51,17:30:58,COMPLETED,28706.0,111.3,4447.72,4454.09
1270,medium,13,16:12:43,17:26:50,17:31:55,COMPLETED,25289.0,5080.6,4447.78,4752.28
1184,medium,14,15:56:42,17:09:13,17:32:01,COMPLETED,33197.0,22814.5,4351.06,5719.67
1233,medium,13,16:10:34,17:23:51,17:32:27,COMPLETED,31109.0,8604.1,4397.75,4913.56
1329,easy,11,16:18:16,17:32:08,17:32:40,COMPLETED,30562.0,544.8,4432.06,4464.46
1229,medium,13,16:18:20,17:32:34,17:34:36,COMPLETED,29266.0,2053.2,4454.10,4576.75
1312,medium,13,16:16:07,17:30:45,17:34:49,COMPLETED,29819.0,4084.8,4478.34,4722.94
1243,easy,12,16:18:42,17:34:56,17:35:15,COMPLETED,31664.0,327.6,4574.50,4593.87
1290,medium,14,16:05:24,17:18:32,17:36:33,COMPLETED,37785.0,18018.2,4388.64,5469.51
1242,easy,11,16:21:16,17:36:39,17:36:52,COMPLETED,22583.0,224.1,4523.85,4536.99
1305,easy,12,16:18:41,17:34:43,17:37:12,COMPLETED,32805.0,2488.9,4562.34,4711.18
1282,easy,12,16:21:33,17:36:59,17:37:12,COMPLETED,25870.0,223.4,4526.32,4539.18
1263,easy,11,16:22:23,17:37:18,17:37:31,COMPLETED,23844.0,219.1,4495.76,4508.64
1315,easy,12,16:21:35,17:37:18,17:38:10,COMPLETED,27165.0,864.7,4543.76,4595.33
1091,medium,14,15:05:01,15:57:19,17:38:29,COMPLETED,38524.0,101173.1,3138.10,9208.34
1257,easy,12,16:22:47,17:38:16,17:38:35,COMPLETED,27374.0,322.3,4529.67,4548.67
1285,easy,11,16:25:08,17:38:42,17:38:54,COMPLETED,24942.0,216.4,4414.04,4426.73
1277,easy,12,16:22:42,17:37:37,17:39:26,COMPLETED,32584.0,1811.2,4495.96,4604.34
1200,easy,12,16:25:36,17:39:32,17:40:10,COMPLETED,26333.0,640.8,4436.68,4474.78
1238,easy,11,16:27:04,17:40:17,17:41:01,COMPLETED,31123.0,744.5,4393.15,4437.51
1295,easy,12,16:27:17,17:41:07,17:41:26,COMPLETED,25922.0,321.3,4430.84,4449.81
1344,medium,14,16:11:08,17:23:58,17:41:33,COMPLETED,33526.0,17584.2,4370.40,5425.15
1311,easy,11,16:27:20,17:41:33,17:41:52,COMPLETED,33174.0,324.6,4453.15,4472.27
1222,easy,12,16:28:10,17:41:39,17:42:11,COMPLETED,25398.0,535.0,4409.52,4441.32
1247,easy,11,16:28:32,17:42:17,17:42:36,COMPLETED,23526.0,321.7,4425.65,4444.65
1314,medium,14,16:05:28,17:18:32,17:42:49,COMPLETED,38896.0,24283.1,4384.64,5841.38
849,hard,15,13:54:06,14:08:59,17:42:55,COMPLETED,32860.0,213933.9,893.94,13729.80
1179,hard,15,15:27:19,16:23:46,17:43:14,COMPLETED,33283.0,79471.3,3387.87,8155.98
1304,medium,13,16:29:31,17:42:42,17:44:05,COMPLETED,26323.0,1388.1,4391.97,4474.96
1249,easy,12,16:31:11,17:44:12,17:44:25,COMPLETED,26720.0,217.3,4381.30,4394.02
1137,hard,15,15:33:31,16:42:55,17:45:28,COMPLETED,31229.0,62548.5,4164.56,7917.31
1317,easy,12,16:30:53,17:43:21,17:45:41,COMPLETED,27892.0,2332.2,4348.36,4488.00
1161,hard,15,15:46:21,16:55:02,17:46:31,COMPLETED,35694.0,51489.0,4121.39,7210.54
1130,medium,14,15:46:34,16:56:37,17:47:03,COMPLETED,36807.0,50426.1,4203.81,7229.19
1339,medium,13,16:31:54,17:45:34,17:47:03,COMPLETED,30651.0,1480.9,4420.64,4509.19
1210,hard,15,16:16:58,17:31:04,17:47:09,COMPLETED,30559.0,16091.5,4446.42,5411.52
1240,easy,11,16:33:36,17:47:09,17:47:16,COMPLETED,24124.0,113.4,4413.52,4420.01
721,hard,15,12:40:37,12:42:19,17:48:00,COMPLETED,33494.0,305673.7,102.96,18443.31
1239,medium,13,16:29:36,17:42:55,17:48:19,COMPLETED,28490.0,5399.1,4399.80,4723.45
1303,easy,12,16:33:07,17:47:09,17:49:10,COMPLETED,29562.0,2030.6,4442.52,4563.90
1284,medium,13,16:31:47,17:44:31,17:50:09,COMPLETED,27051.0,5638.0,4364.37,4702.31
1111,hard,15,15:59:53,17:11:48,17:50:41,COMPLETED,31738.0,38886.0,4315.74,6648.57
1310,medium,14,16:31:57,17:45:47,17:51:01,COMPLETED,33584.0,5234.0,4430.33,4744.06
1254,medium,14,16:32:18,17:46:37,17:51:01,COMPLETED,31723.0,4392.0,4459.87,4723.06
1258,easy,12,16:34:39,17:50:15,17:51:07,COMPLETED,29547.0,869.2,4536.72,4588.46
139,hard,15,08:44:41,08:44:46,17:51:33,COMPLETED,31640.0,546788.5,5.11,32812.40
1230,medium,13,16:35:52,17:51:39,17:52:11,COMPLETED,28425.0,535.5,4547.80,4579.62
1265,medium,13,16:34:42,17:50:48,17:52:24,COMPLETED,26369.0,1608.3,4566.11,4662.31
1291,medium,14,16:34:06,17:47:22,17:52:49,COMPLETED,28038.0,5461.4,4396.41,4723.78
1232,medium,14,16:24:30,17:38:35,17:53:08,COMPLETED,35100.0,14558.8,4445.67,5318.91
135,hard,15,08:52:01,08:52:05,17:53:46,COMPLETED,41142.0,541685.8,4.85,32505.99
1226,medium,14,16:25:20,17:39:01,17:53:59,COMPLETED,32623.0,14982.4,4421.05,5319.72
1216,medium,14,16:29:57,17:43:02,17:53:59,COMPLETED,33532.0,10963.5,4385.21,5042.72
1308,easy,11,16:37:45,17:53:53,17:54:12,COMPLETED,29435.0,324.6,4568.32,4587.49
1267,easy,11,16:38:12,17:54:18,17:55:09,COMPLETED,28039.0,849.6,4566.83,4617.50
1070,medium,14,15:46:33,16:55:08,17:55:15,COMPLETED,28531.0,60120.0,4115.84,7722.83
1204,easy,12,16:38:50,17:55:15,17:55:28,COMPLETED,26053.0,217.1,4585.83,4598.56
1296,easy,12,16:36:56,17:52:30,17:55:41,COMPLETED,29137.0,3181.0,4534.66,4725.24
1287,easy,11,16:39:14,17:55:34,17:55:41,COMPLETED,23264.0,111.2,4580.89,4587.24
1264,easy,11,16:40:00,17:55:47,17:56:00,COMPLETED,29177.0,217.4,4547.58,4560.31
1348,easy,12,16:37:39,17:53:15,17:56:38,COMPLETED,33235.0,3391.8,4536.29,4739.34
1250,easy,12,16:40:02,17:56:06,17:56:38,COMPLETED,24119.0,536.4,4564.69,4596.34
1220,medium,14,16:37:45,17:54:06,17:58:09,COMPLETED,31477.0,4060.2,4581.11,4824.39
1334,easy,12,16:41:06,17:56:44,17:58:28,COMPLETED,26494.0,1732.5,4538.91,4642.65
1335,medium,13,16:37:20,17:52:56,17:58:47,COMPLETED,31466.0,5869.0,4536.16,4887.84
1165,medium,14,15:50:19,17:01:39,17:59:20,COMPLETED,29270.0,57684.0,4280.63,7741.39
1337,medium,14,16:34:59,17:51:07,17:59:26,COMPLETED,32196.0,8333.6,4568.46,5067.94
1340,medium,14,16:40:38,17:56:44,17:59:33,COMPLETED,36017.0,2821.8,4566.91,4735.65
1206,easy,12,16:42:13,17:59:26,17:59:33,COMPLETED,23635.0,122.2,4633.94,4640.65
266,hard,15,09:30:00,09:30:02,18:00:00,UNFINISHED,-1,-1,-1
378,hard,15,10:50:45,10:50:48,18:00:00,UNFINISHED,-1,-1,-1
559,hard,15,11:08:44,11:08:46,18:00:00,UNFINISHED,-1,-1,-1
469,hard,15,11:20:09,11:20:12,18:00:00,UNFINISHED,-1,-1,-1
543,hard,15,11:22:28,11:22:31,18:00:00,UNFINISHED,-1,-1,-1
507,hard,15,11:37:19,11:37:25,18:00:00,UNFINISHED,-1,-1,-1
472,hard,15,11:52:54,11:52:55,18:00:00,UNFINISHED,-1,-1,-1
570,hard,15,11:59:55,12:00:01,18:00:00,UNFINISHED,-1,-1,-1
618,hard,15,12:02:34,12:02:39,18:00:00,UNFINISHED,-1,-1,-1
771,hard,15,13:02:56,13:02:58,18:00:00,UNFINISHED,-1,-1,-1
841,hard,15,13:08:56,13:08:58,18:00:00,UNFINISHED,-1,-1,-1
807,hard,15,13:27:00,13:28:26,18:00:00,UNFINISHED,-1,-1,-1
846,hard,15,13:27:17,13:30:33,18:00:00,UNFINISHED,-1,-1,-1
753,hard,15,13:30:16,13:36:40,18:00:00,UNFINISHED,-1,-1,-1
893,medium,14,13:36:23,13:42:43,18:00:00,UNFINISHED,-1,-1,-1
871,hard,15,13:39:22,13:49:55,18:00:00,UNFINISHED,-1,-1,-1
789,hard,15,13:45:24,13:54:55,18:00:00,UNFINISHED,-1,-1,-1
890,hard,15,13:50:20,14:03:10,18:00:00,UNFINISHED,-1,-1,-1
1022,hard,15,14:01:35,14:18:19,18:00:00,UNFINISHED,-1,-1,-1
903,medium,14,14:02:58,14:18:51,18:00:00,UNFINISHED,-1,-1,-1
974,hard,15,14:24:55,14:57:05,18:00:00,UNFINISHED,-1,-1,-1
958,hard,15,14:35:29,15:01:52,18:00:00,UNFINISHED,-1,-1,-1
1025,hard,15,14:35:33,15:01:52,18:00:00,UNFINISHED,-1,-1,-1
963,hard,15,14:51:16,15:22:23,18:00:00,UNFINISHED,-1,-1,-1
1067,hard,15,15:03:12,15:54:33,18:00:00,UNFINISHED,-1,-1,-1
1182,hard,15,15:14:48,16:09:23,18:00:00,UNFINISHED,-1,-1,-1
1180,hard,15,15:24:09,16:19:50,18:00:00,UNFINISHED,-1,-1,-1
1177,hard,15,15:27:31,16:26:02,18:00:00,UNFINISHED,-1,-1,-1
1140,hard,15,15:39:10,16:47:16,18:00:00,UNFINISHED,-1,-1,-1
1138,hard,15,15:39:32,16:48:14,18:00:00,UNFINISHED,-1,-1,-1
1105,hard,15,15:39:48,16:49:19,18:00:00,UNFINISHED,-1,-1,-1
1057,hard,15,15:40:17,16:49:45,18:00:00,UNFINISHED,-1,-1,-1
1183,hard,15,15:44:59,16:54:36,18:00:00,UNFINISHED,-1,-1,-1
1101,hard,15,15:45:10,16:54:43,18:00:00,UNFINISHED,-1,-1,-1
1167,hard,15,15:48:25,17:00:28,18:00:00,UNFINISHED,-1,-1,-1
1087,hard,15,15:53:27,17:03:23,18:00:00,UNFINISHED,-1,-1,-1
1127,hard,15,15:56:32,17:09:13,18:00:00,UNFINISHED,-1,-1,-1
1212,hard,15,16:00:17,17:15:02,18:00:00,UNFINISHED,-1,-1,-1
1217,medium,14,16:05:40,17:18:32,18:00:00,UNFINISHED,-1,-1,-1
1275,hard,15,16:05:48,17:19:04,18:00:00,UNFINISHED,-1,-1,-1
1280,hard,15,16:06:31,17:20:01,18:00:00,UNFINISHED,-1,-1,-1
1307,medium,14,16:08:49,17:21:24,18:00:00,UNFINISHED,-1,-1,-1
1215,hard,15,16:13:46,17:28:13,18:00:00,UNFINISHED,-1,-1,-1
1319,hard,15,16:15:39,17:30:13,18:00:00,UNFINISHED,-1,-1,-1
1260,hard,15,16:18:02,17:32:01,18:00:00,UNFINISHED,-1,-1,-1
1209,medium,14,16:18:27,17:32:46,18:00:00,UNFINISHED,-1,-1,-1
1245,hard,15,16:20:08,17:35:22,18:00:00,UNFINISHED,-1,-1,-1
1214,hard,15,16:28:20,17:41:58,18:00:00,UNFINISHED,-1,-1,-1
1293,medium,14,16:33:58,17:47:16,18:00:00,UNFINISHED,-1,-1,-1
1227,medium,14,16:34:06,17:48:06,18:00:00,UNFINISHED,-1,-1,-1
1218,hard,15,16:34:14,17:48:25,18:00:00,UNFINISHED,-1,-1,-1
1207,medium,14,16:34:14,17:49:17,18:00:00,UNFINISHED,-1,-1,-1
1213,medium,14,16:34:44,17:51:07,18:00:00,UNFINISHED,-1,-1,-1
1316,medium,14,16:35:12,17:51:13,18:00:00,UNFINISHED,-1,-1,-1
1345,medium,13,16:36:31,17:52:17,18:00:00,UNFINISHED,-1,-1,-1
1208,hard,15,16:38:11,17:54:06,18:00:00,UNFINISHED,-1,-1,-1
1228,medium,13,16:39:09,17:55:22,18:00:00,UNFINISHED,-1,-1,-1
1246,hard,15,16:39:23,17:55:47,18:00:00,UNFINISHED,-1,-1,-1
1236,medium,13,16:41:22,17:58:15,18:00:00,UNFINISHED,-1,-1,-1
1225,easy,12,16:41:35,17:58:34,18:00:00,UNFINISHED,-1,-1,-1
1338,medium,14,16:42:12,17:58:54,18:00:00,UNFINISHED,-1,-1,-1
1261,medium,14,16:42:31,17:59:33,18:00:00,UNFINISHED,-1,-1,-1
1299,medium,14,16:42:35,17:59:40,18:00:00,UNFINISHED,-1,-1,-1
1203,medium,13,16:42:36,17:59:40,18:00:00,UNFINISHED,-1,-1,-1
1237,medium,14,16:42:52,-,-,IGNORED,-1,-1
1286,hard,15,16:43:34,-,-,IGNORED,-1,-1
1332,easy,12,16:43:47,-,-,IGNORED,-1,-1
1300,easy,11,16:44:34,-,-,IGNORED,-1,-1
1324,easy,11,16:45:04,-,-,IGNORED,-1,-1
1279,easy,11,16:45:10,-,-,IGNORED,-1,-1
1342,easy,11,16:45:18,-,-,IGNORED,-1,-1
1268,medium,14,16:45:20,-,-,IGNORED,-1,-1
1294,easy,11,16:46:30,-,-,IGNORED,-1,-1
1202,hard,15,16:46:51,-,-,IGNORED,-1,-1
1235,easy,12,16:47:06,-,-,IGNORED,-1,-1
1278,easy,12,16:47:16,-,-,IGNORED,-1,-1
1283,hard,15,16:47:46,-,-,IGNORED,-1,-1
1326,hard,15,16:47:49,-,-,IGNORED,-1,-1
1313,medium,14,16:48:28,-,-,IGNORED,-1,-1
1306,easy,11,16:48:37,-,-,IGNORED,-1,-1
1298,easy,12,16:48:46,-,-,IGNORED,-1,-1
1253,medium,14,16:49:15,-,-,IGNORED,-1,-1
1320,easy,12,16:49:32,-,-,IGNORED,-1,-1
1297,easy,12,16:49:33,-,-,IGNORED,-1,-1
1321,easy,12,16:49:57,-,-,IGNORED,-1,-1
1269,medium,13,16:50:18,-,-,IGNORED,-1,-1
1347,easy,12,16:51:33,-,-,IGNORED,-1,-1
1336,medium,13,16:51:39,-,-,IGNORED,-1,-1
1224,medium,13,16:51:44,-,-,IGNORED,-1,-1
1349,medium,14,16:52:42,-,-,IGNORED,-1,-1
1248,easy,11,16:53:10,-,-,IGNORED,-1,-1
1266,easy,12,16:53:48,-,-,IGNORED,-1,-1
1256,easy,11,16:53:55,-,-,IGNORED,-1,-1
1288,easy,12,16:54:02,-,-,IGNORED,-1,-1
1328,easy,11,16:55:10,-,-,IGNORED,-1,-1
1333,medium,13,16:55:14,-,-,IGNORED,-1,-1
1262,easy,12,16:55:39,-,-,IGNORED,-1,-1
1251,medium,13,16:55:39,-,-,IGNORED,-1,-1
1205,medium,13,16:56:54,-,-,IGNORED,-1,-1
1330,hard,15,16:57:04,-,-,IGNORED,-1,-1
1292,easy,12,16:57:19,-,-,IGNORED,-1,-1
1231,easy,12,16:57:47,-,-,IGNORED,-1,-1
1343,easy,11,16:58:36,-,-,IGNORED,-1,-1
1219,medium,14,16:59:25,-,-,IGNORED,-1,-1
1221,medium,13,16:59:51,-,-,IGNORED,-1,-1
1273,medium,14,16:59:52,-,-,IGNORED,-1,-1
