task_id,difficulty,n,arrival_sim,start_sim,end_sim,status,cost,real_duration_sec,waiting_time_mili_sec,time_in_system_mili_sec
15,easy,11,08:01:00,08:01:00,08:01:31,COMPLETED,35222.0,505.8,0.82,31.13
152,medium,14,08:00:30,08:00:30,08:01:55,COMPLETED,32471.0,1422.8,0.11,85.36
109,medium,13,08:00:54,08:00:54,08:02:01,COMPLETED,27358.0,1114.7,0.73,67.59
99,easy,11,08:01:54,08:01:55,08:02:56,COMPLETED,35989.0,1019.1,1.36,62.36
83,easy,12,08:02:14,08:02:19,08:03:08,COMPLETED,31803.0,815.8,5.78,54.70
77,medium,13,08:02:36,08:02:38,08:03:51,COMPLETED,30321.0,1220.5,2.07,75.24
86,easy,11,08:03:45,08:03:45,08:03:51,COMPLETED,27402.0,103.8,0.12,6.24
72,medium,13,08:02:52,08:02:56,08:04:21,COMPLETED,24945.0,1422.2,4.36,89.64
100,medium,13,08:00:46,08:00:48,08:05:22,COMPLETED,30851.0,4562.0,2.66,276.36
60,medium,13,08:05:30,08:05:34,08:06:35,COMPLETED,32415.0,1019.9,4.48,65.61
110,medium,13,08:00:35,08:00:36,08:07:12,COMPLETED,31011.0,6594.4,1.53,397.17
163,easy,12,08:08:16,08:08:18,08:08:31,COMPLETED,23531.0,204.7,2.95,15.18
94,medium,13,08:02:04,08:02:07,08:09:01,COMPLETED,33244.0,6899.7,3.64,417.61
144,easy,12,08:08:21,08:08:25,08:09:19,COMPLETED,23318.0,913.5,4.07,58.82
149,medium,13,08:05:31,08:05:34,08:09:50,COMPLETED,33783.0,4261.0,3.48,259.21
23,easy,11,08:09:53,08:09:56,08:10:02,COMPLETED,32082.0,104.2,3.29,9.44
106,medium,14,08:07:44,08:07:48,08:10:08,COMPLETED,26930.0,2333.7,4.60,144.58
128,medium,14,08:06:25,08:06:29,08:10:20,COMPLETED,29511.0,3854.4,4.51,235.73
46,easy,12,08:09:23,08:09:25,08:10:20,COMPLETED,30798.0,915.0,2.91,57.73
155,medium,14,08:05:54,08:05:58,08:10:32,COMPLETED,27496.0,4566.1,4.94,278.90
47,medium,13,08:09:55,08:09:56,08:11:15,COMPLETED,26520.0,1318.1,1.29,80.38
48,easy,12,08:10:36,08:10:38,08:11:15,COMPLETED,28968.0,607.9,2.97,39.38
104,medium,14,08:10:00,08:10:02,08:11:33,COMPLETED,29450.0,1519.3,2.44,93.57
151,easy,11,08:12:26,08:12:28,08:12:34,COMPLETED,24990.0,104.3,2.17,8.36
45,medium,13,08:02:58,08:03:02,08:13:04,COMPLETED,36127.0,10038.3,4.59,606.86
54,easy,11,08:13:49,08:13:53,08:13:59,COMPLETED,28021.0,104.2,4.48,10.66
17,easy,12,08:12:49,08:12:52,08:14:17,COMPLETED,25283.0,1422.1,3.62,88.91
140,easy,12,08:14:50,08:14:54,08:15:30,COMPLETED,28310.0,612.5,4.31,40.88
126,easy,11,08:15:44,08:15:49,08:15:55,COMPLETED,22682.0,104.5,5.26,11.36
89,easy,11,08:18:47,08:18:51,08:19:10,COMPLETED,27938.0,305.8,4.82,23.07
84,easy,11,08:19:17,08:19:22,08:19:28,COMPLETED,33083.0,103.1,5.27,11.39
79,easy,11,08:19:51,08:19:52,08:19:58,COMPLETED,20383.0,103.1,1.70,7.82
142,easy,11,08:20:04,08:20:04,08:20:29,COMPLETED,32045.0,406.9,0.91,25.25
132,medium,14,08:15:52,08:15:55,08:22:19,COMPLETED,29237.0,6400.2,3.36,387.26
36,medium,14,08:15:28,08:15:30,08:22:37,COMPLETED,31100.0,7115.5,2.88,429.77
119,medium,13,08:20:52,08:20:53,08:23:02,COMPLETED,22953.0,2143.5,1.66,130.20
148,easy,11,08:22:57,08:23:02,08:23:08,COMPLETED,25743.0,104.3,5.20,11.36
75,medium,13,08:22:18,08:22:19,08:23:26,COMPLETED,26494.0,1124.5,1.26,68.68
71,easy,12,08:23:31,08:23:32,08:24:09,COMPLETED,27749.0,615.3,1.80,38.66
159,easy,11,08:24:21,08:24:21,08:24:52,COMPLETED,39962.0,511.8,0.90,31.50
53,medium,13,08:24:00,08:24:03,08:25:10,COMPLETED,33021.0,1124.8,3.50,70.89
68,medium,14,08:20:37,08:20:41,08:26:54,COMPLETED,31102.0,6225.0,4.42,377.90
91,medium,14,08:21:49,08:21:54,08:27:25,COMPLETED,31833.0,5514.4,5.82,336.57
115,easy,12,08:26:02,08:26:05,08:27:31,COMPLETED,19434.0,1432.7,3.92,89.75
113,easy,11,08:27:23,08:27:25,08:27:37,COMPLETED,21044.0,207.7,2.57,14.92
74,medium,13,08:21:15,08:21:18,08:27:56,COMPLETED,41251.0,6638.4,3.13,401.33
76,easy,12,08:28:10,08:28:14,08:28:45,COMPLETED,26803.0,513.5,4.75,35.41
127,medium,14,08:17:12,08:17:14,08:29:41,COMPLETED,36889.0,12454.6,2.56,749.76
62,medium,14,08:23:38,08:23:38,08:30:06,COMPLETED,31577.0,6466.9,0.98,388.87
107,easy,12,08:29:50,08:29:54,08:30:06,COMPLETED,29540.0,212.9,4.33,16.87
41,easy,12,08:29:31,08:29:35,08:30:25,COMPLETED,31145.0,835.3,4.45,54.47
5,hard,15,08:06:01,08:06:05,08:31:02,COMPLETED,31529.0,24957.9,4.12,1501.58
14,medium,13,08:30:09,08:30:13,08:31:51,COMPLETED,32294.0,1644.3,4.14,102.68
81,easy,12,08:33:04,08:33:05,08:34:00,COMPLETED,28793.0,924.6,1.11,56.38
167,easy,11,08:34:15,08:34:18,08:34:25,COMPLETED,21796.0,106.0,3.89,10.07
96,easy,12,08:34:21,08:34:25,08:34:43,COMPLETED,32018.0,310.9,4.07,22.60
158,easy,11,08:34:46,08:34:49,08:35:08,COMPLETED,25388.0,309.9,3.75,22.21
32,easy,11,08:35:51,08:35:51,08:36:09,COMPLETED,21287.0,311.3,0.34,18.83
103,hard,15,08:08:36,08:08:37,08:36:34,COMPLETED,30339.0,27957.9,1.26,1678.72
143,easy,11,08:36:42,08:36:47,08:37:30,COMPLETED,30575.0,729.1,5.01,48.55
120,easy,12,08:35:24,08:35:26,08:37:36,COMPLETED,37706.0,2172.6,2.64,132.79
9,medium,14,08:34:35,08:34:37,08:37:49,COMPLETED,24553.0,3201.5,2.41,194.30
51,hard,15,08:00:40,08:00:42,08:38:26,COMPLETED,30307.0,37737.4,2.59,2266.82
31,easy,12,08:37:56,08:38:01,08:38:26,COMPLETED,27416.0,419.3,5.80,30.82
13,easy,11,08:38:44,08:38:45,08:39:10,COMPLETED,30566.0,425.0,1.34,26.63
137,medium,14,08:33:58,08:34:00,08:39:16,COMPLETED,25988.0,5277.9,2.38,318.90
38,medium,14,08:29:47,08:29:48,08:39:48,COMPLETED,30253.0,10003.4,1.02,601.13
30,easy,11,08:39:50,08:39:54,08:40:12,COMPLETED,31154.0,311.1,4.29,22.79
139,medium,13,08:38:05,08:38:08,08:40:18,COMPLETED,22316.0,2183.7,3.14,133.98
129,easy,11,08:39:34,08:39:35,08:40:25,COMPLETED,26121.0,833.6,1.55,51.24
33,easy,11,08:40:20,08:40:25,08:40:37,COMPLETED,29318.0,215.8,5.24,17.98
124,easy,11,08:40:53,08:40:56,08:41:03,COMPLETED,24546.0,109.4,3.81,10.16
70,medium,13,08:24:59,08:25:04,08:41:28,COMPLETED,25499.0,16388.8,5.74,989.00
78,easy,12,08:40:48,08:40:50,08:41:52,COMPLETED,30896.0,1044.4,2.47,64.92
42,easy,11,08:42:23,08:42:24,08:42:55,COMPLETED,27477.0,526.4,1.30,32.81
153,easy,12,08:42:12,08:42:17,08:43:08,COMPLETED,29739.0,841.9,5.88,56.28
61,easy,12,08:43:01,08:43:02,08:43:26,COMPLETED,23943.0,420.3,1.01,25.95
145,easy,11,08:43:22,08:43:26,08:43:33,COMPLETED,24439.0,108.9,4.95,11.27
39,easy,11,08:43:26,08:43:26,08:43:39,COMPLETED,28312.0,211.2,0.95,13.52
82,easy,12,08:42:44,08:42:49,08:43:45,COMPLETED,21791.0,938.4,5.56,61.71
55,easy,12,08:43:30,08:43:33,08:44:35,COMPLETED,36227.0,1034.0,3.27,65.15
168,easy,11,08:45:23,08:45:24,08:45:30,COMPLETED,26987.0,106.8,1.71,7.97
141,hard,15,08:27:06,08:27:07,08:45:37,COMPLETED,32344.0,18502.5,1.15,1111.18
102,easy,11,08:45:23,08:45:24,08:45:43,COMPLETED,29438.0,316.3,1.71,20.45
16,easy,12,08:45:34,08:45:37,08:46:14,COMPLETED,35590.0,630.5,3.18,40.75
162,easy,12,08:46:01,08:46:02,08:46:14,COMPLETED,23639.0,214.4,1.19,13.75
69,easy,11,08:46:04,08:46:08,08:46:21,COMPLETED,26663.0,214.1,4.45,17.09
57,easy,12,08:45:39,08:45:43,08:46:39,COMPLETED,34812.0,942.7,4.45,60.75
1,easy,11,08:45:47,08:45:49,08:46:52,COMPLETED,35148.0,1046.6,2.73,65.32
67,hard,15,08:25:56,08:25:59,08:46:58,COMPLETED,30642.0,20981.5,3.76,1262.58
108,medium,13,08:41:39,08:41:40,08:46:58,COMPLETED,29172.0,5304.7,1.31,319.58
52,medium,13,08:36:08,08:36:09,08:47:04,COMPLETED,26192.0,10918.7,1.83,656.84
88,easy,12,08:46:36,08:46:39,08:47:04,COMPLETED,29776.0,421.5,3.75,28.84
138,medium,13,08:41:36,08:41:40,08:47:11,COMPLETED,29051.0,5514.3,4.31,335.08
19,medium,14,08:33:17,08:33:17,08:47:17,COMPLETED,30619.0,14000.5,0.42,840.35
40,medium,14,08:40:28,08:40:31,08:47:42,COMPLETED,29455.0,7177.0,3.63,434.15
26,medium,13,08:46:12,08:46:14,08:48:00,COMPLETED,26675.0,1769.1,2.75,108.75
44,medium,13,08:47:22,08:47:23,08:48:00,COMPLETED,15610.0,622.6,1.57,38.75
117,easy,12,08:47:46,08:47:48,08:48:06,COMPLETED,28979.0,314.7,2.34,20.95
101,medium,14,08:41:35,08:41:40,08:48:13,COMPLETED,25128.0,6554.0,5.31,398.26
90,easy,12,08:47:10,08:47:11,08:48:26,COMPLETED,33388.0,1251.6,1.08,76.03
123,easy,11,08:48:38,08:48:38,08:49:09,COMPLETED,24245.0,524.7,0.60,31.87
12,easy,11,08:48:59,08:49:03,08:49:09,COMPLETED,22259.0,107.8,4.64,10.87
92,easy,11,08:49:11,08:49:16,08:49:22,COMPLETED,26845.0,106.4,5.14,11.35
116,easy,12,08:49:39,08:49:40,08:49:53,COMPLETED,29494.0,213.2,1.90,14.43
114,hard,15,08:29:09,08:29:10,08:50:05,COMPLETED,23200.0,20926.4,1.44,1256.94
131,easy,12,08:49:49,08:49:53,08:50:24,COMPLETED,20992.0,523.3,4.43,35.59
133,medium,13,08:49:09,08:49:09,08:50:30,COMPLETED,30104.0,1351.7,0.87,81.86
161,easy,12,08:49:43,08:49:47,08:50:49,COMPLETED,31935.0,1044.9,4.16,66.45
43,easy,11,08:51:04,08:51:08,08:51:20,COMPLETED,23582.0,212.9,4.38,16.88
59,medium,14,08:22:22,08:22:25,08:51:58,COMPLETED,26925.0,29556.4,3.48,1776.73
25,easy,12,08:43:24,08:43:26,08:53:14,COMPLETED,32539.0,9799.3,2.95,590.75
136,easy,11,08:53:04,08:53:08,08:53:14,COMPLETED,20541.0,115.6,4.16,10.75
150,easy,11,08:53:27,08:53:27,08:53:33,COMPLETED,30852.0,113.3,0.36,6.84
154,easy,11,08:53:27,08:53:27,08:53:40,COMPLETED,26018.0,218.3,0.36,13.22
121,easy,12,08:50:47,08:50:49,08:53:52,COMPLETED,31132.0,3061.6,2.45,185.94
118,medium,14,08:44:45,08:44:47,08:54:24,COMPLETED,30679.0,9611.9,2.51,579.11
56,medium,14,08:51:22,08:51:27,08:54:42,COMPLETED,25785.0,3261.0,5.20,200.71
11,hard,15,08:23:28,08:23:32,08:54:48,COMPLETED,30867.0,31270.3,4.80,1880.92
10,medium,14,08:42:18,08:42:24,08:54:55,COMPLETED,39808.0,12516.1,6.30,757.18
35,medium,13,08:38:55,08:38:58,08:55:38,COMPLETED,38400.0,16675.0,3.04,1003.46
63,easy,12,08:56:06,08:56:09,08:56:15,COMPLETED,27828.0,106.9,3.40,9.63
65,medium,14,08:53:06,08:53:08,08:56:28,COMPLETED,35695.0,3332.1,2.16,202.03
146,medium,13,08:52:15,08:52:17,08:56:34,COMPLETED,29628.0,4277.4,2.77,259.22
7,easy,11,08:56:41,08:56:46,08:56:59,COMPLETED,20926.0,209.8,5.65,18.08
157,medium,13,08:50:19,08:50:24,08:57:42,COMPLETED,29227.0,7301.7,5.59,443.56
166,easy,12,08:57:26,08:57:30,08:57:54,COMPLETED,27699.0,418.1,4.07,29.00
87,easy,12,08:57:24,08:57:30,08:58:07,COMPLETED,26684.0,625.1,6.07,43.40
66,easy,12,08:57:46,08:57:48,08:58:13,COMPLETED,28324.0,417.5,2.77,27.60
111,easy,12,08:54:47,08:54:48,08:58:19,COMPLETED,28867.0,3518.1,1.92,212.85
122,easy,11,08:58:34,08:58:38,08:58:50,COMPLETED,28150.0,213.2,4.39,16.81
169,medium,14,08:20:36,08:20:41,08:58:57,COMPLETED,31170.0,38264.1,5.42,2301.23
20,hard,15,08:42:33,08:42:37,08:59:03,COMPLETED,37079.0,16440.5,4.08,990.42
112,medium,14,08:29:21,08:29:22,08:59:41,COMPLETED,27325.0,30304.8,1.94,1820.02
97,medium,14,08:38:50,08:38:51,08:59:53,COMPLETED,30714.0,21039.4,1.70,1263.83
317,easy,11,09:00:35,09:00:37,09:00:44,COMPLETED,27369.0,109.4,2.82,9.22
297,easy,12,09:00:51,09:00:56,09:01:22,COMPLETED,27842.0,434.5,5.71,31.36
329,easy,12,09:01:08,09:01:09,09:01:35,COMPLETED,24490.0,432.6,1.43,27.17
27,medium,14,08:46:39,08:46:39,09:02:44,COMPLETED,29618.0,16079.0,0.75,965.39
105,medium,14,08:51:28,08:51:33,09:03:09,COMPLETED,33593.0,11605.4,5.59,701.74
172,medium,13,09:01:31,09:01:35,09:03:41,COMPLETED,34822.0,2107.0,4.17,130.18
135,medium,13,08:59:37,08:59:41,09:03:47,COMPLETED,31523.0,4114.6,4.02,250.66
213,easy,11,09:03:36,09:03:41,09:03:53,COMPLETED,28049.0,216.3,5.18,17.99
191,easy,11,09:03:47,09:03:47,09:04:31,COMPLETED,25808.0,741.5,0.66,44.89
24,hard,15,08:27:50,08:27:50,09:04:44,COMPLETED,32186.0,36910.9,0.17,2214.73
50,hard,15,08:22:18,08:22:19,09:05:03,COMPLETED,37654.0,42741.6,1.26,2565.69
309,easy,11,09:05:16,09:05:16,09:05:41,COMPLETED,23909.0,420.8,0.28,25.33
184,easy,12,09:03:46,09:03:47,09:06:06,COMPLETED,33720.0,2313.4,1.66,140.26
288,easy,12,09:06:03,09:06:06,09:06:43,COMPLETED,28873.0,629.5,3.26,40.82
2,medium,14,08:27:52,08:27:56,09:06:50,COMPLETED,36961.0,38896.9,4.33,2338.06
318,easy,12,09:04:38,09:04:38,09:07:08,COMPLETED,29310.0,2514.1,0.27,150.89
188,medium,13,09:05:20,09:05:22,09:07:15,COMPLETED,33546.0,1880.9,2.53,115.20
311,easy,12,09:06:37,09:06:37,09:07:15,COMPLETED,28589.0,631.3,0.53,38.20
200,easy,11,09:07:05,09:07:08,09:07:15,COMPLETED,28642.0,109.2,3.89,10.20
223,easy,12,09:07:21,09:07:21,09:07:40,COMPLETED,27410.0,316.1,0.45,19.21
243,medium,13,09:06:54,09:06:56,09:07:52,COMPLETED,26916.0,942.0,2.35,58.66
272,medium,13,09:04:02,09:04:06,09:07:58,COMPLETED,35220.0,3877.6,4.41,236.89
298,easy,11,09:08:13,09:08:17,09:08:42,COMPLETED,32366.0,419.1,4.53,29.48
95,hard,15,08:04:52,08:04:58,09:08:48,COMPLETED,33310.0,63844.9,6.01,3836.70
0,hard,15,08:57:07,08:57:11,09:08:48,COMPLETED,35160.0,11623.3,4.45,701.70
256,medium,14,09:05:04,09:05:10,09:09:07,COMPLETED,28964.0,3959.4,6.03,243.43
335,easy,12,09:08:58,09:09:01,09:09:07,COMPLETED,24005.0,108.2,3.14,9.43
174,medium,14,09:03:45,09:03:47,09:09:32,COMPLETED,27835.0,5746.5,2.66,347.24
93,medium,14,08:59:13,08:59:15,09:09:38,COMPLETED,33042.0,10380.8,2.77,625.51
179,easy,11,09:09:46,09:09:50,09:09:57,COMPLETED,22538.0,109.0,4.96,11.32
224,easy,12,09:09:27,09:09:32,09:10:16,COMPLETED,28402.0,734.1,5.24,49.09
321,medium,14,09:02:32,09:02:37,09:10:28,COMPLETED,31843.0,7851.2,5.86,476.55
273,easy,12,09:09:40,09:09:44,09:11:38,COMPLETED,24569.0,1904.6,4.72,118.70
314,medium,13,09:05:52,09:05:53,09:12:23,COMPLETED,30835.0,6492.6,1.77,391.06
206,medium,13,09:10:09,09:10:09,09:12:23,COMPLETED,27546.0,2226.6,0.77,134.06
308,medium,13,09:12:09,09:12:10,09:12:35,COMPLETED,27388.0,434.2,1.15,26.85
241,medium,13,09:09:48,09:09:50,09:13:01,COMPLETED,35110.0,3181.6,2.96,193.38
319,medium,13,09:10:03,09:10:03,09:13:01,COMPLETED,31414.0,2974.2,0.53,178.38
320,medium,13,09:11:18,09:11:19,09:13:26,COMPLETED,22658.0,2125.3,1.65,128.98
134,medium,14,08:51:34,08:51:39,09:13:58,COMPLETED,32054.0,22313.3,6.00,1344.64
313,medium,13,09:13:01,09:13:01,09:13:58,COMPLETED,24995.0,960.2,0.38,57.64
182,easy,12,09:13:08,09:13:08,09:14:17,COMPLETED,32739.0,1166.9,0.11,69.90
323,medium,13,09:13:59,09:14:05,09:14:49,COMPLETED,27225.0,743.1,6.09,50.39
225,easy,11,09:14:52,09:14:55,09:15:20,COMPLETED,30913.0,422.9,3.71,28.86
73,medium,14,08:58:49,08:58:50,09:16:17,COMPLETED,32977.0,17453.6,1.81,1048.91
220,easy,11,09:15:29,09:15:33,09:16:30,COMPLETED,36873.0,955.8,4.33,61.39
289,easy,11,09:17:16,09:17:20,09:17:32,COMPLETED,21633.0,212.2,4.43,16.93
249,easy,12,09:17:33,09:17:39,09:17:45,COMPLETED,24642.0,110.6,6.18,12.55
280,easy,11,09:17:41,09:17:45,09:17:58,COMPLETED,24507.0,214.9,4.55,17.10
180,medium,13,09:13:51,09:13:52,09:18:17,COMPLETED,27862.0,4418.1,1.19,266.09
170,easy,12,09:17:54,09:17:58,09:18:55,COMPLETED,31117.0,952.8,4.10,61.00
326,medium,14,09:10:53,09:10:54,09:19:20,COMPLETED,30010.0,8440.3,1.08,507.33
244,easy,12,09:18:47,09:18:48,09:19:20,COMPLETED,26938.0,532.6,1.65,33.33
201,easy,11,09:19:04,09:19:07,09:19:20,COMPLETED,24123.0,216.0,3.66,16.33
237,easy,12,09:18:52,09:18:55,09:19:32,COMPLETED,27108.0,637.4,3.00,40.92
242,hard,15,09:06:48,09:06:50,09:19:45,COMPLETED,33753.0,12927.4,2.06,777.55
232,hard,15,09:07:01,09:07:02,09:19:45,COMPLETED,25862.0,12718.3,1.62,764.55
189,medium,13,09:18:22,09:18:23,09:20:16,COMPLETED,31971.0,1896.7,1.36,114.93
235,medium,13,09:14:46,09:14:49,09:20:29,COMPLETED,35204.0,5671.6,3.39,343.46
252,easy,12,09:19:30,09:19:32,09:20:35,COMPLETED,29109.0,1052.3,2.92,65.78
245,easy,12,09:18:38,09:18:42,09:20:42,COMPLETED,30442.0,2000.5,4.30,124.10
304,easy,12,09:20:28,09:20:29,09:21:00,COMPLETED,27629.0,528.3,1.46,32.87
177,easy,11,09:20:30,09:20:35,09:21:00,COMPLETED,24388.0,423.3,5.78,30.87
312,easy,11,09:21:45,09:21:45,09:21:51,COMPLETED,31839.0,114.3,0.05,6.53
49,medium,14,08:19:05,08:19:10,09:23:01,COMPLETED,22735.0,63857.0,5.07,3836.43
34,medium,14,08:49:06,08:49:09,09:23:14,COMPLETED,29869.0,34072.5,3.87,2048.14
233,medium,13,09:10:28,09:10:28,09:23:33,COMPLETED,25584.0,13081.3,0.55,785.16
287,medium,14,09:00:15,09:00:18,09:23:39,COMPLETED,33341.0,23348.9,3.96,1404.60
183,medium,13,09:20:08,09:20:10,09:23:58,COMPLETED,36070.0,3809.4,2.64,230.86
160,hard,15,08:48:27,08:48:32,09:25:02,COMPLETED,31591.0,36503.4,5.21,2195.29
228,easy,12,09:24:13,09:24:17,09:25:08,COMPLETED,23917.0,851.9,4.95,55.71
310,medium,14,09:18:06,09:18:10,09:25:28,COMPLETED,22150.0,7295.2,4.73,442.12
165,hard,15,08:59:49,08:59:53,09:25:40,COMPLETED,33129.0,25788.4,4.83,1551.88
205,easy,11,09:25:15,09:25:15,09:25:47,COMPLETED,32955.0,542.0,0.10,32.39
269,easy,11,09:25:36,09:25:40,09:25:47,COMPLETED,28702.0,114.7,4.88,11.39
259,medium,14,09:10:05,09:10:09,09:26:00,COMPLETED,31731.0,15845.2,4.77,955.27
268,hard,15,09:01:14,09:01:15,09:26:50,COMPLETED,34225.0,25584.9,1.87,1536.76
332,hard,15,09:11:57,09:11:57,09:26:50,COMPLETED,30129.0,14892.3,0.52,893.76
196,hard,15,09:17:52,09:17:58,09:26:50,COMPLETED,23876.0,8884.3,6.10,538.76
231,easy,12,09:26:42,09:26:44,09:27:03,COMPLETED,25204.0,329.6,2.30,21.60
98,medium,14,08:58:11,08:58:13,09:27:10,COMPLETED,27208.0,28944.8,2.60,1739.13
282,easy,12,09:26:58,09:27:03,09:27:16,COMPLETED,23998.0,219.3,5.60,18.51
215,easy,11,09:28:04,09:28:06,09:28:12,COMPLETED,29880.0,107.9,2.61,8.90
208,easy,12,09:25:52,09:25:53,09:28:31,COMPLETED,31526.0,2638.0,1.80,159.87
339,easy,11,09:28:18,09:28:19,09:29:03,COMPLETED,31100.0,734.6,1.15,45.01
316,medium,14,09:17:52,09:17:58,09:29:27,COMPLETED,33989.0,11499.1,6.10,695.92
324,medium,14,09:25:14,09:25:15,09:29:27,COMPLETED,35412.0,4216.7,1.10,253.92
18,hard,15,08:42:12,08:42:17,09:29:34,COMPLETED,29273.0,47273.1,5.88,2842.16
306,easy,11,09:29:34,09:29:34,09:29:46,COMPLETED,26689.0,213.3,0.16,12.68
187,easy,12,09:30:02,09:30:05,09:30:24,COMPLETED,19796.0,314.5,3.38,22.05
227,hard,15,09:16:07,09:16:11,09:32:10,COMPLETED,33478.0,15976.8,4.62,963.01
248,medium,13,09:19:08,09:19:13,09:32:22,COMPLETED,31102.0,13145.7,6.00,794.58
173,easy,12,09:31:13,09:31:13,09:32:22,COMPLETED,32664.0,1151.1,0.74,69.58
229,hard,15,09:02:34,09:02:37,09:32:53,COMPLETED,33406.0,30265.7,3.86,1819.80
207,easy,12,09:32:04,09:32:10,09:33:06,COMPLETED,26275.0,942.7,6.01,62.38
315,hard,15,09:01:17,09:01:22,09:33:12,COMPLETED,33631.0,31838.8,5.36,1915.61
276,easy,12,09:32:55,09:33:00,09:34:02,COMPLETED,27618.0,1041.6,5.04,67.35
247,medium,13,09:33:48,09:33:49,09:34:39,COMPLETED,29298.0,833.6,1.88,51.66
327,easy,12,09:35:36,09:35:41,09:36:31,COMPLETED,29474.0,836.4,5.84,55.81
214,hard,15,09:23:34,09:23:39,09:37:02,COMPLETED,31605.0,13392.7,5.60,808.99
221,medium,14,09:16:28,09:16:30,09:37:27,COMPLETED,35187.0,20960.9,2.39,1259.88
295,medium,14,09:27:26,09:27:29,09:37:40,COMPLETED,30677.0,10189.5,3.16,614.38
333,easy,12,09:37:59,09:37:59,09:38:17,COMPLETED,31358.0,319.0,0.01,18.81
257,medium,13,09:29:41,09:29:46,09:38:30,COMPLETED,32331.0,8735.1,5.68,529.52
234,medium,14,09:35:03,09:35:04,09:39:08,COMPLETED,33211.0,4066.1,1.58,245.32
300,medium,14,09:15:04,09:15:08,09:39:20,COMPLETED,37232.0,24214.3,4.25,1456.91
283,easy,12,09:39:41,09:39:46,09:41:51,COMPLETED,27082.0,2092.3,5.10,130.40
210,easy,12,09:41:11,09:41:13,09:41:57,COMPLETED,32738.0,733.9,2.90,46.69
302,medium,13,09:39:24,09:39:27,09:42:41,COMPLETED,30119.0,3239.1,3.27,197.42
202,easy,12,09:42:21,09:42:22,09:43:00,COMPLETED,29290.0,628.5,1.66,39.17
175,easy,12,09:43:15,09:43:18,09:43:25,COMPLETED,25083.0,109.3,3.92,10.23
255,easy,11,09:43:56,09:43:56,09:44:15,COMPLETED,33114.0,320.8,0.48,19.46
250,easy,12,09:44:08,09:44:09,09:44:28,COMPLETED,26581.0,319.4,1.13,20.03
303,medium,13,09:41:37,09:41:38,09:44:34,COMPLETED,25459.0,2928.1,1.84,177.33
285,medium,14,09:15:46,09:15:46,09:44:46,COMPLETED,25427.0,29014.4,0.13,1740.88
239,medium,13,09:41:42,09:41:45,09:44:46,COMPLETED,30249.0,3033.0,3.11,184.88
194,medium,14,09:23:02,09:23:07,09:44:53,COMPLETED,37981.0,21757.0,5.85,1311.14
260,easy,12,09:41:13,09:41:13,09:44:59,COMPLETED,28835.0,3760.3,0.90,226.38
226,easy,11,09:45:02,09:45:05,09:45:11,COMPLETED,27187.0,108.0,3.61,9.88
251,easy,12,09:46:26,09:46:27,09:46:59,COMPLETED,25658.0,543.8,1.49,33.81
186,easy,12,09:46:36,09:46:40,09:47:18,COMPLETED,20220.0,647.9,4.35,42.81
254,medium,14,09:39:08,09:39:08,09:47:31,COMPLETED,32185.0,8398.5,0.32,503.91
37,hard,15,08:48:14,08:48:19,09:47:38,COMPLETED,34495.0,59313.4,5.69,3564.38
275,easy,12,09:47:23,09:47:25,09:47:44,COMPLETED,26524.0,330.1,2.29,21.82
331,easy,12,09:47:56,09:47:57,09:48:42,COMPLETED,33197.0,755.5,1.55,46.59
185,easy,11,09:48:26,09:48:29,09:48:48,COMPLETED,34807.0,326.0,3.78,22.94
181,medium,14,09:40:09,09:40:11,09:49:01,COMPLETED,28278.0,8844.7,2.36,532.79
253,medium,13,09:45:17,09:45:18,09:49:34,COMPLETED,29645.0,4269.9,1.12,257.10
263,medium,14,09:45:41,09:45:43,09:50:05,COMPLETED,30433.0,4375.5,2.14,264.48
178,medium,14,09:43:12,09:43:12,09:50:11,COMPLETED,27531.0,6988.7,0.62,419.77
246,medium,13,09:42:52,09:42:53,09:50:24,COMPLETED,30793.0,7510.5,1.88,452.33
265,medium,13,09:49:07,09:49:08,09:50:30,COMPLETED,25518.0,1377.5,1.16,83.59
286,easy,12,09:48:22,09:48:23,09:50:49,COMPLETED,27419.0,2438.3,1.23,147.32
176,medium,13,09:47:23,09:47:25,09:50:55,COMPLETED,24878.0,3508.8,2.29,212.57
147,hard,15,08:56:30,08:56:34,09:51:14,COMPLETED,29554.0,54670.4,4.22,3284.35
299,medium,13,09:49:14,09:49:14,09:51:33,COMPLETED,26963.0,2316.4,0.68,139.22
203,medium,14,09:46:49,09:46:53,09:51:39,COMPLETED,22760.0,4780.0,4.27,290.75
294,easy,11,09:51:33,09:51:33,09:51:46,COMPLETED,29138.0,220.8,0.22,13.16
270,easy,11,09:51:22,09:51:26,09:51:58,COMPLETED,34180.0,535.3,4.91,36.78
211,easy,12,09:51:44,09:51:46,09:51:58,COMPLETED,24718.0,214.9,2.16,14.78
190,easy,11,09:52:20,09:52:23,09:52:30,COMPLETED,27294.0,108.6,3.79,10.09
328,easy,11,09:52:20,09:52:23,09:52:36,COMPLETED,29541.0,212.0,3.79,16.34
291,easy,11,09:53:13,09:53:13,09:53:20,COMPLETED,28319.0,110.4,0.85,7.20
193,medium,13,09:47:57,09:47:57,09:54:35,COMPLETED,27440.0,6635.1,0.55,398.49
212,easy,11,09:54:27,09:54:29,09:54:48,COMPLETED,23816.0,318.8,2.21,21.10
264,easy,11,09:54:52,09:54:54,09:55:00,COMPLETED,23021.0,110.4,2.37,8.65
258,easy,11,09:55:09,09:55:13,09:55:19,COMPLETED,23947.0,108.9,4.44,10.73
296,easy,12,09:54:36,09:54:41,09:55:32,COMPLETED,26367.0,844.9,5.78,56.25
199,medium,13,09:08:59,09:09:01,09:55:38,COMPLETED,40294.0,46623.7,2.14,2799.51
278,easy,11,09:55:07,09:55:07,09:56:03,COMPLETED,27507.0,945.2,0.03,56.48
262,medium,13,09:53:35,09:53:39,09:56:22,COMPLETED,26894.0,2725.4,4.05,167.30
217,easy,11,09:56:26,09:56:28,09:56:41,COMPLETED,21791.0,213.6,2.62,15.14
322,hard,15,09:03:20,09:03:22,09:56:47,COMPLETED,36910.0,53421.7,2.29,3207.46
261,medium,13,09:52:49,09:52:55,09:57:06,COMPLETED,24271.0,4198.3,6.03,257.50
334,medium,14,09:44:38,09:44:40,09:58:03,COMPLETED,25201.0,13392.7,2.57,805.86
216,easy,11,09:58:28,09:58:29,09:58:54,COMPLETED,30330.0,433.2,1.21,26.92
399,easy,11,10:00:44,10:00:49,10:01:02,COMPLETED,18972.0,224.8,5.67,18.67
338,hard,15,09:31:00,09:31:01,10:01:15,COMPLETED,26672.0,30242.2,1.29,1815.64
198,medium,14,09:59:26,09:59:26,10:01:15,COMPLETED,29866.0,1820.7,0.71,109.64
482,easy,12,10:00:19,10:00:23,10:01:47,COMPLETED,28289.0,1399.7,4.91,88.52
493,easy,12,10:01:29,10:01:34,10:01:53,COMPLETED,26446.0,329.5,5.57,24.97
451,medium,13,10:01:02,10:01:02,10:02:13,COMPLETED,20643.0,1183.2,0.67,71.17
461,easy,11,10:02:07,10:02:13,10:02:19,COMPLETED,28039.0,115.8,6.17,12.72
171,medium,13,09:51:17,09:51:20,10:03:54,COMPLETED,25264.0,12569.8,3.62,757.58
342,easy,12,10:02:45,10:02:45,10:04:07,COMPLETED,27697.0,1367.1,0.36,82.16
305,medium,14,09:45:40,09:45:43,10:05:03,COMPLETED,33533.0,19344.2,3.14,1163.61
452,easy,11,10:05:29,10:05:34,10:05:47,COMPLETED,31705.0,213.8,5.95,18.53
267,hard,15,09:26:58,09:27:03,10:06:37,COMPLETED,32500.0,39569.6,5.60,2379.66
480,medium,14,10:04:45,10:04:50,10:06:50,COMPLETED,27925.0,1992.9,5.99,125.26
350,medium,14,10:03:45,10:03:48,10:07:46,COMPLETED,33925.0,3977.5,3.28,241.70
463,easy,12,10:08:54,10:08:57,10:09:16,COMPLETED,32947.0,331.6,3.39,22.94
301,medium,14,09:58:26,09:58:29,10:09:23,COMPLETED,30833.0,10908.6,3.21,657.32
325,hard,15,09:38:40,09:38:43,10:09:48,COMPLETED,30058.0,31102.2,3.21,1868.99
501,easy,12,10:08:48,10:08:50,10:09:48,COMPLETED,26941.0,980.6,2.60,60.99
156,hard,15,08:27:26,08:27:31,10:09:55,COMPLETED,37009.0,102399.9,5.75,6149.68
349,medium,14,10:06:00,10:06:00,10:10:21,COMPLETED,28600.0,4366.0,0.06,261.65
396,easy,11,10:09:47,10:09:48,10:10:28,COMPLETED,24018.0,659.2,1.99,41.12
8,medium,14,08:46:43,08:46:46,10:10:40,COMPLETED,30579.0,83917.2,3.05,5038.00
409,easy,12,10:08:49,10:08:50,10:11:13,COMPLETED,29107.0,2374.9,1.60,144.02
433,easy,11,10:10:58,10:11:00,10:11:25,COMPLETED,28162.0,434.4,2.11,27.85
504,easy,11,10:11:09,10:11:13,10:11:25,COMPLETED,20555.0,221.7,4.02,16.85
439,easy,12,10:09:31,10:09:36,10:11:51,COMPLETED,35452.0,2265.8,5.22,140.72
375,easy,12,10:10:58,10:11:00,10:11:51,COMPLETED,24795.0,868.0,2.11,53.72
416,easy,12,10:11:39,10:11:45,10:12:04,COMPLETED,24564.0,331.2,6.19,25.66
410,easy,12,10:12:43,10:12:49,10:12:55,COMPLETED,27726.0,110.2,6.06,12.36
195,hard,15,09:54:56,09:55:00,10:13:01,COMPLETED,36912.0,18022.2,4.65,1085.70
4,medium,14,08:48:12,08:48:13,10:13:14,COMPLETED,33374.0,85024.7,1.26,5102.56
398,easy,12,10:13:14,10:13:14,10:13:34,COMPLETED,29343.0,331.3,0.56,20.06
28,hard,15,08:43:03,08:43:08,10:14:37,COMPLETED,32494.0,91494.8,5.28,5494.93
356,medium,13,10:06:50,10:06:50,10:14:50,COMPLETED,28543.0,8007.4,0.26,480.48
435,easy,12,10:14:21,10:14:25,10:15:03,COMPLETED,29032.0,632.7,4.33,42.04
381,medium,13,10:12:54,10:12:55,10:15:34,COMPLETED,28602.0,2654.9,1.36,160.34
404,easy,11,10:15:30,10:15:34,10:15:40,COMPLETED,24986.0,111.1,4.34,10.72
490,easy,11,10:15:35,10:15:40,10:15:59,COMPLETED,23205.0,320.3,5.72,24.64
389,easy,11,10:15:58,10:15:59,10:16:18,COMPLETED,30377.0,318.9,1.64,20.52
401,medium,13,10:13:17,10:13:21,10:16:49,COMPLETED,23342.0,3485.6,4.10,212.98
279,hard,15,09:17:39,09:17:39,10:16:56,COMPLETED,33262.0,59286.1,0.18,3557.31
479,easy,11,10:16:58,10:17:02,10:17:08,COMPLETED,32866.0,112.1,4.63,10.99
366,medium,13,10:08:55,10:08:57,10:17:15,COMPLETED,27411.0,8303.8,2.39,500.39
293,medium,14,09:57:01,09:57:06,10:17:21,COMPLETED,34214.0,20258.4,5.50,1220.80
365,easy,12,10:15:44,10:15:47,10:17:21,COMPLETED,32314.0,1584.1,3.04,97.80
442,easy,12,10:16:40,10:16:43,10:17:34,COMPLETED,30520.0,850.9,3.67,54.45
359,easy,12,10:16:51,10:16:56,10:17:47,COMPLETED,25888.0,851.0,5.31,56.05
236,hard,15,09:17:39,09:17:39,10:17:53,COMPLETED,40123.0,60238.2,0.18,3614.43
238,medium,14,09:12:39,09:12:42,10:18:18,COMPLETED,25583.0,65610.7,3.25,3939.78
434,easy,12,10:17:44,10:17:47,10:18:18,COMPLETED,26598.0,534.8,3.05,34.78
481,easy,11,10:18:02,10:18:06,10:18:18,COMPLETED,27844.0,218.2,4.07,16.78
471,easy,12,10:17:22,10:17:28,10:18:25,COMPLETED,30147.0,956.4,6.14,63.20
341,easy,12,10:18:06,10:18:06,10:18:37,COMPLETED,20903.0,535.0,0.07,31.94
436,easy,11,10:18:17,10:18:18,10:18:37,COMPLETED,29379.0,324.3,1.78,20.94
240,hard,15,09:48:04,09:48:10,10:18:50,COMPLETED,32919.0,30673.3,6.31,1846.56
412,easy,11,10:18:55,10:18:56,10:19:03,COMPLETED,30050.0,109.8,1.88,8.21
447,medium,13,10:16:47,10:16:49,10:19:09,COMPLETED,32052.0,2330.9,2.98,142.49
385,easy,11,10:19:30,10:19:35,10:19:47,COMPLETED,23019.0,222.0,5.15,17.87
384,easy,12,10:13:40,10:13:40,10:19:54,COMPLETED,34508.0,6241.0,0.50,374.52
478,easy,12,10:19:21,10:19:22,10:20:33,COMPLETED,33779.0,1192.8,1.18,72.59
352,medium,13,10:17:32,10:17:34,10:20:39,COMPLETED,28473.0,3094.9,2.45,187.90
407,medium,13,10:18:31,10:18:31,10:20:59,COMPLETED,30901.0,2466.0,0.58,148.14
432,medium,13,10:17:16,10:17:21,10:21:44,COMPLETED,33568.0,4377.1,5.80,268.13
344,easy,11,10:22:00,10:22:03,10:22:22,COMPLETED,15088.0,326.4,3.43,22.55
219,hard,15,09:59:35,09:59:39,10:22:29,COMPLETED,35362.0,22831.3,4.44,1374.06
495,easy,12,10:19:16,10:19:22,10:23:01,COMPLETED,26398.0,3660.3,6.18,225.42
437,easy,11,10:22:36,10:22:42,10:23:01,COMPLETED,24159.0,331.4,6.02,25.42
507,easy,11,10:22:41,10:22:42,10:23:01,COMPLETED,34529.0,330.4,1.02,20.42
373,easy,11,10:23:41,10:23:47,10:23:53,COMPLETED,27794.0,110.8,6.13,12.50
403,easy,11,10:24:16,10:24:19,10:24:32,COMPLETED,22212.0,219.5,3.19,16.06
408,easy,11,10:24:45,10:24:51,10:25:11,COMPLETED,32054.0,335.3,6.44,26.01
455,medium,14,10:23:14,10:23:14,10:25:30,COMPLETED,27019.0,2270.0,0.44,136.32
467,medium,14,10:19:05,10:19:09,10:25:49,COMPLETED,26318.0,6670.2,4.49,404.38
378,easy,11,10:25:46,10:25:49,10:25:55,COMPLETED,25737.0,112.7,3.38,9.80
337,hard,15,09:31:45,09:31:51,10:26:08,COMPLETED,30769.0,54289.6,6.25,3263.49
386,easy,11,10:26:23,10:26:27,10:26:33,COMPLETED,26087.0,111.3,4.53,10.92
456,easy,12,10:24:37,10:24:38,10:26:40,COMPLETED,34432.0,2035.8,1.41,123.28
362,easy,12,10:25:19,10:25:23,10:27:18,COMPLETED,27160.0,1907.5,4.92,119.03
476,easy,11,10:27:18,10:27:18,10:27:37,COMPLETED,21991.0,320.5,0.03,19.01
197,hard,15,09:28:02,09:28:06,10:27:43,COMPLETED,33790.0,59613.5,4.61,3581.33
363,medium,14,10:20:25,10:20:26,10:28:14,COMPLETED,28630.0,7801.5,1.93,469.87
274,medium,14,09:35:43,09:35:48,10:28:33,COMPLETED,35848.0,52762.4,5.11,3170.74
266,medium,14,09:44:39,09:44:40,10:28:33,COMPLETED,29246.0,43887.9,1.57,2634.74
345,easy,12,10:27:57,10:28:02,10:28:52,COMPLETED,32573.0,847.1,5.25,55.79
457,easy,12,10:28:40,10:28:40,10:28:59,COMPLETED,31491.0,321.0,0.10,19.10
80,hard,15,08:18:27,08:18:27,10:29:05,COMPLETED,45415.0,130632.6,0.50,7838.39
460,medium,14,10:23:20,10:23:20,10:29:17,COMPLETED,25600.0,5954.0,0.99,358.00
448,medium,13,10:16:34,10:16:37,10:29:30,COMPLETED,28735.0,12889.9,3.36,776.56
445,hard,15,10:08:46,10:08:50,10:29:36,COMPLETED,29089.0,20771.9,4.60,1250.85
354,medium,13,10:22:46,10:22:48,10:29:55,COMPLETED,36490.0,7120.8,2.61,429.63
374,easy,11,10:30:06,10:30:08,10:30:27,COMPLETED,23913.0,325.4,2.17,21.29
405,easy,12,10:30:11,10:30:14,10:30:33,COMPLETED,27147.0,327.7,3.50,22.74
360,easy,12,10:31:08,10:31:12,10:32:03,COMPLETED,26777.0,861.7,4.09,55.36
192,hard,15,09:31:13,09:31:13,10:32:22,COMPLETED,34987.0,61152.2,0.74,3669.68
422,easy,12,10:31:45,10:31:50,10:32:54,COMPLETED,29695.0,1075.0,5.60,69.61
489,easy,11,10:32:53,10:32:54,10:33:01,COMPLETED,23962.0,115.9,1.61,8.14
503,easy,11,10:33:35,10:33:39,10:33:45,COMPLETED,24323.0,115.2,4.37,10.89
347,medium,14,10:31:50,10:31:50,10:34:30,COMPLETED,30161.0,2672.7,0.60,160.58
29,hard,15,08:33:55,08:34:00,10:34:43,COMPLETED,26963.0,120719.0,5.38,7248.47
449,easy,11,10:34:49,10:34:49,10:34:56,COMPLETED,24934.0,113.4,0.91,7.48
368,easy,12,10:36:29,10:36:32,10:36:51,COMPLETED,27569.0,320.6,3.29,22.19
418,easy,11,10:36:47,10:36:51,10:36:57,COMPLETED,23883.0,110.6,4.19,10.56
346,easy,12,10:36:59,10:37:03,10:37:22,COMPLETED,31491.0,321.0,4.85,23.85
367,easy,11,10:37:12,10:37:16,10:37:29,COMPLETED,27114.0,215.7,4.48,17.16
379,easy,12,10:36:49,10:36:51,10:37:48,COMPLETED,27968.0,951.9,2.19,59.03
230,hard,15,09:05:27,09:05:28,10:38:25,COMPLETED,28726.0,92953.6,1.82,5578.96
492,easy,11,10:38:12,10:38:13,10:38:25,COMPLETED,26163.0,219.6,1.22,13.96
358,medium,14,10:20:12,10:20:14,10:40:19,COMPLETED,31986.0,20097.6,2.11,1207.77
491,medium,14,10:35:46,10:35:47,10:42:07,COMPLETED,27430.0,6334.4,1.60,381.43
424,easy,11,10:40:50,10:40:51,10:42:07,COMPLETED,35393.0,1273.0,1.36,77.43
470,hard,15,10:04:42,10:04:44,10:42:13,COMPLETED,38031.0,37488.4,2.68,2251.78
472,easy,11,10:42:12,10:42:20,10:42:45,COMPLETED,31798.0,426.6,8.18,33.48
361,medium,14,10:11:02,10:11:06,10:43:23,COMPLETED,28263.0,32283.2,4.70,1941.55
496,easy,11,10:42:28,10:43:29,10:43:48,COMPLETED,23788.0,321.5,61.89,80.87
353,medium,14,10:38:41,10:38:45,10:44:20,COMPLETED,32137.0,5596.7,4.07,339.60
391,medium,13,10:17:10,10:17:15,10:44:26,COMPLETED,38887.0,27196.0,5.39,1636.94
397,easy,11,10:42:30,10:44:26,10:44:39,COMPLETED,24384.0,217.6,116.94,129.68
499,easy,12,10:43:10,10:44:33,10:44:39,COMPLETED,25995.0,111.4,83.32,89.68
446,medium,13,10:41:39,10:41:41,10:44:52,COMPLETED,28707.0,3179.8,2.98,193.44
444,hard,15,10:17:46,10:17:47,10:45:05,COMPLETED,41029.0,27306.0,1.05,1639.26
415,easy,11,10:44:10,10:44:58,10:45:11,COMPLETED,28478.0,220.3,48.83,61.65
340,medium,14,10:19:44,10:19:47,10:45:18,COMPLETED,33085.0,25506.4,3.87,1534.08
483,medium,13,10:39:52,10:39:54,10:45:18,COMPLETED,37232.0,5397.9,2.49,326.08
438,medium,13,10:42:21,10:42:51,10:45:49,COMPLETED,34451.0,2968.8,30.80,208.65
425,medium,13,10:41:47,10:41:48,10:47:05,COMPLETED,31498.0,5291.6,1.36,318.43
411,medium,13,10:14:17,10:14:18,10:47:37,COMPLETED,23503.0,33317.7,1.98,2000.89
505,medium,14,10:43:12,10:44:46,10:48:09,COMPLETED,34171.0,3401.9,94.03,297.84
427,medium,13,10:46:49,10:46:52,10:48:09,COMPLETED,28593.0,1290.0,3.78,80.84
369,medium,14,10:35:48,10:35:54,10:49:14,COMPLETED,28482.0,13341.4,6.16,806.36
406,medium,13,10:42:29,10:43:55,10:49:20,COMPLETED,33006.0,5432.5,86.20,411.77
413,easy,11,10:49:33,10:49:33,10:49:46,COMPLETED,32032.0,219.9,0.55,13.39
441,medium,14,10:41:52,10:42:13,10:50:05,COMPLETED,26459.0,7867.5,21.78,493.53
506,easy,11,10:49:48,10:49:52,10:50:11,COMPLETED,31286.0,325.3,4.77,23.90
454,easy,12,10:50:11,10:50:11,10:50:37,COMPLETED,29024.0,426.4,0.90,26.20
465,hard,15,10:37:14,10:37:16,10:50:56,COMPLETED,28600.0,13664.4,2.48,822.16
395,easy,11,10:50:48,10:50:49,10:50:56,COMPLETED,25637.0,111.2,1.79,8.16
371,easy,12,10:49:17,10:49:20,10:51:02,COMPLETED,37369.0,1699.8,3.77,105.49
429,medium,14,10:35:54,10:35:54,10:51:08,COMPLETED,29678.0,15247.3,0.16,914.78
473,medium,13,10:44:00,10:44:46,10:51:21,COMPLETED,28822.0,6594.5,46.03,441.42
423,medium,14,10:19:54,10:19:54,10:51:46,COMPLETED,26003.0,31871.3,0.52,1912.65
383,medium,13,10:51:04,10:51:08,10:51:52,COMPLETED,24599.0,740.5,4.78,48.95
351,medium,13,10:48:15,10:48:16,10:52:05,COMPLETED,41033.0,3826.9,1.21,230.58
402,medium,13,10:44:52,10:45:11,10:52:18,COMPLETED,32629.0,7112.9,19.65,446.16
431,easy,12,10:52:19,10:52:24,10:53:46,COMPLETED,31572.0,1374.4,5.49,87.68
387,medium,13,10:42:05,10:42:13,10:53:52,COMPLETED,32375.0,11656.7,8.78,707.99
355,medium,14,10:37:03,10:37:03,10:55:14,COMPLETED,41207.0,18187.9,0.85,1091.96
487,easy,12,10:55:40,10:55:40,10:55:59,COMPLETED,27359.0,320.8,0.11,19.02
364,medium,13,10:53:28,10:53:33,10:56:05,COMPLETED,33665.0,2528.1,5.99,157.38
458,easy,12,10:54:43,10:54:43,10:56:31,COMPLETED,31485.0,1801.9,0.49,108.03
420,easy,11,10:56:39,10:56:44,10:57:03,COMPLETED,28074.0,334.9,5.14,24.76
372,easy,12,10:56:52,10:56:57,10:57:48,COMPLETED,27990.0,862.9,5.17,56.32
494,easy,11,10:58:03,10:58:07,10:58:14,COMPLETED,22478.0,119.0,4.95,11.41
440,easy,11,10:58:14,10:58:14,10:58:46,COMPLETED,27683.0,545.4,0.41,32.94
486,easy,12,10:57:19,10:57:23,10:59:25,COMPLETED,34781.0,2036.5,4.11,126.02
376,easy,12,10:59:42,10:59:43,11:00:09,COMPLETED,24863.0,431.6,1.95,27.49
417,medium,14,10:53:58,10:53:59,11:00:15,COMPLETED,25423.0,6282.5,1.28,377.88
509,easy,12,10:59:52,10:59:56,11:00:15,COMPLETED,26189.0,326.3,4.70,23.88
414,easy,11,10:59:57,11:00:15,11:00:22,COMPLETED,23289.0,114.4,18.88,25.32
656,easy,12,11:00:09,11:00:22,11:00:35,COMPLETED,24373.0,218.4,13.32,26.14
636,easy,11,11:00:18,11:00:22,11:00:35,COMPLETED,28178.0,217.9,4.32,17.14
392,easy,11,10:59:57,11:00:03,11:01:00,COMPLETED,30714.0,965.7,6.09,63.68
619,easy,11,11:01:20,11:01:20,11:01:33,COMPLETED,28372.0,226.9,0.02,13.14
462,hard,15,10:26:07,10:26:08,11:01:39,COMPLETED,33329.0,35525.0,1.49,2132.68
370,medium,13,10:58:55,10:58:59,11:03:28,COMPLETED,36506.0,4488.2,4.55,273.56
609,easy,12,11:02:44,11:02:44,11:03:28,COMPLETED,24192.0,746.4,0.09,44.56
485,medium,14,10:20:05,10:20:07,11:03:41,COMPLETED,29165.0,43565.1,2.54,2616.30
671,easy,12,11:02:32,11:02:37,11:04:00,COMPLETED,24208.0,1384.4,5.63,88.40
578,easy,11,11:03:23,11:03:47,11:04:00,COMPLETED,26822.0,218.2,24.63,37.40
579,easy,11,11:03:21,11:03:34,11:04:13,COMPLETED,28645.0,639.9,13.90,52.05
400,medium,14,10:29:03,10:29:05,11:04:19,COMPLETED,35116.0,35236.0,2.39,2116.36
394,hard,15,10:56:13,10:56:18,11:04:19,COMPLETED,29423.0,8027.1,5.00,486.36
570,easy,12,11:04:33,11:04:38,11:04:57,COMPLETED,18373.0,320.5,5.26,24.20
443,hard,15,10:26:22,10:26:27,11:05:09,COMPLETED,33775.0,38707.5,5.53,2327.81
588,easy,11,11:05:19,11:05:22,11:05:35,COMPLETED,30088.0,215.8,3.43,16.11
380,hard,15,10:49:12,10:49:14,11:05:41,COMPLETED,32433.0,16454.8,2.36,989.42
593,easy,12,11:03:10,11:03:34,11:05:41,COMPLETED,25845.0,2113.9,24.90,151.42
566,easy,11,11:05:52,11:05:54,11:06:00,COMPLETED,22931.0,110.1,2.05,8.38
523,hard,15,11:02:36,11:02:37,11:06:06,COMPLETED,28021.0,3487.8,1.63,210.68
616,easy,12,11:05:26,11:05:28,11:06:38,COMPLETED,29280.0,1161.5,2.77,72.19
527,easy,11,11:06:24,11:06:25,11:06:38,COMPLETED,29375.0,215.6,1.54,14.19
453,medium,13,10:46:26,10:46:27,11:06:44,COMPLETED,35324.0,20287.4,1.55,1218.50
569,easy,11,11:06:26,11:06:31,11:06:50,COMPLETED,22524.0,321.4,5.86,24.89
497,hard,15,10:18:25,10:18:25,11:07:16,COMPLETED,31674.0,48851.5,0.20,2931.10
538,easy,11,11:07:13,11:07:16,11:07:22,COMPLETED,26601.0,110.5,3.10,9.45
662,easy,11,11:06:43,11:06:44,11:07:28,COMPLETED,37514.0,741.1,1.50,45.75
596,easy,12,11:06:59,11:07:03,11:07:41,COMPLETED,28599.0,635.4,4.45,42.32
561,medium,13,11:08:37,11:08:39,11:09:30,COMPLETED,22339.0,862.2,2.11,53.40
617,medium,13,11:00:22,11:00:28,11:09:56,COMPLETED,32824.0,9464.4,6.79,574.25
543,easy,12,11:10:02,11:10:02,11:10:28,COMPLETED,27851.0,439.1,0.73,26.63
529,easy,12,11:10:21,11:10:22,11:11:00,COMPLETED,25810.0,653.5,1.07,39.84
532,easy,12,11:10:13,11:10:15,11:11:13,COMPLETED,29873.0,977.5,2.57,60.79
421,medium,14,10:56:25,10:56:31,11:12:05,COMPLETED,31672.0,15575.3,6.03,940.18
622,easy,12,11:08:45,11:08:45,11:12:31,COMPLETED,32151.0,3764.7,0.65,226.27
666,easy,12,11:12:13,11:12:18,11:12:31,COMPLETED,28079.0,223.8,5.12,18.27
618,easy,11,11:12:14,11:12:18,11:12:37,COMPLETED,34109.0,330.4,4.12,23.58
548,medium,13,11:11:20,11:11:20,11:13:16,COMPLETED,32217.0,1940.6,0.26,116.52
571,easy,12,11:12:40,11:12:44,11:13:48,COMPLETED,28600.0,1079.5,4.08,68.41
615,easy,11,11:13:18,11:13:22,11:13:48,COMPLETED,30636.0,434.6,4.82,30.41
477,hard,15,10:20:24,10:20:26,11:14:32,COMPLETED,34571.0,54102.0,2.93,3248.87
651,easy,12,11:15:42,11:15:42,11:15:54,COMPLETED,22694.0,215.0,0.24,12.90
602,easy,12,11:15:07,11:15:10,11:16:07,COMPLETED,29739.0,949.4,3.79,60.49
382,medium,14,10:03:51,10:03:54,11:16:26,COMPLETED,33115.0,72531.6,3.58,4355.34
635,easy,12,11:15:42,11:15:42,11:17:04,COMPLETED,27958.0,1368.7,0.24,82.09
292,hard,15,09:45:14,09:45:18,11:17:41,COMPLETED,37077.0,92397.2,4.12,5547.86
21,hard,15,08:20:52,08:20:53,11:17:48,COMPLETED,32776.0,176908.8,1.66,10616.16
85,hard,15,08:07:35,08:07:36,11:17:54,COMPLETED,33470.0,190301.0,1.44,11419.49
3,hard,15,08:10:55,08:10:57,11:19:16,COMPLETED,35721.0,188327.9,2.17,11301.81
580,easy,12,11:18:21,11:18:26,11:19:29,COMPLETED,28157.0,1071.4,5.01,68.77
519,medium,13,11:18:43,11:18:44,11:19:36,COMPLETED,26737.0,865.1,1.88,53.36
6,hard,15,08:11:57,08:11:57,11:20:59,COMPLETED,37100.0,189028.9,0.78,11342.48
657,medium,13,11:14:47,11:14:51,11:21:38,COMPLETED,23972.0,6777.6,4.81,411.05
419,hard,15,10:32:20,10:32:22,11:22:04,COMPLETED,38100.0,49698.0,2.68,2984.18
660,easy,11,11:21:53,11:21:57,11:22:04,COMPLETED,26915.0,120.2,4.60,11.18
564,easy,11,11:22:08,11:22:10,11:22:36,COMPLETED,32689.0,433.9,2.86,28.45
613,easy,11,11:23:02,11:23:08,11:23:14,COMPLETED,27417.0,114.2,6.42,12.80
390,medium,14,10:59:05,10:59:05,11:23:21,COMPLETED,31145.0,24261.8,0.96,1456.31
679,easy,11,11:23:32,11:23:34,11:23:47,COMPLETED,29441.0,226.7,2.28,15.33
598,medium,14,11:16:44,11:16:45,11:23:53,COMPLETED,28446.0,7151.9,1.19,429.93
430,medium,14,10:27:13,10:27:18,11:24:06,COMPLETED,38812.0,56816.0,5.03,3413.85
502,medium,14,10:58:09,10:58:14,11:24:26,COMPLETED,33213.0,26199.6,5.41,1577.20
562,easy,12,11:21:59,11:22:04,11:24:51,COMPLETED,29589.0,2800.3,5.18,172.78
530,easy,12,11:24:29,11:24:32,11:24:51,COMPLETED,27423.0,329.5,3.49,22.78
581,easy,11,11:24:37,11:24:38,11:24:51,COMPLETED,25843.0,224.7,1.81,14.78
459,hard,15,10:17:03,10:17:08,11:25:04,COMPLETED,34912.0,67931.2,5.99,4081.72
586,easy,11,11:24:53,11:24:58,11:25:17,COMPLETED,23994.0,320.2,5.34,24.30
599,easy,12,11:25:31,11:25:36,11:25:48,COMPLETED,29900.0,213.9,5.16,17.73
307,hard,15,09:15:59,09:16:05,11:26:01,COMPLETED,30497.0,129934.3,6.30,7802.28
535,easy,11,11:26:19,11:26:20,11:26:26,COMPLETED,22786.0,110.6,1.13,7.55
518,easy,12,11:22:48,11:22:49,11:26:51,COMPLETED,33853.0,4045.1,1.37,243.78
526,hard,15,11:11:20,11:11:20,11:27:04,COMPLETED,23340.0,15740.6,0.26,944.46
675,easy,11,11:26:48,11:26:51,11:27:10,COMPLETED,35201.0,321.4,3.78,22.81
549,easy,12,11:26:34,11:26:39,11:27:17,COMPLETED,29372.0,637.3,5.11,43.10
563,easy,11,11:27:02,11:27:04,11:27:17,COMPLETED,29926.0,215.5,2.46,15.10
649,easy,12,11:26:35,11:26:39,11:27:23,COMPLETED,25155.0,742.6,4.11,48.40
638,easy,11,11:27:23,11:27:23,11:27:29,COMPLETED,28565.0,110.7,0.40,6.75
550,easy,12,11:26:58,11:26:58,11:27:42,COMPLETED,22159.0,742.0,0.13,44.40
658,medium,13,11:25:21,11:25:23,11:27:55,COMPLETED,27411.0,2529.8,2.58,154.07
574,easy,12,11:27:46,11:27:48,11:28:20,COMPLETED,26674.0,531.6,2.68,34.33
573,easy,11,11:28:08,11:28:14,11:28:39,COMPLETED,33863.0,423.3,6.01,31.15
218,hard,15,09:56:00,09:56:03,11:28:45,COMPLETED,32401.0,92700.6,3.48,5565.44
670,medium,14,11:21:43,11:21:44,11:28:57,COMPLETED,28104.0,7226.9,1.59,434.98
632,easy,11,11:27:47,11:27:48,11:29:16,COMPLETED,23807.0,1472.6,1.68,89.78
474,hard,15,10:57:43,10:57:48,11:29:29,COMPLETED,32293.0,31687.0,5.32,1906.37
633,easy,12,11:29:11,11:29:16,11:29:48,COMPLETED,28315.0,526.8,5.78,37.15
677,medium,13,11:21:29,11:21:31,11:30:20,COMPLETED,38287.0,8812.4,2.61,531.01
661,easy,11,11:30:26,11:30:26,11:30:39,COMPLETED,25498.0,219.6,0.44,13.36
654,easy,11,11:30:32,11:30:32,11:30:39,COMPLETED,28038.0,111.4,0.96,7.36
222,hard,15,09:58:20,09:58:22,11:30:51,COMPLETED,35591.0,92486.9,2.76,5551.90
629,easy,12,11:31:01,11:31:04,11:31:23,COMPLETED,26275.0,324.7,3.40,22.48
500,hard,15,10:51:17,10:51:21,11:32:08,COMPLETED,34229.0,40782.9,4.42,2451.18
634,medium,14,11:27:36,11:27:36,11:32:27,COMPLETED,31904.0,4856.6,0.07,291.25
647,easy,11,11:32:16,11:32:20,11:32:27,COMPLETED,17513.0,108.6,4.97,11.25
595,medium,13,11:33:01,11:33:05,11:33:24,COMPLETED,27555.0,330.3,4.30,23.71
583,easy,11,11:33:06,11:33:11,11:33:24,COMPLETED,31779.0,223.0,5.78,18.71
450,hard,15,10:06:38,10:06:43,11:33:31,COMPLETED,32534.0,86790.4,5.94,5213.20
642,medium,13,11:32:42,11:32:45,11:34:28,COMPLETED,30812.0,1722.5,3.96,106.64
540,easy,12,11:33:42,11:33:44,11:34:35,COMPLETED,29579.0,863.7,2.02,53.45
621,easy,12,11:34:28,11:34:28,11:34:48,COMPLETED,30026.0,334.4,0.64,20.33
357,medium,14,10:51:16,10:51:21,11:35:14,COMPLETED,33882.0,43881.3,5.42,2638.06
585,easy,12,11:35:01,11:35:01,11:35:14,COMPLETED,24360.0,222.3,0.15,13.06
643,easy,11,11:36:05,11:36:11,11:36:17,COMPLETED,24659.0,110.5,6.08,12.42
665,easy,12,11:36:07,11:36:11,11:36:23,COMPLETED,25372.0,214.3,4.08,16.75
601,easy,11,11:36:17,11:36:17,11:36:30,COMPLETED,25109.0,214.2,0.42,13.02
539,medium,14,11:19:27,11:19:29,11:36:42,COMPLETED,31609.0,17218.7,2.77,1035.63
607,easy,11,11:36:35,11:36:36,11:36:42,COMPLETED,20353.0,111.4,1.29,7.63
674,easy,11,11:36:37,11:36:42,11:36:49,COMPLETED,25784.0,111.8,5.63,12.01
536,easy,12,11:36:49,11:36:49,11:37:01,COMPLETED,26345.0,214.2,0.01,12.63
614,medium,13,11:35:23,11:35:26,11:37:52,COMPLETED,34943.0,2425.3,3.85,149.11
537,easy,11,11:38:06,11:38:11,11:38:23,COMPLETED,26213.0,215.0,5.01,17.66
582,easy,11,11:38:59,11:39:01,11:39:26,COMPLETED,31328.0,423.7,2.33,27.52
469,hard,15,10:08:45,10:08:50,11:39:51,COMPLETED,30326.0,91018.9,5.60,5466.65
520,medium,13,11:37:24,11:37:26,11:39:57,COMPLETED,24863.0,2524.3,2.71,153.94
545,easy,12,11:40:02,11:40:04,11:40:29,COMPLETED,23904.0,423.4,2.28,27.42
594,easy,12,11:39:55,11:39:57,11:40:35,COMPLETED,20555.0,633.8,2.94,40.71
508,hard,15,10:51:55,10:51:59,11:41:39,COMPLETED,40039.0,49678.9,4.25,2984.75
626,hard,15,11:09:23,11:09:23,11:41:39,COMPLETED,37531.0,32270.3,0.83,1936.75
652,medium,14,11:37:37,11:37:39,11:41:39,COMPLETED,27462.0,4013.5,2.41,242.75
639,easy,11,11:40:44,11:40:48,11:41:39,COMPLETED,25644.0,866.8,4.29,55.75
555,easy,11,11:41:41,11:41:46,11:41:52,COMPLETED,28298.0,115.9,5.35,11.88
524,hard,15,11:23:45,11:23:47,11:42:05,COMPLETED,35234.0,18308.9,2.33,1100.69
659,easy,12,11:41:55,11:41:59,11:42:18,COMPLETED,26943.0,318.7,4.34,23.22
393,medium,14,10:37:47,10:37:48,11:42:37,COMPLETED,32938.0,64825.3,1.03,3890.26
466,medium,14,10:53:40,10:53:40,11:42:37,COMPLETED,28650.0,48954.7,0.35,2937.26
510,medium,13,11:43:31,11:43:35,11:44:00,COMPLETED,27414.0,426.5,4.15,29.54
572,easy,11,11:44:20,11:44:26,11:44:45,COMPLETED,25569.0,331.6,6.21,25.64
628,medium,13,11:42:29,11:42:30,11:44:58,COMPLETED,30811.0,2470.9,1.74,149.61
554,easy,12,11:44:44,11:44:45,11:45:18,COMPLETED,34336.0,546.6,1.64,34.02
556,easy,12,11:45:11,11:45:11,11:46:02,COMPLETED,25765.0,853.0,0.50,51.27
522,medium,13,11:43:22,11:43:22,11:46:08,COMPLETED,27740.0,2781.9,0.22,166.73
668,easy,11,11:46:17,11:46:21,11:46:28,COMPLETED,22328.0,115.5,4.70,11.22
544,easy,12,11:46:09,11:46:15,11:46:47,COMPLETED,21156.0,546.9,6.19,38.72
517,easy,11,11:46:50,11:46:54,11:47:13,COMPLETED,27822.0,323.0,4.05,23.10
644,hard,15,11:40:58,11:41:00,11:48:35,COMPLETED,29159.0,7575.0,2.88,457.16
610,medium,13,11:48:01,11:48:03,11:49:19,COMPLETED,20594.0,1269.7,2.51,78.41
648,easy,11,11:48:37,11:48:41,11:49:19,COMPLETED,30872.0,637.4,4.47,42.41
565,medium,14,11:37:42,11:37:45,11:49:44,COMPLETED,28402.0,11984.7,3.77,722.63
650,easy,11,11:50:27,11:50:28,11:51:00,COMPLETED,28421.0,532.7,1.70,33.40
672,easy,12,11:50:25,11:50:28,11:51:13,COMPLETED,32167.0,745.4,3.70,48.08
592,easy,12,11:50:39,11:50:41,11:51:32,COMPLETED,29319.0,853.1,2.39,53.21
589,medium,14,11:38:50,11:38:54,11:51:57,COMPLETED,25058.0,13050.7,4.99,787.67
600,easy,11,11:51:55,11:51:57,11:52:04,COMPLETED,20468.0,114.4,2.67,9.18
575,easy,12,11:52:00,11:52:04,11:52:23,COMPLETED,24386.0,328.5,4.18,23.29
606,easy,11,11:52:20,11:52:23,11:52:29,COMPLETED,25700.0,118.7,3.29,9.94
667,easy,11,11:52:34,11:52:36,11:52:42,COMPLETED,28717.0,112.2,2.46,8.84
388,hard,15,10:40:26,10:40:26,11:53:46,COMPLETED,30272.0,73336.4,0.09,4400.14
552,easy,12,11:52:57,11:53:01,11:54:24,COMPLETED,32816.0,1378.0,4.84,87.23
645,medium,13,11:51:19,11:51:19,11:54:36,COMPLETED,25295.0,3295.6,0.46,197.92
546,easy,12,11:54:42,11:54:43,11:55:08,COMPLETED,28983.0,426.6,1.25,26.54
630,easy,12,11:52:35,11:52:36,11:56:11,COMPLETED,28191.0,3592.5,1.46,216.75
542,medium,13,11:49:01,11:49:06,11:57:40,COMPLETED,31621.0,8571.0,5.77,519.59
558,easy,12,11:55:18,11:57:47,11:58:57,COMPLETED,22964.0,1185.9,149.13,219.93
587,hard,15,11:32:58,11:32:58,12:00:39,COMPLETED,35000.0,27684.2,0.80,1661.65
591,medium,13,11:46:37,11:46:41,12:00:52,COMPLETED,35957.0,14190.6,4.20,855.41
611,medium,14,11:43:58,11:44:00,12:01:43,COMPLETED,32095.0,17711.5,2.54,1065.00
515,easy,12,11:57:17,12:01:49,12:03:11,COMPLETED,32722.0,1373.9,272.34,354.47
336,hard,15,09:53:51,09:53:51,12:03:49,COMPLETED,30132.0,129966.2,0.59,7798.48
547,medium,13,11:53:09,11:53:52,12:04:33,COMPLETED,38313.0,10693.0,43.48,684.79
568,easy,11,11:57:50,12:03:55,12:04:33,COMPLETED,25276.0,638.3,365.82,403.79
584,easy,11,11:57:57,12:04:40,12:04:52,COMPLETED,25779.0,217.1,403.13,415.86
625,medium,13,11:54:56,11:55:14,12:05:05,COMPLETED,32360.0,9849.4,18.87,609.55
534,easy,11,11:58:10,12:04:59,12:05:11,COMPLETED,30446.0,217.3,409.19,421.89
640,easy,11,11:58:26,12:05:11,12:05:31,COMPLETED,25385.0,327.6,405.89,425.24
676,hard,15,11:34:01,11:34:03,12:05:37,COMPLETED,30666.0,31576.6,2.35,1896.57
516,medium,14,11:48:40,11:48:41,12:05:37,COMPLETED,36288.0,16942.8,1.47,1017.57
597,easy,11,11:59:49,12:05:44,12:05:50,COMPLETED,28864.0,119.1,355.22,361.90
513,easy,11,11:58:30,12:05:18,12:05:57,COMPLETED,31942.0,663.6,408.26,447.50
620,easy,11,11:59:42,12:05:44,12:05:57,COMPLETED,28407.0,231.6,362.22,375.50
560,easy,12,11:58:30,12:05:37,12:06:10,COMPLETED,31713.0,556.8,427.57,460.70
777,easy,11,12:01:12,12:06:04,12:06:10,COMPLETED,19036.0,113.0,292.17,298.70
678,medium,13,11:58:06,12:04:40,12:06:49,COMPLETED,35035.0,2162.2,394.13,523.43
739,easy,12,12:01:17,12:06:17,12:06:49,COMPLETED,25521.0,549.0,300.03,332.43
849,easy,12,12:02:14,12:06:56,12:08:26,COMPLETED,24110.0,1519.7,282.01,372.70
551,hard,15,11:56:05,12:00:46,12:08:39,COMPLETED,34867.0,7905.8,281.04,754.92
775,easy,11,12:04:02,12:08:46,12:08:59,COMPLETED,23875.0,221.4,284.48,297.15
842,easy,12,12:04:10,12:09:05,12:09:25,COMPLETED,24339.0,329.4,295.80,315.27
576,easy,12,11:59:59,12:05:57,12:09:31,COMPLETED,28684.0,3574.2,358.50,572.59
847,easy,12,12:00:42,12:06:04,12:09:44,COMPLETED,31165.0,3682.0,322.17,542.64
808,easy,12,12:04:52,12:09:51,12:10:04,COMPLETED,33725.0,228.0,299.17,312.28
604,hard,15,11:47:10,11:47:13,12:10:17,COMPLETED,35795.0,23080.2,3.10,1387.52
726,medium,13,12:01:40,12:06:17,12:10:17,COMPLETED,34610.0,4017.4,277.03,517.52
715,medium,13,12:03:52,12:08:33,12:10:17,COMPLETED,20859.0,1748.3,281.25,385.52
684,medium,13,12:03:46,12:06:56,12:10:30,COMPLETED,34054.0,3582.9,190.01,404.80
692,easy,12,12:05:39,12:10:24,12:10:37,COMPLETED,28539.0,223.7,285.21,298.14
718,easy,11,12:05:56,12:10:37,12:10:56,COMPLETED,22808.0,331.0,281.14,300.70
792,easy,12,12:07:46,12:11:03,12:11:15,COMPLETED,30866.0,222.7,197.03,209.89
831,easy,12,12:05:54,12:10:24,12:11:22,COMPLETED,25648.0,977.8,270.21,328.42
728,medium,13,12:07:36,12:10:43,12:11:29,COMPLETED,26791.0,762.5,187.79,233.11
746,easy,12,12:04:13,12:09:38,12:11:41,COMPLETED,37599.0,2070.4,325.01,448.95
740,medium,13,12:05:29,12:10:24,12:11:41,COMPLETED,26703.0,1300.6,295.21,372.95
766,easy,11,12:08:17,12:11:48,12:11:54,COMPLETED,25973.0,111.7,211.29,217.70
743,medium,13,12:05:02,12:10:10,12:12:07,COMPLETED,30639.0,1946.9,308.89,425.38
789,easy,11,12:09:13,12:12:13,12:12:32,COMPLETED,19260.0,322.0,180.77,199.78
637,hard,15,11:14:35,11:14:39,12:12:45,COMPLETED,34288.0,58106.6,4.21,3490.46
697,medium,13,12:04:10,12:09:31,12:13:04,COMPLETED,28027.0,3552.3,321.59,534.46
757,medium,13,12:08:35,12:11:48,12:13:29,COMPLETED,26876.0,1695.4,193.29,294.77
773,easy,11,12:09:55,12:13:10,12:13:55,COMPLETED,30255.0,743.2,195.79,240.07
729,easy,12,12:08:16,12:11:35,12:14:07,COMPLETED,34467.0,2541.7,199.58,351.81
750,easy,11,12:12:30,12:14:14,12:14:20,COMPLETED,31996.0,110.9,104.13,110.48
817,easy,12,12:12:16,12:14:01,12:14:33,COMPLETED,24269.0,534.2,105.41,137.17
699,easy,12,12:11:46,12:13:36,12:15:11,COMPLETED,25960.0,1588.2,110.10,205.09
475,hard,15,10:50:49,10:50:49,12:15:23,COMPLETED,33179.0,84568.1,0.79,5074.79
669,medium,13,11:57:34,12:03:17,12:15:23,COMPLETED,34835.0,12104.7,343.80,1069.79
825,easy,11,12:12:41,12:14:39,12:15:23,COMPLETED,30117.0,743.7,118.50,162.79
738,easy,12,12:12:44,12:15:17,12:15:30,COMPLETED,29910.0,219.3,153.43,166.14
770,easy,12,12:09:54,12:12:51,12:15:49,COMPLETED,34870.0,2964.9,177.79,355.36
844,easy,11,12:13:25,12:15:36,12:16:27,COMPLETED,35398.0,854.6,131.63,182.42
747,easy,11,12:13:58,12:16:33,12:16:40,COMPLETED,25944.0,118.4,155.96,162.55
426,hard,15,10:00:47,10:00:49,12:17:00,COMPLETED,33811.0,136176.4,2.67,8173.26
779,easy,11,12:15:08,12:17:06,12:17:13,COMPLETED,22427.0,111.1,118.65,125.01
809,easy,11,12:14:25,12:16:47,12:17:51,COMPLETED,33678.0,1086.5,142.10,206.81
700,easy,12,12:15:34,12:17:19,12:18:11,COMPLETED,27536.0,866.6,105.33,157.03
737,easy,11,12:16:35,12:18:17,12:18:23,COMPLETED,28418.0,111.8,102.36,108.76
624,medium,14,11:38:57,11:39:01,12:18:30,COMPLETED,33461.0,39483.1,4.33,2373.09
763,easy,12,12:16:55,12:18:36,12:19:02,COMPLETED,34716.0,434.7,101.46,127.22
533,medium,14,11:00:24,11:00:41,12:19:28,COMPLETED,38566.0,78783.7,17.47,4744.26
271,hard,15,09:50:50,09:50:55,12:20:07,COMPLETED,37204.0,149202.7,5.57,8957.61
714,easy,11,12:17:31,12:20:14,12:20:39,COMPLETED,29165.0,430.7,163.17,188.72
720,medium,14,12:12:52,12:15:30,12:21:05,COMPLETED,30554.0,5600.6,158.14,493.79
557,medium,13,11:48:08,11:48:09,12:21:51,COMPLETED,35654.0,33700.1,1.86,2023.52
664,medium,14,11:43:30,11:43:35,12:22:23,COMPLETED,31652.0,38807.3,5.15,2333.35
683,medium,13,12:17:11,12:19:34,12:22:36,COMPLETED,31715.0,3032.2,143.94,325.44
703,medium,13,12:19:10,12:22:29,12:23:33,COMPLETED,19976.0,1068.2,199.81,263.55
464,hard,15,10:01:13,10:01:15,12:24:17,COMPLETED,30054.0,143039.4,2.64,8584.93
498,hard,15,10:39:47,10:39:48,12:24:37,COMPLETED,31313.0,104819.7,1.14,6290.14
784,easy,12,12:18:22,12:21:12,12:24:37,COMPLETED,35723.0,3421.8,170.33,375.14
805,easy,12,12:19:33,12:23:39,12:24:43,COMPLETED,20857.0,1069.5,246.94,310.72
705,easy,12,12:19:54,12:24:24,12:24:43,COMPLETED,28878.0,331.1,270.27,289.72
836,easy,11,12:20:41,12:24:43,12:24:50,COMPLETED,25679.0,114.0,242.72,249.16
841,easy,11,12:21:49,12:24:50,12:25:02,COMPLETED,28900.0,218.5,181.16,193.98
663,hard,15,11:56:48,12:00:58,12:25:22,COMPLETED,29643.0,24391.4,250.74,1714.00
780,easy,12,12:21:17,12:24:50,12:25:28,COMPLETED,27446.0,642.9,213.16,251.34
704,easy,12,12:24:02,12:25:34,12:25:47,COMPLETED,25758.0,217.7,92.78,105.52
790,easy,12,12:18:10,12:20:46,12:26:19,COMPLETED,31743.0,5556.6,156.04,489.17
733,medium,13,12:23:28,12:25:09,12:26:19,COMPLETED,23696.0,1169.1,101.33,171.17
835,easy,12,12:23:32,12:25:28,12:26:19,COMPLETED,27804.0,852.5,116.34,167.17
797,easy,11,12:24:34,12:26:25,12:26:31,COMPLETED,25050.0,111.5,111.52,117.95
778,easy,11,12:24:57,12:26:38,12:26:51,COMPLETED,28194.0,218.4,101.28,114.03
816,easy,11,12:24:24,12:26:25,12:26:57,COMPLETED,31811.0,538.4,121.52,153.41
577,hard,15,11:06:40,11:06:44,12:30:36,COMPLETED,33654.0,83868.7,4.50,5036.47
754,medium,14,12:16:56,12:19:08,12:30:42,COMPLETED,34934.0,11582.4,132.57,826.96
791,medium,13,12:24:09,12:25:53,12:30:49,COMPLETED,30681.0,4936.2,104.86,400.63
769,medium,14,12:15:35,12:17:58,12:30:56,COMPLETED,32956.0,12968.2,143.35,921.09
525,medium,14,11:46:31,11:46:34,12:31:41,COMPLETED,31855.0,45117.9,3.67,2710.49
800,medium,13,12:26:38,12:30:42,12:32:13,COMPLETED,24821.0,1521.9,244.96,335.79
330,hard,15,09:35:48,09:35:48,12:32:20,COMPLETED,27851.0,176540.1,0.11,10592.35
688,medium,13,12:27:09,12:30:56,12:32:33,COMPLETED,33374.0,1634.4,227.09,324.67
691,easy,12,12:27:14,12:31:02,12:32:40,COMPLETED,26915.0,1637.5,228.52,326.23
756,easy,11,12:27:31,12:32:20,12:32:40,COMPLETED,28323.0,340.8,289.35,309.23
845,easy,11,12:28:30,12:32:40,12:32:53,COMPLETED,27664.0,229.2,250.23,263.50
761,easy,11,12:29:14,12:33:00,12:33:13,COMPLETED,19746.0,225.8,226.04,239.14
786,easy,11,12:29:25,12:33:19,12:33:32,COMPLETED,24103.0,219.8,234.63,247.30
838,easy,12,12:28:03,12:32:27,12:33:45,COMPLETED,34278.0,1311.3,264.03,342.21
468,hard,15,10:21:15,10:21:18,12:34:30,COMPLETED,37539.0,133198.7,3.19,7995.04
428,hard,15,10:39:06,10:39:10,12:35:01,COMPLETED,39022.0,115858.5,4.26,6955.68
781,easy,12,12:30:10,12:33:38,12:35:01,COMPLETED,24643.0,1385.7,208.85,291.68
711,easy,11,12:31:54,12:35:08,12:35:20,COMPLETED,26783.0,216.4,194.02,206.73
511,hard,15,11:51:02,11:51:06,12:35:39,COMPLETED,30487.0,44553.2,4.73,2677.75
748,easy,11,12:32:18,12:35:27,12:35:39,COMPLETED,29578.0,216.8,189.07,201.75
832,easy,12,12:31:53,12:35:08,12:35:52,COMPLETED,27445.0,747.6,195.02,239.53
706,easy,11,12:32:43,12:35:46,12:35:52,COMPLETED,19857.0,112.8,183.10,189.53
745,easy,11,12:32:32,12:35:46,12:36:05,COMPLETED,28384.0,326.6,194.10,213.35
760,medium,14,12:12:50,12:15:30,12:36:43,COMPLETED,34581.0,21226.6,160.14,1433.54
696,easy,11,12:33:19,12:35:58,12:36:56,COMPLETED,37520.0,960.4,159.93,217.27
488,hard,15,10:35:20,10:35:21,12:37:02,COMPLETED,38316.0,121681.7,1.85,7302.64
785,easy,12,12:32:54,12:35:58,12:37:02,COMPLETED,32632.0,1067.5,184.93,248.64
848,medium,14,12:09:06,12:12:01,12:37:15,COMPLETED,35267.0,25242.9,175.03,1689.39
693,easy,11,12:34:24,12:37:02,12:37:15,COMPLETED,32626.0,217.8,158.64,171.39
744,easy,11,12:35:59,12:37:09,12:37:40,COMPLETED,33253.0,536.6,70.02,101.90
829,hard,15,12:26:05,12:27:03,12:37:47,COMPLETED,37981.0,10729.0,58.86,702.29
623,hard,15,11:47:46,11:47:50,12:38:00,COMPLETED,33539.0,50155.5,4.83,3014.05
653,medium,14,11:47:45,11:47:50,12:38:44,COMPLETED,37473.0,50893.5,5.83,3059.29
727,medium,13,12:36:13,12:37:47,12:38:56,COMPLETED,26468.0,1169.9,94.29,163.99
567,hard,15,11:28:00,11:28:01,12:39:23,COMPLETED,32586.0,71365.5,1.43,4283.18
837,medium,13,12:31:45,12:34:36,12:39:36,COMPLETED,34910.0,5005.5,171.38,471.37
717,medium,13,12:35:52,12:37:09,12:39:36,COMPLETED,32436.0,2462.5,77.02,224.37
840,easy,12,12:37:02,12:38:50,12:39:49,COMPLETED,26955.0,982.2,108.62,167.24
811,easy,11,12:37:28,12:39:42,12:40:02,COMPLETED,26042.0,330.6,134.85,154.21
765,medium,13,12:34:06,12:36:11,12:40:15,COMPLETED,30491.0,4066.7,125.73,369.41
826,easy,12,12:37:25,12:39:42,12:40:15,COMPLETED,27081.0,549.1,137.85,170.41
680,easy,11,12:37:35,12:40:21,12:40:28,COMPLETED,29169.0,119.1,166.84,173.50
776,medium,14,12:37:20,12:39:03,12:40:35,COMPLETED,24479.0,1534.3,103.55,195.04
731,medium,13,12:37:33,12:39:55,12:40:35,COMPLETED,30866.0,667.4,142.61,182.04
681,easy,12,12:36:06,12:37:21,12:41:07,COMPLETED,35968.0,3771.2,75.74,301.79
783,medium,14,12:24:41,12:26:25,12:41:27,COMPLETED,34687.0,15027.7,104.52,1006.02
815,medium,14,12:12:48,12:15:30,12:41:39,COMPLETED,31061.0,26169.5,162.14,1731.98
687,medium,13,12:38:46,12:40:41,12:41:39,COMPLETED,36544.0,978.1,115.72,173.98
736,easy,11,12:38:55,12:41:33,12:41:46,COMPLETED,26370.0,230.9,158.35,171.57
686,easy,12,12:39:24,12:41:46,12:42:12,COMPLETED,24808.0,440.9,142.57,168.62
708,easy,11,12:40:09,12:41:53,12:42:25,COMPLETED,28734.0,551.1,104.26,136.83
719,medium,14,12:34:08,12:36:49,12:43:11,COMPLETED,22120.0,6362.5,161.89,543.20
541,medium,14,11:47:12,11:47:13,12:43:30,COMPLETED,32974.0,56298.4,1.10,3378.91
528,hard,15,11:25:56,11:26:01,12:43:37,COMPLETED,22887.0,77601.8,5.28,4661.24
819,easy,12,12:38:55,12:41:14,12:43:37,COMPLETED,31975.0,2390.9,139.11,282.24
690,easy,11,12:41:28,12:43:37,12:43:50,COMPLETED,22265.0,227.0,129.24,142.36
803,easy,11,12:42:57,12:43:43,12:43:50,COMPLETED,23914.0,121.1,46.62,53.36
284,hard,15,09:52:59,09:53:01,12:43:56,COMPLETED,38936.0,170930.2,2.31,10257.93
759,easy,12,12:41:08,12:43:17,12:44:10,COMPLETED,32735.0,879.0,129.77,182.04
767,medium,14,12:36:28,12:38:06,12:44:16,COMPLETED,32841.0,6176.5,98.38,468.57
721,medium,13,12:40:53,12:42:32,12:44:55,COMPLETED,24448.0,2386.7,99.38,242.22
735,easy,11,12:44:55,12:44:55,12:45:01,COMPLETED,27848.0,112.0,0.22,6.65
768,easy,11,12:45:11,12:45:14,12:45:33,COMPLETED,27966.0,321.6,3.26,22.26
710,medium,14,12:31:30,12:33:51,12:45:52,COMPLETED,28720.0,12011.7,141.78,862.26
753,medium,14,12:09:46,12:12:39,12:45:58,COMPLETED,32860.0,33327.5,173.11,2172.58
830,medium,13,12:38:03,12:40:21,12:46:04,COMPLETED,24498.0,5720.4,138.84,481.91
796,easy,11,12:46:11,12:46:11,12:46:30,COMPLETED,31582.0,322.3,0.22,19.27
822,medium,14,12:40:24,12:42:19,12:46:49,COMPLETED,29576.0,4507.4,115.16,385.25
813,easy,12,12:46:35,12:46:36,12:47:02,COMPLETED,25451.0,429.3,1.60,27.06
782,easy,12,12:46:18,12:46:23,12:47:14,COMPLETED,28557.0,851.4,5.90,56.70
698,easy,12,12:46:54,12:46:55,12:47:14,COMPLETED,25672.0,321.7,1.70,20.70
741,easy,11,12:48:16,12:48:17,12:48:30,COMPLETED,25816.0,216.8,1.85,14.51
730,hard,15,12:12:32,12:14:26,12:48:55,COMPLETED,35013.0,34488.7,114.81,2183.96
590,hard,15,11:38:53,11:38:54,12:49:14,COMPLETED,39503.0,70334.7,1.99,4221.97
204,hard,15,09:44:00,09:44:02,12:49:34,COMPLETED,37101.0,185521.3,2.82,11134.00
722,medium,13,12:49:21,12:49:21,12:49:40,COMPLETED,26641.0,322.4,0.30,19.39
713,easy,12,12:49:16,12:49:21,12:49:59,COMPLETED,28376.0,643.3,5.30,43.43
725,easy,12,12:49:44,12:49:46,12:50:12,COMPLETED,29120.0,434.6,2.73,28.51
723,easy,12,12:50:03,12:50:05,12:50:44,COMPLETED,28884.0,653.7,2.96,41.90
828,medium,13,12:39:10,12:41:46,12:50:51,COMPLETED,33983.0,9085.2,156.57,701.22
772,easy,12,12:50:17,12:50:18,12:50:51,COMPLETED,28348.0,548.5,1.83,34.22
627,hard,15,11:51:30,11:51:32,12:51:30,COMPLETED,35805.0,59971.3,2.21,3600.05
818,easy,11,12:51:09,12:51:10,12:51:36,COMPLETED,24013.0,447.5,1.50,27.79
702,medium,13,12:49:31,12:49:34,12:51:43,COMPLETED,31557.0,2162.5,3.00,132.42
752,easy,11,12:51:25,12:51:30,12:51:43,COMPLETED,28371.0,228.7,5.05,18.42
806,easy,12,12:52:11,12:52:15,12:53:13,COMPLETED,30365.0,975.3,4.65,62.69
793,medium,13,12:22:55,12:24:56,12:54:18,COMPLETED,39191.0,29364.3,121.60,1883.14
812,medium,14,12:27:30,12:31:48,12:54:24,COMPLETED,27311.0,22619.5,258.02,1614.74
833,easy,12,12:53:04,12:53:07,12:54:37,COMPLETED,27213.0,1520.1,3.19,93.92
734,easy,12,12:53:58,12:54:24,12:54:50,COMPLETED,23772.0,444.1,26.74,52.95
814,medium,14,12:52:06,12:52:09,12:55:29,COMPLETED,30885.0,3346.8,3.06,203.61
821,medium,13,12:44:44,12:44:48,12:56:01,COMPLETED,29337.0,11214.6,4.62,677.22
755,medium,13,12:53:28,12:53:33,12:56:01,COMPLETED,34637.0,2474.8,5.08,153.22
802,easy,11,12:55:16,12:55:16,12:56:07,COMPLETED,26673.0,855.8,0.53,51.61
709,medium,13,12:46:17,12:46:17,12:57:23,COMPLETED,34680.0,11099.7,0.56,666.24
682,hard,15,12:20:53,12:24:43,12:58:13,COMPLETED,27983.0,33504.1,230.72,2240.81
762,easy,11,12:59:11,12:59:16,12:59:23,COMPLETED,24876.0,111.5,5.96,12.30
749,easy,12,12:59:22,12:59:23,12:59:35,COMPLETED,34006.0,217.0,1.30,13.97
827,easy,12,12:59:00,12:59:04,12:59:48,COMPLETED,21754.0,744.6,4.32,48.66
862,easy,11,13:00:05,13:00:07,13:00:20,COMPLETED,25658.0,217.3,2.65,15.32
801,easy,12,12:59:34,12:59:35,13:00:26,COMPLETED,27502.0,850.9,1.97,52.72
986,easy,11,13:00:35,13:00:39,13:00:52,COMPLETED,27685.0,220.6,4.37,17.30
834,medium,14,12:55:01,12:55:03,13:00:58,COMPLETED,32961.0,5918.2,2.89,357.63
856,easy,11,13:01:10,13:01:11,13:01:24,COMPLETED,27662.0,223.0,1.35,14.38
701,easy,12,12:57:06,12:57:10,13:01:49,COMPLETED,39855.0,4656.6,4.57,283.69
891,easy,12,13:00:56,13:00:58,13:03:24,COMPLETED,23905.0,2436.0,2.63,148.51
788,medium,14,12:46:22,12:46:23,13:03:43,COMPLETED,29045.0,17332.6,1.90,1041.62
977,easy,12,13:02:55,13:03:30,13:04:53,COMPLETED,32095.0,1377.5,35.86,118.22
921,medium,13,13:00:54,13:00:58,13:05:05,COMPLETED,27093.0,4126.4,4.63,251.92
877,easy,11,13:03:23,13:05:12,13:05:18,COMPLETED,28245.0,112.5,109.27,115.63
875,easy,11,13:04:08,13:05:25,13:05:37,COMPLETED,34279.0,216.2,77.04,89.72
846,medium,14,12:58:32,12:58:32,13:06:03,COMPLETED,30515.0,7510.8,0.73,451.12
934,medium,13,13:03:12,13:04:59,13:06:22,COMPLETED,28640.0,1381.4,107.55,190.12
951,easy,12,13:05:00,13:06:09,13:06:54,COMPLETED,23660.0,754.0,69.45,114.39
968,medium,13,13:00:20,13:00:20,13:07:39,COMPLETED,34632.0,7329.8,0.32,439.63
993,easy,11,13:05:47,13:07:46,13:07:52,COMPLETED,25202.0,119.9,119.22,125.86
559,medium,14,11:18:17,11:18:19,13:08:12,COMPLETED,36062.0,109884.6,2.65,6595.63
860,easy,11,13:05:53,13:07:59,13:08:25,COMPLETED,21962.0,438.4,126.45,152.40
998,easy,12,13:06:37,13:08:19,13:08:57,COMPLETED,28279.0,643.0,102.05,140.28
867,easy,12,13:05:19,13:06:28,13:09:03,COMPLETED,26376.0,2595.0,69.47,224.67
913,medium,13,13:05:26,13:07:00,13:09:29,COMPLETED,26303.0,2479.8,94.72,243.22
870,easy,11,13:07:53,13:09:35,13:09:48,COMPLETED,27274.0,216.3,102.55,115.22
857,easy,12,13:06:58,13:08:31,13:10:38,COMPLETED,31602.0,2124.9,93.80,221.00
874,easy,12,13:07:48,13:09:10,13:11:04,COMPLETED,27027.0,1906.0,82.24,196.31
896,easy,12,13:08:43,13:10:45,13:11:48,COMPLETED,24654.0,1059.3,122.33,185.60
631,medium,13,11:37:18,11:37:20,13:12:51,COMPLETED,50304.0,95525.8,2.37,5733.78
348,hard,15,10:04:52,10:04:57,13:14:07,COMPLETED,39227.0,189176.0,5.31,11355.77
950,medium,13,13:09:10,13:12:58,13:14:40,COMPLETED,26416.0,1711.9,228.17,330.45
685,medium,14,12:43:28,12:43:43,13:14:59,COMPLETED,28487.0,31271.6,15.62,1891.80
984,easy,12,13:09:46,13:14:46,13:15:19,COMPLETED,28107.0,544.3,300.91,333.06
871,easy,12,13:09:52,13:15:06,13:15:45,COMPLETED,29228.0,660.3,314.13,353.09
716,hard,15,12:26:48,12:30:49,13:16:43,COMPLETED,28782.0,45896.2,241.63,2995.24
795,medium,14,12:51:31,12:51:36,13:16:56,COMPLETED,31317.0,25329.0,5.79,1525.16
646,hard,15,11:55:16,11:56:18,13:17:09,COMPLETED,33784.0,80857.3,62.09,4913.31
920,medium,13,13:09:41,13:14:14,13:17:22,COMPLETED,34996.0,3144.2,273.32,461.51
794,medium,13,12:29:10,12:32:46,13:17:29,COMPLETED,38539.0,44708.2,216.85,2899.06
929,easy,12,13:10:08,13:16:49,13:17:29,COMPLETED,25546.0,668.4,401.57,441.06
899,easy,11,13:10:11,13:17:15,13:17:29,COMPLETED,32483.0,230.7,424.87,438.06
997,easy,11,13:10:27,13:17:29,13:17:42,COMPLETED,30316.0,228.5,422.06,435.25
902,easy,12,13:10:44,13:17:35,13:18:01,COMPLETED,29214.0,438.2,411.76,437.78
954,easy,11,13:15:07,13:17:48,13:18:01,COMPLETED,25258.0,220.8,161.84,174.78
1018,easy,12,13:12:46,13:17:35,13:18:20,COMPLETED,25710.0,754.8,289.76,334.85
935,easy,12,13:10:09,13:17:02,13:18:27,COMPLETED,30171.0,1413.2,413.71,498.18
869,easy,11,13:17:30,13:18:08,13:18:33,COMPLETED,25400.0,429.0,38.11,63.55
1010,easy,11,13:18:26,13:18:39,13:18:53,COMPLETED,26102.0,227.8,13.93,27.05
774,medium,14,12:36:01,12:37:21,13:19:25,COMPLETED,29609.0,42072.1,80.74,2604.79
889,medium,13,13:17:48,13:18:33,13:20:23,COMPLETED,34089.0,1837.7,45.55,155.52
1001,hard,15,13:03:04,13:03:50,13:20:36,COMPLETED,35397.0,16774.5,46.00,1052.23
1011,medium,14,13:02:23,13:02:27,13:20:48,COMPLETED,31558.0,18359.2,4.60,1105.92
807,medium,14,12:37:23,12:39:29,13:21:01,COMPLETED,32866.0,41534.3,126.72,2618.61
987,easy,12,13:19:41,13:20:42,13:21:45,COMPLETED,32053.0,1060.8,61.56,124.91
978,medium,13,13:09:53,13:15:25,13:22:30,COMPLETED,28424.0,7080.5,332.62,757.19
281,hard,15,09:13:27,09:13:33,13:22:42,COMPLETED,33273.0,249161.7,6.22,14955.88
947,medium,13,13:09:54,13:15:51,13:23:01,COMPLETED,32330.0,7173.3,357.80,787.95
553,hard,15,11:47:48,11:47:50,13:23:08,COMPLETED,26926.0,95292.1,2.83,5720.28
926,easy,11,13:20:51,13:23:08,13:23:27,COMPLETED,18533.0,322.1,137.28,156.31
990,easy,12,13:21:16,13:23:33,13:23:52,COMPLETED,26888.0,321.2,137.63,156.60
959,medium,13,13:20:34,13:22:36,13:24:05,COMPLETED,29083.0,1484.9,122.53,211.28
810,medium,14,12:18:36,12:21:58,13:24:18,COMPLETED,31293.0,62335.3,202.06,3942.04
872,easy,12,13:20:11,13:20:55,13:24:18,COMPLETED,31183.0,3384.6,44.25,247.04
864,easy,12,13:21:24,13:24:11,13:24:24,COMPLETED,22609.0,218.3,167.67,180.38
880,easy,12,13:20:26,13:21:07,13:24:30,COMPLETED,31907.0,3387.7,41.94,244.81
1000,easy,11,13:21:59,13:24:24,13:24:37,COMPLETED,26067.0,220.3,145.38,158.28
804,medium,13,12:44:42,12:44:42,13:24:43,COMPLETED,40702.0,40031.1,0.03,2401.69
938,hard,15,13:08:48,13:11:10,13:24:56,COMPLETED,36067.0,13767.0,142.64,968.42
974,easy,12,13:21:16,13:23:58,13:25:02,COMPLETED,28718.0,1069.6,162.93,226.78
290,hard,15,09:27:50,09:27:54,13:25:28,COMPLETED,34556.0,237572.0,4.10,14258.35
948,easy,12,13:22:53,13:24:30,13:25:28,COMPLETED,25402.0,967.5,97.81,155.35
944,easy,12,13:24:16,13:25:02,13:25:41,COMPLETED,25760.0,655.4,46.78,85.62
908,easy,11,13:24:36,13:25:34,13:25:48,COMPLETED,28190.0,228.3,58.93,72.17
1016,medium,14,13:20:27,13:21:52,13:25:54,COMPLETED,32385.0,4046.2,85.24,327.69
991,medium,14,13:23:38,13:24:43,13:26:07,COMPLETED,21977.0,1402.6,65.69,149.58
957,medium,13,13:19:06,13:19:32,13:26:33,COMPLETED,30940.0,7023.4,26.36,447.52
992,easy,11,13:26:22,13:26:26,13:26:33,COMPLETED,27920.0,115.3,4.81,11.52
897,easy,12,13:26:21,13:26:26,13:26:52,COMPLETED,23691.0,439.0,5.81,31.65
58,hard,15,08:53:07,08:53:08,13:27:31,COMPLETED,31017.0,274391.5,1.16,16464.79
912,medium,13,13:25:37,13:25:54,13:28:23,COMPLETED,27463.0,2485.8,17.69,166.36
937,easy,11,13:28:07,13:28:10,13:28:23,COMPLETED,24738.0,223.9,3.45,16.36
1019,medium,13,13:17:42,13:18:27,13:28:29,COMPLETED,33968.0,10054.8,45.18,647.93
892,medium,13,13:22:56,13:24:37,13:29:21,COMPLETED,28302.0,4747.8,101.28,385.82
859,easy,11,13:29:15,13:29:15,13:29:34,COMPLETED,25499.0,329.7,0.49,19.69
975,easy,12,13:29:29,13:29:34,13:29:41,COMPLETED,26508.0,118.5,5.69,12.31
936,easy,12,13:27:21,13:27:25,13:29:47,COMPLETED,30528.0,2385.6,4.15,146.84
994,easy,11,13:29:52,13:29:54,13:30:07,COMPLETED,30225.0,223.8,2.33,15.28
851,easy,11,13:29:56,13:30:00,13:30:13,COMPLETED,32712.0,226.7,4.68,17.81
949,hard,15,13:15:23,13:18:08,13:30:58,COMPLETED,27337.0,12847.2,165.11,935.71
945,medium,13,13:25:07,13:25:34,13:31:05,COMPLETED,27944.0,5506.8,27.93,358.01
879,easy,11,13:32:06,13:32:08,13:32:14,COMPLETED,29654.0,110.0,2.35,8.68
956,medium,14,13:07:53,13:09:54,13:32:20,COMPLETED,30266.0,22444.1,121.56,1467.98
911,medium,13,13:28:24,13:28:29,13:33:05,COMPLETED,28465.0,4591.8,5.93,281.12
972,easy,11,13:32:53,13:32:58,13:33:05,COMPLETED,19001.0,111.1,5.76,12.12
964,easy,11,13:33:34,13:33:36,13:33:42,COMPLETED,25600.0,111.0,2.62,8.95
969,easy,12,13:34:06,13:34:08,13:34:14,COMPLETED,25835.0,110.6,2.21,8.56
885,easy,12,13:34:47,13:34:52,13:35:05,COMPLETED,24351.0,216.6,5.35,18.05
905,easy,11,13:35:44,13:35:49,13:36:02,COMPLETED,24662.0,217.7,5.38,18.12
927,easy,11,13:36:15,13:36:21,13:36:33,COMPLETED,27776.0,218.4,6.16,18.94
861,medium,13,13:33:04,13:33:05,13:37:25,COMPLETED,33438.0,4349.3,1.12,261.61
853,medium,13,13:07:39,13:09:03,13:38:17,COMPLETED,30713.0,29240.6,84.67,1838.70
906,medium,13,13:35:41,13:35:42,13:38:17,COMPLETED,31518.0,2588.4,1.99,156.70
917,easy,11,13:37:09,13:38:24,13:38:37,COMPLETED,23390.0,226.1,75.35,88.50
953,medium,13,13:35:12,13:35:17,13:39:03,COMPLETED,34233.0,3769.5,5.66,231.30
942,easy,12,13:36:50,13:38:24,13:39:03,COMPLETED,29196.0,658.9,94.35,133.30
963,easy,12,13:38:17,13:39:09,13:39:36,COMPLETED,26634.0,445.3,52.93,79.24
858,medium,14,13:21:36,13:24:24,13:39:42,COMPLETED,37880.0,15315.3,168.38,1086.78
930,easy,12,13:38:35,13:39:49,13:40:21,COMPLETED,22403.0,545.7,74.45,106.66
1004,easy,11,13:38:58,13:40:28,13:40:34,COMPLETED,26973.0,114.2,90.23,96.59
982,easy,11,13:39:31,13:40:41,13:40:47,COMPLETED,28672.0,118.7,70.12,76.74
742,hard,15,12:13:56,12:15:55,13:42:37,COMPLETED,29266.0,86703.4,119.75,5321.81
850,medium,13,13:36:19,13:36:40,13:42:44,COMPLETED,24553.0,6070.1,21.30,385.19
900,medium,13,13:34:38,13:34:39,13:42:50,COMPLETED,25860.0,8186.2,1.72,492.57
940,easy,11,13:41:59,13:42:50,13:43:09,COMPLETED,27296.0,322.5,51.57,70.62
985,easy,12,13:42:31,13:42:56,13:43:41,COMPLETED,25563.0,744.5,25.95,70.29
894,hard,15,13:23:55,13:24:50,13:44:00,COMPLETED,32809.0,19174.9,55.06,1205.32
925,easy,11,13:43:00,13:44:06,13:44:13,COMPLETED,32756.0,111.2,66.65,73.02
916,easy,11,13:43:12,13:44:19,13:45:47,COMPLETED,32639.0,1480.5,67.34,155.87
903,easy,11,13:43:25,13:45:54,13:46:00,COMPLETED,28546.0,111.3,149.20,155.57
919,medium,13,13:18:58,13:18:59,13:47:10,COMPLETED,30982.0,28183.6,1.64,1692.41
898,medium,14,13:21:13,13:23:14,13:48:08,COMPLETED,35149.0,24898.6,121.65,1615.34
931,hard,15,13:32:27,13:32:27,13:52:33,COMPLETED,37839.0,20111.8,0.29,1206.61
943,easy,11,13:43:41,13:52:40,13:52:53,COMPLETED,23126.0,226.9,539.16,552.27
694,medium,14,12:38:03,12:40:35,13:53:06,COMPLETED,23614.0,72521.2,152.04,4503.17
1005,easy,11,13:43:43,13:52:59,13:53:25,COMPLETED,28035.0,433.0,556.81,582.29
209,hard,15,09:45:18,09:45:18,13:53:51,COMPLETED,29670.0,248550.5,0.12,14913.17
732,hard,15,12:52:37,12:52:41,13:54:22,COMPLETED,36696.0,61697.2,4.13,3705.80
878,easy,12,13:45:13,13:54:29,13:54:48,COMPLETED,28164.0,322.4,556.15,575.19
996,medium,14,13:38:26,13:39:42,13:55:00,COMPLETED,32456.0,15306.8,76.78,994.93
988,easy,12,13:45:33,13:54:54,13:55:32,COMPLETED,22624.0,639.4,561.51,599.57
1009,easy,11,13:45:48,13:55:07,13:55:32,COMPLETED,21928.0,427.0,559.27,584.57
933,easy,11,13:47:03,13:55:38,13:55:57,COMPLETED,33463.0,321.9,515.91,534.96
854,medium,14,13:42:41,13:43:47,13:56:16,COMPLETED,26098.0,12492.8,66.66,815.96
970,easy,11,13:47:52,13:56:23,13:56:48,COMPLETED,28013.0,427.6,511.29,536.64
764,hard,15,12:16:55,12:18:30,13:57:45,COMPLETED,32124.0,99264.7,95.09,6050.84
909,medium,13,13:46:06,13:55:38,13:58:04,COMPLETED,25941.0,2438.0,572.91,718.90
1013,easy,11,13:48:31,13:57:52,13:58:04,COMPLETED,30028.0,216.5,561.23,573.90
868,easy,12,13:44:40,13:53:31,13:58:49,COMPLETED,35970.0,5305.0,531.85,849.66
952,medium,13,13:47:54,13:56:54,13:59:09,COMPLETED,31423.0,2248.0,540.96,675.36
1017,medium,13,13:44:33,13:53:12,13:59:22,COMPLETED,33815.0,6175.3,519.50,889.54
881,easy,11,13:48:42,13:58:11,13:59:41,COMPLETED,41505.0,1517.9,569.24,659.97
962,easy,11,13:49:19,13:59:29,13:59:41,COMPLETED,26519.0,220.7,610.11,622.97
939,easy,12,13:49:33,13:59:48,14:00:14,COMPLETED,24766.0,440.8,615.37,641.36
983,medium,13,13:48:43,13:58:11,14:00:20,COMPLETED,30103.0,2170.2,568.24,697.91
1012,medium,13,13:48:44,13:58:56,14:00:27,COMPLETED,34894.0,1531.6,612.23,703.56
852,easy,11,13:50:20,14:00:27,14:00:40,COMPLETED,21392.0,226.9,607.56,620.61
1008,easy,11,13:50:35,14:00:34,14:00:40,COMPLETED,21160.0,116.9,599.21,605.61
876,hard,15,13:37:29,13:38:44,14:01:13,COMPLETED,29943.0,22494.0,75.05,1424.30
973,easy,12,13:50:19,14:00:20,14:01:32,COMPLETED,32352.0,1201.1,601.91,673.50
910,easy,11,13:51:12,14:01:19,14:01:45,COMPLETED,24556.0,439.8,607.81,633.70
787,medium,14,12:36:23,12:37:53,14:03:22,COMPLETED,30903.0,85489.0,90.69,5219.79
865,easy,11,13:52:47,14:03:29,14:03:42,COMPLETED,25529.0,226.5,642.41,655.51
971,easy,12,13:52:43,14:01:52,14:04:08,COMPLETED,31867.0,2281.4,549.24,685.61
955,medium,13,13:51:11,14:00:47,14:04:28,COMPLETED,24644.0,3685.6,576.25,797.11
960,easy,11,13:53:12,14:04:15,14:04:34,COMPLETED,30441.0,332.0,663.19,682.52
976,easy,11,13:55:00,14:04:41,14:04:54,COMPLETED,24708.0,220.4,581.16,594.02
1007,medium,13,13:53:04,14:03:49,14:08:22,COMPLETED,34288.0,4568.9,645.05,918.89
895,medium,13,13:55:11,14:08:29,14:12:36,COMPLETED,26546.0,4125.2,798.22,1045.44
904,easy,11,13:55:17,14:12:42,14:13:33,COMPLETED,32459.0,850.2,1045.76,1096.45
886,easy,11,13:55:24,14:13:39,14:13:46,COMPLETED,23597.0,111.1,1095.79,1102.16
884,easy,12,13:54:06,14:04:34,14:14:24,COMPLETED,32468.0,9834.4,628.52,1218.28
966,easy,12,13:55:31,14:13:52,14:14:30,COMPLETED,26385.0,642.4,1101.48,1139.63
883,medium,14,13:34:56,13:34:58,14:14:49,COMPLETED,34663.0,39854.7,2.69,2393.72
924,easy,12,13:56:00,14:14:37,14:15:34,COMPLETED,26203.0,957.5,1117.06,1174.15
1006,hard,15,13:38:16,13:39:09,14:15:59,COMPLETED,31221.0,36834.9,53.93,2263.78
64,hard,15,08:59:47,08:59:47,14:16:25,COMPLETED,36401.0,316633.1,0.44,18998.38
820,hard,15,12:45:15,12:45:20,14:18:02,COMPLETED,37552.0,92698.8,5.60,5567.32
961,easy,11,13:58:49,14:18:08,14:18:21,COMPLETED,27586.0,218.4,1159.84,1172.59
932,hard,15,13:47:44,13:56:04,14:18:34,COMPLETED,35251.0,22505.5,500.29,1850.35
882,medium,13,13:56:44,14:14:56,14:18:47,COMPLETED,23595.0,3855.3,1092.09,1323.11
989,easy,11,13:59:16,14:18:40,14:18:53,COMPLETED,28199.0,218.9,1164.71,1177.46
1053,easy,11,14:00:08,14:18:59,14:19:06,COMPLETED,23585.0,111.9,1131.87,1138.28
918,easy,12,13:59:49,14:18:53,14:19:31,COMPLETED,29271.0,640.6,1144.46,1182.59
1067,easy,12,14:00:10,14:19:12,14:19:44,COMPLETED,27746.0,532.9,1142.61,1174.29
1173,easy,11,14:00:19,14:19:37,14:19:50,COMPLETED,23334.0,217.3,1158.93,1171.62
1179,easy,12,14:00:53,14:19:50,14:20:15,COMPLETED,30654.0,427.6,1137.62,1162.98
608,hard,15,11:26:18,11:26:20,14:20:22,COMPLETED,36768.0,174038.0,2.13,10444.30
1124,easy,11,14:01:05,14:19:56,14:20:22,COMPLETED,24681.0,428.1,1132.00,1157.30
958,medium,14,13:45:11,13:53:57,14:20:35,COMPLETED,32432.0,26630.8,526.50,2124.11
1021,easy,11,14:01:20,14:20:28,14:20:35,COMPLETED,25983.0,111.7,1148.71,1155.11
1187,easy,11,14:01:46,14:20:41,14:20:47,COMPLETED,25766.0,110.9,1135.44,1141.84
946,medium,14,13:57:35,14:15:40,14:21:25,COMPLETED,30972.0,5758.3,1085.55,1430.78
855,medium,14,13:43:30,13:47:16,14:22:35,COMPLETED,38216.0,35312.4,226.79,2345.30
1148,easy,12,14:02:46,14:21:32,14:22:35,COMPLETED,22066.0,1058.4,1126.11,1189.30
1165,easy,12,14:02:56,14:22:41,14:23:39,COMPLETED,22711.0,965.9,1185.64,1243.10
928,medium,14,13:59:01,14:18:27,14:24:24,COMPLETED,29655.0,5949.1,1166.97,1523.47
1044,easy,11,14:04:00,14:23:45,14:24:24,COMPLETED,33494.0,655.9,1185.65,1224.47
1178,easy,12,14:03:27,14:22:41,14:26:14,COMPLETED,35197.0,3547.2,1154.64,1367.22
1030,easy,12,14:05:45,14:26:20,14:27:51,COMPLETED,23731.0,1514.0,1235.55,1326.10
1040,easy,11,14:06:03,14:27:57,14:28:23,COMPLETED,19443.0,438.2,1314.42,1340.41
887,medium,13,13:58:39,14:16:31,14:29:28,COMPLETED,37430.0,12941.3,1072.92,1849.13
1169,easy,11,14:06:38,14:29:34,14:29:40,COMPLETED,23999.0,111.0,1376.45,1382.81
1082,medium,14,14:01:26,14:20:41,14:31:03,COMPLETED,24842.0,10370.5,1155.44,1777.40
1081,hard,15,14:06:47,14:29:47,14:31:09,COMPLETED,28546.0,1382.4,1380.14,1462.73
1084,easy,11,14:07:23,14:31:09,14:32:00,COMPLETED,31986.0,849.2,1426.73,1477.39
1106,easy,11,14:07:25,14:32:06,14:32:13,COMPLETED,23458.0,111.0,1481.71,1488.07
1109,easy,11,14:07:35,14:32:19,14:32:57,COMPLETED,23451.0,642.0,1484.40,1522.61
1048,easy,12,14:07:42,14:33:03,14:33:42,COMPLETED,28076.0,640.7,1521.94,1560.05
1119,medium,13,14:07:25,14:31:16,14:34:32,COMPLETED,29020.0,3282.3,1431.11,1627.74
941,medium,14,13:36:27,13:37:32,14:34:39,COMPLETED,37962.0,57121.2,65.18,3492.07
1156,easy,11,14:08:08,14:34:39,14:34:52,COMPLETED,28302.0,222.9,1591.07,1604.14
751,hard,15,12:59:47,12:59:48,14:36:22,COMPLETED,30219.0,96570.7,1.66,5795.65
923,medium,14,13:12:26,13:17:35,14:38:38,COMPLETED,33423.0,81054.9,309.76,5172.84
1113,medium,14,14:06:31,14:28:29,14:39:18,COMPLETED,32399.0,10812.7,1318.74,1967.03
1158,medium,13,14:10:37,14:38:45,14:40:03,COMPLETED,27479.0,1304.6,1688.39,1766.18
922,hard,15,13:32:53,13:32:58,14:41:19,COMPLETED,31699.0,68354.8,5.76,4106.83
1175,easy,11,14:11:48,14:41:26,14:41:51,COMPLETED,22188.0,430.2,1778.22,1803.71
1035,easy,12,14:12:12,14:41:58,14:42:23,COMPLETED,26142.0,431.5,1786.06,1811.60
890,medium,14,13:51:08,14:00:47,14:42:42,COMPLETED,41356.0,41929.6,579.25,3094.75
1078,easy,11,14:12:28,14:42:29,14:42:42,COMPLETED,24257.0,219.3,1801.98,1814.75
1060,easy,11,14:12:40,14:42:49,14:43:01,COMPLETED,24267.0,218.0,1809.16,1821.95
1062,hard,15,14:08:51,14:34:45,14:43:14,COMPLETED,29780.0,8488.2,1554.60,2063.63
1071,easy,11,14:13:03,14:43:08,14:43:14,COMPLETED,28870.0,111.1,1805.27,1811.63
1164,hard,15,14:10:20,14:34:58,14:43:39,COMPLETED,25042.0,8696.2,1478.48,1999.98
1167,medium,14,14:10:29,14:36:29,14:44:30,COMPLETED,41384.0,8027.8,1560.21,2041.55
1107,medium,14,14:05:06,14:24:31,14:45:02,COMPLETED,34425.0,20527.3,1165.04,2396.40
1002,medium,14,13:58:38,14:16:06,14:46:38,COMPLETED,29500.0,30550.4,1048.14,2880.79
1185,easy,12,14:14:39,14:46:45,14:46:58,COMPLETED,28134.0,230.1,1926.31,1939.59
1077,medium,14,14:14:02,14:43:46,14:47:05,COMPLETED,26281.0,3323.6,1784.31,1983.16
1076,medium,14,14:12:48,14:42:49,14:49:40,COMPLETED,35746.0,6858.6,1801.16,2212.32
1189,medium,13,14:01:09,14:20:22,14:49:46,COMPLETED,42457.0,29417.7,1153.30,2917.80
1014,hard,15,13:25:35,13:25:48,14:50:19,COMPLETED,32624.0,84529.2,13.17,5084.61
1145,medium,14,14:02:45,14:20:54,14:50:52,COMPLETED,35374.0,29971.9,1089.17,2887.24
1138,easy,12,14:16:08,14:49:46,14:51:05,COMPLETED,32597.0,1310.9,2018.80,2097.17
758,medium,14,12:51:26,12:51:30,14:51:37,COMPLETED,44485.0,120119.2,4.05,7211.16
823,medium,14,12:43:29,12:43:56,14:52:21,COMPLETED,39250.0,128410.8,27.93,7732.43
1136,medium,14,14:17:21,14:51:11,14:53:24,COMPLETED,25620.0,2229.0,2030.50,2163.93
1133,medium,13,14:16:53,14:50:26,14:55:50,COMPLETED,33218.0,5410.8,2013.16,2337.52
1114,medium,13,14:14:18,14:45:08,14:56:54,COMPLETED,24043.0,11771.6,1850.74,2556.59
343,hard,15,10:38:35,10:38:38,14:57:07,COMPLETED,36076.0,258481.6,3.75,15512.56
1153,easy,12,14:18:29,14:55:56,14:58:57,COMPLETED,27717.0,3018.8,2247.86,2428.51
1134,easy,12,14:18:49,14:59:04,15:00:48,COMPLETED,30035.0,1740.9,2415.05,2519.01
1174,medium,13,14:15:18,14:47:05,15:01:07,COMPLETED,27941.0,14043.0,1907.16,2749.49
1015,hard,15,13:55:50,14:14:30,15:01:13,COMPLETED,29051.0,46727.4,1120.63,3923.81
1038,medium,14,14:18:36,14:57:14,15:01:27,COMPLETED,31523.0,4223.1,2318.10,2571.02
1089,easy,11,14:20:00,15:01:20,15:01:40,COMPLETED,26852.0,338.1,2480.44,2500.23
1025,easy,11,14:21:10,15:01:46,15:01:59,COMPLETED,31145.0,227.2,2436.78,2449.84
1037,easy,12,14:19:00,15:01:13,15:02:26,COMPLETED,27405.0,1211.5,2533.81,2606.02
1177,easy,12,14:21:59,15:02:06,15:02:26,COMPLETED,21354.0,335.1,2407.46,2427.02
1074,medium,14,14:18:36,14:57:01,15:02:39,COMPLETED,30194.0,5641.1,2305.14,2643.32
1085,easy,11,14:23:24,15:02:32,15:02:45,COMPLETED,18525.0,224.0,2348.60,2361.66
1104,easy,11,14:23:54,15:02:52,15:02:58,COMPLETED,27350.0,112.9,2338.08,2344.50
915,hard,15,13:43:28,13:46:06,15:03:55,COMPLETED,34381.0,77818.1,158.90,4827.78
1099,medium,13,14:23:41,15:02:45,15:04:59,COMPLETED,31171.0,2229.3,2344.66,2478.12
979,hard,15,13:09:05,13:11:54,15:06:21,COMPLETED,35940.0,114445.8,169.93,7036.52
1180,easy,11,14:24:58,15:06:27,15:06:34,COMPLETED,31018.0,112.7,2489.88,2496.30
1149,medium,14,14:16:35,14:49:53,15:06:47,COMPLETED,29110.0,16897.7,1998.50,3012.07
1063,easy,11,14:25:34,15:06:40,15:06:47,COMPLETED,24253.0,112.9,2466.67,2473.07
1034,easy,12,14:24:30,15:04:02,15:07:25,COMPLETED,29562.0,3388.5,2372.14,2575.17
1186,easy,12,14:24:45,15:05:05,15:07:37,COMPLETED,36832.0,2545.0,2420.45,2572.86
1049,easy,12,14:25:43,15:06:53,15:07:37,COMPLETED,21194.0,744.8,2470.47,2514.86
1031,medium,14,14:05:36,14:24:31,15:08:10,COMPLETED,33278.0,43656.6,1135.04,3754.10
1183,medium,14,14:21:02,15:01:33,15:08:55,COMPLETED,28188.0,7370.2,2431.56,2873.34
1041,medium,13,14:14:15,14:44:36,15:09:01,COMPLETED,29638.0,24424.4,1821.93,3286.87
1056,easy,11,14:27:59,15:09:08,15:09:15,COMPLETED,27263.0,118.7,2469.54,2476.15
1127,easy,11,14:28:22,15:09:21,15:09:34,COMPLETED,28616.0,223.2,2459.69,2472.56
1094,easy,12,14:29:02,15:09:41,15:09:54,COMPLETED,29573.0,226.6,2439.12,2452.20
1042,medium,14,14:17:29,14:51:43,15:10:13,COMPLETED,28159.0,18507.2,2054.49,3164.51
1116,medium,13,14:27:24,15:09:01,15:10:26,COMPLETED,25020.0,1421.6,2497.87,2582.69
995,hard,15,13:49:32,13:59:48,15:11:50,COMPLETED,32580.0,72045.7,616.37,4938.79
1120,easy,12,14:32:05,15:11:57,15:12:30,COMPLETED,22994.0,553.8,2392.33,2425.03
1141,medium,13,14:25:44,15:06:53,15:12:56,COMPLETED,29926.0,6048.7,2469.47,2832.01
1130,easy,11,14:33:21,15:13:02,15:13:15,COMPLETED,28610.0,220.8,2381.55,2394.50
1126,easy,11,14:33:24,15:13:21,15:13:34,COMPLETED,31059.0,226.6,2397.83,2410.91
1055,hard,15,14:25:54,15:07:31,15:13:41,COMPLETED,29849.0,6177.9,2497.50,2867.47
1152,medium,13,14:26:39,15:07:44,15:13:41,COMPLETED,26010.0,5967.1,2465.19,2822.47
1166,easy,12,14:33:49,15:13:48,15:14:20,COMPLETED,29749.0,538.5,2399.31,2431.27
1051,easy,12,14:34:01,15:13:48,15:14:20,COMPLETED,28444.0,537.6,2387.31,2419.27
1137,easy,11,14:34:41,15:14:26,15:14:39,COMPLETED,22448.0,218.3,2385.67,2398.47
1052,easy,11,14:35:04,15:14:45,15:14:52,COMPLETED,29883.0,113.5,2381.85,2388.27
1091,medium,13,14:27:18,15:08:16,15:15:05,COMPLETED,27430.0,6811.3,2458.66,2867.07
1168,easy,12,14:33:44,15:13:41,15:15:11,COMPLETED,32580.0,1504.4,2397.47,2487.41
1068,easy,12,14:35:21,15:15:11,15:15:24,COMPLETED,32084.0,218.4,2390.41,2403.21
1054,easy,12,14:35:13,15:14:58,15:15:30,COMPLETED,23642.0,536.6,2385.69,2417.54
1027,easy,12,14:35:38,15:15:17,15:15:55,COMPLETED,31066.0,639.8,2379.81,2417.90
1135,easy,12,14:36:05,15:15:30,15:16:02,COMPLETED,28491.0,534.2,2365.54,2397.23
1098,medium,14,14:29:09,15:10:00,15:16:21,COMPLETED,30710.0,6348.4,2451.76,2832.35
1121,easy,12,14:36:38,15:16:02,15:16:40,COMPLETED,28741.0,641.4,2364.23,2402.42
1100,medium,13,14:37:12,15:16:08,15:17:56,COMPLETED,25889.0,1798.3,2336.63,2444.23
1097,hard,15,14:11:35,14:40:09,15:18:40,COMPLETED,25827.0,38520.4,1714.73,4025.69
655,hard,15,11:18:58,11:19:03,15:19:06,COMPLETED,37686.0,240036.3,5.97,14408.09
1059,easy,12,14:37:56,15:18:47,15:19:31,COMPLETED,30847.0,746.8,2451.07,2495.57
1069,medium,14,14:17:13,14:50:58,15:20:34,COMPLETED,27882.0,29609.7,2025.57,3801.93
1118,medium,13,14:36:09,15:15:36,15:20:34,COMPLETED,34130.0,4971.6,2367.92,2665.93
1050,easy,11,14:40:38,15:20:41,15:21:06,COMPLETED,34012.0,426.2,2403.26,2428.57
1129,medium,13,14:37:54,15:18:02,15:22:47,COMPLETED,25722.0,4759.0,2408.56,2693.81
1144,medium,13,14:34:31,15:14:26,15:23:00,COMPLETED,30224.0,8569.0,2395.67,2909.54
1083,easy,11,14:41:01,15:22:54,15:23:00,COMPLETED,30208.0,111.9,2513.15,2519.54
1029,medium,13,14:37:38,15:16:27,15:23:19,COMPLETED,32487.0,6868.5,2329.74,2741.58
1108,easy,12,14:43:14,15:23:25,15:23:38,COMPLETED,19912.0,216.0,2411.91,2424.58
798,hard,15,12:38:36,12:40:41,15:24:03,COMPLETED,40298.0,163371.2,125.72,9927.89
1073,medium,14,14:41:00,15:21:12,15:24:10,COMPLETED,30294.0,2961.2,2412.90,2590.21
1028,medium,13,14:41:42,15:23:06,15:24:10,COMPLETED,28982.0,1061.9,2484.88,2548.21
1160,medium,14,14:38:07,15:19:12,15:24:42,COMPLETED,29496.0,5502.6,2465.49,2795.15
1092,easy,11,14:43:18,15:24:16,15:24:42,COMPLETED,26819.0,435.0,2458.62,2484.15
1032,easy,12,14:43:44,15:24:48,15:25:14,COMPLETED,31662.0,440.2,2464.77,2490.67
1155,easy,12,14:43:54,15:24:48,15:25:34,COMPLETED,32356.0,766.7,2454.77,2500.32
1170,medium,13,14:42:39,15:23:06,15:28:14,COMPLETED,36620.0,5124.0,2427.88,2735.07
1105,medium,14,14:13:45,14:43:20,15:30:01,COMPLETED,33459.0,46680.7,1775.96,4576.63
1023,medium,13,14:45:09,15:25:40,15:30:26,COMPLETED,25911.0,4773.1,2431.87,2717.95
1154,medium,14,14:11:17,14:39:24,15:30:52,COMPLETED,29588.0,51466.8,1687.58,4775.38
1117,medium,13,14:44:58,15:25:21,15:31:55,COMPLETED,30921.0,6577.4,2423.23,2817.59
980,medium,14,13:48:56,13:59:15,15:32:46,COMPLETED,34223.0,93518.9,619.91,6230.74
1176,medium,13,14:45:26,15:28:20,15:35:41,COMPLETED,27340.0,7360.5,2574.41,3015.76
1125,easy,12,14:47:23,15:35:48,15:36:13,COMPLETED,28136.0,436.4,2905.09,2930.96
1171,easy,11,14:48:08,15:36:20,15:36:59,COMPLETED,26970.0,655.7,2892.29,2931.33
1161,medium,14,14:43:16,15:23:44,15:38:36,COMPLETED,29873.0,14859.8,2428.90,3320.21
1181,hard,15,14:07:49,14:33:48,15:39:01,COMPLETED,34752.0,65222.2,1559.42,5472.55
1103,medium,13,14:46:46,15:32:01,15:39:07,COMPLETED,30864.0,7104.9,2715.92,3141.88
1057,easy,11,14:48:45,15:39:07,15:39:20,COMPLETED,25328.0,217.2,3022.88,3035.62
999,hard,15,13:33:58,13:34:01,15:39:39,COMPLETED,37061.0,125632.0,3.87,7541.63
1172,easy,11,14:48:55,15:39:14,15:39:45,COMPLETED,29132.0,534.1,3019.26,3050.96
1026,easy,12,14:49:07,15:39:26,15:39:52,COMPLETED,31317.0,428.7,3019.95,3045.34
1058,easy,11,14:49:38,15:39:52,15:39:58,COMPLETED,23853.0,112.2,3014.34,3020.71
1020,easy,11,14:50:41,15:39:58,15:40:55,COMPLETED,29151.0,956.1,2957.71,3014.77
1151,easy,12,14:51:08,15:41:02,15:41:46,COMPLETED,31157.0,742.1,2994.11,3038.34
1157,easy,11,14:51:09,15:41:52,15:42:05,COMPLETED,22364.0,216.4,3043.66,3056.34
1022,medium,13,14:50:48,15:40:05,15:42:18,COMPLETED,31003.0,2220.5,2957.10,3090.03
707,hard,15,12:53:21,12:53:26,15:42:24,COMPLETED,28708.0,168963.4,5.73,10143.36
1147,medium,14,14:49:19,15:39:45,15:42:43,COMPLETED,27368.0,2964.9,3026.96,3204.52
1072,easy,11,14:51:34,15:42:30,15:42:49,COMPLETED,27719.0,325.0,3056.74,3075.90
1043,easy,12,14:51:27,15:42:24,15:42:56,COMPLETED,35970.0,537.5,3057.36,3089.28
1093,easy,11,14:51:52,15:42:49,15:42:56,COMPLETED,28665.0,112.1,3057.90,3064.28
484,medium,14,10:24:28,10:24:32,15:43:09,COMPLETED,29888.0,318617.1,4.06,19121.04
512,hard,15,11:07:00,11:07:03,15:43:09,COMPLETED,30686.0,276093.4,3.45,16569.04
1101,easy,11,14:53:14,15:43:02,15:43:09,COMPLETED,22887.0,111.8,2988.65,2995.04
1065,easy,12,14:52:41,15:42:56,15:43:15,COMPLETED,20440.0,325.5,3015.28,3034.39
1088,easy,12,14:53:18,15:43:02,15:43:21,COMPLETED,27612.0,324.9,2984.65,3003.86
1047,easy,11,14:53:24,15:43:15,15:43:21,COMPLETED,27438.0,113.7,2991.39,2997.86
1090,easy,11,14:53:46,15:43:15,15:43:28,COMPLETED,26973.0,225.0,2969.39,2982.24
1162,medium,14,14:46:50,15:32:53,15:44:07,COMPLETED,30184.0,11242.6,2763.31,3437.61
1146,easy,12,14:55:21,15:43:28,15:44:07,COMPLETED,30110.0,659.0,2887.24,2926.61
1064,easy,11,14:55:43,15:44:13,15:44:20,COMPLETED,26632.0,120.0,2910.94,2917.69
1066,medium,14,14:32:22,15:12:36,15:44:46,COMPLETED,29062.0,32175.2,2414.60,4344.73
1131,easy,12,14:53:40,15:43:15,15:45:06,COMPLETED,22265.0,1854.8,2975.39,3086.26
1143,medium,14,14:45:32,15:30:07,15:48:46,COMPLETED,28745.0,18643.3,2675.96,3794.14
1102,easy,12,14:57:31,15:48:52,15:49:18,COMPLETED,21971.0,439.5,3081.69,3107.51
1033,hard,15,14:18:53,15:00:54,15:49:44,COMPLETED,35127.0,48834.9,2521.56,5451.46
1036,easy,11,14:58:07,15:49:25,15:49:50,COMPLETED,22729.0,434.0,3078.10,3103.79
873,hard,15,13:42:32,13:43:15,15:50:41,COMPLETED,33564.0,127427.1,43.95,7689.40
1122,medium,14,14:56:59,15:45:12,15:51:19,COMPLETED,33148.0,6115.9,2893.81,3260.45
1079,medium,14,14:48:31,15:38:42,15:54:09,COMPLETED,34783.0,15460.8,3011.55,3938.94
1132,medium,14,14:26:54,15:07:44,15:57:49,COMPLETED,27455.0,50087.1,2450.19,5455.11
1096,medium,14,14:54:46,15:43:21,15:58:02,COMPLETED,34352.0,14677.5,2915.86,3796.25
1271,easy,12,15:01:13,15:57:55,15:58:34,COMPLETED,35989.0,658.5,3402.66,3441.65
1269,easy,12,15:01:13,15:58:08,15:58:34,COMPLETED,20524.0,444.0,3415.58,3441.65
1264,easy,11,15:03:04,15:58:41,15:58:47,COMPLETED,27044.0,117.9,3337.25,3343.92
377,hard,15,10:13:54,10:13:59,15:59:13,COMPLETED,35694.0,345232.4,5.84,20719.74
1070,medium,13,14:59:30,15:50:47,15:59:13,COMPLETED,31352.0,8440.0,3077.80,3583.74
1347,easy,11,15:03:28,15:58:54,15:59:13,COMPLETED,27537.0,330.0,3326.46,3345.74
1299,easy,11,15:03:55,15:59:20,15:59:26,COMPLETED,27495.0,115.3,3325.30,3331.76
1298,easy,11,15:03:34,15:59:20,15:59:33,COMPLETED,28286.0,230.5,3346.30,3359.33
1163,medium,14,14:58:42,15:49:57,15:59:40,COMPLETED,32866.0,9722.7,3075.17,3658.20
1214,easy,11,15:04:47,15:59:20,15:59:46,COMPLETED,21813.0,446.0,3273.30,3299.60
1340,easy,11,15:06:04,15:59:46,15:59:59,COMPLETED,29873.0,228.7,3222.60,3235.84
1245,easy,11,15:06:34,15:59:53,16:00:19,COMPLETED,33164.0,445.7,3199.23,3225.46
1242,easy,11,15:06:48,16:00:06,16:00:26,COMPLETED,33125.0,338.7,3198.38,3218.03
1003,hard,15,13:33:42,13:33:42,16:00:39,COMPLETED,35936.0,146938.6,0.95,8817.10
1247,medium,14,15:00:10,15:51:25,16:00:51,COMPLETED,33305.0,9439.0,3075.81,3641.86
1217,easy,12,15:06:51,16:00:26,16:01:17,COMPLETED,28455.0,859.9,3215.03,3266.29
1304,easy,11,15:07:15,16:00:58,16:01:17,COMPLETED,34681.0,324.3,3223.21,3242.29
1254,easy,11,15:07:13,16:00:45,16:01:36,COMPLETED,34518.0,854.8,3212.50,3263.49
1039,medium,14,14:31:04,15:10:33,16:01:49,COMPLETED,38970.0,51269.2,2369.23,5445.19
1258,easy,12,15:07:30,16:01:23,16:01:49,COMPLETED,25614.0,429.4,3233.69,3259.19
641,hard,15,11:34:11,11:34:15,16:02:08,COMPLETED,31882.0,267872.2,4.94,16077.24
1290,easy,12,15:08:29,16:01:42,16:02:08,COMPLETED,27815.0,428.7,3193.83,3219.24
1276,medium,13,15:06:53,16:00:32,16:02:33,COMPLETED,30855.0,2020.2,3219.75,3340.62
1282,easy,11,15:09:54,16:02:14,16:02:33,COMPLETED,27265.0,323.4,3140.58,3159.62
1345,easy,12,15:07:29,16:01:23,16:03:49,COMPLETED,27788.0,2435.8,3234.69,3380.55
1308,hard,15,15:02:51,15:58:41,16:05:24,COMPLETED,28474.0,6723.7,3350.25,3753.41
1293,easy,11,15:12:21,16:05:30,16:05:49,COMPLETED,26336.0,325.1,3189.74,3208.75
1188,medium,14,14:40:22,15:20:41,16:06:28,COMPLETED,34121.0,45797.3,2419.26,5166.77
1263,easy,11,15:14:39,16:06:35,16:06:48,COMPLETED,22841.0,226.7,3116.32,3129.41
1256,medium,13,15:09:14,16:01:55,16:07:33,COMPLETED,33118.0,5641.3,3161.52,3499.59
1291,easy,11,15:15:05,16:07:40,16:08:32,COMPLETED,29689.0,873.8,3155.16,3207.08
1095,medium,14,14:58:17,15:49:50,16:09:17,COMPLETED,28701.0,19447.4,3093.79,4260.38
1086,medium,14,14:56:00,15:44:13,16:09:23,COMPLETED,34717.0,25171.3,2893.94,4403.71
1202,easy,11,15:15:20,16:08:38,16:09:30,COMPLETED,25985.0,873.3,3198.63,3250.43
1300,easy,12,15:16:10,16:09:23,16:09:43,COMPLETED,25566.0,342.5,3193.71,3213.69
1335,easy,11,15:17:09,16:09:37,16:10:03,COMPLETED,31275.0,447.8,3148.08,3174.47
1115,hard,15,14:55:33,15:43:35,16:10:16,COMPLETED,33573.0,26700.0,2882.04,4483.61
1305,easy,11,15:17:52,16:10:10,16:10:16,COMPLETED,25423.0,120.3,3138.01,3144.61
1080,hard,15,14:15:46,14:47:11,16:10:49,COMPLETED,34728.0,83628.8,1885.79,6903.35
1208,easy,11,15:19:02,16:10:23,16:11:08,COMPLETED,24129.0,765.3,3081.27,3126.80
1329,easy,11,15:19:07,16:11:15,16:11:28,COMPLETED,27785.0,224.6,3128.34,3141.50
1112,medium,14,14:54:49,15:43:28,16:11:47,COMPLETED,38570.0,28329.8,2919.24,4618.82
1328,easy,12,15:19:12,16:11:54,16:12:51,COMPLETED,32378.0,956.5,3162.15,3219.23
1238,medium,13,15:17:49,16:09:50,16:12:57,COMPLETED,31464.0,3125.7,3121.35,3308.56
799,hard,15,12:07:51,12:11:29,16:13:22,COMPLETED,34762.0,241898.0,218.11,14731.92
1024,hard,15,14:01:21,14:20:28,16:14:26,COMPLETED,35290.0,113958.8,1147.71,7985.13
1222,easy,12,15:19:47,16:12:57,16:14:26,COMPLETED,31370.0,1481.3,3190.56,3279.13
1319,easy,11,15:20:38,16:14:32,16:14:38,COMPLETED,29036.0,110.9,3234.47,3240.87
1325,easy,11,15:20:49,16:14:45,16:14:51,COMPLETED,25612.0,110.9,3236.19,3242.54
1316,medium,14,15:12:59,16:05:56,16:15:04,COMPLETED,34295.0,9136.4,3177.30,3725.22
1281,medium,14,15:00:50,15:54:16,16:15:35,COMPLETED,34990.0,21331.7,3206.27,4485.93
893,hard,15,13:51:33,14:01:39,16:16:33,COMPLETED,43435.0,134902.1,606.06,8700.05
1295,easy,11,15:21:21,16:16:39,16:16:45,COMPLETED,22581.0,114.9,3318.38,3324.78
1265,medium,13,15:14:58,16:06:54,16:16:58,COMPLETED,29278.0,10068.6,3116.96,3720.66
1250,easy,11,15:21:27,16:16:52,16:16:58,COMPLETED,25879.0,115.4,3325.31,3331.66
1216,easy,11,15:24:02,16:17:05,16:17:11,COMPLETED,30960.0,111.0,3183.27,3189.65
1280,medium,14,15:10:06,16:02:14,16:17:37,COMPLETED,27819.0,15387.8,3128.58,4051.55
1356,easy,12,15:25:15,16:17:17,16:17:37,COMPLETED,27597.0,333.5,3122.99,3142.55
1296,easy,11,15:25:58,16:17:44,16:17:57,COMPLETED,23144.0,228.8,3106.03,3119.35
1286,easy,11,15:26:14,16:18:03,16:19:14,COMPLETED,27011.0,1175.9,3109.89,3180.14
1306,easy,12,15:26:46,16:19:20,16:19:33,COMPLETED,25492.0,217.5,3154.48,3167.21
521,hard,15,11:37:21,11:37:26,16:20:17,COMPLETED,23164.0,282847.5,5.71,16976.52
1350,medium,13,15:21:33,16:17:05,16:21:20,COMPLETED,33327.0,4270.1,3332.27,3588.00
1211,easy,11,15:27:29,16:21:27,16:21:40,COMPLETED,26269.0,224.5,3238.54,3251.69
1322,medium,13,15:25:25,16:17:44,16:22:00,COMPLETED,36174.0,4273.2,3139.03,3395.14
1075,medium,14,14:48:20,15:37:05,16:22:06,COMPLETED,22601.0,45017.8,2925.67,5626.47
1284,easy,11,15:28:34,16:22:06,16:22:12,COMPLETED,30732.0,112.5,3212.47,3218.87
1233,medium,13,15:28:20,16:21:47,16:22:38,COMPLETED,24470.0,873.3,3207.03,3258.95
1205,easy,12,15:28:58,16:22:45,16:22:58,COMPLETED,26682.0,220.7,3227.50,3240.44
605,hard,15,11:53:45,11:54:30,16:23:23,COMPLETED,36206.0,268888.3,45.56,16178.80
1237,hard,15,15:08:43,16:01:55,16:24:20,COMPLETED,30978.0,22427.9,3192.52,4537.94
1272,medium,14,15:29:24,16:23:04,16:25:11,COMPLETED,26357.0,2120.3,3220.77,3347.69
1341,medium,13,15:19:10,16:11:34,16:25:30,COMPLETED,36617.0,13936.3,3144.85,3980.78
1338,easy,11,15:30:03,16:25:37,16:25:43,COMPLETED,27780.0,111.3,3334.12,3340.49
1359,medium,14,15:05:44,15:59:40,16:26:46,COMPLETED,36906.0,27116.5,3236.20,4862.94
1332,easy,11,15:31:30,16:26:53,16:27:12,COMPLETED,27620.0,322.8,3323.32,3342.38
1283,medium,13,15:27:15,16:20:23,16:27:50,COMPLETED,28831.0,7449.2,3188.85,3635.53
1159,hard,15,14:23:58,15:03:04,16:28:09,COMPLETED,34278.0,85080.6,2346.88,7451.54
1249,easy,12,15:32:25,16:28:15,16:29:13,COMPLETED,23684.0,956.8,3350.92,3408.02
1344,medium,13,15:32:24,16:27:56,16:29:25,COMPLETED,26792.0,1486.2,3332.87,3421.72
531,hard,15,11:51:09,11:51:13,16:30:54,COMPLETED,36700.0,279692.7,4.08,16785.59
1323,medium,14,15:18:56,16:10:23,16:31:00,COMPLETED,25663.0,20632.5,3087.27,4324.93
1310,easy,11,15:32:57,16:31:00,16:31:32,COMPLETED,23588.0,535.8,3483.93,3515.77
1061,hard,15,14:46:18,15:30:58,16:33:01,COMPLETED,23993.0,62044.6,2680.72,6403.22
1330,medium,13,15:16:30,16:09:30,16:33:39,COMPLETED,32095.0,24155.3,3180.43,4629.41
1326,medium,14,15:28:43,16:22:12,16:33:39,COMPLETED,28927.0,11449.8,3209.87,3896.41
1198,easy,11,15:33:09,16:33:07,16:33:45,COMPLETED,25078.0,646.6,3598.55,3636.98
1346,medium,14,15:19:03,16:10:55,16:34:05,COMPLETED,37403.0,23169.2,3112.70,4502.52
1235,medium,14,15:21:11,16:15:10,16:34:12,COMPLETED,28710.0,19032.8,3239.55,4381.05
1292,medium,13,15:33:07,16:31:39,16:34:25,COMPLETED,23005.0,2777.7,3512.11,3678.26
1320,easy,11,15:34:04,16:34:12,16:34:25,COMPLETED,24400.0,229.8,3608.05,3621.26
1294,hard,15,15:30:16,16:25:49,16:34:44,COMPLETED,31285.0,8921.8,3333.82,3868.67
1357,easy,11,15:35:14,16:34:31,16:34:44,COMPLETED,26826.0,222.7,3557.90,3570.67
1227,easy,11,15:36:01,16:34:51,16:35:17,COMPLETED,28136.0,440.5,3530.31,3556.28
1327,easy,12,15:35:26,16:34:31,16:35:30,COMPLETED,29076.0,979.2,3545.90,3604.18
967,hard,15,13:20:44,13:22:49,16:35:36,COMPLETED,27483.0,192795.0,125.21,11692.75
1046,hard,15,14:30:11,15:10:20,16:35:49,COMPLETED,31471.0,85493.2,2409.05,7538.50
1277,easy,12,15:35:35,16:34:51,16:35:49,COMPLETED,28388.0,975.1,3556.31,3614.50
1231,medium,14,15:19:50,16:13:03,16:35:55,COMPLETED,28125.0,22869.8,3193.94,4565.85
1315,easy,11,15:37:51,16:35:55,16:36:14,COMPLETED,29799.0,322.4,3484.85,3503.93
1331,easy,11,15:39:46,16:36:02,16:36:14,COMPLETED,31517.0,216.6,3376.26,3388.93
1200,easy,11,15:37:29,16:35:55,16:36:27,COMPLETED,27052.0,535.9,3506.85,3538.67
1197,medium,14,15:32:35,16:29:19,16:36:34,COMPLETED,32077.0,7250.3,3404.35,3839.04
1150,hard,15,14:45:35,15:30:33,16:36:40,COMPLETED,34543.0,66123.8,2698.29,6665.47
1221,medium,13,15:36:44,16:35:36,16:36:59,COMPLETED,25555.0,1386.6,3532.75,3615.67
1259,easy,11,15:40:52,16:37:05,16:37:18,COMPLETED,27933.0,216.2,3374.00,3386.66
824,hard,15,12:07:48,12:11:22,16:38:03,COMPLETED,32852.0,266678.2,214.42,16215.06
1274,medium,13,15:33:02,16:31:07,16:38:15,COMPLETED,34379.0,7145.3,3485.36,3913.84
1223,medium,13,15:36:18,16:35:23,16:38:15,COMPLETED,21029.0,2871.4,3545.83,3717.84
1313,easy,12,15:42:23,16:38:09,16:38:22,COMPLETED,20386.0,218.1,3346.47,3359.18
1354,easy,11,15:42:55,16:38:22,16:38:34,COMPLETED,25272.0,217.0,3327.18,3339.94
1273,easy,11,15:43:04,16:38:41,16:39:00,COMPLETED,31728.0,321.6,3337.27,3356.26
1236,medium,13,15:33:37,16:33:45,16:39:19,COMPLETED,34789.0,5558.1,3608.98,3942.26
1270,easy,11,15:43:21,16:39:25,16:39:38,COMPLETED,29064.0,216.3,3364.58,3377.26
1203,medium,13,15:43:12,16:39:06,16:39:50,COMPLETED,19808.0,744.7,3354.59,3398.96
1358,easy,12,15:42:40,16:38:22,16:40:03,COMPLETED,26960.0,1696.3,3342.18,3443.65
1285,easy,11,15:43:40,16:39:44,16:40:16,COMPLETED,31215.0,534.3,3364.58,3396.35
1349,easy,11,15:43:59,16:40:22,16:40:35,COMPLETED,26489.0,216.3,3383.68,3396.35
1355,medium,14,15:37:17,16:35:43,16:40:41,COMPLETED,29506.0,4980.6,3506.14,3804.68
1196,medium,13,15:40:01,16:36:21,16:40:41,COMPLETED,31266.0,4344.7,3380.28,3640.68
1339,easy,11,15:44:50,16:40:48,16:40:54,COMPLETED,23054.0,112.7,3358.06,3364.45
1260,easy,11,15:43:50,16:40:09,16:41:00,COMPLETED,35524.0,857.6,3379.99,3430.86
1191,medium,13,15:31:31,16:27:18,16:41:07,COMPLETED,36520.0,13821.7,3347.72,4176.52
1139,hard,15,14:43:17,15:24:10,16:41:14,COMPLETED,27253.0,77069.4,2453.21,7077.19
1253,easy,11,15:45:40,16:41:07,16:41:33,COMPLETED,29223.0,439.5,3327.52,3353.41
1199,medium,14,15:28:45,16:22:19,16:41:39,COMPLETED,26297.0,19352.5,3214.25,4374.96
1215,easy,11,15:45:47,16:41:20,16:41:46,COMPLETED,30515.0,443.6,3333.56,3359.59
1110,medium,14,14:56:27,15:44:27,16:42:19,COMPLETED,34593.0,57869.1,2880.18,6352.07
1204,easy,11,15:46:03,16:41:46,16:42:25,COMPLETED,27960.0,658.5,3343.59,3382.62
1289,easy,11,15:47:02,16:42:25,16:42:38,COMPLETED,22986.0,226.9,3323.62,3336.74
1210,medium,14,15:40:00,16:36:21,16:43:11,COMPLETED,34487.0,6838.5,3381.28,3791.20
1209,medium,13,15:45:53,16:41:39,16:43:30,COMPLETED,27045.0,1855.7,3346.96,3457.84
1244,easy,12,15:45:23,16:40:48,16:43:50,COMPLETED,27207.0,3040.1,3325.06,3507.04
1255,medium,13,15:47:23,16:43:17,16:43:50,COMPLETED,32346.0,547.4,3354.73,3387.04
1226,medium,14,15:45:29,16:41:00,16:44:09,COMPLETED,32174.0,3151.1,3331.86,3520.48
1351,easy,12,15:47:31,16:43:37,16:44:28,COMPLETED,26636.0,865.4,3366.37,3417.96
1337,easy,11,15:47:50,16:43:56,16:44:35,COMPLETED,30437.0,654.7,3366.63,3405.34
1309,easy,11,15:48:09,16:44:35,16:44:48,COMPLETED,21777.0,226.0,3386.34,3399.41
1213,easy,11,15:49:09,16:44:54,16:45:27,COMPLETED,26113.0,550.5,3345.96,3378.46
1239,medium,13,15:48:38,16:44:42,16:45:34,COMPLETED,29547.0,876.9,3364.04,3416.03
1279,easy,11,15:50:20,16:45:40,16:45:53,COMPLETED,22612.0,219.8,3320.70,3333.56
1348,medium,14,15:29:39,16:24:27,16:47:23,COMPLETED,38415.0,22938.4,3288.31,4664.41
1275,hard,15,15:42:57,16:38:28,16:47:55,COMPLETED,30658.0,9447.2,3331.58,3898.16
1278,easy,11,15:50:32,16:48:01,16:48:20,COMPLETED,33866.0,321.6,3449.49,3468.48
1218,medium,13,15:45:41,16:41:14,16:48:26,COMPLETED,29043.0,7215.5,3333.19,3765.81
1287,easy,12,15:50:45,16:48:26,16:48:39,COMPLETED,23149.0,217.4,3461.81,3474.56
1267,medium,13,15:50:30,16:45:59,16:49:42,COMPLETED,30796.0,3719.0,3329.91,3552.76
1206,easy,12,15:50:54,16:48:33,16:49:55,COMPLETED,29050.0,1376.0,3459.18,3541.45
1257,medium,13,15:34:49,16:34:18,16:50:39,COMPLETED,38906.0,16355.1,3569.68,4550.76
1207,medium,14,15:46:41,16:41:53,16:51:05,COMPLETED,31960.0,9203.2,3312.23,3864.17
1234,easy,11,15:52:31,16:51:11,16:51:43,COMPLETED,18893.0,532.9,3520.49,3552.12
1307,medium,13,15:40:40,16:36:46,16:52:02,COMPLETED,25890.0,15258.1,3366.92,4282.16
1225,hard,15,15:33:31,16:33:45,16:52:27,COMPLETED,29054.0,18704.2,3614.98,4736.98
1318,easy,11,15:53:02,16:51:49,16:52:27,COMPLETED,35510.0,647.2,3527.49,3565.98
1262,medium,14,15:51:14,16:48:45,16:52:47,COMPLETED,28807.0,4037.0,3451.89,3693.64
1317,easy,12,15:54:34,16:52:08,16:53:07,COMPLETED,31559.0,989.6,3454.49,3513.45
1266,easy,12,15:54:48,16:52:34,16:53:07,COMPLETED,30617.0,559.0,3466.35,3499.45
1342,medium,14,15:52:31,16:50:46,16:53:46,COMPLETED,30131.0,3010.9,3495.10,3675.27
1195,medium,13,15:50:31,16:47:29,16:54:05,COMPLETED,22966.0,6604.8,3418.74,3814.75
1243,easy,12,15:55:34,16:53:13,16:54:05,COMPLETED,23268.0,868.5,3459.94,3511.75
1352,easy,12,15:56:05,16:53:13,16:54:05,COMPLETED,33028.0,867.0,3428.94,3480.75
1324,easy,11,15:56:06,16:53:52,16:54:05,COMPLETED,29713.0,220.8,3466.82,3479.75
1314,easy,12,15:56:41,16:54:12,16:54:38,COMPLETED,26585.0,445.3,3451.10,3477.49
1192,easy,12,15:56:06,16:54:12,16:54:58,COMPLETED,27348.0,775.8,3486.10,3532.15
1334,easy,12,15:59:14,16:54:45,16:55:11,COMPLETED,32537.0,446.1,3331.03,3357.32
1111,hard,15,14:43:21,15:24:16,16:56:15,COMPLETED,34682.0,91991.4,2455.62,7974.87
1252,medium,14,15:29:35,16:23:30,16:56:22,COMPLETED,23150.0,32881.9,3235.14,5207.49
1194,medium,13,15:55:10,16:52:54,16:56:22,COMPLETED,24971.0,3484.6,3464.19,3672.49
130,hard,15,08:35:39,08:35:45,16:56:29,COMPLETED,40523.0,500740.8,6.12,30050.37
1414,easy,11,16:00:45,16:56:29,16:56:42,COMPLETED,27934.0,229.5,3344.37,3357.74
1506,easy,12,16:00:48,16:56:36,16:57:08,COMPLETED,25335.0,544.3,3348.12,3380.47
1432,easy,12,16:00:33,16:56:29,16:57:47,COMPLETED,36331.0,1305.2,3356.37,3434.18
1268,medium,14,15:48:04,16:44:16,16:57:53,COMPLETED,30998.0,13636.8,3372.02,4189.75
1452,easy,11,16:00:52,16:56:49,16:57:53,COMPLETED,36117.0,1084.2,3357.29,3421.75
1321,medium,13,15:57:35,16:54:12,16:58:32,COMPLETED,28344.0,4342.6,3397.10,3657.64
1461,easy,11,16:01:38,16:58:00,16:58:32,COMPLETED,26779.0,542.8,3382.39,3414.64
1390,easy,12,16:02:33,16:58:38,16:59:10,COMPLETED,32119.0,534.6,3365.98,3397.75
1404,easy,11,16:03:21,16:59:17,16:59:29,COMPLETED,24195.0,216.9,3356.09,3368.79
1502,easy,11,16:03:43,16:59:36,16:59:48,COMPLETED,25230.0,216.7,3353.13,3365.83
1190,medium,13,15:44:36,16:40:41,17:01:29,COMPLETED,38012.0,20808.0,3365.68,4613.92
1464,medium,13,16:01:24,16:57:53,17:01:29,COMPLETED,30549.0,3607.9,3389.75,3605.92
1193,medium,14,15:43:47,16:39:57,17:02:26,COMPLETED,29505.0,22497.9,3370.30,4719.94
839,hard,15,12:55:56,12:56:01,17:03:50,COMPLETED,34743.0,247816.1,5.22,14874.05
1509,easy,12,16:04:55,17:03:56,17:04:16,COMPLETED,27841.0,336.1,3541.66,3561.29
1228,hard,15,15:12:14,16:03:55,17:04:48,COMPLETED,33502.0,60887.0,3101.88,6754.90
981,hard,15,13:40:08,13:40:54,17:05:34,COMPLETED,37299.0,204666.5,46.28,12326.10
866,medium,14,13:41:28,13:42:44,17:06:13,COMPLETED,43744.0,203487.6,76.19,12285.28
1240,hard,15,15:11:26,16:02:40,17:06:13,COMPLETED,32371.0,63559.3,3074.01,6887.28
1481,easy,12,16:07:18,17:06:19,17:06:32,COMPLETED,28315.0,224.4,3541.87,3554.85
1493,easy,11,16:06:48,17:05:40,17:06:52,COMPLETED,40578.0,1194.7,3532.69,3604.09
1384,easy,11,16:09:06,17:06:58,17:07:18,COMPLETED,20286.0,335.3,3472.41,3492.04
1399,easy,12,16:08:45,17:06:39,17:07:37,COMPLETED,30830.0,980.4,3474.39,3532.72
1367,easy,12,16:06:40,17:04:55,17:08:16,COMPLETED,26340.0,3366.6,3495.27,3696.64
1498,medium,13,16:07:53,17:06:19,17:08:23,COMPLETED,24233.0,2062.0,3506.87,3630.34
1451,easy,12,16:10:33,17:08:23,17:08:48,COMPLETED,21457.0,434.2,3470.34,3495.90
1485,easy,12,16:11:28,17:08:55,17:09:15,COMPLETED,29083.0,331.9,3447.45,3467.00
1520,easy,12,16:12:01,17:09:21,17:10:43,COMPLETED,26711.0,1375.2,3440.39,3522.59
1406,easy,11,16:13:00,17:10:49,17:11:08,COMPLETED,29323.0,321.6,3469.93,3488.92
1387,easy,12,16:13:10,17:11:15,17:11:21,COMPLETED,22639.0,111.2,3485.25,3491.62
1489,easy,12,16:13:23,17:11:27,17:12:37,COMPLETED,32278.0,1165.8,3484.94,3554.54
1251,hard,15,15:19:58,16:13:29,17:13:28,COMPLETED,35174.0,59990.2,3211.25,6810.49
1241,medium,14,15:05:37,15:59:33,17:13:41,COMPLETED,30608.0,74134.0,3236.33,7684.24
689,hard,15,12:46:49,12:46:49,17:13:53,COMPLETED,36510.0,267079.4,0.25,16024.95
1378,easy,12,16:13:42,17:13:34,17:14:19,COMPLETED,27131.0,758.6,3592.86,3637.88
1475,medium,13,16:10:41,17:08:29,17:14:52,COMPLETED,28933.0,6378.5,3468.72,3851.09
1470,easy,12,16:13:45,17:13:47,17:15:11,COMPLETED,23914.0,1407.4,3602.57,3686.54
1413,easy,11,16:15:56,17:15:18,17:15:31,COMPLETED,28032.0,226.2,3562.08,3575.16
1477,medium,14,16:04:15,17:01:36,17:15:37,COMPLETED,28902.0,14032.5,3441.27,4282.70
1445,hard,15,16:03:05,16:58:38,17:15:44,COMPLETED,30709.0,17099.6,3333.98,4359.41
1288,medium,14,15:32:48,16:29:32,17:15:51,COMPLETED,28929.0,46322.3,3404.07,6183.13
1522,medium,13,16:13:39,17:12:43,17:15:51,COMPLETED,35457.0,3127.9,3544.92,3732.13
1380,easy,11,16:16:01,17:15:44,17:15:57,COMPLETED,21458.0,232.7,3583.41,3596.68
1426,easy,11,16:16:13,17:15:51,17:16:04,COMPLETED,24009.0,229.4,3578.13,3591.48
1248,medium,13,15:59:47,16:56:22,17:17:21,COMPLETED,40276.0,20997.4,3395.49,4654.97
1434,easy,11,16:19:11,17:17:28,17:17:35,COMPLETED,27020.0,119.5,3497.50,3504.10
1439,hard,15,16:04:29,17:02:33,17:17:54,COMPLETED,33952.0,15363.4,3484.28,4405.84
1486,easy,12,16:18:58,17:16:10,17:18:52,COMPLETED,26554.0,2691.7,3432.94,3594.16
1514,easy,11,16:19:49,17:18:58,17:19:17,COMPLETED,23979.0,324.6,3549.49,3568.46
1471,medium,13,16:17:00,17:15:57,17:19:30,COMPLETED,29200.0,3553.6,3537.68,3750.61
1482,medium,13,16:19:12,17:17:41,17:19:30,COMPLETED,27170.0,1820.0,3509.72,3618.61
1499,easy,11,16:20:35,17:19:36,17:19:43,COMPLETED,21842.0,114.9,3541.96,3548.35
1232,hard,15,15:11:39,16:02:40,17:20:09,COMPLETED,34008.0,77491.1,3061.01,7710.37
888,hard,15,13:19:41,13:20:29,17:20:28,COMPLETED,25719.0,239976.7,48.85,14447.36
1466,medium,14,16:02:32,16:58:00,17:21:44,COMPLETED,32663.0,23734.9,3328.39,4752.36
1261,hard,15,15:30:02,16:25:18,17:21:57,COMPLETED,30027.0,56652.7,3316.04,6715.06
1524,easy,12,16:24:43,17:21:50,17:22:09,COMPLETED,29120.0,323.0,3427.69,3446.76
1301,medium,14,15:54:54,16:52:34,17:22:47,COMPLETED,38735.0,30225.3,3460.35,5273.73
1393,medium,13,16:20:07,17:19:23,17:23:06,COMPLETED,29518.0,3718.3,3557.00,3779.83
1503,medium,14,16:18:13,17:16:04,17:24:03,COMPLETED,31050.0,7992.0,3471.48,3950.73
1422,medium,13,16:25:03,17:22:16,17:24:10,COMPLETED,24626.0,1905.1,3433.10,3547.07
1371,easy,11,16:25:27,17:24:10,17:24:16,COMPLETED,23495.0,113.2,3523.07,3529.45
1437,easy,11,16:25:31,17:24:16,17:24:41,COMPLETED,24195.0,429.1,3525.45,3550.90
1382,easy,12,16:25:22,17:23:13,17:25:07,COMPLETED,28877.0,1906.1,3471.16,3585.21
771,hard,15,12:47:51,12:47:52,17:25:19,COMPLETED,33682.0,277457.3,1.55,16648.92
1508,hard,15,16:10:25,17:07:44,17:28:20,COMPLETED,34704.0,20602.5,3439.26,4675.13
1140,hard,15,14:37:40,15:16:46,17:29:04,COMPLETED,34021.0,132298.5,2346.75,10284.52
1427,medium,13,16:25:58,17:25:13,17:29:48,COMPLETED,28424.0,4593.3,3555.55,3830.86
1453,medium,14,16:09:15,17:07:24,17:30:27,COMPLETED,35285.0,23054.3,3489.57,4872.56
1424,easy,11,16:27:52,17:30:33,17:31:18,COMPLETED,23626.0,754.5,3761.95,3806.92
1425,medium,13,16:27:52,17:29:55,17:31:25,COMPLETED,29131.0,1507.0,3723.19,3813.26
1443,medium,14,16:17:53,17:15:57,17:31:44,COMPLETED,33536.0,15779.5,3484.68,4431.31
1128,hard,15,14:56:29,15:44:53,17:34:28,COMPLETED,31867.0,109589.9,2904.30,9479.57
1230,medium,14,15:40:32,16:36:40,17:34:34,COMPLETED,30224.0,57910.3,3368.47,6842.90
1460,easy,11,16:28:39,17:34:34,17:34:41,COMPLETED,34738.0,111.9,3955.90,3962.28
1336,medium,14,15:51:33,16:49:49,17:35:12,COMPLETED,40284.0,45401.0,3496.09,6219.94
1527,easy,12,16:28:53,17:34:47,17:35:19,COMPLETED,23049.0,534.3,3954.65,3986.35
1401,easy,12,16:28:40,17:34:41,17:35:51,COMPLETED,27323.0,1169.1,3961.28,4031.11
1407,easy,12,16:29:03,17:35:19,17:37:19,COMPLETED,37200.0,2010.4,3976.35,4096.68
125,hard,15,08:52:50,08:52:55,17:37:26,COMPLETED,37758.0,524510.5,5.43,31476.01
1429,hard,15,16:25:37,17:24:22,17:38:16,COMPLETED,30481.0,13899.9,3525.90,4359.64
1496,easy,11,16:30:24,17:38:22,17:38:41,COMPLETED,30138.0,322.1,4078.98,4097.98
1409,medium,13,16:30:01,17:37:26,17:40:04,COMPLETED,25044.0,2643.5,4045.01,4203.33
1184,hard,15,14:13:11,14:43:20,17:40:23,COMPLETED,31862.0,177042.0,1809.96,12432.40
1418,hard,15,16:25:16,17:22:54,17:40:29,COMPLETED,33275.0,17598.1,3458.12,4513.72
1392,medium,13,16:29:30,17:35:57,17:40:29,COMPLETED,31602.0,4543.5,3987.46,4259.72
1494,easy,11,16:31:07,17:40:36,17:40:42,COMPLETED,22565.0,111.9,4169.12,4175.53
1474,easy,11,16:31:13,17:40:36,17:40:42,COMPLETED,21805.0,111.3,4163.12,4169.53
1045,hard,15,14:17:39,14:53:31,17:41:07,COMPLETED,34138.0,167611.8,2152.28,12208.90
1484,easy,12,16:32:57,17:41:14,17:41:33,COMPLETED,28624.0,321.8,4097.22,4116.21
1376,medium,14,16:23:37,17:20:34,17:41:52,COMPLETED,31767.0,21299.2,3417.69,4695.41
1442,medium,14,16:24:55,17:22:03,17:42:57,COMPLETED,34740.0,20903.9,3428.40,4682.26
1383,medium,13,16:25:47,17:24:48,17:43:29,COMPLETED,33008.0,18693.7,3541.22,4662.62
1488,easy,11,16:33:19,17:43:03,17:43:29,COMPLETED,25538.0,435.4,4184.81,4210.62
1362,easy,12,16:33:15,17:41:58,17:43:48,COMPLETED,31406.0,1838.3,4123.74,4233.74
1483,easy,12,16:34:56,17:43:35,17:44:39,COMPLETED,28912.0,1066.4,4119.95,4183.63
1519,medium,14,16:30:10,17:37:32,17:46:52,COMPLETED,25134.0,9342.8,4042.39,4602.68
1412,easy,12,16:37:16,17:44:45,17:46:59,COMPLETED,26670.0,2223.5,4049.97,4183.02
1365,medium,14,16:04:01,17:01:36,17:47:18,COMPLETED,34614.0,45699.7,3455.27,6197.07
1448,easy,11,16:37:31,17:47:24,17:48:15,COMPLETED,33117.0,849.7,4193.40,4244.01
1516,medium,13,16:36:14,17:43:55,17:49:05,COMPLETED,27756.0,5187.5,4061.07,4371.83
1372,medium,13,16:37:46,17:49:12,17:50:10,COMPLETED,27332.0,973.6,4286.39,4344.31
1480,hard,15,16:23:17,17:19:49,17:51:47,COMPLETED,36002.0,31969.0,3392.91,5310.70
1469,medium,13,16:37:31,17:47:05,17:52:07,COMPLETED,25852.0,5041.8,4174.41,4476.44
1361,easy,12,16:38:23,17:51:54,17:52:46,COMPLETED,34471.0,882.6,4411.24,4463.69
1410,easy,12,16:38:26,17:52:13,17:52:53,COMPLETED,27097.0,660.5,4427.98,4467.25
1397,easy,12,16:39:19,17:52:53,17:53:25,COMPLETED,21754.0,545.1,4414.25,4446.43
1441,easy,12,16:39:40,17:52:59,17:53:44,COMPLETED,24002.0,764.1,4399.64,4444.99
1087,hard,15,14:23:39,15:02:32,17:54:36,COMPLETED,41574.0,172074.3,2333.60,12658.00
1396,hard,15,16:37:51,17:50:16,17:56:25,COMPLETED,33318.0,6148.2,4345.85,4714.40
1428,easy,12,16:42:34,17:56:31,17:56:50,COMPLETED,29654.0,321.4,4437.79,4456.77
1421,medium,14,16:27:58,17:31:25,17:57:16,COMPLETED,29870.0,25852.3,3807.26,5358.17
1521,hard,15,16:23:34,17:20:15,17:57:41,COMPLETED,28678.0,37433.7,3401.70,5647.47
1492,medium,13,16:41:41,17:53:51,17:57:54,COMPLETED,20691.0,4049.6,4330.54,4573.23
1433,easy,11,16:43:55,17:57:47,17:58:06,COMPLETED,23636.0,322.5,4432.86,4451.92
1366,easy,11,16:44:20,17:58:13,17:58:25,COMPLETED,27213.0,216.4,4433.25,4445.92
1440,easy,12,16:43:59,17:58:00,17:59:10,COMPLETED,23016.0,1166.4,4441.56,4511.24
1447,medium,13,16:43:31,17:57:22,17:59:35,COMPLETED,27461.0,2225.1,4431.49,4564.66
22,hard,15,08:45:10,08:45:12,18:00:00,UNFINISHED,-1,-1,-1
164,hard,15,08:54:14,08:54:17,18:00:00,UNFINISHED,-1,-1,-1
277,hard,15,09:31:44,09:31:44,18:00:00,UNFINISHED,-1,-1,-1
612,hard,15,11:21:31,11:21:31,18:00:00,UNFINISHED,-1,-1,-1
603,hard,15,11:33:13,11:33:18,18:00:00,UNFINISHED,-1,-1,-1
673,hard,15,11:34:28,11:34:28,18:00:00,UNFINISHED,-1,-1,-1
514,hard,15,11:55:55,11:59:04,18:00:00,UNFINISHED,-1,-1,-1
712,hard,15,12:19:25,12:22:42,18:00:00,UNFINISHED,-1,-1,-1
843,hard,15,12:25:23,12:26:57,18:00:00,UNFINISHED,-1,-1,-1
724,hard,15,12:28:49,12:32:46,18:00:00,UNFINISHED,-1,-1,-1
695,hard,15,12:37:33,12:40:08,18:00:00,UNFINISHED,-1,-1,-1
914,hard,15,13:02:36,13:02:40,18:00:00,UNFINISHED,-1,-1,-1
907,hard,15,13:04:18,13:05:44,18:00:00,UNFINISHED,-1,-1,-1
901,hard,15,13:24:22,13:25:09,18:00:00,UNFINISHED,-1,-1,-1
965,hard,15,13:43:37,13:48:14,18:00:00,UNFINISHED,-1,-1,-1
863,hard,15,13:55:09,14:05:00,18:00:00,UNFINISHED,-1,-1,-1
1182,hard,15,14:17:39,14:52:27,18:00:00,UNFINISHED,-1,-1,-1
1123,hard,15,14:40:17,15:19:37,18:00:00,UNFINISHED,-1,-1,-1
1142,hard,15,14:51:19,15:42:11,18:00:00,UNFINISHED,-1,-1,-1
1302,hard,15,15:20:05,16:14:32,18:00:00,UNFINISHED,-1,-1,-1
1229,hard,15,15:20:58,16:14:57,18:00:00,UNFINISHED,-1,-1,-1
1312,hard,15,15:21:14,16:15:42,18:00:00,UNFINISHED,-1,-1,-1
1212,hard,15,15:26:57,16:19:39,18:00:00,UNFINISHED,-1,-1,-1
1220,hard,15,15:34:02,16:33:52,18:00:00,UNFINISHED,-1,-1,-1
1311,hard,15,15:40:27,16:36:34,18:00:00,UNFINISHED,-1,-1,-1
1246,hard,15,15:41:17,16:37:24,18:00:00,UNFINISHED,-1,-1,-1
1343,hard,15,15:47:07,16:42:32,18:00:00,UNFINISHED,-1,-1,-1
1353,hard,15,15:47:10,16:42:45,18:00:00,UNFINISHED,-1,-1,-1
1224,hard,15,15:47:40,16:43:56,18:00:00,UNFINISHED,-1,-1,-1
1219,hard,15,15:50:16,16:45:34,18:00:00,UNFINISHED,-1,-1,-1
1297,hard,15,15:52:22,16:50:01,18:00:00,UNFINISHED,-1,-1,-1
1333,hard,15,15:56:09,16:54:12,18:00:00,UNFINISHED,-1,-1,-1
1303,medium,14,15:59:27,16:55:04,18:00:00,UNFINISHED,-1,-1,-1
1201,hard,15,15:59:42,16:55:17,18:00:00,UNFINISHED,-1,-1,-1
1479,hard,15,16:01:06,16:57:14,18:00:00,UNFINISHED,-1,-1,-1
1468,hard,15,16:03:47,16:59:55,18:00:00,UNFINISHED,-1,-1,-1
1490,hard,15,16:05:12,17:04:22,18:00:00,UNFINISHED,-1,-1,-1
1487,hard,15,16:13:53,17:14:00,18:00:00,UNFINISHED,-1,-1,-1
1405,hard,15,16:15:21,17:14:26,18:00:00,UNFINISHED,-1,-1,-1
1450,medium,14,16:15:42,17:14:58,18:00:00,UNFINISHED,-1,-1,-1
1449,hard,15,16:16:01,17:15:37,18:00:00,UNFINISHED,-1,-1,-1
1395,hard,15,16:19:19,17:18:01,18:00:00,UNFINISHED,-1,-1,-1
1465,hard,15,16:21:15,17:19:36,18:00:00,UNFINISHED,-1,-1,-1
1435,medium,14,16:26:12,17:25:26,18:00:00,UNFINISHED,-1,-1,-1
1454,medium,14,16:26:50,17:28:26,18:00:00,UNFINISHED,-1,-1,-1
1400,hard,15,16:27:31,17:29:10,18:00:00,UNFINISHED,-1,-1,-1
1478,hard,15,16:28:03,17:31:31,18:00:00,UNFINISHED,-1,-1,-1
1467,hard,15,16:28:39,17:31:50,18:00:00,UNFINISHED,-1,-1,-1
1386,medium,14,16:29:07,17:35:25,18:00:00,UNFINISHED,-1,-1,-1
1370,hard,15,16:30:25,17:38:48,18:00:00,UNFINISHED,-1,-1,-1
1430,hard,15,16:30:25,17:40:10,18:00:00,UNFINISHED,-1,-1,-1
1497,hard,15,16:30:45,17:40:29,18:00:00,UNFINISHED,-1,-1,-1
1374,hard,15,16:32:00,17:40:48,18:00:00,UNFINISHED,-1,-1,-1
1518,hard,15,16:32:27,17:40:48,18:00:00,UNFINISHED,-1,-1,-1
1436,medium,14,16:33:07,17:41:39,18:00:00,UNFINISHED,-1,-1,-1
1459,hard,15,16:35:55,17:43:35,18:00:00,UNFINISHED,-1,-1,-1
1510,hard,15,16:37:18,17:46:59,18:00:00,UNFINISHED,-1,-1,-1
1420,medium,13,16:37:43,17:48:21,18:00:00,UNFINISHED,-1,-1,-1
1457,medium,13,16:40:30,17:53:32,18:00:00,UNFINISHED,-1,-1,-1
1379,medium,14,16:42:21,17:54:43,18:00:00,UNFINISHED,-1,-1,-1
1377,medium,14,16:42:44,17:56:57,18:00:00,UNFINISHED,-1,-1,-1
1491,hard,15,16:44:37,17:58:32,18:00:00,UNFINISHED,-1,-1,-1
1368,hard,15,16:44:54,17:59:16,18:00:00,UNFINISHED,-1,-1,-1
1360,medium,14,16:44:56,17:59:42,18:00:00,UNFINISHED,-1,-1,-1
1462,hard,15,16:45:04,-,-,IGNORED,-1,-1
1381,easy,12,16:45:07,-,-,IGNORED,-1,-1
1416,medium,13,16:45:21,-,-,IGNORED,-1,-1
1373,easy,11,16:45:29,-,-,IGNORED,-1,-1
1472,easy,11,16:46:04,-,-,IGNORED,-1,-1
1385,hard,15,16:46:12,-,-,IGNORED,-1,-1
1525,easy,11,16:46:20,-,-,IGNORED,-1,-1
1438,medium,14,16:46:44,-,-,IGNORED,-1,-1
1512,medium,14,16:46:47,-,-,IGNORED,-1,-1
1375,easy,12,16:47:32,-,-,IGNORED,-1,-1
1431,easy,11,16:47:51,-,-,IGNORED,-1,-1
1411,hard,15,16:48:10,-,-,IGNORED,-1,-1
1511,hard,15,16:48:18,-,-,IGNORED,-1,-1
1403,hard,15,16:48:41,-,-,IGNORED,-1,-1
1523,medium,14,16:49:08,-,-,IGNORED,-1,-1
1476,easy,11,16:49:37,-,-,IGNORED,-1,-1
1505,easy,12,16:49:46,-,-,IGNORED,-1,-1
1398,hard,15,16:49:57,-,-,IGNORED,-1,-1
1473,medium,13,16:49:58,-,-,IGNORED,-1,-1
1455,medium,14,16:50:05,-,-,IGNORED,-1,-1
1415,medium,14,16:50:22,-,-,IGNORED,-1,-1
1513,easy,11,16:50:29,-,-,IGNORED,-1,-1
1423,medium,14,16:51:19,-,-,IGNORED,-1,-1
1394,easy,12,16:51:30,-,-,IGNORED,-1,-1
1402,hard,15,16:51:36,-,-,IGNORED,-1,-1
1504,easy,11,16:52:15,-,-,IGNORED,-1,-1
1528,medium,13,16:52:26,-,-,IGNORED,-1,-1
1369,hard,15,16:53:04,-,-,IGNORED,-1,-1
1529,hard,15,16:53:31,-,-,IGNORED,-1,-1
1526,medium,14,16:53:47,-,-,IGNORED,-1,-1
1417,medium,14,16:54:05,-,-,IGNORED,-1,-1
1363,easy,11,16:54:43,-,-,IGNORED,-1,-1
1388,easy,11,16:54:56,-,-,IGNORED,-1,-1
1515,medium,14,16:55:28,-,-,IGNORED,-1,-1
1456,easy,11,16:55:54,-,-,IGNORED,-1,-1
1495,easy,11,16:56:28,-,-,IGNORED,-1,-1
1500,easy,11,16:57:05,-,-,IGNORED,-1,-1
1419,easy,11,16:57:45,-,-,IGNORED,-1,-1
1458,medium,14,16:57:46,-,-,IGNORED,-1,-1
1507,easy,12,16:57:51,-,-,IGNORED,-1,-1
1408,easy,11,16:57:51,-,-,IGNORED,-1,-1
1501,easy,12,16:58:21,-,-,IGNORED,-1,-1
1391,hard,15,16:58:28,-,-,IGNORED,-1,-1
1463,easy,11,16:58:45,-,-,IGNORED,-1,-1
1517,hard,15,16:58:50,-,-,IGNORED,-1,-1
1444,medium,14,16:59:02,-,-,IGNORED,-1,-1
1446,easy,11,16:59:30,-,-,IGNORED,-1,-1
1389,medium,14,16:59:50,-,-,IGNORED,-1,-1
1364,hard,15,16:59:53,-,-,IGNORED,-1,-1
