task_id,difficulty,n,arrival_sim,start_sim,end_sim,status,cost,real_duration_sec,waiting_time_mili_sec,time_in_system_mili_sec
145,medium,13,08:00:09,08:00:12,08:01:49,COMPLETED,32133.0,1629.7,3.08,100.83
127,easy,11,08:00:47,08:00:49,08:01:55,COMPLETED,32592.0,1116.1,2.01,68.94
58,easy,12,08:01:04,08:01:07,08:01:55,COMPLETED,34591.0,812.3,3.28,51.94
104,easy,11,08:01:42,08:01:43,08:01:55,COMPLETED,22701.0,206.4,1.67,13.94
72,easy,12,08:02:26,08:02:26,08:02:38,COMPLETED,18764.0,203.0,0.20,12.37
7,easy,11,08:03:10,08:03:14,08:04:03,COMPLETED,30701.0,808.4,4.61,53.05
22,easy,12,08:03:07,08:03:08,08:04:27,COMPLETED,29546.0,1312.7,1.54,80.27
161,easy,12,08:04:37,08:04:39,08:05:21,COMPLETED,23172.0,708.8,2.37,44.82
121,easy,11,08:04:56,08:04:57,08:05:27,COMPLETED,24142.0,507.3,1.53,31.94
155,medium,14,08:00:41,08:00:42,08:05:40,COMPLETED,34156.0,4952.9,1.88,299.05
43,easy,12,08:04:59,08:05:03,08:05:40,COMPLETED,27010.0,607.7,4.62,41.05
93,easy,11,08:05:18,08:05:21,08:05:46,COMPLETED,25199.0,405.4,3.82,28.11
40,medium,13,08:03:02,08:03:02,08:05:52,COMPLETED,27043.0,2829.2,0.47,170.16
153,medium,13,08:03:46,08:03:50,08:06:04,COMPLETED,29833.0,2223.4,4.90,138.29
109,easy,11,08:05:52,08:05:52,08:06:40,COMPLETED,28645.0,805.4,0.16,48.47
0,easy,12,08:06:58,08:06:58,08:07:16,COMPLETED,27940.0,304.0,0.56,18.73
111,easy,11,08:07:05,08:07:10,08:07:22,COMPLETED,26328.0,203.6,5.65,17.84
66,easy,11,08:08:14,08:08:17,08:08:29,COMPLETED,22901.0,204.9,3.47,15.71
151,easy,12,08:08:52,08:08:53,08:09:36,COMPLETED,34522.0,714.7,1.98,44.79
159,medium,13,08:09:03,08:09:06,08:09:42,COMPLETED,26782.0,614.7,3.12,39.93
112,easy,12,08:09:10,08:09:12,08:09:49,COMPLETED,27786.0,614.7,2.25,39.07
102,medium,14,08:03:59,08:04:03,08:09:55,COMPLETED,26261.0,5869.5,4.05,356.19
41,easy,12,08:09:56,08:10:01,08:10:25,COMPLETED,23959.0,407.4,5.28,29.66
52,medium,13,08:09:13,08:09:18,08:12:08,COMPLETED,28146.0,2840.8,5.44,175.81
65,easy,11,08:12:04,08:12:08,08:12:20,COMPLETED,26434.0,203.4,4.81,16.98
125,medium,13,08:08:00,08:08:05,08:12:27,COMPLETED,29640.0,4363.0,5.28,267.03
32,medium,13,08:07:16,08:07:16,08:12:51,COMPLETED,29238.0,5577.2,0.73,335.22
156,easy,12,08:13:16,08:13:21,08:13:39,COMPLETED,23189.0,304.1,5.63,23.80
106,easy,11,08:14:26,08:14:28,08:14:34,COMPLETED,26598.0,102.8,2.31,8.42
100,medium,13,08:13:39,08:13:39,08:14:40,COMPLETED,29816.0,1012.5,0.80,61.51
110,easy,11,08:14:49,08:14:52,08:15:23,COMPLETED,24156.0,509.2,3.69,34.23
77,easy,12,08:14:57,08:14:58,08:15:41,COMPLETED,22973.0,711.3,1.84,44.47
42,easy,11,08:16:30,08:16:36,08:16:42,COMPLETED,19272.0,103.5,6.05,12.16
113,hard,15,08:00:50,08:00:55,08:17:00,COMPLETED,37808.0,16088.0,5.14,970.41
130,easy,12,08:13:53,08:13:57,08:17:30,COMPLETED,32282.0,3547.1,5.00,217.74
78,medium,14,08:07:47,08:07:47,08:18:13,COMPLETED,37096.0,10438.1,0.01,626.30
49,easy,12,08:17:41,08:17:42,08:18:19,COMPLETED,30021.0,608.2,1.94,38.38
63,medium,13,08:16:17,08:16:17,08:18:37,COMPLETED,26068.0,2329.7,0.82,140.56
64,easy,12,08:19:04,08:19:08,08:19:20,COMPLETED,25348.0,205.4,4.00,16.22
146,easy,12,08:19:12,08:19:14,08:20:09,COMPLETED,21751.0,929.5,2.11,57.81
84,easy,11,08:19:52,08:19:57,08:20:15,COMPLETED,28484.0,313.7,5.13,23.95
37,easy,11,08:20:37,08:20:40,08:20:52,COMPLETED,26196.0,209.8,3.54,15.88
53,easy,12,08:20:00,08:20:03,08:21:05,COMPLETED,35483.0,1033.5,3.48,65.35
97,easy,12,08:20:37,08:20:40,08:21:11,COMPLETED,22980.0,520.6,3.54,34.67
152,easy,12,08:21:02,08:21:05,08:21:17,COMPLETED,28611.0,213.7,3.35,15.88
9,medium,13,08:19:59,08:20:03,08:22:01,COMPLETED,31633.0,1961.2,4.48,122.04
169,easy,12,08:20:52,08:20:52,08:22:01,COMPLETED,31920.0,1139.0,0.88,69.04
61,medium,14,08:18:49,08:18:49,08:22:31,COMPLETED,33284.0,3701.7,0.76,222.68
80,medium,13,08:19:52,08:19:57,08:22:37,COMPLETED,27867.0,2682.2,5.13,165.97
56,easy,12,08:23:18,08:23:21,08:23:33,COMPLETED,32109.0,207.0,3.05,15.33
31,easy,11,08:23:24,08:23:27,08:23:39,COMPLETED,25919.0,207.9,3.18,15.52
73,medium,13,08:20:11,08:20:15,08:23:45,COMPLETED,28392.0,3497.6,4.95,214.70
44,hard,15,08:20:30,08:20:34,08:24:10,COMPLETED,32851.0,3600.7,4.40,220.35
147,medium,13,08:23:07,08:23:08,08:24:41,COMPLETED,29130.0,1541.6,1.66,94.05
10,easy,12,08:24:44,08:24:47,08:25:11,COMPLETED,28091.0,408.8,3.21,27.67
76,easy,12,08:24:51,08:24:53,08:25:29,COMPLETED,21357.0,611.6,2.37,38.94
139,easy,11,08:25:35,08:25:36,08:25:42,COMPLETED,23702.0,104.2,1.10,7.26
98,medium,14,08:24:00,08:24:04,08:28:51,COMPLETED,28825.0,4791.4,4.09,291.50
150,easy,12,08:29:22,08:29:22,08:29:58,COMPLETED,28475.0,617.5,0.07,36.95
103,easy,11,08:29:45,08:29:46,08:29:58,COMPLETED,30807.0,209.7,1.57,13.95
123,easy,12,08:31:22,08:31:25,08:32:14,COMPLETED,23955.0,825.7,3.34,52.76
33,easy,12,08:31:44,08:31:50,08:32:27,COMPLETED,28417.0,621.9,6.14,43.17
148,easy,12,08:31:20,08:31:25,08:32:33,COMPLETED,28288.0,1138.8,5.34,73.50
11,easy,12,08:33:04,08:33:04,08:33:35,COMPLETED,32023.0,517.6,0.47,31.32
149,medium,14,08:19:22,08:19:26,08:33:47,COMPLETED,27640.0,14359.8,4.38,865.88
27,easy,12,08:32:54,08:32:58,08:33:47,COMPLETED,33305.0,830.8,4.19,53.88
90,easy,12,08:33:45,08:33:47,08:34:25,COMPLETED,27759.0,630.1,2.88,40.50
55,easy,12,08:34:10,08:34:12,08:34:31,COMPLETED,30017.0,322.5,2.68,21.76
82,medium,13,08:29:14,08:29:15,08:34:56,COMPLETED,34051.0,5686.5,1.91,342.76
114,easy,11,08:34:16,08:34:18,08:35:03,COMPLETED,24159.0,748.4,2.99,47.96
12,easy,11,08:34:46,08:34:50,08:35:10,COMPLETED,27862.0,330.9,4.43,24.12
167,easy,11,08:35:15,08:35:16,08:35:28,COMPLETED,28004.0,209.1,1.34,13.77
85,easy,12,08:35:30,08:35:34,08:36:30,COMPLETED,35544.0,933.1,4.91,60.78
39,easy,11,08:36:23,08:36:24,08:36:30,COMPLETED,32186.0,106.0,1.58,7.78
69,easy,12,08:35:44,08:35:47,08:36:43,COMPLETED,29857.0,928.1,3.55,59.11
38,medium,14,08:34:15,08:34:18,08:37:01,COMPLETED,28279.0,2710.3,3.99,166.60
17,easy,12,08:36:44,08:36:49,08:37:01,COMPLETED,23237.0,207.8,5.28,17.60
23,medium,13,08:36:13,08:36:18,08:37:07,COMPLETED,29163.0,825.9,5.35,54.76
8,easy,11,08:37:23,08:37:26,08:37:32,COMPLETED,21586.0,105.3,3.25,9.44
15,medium,13,08:36:18,08:36:18,08:37:38,COMPLETED,23240.0,1338.6,0.35,80.60
45,easy,11,08:38:02,08:38:03,08:38:15,COMPLETED,31978.0,208.4,1.18,13.51
46,easy,12,08:38:27,08:38:27,08:38:58,COMPLETED,26463.0,516.0,0.85,31.67
91,medium,14,08:12:00,08:12:02,08:39:41,COMPLETED,29566.0,27651.9,2.64,1661.75
26,medium,14,08:35:41,08:35:41,08:40:12,COMPLETED,30732.0,4525.0,0.22,271.57
20,easy,12,08:39:07,08:39:10,08:40:12,COMPLETED,31765.0,1029.7,3.98,65.57
50,medium,14,08:37:48,08:37:50,08:40:18,COMPLETED,26885.0,2467.2,2.87,150.79
88,easy,12,08:39:52,08:39:54,08:40:24,COMPLETED,33009.0,517.0,2.05,32.95
67,medium,14,08:17:25,08:17:30,08:40:55,COMPLETED,34275.0,23419.9,5.74,1410.90
124,medium,14,08:37:10,08:37:13,08:40:55,COMPLETED,31615.0,3702.1,3.94,225.90
163,easy,12,08:41:47,08:41:51,08:41:58,COMPLETED,24112.0,109.7,4.80,11.14
47,easy,12,08:41:35,08:41:39,08:42:04,COMPLETED,27212.0,421.2,4.23,29.43
143,hard,15,08:34:30,08:34:31,08:42:41,COMPLETED,29732.0,8166.3,1.76,491.58
119,easy,12,08:42:02,08:42:04,08:43:00,COMPLETED,32097.0,938.1,2.43,58.39
118,easy,12,08:41:58,08:41:58,08:43:06,COMPLETED,28410.0,1145.7,0.14,68.77
2,medium,14,08:41:34,08:41:39,08:43:12,COMPLETED,24785.0,1564.6,5.23,98.92
134,easy,11,08:42:56,08:43:00,08:43:12,COMPLETED,24660.0,212.7,4.39,16.92
6,easy,11,08:43:21,08:43:25,08:43:37,COMPLETED,28840.0,211.2,4.39,16.91
29,medium,14,08:25:26,08:25:29,08:44:39,COMPLETED,36427.0,19166.8,3.94,1153.84
83,medium,14,08:40:43,08:40:43,08:45:04,COMPLETED,27856.0,4362.8,0.36,261.77
68,easy,11,08:45:05,08:45:11,08:45:17,COMPLETED,26664.0,107.5,6.22,12.54
21,easy,12,08:43:37,08:43:37,08:45:29,COMPLETED,23785.0,1869.0,0.91,112.84
133,easy,12,08:45:39,08:45:42,08:46:00,COMPLETED,31268.0,312.7,3.35,21.90
122,easy,11,08:47:30,08:47:33,08:47:52,COMPLETED,33676.0,311.4,3.76,22.31
142,easy,11,08:48:20,08:48:23,08:48:29,COMPLETED,24408.0,105.7,3.07,9.26
35,hard,15,08:12:48,08:12:51,08:48:47,COMPLETED,35357.0,35942.9,3.22,2159.79
129,medium,14,08:14:46,08:14:46,08:49:30,COMPLETED,35964.0,34740.2,0.58,2084.95
81,easy,12,08:48:49,08:48:53,08:49:43,COMPLETED,24377.0,825.9,4.95,54.30
95,easy,11,08:50:11,08:50:14,08:50:26,COMPLETED,20247.0,209.6,3.15,15.51
154,easy,11,08:50:24,08:50:26,08:50:32,COMPLETED,31546.0,106.1,2.51,8.76
126,easy,11,08:50:22,08:50:26,08:50:38,COMPLETED,22092.0,209.5,4.51,16.94
137,medium,14,08:47:32,08:47:33,08:51:03,COMPLETED,33104.0,3498.8,1.76,211.62
99,easy,12,08:49:29,08:49:30,08:51:03,COMPLETED,30664.0,1547.1,1.95,94.62
131,hard,15,08:14:47,08:14:52,08:51:09,COMPLETED,32950.0,36285.5,5.69,2182.80
62,medium,14,08:16:38,08:16:42,08:51:22,COMPLETED,29626.0,34666.3,4.16,2084.11
14,medium,13,08:50:52,08:50:57,08:51:46,COMPLETED,31164.0,825.5,5.42,54.79
57,easy,12,08:52:01,08:52:05,08:52:17,COMPLETED,30092.0,211.3,4.25,16.68
165,easy,11,08:52:10,08:52:11,08:52:17,COMPLETED,28993.0,108.2,1.47,7.68
24,easy,11,08:52:34,08:52:36,08:52:42,COMPLETED,22493.0,105.4,2.37,8.55
87,hard,15,08:18:41,08:18:43,08:52:48,COMPLETED,31966.0,34085.0,2.64,2047.72
107,easy,11,08:52:52,08:52:54,08:53:01,COMPLETED,23026.0,105.8,2.88,9.08
3,easy,11,08:53:21,08:53:25,08:53:31,COMPLETED,28955.0,105.9,4.65,10.83
116,easy,12,08:53:29,08:53:31,08:53:56,COMPLETED,27241.0,414.9,2.83,27.52
108,medium,13,08:52:30,08:52:30,08:54:02,COMPLETED,23945.0,1546.7,0.16,92.76
96,easy,11,08:54:01,08:54:02,08:54:09,COMPLETED,25913.0,106.7,1.76,8.00
71,easy,12,08:53:53,08:53:56,08:54:15,COMPLETED,26908.0,313.7,3.52,22.19
13,easy,11,08:54:16,08:54:21,08:54:46,COMPLETED,22527.0,413.3,5.37,30.04
36,hard,15,08:28:37,08:28:39,08:54:58,COMPLETED,30274.0,26319.9,2.18,1581.33
25,medium,13,08:44:39,08:44:39,08:54:58,COMPLETED,34710.0,10310.0,0.84,619.33
4,medium,14,08:30:08,08:30:11,08:55:47,COMPLETED,30323.0,25605.7,3.35,1539.61
135,easy,11,08:55:20,08:55:22,08:55:53,COMPLETED,33838.0,517.3,2.89,33.81
60,medium,14,08:46:36,08:46:38,08:56:18,COMPLETED,32929.0,9672.3,2.19,582.44
105,hard,15,08:22:27,08:22:31,08:56:49,COMPLETED,32194.0,34292.0,4.68,2062.13
18,easy,12,08:55:34,08:55:35,08:56:55,COMPLETED,36296.0,1336.2,1.24,81.35
59,hard,15,08:42:45,08:42:47,08:57:07,COMPLETED,28038.0,14331.2,2.84,862.64
19,easy,11,08:57:21,08:57:26,08:57:44,COMPLETED,28692.0,313.3,5.08,23.72
115,easy,12,08:57:48,08:57:50,08:58:34,COMPLETED,29364.0,731.7,2.97,46.75
101,easy,11,08:58:38,08:58:40,08:58:47,COMPLETED,30451.0,107.2,2.91,9.10
54,medium,13,08:55:30,08:55:35,08:59:06,COMPLETED,33295.0,3517.2,5.24,216.17
160,medium,13,08:56:48,08:56:49,08:59:12,COMPLETED,33393.0,2391.8,1.13,144.34
140,medium,13,08:57:20,08:57:26,08:59:24,COMPLETED,32199.0,1986.7,6.08,124.98
168,easy,12,08:59:23,08:59:24,08:59:37,COMPLETED,29549.0,213.4,1.98,14.65
79,easy,12,08:58:04,08:58:09,08:59:43,COMPLETED,22361.0,1569.2,5.77,99.82
30,medium,13,08:58:52,08:58:53,08:59:43,COMPLETED,24042.0,840.1,1.38,51.82
253,easy,11,09:00:17,09:00:20,09:00:27,COMPLETED,28892.0,105.8,3.82,10.03
281,easy,12,09:00:36,09:00:39,09:00:45,COMPLETED,25260.0,105.6,3.35,9.54
256,easy,12,09:00:19,09:00:20,09:01:34,COMPLETED,27341.0,1237.0,1.82,75.93
210,easy,11,09:02:05,09:02:05,09:02:18,COMPLETED,18152.0,209.3,0.72,13.09
250,easy,12,09:00:56,09:00:57,09:02:42,COMPLETED,31948.0,1752.6,1.85,106.88
187,easy,12,09:02:43,09:02:49,09:03:01,COMPLETED,22265.0,209.8,6.06,18.45
285,easy,11,09:02:47,09:02:49,09:03:13,COMPLETED,32431.0,415.0,2.06,26.84
128,medium,14,08:44:59,08:45:04,09:03:26,COMPLETED,40209.0,18358.8,5.77,1107.19
191,medium,14,09:02:12,09:02:18,09:04:09,COMPLETED,30171.0,1858.3,6.09,117.44
185,easy,12,09:02:57,09:03:01,09:04:09,COMPLETED,34730.0,1135.9,4.45,72.44
247,easy,12,09:03:24,09:03:26,09:04:09,COMPLETED,29770.0,723.9,2.19,45.44
158,medium,14,08:55:47,08:55:47,09:04:46,COMPLETED,31935.0,8981.7,0.61,539.41
177,easy,11,09:04:50,09:04:52,09:05:04,COMPLETED,27822.0,209.9,2.58,14.94
287,easy,11,09:05:30,09:05:35,09:05:54,COMPLETED,24115.0,321.4,5.99,24.93
297,medium,13,09:03:57,09:03:57,09:06:01,COMPLETED,25732.0,2077.0,0.06,124.33
291,easy,12,09:05:30,09:05:35,09:06:01,COMPLETED,22212.0,427.1,5.99,31.33
255,easy,11,09:06:12,09:06:14,09:06:20,COMPLETED,25859.0,110.4,2.06,8.43
120,medium,13,08:58:08,08:58:09,09:06:45,COMPLETED,32085.0,8595.1,1.77,517.29
332,easy,11,09:06:49,09:06:51,09:07:04,COMPLETED,31760.0,211.5,2.69,15.17
245,easy,12,09:07:08,09:07:10,09:07:35,COMPLETED,33381.0,428.1,2.41,27.86
218,easy,12,09:07:20,09:07:23,09:07:42,COMPLETED,27246.0,319.6,3.24,22.14
183,easy,11,09:07:47,09:07:48,09:08:01,COMPLETED,27130.0,214.4,1.45,14.20
275,easy,12,09:07:44,09:07:48,09:08:38,COMPLETED,21217.0,839.2,4.45,54.65
162,hard,15,08:40:08,08:40:12,09:08:57,COMPLETED,32381.0,28750.7,4.57,1729.39
226,easy,12,09:06:04,09:06:07,09:08:57,COMPLETED,24185.0,2833.3,3.77,173.39
305,medium,13,09:07:08,09:07:10,09:08:57,COMPLETED,28043.0,1788.9,2.41,109.39
272,easy,12,09:08:31,09:08:32,09:08:57,COMPLETED,25712.0,424.1,1.44,26.39
172,easy,11,09:08:43,09:08:44,09:08:57,COMPLETED,28594.0,218.0,1.84,14.39
206,medium,13,09:05:52,09:05:54,09:09:03,COMPLETED,28590.0,3154.4,2.93,191.97
244,easy,11,09:08:55,09:08:57,09:09:03,COMPLETED,20711.0,114.5,2.39,8.97
257,medium,13,09:07:01,09:07:04,09:09:10,COMPLETED,28597.0,2108.7,3.17,129.30
173,easy,12,09:09:09,09:09:10,09:09:23,COMPLETED,29505.0,217.1,1.30,14.09
277,easy,12,09:09:30,09:09:35,09:10:00,COMPLETED,24958.0,423.1,5.62,30.77
258,easy,12,09:09:46,09:09:48,09:10:25,COMPLETED,25848.0,627.9,2.21,39.66
225,easy,12,09:11:04,09:11:04,09:11:17,COMPLETED,23285.0,213.8,0.72,13.48
276,easy,12,09:10:52,09:10:52,09:11:48,COMPLETED,30579.0,945.9,0.07,56.59
246,easy,12,09:11:00,09:11:04,09:13:40,COMPLETED,38276.0,2596.7,4.72,160.37
213,easy,11,09:13:24,09:13:27,09:13:46,COMPLETED,28743.0,314.0,3.93,22.59
175,medium,13,09:11:42,09:11:42,09:13:52,COMPLETED,27112.0,2177.1,0.33,130.80
16,hard,15,08:26:35,08:26:37,09:15:07,COMPLETED,35401.0,48504.6,2.14,2912.38
322,medium,14,09:11:20,09:11:23,09:15:32,COMPLETED,31570.0,4146.3,3.67,252.24
214,easy,12,09:15:30,09:15:32,09:15:44,COMPLETED,27202.0,212.2,2.24,14.71
220,medium,13,09:12:01,09:12:01,09:16:09,COMPLETED,28351.0,4144.8,0.05,248.62
315,easy,12,09:16:33,09:16:34,09:16:53,COMPLETED,26217.0,319.4,1.89,20.72
232,medium,13,09:14:31,09:14:36,09:17:12,COMPLETED,24664.0,2617.4,5.21,161.87
280,medium,14,09:09:30,09:09:35,09:17:38,COMPLETED,29994.0,8045.8,5.62,488.33
261,easy,12,09:16:57,09:17:00,09:17:57,COMPLETED,23157.0,960.3,3.09,60.21
92,hard,15,08:45:04,08:45:04,09:18:16,COMPLETED,36562.0,33192.7,0.77,1992.37
269,easy,12,09:19:37,09:19:37,09:19:43,COMPLETED,29026.0,109.3,0.24,6.55
223,medium,13,09:15:39,09:15:44,09:19:49,COMPLETED,30267.0,4088.6,5.71,250.83
94,hard,15,08:49:43,08:49:43,09:19:56,COMPLETED,29237.0,30215.2,0.30,1813.09
268,easy,12,09:19:02,09:19:06,09:19:56,COMPLETED,29846.0,838.2,4.10,54.09
284,easy,12,09:19:54,09:19:56,09:20:08,COMPLETED,23623.0,212.3,2.09,14.63
289,medium,14,09:17:12,09:17:12,09:20:27,COMPLETED,30231.0,3253.2,0.87,195.66
238,easy,12,09:20:24,09:20:27,09:20:47,COMPLETED,28277.0,328.8,3.66,23.05
299,easy,12,09:20:09,09:20:14,09:20:53,COMPLETED,23408.0,649.5,5.86,44.44
200,easy,11,09:20:44,09:20:47,09:20:53,COMPLETED,24242.0,113.9,3.05,9.44
211,hard,15,09:15:41,09:15:44,09:21:12,COMPLETED,29462.0,5467.1,3.71,331.51
182,medium,14,09:11:45,09:11:48,09:21:37,COMPLETED,26267.0,9829.4,3.59,592.90
307,easy,12,09:21:27,09:21:31,09:21:44,COMPLETED,24978.0,221.9,4.46,17.55
176,easy,12,09:21:37,09:21:37,09:22:09,COMPLETED,26550.0,537.9,0.90,32.99
282,easy,12,09:18:39,09:18:41,09:22:16,COMPLETED,33642.0,3591.1,2.20,217.37
196,medium,13,09:18:07,09:18:10,09:22:35,COMPLETED,26860.0,4422.9,3.08,268.25
86,hard,15,08:19:35,08:19:38,09:22:41,COMPLETED,41359.0,63047.1,3.71,3786.51
303,medium,13,09:19:54,09:19:56,09:23:00,COMPLETED,28862.0,3070.9,2.09,186.18
70,hard,15,08:54:21,08:54:21,09:24:46,COMPLETED,33298.0,30411.8,0.37,1825.06
144,medium,13,08:49:42,08:49:43,09:25:04,COMPLETED,37501.0,35357.9,1.30,2122.69
334,easy,11,09:25:43,09:25:48,09:25:54,COMPLETED,27007.0,108.8,5.40,11.69
337,easy,12,09:26:20,09:26:25,09:27:47,COMPLETED,25988.0,1363.7,5.79,87.41
273,easy,12,09:27:29,09:27:34,09:28:00,COMPLETED,21228.0,430.8,5.52,31.01
202,hard,15,09:11:55,09:12:01,09:28:37,COMPLETED,27947.0,16618.6,6.05,1002.97
254,medium,13,09:20:51,09:20:53,09:29:16,COMPLETED,34305.0,8383.3,2.44,505.02
51,hard,15,08:34:14,08:34:18,09:29:28,COMPLETED,31901.0,55165.5,4.99,3314.88
224,easy,12,09:28:52,09:28:57,09:29:28,COMPLETED,34143.0,535.9,5.05,36.88
333,easy,12,09:28:44,09:28:44,09:30:06,COMPLETED,22373.0,1380.0,0.37,82.94
181,easy,12,09:29:10,09:29:16,09:30:06,COMPLETED,34673.0,852.7,6.02,56.94
234,medium,14,09:16:12,09:16:15,09:30:32,COMPLETED,31083.0,14274.8,3.85,860.21
308,easy,11,09:30:35,09:30:38,09:30:44,COMPLETED,22614.0,116.0,3.44,9.88
263,easy,11,09:31:01,09:31:04,09:31:10,COMPLETED,30955.0,114.1,3.12,9.64
171,easy,11,09:32:08,09:32:14,09:32:26,COMPLETED,23570.0,220.0,6.13,18.98
293,easy,12,09:31:44,09:31:48,09:32:33,COMPLETED,28701.0,748.9,4.80,49.38
298,easy,11,09:32:51,09:32:52,09:33:18,COMPLETED,23931.0,432.7,1.58,27.28
197,medium,14,09:06:43,09:06:45,09:33:43,COMPLETED,34194.0,26971.1,2.29,1620.46
164,hard,15,08:59:07,08:59:12,09:33:55,COMPLETED,32229.0,34727.7,5.34,2088.93
201,medium,13,09:32:41,09:32:46,09:34:33,COMPLETED,28320.0,1789.8,5.11,112.30
338,medium,14,09:20:39,09:20:40,09:35:10,COMPLETED,33499.0,14504.3,1.50,871.63
251,medium,13,09:30:15,09:30:19,09:35:48,COMPLETED,32163.0,5477.5,4.55,333.01
193,easy,11,09:35:49,09:35:54,09:36:00,COMPLETED,26043.0,108.7,5.25,11.51
312,easy,11,09:35:55,09:36:00,09:37:02,COMPLETED,36283.0,1042.9,5.51,67.88
296,medium,14,09:26:38,09:26:38,09:37:40,COMPLETED,31139.0,11036.5,0.27,662.27
327,easy,11,09:36:55,09:36:56,09:37:52,COMPLETED,27552.0,940.0,1.60,57.74
265,easy,11,09:37:55,09:37:59,09:38:11,COMPLETED,32465.0,213.2,4.04,16.58
28,hard,15,08:32:22,08:32:27,09:38:24,COMPLETED,35125.0,65949.1,5.17,3962.09
264,easy,11,09:38:29,09:38:30,09:38:43,COMPLETED,25724.0,217.1,1.33,14.01
330,medium,14,09:24:39,09:24:39,09:39:14,COMPLETED,30508.0,14586.4,0.80,875.64
189,medium,14,09:02:35,09:02:36,09:39:46,COMPLETED,39335.0,37164.2,1.62,2231.34
278,medium,13,09:31:04,09:31:04,09:39:46,COMPLETED,30833.0,8707.7,0.12,522.34
233,easy,11,09:39:52,09:39:52,09:40:05,COMPLETED,25891.0,219.3,0.76,13.50
326,easy,11,09:39:53,09:39:59,09:40:05,COMPLETED,26352.0,112.4,6.20,12.50
75,hard,15,08:59:27,08:59:31,09:41:09,COMPLETED,34117.0,41629.8,4.40,2502.06
324,easy,12,09:41:16,09:41:21,09:41:34,COMPLETED,26577.0,216.5,5.80,18.57
294,easy,12,09:40:58,09:41:02,09:41:47,COMPLETED,34122.0,743.9,4.62,49.05
310,medium,13,09:39:13,09:39:14,09:41:53,COMPLETED,33224.0,2649.4,1.64,160.28
222,easy,12,09:40:03,09:40:05,09:42:06,COMPLETED,28162.0,2013.5,2.50,123.01
132,hard,15,08:15:12,08:15:17,09:42:56,COMPLETED,30453.0,87662.8,5.10,5264.84
262,easy,11,09:42:45,09:42:50,09:43:09,COMPLETED,36920.0,328.1,5.41,24.65
248,easy,11,09:43:01,09:43:03,09:43:16,COMPLETED,35998.0,219.1,2.21,15.16
209,easy,12,09:43:30,09:43:34,09:43:53,COMPLETED,28551.0,318.5,4.91,23.71
207,easy,12,09:43:29,09:43:34,09:44:00,COMPLETED,27852.0,423.6,5.91,31.10
243,hard,15,09:01:15,09:01:16,09:44:44,COMPLETED,27438.0,43468.6,1.40,2609.41
320,medium,13,09:23:09,09:23:12,09:44:44,COMPLETED,39617.0,21532.3,3.66,1295.41
203,easy,12,09:44:14,09:44:19,09:45:15,COMPLETED,25893.0,945.2,5.01,61.53
323,hard,15,09:37:52,09:37:52,09:45:21,COMPLETED,34410.0,7486.5,0.74,449.76
236,easy,11,09:46:21,09:46:23,09:46:30,COMPLETED,27404.0,107.7,2.81,9.07
178,easy,12,09:47:30,09:47:32,09:47:51,COMPLETED,23921.0,316.0,2.30,21.05
221,easy,11,09:48:05,09:48:09,09:48:16,COMPLETED,25188.0,109.2,4.77,11.09
199,easy,12,09:47:33,09:47:38,09:48:34,COMPLETED,32694.0,942.6,5.56,61.87
34,hard,15,08:58:50,08:58:53,09:48:47,COMPLETED,26601.0,49900.0,3.38,2997.41
300,easy,12,09:46:44,09:46:48,09:49:12,COMPLETED,26342.0,2398.8,4.69,148.40
311,easy,11,09:49:52,09:49:56,09:50:02,COMPLETED,23562.0,110.8,4.13,10.43
271,easy,12,09:49:51,09:49:56,09:50:27,COMPLETED,27487.0,534.2,5.13,36.85
215,easy,12,09:49:49,09:49:49,09:50:53,COMPLETED,36940.0,1063.6,0.83,64.34
316,easy,12,09:49:43,09:49:43,09:50:59,COMPLETED,28885.0,1276.6,0.57,76.74
179,easy,12,09:51:17,09:51:18,09:51:44,COMPLETED,22432.0,424.4,1.89,27.15
317,medium,13,09:50:22,09:50:27,09:52:03,COMPLETED,30103.0,1593.5,5.85,101.09
174,easy,12,09:52:39,09:52:41,09:52:53,COMPLETED,23478.0,215.4,2.17,14.84
188,medium,13,09:35:28,09:35:29,09:53:25,COMPLETED,34631.0,17945.4,1.30,1077.64
239,easy,11,09:53:13,09:53:19,09:53:32,COMPLETED,25256.0,226.6,6.05,19.19
304,easy,11,09:53:16,09:53:19,09:53:32,COMPLETED,23354.0,225.7,3.05,16.19
301,easy,12,09:53:22,09:53:25,09:53:51,COMPLETED,27820.0,436.7,3.64,29.49
229,easy,12,09:53:53,09:53:57,09:54:10,COMPLETED,27380.0,221.2,4.90,17.82
274,easy,12,09:52:50,09:52:53,09:54:36,COMPLETED,26562.0,1710.0,3.84,106.07
335,easy,12,09:53:32,09:53:32,09:54:42,COMPLETED,27326.0,1181.8,0.19,70.50
230,medium,13,09:47:58,09:48:03,09:55:14,COMPLETED,32001.0,7187.9,5.50,436.35
331,easy,12,09:54:39,09:54:42,09:55:14,COMPLETED,28290.0,538.9,3.50,35.35
325,medium,14,09:40:45,09:40:49,09:56:11,COMPLETED,31521.0,15359.5,4.84,926.21
227,medium,14,09:14:59,09:15:01,09:56:17,COMPLETED,31507.0,41275.7,2.04,2478.50
242,easy,11,09:56:09,09:56:11,09:56:17,COMPLETED,28517.0,109.5,2.21,8.50
195,easy,12,09:56:16,09:56:17,09:56:54,COMPLETED,30692.0,627.4,1.50,38.89
313,easy,11,09:57:13,09:57:13,09:57:26,COMPLETED,26689.0,212.0,0.61,13.11
319,easy,12,09:56:49,09:56:54,09:57:57,COMPLETED,34421.0,1044.3,5.89,68.29
170,medium,14,09:53:56,09:53:57,09:58:03,COMPLETED,30216.0,4096.3,1.90,247.58
288,medium,14,09:54:41,09:54:42,09:58:03,COMPLETED,33747.0,3353.3,1.50,202.58
180,easy,11,09:57:55,09:57:57,09:58:16,COMPLETED,30526.0,318.2,2.29,21.18
219,easy,11,09:58:09,09:58:09,09:58:22,COMPLETED,24514.0,213.2,0.83,13.42
329,medium,13,09:57:40,09:57:44,09:58:53,COMPLETED,33365.0,1150.5,4.79,73.62
212,easy,12,09:58:29,09:58:34,09:58:59,COMPLETED,25484.0,420.2,5.91,30.87
295,easy,12,09:58:18,09:58:22,09:59:18,COMPLETED,28818.0,941.3,4.42,60.69
208,easy,11,09:59:03,09:59:06,09:59:24,COMPLETED,28598.0,317.7,3.15,21.93
290,medium,13,09:58:06,09:58:09,09:59:56,COMPLETED,35155.0,1779.2,3.83,110.34
267,easy,11,09:59:55,09:59:56,10:00:08,COMPLETED,23559.0,213.3,1.34,13.92
365,easy,11,10:00:01,10:00:02,10:00:08,COMPLETED,20975.0,108.7,1.64,7.92
302,hard,15,09:46:58,09:47:01,10:00:15,COMPLETED,30169.0,13237.0,3.14,797.18
423,easy,11,10:01:17,10:01:17,10:01:24,COMPLETED,27680.0,109.7,0.76,7.05
432,easy,11,10:01:06,10:01:11,10:01:30,COMPLETED,22176.0,321.9,5.35,24.37
407,easy,11,10:01:28,10:01:30,10:01:36,COMPLETED,28652.0,109.5,2.37,8.71
270,hard,15,09:21:49,09:21:50,10:02:14,COMPLETED,29893.0,40390.9,1.83,2425.17
260,medium,14,09:43:05,09:43:09,10:02:14,COMPLETED,27580.0,19078.4,4.65,1149.17
380,easy,11,10:02:19,10:02:20,10:02:33,COMPLETED,22691.0,213.1,1.44,14.00
241,medium,13,09:59:28,09:59:31,10:02:57,COMPLETED,31375.0,3448.7,3.26,209.98
347,medium,13,10:00:28,10:00:33,10:03:16,COMPLETED,27393.0,2716.6,5.89,168.68
449,medium,13,10:02:50,10:02:51,10:03:35,COMPLETED,30398.0,733.8,1.71,45.43
474,medium,13,10:01:29,10:01:30,10:03:54,COMPLETED,34610.0,2401.9,1.37,145.32
443,easy,11,10:03:48,10:03:48,10:04:00,COMPLETED,24683.0,212.8,0.02,12.57
355,easy,11,10:04:47,10:04:50,10:04:56,COMPLETED,22886.0,109.0,3.37,9.65
138,hard,15,08:34:55,08:34:56,10:05:02,COMPLETED,29323.0,90103.2,1.76,5407.94
485,easy,11,10:05:38,10:05:40,10:05:46,COMPLETED,27560.0,110.0,2.43,8.78
411,easy,11,10:05:51,10:05:53,10:06:18,COMPLETED,18919.0,424.2,2.06,27.14
117,hard,15,08:47:32,08:47:33,10:06:30,COMPLETED,32380.0,78951.3,1.76,4738.83
240,hard,15,09:25:53,09:25:54,10:06:30,COMPLETED,33282.0,40604.6,1.69,2437.83
470,easy,11,10:06:33,10:06:37,10:06:49,COMPLETED,27675.0,217.2,4.10,16.78
249,medium,13,09:59:28,09:59:31,10:09:46,COMPLETED,36963.0,10253.1,3.26,618.28
309,medium,13,09:58:57,09:58:59,10:10:23,COMPLETED,32854.0,11403.0,2.87,686.86
387,easy,12,10:10:34,10:10:36,10:10:48,COMPLETED,30946.0,213.6,2.42,14.95
376,easy,11,10:10:54,10:10:55,10:11:07,COMPLETED,30174.0,214.1,1.27,13.86
328,hard,15,09:05:58,09:06:01,10:11:14,COMPLETED,35234.0,65214.5,3.33,3916.14
237,hard,15,09:31:36,09:31:36,10:11:14,COMPLETED,29332.0,39636.3,0.10,2378.14
433,easy,12,10:10:25,10:10:30,10:11:20,COMPLETED,27663.0,842.3,5.14,55.42
460,medium,13,10:08:49,10:08:49,10:11:32,COMPLETED,26922.0,2724.4,0.79,163.95
503,easy,12,10:10:08,10:10:11,10:11:58,COMPLETED,28836.0,1782.1,3.34,110.05
190,hard,15,09:36:40,09:36:44,10:12:04,COMPLETED,32502.0,35339.0,4.11,2124.30
445,easy,11,10:13:12,10:13:13,10:13:19,COMPLETED,26489.0,108.9,1.06,7.37
494,medium,14,10:12:12,10:12:16,10:13:38,COMPLETED,28716.0,1359.0,4.83,86.11
372,easy,12,10:14:57,10:15:00,10:15:07,COMPLETED,25999.0,113.3,3.48,10.01
506,easy,11,10:15:08,10:15:13,10:15:26,COMPLETED,30287.0,218.3,5.31,18.03
357,easy,11,10:15:37,10:15:38,10:16:04,COMPLETED,26305.0,430.1,1.99,27.40
362,easy,12,10:15:30,10:15:32,10:16:23,COMPLETED,28635.0,858.6,2.47,53.76
468,easy,11,10:16:17,10:16:17,10:16:30,COMPLETED,26086.0,221.3,0.25,13.03
413,medium,14,10:03:32,10:03:35,10:16:55,COMPLETED,33019.0,13338.6,3.43,803.53
266,hard,15,09:20:40,09:20:40,10:17:01,COMPLETED,35220.0,56356.6,0.50,3381.84
350,easy,11,10:16:51,10:16:55,10:17:01,COMPLETED,25442.0,112.3,4.53,10.84
235,hard,15,09:25:33,09:25:35,10:17:08,COMPLETED,31342.0,51543.6,2.86,3095.30
231,medium,14,09:47:09,09:47:13,10:18:11,COMPLETED,33194.0,30977.7,4.61,1862.92
74,hard,15,08:21:13,08:21:17,10:18:31,COMPLETED,36658.0,117221.0,4.88,7038.13
420,medium,13,10:18:07,10:18:11,10:18:37,COMPLETED,26282.0,430.3,4.92,30.39
371,easy,12,10:18:39,10:18:43,10:18:56,COMPLETED,25612.0,219.1,4.80,17.69
417,medium,14,10:15:13,10:15:13,10:19:35,COMPLETED,34828.0,4370.0,0.31,262.15
459,medium,14,10:16:25,10:16:30,10:19:35,COMPLETED,30398.0,3092.7,5.03,190.15
403,easy,12,10:17:37,10:17:40,10:20:13,COMPLETED,38579.0,2551.9,3.17,156.07
509,medium,13,10:18:58,10:19:02,10:20:19,COMPLETED,31742.0,1276.0,4.97,81.33
384,medium,13,10:14:39,10:14:41,10:20:31,COMPLETED,32014.0,5841.7,2.60,352.90
351,easy,11,10:20:20,10:20:25,10:20:31,COMPLETED,18203.0,108.6,5.58,11.90
343,easy,11,10:20:20,10:20:25,10:20:38,COMPLETED,23975.0,213.3,5.58,18.16
508,easy,12,10:20:53,10:20:56,10:21:53,COMPLETED,19625.0,940.9,3.88,60.11
452,easy,12,10:21:11,10:21:15,10:21:59,COMPLETED,37169.0,733.7,4.61,48.36
397,medium,13,10:07:47,10:07:47,10:22:11,COMPLETED,33613.0,14415.7,0.12,864.89
490,easy,12,10:22:48,10:22:49,10:23:01,COMPLETED,24413.0,214.1,1.31,13.87
382,easy,12,10:22:52,10:22:55,10:23:08,COMPLETED,29631.0,214.4,3.59,16.19
346,hard,15,10:03:27,10:03:29,10:23:33,COMPLETED,26685.0,20071.5,2.15,1206.25
381,medium,13,10:05:40,10:05:40,10:23:39,COMPLETED,34792.0,17987.4,0.43,1079.55
399,medium,14,10:19:48,10:19:54,10:24:17,COMPLETED,32732.0,4386.5,6.27,269.23
507,easy,12,10:22:35,10:22:36,10:24:35,COMPLETED,27697.0,1990.2,1.80,120.97
453,easy,12,10:23:46,10:23:52,10:24:35,COMPLETED,33267.0,735.7,6.10,49.97
477,easy,11,10:24:46,10:24:48,10:24:54,COMPLETED,20297.0,109.7,2.58,8.89
438,easy,11,10:24:42,10:24:42,10:25:07,COMPLETED,23910.0,422.5,0.27,25.41
495,medium,14,10:17:54,10:17:59,10:25:19,COMPLETED,32968.0,7348.0,5.39,445.99
486,medium,13,10:21:58,10:21:59,10:27:13,COMPLETED,29436.0,5247.1,1.36,315.67
379,easy,11,10:27:09,10:27:13,10:27:26,COMPLETED,27732.0,221.2,4.67,17.72
385,easy,11,10:27:16,10:27:20,10:27:26,COMPLETED,23556.0,113.4,4.26,10.72
469,easy,12,10:27:08,10:27:13,10:28:04,COMPLETED,28131.0,847.7,5.67,56.29
479,easy,11,10:28:31,10:28:35,10:28:42,COMPLETED,25130.0,109.5,4.68,11.01
500,medium,13,10:27:44,10:27:45,10:28:54,COMPLETED,33867.0,1154.2,1.53,70.51
386,medium,14,10:07:34,10:07:34,10:29:00,COMPLETED,34109.0,21447.7,0.16,1286.83
421,easy,12,10:28:35,10:28:35,10:29:00,COMPLETED,26399.0,423.1,0.68,25.83
389,easy,11,10:29:32,10:29:32,10:29:38,COMPLETED,24907.0,108.8,0.20,6.50
426,easy,12,10:29:28,10:29:32,10:29:44,COMPLETED,28144.0,214.5,4.20,16.80
446,easy,12,10:30:00,10:30:03,10:30:29,COMPLETED,23763.0,437.1,3.95,29.78
184,hard,15,09:13:10,09:13:15,10:30:36,COMPLETED,24830.0,77347.6,5.51,4646.25
353,easy,12,10:29:55,10:29:57,10:30:36,COMPLETED,22912.0,652.7,2.48,41.25
488,easy,12,10:30:19,10:30:23,10:31:21,COMPLETED,31052.0,967.2,4.29,62.05
447,easy,11,10:31:33,10:31:33,10:31:52,COMPLETED,25055.0,319.0,0.65,19.61
435,easy,12,10:31:30,10:31:33,10:31:58,COMPLETED,27438.0,424.9,3.65,28.90
471,medium,14,10:10:47,10:10:48,10:32:17,COMPLETED,30160.0,21483.4,1.95,1290.80
374,easy,11,10:32:10,10:32:11,10:32:24,COMPLETED,27584.0,215.9,1.44,14.07
457,easy,11,10:32:23,10:32:24,10:32:30,COMPLETED,31516.0,110.9,1.07,7.47
378,medium,14,10:04:54,10:04:56,10:32:49,COMPLETED,42941.0,27879.6,2.65,1675.28
492,medium,13,10:29:10,10:29:13,10:32:55,COMPLETED,25175.0,3708.7,3.35,225.55
497,medium,13,10:30:12,10:30:16,10:33:08,COMPLETED,24663.0,2863.5,4.71,176.26
414,medium,13,10:30:38,10:30:42,10:33:14,COMPLETED,32057.0,2535.6,4.71,156.60
437,medium,13,10:32:07,10:32:11,10:33:14,COMPLETED,29918.0,1057.5,4.44,67.60
462,easy,11,10:33:14,10:33:14,10:33:33,COMPLETED,25650.0,320.9,0.60,19.55
361,easy,11,10:33:18,10:33:20,10:33:33,COMPLETED,30665.0,215.8,2.93,15.55
370,medium,13,10:32:52,10:32:55,10:34:11,COMPLETED,23386.0,1264.2,3.55,79.17
480,medium,14,10:22:57,10:23:01,10:34:30,COMPLETED,29095.0,11473.3,4.87,693.04
476,easy,11,10:34:19,10:34:23,10:34:30,COMPLETED,19278.0,110.3,4.69,11.04
412,medium,13,10:30:15,10:30:16,10:35:01,COMPLETED,36274.0,4747.9,1.71,286.43
141,hard,15,08:43:43,08:43:44,10:35:07,COMPLETED,33622.0,111396.1,1.10,6684.76
501,hard,15,10:08:57,10:09:02,10:35:14,COMPLETED,30720.0,26199.3,5.39,1577.14
410,easy,12,10:34:58,10:35:01,10:35:14,COMPLETED,29508.0,217.2,3.43,16.14
394,easy,12,10:35:03,10:35:07,10:35:26,COMPLETED,30096.0,321.6,4.76,23.82
484,medium,13,10:30:53,10:30:55,10:35:39,COMPLETED,30217.0,4731.3,2.71,286.41
216,hard,15,09:23:24,09:23:25,10:35:58,COMPLETED,38188.0,72552.9,1.10,4354.20
441,medium,14,10:27:54,10:27:57,10:36:16,COMPLETED,30241.0,8320.1,4.00,502.96
498,medium,13,10:34:25,10:34:30,10:36:23,COMPLETED,28622.0,1893.8,5.04,118.31
456,easy,11,10:36:16,10:36:16,10:36:36,COMPLETED,34333.0,325.0,0.96,20.27
344,medium,13,10:33:28,10:33:33,10:37:08,COMPLETED,35782.0,3581.5,5.55,220.09
358,medium,14,10:28:15,10:28:16,10:37:39,COMPLETED,23218.0,9386.4,1.79,564.81
356,easy,11,10:38:11,10:38:11,10:38:24,COMPLETED,31751.0,218.5,0.57,13.25
487,easy,12,10:38:45,10:38:49,10:39:02,COMPLETED,27506.0,224.7,5.00,17.82
434,easy,11,10:39:01,10:39:02,10:39:09,COMPLETED,27073.0,115.5,1.82,8.55
359,easy,12,10:37:53,10:37:58,10:39:15,COMPLETED,30276.0,1290.8,5.67,82.89
454,medium,13,10:34:18,10:34:23,10:39:34,COMPLETED,27879.0,5188.4,5.69,316.79
425,easy,12,10:39:01,10:39:02,10:39:41,COMPLETED,29939.0,643.7,1.82,40.06
464,easy,12,10:40:14,10:40:19,10:40:38,COMPLETED,28354.0,329.4,5.30,24.66
401,easy,11,10:40:27,10:40:32,10:40:45,COMPLETED,25242.0,220.2,5.18,18.12
367,easy,11,10:41:07,10:41:10,10:41:16,COMPLETED,26163.0,111.6,3.49,9.78
395,easy,12,10:40:51,10:40:51,10:41:23,COMPLETED,27262.0,534.9,0.42,32.22
436,easy,11,10:41:25,10:41:29,10:41:36,COMPLETED,24428.0,117.2,4.55,11.17
448,medium,13,10:40:45,10:40:45,10:42:33,COMPLETED,35152.0,1817.1,0.12,108.91
491,easy,11,10:42:41,10:42:46,10:42:52,COMPLETED,25596.0,111.4,5.47,11.85
496,medium,14,10:12:46,10:12:48,10:43:05,COMPLETED,31810.0,30292.6,2.08,1819.45
377,easy,12,10:43:17,10:43:18,10:43:43,COMPLETED,27351.0,425.0,1.09,26.29
442,easy,11,10:43:46,10:43:49,10:43:55,COMPLETED,17939.0,110.1,3.63,9.96
499,medium,13,10:41:18,10:41:23,10:44:58,COMPLETED,26428.0,3597.3,5.22,220.86
463,easy,12,10:44:28,10:44:33,10:44:58,COMPLETED,28902.0,425.5,5.61,30.86
366,easy,11,10:44:51,10:44:52,10:45:05,COMPLETED,28340.0,215.8,1.49,14.17
342,medium,13,10:43:26,10:43:30,10:45:11,COMPLETED,29968.0,1684.6,4.69,105.50
429,medium,13,10:05:08,10:05:09,10:45:36,COMPLETED,32629.0,40459.2,1.18,2428.59
360,easy,11,10:45:01,10:45:05,10:45:36,COMPLETED,22423.0,528.1,4.17,35.59
450,medium,13,10:42:00,10:42:01,10:46:32,COMPLETED,34532.0,4520.7,1.98,272.94
444,easy,12,10:46:29,10:46:32,10:47:04,COMPLETED,27454.0,530.8,3.94,35.41
354,easy,12,10:46:49,10:46:51,10:47:10,COMPLETED,21561.0,321.9,2.84,21.84
422,medium,13,10:46:59,10:47:04,10:48:01,COMPLETED,31298.0,963.0,5.41,62.84
409,easy,12,10:47:00,10:47:04,10:48:21,COMPLETED,33413.0,1287.3,4.41,81.18
373,easy,11,10:48:15,10:48:21,10:48:27,COMPLETED,22965.0,120.3,6.18,12.77
440,easy,11,10:48:23,10:48:27,10:48:47,COMPLETED,20201.0,337.3,4.77,24.58
473,medium,13,10:47:46,10:47:49,10:48:54,COMPLETED,30410.0,1087.7,3.08,68.08
461,easy,11,10:48:37,10:48:40,10:48:54,COMPLETED,25827.0,222.4,3.92,17.08
252,hard,15,09:28:23,09:28:25,10:49:26,COMPLETED,33034.0,81014.4,2.33,4863.10
336,hard,15,09:42:14,09:42:18,10:50:17,COMPLETED,34543.0,67989.2,4.57,4083.84
375,easy,12,10:48:37,10:48:40,10:50:17,COMPLETED,24296.0,1619.4,3.92,100.84
483,easy,11,10:50:06,10:50:11,10:50:17,COMPLETED,27169.0,114.1,5.27,11.84
467,easy,11,10:49:54,10:49:58,10:50:43,COMPLETED,22432.0,759.5,4.28,49.33
292,hard,15,09:01:00,09:01:04,10:51:08,COMPLETED,32063.0,110081.1,4.05,6608.88
391,medium,13,10:42:18,10:42:21,10:51:15,COMPLETED,35524.0,8905.3,3.25,537.22
383,hard,15,10:44:49,10:44:52,10:51:15,COMPLETED,30834.0,6385.4,3.49,386.22
408,easy,12,10:50:43,10:50:43,10:51:21,COMPLETED,31178.0,647.0,0.33,38.69
402,easy,11,10:51:56,10:52:00,10:52:06,COMPLETED,24689.0,114.3,4.12,10.72
489,medium,13,10:47:09,10:47:10,10:52:13,COMPLETED,33062.0,5045.1,1.84,304.04
396,easy,11,10:51:57,10:52:00,10:52:13,COMPLETED,34231.0,223.3,3.12,16.04
369,easy,12,10:52:12,10:52:13,10:52:26,COMPLETED,20860.0,223.9,1.04,14.06
424,easy,11,10:53:26,10:53:29,10:53:36,COMPLETED,33856.0,110.5,3.65,10.03
363,easy,11,10:53:37,10:53:42,10:53:54,COMPLETED,30476.0,213.9,5.30,17.88
493,easy,12,10:49:10,10:49:13,10:54:26,COMPLETED,24511.0,5219.8,3.26,316.20
349,medium,14,10:33:19,10:33:20,10:54:57,COMPLETED,25561.0,21615.1,1.93,1298.66
348,easy,12,10:55:04,10:55:10,10:56:00,COMPLETED,28089.0,842.2,6.24,56.48
364,easy,12,10:55:08,10:55:10,10:56:00,COMPLETED,24637.0,841.2,2.24,52.48
345,easy,11,10:56:54,10:56:56,10:57:03,COMPLETED,26396.0,110.2,2.97,9.28
430,easy,11,10:57:21,10:57:22,10:57:28,COMPLETED,25522.0,110.2,1.15,7.46
217,hard,15,09:14:25,09:14:29,10:58:06,COMPLETED,23844.0,103603.6,4.97,6221.13
415,medium,14,10:28:00,10:28:04,10:58:18,COMPLETED,28183.0,30244.5,4.29,1818.82
482,medium,14,10:31:31,10:31:33,10:58:25,COMPLETED,30969.0,26860.2,2.65,1614.09
465,medium,13,10:58:19,10:58:25,10:59:35,COMPLETED,33787.0,1178.9,6.09,76.42
478,easy,12,10:59:06,10:59:09,11:00:13,COMPLETED,25822.0,1070.2,3.91,67.71
341,easy,12,10:59:54,10:59:54,11:00:26,COMPLETED,26281.0,538.3,0.73,32.61
405,medium,14,10:35:19,10:35:20,11:01:43,COMPLETED,32794.0,26394.2,1.50,1584.73
610,easy,11,11:02:29,11:02:35,11:02:47,COMPLETED,28824.0,218.0,6.03,18.68
306,hard,15,09:59:21,09:59:24,11:03:00,COMPLETED,29172.0,63603.7,3.93,3819.84
591,medium,13,11:01:18,11:01:18,11:03:13,COMPLETED,27040.0,1932.7,0.08,115.79
654,medium,13,11:02:48,11:02:54,11:03:39,COMPLETED,35374.0,763.2,6.16,51.51
416,medium,14,10:36:27,10:36:29,11:03:46,COMPLETED,36243.0,27274.1,2.75,1639.03
656,easy,12,11:03:21,11:03:26,11:03:58,COMPLETED,29531.0,543.9,5.55,37.76
674,easy,11,11:04:17,11:04:18,11:04:30,COMPLETED,28979.0,214.7,1.12,13.73
642,medium,14,11:00:48,11:00:52,11:04:56,COMPLETED,27621.0,4068.2,4.18,248.02
657,easy,11,11:04:39,11:04:43,11:04:56,COMPLETED,22807.0,217.2,4.29,17.02
522,easy,12,11:02:54,11:02:54,11:05:02,COMPLETED,36956.0,2139.6,0.16,128.35
428,hard,15,10:35:04,10:35:07,11:05:21,COMPLETED,39668.0,30230.0,3.76,1817.44
547,easy,12,11:04:47,11:04:49,11:05:21,COMPLETED,24296.0,534.3,2.61,34.44
605,easy,11,11:05:34,11:05:34,11:05:40,COMPLETED,24128.0,109.8,0.01,6.33
400,hard,15,10:56:57,10:57:03,11:05:52,COMPLETED,29845.0,8832.0,6.28,535.91
392,medium,14,10:49:34,10:49:38,11:06:05,COMPLETED,31637.0,16448.3,4.83,991.54
458,hard,15,10:32:24,10:32:24,11:06:24,COMPLETED,31644.0,34006.6,0.07,2040.38
518,easy,12,11:05:10,11:05:15,11:06:55,COMPLETED,30075.0,1682.4,5.06,105.75
580,easy,11,11:06:38,11:06:43,11:07:02,COMPLETED,27854.0,318.5,5.18,24.04
609,easy,12,11:01:41,11:01:43,11:07:20,COMPLETED,30149.0,5621.9,2.73,339.83
668,easy,11,11:07:46,11:07:52,11:07:58,COMPLETED,33458.0,109.9,6.15,12.50
466,medium,14,10:55:05,10:55:10,11:08:17,COMPLETED,30308.0,13120.7,5.24,792.34
136,hard,15,08:28:37,08:28:39,11:08:23,COMPLETED,35621.0,159740.2,2.18,9586.63
614,medium,13,11:02:57,11:03:00,11:08:23,COMPLETED,32142.0,5383.6,3.84,326.63
625,easy,12,11:07:38,11:07:39,11:08:42,COMPLETED,31578.0,1052.8,1.60,64.47
283,hard,15,09:49:44,09:49:49,11:08:55,COMPLETED,41610.0,79089.5,5.83,4751.11
599,easy,11,11:08:38,11:08:42,11:08:55,COMPLETED,25483.0,214.9,4.47,17.11
596,easy,11,11:08:45,11:08:48,11:09:32,COMPLETED,37997.0,736.6,3.81,47.76
601,easy,12,11:09:45,11:09:45,11:10:04,COMPLETED,23439.0,325.8,0.33,19.66
526,easy,11,11:09:40,11:09:45,11:10:10,COMPLETED,28093.0,431.2,5.33,30.96
528,easy,12,11:09:15,11:09:20,11:10:29,COMPLETED,24834.0,1163.7,5.18,74.75
504,hard,15,10:42:21,10:42:21,11:10:48,COMPLETED,34970.0,28456.5,0.25,1707.53
455,medium,14,10:57:28,10:57:28,11:11:51,COMPLETED,35118.0,14382.8,0.46,863.18
593,easy,12,11:09:52,11:09:58,11:12:10,COMPLETED,34499.0,2201.6,6.14,138.00
592,medium,14,11:08:06,11:08:11,11:12:47,COMPLETED,27930.0,4615.1,5.03,281.68
570,easy,12,11:13:35,11:13:37,11:14:02,COMPLETED,33815.0,422.2,2.84,27.92
606,easy,11,11:15:39,11:15:44,11:15:50,COMPLETED,28236.0,114.2,5.12,11.68
676,medium,14,11:05:51,11:05:52,11:16:03,COMPLETED,31867.0,10179.2,1.91,612.45
595,easy,12,11:15:46,11:15:50,11:16:16,COMPLETED,26628.0,433.9,4.68,30.14
569,easy,12,11:15:54,11:15:57,11:16:16,COMPLETED,27797.0,328.7,3.01,22.14
667,easy,11,11:16:10,11:16:16,11:16:22,COMPLETED,23771.0,116.7,6.14,12.77
279,hard,15,09:44:38,09:44:38,11:16:48,COMPLETED,30716.0,92173.9,0.12,5530.42
597,medium,13,11:12:27,11:12:28,11:17:51,COMPLETED,28054.0,5389.6,1.82,324.95
550,easy,11,11:17:30,11:17:33,11:18:04,COMPLETED,38826.0,529.3,3.10,34.56
517,easy,11,11:17:57,11:17:58,11:18:10,COMPLETED,26107.0,215.0,1.25,13.89
646,medium,14,11:08:59,11:09:01,11:18:23,COMPLETED,33453.0,9371.7,2.39,564.48
555,easy,11,11:18:13,11:18:17,11:18:29,COMPLETED,28999.0,214.2,4.18,16.77
598,medium,14,11:02:36,11:02:41,11:18:42,COMPLETED,32092.0,16020.5,5.35,966.31
634,easy,11,11:18:38,11:18:42,11:18:55,COMPLETED,25600.0,215.9,4.31,17.01
583,easy,11,11:18:44,11:18:48,11:19:07,COMPLETED,20467.0,321.1,4.67,23.61
616,easy,11,11:19:05,11:19:07,11:19:13,COMPLETED,24442.0,111.2,2.61,8.98
472,medium,14,10:50:25,10:50:30,11:19:26,COMPLETED,32141.0,28938.7,5.57,1741.70
628,easy,12,11:18:40,11:18:42,11:19:33,COMPLETED,29425.0,848.3,2.31,53.01
553,easy,12,11:19:17,11:19:20,11:19:33,COMPLETED,18547.0,215.9,3.32,16.01
627,easy,12,11:20:12,11:20:16,11:21:13,COMPLETED,28969.0,946.7,4.87,61.42
560,easy,11,11:21:07,11:21:07,11:21:19,COMPLETED,28506.0,214.7,0.08,12.71
639,easy,11,11:21:07,11:21:07,11:21:19,COMPLETED,32287.0,214.3,0.08,12.71
404,hard,15,10:46:41,10:46:45,11:21:38,COMPLETED,39205.0,34887.4,4.53,2097.54
512,medium,14,11:05:07,11:05:08,11:21:51,COMPLETED,32500.0,16714.1,1.68,1004.31
431,medium,14,10:41:25,10:41:29,11:22:35,COMPLETED,33475.0,41101.5,4.55,2470.40
635,medium,14,11:18:00,11:18:04,11:22:41,COMPLETED,32350.0,4627.7,4.56,281.85
640,easy,11,11:23:24,11:23:26,11:23:39,COMPLETED,28743.0,221.7,2.62,15.63
590,easy,11,11:23:25,11:23:26,11:23:52,COMPLETED,27511.0,433.0,1.62,27.37
515,medium,13,11:07:47,11:07:52,11:24:04,COMPLETED,28454.0,16218.2,5.15,977.99
632,easy,11,11:24:09,11:24:11,11:24:24,COMPLETED,20892.0,221.4,2.38,15.24
502,medium,14,10:53:12,10:53:17,11:24:37,COMPLETED,31390.0,31339.2,5.05,1885.03
543,medium,13,11:23:52,11:23:52,11:25:02,COMPLETED,35442.0,1182.3,0.37,70.93
565,medium,13,11:19:00,11:19:01,11:25:22,COMPLETED,32646.0,6355.6,1.30,382.26
548,easy,12,11:24:25,11:24:30,11:25:28,COMPLETED,25627.0,972.3,5.71,63.74
660,easy,12,11:25:46,11:25:47,11:25:54,COMPLETED,27716.0,113.3,1.78,8.08
536,easy,11,11:26:08,11:26:13,11:26:32,COMPLETED,28432.0,332.5,5.39,24.90
314,hard,15,09:09:43,09:09:48,11:26:45,COMPLETED,29978.0,136964.5,5.21,8222.89
623,easy,11,11:26:42,11:26:45,11:26:52,COMPLETED,21964.0,116.9,3.89,10.49
662,medium,13,11:18:47,11:18:48,11:27:11,COMPLETED,26801.0,8386.4,1.67,504.63
524,easy,12,11:21:44,11:21:44,11:27:56,COMPLETED,36848.0,6195.2,0.91,372.31
511,easy,11,11:27:41,11:27:43,11:27:56,COMPLETED,20660.0,221.3,2.51,15.31
652,medium,13,11:27:09,11:27:11,11:28:02,COMPLETED,26976.0,862.0,2.63,53.83
559,easy,11,11:28:10,11:28:15,11:28:22,COMPLETED,29355.0,112.7,5.85,12.23
578,easy,12,11:28:01,11:28:02,11:28:47,COMPLETED,21322.0,751.8,1.83,46.63
557,easy,12,11:28:22,11:28:22,11:28:54,COMPLETED,28786.0,535.9,0.23,32.00
619,easy,11,11:28:36,11:28:41,11:29:19,COMPLETED,29387.0,645.4,5.20,43.54
198,hard,15,09:21:35,09:21:37,11:29:26,COMPLETED,36544.0,127802.4,2.90,7671.00
670,easy,11,11:29:15,11:29:19,11:29:26,COMPLETED,24957.0,113.1,4.54,11.00
661,medium,13,11:23:46,11:23:52,11:30:03,COMPLETED,31037.0,6198.1,6.37,377.97
615,easy,12,11:30:01,11:30:03,11:30:10,COMPLETED,23988.0,111.9,2.97,9.36
572,medium,13,11:20:59,11:21:00,11:30:16,COMPLETED,33565.0,9269.8,1.78,557.71
669,easy,11,11:30:33,11:30:35,11:30:48,COMPLETED,27980.0,217.0,2.72,15.41
561,medium,14,11:25:59,11:26:00,11:31:51,COMPLETED,34773.0,5852.1,1.62,352.52
558,easy,11,11:32:23,11:32:23,11:32:35,COMPLETED,30926.0,217.2,0.07,12.77
664,hard,15,11:21:35,11:21:38,11:32:48,COMPLETED,30501.0,11168.2,3.54,673.42
659,medium,13,11:24:13,11:24:17,11:33:32,COMPLETED,36628.0,9254.3,4.69,559.72
541,easy,11,11:33:48,11:33:51,11:34:10,COMPLETED,26829.0,323.3,3.65,22.72
519,medium,13,11:24:31,11:24:37,11:34:23,COMPLETED,36791.0,9777.1,6.03,592.45
663,easy,11,11:33:55,11:33:58,11:34:23,COMPLETED,31771.0,428.7,3.03,28.45
562,medium,14,11:13:10,11:13:12,11:34:29,COMPLETED,25489.0,21288.3,2.78,1279.78
618,easy,11,11:34:45,11:34:49,11:35:15,COMPLETED,32679.0,438.3,4.32,30.26
573,easy,11,11:35:15,11:35:21,11:35:28,COMPLETED,23857.0,117.3,6.80,13.41
675,easy,12,11:32:49,11:32:54,11:35:41,COMPLETED,27785.0,2782.3,5.74,172.40
636,easy,12,11:35:00,11:35:02,11:35:41,COMPLETED,26777.0,653.5,2.52,41.40
513,medium,13,11:34:38,11:34:42,11:35:54,COMPLETED,33179.0,1196.1,4.76,76.06
318,hard,15,09:33:11,09:33:11,11:36:13,COMPLETED,37541.0,123030.2,0.81,7382.52
648,medium,14,11:27:36,11:27:36,11:37:05,COMPLETED,31933.0,9481.0,0.97,569.36
568,easy,12,11:37:11,11:37:12,11:37:24,COMPLETED,27198.0,221.5,1.03,13.95
533,easy,12,11:36:52,11:36:52,11:37:37,COMPLETED,23017.0,766.4,0.25,45.73
521,hard,15,11:16:34,11:16:35,11:38:10,COMPLETED,36595.0,21583.1,1.49,1296.17
584,easy,11,11:37:23,11:37:44,11:38:16,COMPLETED,33384.0,545.8,21.30,53.71
607,easy,11,11:37:36,11:38:16,11:38:42,COMPLETED,33479.0,437.1,40.71,66.45
540,medium,14,11:28:08,11:28:09,11:39:53,COMPLETED,35992.0,11744.0,1.42,705.68
643,medium,13,11:37:02,11:37:05,11:40:00,COMPLETED,28509.0,2921.0,3.36,178.27
575,easy,11,11:39:52,11:40:00,11:40:13,COMPLETED,25868.0,217.3,8.27,21.01
588,medium,14,11:29:02,11:29:06,11:41:28,COMPLETED,29188.0,12371.9,4.82,746.90
673,easy,12,11:38:52,11:38:55,11:42:00,COMPLETED,28949.0,3089.1,3.46,188.52
418,hard,15,10:11:30,10:11:32,11:42:51,COMPLETED,27864.0,91306.6,2.95,5481.26
551,medium,13,11:40:43,11:40:44,11:42:51,COMPLETED,29186.0,2115.4,1.64,128.26
576,easy,12,11:41:58,11:42:57,11:43:10,COMPLETED,16808.0,216.7,59.59,72.30
574,easy,11,11:42:01,11:43:16,11:43:54,COMPLETED,23086.0,638.2,75.62,113.61
529,medium,13,11:41:56,11:42:06,11:45:04,COMPLETED,25032.0,2967.1,10.86,188.39
581,medium,14,11:14:43,11:14:46,11:45:49,COMPLETED,30073.0,31051.0,3.74,1866.52
352,hard,15,10:33:02,10:33:08,11:46:02,COMPLETED,31487.0,72912.3,6.26,4380.70
534,easy,11,11:42:59,11:45:10,11:46:09,COMPLETED,20798.0,985.9,131.94,190.48
538,easy,11,11:43:26,11:46:16,11:46:35,COMPLETED,22992.0,328.8,170.15,189.39
604,easy,12,11:43:12,11:46:09,11:46:41,COMPLETED,26584.0,550.5,177.48,209.92
157,hard,15,08:33:41,08:33:41,11:47:01,COMPLETED,33522.0,193332.5,0.57,11600.49
554,medium,14,11:27:28,11:27:30,11:48:06,COMPLETED,36344.0,20597.5,2.66,1238.18
650,easy,12,11:44:57,11:48:12,11:48:25,COMPLETED,31220.0,226.1,195.74,208.82
520,easy,11,11:45:37,11:48:32,11:48:38,COMPLETED,22856.0,117.9,175.35,181.95
48,hard,15,08:38:12,08:38:15,11:48:58,COMPLETED,38654.0,190718.7,3.51,11446.61
516,medium,13,11:43:02,11:45:56,11:49:04,COMPLETED,30384.0,3157.2,174.06,362.94
603,easy,12,11:43:36,11:46:41,11:49:18,COMPLETED,30468.0,2613.1,185.92,342.22
589,medium,14,11:42:00,11:42:57,11:50:55,COMPLETED,26971.0,7965.4,57.59,535.11
585,easy,12,11:46:46,11:51:01,11:51:45,COMPLETED,27636.0,743.4,255.65,299.89
641,medium,13,11:36:36,11:36:39,11:51:58,COMPLETED,25938.0,15325.6,3.46,922.71
629,medium,14,11:44:08,11:46:48,11:52:11,COMPLETED,37040.0,5387.0,160.56,483.51
678,easy,12,11:47:16,11:51:52,11:52:11,COMPLETED,30941.0,325.8,276.28,295.51
608,easy,12,11:47:47,11:52:05,11:52:24,COMPLETED,28038.0,325.4,258.09,277.30
626,medium,13,11:39:58,11:40:06,11:52:30,COMPLETED,30768.0,12404.8,8.67,752.66
624,easy,11,11:48:30,11:52:30,11:52:49,COMPLETED,28552.0,322.4,240.66,259.70
549,easy,12,11:47:50,11:52:17,11:52:56,COMPLETED,23978.0,641.6,267.86,306.03
655,easy,12,11:49:46,11:52:37,11:53:02,COMPLETED,28179.0,428.3,171.03,196.39
530,easy,11,11:50:19,11:53:02,11:53:08,COMPLETED,24552.0,112.2,163.39,169.76
622,easy,12,11:49:48,11:52:56,11:53:34,COMPLETED,32093.0,640.3,188.03,226.14
611,easy,11,11:50:38,11:53:15,11:53:34,COMPLETED,32340.565546154394,322.0,157.16,176.14
620,medium,14,11:34:17,11:34:17,11:54:12,COMPLETED,30872.0,19925.0,0.09,1195.37
546,easy,12,11:53:14,11:53:40,11:54:18,COMPLETED,27537.0,641.6,26.50,64.69
527,medium,13,11:50:29,11:53:08,11:54:44,COMPLETED,30427.0,1593.1,159.76,255.05
602,medium,13,11:53:19,11:54:18,11:55:03,COMPLETED,29747.0,744.2,59.69,104.06
613,hard,15,11:45:49,11:49:04,11:55:28,COMPLETED,28464.0,6395.0,195.94,579.37
582,medium,14,11:46:40,11:49:24,11:55:34,COMPLETED,25141.0,6170.4,164.79,534.70
666,hard,15,11:37:20,11:37:31,11:55:41,COMPLETED,31554.0,18166.6,11.36,1101.07
587,easy,11,11:54:48,11:55:34,11:55:41,COMPLETED,27534.0,111.9,46.70,53.07
671,medium,14,11:01:06,11:01:11,11:56:12,COMPLETED,30957.0,55027.5,5.46,3306.87
544,medium,13,11:55:41,11:55:41,11:58:02,COMPLETED,30183.0,2365.6,0.07,141.72
535,easy,12,11:57:18,11:57:23,11:58:15,COMPLETED,25980.0,871.1,5.83,57.62
630,hard,15,11:57:32,11:58:09,12:00:31,COMPLETED,26666.0,2382.9,37.04,179.73
645,easy,12,11:58:17,12:00:38,12:01:49,COMPLETED,31474.0,1193.4,141.05,212.16
340,hard,15,10:28:51,10:28:54,12:03:49,COMPLETED,36398.0,94925.3,3.51,5698.92
647,medium,14,11:34:44,11:34:49,12:03:56,COMPLETED,24632.0,29120.8,5.32,1752.32
537,easy,12,11:58:45,12:03:56,12:04:15,COMPLETED,32377.0,327.3,311.32,330.58
542,hard,15,11:16:12,11:16:16,12:04:21,COMPLETED,32318.0,48098.9,4.14,2889.99
398,hard,15,10:41:17,10:41:23,12:04:41,COMPLETED,34064.0,83298.6,6.22,5004.02
807,easy,11,12:00:57,12:04:28,12:04:41,COMPLETED,24404.0,216.2,211.36,224.02
523,hard,15,11:35:04,11:35:08,12:04:47,COMPLETED,33306.0,29646.9,4.86,1783.35
617,easy,12,11:59:56,12:04:21,12:04:53,COMPLETED,32592.0,535.9,265.99,297.81
713,easy,11,12:02:09,12:05:00,12:05:06,COMPLETED,23756.0,111.2,171.19,177.55
747,easy,11,12:01:55,12:04:53,12:05:19,COMPLETED,28637.0,429.0,178.81,204.25
731,easy,12,12:01:00,12:04:47,12:05:50,COMPLETED,28025.0,1064.5,227.35,290.94
718,easy,12,12:02:19,12:05:12,12:05:57,COMPLETED,26966.0,745.7,173.88,218.26
832,easy,11,12:02:22,12:05:57,12:06:16,COMPLETED,30790.0,322.6,215.26,234.32
722,easy,12,12:02:48,12:06:03,12:06:22,COMPLETED,24049.0,322.3,195.66,214.65
761,medium,13,12:02:21,12:05:25,12:06:29,COMPLETED,21216.0,1063.8,184.58,248.02
756,easy,12,12:03:58,12:06:35,12:06:48,COMPLETED,31316.0,216.3,157.44,170.13
721,easy,12,12:04:07,12:06:54,12:07:26,COMPLETED,35297.0,540.1,167.45,199.36
644,easy,12,11:53:11,11:53:40,12:07:32,COMPLETED,41574.0,13881.3,29.50,861.89
566,medium,14,11:29:55,11:29:57,12:08:44,COMPLETED,28564.0,38780.1,2.62,2329.24
531,medium,14,11:16:59,11:17:01,12:09:09,COMPLETED,41483.0,52148.1,2.29,3130.94
677,medium,14,11:59:06,12:04:02,12:09:41,COMPLETED,29843.0,5661.8,296.70,635.96
707,medium,13,12:03:49,12:06:29,12:09:55,COMPLETED,36076.0,3443.4,160.02,366.17
286,medium,14,09:44:43,09:44:44,12:10:21,COMPLETED,32094.0,145613.6,1.41,8738.13
847,easy,11,12:05:39,12:10:27,12:11:12,COMPLETED,27401.0,760.6,288.69,333.84
728,easy,12,12:05:03,12:09:16,12:11:51,COMPLETED,28567.0,2593.1,253.48,408.77
701,medium,13,12:04:48,12:08:50,12:12:36,COMPLETED,27400.0,3774.8,242.57,468.77
514,medium,14,11:33:23,11:33:26,12:13:21,COMPLETED,34643.0,39921.0,3.32,2398.39
339,hard,15,09:53:17,09:53:19,12:13:40,COMPLETED,37270.0,140353.3,2.05,8423.38
368,medium,14,10:30:46,10:30:49,12:13:53,COMPLETED,32684.0,103065.2,3.23,6187.07
649,medium,14,11:41:41,11:41:41,12:14:12,COMPLETED,27026.0,32512.3,0.53,1951.08
637,hard,15,11:57:27,11:57:30,12:15:34,COMPLETED,34536.0,18071.1,3.22,1087.26
768,easy,12,12:07:22,12:15:40,12:15:46,COMPLETED,24159.0,111.7,498.59,504.99
711,medium,13,12:06:35,12:13:27,12:15:53,COMPLETED,32315.0,2432.4,412.72,558.32
836,easy,11,12:07:29,12:15:53,12:15:59,COMPLETED,28455.0,112.3,504.32,510.71
564,hard,15,11:28:38,11:28:41,12:16:12,COMPLETED,35988.0,47522.1,3.20,2854.45
773,easy,12,12:07:02,12:13:59,12:16:18,COMPLETED,32586.0,2328.3,417.41,556.78
723,easy,12,12:07:43,12:15:59,12:16:44,COMPLETED,30819.0,745.5,496.71,541.15
837,easy,11,12:09:33,12:16:18,12:16:56,COMPLETED,27879.0,639.0,405.78,443.83
694,medium,14,12:03:33,12:06:22,12:17:03,COMPLETED,30713.0,10680.1,169.65,810.16
803,easy,11,12:10:04,12:16:50,12:17:03,COMPLETED,26721.0,217.5,406.47,419.16
690,easy,11,12:09:08,12:16:06,12:17:09,COMPLETED,31076.0,1064.1,418.09,481.55
787,easy,12,12:10:11,12:17:03,12:17:15,COMPLETED,28286.0,219.4,412.16,424.98
702,easy,11,12:10:47,12:17:22,12:18:06,COMPLETED,38987.0,742.2,395.36,439.58
764,medium,13,12:10:02,12:16:25,12:18:38,COMPLETED,26419.0,2228.8,383.15,516.58
717,medium,14,12:05:41,12:11:19,12:18:51,COMPLETED,26824.0,7537.2,338.37,790.31
790,easy,11,12:11:40,12:18:57,12:19:04,COMPLETED,27149.0,116.1,437.69,444.33
753,medium,13,12:10:50,12:18:44,12:19:29,COMPLETED,28826.0,751.0,474.92,519.66
89,hard,15,08:58:48,08:58:53,12:19:36,COMPLETED,37758.0,200711.9,5.38,12048.02
732,medium,13,12:10:43,12:17:15,12:19:48,COMPLETED,33049.0,2553.9,392.98,545.88
812,medium,13,12:04:11,12:07:32,12:20:08,COMPLETED,34050.0,12589.3,201.89,957.02
571,medium,14,11:42:58,11:44:00,12:20:14,COMPLETED,30327.0,36227.1,62.94,2236.35
697,medium,13,12:11:57,12:19:42,12:20:27,COMPLETED,28433.0,748.3,465.46,510.07
736,easy,12,12:12:15,12:19:55,12:20:33,COMPLETED,28198.0,641.6,460.26,498.41
685,easy,12,12:12:17,12:20:14,12:20:33,COMPLETED,25245.0,323.8,477.35,496.41
750,easy,11,12:12:35,12:20:20,12:20:33,COMPLETED,29021.0,217.9,465.71,478.41
704,easy,11,12:13:00,12:20:39,12:20:52,COMPLETED,22383.0,216.7,459.81,472.59
809,easy,12,12:10:28,12:17:09,12:21:11,COMPLETED,35245.0,4038.1,401.55,643.58
776,easy,12,12:12:52,12:20:33,12:21:11,COMPLETED,30607.0,641.9,461.41,499.58
658,hard,15,11:25:49,11:25:54,12:21:43,COMPLETED,31819.0,55825.8,5.08,3354.48
186,hard,15,09:14:02,09:14:05,12:22:08,COMPLETED,33048.0,188062.5,3.18,11286.90
388,hard,15,10:36:12,10:36:16,12:22:15,COMPLETED,34221.0,105973.4,4.96,6363.23
586,hard,15,11:44:12,11:47:08,12:23:05,COMPLETED,29872.0,35966.9,176.04,2333.89
767,easy,11,12:15:16,12:23:12,12:23:24,COMPLETED,27428.0,216.3,476.22,488.89
845,easy,11,12:15:51,12:23:31,12:24:16,COMPLETED,21907.0,755.3,460.22,505.03
797,easy,12,12:14:43,12:21:49,12:24:35,COMPLETED,27652.0,2768.8,426.87,592.71
766,medium,14,12:10:48,12:18:12,12:25:14,COMPLETED,30163.0,7031.8,444.91,866.44
724,easy,11,12:18:42,12:25:20,12:25:53,COMPLETED,27909.0,545.7,398.91,431.16
699,easy,11,12:18:55,12:25:59,12:26:12,COMPLETED,34720.0,221.6,424.69,437.64
839,medium,13,12:11:56,12:19:36,12:27:22,COMPLETED,29720.0,7778.3,460.02,926.45
204,hard,15,09:09:13,09:09:16,12:29:28,COMPLETED,31742.0,200201.6,3.74,12015.82
612,hard,15,11:46:16,11:49:11,12:29:35,COMPLETED,34733.0,40396.2,175.58,2599.14
796,easy,12,12:19:40,12:29:35,12:30:00,COMPLETED,23725.0,427.7,595.14,620.51
672,hard,15,11:36:04,11:36:06,12:30:13,COMPLETED,29494.0,54106.7,2.92,3249.20
771,easy,12,12:20:37,12:30:19,12:31:29,COMPLETED,30560.0,1167.0,582.53,652.08
804,easy,11,12:20:48,12:31:35,12:31:42,COMPLETED,19383.0,117.1,647.57,654.22
716,medium,14,12:10:15,12:17:09,12:32:20,COMPLETED,28061.0,15196.0,414.55,1325.93
686,hard,15,12:05:06,12:09:48,12:33:38,COMPLETED,34074.0,23832.3,282.50,1712.20
532,hard,15,11:53:31,11:54:50,12:34:41,COMPLETED,32497.0,39853.5,79.38,2470.42
705,medium,13,12:21:26,12:32:27,12:35:51,COMPLETED,36932.0,3407.5,661.46,865.63
799,medium,14,12:22:06,12:34:47,12:36:30,COMPLETED,28566.0,1721.3,761.75,864.72
772,easy,11,12:22:59,12:36:37,12:36:43,COMPLETED,18526.0,119.2,818.06,824.72
754,easy,12,12:23:03,12:36:50,12:37:22,COMPLETED,32168.0,547.0,827.26,859.79
794,easy,12,12:24:13,12:37:29,12:38:07,COMPLETED,31088.0,640.9,796.11,834.24
842,easy,12,12:24:20,12:38:13,12:38:51,COMPLETED,30217.0,640.5,833.59,871.72
749,medium,14,12:14:17,12:21:17,12:38:58,COMPLETED,28931.0,17672.8,420.96,1481.05
738,medium,14,12:12:52,12:20:39,12:40:01,COMPLETED,33430.0,19365.3,467.81,1629.49
779,medium,14,12:15:14,12:22:21,12:40:01,COMPLETED,26865.0,17669.4,427.61,1487.49
829,easy,12,12:25:00,12:39:04,12:40:20,COMPLETED,23293.0,1272.7,844.48,920.54
744,easy,12,12:26:20,12:40:26,12:41:36,COMPLETED,35846.0,1163.7,846.88,916.40
806,medium,14,12:25:36,12:40:07,12:45:01,COMPLETED,27892.0,4901.8,871.84,1165.49
815,medium,13,12:25:16,12:40:07,12:45:14,COMPLETED,27073.0,5119.5,891.84,1198.68
698,easy,11,12:27:33,12:45:08,12:45:27,COMPLETED,30956.0,328.6,1055.04,1074.45
833,easy,12,12:27:36,12:45:21,12:45:33,COMPLETED,22633.0,222.1,1065.05,1077.79
687,easy,11,12:28:04,12:45:40,12:46:00,COMPLETED,27384.0,334.8,1056.42,1076.01
679,hard,15,11:30:26,11:30:29,12:46:52,COMPLETED,25035.0,76380.9,3.38,4586.10
710,medium,14,12:19:59,12:29:41,12:48:15,COMPLETED,23147.0,18581.9,582.51,1696.98
594,hard,15,11:26:09,11:26:13,12:48:22,COMPLETED,33716.0,82155.4,4.39,4933.53
848,easy,11,12:29:44,12:48:22,12:48:35,COMPLETED,28160.0,221.3,1118.53,1131.53
770,medium,14,12:05:25,12:10:01,12:48:48,COMPLETED,32207.0,38780.3,276.71,2603.21
817,medium,14,12:22:01,12:33:44,12:49:14,COMPLETED,33905.0,15496.1,703.58,1633.09
684,easy,12,12:30:39,12:48:41,12:49:33,COMPLETED,26403.0,860.1,1082.85,1134.14
505,hard,15,10:29:36,10:29:38,12:50:04,COMPLETED,33240.0,140439.0,2.50,8428.77
552,hard,15,11:58:34,12:01:55,12:50:11,COMPLETED,28115.0,48260.5,201.70,3097.11
719,hard,15,12:13:20,12:20:58,12:50:30,COMPLETED,37610.0,29525.1,458.91,2230.21
393,hard,15,10:58:34,10:58:37,12:50:36,COMPLETED,34486.0,111980.3,3.85,6722.54
795,easy,12,12:31:38,12:49:39,12:50:42,COMPLETED,28384.0,1062.3,1081.50,1144.90
844,easy,11,12:31:46,12:50:11,12:50:55,COMPLETED,25149.0,747.5,1105.11,1149.66
259,hard,15,09:59:04,09:59:06,12:51:02,COMPLETED,27703.0,171931.6,2.15,10318.01
819,medium,13,12:30:52,12:49:20,12:51:33,COMPLETED,29027.0,2225.2,1108.42,1241.66
733,easy,11,12:33:49,12:51:02,12:51:33,COMPLETED,31857.0,532.7,1033.01,1064.66
708,medium,13,12:33:29,12:50:36,12:51:46,COMPLETED,32617.0,1169.4,1027.54,1097.42
834,easy,12,12:33:30,12:50:42,12:51:46,COMPLETED,34575.0,1063.6,1032.90,1096.42
688,medium,14,12:32:46,12:50:17,12:52:11,COMPLETED,30233.0,1909.7,1051.48,1165.79
769,easy,11,12:38:35,12:51:52,12:52:11,COMPLETED,22011.0,322.4,797.76,816.79
709,easy,12,12:34:27,12:51:39,12:52:18,COMPLETED,27995.0,641.4,1032.99,1071.13
682,easy,11,12:38:46,12:51:52,12:52:30,COMPLETED,31457.0,639.6,786.76,824.88
755,easy,11,12:40:31,12:52:37,12:53:21,COMPLETED,29081.0,743.8,726.21,770.46
692,medium,13,12:29:49,12:48:29,12:53:27,COMPLETED,31051.0,4984.8,1120.17,1418.87
830,easy,11,12:40:37,12:53:27,12:53:34,COMPLETED,23364.0,113.6,770.87,777.34
782,medium,13,12:22:09,12:35:57,12:53:53,COMPLETED,30026.0,17930.9,828.95,1904.42
813,easy,12,12:41:03,12:53:59,12:54:19,COMPLETED,25843.0,332.6,776.95,796.41
739,medium,14,12:12:59,12:20:39,12:54:45,COMPLETED,28498.0,34102.2,460.81,2506.66
693,medium,13,12:33:47,12:50:49,12:55:05,COMPLETED,34098.0,4270.7,1022.27,1278.26
828,medium,14,12:40:46,12:53:34,12:55:50,COMPLETED,31691.0,2275.4,768.34,904.35
746,easy,12,12:42:24,12:55:56,12:56:10,COMPLETED,22717.0,227.2,812.95,826.10
811,easy,11,12:43:40,12:56:16,12:56:29,COMPLETED,28713.0,224.3,756.63,769.79
820,hard,15,12:16:18,12:24:22,12:56:36,COMPLETED,35212.0,32233.1,484.57,2418.12
835,easy,11,12:44:02,12:56:42,12:56:49,COMPLETED,23926.0,116.2,760.73,767.34
683,medium,13,12:41:57,12:55:11,12:58:13,COMPLETED,20255.0,3031.9,794.58,976.13
821,medium,13,12:44:27,12:56:55,12:58:38,COMPLETED,28679.0,1729.6,748.73,851.94
743,medium,14,12:40:52,12:53:40,12:59:24,COMPLETED,29411.0,5738.3,768.71,1112.55
621,hard,15,11:28:49,11:28:54,12:59:50,COMPLETED,31880.0,90946.0,5.00,5461.63
824,easy,11,12:45:42,12:59:31,12:59:50,COMPLETED,26647.0,332.2,829.09,848.63
714,easy,11,12:46:11,12:59:57,13:00:10,COMPLETED,25959.0,225.5,826.06,839.29
800,easy,12,12:24:56,12:38:58,13:00:16,COMPLETED,46415.0,21314.2,842.05,2120.62
846,medium,13,12:41:25,12:54:52,13:00:16,COMPLETED,26029.0,5413.0,807.20,1131.62
748,easy,12,12:47:08,13:00:16,13:00:42,COMPLETED,31546.0,429.7,788.62,814.11
816,medium,14,12:39:09,12:52:18,13:01:38,COMPLETED,36866.0,9351.0,789.13,1349.96
789,easy,12,12:47:39,13:00:48,13:02:10,COMPLETED,28314.0,1374.0,789.44,871.58
778,easy,12,12:47:59,13:02:16,13:02:48,COMPLETED,35650.0,532.1,857.91,889.53
567,hard,15,11:53:24,11:54:25,13:03:07,COMPLETED,32824.0,68712.2,61.07,4183.63
725,medium,14,12:27:04,12:41:42,13:03:07,COMPLETED,23079.0,21420.0,878.73,2163.63
823,easy,12,12:48:14,13:03:14,13:03:39,COMPLETED,24594.0,429.9,900.04,925.52
774,medium,14,12:48:18,13:03:14,13:05:14,COMPLETED,23676.0,2012.3,896.04,1016.53
775,easy,11,12:48:38,13:05:20,13:05:34,COMPLETED,28456.0,227.9,1002.86,1016.02
784,medium,14,12:43:47,12:56:36,13:06:38,COMPLETED,26649.0,10049.0,769.12,1371.64
735,easy,12,12:48:40,13:05:40,13:06:45,COMPLETED,29221.0,1082.7,1020.58,1085.18
818,medium,14,12:29:22,12:46:58,13:07:04,COMPLETED,34570.0,20108.3,1056.42,2262.50
810,hard,15,12:47:15,13:00:23,13:07:04,COMPLETED,29446.0,6699.8,788.02,1189.50
740,easy,12,12:52:05,13:07:11,13:07:43,COMPLETED,27149.0,548.7,906.12,938.83
696,medium,13,12:34:03,12:51:08,13:08:16,COMPLETED,29588.0,17134.0,1025.37,2053.02
840,medium,14,12:44:31,12:58:19,13:08:35,COMPLETED,34502.0,10271.1,828.53,1444.38
802,easy,11,12:52:48,13:08:41,13:09:14,COMPLETED,28077.0,550.8,953.93,986.53
741,easy,12,12:51:39,13:06:45,13:09:21,COMPLETED,27810.0,2607.4,906.18,1062.00
737,easy,12,12:53:45,13:09:27,13:10:19,COMPLETED,27311.0,867.0,942.70,994.22
780,easy,12,12:51:47,13:06:51,13:10:25,COMPLETED,28739.0,3579.7,904.57,1118.76
805,medium,14,12:39:15,12:52:24,13:10:58,COMPLETED,28447.0,18568.2,789.52,1903.37
712,medium,14,12:48:29,13:03:45,13:13:05,COMPLETED,36583.0,9326.0,916.86,1476.14
681,easy,11,12:55:54,13:13:11,13:13:17,COMPLETED,26215.0,111.5,1037.48,1043.84
727,medium,14,12:28:00,12:45:33,13:13:24,COMPLETED,33172.0,27844.5,1053.79,2724.19
788,medium,14,12:38:59,12:52:18,13:13:55,COMPLETED,31705.0,21633.0,799.13,2096.87
734,hard,15,12:17:26,12:24:42,13:14:21,COMPLETED,37902.0,49658.4,436.04,3415.35
762,easy,12,12:56:12,13:14:02,13:14:40,COMPLETED,31036.0,643.8,1070.20,1108.51
792,easy,12,12:56:19,13:14:27,13:14:53,COMPLETED,18690.0,430.5,1088.68,1114.22
730,medium,14,12:52:37,13:08:22,13:15:06,COMPLETED,31985.0,6728.3,945.56,1349.00
321,hard,15,09:30:43,09:30:44,13:16:41,COMPLETED,38002.0,225942.6,1.88,13558.39
783,easy,12,12:56:26,13:14:46,13:16:47,COMPLETED,39040.0,2022.7,1100.86,1221.79
801,medium,13,12:57:19,13:15:12,13:16:47,COMPLETED,22984.0,1599.1,1073.33,1168.79
758,easy,12,12:54:31,13:10:32,13:18:57,COMPLETED,42844.0,8419.8,961.44,1466.18
757,medium,14,12:55:44,13:11:04,13:19:36,COMPLETED,27416.0,8530.8,920.70,1432.11
729,easy,12,12:58:30,13:19:03,13:19:36,COMPLETED,29986.0,548.6,1233.73,1266.11
763,easy,12,12:58:56,13:19:42,13:20:08,COMPLETED,23871.0,437.9,1246.67,1272.49
831,hard,15,12:06:00,12:12:43,13:20:54,COMPLETED,39038.0,68186.2,403.10,4494.01
439,hard,15,10:35:08,10:35:14,13:21:13,COMPLETED,30798.0,165992.4,6.14,9965.63
931,easy,11,13:00:04,13:21:19,13:21:39,COMPLETED,23271.0,330.6,1275.95,1295.50
967,easy,11,13:00:17,13:21:45,13:21:58,COMPLETED,20296.0,226.7,1288.82,1301.93
956,easy,12,13:00:21,13:22:05,13:22:56,COMPLETED,29216.0,852.7,1304.47,1355.33
706,hard,15,12:04:39,12:07:39,13:24:37,COMPLETED,28863.0,76967.3,180.51,4798.39
798,medium,14,12:47:14,13:00:23,13:26:06,COMPLETED,39558.0,25721.7,789.02,2332.10
785,medium,13,12:59:56,13:21:00,13:26:12,COMPLETED,25779.0,5203.5,1264.55,1576.43
925,easy,12,13:04:08,13:26:18,13:26:37,COMPLETED,24066.0,321.5,1330.80,1349.78
822,medium,14,12:45:25,12:58:45,13:26:44,COMPLETED,36737.0,27980.3,800.57,2479.11
918,easy,11,13:03:18,13:26:12,13:26:50,COMPLETED,33900.0,640.1,1374.43,1412.50
919,easy,12,13:04:26,13:26:44,13:27:15,COMPLETED,23425.0,533.9,1338.11,1369.84
979,easy,11,13:04:28,13:26:50,13:27:47,COMPLETED,29773.0,962.9,1342.50,1399.95
689,medium,14,12:52:01,13:07:11,13:32:14,COMPLETED,34159.0,25053.3,910.12,2413.10
726,medium,14,12:41:07,12:54:25,13:33:24,COMPLETED,25867.0,38972.5,798.95,3137.11
826,medium,14,12:58:21,13:16:54,13:33:43,COMPLETED,32332.0,16827.7,1113.32,2122.55
827,hard,15,12:01:18,12:04:47,13:34:41,COMPLETED,30035.0,89912.2,209.35,5603.91
949,medium,13,13:06:29,13:34:48,13:37:40,COMPLETED,32734.0,2864.4,1699.45,1871.01
205,hard,15,09:17:55,09:17:57,13:37:46,COMPLETED,28812.0,259819.6,2.21,15591.33
849,medium,13,12:58:34,13:19:42,13:38:05,COMPLETED,22018.0,18384.6,1268.67,2371.47
1013,easy,11,13:06:46,13:37:46,13:38:18,COMPLETED,32957.89275278751,536.9,1860.33,1892.25
934,easy,12,13:06:52,13:37:52,13:39:02,COMPLETED,33165.0,1171.8,1860.71,1930.70
680,hard,15,12:13:30,12:21:17,13:39:09,COMPLETED,28914.0,77854.7,467.96,5139.05
977,easy,12,13:07:42,13:39:09,13:39:34,COMPLETED,25437.0,428.3,1887.05,1912.41
887,medium,13,13:06:57,13:38:11,13:39:40,COMPLETED,28108.0,1488.0,1874.83,1963.78
935,easy,11,13:08:19,13:39:40,13:39:53,COMPLETED,27913.0,217.7,1881.78,1894.51
860,easy,12,13:08:07,13:39:15,13:40:12,COMPLETED,32926.0,958.1,1868.42,1925.61
927,medium,13,13:09:41,13:40:18,13:40:57,COMPLETED,24979.0,643.6,1837.94,1876.06
940,easy,12,13:08:56,13:39:47,13:42:01,COMPLETED,26611.0,2245.9,1851.15,1985.60
965,medium,14,13:09:19,13:39:59,13:42:21,COMPLETED,25723.0,2360.3,1840.88,1982.18
957,medium,13,13:06:17,13:33:50,13:43:24,COMPLETED,30276.0,9577.5,1653.10,2227.46
703,medium,14,12:56:31,13:14:59,13:47:33,COMPLETED,37097.0,32577.6,1108.55,3062.95
539,hard,15,11:11:48,11:11:51,13:48:12,COMPLETED,34432.0,156349.8,3.18,9384.08
525,hard,15,11:28:55,11:29:00,13:50:05,COMPLETED,35383.0,141092.6,5.44,8470.90
777,hard,15,12:56:11,13:13:30,13:50:56,COMPLETED,28591.0,37436.4,1039.57,3285.48
1017,medium,13,13:09:47,13:41:03,13:50:56,COMPLETED,31270.0,9887.3,1876.60,2469.48
996,easy,12,13:11:15,13:50:12,13:51:02,COMPLETED,31208.0,850.8,2337.23,2387.90
951,easy,11,13:11:53,13:51:02,13:51:21,COMPLETED,20523.0,322.9,2349.90,2368.99
843,hard,15,12:11:46,12:19:10,13:51:41,COMPLETED,32151.0,92509.0,444.69,5995.06
857,medium,13,13:12:56,13:51:09,13:52:45,COMPLETED,33036.0,1606.3,2293.31,2389.21
914,medium,14,13:05:20,13:27:22,13:52:51,COMPLETED,29813.0,25500.6,1322.19,2851.75
192,hard,15,09:14:57,09:15:01,13:53:04,COMPLETED,30088.0,278062.9,4.04,16687.78
700,hard,15,12:29:03,12:46:06,13:53:50,COMPLETED,29380.0,67731.6,1023.55,5087.18
869,easy,11,13:14:12,13:53:56,13:54:03,COMPLETED,20863.0,115.5,2384.72,2391.35
884,easy,11,13:14:14,13:54:09,13:54:48,COMPLETED,32483.0,657.9,2395.68,2434.86
877,easy,12,13:14:31,13:54:55,13:55:08,COMPLETED,28378.0,224.8,2424.18,2437.16
876,easy,12,13:13:55,13:52:58,13:55:40,COMPLETED,33697.0,2713.2,2343.37,2505.87
390,hard,15,10:31:34,10:31:40,13:55:47,COMPLETED,38083.0,204121.1,6.02,12253.20
907,easy,11,13:15:09,13:55:53,13:56:00,COMPLETED,23984.0,118.3,2444.58,2451.16
870,easy,12,13:14:45,13:55:47,13:56:13,COMPLETED,30632.0,443.8,2462.20,2488.33
880,easy,12,13:15:22,13:56:06,13:56:26,COMPLETED,34074.0,335.1,2444.72,2464.48
1014,medium,13,13:12:56,13:51:28,13:56:32,COMPLETED,32932.0,5082.3,2312.32,2616.86
545,medium,14,11:12:48,11:12:53,13:56:39,COMPLETED,32823.0,163758.7,5.99,9831.34
982,easy,12,13:13:20,13:52:51,13:56:39,COMPLETED,25957.0,3800.9,2371.75,2599.34
999,easy,11,13:16:37,13:56:45,13:56:58,COMPLETED,16149.0,225.5,2408.86,2421.90
993,easy,11,13:16:40,13:56:45,13:57:05,COMPLETED,24708.0,331.8,2405.86,2425.44
841,hard,15,12:47:46,13:01:45,13:57:24,COMPLETED,30938.0,55661.4,839.29,4178.78
936,medium,14,13:05:21,13:32:20,13:57:24,COMPLETED,29945.0,25076.9,1619.43,3123.78
853,easy,11,13:17:23,13:57:31,13:57:44,COMPLETED,30163.0,229.0,2408.14,2421.40
1005,easy,12,13:17:24,13:57:31,13:57:57,COMPLETED,22938.0,446.4,2407.14,2433.57
868,medium,14,13:05:21,13:27:54,14:00:29,COMPLETED,33084.0,32592.7,1353.31,3308.67
579,hard,15,11:04:45,11:04:49,14:01:45,COMPLETED,30922.0,176933.8,4.61,10620.57
911,easy,12,13:19:27,14:00:35,14:01:51,COMPLETED,26261.0,1271.1,2469.00,2544.91
922,easy,11,13:19:37,14:01:58,14:02:17,COMPLETED,28543.0,322.5,2541.29,2560.33
1016,medium,14,13:16:19,13:56:32,14:02:23,COMPLETED,32582.0,5852.7,2413.86,2764.68
916,easy,12,13:19:31,14:01:51,14:02:30,COMPLETED,34722.0,642.0,2540.91,2579.08
913,easy,12,13:19:47,14:02:23,14:02:30,COMPLETED,26696.0,112.7,2556.68,2563.08
871,easy,11,13:19:47,14:02:30,14:02:42,COMPLETED,32998.0,217.8,2563.08,2575.85
960,easy,11,13:20:21,14:02:36,14:02:42,COMPLETED,16890.0,111.2,2535.47,2541.85
691,medium,14,12:15:04,12:22:15,14:02:49,COMPLETED,35939.0,100569.4,431.23,6465.19
987,medium,13,13:17:43,13:57:50,14:03:08,COMPLETED,34515.0,5294.8,2407.94,2725.29
976,easy,12,13:20:23,14:02:49,14:03:21,COMPLETED,25889.0,541.4,2546.19,2578.19
896,medium,14,13:17:08,13:57:11,14:03:27,COMPLETED,34921.0,6271.9,2403.91,2779.75
867,easy,11,13:23:36,14:03:34,14:04:00,COMPLETED,28488.0,438.6,2398.31,2424.12
974,easy,12,13:20:00,14:02:36,14:04:26,COMPLETED,31527.0,1834.8,2556.47,2666.27
1007,medium,13,13:23:34,14:03:27,14:06:41,COMPLETED,30465.0,3240.7,2393.75,2587.71
904,hard,15,13:01:46,13:23:02,14:08:31,COMPLETED,40534.0,45492.3,1276.65,4005.85
882,medium,13,13:10:08,13:42:27,14:08:38,COMPLETED,31295.0,26187.1,1939.53,3510.40
969,medium,14,13:23:46,14:04:06,14:09:23,COMPLETED,28227.0,5289.0,2420.67,2737.72
910,easy,11,13:25:09,14:08:44,14:09:55,COMPLETED,26083.0,1179.9,2615.94,2686.42
902,hard,15,13:12:09,13:51:02,14:10:01,COMPLETED,29119.0,18985.1,2333.90,3472.76
932,easy,11,13:25:12,14:09:30,14:10:46,COMPLETED,33009.0,1271.4,2658.06,2734.04
751,medium,14,12:19:22,12:27:28,14:10:58,COMPLETED,34707.0,103502.2,486.79,6696.80
901,medium,13,13:24:36,14:06:48,14:11:17,COMPLETED,29373.0,4497.1,2532.25,2801.80
1015,medium,13,13:25:27,14:11:05,14:11:24,COMPLETED,26030.0,322.4,2738.13,2757.13
938,easy,11,13:25:29,14:11:24,14:11:43,COMPLETED,32189.0,322.7,2755.13,2774.18
924,easy,11,13:26:10,14:11:30,14:11:49,COMPLETED,23424.0,323.2,2720.50,2739.52
1011,medium,14,13:16:50,13:57:05,14:11:55,COMPLETED,28198.0,14846.4,2415.44,3305.92
915,medium,14,13:24:41,14:08:38,14:12:46,COMPLETED,32440.0,4141.5,2637.40,2885.57
959,medium,13,13:12:58,13:51:47,14:13:05,COMPLETED,35693.0,21308.3,2329.44,3607.69
933,medium,13,13:25:25,14:10:52,14:13:05,COMPLETED,27470.0,2227.1,2727.38,2860.69
929,easy,12,13:27:16,14:12:52,14:13:18,COMPLETED,18604.0,430.5,2736.96,2762.49
863,medium,13,13:26:32,14:11:49,14:13:43,COMPLETED,34404.0,1911.8,2717.52,2831.94
886,easy,12,13:27:20,14:13:12,14:13:50,COMPLETED,31888.0,643.0,2752.05,2790.27
984,easy,12,13:27:48,14:13:12,14:13:56,COMPLETED,27771.0,748.5,2724.05,2768.67
665,hard,15,11:47:59,11:52:17,14:14:03,COMPLETED,38269.0,141754.6,258.86,8764.03
891,easy,12,13:29:02,14:13:56,14:14:03,COMPLETED,27167.0,112.0,2694.67,2701.03
852,easy,11,13:29:12,14:14:09,14:14:22,COMPLETED,27530.0,226.2,2697.41,2710.50
923,easy,12,13:30:16,14:14:09,14:14:22,COMPLETED,26032.0,225.4,2633.41,2646.50
859,easy,12,13:28:15,14:13:24,14:14:29,COMPLETED,22237.0,1082.4,2709.83,2774.07
990,easy,12,13:28:22,14:13:50,14:14:42,COMPLETED,27402.0,870.2,2728.27,2780.20
873,easy,12,13:29:10,14:14:03,14:15:01,COMPLETED,25952.0,982.0,2693.03,2751.61
695,hard,15,12:46:21,12:59:57,14:15:27,COMPLETED,40479.0,75508.3,816.06,5346.49
917,medium,13,13:31:11,14:14:35,14:15:46,COMPLETED,31762.0,1190.2,2604.85,2675.78
986,medium,13,13:32:05,14:15:08,14:16:12,COMPLETED,30485.0,1090.3,2583.01,2647.96
964,easy,12,13:32:23,14:15:53,14:16:19,COMPLETED,30160.0,441.2,2610.35,2636.49
1019,medium,13,13:30:30,14:14:29,14:16:32,COMPLETED,33078.0,2060.7,2639.07,2762.23
952,easy,12,13:32:59,14:16:19,14:17:24,COMPLETED,28817.0,1086.3,2600.49,2665.19
928,medium,14,13:25:19,14:10:01,14:17:50,COMPLETED,31457.0,7814.5,2682.76,3151.18
950,medium,14,13:25:21,14:10:08,14:18:48,COMPLETED,23016.0,8671.7,2687.15,3207.20
864,medium,13,13:32:19,14:15:33,14:18:48,COMPLETED,26602.0,3244.0,2594.85,2789.20
948,medium,13,13:33:10,14:16:38,14:19:01,COMPLETED,26210.0,2380.9,2608.79,2751.18
975,easy,11,13:35:25,14:18:54,14:19:20,COMPLETED,30407.0,447.8,2609.54,2635.92
953,medium,14,13:34:15,14:17:56,14:20:25,COMPLETED,28618.0,2486.4,2621.74,2770.57
973,easy,11,13:36:44,14:20:31,14:21:28,COMPLETED,36287.0,953.6,2627.97,2684.88
947,medium,13,13:37:10,14:21:35,14:22:32,COMPLETED,23703.0,953.6,2665.21,2722.10
1006,hard,15,13:33:04,14:16:25,14:22:38,COMPLETED,32934.0,6215.9,2601.85,2974.45
1010,easy,11,13:38:04,14:22:44,14:22:57,COMPLETED,24116.0,217.2,2680.86,2693.53
1000,medium,13,13:37:42,14:22:38,14:23:16,COMPLETED,30966.0,640.9,2696.45,2734.61
1004,easy,12,13:38:54,14:23:22,14:24:07,COMPLETED,28017.0,742.2,2668.94,2713.17
994,easy,11,13:38:55,14:24:13,14:24:32,COMPLETED,22198.0,324.6,2718.50,2737.62
944,hard,15,13:10:32,13:43:30,14:24:45,COMPLETED,36178.0,41247.3,1978.80,4453.40
992,easy,12,13:39:39,14:24:38,14:27:13,COMPLETED,28190.0,2582.0,2700.00,2854.42
825,hard,15,12:06:43,12:13:46,14:27:33,COMPLETED,33801.0,133777.5,423.72,8450.18
878,medium,14,13:30:53,14:14:29,14:27:46,COMPLETED,27131.0,13288.2,2616.07,3413.14
995,medium,13,13:40:16,14:24:51,14:27:46,COMPLETED,26272.0,2912.1,2675.78,2850.14
781,medium,14,12:30:48,12:48:54,14:28:11,COMPLETED,29489.0,99290.2,1086.75,7043.96
1003,easy,11,13:42:55,14:27:52,14:28:11,COMPLETED,35210.0,332.0,2697.53,2716.96
745,medium,14,12:21:22,12:31:48,14:30:34,COMPLETED,35380.0,118762.4,626.63,7752.17
765,hard,15,12:58:29,13:16:54,14:30:40,COMPLETED,36688.0,73778.4,1105.32,5531.73
881,easy,12,13:43:03,14:28:18,14:30:40,COMPLETED,22266.0,2379.7,2715.52,2857.73
883,easy,11,13:43:03,14:30:40,14:30:53,COMPLETED,19627.0,226.2,2857.73,2870.83
926,medium,13,13:43:32,14:30:47,14:31:38,COMPLETED,32114.0,860.3,2835.44,2886.76
963,medium,13,13:44:31,14:31:45,14:32:29,COMPLETED,23983.0,742.9,2834.09,2878.37
875,easy,12,13:44:42,14:32:35,14:33:07,COMPLETED,27118.0,531.9,2873.69,2905.29
874,medium,14,13:31:57,14:14:48,14:34:10,COMPLETED,32230.0,19372.2,2571.53,3733.61
966,easy,12,13:45:17,14:34:16,14:34:48,COMPLETED,26737.0,532.6,2939.95,2971.60
941,easy,12,13:46:52,14:34:54,14:35:01,COMPLETED,28997.0,113.0,2882.92,2889.34
866,easy,11,13:46:58,14:35:07,14:35:20,COMPLETED,22692.0,218.8,2889.73,2902.52
879,easy,12,13:47:01,14:35:26,14:35:52,COMPLETED,21072.0,427.0,2905.88,2931.20
909,medium,14,13:40:35,14:27:52,14:36:36,COMPLETED,30531.0,8739.4,2837.53,3361.56
851,easy,12,13:47:30,14:35:58,14:36:49,COMPLETED,28368.0,856.9,2908.53,2959.36
997,medium,14,13:43:49,14:30:47,14:37:15,COMPLETED,29963.0,6467.9,2818.44,3206.26
892,medium,14,13:34:39,14:18:54,14:37:34,COMPLETED,36764.0,18667.1,2655.54,3775.31
861,easy,11,13:48:00,14:37:21,14:37:34,COMPLETED,28573.0,217.3,2961.60,2974.31
921,easy,11,13:48:20,14:37:40,14:37:53,COMPLETED,27925.0,215.9,2960.66,2973.34
653,hard,15,11:28:36,11:28:41,14:38:24,COMPLETED,30940.0,189730.0,5.20,11388.98
898,easy,12,13:48:04,14:37:40,14:38:31,COMPLETED,24666.0,849.8,2976.66,3027.31
980,medium,13,13:47:38,14:36:42,14:39:02,COMPLETED,28385.0,2338.8,2944.95,3084.99
865,medium,14,13:07:08,13:38:24,14:39:28,COMPLETED,32590.0,61066.2,1876.58,5540.34
991,medium,14,13:43:59,14:31:00,14:39:41,COMPLETED,24898.0,8683.6,2821.37,3342.11
981,hard,15,13:21:29,14:02:49,14:40:06,COMPLETED,26348.0,37290.3,2480.19,4717.44
958,easy,12,13:48:31,14:37:59,14:40:12,COMPLETED,28746.0,2224.9,2968.68,3101.79
983,easy,11,13:50:29,14:40:19,14:40:31,COMPLETED,29156.0,217.2,2990.23,3002.97
988,easy,11,13:50:59,14:40:38,14:40:57,COMPLETED,27722.0,321.6,2979.29,2998.29
1018,easy,12,13:50:21,14:40:12,14:42:19,COMPLETED,31324.0,2125.1,2991.79,3118.81
1002,easy,12,13:51:55,14:42:26,14:42:45,COMPLETED,28858.0,333.0,3031.35,3050.96
899,medium,14,13:14:10,13:53:11,14:44:46,COMPLETED,32207.0,51590.1,2341.25,5436.46
954,medium,14,13:47:46,14:36:56,14:44:52,COMPLETED,24856.0,7951.5,2950.01,3426.80
968,medium,13,13:52:27,14:44:59,14:46:33,COMPLETED,31358.0,1583.7,3152.18,3246.90
633,hard,15,11:30:34,11:30:35,14:46:46,COMPLETED,35795.0,196181.8,1.72,11772.59
897,easy,11,13:53:32,14:46:40,14:46:52,COMPLETED,25971.0,217.2,3188.23,3200.92
760,hard,15,12:52:50,13:09:21,14:47:05,COMPLETED,33680.0,97746.4,991.00,6855.66
989,easy,11,13:54:12,14:46:52,14:47:05,COMPLETED,23656.0,217.6,3160.92,3173.66
971,hard,15,13:40:21,14:27:39,14:47:12,COMPLETED,31901.0,19544.2,2838.72,4011.01
890,easy,12,13:58:32,14:47:18,14:48:15,COMPLETED,28096.0,956.7,2926.47,2983.52
631,hard,15,11:45:42,11:48:45,14:48:34,COMPLETED,30641.0,179821.6,183.47,10972.69
856,easy,12,13:56:50,14:47:12,14:48:53,COMPLETED,31355.0,1701.1,3022.01,3123.79
930,medium,13,13:58:21,14:47:12,14:49:06,COMPLETED,34787.0,1912.2,2931.01,3045.48
1001,easy,12,13:58:52,14:48:41,14:49:06,COMPLETED,27330.0,429.3,2989.05,3014.48
908,easy,12,13:58:32,14:48:21,14:49:19,COMPLETED,19426.0,962.1,2989.90,3047.34
638,hard,15,11:54:05,11:55:09,14:49:25,COMPLETED,33978.0,174274.0,64.39,10520.67
888,medium,14,13:33:57,14:17:30,14:49:25,COMPLETED,31281.0,31921.3,2613.73,4528.67
945,easy,11,13:59:48,14:49:12,14:49:25,COMPLETED,30624.0,219.8,2964.84,2977.67
1116,easy,11,14:02:45,14:49:32,14:49:38,COMPLETED,27545.0,111.1,2807.12,2813.55
1100,easy,11,14:02:55,14:49:44,14:50:10,COMPLETED,28971.0,438.4,2809.87,2835.86
972,hard,15,13:16:37,13:56:39,14:51:28,COMPLETED,32885.0,54820.6,2402.34,5691.28
1122,easy,11,14:03:06,14:51:34,14:52:00,COMPLETED,26335.0,436.3,2908.83,2934.52
1008,medium,13,13:59:01,14:49:00,14:52:20,COMPLETED,25550.0,3340.1,2999.12,3199.04
1115,medium,13,14:01:59,14:49:32,14:52:20,COMPLETED,30424.0,2807.0,2853.12,3021.04
942,hard,15,13:18:09,13:58:04,14:52:33,COMPLETED,25109.0,54487.8,2395.11,5664.04
1111,easy,12,14:04:19,14:52:39,14:53:31,COMPLETED,32664.0,868.2,2900.71,2952.31
1051,easy,11,14:04:28,14:53:37,14:54:23,COMPLETED,27793.0,762.0,2949.86,2995.28
1082,easy,12,14:04:40,14:54:29,14:55:47,COMPLETED,29129.0,1305.2,2989.60,3067.43
946,hard,15,13:11:01,13:47:40,14:55:53,COMPLETED,29662.0,68234.4,2199.30,6292.96
1047,easy,11,14:05:07,14:56:00,14:56:13,COMPLETED,22344.0,216.1,3053.62,3066.28
475,medium,14,10:48:24,10:48:27,14:56:51,COMPLETED,41280.0,248391.1,3.77,14907.27
759,hard,15,12:34:34,12:51:39,14:58:19,COMPLETED,29016.0,126667.6,1025.99,8625.98
1141,easy,12,14:05:37,14:58:26,14:58:45,COMPLETED,32387.0,321.5,3169.31,3188.29
906,hard,15,13:56:38,14:46:59,14:59:04,COMPLETED,31420.0,12087.5,3021.29,3746.29
1060,easy,12,14:06:51,14:59:10,14:59:48,COMPLETED,27959.0,637.1,3139.62,3177.54
1059,easy,11,14:07:28,14:59:54,15:00:13,COMPLETED,24925.0,321.7,3146.87,3165.86
943,medium,13,13:48:57,14:38:31,15:02:28,COMPLETED,38008.0,23953.0,2974.31,4411.19
715,hard,15,12:19:11,12:26:19,15:02:53,COMPLETED,31452.0,156583.6,428.02,9822.92
939,hard,15,13:49:19,14:39:34,15:03:19,COMPLETED,33165.0,23758.9,3015.75,4440.91
1045,easy,11,14:08:03,15:02:34,15:03:26,COMPLETED,30053.0,873.2,3271.66,3323.46
1038,easy,11,14:08:28,15:03:00,15:03:26,COMPLETED,23889.0,446.0,3272.33,3298.46
1048,easy,12,14:07:47,15:00:20,15:03:46,COMPLETED,32847.0,3440.6,3153.19,3359.02
1042,medium,13,14:05:36,14:56:57,15:03:52,COMPLETED,30880.0,6927.7,3081.61,3496.72
1050,easy,11,14:08:31,15:03:33,15:03:52,COMPLETED,30983.0,336.5,3302.14,3321.72
1175,easy,12,14:08:35,15:03:33,15:03:52,COMPLETED,30554.0,336.4,3298.14,3317.72
720,hard,15,12:59:25,13:20:15,15:03:59,COMPLETED,34484.0,103747.4,1250.02,7474.41
1137,easy,12,14:09:02,15:03:59,15:04:25,COMPLETED,27844.0,446.4,3297.41,3323.72
961,hard,15,13:40:16,14:27:19,15:05:50,COMPLETED,33125.0,38510.1,2823.97,5134.26
1173,easy,12,14:10:08,15:04:06,15:06:22,COMPLETED,27271.0,2282.1,3238.18,3374.59
1112,hard,15,14:03:34,14:52:07,15:07:27,COMPLETED,32985.0,15339.8,2913.05,3833.16
1086,easy,11,14:11:57,15:07:33,15:07:39,COMPLETED,27000.0,112.2,3336.52,3342.87
978,medium,14,13:24:25,14:04:32,15:07:46,COMPLETED,24833.0,63231.5,2407.60,6201.28
1136,medium,13,14:04:44,14:55:53,15:08:11,COMPLETED,31243.0,12298.9,3069.96,3807.65
1095,easy,12,14:12:42,15:07:52,15:08:24,COMPLETED,26800.0,532.7,3310.67,3342.33
905,medium,14,13:35:27,14:19:07,15:08:30,COMPLETED,28916.0,49385.8,2620.72,5583.66
858,hard,15,13:52:23,14:44:52,15:09:08,COMPLETED,28909.0,24267.8,3149.80,4605.63
793,hard,15,12:07:06,12:14:18,15:09:15,COMPLETED,38547.0,174945.5,432.41,10929.01
1070,easy,12,14:12:44,15:08:17,15:09:27,COMPLETED,37057.0,1167.6,3333.97,3403.75
895,hard,15,13:16:09,13:56:19,15:09:53,COMPLETED,28937.0,73555.5,2410.88,6824.07
1120,medium,13,14:09:59,15:03:59,15:09:53,COMPLETED,27745.0,5896.0,3240.41,3594.07
1032,medium,13,14:08:31,15:03:26,15:10:05,COMPLETED,26083.0,6660.9,3295.46,3694.88
1121,easy,12,14:14:14,15:09:15,15:10:05,COMPLETED,32749.0,852.8,3301.01,3351.88
1114,easy,11,14:16:51,15:09:59,15:10:05,COMPLETED,21173.0,113.3,3188.40,3194.88
1156,easy,11,14:17:00,15:09:59,15:10:05,COMPLETED,30292.0,112.5,3179.40,3185.88
451,hard,15,10:02:02,10:02:07,15:10:24,COMPLETED,37930.0,308285.3,5.90,18502.98
1168,easy,12,14:17:37,15:10:12,15:10:24,COMPLETED,25395.0,217.0,3155.23,3167.98
1184,easy,11,14:19:21,15:10:31,15:10:50,COMPLETED,25563.0,321.1,3070.32,3089.33
1189,easy,12,14:18:54,15:10:12,15:12:06,COMPLETED,29142.0,1903.9,3078.23,3192.26
903,medium,14,13:49:40,14:39:47,15:12:25,COMPLETED,24891.0,32636.4,3007.44,4965.32
1163,medium,13,14:17:05,15:10:12,15:13:35,COMPLETED,26063.0,3395.1,3187.23,3390.48
1096,medium,14,14:11:13,15:05:56,15:13:48,COMPLETED,33099.0,7870.9,3283.82,3755.67
1176,easy,12,14:20:44,15:13:55,15:14:40,COMPLETED,23630.0,759.0,3191.21,3236.23
985,medium,14,13:02:54,13:24:43,15:14:59,COMPLETED,43149.0,110270.5,1309.72,7925.75
1083,medium,13,14:12:59,15:08:30,15:16:49,COMPLETED,37996.0,8321.5,3331.66,3830.66
1151,medium,13,14:19:32,15:12:12,15:16:56,COMPLETED,29281.0,4734.4,3160.59,3444.04
1143,easy,11,14:21:30,15:16:56,15:17:02,COMPLETED,21746.0,121.4,3326.04,3332.73
1094,easy,11,14:21:42,15:17:09,15:17:22,COMPLETED,24052.0,225.9,3327.38,3340.38
563,hard,15,11:28:54,11:28:54,15:17:35,COMPLETED,27485.0,228693.6,0.00,13721.62
1066,easy,11,14:21:46,15:17:28,15:17:48,COMPLETED,23905.0,336.4,3342.98,3362.65
1142,easy,11,14:22:22,15:17:42,15:17:48,COMPLETED,28903.0,120.0,3320.00,3326.65
1099,easy,11,14:22:43,15:17:55,15:18:08,COMPLETED,35302.0,219.4,3312.25,3325.12
1029,medium,13,14:03:54,14:52:26,15:18:46,COMPLETED,43509.0,26328.7,2912.64,4492.14
1025,medium,14,14:11:29,15:06:29,15:18:46,COMPLETED,36481.0,12287.1,3300.17,4037.14
838,hard,15,12:05:55,12:11:58,15:18:58,COMPLETED,35075.0,187014.2,363.10,11583.88
1064,easy,11,14:23:08,15:18:52,15:19:11,COMPLETED,32495.0,323.1,3344.49,3363.58
1123,easy,12,14:23:20,15:18:52,15:19:17,COMPLETED,26966.0,428.7,3332.49,3357.91
1187,medium,13,14:20:24,15:13:42,15:19:49,COMPLETED,33428.0,6130.6,3198.02,3565.59
1054,easy,11,14:23:24,15:19:24,15:19:49,COMPLETED,27318.0,427.0,3360.29,3385.59
1057,easy,11,14:23:37,15:19:55,15:20:14,COMPLETED,26333.0,321.8,3378.93,3397.93
1049,medium,13,14:23:20,15:19:05,15:20:27,COMPLETED,31856.0,1378.4,3345.21,3427.63
1154,easy,11,14:24:05,15:20:21,15:20:33,COMPLETED,22179.0,217.9,3376.27,3388.96
1147,medium,13,14:21:01,15:15:06,15:20:40,COMPLETED,34305.0,5572.4,3245.33,3579.37
742,hard,15,12:20:34,12:30:06,15:20:46,COMPLETED,40467.0,170667.3,572.84,10812.75
1130,easy,11,14:25:03,15:20:40,15:20:46,COMPLETED,29020.0,112.9,3337.37,3343.75
1119,easy,11,14:24:58,15:20:33,15:21:05,COMPLETED,32015.0,536.3,3335.96,3367.86
1132,easy,12,14:26:29,15:20:53,15:21:12,COMPLETED,31073.0,321.9,3264.17,3283.18
1110,easy,11,14:26:33,15:21:12,15:21:18,COMPLETED,27856.0,112.7,3279.18,3285.55
998,medium,14,13:59:57,14:49:25,15:21:37,COMPLETED,30698.0,32205.0,2968.67,4900.76
1089,hard,15,14:02:56,14:50:17,15:21:37,COMPLETED,31107.0,31346.6,2841.20,4721.76
1126,easy,11,14:25:14,15:20:46,15:21:37,COMPLETED,34085.0,856.3,3332.75,3383.76
1062,easy,12,14:25:17,15:20:53,15:21:56,COMPLETED,26918.0,1066.5,3336.17,3399.88
1078,easy,12,14:26:40,15:21:44,15:22:09,COMPLETED,36575.0,429.3,3304.16,3329.63
1069,medium,13,14:23:03,15:18:14,15:22:34,COMPLETED,34703.0,4346.4,3311.48,3571.95
1104,easy,11,14:28:02,15:21:44,15:22:34,COMPLETED,36869.0,851.3,3222.16,3272.95
900,medium,14,13:22:26,14:02:55,15:24:11,COMPLETED,33950.0,81262.2,2429.59,7305.20
1073,easy,12,14:29:16,15:24:17,15:24:30,COMPLETED,25905.0,225.6,3301.53,3314.56
1077,medium,13,14:26:39,15:21:18,15:24:37,COMPLETED,34714.0,3318.9,3279.55,3478.11
1186,medium,13,14:27:15,15:21:44,15:24:50,COMPLETED,36061.0,3114.1,3269.16,3455.39
1179,easy,11,14:30:12,15:24:57,15:25:03,COMPLETED,30476.0,111.9,3285.17,3291.58
970,hard,15,13:14:38,13:55:14,15:25:09,COMPLETED,32110.0,89925.4,2436.71,7831.91
1109,medium,14,14:17:49,15:10:12,15:25:35,COMPLETED,31525.0,15398.1,3143.23,4066.79
1183,easy,12,14:30:32,15:25:09,15:25:42,COMPLETED,27408.0,550.3,3277.91,3310.34
1152,medium,14,14:21:35,15:17:02,15:25:48,COMPLETED,30240.0,8775.4,3327.73,3853.99
1079,medium,14,14:12:03,15:07:46,15:26:14,COMPLETED,35956.0,18480.3,3343.28,4451.76
1022,easy,12,14:31:04,15:25:48,15:26:21,COMPLETED,27410.0,548.2,3284.99,3317.30
1036,easy,12,14:31:08,15:25:55,15:26:21,COMPLETED,22659.0,442.8,3287.35,3313.30
1177,easy,11,14:31:44,15:26:21,15:26:27,COMPLETED,30785.0,122.8,3277.30,3283.96
1117,easy,12,14:30:56,15:25:42,15:26:34,COMPLETED,28886.0,883.1,3286.34,3338.72
1148,easy,11,14:32:41,15:26:27,15:26:34,COMPLETED,24113.0,122.3,3226.96,3233.72
1040,easy,11,14:32:13,15:26:27,15:26:41,COMPLETED,27536.0,230.9,3254.96,3268.46
1145,medium,14,14:10:14,15:04:32,15:26:47,COMPLETED,33702.0,22267.2,3258.26,4593.86
1097,hard,15,14:00:38,14:49:32,15:27:01,COMPLETED,29013.0,37486.4,2934.12,5183.03
1153,medium,13,14:29:17,15:24:37,15:27:01,COMPLETED,29013.0,2406.3,3320.11,3464.03
1074,easy,11,14:35:13,15:27:07,15:27:27,COMPLETED,22689.0,334.1,3114.59,3134.42
1160,easy,11,14:34:58,15:26:54,15:27:33,COMPLETED,29818.0,660.9,3116.50,3155.75
1129,easy,12,14:35:06,15:27:07,15:27:33,COMPLETED,28961.0,443.0,3121.59,3147.75
1009,medium,14,13:11:10,13:48:18,15:28:00,COMPLETED,34971.0,99696.9,2228.44,8210.06
1103,easy,12,14:35:26,15:27:33,15:28:06,COMPLETED,35280.0,557.7,3127.75,3160.61
1107,easy,12,14:32:45,15:26:41,15:28:13,COMPLETED,31157.0,1539.7,3236.46,3328.28
1034,easy,12,14:36:48,15:27:40,15:29:11,COMPLETED,28739.0,1527.3,3052.20,3143.55
1165,easy,11,14:37:59,15:28:13,15:29:11,COMPLETED,25092.0,976.5,3014.28,3072.55
1128,easy,11,14:38:18,15:29:17,15:29:36,COMPLETED,28190.0,321.8,3059.90,3078.90
1030,easy,12,14:38:24,15:29:17,15:29:36,COMPLETED,24654.0,321.4,3053.90,3072.90
1169,hard,15,14:28:13,15:22:15,15:30:14,COMPLETED,30031.0,7986.6,3242.96,3721.91
1027,easy,11,14:39:01,15:29:43,15:30:14,COMPLETED,23417.0,533.0,3042.24,3073.91
1159,medium,14,14:24:00,15:19:55,15:31:05,COMPLETED,29621.0,11168.9,3355.93,4025.82
872,hard,15,13:51:57,14:42:52,15:32:09,COMPLETED,31957.0,49282.7,3055.36,6012.16
1098,medium,13,14:37:22,15:28:06,15:32:09,COMPLETED,30931.0,4047.4,3044.61,3287.16
427,hard,15,10:38:38,10:38:43,15:32:21,COMPLETED,29384.0,293640.7,5.49,17623.90
1020,easy,12,14:41:28,15:32:15,15:32:53,COMPLETED,22290.0,638.7,3047.50,3085.53
1144,medium,13,14:20:18,15:12:31,15:33:06,COMPLETED,33585.0,20577.6,3133.82,4368.24
1174,medium,14,14:39:10,15:30:21,15:33:06,COMPLETED,25527.0,2755.3,3071.25,3236.24
889,hard,15,13:23:15,14:03:14,15:33:38,COMPLETED,29542.0,90391.4,2399.69,7823.05
1167,hard,15,14:26:39,15:21:24,15:33:44,COMPLETED,37153.0,12328.9,3285.98,4025.42
1161,medium,13,14:42:08,15:33:44,15:34:09,COMPLETED,22021.0,429.6,3096.42,3121.85
1125,easy,12,14:43:09,15:34:16,15:34:54,COMPLETED,26343.0,653.2,3067.23,3105.94
1084,medium,14,14:19:02,15:10:31,15:35:14,COMPLETED,35423.0,24725.4,3089.32,4572.54
651,hard,15,11:57:31,11:57:36,15:35:21,COMPLETED,31959.0,217744.2,5.61,13070.07
1131,easy,12,14:43:45,15:35:21,15:35:40,COMPLETED,26776.0,334.8,3096.07,3115.68
1157,medium,14,14:29:29,15:24:43,15:36:06,COMPLETED,28526.0,11386.7,3314.78,3997.62
1102,medium,13,14:32:44,15:26:34,15:36:25,COMPLETED,29801.0,9858.1,3230.72,3821.99
1081,medium,14,14:33:07,15:26:41,15:36:25,COMPLETED,35932.0,9745.5,3214.46,3798.99
1178,easy,11,14:44:57,15:36:32,15:36:39,COMPLETED,27017.0,120.4,3095.33,3102.06
1039,easy,11,14:45:55,15:36:32,15:36:39,COMPLETED,27309.0,119.6,3037.33,3044.06
1035,easy,12,14:44:50,15:36:13,15:38:03,COMPLETED,36580.0,1842.2,3083.16,3193.35
1092,hard,15,14:06:39,14:58:51,15:38:55,COMPLETED,33962.0,40061.4,3132.62,5536.04
1056,medium,14,14:38:03,15:28:19,15:39:27,COMPLETED,31975.0,11126.0,3016.93,3684.27
885,hard,15,13:26:35,14:11:55,15:40:12,COMPLETED,33566.0,88280.3,2720.92,8017.58
1080,easy,12,14:48:21,15:39:33,15:40:38,COMPLETED,20220.0,1081.1,3072.60,3137.16
1091,easy,11,14:48:36,15:40:19,15:40:38,COMPLETED,28761.0,323.8,3103.06,3122.16
791,hard,15,12:52:25,13:07:50,15:41:09,COMPLETED,31737.0,153330.3,925.16,10124.89
1053,easy,12,14:49:20,15:40:44,15:42:13,COMPLETED,29244.0,1480.9,3084.52,3173.13
1146,medium,13,14:48:58,15:40:44,15:43:35,COMPLETED,32162.0,2852.2,3106.52,3277.36
1138,medium,14,14:50:14,15:41:16,15:43:35,COMPLETED,28371.0,2323.2,3062.28,3201.36
1134,easy,12,14:51:11,15:43:41,15:44:25,COMPLETED,35871.0,742.6,3150.69,3194.94
1188,medium,14,14:39:09,15:29:43,15:45:41,COMPLETED,29682.0,15980.1,3034.24,3992.86
1139,medium,13,14:52:50,15:44:32,15:46:13,COMPLETED,32579.0,1693.6,3102.28,3203.53
1185,medium,14,14:42:29,15:33:50,15:47:42,COMPLETED,29503.0,13861.4,3081.83,3913.24
752,hard,15,12:58:14,13:16:47,15:47:48,COMPLETED,28609.0,151016.0,1113.79,10174.60
1075,medium,14,14:41:50,15:32:28,15:48:52,COMPLETED,35651.0,16401.6,3038.22,4022.09
1171,medium,13,14:53:05,15:46:19,15:49:11,COMPLETED,29412.0,2858.5,3194.93,3366.15
912,hard,15,13:10:03,13:42:07,15:49:55,COMPLETED,33131.0,127795.7,1924.94,9592.60
1065,easy,11,14:54:47,15:50:01,15:50:39,COMPLETED,27156.0,637.5,3314.93,3352.87
1037,hard,15,14:04:18,14:52:26,15:50:46,COMPLETED,36157.0,58328.6,2888.64,6388.21
1149,medium,14,14:51:57,15:43:41,15:51:37,COMPLETED,26585.0,7941.9,3104.69,3580.79
1140,easy,12,14:54:45,15:48:58,15:51:37,COMPLETED,28718.0,2664.9,3253.42,3412.79
1046,easy,12,14:56:18,15:50:52,15:51:37,COMPLETED,22976.0,763.0,3274.58,3319.79
406,hard,15,10:56:20,10:56:25,15:51:51,COMPLETED,32686.0,295428.5,5.59,17731.22
1072,hard,15,14:13:22,15:08:37,15:52:16,COMPLETED,27779.0,43666.7,3315.03,5934.90
1180,easy,12,14:56:50,15:51:44,15:52:23,COMPLETED,26775.0,652.6,3294.40,3333.24
1076,easy,12,14:55:04,15:50:46,15:52:29,COMPLETED,34241.0,1730.3,3342.21,3445.70
1055,hard,15,14:33:43,15:26:47,15:52:36,COMPLETED,33517.0,25807.6,3184.86,4733.08
1085,easy,11,14:58:43,15:52:29,15:52:36,COMPLETED,28698.0,112.6,3226.70,3233.08
1155,medium,13,14:23:20,15:19:17,15:52:42,COMPLETED,39867.0,33413.7,3357.91,5362.48
1164,easy,12,14:58:16,15:52:23,15:52:48,COMPLETED,23866.0,437.0,3247.24,3272.90
1133,easy,11,14:59:35,15:52:42,15:52:55,COMPLETED,27875.0,223.2,3187.48,3200.54
1052,easy,12,14:59:40,15:52:42,15:53:08,COMPLETED,19733.0,434.8,3182.48,3208.31
1354,easy,12,15:00:20,15:53:01,15:54:11,COMPLETED,25376.0,1170.4,3161.91,3231.78
1349,medium,13,15:01:01,15:53:14,15:54:18,COMPLETED,29119.0,1064.8,3133.65,3197.17
1033,medium,14,14:44:13,15:35:47,15:55:46,COMPLETED,29217.0,19997.8,3094.22,4293.82
1041,hard,15,14:36:52,15:27:40,15:58:24,COMPLETED,35703.0,30746.0,3048.20,4892.85
1108,medium,14,14:41:41,15:32:15,15:59:42,COMPLETED,34621.0,27451.3,3034.50,4681.29
1028,hard,15,14:47:20,15:38:09,16:00:15,COMPLETED,31605.0,22096.5,3049.73,4375.15
1250,medium,13,15:01:36,15:54:24,16:00:15,COMPLETED,27391.0,5851.6,3168.57,3519.15
1291,easy,11,15:02:13,15:59:48,16:00:15,COMPLETED,23175.0,448.0,3455.84,3482.15
1196,easy,12,15:03:24,16:00:21,16:00:47,COMPLETED,25494.0,431.0,3417.75,3443.19
1252,easy,12,15:03:30,16:00:53,16:01:13,COMPLETED,30887.0,332.0,3443.76,3463.18
1311,medium,13,15:01:59,15:58:31,16:03:35,COMPLETED,29748.0,5078.7,3392.23,3696.66
1219,medium,13,15:02:30,16:00:21,16:04:07,COMPLETED,32153.0,3776.5,3471.75,3697.90
1262,easy,11,15:03:42,16:04:14,16:04:27,COMPLETED,26074.0,225.1,3632.47,3645.48
1232,easy,11,15:03:56,16:04:34,16:04:53,COMPLETED,26260.0,328.6,3638.02,3657.40
862,hard,15,13:36:08,14:19:27,16:07:06,COMPLETED,31819.0,107645.5,2599.56,9058.21
893,medium,14,13:43:00,14:28:18,16:07:44,COMPLETED,27356.0,99428.9,2718.52,8684.17
814,hard,15,12:56:04,13:13:24,16:07:56,COMPLETED,33842.0,174545.7,1040.19,11512.87
1240,easy,11,15:04:31,16:07:50,16:08:15,COMPLETED,35646.0,427.7,3799.50,3824.87
1200,easy,11,15:04:14,16:07:12,16:08:34,COMPLETED,38639.0,1376.9,3778.54,3860.85
1195,easy,11,15:04:43,16:08:03,16:08:47,COMPLETED,35442.8812536697,744.0,3800.20,3844.54
1289,easy,11,15:04:45,16:08:22,16:08:47,COMPLETED,27727.0,427.7,3817.19,3842.54
1182,medium,14,14:20:54,15:14:46,16:09:31,COMPLETED,33175.0,54754.5,3232.80,6517.93
1090,hard,15,14:43:36,15:35:01,16:09:38,COMPLETED,34289.0,34620.0,3085.46,5162.26
1061,medium,14,14:40:17,15:30:21,16:09:51,COMPLETED,38108.0,39508.7,3004.25,5374.53
855,hard,15,13:49:14,14:39:09,16:11:47,COMPLETED,33159.0,92640.1,2995.32,8553.55
1303,easy,12,15:05:09,16:08:41,16:12:13,COMPLETED,39130.0,3547.2,3812.18,4024.74
1105,medium,14,14:30:48,15:25:16,16:13:55,COMPLETED,36443.0,48659.9,3268.57,6187.98
5,hard,15,08:56:01,08:56:06,16:16:30,COMPLETED,38505.0,440403.7,5.10,26429.30
1067,hard,15,14:29:03,15:22:41,16:17:21,COMPLETED,38043.0,54663.4,3218.33,6498.01
1024,medium,14,14:51:01,15:42:19,16:17:46,COMPLETED,36220.0,35455.2,3078.45,5205.55
1292,medium,13,15:06:56,16:12:20,16:17:46,COMPLETED,28308.0,5447.5,3924.07,4250.55
1319,easy,12,15:06:59,16:14:02,16:18:43,COMPLETED,32899.0,4694.3,4023.37,4304.71
1211,easy,12,15:08:45,16:17:52,16:18:50,COMPLETED,20675.0,958.1,4147.95,4205.08
1118,medium,14,14:54:44,15:47:55,16:19:02,COMPLETED,33380.0,31133.6,3191.05,5058.88
1237,medium,13,15:05:13,16:08:53,16:19:47,COMPLETED,35168.0,10891.7,3820.88,4474.13
1329,medium,13,15:06:14,16:09:44,16:21:09,COMPLETED,28007.0,11417.7,3810.89,4495.70
1301,medium,14,15:02:16,16:00:21,16:21:48,COMPLETED,32084.0,21455.7,3485.75,4772.71
1306,easy,12,15:11:27,16:21:16,16:22:01,COMPLETED,30028.0,768.1,4189.03,4234.63
1305,easy,11,15:12:44,16:22:08,16:22:21,COMPLETED,29620.0,223.0,4164.17,4177.04
1290,medium,14,15:05:22,16:08:53,16:22:34,COMPLETED,29872.0,13678.6,3811.88,4632.20
1162,hard,15,14:42:02,15:33:12,16:22:40,COMPLETED,32416.0,49472.4,3070.61,6038.79
1234,medium,14,15:06:48,16:11:54,16:22:53,COMPLETED,31352.0,10997.3,3906.09,4565.51
1244,easy,11,15:11:34,16:21:55,16:23:00,COMPLETED,28250.0,1089.3,4221.27,4286.07
1218,medium,13,15:13:24,16:22:47,16:23:26,COMPLETED,23879.0,660.5,4163.16,4202.31
1267,easy,12,15:14:18,16:23:00,16:23:26,COMPLETED,27031.0,445.9,4122.07,4148.31
1221,medium,13,15:13:20,16:22:40,16:23:32,COMPLETED,28167.0,874.0,4160.79,4212.87
920,hard,15,13:49:06,14:38:37,16:23:39,COMPLETED,29247.0,105030.3,2971.68,9273.26
1225,medium,14,15:04:07,16:04:59,16:23:45,COMPLETED,32370.0,18773.9,3652.77,4778.91
1215,easy,12,15:15:02,16:23:39,16:23:45,COMPLETED,23977.0,117.2,4117.26,4123.91
1264,easy,12,15:13:02,16:22:27,16:23:52,COMPLETED,33362.0,1419.2,4165.59,4250.33
1222,easy,11,15:14:24,16:23:32,16:23:58,COMPLETED,29177.0,441.6,4148.87,4174.81
1300,easy,12,15:17:02,16:23:58,16:24:18,COMPLETED,28449.0,332.0,4016.81,4036.44
1273,easy,11,15:17:57,16:24:24,16:24:44,COMPLETED,27907.0,331.7,3987.76,4007.13
1192,easy,12,15:14:23,16:23:06,16:24:50,COMPLETED,33897.0,1742.3,4123.70,4227.70
1124,hard,15,14:16:17,15:09:34,16:24:57,COMPLETED,36421.0,75392.6,3197.08,7720.33
1238,medium,13,15:10:44,16:19:53,16:25:10,COMPLETED,28286.0,5288.2,4149.47,4466.34
1282,easy,11,15:18:21,16:24:50,16:25:16,COMPLETED,28576.0,445.7,3989.70,4015.87
1248,easy,12,15:19:23,16:25:23,16:25:55,COMPLETED,25050.0,547.7,3960.51,3992.88
1158,hard,15,14:28:55,15:22:41,16:26:02,COMPLETED,33315.0,63354.4,3226.33,7027.42
1309,medium,14,15:07:30,16:17:52,16:26:02,COMPLETED,30847.0,8163.5,4222.95,4712.42
1212,easy,12,15:15:29,16:23:45,16:26:15,COMPLETED,30584.0,2499.2,4096.91,4246.56
1190,easy,11,15:21:43,16:26:08,16:26:21,COMPLETED,26329.0,225.6,3865.90,3878.94
1071,medium,14,14:46:31,15:36:45,16:26:35,COMPLETED,29592.0,49829.8,3014.63,6004.17
1260,medium,14,15:14:50,16:23:32,16:26:41,COMPLETED,34676.0,3151.7,4122.87,4311.72
1281,easy,12,15:22:38,16:26:21,16:26:41,COMPLETED,29271.0,335.3,3823.94,3843.72
1337,easy,12,15:19:56,16:26:02,16:26:54,COMPLETED,27463.0,878.2,3966.42,4018.80
1346,medium,13,15:10:31,16:19:09,16:27:13,COMPLETED,29195.0,8081.6,4118.21,4602.86
1286,easy,11,15:25:02,16:27:20,16:27:32,COMPLETED,27286.0,216.2,3738.19,3750.86
1327,easy,12,15:24:05,16:26:48,16:28:29,COMPLETED,29976.0,1698.7,3763.10,3864.74
1315,medium,14,15:18:28,16:24:57,16:29:07,COMPLETED,30962.0,4176.8,3989.33,4239.69
1332,medium,13,15:24:55,16:27:01,16:29:07,COMPLETED,28865.0,2113.8,3726.16,3852.69
1206,easy,11,15:27:12,16:28:36,16:29:14,COMPLETED,29107.0,639.0,3684.07,3722.02
1285,easy,11,15:28:50,16:29:20,16:29:26,COMPLETED,23383.0,111.0,3630.45,3636.81
1259,easy,11,15:28:19,16:29:14,16:29:39,COMPLETED,23897.0,429.0,3655.02,3680.50
1342,medium,13,15:28:15,16:29:14,16:30:17,COMPLETED,26962.0,1062.1,3659.02,3722.46
1242,medium,13,15:24:19,16:26:48,16:30:30,COMPLETED,32257.0,3704.0,3749.10,3971.14
1246,easy,11,15:30:23,16:30:36,16:30:42,COMPLETED,23517.0,112.8,3613.49,3619.90
1214,easy,12,15:29:24,16:29:33,16:31:08,COMPLETED,29115.0,1592.3,3609.13,3704.38
1226,easy,12,15:30:03,16:30:23,16:31:08,COMPLETED,24816.0,748.6,3620.78,3665.38
1297,easy,12,15:26:34,16:27:39,16:31:33,COMPLETED,24283.0,3913.9,3665.19,3899.74
1265,medium,14,15:08:54,16:18:50,16:32:05,COMPLETED,37532.0,13269.0,4196.08,4991.99
1331,easy,12,15:31:23,16:30:49,16:32:25,COMPLETED,30308.0,1607.6,3566.28,3662.40
1170,hard,15,14:59:43,15:52:55,16:33:10,COMPLETED,32380.0,40258.5,3192.54,5607.68
1230,easy,12,15:32:30,16:32:31,16:33:10,COMPLETED,32993.0,657.3,3601.81,3640.68
1304,easy,11,15:33:26,16:33:17,16:33:30,COMPLETED,26959.0,226.8,3591.29,3604.51
1317,easy,12,15:32:06,16:32:12,16:33:37,COMPLETED,25062.0,1422.6,3606.31,3691.03
1256,easy,12,15:31:24,16:31:14,16:33:43,COMPLETED,33977.0,2488.9,3590.72,3739.73
1217,easy,12,15:33:46,16:33:37,16:34:02,COMPLETED,28774.0,436.8,3591.03,3616.77
1293,medium,14,15:03:42,16:03:41,16:34:41,COMPLETED,37608.0,31001.6,3600.00,5459.89
1322,easy,12,15:34:25,16:34:09,16:35:14,COMPLETED,23327.0,1094.7,3584.30,3649.40
1351,easy,12,15:33:55,16:33:43,16:35:53,COMPLETED,26572.0,2164.8,3588.73,3718.15
1258,medium,14,15:06:17,16:09:58,16:36:19,COMPLETED,40357.0,26357.1,3821.08,5402.29
1241,medium,14,15:22:38,16:26:28,16:37:04,COMPLETED,26720.0,10605.0,3830.58,4466.62
1335,medium,13,15:31:37,16:31:40,16:37:36,COMPLETED,34289.0,5952.8,3603.06,3959.78
1088,hard,15,14:05:10,14:56:19,16:38:02,COMPLETED,33151.0,101719.6,3069.61,9172.68
1266,easy,11,15:37:02,16:38:09,16:38:21,COMPLETED,29131.0,216.4,3667.02,3679.71
1334,easy,12,15:35:55,16:37:43,16:38:53,COMPLETED,31307.0,1172.8,3708.33,3778.39
1344,easy,11,15:37:05,16:38:28,16:39:06,COMPLETED,28655.0,639.6,3683.03,3721.10
1313,easy,12,15:38:02,16:38:59,16:39:37,COMPLETED,29019.0,639.8,3657.73,3695.81
1227,easy,11,15:38:57,16:39:44,16:39:56,COMPLETED,23861.0,216.3,3647.14,3659.81
1308,easy,12,15:39:12,16:40:03,16:40:22,COMPLETED,21552.0,321.3,3651.14,3670.12
1031,hard,15,14:19:30,15:10:56,16:40:41,COMPLETED,30280.0,89743.2,3086.66,8471.12
1310,easy,11,15:39:19,16:40:28,16:40:41,COMPLETED,23122.0,217.5,3669.44,3682.12
1347,easy,11,15:39:21,16:40:47,16:41:00,COMPLETED,33002.0,217.5,3686.52,3699.27
1249,medium,14,15:15:42,16:23:52,16:43:26,COMPLETED,34927.0,19576.6,4090.33,5264.69
1201,medium,14,15:35:17,16:37:10,16:43:26,COMPLETED,30016.0,6268.0,3713.95,4089.69
1341,easy,11,15:40:01,16:43:33,16:43:39,COMPLETED,19376.0,111.2,3812.07,3818.45
1261,easy,12,15:35:06,16:36:25,16:44:24,COMPLETED,32318.0,7984.9,3679.64,4158.29
1087,hard,15,14:56:48,15:51:44,16:45:41,COMPLETED,32336.0,53959.1,3296.40,6533.67
1239,easy,12,15:40:46,16:44:30,16:45:41,COMPLETED,36743.0,1189.4,3824.84,3895.67
1209,easy,12,15:40:52,16:45:48,16:46:40,COMPLETED,29613.0,871.9,3896.24,3948.27
1288,medium,13,15:42:14,16:46:46,16:48:10,COMPLETED,35457.0,1411.0,3872.59,3956.91
1101,hard,15,14:41:57,15:32:59,16:48:17,COMPLETED,28651.0,75295.0,3062.86,7580.27
1026,hard,15,14:59:27,15:52:36,16:48:23,COMPLETED,34352.0,55801.1,3189.08,6536.76
1251,easy,11,15:43:02,16:48:17,16:48:56,COMPLETED,30478.0,656.6,3915.27,3954.33
1233,easy,12,15:43:55,16:49:02,16:49:34,COMPLETED,28514.0,533.9,3907.72,3939.44
1352,easy,11,15:44:08,16:49:40,16:49:53,COMPLETED,24804.0,216.1,3932.78,3945.45
1193,easy,12,15:43:14,16:48:23,16:50:50,COMPLETED,34818.0,2449.9,3909.76,4056.46
1044,hard,15,14:54:45,15:49:17,16:51:09,COMPLETED,30810.0,61869.0,3272.49,6984.47
1231,easy,12,15:46:14,16:51:15,16:51:22,COMPLETED,26684.0,111.2,3901.80,3908.17
1280,medium,13,15:45:00,16:49:59,16:51:34,COMPLETED,27217.0,1589.6,3899.77,3994.86
1330,hard,15,15:01:47,15:55:53,16:52:44,COMPLETED,33053.0,56858.7,3246.21,6657.51
1279,hard,15,15:19:23,16:25:16,16:52:50,COMPLETED,30882.0,27572.4,3953.87,5607.91
1021,hard,15,14:09:20,15:03:59,16:53:48,COMPLETED,34285.0,109813.3,3279.41,9868.19
1199,medium,14,15:33:17,16:33:17,16:53:54,COMPLETED,25707.0,20626.4,3600.29,4837.53
1316,medium,14,15:40:56,16:45:48,16:54:00,COMPLETED,24650.0,8215.7,3892.24,4384.99
1343,easy,12,15:47:53,16:53:54,16:54:20,COMPLETED,26586.0,431.3,3961.53,3987.11
1205,easy,12,15:48:08,16:54:26,16:55:10,COMPLETED,32399.0,746.5,3978.45,4022.95
1235,easy,12,15:47:56,16:54:00,16:57:04,COMPLETED,27085.0,3068.6,3964.99,4148.76
1333,easy,11,15:49:00,16:57:11,16:57:42,COMPLETED,29877.0,536.2,4091.15,4122.96
1271,easy,12,15:49:01,16:57:49,16:58:33,COMPLETED,31914.0,743.2,4128.35,4172.64
1216,medium,14,15:39:41,16:41:06,16:59:30,COMPLETED,23164.0,18402.9,3685.60,4789.52
1263,easy,11,15:49:39,16:59:36,16:59:49,COMPLETED,28054.0,223.8,4197.85,4210.78
1323,medium,14,15:43:38,16:48:30,17:00:28,COMPLETED,32585.0,11978.3,3892.42,4610.70
1181,medium,14,14:22:39,15:17:55,17:00:54,COMPLETED,37976.0,102998.0,3316.25,9495.94
962,hard,15,13:44:46,14:33:13,17:01:20,COMPLETED,30697.0,148118.9,2907.63,11794.62
1208,medium,14,15:47:57,16:54:07,17:01:33,COMPLETED,30730.0,7448.3,3970.36,4416.79
1106,hard,15,14:59:42,15:52:48,17:02:44,COMPLETED,34705.0,69921.8,3186.90,7382.07
1277,easy,12,15:50:45,17:01:27,17:03:03,COMPLETED,33729.0,1603.3,4242.15,4338.06
1307,easy,11,15:51:33,17:03:09,17:03:28,COMPLETED,26948.0,321.6,4296.39,4315.38
1210,medium,13,15:48:38,16:55:17,17:04:50,COMPLETED,29050.0,9558.5,3999.27,4572.52
1068,hard,15,14:47:01,15:36:45,17:05:03,COMPLETED,33062.0,88293.4,2984.63,8282.21
1278,easy,11,15:52:11,17:03:34,17:05:09,COMPLETED,34299.0,1586.7,4283.71,4378.54
1314,medium,14,15:38:56,16:39:12,17:06:00,COMPLETED,35950.0,26800.8,3616.44,5224.27
1207,medium,13,15:51:32,17:02:50,17:06:44,COMPLETED,32311.0,3906.7,4278.40,4512.51
1320,medium,14,15:50:39,17:01:01,17:06:50,COMPLETED,30629.0,5829.4,4222.44,4571.84
1325,easy,12,15:52:50,17:06:50,17:07:03,COMPLETED,26470.0,218.1,4440.84,4453.62
808,hard,15,12:48:13,13:02:54,17:07:22,COMPLETED,40158.0,244467.8,881.86,15549.86
1204,hard,15,15:50:15,17:00:35,17:07:35,COMPLETED,36267.0,7014.7,4220.23,4640.67
1294,easy,12,15:53:13,17:07:29,17:07:42,COMPLETED,25657.0,226.0,4456.27,4469.22
1245,medium,14,15:52:47,17:06:06,17:07:48,COMPLETED,29862.0,1713.9,4399.59,4501.87
1203,easy,12,15:52:57,17:06:57,17:07:55,COMPLETED,26701.0,984.2,4440.27,4498.50
1197,easy,11,15:53:25,17:07:48,17:08:09,COMPLETED,25873.0,344.0,4463.87,4484.01
1012,hard,15,13:26:44,14:12:02,17:09:26,COMPLETED,32025.0,177404.3,2718.30,13362.44
1348,easy,12,15:55:59,17:08:15,17:09:26,COMPLETED,32678.0,1189.8,4336.57,4407.44
1274,easy,11,15:56:23,17:09:33,17:09:46,COMPLETED,29127.0,226.8,4390.00,4403.21
1255,medium,13,15:51:08,17:01:40,17:09:52,COMPLETED,30490.0,8211.4,4232.35,4724.74
1339,easy,11,15:57:06,17:09:59,17:10:05,COMPLETED,22528.0,117.1,4373.10,4379.73
1340,easy,12,15:56:27,17:09:52,17:10:12,COMPLETED,19025.0,329.2,4405.74,4425.15
1356,medium,13,15:52:13,17:04:56,17:12:01,COMPLETED,33526.0,7090.8,4363.85,4788.84
1202,medium,13,15:53:51,17:07:55,17:12:34,COMPLETED,31354.0,4658.2,4444.50,4723.50
1299,easy,12,15:53:05,17:07:09,17:14:23,COMPLETED,35899.0,7224.9,4444.96,4878.16
1253,hard,15,15:23:40,16:26:41,17:15:45,COMPLETED,29706.0,49069.2,3781.72,6725.69
1359,medium,13,15:57:40,17:10:18,17:16:04,COMPLETED,33806.0,5774.2,4358.52,4704.69
1338,easy,11,15:58:25,17:15:52,17:16:42,COMPLETED,40745.0,848.6,4647.03,4697.63
1326,medium,14,15:52:21,17:05:09,17:17:33,COMPLETED,31792.0,12399.8,4368.54,5112.27
1194,easy,11,15:59:42,17:17:39,17:17:58,COMPLETED,21087.0,323.7,4677.60,4696.69
1295,medium,13,15:46:51,16:52:50,17:18:05,COMPLETED,43575.0,25240.6,3959.91,5474.05
1228,easy,12,15:59:55,17:18:11,17:18:49,COMPLETED,27081.0,646.6,4696.45,4734.76
1441,easy,11,16:00:21,17:18:56,17:19:02,COMPLETED,20002.0,118.4,4715.30,4721.90
1357,medium,13,15:58:07,17:14:29,17:19:09,COMPLETED,35160.0,4675.0,4582.52,4862.44
1350,medium,14,15:16:37,16:23:52,17:19:22,COMPLETED,31708.0,55512.2,4035.33,7365.84
1093,medium,14,14:44:10,15:35:27,17:19:29,COMPLETED,31541.0,104030.6,3077.68,9319.37
1224,medium,13,15:59:52,17:18:05,17:19:42,COMPLETED,27321.0,1629.9,4693.05,4790.37
1475,medium,13,16:00:44,17:19:09,17:19:55,COMPLETED,28068.0,775.8,4705.44,4751.52
1387,medium,13,16:01:11,17:19:29,17:19:55,COMPLETED,30556.0,444.4,4698.37,4724.52
1444,easy,11,16:01:32,17:19:48,17:20:14,COMPLETED,28175.0,435.8,4696.91,4722.78
1477,easy,11,16:01:58,17:20:02,17:20:14,COMPLETED,20644.0,216.5,4684.09,4696.78
1229,medium,14,15:50:00,16:59:56,17:20:21,COMPLETED,27347.0,20427.2,4196.32,5421.11
1469,easy,12,16:01:18,17:19:35,17:20:28,COMPLETED,25172.0,882.9,4697.74,4750.10
1528,easy,11,16:03:09,17:20:21,17:20:41,COMPLETED,29216.0,346.8,4632.11,4652.45
1524,medium,13,16:02:54,17:20:02,17:21:07,COMPLETED,27256.0,1096.0,4628.09,4693.61
1487,medium,13,16:04:21,17:20:47,17:21:13,COMPLETED,22642.0,442.7,4586.99,4612.94
1113,hard,15,14:53:04,15:45:48,17:21:20,COMPLETED,36845.0,95542.9,3164.20,8896.60
1395,easy,11,16:04:32,17:21:20,17:21:33,COMPLETED,27054.0,227.3,4608.60,4621.74
1510,easy,11,16:05:01,17:21:27,17:21:40,COMPLETED,27369.0,225.7,4586.09,4599.29
1135,medium,14,14:47:49,15:39:01,17:22:12,COMPLETED,46683.0,103185.7,3072.57,9263.52
1411,easy,11,16:05:35,17:21:46,17:22:19,COMPLETED,21693.0,552.8,4571.67,4604.15
1353,medium,14,15:53:16,17:07:42,17:22:25,COMPLETED,31970.0,14736.0,4466.22,5349.89
1497,easy,11,16:05:54,17:22:19,17:22:32,COMPLETED,27123.0,233.0,4585.15,4598.54
1058,medium,14,14:54:24,15:47:48,17:23:05,COMPLETED,32950.0,95278.8,3204.60,8921.15
1276,hard,15,15:34:53,16:35:59,17:23:18,COMPLETED,33131.0,47314.1,3666.68,6505.35
1257,hard,15,15:21:37,16:26:08,17:23:57,COMPLETED,37350.0,57809.6,3871.90,7340.17
1284,medium,14,15:45:05,16:50:56,17:24:10,COMPLETED,35660.0,33233.0,3951.79,5945.39
1446,medium,13,16:06:30,17:22:25,17:24:16,COMPLETED,24174.0,1857.2,4555.89,4667.00
1254,hard,15,15:34:46,16:35:21,17:25:27,COMPLETED,34207.0,50105.8,3635.04,6641.19
1454,easy,11,16:07:47,17:24:23,17:25:39,COMPLETED,24717.0,1281.3,4596.38,4672.97
1420,medium,13,16:08:04,17:25:46,17:26:37,COMPLETED,32789.0,854.0,4662.30,4713.18
1472,easy,12,16:08:29,17:26:43,17:26:56,COMPLETED,28079.0,218.3,4694.57,4707.34
1434,medium,13,16:08:02,17:25:33,17:27:15,COMPLETED,28036.0,1702.7,4651.57,4753.42
1502,easy,12,16:08:47,17:27:02,17:27:15,COMPLETED,25247.0,217.7,4695.69,4708.42
1413,medium,13,16:07:28,17:23:24,17:27:21,COMPLETED,31372.0,3957.5,4556.67,4793.77
1490,easy,11,16:09:49,17:27:28,17:28:18,COMPLETED,35268.0,848.4,4659.17,4709.71
1461,easy,12,16:07:32,17:24:16,17:28:37,COMPLETED,34578.0,4350.9,4605.00,4865.77
1213,medium,14,15:29:43,16:29:45,17:30:39,COMPLETED,29175.0,60892.1,3602.83,7256.16
1474,medium,13,16:10:31,17:28:44,17:30:45,COMPLETED,33334.0,2034.4,4693.10,4814.56
1364,easy,12,16:10:46,17:30:45,17:31:18,COMPLETED,29503.0,555.4,4799.56,4832.36
1450,easy,12,16:11:09,17:31:24,17:31:43,COMPLETED,26010.0,321.1,4815.94,4834.91
1384,medium,13,16:09:03,17:27:21,17:32:09,COMPLETED,31695.0,4808.5,4698.77,4986.82
1321,hard,15,15:01:07,15:54:18,17:32:16,COMPLETED,32276.0,97972.9,3191.17,9069.36
1380,medium,14,16:00:46,17:19:16,17:32:16,COMPLETED,35608.0,13009.5,4710.10,5490.36
1436,easy,11,16:11:26,17:32:22,17:32:48,COMPLETED,35585.0,445.2,4856.76,4882.99
1493,easy,12,16:11:39,17:32:22,17:33:02,COMPLETED,27935.0,663.6,4843.76,4883.18
1399,medium,13,16:05:24,17:21:40,17:33:15,COMPLETED,29719.0,11588.3,4576.29,5271.29
1406,easy,11,16:12:08,17:33:08,17:33:21,COMPLETED,32515.0,221.5,4860.70,4873.66
1270,hard,15,15:47:15,16:52:57,17:33:28,COMPLETED,36781.0,40518.0,3942.36,6373.03
1379,easy,11,16:12:24,17:33:21,17:33:28,COMPLETED,18510.0,116.5,4857.66,4864.03
1437,easy,11,16:12:55,17:33:28,17:33:34,COMPLETED,24389.0,123.4,4833.03,4839.70
1393,easy,12,16:11:44,17:32:55,17:34:00,COMPLETED,28987.0,1099.4,4871.53,4936.96
1324,medium,14,15:49:33,16:58:39,17:34:40,COMPLETED,27648.0,36004.3,4146.96,6307.04
1471,easy,12,16:13:53,17:33:41,17:34:59,COMPLETED,32263.0,1304.9,4788.49,4866.49
1388,medium,13,16:11:26,17:32:16,17:35:25,COMPLETED,31060.0,3156.0,4850.36,5039.45
166,hard,15,08:28:18,08:28:20,17:35:57,COMPLETED,38469.0,547612.7,2.80,32859.55
1433,easy,12,16:14:43,17:35:05,17:36:03,COMPLETED,19201.0,973.6,4822.83,4880.90
1404,easy,11,16:15:51,17:36:03,17:36:10,COMPLETED,23724.0,112.3,4812.90,4819.29
1492,easy,11,16:16:39,17:36:16,17:36:29,COMPLETED,25130.0,218.8,4777.67,4790.49
1519,easy,12,16:17:37,17:36:35,17:36:48,COMPLETED,28021.0,216.2,4738.82,4751.50
1415,medium,14,16:11:22,17:31:50,17:37:13,COMPLETED,26499.0,5397.6,4828.24,5151.83
1414,easy,12,16:14:39,17:34:46,17:37:13,COMPLETED,27609.0,2462.7,4807.36,4954.83
1287,hard,15,15:17:06,16:24:05,17:37:26,COMPLETED,26555.0,73353.8,4019.45,8420.55
1516,medium,14,16:04:09,17:20:34,17:37:39,COMPLETED,31050.0,17077.4,4585.80,5610.23
1426,easy,11,16:17:46,17:37:20,17:37:39,COMPLETED,30991.0,322.8,4774.16,4793.23
1452,easy,12,16:18:13,17:37:20,17:38:10,COMPLETED,23552.0,850.2,4747.16,4797.93
1458,easy,11,16:19:20,17:37:45,17:38:10,COMPLETED,22208.0,427.1,4705.56,4730.93
1489,easy,12,16:17:40,17:36:54,17:38:42,COMPLETED,27575.0,1801.0,4754.82,4862.60
1269,medium,14,15:40:35,16:43:45,17:38:48,COMPLETED,42890.0,55055.9,3790.77,7093.93
1485,easy,11,16:19:33,17:38:48,17:39:08,COMPLETED,36691.0,322.9,4755.93,4775.00
1431,medium,13,16:04:06,17:20:28,17:39:14,COMPLETED,45115.0,18774.8,4582.10,5708.33
1494,medium,13,16:21:06,17:38:55,17:39:39,COMPLETED,28905.0,745.4,4669.29,4713.71
1443,easy,11,16:22:18,17:39:46,17:40:17,COMPLETED,24065.0,532.8,4648.06,4679.73
1409,medium,13,16:13:57,17:34:07,17:40:43,COMPLETED,31453.0,6601.9,4810.56,5206.24
1430,medium,13,16:18:25,17:37:32,17:42:20,COMPLETED,26648.0,4796.2,4747.87,5035.19
1336,medium,14,15:54:18,17:08:02,17:42:26,COMPLETED,31653.0,34411.7,4424.41,6488.74
1456,easy,11,16:23:48,17:42:26,17:42:39,COMPLETED,30031.0,221.6,4718.74,4731.74
1468,easy,11,16:24:34,17:42:46,17:42:52,COMPLETED,23915.0,118.5,4692.07,4698.69
1272,hard,15,15:57:45,17:12:08,17:43:25,COMPLETED,31274.0,31283.2,4463.41,6340.22
1417,hard,15,16:04:23,17:21:13,17:44:23,COMPLETED,32845.0,23161.1,4610.94,6000.21
1442,medium,14,16:06:54,17:23:11,17:46:06,COMPLETED,30410.0,22926.7,4577.69,5952.95
1439,medium,14,16:07:30,17:24:03,17:46:33,COMPLETED,31113.0,22492.6,4593.78,5943.08
1462,easy,12,16:27:26,17:46:39,17:47:05,COMPLETED,34579.0,431.6,4753.48,4779.06
1473,easy,11,16:27:28,17:47:11,17:47:24,COMPLETED,31711.0,216.2,4783.40,4796.07
1451,medium,13,16:27:01,17:42:59,17:47:36,COMPLETED,29203.0,4630.5,4558.23,4835.78
1457,medium,13,16:27:15,17:44:29,17:48:21,COMPLETED,36303.0,3863.3,4634.82,4866.29
1405,medium,14,16:19:25,17:38:17,17:48:53,COMPLETED,34079.0,10601.6,4732.27,5368.11
1318,medium,14,15:59:09,17:16:11,17:50:53,COMPLETED,31844.0,34711.6,4622.02,6704.52
1345,hard,15,15:34:16,16:33:50,17:50:59,COMPLETED,33992.0,77165.7,3574.10,8203.85
1363,medium,13,16:22:55,17:40:49,17:51:12,COMPLETED,32121.0,10384.2,4674.79,5297.58
1506,easy,11,16:30:04,17:51:06,17:51:12,COMPLETED,26244.0,111.3,4862.22,4868.58
1525,medium,13,16:30:18,17:51:18,17:53:27,COMPLETED,27704.0,2149.7,4860.92,4989.41
1529,easy,11,16:31:38,17:53:33,17:53:40,COMPLETED,18608.0,118.1,4915.95,4922.54
1362,easy,11,16:32:09,17:53:47,17:54:06,COMPLETED,27494.0,328.2,4898.08,4917.37
1467,medium,13,16:29:39,17:50:59,17:54:45,COMPLETED,29287.0,3761.7,4880.85,5106.27
1522,hard,15,16:18:40,17:37:45,17:55:43,COMPLETED,28470.0,17967.2,4745.56,5823.28
1416,easy,12,16:32:42,17:54:51,17:55:43,COMPLETED,30481.0,868.5,4929.59,4981.28
1479,medium,13,16:32:39,17:54:12,17:55:56,COMPLETED,21070.0,1735.5,4893.79,4997.43
1466,medium,14,16:06:46,17:22:32,17:56:02,COMPLETED,32406.0,33514.4,4546.54,6556.98
1503,easy,12,16:32:47,17:55:49,17:56:09,COMPLETED,24999.0,339.0,4982.72,5002.62
1478,easy,11,16:32:57,17:56:02,17:56:22,COMPLETED,19791.0,333.1,4985.98,5005.69
1429,easy,12,16:33:33,17:56:29,17:57:01,COMPLETED,24126.0,544.9,4976.01,5008.37
1396,easy,12,16:32:53,17:55:49,17:58:17,COMPLETED,34631.0,2473.9,4976.72,5124.96
1514,easy,12,16:33:53,17:57:07,17:59:46,COMPLETED,28649.0,2652.9,4994.73,5153.61
1421,medium,13,16:09:14,17:27:21,17:59:59,COMPLETED,41335.0,32632.0,4687.77,6645.33
1,hard,15,08:09:05,08:09:06,18:00:00,UNFINISHED,-1,-1,-1
194,hard,15,09:26:55,09:26:56,18:00:00,UNFINISHED,-1,-1,-1
228,hard,15,09:55:10,09:55:14,18:00:00,UNFINISHED,-1,-1,-1
481,hard,15,10:15:06,10:15:07,18:00:00,UNFINISHED,-1,-1,-1
419,hard,15,10:19:04,10:19:09,18:00:00,UNFINISHED,-1,-1,-1
556,medium,14,11:21:41,11:21:44,18:00:00,UNFINISHED,-1,-1,-1
600,hard,15,11:36:39,11:36:39,18:00:00,UNFINISHED,-1,-1,-1
510,hard,15,11:39:00,11:39:01,18:00:00,UNFINISHED,-1,-1,-1
577,hard,15,11:57:37,11:58:22,18:00:00,UNFINISHED,-1,-1,-1
786,hard,15,12:53:58,13:10:25,18:00:00,UNFINISHED,-1,-1,-1
894,hard,15,13:04:41,13:26:56,18:00:00,UNFINISHED,-1,-1,-1
850,hard,15,13:06:09,13:33:30,18:00:00,UNFINISHED,-1,-1,-1
955,hard,15,13:38:13,14:23:03,18:00:00,UNFINISHED,-1,-1,-1
937,hard,15,13:51:01,14:41:03,18:00:00,UNFINISHED,-1,-1,-1
854,hard,15,13:59:11,14:49:12,18:00:00,UNFINISHED,-1,-1,-1
1063,hard,15,14:08:55,15:03:52,18:00:00,UNFINISHED,-1,-1,-1
1150,hard,15,14:15:08,15:09:21,18:00:00,UNFINISHED,-1,-1,-1
1023,hard,15,14:28:08,15:22:03,18:00:00,UNFINISHED,-1,-1,-1
1127,hard,15,14:40:44,15:31:12,18:00:00,UNFINISHED,-1,-1,-1
1166,hard,15,14:41:57,15:33:12,18:00:00,UNFINISHED,-1,-1,-1
1043,hard,15,14:57:21,15:51:44,18:00:00,UNFINISHED,-1,-1,-1
1172,medium,14,14:57:31,15:51:57,18:00:00,UNFINISHED,-1,-1,-1
1243,hard,15,15:03:38,16:01:19,18:00:00,UNFINISHED,-1,-1,-1
1358,hard,15,15:06:08,16:09:38,18:00:00,UNFINISHED,-1,-1,-1
1275,hard,15,15:07:04,16:16:36,18:00:00,UNFINISHED,-1,-1,-1
1247,hard,15,15:07:14,16:17:27,18:00:00,UNFINISHED,-1,-1,-1
1328,hard,15,15:10:11,16:18:56,18:00:00,UNFINISHED,-1,-1,-1
1198,hard,15,15:18:41,16:25:03,18:00:00,UNFINISHED,-1,-1,-1
1296,hard,15,15:31:31,16:31:14,18:00:00,UNFINISHED,-1,-1,-1
1191,hard,15,15:34:29,16:34:48,18:00:00,UNFINISHED,-1,-1,-1
1220,hard,15,15:39:28,16:40:47,18:00:00,UNFINISHED,-1,-1,-1
1236,hard,15,15:40:26,16:43:33,18:00:00,UNFINISHED,-1,-1,-1
1355,hard,15,15:46:25,16:51:28,18:00:00,UNFINISHED,-1,-1,-1
1312,hard,15,15:46:42,16:51:41,18:00:00,UNFINISHED,-1,-1,-1
1302,hard,15,15:52:27,17:05:15,18:00:00,UNFINISHED,-1,-1,-1
1223,hard,15,15:56:05,17:09:33,18:00:00,UNFINISHED,-1,-1,-1
1298,hard,15,15:57:12,17:10:12,18:00:00,UNFINISHED,-1,-1,-1
1268,hard,15,15:57:54,17:12:41,18:00:00,UNFINISHED,-1,-1,-1
1283,hard,15,15:59:33,17:16:48,18:00:00,UNFINISHED,-1,-1,-1
1425,hard,15,16:04:01,17:20:21,18:00:00,UNFINISHED,-1,-1,-1
1500,medium,14,16:06:49,17:22:39,18:00:00,UNFINISHED,-1,-1,-1
1367,hard,15,16:10:02,17:28:25,18:00:00,UNFINISHED,-1,-1,-1
1501,hard,15,16:10:58,17:30:52,18:00:00,UNFINISHED,-1,-1,-1
1373,hard,15,16:13:10,17:33:34,18:00:00,UNFINISHED,-1,-1,-1
1407,hard,15,16:13:33,17:33:34,18:00:00,UNFINISHED,-1,-1,-1
1520,hard,15,16:15:40,17:35:31,18:00:00,UNFINISHED,-1,-1,-1
1445,hard,15,16:16:07,17:36:10,18:00:00,UNFINISHED,-1,-1,-1
1509,medium,14,16:19:27,17:38:17,18:00:00,UNFINISHED,-1,-1,-1
1365,hard,15,16:21:12,17:39:14,18:00:00,UNFINISHED,-1,-1,-1
1463,medium,14,16:22:13,17:39:20,18:00:00,UNFINISHED,-1,-1,-1
1448,medium,14,16:22:18,17:40:24,18:00:00,UNFINISHED,-1,-1,-1
1427,medium,14,16:24:29,17:42:33,18:00:00,UNFINISHED,-1,-1,-1
1377,hard,15,16:27:08,17:43:31,18:00:00,UNFINISHED,-1,-1,-1
1361,hard,15,16:27:22,17:46:13,18:00:00,UNFINISHED,-1,-1,-1
1498,medium,14,16:28:17,17:47:30,18:00:00,UNFINISHED,-1,-1,-1
1386,hard,15,16:28:30,17:47:43,18:00:00,UNFINISHED,-1,-1,-1
1449,hard,15,16:28:38,17:48:27,18:00:00,UNFINISHED,-1,-1,-1
1385,hard,15,16:28:57,17:48:59,18:00:00,UNFINISHED,-1,-1,-1
1366,medium,13,16:30:21,17:51:18,18:00:00,UNFINISHED,-1,-1,-1
1376,hard,15,16:33:00,17:56:09,18:00:00,UNFINISHED,-1,-1,-1
1371,hard,15,16:33:17,17:56:16,18:00:00,UNFINISHED,-1,-1,-1
1374,hard,15,16:34:13,17:58:24,18:00:00,UNFINISHED,-1,-1,-1
1391,medium,14,16:34:14,17:59:52,18:00:00,UNFINISHED,-1,-1,-1
1464,easy,11,16:34:18,-,-,IGNORED,-1,-1
1435,easy,12,16:34:25,-,-,IGNORED,-1,-1
1453,easy,11,16:35:08,-,-,IGNORED,-1,-1
1389,medium,13,16:36:19,-,-,IGNORED,-1,-1
1483,hard,15,16:36:24,-,-,IGNORED,-1,-1
1398,hard,15,16:36:40,-,-,IGNORED,-1,-1
1484,medium,14,16:36:54,-,-,IGNORED,-1,-1
1400,medium,13,16:36:58,-,-,IGNORED,-1,-1
1527,hard,15,16:37:07,-,-,IGNORED,-1,-1
1375,easy,11,16:37:11,-,-,IGNORED,-1,-1
1397,easy,11,16:37:18,-,-,IGNORED,-1,-1
1491,easy,12,16:37:34,-,-,IGNORED,-1,-1
1455,easy,11,16:37:53,-,-,IGNORED,-1,-1
1513,medium,13,16:38:11,-,-,IGNORED,-1,-1
1526,medium,13,16:38:40,-,-,IGNORED,-1,-1
1465,easy,12,16:38:51,-,-,IGNORED,-1,-1
1438,easy,12,16:39:12,-,-,IGNORED,-1,-1
1412,easy,12,16:39:13,-,-,IGNORED,-1,-1
1381,medium,13,16:39:44,-,-,IGNORED,-1,-1
1515,easy,12,16:39:56,-,-,IGNORED,-1,-1
1410,easy,11,16:40:03,-,-,IGNORED,-1,-1
1423,medium,14,16:40:13,-,-,IGNORED,-1,-1
1499,easy,12,16:40:13,-,-,IGNORED,-1,-1
1392,easy,12,16:40:39,-,-,IGNORED,-1,-1
1394,medium,14,16:40:52,-,-,IGNORED,-1,-1
1378,easy,11,16:40:57,-,-,IGNORED,-1,-1
1495,hard,15,16:42:45,-,-,IGNORED,-1,-1
1512,medium,13,16:43:12,-,-,IGNORED,-1,-1
1402,easy,11,16:44:00,-,-,IGNORED,-1,-1
1440,medium,13,16:44:20,-,-,IGNORED,-1,-1
1517,hard,15,16:45:44,-,-,IGNORED,-1,-1
1460,easy,11,16:45:50,-,-,IGNORED,-1,-1
1368,easy,12,16:45:59,-,-,IGNORED,-1,-1
1401,easy,11,16:46:06,-,-,IGNORED,-1,-1
1382,medium,14,16:47:06,-,-,IGNORED,-1,-1
1496,easy,11,16:47:15,-,-,IGNORED,-1,-1
1418,medium,13,16:48:16,-,-,IGNORED,-1,-1
1459,hard,15,16:48:43,-,-,IGNORED,-1,-1
1486,hard,15,16:48:49,-,-,IGNORED,-1,-1
1372,easy,12,16:49:31,-,-,IGNORED,-1,-1
1432,hard,15,16:49:41,-,-,IGNORED,-1,-1
1422,medium,14,16:49:47,-,-,IGNORED,-1,-1
1370,medium,13,16:50:32,-,-,IGNORED,-1,-1
1447,medium,13,16:50:37,-,-,IGNORED,-1,-1
1521,medium,14,16:50:51,-,-,IGNORED,-1,-1
1383,easy,12,16:51:47,-,-,IGNORED,-1,-1
1369,easy,11,16:52:11,-,-,IGNORED,-1,-1
1507,easy,11,16:53:18,-,-,IGNORED,-1,-1
1419,easy,12,16:53:19,-,-,IGNORED,-1,-1
1470,medium,13,16:53:45,-,-,IGNORED,-1,-1
1424,easy,12,16:54:13,-,-,IGNORED,-1,-1
1476,easy,12,16:54:19,-,-,IGNORED,-1,-1
1481,hard,15,16:54:37,-,-,IGNORED,-1,-1
1428,hard,15,16:54:51,-,-,IGNORED,-1,-1
1505,easy,11,16:55:47,-,-,IGNORED,-1,-1
1390,easy,12,16:56:37,-,-,IGNORED,-1,-1
1518,medium,14,16:56:40,-,-,IGNORED,-1,-1
1504,medium,14,16:56:42,-,-,IGNORED,-1,-1
1511,medium,14,16:57:04,-,-,IGNORED,-1,-1
1480,hard,15,16:57:18,-,-,IGNORED,-1,-1
1482,medium,14,16:57:33,-,-,IGNORED,-1,-1
1523,medium,14,16:57:43,-,-,IGNORED,-1,-1
1360,easy,12,16:57:47,-,-,IGNORED,-1,-1
1488,easy,12,16:58:29,-,-,IGNORED,-1,-1
1403,medium,13,16:59:12,-,-,IGNORED,-1,-1
1508,medium,13,16:59:34,-,-,IGNORED,-1,-1
1408,easy,11,16:59:39,-,-,IGNORED,-1,-1
