task_id,difficulty,n,arrival_sim,start_sim,end_sim,status,cost,real_duration_sec,waiting_time_mili_sec,time_in_system_mili_sec
15,easy,11,08:01:00,08:01:00,08:01:37,COMPLETED,35222.0,612.3,0.80,37.38
109,medium,13,08:00:54,08:00:54,08:02:07,COMPLETED,27358.0,1218.5,0.73,73.74
99,easy,11,08:01:54,08:01:55,08:02:50,COMPLETED,35989.0,910.3,1.63,56.22
83,easy,12,08:02:14,08:02:19,08:03:08,COMPLETED,31803.0,809.8,5.91,54.47
72,medium,13,08:02:52,08:02:56,08:04:21,COMPLETED,24945.0,1414.6,4.28,89.13
77,medium,13,08:02:36,08:02:38,08:04:27,COMPLETED,30321.0,1819.0,2.08,111.20
86,easy,11,08:03:45,08:03:50,08:04:33,COMPLETED,27402.0,707.9,5.82,48.26
100,medium,13,08:00:46,08:00:48,08:05:21,COMPLETED,30851.0,4550.2,2.66,275.64
60,medium,13,08:05:30,08:05:33,08:06:28,COMPLETED,32415.0,911.5,3.76,58.33
110,medium,13,08:00:35,08:00:36,08:07:16,COMPLETED,31011.0,6679.4,1.17,401.92
94,medium,13,08:02:04,08:02:07,08:08:17,COMPLETED,33244.0,6163.8,3.74,373.55
128,medium,14,08:06:25,08:06:28,08:09:30,COMPLETED,29511.0,3036.6,3.33,185.49
144,easy,12,08:08:21,08:08:23,08:09:30,COMPLETED,23318.0,1115.2,2.64,69.49
106,medium,14,08:07:44,08:07:47,08:09:48,COMPLETED,26930.0,2025.2,3.23,124.70
23,easy,11,08:09:53,08:09:54,08:10:00,COMPLETED,32082.0,104.0,1.78,7.89
46,easy,12,08:09:23,08:09:24,08:10:19,COMPLETED,30798.0,914.2,1.36,56.18
149,medium,13,08:05:31,08:05:33,08:10:25,COMPLETED,33783.0,4858.0,2.76,294.25
48,easy,12,08:10:36,08:10:37,08:11:13,COMPLETED,28968.0,608.6,1.38,37.85
47,medium,13,08:09:55,08:10:00,08:11:44,COMPLETED,26520.0,1721.2,5.89,109.14
104,medium,14,08:10:00,08:10:00,08:12:08,COMPLETED,29450.0,2126.0,0.89,128.42
45,medium,13,08:02:58,08:03:02,08:13:27,COMPLETED,36127.0,10421.4,4.38,629.65
54,easy,11,08:13:49,08:13:51,08:13:58,COMPLETED,28021.0,104.0,2.95,9.11
17,easy,12,08:12:49,08:12:50,08:14:04,COMPLETED,25283.0,1222.2,1.98,75.24
140,easy,12,08:14:50,08:14:52,08:15:29,COMPLETED,28310.0,607.1,2.68,39.03
126,easy,11,08:15:44,08:15:47,08:15:53,COMPLETED,22682.0,104.0,3.27,9.39
89,easy,11,08:18:47,08:18:49,08:19:01,COMPLETED,27938.0,204.2,2.33,14.52
84,easy,11,08:19:17,08:19:19,08:19:25,COMPLETED,33083.0,103.7,2.80,8.95
79,easy,11,08:19:51,08:19:56,08:20:02,COMPLETED,20383.0,103.1,5.39,11.51
142,easy,11,08:20:04,08:20:08,08:20:32,COMPLETED,32045.0,407.8,4.60,28.98
132,medium,14,08:15:52,08:15:53,08:22:17,COMPLETED,29237.0,6401.4,1.39,385.39
36,medium,14,08:15:28,08:15:29,08:22:35,COMPLETED,31100.0,7115.4,1.03,427.89
119,medium,13,08:20:52,08:20:57,08:23:00,COMPLETED,22953.0,2049.8,5.51,128.43
148,easy,11,08:22:57,08:23:00,08:23:12,COMPLETED,25743.0,208.0,3.43,15.76
75,medium,13,08:22:18,08:22:23,08:23:43,COMPLETED,26494.0,1339.6,5.59,85.77
71,easy,12,08:23:31,08:23:31,08:24:14,COMPLETED,27749.0,724.6,0.20,43.64
53,medium,13,08:24:00,08:24:02,08:25:28,COMPLETED,33021.0,1439.5,2.39,88.65
68,medium,14,08:20:37,08:20:39,08:26:36,COMPLETED,31102.0,5950.2,2.09,359.05
127,medium,14,08:17:12,08:17:12,08:26:42,COMPLETED,36889.0,9500.2,0.21,570.18
115,easy,12,08:26:02,08:26:05,08:27:00,COMPLETED,19434.0,919.5,3.44,58.51
74,medium,13,08:21:15,08:21:15,08:27:31,COMPLETED,41251.0,6255.2,0.93,376.18
113,easy,11,08:27:23,08:27:25,08:27:37,COMPLETED,21044.0,206.5,2.03,14.33
91,medium,14,08:21:49,08:21:52,08:28:07,COMPLETED,31833.0,6255.2,3.68,378.93
62,medium,14,08:23:38,08:23:43,08:28:38,COMPLETED,31577.0,4914.0,5.77,300.54
76,easy,12,08:28:10,08:28:14,08:28:44,COMPLETED,26803.0,511.7,4.06,34.67
107,easy,12,08:29:50,08:29:51,08:30:16,COMPLETED,29540.0,411.4,1.96,26.58
41,easy,12,08:29:31,08:29:33,08:30:41,COMPLETED,31145.0,1126.9,2.57,70.07
14,medium,13,08:30:09,08:30:10,08:31:42,COMPLETED,32294.0,1542.6,1.41,93.75
5,hard,15,08:06:01,08:06:04,08:32:13,COMPLETED,31529.0,26160.6,3.05,1572.65
81,easy,12,08:33:04,08:33:09,08:33:58,COMPLETED,28793.0,829.7,5.02,54.64
96,easy,12,08:34:21,08:34:23,08:34:48,COMPLETED,32018.0,422.3,2.35,27.46
32,easy,11,08:35:51,08:35:57,08:36:09,COMPLETED,21287.0,213.2,6.11,18.56
103,hard,15,08:08:36,08:08:41,08:36:40,COMPLETED,30339.0,27984.9,5.87,1684.92
143,easy,11,08:36:42,08:36:47,08:36:59,COMPLETED,30575.0,209.9,5.18,17.65
120,easy,12,08:35:24,08:35:26,08:37:11,COMPLETED,37706.0,1766.6,2.07,107.95
38,medium,14,08:29:47,08:29:51,08:38:13,COMPLETED,30253.0,8358.5,4.96,506.38
9,medium,14,08:34:35,08:34:35,08:38:13,COMPLETED,24553.0,3627.2,0.87,218.38
31,easy,12,08:37:56,08:38:01,08:38:25,COMPLETED,27416.0,412.9,5.02,29.68
137,medium,14,08:33:58,08:33:58,08:39:08,COMPLETED,25988.0,5170.9,0.64,310.83
13,easy,11,08:38:44,08:38:44,08:39:08,COMPLETED,30566.0,414.8,0.07,24.83
30,easy,11,08:39:50,08:39:51,08:40:04,COMPLETED,31154.0,207.7,1.83,14.15
51,hard,15,08:00:40,08:00:42,08:40:10,COMPLETED,30307.0,39462.3,2.59,2370.31
139,medium,13,08:38:05,08:38:07,08:40:22,COMPLETED,22316.0,2259.2,2.20,137.60
129,easy,11,08:39:34,08:39:39,08:40:22,COMPLETED,26121.0,721.1,5.51,48.60
33,easy,11,08:40:20,08:40:22,08:40:34,COMPLETED,29318.0,209.0,2.60,14.99
124,easy,11,08:40:53,08:40:53,08:40:59,COMPLETED,24546.0,105.8,0.46,6.71
78,easy,12,08:40:48,08:40:53,08:41:36,COMPLETED,30896.0,723.0,5.46,48.62
70,medium,13,08:24:59,08:25:03,08:42:45,COMPLETED,25499.0,17692.0,4.87,1066.20
42,easy,11,08:42:23,08:42:26,08:42:51,COMPLETED,27477.0,426.5,3.19,28.59
82,easy,12,08:42:44,08:42:45,08:43:29,COMPLETED,21791.0,743.2,1.20,45.34
145,easy,11,08:43:22,08:43:22,08:43:29,COMPLETED,24439.0,114.5,0.98,7.34
61,easy,12,08:43:01,08:43:04,08:43:35,COMPLETED,23943.0,533.4,3.09,34.91
39,easy,11,08:43:26,08:43:29,08:43:42,COMPLETED,28312.0,216.1,3.34,16.14
67,hard,15,08:25:56,08:25:59,08:44:38,COMPLETED,30642.0,18652.1,3.29,1122.32
55,easy,12,08:43:30,08:43:35,08:44:44,COMPLETED,36227.0,1149.5,5.91,74.63
138,medium,13,08:41:36,08:41:36,08:45:28,COMPLETED,29051.0,3866.2,0.62,232.34
52,medium,13,08:36:08,08:36:09,08:45:47,COMPLETED,26192.0,9634.1,1.56,579.35
102,easy,11,08:45:23,08:45:28,08:45:53,COMPLETED,29438.0,427.9,5.34,30.78
16,easy,12,08:45:34,08:45:34,08:46:19,COMPLETED,35590.0,745.3,0.76,45.23
69,easy,11,08:46:04,08:46:06,08:46:19,COMPLETED,26663.0,219.2,2.38,15.23
1,easy,11,08:45:47,08:45:47,08:46:44,COMPLETED,35148.0,960.4,0.35,57.56
57,easy,12,08:45:39,08:45:40,08:46:51,COMPLETED,34812.0,1171.5,1.98,72.03
88,easy,12,08:46:36,08:46:38,08:47:03,COMPLETED,29776.0,427.5,2.12,27.51
108,medium,13,08:41:39,08:41:42,08:47:15,COMPLETED,29172.0,5555.0,3.88,337.00
114,hard,15,08:29:09,08:29:09,08:47:22,COMPLETED,23200.0,18223.8,0.07,1093.26
44,medium,13,08:47:22,08:47:22,08:48:06,COMPLETED,15610.0,738.5,0.26,44.42
117,easy,12,08:47:46,08:47:47,08:48:06,COMPLETED,28979.0,317.7,1.53,20.42
26,medium,13,08:46:12,08:46:12,08:48:12,COMPLETED,26675.0,1999.9,0.80,120.62
40,medium,14,08:40:28,08:40:28,08:48:31,COMPLETED,29455.0,8042.6,0.80,483.25
90,easy,12,08:47:10,08:47:15,08:48:31,COMPLETED,33388.0,1256.8,6.00,81.25
141,hard,15,08:27:06,08:27:06,08:48:43,COMPLETED,32344.0,21618.5,0.64,1297.62
101,medium,14,08:41:35,08:41:36,08:48:43,COMPLETED,25128.0,7119.9,1.62,428.62
19,medium,14,08:33:17,08:33:21,08:49:02,COMPLETED,30619.0,15681.0,4.49,945.22
12,easy,11,08:48:59,08:49:02,08:49:08,COMPLETED,22259.0,107.9,3.22,9.47
123,easy,11,08:48:38,08:48:43,08:49:14,COMPLETED,24245.0,522.5,5.62,36.72
92,easy,11,08:49:11,08:49:14,08:49:21,COMPLETED,26845.0,106.5,3.72,10.02
116,easy,12,08:49:39,08:49:39,08:49:51,COMPLETED,29494.0,210.1,0.50,12.91
133,medium,13,08:49:09,08:49:14,08:50:22,COMPLETED,30104.0,1136.4,5.72,73.77
131,easy,12,08:49:49,08:49:51,08:50:22,COMPLETED,20992.0,517.0,2.91,33.77
25,easy,12,08:43:24,08:43:29,08:50:53,COMPLETED,32539.0,7406.1,5.34,449.61
43,easy,11,08:51:04,08:51:05,08:51:18,COMPLETED,23582.0,208.3,1.92,14.27
118,medium,14,08:44:45,08:44:50,08:52:07,COMPLETED,30679.0,7284.2,5.91,442.85
59,medium,14,08:22:22,08:22:23,08:52:14,COMPLETED,26925.0,29840.7,1.59,1792.04
10,medium,14,08:42:18,08:42:19,08:52:51,COMPLETED,39808.0,10520.9,1.99,633.07
121,easy,12,08:50:47,08:50:47,08:53:09,COMPLETED,31132.0,2376.7,0.40,142.78
136,easy,11,08:53:04,08:53:09,08:53:16,COMPLETED,20541.0,108.8,5.78,12.06
11,hard,15,08:23:28,08:23:31,08:53:59,COMPLETED,30867.0,30475.5,3.20,1831.66
56,medium,14,08:51:22,08:51:24,08:54:43,COMPLETED,25785.0,3317.7,2.44,201.30
35,medium,13,08:38:55,08:38:56,08:54:55,COMPLETED,38400.0,15991.0,1.46,960.79
146,medium,13,08:52:15,08:52:20,08:56:04,COMPLETED,29628.0,3736.3,5.24,229.29
65,medium,14,08:53:06,08:53:09,08:56:10,COMPLETED,35695.0,3014.3,3.78,184.46
63,easy,12,08:56:06,08:56:10,08:56:16,COMPLETED,27828.0,108.3,4.46,10.72
7,easy,11,08:56:41,08:56:41,08:56:54,COMPLETED,20926.0,213.7,0.56,13.15
27,medium,14,08:46:39,08:46:44,08:57:12,COMPLETED,29618.0,10473.1,5.56,633.81
20,hard,15,08:42:33,08:42:38,08:57:25,COMPLETED,37079.0,14777.2,5.85,892.26
87,easy,12,08:57:24,08:57:25,08:57:56,COMPLETED,26684.0,528.4,1.26,32.66
111,easy,12,08:54:47,08:54:49,08:58:03,COMPLETED,28867.0,3227.5,2.59,196.00
112,medium,14,08:29:21,08:29:21,08:58:09,COMPLETED,27325.0,28800.6,0.32,1728.30
66,easy,12,08:57:46,08:57:50,08:58:15,COMPLETED,28324.0,425.5,4.26,29.46
122,easy,11,08:58:34,08:58:34,08:58:46,COMPLETED,28150.0,211.5,0.34,12.90
97,medium,14,08:38:50,08:38:50,08:58:53,COMPLETED,30714.0,20050.5,0.26,1203.06
297,easy,12,09:00:51,09:00:56,09:01:21,COMPLETED,27842.0,415.8,5.74,30.52
152,medium,14,09:00:30,09:00:32,09:01:27,COMPLETED,32471.0,930.6,2.05,57.72
105,medium,14,08:51:28,08:51:30,09:02:35,COMPLETED,33593.0,11085.5,2.64,667.62
95,hard,15,08:04:52,08:04:57,09:03:06,COMPLETED,33310.0,58151.9,5.43,3494.53
135,medium,13,08:59:37,08:59:42,09:03:31,COMPLETED,31523.0,3811.2,5.66,234.21
172,medium,13,09:01:31,09:01:33,09:03:37,COMPLETED,34822.0,2061.0,2.92,126.38
213,easy,11,09:03:36,09:03:37,09:03:49,COMPLETED,28049.0,210.6,1.38,13.77
191,easy,11,09:03:47,09:03:49,09:04:21,COMPLETED,25808.0,523.4,2.77,34.08
2,medium,14,08:27:52,08:27:55,09:05:48,COMPLETED,36961.0,37882.8,3.64,2276.59
184,easy,12,09:03:46,09:03:49,09:05:54,COMPLETED,33720.0,2086.5,3.77,128.80
288,easy,12,09:06:03,09:06:07,09:06:44,COMPLETED,28873.0,622.1,4.22,41.37
50,hard,15,08:22:18,08:22:23,09:06:56,COMPLETED,37654.0,44554.8,5.59,2678.79
93,medium,14,08:59:13,08:59:17,09:07:03,COMPLETED,33042.0,7754.9,4.95,470.04
188,medium,13,09:05:20,09:05:23,09:07:15,COMPLETED,33546.0,1867.1,3.70,115.58
200,easy,11,09:07:05,09:07:09,09:07:15,COMPLETED,28642.0,107.4,4.33,10.58
272,medium,13,09:04:02,09:04:02,09:07:28,COMPLETED,35220.0,3430.7,0.32,206.02
223,easy,12,09:07:21,09:07:21,09:07:34,COMPLETED,27410.0,209.9,0.79,13.22
243,medium,13,09:06:54,09:06:56,09:07:46,COMPLETED,26916.0,834.7,2.79,52.72
24,hard,15,08:27:50,08:27:55,09:07:52,COMPLETED,32186.0,39955.8,5.64,2402.91
0,hard,15,08:57:07,08:57:12,09:07:52,COMPLETED,35160.0,10671.9,5.81,645.91
163,easy,12,09:08:16,09:08:18,09:08:24,COMPLETED,23531.0,109.3,2.02,8.51
298,easy,11,09:08:13,09:08:18,09:08:43,COMPLETED,32366.0,422.8,5.02,30.24
174,medium,14,09:03:45,09:03:49,09:09:39,COMPLETED,27835.0,5831.7,4.77,354.46
179,easy,11,09:09:46,09:09:52,09:09:58,COMPLETED,22538.0,110.8,6.17,12.63
224,easy,12,09:09:27,09:09:33,09:10:17,COMPLETED,28402.0,740.2,6.11,50.34
256,medium,14,09:05:04,09:05:04,09:10:23,COMPLETED,28964.0,5315.7,0.76,319.58
155,medium,14,09:05:54,09:05:54,09:10:23,COMPLETED,27496.0,4482.2,0.80,269.58
273,easy,12,09:09:40,09:09:45,09:11:37,COMPLETED,24569.0,1869.7,5.77,117.81
206,medium,13,09:10:09,09:10:11,09:12:21,COMPLETED,27546.0,2168.7,2.03,132.04
151,easy,11,09:12:26,09:12:27,09:12:33,COMPLETED,24990.0,107.6,1.24,7.49
241,medium,13,09:09:48,09:09:52,09:12:52,COMPLETED,35110.0,3000.0,4.17,184.12
182,easy,12,09:13:08,09:13:10,09:14:06,COMPLETED,32739.0,931.9,2.63,58.39
73,medium,14,08:58:49,08:58:53,09:14:37,COMPLETED,32977.0,15738.7,4.06,948.28
225,easy,11,09:14:52,09:14:55,09:15:14,COMPLETED,30913.0,314.8,3.87,22.56
220,easy,11,09:15:29,09:15:33,09:16:35,COMPLETED,36873.0,1038.9,4.18,66.35
134,medium,14,08:51:34,08:51:36,09:17:18,COMPLETED,32054.0,25699.4,2.87,1544.71
180,medium,13,09:13:51,09:13:53,09:17:24,COMPLETED,27862.0,3518.8,2.99,213.96
289,easy,11,09:17:16,09:17:18,09:17:37,COMPLETED,21633.0,314.2,2.71,21.35
249,easy,12,09:17:33,09:17:37,09:17:43,COMPLETED,24642.0,109.1,4.35,10.59
280,easy,11,09:17:41,09:17:43,09:17:49,COMPLETED,24507.0,107.6,2.59,8.94
34,medium,14,08:49:06,08:49:08,09:18:14,COMPLETED,29869.0,29107.1,2.47,1748.83
170,easy,12,09:17:54,09:17:56,09:18:27,COMPLETED,31117.0,521.5,2.15,33.23
235,medium,13,09:14:46,09:14:49,09:19:10,COMPLETED,35204.0,4358.2,3.64,264.93
201,easy,11,09:19:04,09:19:04,09:19:17,COMPLETED,24123.0,212.2,0.68,13.22
233,medium,13,09:10:28,09:10:29,09:19:23,COMPLETED,25584.0,8896.5,1.78,535.44
237,easy,12,09:18:52,09:18:52,09:19:23,COMPLETED,27108.0,523.5,0.20,31.44
244,easy,12,09:18:47,09:18:52,09:19:29,COMPLETED,26938.0,627.6,5.20,42.67
189,medium,13,09:18:22,09:18:27,09:19:54,COMPLETED,31971.0,1458.4,5.23,92.56
49,medium,14,08:19:05,08:19:07,09:20:00,COMPLETED,22735.0,60886.7,2.61,3655.78
245,easy,12,09:18:38,09:18:39,09:20:00,COMPLETED,30442.0,1354.5,1.71,82.78
252,easy,12,09:19:30,09:19:35,09:20:44,COMPLETED,29109.0,1144.2,5.89,74.37
177,easy,11,09:20:30,09:20:31,09:20:50,COMPLETED,24388.0,315.1,1.86,20.58
242,hard,15,09:06:48,09:06:50,09:21:02,COMPLETED,33753.0,14210.1,2.57,854.97
232,hard,15,09:07:01,09:07:03,09:22:55,COMPLETED,25862.0,15882.0,2.04,954.85
268,hard,15,09:01:14,09:01:15,09:23:02,COMPLETED,34225.0,21781.9,1.29,1308.06
183,medium,13,09:20:08,09:20:13,09:23:26,COMPLETED,36070.0,3230.8,5.23,198.89
287,medium,14,09:00:15,09:00:19,09:23:39,COMPLETED,33341.0,23329.9,4.68,1404.29
159,easy,11,09:24:21,09:24:22,09:24:53,COMPLETED,39962.0,520.1,1.73,32.75
228,easy,12,09:24:13,09:24:16,09:25:18,COMPLETED,23917.0,1037.6,3.50,65.53
269,easy,11,09:25:36,09:25:37,09:25:43,COMPLETED,28702.0,107.9,1.18,7.45
205,easy,11,09:25:15,09:25:18,09:25:49,COMPLETED,32955.0,522.2,3.53,34.68
196,hard,15,09:17:52,09:17:56,09:26:39,COMPLETED,23876.0,8721.5,4.15,527.27
229,hard,15,09:02:34,09:02:35,09:26:57,COMPLETED,33406.0,24373.9,1.62,1463.94
231,easy,12,09:26:42,09:26:45,09:27:04,COMPLETED,25204.0,315.8,3.50,22.19
259,medium,14,09:10:05,09:10:11,09:27:10,COMPLETED,31731.0,16992.5,6.03,1025.49
282,easy,12,09:26:58,09:27:04,09:27:16,COMPLETED,23998.0,210.2,6.19,18.68
208,easy,12,09:25:52,09:25:55,09:27:53,COMPLETED,31526.0,1969.2,3.89,121.84
215,easy,11,09:28:04,09:28:06,09:28:12,COMPLETED,29880.0,106.7,2.26,8.52
227,hard,15,09:16:07,09:16:10,09:29:45,COMPLETED,33478.0,13590.9,3.48,818.68
187,easy,12,09:30:02,09:30:04,09:30:23,COMPLETED,19796.0,313.5,2.43,21.07
248,medium,13,09:19:08,09:19:10,09:31:18,COMPLETED,31102.0,12137.3,2.93,730.95
18,hard,15,08:42:12,08:42:13,09:31:50,COMPLETED,29273.0,49608.2,1.81,2978.25
173,easy,12,09:31:13,09:31:18,09:32:27,COMPLETED,32664.0,1149.9,5.95,74.74
37,hard,15,08:48:14,08:48:18,09:32:40,COMPLETED,34495.0,44357.4,4.84,2666.21
207,easy,12,09:32:04,09:32:08,09:32:58,COMPLETED,26275.0,836.8,4.94,54.93
98,medium,14,08:58:11,08:58:15,09:33:48,COMPLETED,27208.0,35558.0,4.46,2137.70
276,easy,12,09:32:55,09:32:58,09:34:07,COMPLETED,27618.0,1146.6,3.93,72.50
167,easy,11,09:34:15,09:34:19,09:34:32,COMPLETED,21796.0,211.5,4.96,17.47
247,medium,13,09:33:48,09:33:48,09:34:38,COMPLETED,29298.0,835.6,0.70,50.67
158,easy,11,09:34:46,09:34:51,09:35:09,COMPLETED,25388.0,313.5,5.07,23.71
214,hard,15,09:23:34,09:23:39,09:36:42,COMPLETED,31605.0,13057.0,5.29,788.57
221,medium,14,09:16:28,09:16:29,09:37:25,COMPLETED,35187.0,20948.3,1.11,1257.90
295,medium,14,09:27:26,09:27:29,09:38:15,COMPLETED,30677.0,10773.5,3.03,649.35
257,medium,13,09:29:41,09:29:45,09:38:15,COMPLETED,32331.0,8497.0,4.68,514.35
285,medium,14,09:15:46,09:15:51,09:38:46,COMPLETED,25427.0,22907.4,5.88,1380.20
194,medium,14,09:23:02,09:23:02,09:39:23,COMPLETED,37981.0,16355.9,0.06,981.30
234,medium,14,09:35:03,09:35:03,09:40:31,COMPLETED,33211.0,5467.6,0.49,328.40
283,easy,12,09:39:41,09:39:41,09:41:46,COMPLETED,27082.0,2081.9,0.87,125.41
210,easy,12,09:41:11,09:41:14,09:41:52,COMPLETED,32738.0,634.6,3.93,41.85
153,easy,12,09:42:12,09:42:17,09:43:01,COMPLETED,29739.0,738.2,5.79,49.89
202,easy,12,09:42:21,09:42:24,09:43:01,COMPLETED,29290.0,632.0,3.18,40.89
175,easy,12,09:43:15,09:43:20,09:43:27,COMPLETED,25083.0,110.5,5.73,12.11
239,medium,13,09:41:42,09:41:46,09:44:04,COMPLETED,30249.0,2310.3,4.41,142.81
255,easy,11,09:43:56,09:43:58,09:44:17,COMPLETED,33114.0,321.9,2.42,21.52
250,easy,12,09:44:08,09:44:11,09:44:30,COMPLETED,26581.0,321.2,3.08,22.07
260,easy,12,09:41:13,09:41:14,09:44:48,COMPLETED,28835.0,3569.9,1.93,215.97
226,easy,11,09:45:02,09:45:07,09:45:14,COMPLETED,27187.0,107.6,5.77,12.01
168,easy,11,09:45:23,09:45:26,09:45:33,COMPLETED,26987.0,110.1,3.78,10.08
199,medium,13,09:08:59,09:09:01,09:46:17,COMPLETED,40294.0,37260.5,2.84,2238.39
162,easy,12,09:46:01,09:46:04,09:46:17,COMPLETED,23639.0,216.4,3.61,16.39
254,medium,14,09:39:08,09:39:10,09:47:07,COMPLETED,32185.0,7941.6,2.94,479.26
251,easy,12,09:46:26,09:46:29,09:47:07,COMPLETED,25658.0,628.1,3.81,41.26
186,easy,12,09:46:36,09:46:36,09:47:13,COMPLETED,20220.0,627.2,0.09,37.54
275,easy,12,09:47:23,09:47:25,09:47:50,COMPLETED,26524.0,417.1,2.99,27.86
253,medium,13,09:45:17,09:45:20,09:48:21,COMPLETED,29645.0,3031.3,3.25,184.97
28,hard,15,08:43:03,08:43:04,09:48:28,COMPLETED,32494.0,65402.2,1.09,3925.19
246,medium,13,09:42:52,09:42:55,09:48:40,COMPLETED,30793.0,5757.7,3.51,348.81
185,easy,11,09:48:26,09:48:28,09:48:47,COMPLETED,34807.0,317.2,2.19,21.07
181,medium,14,09:40:09,09:40:12,09:48:59,COMPLETED,28278.0,8781.6,3.76,530.49
263,medium,14,09:45:41,09:45:45,09:49:37,COMPLETED,30433.0,3857.4,4.71,236.00
178,medium,14,09:43:12,09:43:14,09:50:01,COMPLETED,27531.0,6794.9,2.34,409.88
176,medium,13,09:47:23,09:47:25,09:50:01,COMPLETED,24878.0,2601.7,2.99,158.88
265,medium,13,09:49:07,09:49:11,09:50:20,COMPLETED,25518.0,1146.6,4.95,73.53
286,easy,12,09:48:22,09:48:28,09:50:39,COMPLETED,27419.0,2185.9,6.19,137.18
161,easy,12,09:49:43,09:49:43,09:50:51,COMPLETED,31935.0,1143.1,0.22,68.58
203,medium,14,09:46:49,09:46:54,09:51:29,COMPLETED,22760.0,4583.3,5.80,280.54
299,medium,13,09:49:14,09:49:18,09:51:35,COMPLETED,26963.0,2301.5,4.23,141.91
147,hard,15,08:56:30,08:56:35,09:51:48,COMPLETED,29554.0,55224.4,5.37,3318.73
294,easy,11,09:51:33,09:51:35,09:51:48,COMPLETED,29138.0,217.6,2.91,15.73
270,easy,11,09:51:22,09:51:22,09:51:54,COMPLETED,34180.0,536.5,0.98,33.00
211,easy,12,09:51:44,09:51:48,09:52:01,COMPLETED,24718.0,215.4,4.73,17.36
190,easy,11,09:52:20,09:52:20,09:52:26,COMPLETED,27294.0,108.8,0.17,6.40
291,easy,11,09:53:13,09:53:17,09:53:23,COMPLETED,28319.0,110.7,4.07,10.53
150,easy,11,09:53:27,09:53:29,09:53:36,COMPLETED,30852.0,111.8,2.74,9.01
154,easy,11,09:53:27,09:53:29,09:53:42,COMPLETED,26018.0,215.0,2.74,15.50
193,medium,13,09:47:57,09:47:57,09:54:13,COMPLETED,27440.0,6284.2,0.08,376.87
169,medium,14,09:20:36,09:20:38,09:54:26,COMPLETED,31170.0,33811.5,2.11,2030.65
212,easy,11,09:54:27,09:54:33,09:54:52,COMPLETED,23816.0,327.2,6.00,25.22
264,easy,11,09:54:52,09:54:52,09:54:58,COMPLETED,23021.0,112.4,0.22,6.70
258,easy,11,09:55:09,09:55:11,09:55:17,COMPLETED,23947.0,107.5,2.20,8.48
296,easy,12,09:54:36,09:54:39,09:55:36,COMPLETED,26367.0,951.7,3.46,60.24
278,easy,11,09:55:07,09:55:11,09:56:07,COMPLETED,27507.0,949.5,4.20,60.90
262,medium,13,09:53:35,09:53:36,09:56:20,COMPLETED,26894.0,2746.9,1.01,165.55
217,easy,11,09:56:26,09:56:26,09:56:39,COMPLETED,21791.0,218.9,0.90,13.73
261,medium,13,09:52:49,09:52:51,09:56:52,COMPLETED,24271.0,4015.4,2.52,243.28
166,easy,12,09:57:26,09:57:29,09:57:54,COMPLETED,27699.0,417.4,3.80,28.65
157,medium,13,09:50:19,09:50:20,09:58:00,COMPLETED,29227.0,7674.8,1.53,461.86
216,easy,11,09:58:28,09:58:31,09:58:56,COMPLETED,30330.0,417.4,3.89,28.74
8,medium,14,08:46:43,08:46:44,10:00:42,COMPLETED,30579.0,73972.1,1.56,4439.93
317,easy,11,10:00:35,10:00:36,10:00:42,COMPLETED,27369.0,108.4,1.64,7.93
399,easy,11,10:00:44,10:00:49,10:01:01,COMPLETED,18972.0,211.8,5.17,17.67
198,medium,14,09:59:26,09:59:27,10:01:14,COMPLETED,29866.0,1774.0,1.91,108.12
329,easy,12,10:01:08,10:01:14,10:01:39,COMPLETED,24490.0,419.6,6.12,31.10
171,medium,13,09:51:17,09:51:22,10:02:41,COMPLETED,25264.0,11317.0,5.98,684.72
342,easy,12,10:02:45,10:02:48,10:04:04,COMPLETED,27697.0,1272.8,3.15,79.18
309,easy,11,10:05:16,10:05:20,10:05:52,COMPLETED,23909.0,536.9,4.41,36.12
267,hard,15,09:26:58,09:27:04,10:06:55,COMPLETED,32500.0,39864.3,6.19,2397.87
311,easy,12,10:06:37,10:06:43,10:07:15,COMPLETED,28589.0,539.3,6.12,38.10
318,easy,12,10:04:38,10:04:42,10:07:27,COMPLETED,29310.0,2765.5,4.37,169.93
335,easy,12,10:08:58,10:09:02,10:09:15,COMPLETED,24005.0,213.7,4.80,17.38
350,medium,14,10:03:45,10:03:45,10:09:21,COMPLETED,33925.0,5613.2,0.07,336.66
80,hard,15,08:18:27,08:18:31,10:09:34,COMPLETED,45415.0,111053.4,4.04,6667.18
321,medium,14,10:02:32,10:02:35,10:10:05,COMPLETED,31843.0,7509.0,3.27,453.59
396,easy,11,10:09:47,10:09:53,10:10:18,COMPLETED,24018.0,424.5,6.04,31.22
238,medium,14,09:12:39,09:12:39,10:10:30,COMPLETED,25583.0,57853.0,0.73,3471.84
349,medium,14,10:06:00,10:06:04,10:10:37,COMPLETED,28600.0,4539.4,4.95,277.10
409,easy,12,10:08:49,10:08:50,10:10:55,COMPLETED,29107.0,2098.1,1.18,126.84
195,hard,15,09:54:56,09:54:58,10:11:39,COMPLETED,36912.0,16690.4,2.70,1003.90
439,easy,12,10:09:31,10:09:34,10:11:39,COMPLETED,35452.0,2100.8,3.18,128.90
433,easy,11,10:10:58,10:11:02,10:11:39,COMPLETED,28162.0,634.5,4.15,41.90
375,easy,12,10:10:58,10:11:02,10:11:58,COMPLETED,24795.0,949.7,4.15,60.85
416,easy,12,10:11:39,10:11:39,10:11:58,COMPLETED,24564.0,320.9,0.90,19.85
314,medium,13,10:05:52,10:05:52,10:12:17,COMPLETED,30835.0,6430.8,0.12,385.74
308,medium,13,10:12:09,10:12:11,10:12:42,COMPLETED,27388.0,526.3,2.43,33.77
410,easy,12,10:12:43,10:12:49,10:12:55,COMPLETED,27726.0,111.0,6.03,12.33
4,medium,14,08:48:12,08:48:12,10:13:01,COMPLETED,33374.0,84819.8,0.62,5089.72
319,medium,13,10:10:03,10:10:05,10:13:14,COMPLETED,31414.0,3149.4,2.59,191.29
320,medium,13,10:11:18,10:11:21,10:13:26,COMPLETED,22658.0,2102.6,3.05,128.95
398,easy,12,10:13:14,10:13:14,10:13:33,COMPLETED,29343.0,322.6,0.29,19.26
313,medium,13,10:13:01,10:13:01,10:14:05,COMPLETED,24995.0,1071.4,0.72,64.52
356,medium,13,10:06:50,10:06:55,10:14:31,COMPLETED,28543.0,7598.2,5.87,461.53
323,medium,13,10:13:59,10:14:05,10:14:50,COMPLETED,27225.0,753.4,6.52,51.46
435,easy,12,10:14:21,10:14:25,10:15:34,COMPLETED,29032.0,1158.7,4.07,73.31
404,easy,11,10:15:30,10:15:34,10:15:40,COMPLETED,24986.0,109.5,4.31,10.64
366,medium,13,10:08:55,10:08:56,10:15:46,COMPLETED,27411.0,6844.1,1.50,411.90
381,medium,13,10:12:54,10:12:55,10:15:46,COMPLETED,28602.0,2864.1,1.33,172.90
389,easy,11,10:15:58,10:15:59,10:16:18,COMPLETED,30377.0,319.7,1.51,20.41
29,hard,15,08:33:55,08:33:58,10:16:31,COMPLETED,26963.0,102540.4,3.64,6156.01
236,hard,15,09:17:39,09:17:43,10:16:31,COMPLETED,40123.0,58792.4,4.59,3532.01
279,hard,15,09:17:39,09:17:43,10:16:31,COMPLETED,33262.0,58792.3,4.59,3532.01
219,hard,15,09:59:35,09:59:40,10:16:37,COMPLETED,35362.0,16954.1,5.42,1022.49
401,medium,13,10:13:17,10:13:20,10:16:37,COMPLETED,23342.0,3285.4,3.61,200.49
365,easy,12,10:15:44,10:15:46,10:17:22,COMPLETED,32314.0,1604.4,2.90,98.81
442,easy,12,10:16:40,10:16:43,10:17:29,COMPLETED,30520.0,764.5,3.79,49.26
359,easy,12,10:16:51,10:16:56,10:17:48,COMPLETED,25888.0,871.5,5.79,57.50
293,medium,14,09:57:01,09:57:04,10:18:07,COMPLETED,34214.0,21056.7,3.79,1266.97
434,easy,12,10:17:44,10:17:48,10:18:07,COMPLETED,26598.0,330.6,4.50,23.97
436,easy,11,10:18:17,10:18:20,10:18:39,COMPLETED,29379.0,327.9,3.65,22.89
341,easy,12,10:18:06,10:18:07,10:18:59,COMPLETED,20903.0,861.8,1.97,53.21
412,easy,11,10:18:55,10:18:59,10:19:05,COMPLETED,30050.0,114.3,4.21,10.77
326,medium,14,10:10:53,10:10:55,10:19:12,COMPLETED,30010.0,8276.0,2.84,499.11
447,medium,13,10:16:47,10:16:50,10:19:24,COMPLETED,32052.0,2579.6,3.27,157.81
385,easy,11,10:19:30,10:19:31,10:19:44,COMPLETED,23019.0,220.4,1.11,14.05
384,easy,12,10:13:40,10:13:46,10:20:15,COMPLETED,34508.0,6494.5,6.07,395.51
352,medium,13,10:17:32,10:17:35,10:20:34,COMPLETED,28473.0,2982.4,3.74,182.44
304,easy,12,10:20:28,10:20:28,10:20:59,COMPLETED,27629.0,529.9,0.10,31.63
407,medium,13,10:18:31,10:18:33,10:21:05,COMPLETED,30901.0,2547.8,2.36,154.96
197,hard,15,09:28:02,09:28:06,10:21:18,COMPLETED,33790.0,53206.5,4.26,3196.58
432,medium,13,10:17:16,10:17:16,10:21:31,COMPLETED,33568.0,4250.3,0.19,255.09
312,easy,11,10:21:45,10:21:49,10:21:56,COMPLETED,31839.0,108.9,4.85,11.14
344,easy,11,10:22:00,10:22:02,10:22:14,COMPLETED,15088.0,212.9,2.41,14.95
437,easy,11,10:22:36,10:22:39,10:22:58,COMPLETED,24159.0,318.1,3.99,22.84
240,hard,15,09:48:04,09:48:09,10:23:05,COMPLETED,32919.0,34928.2,5.52,2101.11
373,easy,11,10:23:41,10:23:42,10:23:48,COMPLETED,27794.0,108.7,1.60,7.89
192,hard,15,09:31:13,09:31:18,10:23:55,COMPLETED,34987.0,52603.8,5.95,3162.15
403,easy,11,10:24:16,10:24:20,10:24:26,COMPLETED,22212.0,108.8,4.17,10.45
310,medium,14,10:18:06,10:18:07,10:24:57,COMPLETED,22150.0,6833.0,1.97,411.74
408,easy,11,10:24:45,10:24:45,10:24:57,COMPLETED,32054.0,213.1,0.20,12.74
378,easy,11,10:25:46,10:25:47,10:25:54,COMPLETED,25737.0,110.1,1.99,8.32
230,hard,15,09:05:27,09:05:29,10:26:00,COMPLETED,28726.0,80512.1,2.95,4833.62
386,easy,11,10:26:23,10:26:25,10:26:31,COMPLETED,26087.0,110.4,2.61,8.95
332,hard,15,10:11:57,10:11:58,10:26:57,COMPLETED,30129.0,14972.6,1.85,900.05
445,hard,15,10:08:46,10:08:50,10:27:09,COMPLETED,29089.0,18325.4,4.18,1103.55
362,easy,12,10:25:19,10:25:22,10:27:09,COMPLETED,27160.0,1783.8,3.76,110.55
266,medium,14,09:44:39,09:44:42,10:27:28,COMPLETED,29246.0,42763.7,3.59,2569.34
363,medium,14,10:20:25,10:20:28,10:27:40,COMPLETED,28630.0,7215.2,3.10,435.81
448,medium,13,10:16:34,10:16:37,10:27:59,COMPLETED,28735.0,11370.6,3.49,685.51
316,medium,14,10:17:52,10:17:55,10:28:12,COMPLETED,33989.0,10284.0,3.16,620.03
345,easy,12,10:27:57,10:27:59,10:28:36,COMPLETED,32573.0,628.0,2.51,39.98
339,easy,11,10:28:18,10:28:18,10:29:01,COMPLETED,31100.0,730.4,0.27,43.88
324,medium,14,10:25:14,10:25:16,10:29:33,COMPLETED,35412.0,4280.1,2.48,259.09
306,easy,11,10:29:34,10:29:39,10:29:51,COMPLETED,26689.0,211.7,5.32,17.81
354,medium,13,10:22:46,10:22:46,10:29:58,COMPLETED,36490.0,7199.3,0.29,432.05
165,hard,15,09:59:49,09:59:52,10:30:16,COMPLETED,33129.0,30399.5,3.95,1827.75
374,easy,11,10:30:06,10:30:10,10:30:29,COMPLETED,23913.0,316.2,4.49,23.25
405,easy,12,10:30:11,10:30:16,10:30:35,COMPLETED,27147.0,318.0,5.75,24.50
360,easy,12,10:31:08,10:31:13,10:31:58,COMPLETED,26777.0,750.1,5.41,50.08
274,medium,14,09:35:43,09:35:46,10:32:42,COMPLETED,35848.0,56928.1,3.80,3419.41
422,easy,12,10:31:45,10:31:45,10:32:48,COMPLETED,29695.0,1062.3,0.04,63.67
160,hard,15,09:48:27,09:48:28,10:33:26,COMPLETED,31591.0,44965.8,1.19,2699.12
347,medium,14,10:31:50,10:31:51,10:34:40,COMPLETED,30161.0,2825.2,1.58,170.91
449,easy,11,10:34:49,10:34:53,10:34:59,COMPLETED,24934.0,108.5,4.35,10.62
327,easy,12,10:35:36,10:35:37,10:36:27,COMPLETED,29474.0,836.5,1.03,51.02
368,easy,12,10:36:29,10:36:33,10:36:52,COMPLETED,27569.0,318.1,4.26,23.02
418,easy,11,10:36:47,10:36:52,10:36:58,COMPLETED,23883.0,109.8,5.02,11.40
346,easy,12,10:36:59,10:37:04,10:37:23,COMPLETED,31491.0,318.2,5.64,24.50
367,easy,11,10:37:12,10:37:17,10:37:23,COMPLETED,27114.0,109.2,5.20,11.50
379,easy,12,10:36:49,10:36:52,10:37:48,COMPLETED,27968.0,944.4,3.02,59.47
444,hard,15,10:17:46,10:17:48,10:37:54,COMPLETED,41029.0,20105.6,2.50,1208.76
333,easy,12,10:37:59,10:38:01,10:38:19,COMPLETED,31358.0,321.2,2.02,20.99
300,medium,14,10:15:04,10:15:09,10:39:55,COMPLETED,37232.0,24774.6,5.26,1491.59
358,medium,14,10:20:12,10:20:15,10:40:14,COMPLETED,31986.0,19986.0,3.51,1202.51
315,hard,15,10:01:17,10:01:20,10:40:59,COMPLETED,33631.0,39650.7,3.40,2382.24
391,medium,13,10:17:10,10:17:16,10:41:05,COMPLETED,38887.0,23829.1,6.19,1435.70
424,easy,11,10:40:50,10:40:52,10:42:09,COMPLETED,35393.0,1289.0,2.68,79.75
302,medium,13,10:39:24,10:39:29,10:42:42,COMPLETED,30119.0,3208.8,5.99,198.14
397,easy,11,10:42:30,10:42:35,10:43:01,COMPLETED,24384.0,439.1,5.59,31.52
340,medium,14,10:19:44,10:19:44,10:43:14,COMPLETED,33085.0,23507.0,0.05,1410.29
353,medium,14,10:38:41,10:38:45,10:43:58,COMPLETED,32137.0,5232.4,4.23,317.88
446,medium,13,10:41:39,10:41:43,10:44:05,COMPLETED,28707.0,2364.1,4.88,146.34
415,easy,11,10:44:10,10:44:11,10:44:24,COMPLETED,28478.0,219.4,1.81,14.70
361,medium,14,10:11:02,10:11:02,10:44:43,COMPLETED,28263.0,33691.2,0.15,2021.50
438,medium,13,10:42:21,10:42:22,10:45:14,COMPLETED,34451.0,2878.1,1.50,173.96
303,medium,13,10:41:37,10:41:37,10:45:27,COMPLETED,25459.0,3835.6,0.58,230.50
425,medium,13,10:41:47,10:41:50,10:46:36,COMPLETED,31498.0,4770.5,3.41,289.42
423,medium,14,10:19:54,10:19:56,10:47:07,COMPLETED,26003.0,27188.6,2.62,1633.80
406,medium,13,10:42:29,10:42:29,10:47:14,COMPLETED,33006.0,4753.9,0.05,285.07
411,medium,13,10:14:17,10:14:18,10:47:20,COMPLETED,23503.0,33033.0,1.48,1983.33
369,medium,14,10:35:48,10:35:49,10:47:39,COMPLETED,28482.0,11828.0,1.51,711.07
427,medium,13,10:46:49,10:46:55,10:48:10,COMPLETED,28593.0,1255.5,6.20,81.31
331,easy,12,10:47:56,10:47:57,10:48:47,COMPLETED,33197.0,837.3,1.79,51.80
322,hard,15,10:03:20,10:03:20,10:49:31,COMPLETED,36910.0,46202.2,0.01,2771.95
413,easy,11,10:49:33,10:49:38,10:49:50,COMPLETED,32032.0,212.8,5.38,17.91
441,medium,14,10:41:52,10:41:56,10:50:03,COMPLETED,26459.0,8118.3,4.78,491.55
371,easy,12,10:49:17,10:49:19,10:50:54,COMPLETED,37369.0,1600.0,2.06,97.53
395,easy,11,10:50:48,10:50:48,10:50:54,COMPLETED,25637.0,118.1,0.04,6.53
429,medium,14,10:35:54,10:35:55,10:51:32,COMPLETED,29678.0,15622.8,1.82,938.90
383,medium,13,10:51:04,10:51:07,10:51:39,COMPLETED,24599.0,535.5,3.56,35.33
402,medium,13,10:44:52,10:44:56,10:51:45,COMPLETED,32629.0,6830.7,4.11,413.74
351,medium,13,10:48:15,10:48:16,10:51:45,COMPLETED,41033.0,3490.1,1.56,210.74
328,easy,11,10:52:20,10:52:23,10:52:36,COMPLETED,29541.0,220.7,3.78,16.73
387,medium,13,10:42:05,10:42:09,10:53:27,COMPLETED,32375.0,11296.0,4.75,682.19
355,medium,14,10:37:03,10:37:04,10:53:40,COMPLETED,41207.0,16594.0,1.64,997.05
431,easy,12,10:52:19,10:52:23,10:53:40,COMPLETED,31572.0,1278.1,4.78,81.05
364,medium,13,10:53:28,10:53:33,10:55:46,COMPLETED,33665.0,2222.8,5.60,138.77
420,easy,11,10:56:39,10:56:42,10:57:01,COMPLETED,28074.0,316.9,3.91,22.69
372,easy,12,10:56:52,10:56:55,10:57:39,COMPLETED,27990.0,737.4,3.41,47.40
334,medium,14,10:44:38,10:44:43,10:57:51,COMPLETED,25201.0,13144.0,5.50,793.91
443,hard,15,10:26:22,10:26:25,10:58:04,COMPLETED,33775.0,31649.1,3.61,1902.43
440,easy,11,10:58:14,10:58:16,10:58:54,COMPLETED,27683.0,628.2,2.94,40.42
400,medium,14,10:29:03,10:29:08,10:59:32,COMPLETED,35116.0,30400.7,5.11,1829.02
85,hard,15,08:07:35,08:07:35,10:59:44,COMPLETED,33470.0,172157.9,0.08,10329.50
414,easy,11,10:59:57,10:59:57,11:00:03,COMPLETED,23289.0,108.7,0.05,6.39
6,hard,15,08:11:57,08:12:02,11:00:09,COMPLETED,37100.0,168122.4,5.31,10092.64
417,medium,14,10:53:58,10:53:59,11:00:09,COMPLETED,25423.0,6175.0,1.33,371.64
376,easy,12,10:59:42,10:59:44,11:00:09,COMPLETED,24863.0,422.9,2.50,27.64
392,easy,11,10:59:57,10:59:57,11:00:28,COMPLETED,30714.0,527.6,0.05,31.40
3,hard,15,08:10:55,08:10:55,11:00:41,COMPLETED,35721.0,169757.1,0.60,10186.01
482,easy,12,11:00:19,11:00:22,11:01:44,COMPLETED,28289.0,1375.7,3.13,85.33
493,easy,12,11:01:29,11:01:31,11:01:50,COMPLETED,26446.0,325.4,2.59,21.75
451,medium,13,11:01:02,11:01:06,11:02:09,COMPLETED,20643.0,1068.6,4.23,67.88
461,easy,11,11:02:07,11:02:09,11:02:16,COMPLETED,28039.0,114.7,2.88,9.42
382,medium,14,10:03:51,10:03:51,11:03:13,COMPLETED,33115.0,59367.4,0.34,3562.12
370,medium,13,10:58:55,10:59:00,11:03:13,COMPLETED,36506.0,4215.4,5.66,258.12
578,easy,11,11:03:23,11:03:26,11:03:39,COMPLETED,26822.0,220.6,3.03,16.03
394,hard,15,10:56:13,10:56:17,11:03:45,COMPLETED,29423.0,7464.0,4.90,452.44
579,easy,11,11:03:21,11:03:26,11:04:04,COMPLETED,28645.0,646.5,5.03,43.47
325,hard,15,10:38:40,10:38:45,11:04:35,COMPLETED,30058.0,25852.0,5.23,1555.98
292,hard,15,09:45:14,09:45:14,11:04:42,COMPLETED,37077.0,79476.9,0.01,4768.50
380,hard,15,10:49:12,10:49:12,11:04:48,COMPLETED,32433.0,15606.9,0.77,936.84
305,medium,14,10:45:40,10:45:40,11:04:55,COMPLETED,33533.0,19259.3,0.02,1155.33
593,easy,12,11:03:10,11:03:13,11:04:55,COMPLETED,25845.0,1709.1,3.12,105.33
570,easy,12,11:04:33,11:04:35,11:04:55,COMPLETED,18373.0,328.7,2.98,22.33
588,easy,11,11:05:19,11:05:20,11:05:33,COMPLETED,30088.0,216.9,1.74,14.51
452,easy,11,11:05:29,11:05:33,11:05:46,COMPLETED,31705.0,213.6,4.51,17.13
523,hard,15,11:02:36,11:02:41,11:05:58,COMPLETED,28021.0,3290.1,5.60,202.78
566,easy,11,11:05:52,11:05:52,11:05:58,COMPLETED,22931.0,111.4,0.35,6.78
301,medium,14,10:58:26,10:58:29,11:06:36,COMPLETED,30833.0,8125.0,3.44,490.62
527,easy,11,11:06:24,11:06:30,11:06:43,COMPLETED,29375.0,223.7,6.10,19.04
569,easy,11,11:06:26,11:06:30,11:06:43,COMPLETED,22524.0,223.2,4.10,17.04
480,medium,14,11:04:45,11:04:48,11:06:55,COMPLETED,27925.0,2119.9,3.84,130.85
338,hard,15,10:31:00,10:31:00,11:07:08,COMPLETED,26672.0,36128.1,0.79,2168.36
538,easy,11,11:07:13,11:07:14,11:07:20,COMPLETED,26601.0,107.5,1.58,7.83
596,easy,12,11:06:59,11:07:02,11:07:39,COMPLETED,28599.0,626.1,3.08,40.45
421,medium,14,10:56:25,10:56:30,11:07:51,COMPLETED,31672.0,11360.4,5.40,686.87
463,easy,12,11:08:54,11:09:00,11:09:12,COMPLETED,32947.0,211.4,6.15,18.63
561,medium,13,11:08:37,11:08:41,11:09:31,COMPLETED,22339.0,835.3,4.41,54.29
501,easy,12,11:08:48,11:08:53,11:09:43,COMPLETED,26941.0,834.6,5.89,55.77
543,easy,12,11:10:02,11:10:02,11:10:33,COMPLETED,27851.0,524.0,0.41,31.60
529,easy,12,11:10:21,11:10:21,11:10:58,COMPLETED,25810.0,626.5,0.11,37.51
532,easy,12,11:10:13,11:10:14,11:11:04,COMPLETED,29873.0,834.4,1.86,51.73
504,easy,11,11:11:09,11:11:10,11:11:23,COMPLETED,20555.0,212.4,1.95,14.40
419,hard,15,10:32:20,10:32:23,11:12:45,COMPLETED,38100.0,40370.4,3.19,2425.00
548,medium,13,11:11:20,11:11:23,11:12:57,COMPLETED,32217.0,1575.6,3.40,97.79
571,easy,12,11:12:40,11:12:45,11:13:41,COMPLETED,28600.0,950.7,5.00,61.74
490,easy,11,11:15:35,11:15:40,11:15:59,COMPLETED,23205.0,314.0,5.98,24.63
430,medium,14,10:27:13,10:27:15,11:16:18,COMPLETED,38812.0,49042.1,2.81,2945.23
21,hard,15,08:20:52,08:20:57,11:16:24,COMPLETED,32776.0,175449.2,5.51,10532.45
218,hard,15,09:56:00,09:56:01,11:16:36,COMPLETED,32401.0,80591.0,1.45,4836.84
479,easy,11,11:16:58,11:17:01,11:17:07,COMPLETED,32866.0,110.5,3.66,9.90
222,hard,15,09:58:20,09:58:25,11:17:14,COMPLETED,35591.0,78813.6,5.65,4734.34
481,easy,11,11:18:02,11:18:04,11:18:17,COMPLETED,27844.0,211.9,2.72,15.20
471,easy,12,11:17:22,11:17:26,11:18:23,COMPLETED,30147.0,946.8,4.88,61.47
580,easy,12,11:18:21,11:18:23,11:19:25,COMPLETED,28157.0,1042.4,2.47,64.77
519,medium,13,11:18:43,11:18:48,11:19:38,COMPLETED,26737.0,837.6,5.38,55.39
478,easy,12,11:19:21,11:19:25,11:20:28,COMPLETED,33779.0,1048.7,4.77,67.44
337,hard,15,10:31:45,10:31:45,11:21:05,COMPLETED,30769.0,49347.8,0.04,2960.82
526,hard,15,11:11:20,11:11:23,11:21:55,COMPLETED,23340.0,10542.6,3.40,635.79
390,medium,14,10:59:05,10:59:06,11:22:14,COMPLETED,31145.0,23129.7,1.94,1389.59
564,easy,11,11:22:08,11:22:08,11:22:33,COMPLETED,32689.0,419.8,0.29,25.27
495,easy,12,11:19:16,11:19:19,11:22:52,COMPLETED,26398.0,3546.3,3.50,216.05
507,easy,11,11:22:41,11:22:45,11:22:58,COMPLETED,34529.0,213.6,4.73,17.33
598,medium,14,11:16:44,11:16:49,11:23:29,COMPLETED,28446.0,6680.3,5.23,405.78
562,easy,12,11:21:59,11:22:02,11:24:27,COMPLETED,29589.0,2423.4,3.03,148.11
581,easy,11,11:24:37,11:24:39,11:24:46,COMPLETED,25843.0,110.9,2.84,9.15
530,easy,12,11:24:29,11:24:33,11:24:52,COMPLETED,27423.0,322.9,4.51,23.57
586,easy,11,11:24:53,11:24:58,11:25:11,COMPLETED,23994.0,217.3,5.97,18.63
455,medium,14,11:23:14,11:23:17,11:25:30,COMPLETED,27019.0,2230.4,3.15,136.64
467,medium,14,11:19:05,11:19:07,11:25:43,COMPLETED,26318.0,6613.7,2.04,398.57
599,easy,12,11:25:31,11:25:37,11:25:49,COMPLETED,29900.0,221.1,6.06,18.97
518,easy,12,11:22:48,11:22:52,11:25:56,COMPLETED,33853.0,3079.2,4.05,188.36
456,easy,12,11:24:37,11:24:39,11:26:09,COMPLETED,34432.0,1497.5,2.84,92.22
535,easy,11,11:26:19,11:26:21,11:26:28,COMPLETED,22786.0,113.8,2.96,9.43
549,easy,12,11:26:34,11:26:34,11:27:13,COMPLETED,29372.0,646.3,0.83,39.25
563,easy,11,11:27:02,11:27:06,11:27:19,COMPLETED,29926.0,223.6,4.71,17.67
476,easy,11,11:27:18,11:27:19,11:27:32,COMPLETED,21991.0,220.6,1.67,14.55
550,easy,12,11:26:58,11:27:00,11:27:38,COMPLETED,22159.0,651.9,2.19,40.95
460,medium,14,11:23:20,11:23:23,11:28:17,COMPLETED,25600.0,4898.2,3.51,297.07
574,easy,12,11:27:46,11:27:51,11:28:23,COMPLETED,26674.0,536.3,5.70,37.50
573,easy,11,11:28:08,11:28:10,11:28:36,COMPLETED,33863.0,429.8,2.76,28.17
457,easy,12,11:28:40,11:28:42,11:29:01,COMPLETED,31491.0,323.3,2.59,21.76
489,easy,11,11:32:53,11:32:58,11:33:04,COMPLETED,23962.0,109.4,5.25,11.56
595,medium,13,11:33:01,11:33:04,11:33:23,COMPLETED,27555.0,317.1,3.56,22.37
583,easy,11,11:33:06,11:33:10,11:33:23,COMPLETED,31779.0,212.5,4.85,17.37
503,easy,11,11:33:35,11:33:35,11:33:42,COMPLETED,24323.0,109.0,0.85,7.12
357,medium,14,10:51:16,10:51:20,11:33:54,COMPLETED,33882.0,42577.8,4.27,2558.79
540,easy,12,11:33:42,11:33:42,11:34:32,COMPLETED,29579.0,839.6,0.12,50.28
585,easy,12,11:35:01,11:35:03,11:35:15,COMPLETED,24360.0,211.8,2.40,14.89
393,medium,14,10:37:47,10:37:48,11:35:59,COMPLETED,32938.0,58188.5,1.47,3492.67
539,medium,14,11:19:27,11:19:32,11:36:12,COMPLETED,31609.0,16670.5,5.08,1005.15
470,hard,15,11:04:42,11:04:42,11:36:43,COMPLETED,38031.0,32015.1,0.50,1921.29
536,easy,12,11:36:49,11:36:49,11:37:02,COMPLETED,26345.0,211.6,0.52,13.01
537,easy,11,11:38:06,11:38:10,11:38:23,COMPLETED,26213.0,214.3,4.75,17.36
492,easy,11,11:38:12,11:38:17,11:38:29,COMPLETED,26163.0,214.6,5.04,17.64
582,easy,11,11:38:59,11:39:01,11:39:19,COMPLETED,31328.0,317.7,2.04,20.86
524,hard,15,11:23:45,11:23:48,11:39:44,COMPLETED,35234.0,15940.1,3.78,959.92
545,easy,12,11:40:02,11:40:04,11:40:23,COMPLETED,23904.0,331.4,2.41,21.80
520,medium,13,11:37:24,11:37:26,11:40:30,COMPLETED,24863.0,3062.9,2.93,186.36
594,easy,12,11:39:55,11:39:57,11:40:30,COMPLETED,20555.0,548.7,2.82,35.36
491,medium,14,11:35:46,11:35:47,11:41:52,COMPLETED,27430.0,6100.0,1.08,366.85
555,easy,11,11:41:41,11:41:46,11:41:52,COMPLETED,28298.0,110.4,5.53,11.85
472,easy,11,11:42:12,11:42:18,11:42:30,COMPLETED,31798.0,214.7,6.14,18.71
496,easy,11,11:42:28,11:42:30,11:42:49,COMPLETED,23788.0,318.7,2.71,21.60
499,easy,12,11:43:10,11:43:14,11:43:20,COMPLETED,25995.0,110.2,4.57,10.93
510,medium,13,11:43:31,11:43:33,11:43:58,COMPLETED,27414.0,425.2,2.54,27.80
483,medium,13,11:39:52,11:39:57,11:44:30,COMPLETED,37232.0,4546.3,5.82,278.32
572,easy,11,11:44:20,11:44:23,11:44:42,COMPLETED,25569.0,319.9,3.97,22.91
554,easy,12,11:44:44,11:44:49,11:45:20,COMPLETED,34336.0,526.7,5.20,36.55
556,easy,12,11:45:11,11:45:14,11:46:04,COMPLETED,25765.0,839.5,3.26,53.34
522,medium,13,11:43:22,11:43:27,11:46:10,COMPLETED,27740.0,2728.6,5.22,168.66
505,medium,14,11:43:12,11:43:14,11:46:42,COMPLETED,34171.0,3461.9,2.57,210.05
544,easy,12,11:46:09,11:46:10,11:46:42,COMPLETED,21156.0,528.2,1.66,33.05
517,easy,11,11:46:50,11:46:54,11:47:13,COMPLETED,27822.0,321.1,4.63,23.61
388,hard,15,10:40:26,10:40:27,11:48:04,COMPLETED,30272.0,67626.6,1.07,4058.48
565,medium,14,11:37:42,11:37:45,11:48:55,COMPLETED,28402.0,11176.6,3.69,673.95
465,hard,15,11:37:14,11:37:14,11:49:15,COMPLETED,28600.0,12015.2,0.46,721.15
473,medium,13,11:44:00,11:44:05,11:49:34,COMPLETED,28822.0,5488.3,5.08,334.02
156,hard,15,09:27:26,09:27:29,11:49:59,COMPLETED,37009.0,142514.1,3.03,8553.80
506,easy,11,11:49:48,11:49:53,11:50:12,COMPLETED,31286.0,332.6,5.26,24.72
454,easy,12,11:50:11,11:50:12,11:50:38,COMPLETED,29024.0,433.0,1.72,27.46
592,easy,12,11:50:39,11:50:44,11:51:36,COMPLETED,29319.0,864.0,5.73,57.15
575,easy,12,11:52:00,11:52:02,11:52:21,COMPLETED,24386.0,331.5,2.04,21.49
589,medium,14,11:38:50,11:38:54,11:53:31,COMPLETED,25058.0,14622.6,4.73,881.89
552,easy,12,11:52:57,11:52:59,11:54:09,COMPLETED,32816.0,1169.6,2.90,72.76
271,hard,15,09:50:50,09:50:51,11:54:16,COMPLETED,37204.0,123410.0,1.58,7406.13
546,easy,12,11:54:42,11:54:47,11:55:06,COMPLETED,28983.0,320.7,5.58,24.54
487,easy,12,11:55:40,11:55:44,11:56:09,COMPLETED,27359.0,428.8,4.32,29.73
426,hard,15,10:00:47,10:00:49,11:56:22,COMPLETED,33811.0,115553.9,2.17,6935.38
542,medium,13,11:49:01,11:49:02,11:56:28,COMPLETED,31621.0,7441.8,1.41,447.69
558,easy,12,11:55:18,11:55:19,11:56:41,COMPLETED,22964.0,1373.6,1.13,83.28
458,easy,12,11:54:43,11:54:47,11:56:47,COMPLETED,31485.0,2005.2,4.58,124.58
494,easy,11,11:58:03,11:58:03,11:58:09,COMPLETED,22478.0,116.4,0.58,6.96
584,easy,11,11:57:57,11:57:57,11:58:16,COMPLETED,25779.0,333.7,0.21,19.62
568,easy,11,11:57:50,11:57:50,11:58:23,COMPLETED,25276.0,545.0,0.86,33.29
534,easy,11,11:58:10,11:58:16,11:58:23,COMPLETED,30446.0,116.0,6.62,13.29
591,medium,13,11:46:37,11:46:42,11:58:36,COMPLETED,35957.0,11905.3,5.05,719.09
515,easy,12,11:57:17,11:57:19,11:58:48,COMPLETED,32722.0,1501.6,2.15,91.98
560,easy,12,11:58:30,11:58:36,11:59:01,COMPLETED,31713.0,435.2,6.09,31.78
486,easy,12,11:57:19,11:57:19,11:59:08,COMPLETED,34781.0,1825.9,0.15,109.28
513,easy,11,11:58:30,11:58:36,11:59:14,COMPLETED,31942.0,650.2,6.09,44.81
587,hard,15,11:32:58,11:32:58,11:59:21,COMPLETED,35000.0,26383.4,0.25,1583.13
597,easy,11,11:59:49,11:59:53,11:59:59,COMPLETED,28864.0,115.6,4.21,10.84
509,easy,12,11:59:52,11:59:53,12:00:12,COMPLETED,26189.0,329.1,1.21,20.65
284,hard,15,09:52:59,09:53:04,12:00:25,COMPLETED,38936.0,127357.6,5.32,7646.69
656,easy,12,12:00:09,12:00:12,12:00:25,COMPLETED,24373.0,222.8,3.65,16.69
462,hard,15,11:26:07,11:26:09,12:00:32,COMPLETED,33329.0,34384.8,2.22,2065.05
636,easy,11,12:00:18,12:00:19,12:00:32,COMPLETED,28178.0,223.7,1.10,14.05
619,easy,11,12:01:20,12:01:23,12:01:30,COMPLETED,28372.0,117.3,3.64,10.21
739,easy,12,12:01:17,12:01:17,12:01:36,COMPLETED,25521.0,332.7,0.08,19.73
609,easy,12,12:02:44,12:02:47,12:03:26,COMPLETED,24192.0,655.6,3.28,42.16
485,medium,14,11:20:05,11:20:09,12:03:32,COMPLETED,29165.0,43387.1,4.68,2607.67
576,easy,12,11:59:59,11:59:59,12:03:39,COMPLETED,28684.0,3660.1,0.84,220.18
547,medium,13,11:53:09,11:53:12,12:03:45,COMPLETED,38313.0,10549.1,3.92,636.48
671,easy,12,12:02:32,12:02:34,12:03:51,COMPLETED,24208.0,1299.4,2.53,79.97
726,medium,13,12:01:40,12:01:43,12:05:08,COMPLETED,34610.0,3425.3,3.08,208.35
551,hard,15,11:56:05,11:56:09,12:05:14,COMPLETED,34867.0,9086.1,4.73,549.65
516,medium,14,11:48:40,11:48:43,12:05:20,COMPLETED,36288.0,16633.3,3.15,1000.96
533,medium,14,11:00:24,11:00:28,12:05:46,COMPLETED,38566.0,65299.3,4.40,3922.27
715,medium,13,12:03:52,12:03:58,12:05:46,COMPLETED,20859.0,1799.8,6.54,114.27
692,easy,12,12:05:39,12:05:39,12:05:52,COMPLETED,28539.0,215.4,0.93,13.58
718,easy,11,12:05:56,12:05:58,12:06:11,COMPLETED,22808.0,214.7,2.88,15.48
746,easy,12,12:04:13,12:04:17,12:06:24,COMPLETED,37599.0,2108.2,4.87,131.06
616,easy,12,12:05:26,12:05:27,12:06:30,COMPLETED,29280.0,1056.9,1.26,64.41
453,medium,13,11:46:26,11:46:29,12:06:36,COMPLETED,35324.0,20123.6,3.46,1210.70
684,medium,13,12:03:46,12:03:51,12:06:55,COMPLETED,34054.0,3064.1,5.97,189.58
740,medium,13,12:05:29,12:05:33,12:07:01,COMPLETED,26703.0,1475.3,4.59,92.86
497,hard,15,11:18:25,11:18:29,12:07:08,COMPLETED,31674.0,48642.2,4.73,2923.14
743,medium,13,12:05:02,12:05:02,12:07:08,COMPLETED,30639.0,2106.6,0.00,126.14
662,easy,11,12:06:43,12:06:49,12:07:33,COMPLETED,37514.0,735.8,6.24,50.16
697,medium,13,12:04:10,12:04:11,12:07:58,COMPLETED,28027.0,3782.3,1.55,228.23
728,medium,13,12:07:36,12:07:39,12:08:17,COMPLETED,26791.0,631.5,3.42,41.03
617,medium,13,12:00:22,12:00:25,12:09:26,COMPLETED,32824.0,9014.0,3.69,544.05
729,easy,12,12:08:16,12:08:17,12:10:29,COMPLETED,34467.0,2217.1,1.03,133.68
477,hard,15,11:20:24,11:20:28,12:11:52,COMPLETED,34571.0,51401.9,4.44,3088.24
622,easy,12,12:08:45,12:08:48,12:12:05,COMPLETED,32151.0,3287.2,3.31,200.17
666,easy,12,12:12:13,12:12:17,12:12:30,COMPLETED,28079.0,217.5,4.99,17.81
618,easy,11,12:12:14,12:12:17,12:12:37,COMPLETED,34109.0,324.7,3.99,23.08
738,easy,12,12:12:44,12:12:49,12:13:02,COMPLETED,29910.0,219.6,5.83,18.62
699,easy,12,12:11:46,12:11:52,12:13:09,COMPLETED,25960.0,1284.8,6.24,83.06
615,easy,11,12:13:18,12:13:21,12:13:53,COMPLETED,30636.0,541.7,3.76,35.88
747,easy,11,12:13:58,12:14:00,12:14:06,COMPLETED,25944.0,114.1,2.31,8.94
428,hard,15,10:39:06,10:39:10,12:14:13,COMPLETED,39022.0,95044.8,4.67,5707.28
459,hard,15,11:17:03,11:17:07,12:15:10,COMPLETED,34912.0,58049.4,4.90,3487.59
651,easy,12,12:15:42,12:15:42,12:15:55,COMPLETED,22694.0,214.1,0.54,13.17
602,easy,12,12:15:07,12:15:10,12:16:01,COMPLETED,29739.0,851.8,3.59,54.45
700,easy,12,12:15:34,12:15:36,12:16:20,COMPLETED,27536.0,737.5,2.24,46.25
720,medium,14,12:12:52,12:12:56,12:16:39,COMPLETED,30554.0,3717.0,4.30,227.04
737,easy,11,12:16:35,12:16:39,12:16:45,COMPLETED,28418.0,109.9,4.04,10.39
307,hard,15,10:15:59,10:15:59,12:16:57,COMPLETED,30497.0,120973.7,0.51,7258.91
635,easy,12,12:15:42,12:15:42,12:16:57,COMPLETED,27958.0,1260.4,0.54,75.91
714,easy,11,12:17:31,12:17:35,12:17:54,COMPLETED,29165.0,317.1,4.53,23.31
557,medium,13,11:48:08,11:48:10,12:19:34,COMPLETED,35654.0,31397.5,2.95,1886.64
683,medium,13,12:17:11,12:17:16,12:19:53,COMPLETED,31715.0,2616.9,5.68,162.41
703,medium,13,12:19:10,12:19:15,12:20:06,COMPLETED,19976.0,845.0,5.64,56.08
705,easy,12,12:19:54,12:19:59,12:20:12,COMPLETED,28878.0,215.3,5.74,18.38
657,medium,13,12:14:47,12:14:51,12:21:40,COMPLETED,23972.0,6826.2,4.23,413.44
660,easy,11,12:21:53,12:21:53,12:21:59,COMPLETED,26915.0,115.2,0.40,6.89
502,medium,14,11:58:09,11:58:09,12:22:44,COMPLETED,33213.0,24581.5,0.96,1475.52
613,easy,11,12:23:02,12:23:03,12:23:10,COMPLETED,27417.0,115.5,1.78,8.30
679,easy,11,12:23:32,12:23:36,12:23:48,COMPLETED,29441.0,216.9,4.07,16.83
704,easy,12,12:24:02,12:24:07,12:24:13,COMPLETED,25758.0,109.8,5.63,11.96
733,medium,13,12:23:28,12:23:29,12:24:39,COMPLETED,23696.0,1163.4,1.55,71.06
577,hard,15,11:06:40,11:06:43,12:25:04,COMPLETED,33654.0,78351.7,3.04,4704.14
450,hard,15,11:06:38,11:06:43,12:26:58,COMPLETED,32534.0,80252.5,5.04,4820.10
675,easy,11,12:26:48,12:26:51,12:27:04,COMPLETED,35201.0,215.1,3.75,16.39
649,easy,12,12:26:35,12:26:39,12:27:17,COMPLETED,25155.0,636.2,4.18,42.05
638,easy,11,12:27:23,12:27:23,12:27:29,COMPLETED,28565.0,110.4,0.39,6.76
658,medium,13,12:25:21,12:25:22,12:28:01,COMPLETED,27411.0,2642.4,1.93,160.24
525,medium,14,11:46:31,11:46:35,12:28:13,COMPLETED,31855.0,41636.5,4.76,2502.80
500,hard,15,11:51:17,11:51:23,12:28:20,COMPLETED,34229.0,36951.3,6.17,2223.09
688,medium,13,12:27:09,12:27:10,12:28:32,COMPLETED,33374.0,1369.7,1.68,83.63
204,hard,15,09:44:00,09:44:04,12:28:38,COMPLETED,37101.0,164569.0,4.81,9878.91
691,easy,12,12:27:14,12:27:17,12:28:38,COMPLETED,26915.0,1368.6,3.05,84.91
670,medium,14,12:21:43,12:21:46,12:28:45,COMPLETED,28104.0,6975.3,3.89,422.20
632,easy,11,12:27:47,12:27:48,12:29:16,COMPLETED,23807.0,1469.7,1.65,89.54
633,easy,12,12:29:11,12:29:16,12:29:47,COMPLETED,28315.0,527.4,5.54,36.95
677,medium,13,12:21:29,12:21:33,12:30:06,COMPLETED,38287.0,8550.9,4.85,517.71
661,easy,11,12:30:26,12:30:31,12:30:44,COMPLETED,25498.0,214.0,5.73,18.33
654,easy,11,12:30:32,12:30:38,12:30:44,COMPLETED,28038.0,109.4,6.03,12.33
511,hard,15,11:51:02,11:51:03,12:31:09,COMPLETED,30487.0,40094.6,1.97,2407.48
629,easy,12,12:31:01,12:31:03,12:31:22,COMPLETED,26275.0,319.1,2.16,21.03
541,medium,14,11:47:12,11:47:13,12:31:28,COMPLETED,32974.0,44249.3,1.61,2656.33
474,hard,15,11:57:43,11:57:44,12:31:47,COMPLETED,32293.0,34055.6,1.51,2044.61
711,easy,11,12:31:54,12:32:00,12:32:13,COMPLETED,26783.0,218.0,6.33,19.04
469,hard,15,11:08:45,11:08:47,12:32:19,COMPLETED,30326.0,83536.8,2.65,5014.46
634,medium,14,12:27:36,12:27:36,12:32:26,COMPLETED,31904.0,4839.1,0.04,290.18
647,easy,11,12:32:16,12:32:19,12:32:26,COMPLETED,17513.0,115.7,3.46,10.18
748,easy,11,12:32:18,12:32:19,12:32:32,COMPLETED,29578.0,222.5,1.46,14.44
745,easy,11,12:32:32,12:32:32,12:32:45,COMPLETED,28384.0,223.3,0.44,13.32
706,easy,11,12:32:43,12:32:45,12:32:51,COMPLETED,19857.0,114.3,2.32,8.90
567,hard,15,11:28:00,11:28:04,12:33:42,COMPLETED,32586.0,65646.3,4.31,3942.99
696,easy,11,12:33:19,12:33:23,12:34:08,COMPLETED,37520.0,743.8,4.91,49.28
642,medium,13,12:32:42,12:32:45,12:34:33,COMPLETED,30812.0,1819.9,3.32,111.99
693,easy,11,12:34:24,12:34:27,12:34:40,COMPLETED,32626.0,225.8,3.45,16.62
621,easy,12,12:34:28,12:34:33,12:34:47,COMPLETED,30026.0,223.1,5.99,19.06
643,easy,11,12:36:05,12:36:09,12:36:16,COMPLETED,24659.0,119.9,4.89,11.60
665,easy,12,12:36:07,12:36:09,12:36:23,COMPLETED,25372.0,226.9,2.89,16.16
744,easy,11,12:35:59,12:36:03,12:36:29,COMPLETED,33253.0,446.9,4.33,30.71
601,easy,11,12:36:17,12:36:23,12:36:29,COMPLETED,25109.0,117.3,6.16,12.71
607,easy,11,12:36:35,12:36:36,12:36:42,COMPLETED,20353.0,114.6,1.24,7.80
674,easy,11,12:36:37,12:36:42,12:36:49,COMPLETED,25784.0,110.6,5.80,12.15
528,hard,15,11:25:56,11:25:56,12:37:08,COMPLETED,22887.0,71198.8,0.36,4272.19
727,medium,13,12:36:13,12:36:16,12:37:14,COMPLETED,26468.0,970.9,3.60,61.46
680,easy,11,12:37:35,12:37:39,12:37:46,COMPLETED,29169.0,110.2,4.92,11.28
614,medium,13,12:35:23,12:35:25,12:37:52,COMPLETED,34943.0,2462.5,2.04,149.56
717,medium,13,12:35:52,12:35:56,12:37:58,COMPLETED,32436.0,2035.0,4.98,126.85
508,hard,15,11:51:55,11:51:55,12:38:05,COMPLETED,40039.0,46162.0,0.59,2770.13
731,medium,13,12:37:33,12:37:33,12:38:11,COMPLETED,30866.0,636.8,0.43,38.46
626,hard,15,12:09:23,12:09:26,12:39:01,COMPLETED,37531.0,29598.1,3.05,1778.75
736,easy,11,12:38:55,12:38:55,12:39:01,COMPLETED,26370.0,110.6,0.43,6.75
719,medium,14,12:34:08,12:34:08,12:39:33,COMPLETED,22120.0,5418.6,0.28,325.19
681,easy,12,12:36:06,12:36:09,12:39:33,COMPLETED,35968.0,3390.6,3.89,207.19
687,medium,13,12:38:46,12:38:49,12:39:39,COMPLETED,36544.0,843.9,3.08,53.48
686,easy,12,12:39:24,12:39:26,12:39:51,COMPLETED,24808.0,422.6,2.88,28.00
336,hard,15,10:53:51,10:53:52,12:40:29,COMPLETED,30132.0,106613.6,1.86,6398.60
708,easy,11,12:40:09,12:40:10,12:40:29,COMPLETED,28734.0,318.4,1.76,20.60
710,medium,14,12:31:30,12:31:34,12:40:42,COMPLETED,28720.0,9126.8,4.75,552.12
639,easy,11,12:40:44,12:40:48,12:41:38,COMPLETED,25644.0,839.6,4.44,54.59
690,easy,11,12:41:28,12:41:32,12:41:38,COMPLETED,22265.0,109.2,4.30,10.59
730,hard,15,12:12:32,12:12:37,12:41:51,COMPLETED,35013.0,29236.3,5.08,1759.12
652,medium,14,12:37:37,12:37:39,12:41:51,COMPLETED,27462.0,4190.0,2.92,254.12
659,easy,12,12:41:55,12:41:57,12:42:16,COMPLETED,26943.0,316.5,2.41,21.17
466,medium,14,11:53:40,11:53:44,12:42:53,COMPLETED,28650.0,49156.3,4.49,2953.72
721,medium,13,12:40:53,12:40:54,12:42:53,COMPLETED,24448.0,1987.6,1.73,120.72
281,hard,15,09:13:27,09:13:29,12:44:46,COMPLETED,33273.0,211283.8,2.25,12679.25
628,medium,13,12:42:29,12:42:34,12:44:52,COMPLETED,30811.0,2296.1,5.95,143.51
735,easy,11,12:44:55,12:44:58,12:45:05,COMPLETED,27848.0,108.5,3.76,10.05
464,hard,15,11:01:13,11:01:19,12:45:17,COMPLETED,30054.0,103975.9,6.05,6244.53
590,hard,15,11:38:53,11:38:54,12:46:07,COMPLETED,39503.0,67212.0,1.73,4034.38
668,easy,11,12:46:17,12:46:19,12:46:26,COMPLETED,22328.0,108.9,2.85,9.16
698,easy,12,12:46:54,12:46:57,12:47:09,COMPLETED,25672.0,212.3,3.39,15.90
644,hard,15,12:40:58,12:41:01,12:47:53,COMPLETED,29159.0,6881.4,3.03,415.70
741,easy,11,12:48:16,12:48:19,12:48:25,COMPLETED,25816.0,114.7,3.08,9.56
648,easy,11,12:48:37,12:48:38,12:49:04,COMPLETED,30872.0,431.5,1.41,27.03
610,medium,13,12:48:01,12:48:06,12:49:16,COMPLETED,20594.0,1181.2,5.37,75.75
722,medium,13,12:49:21,12:49:23,12:49:42,COMPLETED,26641.0,324.4,2.30,21.52
713,easy,12,12:49:16,12:49:16,12:49:48,COMPLETED,28376.0,542.6,0.75,32.80
682,hard,15,12:20:53,12:20:56,12:50:01,COMPLETED,27983.0,29092.7,3.29,1748.61
725,easy,12,12:49:44,12:49:48,12:50:08,COMPLETED,29120.0,326.7,4.80,24.06
723,easy,12,12:50:03,12:50:08,12:50:33,COMPLETED,28884.0,425.8,5.06,30.30
650,easy,11,12:50:27,12:50:33,12:50:58,COMPLETED,28421.0,423.1,6.30,31.44
672,easy,12,12:50:25,12:50:26,12:51:04,COMPLETED,32167.0,633.7,1.93,39.71
702,medium,13,12:49:31,12:49:36,12:51:42,COMPLETED,31557.0,2110.1,5.04,131.41
600,easy,11,12:51:55,12:52:01,12:52:07,COMPLETED,20468.0,109.2,6.18,12.48
606,easy,11,12:52:20,12:52:26,12:52:32,COMPLETED,25700.0,109.6,6.24,12.54
58,hard,15,08:53:07,08:53:09,12:52:45,COMPLETED,31017.0,239590.0,2.78,14378.21
667,easy,11,12:52:34,12:52:38,12:52:45,COMPLETED,28717.0,110.9,4.84,11.21
645,medium,13,12:51:19,12:51:23,12:54:06,COMPLETED,25295.0,2724.5,4.51,167.76
734,easy,12,12:53:58,12:54:00,12:54:31,COMPLETED,23772.0,527.0,2.45,33.82
559,medium,14,11:18:17,11:18:17,12:54:44,COMPLETED,36062.0,96453.7,0.20,5787.35
709,medium,13,12:46:17,12:46:19,12:55:09,COMPLETED,34680.0,8829.0,2.85,532.43
630,easy,12,12:52:35,12:52:38,12:55:40,COMPLETED,28191.0,3035.9,3.84,185.81
640,easy,11,12:58:26,12:58:26,12:58:39,COMPLETED,25385.0,224.4,0.84,13.83
716,hard,15,12:26:48,12:26:51,12:59:11,COMPLETED,28782.0,32336.6,3.75,1943.75
749,easy,12,12:59:22,12:59:24,12:59:37,COMPLETED,34006.0,221.9,2.53,15.42
620,easy,11,12:59:42,12:59:43,12:59:56,COMPLETED,28407.0,223.8,1.89,14.88
678,medium,13,12:58:06,12:58:07,13:00:16,COMPLETED,35035.0,2155.9,1.42,130.35
862,easy,11,13:00:05,13:00:09,13:00:16,COMPLETED,25658.0,117.1,4.79,11.35
701,easy,12,12:57:06,12:57:10,13:01:07,COMPLETED,39855.0,3961.6,4.13,241.58
777,easy,11,13:01:12,13:01:13,13:01:20,COMPLETED,19036.0,116.9,1.86,8.54
856,easy,11,13:01:10,13:01:13,13:01:27,COMPLETED,27662.0,226.3,3.86,17.02
348,hard,15,10:04:52,10:04:55,13:02:11,COMPLETED,39227.0,177269.1,3.22,10639.31
611,medium,14,12:43:58,12:44:02,13:02:17,COMPLETED,32095.0,18256.6,4.49,1099.60
625,medium,13,12:54:56,12:54:56,13:02:36,COMPLETED,32360.0,7665.1,0.86,460.54
849,easy,12,13:02:14,13:02:17,13:03:33,COMPLETED,24110.0,1264.6,3.60,79.23
877,easy,11,13:03:23,13:03:26,13:03:33,COMPLETED,28245.0,109.5,3.92,10.23
891,easy,12,13:00:56,13:01:01,13:03:45,COMPLETED,23905.0,2750.3,5.01,169.76
676,hard,15,12:34:01,12:34:01,13:04:10,COMPLETED,30666.0,30153.4,0.98,1809.95
775,easy,11,13:04:02,13:04:04,13:04:10,COMPLETED,23875.0,110.8,2.64,8.95
847,easy,12,13:00:42,13:00:48,13:04:17,COMPLETED,31165.0,3490.6,6.11,215.32
875,easy,11,13:04:08,13:04:10,13:04:23,COMPLETED,34279.0,214.6,2.95,15.59
842,easy,12,13:04:10,13:04:10,13:04:23,COMPLETED,24339.0,214.2,0.95,13.59
475,hard,15,11:50:49,11:50:51,13:04:29,COMPLETED,33179.0,73645.5,2.24,4420.87
685,medium,14,12:43:28,12:43:31,13:04:54,COMPLETED,28487.0,21396.9,3.23,1286.82
808,easy,12,13:04:52,13:04:54,13:05:07,COMPLETED,33725.0,212.9,2.82,15.36
637,hard,15,12:14:35,12:14:38,13:06:03,COMPLETED,34288.0,51422.6,3.48,3088.74
860,easy,11,13:05:53,13:05:57,13:06:22,COMPLETED,21962.0,422.0,4.38,29.48
831,easy,12,13:05:54,13:05:57,13:06:47,COMPLETED,25648.0,843.9,3.38,53.69
669,medium,13,12:57:34,12:57:35,13:07:07,COMPLETED,34835.0,9531.3,1.39,573.01
867,easy,12,13:05:19,13:05:19,13:07:44,COMPLETED,26376.0,2422.6,0.85,145.68
792,easy,12,13:07:46,13:07:51,13:07:57,COMPLETED,30866.0,120.2,5.27,11.99
870,easy,11,13:07:53,13:07:57,13:08:04,COMPLETED,27274.0,116.3,4.99,11.56
766,easy,11,13:08:17,13:08:17,13:08:23,COMPLETED,25973.0,115.2,0.41,6.94
604,hard,15,12:47:10,12:47:16,13:09:01,COMPLETED,35795.0,21769.2,6.15,1311.96
857,easy,12,13:06:58,13:07:00,13:09:01,COMPLETED,31602.0,2032.3,2.49,123.96
874,easy,12,13:07:48,13:07:51,13:09:27,COMPLETED,27027.0,1609.6,3.27,99.58
896,easy,12,13:08:43,13:08:43,13:09:27,COMPLETED,24654.0,747.5,0.17,44.58
789,easy,11,13:09:13,13:09:14,13:09:27,COMPLETED,19260.0,220.9,1.81,14.58
757,medium,13,13:08:35,13:08:36,13:09:59,COMPLETED,26876.0,1395.9,1.76,84.94
899,easy,11,13:10:11,13:10:12,13:10:19,COMPLETED,32483.0,112.7,1.99,8.50
871,easy,12,13:09:52,13:09:53,13:10:25,COMPLETED,29228.0,542.9,1.43,33.77
773,easy,11,13:09:55,13:09:59,13:10:38,COMPLETED,30255.0,644.8,4.94,43.32
468,hard,15,11:21:15,11:21:18,13:11:42,COMPLETED,37539.0,110400.1,3.32,6627.21
770,easy,12,13:09:54,13:09:59,13:12:26,COMPLETED,34870.0,2452.3,5.94,152.62
750,easy,11,13:12:30,13:12:33,13:12:39,COMPLETED,31996.0,115.5,3.13,9.68
817,easy,12,13:12:16,13:12:20,13:12:46,COMPLETED,24269.0,435.7,4.33,30.10
553,hard,15,11:47:48,11:47:51,13:12:58,COMPLETED,26926.0,85123.6,3.50,5110.84
624,medium,14,12:38:57,12:39:01,13:13:17,COMPLETED,33461.0,34267.2,4.75,2060.61
825,easy,11,13:12:41,13:12:46,13:13:23,COMPLETED,30117.0,633.7,5.10,42.91
844,easy,11,13:13:25,13:13:30,13:14:13,COMPLETED,35398.0,733.2,5.16,48.92
498,hard,15,11:39:47,11:39:51,13:14:38,COMPLETED,31313.0,94794.7,4.33,5691.94
809,easy,11,13:14:25,13:14:26,13:15:10,COMPLETED,33678.0,733.9,1.42,45.16
779,easy,11,13:15:08,13:15:10,13:15:16,COMPLETED,22427.0,109.1,2.16,8.48
664,medium,14,12:43:30,12:43:31,13:15:47,COMPLETED,31652.0,32277.0,1.23,1937.74
663,hard,15,12:56:48,12:56:50,13:16:37,COMPLETED,29643.0,19784.4,2.70,1189.59
763,easy,12,13:16:55,13:16:56,13:17:15,COMPLETED,34716.0,317.6,1.30,20.13
869,easy,11,13:17:30,13:17:33,13:17:52,COMPLETED,25400.0,324.2,3.85,22.81
290,hard,15,09:27:50,09:27:53,13:19:22,COMPLETED,34556.0,231479.8,3.84,13892.57
889,medium,13,13:17:48,13:17:52,13:19:29,COMPLETED,34089.0,1609.5,4.81,101.02
805,easy,12,13:19:33,13:19:35,13:20:26,COMPLETED,20857.0,857.8,2.45,53.64
836,easy,11,13:20:41,13:20:45,13:20:51,COMPLETED,25679.0,112.0,4.47,10.78
784,easy,12,13:18:22,13:18:24,13:21:30,COMPLETED,35723.0,3100.8,2.91,188.62
864,easy,12,13:21:24,13:21:24,13:21:30,COMPLETED,22609.0,116.2,0.10,6.62
780,easy,12,13:21:17,13:21:17,13:21:49,COMPLETED,27446.0,547.5,0.50,32.89
841,easy,11,13:21:49,13:21:49,13:21:56,COMPLETED,28900.0,114.5,0.89,7.51
64,hard,15,08:59:47,08:59:48,13:22:28,COMPLETED,36401.0,262658.7,1.86,15761.33
872,easy,12,13:20:11,13:20:14,13:23:13,COMPLETED,31183.0,2991.9,3.08,182.36
790,easy,12,13:18:10,13:18:12,13:23:19,COMPLETED,31743.0,5131.5,2.13,309.65
880,easy,12,13:20:26,13:20:26,13:23:38,COMPLETED,31907.0,3207.8,0.64,192.87
835,easy,12,13:23:32,13:23:32,13:24:22,COMPLETED,27804.0,845.1,0.52,50.98
797,easy,11,13:24:34,13:24:35,13:24:41,COMPLETED,25050.0,111.6,1.61,7.95
816,easy,11,13:24:24,13:24:29,13:25:00,COMPLETED,31811.0,533.9,5.27,36.97
778,easy,11,13:24:57,13:25:00,13:25:07,COMPLETED,28194.0,111.3,3.97,10.34
754,medium,14,13:16:56,13:16:56,13:26:48,COMPLETED,34934.0,9867.0,0.30,592.18
897,easy,12,13:26:21,13:26:22,13:26:48,COMPLETED,23691.0,426.8,1.85,27.18
742,hard,15,12:13:56,12:14:00,13:27:32,COMPLETED,29266.0,73532.7,4.31,4416.13
892,medium,13,13:22:56,13:23:00,13:27:38,COMPLETED,28302.0,4637.2,4.40,282.50
756,easy,11,13:27:31,13:27:32,13:27:51,COMPLETED,28323.0,319.4,1.13,20.07
769,medium,14,13:15:35,13:15:35,13:27:57,COMPLETED,32956.0,12372.2,0.23,742.36
800,medium,13,13:26:38,13:26:41,13:27:57,COMPLETED,24821.0,1264.4,3.77,79.36
845,easy,11,13:28:30,13:28:35,13:28:41,COMPLETED,27664.0,110.9,5.09,11.45
791,medium,13,13:24:09,13:24:10,13:28:54,COMPLETED,30681.0,4733.4,1.32,285.05
488,hard,15,11:35:20,11:35:22,13:29:12,COMPLETED,38316.0,113849.5,2.13,6832.99
838,easy,12,13:28:03,13:28:03,13:29:12,COMPLETED,34278.0,1161.5,0.66,69.99
761,easy,11,13:29:14,13:29:19,13:29:32,COMPLETED,19746.0,216.3,5.37,18.06
859,easy,11,13:29:15,13:29:19,13:29:32,COMPLETED,25499.0,215.8,4.37,17.06
786,easy,11,13:29:25,13:29:25,13:29:32,COMPLETED,24103.0,111.2,0.72,7.06
623,hard,15,12:47:46,12:47:47,13:29:44,COMPLETED,33539.0,41957.7,1.38,2518.73
851,easy,11,13:29:56,13:29:57,13:30:10,COMPLETED,32712.0,221.9,1.27,14.05
209,hard,15,09:45:18,09:45:20,13:31:07,COMPLETED,29670.0,225789.3,2.25,13549.66
781,easy,12,13:30:10,13:30:10,13:31:14,COMPLETED,24643.0,1071.9,0.05,64.12
653,medium,14,12:47:45,12:47:47,13:31:39,COMPLETED,37473.0,43871.9,2.38,2634.48
848,medium,14,13:09:06,13:09:08,13:32:05,COMPLETED,35267.0,22948.3,2.51,1379.13
879,easy,11,13:32:06,13:32:11,13:32:18,COMPLETED,29654.0,115.2,5.58,12.09
832,easy,12,13:31:53,13:31:58,13:32:37,COMPLETED,27445.0,646.7,5.78,44.35
853,medium,13,13:07:39,13:07:44,13:32:56,COMPLETED,30713.0,25199.3,5.68,1517.26
760,medium,14,13:12:50,13:12:52,13:33:21,COMPLETED,34581.0,20494.9,2.51,1231.97
785,easy,12,13:32:54,13:32:56,13:33:47,COMPLETED,32632.0,856.4,2.26,53.27
858,medium,14,13:21:36,13:21:37,13:34:13,COMPLETED,37880.0,12602.0,1.13,757.07
885,easy,12,13:34:47,13:34:50,13:34:57,COMPLETED,24351.0,117.5,3.95,10.48
694,medium,14,12:38:03,12:38:05,13:35:22,COMPLETED,23614.0,57297.4,2.13,3439.84
837,medium,13,13:31:45,13:31:45,13:36:19,COMPLETED,34910.0,4559.0,0.92,274.16
829,hard,15,13:26:05,13:26:10,13:36:31,COMPLETED,37981.0,10365.5,5.24,626.87
815,medium,14,13:12:48,13:12:52,13:36:44,COMPLETED,31061.0,23869.0,4.51,1436.49
861,medium,13,13:33:04,13:33:09,13:37:09,COMPLETED,33438.0,4009.1,5.27,245.61
765,medium,13,13:34:06,13:34:06,13:37:34,COMPLETED,30491.0,3474.5,0.56,208.78
811,easy,11,13:37:28,13:37:28,13:37:47,COMPLETED,26042.0,319.1,0.41,19.37
840,easy,12,13:37:02,13:37:03,13:37:53,COMPLETED,26955.0,842.8,1.32,51.65
826,easy,12,13:37:25,13:37:28,13:37:59,COMPLETED,27081.0,528.6,3.41,34.93
783,medium,14,13:24:41,13:24:41,13:38:31,COMPLETED,34687.0,13825.2,0.95,830.26
776,medium,14,13:37:20,13:37:22,13:38:43,COMPLETED,24479.0,1365.8,2.12,83.84
753,medium,14,13:09:46,13:09:46,13:39:15,COMPLETED,32860.0,29474.7,0.92,1769.17
627,hard,15,12:51:30,12:51:36,13:39:27,COMPLETED,35805.0,47863.5,6.10,2877.79
894,hard,15,13:23:55,13:23:57,13:40:56,COMPLETED,32809.0,16979.3,2.70,1021.17
819,easy,12,13:38:55,13:38:56,13:40:56,COMPLETED,31975.0,2003.9,1.36,121.17
850,medium,13,13:36:19,13:36:19,13:41:21,COMPLETED,24553.0,5052.0,0.16,302.97
759,easy,12,13:41:08,13:41:09,13:41:54,COMPLETED,32735.0,754.0,1.08,46.10
767,medium,14,13:36:28,13:36:31,13:42:00,COMPLETED,32841.0,5480.5,3.87,332.37
830,medium,13,13:38:03,13:38:06,13:43:04,COMPLETED,24498.0,4971.8,3.20,301.17
803,easy,11,13:42:57,13:42:57,13:43:04,COMPLETED,23914.0,113.3,0.79,7.17
330,hard,15,10:35:48,10:35:49,13:44:20,COMPLETED,27851.0,188520.2,1.51,11312.65
822,medium,14,13:40:24,13:40:24,13:44:46,COMPLETED,29576.0,4376.9,0.28,262.27
898,medium,14,13:21:13,13:21:17,13:44:59,COMPLETED,35149.0,23703.6,4.50,1426.49
768,easy,11,13:45:11,13:45:12,13:45:31,COMPLETED,27966.0,327.4,1.29,20.50
878,easy,12,13:45:13,13:45:18,13:45:31,COMPLETED,28164.0,222.9,5.59,18.50
796,easy,11,13:46:11,13:46:16,13:46:28,COMPLETED,31582.0,215.6,5.18,17.86
828,medium,13,13:39:10,13:39:15,13:46:54,COMPLETED,33983.0,7651.9,5.17,464.07
813,easy,12,13:46:35,13:46:35,13:46:54,COMPLETED,25451.0,320.3,0.15,19.07
782,easy,12,13:46:18,13:46:22,13:47:19,COMPLETED,28557.0,948.4,4.53,61.18
732,hard,15,12:52:37,12:52:38,13:48:21,COMPLETED,36696.0,55718.7,1.84,3344.89
812,medium,14,13:27:30,13:27:32,13:48:34,COMPLETED,27311.0,21041.9,2.13,1264.47
868,easy,12,13:44:40,13:44:46,13:48:59,COMPLETED,35970.0,4226.0,6.27,259.62
793,medium,13,13:22:55,13:23:00,13:50:02,COMPLETED,39191.0,27031.4,5.40,1627.14
881,easy,11,13:48:42,13:48:47,13:50:08,COMPLETED,41505.0,1360.4,5.03,86.41
852,easy,11,13:50:20,13:50:20,13:50:33,COMPLETED,21392.0,213.3,0.94,13.55
772,easy,12,13:50:17,13:50:20,13:50:46,COMPLETED,28348.0,422.7,3.94,29.06
818,easy,11,13:51:09,13:51:11,13:51:29,COMPLETED,24013.0,319.4,2.05,20.90
752,easy,11,13:51:25,13:51:29,13:51:42,COMPLETED,28371.0,219.2,4.90,17.71
865,easy,11,13:52:47,13:52:52,13:52:58,COMPLETED,25529.0,109.8,5.16,11.48
806,easy,12,13:52:11,13:52:14,13:53:17,COMPLETED,30365.0,1054.7,3.50,66.47
854,medium,14,13:42:41,13:42:44,13:53:55,COMPLETED,26098.0,11176.5,3.92,674.31
833,easy,12,13:53:04,13:53:04,13:54:14,COMPLETED,27213.0,1161.5,0.77,70.20
821,medium,13,13:44:44,13:44:46,13:54:33,COMPLETED,29337.0,9780.8,2.27,589.07
814,medium,14,13:52:06,13:52:07,13:55:04,COMPLETED,30885.0,2946.1,1.97,178.41
886,easy,11,13:55:24,13:55:29,13:55:36,COMPLETED,23597.0,110.1,5.80,12.13
755,medium,13,13:53:28,13:53:30,13:56:01,COMPLETED,34637.0,2524.4,2.14,153.31
802,easy,11,13:55:16,13:55:17,13:56:01,COMPLETED,26673.0,740.5,1.17,45.31
876,hard,15,13:37:29,13:37:34,13:57:30,COMPLETED,29943.0,19928.5,5.78,1201.18
895,medium,13,13:55:11,13:55:17,13:58:34,COMPLETED,26546.0,3294.4,6.17,203.27
762,easy,11,13:59:11,13:59:12,13:59:19,COMPLETED,24876.0,110.9,1.83,8.19
827,easy,12,13:59:00,13:59:00,13:59:50,COMPLETED,21754.0,851.9,0.10,50.89
631,medium,13,12:37:18,12:37:20,14:00:16,COMPLETED,50304.0,82922.8,2.88,4978.12
882,medium,13,13:56:44,13:56:45,14:00:35,COMPLETED,23595.0,3836.0,1.42,231.22
986,easy,11,14:00:35,14:00:35,14:00:47,COMPLETED,27685.0,216.4,0.22,12.93
801,easy,12,13:59:34,13:59:38,14:01:06,COMPLETED,27502.0,1480.7,4.28,92.85
834,medium,14,13:55:01,13:55:04,14:01:13,COMPLETED,32961.0,6149.9,3.41,372.16
1021,easy,11,14:01:20,14:01:25,14:01:32,COMPLETED,25983.0,111.8,5.75,12.14
788,medium,14,13:46:22,13:46:22,14:02:10,COMPLETED,29045.0,15796.6,0.53,948.12
884,easy,12,13:54:06,13:54:07,14:02:22,COMPLETED,32468.0,8253.2,1.89,496.80
977,easy,12,14:02:55,14:03:00,14:04:23,COMPLETED,32095.0,1377.0,5.91,88.20
934,medium,13,14:03:12,14:03:13,14:04:23,COMPLETED,28640.0,1164.6,1.68,71.20
1044,easy,11,14:04:00,14:04:04,14:04:55,COMPLETED,33494.0,858.3,4.22,55.22
846,medium,14,13:58:32,13:58:34,14:05:14,COMPLETED,30515.0,6674.5,2.27,402.50
921,medium,13,14:00:54,14:00:54,14:05:20,COMPLETED,27093.0,4451.8,0.23,266.82
951,easy,12,14:05:00,14:05:01,14:05:40,COMPLETED,23660.0,653.6,1.77,40.47
993,easy,11,14:05:47,14:05:47,14:05:53,COMPLETED,25202.0,119.6,0.05,6.85
646,hard,15,12:55:16,12:55:21,14:06:20,COMPLETED,33784.0,70972.2,5.95,4264.05
1040,easy,11,14:06:03,14:06:06,14:06:26,COMPLETED,19443.0,335.5,3.99,23.63
794,medium,13,13:29:10,13:29:12,14:06:58,COMPLETED,38539.0,37770.2,2.99,2268.96
1030,easy,12,14:05:45,14:05:47,14:06:58,COMPLETED,23731.0,1206.9,2.05,73.96
998,easy,12,14:06:37,14:06:39,14:07:24,COMPLETED,28279.0,761.2,2.76,47.94
968,medium,13,14:00:20,14:00:22,14:07:57,COMPLETED,34632.0,7583.9,2.50,457.19
913,medium,13,14:05:26,14:05:27,14:08:03,COMPLETED,26303.0,2610.4,1.43,157.60
1048,easy,12,14:07:42,14:07:44,14:08:29,COMPLETED,28076.0,755.2,2.38,47.16
810,medium,14,13:18:36,13:18:37,14:09:08,COMPLETED,31293.0,50511.9,1.78,3032.16
887,medium,13,13:58:39,13:58:40,14:10:06,COMPLETED,37430.0,11426.4,1.91,687.26
984,easy,12,14:09:46,14:09:46,14:10:25,COMPLETED,28107.0,656.1,0.89,39.83
997,easy,11,14:10:27,14:10:32,14:10:58,COMPLETED,30316.0,432.8,5.42,31.01
929,easy,12,14:10:08,14:10:12,14:11:04,COMPLETED,25546.0,870.4,4.59,56.42
950,medium,13,14:09:10,14:09:14,14:11:29,COMPLETED,26416.0,2255.4,4.79,139.85
935,easy,12,14:10:09,14:10:12,14:11:29,COMPLETED,30171.0,1291.2,3.59,80.85
902,easy,12,14:10:44,14:11:04,14:11:36,COMPLETED,29214.0,534.1,20.42,52.18
883,medium,14,13:34:56,13:34:57,14:12:07,COMPLETED,34663.0,37172.1,1.48,2231.67
1035,easy,12,14:12:12,14:12:13,14:12:39,COMPLETED,26142.0,426.5,1.98,27.25
855,medium,14,13:43:30,13:43:36,14:13:29,COMPLETED,38216.0,29899.2,6.16,1799.93
920,medium,13,14:09:41,14:09:46,14:13:36,COMPLETED,34996.0,3827.2,5.89,235.25
1018,easy,12,14:12:46,14:12:51,14:13:42,COMPLETED,25710.0,848.4,5.95,56.57
795,medium,14,13:51:31,13:51:36,14:14:39,COMPLETED,31317.0,23052.3,5.30,1388.23
774,medium,14,13:36:01,13:36:06,14:14:58,COMPLETED,29609.0,38860.6,5.62,2337.11
954,easy,11,14:15:07,14:15:10,14:15:17,COMPLETED,25258.0,110.1,3.69,10.02
807,medium,14,13:37:23,13:37:28,14:15:23,COMPLETED,32866.0,37918.4,5.41,2280.32
978,medium,13,14:09:53,14:09:53,14:16:52,COMPLETED,28424.0,6995.7,0.54,419.95
1011,medium,14,14:02:23,14:02:29,14:17:37,COMPLETED,31558.0,15149.6,6.15,914.79
947,medium,13,14:09:54,14:09:59,14:17:50,COMPLETED,32330.0,7854.8,5.89,476.93
1001,hard,15,14:03:04,14:03:07,14:18:10,COMPLETED,35397.0,15056.2,3.29,906.13
1010,easy,11,14:18:26,14:18:29,14:18:42,COMPLETED,26102.0,225.4,3.40,16.39
1037,easy,12,14:19:00,14:19:01,14:20:12,COMPLETED,27405.0,1193.7,1.79,72.93
938,hard,15,14:08:48,14:08:48,14:20:51,COMPLETED,36067.0,12051.0,0.59,723.42
987,easy,12,14:19:41,14:19:47,14:20:51,COMPLETED,32053.0,1075.1,6.21,70.42
926,easy,11,14:20:51,14:20:57,14:21:10,COMPLETED,18533.0,224.3,6.76,19.60
1025,easy,11,14:21:10,14:21:10,14:21:17,COMPLETED,31145.0,121.4,0.60,7.27
990,easy,12,14:21:16,14:21:23,14:21:37,COMPLETED,26888.0,223.7,7.94,21.06
959,medium,13,14:20:34,14:20:38,14:21:55,COMPLETED,29083.0,1293.0,4.71,82.00
974,easy,12,14:21:16,14:21:17,14:22:08,COMPLETED,28718.0,862.1,1.27,52.68
1000,easy,11,14:21:59,14:22:02,14:22:08,COMPLETED,26067.0,111.5,3.32,9.68
1038,medium,14,14:18:36,14:18:42,14:22:27,COMPLETED,31523.0,3758.4,6.39,231.63
343,hard,15,10:38:35,10:38:38,14:23:18,COMPLETED,36076.0,224653.5,3.94,13483.10
948,easy,12,14:22:53,14:22:59,14:23:49,COMPLETED,25402.0,847.9,6.13,56.67
804,medium,13,13:44:42,13:44:46,14:24:08,COMPLETED,40702.0,39373.7,4.27,2366.62
908,easy,11,14:24:36,14:24:40,14:24:52,COMPLETED,28190.0,216.0,4.27,16.93
991,medium,14,14:23:38,14:23:43,14:24:59,COMPLETED,21977.0,1271.0,5.32,81.25
944,easy,12,14:24:16,14:24:21,14:25:05,COMPLETED,25760.0,744.7,5.23,49.63
1016,medium,14,14:20:27,14:20:32,14:25:18,COMPLETED,32385.0,4770.5,5.34,291.30
957,medium,13,14:19:06,14:19:08,14:25:56,COMPLETED,30940.0,6801.7,2.47,410.30
1019,medium,13,14:17:42,14:17:44,14:26:15,COMPLETED,33968.0,8518.6,2.27,513.23
1049,easy,12,14:25:43,14:25:43,14:26:21,COMPLETED,21194.0,636.9,0.62,38.55
992,easy,11,14:26:22,14:26:27,14:26:34,COMPLETED,27920.0,111.4,5.86,12.21
1034,easy,12,14:24:30,14:24:33,14:27:31,COMPLETED,29562.0,2974.2,3.92,181.79
949,hard,15,14:15:23,14:15:23,14:27:44,COMPLETED,27337.0,12364.4,0.32,741.78
912,medium,13,14:25:37,14:25:37,14:28:10,COMPLETED,27463.0,2562.1,0.24,153.69
937,easy,11,14:28:07,14:28:10,14:28:29,COMPLETED,24738.0,321.3,3.69,22.63
936,easy,12,14:27:21,14:27:25,14:29:45,COMPLETED,30528.0,2337.6,4.45,144.42
975,easy,12,14:29:29,14:29:32,14:29:45,COMPLETED,26508.0,215.6,3.79,16.42
956,medium,14,14:07:53,14:07:57,14:29:58,COMPLETED,30266.0,22019.2,4.19,1325.05
994,easy,11,14:29:52,14:29:58,14:30:10,COMPLETED,30225.0,217.5,6.05,18.76
512,hard,15,11:07:00,11:07:02,14:32:51,COMPLETED,30686.0,205825.0,2.08,12351.58
972,easy,11,14:32:53,14:32:57,14:33:04,COMPLETED,19001.0,110.7,4.89,11.28
945,medium,13,14:25:07,14:25:11,14:33:10,COMPLETED,27944.0,7982.0,4.95,483.60
911,medium,13,14:28:24,14:28:29,14:33:23,COMPLETED,28465.0,4899.1,5.63,299.27
964,easy,11,14:33:34,14:33:35,14:33:42,COMPLETED,25600.0,111.5,1.97,8.33
969,easy,12,14:34:06,14:34:07,14:34:14,COMPLETED,25835.0,110.8,1.70,8.05
890,medium,14,13:51:08,13:51:11,14:34:39,COMPLETED,41356.0,43475.2,3.05,2611.33
1042,medium,14,14:17:29,14:17:31,14:35:55,COMPLETED,28159.0,18402.0,2.40,1106.29
905,easy,11,14:35:44,14:35:48,14:35:55,COMPLETED,24662.0,111.6,4.92,11.29
1027,easy,12,14:35:38,14:35:42,14:36:26,COMPLETED,31066.0,744.5,4.54,48.92
927,easy,11,14:36:15,14:36:20,14:36:39,COMPLETED,27776.0,322.5,5.56,24.61
917,easy,11,14:37:09,14:37:11,14:37:23,COMPLETED,23390.0,216.3,2.30,14.97
942,easy,12,14:36:50,14:36:52,14:37:36,COMPLETED,29196.0,743.5,2.32,46.62
906,medium,13,14:35:41,14:35:42,14:38:09,COMPLETED,31518.0,2449.1,1.54,148.24
963,easy,12,14:38:17,14:38:21,14:38:47,COMPLETED,26634.0,437.1,4.86,30.63
953,medium,13,14:35:12,14:35:17,14:39:07,COMPLETED,34233.0,3837.4,5.28,235.06
930,easy,12,14:38:35,14:39:13,14:39:58,COMPLETED,22403.0,759.4,38.60,83.86
1004,easy,11,14:38:58,14:40:05,14:40:18,COMPLETED,26973.0,224.0,67.19,80.13
1041,medium,13,14:14:15,14:14:20,14:40:31,COMPLETED,29638.0,26188.7,5.31,1576.27
982,easy,11,14:39:31,14:40:24,14:40:31,COMPLETED,28672.0,118.7,53.67,60.27
900,medium,13,14:34:38,14:34:39,14:42:14,COMPLETED,25860.0,7602.8,1.33,457.00
940,easy,11,14:41:59,14:42:21,14:42:34,COMPLETED,27296.0,227.7,22.59,35.72
1028,medium,13,14:41:42,14:41:42,14:42:41,COMPLETED,28982.0,989.6,0.54,59.30
925,easy,11,14:43:00,14:43:00,14:43:13,COMPLETED,32756.0,223.6,0.96,13.89
985,easy,12,14:42:31,14:42:41,14:43:33,COMPLETED,25563.0,872.4,10.30,62.12
903,easy,11,14:43:25,14:43:39,14:43:46,COMPLETED,28546.0,116.3,14.70,21.34
916,easy,11,14:43:12,14:43:20,14:44:55,COMPLETED,32639.0,1596.9,8.42,103.91
1031,medium,14,14:05:36,14:05:40,14:45:08,COMPLETED,33278.0,39472.7,4.47,2372.63
1029,medium,13,14:37:38,14:37:42,14:45:08,COMPLETED,32487.0,7432.7,4.95,450.63
943,easy,11,14:43:41,14:45:14,14:45:33,COMPLETED,23126.0,322.3,93.97,113.00
1005,easy,11,14:43:43,14:45:14,14:45:33,COMPLETED,28035.0,321.9,91.97,111.00
1032,easy,12,14:43:44,14:45:40,14:45:59,COMPLETED,31662.0,322.2,116.35,135.38
919,medium,13,14:18:58,14:19:01,14:48:37,COMPLETED,30982.0,29599.2,3.79,1779.50
1023,medium,13,14:45:09,14:46:05,14:51:00,COMPLETED,25911.0,4913.8,56.71,351.05
764,hard,15,13:16:55,13:16:56,14:51:58,COMPLETED,32124.0,95033.0,1.30,5703.11
1017,medium,13,14:44:33,14:45:40,14:51:58,COMPLETED,33815.0,6303.9,67.35,445.11
988,easy,12,14:45:33,14:51:06,14:51:58,COMPLETED,22624.0,867.9,333.59,385.11
931,hard,15,14:32:27,14:32:32,14:52:17,COMPLETED,37839.0,19766.8,5.37,1190.99
933,easy,11,14:47:03,14:52:04,14:52:24,COMPLETED,33463.0,337.6,301.70,321.53
1009,easy,11,14:45:48,14:52:04,14:52:31,COMPLETED,21928.0,447.1,376.70,403.17
970,easy,11,14:47:52,14:52:31,14:52:50,COMPLETED,28013.0,330.0,279.17,298.47
1013,easy,11,14:48:31,14:52:57,14:53:09,COMPLETED,30028.0,219.9,266.02,278.70
996,medium,14,14:38:26,14:38:54,14:53:29,COMPLETED,32456.0,14594.7,28.16,903.39
909,medium,13,14:46:06,14:52:04,14:54:27,COMPLETED,25941.0,2392.5,358.70,501.87
1012,medium,13,14:48:44,14:53:35,14:54:53,COMPLETED,34894.0,1296.5,291.94,369.38
952,medium,13,14:47:54,14:52:37,14:54:59,COMPLETED,31423.0,2375.4,283.57,425.77
983,medium,13,14:48:43,14:53:16,14:55:18,COMPLETED,30103.0,2047.5,273.25,395.82
962,easy,11,14:49:19,14:55:06,14:55:18,COMPLETED,26519.0,216.6,347.14,359.82
1026,easy,12,14:49:07,14:54:59,14:55:31,COMPLETED,31317.0,534.4,352.77,384.54
939,easy,12,14:49:33,14:55:25,14:55:56,COMPLETED,24766.0,532.5,352.16,383.85
1008,easy,11,14:50:35,14:56:03,14:56:09,COMPLETED,21160.0,111.8,328.18,334.57
973,easy,12,14:50:19,14:55:37,14:56:53,COMPLETED,32352.0,1272.1,318.86,394.89
1020,easy,11,14:50:41,14:56:15,14:57:00,COMPLETED,29151.0,744.1,334.91,379.22
787,medium,14,13:36:23,13:36:25,14:58:09,COMPLETED,30903.0,81743.5,2.52,4906.97
910,easy,11,14:51:12,14:58:16,14:58:48,COMPLETED,24556.0,535.3,424.35,456.10
1043,easy,12,14:51:27,14:58:54,14:59:26,COMPLETED,35970.0,534.7,447.49,479.28
1022,medium,13,14:50:48,14:57:00,14:59:51,COMPLETED,31003.0,2863.0,372.22,543.59
955,medium,13,14:51:11,14:57:06,15:00:42,COMPLETED,24644.0,3605.2,355.59,571.57
960,easy,11,14:53:12,15:00:48,15:01:07,COMPLETED,30441.0,321.8,456.94,475.94
1047,easy,11,14:53:24,15:01:14,15:01:20,COMPLETED,27438.0,112.0,470.27,476.63
976,easy,11,14:55:00,15:01:27,15:01:39,COMPLETED,24708.0,218.5,387.02,399.82
971,easy,12,14:52:43,14:59:32,15:01:52,COMPLETED,31867.0,2336.8,409.60,549.52
966,easy,12,14:55:31,15:01:58,15:02:24,COMPLETED,26385.0,429.2,387.84,413.29
904,easy,11,14:55:17,15:01:46,15:02:36,COMPLETED,32459.0,852.0,389.16,439.98
924,easy,12,14:56:00,15:02:43,15:03:40,COMPLETED,26203.0,952.6,403.31,460.16
1007,medium,13,14:53:04,14:59:58,15:04:18,COMPLETED,34288.0,4341.2,414.05,674.22
1036,easy,11,14:58:07,15:04:24,15:04:49,COMPLETED,22729.0,427.4,377.55,402.89
1033,hard,15,14:18:53,14:18:55,15:07:11,COMPLETED,35127.0,48269.0,2.44,2898.22
961,easy,11,14:58:49,15:07:17,15:07:30,COMPLETED,27586.0,226.4,508.77,521.83
608,hard,15,12:26:18,12:26:19,15:07:37,COMPLETED,36768.0,161294.0,1.91,9679.40
989,easy,11,14:59:16,15:07:43,15:08:02,COMPLETED,28199.0,323.6,507.89,527.00
918,easy,12,14:59:49,15:08:09,15:08:53,COMPLETED,29271.0,742.4,500.33,544.57
1053,easy,11,15:00:08,15:08:59,15:09:06,COMPLETED,23585.0,111.9,531.90,538.26
1067,easy,12,15:00:10,15:09:12,15:09:31,COMPLETED,27746.0,324.1,542.64,561.78
946,medium,14,14:57:35,15:03:46,15:09:38,COMPLETED,30972.0,5866.5,371.49,723.10
1173,easy,11,15:00:19,15:09:38,15:09:57,COMPLETED,23334.0,323.4,559.10,578.21
1179,easy,12,15:00:53,15:09:44,15:10:03,COMPLETED,30654.0,322.8,531.53,550.54
1124,easy,11,15:01:05,15:10:03,15:10:22,COMPLETED,24681.0,322.6,538.54,557.60
928,medium,14,14:59:01,15:07:37,15:13:39,COMPLETED,29655.0,6041.9,516.40,878.40
1187,easy,11,15:01:46,15:13:45,15:13:58,COMPLETED,25766.0,222.7,719.97,732.83
1006,hard,15,14:38:16,14:38:21,15:15:22,COMPLETED,31221.0,37025.5,5.86,2226.99
820,hard,15,13:45:15,13:45:18,15:15:29,COMPLETED,37552.0,90186.7,3.59,5414.49
1148,easy,12,15:02:46,15:15:29,15:16:28,COMPLETED,22066.0,983.5,763.49,822.20
1165,easy,12,15:02:56,15:15:36,15:16:28,COMPLETED,22711.0,872.1,760.19,812.20
958,medium,14,14:45:11,14:48:43,15:16:34,COMPLETED,32432.0,27854.9,212.86,1883.54
932,hard,15,14:47:44,14:52:24,15:16:47,COMPLETED,35251.0,24392.1,280.53,1743.64
1169,easy,11,15:06:38,15:16:54,15:17:00,COMPLETED,23999.0,114.5,616.18,622.54
707,hard,15,12:53:21,12:53:22,15:17:20,COMPLETED,28708.0,143962.8,1.82,8639.41
1084,easy,11,15:07:23,15:17:26,15:18:18,COMPLETED,31986.0,866.6,603.97,655.67
1081,hard,15,15:06:47,15:17:07,15:18:37,COMPLETED,28546.0,1523.2,620.09,710.96
1106,easy,11,15:07:25,15:18:44,15:18:51,COMPLETED,23458.0,118.9,679.53,686.16
1178,easy,12,15:03:27,15:16:34,15:19:30,COMPLETED,35197.0,2930.1,787.54,963.05
1109,easy,11,15:07:35,15:18:57,15:19:36,COMPLETED,23451.0,651.1,682.70,721.40
1156,easy,11,15:08:08,15:19:42,15:19:55,COMPLETED,28302.0,216.2,694.80,707.47
1119,medium,13,15:07:25,15:18:24,15:21:24,COMPLETED,29020.0,2991.0,659.99,839.16
1039,medium,14,14:31:04,14:31:08,15:21:30,COMPLETED,38970.0,50370.3,4.56,3026.49
1082,medium,14,15:01:26,15:10:28,15:22:02,COMPLETED,24842.0,11559.4,542.93,1236.23
1158,medium,13,15:10:37,15:22:08,15:23:18,COMPLETED,27479.0,1163.2,691.55,761.03
1113,medium,14,15:06:31,15:16:41,15:27:28,COMPLETED,32399.0,10795.1,610.27,1257.68
1062,hard,15,15:08:51,15:20:01,15:28:32,COMPLETED,29780.0,8524.5,670.80,1181.78
923,medium,14,14:12:26,14:12:26,15:28:45,COMPLETED,33423.0,76327.4,0.61,4579.94
1175,easy,11,15:11:48,15:28:39,15:28:59,COMPLETED,22188.0,338.2,1011.34,1031.08
1078,easy,11,15:12:28,15:28:52,15:29:05,COMPLETED,24257.0,230.4,984.48,997.70
1060,easy,11,15:12:40,15:29:05,15:29:18,COMPLETED,24267.0,226.4,985.70,998.99
1071,easy,11,15:13:03,15:29:25,15:29:31,COMPLETED,28870.0,110.9,982.32,988.67
1164,hard,15,15:10:20,15:21:30,15:29:37,COMPLETED,25042.0,8136.2,670.49,1158.00
1167,medium,14,15:10:29,15:21:36,15:30:04,COMPLETED,41384.0,8461.6,667.89,1175.10
941,medium,14,14:36:27,14:36:33,15:32:49,COMPLETED,37962.0,56280.1,6.25,3382.79
1002,medium,14,14:58:38,15:04:56,15:32:49,COMPLETED,29500.0,27898.2,378.22,2051.79
751,hard,15,13:59:47,13:59:50,15:32:56,COMPLETED,30219.0,93093.3,3.89,5589.19
1185,easy,12,15:14:39,15:32:56,15:33:15,COMPLETED,28134.0,324.9,1097.19,1116.39
1077,medium,14,15:14:02,15:30:10,15:33:59,COMPLETED,26281.0,3823.4,968.67,1197.78
1138,easy,12,15:16:08,15:34:06,15:35:22,COMPLETED,32597.0,1273.3,1078.12,1154.22
1076,medium,14,15:12:48,15:29:12,15:36:58,COMPLETED,35746.0,7777.3,984.36,1450.46
1107,medium,14,15:05:06,15:16:34,15:37:05,COMPLETED,34425.0,20516.5,688.54,1919.10
1189,medium,13,15:01:09,15:10:09,15:38:09,COMPLETED,42457.0,27994.9,540.93,2220.17
922,hard,15,14:32:53,14:32:57,15:40:17,COMPLETED,31699.0,67331.2,4.89,4044.43
1136,medium,14,15:17:21,15:38:15,15:40:17,COMPLETED,25620.0,2036.8,1254.77,1376.43
377,hard,15,10:13:54,10:13:58,15:40:30,COMPLETED,35694.0,326528.7,4.99,19596.68
1133,medium,13,15:16:53,15:37:05,15:42:25,COMPLETED,33218.0,5352.5,1212.10,1532.97
873,hard,15,13:42:32,13:42:32,15:42:45,COMPLETED,33564.0,120218.5,0.09,7213.06
1153,easy,12,15:18:29,15:40:24,15:42:57,COMPLETED,27717.0,2566.9,1315.01,1468.82
1089,easy,11,15:20:00,15:42:51,15:43:10,COMPLETED,26852.0,323.0,1371.45,1390.52
1177,easy,12,15:21:59,15:43:16,15:43:42,COMPLETED,21354.0,426.7,1277.86,1303.16
1085,easy,11,15:23:24,15:43:48,15:44:01,COMPLETED,18525.0,217.8,1224.49,1237.25
1134,easy,12,15:18:49,15:42:32,15:44:33,COMPLETED,30035.0,2016.9,1423.30,1544.01
1145,medium,14,15:02:45,15:14:05,15:44:52,COMPLETED,35374.0,30781.6,680.36,2527.02
1104,easy,11,15:23:54,15:44:58,15:45:11,COMPLETED,27350.0,216.5,1264.35,1277.04
1114,medium,13,15:14:18,15:32:56,15:45:36,COMPLETED,24043.0,12674.2,1118.19,1878.37
1074,medium,14,15:18:36,15:40:37,15:46:08,COMPLETED,30194.0,5523.6,1321.01,1652.11
1174,medium,13,15:15:18,15:33:02,15:46:20,COMPLETED,27941.0,13307.5,1064.68,1862.85
1180,easy,11,15:24:58,15:46:14,15:46:20,COMPLETED,31018.0,112.0,1276.48,1282.85
1063,easy,11,15:25:34,15:46:27,15:46:33,COMPLETED,24253.0,115.1,1253.23,1259.64
1099,medium,13,15:23:41,15:44:39,15:46:53,COMPLETED,31171.0,2235.7,1258.35,1392.20
1186,easy,12,15:24:45,15:45:42,15:47:57,COMPLETED,36832.0,2252.5,1257.72,1392.38
1024,hard,15,14:01:21,14:01:25,15:49:08,COMPLETED,35290.0,107715.2,4.75,6467.46
1015,hard,15,14:55:50,15:02:30,15:49:47,COMPLETED,29051.0,47287.5,400.62,3237.50
1183,medium,14,15:21:02,15:43:04,15:49:47,COMPLETED,28188.0,6730.3,1322.16,1725.50
1056,easy,11,15:27:59,15:49:54,15:50:00,COMPLETED,27263.0,118.3,1315.07,1321.75
758,medium,14,13:51:26,13:51:29,15:50:13,COMPLETED,44485.0,118730.7,3.90,7127.64
1127,easy,11,15:28:22,15:50:07,15:50:19,COMPLETED,28616.0,221.4,1305.29,1317.98
1094,easy,12,15:29:02,15:50:26,15:50:39,COMPLETED,29573.0,222.7,1284.63,1297.57
823,medium,14,13:43:29,13:43:29,15:51:18,COMPLETED,39250.0,127810.6,0.85,7669.23
1116,medium,13,15:27:24,15:49:54,15:51:18,COMPLETED,25020.0,1412.1,1350.07,1434.23
1149,medium,14,15:16:35,15:35:28,15:51:44,COMPLETED,29110.0,16271.4,1133.55,2109.43
1014,hard,15,14:25:35,14:25:37,15:51:50,COMPLETED,32624.0,86233.0,2.24,5175.97
1120,easy,12,15:32:05,15:51:24,15:52:04,COMPLETED,22994.0,659.9,1159.86,1199.04
1141,medium,13,15:25:44,15:46:27,15:52:17,COMPLETED,29926.0,5839.7,1243.23,1593.23
1130,easy,11,15:33:21,15:52:23,15:52:36,COMPLETED,28610.0,225.2,1142.78,1155.92
1198,easy,11,15:33:09,15:52:10,15:52:49,COMPLETED,25078.0,659.7,1141.61,1180.71
1126,easy,11,15:33:24,15:52:43,15:52:56,COMPLETED,31059.0,221.6,1159.33,1172.25
1152,medium,13,15:26:39,15:46:59,15:53:09,COMPLETED,26010.0,6162.7,1220.54,1590.04
1055,hard,15,15:25:54,15:46:40,15:53:28,COMPLETED,29849.0,6803.6,1246.19,1654.10
1166,easy,12,15:33:49,15:53:02,15:53:28,COMPLETED,29749.0,430.0,1153.67,1179.10
1051,easy,12,15:34:01,15:53:15,15:53:40,COMPLETED,28444.0,430.9,1154.36,1179.91
1137,easy,11,15:34:41,15:53:34,15:53:47,COMPLETED,22448.0,217.7,1133.49,1146.25
1052,easy,11,15:35:04,15:53:47,15:53:53,COMPLETED,29883.0,112.2,1123.25,1129.64
1068,easy,12,15:35:21,15:54:00,15:54:12,COMPLETED,32084.0,216.3,1119.02,1131.69
1168,easy,12,15:33:44,15:52:56,15:54:19,COMPLETED,32580.0,1385.1,1152.25,1235.02
1054,easy,12,15:35:13,15:53:53,15:54:25,COMPLETED,23642.0,534.8,1120.64,1152.39
1135,easy,12,15:36:05,15:54:19,15:54:50,COMPLETED,28491.0,533.6,1094.02,1125.73
1121,easy,12,15:36:38,15:54:31,15:55:09,COMPLETED,28741.0,639.9,1073.76,1111.81
1091,medium,13,15:27:18,15:49:15,15:56:25,COMPLETED,27430.0,7182.3,1317.01,1747.69
1100,medium,13,15:37:12,15:54:57,15:56:51,COMPLETED,25889.0,1903.9,1065.06,1179.01
1098,medium,14,15:29:09,15:50:46,15:57:03,COMPLETED,30710.0,6299.7,1297.04,1674.76
1059,easy,12,15:37:56,15:56:57,15:57:41,COMPLETED,30847.0,745.3,1141.33,1185.72
1046,hard,15,14:30:11,14:30:17,15:57:48,COMPLETED,31471.0,87520.8,6.13,5257.09
655,hard,15,12:18:58,12:19:03,15:58:46,COMPLETED,37686.0,219725.6,5.06,13188.49
1118,medium,13,15:36:09,15:54:25,15:59:38,COMPLETED,34130.0,5221.9,1096.39,1409.43
1197,medium,14,15:32:35,15:51:57,15:59:51,COMPLETED,32077.0,7903.7,1162.42,1636.22
1050,easy,11,15:40:38,15:59:44,16:00:04,COMPLETED,34012.0,332.4,1146.76,1166.42
1083,easy,11,15:41:01,16:00:10,16:00:17,COMPLETED,30208.0,118.8,1149.74,1156.38
915,hard,15,14:43:28,14:43:52,16:00:30,COMPLETED,34381.0,76636.8,24.72,4622.62
1108,easy,12,15:43:14,16:00:37,16:00:50,COMPLETED,19912.0,227.9,1043.19,1056.35
1129,medium,13,15:37:54,15:56:32,16:01:09,COMPLETED,25722.0,4637.5,1118.02,1395.79
531,hard,15,11:51:09,11:51:10,16:01:48,COMPLETED,36700.0,250637.0,1.27,15039.42
125,hard,15,08:52:50,08:52:51,16:02:01,COMPLETED,37758.0,429175.9,1.07,25751.59
1144,medium,13,15:34:31,15:53:34,16:02:21,COMPLETED,30224.0,8787.0,1143.49,1670.30
1092,easy,11,15:43:18,16:01:54,16:02:21,COMPLETED,26819.0,447.7,1116.98,1143.30
1196,medium,13,15:40:01,15:57:48,16:02:34,COMPLETED,31266.0,4779.5,1067.09,1353.60
1073,medium,14,15:41:00,15:59:57,16:02:53,COMPLETED,30294.0,2939.6,1137.75,1313.85
1155,easy,12,15:43:54,16:02:27,16:03:19,COMPLETED,32356.0,866.1,1113.88,1165.65
1160,medium,14,15:38:07,15:57:10,16:03:32,COMPLETED,29496.0,6381.9,1143.10,1525.58
979,hard,15,14:09:05,14:09:08,16:03:39,COMPLETED,35940.0,114522.1,3.16,6874.13
1170,medium,13,15:42:39,16:00:23,16:05:46,COMPLETED,36620.0,5384.6,1064.91,1387.73
1191,medium,13,15:31:31,15:51:24,16:05:59,COMPLETED,36520.0,14580.2,1193.86,2068.44
1069,medium,14,15:17:13,15:37:11,16:06:37,COMPLETED,27882.0,29432.3,1198.75,2964.48
893,hard,15,13:51:33,13:51:36,16:06:56,COMPLETED,43435.0,135337.6,3.30,8123.48
130,hard,15,08:35:39,08:35:44,16:07:28,COMPLETED,40523.0,451723.6,5.70,27109.11
995,hard,15,14:49:32,14:55:25,16:07:28,COMPLETED,32580.0,72052.7,353.16,4676.11
1125,easy,12,15:47:23,16:07:02,16:07:28,COMPLETED,28136.0,428.2,1179.81,1205.11
1097,hard,15,15:11:35,15:27:35,16:07:53,COMPLETED,25827.0,40312.2,960.03,3378.57
1171,easy,11,15:48:08,16:07:34,16:07:59,COMPLETED,26970.0,428.8,1166.53,1191.91
1057,easy,11,15:48:45,16:07:59,16:08:19,COMPLETED,25328.0,323.9,1154.91,1174.04
1172,easy,11,15:48:55,16:08:06,16:08:31,COMPLETED,29132.0,428.8,1151.29,1176.72
1199,medium,14,15:28:45,15:50:19,16:08:44,COMPLETED,26297.0,18410.7,1294.98,2399.41
1058,easy,11,15:49:38,16:08:38,16:08:50,COMPLETED,23853.0,221.9,1140.06,1152.76
1151,easy,12,15:51:08,16:08:57,16:09:42,COMPLETED,31157.0,750.0,1069.41,1114.11
1157,easy,11,15:51:09,16:09:48,16:09:54,COMPLETED,22364.0,111.0,1119.44,1125.79
1117,medium,13,15:44:58,16:03:00,16:10:26,COMPLETED,30921.0,7441.4,1082.19,1528.42
1176,medium,13,15:45:26,16:03:25,16:10:26,COMPLETED,27340.0,7011.9,1079.98,1500.42
1072,easy,11,15:51:34,16:10:32,16:10:45,COMPLETED,27719.0,216.9,1138.76,1151.47
1093,easy,11,15:51:52,16:10:32,16:10:45,COMPLETED,28665.0,216.5,1120.76,1133.47
1101,easy,11,15:53:14,16:10:51,16:10:58,COMPLETED,22887.0,112.3,1057.81,1064.21
1147,medium,14,15:49:19,16:08:25,16:11:04,COMPLETED,27368.0,2660.7,1146.37,1305.62
1065,easy,12,15:52:41,16:10:51,16:11:23,COMPLETED,20440.0,539.2,1090.81,1122.82
1088,easy,12,15:53:18,16:11:04,16:11:23,COMPLETED,27612.0,326.2,1066.62,1085.82
1090,easy,11,15:53:46,16:11:30,16:11:43,COMPLETED,26973.0,219.2,1064.22,1077.04
1154,medium,14,15:11:17,15:23:24,16:12:40,COMPLETED,29588.0,49263.9,727.37,3683.01
1131,easy,12,15:53:40,16:11:11,16:12:52,COMPLETED,22265.0,1699.4,1051.06,1152.73
1103,medium,13,15:46:46,16:06:05,16:13:05,COMPLETED,30864.0,6998.9,1159.76,1579.44
1146,easy,12,15:55:21,16:12:59,16:13:30,COMPLETED,30110.0,533.0,1058.07,1089.75
1064,easy,11,15:55:43,16:13:37,16:13:49,COMPLETED,26632.0,216.5,1074.08,1086.75
1195,medium,13,15:50:31,16:08:50,16:14:08,COMPLETED,22966.0,5304.6,1099.76,1417.76
1192,easy,12,15:56:06,16:14:15,16:15:12,COMPLETED,27348.0,972.7,1089.09,1146.94
1161,medium,14,15:43:16,16:00:56,16:15:26,COMPLETED,29873.0,14492.6,1060.91,1930.13
1194,medium,13,15:55:10,16:12:46,16:16:11,COMPLETED,24971.0,3422.3,1056.37,1261.20
521,hard,15,11:37:21,11:37:26,16:16:24,COMPLETED,23164.0,278958.5,5.93,16743.40
484,medium,14,11:24:28,11:24:33,16:16:50,COMPLETED,29888.0,292283.9,5.51,17542.52
1102,easy,12,15:57:31,16:16:30,16:16:56,COMPLETED,21971.0,438.8,1139.94,1165.91
1105,medium,14,15:13:45,15:29:44,16:17:47,COMPLETED,33459.0,48055.6,959.73,3842.91
1162,medium,14,15:46:50,16:06:43,16:19:29,COMPLETED,30184.0,12757.7,1193.81,1959.03
798,hard,15,13:38:36,13:38:37,16:20:57,COMPLETED,40298.0,162336.0,1.54,9741.61
1079,medium,14,15:48:31,16:07:34,16:21:03,COMPLETED,34783.0,13494.0,1143.53,1952.94
1269,easy,12,16:01:13,16:21:10,16:21:35,COMPLETED,20524.0,428.8,1197.31,1222.74
1122,medium,14,15:56:59,16:16:17,16:22:01,COMPLETED,33148.0,5727.3,1158.77,1502.14
1271,easy,12,16:01:13,16:21:42,16:22:20,COMPLETED,35989.0,647.5,1229.07,1267.36
1264,easy,11,16:03:04,16:22:26,16:22:33,COMPLETED,27044.0,111.1,1162.97,1169.33
1347,easy,11,16:03:28,16:22:39,16:23:12,COMPLETED,27537.0,552.4,1151.66,1184.29
1298,easy,11,16:03:34,16:23:18,16:23:32,COMPLETED,28286.0,229.0,1184.86,1198.01
1190,medium,13,15:44:36,16:02:40,16:23:45,COMPLETED,38012.0,21076.4,1084.93,2349.29
1143,medium,14,15:45:32,16:03:39,16:23:45,COMPLETED,28745.0,20106.5,1087.13,2293.29
1299,easy,11,16:03:55,16:23:38,16:23:45,COMPLETED,27495.0,116.0,1183.65,1190.29
1214,easy,11,16:04:47,16:23:51,16:24:04,COMPLETED,21813.0,227.5,1144.63,1157.98
1340,easy,11,16:06:04,16:23:51,16:24:04,COMPLETED,29873.0,225.0,1067.63,1080.98
1181,hard,15,15:07:49,15:19:36,16:24:24,COMPLETED,34752.0,64803.3,707.40,4595.33
1242,easy,11,16:06:48,16:24:11,16:24:24,COMPLETED,33125.0,225.0,1043.33,1056.33
1193,medium,14,15:43:47,16:02:27,16:24:30,COMPLETED,29505.0,22060.0,1120.88,2443.90
1245,easy,11,16:06:34,16:24:11,16:24:37,COMPLETED,33164.0,449.4,1057.33,1083.68
1066,medium,14,15:32:22,15:51:50,16:24:44,COMPLETED,29062.0,32897.8,1168.97,3142.36
1304,easy,11,16:07:15,16:24:44,16:24:57,COMPLETED,34681.0,231.2,1049.36,1062.76
1096,medium,14,15:54:46,16:11:30,16:25:04,COMPLETED,34352.0,13575.3,1004.22,1818.30
1217,easy,12,16:06:51,16:24:30,16:25:10,COMPLETED,28455.0,677.1,1059.90,1099.97
1258,easy,12,16:07:30,16:25:04,16:25:30,COMPLETED,25614.0,440.8,1054.30,1080.29
980,medium,14,14:48:56,14:54:34,16:25:36,COMPLETED,34223.0,91045.6,338.41,5800.79
1254,easy,11,16:07:13,16:24:37,16:25:36,COMPLETED,34518.0,995.3,1044.68,1103.79
1290,easy,12,16:08:29,16:25:10,16:25:36,COMPLETED,27815.0,441.2,1001.97,1027.79
1282,easy,11,16:09:54,16:25:43,16:26:09,COMPLETED,27265.0,442.1,949.49,975.54
1276,medium,13,16:06:53,16:24:30,16:26:29,COMPLETED,30855.0,1980.6,1057.90,1176.21
1163,medium,14,15:58:42,16:17:03,16:26:42,COMPLETED,32866.0,9660.8,1101.31,1680.55
1070,medium,13,15:59:30,16:17:54,16:26:49,COMPLETED,31352.0,8922.8,1104.24,1639.08
1345,easy,12,16:07:29,16:24:51,16:27:08,COMPLETED,27788.0,2298.5,1042.11,1179.59
1293,easy,11,16:12:21,16:26:49,16:27:08,COMPLETED,26336.0,333.9,868.08,887.59
1263,easy,11,16:14:39,16:27:15,16:27:28,COMPLETED,22841.0,220.2,756.16,769.07
1247,medium,14,16:00:10,16:19:35,16:28:07,COMPLETED,33305.0,8534.3,1165.36,1677.00
1291,easy,11,16:15:05,16:27:34,16:28:13,COMPLETED,29689.0,662.8,749.40,788.55
1308,hard,15,16:02:51,16:22:07,16:28:26,COMPLETED,28474.0,6324.4,1156.47,1535.64
1300,easy,12,16:16:10,16:28:20,16:28:45,COMPLETED,25566.0,429.8,730.22,755.70
1202,easy,11,16:15:20,16:28:13,16:29:04,COMPLETED,25985.0,859.3,773.55,824.75
1335,easy,11,16:17:09,16:28:52,16:29:23,COMPLETED,31275.0,534.7,703.04,734.82
1305,easy,11,16:17:52,16:29:30,16:29:36,COMPLETED,25423.0,112.6,698.15,704.55
1238,medium,13,16:17:49,16:29:11,16:32:01,COMPLETED,31464.0,2853.5,682.15,852.98
1256,medium,13,16:09:14,16:25:36,16:32:33,COMPLETED,33118.0,6952.6,982.79,1399.69
1208,easy,11,16:19:02,16:32:08,16:32:59,COMPLETED,24129.0,849.7,786.39,837.07
1329,easy,11,16:19:07,16:33:05,16:33:18,COMPLETED,27785.0,217.2,838.40,851.08
999,hard,15,14:33:58,14:34:01,16:35:08,COMPLETED,37061.0,121119.1,3.34,7270.26
1316,medium,14,16:12:59,16:26:55,16:35:14,COMPLETED,34295.0,8323.2,836.73,1335.81
1095,medium,14,15:58:17,16:16:56,16:36:06,COMPLETED,28701.0,19167.5,1119.91,2269.56
1328,easy,12,16:19:12,16:35:14,16:36:06,COMPLETED,32378.0,871.4,962.81,1014.56
1222,easy,12,16:19:47,16:35:21,16:36:45,COMPLETED,31370.0,1420.2,934.18,1018.86
641,hard,15,12:34:11,12:34:14,16:37:24,COMPLETED,31882.0,243171.1,3.57,14593.80
1265,medium,13,16:14:58,16:27:15,16:37:37,COMPLETED,29278.0,10383.1,737.16,1359.72
1319,easy,11,16:20:38,16:37:31,16:37:37,COMPLETED,29036.0,119.8,1013.12,1019.72
1325,easy,11,16:20:49,16:37:44,16:37:50,COMPLETED,25612.0,116.7,1015.37,1021.88
1115,hard,15,15:55:33,16:13:11,16:38:48,COMPLETED,33573.0,25616.0,1058.76,2595.51
1086,medium,14,15:56:00,16:13:56,16:39:20,COMPLETED,34717.0,25405.2,1076.09,2600.19
1295,easy,11,16:21:21,16:39:26,16:39:32,COMPLETED,22581.0,111.2,1085.53,1091.88
1250,easy,11,16:21:27,16:39:39,16:39:51,COMPLETED,25879.0,216.5,1092.22,1104.90
1132,medium,14,15:26:54,15:48:03,16:40:04,COMPLETED,27455.0,52014.5,1269.94,4390.62
1216,easy,11,16:24:02,16:39:58,16:40:04,COMPLETED,30960.0,112.2,956.24,962.62
1296,easy,11,16:25:58,16:40:10,16:40:23,COMPLETED,23144.0,216.2,852.99,865.69
1286,easy,11,16:26:14,16:40:30,16:41:33,COMPLETED,27011.0,1059.8,856.03,919.31
1280,medium,14,16:10:06,16:25:43,16:41:46,COMPLETED,27819.0,16045.5,937.49,1900.00
1306,easy,12,16:26:46,16:41:39,16:41:46,COMPLETED,25492.0,112.1,893.64,900.00
1112,medium,14,15:54:49,16:11:49,16:42:05,COMPLETED,38570.0,30264.5,1020.40,2836.07
1211,easy,11,16:27:29,16:42:11,16:42:24,COMPLETED,26269.0,216.2,882.40,895.06
1233,medium,13,16:28:20,16:42:30,16:43:14,COMPLETED,24470.0,747.0,850.40,894.86
1281,medium,14,16:00:50,16:21:03,16:43:21,COMPLETED,34990.0,22293.2,1213.94,2551.24
1284,easy,11,16:28:34,16:43:21,16:43:34,COMPLETED,30732.0,219.1,887.24,900.07
1205,easy,12,16:28:58,16:43:40,16:43:59,COMPLETED,26682.0,321.9,882.41,901.41
1322,medium,13,16:25:25,16:40:10,16:44:12,COMPLETED,36174.0,4024.8,885.99,1127.15
1188,medium,14,15:40:22,15:58:53,16:44:50,COMPLETED,34121.0,45961.4,1111.04,3868.56
1237,hard,15,16:08:43,16:25:17,16:46:14,COMPLETED,30978.0,20957.8,994.62,2251.73
1272,medium,14,16:29:24,16:44:05,16:46:40,COMPLETED,26357.0,2590.2,881.75,1036.69
1341,medium,13,16:19:10,16:33:24,16:46:47,COMPLETED,36617.0,13388.3,854.46,1657.23
1338,easy,11,16:30:03,16:46:47,16:46:53,COMPLETED,27780.0,121.1,1004.23,1010.91
1332,easy,11,16:31:30,16:47:00,16:47:20,COMPLETED,27620.0,331.9,930.55,950.13
1344,medium,13,16:32:24,16:47:26,16:49:09,COMPLETED,26792.0,1732.8,902.49,1005.95
1323,medium,14,16:18:56,16:29:42,16:49:23,COMPLETED,25663.0,19673.9,646.94,1827.09
1283,medium,13,16:27:15,16:41:52,16:49:23,COMPLETED,28831.0,7516.7,877.38,1328.09
1310,easy,11,16:32:57,16:49:29,16:49:55,COMPLETED,23588.0,439.8,992.47,1018.45
1249,easy,12,16:32:25,16:49:16,16:50:21,COMPLETED,23684.0,1093.2,1011.50,1076.59
1075,medium,14,15:48:20,16:07:34,16:51:25,COMPLETED,22601.0,43856.0,1154.53,3785.73
1292,medium,13,16:33:07,16:50:28,16:53:00,COMPLETED,23005.0,2545.9,1041.16,1193.61
1330,medium,13,16:16:30,16:28:33,16:53:57,COMPLETED,32095.0,25411.7,723.03,2247.49
1080,hard,15,15:15:46,15:33:21,16:54:03,COMPLETED,34728.0,80705.0,1055.78,5897.85
1320,easy,11,16:34:04,16:54:10,16:54:23,COMPLETED,24400.0,219.2,1206.30,1219.10
1326,medium,14,16:28:43,16:43:27,16:54:29,COMPLETED,28927.0,11035.8,884.66,1546.48
689,hard,15,12:46:49,12:46:51,16:54:42,COMPLETED,36510.0,247854.4,2.11,14873.31
1327,easy,12,16:35:26,16:54:35,16:55:33,COMPLETED,29076.0,961.5,1149.88,1207.08
1277,easy,12,16:35:35,16:54:48,16:55:52,COMPLETED,28388.0,1068.2,1153.70,1217.30
1346,medium,14,16:19:03,16:32:40,16:55:58,COMPLETED,37403.0,23318.1,817.02,2215.84
1227,easy,11,16:36:01,16:55:39,16:56:11,COMPLETED,28136.0,544.9,1178.63,1210.84
1274,medium,13,16:33:02,16:50:01,16:56:38,COMPLETED,34379.0,6609.8,1019.99,1416.14
1200,easy,11,16:37:29,16:56:18,16:56:44,COMPLETED,27052.0,448.1,1129.38,1155.68
1315,easy,11,16:37:51,16:56:44,16:57:04,COMPLETED,29799.0,338.5,1133.68,1153.46
1331,easy,11,16:39:46,16:56:51,16:57:04,COMPLETED,31517.0,228.6,1025.32,1038.46
1235,medium,14,16:21:11,16:37:57,16:57:36,COMPLETED,28710.0,19663.4,1006.43,2185.93
1294,hard,15,16:30:16,16:46:53,16:57:36,COMPLETED,31285.0,10722.8,997.91,1640.93
1221,medium,13,16:36:44,16:56:05,16:57:36,COMPLETED,25555.0,1535.2,1161.22,1252.93
866,medium,14,13:41:28,13:41:28,16:57:43,COMPLETED,43744.0,196256.7,0.41,11775.37
1259,easy,11,16:40:52,16:57:43,16:57:56,COMPLETED,27933.0,230.8,1011.37,1024.86
1236,medium,13,16:33:37,16:53:06,16:58:16,COMPLETED,34789.0,5168.8,1169.94,1479.59
1313,easy,12,16:42:23,16:58:03,16:58:16,COMPLETED,20386.0,228.7,940.45,953.59
1231,medium,14,16:19:50,16:36:13,16:58:42,COMPLETED,28125.0,22498.3,983.13,2332.69
1223,medium,13,16:36:18,16:55:58,16:58:49,COMPLETED,21029.0,2848.7,1180.84,1351.22
1273,easy,11,16:43:04,16:58:23,16:58:49,COMPLETED,31728.0,443.0,919.22,945.22
1270,easy,11,16:43:21,16:58:55,16:59:08,COMPLETED,29064.0,223.6,934.90,947.81
1285,easy,11,16:43:40,16:58:55,16:59:28,COMPLETED,31215.0,547.8,915.90,948.33
1203,medium,13,16:43:12,16:58:49,16:59:47,COMPLETED,19808.0,987.6,937.22,995.99
1349,easy,11,16:43:59,16:59:34,16:59:47,COMPLETED,26489.0,227.6,935.87,948.99
1339,easy,11,16:44:50,16:59:54,17:00:01,COMPLETED,23054.0,119.9,904.57,911.25
1260,easy,11,16:43:50,16:59:15,17:00:07,COMPLETED,35524.0,884.5,925.36,977.81
1253,easy,11,16:45:40,17:00:14,17:00:40,COMPLETED,29223.0,439.8,874.49,900.38
799,hard,15,13:07:51,13:07:51,17:01:32,COMPLETED,34762.0,233684.0,0.27,14021.43
1215,easy,11,16:45:47,17:01:38,17:02:10,COMPLETED,30515.0,536.8,951.98,983.81
1003,hard,15,14:33:42,14:33:42,17:02:42,COMPLETED,35936.0,149007.0,0.33,8940.64
1244,easy,12,16:45:23,16:59:54,17:03:01,COMPLETED,27207.0,3121.1,871.57,1058.64
1204,easy,11,16:46:03,17:02:48,17:03:20,COMPLETED,27960.0,534.9,1005.97,1037.70
1226,medium,14,16:45:29,17:00:07,17:03:27,COMPLETED,32174.0,3327.1,878.81,1078.09
1289,easy,11,16:47:02,17:03:27,17:03:39,COMPLETED,22986.0,219.2,985.09,997.90
1210,medium,14,16:40:00,16:57:11,17:04:05,COMPLETED,34487.0,6909.4,1031.07,1445.36
1209,medium,13,16:45:53,17:02:17,17:04:18,COMPLETED,27045.0,2020.6,984.22,1105.16
1255,medium,13,16:47:23,17:03:46,17:04:18,COMPLETED,32346.0,536.8,983.28,1015.16
1337,easy,11,16:47:50,17:04:24,17:04:56,COMPLETED,30437.0,532.0,994.51,1026.14
1061,hard,15,15:46:18,16:05:53,17:05:08,COMPLETED,23993.0,59265.8,1175.07,4730.84
1309,easy,11,16:48:09,17:05:02,17:05:08,COMPLETED,21777.0,111.8,1013.47,1019.84
1213,easy,11,16:49:09,17:05:15,17:05:34,COMPLETED,26113.0,323.6,966.20,985.28
1239,medium,13,16:48:38,17:05:15,17:06:18,COMPLETED,29547.0,1061.9,997.20,1060.61
1279,easy,11,16:50:20,17:06:24,17:06:37,COMPLETED,22612.0,220.4,964.95,977.63
1348,medium,14,16:29:39,16:44:56,17:07:29,COMPLETED,38415.0,22547.7,917.89,2270.38
1275,hard,15,16:42:57,16:58:23,17:07:35,COMPLETED,30658.0,9224.2,926.22,1478.93
1218,medium,13,16:45:41,17:00:46,17:08:02,COMPLETED,29043.0,7264.2,905.92,1341.28
1278,easy,11,16:50:32,17:07:35,17:08:02,COMPLETED,33866.0,449.5,1023.93,1050.28
1287,easy,12,16:50:45,17:07:42,17:08:02,COMPLETED,23149.0,336.0,1017.80,1037.28
1257,medium,13,16:34:49,16:54:29,17:08:35,COMPLETED,38906.0,14101.0,1180.48,2026.17
1206,easy,12,16:50:54,17:08:09,17:09:33,COMPLETED,29050.0,1417.2,1035.01,1119.53
1045,hard,15,14:17:39,14:17:44,17:09:59,COMPLETED,34138.0,172261.2,5.27,10340.78
1225,hard,15,16:33:31,16:51:32,17:09:59,COMPLETED,29054.0,18469.1,1081.06,2188.78
1267,medium,13,16:50:30,17:06:44,17:10:32,COMPLETED,30796.0,3804.4,974.21,1202.16
1234,easy,11,16:52:31,17:10:06,17:10:38,COMPLETED,18893.0,547.9,1055.37,1087.54
1318,easy,11,16:53:02,17:10:06,17:10:58,COMPLETED,35510.0,876.9,1024.37,1076.51
1266,easy,12,16:54:48,17:10:45,17:11:18,COMPLETED,30617.0,557.5,957.30,990.17
1262,medium,14,16:51:14,17:08:09,17:11:44,COMPLETED,28807.0,3591.4,1015.01,1230.29
1317,easy,12,16:54:34,17:10:38,17:11:57,COMPLETED,31559.0,1319.3,964.54,1043.23
1243,easy,12,16:55:34,17:11:24,17:11:57,COMPLETED,23268.0,549.0,950.81,983.23
1324,easy,11,16:56:06,17:11:50,17:11:57,COMPLETED,29713.0,119.5,944.62,951.23
888,hard,15,13:19:41,13:19:41,17:12:36,COMPLETED,25719.0,232902.8,0.98,13975.04
1207,medium,14,16:46:41,17:03:07,17:12:36,COMPLETED,31960.0,9475.6,986.97,1555.04
1314,easy,12,16:56:41,17:12:03,17:12:36,COMPLETED,26585.0,546.4,922.83,955.04
1150,hard,15,15:45:35,16:03:45,17:12:55,COMPLETED,34543.0,69166.6,1090.80,5240.64
1334,easy,12,16:59:14,17:12:42,17:13:08,COMPLETED,32537.0,432.2,808.70,834.35
1307,medium,13,16:40:40,16:57:43,17:13:20,COMPLETED,25890.0,15629.5,1023.37,1960.98
1342,medium,14,16:52:31,17:09:40,17:13:20,COMPLETED,30131.0,3685.7,1029.15,1249.98
1139,hard,15,15:43:17,16:01:16,17:15:46,COMPLETED,27253.0,74498.3,1079.36,5549.13
1110,medium,14,15:56:27,16:15:19,17:15:52,COMPLETED,34593.0,60551.4,1132.49,4765.44
1321,medium,13,16:57:35,17:12:03,17:16:11,COMPLETED,28344.0,4128.3,868.83,1116.33
1159,hard,15,15:23:58,15:45:17,17:16:55,COMPLETED,34278.0,91637.4,1279.37,6777.46
1268,medium,14,16:48:04,17:04:24,17:17:33,COMPLETED,30998.0,13153.3,980.51,1769.36
1252,medium,14,16:29:35,16:44:18,17:18:05,COMPLETED,23150.0,33780.0,883.53,2910.08
605,hard,15,12:53:45,12:53:47,17:20:54,COMPLETED,36206.0,267118.1,2.89,16029.91
824,hard,15,13:07:48,13:07:51,17:22:28,COMPLETED,32852.0,254625.6,3.27,15280.92
967,hard,15,14:20:44,14:20:45,17:24:55,COMPLETED,27483.0,184168.7,1.06,11051.04
1228,hard,15,16:12:14,16:26:35,17:25:01,COMPLETED,33502.0,58430.3,861.93,4367.49
1111,hard,15,15:43:21,16:02:08,17:28:16,COMPLETED,34682.0,86141.6,1127.21,6295.58
1240,hard,15,16:11:26,16:25:43,17:29:37,COMPLETED,32371.0,63906.5,857.49,4691.87
1248,medium,13,16:59:47,17:13:01,17:31:43,COMPLETED,40276.0,18699.7,794.98,1916.58
1251,hard,15,16:19:58,16:36:13,17:33:44,COMPLETED,35174.0,57516.0,975.13,4426.03
1241,medium,14,16:05:37,16:23:51,17:35:31,COMPLETED,30608.0,71667.6,1094.63,5394.58
1288,medium,14,16:32:48,16:49:29,17:36:28,COMPLETED,28929.0,46991.2,1001.47,3820.68
1232,hard,15,16:11:39,16:26:16,17:38:21,COMPLETED,34008.0,72096.9,877.08,5202.75
1301,medium,14,16:54:54,17:11:05,17:39:05,COMPLETED,38735.0,28009.6,971.07,2651.46
1261,hard,15,16:30:02,16:46:21,17:42:24,COMPLETED,30027.0,56063.0,979.27,4342.90
514,hard,15,11:55:55,11:55:56,17:47:07,COMPLETED,34508.0,351172.0,1.95,21072.24
1336,medium,14,16:51:33,17:08:09,17:47:25,COMPLETED,40284.0,39282.7,996.01,3352.93
1230,medium,14,16:40:32,16:57:43,17:47:32,COMPLETED,30224.0,49815.6,1031.37,4020.16
277,hard,15,09:31:44,09:31:44,17:49:30,COMPLETED,27262.0,497770.5,0.01,29866.23
839,hard,15,13:55:56,13:56:01,17:56:21,COMPLETED,34743.0,240346.8,5.31,14426.00
1128,hard,15,15:56:29,16:15:32,17:57:43,COMPLETED,31867.0,102184.9,1143.59,7274.49
22,hard,15,08:45:10,08:45:15,18:00:00,UNFINISHED,-1,-1,-1
164,hard,15,09:54:14,09:54:20,18:00:00,UNFINISHED,-1,-1,-1
712,hard,15,12:19:25,12:19:28,18:00:00,UNFINISHED,-1,-1,-1
612,hard,15,12:21:31,12:21:33,18:00:00,UNFINISHED,-1,-1,-1
724,hard,15,12:28:49,12:28:51,18:00:00,UNFINISHED,-1,-1,-1
603,hard,15,12:33:13,12:33:17,18:00:00,UNFINISHED,-1,-1,-1
673,hard,15,12:34:28,12:34:33,18:00:00,UNFINISHED,-1,-1,-1
695,hard,15,12:37:33,12:37:33,18:00:00,UNFINISHED,-1,-1,-1
843,hard,15,13:25:23,13:25:26,18:00:00,UNFINISHED,-1,-1,-1
771,hard,15,13:47:51,13:47:56,18:00:00,UNFINISHED,-1,-1,-1
863,hard,15,13:55:09,13:55:10,18:00:00,UNFINISHED,-1,-1,-1
914,hard,15,14:02:36,14:02:41,18:00:00,UNFINISHED,-1,-1,-1
907,hard,15,14:04:18,14:04:23,18:00:00,UNFINISHED,-1,-1,-1
901,hard,15,14:24:22,14:24:27,18:00:00,UNFINISHED,-1,-1,-1
981,hard,15,14:40:08,14:40:37,18:00:00,UNFINISHED,-1,-1,-1
965,hard,15,14:43:37,14:45:02,18:00:00,UNFINISHED,-1,-1,-1
1184,hard,15,15:13:11,15:29:37,18:00:00,UNFINISHED,-1,-1,-1
1182,hard,15,15:17:39,15:40:24,18:00:00,UNFINISHED,-1,-1,-1
1087,hard,15,15:23:39,15:44:07,18:00:00,UNFINISHED,-1,-1,-1
1140,hard,15,15:37:40,15:55:16,18:00:00,UNFINISHED,-1,-1,-1
1123,hard,15,15:40:17,15:57:54,18:00:00,UNFINISHED,-1,-1,-1
1142,hard,15,15:51:19,16:10:01,18:00:00,UNFINISHED,-1,-1,-1
1302,hard,15,16:20:05,16:36:52,18:00:00,UNFINISHED,-1,-1,-1
1229,hard,15,16:20:58,16:37:44,18:00:00,UNFINISHED,-1,-1,-1
1312,hard,15,16:21:14,16:38:54,18:00:00,UNFINISHED,-1,-1,-1
1212,hard,15,16:26:57,16:41:52,18:00:00,UNFINISHED,-1,-1,-1
1220,hard,15,16:34:02,16:54:03,18:00:00,UNFINISHED,-1,-1,-1
1311,hard,15,16:40:27,16:57:11,18:00:00,UNFINISHED,-1,-1,-1
1246,hard,15,16:41:17,16:57:50,18:00:00,UNFINISHED,-1,-1,-1
1343,hard,15,16:47:07,17:03:33,18:00:00,UNFINISHED,-1,-1,-1
1224,hard,15,16:47:40,17:04:11,18:00:00,UNFINISHED,-1,-1,-1
1219,hard,15,16:50:16,17:05:40,18:00:00,UNFINISHED,-1,-1,-1
1297,hard,15,16:52:22,17:08:41,18:00:00,UNFINISHED,-1,-1,-1
1333,hard,15,16:56:09,17:12:03,18:00:00,UNFINISHED,-1,-1,-1
1303,medium,14,16:59:27,17:12:42,18:00:00,UNFINISHED,-1,-1,-1
1201,hard,15,16:59:42,17:12:42,18:00:00,UNFINISHED,-1,-1,-1
