task_id,difficulty,n,arrival_sim,start_sim,end_sim,status,cost,real_duration_sec,waiting_time_mili_sec,time_in_system_mili_sec
154,easy,11,08:01:46,08:01:49,08:02:13,COMPLETED,23404.0,408.1,3.20,27.64
113,easy,11,08:01:53,08:01:55,08:02:31,COMPLETED,28195.0,609.8,2.29,38.84
69,easy,12,08:00:03,08:00:06,08:03:08,COMPLETED,36900.0,3035.3,3.08,185.15
58,medium,14,08:01:57,08:02:01,08:03:26,COMPLETED,30644.0,1417.1,4.45,89.44
169,easy,12,08:03:13,08:03:14,08:03:56,COMPLETED,25873.0,712.6,1.26,43.87
103,easy,12,08:03:58,08:04:03,08:04:15,COMPLETED,26838.0,207.4,5.09,17.44
136,easy,11,08:04:21,08:04:21,08:04:52,COMPLETED,24205.0,511.3,0.59,31.20
92,easy,12,08:05:07,08:05:10,08:05:22,COMPLETED,24537.0,206.8,3.50,15.82
142,easy,12,08:05:22,08:05:22,08:06:11,COMPLETED,29399.0,816.2,0.82,49.72
168,medium,13,08:03:03,08:03:08,08:06:36,COMPLETED,34796.0,3471.0,5.15,213.33
46,easy,12,08:06:17,08:06:17,08:06:42,COMPLETED,25423.0,415.2,0.83,25.51
111,easy,12,08:03:52,08:03:56,08:06:48,COMPLETED,28040.0,2868.7,4.87,176.81
131,easy,12,08:07:19,08:07:19,08:08:27,COMPLETED,23534.0,1129.7,0.55,68.10
37,easy,11,08:08:22,08:08:27,08:08:39,COMPLETED,19567.0,210.7,5.10,17.49
89,easy,12,08:07:59,08:08:02,08:08:45,COMPLETED,25648.0,724.0,3.45,46.77
134,easy,11,08:08:36,08:08:39,08:08:51,COMPLETED,22942.0,209.5,3.49,15.94
141,medium,13,08:01:54,08:01:55,08:09:10,COMPLETED,35060.0,7250.4,1.29,436.30
30,medium,13,08:06:47,08:06:48,08:09:10,COMPLETED,19715.0,2360.7,1.81,143.30
85,easy,11,08:09:34,08:09:34,08:09:47,COMPLETED,25353.0,208.5,0.94,13.41
28,medium,13,08:09:18,08:09:22,08:09:59,COMPLETED,30219.0,621.6,4.57,41.71
91,easy,11,08:10:17,08:10:18,08:10:30,COMPLETED,32548.0,205.3,1.14,13.38
146,medium,14,08:01:26,08:01:30,08:11:49,COMPLETED,31525.0,10313.0,4.96,623.72
149,easy,12,08:11:13,08:11:19,08:12:14,COMPLETED,27988.0,918.4,6.08,61.11
59,easy,12,08:11:25,08:11:25,08:12:26,COMPLETED,29997.0,1018.6,0.27,61.30
156,easy,12,08:12:45,08:12:50,08:13:02,COMPLETED,29782.0,205.2,5.73,17.96
1,medium,14,08:09:22,08:09:22,08:13:33,COMPLETED,27522.0,4181.3,0.57,251.44
117,easy,12,08:12:28,08:12:32,08:13:39,COMPLETED,25957.0,1121.0,4.41,71.59
152,easy,11,08:14:07,08:14:10,08:14:16,COMPLETED,21411.0,103.5,3.07,9.24
107,medium,13,08:13:32,08:13:33,08:14:34,COMPLETED,31002.0,1019.3,1.44,62.52
82,easy,11,08:15:52,08:15:54,08:16:06,COMPLETED,19823.0,209.3,2.33,14.73
95,easy,12,08:16:16,08:16:19,08:16:37,COMPLETED,27358.0,312.8,3.09,21.71
84,easy,12,08:15:00,08:15:05,08:16:43,COMPLETED,30432.0,1649.1,5.01,103.91
100,easy,11,08:17:17,08:17:20,08:17:33,COMPLETED,28295.0,207.0,3.90,16.15
120,hard,15,08:11:18,08:11:19,08:18:04,COMPLETED,33012.0,6751.1,1.08,406.09
78,hard,15,08:07:47,08:07:50,08:18:47,COMPLETED,34833.0,10951.1,3.17,660.14
135,medium,14,08:05:38,08:05:41,08:18:53,COMPLETED,36464.0,13203.5,3.16,795.33
108,easy,11,08:19:16,08:19:17,08:19:24,COMPLETED,27898.0,106.5,1.97,8.27
29,easy,12,08:17:55,08:17:57,08:19:36,COMPLETED,27196.0,1645.7,2.82,101.49
129,medium,13,08:18:57,08:18:59,08:20:07,COMPLETED,30499.0,1127.5,2.44,70.00
77,easy,12,08:20:33,08:20:37,08:21:14,COMPLETED,25857.0,612.0,4.48,41.12
50,medium,13,08:15:00,08:15:05,08:23:40,COMPLETED,34130.0,8594.5,5.01,520.60
24,easy,11,08:23:46,08:23:46,08:23:52,COMPLETED,27202.0,104.2,0.75,6.90
61,easy,12,08:23:28,08:23:28,08:24:05,COMPLETED,27261.0,615.1,0.34,37.14
20,medium,14,08:14:06,08:14:10,08:24:41,COMPLETED,33243.0,10532.9,4.07,635.95
16,easy,11,08:24:30,08:24:35,08:24:41,COMPLETED,26899.0,105.5,5.76,11.95
106,easy,11,08:24:22,08:24:23,08:24:48,COMPLETED,26757.0,412.4,1.52,26.12
121,easy,11,08:24:47,08:24:48,08:25:00,COMPLETED,30849.0,206.9,1.12,13.40
40,easy,11,08:25:16,08:25:18,08:25:31,COMPLETED,32738.0,207.0,2.78,15.10
68,easy,11,08:26:32,08:26:32,08:27:15,COMPLETED,36896.0,724.2,0.49,43.85
60,medium,13,08:26:36,08:26:38,08:28:42,COMPLETED,30595.0,2067.5,2.76,126.70
164,easy,11,08:28:10,08:28:11,08:28:42,COMPLETED,19471.0,520.4,1.62,32.70
98,medium,14,08:03:35,08:03:38,08:28:55,COMPLETED,34424.0,25273.9,3.61,1520.00
130,easy,12,08:28:19,08:28:24,08:28:55,COMPLETED,29130.0,517.0,5.15,36.00
115,medium,13,08:27:57,08:27:58,08:29:07,COMPLETED,32176.0,1142.8,1.99,70.39
143,easy,11,08:28:59,08:29:01,08:29:13,COMPLETED,28092.0,209.8,2.21,14.62
62,easy,11,08:29:20,08:29:25,08:29:38,COMPLETED,27965.0,206.9,5.95,18.25
88,medium,13,08:29:08,08:29:13,08:30:02,COMPLETED,31234.0,820.9,5.62,54.75
126,hard,15,08:16:16,08:16:19,08:30:08,COMPLETED,33858.0,13829.5,3.09,832.90
67,medium,13,08:28:02,08:28:05,08:30:39,COMPLETED,31733.0,2573.4,3.30,157.57
101,hard,15,08:06:18,08:06:23,08:30:51,COMPLETED,26300.0,24465.9,5.95,1473.87
163,easy,11,08:31:29,08:31:34,08:31:47,COMPLETED,26703.0,209.0,5.68,18.10
71,medium,14,08:01:10,08:01:12,08:32:54,COMPLETED,31515.0,31700.7,2.82,1904.84
22,easy,12,08:31:59,08:31:59,08:33:01,COMPLETED,24975.0,1028.9,0.39,62.00
74,medium,13,08:31:59,08:31:59,08:33:01,COMPLETED,30361.0,1028.5,0.39,62.00
33,easy,12,08:31:30,08:31:34,08:33:19,COMPLETED,23726.0,1747.0,4.68,109.45
4,easy,11,08:33:33,08:33:37,08:34:14,COMPLETED,34420.0,618.3,4.82,41.75
144,easy,12,08:33:58,08:34:02,08:34:33,COMPLETED,32982.0,526.7,4.36,35.86
122,easy,11,08:34:05,08:34:08,08:34:40,COMPLETED,28637.0,526.7,3.57,35.04
57,easy,12,08:35:05,08:35:10,08:35:41,COMPLETED,29216.0,515.2,5.74,36.51
51,hard,15,08:09:29,08:09:34,08:36:49,COMPLETED,30385.0,27239.5,5.94,1640.28
137,easy,12,08:36:11,08:36:12,08:37:01,COMPLETED,36342.0,823.7,1.25,50.56
157,easy,11,08:36:58,08:37:01,08:37:13,COMPLETED,18278.0,207.9,3.56,15.90
54,easy,11,08:37:25,08:37:26,08:37:32,COMPLETED,20731.0,109.0,1.19,7.53
41,medium,14,08:24:14,08:24:17,08:37:57,COMPLETED,29869.0,13673.0,3.38,823.65
96,medium,14,08:22:40,08:22:45,08:38:22,COMPLETED,31969.0,15617.0,5.56,942.38
65,easy,12,08:38:25,08:38:28,08:38:41,COMPLETED,29065.0,213.6,3.75,16.35
155,easy,11,08:38:44,08:38:47,08:39:18,COMPLETED,34146.0,523.0,3.62,34.75
104,medium,14,08:33:05,08:33:07,08:40:33,COMPLETED,29258.0,7444.6,2.16,448.74
34,medium,13,08:34:14,08:34:14,08:40:52,COMPLETED,25539.0,6630.4,0.75,398.41
56,medium,14,08:36:35,08:36:36,08:41:17,COMPLETED,30668.0,4679.2,1.92,282.55
19,medium,13,08:36:10,08:36:12,08:41:36,COMPLETED,26110.0,5400.6,2.25,326.13
32,hard,15,08:06:42,08:06:42,08:41:48,COMPLETED,28652.0,35102.3,0.51,2106.61
125,medium,14,08:00:47,08:00:48,08:41:54,COMPLETED,36665.0,41105.1,1.68,2467.79
148,easy,12,08:39:41,08:39:43,08:42:01,COMPLETED,27736.0,2296.7,2.68,140.25
94,easy,11,08:41:53,08:41:54,08:42:19,COMPLETED,31776.0,422.0,1.79,26.89
36,medium,13,08:41:07,08:41:11,08:42:57,COMPLETED,30347.0,1773.1,4.17,110.36
124,easy,11,08:43:06,08:43:09,08:43:16,COMPLETED,30283.0,109.2,3.76,10.25
87,easy,11,08:43:04,08:43:09,08:43:22,COMPLETED,28114.0,214.5,5.76,18.44
109,easy,12,08:43:17,08:43:22,08:43:28,COMPLETED,23636.0,106.1,5.44,11.68
123,easy,12,08:43:07,08:43:09,08:43:47,COMPLETED,29879.0,622.9,2.76,40.11
11,easy,11,08:44:07,08:44:11,08:44:36,COMPLETED,32828.0,413.6,4.79,29.45
23,easy,12,08:41:53,08:41:54,08:44:48,COMPLETED,28712.0,2903.1,1.79,175.80
138,easy,11,08:44:50,08:44:55,08:45:01,COMPLETED,30097.0,106.0,5.04,11.23
70,easy,11,08:45:01,08:45:01,08:45:13,COMPLETED,30559.0,209.6,0.23,12.63
3,easy,11,08:45:34,08:45:38,08:45:50,COMPLETED,26367.0,208.2,4.30,16.65
31,medium,13,08:42:16,08:42:19,08:45:56,COMPLETED,31038.0,3617.6,3.89,220.82
105,easy,12,08:46:32,08:46:33,08:46:46,COMPLETED,31340.0,208.9,1.77,14.10
86,hard,15,08:17:05,08:17:08,08:46:58,COMPLETED,29946.0,29834.6,3.56,1793.60
102,easy,12,08:43:42,08:43:47,08:47:29,COMPLETED,34249.0,3708.8,5.11,227.52
140,easy,12,08:47:08,08:47:10,08:47:41,COMPLETED,23438.0,517.8,2.94,33.86
9,easy,11,08:46:50,08:46:52,08:47:48,COMPLETED,31337.0,931.6,2.33,58.04
139,medium,14,08:42:11,08:42:13,08:49:15,COMPLETED,26177.0,7031.9,2.70,424.51
116,medium,13,08:47:48,08:47:48,08:50:43,COMPLETED,22757.0,2924.2,0.04,175.06
128,medium,13,08:46:44,08:46:46,08:51:14,COMPLETED,39420.0,4476.9,2.10,270.49
48,easy,12,08:49:49,08:49:52,08:52:42,COMPLETED,34983.0,2830.9,3.98,173.48
2,easy,11,08:53:17,08:53:20,08:53:33,COMPLETED,32251.0,220.5,3.98,16.73
151,easy,12,08:52:17,08:52:17,08:53:46,COMPLETED,35611.0,1491.9,0.30,89.71
76,easy,12,08:53:21,08:53:27,08:53:46,COMPLETED,26912.0,327.6,6.29,25.71
8,medium,13,08:52:12,08:52:17,08:53:52,COMPLETED,27567.0,1599.8,5.30,100.99
167,easy,11,08:53:33,08:53:33,08:53:52,COMPLETED,24434.0,327.3,0.73,19.99
110,hard,15,08:38:26,08:38:28,08:53:59,COMPLETED,34007.0,15512.1,2.75,933.42
90,easy,12,08:52:47,08:52:48,08:53:59,COMPLETED,30780.0,1177.7,1.93,72.42
165,medium,13,08:50:33,08:50:36,08:54:05,COMPLETED,30684.0,3487.4,3.63,212.64
153,hard,15,08:28:32,08:28:36,08:54:11,COMPLETED,31454.0,25592.1,4.50,1539.95
47,easy,12,08:53:45,08:53:46,08:54:30,COMPLETED,32338.0,733.6,1.71,45.56
17,easy,12,08:52:53,08:52:55,08:54:42,COMPLETED,21716.0,1794.1,2.43,109.92
99,medium,13,08:53:38,08:53:40,08:54:49,COMPLETED,30374.0,1150.1,2.27,71.12
21,medium,13,08:52:42,08:52:42,08:55:07,COMPLETED,36122.0,2423.3,0.48,145.72
79,medium,14,08:46:50,08:46:52,08:55:13,COMPLETED,33904.0,8361.2,2.33,503.93
66,easy,11,08:54:58,08:55:01,08:55:13,COMPLETED,29777.0,210.4,3.47,15.93
147,medium,14,08:38:18,08:38:22,08:56:03,COMPLETED,36429.0,17686.4,4.38,1065.44
133,easy,12,08:53:05,08:53:08,08:56:03,COMPLETED,36788.0,2923.9,3.20,178.44
132,easy,12,08:55:50,08:55:50,08:56:15,COMPLETED,33620.0,417.3,0.96,25.85
13,medium,13,08:55:01,08:55:01,08:56:34,COMPLETED,19710.0,1550.7,0.47,93.40
55,easy,12,08:56:23,08:56:28,08:56:46,COMPLETED,25090.0,312.6,5.19,23.80
53,easy,11,08:56:37,08:56:40,08:56:46,COMPLETED,25351.0,106.3,3.59,9.80
158,easy,11,08:56:54,08:56:59,08:57:17,COMPLETED,39112.0,312.8,5.15,23.76
14,hard,15,08:24:40,08:24:41,08:57:23,COMPLETED,31640.0,32701.9,1.95,1963.95
15,medium,14,08:46:51,08:46:52,08:57:30,COMPLETED,34859.0,10632.0,1.33,639.21
45,medium,14,08:48:25,08:48:25,08:57:42,COMPLETED,31437.0,9287.4,0.43,557.56
159,hard,15,08:50:43,08:50:43,08:57:48,COMPLETED,27603.0,7097.3,0.06,425.75
93,easy,12,08:57:04,08:57:05,08:57:48,COMPLETED,33964.0,726.3,1.36,44.75
35,medium,14,08:38:34,08:38:34,08:59:09,COMPLETED,33434.0,20572.6,0.99,1235.27
7,easy,12,08:57:21,08:57:23,08:59:09,COMPLETED,37460.0,1757.7,2.95,108.27
43,medium,13,08:58:30,08:58:31,08:59:15,COMPLETED,30829.0,728.2,1.93,45.47
145,medium,13,08:58:37,08:58:38,08:59:15,COMPLETED,28108.0,625.1,1.13,38.47
52,easy,11,08:58:48,08:58:50,08:59:15,COMPLETED,35246.0,418.3,2.55,27.47
38,easy,12,08:58:57,08:59:03,08:59:27,COMPLETED,28449.0,417.2,6.03,30.89
49,medium,13,08:49:02,08:49:02,08:59:34,COMPLETED,29171.0,10522.2,0.90,632.09
18,easy,11,08:59:42,08:59:46,08:59:52,COMPLETED,31170.0,107.0,4.52,10.73
10,medium,14,08:51:32,08:51:33,09:00:11,COMPLETED,37385.0,8634.7,1.37,519.33
26,medium,13,08:57:23,08:57:23,09:00:23,COMPLETED,27980.0,2997.7,0.95,180.71
97,medium,13,08:56:01,08:56:03,09:01:00,COMPLETED,33790.0,4957.2,2.44,299.73
150,medium,14,08:58:50,08:58:50,09:01:00,COMPLETED,34907.0,2171.6,0.55,130.73
251,easy,11,09:01:31,09:01:31,09:01:44,COMPLETED,17920.0,209.0,0.62,13.05
325,easy,11,09:01:36,09:01:37,09:01:44,COMPLETED,27328.0,106.0,1.85,8.05
235,easy,11,09:01:21,09:01:25,09:02:14,COMPLETED,36318.0,827.0,4.42,53.84
246,medium,13,09:00:49,09:00:54,09:02:21,COMPLETED,34021.0,1445.1,5.52,92.08
208,easy,12,09:02:11,09:02:14,09:02:33,COMPLETED,22037.0,312.4,3.84,22.45
0,hard,15,08:19:06,08:19:11,09:02:51,COMPLETED,35601.0,43670.4,5.71,2625.90
118,medium,14,08:46:14,08:46:15,09:02:51,COMPLETED,35496.0,16612.5,1.28,997.90
112,hard,15,08:45:02,08:45:07,09:03:10,COMPLETED,32478.0,18050.4,5.43,1088.35
127,medium,14,08:57:47,08:57:48,09:05:57,COMPLETED,29173.0,8145.5,1.75,490.30
6,medium,13,08:44:47,08:44:48,09:06:34,COMPLETED,39410.0,21765.6,1.80,1307.59
184,easy,11,09:06:20,09:06:22,09:06:34,COMPLETED,24771.0,211.6,2.17,14.59
83,hard,15,08:30:25,08:30:27,09:06:40,COMPLETED,33375.0,36230.1,2.29,2175.90
238,medium,13,09:04:47,09:04:48,09:07:36,COMPLETED,26502.0,2798.5,1.74,169.53
330,medium,13,09:06:36,09:06:40,09:07:42,COMPLETED,26192.0,1031.7,4.90,66.69
245,easy,12,09:07:52,09:07:55,09:08:38,COMPLETED,29561.0,719.4,3.02,46.03
287,medium,14,09:07:46,09:07:48,09:09:51,COMPLETED,28124.0,2052.2,2.84,125.80
339,easy,12,09:09:30,09:09:33,09:09:51,COMPLETED,25503.0,311.2,3.32,21.80
279,medium,14,09:05:30,09:05:32,09:10:16,COMPLETED,29768.0,4741.7,2.27,286.61
303,easy,12,09:09:51,09:09:51,09:10:22,COMPLETED,25604.0,519.3,0.80,31.83
253,medium,13,09:01:26,09:01:31,09:10:41,COMPLETED,28847.0,9163.2,5.62,555.30
236,easy,11,09:10:46,09:10:47,09:10:53,COMPLETED,26838.0,105.3,1.52,7.73
328,easy,11,09:10:58,09:10:59,09:11:24,COMPLETED,27450.0,413.3,1.90,26.58
171,easy,12,09:10:08,09:10:10,09:11:43,COMPLETED,24666.0,1546.2,2.40,95.05
232,medium,13,09:10:54,09:10:59,09:11:55,COMPLETED,25664.0,927.4,5.90,61.35
335,easy,11,09:11:55,09:11:55,09:12:07,COMPLETED,21813.0,210.1,0.35,12.78
211,easy,11,09:11:58,09:12:01,09:12:13,COMPLETED,33503.0,210.4,3.57,16.00
213,easy,11,09:12:56,09:12:57,09:13:10,COMPLETED,26672.0,214.5,1.45,14.09
189,medium,13,09:12:05,09:12:07,09:13:22,COMPLETED,30306.0,1249.4,2.78,77.61
260,easy,11,09:13:15,09:13:16,09:13:41,COMPLETED,37066.0,419.6,1.37,26.36
114,medium,14,08:24:58,08:25:00,09:13:53,COMPLETED,37692.0,48894.2,2.40,2935.81
182,easy,11,09:14:05,09:14:06,09:14:44,COMPLETED,33436.0,638.6,1.53,39.60
243,easy,11,09:13:51,09:13:53,09:14:50,COMPLETED,30341.0,953.5,2.81,59.92
301,easy,11,09:15:03,09:15:03,09:15:09,COMPLETED,18739.0,110.8,0.33,6.69
178,easy,11,09:14:13,09:14:19,09:15:28,COMPLETED,33165.0,1157.3,6.24,75.42
293,easy,11,09:15:11,09:15:16,09:15:28,COMPLETED,18227.0,211.8,5.03,17.42
309,easy,11,09:16:07,09:16:12,09:16:19,COMPLETED,19731.0,111.4,5.69,12.09
176,easy,12,09:15:46,09:15:47,09:16:25,COMPLETED,31087.0,636.6,1.38,39.42
241,hard,15,09:10:44,09:10:47,09:16:37,COMPLETED,27609.0,5841.2,3.52,353.87
298,medium,14,09:04:47,09:04:48,09:16:44,COMPLETED,29921.0,11925.1,1.74,717.06
292,easy,12,09:16:43,09:16:44,09:17:34,COMPLETED,27462.0,851.1,1.06,51.74
179,easy,12,09:15:47,09:15:47,09:17:47,COMPLETED,36980.0,2005.3,0.38,120.52
286,easy,11,09:17:31,09:17:34,09:18:12,COMPLETED,28408.0,635.9,3.74,41.73
250,medium,14,09:13:48,09:13:53,09:18:25,COMPLETED,29379.0,4526.1,5.81,277.24
197,easy,12,09:17:54,09:18:00,09:18:31,COMPLETED,27976.0,524.2,6.18,37.46
195,easy,12,09:17:24,09:17:28,09:18:37,COMPLETED,27220.0,1163.1,4.13,73.65
202,easy,11,09:18:37,09:18:37,09:18:50,COMPLETED,25207.0,210.5,0.65,13.15
336,medium,14,09:17:28,09:17:28,09:18:56,COMPLETED,29650.0,1471.4,0.13,88.35
305,medium,13,09:16:52,09:16:56,09:19:02,COMPLETED,30843.0,2100.5,4.76,130.54
205,medium,14,09:08:50,09:08:50,09:19:21,COMPLETED,23548.0,10515.9,0.34,631.19
215,medium,13,09:14:48,09:14:50,09:19:33,COMPLETED,31566.0,4712.9,2.92,285.55
258,easy,12,09:18:59,09:19:02,09:20:10,COMPLETED,27715.0,1139.1,3.54,71.73
228,easy,12,09:19:01,09:19:02,09:20:23,COMPLETED,28611.0,1345.6,1.54,82.13
193,medium,14,09:10:01,09:10:04,09:20:41,COMPLETED,29349.0,10626.8,3.22,640.71
221,easy,11,09:20:45,09:20:47,09:20:54,COMPLETED,23007.0,106.4,2.90,9.12
280,medium,13,09:14:11,09:14:12,09:21:12,COMPLETED,30479.0,7001.4,1.76,421.70
275,medium,14,09:13:41,09:13:41,09:21:25,COMPLETED,28656.0,7731.6,0.36,464.11
231,medium,13,09:19:43,09:19:45,09:21:37,COMPLETED,33244.0,1863.7,2.91,114.59
63,hard,15,08:22:28,08:22:33,09:21:43,COMPLETED,27561.0,59174.9,5.32,3555.78
75,hard,15,08:33:57,08:34:02,09:21:49,COMPLETED,33924.0,47795.2,5.36,2872.97
219,easy,12,09:21:10,09:21:12,09:21:56,COMPLETED,26928.0,727.7,2.70,46.20
185,easy,12,09:21:47,09:21:49,09:21:56,COMPLETED,26731.0,106.9,2.97,9.20
209,easy,11,09:21:28,09:21:31,09:22:08,COMPLETED,26235.0,622.9,3.34,40.56
248,easy,11,09:22:29,09:22:33,09:22:45,COMPLETED,28927.0,208.8,4.25,16.63
321,medium,13,09:20:18,09:20:23,09:22:51,COMPLETED,31484.0,2481.0,5.13,153.80
39,hard,15,08:47:50,08:47:54,09:23:10,COMPLETED,27143.0,35270.1,4.27,2120.38
196,medium,13,09:10:14,09:10:16,09:23:41,COMPLETED,36813.0,13414.8,2.61,807.38
268,easy,11,09:25:16,09:25:20,09:25:57,COMPLETED,27599.0,623.7,4.42,41.68
322,easy,11,09:26:39,09:26:41,09:26:54,COMPLETED,28711.0,213.7,2.32,15.08
313,easy,12,09:21:30,09:21:31,09:27:00,COMPLETED,39510.0,5484.5,1.34,330.26
212,easy,11,09:27:50,09:27:50,09:27:56,COMPLETED,16248.0,111.2,0.46,6.83
267,medium,13,09:14:05,09:14:06,09:28:21,COMPLETED,43296.0,14258.8,1.53,857.00
201,medium,14,09:14:25,09:14:25,09:28:28,COMPLETED,31341.0,14044.0,0.63,843.18
222,medium,13,09:24:23,09:24:24,09:28:34,COMPLETED,34670.0,4163.3,1.74,251.37
285,easy,11,09:28:36,09:28:40,09:28:46,COMPLETED,26024.0,107.8,4.59,10.87
218,easy,12,09:28:35,09:28:40,09:28:53,COMPLETED,21495.0,212.6,5.59,18.14
300,medium,13,09:19:50,09:19:52,09:30:01,COMPLETED,35505.0,10153.0,2.16,611.17
237,easy,11,09:30:04,09:30:07,09:30:25,COMPLETED,29949.0,312.4,3.42,21.99
172,easy,12,09:29:58,09:30:01,09:30:32,COMPLETED,27312.0,519.6,3.17,34.18
27,hard,15,08:37:36,08:37:38,09:31:15,COMPLETED,31281.0,53612.0,2.77,3219.45
180,easy,11,09:31:07,09:31:09,09:31:27,COMPLETED,26861.0,313.3,2.23,20.82
274,easy,11,09:31:25,09:31:27,09:31:34,COMPLETED,28184.0,106.7,2.82,9.06
276,easy,12,09:31:59,09:32:04,09:32:48,COMPLETED,23665.0,726.0,5.88,49.28
194,medium,13,09:13:23,09:13:28,09:33:19,COMPLETED,39876.0,19843.4,5.77,1196.26
290,medium,13,09:32:10,09:32:11,09:33:19,COMPLETED,27484.0,1139.7,1.10,69.26
277,easy,11,09:33:44,09:33:44,09:34:27,COMPLETED,32311.0,733.1,0.11,43.81
216,easy,12,09:34:19,09:34:21,09:34:53,COMPLETED,28149.0,531.8,2.38,34.07
229,medium,13,09:33:12,09:33:13,09:35:12,COMPLETED,36934.0,1986.2,1.04,120.05
181,medium,14,09:22:48,09:22:51,09:35:37,COMPLETED,38140.0,12759.3,3.80,769.25
327,easy,11,09:35:29,09:35:30,09:35:37,COMPLETED,24247.0,109.9,1.84,8.25
252,medium,13,09:33:54,09:33:56,09:36:27,COMPLETED,27368.0,2513.7,2.51,153.05
263,easy,12,09:36:21,09:36:27,09:36:39,COMPLETED,26549.0,211.3,6.05,18.56
291,easy,12,09:32:56,09:33:00,09:36:51,COMPLETED,28019.0,3858.2,4.65,235.98
326,easy,11,09:37:34,09:37:36,09:38:14,COMPLETED,32986.0,642.7,2.55,40.86
73,medium,14,08:25:16,08:25:18,09:38:27,COMPLETED,38068.0,73147.9,2.78,4391.61
324,medium,13,09:37:32,09:37:36,09:39:25,COMPLETED,26325.0,1815.8,4.55,113.17
318,medium,13,09:38:25,09:38:27,09:39:25,COMPLETED,27646.0,965.1,2.61,60.17
220,medium,14,09:36:52,09:36:58,09:39:57,COMPLETED,31179.0,2986.9,6.18,185.11
304,easy,11,09:39:40,09:39:44,09:39:57,COMPLETED,29629.0,219.5,4.38,17.11
174,medium,14,09:38:32,09:38:33,09:40:03,COMPLETED,25792.0,1499.8,1.94,91.59
271,easy,11,09:41:09,09:41:12,09:41:37,COMPLETED,32274.0,420.2,3.60,28.55
25,hard,15,08:55:53,08:55:57,09:41:50,COMPLETED,28795.0,45883.5,4.22,2757.16
256,easy,12,09:41:39,09:41:43,09:41:50,COMPLETED,26361.0,109.9,4.85,11.16
331,medium,14,09:18:34,09:18:37,09:41:56,COMPLETED,35622.0,23315.2,3.65,1402.48
210,medium,13,09:37:13,09:37:17,09:42:08,COMPLETED,30609.0,4862.0,4.42,295.95
272,easy,12,09:38:51,09:38:53,09:42:08,COMPLETED,27259.0,3267.8,2.11,197.95
203,medium,14,09:32:36,09:32:42,09:42:27,COMPLETED,31094.0,9762.9,6.06,591.65
173,hard,15,09:38:24,09:38:27,09:43:30,COMPLETED,30863.0,5047.0,3.61,306.21
273,easy,11,09:43:19,09:43:23,09:43:42,COMPLETED,33798.0,318.7,4.86,23.75
323,easy,12,09:43:10,09:43:11,09:45:10,COMPLETED,26071.0,1984.3,1.32,120.17
302,easy,12,09:45:29,09:45:35,09:46:39,COMPLETED,32214.0,1076.6,6.29,70.51
80,hard,15,08:59:51,08:59:52,09:46:45,COMPLETED,26773.0,46888.8,1.73,2814.95
317,easy,11,09:46:45,09:46:45,09:46:58,COMPLETED,29603.0,214.9,0.95,13.57
289,easy,11,09:46:54,09:46:58,09:47:11,COMPLETED,23616.0,220.6,4.57,17.28
306,easy,11,09:47:40,09:47:43,09:47:56,COMPLETED,24921.0,219.7,3.40,16.16
312,easy,12,09:46:51,09:46:52,09:48:02,COMPLETED,27826.0,1180.8,1.27,71.62
177,easy,11,09:48:33,09:48:34,09:48:47,COMPLETED,30743.0,219.7,1.70,14.48
217,medium,13,09:47:05,09:47:11,09:49:19,COMPLETED,25639.0,2145.7,6.28,134.66
257,easy,11,09:49:10,09:49:13,09:49:32,COMPLETED,31233.0,330.2,3.13,22.54
299,hard,15,09:17:02,09:17:02,09:49:58,COMPLETED,33416.0,32925.2,0.99,1976.36
244,easy,11,09:49:40,09:49:45,09:50:04,COMPLETED,33961.0,327.1,5.40,24.78
199,medium,14,09:28:49,09:28:53,09:50:17,COMPLETED,32910.0,21407.0,4.14,1288.34
314,medium,14,09:37:52,09:37:55,09:50:17,COMPLETED,32176.0,12364.8,3.77,745.34
225,easy,11,09:50:09,09:50:11,09:50:17,COMPLETED,18562.0,112.8,2.05,8.34
264,easy,11,09:50:45,09:50:49,09:50:55,COMPLETED,25934.0,115.5,4.35,10.91
192,medium,14,09:41:33,09:41:37,09:51:15,COMPLETED,30233.0,9633.4,4.55,582.29
296,medium,14,09:43:05,09:43:05,09:51:15,COMPLETED,31014.0,8175.7,0.05,490.29
295,easy,12,09:50:49,09:50:49,09:51:21,COMPLETED,28133.0,543.1,0.35,32.68
332,easy,12,09:51:00,09:51:02,09:51:28,COMPLETED,28288.0,435.5,2.33,28.11
207,easy,12,09:51:42,09:51:47,09:52:30,COMPLETED,29315.0,735.0,5.06,48.89
242,easy,11,09:52:52,09:52:55,09:53:14,COMPLETED,23067.0,317.1,3.92,22.69
224,hard,15,09:39:14,09:39:18,09:53:20,COMPLETED,32994.0,14041.5,4.65,846.97
294,easy,12,09:52:28,09:52:30,09:53:45,COMPLETED,28261.0,1255.2,2.89,77.94
206,medium,14,09:28:46,09:28:46,09:54:35,COMPLETED,31036.0,25819.9,0.87,1549.95
320,medium,14,09:36:42,09:36:45,09:54:35,COMPLETED,29999.0,17839.1,3.76,1073.95
337,easy,11,09:54:29,09:54:29,09:54:35,COMPLETED,31363.0,109.1,0.63,6.95
170,medium,13,09:42:22,09:42:27,09:54:42,COMPLETED,34324.0,12246.5,5.65,740.23
329,easy,11,09:54:38,09:54:42,09:54:48,COMPLETED,28137.0,108.6,4.23,10.53
233,easy,12,09:53:41,09:53:45,09:55:13,COMPLETED,25376.0,1462.6,4.94,92.48
198,hard,15,09:34:54,09:34:59,09:55:38,COMPLETED,27462.0,20653.8,5.33,1244.44
175,medium,14,09:45:35,09:45:35,09:55:50,COMPLETED,28738.0,10261.7,0.29,615.90
281,easy,11,09:55:54,09:55:57,09:56:03,COMPLETED,27905.0,107.8,3.14,9.40
284,hard,15,09:36:59,09:37:04,09:56:28,COMPLETED,31246.0,19397.0,5.66,1169.27
214,medium,14,09:47:59,09:48:02,09:56:34,COMPLETED,31352.0,8537.7,3.62,515.66
288,medium,14,09:37:20,09:37:23,09:56:59,COMPLETED,33994.0,19608.6,3.81,1179.98
254,easy,12,09:56:44,09:56:47,09:57:19,COMPLETED,29423.0,535.9,3.19,35.15
338,hard,15,09:15:37,09:15:41,09:57:50,COMPLETED,30604.0,42162.4,4.05,2533.68
226,medium,14,09:41:41,09:41:43,09:57:57,COMPLETED,35813.0,16223.3,2.85,976.05
261,easy,11,09:58:45,09:58:47,09:58:54,COMPLETED,21635.0,114.5,2.34,9.08
223,easy,11,09:58:43,09:58:47,09:59:00,COMPLETED,30839.0,221.9,4.34,17.34
333,easy,11,09:58:47,09:58:47,09:59:06,COMPLETED,23972.0,326.2,0.34,19.72
249,easy,12,09:59:18,09:59:19,09:59:32,COMPLETED,28358.0,220.9,1.47,14.26
240,easy,12,09:58:47,09:58:47,09:59:45,COMPLETED,27596.0,961.7,0.34,58.04
270,easy,12,09:59:01,09:59:06,10:00:03,COMPLETED,27133.0,957.5,5.72,62.93
311,medium,13,09:59:41,09:59:45,10:00:03,COMPLETED,27089.0,319.3,4.04,22.93
190,medium,14,09:43:49,09:43:49,10:00:16,COMPLETED,29752.0,16465.1,0.02,987.56
429,easy,12,10:01:20,10:01:20,10:01:45,COMPLETED,26965.0,428.0,0.04,25.36
464,medium,13,10:00:56,10:01:01,10:01:51,COMPLETED,32944.0,853.6,5.04,55.77
319,easy,12,09:59:34,09:59:38,10:02:17,COMPLETED,34384.0,2650.0,4.78,163.43
469,easy,12,10:01:54,10:01:58,10:02:17,COMPLETED,29737.0,325.5,4.31,23.43
239,medium,13,09:56:37,09:56:40,10:02:36,COMPLETED,31615.0,5931.1,3.93,359.60
234,medium,14,09:09:58,09:09:58,10:03:32,COMPLETED,37017.0,53579.1,0.02,3214.69
425,easy,12,10:03:14,10:03:20,10:03:57,COMPLETED,28165.0,628.9,6.15,43.63
316,hard,15,09:27:16,09:27:19,10:04:35,COMPLETED,33670.0,37267.2,3.08,2239.02
450,easy,11,10:05:23,10:05:24,10:05:56,COMPLETED,23121.0,524.9,1.86,33.08
468,easy,11,10:05:55,10:05:56,10:06:02,COMPLETED,22365.0,109.6,1.08,7.40
160,hard,15,08:38:46,08:38:47,10:06:21,COMPLETED,29837.0,87560.1,1.62,5255.21
377,easy,12,10:03:56,10:03:57,10:06:46,COMPLETED,33504.0,2812.4,1.63,170.16
297,medium,14,09:23:53,09:23:53,10:07:11,COMPLETED,31630.0,43290.2,0.81,2598.15
409,easy,12,10:07:19,10:07:23,10:08:07,COMPLETED,27299.0,734.6,4.68,48.47
430,easy,12,10:06:56,10:06:58,10:08:51,COMPLETED,33699.0,1881.4,2.64,115.31
426,medium,14,10:07:12,10:07:17,10:08:57,COMPLETED,31392.0,1673.1,5.39,105.57
401,easy,11,10:08:30,10:08:32,10:09:03,COMPLETED,23324.0,525.1,2.53,33.82
441,medium,14,10:01:47,10:01:51,10:09:16,COMPLETED,27863.0,7412.5,4.77,449.28
351,medium,13,10:05:00,10:05:06,10:09:22,COMPLETED,32064.0,4278.5,6.11,262.58
410,easy,11,10:09:18,10:09:22,10:09:28,COMPLETED,25919.0,109.2,4.58,10.88
315,medium,14,09:40:05,09:40:09,10:09:41,COMPLETED,29750.0,29526.5,5.00,1776.46
507,medium,14,10:05:37,10:05:37,10:09:41,COMPLETED,28011.0,4071.9,0.36,244.46
488,easy,11,10:09:33,10:09:35,10:09:47,COMPLETED,23676.0,212.9,2.17,14.73
452,easy,12,10:10:14,10:10:18,10:10:31,COMPLETED,29176.0,211.8,4.86,17.36
368,easy,12,10:09:35,10:09:35,10:10:56,COMPLETED,29427.0,1355.6,0.17,81.28
433,easy,11,10:11:31,10:11:33,10:11:40,COMPLETED,26638.0,108.6,2.77,9.06
499,easy,12,10:11:16,10:11:21,10:12:04,COMPLETED,24136.0,733.2,5.21,48.99
504,easy,12,10:11:18,10:11:21,10:12:11,COMPLETED,27618.0,836.6,3.21,53.23
434,medium,14,10:00:15,10:00:16,10:12:42,COMPLETED,30010.0,12433.9,1.56,747.42
191,hard,15,09:46:01,09:46:01,10:13:07,COMPLETED,33195.0,27108.6,0.22,1626.50
500,easy,11,10:13:34,10:13:39,10:13:45,COMPLETED,25401.0,114.0,5.35,11.82
393,easy,12,10:14:08,10:14:11,10:14:37,COMPLETED,32799.0,439.0,3.21,29.18
12,hard,15,08:30:39,08:30:39,10:15:09,COMPLETED,38345.0,104498.0,0.57,6270.27
443,easy,12,10:13:56,10:13:58,10:15:41,COMPLETED,27457.0,1711.6,2.71,105.13
402,easy,12,10:13:49,10:13:52,10:15:47,COMPLETED,24429.0,1924.3,3.23,118.47
493,easy,12,10:13:27,10:13:32,10:16:06,COMPLETED,27086.0,2561.1,5.87,159.33
183,hard,15,09:55:16,09:55:19,10:16:44,COMPLETED,28122.0,21409.5,3.73,1288.11
357,easy,11,10:16:25,10:16:25,10:16:44,COMPLETED,29860.0,321.1,0.16,19.11
428,easy,12,10:16:43,10:16:44,10:17:02,COMPLETED,20849.0,319.7,1.11,19.99
473,easy,11,10:17:02,10:17:02,10:17:15,COMPLETED,26652.0,214.5,0.99,13.60
413,easy,12,10:15:58,10:16:00,10:17:21,COMPLETED,29602.0,1369.4,2.02,83.88
471,medium,14,10:15:07,10:15:09,10:18:31,COMPLETED,27053.0,3366.8,2.27,204.06
479,medium,13,10:14:39,10:14:43,10:18:49,COMPLETED,29655.0,4108.0,4.62,250.89
421,medium,13,10:14:49,10:14:50,10:18:49,COMPLETED,30910.0,3999.8,1.13,240.89
44,hard,15,08:47:09,08:47:10,10:19:02,COMPLETED,36627.0,91859.4,1.94,5513.45
391,easy,11,10:19:09,10:19:15,10:19:33,COMPLETED,32589.0,319.1,6.04,24.87
397,easy,11,10:20:05,10:20:05,10:20:11,COMPLETED,25220.0,110.1,0.50,6.83
379,medium,13,10:18:06,10:18:12,10:20:24,COMPLETED,27512.0,2209.4,6.15,138.41
343,easy,12,10:19:50,10:19:52,10:20:30,COMPLETED,22073.0,636.9,2.85,40.78
405,medium,13,10:14:52,10:14:56,10:20:50,COMPLETED,30343.0,5899.1,4.48,358.08
400,easy,11,10:21:21,10:21:22,10:21:28,COMPLETED,17295.0,113.3,1.17,7.71
358,medium,13,10:20:39,10:20:43,10:22:19,COMPLETED,33853.0,1612.9,4.53,100.87
386,easy,12,10:17:17,10:17:21,10:22:32,COMPLETED,34467.0,5188.5,4.88,315.87
431,easy,12,10:21:40,10:21:41,10:22:32,COMPLETED,27818.0,864.0,1.45,52.87
498,easy,12,10:22:07,10:22:07,10:22:32,COMPLETED,29162.0,437.2,0.09,25.87
505,easy,12,10:22:28,10:22:32,10:22:52,COMPLETED,26557.0,323.7,4.87,24.00
475,easy,12,10:22:43,10:22:45,10:23:10,COMPLETED,22942.0,426.0,2.63,27.97
439,medium,13,10:08:06,10:08:07,10:23:48,COMPLETED,35974.0,15689.0,1.47,942.64
362,medium,13,10:15:39,10:15:41,10:24:13,COMPLETED,31735.0,8548.8,2.13,514.76
230,hard,15,09:59:29,09:59:32,10:24:26,COMPLETED,31401.0,24904.6,3.26,1497.40
354,medium,13,10:19:35,10:19:40,10:24:32,COMPLETED,25951.0,4878.5,5.22,297.69
435,medium,14,10:12:44,10:12:48,10:24:45,COMPLETED,36536.0,11947.1,4.67,721.23
478,easy,11,10:24:39,10:24:45,10:24:51,COMPLETED,28814.0,111.3,6.23,12.61
465,easy,11,10:24:09,10:24:13,10:25:04,COMPLETED,33947.0,845.5,4.76,55.19
448,easy,11,10:24:47,10:24:51,10:25:04,COMPLETED,30813.0,214.9,4.61,17.19
442,easy,11,10:24:59,10:25:04,10:25:10,COMPLETED,25093.0,109.8,5.19,11.53
374,medium,14,10:01:30,10:01:32,10:26:38,COMPLETED,33588.0,25095.5,2.64,1508.22
365,easy,12,10:26:17,10:26:19,10:26:44,COMPLETED,20721.0,424.0,2.35,27.51
162,hard,15,08:00:21,08:00:24,10:27:47,COMPLETED,24971.0,147384.1,3.55,8846.52
463,easy,12,10:27:47,10:27:47,10:28:06,COMPLETED,24640.0,321.8,0.52,19.52
456,medium,14,10:12:56,10:13:01,10:28:19,COMPLETED,24580.0,15303.6,5.22,923.24
399,easy,12,10:28:10,10:28:12,10:28:38,COMPLETED,29728.0,426.1,2.91,28.21
445,easy,12,10:27:45,10:27:47,10:29:09,COMPLETED,28153.0,1374.3,2.52,84.71
307,hard,15,09:33:37,09:33:37,10:29:16,COMPLETED,31700.0,55637.6,0.87,3339.02
363,easy,12,10:28:03,10:28:06,10:29:22,COMPLETED,25772.0,1268.6,3.52,79.38
454,medium,13,10:27:10,10:27:16,10:29:47,COMPLETED,25173.0,2532.7,6.01,157.65
166,hard,15,08:59:16,08:59:21,10:30:13,COMPLETED,31512.0,90856.7,5.68,5457.04
497,easy,12,10:29:42,10:29:47,10:30:19,COMPLETED,32126.0,532.7,5.65,37.34
349,easy,12,10:30:28,10:30:31,10:30:50,COMPLETED,26623.0,323.0,3.93,22.99
494,easy,12,10:30:34,10:30:38,10:31:03,COMPLETED,23680.0,428.0,4.30,29.63
342,medium,13,10:29:27,10:29:28,10:31:16,COMPLETED,31478.0,1799.0,1.68,109.33
384,medium,13,10:29:40,10:29:41,10:31:47,COMPLETED,27544.0,2113.9,1.31,127.86
480,easy,12,10:27:29,10:27:34,10:32:07,COMPLETED,32275.0,4545.6,5.94,278.28
461,medium,14,10:28:56,10:28:57,10:32:39,COMPLETED,31044.0,3715.4,1.06,223.58
341,easy,11,10:33:20,10:33:23,10:33:36,COMPLETED,30803.0,218.2,3.73,16.41
438,easy,11,10:33:33,10:33:36,10:33:49,COMPLETED,25709.0,216.6,3.41,16.16
484,easy,12,10:34:02,10:34:08,10:34:27,COMPLETED,28361.0,332.6,6.14,25.62
477,easy,11,10:34:06,10:34:08,10:34:27,COMPLETED,28057.0,332.3,2.14,21.62
364,easy,12,10:34:08,10:34:08,10:34:34,COMPLETED,26036.0,440.8,0.14,26.20
389,medium,13,10:31:50,10:31:54,10:34:40,COMPLETED,24834.0,2782.9,4.18,170.73
353,medium,13,10:00:49,10:00:54,10:34:53,COMPLETED,36334.0,33988.9,5.59,2044.61
269,hard,15,09:43:30,09:43:30,10:35:06,COMPLETED,28449.0,51611.0,0.21,3096.70
350,medium,13,10:33:17,10:33:17,10:35:26,COMPLETED,31600.0,2153.6,0.41,129.15
398,easy,12,10:35:48,10:35:51,10:36:11,COMPLETED,21458.0,334.3,3.95,23.59
360,medium,14,10:19:30,10:19:33,10:36:49,COMPLETED,28036.0,17266.5,3.87,1039.67
485,hard,15,10:27:26,10:27:28,10:36:49,COMPLETED,36340.0,9354.6,2.63,563.67
415,easy,11,10:37:01,10:37:02,10:37:08,COMPLETED,23975.0,117.3,1.29,7.88
382,medium,13,10:34:47,10:34:47,10:37:34,COMPLETED,28748.0,2797.4,0.26,167.55
455,easy,11,10:37:29,10:37:34,10:37:41,COMPLETED,27175.0,117.9,5.55,12.19
503,medium,14,10:32:08,10:32:13,10:39:03,COMPLETED,27981.0,6831.1,5.77,415.36
387,easy,11,10:39:20,10:39:22,10:39:28,COMPLETED,27608.0,111.4,2.34,8.69
383,hard,15,10:09:12,10:09:16,10:39:35,COMPLETED,34644.0,30315.3,4.28,1823.06
416,medium,14,10:17:39,10:17:40,10:39:41,COMPLETED,31544.0,22014.2,1.74,1322.37
388,easy,11,10:39:57,10:40:00,10:40:12,COMPLETED,26880.0,215.0,3.37,15.99
407,easy,12,10:39:08,10:39:09,10:40:19,COMPLETED,34043.0,1165.5,1.72,71.29
378,medium,13,10:39:26,10:39:28,10:40:31,COMPLETED,23740.0,1059.5,2.69,65.99
446,easy,11,10:40:33,10:40:38,10:40:44,COMPLETED,27817.0,110.2,5.29,11.62
392,medium,13,10:38:58,10:39:03,10:40:50,COMPLETED,29520.0,1797.3,5.36,112.92
496,medium,14,10:33:20,10:33:23,10:41:16,COMPLETED,28025.0,7876.4,3.73,476.07
422,easy,11,10:41:33,10:41:34,10:41:47,COMPLETED,33409.0,214.9,1.98,14.60
408,hard,15,10:32:34,10:32:39,10:42:00,COMPLETED,26963.0,9347.2,5.58,566.18
474,medium,14,10:34:00,10:34:01,10:42:44,COMPLETED,34982.0,8713.4,1.77,524.35
451,easy,12,10:42:28,10:42:31,10:42:44,COMPLETED,30613.0,216.3,3.66,16.35
361,easy,12,10:42:04,10:42:06,10:42:56,COMPLETED,31490.0,847.5,2.48,53.00
502,easy,12,10:42:32,10:42:38,10:43:16,COMPLETED,27925.0,639.8,6.01,44.11
466,medium,13,10:35:55,10:35:58,10:43:35,COMPLETED,35136.0,7624.0,3.53,460.67
490,medium,14,10:31:55,10:32:00,10:44:01,COMPLETED,34259.0,12016.9,5.73,726.37
345,easy,12,10:43:22,10:43:22,10:44:07,COMPLETED,28608.0,763.6,0.44,45.87
334,hard,15,09:52:16,09:52:18,10:44:20,COMPLETED,29819.0,52041.6,2.37,3124.76
396,medium,13,10:43:41,10:43:42,10:44:33,COMPLETED,35101.0,858.8,1.04,52.32
482,easy,12,10:44:45,10:44:45,10:45:04,COMPLETED,25619.0,324.4,0.86,19.90
367,easy,12,10:46:16,10:46:21,10:46:46,COMPLETED,29912.0,433.0,5.24,30.95
453,easy,12,10:41:14,10:41:16,10:47:06,COMPLETED,35565.0,5840.8,2.07,352.11
427,easy,12,10:45:45,10:45:49,10:47:50,COMPLETED,19648.0,2029.9,4.50,125.87
432,easy,11,10:47:58,10:48:03,10:48:10,COMPLETED,27330.0,113.9,5.63,12.00
347,medium,14,10:38:18,10:38:19,10:48:16,COMPLETED,32806.0,9961.5,1.30,598.50
458,easy,12,10:49:18,10:49:20,10:49:39,COMPLETED,24843.0,321.9,2.36,21.30
227,hard,15,09:36:55,09:36:58,10:50:42,COMPLETED,24970.0,73738.6,3.18,4427.51
355,easy,12,10:49:52,10:49:52,10:51:14,COMPLETED,25365.0,1372.2,0.04,82.10
489,easy,11,10:51:25,10:51:26,10:51:39,COMPLETED,33070.0,215.3,1.70,14.32
437,easy,12,10:52:00,10:52:04,10:52:10,COMPLETED,25912.0,110.6,4.56,10.91
472,easy,11,10:51:48,10:51:51,10:52:17,COMPLETED,22826.0,426.2,3.93,29.22
460,easy,11,10:52:24,10:52:29,10:52:42,COMPLETED,35139.0,217.5,5.86,18.57
462,easy,11,10:52:20,10:52:23,10:52:48,COMPLETED,31543.0,428.3,3.53,28.94
424,medium,14,10:47:29,10:47:31,10:52:55,COMPLETED,28986.0,5395.8,2.78,326.26
418,easy,12,10:52:30,10:52:36,10:53:07,COMPLETED,31418.0,532.8,6.21,37.90
457,medium,13,10:40:15,10:40:19,10:53:33,COMPLETED,37828.0,13233.8,4.29,798.08
404,easy,12,10:52:40,10:52:42,10:53:33,COMPLETED,33760.0,846.9,2.57,53.08
481,medium,14,10:43:27,10:43:29,10:55:02,COMPLETED,36050.0,11561.4,2.12,695.41
278,hard,15,09:37:27,09:37:30,10:56:00,COMPLETED,35618.0,78510.3,3.05,4713.44
412,medium,13,10:55:46,10:55:47,10:56:00,COMPLETED,28961.0,225.8,1.50,14.44
495,easy,11,10:55:58,10:56:00,10:56:13,COMPLETED,22098.0,224.7,2.44,15.66
344,easy,12,10:56:03,10:56:07,10:56:32,COMPLETED,33801.0,433.7,4.10,29.57
390,easy,12,10:56:42,10:56:45,10:57:05,COMPLETED,27036.0,339.1,3.67,23.45
436,easy,11,10:56:49,10:56:52,10:57:12,COMPLETED,26877.0,333.9,3.39,23.07
366,easy,11,10:57:12,10:57:12,10:57:31,COMPLETED,32742.0,328.1,0.07,19.28
370,easy,12,10:56:31,10:56:32,10:57:37,COMPLETED,26269.0,1096.2,1.57,66.81
444,hard,15,10:34:03,10:34:08,10:57:44,COMPLETED,30800.0,23609.8,5.14,1421.41
491,medium,13,10:50:33,10:50:36,10:57:50,COMPLETED,41949.0,7250.2,3.17,437.93
385,medium,14,10:42:56,10:42:56,10:57:57,COMPLETED,30951.0,15007.7,1.00,901.23
420,medium,14,10:22:43,10:22:45,10:58:29,COMPLETED,34626.0,35733.5,2.63,2146.35
486,medium,14,10:49:56,10:49:58,10:58:35,COMPLETED,37168.0,8631.6,2.37,519.84
403,easy,12,10:57:37,10:57:37,10:59:07,COMPLETED,32546.0,1509.2,0.81,90.93
359,medium,14,10:34:48,10:34:53,10:59:46,COMPLETED,41513.0,24892.5,5.61,1498.82
395,easy,11,10:59:51,10:59:53,11:00:06,COMPLETED,26252.0,216.9,2.30,15.05
259,hard,15,09:22:25,09:22:27,11:00:24,COMPLETED,35698.0,97965.2,2.06,5879.91
423,medium,13,10:59:24,10:59:27,11:00:31,COMPLETED,28448.0,1067.2,3.43,67.20
5,hard,15,08:03:27,08:03:32,11:01:02,COMPLETED,34453.0,177502.0,5.51,10655.61
406,medium,14,10:21:15,10:21:15,11:01:02,COMPLETED,25895.0,39782.4,0.85,2387.61
371,medium,13,10:50:51,10:50:55,11:01:02,COMPLETED,34156.0,10128.1,4.17,611.61
308,hard,15,09:43:12,09:43:17,11:01:08,COMPLETED,35507.0,77856.8,5.59,4676.91
566,easy,11,11:01:16,11:01:21,11:01:27,COMPLETED,28412.0,111.0,5.48,11.85
340,medium,14,10:48:40,10:48:42,11:01:40,COMPLETED,30184.0,12973.9,2.23,780.47
600,easy,12,11:00:54,11:00:56,11:02:05,COMPLETED,29611.0,1157.1,2.29,71.48
352,medium,13,10:58:43,10:58:48,11:02:24,COMPLETED,24718.0,3594.4,5.80,221.23
619,easy,11,11:02:58,11:03:01,11:03:08,COMPLETED,24846.0,108.8,3.84,10.13
595,easy,11,11:03:11,11:03:14,11:03:27,COMPLETED,24635.0,214.3,3.39,16.02
535,easy,12,11:03:13,11:03:14,11:03:39,COMPLETED,24083.0,423.5,1.39,26.61
662,medium,13,11:03:13,11:03:14,11:04:10,COMPLETED,32846.0,945.4,1.39,57.94
119,hard,15,08:31:33,08:31:34,11:04:42,COMPLETED,34709.0,153125.4,1.68,9189.21
589,easy,12,11:04:38,11:04:42,11:05:14,COMPLETED,24671.0,539.9,4.21,36.18
414,medium,14,10:24:10,10:24:13,11:05:39,COMPLETED,31993.0,41437.5,3.76,2489.80
622,easy,11,11:05:33,11:05:33,11:05:59,COMPLETED,33273.0,436.7,0.30,26.26
547,medium,13,11:04:50,11:04:54,11:06:24,COMPLETED,33997.0,1501.8,4.92,94.65
346,hard,15,10:12:19,10:12:23,11:07:15,COMPLETED,32078.0,54870.1,4.70,3296.71
527,easy,12,11:06:40,11:06:43,11:07:22,COMPLETED,28059.0,645.7,3.90,42.15
515,easy,11,11:07:20,11:07:22,11:07:28,COMPLETED,25179.0,117.1,2.15,8.69
561,easy,12,11:08:30,11:08:32,11:08:57,COMPLETED,26633.0,433.5,2.34,27.80
669,easy,11,11:08:59,11:09:04,11:09:17,COMPLETED,28218.0,220.9,5.40,18.20
652,easy,12,11:09:39,11:09:42,11:09:55,COMPLETED,24447.0,222.7,3.90,16.95
667,easy,12,11:10:19,11:10:21,11:10:34,COMPLETED,24323.0,227.1,2.55,15.73
537,easy,11,11:10:41,11:10:41,11:10:47,COMPLETED,28471.0,114.0,0.23,6.79
348,hard,15,10:19:39,10:19:40,11:11:00,COMPLETED,34625.0,51341.9,1.22,3081.42
529,easy,12,11:09:55,11:09:55,11:11:00,COMPLETED,31937.0,1085.3,0.95,65.42
679,easy,12,11:10:24,11:10:28,11:11:19,COMPLETED,28663.0,864.5,4.16,55.74
598,easy,12,11:09:40,11:09:42,11:11:44,COMPLETED,25946.0,2037.4,2.90,124.97
666,easy,11,11:12:27,11:12:29,11:13:07,COMPLETED,29797.0,639.6,2.09,40.16
560,easy,11,11:12:53,11:12:54,11:13:13,COMPLETED,26803.0,323.8,1.34,20.50
677,medium,13,11:07:28,11:07:28,11:13:19,COMPLETED,31525.0,5857.2,0.69,351.80
550,medium,13,11:08:53,11:08:57,11:13:26,COMPLETED,32034.0,4478.1,4.80,273.20
545,medium,14,11:08:19,11:08:19,11:13:51,COMPLETED,28727.0,5535.6,0.59,332.48
608,easy,12,11:13:20,11:13:26,11:14:16,COMPLETED,24076.0,845.8,6.20,56.66
672,easy,12,11:13:16,11:13:19,11:14:54,COMPLETED,33609.0,1582.4,3.80,98.49
656,medium,13,11:13:35,11:13:38,11:15:19,COMPLETED,32449.0,1686.2,3.84,104.75
621,easy,12,11:12:46,11:12:48,11:15:26,COMPLETED,29988.0,2638.5,2.00,160.05
653,easy,12,11:15:01,11:15:07,11:15:32,COMPLETED,23123.0,425.3,6.11,31.35
660,easy,11,11:16:21,11:16:22,11:16:35,COMPLETED,27911.0,215.2,1.67,14.30
557,easy,11,11:16:41,11:16:41,11:16:54,COMPLETED,24192.0,220.9,0.60,13.54
540,medium,13,11:15:54,11:15:57,11:17:00,COMPLETED,29714.0,1062.6,3.46,66.90
646,medium,13,11:16:56,11:17:00,11:17:32,COMPLETED,30795.0,529.6,4.90,36.40
548,easy,12,11:16:06,11:16:10,11:17:44,COMPLETED,28358.0,1586.4,4.06,98.98
614,easy,11,11:16:52,11:16:54,11:17:44,COMPLETED,28267.0,845.3,2.54,52.98
673,medium,14,11:11:30,11:11:32,11:18:48,COMPLETED,40808.0,7266.1,2.34,438.05
187,hard,15,09:29:12,09:29:17,11:18:54,COMPLETED,33310.0,109608.9,5.88,6582.36
483,hard,15,10:14:26,10:14:30,11:19:13,COMPLETED,34737.0,64712.6,4.64,3887.28
664,easy,12,11:18:13,11:18:16,11:19:13,COMPLETED,30291.0,950.2,3.56,60.28
511,easy,11,11:19:15,11:19:19,11:19:25,COMPLETED,28552.0,110.2,4.60,10.94
617,easy,12,11:18:58,11:19:00,11:19:57,COMPLETED,38934.0,949.8,2.66,59.38
514,medium,14,11:10:01,11:10:02,11:20:28,COMPLETED,29241.0,10446.4,1.31,627.85
641,easy,11,11:20:52,11:20:54,11:21:06,COMPLETED,31596.0,214.9,2.09,14.71
554,medium,13,11:19:44,11:19:44,11:21:51,COMPLETED,28196.0,2113.5,0.78,127.03
576,easy,12,11:21:32,11:21:38,11:22:42,COMPLETED,30062.0,1080.8,6.27,70.84
356,medium,14,10:26:42,10:26:44,11:22:55,COMPLETED,36745.0,56184.9,2.51,3373.46
563,easy,12,11:20:19,11:20:22,11:23:01,COMPLETED,35286.0,2662.7,3.52,162.77
509,hard,15,10:40:19,10:40:19,11:23:08,COMPLETED,28635.0,42820.9,0.29,2569.36
476,medium,14,10:49:35,10:49:39,11:23:14,COMPLETED,35662.0,33595.9,4.30,2019.77
492,medium,14,10:56:24,10:56:26,11:23:21,COMPLETED,32425.0,26922.4,2.23,1617.28
536,medium,13,11:21:46,11:21:51,11:23:40,COMPLETED,25107.0,1830.5,5.03,114.53
394,hard,15,10:59:10,10:59:14,11:24:31,COMPLETED,30234.0,25291.6,4.43,1521.64
630,hard,15,11:02:36,11:02:36,11:25:28,COMPLETED,32386.0,22868.0,0.73,1372.57
552,easy,11,11:25:01,11:25:03,11:25:34,COMPLETED,35311.0,533.6,2.28,33.96
633,easy,12,11:21:38,11:21:38,11:25:41,COMPLETED,32014.0,4055.1,0.27,243.34
625,easy,11,11:24:23,11:24:25,11:25:41,COMPLETED,30225.0,1272.8,2.31,78.34
577,easy,11,11:25:34,11:25:34,11:25:41,COMPLETED,23670.0,112.4,0.96,7.34
524,easy,12,11:23:08,11:23:08,11:26:06,COMPLETED,36076.0,2978.2,0.36,178.72
674,medium,14,11:21:45,11:21:51,11:26:13,COMPLETED,27169.0,4373.2,6.03,268.15
642,easy,12,11:25:52,11:25:54,11:26:13,COMPLETED,23706.0,324.1,2.03,21.15
657,easy,12,11:24:27,11:24:31,11:26:19,COMPLETED,25496.0,1802.7,4.64,112.54
597,easy,12,11:23:57,11:24:00,11:26:25,COMPLETED,29890.0,2433.6,3.06,148.86
558,easy,12,11:25:52,11:25:54,11:26:38,COMPLETED,29528.0,744.7,2.03,46.44
636,easy,12,11:23:52,11:23:53,11:26:57,COMPLETED,33282.0,3068.4,1.45,185.35
588,medium,14,11:02:39,11:02:43,11:27:16,COMPLETED,35157.0,24558.6,4.02,1477.35
555,easy,12,11:26:40,11:26:44,11:27:16,COMPLETED,32317.0,531.6,4.74,36.35
663,easy,11,11:27:00,11:27:03,11:27:16,COMPLETED,21328.0,215.6,3.71,16.35
533,easy,12,11:27:43,11:27:47,11:29:16,COMPLETED,24182.0,1480.1,4.81,93.27
440,hard,15,10:30:06,10:30:06,11:29:22,COMPLETED,33796.0,59268.5,0.69,3556.66
510,medium,13,11:28:13,11:28:13,11:29:22,COMPLETED,30729.0,1162.3,0.20,69.66
546,easy,11,11:29:28,11:29:28,11:29:35,COMPLETED,22354.0,118.6,0.97,7.49
585,easy,11,11:29:29,11:29:35,11:29:48,COMPLETED,26614.0,225.8,6.49,19.59
626,medium,13,11:25:17,11:25:22,11:30:33,COMPLETED,36266.0,5197.0,5.21,316.77
523,hard,15,11:06:07,11:06:11,11:30:40,COMPLETED,27192.0,24474.4,4.94,1473.09
516,medium,13,11:30:52,11:30:52,11:31:44,COMPLETED,26384.0,865.0,0.87,52.34
559,easy,12,11:31:19,11:31:24,11:31:44,COMPLETED,26835.0,334.0,5.77,25.34
542,easy,12,11:31:32,11:31:37,11:31:57,COMPLETED,24816.0,333.1,5.79,25.31
565,easy,11,11:32:10,11:32:10,11:32:16,COMPLETED,28276.0,118.2,0.26,7.00
449,hard,15,10:15:11,10:15:15,11:32:49,COMPLETED,25211.0,77556.3,4.90,4658.16
632,easy,12,11:30:09,11:30:14,11:33:14,COMPLETED,36361.0,3004.5,5.39,185.36
373,hard,15,10:07:13,10:07:17,11:33:20,COMPLETED,34104.0,86056.5,4.39,5167.72
519,medium,14,11:27:48,11:27:54,11:33:52,COMPLETED,26677.0,5971.4,6.17,364.20
649,easy,12,11:32:04,11:32:10,11:33:52,COMPLETED,21963.0,1703.4,6.26,108.20
644,hard,15,11:23:56,11:24:00,11:34:04,COMPLETED,31382.0,10084.1,4.06,608.83
586,medium,13,11:32:22,11:32:23,11:34:55,COMPLETED,27120.0,2547.6,1.50,153.92
570,easy,12,11:34:22,11:34:23,11:35:21,COMPLETED,27815.0,976.0,1.73,59.85
528,medium,13,11:22:57,11:23:01,11:35:41,COMPLETED,26901.0,12660.5,4.77,764.10
544,easy,12,11:35:55,11:36:00,11:36:12,COMPLETED,26190.0,217.0,5.06,17.75
648,easy,11,11:36:08,11:36:12,11:36:19,COMPLETED,20414.0,111.1,4.75,11.12
564,medium,13,11:28:24,11:28:25,11:38:06,COMPLETED,26340.0,9682.8,1.89,582.62
556,medium,13,11:37:18,11:37:22,11:38:06,COMPLETED,28717.0,743.1,4.34,48.62
618,easy,11,11:37:54,11:38:00,11:38:06,COMPLETED,24369.0,111.4,6.26,12.62
611,easy,11,11:38:11,11:38:12,11:38:25,COMPLETED,23896.0,215.8,1.97,14.62
645,easy,12,11:37:08,11:37:09,11:38:31,COMPLETED,24200.0,1376.5,1.68,83.94
676,easy,12,11:38:44,11:38:44,11:38:57,COMPLETED,25095.0,216.1,0.58,13.25
634,easy,11,11:39:01,11:39:03,11:39:16,COMPLETED,24737.0,217.0,2.57,15.24
571,easy,12,11:39:02,11:39:03,11:39:22,COMPLETED,24455.0,322.4,1.57,20.63
574,easy,12,11:39:29,11:39:35,11:39:48,COMPLETED,29395.0,216.8,6.40,19.11
538,easy,11,11:39:37,11:39:41,11:39:48,COMPLETED,25559.0,110.9,4.77,11.11
616,medium,14,11:18:07,11:18:10,11:40:13,COMPLETED,29693.0,22055.1,3.21,1326.32
534,hard,15,11:05:40,11:05:46,11:40:19,COMPLETED,33967.0,34559.3,6.24,2079.63
659,medium,13,11:32:27,11:32:29,11:41:23,COMPLETED,31667.0,8908.6,2.86,536.94
612,easy,12,11:41:03,11:41:04,11:41:30,COMPLETED,28018.0,441.9,1.53,27.53
643,easy,11,11:41:02,11:41:04,11:41:37,COMPLETED,26193.0,549.5,2.53,35.18
620,easy,12,11:40:56,11:40:58,11:41:50,COMPLETED,30796.0,872.8,2.12,54.01
671,medium,13,11:40:37,11:40:38,11:43:13,COMPLETED,31344.0,2594.9,1.58,156.82
584,easy,11,11:43:22,11:43:26,11:43:39,COMPLETED,30911.0,223.4,4.96,17.89
467,medium,14,10:19:02,10:19:02,11:43:46,COMPLETED,37464.0,84734.9,0.45,5084.41
654,easy,12,11:42:30,11:42:35,11:43:46,COMPLETED,27880.0,1192.0,5.19,76.41
658,easy,12,11:44:19,11:44:24,11:44:50,COMPLETED,29726.0,443.4,5.70,31.83
530,easy,11,11:44:36,11:44:37,11:44:50,COMPLETED,23155.0,226.7,1.74,14.83
310,hard,15,09:21:05,09:21:06,11:45:23,COMPLETED,29920.0,144280.7,1.48,8658.18
605,easy,12,11:45:17,11:45:23,11:45:36,COMPLETED,29997.0,224.5,6.18,19.34
606,medium,13,11:43:15,11:43:20,11:46:01,COMPLETED,29355.0,2700.7,5.33,166.93
670,medium,14,11:32:10,11:32:10,11:46:14,COMPLETED,32009.0,14083.1,0.26,844.91
668,easy,11,11:45:25,11:45:29,11:46:14,COMPLETED,24644.0,763.3,4.75,49.91
568,easy,11,11:46:12,11:46:14,11:46:21,COMPLETED,24086.0,119.3,2.91,9.61
532,medium,14,11:26:52,11:26:57,11:47:06,COMPLETED,31224.0,20154.6,5.35,1214.41
587,medium,13,11:40:24,11:40:25,11:47:06,COMPLETED,36379.0,6679.1,1.94,402.41
580,easy,11,11:47:09,11:47:12,11:47:19,COMPLETED,24454.0,111.1,3.73,10.11
520,medium,13,11:36:29,11:36:31,11:47:44,COMPLETED,29684.0,11216.0,2.72,675.39
578,medium,13,11:47:20,11:47:25,11:48:09,COMPLETED,26313.0,740.8,5.42,49.60
594,easy,12,11:47:43,11:47:44,11:48:09,COMPLETED,22034.0,424.9,1.39,26.60
282,hard,15,09:24:35,09:24:37,11:48:34,COMPLETED,36254.0,143962.3,2.09,8639.79
615,easy,11,11:48:16,11:48:22,11:48:34,COMPLETED,22693.0,214.8,6.18,18.79
640,medium,13,11:45:44,11:45:49,11:48:41,COMPLETED,29279.0,2872.3,5.01,177.10
637,easy,11,11:49:01,11:49:06,11:49:18,COMPLETED,29557.0,214.3,5.19,17.79
562,hard,15,11:17:45,11:17:51,11:49:25,COMPLETED,29706.0,31567.1,6.28,1900.08
551,easy,12,11:49:20,11:49:25,11:50:15,COMPLETED,28030.0,844.0,5.08,55.46
651,easy,12,11:49:50,11:49:50,11:50:15,COMPLETED,22687.0,424.8,0.21,25.46
623,easy,11,11:50:40,11:50:40,11:50:46,COMPLETED,27717.0,111.1,0.57,6.92
573,easy,11,11:50:44,11:50:46,11:50:59,COMPLETED,34869.0,216.3,2.92,15.64
575,easy,11,11:52:40,11:52:41,11:52:47,COMPLETED,22114.0,115.9,1.20,7.87
569,easy,11,11:52:36,11:52:41,11:52:54,COMPLETED,31106.0,227.2,5.20,18.28
592,easy,12,11:53:27,11:53:33,11:53:52,COMPLETED,28022.0,335.9,6.02,25.57
613,medium,13,11:52:55,11:53:00,11:54:05,COMPLETED,29616.0,1085.7,5.89,70.71
650,easy,12,11:51:38,11:51:43,11:54:12,COMPLETED,22539.0,2478.5,5.62,154.07
567,easy,11,11:53:52,11:53:52,11:54:12,COMPLETED,26077.0,329.6,0.57,20.07
487,hard,15,10:57:05,10:57:05,11:54:18,COMPLETED,25933.0,57221.0,0.45,3433.38
661,easy,11,11:54:18,11:54:18,11:54:38,COMPLETED,29778.0,338.6,0.38,20.12
188,hard,15,09:54:26,09:54:29,11:54:51,COMPLETED,38979.0,120359.7,3.63,7225.05
678,medium,13,11:52:51,11:52:54,11:55:36,COMPLETED,26980.0,2708.2,3.28,165.34
591,easy,12,11:55:13,11:55:16,11:55:49,COMPLETED,30805.0,548.4,3.94,36.52
531,easy,12,11:51:36,11:51:37,11:55:55,COMPLETED,43178.0,4317.0,1.29,259.89
517,easy,11,11:55:40,11:55:42,11:56:02,COMPLETED,26527.0,333.7,2.86,22.42
629,easy,11,11:55:49,11:55:49,11:56:08,COMPLETED,27909.0,333.6,0.52,19.95
596,easy,12,11:54:36,11:54:38,11:56:35,COMPLETED,30895.0,1957.9,2.12,119.16
581,easy,12,11:55:41,11:55:42,11:56:35,COMPLETED,24799.0,878.0,1.86,54.16
543,hard,15,11:10:56,11:11:00,11:56:48,COMPLETED,25321.0,45800.8,4.42,2752.19
204,hard,15,09:42:53,09:42:58,11:58:11,COMPLETED,26039.0,135215.6,5.78,8118.66
549,medium,13,11:56:11,11:56:15,11:59:02,COMPLETED,32768.0,2779.1,4.59,171.15
572,easy,11,11:59:44,11:59:46,11:59:59,COMPLETED,32983.0,219.8,2.33,15.14
381,hard,15,10:48:14,10:48:16,12:00:49,COMPLETED,34289.0,72555.6,2.50,4355.72
42,hard,15,08:04:01,08:04:03,12:01:21,COMPLETED,36786.0,237302.5,2.09,14240.32
590,medium,14,11:35:41,11:35:41,12:01:21,COMPLETED,25901.0,25673.9,0.10,1540.32
522,hard,15,11:46:29,11:46:34,12:02:11,COMPLETED,33319.0,15623.3,5.57,942.75
813,easy,12,12:01:32,12:01:33,12:02:30,COMPLETED,28334.0,950.6,1.93,58.69
844,easy,11,12:02:42,12:02:43,12:02:56,COMPLETED,26787.0,218.9,1.29,14.11
518,medium,13,11:57:21,11:57:26,12:03:08,COMPLETED,24399.0,5708.2,5.87,347.93
81,hard,15,08:37:40,08:37:45,12:03:15,COMPLETED,30976.0,205506.4,5.10,12335.44
525,medium,14,11:57:57,11:57:58,12:03:47,COMPLETED,33414.0,5816.2,1.88,350.38
380,hard,15,10:08:22,10:08:26,12:05:17,COMPLETED,33198.0,116851.6,4.25,7015.23
526,medium,14,11:39:27,11:39:28,12:05:17,COMPLETED,33951.0,25810.3,1.99,1550.23
369,medium,14,10:55:32,10:55:34,12:05:36,COMPLETED,35535.0,70037.3,2.71,4204.67
699,easy,12,12:05:37,12:05:43,12:06:02,COMPLETED,27943.0,324.5,6.27,25.36
635,medium,13,11:41:35,11:41:37,12:06:08,COMPLETED,42370.0,24529.7,2.18,1473.78
823,easy,12,12:06:01,12:06:02,12:06:28,COMPLETED,28382.0,436.5,1.36,27.11
788,easy,12,12:06:19,12:06:21,12:06:34,COMPLETED,32023.0,225.0,2.54,15.60
539,medium,14,11:59:59,11:59:59,12:06:47,COMPLETED,29923.0,6809.1,0.14,408.40
262,hard,15,09:38:34,09:38:40,12:07:13,COMPLETED,33247.0,148552.9,6.27,8919.26
593,medium,14,11:13:15,11:13:19,12:07:13,COMPLETED,36482.0,53897.6,4.80,3238.26
834,easy,12,12:05:36,12:05:36,12:07:26,COMPLETED,33129.0,1830.8,0.67,110.27
738,easy,12,12:07:11,12:07:13,12:07:58,COMPLETED,29527.0,755.6,2.26,47.15
712,medium,13,12:05:40,12:05:43,12:08:17,COMPLETED,28149.0,2574.8,3.27,157.54
647,medium,14,11:50:39,11:50:40,12:08:49,COMPLETED,28560.0,18161.3,1.57,1090.74
675,medium,14,11:56:10,11:56:15,12:09:15,COMPLETED,21268.0,12999.8,5.59,785.37
750,easy,11,12:09:04,12:09:09,12:09:15,COMPLETED,29213.0,110.9,5.02,11.37
728,easy,12,12:08:48,12:08:49,12:10:30,COMPLETED,35739.0,1690.0,1.74,102.96
690,medium,14,12:04:21,12:04:25,12:10:56,COMPLETED,29505.0,6512.8,4.63,395.17
808,easy,12,12:07:01,12:07:06,12:11:46,COMPLETED,33351.0,4668.3,5.68,285.54
186,medium,14,09:26:39,09:26:41,12:12:11,COMPLETED,41828.0,165506.3,2.32,9932.67
792,easy,11,12:12:28,12:12:30,12:12:37,COMPLETED,27510.0,112.1,2.70,9.12
775,easy,11,12:12:29,12:12:30,12:12:37,COMPLETED,29299.0,111.6,1.70,8.12
811,easy,12,12:12:24,12:12:24,12:12:49,COMPLETED,25465.0,429.2,0.32,25.76
599,hard,15,11:54:23,11:54:24,12:13:40,COMPLETED,27199.0,19259.0,1.98,1157.41
782,medium,13,12:11:27,12:11:27,12:13:53,COMPLETED,34313.0,2432.7,0.64,146.26
779,easy,12,12:13:12,12:13:15,12:13:53,COMPLETED,28823.0,642.1,3.11,41.26
739,easy,12,12:13:21,12:13:21,12:14:18,COMPLETED,26094.0,964.1,0.47,57.73
824,easy,12,12:15:16,12:15:17,12:15:49,COMPLETED,31348.0,541.0,1.09,33.14
818,easy,12,12:14:43,12:14:44,12:16:02,COMPLETED,30635.0,1296.7,1.71,79.05
784,easy,11,12:16:28,12:16:28,12:16:47,COMPLETED,33065.0,336.0,0.32,19.97
713,easy,12,12:16:03,12:16:08,12:16:54,COMPLETED,29976.0,773.4,5.57,51.52
607,hard,15,11:54:21,11:54:24,12:17:20,COMPLETED,30635.0,22927.3,3.98,1379.31
826,medium,14,12:04:27,12:04:32,12:17:20,COMPLETED,33897.0,12807.8,5.21,773.31
691,easy,12,12:16:17,12:16:21,12:17:39,COMPLETED,30680.0,1316.3,4.64,82.93
776,easy,12,12:17:16,12:17:20,12:17:46,COMPLETED,30729.0,450.9,4.31,30.70
760,easy,12,12:17:38,12:17:39,12:17:53,COMPLETED,15706.0,230.0,1.93,15.45
795,easy,11,12:17:42,12:17:46,12:18:06,COMPLETED,28816.0,334.2,4.70,24.28
736,easy,11,12:17:44,12:17:46,12:18:06,COMPLETED,26287.0,333.4,2.70,22.28
512,medium,14,11:59:49,11:59:52,12:18:57,COMPLETED,23015.0,19088.4,3.74,1148.84
828,easy,11,12:19:01,12:19:04,12:19:17,COMPLETED,25655.0,228.3,3.17,16.37
744,medium,13,12:15:04,12:15:04,12:19:30,COMPLETED,33117.0,4443.2,0.06,266.32
682,easy,11,12:19:10,12:19:10,12:19:36,COMPLETED,30195.0,444.1,0.80,26.73
786,easy,11,12:19:32,12:19:36,12:19:50,COMPLETED,25906.0,230.6,4.73,18.00
665,hard,15,11:54:01,11:54:05,12:20:09,COMPLETED,30862.0,26066.2,4.71,1568.48
801,easy,12,12:20:03,12:20:15,12:20:47,COMPLETED,22956.0,532.8,12.82,44.49
698,easy,12,12:06:38,12:06:41,12:21:06,COMPLETED,41293.0,14427.2,3.07,868.48
689,easy,12,12:20:56,12:21:00,12:22:16,COMPLETED,27656.0,1271.8,4.13,80.12
681,easy,12,12:21:11,12:22:22,12:24:41,COMPLETED,23295.0,2323.3,71.47,210.56
688,medium,14,12:08:47,12:08:49,12:25:07,COMPLETED,32895.0,16293.1,2.74,980.06
825,easy,11,12:21:42,12:25:13,12:25:19,COMPLETED,31811.0,111.3,211.47,217.83
797,medium,13,12:17:24,12:17:26,12:26:29,COMPLETED,36117.0,9050.6,2.80,545.55
711,medium,13,12:16:17,12:16:21,12:27:39,COMPLETED,30729.0,11300.3,4.64,682.51
765,medium,14,12:21:03,12:21:12,12:28:04,COMPLETED,31613.0,6873.0,9.82,421.90
835,medium,13,12:19:25,12:19:30,12:28:11,COMPLETED,32528.0,8688.4,5.32,526.25
707,medium,14,12:18:41,12:18:45,12:28:17,COMPLETED,35489.0,9547.6,4.17,576.70
817,easy,11,12:22:35,12:28:17,12:28:24,COMPLETED,30359.0,112.3,342.70,349.09
774,easy,11,12:23:10,12:28:24,12:28:36,COMPLETED,25900.0,219.1,314.09,326.89
714,easy,12,12:21:52,12:25:26,12:28:49,COMPLETED,36032.0,3397.7,214.18,417.71
829,medium,14,12:19:31,12:19:36,12:29:21,COMPLETED,31603.0,9749.6,5.73,590.45
723,medium,13,12:21:57,12:26:35,12:29:53,COMPLETED,27398.0,3290.0,278.93,476.05
722,easy,11,12:24:39,12:29:59,12:30:12,COMPLETED,28467.0,217.1,320.38,333.11
781,easy,12,12:23:53,12:28:30,12:30:43,COMPLETED,34516.0,2228.7,277.46,410.90
733,easy,11,12:25:17,12:30:50,12:31:16,COMPLETED,33673.0,444.9,333.23,359.39
761,easy,12,12:25:08,12:30:18,12:31:48,COMPLETED,31315.0,1514.2,310.44,400.77
609,hard,15,11:23:52,11:23:53,12:31:55,COMPLETED,35693.0,68037.1,1.45,4083.34
768,easy,12,12:26:12,12:31:22,12:32:08,COMPLETED,27979.0,766.3,310.97,356.65
842,easy,11,12:26:25,12:32:02,12:32:14,COMPLETED,28669.0,221.5,337.02,349.98
709,hard,15,12:07:39,12:07:45,12:32:27,COMPLETED,32266.0,24712.1,6.32,1488.70
684,easy,11,12:26:45,12:32:14,12:32:27,COMPLETED,26533.0,221.6,329.98,342.70
771,easy,11,12:27:37,12:32:34,12:32:41,COMPLETED,32604.0,119.1,297.32,304.26
687,easy,12,12:27:14,12:32:34,12:33:25,COMPLETED,24267.0,861.4,320.32,371.68
783,medium,13,12:24:36,12:29:27,12:33:44,COMPLETED,28401.0,4287.2,291.78,548.73
508,hard,15,10:57:24,10:57:24,12:33:51,COMPLETED,32086.0,96438.0,0.93,5787.06
785,easy,12,12:28:47,12:33:57,12:34:16,COMPLETED,24533.0,321.7,310.43,329.43
757,medium,13,12:26:17,12:31:55,12:34:41,COMPLETED,33128.0,2778.3,338.34,504.76
755,medium,13,12:27:52,12:33:32,12:34:48,COMPLETED,26964.0,1273.0,340.05,416.10
719,hard,15,12:17:39,12:17:39,12:35:13,COMPLETED,31244.0,17561.0,0.93,1054.46
724,easy,12,12:30:26,12:34:48,12:35:32,COMPLETED,31734.0,746.7,262.10,306.52
732,easy,12,12:30:43,12:35:19,12:35:45,COMPLETED,28385.0,430.3,276.79,302.30
603,hard,15,11:34:04,11:34:04,12:35:51,COMPLETED,34210.0,61783.2,0.83,3707.64
470,hard,15,10:05:08,10:05:12,12:36:04,COMPLETED,33652.0,150867.3,4.38,9056.36
716,easy,12,12:31:51,12:35:51,12:36:36,COMPLETED,33471.0,746.0,240.64,285.10
683,hard,15,12:20:01,12:20:03,12:37:26,COMPLETED,31446.0,17398.0,2.13,1045.74
830,medium,14,12:30:30,12:34:54,12:38:30,COMPLETED,28508.0,3602.0,264.47,480.26
754,easy,12,12:29:08,12:34:22,12:38:55,COMPLETED,29683.0,4553.9,314.76,587.72
772,medium,13,12:32:08,12:35:58,12:38:55,COMPLETED,35583.0,2966.8,230.00,407.72
705,easy,12,12:33:06,12:38:36,12:38:55,COMPLETED,28981.0,323.3,330.64,349.72
790,easy,12,12:33:17,12:39:02,12:39:34,COMPLETED,33441.0,552.2,345.06,377.71
777,easy,12,12:33:54,12:39:02,12:39:41,COMPLETED,25351.0,657.1,308.06,347.26
740,medium,14,12:28:08,12:33:51,12:40:07,COMPLETED,29813.0,6276.3,343.06,719.20
845,easy,12,12:34:18,12:39:41,12:40:39,COMPLETED,26987.0,979.0,323.26,381.51
751,medium,13,12:22:32,12:28:11,12:41:56,COMPLETED,36275.0,13756.1,339.25,1164.32
798,easy,12,12:35:40,12:42:02,12:42:21,COMPLETED,24057.0,321.7,382.70,401.70
838,hard,15,12:13:05,12:13:08,12:42:47,COMPLETED,38908.0,29641.8,3.73,1782.02
766,medium,13,12:35:43,12:42:28,12:43:06,COMPLETED,27268.0,641.8,405.02,443.02
837,medium,13,12:19:51,12:19:56,12:44:55,COMPLETED,30040.0,24980.5,5.72,1504.32
745,medium,14,12:09:37,12:09:40,12:45:58,COMPLETED,24975.0,36309.3,3.53,2181.89
799,medium,13,12:32:50,12:37:33,12:47:52,COMPLETED,33721.0,10329.1,283.11,902.59
773,easy,12,12:36:36,12:45:01,12:47:52,COMPLETED,29057.0,2854.3,505.65,676.59
717,easy,11,12:37:21,12:47:58,12:48:05,COMPLETED,25764.0,111.2,637.93,644.31
624,hard,15,11:05:42,11:05:46,12:49:08,COMPLETED,36027.0,103371.8,4.24,6206.54
706,easy,11,12:38:59,12:49:14,12:49:34,COMPLETED,28557.0,329.9,615.87,635.15
729,easy,11,12:39:20,12:49:40,12:49:47,COMPLETED,29323.0,118.5,620.70,627.29
809,medium,14,12:34:16,12:39:02,12:49:53,COMPLETED,30895.0,10864.9,286.06,937.83
631,hard,15,11:34:22,11:34:23,12:51:24,COMPLETED,36165.0,77013.0,1.73,4622.31
810,easy,12,12:40:12,12:51:30,12:51:56,COMPLETED,30907.0,440.3,678.85,704.73
836,medium,13,12:32:22,12:36:10,12:52:09,COMPLETED,28171.0,15987.3,228.69,1187.67
696,easy,11,12:40:27,12:52:16,12:52:28,COMPLETED,25840.0,220.9,709.01,721.97
697,medium,13,12:39:31,12:49:53,12:53:20,COMPLETED,29564.0,3457.1,622.83,829.78
718,medium,13,12:34:47,12:39:47,12:54:25,COMPLETED,30973.0,14641.3,300.62,1178.67
807,hard,15,12:11:01,12:11:02,12:55:30,COMPLETED,34147.0,44471.1,1.47,2669.54
708,easy,11,12:41:44,12:55:36,12:55:43,COMPLETED,22611.0,111.9,832.87,839.28
447,hard,15,10:47:18,10:47:19,12:57:11,COMPLETED,31766.0,129881.9,1.01,7793.83
804,easy,12,12:41:54,12:57:18,12:58:08,COMPLETED,33290.0,849.2,924.15,974.75
541,hard,15,11:17:53,11:17:57,12:59:18,COMPLETED,31237.0,101348.7,4.60,6085.42
602,hard,15,11:33:14,11:33:14,12:59:50,COMPLETED,32670.0,86596.8,0.36,5196.04
701,medium,13,12:35:38,12:40:46,13:00:34,COMPLETED,37337.0,19810.5,308.06,1496.30
703,easy,12,12:42:44,12:59:56,13:00:53,COMPLETED,26303.0,968.2,1032.37,1089.96
767,easy,12,12:42:46,13:00:40,13:01:26,COMPLETED,34463.0,765.2,1074.85,1120.28
846,medium,14,12:38:49,12:47:58,13:02:11,COMPLETED,30634.0,14214.1,549.93,1402.40
805,hard,15,12:31:39,12:35:38,13:04:20,COMPLETED,31335.0,28703.0,239.94,1961.74
841,easy,11,12:44:01,13:04:27,13:05:25,COMPLETED,31192.0,973.7,1226.30,1284.40
759,medium,14,12:42:07,12:58:15,13:05:31,COMPLETED,32791.0,7287.0,968.13,1404.76
579,hard,15,11:59:56,11:59:59,13:06:23,COMPLETED,29167.0,66417.2,3.14,3987.92
800,hard,15,12:03:54,12:04:00,13:06:23,COMPLETED,32703.0,62399.3,6.27,3749.92
762,easy,12,12:45:50,13:06:30,13:06:56,COMPLETED,31011.0,435.4,1240.50,1266.33
756,medium,13,12:44:59,13:05:38,13:07:27,COMPLETED,28655.0,1830.2,1239.43,1348.96
831,easy,11,12:46:10,13:07:34,13:08:05,COMPLETED,23313.0,531.7,1284.29,1315.89
506,hard,15,10:09:25,10:09:28,13:08:31,COMPLETED,33007.0,179039.6,3.88,10746.20
685,easy,11,12:46:20,13:08:12,13:08:37,COMPLETED,26425.0,427.6,1312.21,1337.53
833,easy,12,12:46:22,13:08:37,13:08:50,COMPLETED,24905.0,217.2,1335.53,1348.25
822,easy,12,12:47:23,13:08:56,13:09:28,COMPLETED,24343.0,533.3,1293.59,1325.26
553,hard,15,11:11:56,11:11:57,13:10:06,COMPLETED,39408.0,118147.8,1.55,7090.32
847,medium,14,12:43:16,13:01:32,13:10:31,COMPLETED,27855.0,8987.1,1096.82,1635.72
265,hard,15,09:51:11,09:51:15,13:11:09,COMPLETED,31139.0,199908.8,4.29,11998.77
742,hard,15,12:41:03,12:52:35,13:11:09,COMPLETED,35715.0,18579.0,692.29,1806.77
839,easy,12,12:48:21,13:09:34,13:11:22,COMPLETED,28913.0,1803.9,1273.62,1381.54
763,easy,12,12:49:26,13:11:28,13:11:41,COMPLETED,25119.0,221.8,1322.89,1335.72
819,easy,12,12:48:39,13:10:12,13:12:07,COMPLETED,34537.0,1918.7,1293.66,1408.44
812,easy,12,12:48:46,13:10:38,13:12:20,COMPLETED,22657.0,1709.1,1312.12,1414.19
806,medium,13,12:49:06,13:11:16,13:12:26,COMPLETED,27821.0,1186.1,1330.12,1400.74
693,easy,11,12:50:46,13:12:13,13:12:26,COMPLETED,24030.0,225.7,1287.83,1300.74
780,easy,12,12:50:09,13:11:48,13:12:33,COMPLETED,29023.0,764.1,1299.24,1344.42
743,easy,11,12:51:22,13:12:26,13:13:06,COMPLETED,34131.0,664.2,1264.74,1304.30
769,easy,11,12:53:34,13:12:33,13:13:06,COMPLETED,33815.0,551.7,1139.42,1172.30
731,easy,11,12:52:15,13:12:33,13:13:19,COMPLETED,24059.0,769.4,1218.42,1264.11
725,easy,11,12:53:48,13:13:12,13:13:45,COMPLETED,35307.0,549.0,1164.64,1197.12
791,hard,15,12:16:04,12:16:08,13:14:30,COMPLETED,33472.0,58371.1,4.57,3506.66
814,easy,12,12:53:43,13:13:12,13:14:37,COMPLETED,31542.0,1419.4,1169.64,1254.21
700,easy,12,12:55:56,13:14:37,13:15:16,COMPLETED,31606.0,660.4,1121.21,1160.53
720,easy,11,12:57:21,13:15:22,13:15:29,COMPLETED,26860.0,116.4,1081.86,1088.49
638,medium,14,11:45:37,11:45:42,13:15:48,COMPLETED,29013.0,90108.4,5.67,5411.98
695,easy,12,12:57:28,13:15:35,13:15:48,COMPLETED,23579.0,227.3,1087.88,1100.98
694,easy,11,12:57:54,13:15:55,13:16:15,COMPLETED,26551.0,331.9,1081.56,1101.27
730,hard,15,12:14:14,12:14:18,13:16:34,COMPLETED,30197.0,62270.8,4.73,3740.73
748,medium,14,12:24:27,12:28:56,13:17:07,COMPLETED,31233.0,48189.2,269.10,3160.17
710,easy,12,12:58:11,13:16:21,13:17:58,COMPLETED,21017.0,1626.5,1090.59,1187.90
802,easy,12,12:45:59,13:07:02,13:18:05,COMPLETED,23210.0,11047.9,1263.66,1926.22
692,medium,14,12:59:15,13:17:13,13:18:36,COMPLETED,24237.0,1393.1,1078.71,1161.96
726,hard,15,12:10:00,12:10:05,13:18:56,COMPLETED,33996.0,68841.5,5.69,4136.02
610,medium,14,11:56:22,11:56:22,13:19:21,COMPLETED,30897.0,82986.4,0.32,4979.37
627,hard,15,11:26:04,11:26:06,13:19:40,COMPLETED,30430.0,113563.0,2.72,6816.40
796,medium,14,12:45:52,13:06:30,13:19:46,COMPLETED,33222.0,13273.0,1238.50,2034.73
778,hard,15,12:27:12,12:32:21,13:20:05,COMPLETED,36961.0,47742.9,309.35,3173.76
1011,medium,13,13:00:43,13:19:53,13:20:12,COMPLETED,28116.0,323.6,1150.10,1169.12
859,easy,11,13:01:05,13:20:12,13:20:31,COMPLETED,24062.0,326.1,1147.12,1166.33
981,easy,12,13:01:32,13:20:37,13:20:44,COMPLETED,23660.0,112.3,1145.71,1152.10
938,medium,13,13:00:19,13:19:27,13:21:34,COMPLETED,23309.0,2125.1,1148.71,1275.93
929,medium,13,13:01:50,13:21:41,13:22:51,COMPLETED,31585.0,1170.5,1191.25,1261.18
749,medium,14,12:47:05,13:08:43,13:23:10,COMPLETED,36386.0,14452.3,1298.90,2165.66
868,easy,12,13:01:11,13:20:18,13:23:10,COMPLETED,25785.0,2877.0,1147.55,1319.66
857,easy,12,13:02:12,13:23:17,13:23:36,COMPLETED,29496.0,328.6,1265.22,1284.63
890,medium,13,13:01:49,13:20:50,13:23:42,COMPLETED,27561.0,2881.2,1141.48,1313.97
879,easy,12,13:01:59,13:22:57,13:23:49,COMPLETED,30285.0,874.6,1258.51,1310.40
926,easy,11,13:02:52,13:23:42,13:23:56,COMPLETED,27203.0,223.5,1250.97,1264.04
753,medium,14,12:44:35,13:05:31,13:24:09,COMPLETED,27747.0,18627.9,1256.76,2374.04
908,easy,11,13:03:04,13:23:49,13:24:15,COMPLETED,34598.0,442.1,1245.40,1271.60
1003,easy,11,13:04:45,13:24:02,13:24:15,COMPLETED,21619.0,225.4,1157.42,1170.60
770,medium,13,12:54:01,13:13:25,13:24:28,COMPLETED,32584.0,11051.5,1164.66,1827.36
925,easy,11,13:04:17,13:23:56,13:24:34,COMPLETED,28386.0,657.8,1179.04,1217.90
881,medium,13,13:00:22,13:19:46,13:24:41,COMPLETED,25608.0,4922.9,1164.73,1459.57
1012,easy,11,13:05:33,13:24:34,13:24:48,COMPLETED,23098.0,231.1,1141.90,1155.17
820,hard,15,12:24:25,12:28:43,13:24:54,COMPLETED,26084.0,56198.0,258.28,3629.81
860,easy,12,13:05:33,13:24:41,13:25:01,COMPLETED,27551.0,336.6,1148.57,1168.45
1008,medium,13,13:07:51,13:25:07,13:25:46,COMPLETED,29263.0,655.6,1036.81,1075.76
583,hard,15,11:56:03,11:56:08,13:25:53,COMPLETED,29967.0,89740.0,5.95,5390.17
628,hard,15,11:25:40,11:25:41,13:26:05,COMPLETED,32219.0,120412.7,1.34,7225.93
1017,easy,12,13:05:25,13:24:21,13:26:05,COMPLETED,33773.0,1740.6,1136.98,1240.93
951,easy,12,13:06:48,13:25:01,13:26:25,COMPLETED,30934.0,1412.6,1093.45,1177.73
950,medium,14,13:02:36,13:23:17,13:26:38,COMPLETED,30827.0,3363.8,1241.22,1442.89
686,medium,14,12:53:35,13:12:40,13:26:45,COMPLETED,32057.0,14093.1,1145.15,1990.21
875,easy,11,13:09:11,13:26:32,13:26:45,COMPLETED,25636.0,227.0,1041.27,1054.21
966,easy,12,13:09:08,13:26:12,13:26:51,COMPLETED,26554.0,660.9,1024.53,1063.94
942,easy,11,13:10:07,13:26:45,13:26:51,COMPLETED,25592.0,118.1,998.21,1004.94
887,easy,12,13:11:55,13:26:58,13:27:11,COMPLETED,26434.0,226.0,903.33,916.53
922,easy,12,13:10:47,13:26:51,13:27:30,COMPLETED,29884.0,658.3,964.94,1004.00
945,easy,12,13:10:37,13:26:51,13:28:09,COMPLETED,26588.0,1303.4,974.94,1052.78
954,medium,13,13:05:36,13:24:48,13:28:16,COMPLETED,29675.0,3472.5,1152.17,1360.21
907,easy,12,13:12:01,13:27:18,13:28:16,COMPLETED,26001.0,975.5,917.03,975.21
855,easy,11,13:14:39,13:28:22,13:28:35,COMPLETED,31649.0,221.4,823.59,836.58
886,easy,12,13:08:07,13:25:59,13:28:48,COMPLETED,35126.0,2816.5,1072.57,1241.27
851,easy,12,13:15:35,13:28:41,13:28:54,COMPLETED,28327.0,217.4,786.91,799.61
787,medium,14,12:54:20,13:13:51,13:29:00,COMPLETED,33836.0,15159.3,1171.69,2080.99
946,easy,11,13:15:55,13:29:07,13:29:26,COMPLETED,30374.0,322.7,792.36,811.41
832,medium,14,12:08:42,12:08:43,13:30:23,COMPLETED,34201.0,81673.1,1.19,4901.46
793,medium,14,12:59:56,13:18:43,13:30:36,COMPLETED,30459.0,11885.2,1127.34,1840.18
962,easy,12,13:14:14,13:28:16,13:30:36,COMPLETED,25669.0,2338.6,842.21,982.18
1005,medium,13,13:12:12,13:27:37,13:31:14,COMPLETED,33566.0,3616.7,925.53,1142.26
932,easy,12,13:17:54,13:30:42,13:31:14,COMPLETED,20466.0,532.6,768.57,800.26
1018,easy,12,13:16:35,13:30:42,13:31:52,COMPLETED,27119.0,1171.3,847.57,917.50
843,hard,15,12:58:42,13:16:41,13:32:11,COMPLETED,29775.0,15509.8,1079.28,2009.65
1000,easy,12,13:18:29,13:31:20,13:32:17,COMPLETED,29717.0,962.6,771.60,828.97
1006,medium,13,13:18:56,13:31:58,13:32:30,COMPLETED,22068.0,537.9,782.89,814.81
914,easy,11,13:20:18,13:32:24,13:32:37,COMPLETED,24908.0,219.8,726.40,739.20
935,medium,13,13:16:01,13:29:32,13:32:43,COMPLETED,30955.0,3186.5,811.75,1002.62
903,easy,11,13:19:44,13:32:17,13:32:49,COMPLETED,30029.0,539.3,753.97,785.99
989,easy,11,13:21:36,13:32:49,13:33:02,COMPLETED,27569.0,218.5,673.99,686.73
986,medium,14,13:07:52,13:25:53,13:33:09,COMPLETED,29813.0,7270.7,1081.17,1517.12
905,easy,12,13:20:27,13:32:37,13:33:09,COMPLETED,34047.0,537.7,730.20,762.12
849,hard,15,12:35:29,12:40:13,13:33:15,COMPLETED,34458.0,53033.0,284.73,3466.50
913,easy,12,13:22:41,13:33:09,13:33:28,COMPLETED,25871.0,324.7,628.12,647.25
984,easy,11,13:23:41,13:33:21,13:33:28,COMPLETED,28685.0,112.4,580.90,587.25
892,medium,13,13:16:26,13:30:29,13:34:00,COMPLETED,34746.0,3508.3,843.78,1054.01
1015,easy,12,13:24:08,13:33:34,13:34:00,COMPLETED,26116.0,427.0,566.66,592.01
972,easy,12,13:18:53,13:31:20,13:34:06,COMPLETED,33168.0,2767.9,747.60,913.35
920,easy,11,13:25:30,13:34:12,13:34:19,COMPLETED,27947.0,111.3,522.77,529.14
933,medium,14,13:23:05,13:33:15,13:34:25,COMPLETED,33532.0,1171.7,610.50,680.47
930,easy,11,13:24:31,13:34:06,13:34:25,COMPLETED,29001.0,324.2,575.35,594.47
1009,easy,11,13:25:50,13:34:31,13:35:10,COMPLETED,39452.0,643.8,521.86,560.14
991,medium,13,13:20:37,13:32:43,13:35:22,COMPLETED,23614.0,2660.9,726.62,885.95
897,easy,11,13:26:08,13:35:16,13:35:22,COMPLETED,21534.0,113.3,548.53,554.95
970,medium,13,13:22:24,13:32:56,13:35:35,COMPLETED,31821.0,2661.3,632.36,791.77
921,easy,11,13:26:14,13:35:29,13:35:48,COMPLETED,34665.0,323.3,555.35,574.45
915,medium,14,13:08:24,13:26:12,13:37:04,COMPLETED,26148.0,10867.4,1068.53,1720.34
888,easy,12,13:26:27,13:35:42,13:37:10,COMPLETED,33036.0,1482.2,555.10,643.68
979,medium,13,13:26:23,13:35:29,13:37:36,COMPLETED,25236.0,2115.7,546.35,673.05
937,easy,12,13:27:15,13:37:10,13:37:55,COMPLETED,26715.0,744.6,595.68,640.06
992,easy,12,13:27:21,13:37:17,13:38:01,COMPLETED,30385.0,744.3,596.07,640.39
852,easy,12,13:23:42,13:33:34,13:38:14,COMPLETED,29641.0,4662.0,592.66,872.11
995,easy,11,13:27:39,13:38:01,13:38:26,COMPLETED,26650.0,428.5,622.39,647.81
953,easy,11,13:29:47,13:38:33,13:39:04,COMPLETED,27780.0,535.1,526.14,557.75
880,medium,13,13:28:36,13:38:07,13:39:11,COMPLETED,21056.0,1068.1,571.76,635.28
803,hard,15,12:22:25,12:27:45,13:39:30,COMPLETED,33653.0,71753.5,320.83,4625.81
940,easy,11,13:30:04,13:39:11,13:39:30,COMPLETED,28848.0,334.3,547.28,566.81
996,easy,11,13:31:20,13:39:17,13:39:30,COMPLETED,25463.0,224.5,477.90,490.81
898,easy,11,13:31:24,13:39:37,13:39:44,COMPLETED,28062.0,121.8,493.41,500.21
895,easy,12,13:31:31,13:39:37,13:39:50,COMPLETED,28330.0,229.9,486.41,499.78
916,easy,11,13:31:46,13:39:50,13:40:04,COMPLETED,30171.0,225.4,484.78,498.02
459,hard,15,10:31:00,10:31:03,13:40:10,COMPLETED,35146.0,189113.8,3.63,11350.34
968,easy,12,13:31:27,13:39:37,13:40:10,COMPLETED,21641.0,553.1,490.41,523.34
721,hard,15,12:18:10,12:18:12,13:40:16,COMPLETED,34135.0,82068.1,2.84,4926.72
918,easy,11,13:33:04,13:40:16,13:40:36,COMPLETED,25922.0,328.5,432.72,452.00
894,easy,11,13:33:36,13:40:23,13:40:55,COMPLETED,32583.0,549.9,407.13,439.63
871,easy,11,13:34:07,13:41:02,13:41:21,COMPLETED,33586.0,325.6,415.18,434.36
1007,medium,13,13:33:02,13:40:16,13:42:05,COMPLETED,26732.0,1824.6,434.72,543.91
943,medium,13,13:15:51,13:29:00,13:42:12,COMPLETED,38347.0,13192.4,789.99,1581.24
958,easy,11,13:35:03,13:42:12,13:42:25,COMPLETED,27553.0,218.1,429.24,442.03
939,medium,13,13:32:20,13:39:57,13:43:03,COMPLETED,31419.0,3098.7,457.41,643.05
910,hard,15,13:15:35,13:28:54,13:43:09,COMPLETED,28737.0,14251.3,799.61,1654.40
924,easy,12,13:34:28,13:41:27,13:43:15,COMPLETED,28386.0,1806.6,419.74,527.78
885,easy,12,13:33:01,13:40:10,13:43:22,COMPLETED,30859.0,3203.6,429.34,621.18
957,medium,13,13:36:19,13:43:15,13:43:41,COMPLETED,31709.0,430.1,416.78,442.29
975,easy,11,13:36:22,13:43:22,13:43:47,COMPLETED,26079.0,429.7,420.18,445.62
956,easy,11,13:37:32,13:43:53,13:44:00,COMPLETED,24677.0,111.0,382.00,388.36
891,easy,12,13:37:45,13:44:06,13:45:16,COMPLETED,27447.0,1165.9,381.68,451.29
998,medium,14,13:35:23,13:42:31,13:45:35,COMPLETED,25176.0,3073.1,428.35,612.41
521,hard,15,11:36:02,11:36:06,13:45:41,COMPLETED,32778.0,129592.5,4.41,7779.78
980,easy,12,13:39:52,13:45:48,13:46:51,COMPLETED,31327.0,1059.1,356.18,419.41
1019,easy,11,13:40:01,13:46:57,13:47:10,COMPLETED,28611.0,216.6,416.75,429.44
978,medium,13,13:37:56,13:45:22,13:47:35,COMPLETED,27008.0,2230.7,446.66,579.98
601,hard,15,11:49:47,11:49:50,13:47:42,COMPLETED,42301.0,117877.2,3.21,7075.57
815,medium,14,12:38:51,12:48:11,13:48:47,COMPLETED,34798.0,60602.3,560.64,4196.53
853,medium,14,13:25:47,13:34:25,13:49:00,COMPLETED,31873.0,14589.8,518.47,1393.63
794,medium,14,12:57:33,13:15:55,13:49:33,COMPLETED,32191.0,33631.7,1102.56,3120.16
961,medium,13,13:40:10,13:47:16,13:49:33,COMPLETED,32313.0,2281.7,426.77,563.16
893,medium,13,13:40:41,13:47:42,13:50:05,COMPLETED,34930.0,2387.8,421.57,564.56
854,easy,12,13:43:53,13:49:39,13:50:37,COMPLETED,25925.0,971.7,346.74,404.77
764,hard,15,12:36:03,12:42:53,13:50:57,COMPLETED,33004.0,68069.6,410.35,4494.31
741,medium,14,12:59:31,13:18:05,13:52:08,COMPLETED,36143.0,34060.4,1114.22,3157.54
877,medium,13,13:41:29,13:48:54,13:54:09,COMPLETED,25779.0,5268.0,445.09,760.90
904,hard,15,13:05:07,13:24:15,13:54:16,COMPLETED,28269.0,30014.4,1148.60,2949.23
872,medium,14,13:26:30,13:35:54,13:54:16,COMPLETED,32405.0,18362.2,564.78,1666.23
863,easy,11,13:44:39,13:54:16,13:54:22,COMPLETED,28310.0,113.0,577.23,583.62
901,easy,12,13:45:15,13:54:22,13:54:35,COMPLETED,25509.0,217.1,547.62,560.40
889,easy,12,13:45:33,13:54:41,13:55:07,COMPLETED,30765.0,426.7,548.73,574.02
1001,easy,12,13:45:07,13:54:22,13:55:13,COMPLETED,31720.0,851.3,555.62,606.35
974,easy,12,13:45:20,13:54:29,13:55:13,COMPLETED,25889.0,744.4,549.05,593.35
917,medium,14,13:44:32,13:52:15,13:55:45,COMPLETED,28614.0,3505.5,463.08,673.12
927,easy,12,13:46:38,13:55:19,13:55:45,COMPLETED,33178.0,427.7,521.74,547.12
985,easy,11,13:48:27,13:55:51,13:56:04,COMPLETED,27253.0,216.9,444.47,457.23
964,easy,12,13:48:43,13:56:10,13:56:42,COMPLETED,29085.0,537.3,447.55,479.42
899,easy,12,13:48:24,13:55:51,13:58:30,COMPLETED,31634.0,2662.5,447.47,606.76
866,medium,14,13:33:43,13:40:42,13:58:50,COMPLETED,37764.0,18132.2,419.53,1507.13
864,easy,11,13:48:54,13:58:56,13:59:22,COMPLETED,24181.0,444.5,602.60,628.77
848,hard,15,12:42:53,13:01:00,14:00:26,COMPLETED,40851.0,59444.8,1087.51,4653.92
960,easy,12,13:49:10,13:59:29,14:00:33,COMPLETED,24451.0,1077.5,619.31,683.47
1010,easy,11,13:49:18,14:00:33,14:00:53,COMPLETED,33994.0,335.6,675.47,695.13
869,medium,13,13:45:43,13:55:13,14:01:38,COMPLETED,39109.0,6419.0,570.35,955.21
976,medium,14,13:15:03,13:28:22,14:01:57,COMPLETED,32916.0,33587.1,799.59,2814.57
1014,easy,11,13:49:47,14:01:44,14:01:57,COMPLETED,21813.0,226.3,717.54,730.57
990,easy,11,13:50:25,14:02:04,14:02:23,COMPLETED,24298.0,336.5,699.16,718.87
909,easy,11,13:51:16,14:02:30,14:02:56,COMPLETED,37683.0,439.4,674.41,700.24
873,medium,14,13:11:06,13:26:58,14:03:02,COMPLETED,38288.0,36081.9,952.33,3116.81
896,easy,11,13:52:02,14:03:09,14:03:16,COMPLETED,28541.0,115.6,667.47,674.10
867,medium,13,13:49:35,14:00:59,14:04:00,COMPLETED,27800.0,3027.1,684.66,865.99
923,easy,11,13:52:08,14:04:07,14:04:32,COMPLETED,25983.0,427.5,719.32,744.66
999,easy,12,13:49:33,14:00:40,14:07:36,COMPLETED,37456.0,6943.6,667.01,1083.32
840,hard,15,12:41:52,12:55:49,14:08:07,COMPLETED,33955.0,72308.6,837.61,5175.97
680,hard,15,12:41:25,12:53:27,14:08:27,COMPLETED,31681.0,74998.1,722.32,5222.05
1016,easy,12,13:52:27,14:04:38,14:08:27,COMPLETED,31474.0,3806.7,732.00,960.05
959,easy,11,13:53:23,14:08:14,14:08:52,COMPLETED,33287.0,645.3,891.31,929.54
856,easy,12,13:54:03,14:08:33,14:08:59,COMPLETED,29063.0,433.1,870.43,896.09
912,easy,11,13:54:06,14:08:59,14:09:05,COMPLETED,26371.0,116.1,893.09,899.46
1002,medium,13,13:41:20,13:47:49,14:09:24,COMPLETED,39362.0,21602.6,389.21,1684.99
977,easy,12,13:52:33,14:07:42,14:09:57,COMPLETED,30267.0,2254.5,909.69,1044.48
870,easy,12,13:55:35,14:09:31,14:10:04,COMPLETED,32807.0,551.4,836.53,869.03
1013,easy,12,13:54:27,14:09:12,14:10:36,COMPLETED,27283.0,1416.4,885.10,969.79
902,hard,15,13:44:05,13:50:11,14:10:49,COMPLETED,29947.0,20635.0,366.89,1604.75
982,easy,12,13:54:24,14:09:05,14:11:02,COMPLETED,31767.0,1962.1,881.46,998.73
994,easy,11,13:56:44,14:10:56,14:11:02,COMPLETED,21142.0,119.4,852.08,858.73
944,hard,15,13:48:45,13:56:48,14:11:16,COMPLETED,30777.0,14460.2,483.82,1351.02
858,easy,12,13:58:00,14:11:09,14:11:41,COMPLETED,24356.0,543.1,789.29,821.48
906,easy,12,13:54:05,14:08:33,14:12:53,COMPLETED,32292.0,4333.6,868.43,1128.07
934,easy,12,13:56:43,14:10:43,14:13:05,COMPLETED,28450.0,2387.1,840.12,982.98
948,hard,15,13:45:50,13:55:19,14:13:25,COMPLETED,37840.0,18100.2,569.74,1655.33
737,hard,15,12:21:33,12:24:47,14:14:10,COMPLETED,31215.0,109387.4,194.89,6757.94
973,easy,12,13:58:43,14:13:31,14:14:24,COMPLETED,30694.0,878.9,888.88,941.12
947,medium,13,13:58:33,14:12:59,14:14:30,COMPLETED,27296.0,1529.3,866.56,957.67
955,easy,11,13:59:05,14:14:30,14:14:37,COMPLETED,26226.0,117.7,925.67,932.38
283,hard,15,09:45:38,09:45:41,14:15:34,COMPLETED,36716.0,269882.1,3.90,16196.80
967,hard,15,13:48:51,13:58:37,14:17:03,COMPLETED,30023.0,18439.7,586.25,1692.39
919,easy,12,13:59:14,14:14:43,14:17:28,COMPLETED,29238.0,2754.0,929.77,1094.70
1074,easy,11,14:02:46,14:17:09,14:17:35,COMPLETED,28615.0,427.9,863.72,889.05
1159,easy,11,14:02:52,14:17:35,14:17:41,COMPLETED,23339.0,112.1,883.05,889.42
987,medium,13,13:58:59,14:14:17,14:17:47,COMPLETED,31910.0,3510.7,918.49,1128.80
1138,easy,12,14:03:18,14:17:47,14:18:00,COMPLETED,30724.0,217.2,869.80,882.53
827,hard,15,12:42:10,12:59:24,14:18:06,COMPLETED,29009.0,78705.0,1034.75,5756.86
1186,easy,11,14:03:51,14:17:54,14:18:13,COMPLETED,33959.0,323.6,843.18,862.25
715,hard,15,12:48:55,13:11:16,14:19:10,COMPLETED,27486.0,67903.9,1341.12,5415.21
874,medium,13,13:58:31,14:11:48,14:19:48,COMPLETED,32924.0,8006.6,797.02,1277.14
1134,easy,11,14:05:21,14:19:54,14:20:14,COMPLETED,29329.0,332.5,873.49,893.15
861,hard,15,13:27:31,13:37:42,14:21:31,COMPLETED,31463.0,43825.8,611.39,3240.62
1021,easy,11,14:05:30,14:21:38,14:21:57,COMPLETED,28419.0,329.2,968.18,987.62
1040,medium,14,14:03:00,14:17:41,14:22:10,COMPLETED,37112.0,4493.8,881.42,1150.58
1084,easy,12,14:06:23,14:22:17,14:22:43,COMPLETED,27674.0,442.6,954.16,980.19
1044,medium,13,14:04:59,14:19:16,14:23:02,COMPLETED,26400.0,3779.0,857.54,1083.99
1168,easy,12,14:04:10,14:18:06,14:23:15,COMPLETED,39307.0,5154.8,836.86,1145.67
1081,easy,11,14:07:14,14:23:09,14:23:28,COMPLETED,27850.0,331.0,955.32,974.68
965,medium,14,13:50:50,14:02:04,14:25:24,COMPLETED,32868.0,23347.8,674.16,2074.75
1073,easy,11,14:07:45,14:25:31,14:25:44,COMPLETED,19028.0,224.9,1066.29,1079.41
1128,easy,11,14:07:48,14:25:50,14:26:03,COMPLETED,30576.0,221.2,1082.82,1095.78
983,medium,14,13:36:46,13:43:28,14:26:48,COMPLETED,28901.0,43328.3,402.61,3002.11
1024,medium,14,14:07:23,14:23:22,14:27:00,COMPLETED,31320.0,3647.9,959.24,1177.80
1076,easy,11,14:08:03,14:26:54,14:27:07,COMPLETED,28787.0,217.9,1131.44,1144.17
255,hard,15,09:56:58,09:56:59,14:27:32,COMPLETED,30163.0,270543.1,1.98,16234.53
1116,medium,13,14:08:42,14:27:13,14:28:42,COMPLETED,24647.0,1481.0,1111.55,1200.10
1158,easy,11,14:08:55,14:28:48,14:29:26,COMPLETED,27165.0,636.9,1193.44,1231.34
963,medium,14,13:55:44,14:10:04,14:29:51,COMPLETED,39588.0,19798.9,860.03,2047.74
969,hard,15,13:44:12,13:50:44,14:31:20,COMPLETED,36868.0,40615.3,392.17,2828.85
1032,easy,11,14:09:26,14:31:27,14:31:40,COMPLETED,29302.0,223.2,1321.24,1334.14
911,medium,14,13:52:05,14:03:22,14:33:29,COMPLETED,32520.0,30131.6,677.44,2484.97
1132,easy,11,14:09:38,14:33:36,14:34:08,COMPLETED,29532.0,549.0,1438.52,1470.97
1167,medium,13,14:07:48,14:26:10,14:34:28,COMPLETED,26106.0,8316.6,1102.12,1600.64
1053,easy,11,14:09:56,14:34:15,14:34:47,COMPLETED,26260.0,545.8,1459.50,1491.94
1166,easy,11,14:10:34,14:34:35,14:34:47,COMPLETED,22415.0,217.8,1441.21,1453.94
1028,easy,12,14:10:48,14:34:54,14:35:20,COMPLETED,26868.0,441.2,1446.30,1472.47
900,medium,13,13:59:06,14:14:37,14:35:26,COMPLETED,37490.0,20832.2,931.38,2180.80
1189,medium,14,14:06:37,14:22:49,14:35:26,COMPLETED,31871.0,12627.1,972.76,1729.80
1029,easy,12,14:10:53,14:34:54,14:36:12,COMPLETED,36194.0,1311.5,1441.30,1519.59
1037,hard,15,14:09:28,14:31:46,14:40:01,COMPLETED,25371.0,8245.9,1338.68,1833.14
1183,hard,15,14:12:49,14:36:19,14:41:55,COMPLETED,33444.0,5605.2,1410.15,1746.10
971,medium,14,13:58:41,14:13:12,14:42:01,COMPLETED,32443.0,28824.1,871.39,2600.49
1026,easy,12,14:13:40,14:42:01,14:42:14,COMPLETED,34907.0,219.9,1701.49,1714.37
1065,medium,14,14:05:47,14:22:03,14:43:24,COMPLETED,34888.0,21343.7,976.95,2257.32
1054,easy,12,14:13:56,14:42:07,14:43:24,COMPLETED,23360.0,1278.2,1691.95,1768.32
1162,medium,13,14:14:08,14:42:20,14:43:37,COMPLETED,24027.0,1277.0,1692.72,1769.04
1038,hard,15,14:08:32,14:27:07,14:45:18,COMPLETED,41270.0,18189.4,1115.17,2206.27
1140,medium,14,14:07:45,14:23:35,14:46:34,COMPLETED,29679.0,22989.9,950.23,2329.32
997,hard,15,13:05:18,13:24:21,14:49:33,COMPLETED,21725.0,85201.6,1143.98,6255.92
1039,easy,11,14:16:29,14:49:40,14:49:53,COMPLETED,24669.0,221.0,1991.26,2004.15
1033,medium,13,14:16:26,14:46:40,14:51:59,COMPLETED,25503.0,5326.5,1814.71,2133.99
1096,easy,11,14:16:49,14:52:06,14:52:19,COMPLETED,26306.0,217.7,2117.33,2130.09
941,hard,15,13:56:29,14:10:10,14:52:38,COMPLETED,31154.0,42461.2,821.67,3369.13
1049,medium,13,14:16:59,14:52:25,14:53:35,COMPLETED,27871.0,1170.9,2126.42,2196.31
1142,easy,12,14:17:45,14:52:44,14:54:44,COMPLETED,30228.0,2012.4,2099.48,2219.92
1130,easy,11,14:18:18,14:53:41,14:55:16,COMPLETED,31793.0,1586.7,2123.71,2218.61
1173,medium,14,14:16:49,14:49:59,14:55:22,COMPLETED,37917.0,5395.7,1990.55,2313.94
1072,medium,13,14:18:42,14:55:29,14:57:18,COMPLETED,33586.0,1834.0,2207.33,2316.87
161,hard,15,08:29:07,08:29:07,14:57:32,COMPLETED,33776.0,388411.2,0.39,23305.02
1188,medium,14,14:09:18,14:29:32,14:59:47,COMPLETED,31148.0,30258.4,1214.67,3029.91
1091,medium,14,14:12:04,14:35:33,15:00:39,COMPLETED,31597.0,25105.9,1409.49,2915.43
1041,hard,15,14:05:30,14:20:20,15:01:11,COMPLETED,23420.0,40857.7,890.48,3341.72
1164,medium,14,14:18:28,14:54:51,15:01:44,COMPLETED,30257.0,6885.1,2183.26,2596.09
1163,medium,13,14:19:52,15:00:45,15:03:44,COMPLETED,28613.0,2975.6,2453.97,2632.21
1107,easy,11,14:20:44,15:03:50,15:03:56,COMPLETED,24096.0,111.5,2586.54,2592.93
1108,medium,13,14:21:04,15:04:03,15:04:22,COMPLETED,32394.0,322.6,2579.26,2598.31
1111,hard,15,14:04:15,14:18:13,15:04:41,COMPLETED,33874.0,46471.6,838.25,3626.32
1177,easy,11,14:21:19,15:04:28,15:05:00,COMPLETED,31050.0,533.1,2589.64,2621.32
789,hard,15,12:59:34,13:18:11,15:05:06,COMPLETED,33074.0,106920.8,1117.61,7532.65
1170,easy,12,14:21:30,15:04:47,15:05:25,COMPLETED,23794.0,639.0,2597.65,2635.70
1149,easy,11,14:21:47,15:05:13,15:05:25,COMPLETED,28488.0,216.2,2606.04,2618.70
1129,medium,14,14:15:18,14:43:43,15:05:32,COMPLETED,29988.0,21816.3,1705.38,3014.03
1117,hard,15,14:14:56,14:43:30,15:06:22,COMPLETED,29019.0,22870.0,1714.67,3086.66
1060,medium,14,14:19:47,14:59:54,15:06:28,COMPLETED,37205.0,6583.6,2407.28,2801.98
1100,medium,13,14:15:43,14:45:24,15:06:48,COMPLETED,33396.0,21402.1,1781.61,3065.48
1150,easy,12,14:25:28,15:06:28,15:06:48,COMPLETED,25264.0,330.1,2460.98,2480.48
1135,easy,12,14:24:04,15:05:32,15:07:59,COMPLETED,33736.0,2470.1,2488.03,2635.81
1184,easy,12,14:26:00,15:06:54,15:07:59,COMPLETED,29725.0,1090.6,2454.82,2519.81
1031,easy,12,14:26:23,15:08:06,15:09:17,COMPLETED,20576.0,1191.1,2503.38,2574.38
1180,easy,12,14:26:55,15:09:23,15:09:36,COMPLETED,23852.0,222.9,2548.92,2561.78
1030,medium,14,14:20:18,15:01:50,15:09:43,COMPLETED,35544.0,7887.2,2492.42,2965.33
64,hard,15,08:10:02,08:10:05,15:09:56,COMPLETED,31762.0,419839.6,3.94,25194.29
1127,easy,11,14:27:24,15:09:43,15:10:02,COMPLETED,28522.0,331.3,2539.33,2558.63
949,hard,15,13:58:01,14:11:22,15:10:28,COMPLETED,29460.0,59109.3,801.52,4347.86
1075,medium,14,14:19:59,15:01:18,15:10:48,COMPLETED,29617.0,9512.2,2479.05,3049.36
1102,medium,14,14:18:38,14:55:22,15:11:33,COMPLETED,25980.0,16181.8,2204.94,3175.57
1161,medium,14,14:13:28,14:40:07,15:11:46,COMPLETED,33588.0,31657.7,1599.48,3498.56
1082,medium,14,14:12:35,14:35:33,15:11:53,COMPLETED,32003.0,36333.2,1378.49,3558.09
1095,easy,11,14:29:34,15:11:53,15:12:12,COMPLETED,23447.0,336.0,2539.09,2558.74
1022,easy,11,14:29:53,15:12:19,15:12:45,COMPLETED,21262.0,439.9,2546.31,2572.35
1169,medium,14,14:25:26,15:05:38,15:14:01,COMPLETED,30922.0,8389.2,2412.43,2915.53
1145,medium,14,14:09:25,14:29:58,15:14:26,COMPLETED,36002.0,44483.0,1233.07,3901.82
1141,medium,13,14:30:40,15:12:51,15:14:26,COMPLETED,25991.0,1589.9,2531.74,2626.82
1067,hard,15,14:28:28,15:10:09,15:14:58,COMPLETED,32857.0,4827.1,2501.25,2790.56
1137,easy,12,14:31:05,15:14:07,15:15:04,COMPLETED,27099.0,958.1,2582.86,2639.95
988,hard,15,13:35:16,13:42:18,15:15:24,COMPLETED,33303.0,93095.5,422.61,6008.15
1113,easy,12,14:33:57,15:15:30,15:15:49,COMPLETED,28338.0,324.8,2493.54,2512.67
1070,easy,11,14:32:16,15:14:33,15:15:56,COMPLETED,29297.0,1387.3,2537.16,2620.05
1094,hard,15,14:19:16,14:57:38,15:16:02,COMPLETED,29219.0,18403.4,2302.59,3406.48
1027,easy,12,14:34:04,15:15:56,15:16:15,COMPLETED,25416.0,326.2,2512.05,2531.33
1112,easy,11,14:34:30,15:16:08,15:16:28,COMPLETED,23145.0,323.6,2498.91,2518.03
1156,easy,12,14:35:18,15:16:34,15:16:53,COMPLETED,29823.0,321.5,2476.36,2495.34
734,medium,14,12:02:22,12:02:24,15:18:35,COMPLETED,34355.0,196189.0,2.36,11773.55
1057,medium,13,14:32:10,15:14:33,15:19:01,COMPLETED,30659.0,4483.3,2543.16,2811.71
1023,easy,11,14:36:28,15:19:08,15:19:33,COMPLETED,31919.0,435.0,2560.24,2586.00
1120,easy,11,14:36:34,15:19:40,15:19:46,COMPLETED,28206.0,118.1,2586.37,2592.97
1110,medium,13,14:29:22,15:11:39,15:21:37,COMPLETED,34028.0,9958.2,2537.94,3135.17
72,hard,15,08:01:34,08:01:37,15:23:20,COMPLETED,47800.0,441723.6,3.05,26506.45
1020,easy,11,14:37:25,15:23:27,15:23:33,COMPLETED,27906.0,118.8,2762.01,2768.64
1062,medium,13,14:37:15,15:21:43,15:24:05,COMPLETED,28186.0,2377.2,2668.49,2810.76
1153,hard,15,14:35:11,15:16:21,15:24:24,COMPLETED,29649.0,8058.6,2470.66,2953.89
1043,easy,11,14:38:46,15:23:40,15:24:37,COMPLETED,24299.0,962.0,2694.17,2751.60
702,hard,15,12:13:00,12:13:02,15:24:43,COMPLETED,36624.0,191694.3,2.40,11503.94
1079,easy,11,14:39:31,15:24:43,15:24:50,COMPLETED,20170.0,112.2,2712.94,2719.31
1048,easy,12,14:39:44,15:24:50,15:25:47,COMPLETED,27424.0,955.7,2706.31,2763.35
936,hard,15,13:51:53,14:03:02,15:26:38,COMPLETED,33097.0,83591.0,669.81,5685.07
1034,easy,12,14:39:53,15:24:56,15:26:44,COMPLETED,31404.0,1802.3,2703.70,2811.46
1144,easy,11,14:40:28,15:26:50,15:27:03,COMPLETED,23725.0,218.1,2782.87,2795.61
1118,medium,13,14:33:38,15:15:11,15:27:16,COMPLETED,27869.0,12088.1,2493.39,3218.41
1056,easy,11,14:40:55,15:27:09,15:27:22,COMPLETED,24497.0,218.4,2774.99,2787.75
704,hard,15,12:27:39,12:32:47,15:29:30,COMPLETED,38301.0,176714.9,308.63,10911.39
746,hard,15,12:57:07,13:14:43,15:31:33,COMPLETED,34764.0,136825.3,1056.87,9266.20
1179,easy,12,14:41:55,15:31:39,15:32:18,COMPLETED,23989.0,653.4,2984.75,3023.63
816,medium,14,12:36:05,12:43:12,15:33:10,COMPLETED,35757.0,169961.0,427.58,10625.10
1104,easy,12,14:41:05,15:27:29,15:33:29,COMPLETED,38097.0,6019.3,2784.12,3144.80
882,medium,14,13:43:09,13:49:39,15:36:22,COMPLETED,30579.0,106716.0,390.74,6793.55
1151,medium,14,14:41:45,15:29:36,15:38:29,COMPLETED,34154.0,8873.7,2871.95,3404.08
1080,hard,15,14:39:11,15:24:12,15:39:00,COMPLETED,26377.0,14813.7,2701.17,3589.73
1087,medium,13,14:43:18,15:33:36,15:40:04,COMPLETED,35156.0,6469.1,3018.35,3406.20
1157,medium,13,14:44:05,15:39:07,15:40:29,COMPLETED,27192.0,1390.5,3302.05,3384.97
1068,easy,12,14:44:18,15:40:10,15:41:02,COMPLETED,27224.0,874.0,3352.54,3404.45
1089,medium,14,14:44:38,15:41:09,15:45:08,COMPLETED,28587.0,3994.0,3391.03,3630.35
1154,easy,11,14:44:40,15:45:14,15:45:40,COMPLETED,27161.0,440.5,3634.70,3660.82
1122,hard,15,14:40:57,15:27:22,15:47:22,COMPLETED,36754.0,20001.7,2785.75,3985.57
582,hard,15,11:25:24,11:25:28,15:47:35,COMPLETED,30115.0,262112.5,4.57,15731.26
1148,hard,15,14:36:25,15:18:42,15:47:54,COMPLETED,31624.0,29211.7,2537.09,4289.45
1185,medium,14,14:29:36,15:11:59,15:48:13,COMPLETED,32607.0,36235.0,2543.75,4717.60
1092,medium,14,14:28:15,15:09:49,15:49:48,COMPLETED,31117.0,39984.1,2494.70,4893.55
1066,hard,15,14:43:03,15:33:16,15:50:13,COMPLETED,30621.0,16958.2,3013.64,4030.87
1036,medium,13,14:46:13,15:48:19,15:50:26,COMPLETED,20797.0,2115.3,3726.95,3853.56
1175,easy,11,14:47:06,15:50:32,15:50:39,COMPLETED,23958.0,111.3,3806.91,3813.26
1103,easy,11,14:47:15,15:50:45,15:50:58,COMPLETED,26706.0,216.5,3810.61,3823.30
1125,easy,12,14:47:19,15:51:04,15:51:36,COMPLETED,22589.0,534.0,3825.62,3857.31
1182,easy,12,14:47:22,15:51:42,15:52:01,COMPLETED,24180.0,322.8,3860.69,3879.73
1119,medium,13,14:44:37,15:40:36,15:52:20,COMPLETED,29937.0,11744.3,3359.54,4063.89
1133,easy,12,14:49:20,15:52:27,15:52:40,COMPLETED,27358.0,218.5,3787.27,3800.02
1109,easy,12,14:50:29,15:52:46,15:53:11,COMPLETED,24188.0,427.4,3737.41,3762.73
1101,easy,11,14:50:33,15:53:18,15:53:49,COMPLETED,29670.0,531.8,3765.07,3796.68
1083,easy,11,14:51:35,15:53:56,15:54:02,COMPLETED,24305.0,111.1,3741.01,3747.37
993,hard,15,13:37:19,13:43:47,15:54:15,COMPLETED,26144.0,130459.5,388.62,8216.05
1050,medium,13,14:46:18,15:49:54,15:54:40,COMPLETED,29681.0,4763.9,3816.87,4102.42
1160,medium,13,14:52:16,15:54:21,15:55:37,COMPLETED,28975.0,1273.0,3725.38,3801.45
1176,medium,13,14:52:37,15:54:46,15:56:21,COMPLETED,28855.0,1590.3,3729.75,3824.81
1165,easy,11,14:54:14,15:56:28,15:57:19,COMPLETED,27913.0,858.8,3734.20,3785.41
1106,easy,12,14:54:45,15:57:25,15:57:51,COMPLETED,24737.0,436.3,3760.75,3786.43
752,hard,15,12:32:35,12:36:42,15:58:30,COMPLETED,38255.0,201803.0,247.44,12355.47
1085,hard,15,14:40:19,15:26:44,15:58:30,COMPLETED,29750.0,31774.5,2785.46,4691.47
1146,easy,12,14:55:17,15:58:37,15:59:15,COMPLETED,27084.0,651.8,3800.05,3838.87
1061,easy,12,14:55:14,15:58:37,16:00:00,COMPLETED,19415.0,1394.9,3803.05,3886.46
1088,easy,11,14:55:49,15:59:22,16:00:38,COMPLETED,30922.0,1276.7,3813.28,3889.53
1052,medium,14,14:47:51,15:52:08,16:00:44,COMPLETED,25488.0,8619.4,3857.10,4373.92
1139,easy,12,14:57:04,16:00:44,16:02:19,COMPLETED,34931.0,1587.1,3820.92,3915.85
1178,hard,15,14:40:19,15:25:53,16:02:26,COMPLETED,30204.0,36546.3,2734.68,4927.18
1045,easy,12,14:58:05,16:02:26,16:02:57,COMPLETED,23764.0,533.2,3861.18,3892.87
1025,hard,15,14:45:01,15:45:47,16:05:11,COMPLETED,29715.0,19414.4,3646.15,4810.65
727,hard,15,12:43:23,13:02:17,16:05:37,COMPLETED,28562.0,183331.8,1134.94,12134.74
1172,easy,11,14:59:26,16:05:44,16:05:57,COMPLETED,25644.0,226.8,3978.14,3991.25
758,hard,15,12:37:16,12:46:05,16:07:34,COMPLETED,32496.0,201490.3,529.23,12618.52
1136,medium,14,14:14:37,14:43:30,16:07:34,COMPLETED,29270.0,84069.3,1733.67,6777.52
1063,easy,11,14:59:51,16:07:41,16:07:47,COMPLETED,34746.0,119.1,4070.09,4076.84
1123,easy,12,14:59:29,16:07:41,16:09:37,COMPLETED,37130.0,1950.2,4092.09,4208.63
1059,medium,13,14:59:17,16:05:18,16:10:10,COMPLETED,34150.0,4877.8,3961.10,4253.30
1131,medium,14,14:45:02,15:47:28,16:11:39,COMPLETED,28772.0,24185.1,3746.90,5197.75
1329,easy,12,15:01:00,16:10:16,16:11:39,COMPLETED,32234.0,1387.3,4156.84,4239.75
1097,medium,14,14:58:34,16:02:32,16:11:58,COMPLETED,26530.0,9442.4,3838.54,4404.80
1114,medium,14,14:37:11,15:19:53,16:12:43,COMPLETED,37009.0,52830.8,2562.50,5732.13
1340,medium,13,15:01:09,16:11:46,16:13:27,COMPLETED,26095.0,1698.2,4237.10,4338.65
931,hard,15,13:39:48,13:45:41,16:15:34,COMPLETED,36367.0,149876.5,353.78,9346.26
1352,easy,12,15:02:16,16:15:40,16:16:06,COMPLETED,21646.0,443.4,4404.62,4430.70
1187,hard,15,14:04:16,14:18:19,16:16:58,COMPLETED,37905.0,118651.2,843.63,7962.47
1254,easy,11,15:03:04,16:17:05,16:17:17,COMPLETED,19796.0,220.2,4441.02,4453.74
1202,easy,11,15:03:07,16:17:24,16:17:37,COMPLETED,22244.0,223.1,4457.28,4470.18
1126,hard,15,14:45:09,15:47:41,16:18:42,COMPLETED,30903.0,31015.1,3752.59,5613.26
1155,medium,13,14:59:28,16:06:03,16:19:01,COMPLETED,35234.0,12965.2,3995.80,4773.29
1205,medium,14,15:03:00,16:16:13,16:19:01,COMPLETED,26917.0,2808.9,4393.27,4561.29
1283,medium,13,15:01:58,16:12:05,16:19:14,COMPLETED,35450.0,7159.6,4207.14,4636.24
1209,medium,14,15:00:56,16:09:44,16:19:27,COMPLETED,33864.0,9729.4,4128.16,4711.49
1305,easy,11,15:05:29,16:19:34,16:20:00,COMPLETED,27315.0,440.4,4445.04,4471.17
1249,easy,11,15:05:41,16:20:06,16:20:13,COMPLETED,30157.0,119.4,4465.49,4472.16
1069,hard,15,14:28:27,15:10:02,16:20:26,COMPLETED,31509.0,70397.2,2495.63,6719.16
1247,easy,12,15:05:25,16:19:20,16:20:45,COMPLETED,26846.0,1416.6,4435.81,4520.52
1152,hard,15,14:10:55,14:35:26,16:22:34,COMPLETED,28838.0,107131.2,1471.80,7899.54
1257,medium,13,15:05:53,16:20:19,16:23:18,COMPLETED,27174.0,2990.4,4466.70,4645.83
865,hard,15,13:05:40,13:24:54,16:24:09,COMPLETED,31742.0,179246.0,1154.81,11909.48
1359,hard,15,15:00:22,16:07:54,16:24:34,COMPLETED,36219.0,16677.9,4052.38,5052.81
1342,easy,11,15:07:54,16:24:41,16:25:00,COMPLETED,31276.0,321.4,4607.13,4626.11
1315,easy,12,15:07:58,16:25:06,16:25:25,COMPLETED,26882.0,321.5,4628.44,4647.41
1143,hard,15,14:08:45,14:27:38,16:25:57,COMPLETED,33754.0,118306.3,1133.86,8232.10
1218,easy,12,15:08:14,16:26:03,16:26:22,COMPLETED,29741.0,321.9,4669.43,4688.42
655,hard,15,11:09:23,11:09:23,16:26:28,COMPLETED,37563.0,317087.6,0.70,19025.77
1220,easy,11,15:10:09,16:26:35,16:26:42,COMPLETED,29519.0,115.1,4586.41,4593.02
1239,easy,12,15:09:52,16:26:28,16:27:14,COMPLETED,27673.0,768.7,4596.77,4642.41
1105,hard,15,14:21:44,15:05:06,16:27:59,COMPLETED,28171.0,82889.3,2602.65,7575.88
1309,easy,12,15:10:43,16:28:06,16:28:58,COMPLETED,30497.0,873.6,4643.22,4695.14
376,hard,15,10:18:02,10:18:05,16:29:11,COMPLETED,36312.0,371092.2,3.83,22269.30
1311,easy,11,15:11:01,16:29:17,16:29:24,COMPLETED,27788.0,118.6,4696.84,4703.45
1174,medium,14,14:56:40,16:00:06,16:29:37,COMPLETED,30398.0,29517.0,3806.79,5577.59
1291,easy,12,15:11:32,16:29:30,16:29:43,COMPLETED,24326.0,225.9,4678.99,4691.92
1358,easy,11,15:12:18,16:29:50,16:29:56,COMPLETED,21888.0,114.2,4652.60,4658.96
1274,easy,12,15:12:15,16:29:43,16:30:03,COMPLETED,26463.0,336.2,4648.92,4668.49
1278,easy,12,15:10:41,16:27:20,16:30:16,COMPLETED,33452.0,2935.6,4599.95,4775.79
1275,easy,12,15:10:55,16:29:04,16:30:29,COMPLETED,24715.0,1418.9,4689.68,4774.48
1046,hard,15,14:35:26,15:16:59,16:30:35,COMPLETED,29827.0,73609.4,2493.67,6909.86
1245,easy,12,15:12:25,16:30:03,16:31:15,COMPLETED,26522.0,1198.9,4658.49,4730.15
1115,hard,15,14:34:17,15:16:02,16:31:28,COMPLETED,33657.0,75430.0,2505.48,7031.12
1336,medium,13,15:15:09,16:30:35,16:31:53,COMPLETED,23554.0,1307.1,4526.86,4604.93
1272,medium,13,15:06:31,16:20:51,16:32:19,COMPLETED,34561.0,11471.9,4460.84,5148.74
1047,hard,15,14:33:34,15:15:04,16:32:39,COMPLETED,30802.0,77578.5,2490.95,7145.40
1276,medium,13,15:02:03,16:12:49,16:32:39,COMPLETED,24915.0,19837.8,4246.54,5436.40
1244,medium,13,15:16:58,16:32:45,16:33:05,COMPLETED,29680.0,325.5,4547.98,4567.18
1345,easy,11,15:18:12,16:32:45,16:33:05,COMPLETED,23160.0,324.9,4473.98,4493.18
1277,medium,13,15:13:52,16:30:23,16:33:17,COMPLETED,29579.0,2919.7,4591.13,4765.99
1230,easy,11,15:19:48,16:33:11,16:33:17,COMPLETED,20922.0,113.5,4403.56,4409.99
1098,hard,15,14:28:37,15:10:35,16:33:24,COMPLETED,26888.0,82824.5,2518.20,7487.40
1246,medium,13,15:15:48,16:31:34,16:33:30,COMPLETED,27256.0,1946.6,4546.45,4662.88
1303,easy,11,15:19:57,16:33:11,16:33:30,COMPLETED,29823.0,328.1,4394.56,4413.88
1282,easy,12,15:20:41,16:33:30,16:33:50,COMPLETED,30277.0,325.4,4369.88,4389.11
1256,easy,11,15:21:08,16:33:37,16:33:50,COMPLETED,23254.0,217.9,4349.31,4362.11
1335,medium,13,15:08:09,16:25:31,16:34:15,COMPLETED,23849.0,8733.3,4642.75,5166.50
1208,easy,12,15:21:11,16:33:56,16:34:28,COMPLETED,30399.0,535.9,4365.45,4397.26
1226,easy,12,15:20:50,16:33:37,16:34:41,COMPLETED,29095.0,1068.1,4367.31,4431.05
1325,easy,11,15:21:53,16:34:34,16:35:19,COMPLETED,29017.0,747.2,4361.65,4406.16
1055,hard,15,14:54:46,15:57:57,16:35:38,COMPLETED,37092.0,37675.1,3791.95,6052.26
1306,easy,12,15:16:19,16:32:26,16:35:38,COMPLETED,27999.0,3204.2,4567.30,4759.26
1351,easy,11,15:23:03,16:35:44,16:35:57,COMPLETED,29137.0,218.3,4361.62,4374.42
1086,hard,15,14:46:39,15:50:20,16:36:10,COMPLETED,25665.0,45836.2,3821.20,6571.20
1212,easy,11,15:23:06,16:36:03,16:36:16,COMPLETED,24763.0,218.3,4377.80,4390.52
1232,easy,11,15:23:44,16:36:16,16:36:22,COMPLETED,23724.0,113.7,4352.52,4358.93
1193,easy,11,15:23:58,16:36:29,16:36:42,COMPLETED,30494.0,218.8,4351.38,4364.15
1330,medium,13,15:15:30,16:30:42,16:37:26,COMPLETED,35069.0,6738.8,4512.50,4916.57
1252,medium,14,15:22:08,16:34:47,16:38:18,COMPLETED,33526.0,3514.3,4359.44,4570.03
1192,easy,12,15:22:24,16:35:25,16:38:37,COMPLETED,30076.0,3205.2,4381.51,4573.47
1207,easy,11,15:25:15,16:38:43,16:38:50,COMPLETED,22228.0,114.6,4408.87,4415.23
952,hard,15,13:57:47,14:11:09,16:41:57,COMPLETED,31931.0,150805.2,802.29,9850.48
1327,hard,15,15:07:11,16:23:25,16:42:03,COMPLETED,32912.0,18648.8,4574.16,5692.81
1181,hard,15,14:18:50,14:57:25,16:42:23,COMPLETED,34632.0,104967.4,2315.41,8613.34
1267,medium,13,15:07:21,16:24:15,16:42:23,COMPLETED,37852.0,18129.3,4614.82,5702.34
1236,easy,11,15:26:10,16:42:10,16:42:23,COMPLETED,26534.0,224.3,4560.19,4573.34
1206,easy,12,15:25:57,16:42:03,16:42:36,COMPLETED,27891.0,551.6,4566.81,4599.55
1222,easy,12,15:27:28,16:42:42,16:43:15,COMPLETED,26534.0,550.2,4514.96,4547.58
1004,hard,15,13:44:13,13:51:03,16:43:54,COMPLETED,31308.0,172844.3,410.88,10781.41
1317,medium,14,15:04:17,16:19:07,16:45:10,COMPLETED,24233.0,26048.7,4490.86,6053.58
1234,hard,15,15:04:16,16:18:48,16:45:35,COMPLETED,32548.0,26791.8,4472.60,6079.91
1217,medium,13,15:26:33,16:42:29,16:47:04,COMPLETED,26732.0,4586.1,4556.68,4831.63
1279,medium,14,15:22:46,16:35:44,16:47:55,COMPLETED,26817.0,12184.1,4378.62,5109.42
1199,medium,14,15:04:04,16:17:43,16:48:01,COMPLETED,27950.0,30305.2,4419.71,6237.75
1316,medium,14,15:24:25,16:38:24,16:48:14,COMPLETED,37738.0,9841.7,4439.36,5029.59
1216,easy,11,15:30:01,16:48:01,16:48:46,COMPLETED,29177.0,748.2,4680.75,4725.35
1357,easy,12,15:30:09,16:48:08,16:48:52,COMPLETED,26521.0,747.2,4679.19,4723.67
1191,easy,12,15:30:57,16:48:20,16:49:50,COMPLETED,37442.0,1506.7,4643.94,4733.87
1339,easy,12,15:32:49,16:49:57,16:50:03,COMPLETED,34473.0,118.5,4628.40,4635.00
1349,medium,13,15:31:27,16:48:52,16:50:17,COMPLETED,33102.0,1413.4,4645.67,4730.13
1195,easy,11,15:33:38,16:50:23,16:50:36,COMPLETED,33343.0,219.5,4605.52,4618.39
1265,hard,15,15:23:51,16:36:22,16:50:42,COMPLETED,26684.0,14338.1,4351.93,5211.71
1320,hard,15,15:24:19,16:36:48,16:50:55,COMPLETED,27703.0,14130.6,4349.54,5196.96
1242,medium,13,15:33:45,16:50:42,16:52:19,COMPLETED,27272.0,1629.8,4617.71,4715.00
1297,medium,13,15:31:39,16:48:59,16:52:45,COMPLETED,36135.0,3790.4,4640.05,4867.00
1263,medium,14,15:28:08,16:43:22,16:53:31,COMPLETED,30856.0,10167.6,4514.01,5123.78
1201,easy,11,15:35:22,16:53:38,16:53:51,COMPLETED,22816.0,221.0,4696.15,4709.11
1262,medium,13,15:34:49,16:52:26,16:55:59,COMPLETED,33168.0,3559.0,4657.56,4870.80
1321,easy,11,15:35:34,16:56:06,16:56:31,COMPLETED,26455.0,429.3,4832.14,4857.57
1353,medium,14,15:35:31,16:53:57,16:59:54,COMPLETED,30993.0,5948.8,4706.44,5063.06
1323,hard,15,15:04:46,16:19:07,17:00:57,COMPLETED,32560.0,41830.9,4461.86,6971.55
1224,hard,15,15:20:15,16:33:24,17:01:48,COMPLETED,35064.0,28399.6,4389.40,6093.15
1078,hard,15,14:53:30,15:55:43,17:02:07,COMPLETED,28365.0,66392.6,3733.80,7717.18
1347,easy,11,15:36:32,17:01:54,17:02:07,COMPLETED,20984.0,216.8,5122.49,5135.18
1294,easy,12,15:37:02,17:02:13,17:02:19,COMPLETED,21306.0,112.8,5111.52,5117.91
1281,easy,11,15:37:16,17:02:13,17:02:19,COMPLETED,20509.0,112.5,5097.52,5103.91
1273,easy,11,15:37:55,17:02:26,17:02:39,COMPLETED,21120.0,217.5,5071.33,5084.08
1341,easy,11,15:38:55,17:02:45,17:02:58,COMPLETED,24776.0,216.1,5030.41,5043.08
1203,hard,15,15:12:29,16:30:10,17:04:58,COMPLETED,32547.0,34808.3,4661.14,6749.45
1269,hard,15,15:21:30,16:33:56,17:05:49,COMPLETED,31995.0,31879.7,4346.45,6259.05
1243,easy,12,15:39:06,17:05:04,17:05:55,COMPLETED,29103.0,849.2,5158.77,5209.39
1231,medium,13,15:38:58,17:03:04,17:07:06,COMPLETED,35453.0,4038.5,5046.41,5288.33
1308,easy,11,15:41:18,17:07:12,17:07:25,COMPLETED,31823.0,226.5,5154.75,5167.86
1210,hard,15,15:10:25,16:26:48,17:08:30,COMPLETED,29512.0,41705.9,4583.34,7085.46
1355,medium,13,15:39:51,17:06:01,17:08:30,COMPLETED,27296.0,2484.6,5170.76,5319.46
1255,medium,14,15:33:13,16:50:10,17:09:27,COMPLETED,33454.0,19289.2,4617.56,5774.62
1350,medium,13,15:41:48,17:08:36,17:09:40,COMPLETED,28525.0,1062.3,5208.87,5272.36
1261,easy,11,15:41:48,17:09:33,17:09:53,COMPLETED,20251.0,322.6,5266.00,5285.05
1271,medium,14,15:24:23,16:37:32,17:13:54,COMPLETED,28124.0,36361.9,4389.91,6571.23
1171,hard,15,14:22:44,15:05:32,17:14:13,COMPLETED,33132.0,128701.4,2568.03,10289.90
1280,medium,14,15:26:52,16:42:29,17:14:27,COMPLETED,25988.0,31958.9,4537.68,6455.09
1312,hard,15,15:35:50,17:00:00,17:14:46,COMPLETED,32756.0,14775.8,5050.40,5936.52
1302,medium,14,15:34:39,16:51:02,17:14:53,COMPLETED,28900.0,23851.2,4583.53,6014.06
1331,hard,15,15:28:21,16:44:00,17:15:44,COMPLETED,27257.0,31742.3,4539.80,6443.97
1219,medium,14,15:42:32,17:09:59,17:16:49,COMPLETED,26642.0,6841.5,5247.38,5657.60
1307,easy,12,15:44:02,17:15:51,17:16:55,COMPLETED,28504.0,1082.9,5509.52,5573.92
1147,hard,15,14:39:16,15:24:31,17:18:14,COMPLETED,27851.0,113717.0,2715.23,9538.02
1190,medium,14,15:39:25,17:05:55,17:18:14,COMPLETED,35898.0,12318.1,5190.39,5929.02
1250,easy,12,15:44:35,17:18:20,17:18:26,COMPLETED,27449.0,111.5,5625.58,5631.96
1348,medium,14,15:41:29,17:07:32,17:19:05,COMPLETED,24395.0,11560.2,5163.39,5856.58
1304,medium,14,15:44:01,17:14:59,17:19:05,COMPLETED,26169.0,4105.6,5458.75,5704.58
1241,easy,11,15:45:02,17:19:12,17:19:31,COMPLETED,34172.0,325.9,5650.16,5669.41
1290,easy,11,15:46:12,17:19:12,17:19:44,COMPLETED,36519.0,536.7,5580.16,5612.10
1194,hard,15,15:38:50,17:02:26,17:21:25,COMPLETED,30473.0,18985.4,5016.33,6155.25
1268,medium,13,15:44:24,17:17:02,17:21:37,COMPLETED,30354.0,4594.5,5558.54,5833.94
1223,medium,13,15:46:36,17:19:37,17:21:37,COMPLETED,28693.0,2008.4,5581.74,5701.94
1221,easy,12,15:46:51,17:19:50,17:21:44,COMPLETED,34666.0,1903.4,5579.43,5693.27
1286,easy,12,15:49:02,17:21:44,17:21:57,COMPLETED,25503.0,216.8,5562.27,5575.02
1253,easy,11,15:46:56,17:21:31,17:22:03,COMPLETED,31824.0,535.5,5675.58,5707.35
1285,easy,11,15:51:09,17:21:50,17:22:35,COMPLETED,28489.0,744.8,5441.67,5486.06
1333,medium,13,15:44:15,17:16:55,17:24:03,COMPLETED,22927.0,7132.9,5560.92,5988.63
1238,medium,13,15:47:41,17:21:44,17:24:09,COMPLETED,30020.0,2433.8,5643.27,5788.96
1211,easy,11,15:52:15,17:24:09,17:24:16,COMPLETED,27786.0,112.5,5514.96,5521.34
1334,easy,12,15:51:42,17:22:41,17:26:18,COMPLETED,33657.0,3630.3,5459.39,5676.92
1314,easy,12,15:53:21,17:26:25,17:27:23,COMPLETED,30683.0,977.1,5584.24,5642.47
1229,easy,11,15:53:23,17:27:29,17:27:49,COMPLETED,33993.0,336.4,5646.90,5666.60
1090,medium,14,14:43:53,15:38:35,17:29:13,COMPLETED,45122.0,110640.1,3282.43,9920.59
1354,easy,11,15:54:17,17:29:20,17:29:33,COMPLETED,27253.0,225.8,5703.13,5716.21
1064,hard,15,14:26:20,15:08:06,17:30:31,COMPLETED,31748.0,142421.3,2506.38,11051.44
1233,hard,15,15:25:25,16:38:56,17:30:57,COMPLETED,24899.0,52007.3,4411.78,7532.02
1343,medium,14,15:51:40,17:22:09,17:30:57,COMPLETED,22401.0,8792.8,5429.75,5957.02
1301,easy,12,15:54:47,17:30:37,17:30:57,COMPLETED,30412.0,322.6,5750.99,5770.02
1196,medium,14,15:43:13,17:14:33,17:31:03,COMPLETED,25134.0,16504.0,5480.51,6470.37
1237,medium,13,15:44:46,17:18:20,17:31:16,COMPLETED,28412.0,12932.2,5614.58,6390.28
1204,easy,12,15:55:10,17:31:03,17:31:35,COMPLETED,26037.0,536.9,5753.37,5785.30
1328,medium,14,15:51:30,17:22:03,17:32:13,COMPLETED,31355.0,10169.7,5433.35,6043.23
1299,easy,12,15:56:06,17:31:22,17:32:19,COMPLETED,30746.0,955.7,5716.63,5773.62
1058,medium,14,14:58:40,16:03:04,17:32:51,COMPLETED,39942.0,89787.8,3864.20,9251.30
1227,medium,13,15:55:16,17:31:03,17:32:51,COMPLETED,32990.0,1802.8,5747.37,5855.30
1292,easy,12,15:57:59,17:32:57,17:33:04,COMPLETED,24638.0,110.6,5698.65,5705.02
1124,hard,15,14:28:42,15:10:54,17:33:16,COMPLETED,35303.0,142365.5,2532.90,11074.71
1258,easy,12,15:56:55,17:31:41,17:33:16,COMPLETED,35784.0,1589.8,5686.63,5781.71
1240,easy,11,15:58:00,17:33:10,17:33:16,COMPLETED,29327.0,111.7,5710.35,5716.71
1121,hard,15,14:43:34,15:36:28,17:33:23,COMPLETED,27517.0,116907.2,3174.88,10189.07
1235,easy,12,15:55:11,17:31:03,17:33:23,COMPLETED,26469.0,2334.2,5752.37,5892.07
1288,medium,13,15:57:28,17:32:19,17:33:23,COMPLETED,24982.0,1064.5,5691.62,5755.07
1332,easy,11,15:58:27,17:33:23,17:33:29,COMPLETED,25152.0,113.0,5696.07,5702.53
1213,easy,11,15:59:18,17:33:29,17:33:35,COMPLETED,20480.0,112.7,5651.53,5657.97
1042,hard,15,14:42:18,15:32:24,17:33:42,COMPLETED,35239.0,121293.0,3006.98,10284.38
1326,easy,12,15:57:41,17:32:57,17:33:42,COMPLETED,23155.0,751.3,5716.65,5761.38
1318,easy,11,15:59:40,17:33:35,17:33:55,COMPLETED,25387.0,324.6,5635.97,5655.15
1506,easy,11,16:02:08,17:34:01,17:34:14,COMPLETED,28900.0,216.0,5513.49,5526.15
1295,easy,12,15:58:37,17:33:29,17:34:20,COMPLETED,25071.0,855.2,5692.53,5743.47
1324,medium,14,15:28:40,16:45:16,17:34:26,COMPLETED,33248.0,49170.8,4596.92,7546.89
1383,easy,12,16:02:19,17:34:26,17:34:39,COMPLETED,27733.0,218.4,5527.89,5540.69
1481,easy,12,16:02:12,17:34:20,17:34:52,COMPLETED,27137.0,536.6,5528.47,5560.38
878,hard,15,13:26:01,13:34:31,17:34:58,COMPLETED,34834.0,240449.1,510.86,14937.71
1431,easy,12,16:01:16,17:33:48,17:34:58,COMPLETED,25108.0,1170.7,5552.78,5622.71
1260,medium,13,15:58:15,17:33:23,17:35:11,COMPLETED,24099.0,1811.1,5708.07,5816.48
1443,easy,12,16:02:36,17:34:46,17:35:11,COMPLETED,28235.0,429.4,5530.03,5555.48
1460,easy,12,16:01:00,17:33:48,17:35:24,COMPLETED,34063.0,1595.6,5568.78,5664.20
1494,easy,12,16:02:57,17:34:58,17:35:30,COMPLETED,30615.0,540.0,5521.71,5553.57
1525,easy,12,16:04:21,17:35:17,17:35:37,COMPLETED,23391.0,332.2,5456.82,5476.19
1198,hard,15,15:35:51,17:01:03,17:35:43,COMPLETED,35148.0,34673.5,5112.90,7192.85
1390,easy,12,16:03:49,17:35:17,17:35:50,COMPLETED,28983.0,552.5,5488.82,5521.52
1407,easy,12,16:04:47,17:35:50,17:36:10,COMPLETED,26366.0,335.1,5463.52,5483.13
1475,easy,12,16:05:02,17:36:16,17:36:29,COMPLETED,28687.0,227.7,5474.68,5487.83
1313,medium,14,15:28:57,16:45:42,17:37:01,COMPLETED,34558.0,51327.4,4605.24,7684.68
1420,medium,13,16:00:05,17:33:42,17:37:01,COMPLETED,29604.0,3326.8,5617.38,5816.68
1337,medium,14,15:29:38,16:47:10,17:37:20,COMPLETED,35490.0,50167.2,4652.99,7662.72
1430,easy,11,16:05:27,17:37:08,17:37:20,COMPLETED,23907.0,220.1,5501.04,5513.72
1438,medium,13,16:04:44,17:35:43,17:37:27,COMPLETED,26745.0,1730.0,5459.85,5563.29
1502,easy,11,16:05:39,17:37:08,17:37:27,COMPLETED,34574.0,326.6,5489.04,5508.29
1512,easy,12,16:04:57,17:35:57,17:37:33,COMPLETED,24742.0,1622.5,5460.02,5556.71
1462,easy,12,16:04:37,17:35:37,17:37:47,COMPLETED,35594.0,2173.4,5460.19,5590.06
1463,easy,12,16:06:23,17:37:27,17:37:47,COMPLETED,27464.0,338.8,5464.29,5484.06
1449,easy,12,16:06:16,17:37:27,17:37:53,COMPLETED,26451.0,451.3,5471.29,5497.72
1391,easy,12,16:06:51,17:37:33,17:37:53,COMPLETED,33266.0,344.9,5442.71,5462.72
1248,medium,14,15:42:20,17:09:46,17:38:07,COMPLETED,34864.0,28347.0,5246.69,6947.17
1270,easy,12,15:59:26,17:33:29,17:38:33,COMPLETED,36482.0,5065.4,5643.53,5947.06
1485,medium,13,16:05:22,17:36:36,17:38:52,COMPLETED,36100.0,2275.9,5474.39,5610.50
1434,easy,12,16:07:21,17:37:40,17:39:18,COMPLETED,30012.0,1640.9,5419.46,5517.46
1284,medium,13,15:57:36,17:32:26,17:39:25,COMPLETED,26139.0,6991.8,5690.01,6109.01
1266,hard,15,15:21:44,16:34:21,17:39:38,COMPLETED,28899.0,65278.6,4357.83,8274.27
1225,hard,15,15:02:05,16:13:34,17:39:58,COMPLETED,38089.0,86402.6,4289.04,9473.06
1504,easy,12,16:10:51,17:39:25,17:39:58,COMPLETED,28496.0,555.8,5314.01,5347.06
1422,medium,13,16:09:01,17:38:00,17:40:17,COMPLETED,27304.0,2291.4,5339.47,5476.61
1433,easy,12,16:11:18,17:39:31,17:40:30,COMPLETED,36052.0,993.0,5293.66,5352.78
1526,easy,12,16:11:33,17:40:04,17:40:37,COMPLETED,28555.0,556.2,5311.40,5344.32
1228,hard,15,15:41:39,17:08:36,17:40:50,COMPLETED,35237.0,32232.3,5217.87,7151.50
1457,easy,12,16:12:52,17:40:37,17:40:57,COMPLETED,30841.0,338.6,5265.32,5285.04
1369,easy,11,16:13:07,17:40:43,17:40:57,COMPLETED,22008.0,229.2,5256.92,5270.04
1461,easy,11,16:14:01,17:41:03,17:41:23,COMPLETED,22754.0,334.1,5222.73,5242.28
1399,hard,15,16:09:03,17:38:13,17:41:55,COMPLETED,30154.0,3702.2,5350.72,5572.58
1310,medium,13,15:56:04,17:31:09,17:42:01,COMPLETED,33837.0,10872.3,5705.85,6357.93
1488,easy,12,16:14:12,17:41:29,17:42:01,COMPLETED,25151.0,540.9,5237.83,5269.93
1344,hard,15,15:06:22,16:20:32,17:42:08,COMPLETED,33851.0,81598.1,4450.64,9346.31
1528,medium,13,16:07:52,17:37:53,17:42:21,COMPLETED,30182.0,4460.1,5401.72,5669.08
1408,easy,12,16:14:24,17:42:08,17:42:40,COMPLETED,27261.0,534.4,5264.31,5296.11
1381,easy,11,16:16:20,17:42:27,17:42:40,COMPLETED,29126.0,217.0,5167.42,5180.11
1421,easy,12,16:14:18,17:42:08,17:42:52,COMPLETED,35827.0,747.2,5270.31,5314.86
1440,easy,11,16:16:57,17:42:46,17:42:52,COMPLETED,29222.0,111.2,5149.46,5155.86
1436,easy,11,16:17:21,17:42:59,17:43:11,COMPLETED,20044.0,216.1,5138.19,5150.89
1456,medium,13,16:13:48,17:40:57,17:43:37,COMPLETED,30264.0,2675.4,5229.04,5389.30
1319,medium,14,15:53:00,17:24:22,17:44:21,COMPLETED,33502.0,19984.0,5482.74,6681.58
1451,medium,13,16:10:24,17:38:59,17:44:21,COMPLETED,33491.0,5380.1,5315.05,5637.58
1527,easy,12,16:18:53,17:44:27,17:44:53,COMPLETED,29180.0,429.7,5134.93,5160.44
1415,easy,12,16:17:55,17:43:18,17:45:06,COMPLETED,25642.0,1804.2,5123.22,5231.18
1392,medium,13,16:07:16,17:37:33,17:45:18,COMPLETED,29428.0,7755.1,5417.71,5882.87
1476,easy,12,16:18:51,17:44:27,17:45:37,COMPLETED,25278.0,1170.8,5136.93,5206.88
1509,easy,11,16:20:00,17:45:25,17:45:37,COMPLETED,27489.0,216.5,5125.21,5137.88
1458,easy,12,16:19:09,17:44:59,17:46:09,COMPLETED,28224.0,1167.9,5150.77,5220.55
1385,easy,12,16:20:58,17:45:44,17:46:15,COMPLETED,20238.0,533.2,5086.22,5117.89
1366,hard,15,16:16:45,17:42:46,17:46:41,COMPLETED,32629.0,3917.9,5161.46,5396.26
1404,medium,14,16:08:22,17:38:00,17:46:47,COMPLETED,34922.0,8793.6,5378.47,5905.58
1477,easy,12,16:19:34,17:45:12,17:47:59,COMPLETED,27088.0,2783.3,5138.51,5305.23
1466,medium,14,16:04:31,17:35:30,17:48:05,COMPLETED,30387.0,12590.6,5459.57,6214.56
1368,easy,12,16:24:49,17:48:12,17:49:35,COMPLETED,29834.0,1396.8,5003.16,5086.65
1459,easy,11,16:25:13,17:49:41,17:50:01,COMPLETED,27645.0,329.8,5068.99,5088.29
1360,easy,11,16:25:21,17:50:07,17:50:14,COMPLETED,23383.0,115.0,5086.82,5093.42
1507,medium,14,16:14:17,17:42:01,17:50:33,COMPLETED,27123.0,8540.9,5264.93,5776.86
1395,medium,13,16:11:59,17:40:24,17:50:47,COMPLETED,35173.0,10389.9,5305.14,5928.14
1515,medium,13,16:23:04,17:46:22,17:50:47,COMPLETED,33005.0,4422.5,4998.28,5263.14
1414,easy,11,16:25:45,17:50:20,17:50:47,COMPLETED,30719.0,448.9,5075.74,5102.14
1491,medium,13,16:27:02,17:50:53,17:51:19,COMPLETED,27116.0,441.1,5031.73,5057.86
1077,hard,15,14:57:39,16:00:51,17:52:04,COMPLETED,31453.0,111231.0,3792.31,10465.95
1470,easy,12,16:27:41,17:51:26,17:52:18,COMPLETED,30393.0,870.2,5025.41,5077.14
1363,easy,12,16:24:27,17:48:05,17:52:31,COMPLETED,30624.0,4436.0,5018.56,5284.26
1393,medium,13,16:11:32,17:40:04,17:52:50,COMPLETED,31259.0,12778.3,5312.40,6078.71
1051,hard,15,14:02:00,14:15:41,17:53:22,COMPLETED,33152.0,217695.7,821.18,13882.81
1514,easy,12,16:28:37,17:52:57,17:53:29,COMPLETED,27284.0,537.2,5060.25,5092.14
1516,easy,12,16:27:41,17:52:11,17:54:07,COMPLETED,33862.0,1932.1,5070.49,5186.13
1437,medium,14,16:08:09,17:37:53,17:54:45,COMPLETED,36286.0,16858.0,5384.72,6396.07
1478,medium,14,16:14:11,17:41:03,17:54:57,COMPLETED,35645.0,13903.6,5212.73,6046.81
1417,easy,12,16:30:52,17:55:04,17:55:42,COMPLETED,26671.0,638.5,5052.14,5090.14
1375,medium,13,16:30:20,17:54:51,17:56:01,COMPLETED,28162.0,1168.2,5071.41,5141.14
1405,medium,13,16:27:57,17:52:24,17:57:04,COMPLETED,33616.0,4673.1,5067.66,5347.73
1521,medium,14,16:29:14,17:54:13,17:57:11,COMPLETED,29072.0,2967.5,5099.47,5277.11
1425,easy,12,16:31:14,17:57:11,17:57:36,COMPLETED,27925.0,431.3,5157.11,5182.66
1251,hard,15,15:45:00,17:18:33,17:58:53,COMPLETED,29876.0,40346.2,5613.29,8033.79
1454,medium,14,16:03:41,17:35:05,17:59:06,COMPLETED,32337.0,24030.7,5484.10,6925.76
1486,easy,11,16:32:16,17:59:00,17:59:13,COMPLETED,36820.0,223.9,5204.31,5217.11
1367,easy,12,16:32:40,17:59:19,17:59:45,COMPLETED,23834.0,436.7,5199.79,5225.70
200,hard,15,09:04:13,09:04:17,18:00:00,UNFINISHED,-1,-1,-1
247,hard,15,09:27:25,09:27:25,18:00:00,UNFINISHED,-1,-1,-1
266,hard,15,09:36:25,09:36:27,18:00:00,UNFINISHED,-1,-1,-1
501,hard,15,10:11:21,10:11:21,18:00:00,UNFINISHED,-1,-1,-1
375,hard,15,10:14:15,10:14:17,18:00:00,UNFINISHED,-1,-1,-1
372,hard,15,10:16:32,10:16:37,18:00:00,UNFINISHED,-1,-1,-1
417,hard,15,10:26:24,10:26:25,18:00:00,UNFINISHED,-1,-1,-1
419,hard,15,10:28:00,10:28:00,18:00:00,UNFINISHED,-1,-1,-1
411,hard,15,10:33:33,10:33:36,18:00:00,UNFINISHED,-1,-1,-1
639,hard,15,11:20:34,11:20:35,18:00:00,UNFINISHED,-1,-1,-1
513,hard,15,11:32:31,11:32:36,18:00:00,UNFINISHED,-1,-1,-1
604,hard,15,11:34:24,11:34:30,18:00:00,UNFINISHED,-1,-1,-1
747,hard,15,12:39:50,12:50:00,18:00:00,UNFINISHED,-1,-1,-1
821,hard,15,12:40:23,12:52:03,18:00:00,UNFINISHED,-1,-1,-1
735,hard,15,12:41:42,12:54:32,18:00:00,UNFINISHED,-1,-1,-1
883,hard,15,13:00:04,13:19:02,18:00:00,UNFINISHED,-1,-1,-1
928,hard,15,13:23:26,13:33:15,18:00:00,UNFINISHED,-1,-1,-1
876,hard,15,13:24:21,13:34:06,18:00:00,UNFINISHED,-1,-1,-1
884,hard,15,13:29:43,13:38:20,18:00:00,UNFINISHED,-1,-1,-1
850,hard,15,13:36:16,13:43:09,18:00:00,UNFINISHED,-1,-1,-1
862,hard,15,13:41:57,13:49:06,18:00:00,UNFINISHED,-1,-1,-1
1035,hard,15,14:25:30,15:06:35,18:00:00,UNFINISHED,-1,-1,-1
1093,hard,15,14:25:40,15:06:54,18:00:00,UNFINISHED,-1,-1,-1
1071,hard,15,14:46:12,15:48:00,18:00:00,UNFINISHED,-1,-1,-1
1099,hard,15,14:52:07,15:54:08,18:00:00,UNFINISHED,-1,-1,-1
1197,hard,15,15:01:42,16:11:46,18:00:00,UNFINISHED,-1,-1,-1
1322,medium,14,15:06:33,16:22:40,18:00:00,UNFINISHED,-1,-1,-1
1289,hard,15,15:15:38,16:31:21,18:00:00,UNFINISHED,-1,-1,-1
1264,hard,15,15:16:13,16:32:00,18:00:00,UNFINISHED,-1,-1,-1
1215,hard,15,15:20:40,16:33:24,18:00:00,UNFINISHED,-1,-1,-1
1356,hard,15,15:26:28,16:42:29,18:00:00,UNFINISHED,-1,-1,-1
1346,hard,15,15:34:28,16:50:49,18:00:00,UNFINISHED,-1,-1,-1
1200,medium,14,15:34:57,16:52:52,18:00:00,UNFINISHED,-1,-1,-1
1296,hard,15,15:35:49,16:56:37,18:00:00,UNFINISHED,-1,-1,-1
1293,hard,15,15:43:11,17:14:00,18:00:00,UNFINISHED,-1,-1,-1
1298,hard,15,15:43:12,17:14:20,18:00:00,UNFINISHED,-1,-1,-1
1338,hard,15,15:43:54,17:14:53,18:00:00,UNFINISHED,-1,-1,-1
1214,hard,15,15:52:37,17:24:16,18:00:00,UNFINISHED,-1,-1,-1
1259,hard,15,15:54:05,17:27:56,18:00:00,UNFINISHED,-1,-1,-1
1287,medium,14,15:54:37,17:29:39,18:00:00,UNFINISHED,-1,-1,-1
1300,hard,15,15:58:18,17:33:23,18:00:00,UNFINISHED,-1,-1,-1
1518,medium,14,16:02:28,17:34:33,18:00:00,UNFINISHED,-1,-1,-1
1426,medium,14,16:03:30,17:35:05,18:00:00,UNFINISHED,-1,-1,-1
1409,medium,13,16:10:23,17:38:39,18:00:00,UNFINISHED,-1,-1,-1
1448,hard,15,16:11:27,17:39:44,18:00:00,UNFINISHED,-1,-1,-1
1441,hard,15,16:14:33,17:42:14,18:00:00,UNFINISHED,-1,-1,-1
1473,hard,15,16:17:01,17:42:59,18:00:00,UNFINISHED,-1,-1,-1
1432,medium,13,16:18:23,17:43:43,18:00:00,UNFINISHED,-1,-1,-1
1497,hard,15,16:20:01,17:45:44,18:00:00,UNFINISHED,-1,-1,-1
1396,hard,15,16:22:54,17:46:15,18:00:00,UNFINISHED,-1,-1,-1
1464,medium,13,16:23:56,17:46:47,18:00:00,UNFINISHED,-1,-1,-1
1380,hard,15,16:24:00,17:46:54,18:00:00,UNFINISHED,-1,-1,-1
1471,hard,15,16:26:02,17:50:40,18:00:00,UNFINISHED,-1,-1,-1
1450,medium,14,16:26:25,17:50:53,18:00:00,UNFINISHED,-1,-1,-1
1406,medium,13,16:26:51,17:50:53,18:00:00,UNFINISHED,-1,-1,-1
1487,hard,15,16:28:19,17:52:37,18:00:00,UNFINISHED,-1,-1,-1
1503,medium,14,16:28:43,17:53:29,18:00:00,UNFINISHED,-1,-1,-1
1500,hard,15,16:28:58,17:53:35,18:00:00,UNFINISHED,-1,-1,-1
1439,medium,14,16:31:04,17:55:48,18:00:00,UNFINISHED,-1,-1,-1
1482,medium,13,16:31:07,17:56:07,18:00:00,UNFINISHED,-1,-1,-1
1445,medium,13,16:31:27,17:57:17,18:00:00,UNFINISHED,-1,-1,-1
1362,hard,15,16:32:02,17:57:43,18:00:00,UNFINISHED,-1,-1,-1
1469,medium,13,16:32:30,17:59:13,18:00:00,UNFINISHED,-1,-1,-1
1372,easy,12,16:32:44,17:59:52,18:00:00,UNFINISHED,-1,-1,-1
1394,medium,14,16:33:02,-,-,IGNORED,-1,-1
1401,easy,12,16:33:07,-,-,IGNORED,-1,-1
1423,easy,11,16:33:28,-,-,IGNORED,-1,-1
1371,medium,14,16:34:56,-,-,IGNORED,-1,-1
1428,hard,15,16:35:34,-,-,IGNORED,-1,-1
1517,hard,15,16:36:44,-,-,IGNORED,-1,-1
1508,medium,13,16:37:03,-,-,IGNORED,-1,-1
1499,medium,14,16:37:09,-,-,IGNORED,-1,-1
1411,medium,14,16:37:10,-,-,IGNORED,-1,-1
1520,medium,13,16:38:07,-,-,IGNORED,-1,-1
1388,easy,11,16:38:34,-,-,IGNORED,-1,-1
1370,easy,12,16:38:45,-,-,IGNORED,-1,-1
1513,medium,14,16:39:14,-,-,IGNORED,-1,-1
1429,hard,15,16:40:19,-,-,IGNORED,-1,-1
1412,easy,11,16:40:42,-,-,IGNORED,-1,-1
1522,easy,11,16:41:18,-,-,IGNORED,-1,-1
1529,medium,14,16:41:47,-,-,IGNORED,-1,-1
1377,easy,11,16:41:50,-,-,IGNORED,-1,-1
1495,easy,11,16:41:54,-,-,IGNORED,-1,-1
1403,medium,14,16:42:02,-,-,IGNORED,-1,-1
1447,easy,11,16:42:43,-,-,IGNORED,-1,-1
1483,hard,15,16:42:49,-,-,IGNORED,-1,-1
1386,easy,11,16:42:52,-,-,IGNORED,-1,-1
1444,medium,14,16:42:52,-,-,IGNORED,-1,-1
1523,easy,12,16:42:53,-,-,IGNORED,-1,-1
1398,easy,12,16:42:55,-,-,IGNORED,-1,-1
1379,easy,11,16:43:54,-,-,IGNORED,-1,-1
1376,easy,12,16:44:33,-,-,IGNORED,-1,-1
1490,easy,11,16:44:41,-,-,IGNORED,-1,-1
1479,easy,11,16:44:55,-,-,IGNORED,-1,-1
1410,medium,14,16:45:01,-,-,IGNORED,-1,-1
1382,easy,12,16:45:34,-,-,IGNORED,-1,-1
1480,easy,11,16:45:45,-,-,IGNORED,-1,-1
1519,medium,14,16:46:01,-,-,IGNORED,-1,-1
1378,medium,14,16:46:20,-,-,IGNORED,-1,-1
1505,easy,11,16:46:25,-,-,IGNORED,-1,-1
1498,medium,13,16:46:28,-,-,IGNORED,-1,-1
1416,medium,13,16:46:40,-,-,IGNORED,-1,-1
1453,easy,11,16:47:04,-,-,IGNORED,-1,-1
1524,medium,13,16:47:14,-,-,IGNORED,-1,-1
1400,easy,12,16:47:24,-,-,IGNORED,-1,-1
1435,hard,15,16:47:28,-,-,IGNORED,-1,-1
1442,easy,11,16:48:13,-,-,IGNORED,-1,-1
1373,medium,14,16:48:32,-,-,IGNORED,-1,-1
1402,hard,15,16:48:49,-,-,IGNORED,-1,-1
1465,medium,14,16:48:52,-,-,IGNORED,-1,-1
1492,easy,11,16:49:19,-,-,IGNORED,-1,-1
1452,easy,12,16:49:48,-,-,IGNORED,-1,-1
1474,medium,13,16:50:04,-,-,IGNORED,-1,-1
1397,medium,14,16:50:49,-,-,IGNORED,-1,-1
1489,medium,13,16:51:29,-,-,IGNORED,-1,-1
1361,easy,11,16:51:36,-,-,IGNORED,-1,-1
1427,hard,15,16:52:07,-,-,IGNORED,-1,-1
1446,easy,12,16:52:41,-,-,IGNORED,-1,-1
1496,medium,13,16:52:48,-,-,IGNORED,-1,-1
1467,hard,15,16:53:49,-,-,IGNORED,-1,-1
1374,medium,14,16:53:51,-,-,IGNORED,-1,-1
1364,hard,15,16:53:58,-,-,IGNORED,-1,-1
1384,easy,11,16:54:01,-,-,IGNORED,-1,-1
1484,medium,13,16:54:36,-,-,IGNORED,-1,-1
1389,medium,13,16:54:55,-,-,IGNORED,-1,-1
1472,easy,11,16:54:57,-,-,IGNORED,-1,-1
1419,easy,11,16:55:25,-,-,IGNORED,-1,-1
1455,easy,12,16:55:33,-,-,IGNORED,-1,-1
1387,easy,12,16:55:52,-,-,IGNORED,-1,-1
1468,easy,12,16:56:12,-,-,IGNORED,-1,-1
1418,hard,15,16:56:43,-,-,IGNORED,-1,-1
1493,medium,14,16:56:57,-,-,IGNORED,-1,-1
1511,medium,14,16:57:14,-,-,IGNORED,-1,-1
1510,hard,15,16:57:31,-,-,IGNORED,-1,-1
1424,easy,11,16:57:47,-,-,IGNORED,-1,-1
1501,hard,15,16:58:54,-,-,IGNORED,-1,-1
1413,medium,13,16:59:34,-,-,IGNORED,-1,-1
1365,hard,15,16:59:48,-,-,IGNORED,-1,-1
