task_id,difficulty,n,arrival_sim,start_sim,end_sim,status,cost,real_duration_sec,waiting_time_mili_sec,time_in_system_mili_sec
138,easy,11,08:00:27,08:00:30,08:01:12,COMPLETED,28256.0,714.5,3.12,45.94
112,easy,12,08:00:38,08:00:42,08:01:31,COMPLETED,29175.0,806.0,4.73,53.08
6,easy,11,08:01:55,08:01:55,08:02:07,COMPLETED,23575.0,202.1,0.20,12.33
124,easy,11,08:02:28,08:02:31,08:02:49,COMPLETED,30534.0,303.0,3.53,21.68
155,medium,13,08:02:12,08:02:13,08:03:32,COMPLETED,28537.0,1321.1,1.39,80.63
106,easy,11,08:02:58,08:03:02,08:03:44,COMPLETED,29688.0,713.0,4.07,46.78
85,easy,11,08:03:41,08:03:44,08:04:09,COMPLETED,25233.0,405.9,3.78,28.05
133,easy,12,08:03:16,08:03:20,08:05:16,COMPLETED,30144.0,1928.9,4.49,120.20
145,easy,11,08:05:00,08:05:03,08:05:22,COMPLETED,23675.0,308.8,3.82,22.27
17,easy,12,08:04:47,08:04:51,08:05:28,COMPLETED,29781.0,613.3,4.64,41.40
25,easy,11,08:06:15,08:06:16,08:06:47,COMPLETED,26589.0,507.9,1.97,32.40
27,easy,11,08:06:40,08:06:41,08:06:47,COMPLETED,24741.0,102.8,1.30,7.40
0,easy,12,08:06:22,08:06:23,08:07:05,COMPLETED,31778.0,709.6,1.06,43.58
1,easy,12,08:07:23,08:07:23,08:08:00,COMPLETED,27671.0,612.8,0.76,37.48
111,easy,11,08:07:38,08:07:42,08:08:18,COMPLETED,23904.0,615.5,4.00,40.90
66,medium,14,08:05:04,08:05:10,08:08:49,COMPLETED,30749.0,3658.6,6.00,225.49
65,easy,12,08:07:44,08:07:48,08:09:07,COMPLETED,28427.0,1327.2,4.16,83.73
73,easy,12,08:07:53,08:07:54,08:09:25,COMPLETED,26264.0,1529.0,1.28,92.97
89,easy,11,08:09:47,08:09:50,08:09:56,COMPLETED,18211.0,103.1,3.31,9.43
31,medium,13,08:09:34,08:09:38,08:10:08,COMPLETED,28937.0,508.7,4.13,34.59
14,medium,14,08:08:02,08:08:06,08:10:38,COMPLETED,28573.0,2540.9,4.57,156.94
107,easy,11,08:11:17,08:11:21,08:11:33,COMPLETED,20886.0,204.3,4.51,16.70
75,medium,13,08:10:51,08:10:51,08:12:28,COMPLETED,30801.0,1623.9,0.13,97.46
11,easy,12,08:12:09,08:12:10,08:12:34,COMPLETED,27123.0,408.9,1.17,25.60
103,easy,11,08:12:55,08:12:59,08:13:29,COMPLETED,29000.0,515.8,4.04,34.75
21,easy,11,08:13:13,08:13:17,08:13:29,COMPLETED,20328.0,210.6,4.39,16.75
119,easy,12,08:12:59,08:12:59,08:13:42,COMPLETED,23866.0,720.8,0.04,43.23
151,easy,11,08:13:25,08:13:29,08:13:48,COMPLETED,28403.0,312.1,4.75,23.38
146,easy,12,08:13:22,08:13:23,08:14:25,COMPLETED,25803.0,1028.1,1.55,63.20
137,medium,13,08:13:20,08:13:23,08:14:31,COMPLETED,25564.0,1131.7,3.55,71.32
105,easy,12,08:14:02,08:14:06,08:15:08,COMPLETED,29255.0,1021.7,4.82,66.04
130,easy,12,08:14:45,08:14:49,08:15:08,COMPLETED,23915.0,307.6,4.69,23.04
16,medium,13,08:12:49,08:12:52,08:15:14,COMPLETED,33233.0,2356.6,3.89,145.16
81,easy,12,08:14:30,08:14:31,08:15:26,COMPLETED,36289.0,921.1,1.32,56.44
42,easy,11,08:15:24,08:15:26,08:15:38,COMPLETED,22759.0,206.5,2.44,14.73
159,easy,11,08:15:56,08:15:57,08:16:03,COMPLETED,29889.0,105.0,1.10,7.30
165,easy,11,08:15:57,08:15:57,08:16:15,COMPLETED,26125.0,308.7,0.10,18.54
69,easy,11,08:16:20,08:16:21,08:16:27,COMPLETED,20989.0,104.4,1.71,7.88
64,easy,11,08:16:30,08:16:33,08:16:52,COMPLETED,23662.0,307.5,4.00,22.35
20,medium,13,08:15:11,08:15:14,08:17:10,COMPLETED,30604.0,1944.9,3.16,119.74
134,medium,14,08:15:41,08:15:44,08:17:10,COMPLETED,28344.0,1433.6,3.86,89.74
128,medium,14,08:07:37,08:07:42,08:17:29,COMPLETED,34409.0,9785.8,5.00,592.11
127,medium,13,08:17:02,08:17:04,08:17:41,COMPLETED,27788.0,614.9,2.56,39.38
117,medium,13,08:17:49,08:17:53,08:19:13,COMPLETED,28021.0,1328.4,4.58,84.17
153,medium,13,08:18:11,08:18:11,08:19:44,COMPLETED,25402.0,1540.4,0.93,93.11
104,easy,11,08:19:33,08:19:37,08:19:44,COMPLETED,31943.0,107.6,4.95,11.11
160,medium,13,08:17:06,08:17:10,08:20:15,COMPLETED,30142.0,3075.2,4.74,189.03
29,easy,12,08:20:14,08:20:15,08:20:39,COMPLETED,30194.0,416.6,1.03,25.87
56,medium,13,08:03:37,08:03:38,08:20:52,COMPLETED,33570.0,17227.1,1.70,1035.25
97,medium,14,08:17:33,08:17:35,08:22:36,COMPLETED,31799.0,5028.7,2.22,303.82
126,hard,15,08:08:27,08:08:31,08:22:43,COMPLETED,25134.0,14197.8,4.20,856.02
51,medium,13,08:20:47,08:20:52,08:22:55,COMPLETED,28193.0,2053.1,5.25,128.31
78,easy,11,08:22:23,08:22:24,08:23:08,COMPLETED,30802.0,727.8,1.48,45.04
110,easy,12,08:22:13,08:22:18,08:23:14,COMPLETED,27741.0,934.4,5.27,61.19
86,easy,11,08:23:11,08:23:14,08:23:26,COMPLETED,30822.0,207.4,3.19,15.51
28,medium,14,08:22:31,08:22:36,08:24:40,COMPLETED,26906.0,2059.3,5.82,129.27
120,easy,12,08:24:07,08:24:09,08:24:40,COMPLETED,27126.0,517.2,2.37,33.27
115,easy,12,08:24:19,08:24:21,08:24:58,COMPLETED,25168.0,619.1,2.77,39.75
167,easy,12,08:24:19,08:24:21,08:25:04,COMPLETED,30531.0,721.8,2.77,45.96
100,medium,14,08:22:15,08:22:18,08:25:11,COMPLETED,28487.0,2883.1,3.27,176.16
34,easy,11,08:24:57,08:24:58,08:25:17,COMPLETED,32462.0,312.9,1.75,20.36
140,easy,11,08:25:03,08:25:04,08:25:23,COMPLETED,24567.0,312.2,1.96,20.56
156,easy,12,08:25:12,08:25:17,08:26:06,COMPLETED,24422.0,821.6,5.36,54.54
44,hard,15,08:10:37,08:10:38,08:26:12,COMPLETED,29412.0,15563.2,1.94,935.69
142,easy,12,08:26:19,08:26:25,08:26:43,COMPLETED,26043.0,314.1,6.01,24.55
141,medium,13,08:25:05,08:25:11,08:26:49,COMPLETED,22166.0,1649.0,6.16,104.91
77,easy,11,08:26:39,08:26:43,08:26:49,COMPLETED,24776.0,109.8,4.55,10.91
109,hard,15,08:07:24,08:07:29,08:26:56,COMPLETED,27874.0,19439.4,5.85,1172.18
114,medium,13,08:20:20,08:20:21,08:27:26,COMPLETED,31173.0,7097.9,1.34,426.98
47,easy,12,08:24:10,08:24:15,08:27:33,COMPLETED,31197.0,3297.7,5.60,203.33
30,easy,12,08:26:17,08:26:18,08:27:39,COMPLETED,29489.0,1347.0,1.84,82.51
93,medium,14,08:22:10,08:22:12,08:28:29,COMPLETED,27924.0,6285.6,2.10,379.09
157,medium,14,08:12:23,08:12:28,08:28:47,COMPLETED,34040.0,16320.9,5.46,984.60
166,easy,12,08:27:56,08:27:58,08:29:00,COMPLETED,27465.0,1037.6,2.06,64.16
88,medium,13,08:24:43,08:24:46,08:29:37,COMPLETED,29823.0,4852.5,3.44,294.50
76,medium,13,08:28:53,08:28:53,08:29:56,COMPLETED,29191.0,1044.3,0.83,63.16
129,easy,12,08:30:14,08:30:15,08:30:33,COMPLETED,27581.0,313.9,1.07,19.68
38,easy,12,08:30:05,08:30:08,08:30:46,COMPLETED,26548.0,626.7,3.76,41.17
152,medium,14,08:14:14,08:14:19,08:30:58,COMPLETED,35057.0,16659.9,5.05,1004.58
53,medium,13,08:29:02,08:29:06,08:31:17,COMPLETED,31515.0,2181.7,4.43,135.14
8,easy,12,08:29:38,08:29:43,08:32:19,COMPLETED,30627.0,2600.5,5.65,161.48
35,easy,12,08:32:09,08:32:12,08:33:15,COMPLETED,25712.0,1040.3,3.92,66.14
118,medium,14,08:32:09,08:32:12,08:33:21,COMPLETED,25252.0,1142.4,3.92,72.42
72,easy,12,08:32:50,08:32:50,08:33:21,COMPLETED,29160.0,519.3,0.44,31.42
59,medium,14,08:24:09,08:24:09,08:33:33,COMPLETED,34688.0,9409.0,0.37,564.81
113,medium,13,08:33:15,08:33:15,08:34:10,COMPLETED,28192.0,929.5,0.14,55.81
49,medium,13,08:33:11,08:33:15,08:34:23,COMPLETED,33435.0,1136.7,4.14,72.13
5,medium,13,08:28:47,08:28:47,08:34:29,COMPLETED,33948.0,5697.3,0.60,342.38
37,easy,11,08:34:37,08:34:41,08:35:00,COMPLETED,24201.0,311.4,4.69,23.18
148,easy,11,08:35:11,08:35:12,08:35:24,COMPLETED,26215.0,209.0,1.54,13.94
61,easy,12,08:34:59,08:35:00,08:35:55,COMPLETED,33494.0,930.5,1.18,56.81
24,medium,13,08:33:04,08:33:08,08:36:02,COMPLETED,31845.0,2887.4,4.93,178.05
13,hard,15,08:12:34,08:12:34,08:37:03,COMPLETED,39219.0,24485.3,0.60,1469.68
87,medium,13,08:30:23,08:30:27,08:37:09,COMPLETED,31590.0,6709.4,4.39,406.86
139,easy,12,08:34:19,08:34:23,08:37:34,COMPLETED,32326.0,3191.6,4.13,195.50
98,easy,12,08:38:01,08:38:05,08:38:36,COMPLETED,31831.0,522.8,4.71,35.94
15,medium,14,08:37:25,08:37:28,08:39:01,COMPLETED,30359.0,1560.3,3.31,96.69
40,hard,15,08:28:42,08:28:47,08:39:51,COMPLETED,34910.0,11070.1,5.60,669.61
18,medium,14,08:35:52,08:35:55,08:40:22,COMPLETED,36838.0,4452.6,3.81,270.85
131,easy,12,08:40:02,08:40:04,08:40:53,COMPLETED,33215.0,831.6,2.06,51.74
122,hard,15,08:18:34,08:18:36,08:41:18,COMPLETED,34033.0,22712.0,2.37,1364.91
41,easy,12,08:41:09,08:41:12,08:41:25,COMPLETED,25234.0,217.9,3.47,16.31
94,easy,12,08:41:12,08:41:12,08:41:56,COMPLETED,30591.0,735.7,0.47,44.49
36,medium,13,08:37:29,08:37:34,08:42:02,COMPLETED,26833.0,4472.7,5.50,273.74
132,medium,13,08:27:23,08:27:26,08:42:33,COMPLETED,28680.0,15116.2,3.98,910.83
7,hard,15,08:02:59,08:03:02,08:42:46,COMPLETED,30594.0,39734.1,3.07,2387.34
71,easy,11,08:43:10,08:43:11,08:43:29,COMPLETED,24295.0,313.4,1.30,19.96
121,medium,13,08:41:16,08:41:18,08:43:48,COMPLETED,33776.0,2493.9,2.91,152.42
19,easy,12,08:45:01,08:45:02,08:45:08,COMPLETED,29570.0,106.5,1.08,7.26
164,easy,11,08:45:39,08:45:39,08:45:51,COMPLETED,28103.0,208.2,0.16,12.51
62,easy,12,08:45:22,08:45:26,08:46:03,COMPLETED,26638.0,619.8,4.77,41.83
9,medium,14,08:27:36,08:27:39,08:46:09,COMPLETED,29744.0,18509.9,3.51,1113.99
149,hard,15,08:01:11,08:01:12,08:46:16,COMPLETED,30191.0,45054.8,1.94,2705.21
168,easy,11,08:46:05,08:46:09,08:46:16,COMPLETED,28328.0,105.9,4.99,11.21
95,medium,14,08:32:11,08:32:12,08:46:22,COMPLETED,30195.0,14155.9,1.92,851.37
135,medium,13,08:45:03,08:45:08,08:47:23,COMPLETED,33512.0,2264.0,5.26,140.97
48,medium,13,08:46:48,08:46:53,08:47:30,COMPLETED,26807.0,620.2,5.09,42.16
161,hard,15,08:35:26,08:35:31,08:48:25,COMPLETED,32203.0,12908.6,5.11,779.52
150,medium,13,08:45:29,08:45:32,08:48:25,COMPLETED,33118.0,2878.4,3.97,176.52
116,medium,13,08:46:41,08:46:46,08:48:37,COMPLETED,32419.0,1851.8,5.91,116.84
10,medium,14,08:40:12,08:40:16,08:49:27,COMPLETED,26415.0,9186.5,4.65,555.67
22,hard,15,08:12:51,08:12:52,08:50:48,COMPLETED,26389.0,37927.1,1.89,2277.42
4,medium,13,08:49:53,08:49:58,08:51:01,COMPLETED,28411.0,1044.4,5.65,68.12
60,easy,11,08:50:51,08:50:54,08:51:01,COMPLETED,27790.0,110.4,3.78,10.12
96,hard,15,08:40:05,08:40:10,08:51:26,COMPLETED,26246.0,11264.6,5.28,681.01
23,easy,12,08:51:08,08:51:13,08:51:38,COMPLETED,30283.0,419.3,5.57,30.61
33,easy,11,08:51:50,08:51:50,08:51:57,COMPLETED,23787.0,105.1,0.97,7.14
108,easy,12,08:51:59,08:52:03,08:52:46,COMPLETED,30049.0,730.2,4.30,47.99
39,hard,15,08:19:41,08:19:44,08:53:05,COMPLETED,34672.0,33358.4,3.11,2004.56
143,medium,14,08:48:47,08:48:50,08:53:55,COMPLETED,25723.0,5083.9,3.20,308.08
90,hard,15,08:32:24,08:32:25,08:54:26,COMPLETED,32943.0,22006.2,1.77,1322.03
67,hard,15,08:01:50,08:01:55,08:55:27,COMPLETED,34666.0,53541.4,5.20,3217.66
43,easy,12,08:55:07,08:55:09,08:55:46,COMPLETED,28494.0,616.9,2.22,39.06
84,medium,13,08:51:28,08:51:32,08:56:10,COMPLETED,32243.0,4641.1,4.27,282.64
101,easy,12,08:56:32,08:56:35,08:56:47,COMPLETED,28533.0,207.8,3.14,15.47
12,easy,12,08:56:43,08:56:47,08:57:18,COMPLETED,27490.0,520.1,4.47,35.45
2,easy,11,08:57:18,08:57:18,08:57:24,COMPLETED,25433.0,107.4,0.45,6.73
92,easy,12,08:56:30,08:56:35,08:57:37,COMPLETED,34023.0,1035.0,5.14,67.10
169,medium,13,08:50:17,08:50:17,08:58:07,COMPLETED,35972.0,7845.0,0.32,470.92
50,easy,12,08:57:18,08:57:18,08:58:26,COMPLETED,32307.0,1134.5,0.45,68.44
26,easy,11,08:58:15,08:58:20,08:58:26,COMPLETED,22345.0,106.2,5.21,11.44
125,easy,11,08:58:29,08:58:32,08:58:38,COMPLETED,25626.0,105.4,3.60,9.79
158,hard,15,08:21:22,08:21:23,08:58:44,COMPLETED,26682.0,37364.4,1.12,2242.95
58,medium,13,08:57:02,08:57:06,08:58:57,COMPLETED,29413.0,1856.1,4.02,115.27
52,medium,13,08:57:04,08:57:06,08:59:09,COMPLETED,30533.0,2059.7,2.02,125.55
147,easy,12,08:56:49,08:56:53,08:59:34,COMPLETED,36370.0,2675.9,4.68,165.07
63,hard,15,08:19:25,08:19:25,08:59:46,COMPLETED,34028.0,40350.7,0.49,2421.49
235,easy,12,09:00:40,09:00:42,09:00:54,COMPLETED,30195.0,214.0,2.09,14.59
80,hard,15,08:59:29,08:59:34,09:01:56,COMPLETED,28432.0,2383.2,5.07,147.76
99,hard,15,08:33:30,08:33:33,09:02:15,COMPLETED,30823.0,28698.6,3.81,1725.55
3,hard,15,08:41:51,08:41:56,09:02:21,COMPLETED,37913.0,20424.8,5.49,1230.91
45,medium,13,08:54:15,08:54:19,09:02:34,COMPLETED,32778.0,8242.7,4.83,499.26
241,easy,11,09:02:39,09:02:40,09:02:53,COMPLETED,29463.0,211.2,1.50,14.06
233,easy,11,09:02:38,09:02:40,09:03:11,COMPLETED,26757.0,523.0,2.50,33.71
162,medium,14,08:55:44,08:55:46,09:03:17,COMPLETED,19140.0,7533.7,2.06,453.94
228,easy,12,09:03:22,09:03:24,09:03:36,COMPLETED,28330.0,209.1,2.17,14.52
274,easy,11,09:03:45,09:03:48,09:03:55,COMPLETED,22579.0,107.2,3.95,10.36
226,easy,11,09:05:05,09:05:09,09:05:22,COMPLETED,24958.0,214.6,4.62,17.23
299,easy,12,09:05:12,09:05:15,09:05:34,COMPLETED,26287.0,316.1,3.93,22.77
102,medium,13,08:54:18,08:54:19,09:06:05,COMPLETED,29039.0,11766.4,1.83,707.77
123,medium,14,08:59:39,08:59:40,09:06:24,COMPLETED,23305.0,6734.0,1.27,405.22
309,medium,13,09:02:15,09:02:15,09:06:42,COMPLETED,31635.0,4454.5,0.55,267.69
32,hard,15,08:47:17,08:47:17,09:06:48,COMPLETED,31680.0,19520.3,0.75,1171.89
201,easy,11,09:06:33,09:06:36,09:06:55,COMPLETED,25340.0,311.3,3.52,22.06
328,medium,14,09:04:16,09:04:20,09:07:44,COMPLETED,33972.0,3403.7,4.07,208.20
213,easy,11,09:07:35,09:07:38,09:07:44,COMPLETED,25622.0,104.9,3.03,9.20
283,hard,15,09:00:53,09:00:54,09:08:51,COMPLETED,32868.0,7951.3,1.59,478.59
173,easy,11,09:08:45,09:08:45,09:08:51,COMPLETED,17718.0,104.9,0.43,6.59
311,easy,12,09:06:17,09:06:18,09:08:57,COMPLETED,38383.0,2664.8,1.04,160.74
210,easy,11,09:08:54,09:08:57,09:09:03,COMPLETED,25029.0,105.0,3.74,9.98
301,easy,11,09:09:06,09:09:10,09:09:16,COMPLETED,25165.0,104.6,4.11,10.27
282,medium,13,09:08:09,09:08:14,09:09:47,COMPLETED,30450.0,1538.8,5.79,98.01
325,medium,13,09:09:39,09:09:40,09:10:42,COMPLETED,29490.0,1024.8,1.84,63.22
245,easy,11,09:11:15,09:11:19,09:11:25,COMPLETED,29449.0,106.4,4.11,10.32
254,easy,11,09:11:19,09:11:19,09:11:37,COMPLETED,26321.0,311.1,0.11,18.66
225,easy,12,09:11:23,09:11:25,09:11:43,COMPLETED,22891.0,311.4,2.32,20.84
295,easy,12,09:10:50,09:10:54,09:11:50,COMPLETED,28328.0,927.3,4.51,60.03
287,hard,15,09:01:16,09:01:19,09:12:14,COMPLETED,32836.0,10918.7,3.51,658.56
272,medium,14,09:01:54,09:01:56,09:13:04,COMPLETED,31925.0,11126.7,2.76,670.21
223,easy,12,09:12:55,09:12:57,09:13:41,COMPLETED,28863.0,728.8,2.79,46.35
220,easy,12,09:14:07,09:14:12,09:14:37,COMPLETED,30984.0,419.8,5.53,30.49
70,hard,15,08:50:44,08:50:48,09:14:49,COMPLETED,31558.0,24027.9,4.42,1445.98
180,medium,14,09:08:52,09:08:57,09:14:56,COMPLETED,30230.0,5977.9,5.74,364.23
262,medium,13,09:13:43,09:13:47,09:15:08,COMPLETED,27330.0,1354.3,4.55,85.66
289,medium,13,09:13:50,09:13:53,09:15:21,COMPLETED,32065.0,1457.2,3.84,91.08
209,easy,12,09:14:55,09:14:56,09:15:45,COMPLETED,27511.0,829.2,1.23,50.92
242,medium,14,09:09:55,09:09:59,09:16:22,COMPLETED,30230.0,6395.0,4.27,387.83
217,easy,12,09:12:56,09:12:57,09:16:29,COMPLETED,26846.0,3522.2,1.79,213.03
175,easy,11,09:16:05,09:16:10,09:16:29,COMPLETED,27562.0,313.0,5.51,24.03
183,easy,11,09:16:20,09:16:22,09:16:29,COMPLETED,22674.0,108.2,2.83,9.03
297,medium,13,09:08:55,09:08:57,09:16:53,COMPLETED,35138.0,7937.4,2.74,478.91
264,easy,11,09:16:39,09:16:41,09:17:00,COMPLETED,31568.0,312.7,2.51,21.14
171,easy,12,09:15:03,09:15:08,09:17:18,COMPLETED,32954.0,2166.1,5.66,135.53
83,hard,15,08:00:40,08:00:42,09:18:01,COMPLETED,35508.0,77312.3,2.73,4641.50
231,easy,11,09:18:29,09:18:32,09:18:38,COMPLETED,22014.0,104.6,3.15,9.36
243,medium,13,09:14:51,09:14:56,09:18:56,COMPLETED,27525.0,4010.7,5.23,245.79
200,easy,11,09:19:14,09:19:15,09:19:21,COMPLETED,27795.0,106.0,1.24,7.45
238,easy,11,09:19:40,09:19:46,09:19:52,COMPLETED,29662.0,105.9,6.10,12.28
192,easy,11,09:20:15,09:20:16,09:20:41,COMPLETED,21254.0,415.7,1.90,26.72
205,medium,13,09:17:36,09:17:36,09:20:47,COMPLETED,24823.0,3185.4,0.90,191.91
334,easy,12,09:20:22,09:20:23,09:21:06,COMPLETED,27726.0,725.1,1.14,44.47
310,easy,11,09:20:48,09:20:54,09:21:06,COMPLETED,25519.0,209.5,6.09,18.47
232,easy,12,09:21:04,09:21:06,09:21:24,COMPLETED,26490.0,310.7,2.47,20.98
317,easy,11,09:21:33,09:21:37,09:21:43,COMPLETED,25487.0,105.8,4.30,10.49
303,medium,13,09:19:47,09:19:52,09:22:20,COMPLETED,25939.0,2471.9,5.28,153.46
234,medium,14,09:18:28,09:18:32,09:22:57,COMPLETED,34196.0,4423.3,4.15,269.44
193,easy,12,09:22:21,09:22:26,09:23:03,COMPLETED,26906.0,618.4,5.64,42.61
312,medium,14,09:05:51,09:05:53,09:23:28,COMPLETED,31784.0,17582.7,2.31,1057.21
237,medium,13,09:17:51,09:17:55,09:24:47,COMPLETED,35026.0,6879.2,4.33,417.00
230,easy,11,09:25:00,09:25:00,09:25:12,COMPLETED,29340.0,208.2,0.27,12.59
279,easy,11,09:25:12,09:25:12,09:25:31,COMPLETED,31619.0,309.9,0.59,19.06
68,hard,15,08:48:56,08:48:56,09:25:37,COMPLETED,25866.0,36679.2,0.50,2201.21
251,easy,11,09:25:56,09:26:01,09:26:20,COMPLETED,29475.0,313.2,5.82,24.44
54,hard,15,08:35:30,08:35:31,09:26:26,COMPLETED,34751.0,50926.3,1.11,3056.67
229,easy,12,09:25:47,09:25:49,09:26:26,COMPLETED,29133.0,622.3,2.47,39.67
324,easy,12,09:26:06,09:26:08,09:26:32,COMPLETED,31639.0,415.2,2.07,26.85
256,hard,15,09:22:08,09:22:08,09:26:39,COMPLETED,32477.0,4518.0,0.11,271.02
227,medium,14,09:25:51,09:25:55,09:26:39,COMPLETED,36822.0,726.3,4.64,48.02
82,hard,15,08:04:42,08:04:45,09:27:03,COMPLETED,35077.0,82305.2,3.49,4941.79
298,easy,12,09:26:20,09:26:20,09:27:09,COMPLETED,34735.0,827.5,0.44,49.96
281,hard,15,09:03:44,09:03:48,09:28:30,COMPLETED,30453.0,24692.4,4.95,1486.38
278,easy,11,09:29:41,09:29:45,09:29:51,COMPLETED,24800.0,107.2,4.12,10.38
260,easy,12,09:29:29,09:29:32,09:29:57,COMPLETED,23785.0,417.0,3.72,28.58
253,easy,11,09:30:14,09:30:16,09:30:22,COMPLETED,20477.0,106.9,2.17,8.41
277,easy,11,09:30:15,09:30:16,09:30:34,COMPLETED,34042.0,313.2,1.17,19.79
240,hard,15,09:20:11,09:20:16,09:30:53,COMPLETED,36050.0,10611.4,5.90,642.45
222,easy,11,09:31:21,09:31:24,09:31:43,COMPLETED,33059.0,313.9,3.45,22.06
190,medium,14,09:31:41,09:31:43,09:32:20,COMPLETED,30165.0,623.4,2.06,39.30
208,easy,12,09:30:34,09:30:34,09:33:03,COMPLETED,31071.0,2484.4,0.79,149.72
326,medium,14,09:29:43,09:29:45,09:33:22,COMPLETED,28986.0,3623.6,2.12,219.45
182,easy,11,09:33:31,09:33:34,09:33:41,COMPLETED,30004.0,107.1,3.86,10.10
313,easy,12,09:33:13,09:33:16,09:33:47,COMPLETED,26307.0,522.1,3.11,34.31
269,medium,13,09:32:05,09:32:07,09:34:05,COMPLETED,28230.0,1970.9,2.84,120.90
186,medium,14,09:27:10,09:27:16,09:34:12,COMPLETED,39345.0,6935.6,6.13,422.14
306,easy,11,09:34:05,09:34:05,09:34:12,COMPLETED,25676.0,107.3,0.90,7.14
212,easy,12,09:31:13,09:31:18,09:34:18,COMPLETED,36030.0,3004.6,5.24,185.36
219,medium,13,09:30:50,09:30:53,09:34:24,COMPLETED,25491.0,3520.7,3.45,214.56
333,medium,13,09:30:57,09:30:59,09:34:55,COMPLETED,35853.0,3932.9,2.68,238.47
174,medium,13,09:32:14,09:32:14,09:34:55,COMPLETED,24831.0,2693.4,0.06,161.47
144,hard,15,08:08:19,08:08:25,09:35:26,COMPLETED,34532.0,87029.1,6.03,5227.76
236,easy,11,09:35:07,09:35:07,09:35:33,COMPLETED,33478.0,427.8,0.95,26.08
216,medium,14,09:26:43,09:26:45,09:36:04,COMPLETED,30257.0,9327.1,2.27,561.71
247,easy,12,09:34:56,09:35:01,09:36:04,COMPLETED,32999.0,1055.5,5.71,68.71
271,medium,14,09:19:09,09:19:09,09:36:23,COMPLETED,28763.0,17243.1,0.05,1034.56
259,easy,11,09:36:17,09:36:17,09:36:29,COMPLETED,22267.0,210.9,0.30,12.76
327,medium,13,09:30:37,09:30:41,09:36:48,COMPLETED,29165.0,6125.8,4.04,371.39
339,easy,12,09:36:10,09:36:11,09:37:32,COMPLETED,22188.0,1359.1,1.09,82.41
206,medium,13,09:26:08,09:26:08,09:39:06,COMPLETED,32302.0,12976.0,0.07,778.58
218,medium,13,09:36:25,09:36:29,09:39:50,COMPLETED,25212.0,3351.3,4.76,205.69
207,medium,14,09:38:52,09:38:53,09:39:56,COMPLETED,30642.0,1054.5,1.89,64.88
224,medium,14,09:36:56,09:37:00,09:40:41,COMPLETED,30526.0,3672.0,4.96,225.14
191,easy,12,09:36:35,09:36:35,09:41:00,COMPLETED,32955.0,4405.0,0.99,265.01
250,easy,11,09:40:52,09:40:53,09:41:06,COMPLETED,23392.0,215.4,1.60,14.37
335,medium,14,09:37:31,09:37:32,09:41:18,COMPLETED,26354.0,3774.7,1.41,227.73
202,easy,11,09:41:15,09:41:18,09:41:31,COMPLETED,28817.0,210.2,3.73,16.16
305,medium,14,09:32:28,09:32:32,09:42:14,COMPLETED,28575.0,9699.2,4.68,586.49
338,easy,11,09:42:52,09:42:57,09:43:03,COMPLETED,25888.0,106.4,5.71,11.93
294,hard,15,09:26:00,09:26:01,09:43:34,COMPLETED,37620.0,17552.0,1.82,1054.91
199,easy,12,09:44:55,09:44:55,09:45:32,COMPLETED,31111.0,623.4,0.39,37.59
291,easy,11,09:45:51,09:45:51,09:46:03,COMPLETED,22742.0,210.0,0.19,12.61
336,easy,12,09:47:58,09:48:03,09:48:35,COMPLETED,29352.0,530.8,5.76,37.22
292,medium,14,09:43:17,09:43:22,09:49:07,COMPLETED,26533.0,5748.2,5.45,350.20
185,easy,11,09:48:45,09:48:47,09:49:07,COMPLETED,23789.0,324.9,2.92,22.20
189,hard,15,09:35:31,09:35:33,09:50:42,COMPLETED,24887.0,15163.7,2.08,911.67
221,medium,14,09:47:56,09:47:57,09:51:08,COMPLETED,29476.0,3188.8,1.32,192.12
323,medium,14,09:34:54,09:34:55,09:51:14,COMPLETED,30558.0,16325.5,1.47,980.79
318,easy,11,09:51:03,09:51:08,09:51:14,COMPLETED,24309.0,117.8,5.12,11.79
296,easy,12,09:51:08,09:51:08,09:51:46,COMPLETED,26543.0,650.9,0.12,38.80
286,easy,12,09:51:32,09:51:33,09:52:06,COMPLETED,25142.0,542.3,1.91,34.07
214,easy,11,09:51:53,09:51:53,09:52:19,COMPLETED,25407.0,431.9,0.34,26.05
215,hard,15,09:41:55,09:41:55,09:52:50,COMPLETED,34130.0,10910.1,0.94,655.40
197,medium,13,09:51:25,09:51:27,09:53:02,COMPLETED,31792.0,1592.1,2.63,97.93
319,easy,12,09:52:27,09:52:31,09:53:40,COMPLETED,26868.0,1153.3,4.57,73.51
275,easy,12,09:51:48,09:51:53,09:53:46,COMPLETED,28518.0,1894.7,5.34,118.80
195,easy,11,09:54:35,09:54:36,09:55:02,COMPLETED,34307.0,425.2,1.96,27.18
270,easy,12,09:54:52,09:54:55,09:55:14,COMPLETED,26975.0,319.2,3.84,22.78
246,easy,11,09:54:56,09:55:02,09:55:21,COMPLETED,27244.0,318.8,6.18,25.06
330,medium,13,09:54:29,09:54:30,09:55:52,COMPLETED,28437.0,1367.5,1.66,83.39
196,medium,13,09:51:43,09:51:46,09:56:17,COMPLETED,32918.0,4516.2,3.80,274.55
266,easy,12,09:56:47,09:56:48,09:57:14,COMPLETED,26288.0,426.2,1.85,27.15
261,easy,12,09:57:04,09:57:07,09:57:39,COMPLETED,25853.0,536.2,3.81,35.55
321,easy,12,09:57:12,09:57:14,09:57:58,COMPLETED,32325.0,751.8,2.15,46.90
244,medium,13,09:55:49,09:55:52,09:58:24,COMPLETED,33778.0,2538.5,3.39,155.36
91,hard,15,08:16:11,08:16:15,09:58:56,COMPLETED,29462.0,102680.9,4.54,6165.37
170,easy,11,09:58:17,09:58:18,09:59:02,COMPLETED,28474.0,750.7,1.01,45.84
302,hard,15,09:12:51,09:12:51,09:59:47,COMPLETED,25784.0,46936.3,0.49,2816.57
280,hard,15,09:09:18,09:09:22,10:00:06,COMPLETED,31883.0,50741.8,4.41,3048.83
268,medium,14,09:54:51,09:54:55,10:00:06,COMPLETED,26073.0,5190.0,4.84,315.83
263,medium,14,09:58:41,09:58:43,10:00:06,COMPLETED,31109.0,1395.1,2.61,85.83
267,medium,14,09:33:11,09:33:16,10:00:19,COMPLETED,24595.0,27063.8,5.11,1628.82
181,easy,12,09:59:49,09:59:54,10:00:19,COMPLETED,32446.0,434.6,5.04,30.82
257,medium,14,09:43:44,09:43:47,10:00:38,COMPLETED,32787.0,16863.7,3.27,1014.96
172,medium,13,09:10:59,09:11:00,10:00:58,COMPLETED,36196.0,49959.8,1.67,2999.14
322,medium,14,09:30:34,09:30:34,10:01:17,COMPLETED,26444.0,30712.4,0.79,1843.50
419,easy,12,10:01:10,10:01:10,10:01:17,COMPLETED,19606.0,112.3,0.99,7.50
79,medium,14,08:40:37,08:40:41,10:01:23,COMPLETED,37891.0,80706.9,4.39,4846.76
308,medium,14,09:43:19,09:43:22,10:01:55,COMPLETED,34436.0,18549.7,3.45,1116.34
369,easy,12,10:01:55,10:01:55,10:02:14,COMPLETED,33193.0,320.7,0.34,19.37
276,medium,14,09:55:48,09:55:52,10:02:27,COMPLETED,26498.0,6583.9,4.39,399.07
316,hard,15,09:46:44,09:46:47,10:02:39,COMPLETED,30428.0,15877.4,3.48,955.86
331,medium,14,09:46:22,09:46:22,10:04:08,COMPLETED,29282.0,17769.6,0.29,1066.35
284,hard,15,09:32:36,09:32:38,10:04:27,COMPLETED,32904.0,31805.1,2.91,1911.12
187,medium,13,09:50:15,09:50:17,10:05:04,COMPLETED,24513.0,14796.7,2.12,889.74
341,medium,14,10:04:00,10:04:02,10:05:11,COMPLETED,21279.0,1153.4,2.04,71.02
476,medium,13,10:03:43,10:03:43,10:05:23,COMPLETED,29538.0,1673.9,0.28,100.50
136,hard,15,08:22:50,08:22:55,10:06:07,COMPLETED,39043.0,103196.9,5.31,6197.06
314,hard,15,09:18:45,09:18:50,10:06:25,COMPLETED,29356.0,47588.1,5.62,2860.82
249,medium,14,09:35:14,09:35:14,10:06:25,COMPLETED,35427.0,31196.5,0.17,1871.82
204,hard,15,09:40:01,09:40:03,10:06:32,COMPLETED,32434.0,26483.6,2.20,1591.12
400,easy,11,10:06:34,10:06:38,10:06:44,COMPLETED,25272.0,107.7,4.39,10.65
468,easy,12,10:06:01,10:06:07,10:07:09,COMPLETED,26467.0,1046.1,6.06,68.64
177,medium,14,09:28:35,09:28:36,10:08:12,COMPLETED,28535.0,39590.5,1.65,2377.03
290,medium,13,09:46:55,09:47:00,10:08:12,COMPLETED,29628.0,21198.3,5.22,1277.03
498,easy,12,10:06:59,10:07:03,10:08:18,COMPLETED,37825.0,1253.1,4.34,79.28
163,hard,15,08:22:23,08:22:24,10:08:37,COMPLETED,26649.0,106210.4,1.48,6374.13
507,medium,13,10:06:20,10:06:25,10:08:49,COMPLETED,34333.0,2402.3,5.82,149.75
467,easy,12,10:09:23,10:09:27,10:09:53,COMPLETED,16742.0,425.1,4.77,30.03
480,medium,13,10:06:52,10:06:57,10:10:12,COMPLETED,27014.0,3254.9,5.08,200.19
364,medium,14,10:02:16,10:02:20,10:10:56,COMPLETED,30921.0,8605.5,4.60,520.67
388,easy,11,10:10:41,10:10:43,10:11:21,COMPLETED,21459.0,642.3,2.81,41.00
343,easy,12,10:10:27,10:10:30,10:12:37,COMPLETED,26284.0,2106.3,3.99,130.17
459,medium,13,10:03:33,10:03:36,10:12:49,COMPLETED,37609.0,9214.2,3.98,556.63
508,easy,12,10:12:51,10:12:55,10:13:33,COMPLETED,34546.0,634.5,4.91,42.60
384,easy,11,10:14:24,10:14:24,10:14:49,COMPLETED,28975.0,424.8,0.60,25.88
293,hard,15,09:28:37,09:28:42,10:15:14,COMPLETED,30339.0,46531.5,5.96,2797.80
273,hard,15,09:24:25,09:24:29,10:15:52,COMPLETED,30234.0,51377.6,4.54,3087.14
57,hard,15,08:34:17,08:34:23,10:16:23,COMPLETED,26825.0,102004.8,6.13,6126.39
392,medium,13,10:07:24,10:07:28,10:17:06,COMPLETED,39744.0,9647.3,4.32,582.99
304,hard,15,09:50:00,09:50:04,10:17:19,COMPLETED,36513.0,27254.9,4.23,1639.43
458,medium,13,10:09:57,10:09:59,10:17:38,COMPLETED,30495.0,7650.4,2.31,461.08
505,easy,12,10:18:59,10:18:59,10:19:05,COMPLETED,25838.0,108.4,0.18,6.46
442,easy,11,10:19:45,10:19:49,10:19:55,COMPLETED,26377.0,111.0,4.30,10.57
340,medium,13,10:17:32,10:17:38,10:20:27,COMPLETED,34460.0,2831.7,6.08,175.52
320,hard,15,09:19:35,09:19:39,10:20:40,COMPLETED,36809.0,61010.1,4.92,3665.49
509,easy,11,10:20:23,10:20:27,10:20:40,COMPLETED,20398.0,219.9,4.52,17.49
288,hard,15,09:34:41,09:34:43,10:22:02,COMPLETED,32823.0,47331.2,2.08,2841.87
350,hard,15,10:03:08,10:03:11,10:22:09,COMPLETED,29798.0,18969.2,3.47,1141.29
389,easy,11,10:22:04,10:22:09,10:22:15,COMPLETED,25508.0,112.2,5.29,11.81
329,hard,15,09:30:38,09:30:41,10:22:28,COMPLETED,32491.0,51793.6,3.04,3110.52
349,easy,12,10:20:01,10:20:01,10:23:00,COMPLETED,32008.0,2976.5,0.99,179.37
358,easy,11,10:22:26,10:22:28,10:23:00,COMPLETED,36867.0,534.9,2.52,34.37
410,medium,13,10:22:17,10:22:22,10:23:25,COMPLETED,30597.0,1068.2,5.06,68.80
346,easy,11,10:24:08,10:24:10,10:24:23,COMPLETED,28667.0,222.5,2.51,15.60
368,easy,11,10:23:52,10:23:57,10:24:49,COMPLETED,40313.0,863.2,5.60,57.02
393,medium,13,10:24:08,10:24:10,10:24:49,COMPLETED,26959.0,647.3,2.51,41.02
439,easy,11,10:24:38,10:24:42,10:24:55,COMPLETED,22158.0,223.9,4.43,17.50
248,hard,15,09:20:59,09:21:00,10:25:46,COMPLETED,31812.0,64767.9,1.28,3887.31
414,medium,14,10:10:59,10:11:03,10:26:42,COMPLETED,36428.0,15667.6,4.07,943.93
437,easy,12,10:24:57,10:25:01,10:26:42,COMPLETED,33782.0,1688.0,4.92,105.93
342,easy,11,10:26:23,10:26:24,10:27:01,COMPLETED,31358.0,634.1,1.05,38.85
363,easy,11,10:26:54,10:26:55,10:27:20,COMPLETED,24733.0,426.5,1.52,26.81
408,easy,12,10:26:54,10:26:55,10:27:27,COMPLETED,21946.0,532.3,1.52,33.15
461,medium,13,10:21:56,10:21:56,10:27:39,COMPLETED,33751.0,5727.9,0.39,343.83
423,medium,13,10:25:59,10:26:05,10:27:52,COMPLETED,28164.0,1794.3,6.13,113.53
481,medium,14,10:17:43,10:17:44,10:28:11,COMPLETED,29081.0,10455.0,1.39,628.47
397,medium,13,10:26:39,10:26:42,10:28:11,COMPLETED,29208.0,1480.5,3.93,92.47
474,easy,11,10:28:07,10:28:11,10:28:17,COMPLETED,22009.0,110.6,4.47,10.81
415,easy,11,10:28:14,10:28:17,10:28:24,COMPLETED,24166.0,109.7,3.81,10.14
409,easy,12,10:24:58,10:25:01,10:29:26,COMPLETED,39755.0,4417.6,3.92,268.86
203,medium,14,09:56:58,09:57:01,10:29:39,COMPLETED,36895.0,32636.2,3.48,1961.49
452,medium,14,10:19:31,10:19:36,10:29:45,COMPLETED,38258.0,10156.1,5.64,614.84
345,easy,11,10:29:29,10:29:33,10:29:45,COMPLETED,31073.0,215.9,4.15,16.84
457,easy,11,10:29:35,10:29:39,10:29:45,COMPLETED,24259.0,110.4,4.49,10.84
378,easy,11,10:29:47,10:29:52,10:29:58,COMPLETED,21763.0,111.2,5.14,11.49
503,easy,12,10:29:49,10:29:52,10:30:17,COMPLETED,27205.0,425.7,3.14,28.47
441,easy,12,10:29:56,10:29:58,10:30:36,COMPLETED,31612.0,635.7,2.49,40.38
496,hard,15,10:09:11,10:09:14,10:30:55,COMPLETED,33716.0,21672.2,4.00,1304.19
465,medium,14,10:13:38,10:13:40,10:31:07,COMPLETED,30994.0,17464.1,2.03,1049.73
353,medium,13,10:31:45,10:31:45,10:32:23,COMPLETED,27664.0,632.8,0.41,38.12
479,medium,14,10:17:32,10:17:38,10:32:35,COMPLETED,30265.0,14961.8,6.08,903.68
501,medium,13,10:30:07,10:30:11,10:32:48,COMPLETED,30756.0,2622.7,4.15,161.22
370,medium,14,10:22:46,10:22:47,10:33:19,COMPLETED,25011.0,10535.1,1.82,633.78
482,medium,13,10:28:29,10:28:30,10:33:26,COMPLETED,31393.0,4931.1,1.42,297.07
487,easy,12,10:32:14,10:32:16,10:33:26,COMPLETED,25912.0,1159.1,2.78,72.07
466,easy,11,10:33:33,10:33:38,10:33:51,COMPLETED,28549.0,214.7,5.65,18.22
446,medium,13,10:33:31,10:33:32,10:33:57,COMPLETED,27794.0,424.6,1.35,26.57
497,medium,13,10:30:22,10:30:23,10:34:16,COMPLETED,35745.0,3881.4,1.76,234.43
375,medium,13,10:26:59,10:27:01,10:34:22,COMPLETED,33006.0,7350.7,2.85,443.70
460,medium,13,10:31:09,10:31:14,10:34:28,COMPLETED,31867.0,3253.9,5.02,199.98
451,easy,12,10:33:48,10:33:51,10:34:28,COMPLETED,31015.0,634.5,3.22,40.98
387,medium,13,10:26:23,10:26:24,10:34:41,COMPLETED,35287.0,8295.0,1.05,498.62
491,easy,11,10:34:54,10:34:54,10:35:06,COMPLETED,32213.0,212.7,0.11,12.64
418,medium,14,10:22:43,10:22:47,10:35:50,COMPLETED,33493.0,13045.2,4.82,787.36
471,medium,14,10:21:39,10:21:43,10:36:09,COMPLETED,35215.0,14428.7,4.54,870.10
380,easy,12,10:35:43,10:35:44,10:36:09,COMPLETED,21451.0,421.0,1.07,26.10
504,hard,15,10:18:17,10:18:21,10:36:21,COMPLETED,32554.0,18004.3,4.79,1084.79
405,easy,11,10:36:10,10:36:15,10:36:21,COMPLETED,22941.0,113.9,5.35,11.79
395,medium,14,10:21:06,10:21:12,10:36:28,COMPLETED,23821.0,15275.0,6.06,922.23
194,hard,15,09:50:59,09:51:01,10:36:53,COMPLETED,31220.0,45868.2,2.83,2754.66
421,easy,11,10:37:16,10:37:19,10:37:25,COMPLETED,25996.0,112.9,3.33,9.85
500,medium,14,10:27:43,10:27:46,10:37:32,COMPLETED,25651.0,9770.6,3.16,589.14
425,easy,11,10:37:02,10:37:06,10:37:44,COMPLETED,37220.0,646.2,4.52,42.91
478,medium,13,10:34:00,10:34:03,10:37:57,COMPLETED,24102.0,3901.5,3.86,237.60
485,easy,12,10:37:48,10:37:51,10:38:04,COMPLETED,27553.0,220.5,3.32,16.02
436,medium,13,10:37:10,10:37:12,10:38:23,COMPLETED,26221.0,1174.1,2.85,73.07
489,easy,11,10:37:59,10:38:04,10:38:23,COMPLETED,25776.0,321.9,5.02,24.07
265,hard,15,09:44:14,09:44:18,10:39:06,COMPLETED,33576.0,54812.5,4.18,3292.90
402,easy,12,10:39:00,10:39:00,10:39:31,COMPLETED,24412.0,524.3,0.61,31.83
502,easy,11,10:40:45,10:40:46,10:41:05,COMPLETED,23141.0,317.6,1.78,20.62
424,medium,14,10:39:39,10:39:44,10:41:11,COMPLETED,26422.0,1462.3,5.35,92.87
431,easy,12,10:41:23,10:41:24,10:41:37,COMPLETED,27083.0,214.7,1.35,14.01
416,medium,14,10:29:29,10:29:33,10:41:55,COMPLETED,30678.0,12380.7,4.15,746.79
356,medium,13,10:40:51,10:40:53,10:41:55,COMPLETED,31598.0,1049.9,2.08,64.79
438,medium,14,10:27:42,10:27:46,10:42:08,COMPLETED,25310.0,14372.5,4.16,866.34
477,easy,12,10:41:51,10:41:55,10:42:27,COMPLETED,25561.0,525.4,4.79,36.10
430,easy,12,10:42:54,10:42:58,10:43:29,COMPLETED,32345.0,525.8,4.43,35.67
365,easy,12,10:43:24,10:43:29,10:43:42,COMPLETED,27403.0,214.2,5.67,18.24
362,easy,12,10:42:52,10:42:52,10:43:48,COMPLETED,23891.0,946.3,0.12,56.55
351,easy,11,10:43:38,10:43:42,10:43:54,COMPLETED,31878.0,219.2,4.24,16.94
178,medium,14,09:48:55,09:49:00,10:44:14,COMPLETED,34217.0,55232.4,5.74,3319.48
470,medium,13,10:33:49,10:33:51,10:44:40,COMPLETED,31691.0,10818.8,2.22,651.10
427,easy,12,10:44:01,10:44:01,10:44:46,COMPLETED,30561.0,756.5,0.45,45.48
411,easy,11,10:44:14,10:44:14,10:44:46,COMPLETED,28782.0,540.1,0.48,32.48
456,easy,11,10:44:35,10:44:40,10:44:46,COMPLETED,26354.0,113.9,5.10,11.48
371,easy,11,10:44:38,10:44:40,10:44:52,COMPLETED,27453.0,220.2,2.10,14.99
399,easy,12,10:44:37,10:44:40,10:44:59,COMPLETED,31063.0,329.8,3.10,22.43
307,hard,15,09:53:07,09:53:09,10:45:18,COMPLETED,31528.0,52159.9,2.20,3131.63
255,hard,15,09:58:12,09:58:18,10:45:31,COMPLETED,40512.0,47225.8,6.01,2839.39
448,easy,12,10:45:22,10:45:25,10:45:31,COMPLETED,23225.0,112.3,3.06,9.39
348,hard,15,10:00:41,10:00:45,10:45:37,COMPLETED,30410.0,44879.6,4.24,2696.84
449,medium,14,10:38:26,10:38:29,10:45:50,COMPLETED,33200.0,7356.0,3.37,444.56
422,easy,12,10:45:35,10:45:37,10:45:50,COMPLETED,24694.0,215.8,2.84,15.56
398,easy,12,10:46:01,10:46:03,10:46:15,COMPLETED,30845.0,212.0,2.29,14.79
404,easy,11,10:45:55,10:45:56,10:46:22,COMPLETED,27570.0,429.0,1.82,27.04
403,medium,14,10:40:09,10:40:09,10:46:41,COMPLETED,32796.0,6538.3,0.29,392.35
433,easy,11,10:46:17,10:46:22,10:46:54,COMPLETED,33906.0,538.9,5.04,37.04
373,hard,15,10:18:15,10:18:15,10:47:13,COMPLETED,28758.0,28962.3,0.53,1738.05
391,easy,12,10:46:36,10:46:41,10:47:25,COMPLETED,32967.0,751.3,5.35,49.95
444,easy,11,10:47:14,10:47:19,10:47:25,COMPLETED,17673.0,117.0,5.46,11.95
435,easy,12,10:46:56,10:47:00,10:47:32,COMPLETED,25777.0,541.0,4.43,36.54
499,easy,11,10:47:20,10:47:25,10:47:32,COMPLETED,32366.0,116.1,5.95,12.54
454,easy,12,10:45:22,10:45:25,10:47:58,COMPLETED,28770.0,2554.1,3.06,156.02
492,easy,12,10:47:36,10:47:38,10:47:58,COMPLETED,21392.0,323.7,2.97,22.02
354,easy,11,10:47:51,10:47:51,10:47:58,COMPLETED,21346.0,111.5,0.75,7.02
385,easy,11,10:49:08,10:49:14,10:49:20,COMPLETED,30913.0,111.5,6.13,12.60
450,easy,12,10:47:37,10:47:38,10:50:04,COMPLETED,26548.0,2426.8,1.97,147.46
376,easy,12,10:50:29,10:50:29,10:50:48,COMPLETED,26736.0,316.6,0.44,19.17
357,easy,11,10:50:46,10:50:48,10:51:06,COMPLETED,24485.0,316.7,2.17,20.93
464,medium,13,10:45:43,10:45:44,10:52:03,COMPLETED,23548.0,6318.5,1.22,380.13
413,medium,13,10:51:37,10:51:38,10:52:21,COMPLETED,27455.0,731.7,1.17,44.84
426,easy,12,10:51:30,10:51:31,10:52:28,COMPLETED,26925.0,940.6,1.87,58.09
367,medium,13,10:43:46,10:43:48,10:52:40,COMPLETED,31591.0,8870.6,2.55,534.61
344,easy,11,10:52:34,10:52:34,10:53:05,COMPLETED,36936.0,523.9,0.33,31.55
434,medium,14,10:13:24,10:13:27,10:54:14,COMPLETED,31964.0,40786.4,3.27,2450.31
347,easy,12,10:53:12,10:53:18,10:54:33,COMPLETED,33081.0,1256.7,6.01,81.15
495,easy,12,10:54:35,10:54:39,10:54:52,COMPLETED,30231.0,218.7,4.46,17.23
382,easy,12,10:54:37,10:54:39,10:54:58,COMPLETED,29913.0,323.0,2.46,21.67
361,easy,12,10:54:34,10:54:39,10:55:11,COMPLETED,28656.0,539.2,5.46,37.43
494,medium,13,10:37:41,10:37:44,10:55:17,COMPLETED,38206.0,17554.8,3.91,1056.86
407,medium,14,10:53:29,10:53:30,10:55:24,COMPLETED,29667.0,1902.8,1.57,115.38
483,medium,13,10:53:29,10:53:30,10:55:56,COMPLETED,25243.0,2432.9,1.57,147.24
493,easy,11,10:56:03,10:56:08,10:56:15,COMPLETED,25531.0,112.4,5.90,12.36
394,medium,13,10:49:48,10:49:51,10:56:47,COMPLETED,33987.0,6925.0,3.97,419.15
486,medium,13,10:53:19,10:53:24,10:56:53,COMPLETED,31060.0,3493.8,5.28,214.58
432,hard,15,10:43:49,10:43:54,10:56:59,COMPLETED,28596.0,13089.8,5.94,791.00
360,easy,12,10:56:38,10:56:40,10:57:12,COMPLETED,32460.0,542.3,2.64,34.81
74,hard,15,08:29:55,08:29:56,10:57:25,COMPLETED,32291.0,147490.9,1.16,8850.60
417,hard,15,10:42:32,10:42:33,10:57:38,COMPLETED,26941.0,15084.8,1.34,906.22
401,easy,12,10:58:22,10:58:22,10:58:35,COMPLETED,25506.0,219.7,0.53,13.37
473,medium,14,10:56:39,10:56:40,10:59:00,COMPLETED,25137.0,2340.7,1.64,141.94
372,easy,11,10:58:51,10:58:54,10:59:00,COMPLETED,25563.0,111.8,3.44,9.94
377,medium,13,10:58:02,10:58:03,10:59:58,COMPLETED,29374.0,1924.2,1.34,116.46
396,easy,12,10:58:50,10:58:54,10:59:58,COMPLETED,30017.0,1073.2,4.44,68.46
381,easy,12,10:58:56,10:59:00,11:00:04,COMPLETED,32560.0,1072.0,4.94,68.91
463,easy,12,10:59:27,10:59:32,11:00:11,COMPLETED,31292.0,650.6,5.75,44.33
549,easy,11,11:00:07,11:00:11,11:00:17,COMPLETED,17376.0,114.6,4.33,10.85
412,medium,13,10:59:20,10:59:26,11:00:43,COMPLETED,24856.0,1287.9,6.27,83.19
577,easy,11,11:00:47,11:00:49,11:00:55,COMPLETED,22967.0,108.6,2.60,8.90
619,easy,11,11:01:09,11:01:14,11:01:20,COMPLETED,25465.0,108.2,5.57,11.85
462,medium,13,10:41:48,10:41:49,11:01:51,COMPLETED,32429.0,20045.0,1.50,1203.99
602,easy,11,11:02:36,11:02:41,11:02:54,COMPLETED,24792.0,213.0,5.83,18.38
211,hard,15,09:46:58,09:47:00,11:03:19,COMPLETED,35264.0,76318.7,2.22,4581.40
513,easy,11,11:03:52,11:03:56,11:04:03,COMPLETED,26002.0,110.7,4.84,11.24
469,hard,15,10:33:03,10:33:07,11:04:09,COMPLETED,32940.0,31043.1,4.15,1866.53
575,easy,12,11:04:07,11:04:09,11:04:40,COMPLETED,18505.0,526.9,2.53,33.85
617,easy,12,11:04:40,11:04:40,11:04:59,COMPLETED,31856.0,316.4,0.85,19.62
628,easy,12,11:03:52,11:03:56,11:05:12,COMPLETED,26570.0,1256.9,4.84,80.11
533,easy,12,11:03:54,11:03:56,11:05:30,COMPLETED,25242.0,1569.0,2.84,96.84
611,easy,11,11:05:23,11:05:24,11:05:37,COMPLETED,22108.0,213.6,1.55,14.10
453,medium,14,10:29:13,10:29:14,11:05:49,COMPLETED,36328.0,36594.8,1.28,2196.74
560,medium,14,11:01:47,11:01:51,11:07:25,COMPLETED,31099.0,5556.9,4.99,338.08
445,hard,15,10:07:38,10:07:40,11:07:56,COMPLETED,33395.0,60269.2,2.81,3618.66
650,easy,11,11:07:49,11:07:50,11:08:15,COMPLETED,26137.0,431.5,1.37,26.90
589,easy,11,11:08:18,11:08:22,11:08:28,COMPLETED,24468.0,113.4,4.31,10.77
660,medium,13,11:07:03,11:07:05,11:08:35,COMPLETED,28598.0,1493.0,2.90,92.16
383,medium,14,10:52:59,10:52:59,11:09:19,COMPLETED,29186.0,16338.2,0.28,980.30
179,hard,15,09:26:34,09:26:39,11:09:44,COMPLETED,33349.0,103093.7,5.02,6190.58
258,hard,15,09:52:07,09:52:12,11:10:10,COMPLETED,35390.0,77961.6,5.52,4683.16
677,easy,12,11:09:56,11:09:57,11:10:47,COMPLETED,28366.0,844.4,1.38,51.84
406,medium,14,10:27:21,10:27:27,11:11:31,COMPLETED,29366.0,44081.4,6.15,2650.84
359,hard,15,10:27:53,10:27:58,11:11:31,COMPLETED,34607.0,43553.4,5.87,2618.84
621,easy,12,11:11:32,11:11:38,11:12:09,COMPLETED,33425.0,526.9,6.24,37.66
352,medium,14,10:50:20,10:50:23,11:12:15,COMPLETED,35676.0,21881.2,3.17,1315.89
672,easy,12,11:11:59,11:12:03,11:13:05,COMPLETED,28704.0,1043.3,4.37,66.76
530,easy,12,11:12:29,11:12:34,11:13:05,COMPLETED,26260.0,524.5,5.53,36.76
663,easy,11,11:13:20,11:13:24,11:13:30,COMPLETED,25832.0,107.2,4.42,10.70
608,easy,11,11:13:19,11:13:24,11:13:43,COMPLETED,29364.0,314.6,5.42,24.11
600,easy,12,11:14:14,11:14:14,11:15:04,COMPLETED,29621.0,836.9,0.30,50.24
543,easy,12,11:13:47,11:13:49,11:15:16,COMPLETED,30526.0,1464.7,2.32,89.91
443,medium,14,10:59:14,10:59:19,11:15:29,COMPLETED,26376.0,16163.5,5.95,975.57
447,medium,14,10:48:40,10:48:42,11:15:48,COMPLETED,31869.0,27104.7,2.29,1628.42
523,medium,13,11:09:48,11:09:50,11:15:48,COMPLETED,27404.0,5961.5,2.95,360.42
572,easy,12,11:15:05,11:15:10,11:15:48,COMPLETED,30856.0,635.1,5.60,43.42
541,medium,13,11:15:15,11:15:16,11:16:26,COMPLETED,24866.0,1158.1,1.91,71.15
514,easy,11,11:16:09,11:16:13,11:16:32,COMPLETED,29622.0,319.1,4.60,23.45
658,easy,12,11:15:06,11:15:10,11:16:38,COMPLETED,27453.0,1473.2,4.60,92.79
576,easy,12,11:16:20,11:16:26,11:16:57,COMPLETED,19539.0,528.8,6.15,37.60
636,easy,11,11:17:31,11:17:35,11:17:41,COMPLETED,26923.0,109.8,4.17,10.52
517,easy,12,11:16:00,11:16:01,11:17:54,COMPLETED,26534.0,1887.9,1.01,114.07
626,medium,13,11:17:44,11:17:47,11:18:51,COMPLETED,27913.0,1069.1,3.79,67.39
581,easy,12,11:18:16,11:18:19,11:18:51,COMPLETED,28869.0,545.9,3.22,35.39
518,easy,12,11:18:23,11:18:25,11:18:58,COMPLETED,26988.0,544.0,2.62,35.04
587,medium,14,11:15:16,11:15:16,11:19:36,COMPLETED,34038.0,4326.4,0.91,260.19
618,hard,15,11:05:37,11:05:37,11:20:14,COMPLETED,30168.0,14626.9,0.10,877.52
531,easy,11,11:20:26,11:20:27,11:20:33,COMPLETED,31341.0,112.6,1.12,7.72
675,easy,12,11:17:32,11:17:35,11:20:52,COMPLETED,37573.0,3292.9,3.17,200.54
633,easy,12,11:20:21,11:20:27,11:20:58,COMPLETED,31502.0,533.4,6.12,37.85
300,hard,15,09:50:38,09:50:42,11:21:42,COMPLETED,34743.0,91006.3,4.67,5464.98
595,easy,12,11:20:50,11:20:52,11:21:49,COMPLETED,33025.0,951.6,2.54,59.30
556,easy,11,11:21:47,11:21:49,11:22:01,COMPLETED,22369.0,214.4,2.30,14.93
641,easy,11,11:22:58,11:22:58,11:23:11,COMPLETED,28181.0,214.2,0.97,13.54
656,medium,14,11:06:25,11:06:27,11:23:55,COMPLETED,41152.0,17467.0,2.70,1050.55
512,hard,15,11:14:08,11:14:08,11:24:33,COMPLETED,34089.0,10425.3,0.04,625.38
554,medium,14,11:14:49,11:14:51,11:24:33,COMPLETED,20559.0,9697.4,2.74,584.38
588,easy,11,11:24:41,11:24:45,11:24:52,COMPLETED,23852.0,108.7,4.90,11.19
603,medium,14,11:07:54,11:07:56,11:24:58,COMPLETED,31211.0,17032.2,2.66,1024.45
604,medium,14,11:18:38,11:18:38,11:26:44,COMPLETED,35234.0,8104.4,0.64,486.67
578,easy,11,11:26:40,11:26:44,11:26:50,COMPLETED,26303.0,110.0,4.67,10.97
557,medium,14,11:24:18,11:24:20,11:27:16,COMPLETED,23009.0,2927.4,2.76,178.17
561,easy,11,11:26:49,11:26:50,11:27:53,COMPLETED,34731.0,1051.1,1.97,64.81
585,easy,11,11:27:47,11:27:47,11:27:53,COMPLETED,27887.0,109.5,0.46,6.81
591,easy,12,11:24:06,11:24:08,11:28:06,COMPLETED,37763.0,3980.9,2.14,240.51
593,easy,12,11:26:37,11:26:38,11:28:06,COMPLETED,27379.0,1478.4,1.34,89.51
524,easy,12,11:28:05,11:28:06,11:28:32,COMPLETED,22804.0,432.9,1.51,27.20
670,medium,14,11:15:00,11:15:04,11:28:51,COMPLETED,28055.0,13792.0,4.24,831.46
674,easy,12,11:28:41,11:28:44,11:28:57,COMPLETED,31223.0,223.0,3.92,16.92
566,easy,12,11:29:06,11:29:10,11:29:48,COMPLETED,26400.0,642.2,4.57,42.86
644,easy,12,11:27:07,11:27:09,11:30:14,COMPLETED,35601.0,3080.4,2.83,187.24
539,medium,14,11:21:08,11:21:11,11:30:20,COMPLETED,31033.0,9161.3,3.46,552.77
613,medium,13,11:27:44,11:27:47,11:30:27,COMPLETED,31034.0,2668.9,3.46,163.23
579,easy,11,11:30:07,11:30:07,11:30:52,COMPLETED,25563.0,753.6,0.93,45.75
553,easy,12,11:30:10,11:30:14,11:31:18,COMPLETED,32302.0,1072.0,4.24,68.20
609,medium,14,11:27:07,11:27:09,11:31:24,COMPLETED,35833.0,4249.8,2.83,257.60
568,medium,14,11:17:09,11:17:10,11:32:28,COMPLETED,31381.0,15303.8,1.14,919.13
630,easy,12,11:31:46,11:31:49,11:32:34,COMPLETED,28299.0,746.7,3.84,48.44
188,hard,15,09:55:45,09:55:46,11:33:25,COMPLETED,34677.0,97660.4,1.09,5860.61
669,easy,11,11:33:15,11:33:19,11:33:25,COMPLETED,29170.0,112.8,4.28,10.61
615,easy,11,11:33:09,11:33:12,11:33:32,COMPLETED,26938.0,330.1,3.66,23.09
583,medium,14,11:14:20,11:14:20,11:33:45,COMPLETED,32198.0,19412.1,0.58,1165.03
586,easy,11,11:33:37,11:33:38,11:33:51,COMPLETED,24982.0,222.2,1.53,14.48
646,easy,12,11:32:54,11:32:59,11:34:04,COMPLETED,24413.0,1076.4,5.99,70.29
569,medium,14,11:10:19,11:10:22,11:34:48,COMPLETED,32436.0,24428.0,3.62,1469.11
506,hard,15,10:09:36,10:09:40,11:34:54,COMPLETED,30065.0,85235.4,4.41,5118.42
527,medium,14,11:20:14,11:20:14,11:35:25,COMPLETED,32876.0,15194.1,0.52,911.95
643,easy,11,11:34:48,11:34:48,11:35:25,COMPLETED,24467.0,635.3,0.11,37.95
563,easy,11,11:35:00,11:35:00,11:35:38,COMPLETED,24600.0,634.0,0.72,38.53
582,medium,13,11:35:12,11:35:13,11:35:51,COMPLETED,29071.0,634.6,1.33,39.17
550,easy,12,11:35:21,11:35:25,11:35:57,COMPLETED,33982.0,529.1,4.95,36.44
548,medium,14,11:35:06,11:35:07,11:36:22,COMPLETED,32538.0,1262.3,1.02,76.53
522,medium,13,11:35:15,11:35:19,11:36:47,COMPLETED,35902.0,1470.1,4.63,92.59
537,medium,13,11:16:53,11:16:57,11:37:31,COMPLETED,38502.0,20571.0,4.60,1238.70
639,medium,14,11:28:32,11:28:32,11:37:50,COMPLETED,27828.0,9308.8,0.20,558.55
379,hard,15,10:41:25,10:41:30,11:38:34,COMPLETED,34994.0,57065.2,5.65,3429.45
664,easy,11,11:38:04,11:38:09,11:38:34,COMPLETED,32513.0,423.0,5.33,30.45
605,medium,14,11:33:16,11:33:19,11:39:18,COMPLETED,27255.0,5987.2,3.28,362.35
654,medium,13,11:38:42,11:38:46,11:39:18,COMPLETED,29661.0,527.0,4.99,36.35
634,easy,11,11:39:58,11:40:02,11:40:21,COMPLETED,25407.0,317.4,4.36,23.16
601,easy,11,11:41:19,11:41:24,11:41:30,COMPLETED,32054.0,111.6,5.05,11.42
624,easy,12,11:37:38,11:37:44,11:41:36,COMPLETED,32107.0,3880.2,6.24,238.77
562,easy,11,11:41:39,11:41:43,11:41:55,COMPLETED,28342.0,217.7,4.12,16.85
565,easy,12,11:41:04,11:41:05,11:42:02,COMPLETED,33713.0,955.0,1.14,58.22
665,easy,12,11:40:28,11:40:33,11:42:08,COMPLETED,32537.0,1583.9,5.73,100.51
484,hard,15,10:04:30,10:04:33,11:42:21,COMPLETED,29150.0,97796.9,3.40,5871.10
679,medium,13,11:41:50,11:41:55,11:43:05,COMPLETED,32097.0,1161.2,5.85,75.27
571,easy,12,11:42:28,11:42:33,11:43:05,COMPLETED,29256.0,530.2,5.73,37.27
285,hard,15,09:15:54,09:15:58,11:43:24,COMPLETED,33494.0,147432.2,4.19,8850.10
662,medium,14,11:29:40,11:29:42,11:43:24,COMPLETED,39903.0,13699.3,2.33,824.10
574,medium,14,11:32:28,11:32:28,11:43:42,COMPLETED,34297.0,11249.7,0.13,674.93
429,hard,15,10:55:02,10:55:04,11:43:49,COMPLETED,32023.0,48740.3,2.93,2927.22
332,hard,15,09:45:26,09:45:26,11:44:08,COMPLETED,38522.0,118697.3,0.35,7122.09
671,medium,14,11:33:09,11:33:12,11:44:14,COMPLETED,26691.0,11031.7,3.66,665.46
637,medium,13,11:39:40,11:39:43,11:44:14,COMPLETED,34800.0,4519.8,3.53,274.46
640,easy,12,11:44:08,11:44:08,11:44:52,COMPLETED,29837.0,737.0,0.09,44.03
616,easy,12,11:45:03,11:45:04,11:45:30,COMPLETED,24624.0,436.8,1.73,27.56
647,easy,11,11:45:22,11:45:24,11:45:37,COMPLETED,29585.0,218.3,2.21,15.10
584,medium,14,11:42:16,11:42:21,11:45:49,COMPLETED,28993.0,3479.3,5.10,213.63
597,easy,11,11:45:58,11:46:02,11:46:08,COMPLETED,23405.0,111.9,4.33,10.81
580,medium,14,11:34:53,11:34:54,11:46:21,COMPLETED,34566.0,11456.1,1.42,688.47
526,medium,14,11:32:41,11:32:47,11:46:47,COMPLETED,32676.0,14007.2,6.06,846.31
620,easy,11,11:46:50,11:46:53,11:47:06,COMPLETED,26225.0,215.8,3.61,16.26
599,easy,11,11:46:54,11:46:59,11:47:06,COMPLETED,25714.0,110.5,5.95,12.26
542,easy,12,11:47:04,11:47:06,11:47:25,COMPLETED,24979.0,319.8,2.26,21.15
598,easy,11,11:47:21,11:47:25,11:47:31,COMPLETED,27251.0,109.7,4.15,10.48
649,medium,13,11:36:49,11:36:53,11:48:46,COMPLETED,32657.0,11886.7,4.88,717.91
642,easy,12,11:47:50,11:47:50,11:48:59,COMPLETED,35214.0,1157.6,0.36,69.50
655,easy,11,11:49:12,11:49:12,11:49:18,COMPLETED,25186.0,110.2,0.16,6.52
627,easy,12,11:49:51,11:49:56,11:50:15,COMPLETED,22936.0,320.1,5.13,24.05
651,easy,11,11:50:12,11:50:15,11:50:21,COMPLETED,24712.0,111.2,3.05,9.41
638,hard,15,11:16:04,11:16:07,11:50:27,COMPLETED,31349.0,34342.8,3.31,2063.75
564,medium,14,11:40:59,11:41:05,11:50:27,COMPLETED,27472.0,9380.3,6.14,568.75
521,easy,12,11:49:51,11:49:56,11:50:27,COMPLETED,20657.0,531.5,5.13,36.75
555,easy,12,11:49:48,11:49:49,11:50:59,COMPLETED,29032.0,1161.2,1.83,71.20
667,medium,13,11:46:29,11:46:34,11:51:05,COMPLETED,27903.0,4524.1,5.31,276.53
657,hard,15,11:18:31,11:18:32,11:51:36,COMPLETED,34450.0,33083.0,1.14,1985.91
661,easy,11,11:51:28,11:51:30,11:51:43,COMPLETED,27404.0,217.3,2.57,15.29
529,easy,11,11:51:32,11:51:36,11:51:43,COMPLETED,27759.0,111.9,4.91,11.29
532,easy,12,11:51:44,11:51:49,11:52:14,COMPLETED,32305.0,423.6,5.66,30.83
678,easy,12,11:50:44,11:50:46,11:52:21,COMPLETED,26845.0,1579.2,2.64,97.11
510,easy,11,11:52:43,11:52:46,11:52:53,COMPLETED,28405.0,118.3,3.74,10.40
645,medium,14,11:34:03,11:34:04,11:52:59,COMPLETED,35009.0,18931.6,1.29,1136.91
614,easy,12,11:52:01,11:52:02,11:53:06,COMPLETED,26998.0,1075.9,1.25,65.40
612,easy,12,11:52:34,11:52:40,11:53:06,COMPLETED,25297.0,445.6,6.10,32.40
590,medium,14,11:37:22,11:37:25,11:53:44,COMPLETED,26918.0,16330.2,3.36,982.89
606,medium,13,11:51:52,11:51:55,11:54:10,COMPLETED,26318.0,2244.8,3.95,138.41
625,medium,13,11:51:42,11:51:43,11:54:16,COMPLETED,30633.0,2562.6,1.29,154.67
673,easy,11,11:54:44,11:54:48,11:54:55,COMPLETED,25555.0,115.2,4.70,11.22
659,easy,12,11:54:29,11:54:29,11:55:20,COMPLETED,28728.0,863.5,0.42,51.78
653,medium,14,11:42:47,11:42:52,11:55:33,COMPLETED,24372.0,12686.2,5.66,766.64
631,medium,13,11:52:39,11:52:40,11:56:05,COMPLETED,24817.0,3433.7,1.10,206.82
607,medium,13,11:55:49,11:55:52,11:56:56,COMPLETED,28080.0,1069.9,3.79,67.72
535,medium,14,11:52:44,11:52:46,11:57:41,COMPLETED,30989.0,4916.9,2.74,297.34
567,easy,11,11:58:11,11:58:13,11:58:26,COMPLETED,19178.0,217.2,2.63,15.37
515,medium,13,11:57:36,11:57:41,11:58:45,COMPLETED,33732.0,1068.2,5.34,69.20
428,medium,14,10:40:20,10:40:21,11:58:57,COMPLETED,35195.0,78600.5,1.79,4717.73
610,easy,12,11:57:25,11:57:28,11:58:57,COMPLETED,27097.0,1495.6,3.23,92.73
666,medium,13,11:35:40,11:35:44,12:00:00,COMPLETED,38479.0,24264.7,4.81,1460.54
622,medium,13,11:59:23,11:59:29,12:00:00,COMPLETED,31779.0,529.4,6.03,37.54
559,easy,11,11:59:53,11:59:54,12:00:00,COMPLETED,26350.0,110.7,1.18,7.54
680,easy,11,12:00:20,12:00:25,12:00:38,COMPLETED,28617.0,214.4,5.66,18.22
545,medium,13,11:59:35,11:59:35,12:00:44,COMPLETED,30049.0,1157.4,0.33,69.56
648,medium,13,11:57:59,11:58:00,12:01:28,COMPLETED,29971.0,3469.4,1.72,209.67
691,easy,12,12:01:01,12:01:03,12:01:28,COMPLETED,25457.0,424.6,2.42,27.67
812,easy,11,12:01:15,12:01:16,12:01:34,COMPLETED,28582.0,320.2,1.07,19.96
795,easy,12,12:01:33,12:01:34,12:01:47,COMPLETED,21691.0,214.5,1.96,14.58
714,easy,12,12:02:05,12:02:06,12:02:12,COMPLETED,27445.0,110.7,1.38,7.73
184,hard,15,09:56:43,09:56:48,12:02:19,COMPLETED,44088.0,125504.3,5.85,7536.05
848,easy,12,12:02:11,12:02:12,12:02:44,COMPLETED,24045.0,528.3,1.73,33.12
692,easy,12,12:02:44,12:02:44,12:02:56,COMPLETED,20979.0,214.2,0.12,12.72
528,medium,14,11:40:29,11:40:33,12:03:15,COMPLETED,35477.0,22698.3,4.73,1366.51
713,medium,13,12:00:35,12:00:38,12:03:47,COMPLETED,25996.0,3152.5,3.22,192.14
768,easy,11,12:03:48,12:03:53,12:04:06,COMPLETED,31192.0,224.8,5.41,18.30
749,easy,12,12:04:05,12:04:06,12:04:19,COMPLETED,21446.0,224.7,1.30,14.36
734,easy,11,12:03:59,12:03:59,12:04:25,COMPLETED,21574.0,442.4,0.70,26.83
797,easy,12,12:05:00,12:05:04,12:06:02,COMPLETED,31106.0,970.4,4.21,62.01
709,easy,11,12:05:49,12:05:49,12:06:08,COMPLETED,25694.0,331.3,0.03,19.50
455,hard,15,10:24:38,10:24:42,12:06:59,COMPLETED,28089.0,102293.2,4.43,6141.91
815,easy,11,12:07:00,12:07:06,12:07:12,COMPLETED,21577.0,111.7,6.49,12.83
546,hard,15,11:37:19,11:37:19,12:08:36,COMPLETED,29497.0,31296.9,0.05,1877.62
743,easy,12,12:07:25,12:07:25,12:08:55,COMPLETED,30614.0,1509.8,0.55,90.73
755,easy,12,12:06:58,12:06:59,12:09:02,COMPLETED,30298.0,2045.3,1.91,124.21
774,medium,13,12:09:10,12:09:15,12:09:47,COMPLETED,23431.0,540.1,5.15,37.22
813,easy,12,12:09:36,12:09:40,12:10:18,COMPLETED,26243.0,637.5,4.86,42.81
784,medium,13,12:07:29,12:07:32,12:11:34,COMPLETED,30806.0,4043.2,3.10,245.45
629,medium,13,11:59:54,11:59:54,12:11:53,COMPLETED,35842.0,11989.1,0.18,719.34
706,easy,12,12:09:24,12:09:28,12:11:59,COMPLETED,30351.0,2530.2,4.22,155.66
751,easy,11,12:11:54,12:11:59,12:12:06,COMPLETED,23619.0,111.6,5.66,12.07
832,medium,13,12:04:41,12:04:44,12:12:24,COMPLETED,30255.0,7670.7,3.93,463.95
681,easy,12,12:08:43,12:08:43,12:12:37,COMPLETED,36035.0,3911.1,0.12,234.53
519,medium,14,11:36:39,11:36:41,12:12:50,COMPLETED,30788.0,36150.1,2.29,2171.15
239,hard,15,09:49:45,09:49:45,12:13:08,COMPLETED,36054.0,143395.4,0.32,8603.99
757,easy,12,12:13:45,12:13:46,12:13:59,COMPLETED,30851.0,214.5,1.70,14.29
703,medium,13,12:09:11,12:09:15,12:14:11,COMPLETED,33262.0,4947.7,4.15,300.86
837,medium,14,12:04:48,12:04:51,12:14:43,COMPLETED,34478.0,9877.4,3.43,595.69
843,easy,11,12:14:37,12:14:37,12:14:56,COMPLETED,24291.0,331.9,0.16,19.60
727,medium,13,12:11:22,12:11:28,12:15:03,COMPLETED,29399.0,3590.9,6.11,221.12
840,easy,11,12:15:26,12:15:28,12:15:35,COMPLETED,23754.0,113.5,2.76,9.11
741,easy,12,12:15:38,12:15:41,12:16:07,COMPLETED,33325.0,433.9,3.61,29.33
715,hard,15,12:00:57,12:00:57,12:16:38,COMPLETED,27404.0,15698.9,0.10,941.83
740,easy,12,12:17:00,12:17:04,12:17:30,COMPLETED,27250.0,436.4,4.55,30.16
767,easy,11,12:17:30,12:17:30,12:17:43,COMPLETED,29960.0,224.0,0.16,13.25
830,medium,14,12:07:46,12:07:51,12:17:49,COMPLETED,34069.0,9975.5,5.52,603.65
748,easy,11,12:17:38,12:17:43,12:17:49,COMPLETED,26386.0,115.2,5.25,11.65
704,medium,13,12:07:30,12:07:32,12:17:56,COMPLETED,35504.0,10406.7,2.10,626.20
726,easy,12,12:16:45,12:16:45,12:18:02,COMPLETED,25475.0,1297.0,0.12,77.69
849,easy,12,12:18:30,12:18:34,12:19:00,COMPLETED,25053.0,431.3,4.86,30.53
700,easy,12,12:18:26,12:18:28,12:19:06,COMPLETED,29662.0,651.2,2.33,40.86
841,easy,11,12:18:59,12:19:00,12:19:13,COMPLETED,28713.0,223.9,1.53,14.47
793,medium,14,12:06:11,12:06:14,12:19:20,COMPLETED,28805.0,13089.4,3.95,789.01
811,medium,13,12:17:40,12:17:43,12:19:20,COMPLETED,29740.0,1618.1,3.25,100.01
683,easy,11,12:20:25,12:20:31,12:20:43,COMPLETED,28299.0,217.1,6.05,18.78
632,medium,14,11:45:02,11:45:04,12:20:50,COMPLETED,34309.0,35759.5,2.73,2148.10
792,easy,11,12:20:54,12:20:56,12:21:15,COMPLETED,25508.0,322.0,2.47,21.50
520,hard,15,11:59:14,11:59:16,12:25:03,COMPLETED,36427.0,25784.8,2.50,1549.38
788,medium,13,12:22:28,12:25:09,12:26:06,COMPLETED,32202.0,956.2,161.72,218.79
796,easy,11,12:22:30,12:26:13,12:26:19,COMPLETED,28298.0,111.0,223.12,229.47
803,easy,11,12:22:31,12:26:25,12:26:32,COMPLETED,24873.0,111.9,234.80,241.21
779,medium,13,12:20:07,12:20:11,12:28:08,COMPLETED,30831.0,7956.3,4.61,481.55
538,hard,15,11:41:43,11:41:43,12:29:32,COMPLETED,33199.0,47828.4,0.12,2869.62
776,medium,14,12:20:49,12:20:50,12:29:32,COMPLETED,31879.0,8717.8,1.10,523.62
735,easy,11,12:24:28,12:29:39,12:29:52,COMPLETED,29145.0,226.9,311.26,324.48
808,easy,11,12:24:13,12:29:39,12:30:12,COMPLETED,26470.0,552.7,326.26,359.12
819,easy,11,12:24:38,12:29:59,12:30:18,COMPLETED,25822.0,329.7,321.01,340.45
472,hard,15,10:26:05,10:26:05,12:30:24,COMPLETED,41239.0,124328.8,0.13,7459.82
790,hard,15,12:09:20,12:09:21,12:31:03,COMPLETED,30491.0,21701.0,1.85,1303.55
775,medium,14,12:12:39,12:12:43,12:31:16,COMPLETED,34291.0,18553.8,4.82,1117.72
729,medium,14,12:19:56,12:19:58,12:32:21,COMPLETED,36072.0,12379.2,2.49,745.03
732,medium,14,12:05:17,12:05:17,12:32:27,COMPLETED,30654.0,27176.0,0.16,1630.43
723,easy,12,12:26:36,12:31:23,12:32:52,COMPLETED,29976.0,1500.7,287.25,376.97
750,medium,13,12:21:48,12:21:53,12:33:18,COMPLETED,34514.0,11420.3,5.61,690.51
771,hard,15,12:19:17,12:19:20,12:33:24,COMPLETED,34466.0,14086.9,3.01,847.92
785,easy,11,12:26:51,12:33:24,12:33:44,COMPLETED,18759.0,323.5,393.92,413.03
800,easy,11,12:27:08,12:33:50,12:34:03,COMPLETED,25016.0,217.1,402.36,415.06
722,medium,14,12:16:17,12:16:19,12:35:25,COMPLETED,31591.0,19091.7,2.95,1148.22
701,easy,12,12:28:01,12:35:31,12:36:03,COMPLETED,25295.0,534.9,450.60,482.34
708,medium,13,12:22:00,12:22:00,12:37:26,COMPLETED,40233.0,15445.5,0.02,926.34
355,medium,14,10:44:59,10:44:59,12:38:05,COMPLETED,38978.0,113099.3,0.43,6786.26
760,easy,11,12:29:15,12:38:11,12:38:18,COMPLETED,16837.0,114.3,536.80,543.16
689,medium,14,12:26:57,12:33:31,12:40:46,COMPLETED,30120.0,7260.0,394.35,829.48
525,hard,15,11:48:20,11:48:21,12:40:59,COMPLETED,28113.0,52635.8,1.75,3159.62
806,easy,11,12:30:11,12:41:06,12:41:19,COMPLETED,26636.0,223.9,655.19,668.25
511,medium,14,11:13:56,11:14:01,12:41:38,COMPLETED,36297.0,87619.5,5.77,5262.84
720,medium,14,12:22:59,12:26:38,12:41:45,COMPLETED,32509.0,15115.6,219.54,1126.20
687,easy,11,12:31:56,12:41:45,12:42:04,COMPLETED,27336.0,323.2,589.20,608.23
789,easy,12,12:32:32,12:42:10,12:43:40,COMPLETED,33019.0,1498.2,578.63,668.22
337,hard,15,09:37:28,09:37:32,12:43:52,COMPLETED,26340.0,186342.1,4.41,11184.91
769,medium,13,12:32:15,12:41:51,12:43:59,COMPLETED,26306.0,2133.8,576.56,704.24
823,hard,15,12:13:22,12:13:27,12:44:30,COMPLETED,24430.0,31055.1,5.84,1868.92
761,easy,11,12:33:02,12:44:05,12:44:30,COMPLETED,24497.0,427.9,663.63,688.92
702,medium,13,12:21:30,12:21:34,12:44:50,COMPLETED,34495.0,23266.4,4.46,1400.20
623,medium,14,11:40:27,11:40:27,12:44:56,COMPLETED,41141.0,64488.3,0.43,3869.56
730,easy,12,12:34:02,12:44:37,12:45:15,COMPLETED,34288.0,644.2,635.33,673.67
746,easy,12,12:34:38,12:44:56,12:45:15,COMPLETED,26325.0,324.7,618.56,637.67
725,easy,12,12:35:00,12:45:22,12:45:41,COMPLETED,25450.0,321.8,622.07,641.08
754,easy,12,12:32:58,12:43:59,12:45:47,COMPLETED,31945.0,1808.3,661.24,769.41
386,hard,15,10:09:52,10:09:53,12:45:53,COMPLETED,36698.0,156014.0,1.03,9361.78
488,hard,15,10:54:30,10:54:33,12:46:06,COMPLETED,40353.0,111557.0,3.15,6696.51
718,easy,11,12:36:44,12:46:00,12:46:06,COMPLETED,25209.0,111.2,556.15,562.51
198,hard,15,09:49:15,09:49:19,12:46:19,COMPLETED,40116.0,176992.3,4.78,10624.29
736,easy,12,12:35:21,12:45:47,12:46:19,COMPLETED,30450.0,536.3,626.41,658.29
758,easy,11,12:36:20,12:45:53,12:46:32,COMPLETED,20135.0,642.1,573.78,612.02
835,easy,11,12:37:37,12:46:25,12:46:51,COMPLETED,30083.0,428.6,528.62,554.04
763,easy,12,12:36:46,12:46:12,12:47:03,COMPLETED,31219.0,852.8,566.85,617.73
831,medium,13,12:37:29,12:46:12,12:47:22,COMPLETED,26443.0,1168.7,523.85,593.72
829,easy,11,12:38:31,12:47:10,12:47:29,COMPLETED,28188.0,322.2,519.06,538.05
828,medium,13,12:34:53,12:45:02,12:47:35,COMPLETED,30544.0,2546.7,609.94,762.42
846,medium,14,12:00:58,12:01:03,12:48:32,COMPLETED,28468.0,47487.4,5.42,2854.47
787,easy,11,12:40:53,12:48:38,12:49:04,COMPLETED,31884.0,431.2,465.86,491.39
794,medium,13,12:34:00,12:44:37,12:49:10,COMPLETED,31353.0,4562.4,637.33,910.76
836,medium,13,12:37:48,12:46:38,12:49:23,COMPLETED,23911.0,2756.8,530.35,695.49
685,easy,11,12:41:25,12:49:17,12:49:29,COMPLETED,22144.0,217.1,472.13,484.82
778,medium,13,12:41:51,12:49:29,12:50:14,COMPLETED,33408.0,746.6,458.82,503.24
724,easy,11,12:43:49,12:50:20,12:50:39,COMPLETED,19719.0,322.7,391.66,410.67
834,medium,14,12:18:29,12:18:34,12:50:52,COMPLETED,36582.0,32295.0,5.86,1943.40
154,hard,15,08:27:52,08:27:58,12:51:55,COMPLETED,34240.0,263958.9,6.06,15843.59
696,easy,12,12:39:52,12:47:35,12:52:20,COMPLETED,32618.0,4763.5,463.42,748.95
759,medium,13,12:32:48,12:43:46,12:52:46,COMPLETED,34285.0,8999.3,658.55,1198.26
772,medium,14,12:29:55,12:40:53,12:52:58,COMPLETED,33059.0,12102.7,658.02,1383.95
847,medium,13,12:40:57,12:49:10,12:53:05,COMPLETED,31162.0,3913.8,493.76,728.28
737,easy,12,12:45:22,12:52:52,12:54:03,COMPLETED,30676.0,1185.1,450.59,521.21
766,medium,13,12:44:53,12:52:27,12:54:09,COMPLETED,30065.0,1713.3,454.28,556.75
707,medium,14,12:28:54,12:37:32,12:54:16,COMPLETED,29672.0,16729.0,518.89,1522.13
694,easy,11,12:47:30,12:54:09,12:54:29,COMPLETED,28360.0,333.1,399.75,419.40
781,easy,12,12:47:54,12:54:16,12:54:29,COMPLETED,29715.0,226.8,382.13,395.40
738,easy,11,12:48:18,12:54:35,12:54:49,COMPLETED,22842.0,226.0,377.77,391.04
802,hard,15,12:20:36,12:20:37,12:55:40,COMPLETED,30073.0,35052.8,1.38,2104.34
805,easy,12,12:48:11,12:54:22,12:55:46,COMPLETED,25983.0,1404.7,371.80,455.73
783,medium,14,12:46:59,12:53:11,12:56:37,COMPLETED,28845.0,3440.5,372.65,578.73
809,easy,12,12:49:08,12:55:46,12:56:37,COMPLETED,19802.0,856.2,398.73,449.73
686,easy,12,12:49:49,12:55:53,12:57:03,COMPLETED,30789.0,1172.8,364.12,434.18
716,medium,13,12:49:51,12:56:44,12:57:22,COMPLETED,26356.0,641.2,413.13,451.24
695,easy,11,12:50:29,12:57:09,12:57:28,COMPLETED,31556.0,324.3,400.53,419.64
747,medium,14,12:25:00,12:30:18,12:57:41,COMPLETED,34441.0,27385.1,318.45,1961.37
780,hard,15,12:26:21,12:31:10,12:57:47,COMPLETED,27117.0,26630.4,289.11,1886.70
728,easy,12,12:50:45,12:57:28,12:57:54,COMPLETED,24002.0,429.3,403.64,429.07
753,easy,11,12:52:42,12:57:54,12:58:19,COMPLETED,36408.0,427.7,312.07,337.42
826,easy,12,12:52:21,12:57:47,12:58:38,COMPLETED,30918.0,851.0,326.70,377.47
827,easy,11,12:52:50,12:58:25,12:58:38,COMPLETED,26710.0,217.0,335.76,348.47
684,medium,13,12:46:19,12:53:05,12:59:22,COMPLETED,29960.0,6296.9,406.28,783.82
814,easy,12,12:53:36,12:58:44,12:59:29,COMPLETED,30270.0,744.3,308.80,353.15
791,medium,14,12:27:27,12:34:09,13:00:07,COMPLETED,33429.0,25968.6,402.40,1960.31
822,easy,11,12:54:03,13:00:13,13:00:26,COMPLETED,26981.0,216.5,370.65,383.33
742,medium,13,12:43:57,12:50:46,13:04:37,COMPLETED,35771.0,13864.5,409.04,1240.46
845,medium,14,12:51:27,12:57:35,13:06:07,COMPLETED,37225.0,8554.8,368.02,880.86
844,medium,13,12:54:09,13:00:32,13:06:27,COMPLETED,31279.0,5923.1,383.66,738.56
777,easy,11,12:54:27,13:06:14,13:06:27,COMPLETED,25392.0,228.3,707.39,720.56
699,easy,11,12:55:20,13:06:34,13:06:53,COMPLETED,28726.0,332.1,674.13,693.57
475,hard,15,10:59:36,10:59:39,13:07:38,COMPLETED,27875.0,127984.0,3.25,7682.22
782,medium,13,12:52:43,12:58:00,13:07:57,COMPLETED,32802.0,9952.0,317.44,914.28
762,easy,11,12:57:17,13:07:44,13:08:03,COMPLETED,30705.0,323.8,627.58,646.62
374,hard,15,10:36:50,10:36:53,13:08:10,COMPLETED,31007.0,151274.7,3.66,9080.04
842,easy,11,12:57:41,13:08:10,13:08:16,COMPLETED,18730.0,113.0,629.04,635.48
744,easy,11,12:58:20,13:08:22,13:08:54,COMPLETED,24532.0,532.8,602.86,634.53
807,medium,14,12:25:49,12:30:31,13:09:07,COMPLETED,35926.0,38601.9,282.27,2598.21
252,hard,15,09:47:30,09:47:32,13:09:19,COMPLETED,34441.0,201796.0,2.17,12109.90
688,medium,14,12:26:50,12:32:59,13:09:19,COMPLETED,33687.0,36346.2,369.34,2549.90
710,easy,11,12:58:27,13:09:13,13:10:04,COMPLETED,25504.0,850.5,646.53,697.21
798,medium,13,12:58:09,13:08:16,13:10:42,COMPLETED,27864.0,2434.6,607.48,753.28
866,easy,12,13:00:19,13:10:48,13:11:20,COMPLETED,24506.0,533.4,629.60,661.30
839,medium,13,12:57:07,13:07:00,13:12:43,COMPLETED,28011.0,5730.4,593.12,936.62
676,hard,15,11:59:33,11:59:35,13:13:48,COMPLETED,32749.0,74220.0,2.33,4455.31
739,medium,13,12:59:19,13:09:26,13:14:14,COMPLETED,33223.0,4811.6,607.25,895.50
668,hard,15,11:45:19,11:45:24,13:14:27,COMPLETED,27137.0,89062.1,5.21,5348.76
977,easy,11,13:01:34,13:14:34,13:14:47,COMPLETED,28382.0,224.1,780.33,793.43
859,easy,12,13:00:24,13:13:54,13:15:19,COMPLETED,29965.0,1415.3,810.85,895.48
913,easy,11,13:02:47,13:15:25,13:15:32,COMPLETED,25083.0,115.5,758.80,765.44
534,hard,15,11:57:31,11:57:34,13:15:38,COMPLETED,27930.0,78070.9,3.74,4687.76
895,medium,13,13:00:24,13:12:50,13:15:45,COMPLETED,30952.0,2934.0,746.00,921.42
770,hard,15,12:26:44,12:32:33,13:16:05,COMPLETED,29921.0,43527.8,349.87,2961.34
882,easy,12,13:02:56,13:15:38,13:16:05,COMPLETED,27783.0,449.0,762.76,789.34
905,easy,12,13:05:08,13:16:11,13:16:24,COMPLETED,26869.0,218.1,663.75,676.53
490,hard,15,10:07:00,10:07:03,13:17:02,COMPLETED,29395.0,189992.6,3.34,11402.88
1012,easy,12,13:05:17,13:16:30,13:17:09,COMPLETED,23628.0,647.6,673.91,712.43
1010,easy,11,13:05:24,13:17:09,13:17:15,COMPLETED,28050.0,116.5,705.43,711.80
540,hard,15,11:14:10,11:14:14,13:17:35,COMPLETED,39068.0,123356.5,4.30,7405.57
854,easy,11,13:07:23,13:17:42,13:18:20,COMPLETED,34568.0,647.9,619.16,657.73
697,medium,13,12:56:12,13:06:34,13:18:33,COMPLETED,41330.0,11991.4,622.13,1341.43
816,medium,14,12:06:24,12:06:27,13:18:46,COMPLETED,37117.0,72305.2,3.95,4342.16
927,easy,12,13:08:00,13:18:52,13:19:24,COMPLETED,23880.0,532.3,652.49,684.11
941,medium,13,13:07:07,13:17:22,13:19:30,COMPLETED,28485.0,2138.6,615.47,743.45
756,hard,15,12:19:06,12:19:06,13:27:28,COMPLETED,22772.0,68367.6,0.86,4102.74
956,medium,13,13:00:23,13:11:26,13:28:07,COMPLETED,33829.0,16688.8,663.63,1664.56
985,easy,12,13:08:26,13:27:35,13:29:12,COMPLETED,26378.0,1617.7,1149.26,1246.02
544,hard,15,11:44:50,11:44:52,13:29:18,COMPLETED,38752.0,104440.6,2.03,6268.35
896,easy,12,13:09:26,13:28:14,13:29:31,COMPLETED,33299.0,1288.4,1128.08,1205.09
731,hard,15,12:28:39,12:36:09,13:29:50,COMPLETED,31131.0,53675.2,450.72,3671.09
945,easy,12,13:10:02,13:29:37,13:29:56,COMPLETED,28334.0,322.5,1175.42,1194.42
999,medium,14,13:03:47,13:15:52,13:30:09,COMPLETED,32858.0,14288.2,725.12,1582.17
911,medium,13,13:07:45,13:18:39,13:30:09,COMPLETED,36471.0,11494.3,654.80,1344.17
987,easy,11,13:10:57,13:30:15,13:30:34,COMPLETED,27211.0,321.6,1158.51,1177.53
943,easy,12,13:10:59,13:30:40,13:30:59,COMPLETED,26726.0,321.7,1181.87,1200.87
1007,medium,14,13:10:51,13:30:02,13:32:15,COMPLETED,28255.0,2225.1,1151.80,1284.97
719,medium,14,12:35:05,12:45:22,13:32:22,COMPLETED,35913.0,47007.2,617.07,3437.34
1014,medium,14,13:01:40,13:14:53,13:32:35,COMPLETED,34865.0,17692.1,793.81,1855.09
773,hard,15,12:48:46,12:54:35,13:32:41,COMPLETED,30896.0,38096.2,349.77,2635.42
745,medium,13,12:38:51,12:47:29,13:33:00,COMPLETED,24900.0,45526.1,518.05,3249.45
865,easy,11,13:14:55,13:33:06,13:33:25,COMPLETED,28992.0,322.4,1091.78,1110.80
972,medium,14,13:01:31,13:14:21,13:34:23,COMPLETED,29780.0,20040.7,770.06,1972.11
875,easy,12,13:15:05,13:33:32,13:34:36,COMPLETED,24563.0,1073.8,1107.14,1171.04
850,medium,13,13:03:29,13:15:45,13:36:06,COMPLETED,35725.0,20358.4,736.42,1957.57
914,medium,13,13:11:28,13:32:22,13:36:06,COMPLETED,29529.0,3744.8,1254.34,1478.57
929,easy,11,13:15:52,13:36:13,13:36:25,COMPLETED,30893.0,220.9,1221.10,1233.86
942,medium,14,13:10:43,13:29:56,13:36:32,COMPLETED,32536.0,6604.9,1153.42,1549.41
810,hard,15,12:58:23,13:09:00,13:36:45,COMPLETED,37222.0,27744.6,637.85,2302.16
1016,easy,12,13:17:30,13:36:51,13:37:17,COMPLETED,27448.0,439.9,1161.71,1187.81
982,medium,13,13:17:22,13:36:38,13:38:28,COMPLETED,35238.0,1840.6,1156.78,1266.71
902,easy,11,13:17:38,13:38:35,13:38:41,COMPLETED,24333.0,115.6,1257.27,1263.86
934,medium,13,13:16:12,13:36:13,13:38:54,COMPLETED,27931.0,2699.7,1201.10,1362.84
833,hard,15,12:53:03,12:58:44,13:39:14,COMPLETED,29379.0,40493.0,341.80,2771.19
558,medium,14,11:47:41,11:47:44,13:40:12,COMPLETED,32359.0,112474.6,3.00,6751.32
997,easy,12,13:17:34,13:37:24,13:40:12,COMPLETED,31077.0,2811.9,1190.13,1358.32
971,easy,11,13:19:00,13:40:18,13:40:38,COMPLETED,26096.0,328.1,1278.93,1298.31
979,easy,12,13:19:21,13:40:18,13:40:44,COMPLETED,30820.0,433.2,1257.93,1283.65
960,medium,13,13:18:38,13:39:20,13:40:57,COMPLETED,26695.0,1620.1,1242.53,1339.45
959,easy,12,13:20:58,13:41:03,13:42:38,COMPLETED,23525.0,1584.1,1205.78,1300.52
963,medium,14,13:17:01,13:36:32,13:43:41,COMPLETED,35576.0,7161.5,1171.41,1600.75
993,easy,12,13:21:12,13:43:48,13:44:45,COMPLETED,26768.0,952.8,1356.16,1413.01
944,easy,11,13:21:28,13:44:51,13:45:16,COMPLETED,25370.0,429.9,1403.35,1428.81
861,easy,11,13:21:42,13:45:23,13:45:55,COMPLETED,32069.0,543.3,1421.17,1453.46
752,hard,15,12:59:27,13:10:10,13:52:21,COMPLETED,27630.0,42188.1,643.60,3174.68
954,easy,11,13:22:54,13:52:28,13:52:34,COMPLETED,24454.0,111.5,1774.01,1780.38
886,medium,13,13:23:18,13:52:40,13:54:02,COMPLETED,30040.0,1373.7,1762.73,1844.84
420,hard,15,10:16:37,10:16:42,13:54:21,COMPLETED,36392.0,217663.1,5.10,13064.85
712,hard,15,12:29:18,12:38:24,13:54:21,COMPLETED,30178.0,75955.1,546.70,5103.85
592,hard,15,11:48:54,11:48:59,13:54:28,COMPLETED,36684.0,125480.9,5.50,7534.20
901,hard,15,13:11:19,13:31:06,13:54:47,COMPLETED,30926.0,23688.0,1187.20,2608.25
879,easy,11,13:24:46,13:54:28,13:54:47,COMPLETED,30939.0,322.0,1782.20,1801.25
965,easy,11,13:25:18,13:54:53,13:55:18,COMPLETED,30691.0,428.7,1775.58,1801.00
870,easy,12,13:25:35,13:54:53,13:55:44,COMPLETED,29378.0,850.7,1758.58,1809.39
976,easy,11,13:25:41,13:55:50,13:56:03,COMPLETED,24416.0,216.2,1809.72,1822.39
953,medium,14,13:19:33,13:40:44,13:56:35,COMPLETED,31070.0,15844.2,1271.65,2222.03
904,easy,11,13:26:56,13:56:41,13:57:00,COMPLETED,31660.0,322.1,1785.37,1804.39
764,medium,14,12:50:01,12:56:44,13:57:06,COMPLETED,42493.0,60379.4,403.13,4025.72
883,medium,13,13:25:40,13:55:25,13:57:06,COMPLETED,26818.0,1695.6,1785.34,1886.72
939,easy,12,13:26:40,13:56:09,13:57:38,COMPLETED,26248.0,1486.0,1769.72,1858.55
989,medium,13,13:27:48,13:57:13,13:57:44,COMPLETED,33189.0,536.0,1765.11,1796.92
978,easy,12,13:28:52,13:57:13,13:58:10,COMPLETED,26315.0,960.6,1701.11,1758.44
947,hard,15,13:08:07,13:19:30,13:58:35,COMPLETED,36766.0,39094.0,683.45,3028.88
547,hard,15,11:12:03,11:12:03,13:59:39,COMPLETED,30822.0,167599.0,0.37,10056.30
893,medium,13,13:21:03,13:42:44,13:59:39,COMPLETED,37326.0,16913.1,1301.85,2316.30
938,easy,11,13:30:55,13:59:45,13:59:52,COMPLETED,20378.0,110.9,1730.71,1737.10
1008,medium,14,13:29:16,13:57:44,14:00:11,COMPLETED,32645.0,2441.6,1708.92,1855.10
988,easy,12,13:30:44,13:59:45,14:00:30,COMPLETED,30796.0,746.7,1741.71,1786.22
1019,easy,11,13:31:58,14:00:36,14:00:49,COMPLETED,26044.0,217.8,1718.55,1731.26
838,hard,15,12:44:37,12:52:01,14:01:02,COMPLETED,25459.0,69004.1,444.92,4585.01
824,hard,15,12:53:48,12:59:35,14:01:40,COMPLETED,31193.0,62077.7,347.53,4072.01
817,hard,15,12:38:06,12:46:57,14:01:46,COMPLETED,32762.0,74820.0,531.38,5020.38
995,easy,12,13:33:56,14:01:52,14:02:18,COMPLETED,28040.0,434.2,1676.78,1702.33
909,medium,14,13:07:23,13:18:27,14:02:24,COMPLETED,30902.0,43970.9,664.07,3301.87
921,medium,14,13:27:09,13:57:06,14:02:44,COMPLETED,23493.0,5640.1,1797.72,2135.71
1011,easy,11,13:34:37,14:02:51,14:03:03,COMPLETED,21271.0,217.0,1694.24,1706.96
877,easy,12,13:34:14,14:02:31,14:03:10,COMPLETED,28659.0,652.4,1697.56,1736.28
949,medium,13,13:30:23,13:57:51,14:03:29,COMPLETED,39666.0,5646.8,1648.30,1986.85
918,easy,11,13:34:56,14:03:10,14:03:36,COMPLETED,27833.0,442.3,1694.28,1720.18
871,hard,15,13:06:16,13:17:15,14:03:42,COMPLETED,40374.0,46458.9,659.80,3446.88
898,medium,13,13:35:08,14:03:16,14:03:42,COMPLETED,23187.0,447.0,1688.74,1714.88
923,easy,11,13:35:11,14:03:36,14:03:42,COMPLETED,21153.0,123.7,1705.18,1711.88
962,easy,11,13:37:19,14:03:49,14:04:09,COMPLETED,27923.0,335.5,1590.65,1610.45
931,easy,11,13:36:59,14:03:49,14:04:15,COMPLETED,30707.0,450.7,1610.65,1636.99
765,medium,14,12:54:16,13:04:44,14:04:22,COMPLETED,35759.0,59650.5,628.05,4206.84
917,medium,13,13:18:35,13:39:01,14:04:54,COMPLETED,35429.0,25897.0,1226.17,2779.78
973,medium,13,13:36:44,14:03:49,14:04:54,COMPLETED,32716.0,1090.5,1625.65,1690.78
986,medium,14,13:15:12,13:34:29,14:05:20,COMPLETED,27500.0,30844.6,1157.67,3008.14
889,easy,11,13:39:01,14:05:01,14:05:39,COMPLETED,21824.0,637.9,1560.12,1598.13
951,easy,12,13:39:20,14:05:45,14:06:23,COMPLETED,30225.0,637.7,1585.46,1623.40
1004,easy,12,13:38:44,14:04:22,14:06:48,COMPLETED,29921.0,2436.5,1538.84,1684.74
551,hard,15,11:55:58,11:55:59,14:07:07,COMPLETED,40910.0,131141.6,1.30,7869.72
907,easy,12,13:39:01,14:05:26,14:07:07,COMPLETED,33935.0,1692.8,1585.47,1686.72
919,easy,11,13:39:59,14:07:14,14:07:20,COMPLETED,21928.0,111.5,1635.07,1641.46
873,easy,11,13:39:43,14:06:55,14:07:26,COMPLETED,26753.0,534.4,1632.07,1663.79
1018,medium,13,13:36:33,14:03:42,14:08:17,COMPLETED,30504.0,4583.0,1629.88,1904.58
991,medium,14,13:38:54,14:04:29,14:08:17,COMPLETED,28360.0,3809.8,1535.30,1763.58
994,hard,15,13:19:55,13:40:51,14:08:36,COMPLETED,31997.0,27764.6,1256.05,2921.68
573,hard,15,11:35:58,11:36:03,14:09:27,COMPLETED,39101.0,153399.5,5.73,9209.61
950,easy,11,13:41:50,14:09:33,14:09:40,COMPLETED,28513.0,112.5,1663.98,1670.39
878,easy,12,13:41:13,14:08:23,14:09:53,COMPLETED,25937.0,1495.9,1630.93,1720.40
899,easy,11,13:41:56,14:09:46,14:09:53,COMPLETED,27154.0,115.9,1670.76,1677.40
970,easy,11,13:42:00,14:09:59,14:10:06,COMPLETED,26753.0,119.8,1679.74,1686.43
55,hard,15,08:30:49,08:30:52,14:10:32,COMPLETED,30224.0,339670.0,3.40,20383.56
711,medium,14,12:16:07,12:16:07,14:11:24,COMPLETED,36281.0,115284.3,0.33,6917.25
552,hard,15,11:26:24,11:26:25,14:12:09,COMPLETED,36004.0,165729.7,1.83,9945.52
935,medium,13,13:32:23,14:00:55,14:12:16,COMPLETED,30589.0,11349.0,1712.64,2393.06
980,medium,13,13:41:36,14:08:43,14:12:22,COMPLETED,30299.0,3666.6,1627.07,1846.75
881,hard,15,13:15:39,13:34:42,14:12:29,COMPLETED,31477.0,37779.6,1143.63,3410.12
998,easy,11,13:43:46,14:12:22,14:12:35,COMPLETED,33013.0,224.9,1716.75,1729.57
910,easy,11,13:44:18,14:12:29,14:12:35,COMPLETED,29715.0,119.3,1691.12,1697.57
920,easy,11,13:44:21,14:12:35,14:12:42,COMPLETED,28515.0,124.2,1694.57,1701.34
983,easy,11,13:44:54,14:12:42,14:12:49,COMPLETED,26494.0,116.6,1668.34,1675.09
721,hard,15,12:40:26,12:47:41,14:13:08,COMPLETED,27670.0,85444.3,435.80,5562.34
975,easy,12,13:44:33,14:12:42,14:13:08,COMPLETED,28357.0,438.3,1689.34,1715.34
801,hard,15,12:53:42,12:59:29,14:13:27,COMPLETED,36668.0,73982.3,347.15,4785.87
894,medium,13,13:42:11,14:10:12,14:13:27,COMPLETED,30567.0,3256.1,1681.99,1876.87
903,medium,13,13:42:14,14:10:39,14:13:27,COMPLETED,28784.0,2820.3,1705.17,1873.87
891,easy,12,13:45:05,14:12:49,14:13:27,COMPLETED,27594.0,656.0,1664.09,1702.87
908,medium,14,13:24:08,13:54:09,14:13:34,COMPLETED,26088.0,19434.3,1801.18,2966.51
869,medium,14,13:30:40,13:58:42,14:13:34,COMPLETED,31695.0,14884.8,1682.22,2574.51
1006,easy,11,13:45:46,14:13:14,14:13:34,COMPLETED,24999.0,345.1,1648.67,1668.51
855,easy,11,13:46:19,14:13:34,14:13:41,COMPLETED,24683.0,128.0,1635.51,1642.54
958,easy,12,13:47:21,14:13:34,14:13:55,COMPLETED,24943.0,344.4,1573.51,1594.02
851,easy,11,13:48:39,14:13:41,14:14:01,COMPLETED,29132.0,337.3,1502.54,1522.55
1005,easy,12,13:45:17,14:12:55,14:14:07,COMPLETED,32810.0,1217.8,1658.46,1730.99
969,easy,12,13:47:50,14:13:41,14:14:07,COMPLETED,26313.0,450.7,1551.54,1577.99
968,easy,11,13:49:51,14:14:01,14:14:07,COMPLETED,27356.0,118.1,1450.55,1456.99
955,easy,11,13:48:10,14:13:41,14:14:21,COMPLETED,32798.0,669.1,1531.54,1571.51
946,easy,11,13:50:30,14:14:14,14:14:21,COMPLETED,29367.0,118.6,1424.68,1431.51
858,easy,12,13:43:18,14:12:16,14:14:27,COMPLETED,27057.0,2205.3,1738.06,1869.83
952,easy,11,13:51:33,14:14:34,14:14:53,COMPLETED,28678.0,330.3,1381.47,1400.79
1017,easy,12,13:46:32,14:13:34,14:15:19,COMPLETED,27597.0,1762.2,1622.51,1727.99
948,medium,13,13:18:23,13:38:48,14:16:05,COMPLETED,38841.0,37287.0,1225.23,3462.29
857,easy,11,13:52:16,14:15:26,14:16:11,COMPLETED,29963.0,758.0,1390.54,1435.62
1000,medium,14,13:31:57,14:00:17,14:16:30,COMPLETED,28496.0,16226.2,1700.47,2673.84
863,easy,12,13:52:32,14:16:11,14:16:43,COMPLETED,29167.0,536.9,1419.62,1451.54
930,easy,12,13:53:24,14:16:37,14:17:08,COMPLETED,27721.0,532.8,1393.18,1424.85
928,medium,13,13:51:04,14:14:14,14:17:15,COMPLETED,32108.0,3010.8,1390.68,1571.18
892,medium,14,13:41:30,14:08:23,14:17:34,COMPLETED,27674.0,9175.7,1613.93,2164.27
868,easy,12,13:50:40,14:14:14,14:17:46,COMPLETED,33710.0,3540.6,1414.68,1626.95
990,medium,14,13:09:33,13:29:18,14:18:12,COMPLETED,37535.0,48900.9,1185.35,4119.26
925,easy,12,13:55:11,14:17:40,14:18:12,COMPLETED,31992.0,533.0,1349.60,1381.26
912,easy,12,13:51:29,14:14:27,14:18:31,COMPLETED,30250.0,4060.8,1378.83,1622.31
906,easy,12,13:53:47,14:16:49,14:18:31,COMPLETED,30438.0,1695.6,1382.87,1484.31
900,easy,11,13:55:35,14:18:18,14:18:37,COMPLETED,22679.0,323.5,1363.61,1382.65
996,easy,12,13:55:12,14:17:53,14:18:44,COMPLETED,24223.0,852.9,1361.28,1412.06
967,easy,12,13:55:42,14:18:18,14:18:56,COMPLETED,30704.0,641.9,1356.61,1394.88
890,easy,11,13:56:15,14:18:37,14:19:03,COMPLETED,31814.0,431.5,1342.65,1368.21
880,easy,11,13:56:49,14:18:50,14:19:03,COMPLETED,31140.0,217.8,1321.51,1334.21
860,easy,11,13:57:29,14:19:03,14:19:09,COMPLETED,27317.0,114.0,1294.21,1300.61
974,easy,11,13:58:26,14:19:09,14:19:22,COMPLETED,30263.0,220.1,1243.61,1256.51
1001,easy,11,13:56:28,14:18:44,14:19:35,COMPLETED,24421.0,860.5,1336.06,1387.34
1126,easy,12,14:01:24,14:19:41,14:20:00,COMPLETED,29350.0,322.6,1097.74,1116.77
915,hard,15,13:04:43,13:16:11,14:21:04,COMPLETED,35927.0,64879.6,688.75,4581.29
1132,easy,11,14:01:55,14:21:10,14:21:23,COMPLETED,26978.0,223.1,1155.84,1168.72
937,medium,13,13:49:51,14:13:48,14:21:30,COMPLETED,37390.0,7706.8,1437.38,1899.26
922,medium,13,13:54:53,14:17:15,14:21:50,COMPLETED,27460.0,4588.6,1342.18,1617.04
992,medium,13,13:58:03,14:19:09,14:22:28,COMPLETED,29057.0,3328.3,1266.61,1465.84
1079,easy,11,14:03:15,14:21:56,14:22:28,COMPLETED,21765.0,546.3,1121.60,1153.84
1131,medium,13,14:02:45,14:21:30,14:22:42,COMPLETED,27001.0,1202.1,1125.26,1197.10
1089,easy,11,14:04:36,14:22:48,14:23:07,COMPLETED,22059.0,330.0,1092.42,1111.71
897,medium,13,13:54:54,14:17:21,14:23:20,COMPLETED,35132.0,5996.4,1347.57,1706.89
864,medium,14,13:14:51,13:32:41,14:23:27,COMPLETED,33790.0,50773.2,1070.42,4116.47
1038,easy,12,14:03:25,14:22:35,14:23:34,COMPLETED,21363.0,987.5,1150.42,1209.11
856,hard,15,13:33:11,14:01:46,14:24:06,COMPLETED,24994.0,22342.6,1715.38,3055.61
1130,easy,12,14:05:50,14:23:40,14:24:06,COMPLETED,27325.0,440.3,1070.74,1096.61
1107,medium,13,14:04:54,14:23:14,14:24:13,COMPLETED,27873.0,989.3,1100.26,1159.19
957,medium,13,13:40:31,14:07:33,14:24:19,COMPLETED,29279.0,16779.6,1622.16,2628.68
1096,medium,13,14:05:12,14:23:34,14:24:58,COMPLETED,25393.0,1413.1,1102.11,1186.43
1087,easy,11,14:09:27,14:25:04,14:25:11,COMPLETED,20097.0,116.2,937.97,944.64
1122,easy,12,14:09:55,14:25:17,14:25:37,COMPLETED,26659.0,335.5,922.97,942.60
933,medium,13,13:59:39,14:19:28,14:26:16,COMPLETED,32891.0,6797.8,1189.90,1597.48
932,medium,14,13:53:09,14:16:18,14:27:27,COMPLETED,35682.0,11156.4,1389.06,2058.18
1105,medium,14,14:05:02,14:23:27,14:27:39,COMPLETED,28566.0,4212.7,1105.47,1357.97
1030,easy,11,14:10:28,14:27:46,14:27:52,COMPLETED,28656.0,111.2,1038.30,1044.66
1114,easy,12,14:10:06,14:26:22,14:28:05,COMPLETED,26843.0,1713.4,976.85,1079.36
1144,easy,11,14:10:43,14:27:58,14:28:05,COMPLETED,31292.0,111.5,1035.99,1042.36
1101,easy,12,14:11:04,14:28:11,14:28:30,COMPLETED,28691.0,323.7,1027.70,1046.77
821,medium,14,12:15:20,12:15:22,14:30:37,COMPLETED,24989.0,135250.6,2.46,8117.42
916,hard,15,13:14:54,13:32:47,14:30:37,COMPLETED,28584.0,57830.2,1073.78,4543.42
440,hard,15,10:26:19,10:26:24,14:30:56,COMPLETED,36292.0,244540.6,5.05,14677.46
1024,medium,13,14:05:59,14:24:13,14:32:19,COMPLETED,34161.0,8102.7,1094.19,1580.10
1176,easy,11,14:13:27,14:32:25,14:32:38,COMPLETED,24909.0,225.4,1138.42,1151.44
1002,medium,14,13:40:23,14:07:26,14:34:15,COMPLETED,34924.0,26815.3,1623.79,3232.39
1066,medium,13,14:11:38,14:30:43,14:34:34,COMPLETED,26777.0,3852.1,1145.76,1376.61
1045,easy,11,14:14:39,14:34:21,14:34:34,COMPLETED,22986.0,216.2,1182.95,1195.61
1094,easy,12,14:15:00,14:34:40,14:34:59,COMPLETED,28696.0,322.0,1180.94,1199.96
1033,easy,12,14:15:07,14:35:06,14:35:25,COMPLETED,25958.0,325.0,1199.29,1218.27
1128,easy,11,14:15:08,14:35:31,14:35:44,COMPLETED,28088.0,217.1,1223.83,1236.54
1189,medium,14,14:12:11,14:30:43,14:36:09,COMPLETED,31815.0,5442.3,1112.76,1438.87
1076,easy,11,14:15:28,14:36:16,14:36:35,COMPLETED,32178.0,329.3,1248.41,1267.66
1154,easy,12,14:13:42,14:32:44,14:36:55,COMPLETED,31424.0,4178.5,1142.99,1393.21
1135,easy,11,14:16:25,14:36:42,14:37:01,COMPLETED,34126.0,336.1,1217.22,1236.77
1103,easy,11,14:17:15,14:37:08,14:37:21,COMPLETED,26502.0,222.8,1193.44,1206.30
924,medium,14,13:51:29,14:14:27,14:38:31,COMPLETED,26436.0,24072.8,1378.83,2822.97
1136,easy,12,14:18:26,14:38:38,14:39:03,COMPLETED,26345.0,427.9,1212.33,1237.67
1137,easy,11,14:18:34,14:39:10,14:39:22,COMPLETED,22693.0,216.8,1236.03,1248.73
964,medium,14,13:24:49,13:54:34,14:39:41,COMPLETED,33809.0,45122.2,1785.59,4492.75
1156,medium,13,14:12:58,14:31:02,14:40:13,COMPLETED,40973.0,9182.5,1084.79,1635.47
852,medium,14,13:42:04,14:09:59,14:40:26,COMPLETED,36291.0,30442.1,1675.74,3502.16
1084,easy,11,14:20:23,14:40:19,14:40:26,COMPLETED,26408.0,111.4,1196.80,1203.16
1183,easy,11,14:20:33,14:40:32,14:41:16,COMPLETED,34969.0,743.0,1199.50,1243.79
1095,easy,11,14:20:33,14:40:32,14:41:23,COMPLETED,31860.0,847.9,1199.50,1250.11
1046,easy,11,14:20:33,14:41:23,14:41:29,COMPLETED,18053.0,112.0,1250.11,1256.48
1102,easy,11,14:20:55,14:41:35,14:41:42,COMPLETED,26835.0,110.9,1240.86,1247.21
1158,medium,13,14:17:56,14:37:27,14:42:07,COMPLETED,32206.0,4666.0,1171.85,1451.53
1164,easy,12,14:21:17,14:41:48,14:42:13,COMPLETED,29562.0,427.6,1231.54,1256.86
1100,easy,11,14:21:21,14:42:13,14:42:20,COMPLETED,32251.0,112.0,1252.86,1259.23
1040,easy,11,14:22:33,14:42:26,14:42:33,COMPLETED,24008.0,111.7,1193.61,1200.00
693,hard,15,12:26:39,12:32:27,14:42:39,COMPLETED,33415.0,130200.6,348.43,8160.34
1026,easy,12,14:22:23,14:42:20,14:42:52,COMPLETED,30194.0,537.5,1197.23,1229.15
1093,medium,13,14:15:04,14:34:40,14:43:04,COMPLETED,32993.0,8403.3,1176.94,1680.91
1028,easy,12,14:22:54,14:42:39,14:43:11,COMPLETED,33327.0,537.1,1185.34,1217.24
885,medium,14,13:22:31,13:46:01,14:43:24,COMPLETED,32917.0,57377.0,1410.79,4853.20
1031,medium,13,14:19:00,14:39:29,14:43:24,COMPLETED,30050.0,3926.2,1229.06,1464.20
1020,easy,11,14:22:57,14:42:45,14:43:24,COMPLETED,35163.0,648.9,1188.74,1227.20
1120,easy,11,14:23:51,14:43:17,14:43:30,COMPLETED,32602.0,225.1,1166.60,1179.72
1141,easy,11,14:25:26,14:43:30,14:43:37,COMPLETED,26503.0,116.0,1084.72,1091.15
1181,easy,12,14:24:19,14:43:30,14:43:43,COMPLETED,21695.0,227.8,1151.72,1164.80
1023,easy,12,14:25:41,14:43:50,14:44:16,COMPLETED,27372.0,440.1,1089.45,1115.55
1116,easy,11,14:25:42,14:44:22,14:44:29,COMPLETED,20433.0,114.8,1120.88,1127.26
1009,medium,14,13:24:34,13:54:28,14:45:54,COMPLETED,33233.0,51434.3,1794.20,4880.03
1052,easy,12,14:26:24,14:46:00,14:46:32,COMPLETED,33983.0,540.5,1176.57,1208.51
1165,medium,14,14:10:23,14:27:33,14:47:11,COMPLETED,29781.0,19638.4,1030.53,2208.43
1139,medium,13,14:25:32,14:43:37,14:47:37,COMPLETED,30903.0,4011.1,1085.15,1325.54
1059,medium,13,14:26:13,14:44:35,14:48:22,COMPLETED,34697.0,3788.4,1102.81,1329.63
1119,easy,12,14:26:52,14:47:17,14:49:33,COMPLETED,33512.0,2266.1,1225.99,1361.66
1152,medium,14,14:23:16,14:43:11,14:49:46,COMPLETED,27356.0,6591.5,1195.24,1590.40
1074,easy,11,14:28:01,14:49:52,14:49:59,COMPLETED,24777.0,111.0,1311.79,1318.15
1044,easy,11,14:28:01,14:50:05,14:50:11,COMPLETED,26510.0,111.2,1324.48,1330.85
1022,easy,12,14:27:51,14:48:29,14:50:18,COMPLETED,26478.0,1822.3,1238.18,1347.18
1150,medium,13,14:26:51,14:46:39,14:50:43,COMPLETED,33829.0,4079.9,1188.04,1432.54
1151,medium,13,14:25:38,14:43:43,14:52:24,COMPLETED,23996.0,8685.4,1085.80,1606.64
1054,medium,14,14:08:41,14:24:26,14:53:08,COMPLETED,29561.0,28718.6,945.05,2667.92
872,hard,15,13:32:56,14:01:08,14:53:21,COMPLETED,36412.0,52223.7,1692.35,4825.61
1127,easy,11,14:29:14,14:53:15,14:53:59,COMPLETED,33220.0,743.6,1441.26,1485.57
1173,easy,11,14:29:57,14:54:05,14:54:18,COMPLETED,24396.0,220.2,1448.91,1461.82
176,hard,15,09:49:35,09:49:38,14:54:57,COMPLETED,29190.0,305313.2,3.82,18322.57
853,medium,14,13:51:55,14:15:00,14:55:17,COMPLETED,35766.0,40285.7,1385.33,3802.13
1088,medium,13,14:23:07,14:42:58,14:55:36,COMPLETED,32489.0,12645.7,1191.52,1949.84
1147,easy,11,14:32:09,14:55:43,14:56:02,COMPLETED,30318.0,332.5,1414.38,1433.82
1032,easy,11,14:33:42,14:56:09,14:56:22,COMPLETED,25634.0,224.2,1347.36,1360.31
1055,medium,13,14:31:26,14:55:04,14:56:35,COMPLETED,35093.0,1530.0,1418.17,1509.47
1061,easy,12,14:33:58,14:56:28,14:56:42,COMPLETED,30958.0,229.3,1350.86,1364.03
1104,medium,13,14:28:44,14:50:24,14:56:48,COMPLETED,29378.0,6407.7,1300.56,1684.68
1177,medium,13,14:31:38,14:55:23,14:57:59,COMPLETED,28302.0,2609.0,1425.72,1581.77
1035,medium,13,14:34:10,14:56:42,14:58:32,COMPLETED,29221.0,1848.2,1352.03,1462.45
1015,hard,15,13:39:35,14:06:29,15:01:25,COMPLETED,32854.0,54929.2,1614.75,4910.35
1106,medium,13,14:30:00,14:54:25,15:01:44,COMPLETED,37585.0,7324.6,1465.15,1904.35
1145,easy,12,14:35:14,15:01:31,15:02:16,COMPLETED,25377.0,747.6,1577.68,1622.20
1047,easy,11,14:35:59,15:02:22,15:02:35,COMPLETED,22303.0,216.1,1583.56,1596.22
1051,easy,12,14:36:47,15:02:41,15:03:38,COMPLETED,29568.0,953.1,1554.55,1611.44
1182,medium,13,14:37:07,15:03:44,15:04:10,COMPLETED,32518.0,427.8,1597.77,1623.07
1086,medium,14,14:34:44,14:56:48,15:04:29,COMPLETED,24977.0,7679.4,1324.68,1785.15
1071,easy,11,14:38:09,15:04:35,15:04:41,COMPLETED,22966.0,111.2,1586.49,1592.86
1180,easy,12,14:35:47,15:01:50,15:05:57,COMPLETED,30493.0,4124.2,1563.68,1810.83
1097,easy,12,14:37:35,15:04:16,15:06:54,COMPLETED,38092.0,2642.5,1601.46,1759.71
1112,medium,13,14:38:16,15:04:48,15:07:26,COMPLETED,28188.0,2643.1,1592.19,1750.41
1099,medium,14,14:20:55,14:41:29,15:08:42,COMPLETED,29353.0,27223.5,1234.48,2867.62
1058,easy,12,14:39:34,15:08:48,15:11:21,COMPLETED,22359.0,2554.5,1754.99,1907.71
698,hard,15,12:23:32,12:28:15,15:14:08,COMPLETED,28973.0,165891.6,283.09,10236.50
1013,medium,14,13:56:22,14:18:37,15:14:59,COMPLETED,31681.0,56360.1,1335.65,4717.12
1155,hard,15,14:07:32,14:24:19,15:14:59,COMPLETED,32673.0,50661.0,1007.68,4047.12
596,hard,15,11:26:50,11:26:50,15:16:40,COMPLETED,26401.0,229825.6,0.97,13790.50
1043,medium,13,14:40:46,15:15:05,15:16:40,COMPLETED,29711.0,1589.5,2059.46,2154.50
1166,hard,15,14:03:44,14:22:35,15:16:53,COMPLETED,29346.0,54299.6,1131.42,4389.30
799,medium,14,12:37:48,12:46:25,15:16:59,COMPLETED,28104.0,150568.2,517.62,9551.64
1123,easy,12,14:41:07,15:17:06,15:17:12,COMPLETED,23520.0,110.9,2159.01,2165.36
1188,easy,11,14:41:03,15:16:59,15:17:18,COMPLETED,27628.0,323.1,2156.64,2175.69
1077,medium,14,14:39:13,15:07:01,15:18:40,COMPLETED,30750.0,11670.7,1668.05,2367.87
1124,hard,15,14:11:07,14:28:11,15:18:54,COMPLETED,30130.0,50710.4,1024.70,4067.04
1082,medium,14,14:34:52,14:58:06,15:19:32,COMPLETED,30904.0,21442.3,1394.33,2680.61
1143,hard,15,14:25:03,14:43:30,15:19:45,COMPLETED,35997.0,36252.4,1107.72,3282.55
1111,medium,13,14:41:27,15:17:18,15:20:11,COMPLETED,27526.0,2886.7,2151.69,2324.55
1042,easy,11,14:42:48,15:19:52,15:20:24,COMPLETED,25289.0,550.1,2224.10,2256.55
1075,easy,12,14:42:13,15:19:38,15:20:56,COMPLETED,31136.0,1307.9,2245.95,2323.93
1081,medium,14,14:11:20,14:28:37,15:22:14,COMPLETED,34934.0,53631.4,1037.16,4254.73
1029,easy,11,14:44:50,15:22:21,15:22:27,COMPLETED,22649.0,114.5,2251.27,2257.63
1037,hard,15,14:27:58,14:49:39,15:22:34,COMPLETED,29145.0,32910.6,1301.99,3276.18
1064,easy,11,14:45:35,15:22:40,15:22:53,COMPLETED,21914.0,228.9,2225.84,2238.93
1187,easy,12,14:45:07,15:22:34,15:23:20,COMPLETED,28615.0,774.6,2247.18,2293.12
1121,medium,13,14:40:23,15:14:14,15:23:33,COMPLETED,32965.0,9313.8,2031.89,2590.26
1065,hard,15,14:40:25,15:15:05,15:24:56,COMPLETED,28201.0,9861.8,2080.46,2671.92
1110,hard,15,14:39:03,15:06:04,15:25:34,COMPLETED,31190.0,19515.6,1621.17,2791.87
1118,easy,11,14:47:51,15:25:03,15:25:47,COMPLETED,35639.0,743.6,2232.25,2276.57
1072,easy,11,14:48:02,15:25:53,15:26:00,COMPLETED,20403.0,111.3,2271.90,2278.27
1027,easy,11,14:48:15,15:26:06,15:26:12,COMPLETED,21427.0,110.9,2271.60,2277.95
1036,medium,13,14:43:18,15:20:17,15:27:47,COMPLETED,38361.0,7500.4,2219.95,2669.71
1113,medium,13,14:45:38,15:23:00,15:29:03,COMPLETED,37135.0,6055.6,2242.62,2605.67
1053,easy,12,14:48:41,15:29:10,15:29:54,COMPLETED,29689.0,754.1,2429.03,2473.77
1146,hard,15,14:28:29,14:50:18,15:30:01,COMPLETED,28289.0,39727.4,1309.18,3692.32
1142,medium,13,14:46:23,15:23:26,15:30:08,COMPLETED,34767.0,6698.5,2223.71,2625.05
1129,hard,15,14:40:56,15:16:46,15:30:21,COMPLETED,29245.0,13579.1,2150.92,2965.29
1115,medium,14,14:06:47,14:24:13,15:30:27,COMPLETED,38162.0,66249.9,1046.19,5020.84
1067,easy,12,14:49:18,15:30:01,15:30:27,COMPLETED,29528.0,451.8,2443.32,2469.84
1080,medium,13,14:47:51,15:25:41,15:30:41,COMPLETED,33346.0,5002.0,2270.20,2570.05
1085,easy,11,14:51:20,15:30:34,15:30:41,COMPLETED,22483.0,112.9,2354.49,2361.05
1178,easy,11,14:50:00,15:30:14,15:30:47,COMPLETED,25398.0,552.1,2414.70,2447.38
1159,easy,12,14:51:21,15:30:47,15:31:19,COMPLETED,29409.0,546.6,2366.38,2398.85
1048,medium,13,14:52:09,15:30:47,15:31:32,COMPLETED,23659.0,766.3,2318.38,2363.91
717,medium,14,12:31:33,12:41:25,15:31:52,COMPLETED,38465.0,170451.7,592.66,10819.63
1148,easy,12,14:52:10,15:30:53,15:32:05,COMPLETED,30076.0,1206.3,2323.88,2395.78
1170,easy,11,14:52:26,15:31:39,15:32:12,COMPLETED,30516.0,557.3,2353.47,2386.33
1060,easy,12,14:52:13,15:31:26,15:32:31,COMPLETED,25185.0,1102.8,2353.21,2418.89
1167,easy,12,14:54:07,15:32:38,15:33:43,COMPLETED,28744.0,1087.3,2311.46,2376.17
1153,easy,12,14:49:29,15:30:08,15:33:56,COMPLETED,30473.0,3809.5,2439.05,2667.34
1172,medium,14,14:34:48,14:56:55,15:34:02,COMPLETED,34369.0,37133.8,1327.08,3554.68
1125,easy,11,14:54:16,15:33:49,15:34:02,COMPLETED,25950.0,225.6,2373.74,2386.68
1171,easy,11,14:54:30,15:34:09,15:34:16,COMPLETED,27732.0,117.5,2379.32,2386.00
884,hard,15,13:42:58,14:11:30,15:35:01,COMPLETED,28561.0,83512.8,1712.80,6723.35
1168,easy,12,14:54:22,15:34:02,15:35:01,COMPLETED,30611.0,986.8,2380.68,2439.35
1068,easy,12,14:56:18,15:35:07,15:35:33,COMPLETED,26807.0,435.5,2329.95,2355.80
1157,easy,12,14:55:19,15:34:09,15:35:46,COMPLETED,28018.0,1625.6,2330.32,2427.63
1092,easy,11,14:56:23,15:35:40,15:36:12,COMPLETED,33885.0,536.2,2357.20,2389.06
981,hard,15,13:10:56,13:30:15,15:36:18,COMPLETED,38682.0,126051.1,1159.51,8722.40
1138,easy,12,14:57:26,15:35:52,15:36:37,COMPLETED,26609.0,749.0,2307.00,2351.61
1149,easy,11,14:57:58,15:36:24,15:36:37,COMPLETED,32415.0,218.8,2306.83,2319.61
1175,easy,12,14:56:13,15:35:07,15:36:43,COMPLETED,38225.0,1606.9,2334.95,2430.98
1083,easy,12,14:57:44,15:36:18,15:36:56,COMPLETED,33020.0,645.5,2314.40,2352.80
1034,easy,11,14:59:21,15:37:03,15:37:22,COMPLETED,27314.0,321.7,2262.18,2281.17
1174,easy,12,14:59:49,15:37:28,15:38:00,COMPLETED,23231.0,531.7,2259.50,2291.11
1062,easy,11,14:59:52,15:38:06,15:38:12,COMPLETED,25160.0,110.9,2294.43,2300.79
1063,medium,14,14:50:34,15:30:34,15:38:19,COMPLETED,25779.0,7748.8,2400.49,2865.11
1069,medium,13,14:47:39,15:23:39,15:38:50,COMPLETED,27218.0,15186.5,2160.84,3071.79
1253,easy,11,15:00:11,15:38:25,15:39:03,COMPLETED,29529.0,638.5,2294.49,2332.49
1327,easy,12,15:00:07,15:38:19,15:40:00,COMPLETED,31525.0,1692.7,2292.11,2393.38
1259,easy,11,15:01:15,15:38:57,15:40:25,COMPLETED,30017.0,1483.6,2262.12,2350.80
1289,easy,12,15:02:04,15:40:06,15:40:32,COMPLETED,23367.0,430.7,2282.71,2308.18
1041,hard,15,14:29:29,14:53:27,15:41:03,COMPLETED,28777.0,47603.4,1438.95,4294.94
1217,easy,11,15:02:39,15:40:32,15:41:10,COMPLETED,25340.0,641.0,2273.18,2311.28
1227,easy,12,15:03:07,15:41:10,15:41:49,COMPLETED,27005.0,656.5,2283.28,2322.19
1021,medium,13,14:59:12,15:36:50,15:42:02,COMPLETED,35869.0,5203.3,2258.40,2570.11
1091,medium,14,14:50:03,15:30:27,15:42:21,COMPLETED,34230.0,11903.7,2424.84,3138.62
1209,easy,11,15:04:07,15:42:08,15:42:21,COMPLETED,25378.0,224.6,2281.67,2294.62
315,hard,15,09:47:08,09:47:13,15:42:54,COMPLETED,33757.0,355687.2,5.00,21346.21
1258,medium,13,15:02:51,15:40:38,15:43:20,COMPLETED,26870.0,2705.5,2267.58,2429.40
1243,easy,12,15:06:25,15:43:00,15:43:39,COMPLETED,21640.0,661.9,2195.75,2234.97
1340,easy,11,15:06:33,15:43:27,15:43:59,COMPLETED,29313.0,548.6,2214.02,2246.43
1357,easy,12,15:06:54,15:44:06,15:44:18,COMPLETED,29483.0,222.8,2232.00,2244.87
1267,easy,11,15:06:58,15:44:25,15:44:44,COMPLETED,28917.0,335.1,2247.41,2266.98
705,hard,15,12:19:56,12:19:58,15:45:17,COMPLETED,36406.0,205321.2,2.49,12321.66
1312,easy,11,15:07:03,15:44:51,15:45:24,COMPLETED,36617.0,554.2,2268.57,2301.22
1194,easy,11,15:07:13,15:45:24,15:45:30,COMPLETED,24079.0,117.9,2291.22,2297.87
1078,medium,13,14:48:23,15:27:54,15:46:09,COMPLETED,37131.0,18263.0,2371.04,3466.58
1090,hard,15,14:53:55,15:32:18,15:46:22,COMPLETED,30915.0,14065.9,2303.97,3147.50
1354,medium,13,15:06:53,15:43:46,15:46:48,COMPLETED,28508.0,3039.6,2213.52,2395.46
1265,easy,12,15:08:23,15:46:54,15:47:26,COMPLETED,25309.0,535.8,2311.99,2343.83
1219,medium,13,15:03:46,15:41:16,15:47:58,COMPLETED,37513.0,6703.1,2250.67,2652.56
1160,hard,15,14:01:41,14:20:07,15:48:30,COMPLETED,33356.0,88388.0,1106.12,6409.25
1222,medium,13,15:07:55,15:45:37,15:48:36,COMPLETED,29645.0,2993.0,2262.33,2441.58
1278,medium,13,15:07:23,15:45:30,15:48:42,COMPLETED,29820.0,3206.8,2287.87,2479.96
1233,easy,12,15:08:39,15:48:36,15:48:55,COMPLETED,28442.0,326.1,2397.58,2416.79
1281,medium,13,15:03:50,15:41:55,15:51:27,COMPLETED,32125.0,9535.3,2285.74,2857.58
936,hard,15,13:37:48,14:04:15,15:52:05,COMPLETED,36857.0,107835.3,1587.99,8058.00
1133,hard,15,14:52:37,15:31:59,15:53:10,COMPLETED,27481.0,21198.9,2362.18,3633.74
1322,medium,14,15:08:33,15:48:04,15:53:17,COMPLETED,32395.0,5215.3,2371.93,2684.29
940,hard,15,13:34:03,14:02:24,15:53:30,COMPLETED,33325.0,111099.7,1701.87,8367.66
1352,easy,11,15:09:57,15:53:23,15:53:30,COMPLETED,24459.0,121.2,2606.93,2613.66
1050,medium,14,14:59:01,15:36:43,15:53:43,COMPLETED,35135.0,17003.0,2262.98,3282.95
1216,easy,11,15:10:57,15:53:37,15:53:50,COMPLETED,33002.0,223.3,2560.25,2573.31
1355,easy,11,15:11:27,15:53:50,15:54:03,COMPLETED,29533.0,225.2,2543.31,2556.32
1262,easy,12,15:11:21,15:53:37,15:54:09,COMPLETED,31365.0,549.1,2536.25,2568.88
1293,easy,11,15:11:32,15:53:56,15:54:09,COMPLETED,26688.0,227.0,2544.69,2557.88
1338,easy,11,15:12:20,15:54:16,15:54:23,COMPLETED,24273.0,118.4,2516.35,2523.12
1307,medium,14,15:04:15,15:42:28,15:54:42,COMPLETED,28823.0,12245.5,2293.18,3027.67
1349,hard,15,15:09:53,15:53:17,15:55:21,COMPLETED,32219.0,2074.4,2604.29,2728.47
1332,medium,14,15:08:42,15:48:42,15:56:19,COMPLETED,29242.0,7610.5,2400.96,2857.33
1308,easy,11,15:13:25,15:56:25,15:56:32,COMPLETED,26779.0,119.9,2580.66,2587.31
1190,easy,12,15:12:20,15:54:16,15:56:45,COMPLETED,26234.0,2488.5,2516.35,2665.28
1282,easy,11,15:13:52,15:56:51,15:57:04,COMPLETED,29171.0,221.5,2579.83,2592.79
1304,easy,11,15:13:51,15:56:38,15:57:17,COMPLETED,29600.0,652.4,2567.90,2606.51
1198,easy,12,15:14:11,15:57:11,15:58:22,COMPLETED,30822.0,1189.3,2580.15,2651.18
1252,medium,13,15:13:01,15:54:48,15:58:28,COMPLETED,31293.0,3665.1,2508.00,2727.53
1224,easy,11,15:14:23,15:58:28,15:58:47,COMPLETED,31619.0,324.4,2645.53,2664.70
1246,easy,11,15:15:01,15:58:34,15:58:54,COMPLETED,27635.0,324.1,2613.94,2633.03
1335,easy,11,15:15:02,15:58:54,15:59:13,COMPLETED,30928.0,322.6,2632.03,2651.08
1297,easy,12,15:15:03,15:59:00,15:59:19,COMPLETED,30073.0,322.3,2637.42,2656.42
1206,medium,13,15:14:13,15:57:24,15:59:51,COMPLETED,33085.0,2454.5,2591.10,2738.06
1326,easy,12,15:15:23,15:59:19,15:59:51,COMPLETED,27931.0,533.0,2636.42,2668.06
1169,medium,14,14:52:43,15:32:12,15:59:57,COMPLETED,33072.0,27756.6,2369.33,4034.42
1237,easy,11,15:16:48,16:00:03,16:00:22,COMPLETED,20367.0,323.3,2595.84,2614.94
1197,easy,11,15:17:09,16:00:29,16:00:41,COMPLETED,26005.0,216.4,2600.27,2612.95
1260,medium,14,15:12:00,15:54:09,16:00:48,COMPLETED,35618.0,6645.5,2529.88,2928.28
1228,easy,11,15:17:28,16:00:54,16:01:07,COMPLETED,28553.0,216.2,2606.66,2619.33
1108,medium,14,14:41:29,15:17:25,16:02:17,COMPLETED,35518.0,44871.3,2156.06,4848.10
635,hard,15,11:32:11,11:32:15,16:03:59,COMPLETED,29794.0,271739.8,4.43,16308.74
1309,easy,12,15:16:48,15:59:57,16:03:59,COMPLETED,29635.0,4047.0,2589.42,2831.74
1211,medium,14,15:09:44,15:52:12,16:06:02,COMPLETED,24439.0,13850.3,2548.33,3378.90
1213,easy,11,15:19:11,16:06:09,16:06:16,COMPLETED,28498.0,114.9,2818.47,2825.07
1291,easy,11,15:19:44,16:06:22,16:06:29,COMPLETED,29091.0,116.8,2798.39,2805.03
570,hard,15,11:48:48,11:48:53,16:09:04,COMPLETED,31100.0,260184.0,5.18,15616.18
1218,hard,15,15:08:27,15:47:33,16:09:29,COMPLETED,30015.0,21944.3,2346.16,3662.58
1025,medium,14,14:40:47,15:16:46,16:09:42,COMPLETED,29637.0,52925.3,2159.92,5335.26
1292,medium,13,15:19:54,16:06:35,16:09:42,COMPLETED,27443.0,3118.7,2801.44,2988.26
1256,easy,11,15:20:52,16:09:10,16:09:42,COMPLETED,33572.0,533.2,2898.58,2930.26
1277,easy,11,15:21:25,16:09:48,16:10:07,COMPLETED,24854.0,322.7,2903.60,2922.67
1195,easy,12,15:22:51,16:10:13,16:10:58,COMPLETED,26920.0,743.5,2843.00,2887.30
1214,easy,11,15:22:55,16:11:04,16:11:23,COMPLETED,28849.0,323.7,2889.63,2908.72
1202,easy,11,15:22:56,16:11:30,16:11:36,COMPLETED,25361.0,112.7,2914.09,2920.50
1203,easy,11,15:23:07,16:11:42,16:12:14,COMPLETED,29927.0,534.2,2915.88,2947.63
1359,medium,14,15:17:43,16:01:13,16:12:46,COMPLETED,31639.0,11548.9,2610.65,3303.31
1208,medium,14,15:18:00,16:02:23,16:12:52,COMPLETED,27824.0,10491.4,2663.48,3292.64
1220,medium,14,15:12:25,15:54:29,16:13:11,COMPLETED,26294.0,18707.1,2524.49,3646.68
862,medium,14,13:08:15,13:19:36,16:13:37,COMPLETED,39535.0,174005.2,681.83,11122.06
1236,easy,12,15:23:46,16:13:18,16:14:08,COMPLETED,23867.0,849.8,2972.01,3022.70
1283,easy,11,15:24:10,16:14:15,16:14:40,COMPLETED,33117.0,429.2,3005.03,3030.46
1316,medium,14,15:08:16,15:46:15,16:15:31,COMPLETED,32556.0,29262.5,2279.92,4035.41
1257,easy,11,15:25:06,16:15:37,16:15:50,COMPLETED,26868.0,216.0,3031.80,3044.46
1323,easy,12,15:23:48,16:13:43,16:15:56,COMPLETED,24624.0,2229.0,2995.39,3128.78
1223,medium,14,15:22:20,16:09:48,16:16:03,COMPLETED,30665.0,6247.1,2848.60,3223.16
1266,easy,12,15:25:10,16:15:56,16:16:53,COMPLETED,34738.0,955.1,3046.78,3103.80
1200,hard,15,15:02:00,15:39:09,16:21:08,COMPLETED,32369.0,41991.3,2229.83,4748.88
1290,easy,11,15:26:31,16:21:15,16:21:22,COMPLETED,22489.0,119.0,3284.50,3291.10
1249,medium,13,15:26:45,16:21:28,16:22:45,COMPLETED,24712.0,1279.8,3283.69,3360.12
390,hard,15,10:55:13,10:55:17,16:23:23,COMPLETED,37270.0,328089.7,4.86,19690.23
1212,easy,12,15:27:39,16:23:29,16:23:35,COMPLETED,25740.0,111.1,3350.58,3356.93
1196,easy,12,15:27:25,16:22:51,16:23:42,COMPLETED,24625.0,852.0,3326.50,3377.27
1353,medium,13,15:27:56,16:23:42,16:24:13,COMPLETED,27366.0,532.9,3346.27,3377.95
1333,easy,12,15:27:56,16:23:48,16:24:20,COMPLETED,27732.0,532.8,3352.66,3384.28
1324,easy,12,15:28:31,16:24:26,16:24:45,COMPLETED,24807.0,321.5,3355.65,3374.64
1274,easy,11,15:29:04,16:24:51,16:25:10,COMPLETED,23789.0,321.4,3347.97,3366.95
1331,easy,12,15:27:58,16:24:20,16:25:23,COMPLETED,33000.0,1061.0,3382.28,3445.64
1346,easy,12,15:29:23,16:25:17,16:26:20,COMPLETED,28220.0,1058.6,3354.28,3417.49
1286,easy,12,15:29:53,16:26:26,16:26:52,COMPLETED,33454.0,427.2,3393.83,3419.12
1358,easy,11,15:30:33,16:26:58,16:27:17,COMPLETED,26059.0,326.0,3385.49,3404.75
1231,easy,11,15:31:02,16:27:24,16:27:30,COMPLETED,21870.0,118.4,3382.07,3388.68
1207,medium,13,15:29:47,16:25:29,16:27:37,COMPLETED,29728.0,2131.3,3342.97,3470.22
1163,hard,15,14:27:45,14:47:43,16:27:43,COMPLETED,28971.0,100005.8,1198.87,7198.90
1301,easy,12,15:32:06,16:27:43,16:27:57,COMPLETED,29115.0,228.4,3337.90,3351.10
1299,easy,11,15:32:31,16:28:03,16:28:22,COMPLETED,25483.0,330.2,3332.65,3351.93
1351,medium,14,15:04:25,15:42:28,16:31:17,COMPLETED,24499.0,48825.2,2283.18,5212.44
874,hard,15,13:39:00,14:05:01,16:38:37,COMPLETED,34746.0,153602.2,1561.12,10777.15
1234,easy,11,15:34:24,16:38:43,16:39:09,COMPLETED,31240.0,438.0,3859.48,3885.42
682,hard,15,12:25:43,12:30:24,16:40:33,COMPLETED,35769.0,250139.3,281.82,15290.13
1272,easy,11,15:34:52,16:40:39,16:41:11,COMPLETED,25250.0,532.5,3947.48,3979.10
1073,hard,15,14:28:55,14:50:49,16:44:37,COMPLETED,32559.0,113788.7,1314.88,8142.04
1201,medium,14,15:31:54,16:27:37,16:44:43,COMPLETED,29287.0,17109.3,3343.22,4369.44
1356,easy,11,15:35:34,16:44:43,16:44:49,COMPLETED,27334.0,112.1,4149.44,4155.83
804,hard,15,12:42:47,12:49:36,16:44:56,COMPLETED,36152.0,235335.3,409.19,14529.20
1319,easy,12,15:35:37,16:44:49,16:45:28,COMPLETED,24853.0,641.7,4152.83,4191.03
1325,easy,12,15:37:15,16:45:02,16:45:47,COMPLETED,20475.0,745.8,4067.61,4112.03
1162,medium,14,14:39:30,15:07:32,16:46:31,COMPLETED,34905.0,98979.2,1682.81,7621.42
786,hard,15,12:58:56,13:09:26,16:47:15,COMPLETED,31241.0,217824.7,630.25,13699.67
1318,easy,11,15:39:24,16:47:22,16:47:34,COMPLETED,24206.0,216.9,4078.00,4090.72
1276,medium,13,15:34:53,16:41:17,16:48:00,COMPLETED,30770.0,6714.0,3984.45,4387.01
1192,easy,12,15:39:53,16:48:06,16:48:50,COMPLETED,31381.0,742.2,4093.34,4137.56
1330,easy,11,15:40:15,16:48:56,16:49:03,COMPLETED,23923.0,111.1,4121.90,4128.26
1284,easy,12,15:40:50,16:49:09,16:49:41,COMPLETED,30826.0,533.1,4099.59,4131.27
1328,medium,13,15:39:16,16:46:37,16:52:55,COMPLETED,36739.0,6299.6,4041.75,4419.43
1347,hard,15,15:23:32,16:12:52,16:53:08,COMPLETED,30377.0,40268.9,2960.64,5376.39
1254,medium,14,15:16:22,15:59:57,16:53:14,COMPLETED,28696.0,53299.3,2615.42,5812.94
1295,easy,11,15:41:47,16:53:14,16:53:28,COMPLETED,25615.0,226.1,4287.94,4301.19
1342,easy,11,15:41:59,16:53:34,16:53:41,COMPLETED,20399.0,117.8,4295.55,4302.12
1350,easy,12,15:41:50,16:53:21,16:53:54,COMPLETED,27046.0,548.3,4291.59,4324.00
1270,easy,11,15:43:05,16:54:00,16:54:07,COMPLETED,28214.0,119.1,4255.54,4262.20
1204,easy,11,15:42:51,16:53:47,16:54:20,COMPLETED,28858.0,548.8,4256.66,4289.09
1285,medium,13,15:43:12,16:54:13,16:54:52,COMPLETED,23748.0,655.7,4261.73,4300.55
1321,hard,15,15:21:18,16:09:35,16:55:18,COMPLETED,30555.0,45715.0,2897.91,5640.43
1240,easy,12,15:41:43,16:53:01,16:55:18,COMPLETED,27050.0,2286.6,4278.76,4415.43
1221,easy,11,15:44:40,16:55:25,16:55:44,COMPLETED,23386.0,323.7,4245.02,4264.13
1303,easy,12,15:45:12,16:55:50,16:56:15,COMPLETED,28329.0,427.6,4238.48,4263.83
1269,easy,11,15:45:55,16:56:22,16:56:34,COMPLETED,23264.0,216.6,4227.15,4239.84
1343,medium,14,15:43:26,16:54:26,16:57:44,COMPLETED,26056.0,3300.2,4260.63,4458.35
1226,easy,11,15:46:28,16:57:50,16:58:03,COMPLETED,28913.0,216.2,4282.68,4295.35
876,medium,14,13:12:18,13:32:28,16:58:09,COMPLETED,36528.0,205684.4,1210.72,13551.68
1251,hard,15,15:23:36,16:12:59,16:58:16,COMPLETED,31503.0,45288.5,2963.03,5680.05
1300,medium,14,15:38:55,16:45:53,16:58:28,COMPLETED,31209.0,12594.8,4018.40,4773.82
1248,easy,11,15:46:51,16:58:16,16:58:28,COMPLETED,24111.0,218.0,4285.05,4297.82
1334,hard,15,15:08:23,15:46:29,16:58:35,COMPLETED,32209.0,72105.6,2286.06,6612.16
1280,easy,11,15:48:55,16:58:35,16:58:41,COMPLETED,24731.0,111.9,4180.16,4186.56
1296,easy,12,15:46:41,16:58:09,16:59:00,COMPLETED,28606.0,854.9,4288.68,4339.61
1329,easy,12,15:49:20,16:58:47,16:59:57,COMPLETED,27385.0,1165.3,4167.94,4237.55
1273,easy,12,15:49:52,16:59:07,16:59:57,COMPLETED,35252.0,847.5,4155.02,4205.55
1310,medium,14,15:26:11,16:16:09,17:00:10,COMPLETED,32689.0,44016.3,2998.53,5639.28
1244,medium,13,15:46:12,16:56:41,17:00:22,COMPLETED,27892.0,3701.3,4229.17,4450.97
1298,easy,11,15:52:26,17:00:16,17:00:22,COMPLETED,26766.0,111.3,4070.61,4076.97
961,hard,15,13:31:27,13:59:58,17:00:29,COMPLETED,35840.0,180517.1,1711.43,12542.30
1315,easy,11,15:50:01,17:00:03,17:00:29,COMPLETED,24674.0,430.0,4202.89,4228.30
1320,easy,11,15:52:54,17:00:29,17:00:35,COMPLETED,20210.0,113.3,4055.30,4061.72
1210,easy,11,15:53:45,17:00:35,17:00:48,COMPLETED,28449.0,223.5,4010.72,4023.66
1245,easy,11,15:54:27,17:00:42,17:00:55,COMPLETED,24267.0,223.1,3975.15,3988.20
1279,easy,12,15:53:41,17:00:29,17:01:01,COMPLETED,29677.0,546.5,4008.30,4040.56
1250,easy,11,15:55:08,17:01:01,17:01:14,COMPLETED,33644.0,229.1,3953.56,3966.81
1238,easy,12,15:53:46,17:00:35,17:01:27,COMPLETED,32404.0,877.9,4009.72,4061.97
1345,medium,14,15:58:05,17:01:34,17:03:43,COMPLETED,34617.0,2156.9,3809.51,3938.61
1255,easy,12,15:58:44,17:03:49,17:04:48,COMPLETED,27360.0,978.5,3905.95,3964.15
1263,medium,13,15:58:52,17:04:54,17:05:39,COMPLETED,28439.0,757.8,3962.70,4007.82
1306,easy,12,15:59:03,17:05:46,17:07:35,COMPLETED,31128.0,1820.2,4003.20,4112.11
1117,hard,15,14:58:21,15:36:43,17:09:41,COMPLETED,35575.0,92961.0,2302.98,7880.48
1205,medium,14,15:32:25,16:27:50,17:09:47,COMPLETED,28348.0,41959.5,3325.51,5842.81
1241,easy,12,15:59:28,17:07:41,17:09:54,COMPLETED,26491.0,2218.3,4093.44,4226.19
1305,easy,11,15:59:55,17:09:54,17:10:00,COMPLETED,22673.0,112.7,4199.19,4205.56
1294,easy,12,15:59:58,17:10:00,17:10:13,COMPLETED,24776.0,218.9,4202.56,4215.36
1514,easy,12,16:00:08,17:10:06,17:10:19,COMPLETED,24671.0,218.3,4198.99,4211.73
1215,hard,15,15:17:12,16:00:48,17:10:51,COMPLETED,40288.0,70057.4,2616.28,6819.50
1418,easy,12,16:00:53,17:10:57,17:11:42,COMPLETED,25774.0,746.9,4204.87,4249.38
1518,easy,12,16:00:44,17:10:19,17:11:55,COMPLETED,31373.0,1596.0,4175.73,4271.07
1520,easy,11,16:01:31,17:12:01,17:12:27,COMPLETED,30550.0,438.0,4230.53,4256.28
1247,medium,14,15:48:13,16:58:22,17:13:06,COMPLETED,42140.0,14734.0,4209.45,5093.07
1378,easy,12,16:00:46,17:10:26,17:13:12,COMPLETED,23553.0,2784.7,4180.12,4346.60
1509,easy,12,16:01:43,17:13:19,17:13:51,COMPLETED,27366.0,542.7,4296.26,4328.27
1344,medium,14,15:45:07,16:55:25,17:13:57,COMPLETED,36326.0,18551.3,4218.02,5330.86
1437,easy,12,16:01:36,17:13:12,17:14:04,COMPLETED,31213.0,870.8,4296.60,4348.24
1471,easy,11,16:02:08,17:14:04,17:14:17,COMPLETED,32144.0,229.4,4316.24,4329.50
1413,hard,15,16:01:15,17:11:48,17:14:24,COMPLETED,32992.0,2598.3,4233.71,4389.05
1507,easy,11,16:01:59,17:13:57,17:14:30,COMPLETED,36025.0,557.2,4318.86,4351.68
1456,easy,11,16:02:28,17:14:37,17:14:43,COMPLETED,22623.0,114.4,4329.35,4335.70
1417,easy,12,16:02:11,17:14:10,17:15:03,COMPLETED,22213.0,875.9,4319.90,4372.17
366,hard,15,10:54:22,10:54:26,17:15:16,COMPLETED,31505.0,380821.0,4.87,22854.11
1461,easy,11,16:02:51,17:15:09,17:15:16,COMPLETED,28941.0,115.4,4338.50,4345.11
1444,easy,11,16:02:52,17:15:22,17:15:29,COMPLETED,21290.0,119.6,4350.45,4357.30
1362,easy,11,16:02:52,17:15:22,17:15:35,COMPLETED,23993.0,227.2,4350.45,4363.66
1490,easy,12,16:03:04,17:15:35,17:15:55,COMPLETED,27634.0,337.0,4351.66,4371.39
1503,easy,12,16:03:06,17:15:42,17:16:01,COMPLETED,31803.0,334.8,4356.30,4375.94
1376,easy,11,16:04:03,17:16:08,17:16:27,COMPLETED,28531.0,332.0,4325.42,4344.83
1140,hard,15,14:56:07,15:34:22,17:16:47,COMPLETED,33584.0,102413.5,2295.41,8440.08
1373,easy,12,16:04:42,17:16:34,17:16:53,COMPLETED,24437.0,322.6,4312.39,4331.41
1314,medium,14,15:34:50,16:39:15,17:17:44,COMPLETED,25102.0,38491.7,3865.80,6174.96
1443,easy,11,16:06:36,17:17:51,17:18:17,COMPLETED,26787.0,432.4,4275.49,4301.13
1439,medium,13,16:05:06,17:16:53,17:18:55,COMPLETED,31023.0,2036.8,4307.41,4429.12
1510,easy,11,16:07:09,17:18:23,17:18:55,COMPLETED,27313.0,536.8,4274.46,4306.12
1337,medium,14,15:19:10,16:04:06,17:19:01,COMPLETED,26386.0,74924.7,2696.34,7191.70
1423,medium,14,16:02:17,17:14:24,17:19:27,COMPLETED,29132.0,5055.0,4327.05,4630.08
1525,easy,12,16:09:05,17:19:08,17:19:46,COMPLETED,29360.0,639.4,4203.11,4241.10
1363,easy,12,16:09:24,17:19:33,17:20:05,COMPLETED,23505.0,534.5,4209.41,4241.18
1528,easy,12,16:09:41,17:19:52,17:20:17,COMPLETED,19154.0,427.6,4211.51,4236.87
1317,medium,14,15:48:33,16:58:35,17:20:49,COMPLETED,30120.0,22242.9,4202.16,5536.50
1400,easy,12,16:09:55,17:20:24,17:21:33,COMPLETED,31539.0,1164.2,4229.20,4298.75
1302,medium,14,15:59:52,17:09:47,17:22:43,COMPLETED,29589.0,12933.5,4195.81,4971.54
1485,medium,14,16:07:46,17:19:01,17:22:56,COMPLETED,29835.0,3914.7,4275.70,4510.28
1313,hard,15,15:09:24,15:49:02,17:23:09,COMPLETED,30715.0,94117.0,2378.19,8025.06
1348,medium,14,15:39:25,16:47:41,17:23:34,COMPLETED,30637.0,35893.1,4096.04,6249.36
1098,hard,15,14:44:06,15:21:03,17:24:12,COMPLETED,34588.0,123150.9,2217.49,9606.37
1487,easy,12,16:10:01,17:21:40,17:24:18,COMPLETED,37385.0,2650.3,4299.08,4457.78
1440,easy,12,16:11:29,17:24:25,17:24:44,COMPLETED,26568.0,321.7,4376.15,4395.15
1365,easy,11,16:11:42,17:24:50,17:25:09,COMPLETED,23427.0,324.1,4388.47,4407.57
1484,easy,12,16:11:12,17:24:18,17:25:22,COMPLETED,24452.0,1064.3,4386.78,4450.31
1496,medium,14,16:02:21,17:14:30,17:25:28,COMPLETED,29528.0,10971.2,4329.68,4987.67
1477,easy,12,16:13:04,17:25:28,17:25:54,COMPLETED,23106.0,427.5,4344.67,4370.02
1511,easy,11,16:13:18,17:25:35,17:26:06,COMPLETED,23822.0,532.8,4337.04,4368.71
1229,hard,15,15:23:16,16:12:20,17:26:25,COMPLETED,34956.0,74083.5,2944.95,7389.79
1512,easy,11,16:13:23,17:26:13,17:26:25,COMPLETED,28695.0,217.8,4370.04,4382.79
1407,medium,13,16:10:42,17:23:02,17:26:38,COMPLETED,31988.0,3603.7,4340.63,4556.57
1425,easy,12,16:13:28,17:26:32,17:28:13,COMPLETED,29840.0,1697.7,4384.13,4485.68
1391,easy,11,16:14:11,17:28:20,17:28:58,COMPLETED,32002.0,648.5,4449.03,4487.63
1193,hard,15,15:19:03,16:04:06,17:29:50,COMPLETED,28284.0,85739.4,2703.34,7847.44
818,hard,15,12:21:44,12:21:47,17:31:51,COMPLETED,36135.0,310077.2,3.20,18607.80
1003,hard,15,13:58:52,14:19:16,17:32:10,COMPLETED,35282.0,192913.5,1224.09,12798.82
652,hard,15,11:16:27,11:16:32,17:32:17,COMPLETED,42810.0,375745.8,5.45,22550.15
1499,easy,12,16:14:47,17:29:56,17:32:23,COMPLETED,36414.0,2449.5,4509.87,4656.51
1412,easy,11,16:15:51,17:32:23,17:32:42,COMPLETED,27273.0,322.1,4592.51,4611.54
1449,easy,11,16:15:56,17:32:29,17:32:55,COMPLETED,25585.0,429.4,4593.88,4619.28
1225,hard,15,15:22:44,16:09:48,17:33:14,COMPLETED,36467.0,83432.4,2824.60,7830.44
1436,hard,15,16:13:20,17:26:00,17:33:20,COMPLETED,27547.0,7347.2,4360.35,4800.82
1488,easy,11,16:16:42,17:33:27,17:34:43,COMPLETED,35018.0,1270.9,4605.25,4681.21
820,hard,15,12:48:57,12:54:55,17:34:55,COMPLETED,27611.0,280009.4,358.37,17158.89
1495,easy,12,16:15:22,17:31:58,17:35:02,COMPLETED,29930.0,3073.7,4596.13,4780.23
1470,easy,11,16:17:18,17:34:49,17:35:08,COMPLETED,23766.0,323.5,4651.53,4670.60
1070,hard,15,14:41:44,15:18:47,17:35:14,COMPLETED,33744.0,136461.8,2223.43,10410.98
1491,easy,11,16:18:14,17:35:14,17:35:21,COMPLETED,26878.0,112.1,4620.98,4627.36
1494,easy,12,16:18:41,17:35:21,17:35:27,COMPLETED,29622.0,112.0,4600.36,4606.74
1242,medium,14,15:55:32,17:01:08,17:35:40,COMPLETED,26146.0,34541.0,3936.20,6008.47
1386,easy,11,16:19:07,17:35:34,17:35:46,COMPLETED,25723.0,217.3,4587.11,4599.80
1427,easy,12,16:19:30,17:35:46,17:36:18,COMPLETED,27518.0,539.5,4576.80,4608.69
1230,hard,15,15:25:44,16:16:03,17:37:55,COMPLETED,30059.0,81873.5,3019.16,7931.33
1516,medium,14,16:07:52,17:19:01,17:38:14,COMPLETED,26469.0,19219.4,4269.70,5422.69
1421,easy,12,16:19:55,17:38:01,17:38:40,COMPLETED,28101.0,651.9,4686.87,4725.50
1268,medium,14,15:38:51,16:45:34,17:39:00,COMPLETED,35086.0,53432.9,4003.37,7209.15
1466,medium,14,16:19:47,17:35:53,17:39:13,COMPLETED,33953.0,3339.3,4566.18,4766.12
1414,easy,12,16:20:18,17:38:47,17:39:13,COMPLETED,33071.0,441.9,4709.05,4735.12
1387,easy,11,16:21:06,17:39:06,17:39:26,COMPLETED,20642.0,336.6,4680.53,4700.22
1519,easy,11,16:21:39,17:39:19,17:39:58,COMPLETED,31527.0,657.2,4660.59,4699.60
1452,easy,11,16:22:04,17:40:05,17:40:11,COMPLETED,29953.0,115.5,4681.17,4687.81
1049,hard,15,14:10:01,14:25:44,17:40:37,COMPLETED,29856.0,194893.1,943.14,12636.60
1431,medium,13,16:18:49,17:35:27,17:41:03,COMPLETED,34260.0,5606.9,4598.74,4934.64
1405,easy,11,16:23:05,17:41:10,17:41:16,COMPLETED,24652.0,117.6,4685.24,4691.80
1393,easy,11,16:23:36,17:41:23,17:41:36,COMPLETED,21269.0,223.3,4667.34,4680.25
1394,medium,14,16:03:45,17:16:01,17:42:40,COMPLETED,30150.0,26642.9,4336.94,5935.31
1374,easy,12,16:23:38,17:41:42,17:43:30,COMPLETED,27249.0,1807.1,4684.78,4792.91
1390,hard,15,16:02:38,17:14:50,17:44:53,COMPLETED,29728.0,30055.7,4332.25,6135.39
1377,medium,14,16:15:26,17:32:17,17:44:53,COMPLETED,32951.0,12608.6,4611.15,5367.39
1529,easy,12,16:24:50,17:44:59,17:45:12,COMPLETED,30958.0,217.1,4809.75,4822.48
1513,medium,13,16:22:55,17:40:18,17:45:18,COMPLETED,31603.0,5016.7,4643.13,4943.81
1521,easy,11,16:25:59,17:45:18,17:45:25,COMPLETED,25280.0,112.1,4759.81,4766.19
1463,easy,12,16:26:05,17:45:25,17:46:09,COMPLETED,35095.0,743.3,4760.19,4804.49
1453,easy,12,16:26:26,17:45:31,17:46:22,COMPLETED,31295.0,848.8,4745.57,4796.20
1382,easy,11,16:26:33,17:46:15,17:46:28,COMPLETED,22643.0,217.7,4782.82,4795.53
1527,easy,12,16:24:55,17:44:59,17:46:34,COMPLETED,21818.0,1591.9,4804.75,4899.91
1454,easy,11,16:26:59,17:46:41,17:46:47,COMPLETED,29631.0,111.1,4782.37,4788.73
1411,easy,12,16:27:41,17:46:54,17:47:13,COMPLETED,30754.0,321.3,4753.06,4772.04
1406,medium,14,16:09:54,17:20:11,17:47:38,COMPLETED,27717.0,27459.1,4217.51,5864.73
1432,easy,11,16:26:39,17:46:28,17:47:38,COMPLETED,36908.0,1178.7,4789.53,4859.73
1457,hard,15,16:16:33,17:33:20,17:48:11,COMPLETED,36653.0,14847.9,4607.82,5498.45
1493,medium,14,16:20:05,17:38:21,17:49:21,COMPLETED,31281.0,11016.9,4696.05,5356.81
1336,medium,14,15:41:07,16:49:47,17:51:42,COMPLETED,30798.0,61924.6,4120.60,7835.82
926,hard,15,13:49:54,14:14:07,17:51:49,COMPLETED,34385.0,217692.5,1453.99,14515.36
1179,hard,15,14:42:05,15:19:00,17:51:55,COMPLETED,32864.0,152925.2,2215.58,11390.81
1522,easy,12,16:30:30,17:51:55,17:52:28,COMPLETED,29536.0,552.3,4885.81,4918.33
1483,easy,12,16:29:54,17:51:49,17:52:54,COMPLETED,32662.0,1093.9,4915.36,4980.52
1287,hard,15,15:13:05,15:55:27,17:53:01,COMPLETED,38841.0,117557.2,2542.80,9596.06
1492,hard,15,16:10:47,17:23:15,17:53:01,COMPLETED,32470.0,29766.0,4348.38,6134.06
1501,medium,13,16:28:21,17:47:45,17:53:13,COMPLETED,29584.0,5485.1,4764.30,5092.96
1375,easy,11,16:33:19,17:53:07,17:53:26,COMPLETED,25639.0,328.2,4788.50,4807.93
1476,medium,13,16:32:17,17:53:01,17:54:30,COMPLETED,28265.0,1493.8,4844.06,4933.40
1402,easy,12,16:32:09,17:52:02,17:54:36,COMPLETED,29291.0,2577.1,4793.48,4947.72
1395,medium,13,16:24:22,17:43:37,17:54:43,COMPLETED,33297.0,11103.7,4755.24,5421.16
1403,easy,12,16:33:51,17:53:20,17:54:43,COMPLETED,27354.0,1383.4,4769.51,4852.16
1442,easy,11,16:37:20,17:54:49,17:54:55,COMPLETED,26023.0,111.0,4649.55,4655.94
1455,hard,15,16:14:12,17:29:04,17:55:02,COMPLETED,27844.0,25959.4,4492.96,6050.28
1504,easy,12,16:35:57,17:54:36,17:55:08,COMPLETED,30654.0,537.9,4719.72,4751.65
1384,easy,12,16:37:35,17:55:08,17:55:34,COMPLETED,27099.0,431.5,4653.65,4679.19
1399,easy,11,16:37:41,17:55:40,17:55:53,COMPLETED,27459.0,216.8,4679.57,4692.26
1416,easy,12,16:32:44,17:53:07,17:55:59,COMPLETED,29559.0,2874.8,4823.50,4995.61
1481,easy,12,16:36:09,17:54:49,17:56:06,COMPLETED,28331.0,1280.5,4720.55,4797.06
1467,medium,13,16:32:12,17:52:35,17:56:12,COMPLETED,31273.0,3629.2,4823.01,5040.42
1451,easy,12,16:37:21,17:55:02,17:56:12,COMPLETED,26393.0,1175.2,4661.28,4731.42
1458,easy,12,16:35:59,17:54:43,17:56:18,COMPLETED,29395.0,1600.4,4724.16,4819.83
1473,easy,12,16:38:43,17:56:12,17:56:44,COMPLETED,29034.0,534.7,4649.42,4681.21
1185,hard,15,14:29:07,14:52:30,17:56:50,COMPLETED,32626.0,184328.3,1403.97,12463.54
1459,easy,11,16:37:48,17:55:59,17:56:50,COMPLETED,29496.0,854.4,4691.61,4742.54
1341,hard,15,15:26:19,16:17:00,17:57:03,COMPLETED,31906.0,100054.9,3041.13,9044.29
1448,medium,14,16:17:45,17:35:08,17:57:03,COMPLETED,32417.0,21915.4,4643.60,5958.29
1474,easy,11,16:39:25,17:56:50,17:57:03,COMPLETED,29585.0,217.9,4645.54,4658.29
1275,medium,14,15:57:02,17:01:21,17:57:09,COMPLETED,40605.0,55808.9,3859.36,7207.65
1388,easy,11,16:40:08,17:57:09,17:57:22,COMPLETED,31878.0,217.6,4621.65,4634.42
1360,easy,12,16:41:37,17:57:09,17:58:12,COMPLETED,30537.0,1058.9,4532.65,4595.95
1361,easy,12,16:42:00,17:57:28,17:58:38,COMPLETED,31735.0,1170.1,4528.74,4598.44
1506,easy,12,16:42:02,17:58:19,17:58:58,COMPLETED,20596.0,654.8,4577.28,4616.11
1524,easy,11,16:42:22,17:59:04,17:59:11,COMPLETED,23935.0,119.3,4602.60,4609.24
1438,hard,15,16:28:51,17:48:17,17:59:37,COMPLETED,29550.0,11329.3,4766.78,5446.29
1426,medium,14,16:27:51,17:47:19,17:59:56,COMPLETED,36287.0,12623.4,4768.36,5525.37
46,hard,15,08:58:47,08:58:51,18:00:00,UNFINISHED,-1,-1,-1
594,hard,15,11:20:36,11:20:39,18:00:00,UNFINISHED,-1,-1,-1
536,hard,15,11:47:42,11:47:44,18:00:00,UNFINISHED,-1,-1,-1
516,hard,15,11:57:30,11:57:34,18:00:00,UNFINISHED,-1,-1,-1
825,hard,15,12:19:19,12:19:20,18:00:00,UNFINISHED,-1,-1,-1
733,hard,15,12:44:29,12:50:58,18:00:00,UNFINISHED,-1,-1,-1
690,medium,14,12:57:19,13:08:03,18:00:00,UNFINISHED,-1,-1,-1
984,hard,15,13:09:56,13:29:24,18:00:00,UNFINISHED,-1,-1,-1
888,hard,15,13:30:24,13:58:16,18:00:00,UNFINISHED,-1,-1,-1
887,medium,14,13:40:01,14:07:14,18:00:00,UNFINISHED,-1,-1,-1
966,hard,15,13:45:41,14:13:14,18:00:00,UNFINISHED,-1,-1,-1
867,hard,15,13:46:17,14:13:34,18:00:00,UNFINISHED,-1,-1,-1
1134,hard,15,14:03:13,14:21:36,18:00:00,UNFINISHED,-1,-1,-1
1184,hard,15,14:15:17,14:35:50,18:00:00,UNFINISHED,-1,-1,-1
1186,medium,14,14:17:03,14:37:01,18:00:00,UNFINISHED,-1,-1,-1
1056,hard,15,14:19:33,14:39:48,18:00:00,UNFINISHED,-1,-1,-1
1039,hard,15,14:35:04,14:58:38,18:00:00,UNFINISHED,-1,-1,-1
1057,hard,15,14:40:09,15:11:28,18:00:00,UNFINISHED,-1,-1,-1
1161,hard,15,14:43:50,15:20:31,18:00:00,UNFINISHED,-1,-1,-1
1109,medium,14,14:48:20,15:26:19,18:00:00,UNFINISHED,-1,-1,-1
1199,hard,15,15:09:05,15:48:49,18:00:00,UNFINISHED,-1,-1,-1
1271,hard,15,15:09:38,15:51:33,18:00:00,UNFINISHED,-1,-1,-1
1288,hard,15,15:15:42,15:59:25,18:00:00,UNFINISHED,-1,-1,-1
1261,medium,14,15:24:25,16:14:46,18:00:00,UNFINISHED,-1,-1,-1
1339,hard,15,15:33:23,16:28:29,18:00:00,UNFINISHED,-1,-1,-1
1239,hard,15,15:33:37,16:31:23,18:00:00,UNFINISHED,-1,-1,-1
1191,medium,14,15:36:08,16:44:56,18:00:00,UNFINISHED,-1,-1,-1
1235,hard,15,15:44:35,16:54:59,18:00:00,UNFINISHED,-1,-1,-1
1232,hard,15,15:49:14,16:58:41,18:00:00,UNFINISHED,-1,-1,-1
1311,medium,14,15:51:52,17:00:03,18:00:00,UNFINISHED,-1,-1,-1
1264,medium,14,15:54:32,17:00:55,18:00:00,UNFINISHED,-1,-1,-1
1498,hard,15,16:01:36,17:12:33,18:00:00,UNFINISHED,-1,-1,-1
1379,hard,15,16:06:01,17:16:59,18:00:00,UNFINISHED,-1,-1,-1
1450,hard,15,16:09:59,17:20:55,18:00:00,UNFINISHED,-1,-1,-1
1478,hard,15,16:10:39,17:22:49,18:00:00,UNFINISHED,-1,-1,-1
1409,hard,15,16:11:08,17:23:40,18:00:00,UNFINISHED,-1,-1,-1
1369,hard,15,16:12:17,17:25:15,18:00:00,UNFINISHED,-1,-1,-1
1366,hard,15,16:13:29,17:26:32,18:00:00,UNFINISHED,-1,-1,-1
1428,hard,15,16:13:45,17:26:44,18:00:00,UNFINISHED,-1,-1,-1
1381,medium,14,16:16:08,17:32:48,18:00:00,UNFINISHED,-1,-1,-1
1479,hard,15,16:16:15,17:33:01,18:00:00,UNFINISHED,-1,-1,-1
1441,hard,15,16:17:23,17:35:02,18:00:00,UNFINISHED,-1,-1,-1
1424,hard,15,16:19:54,17:36:25,18:00:00,UNFINISHED,-1,-1,-1
1430,medium,14,16:21:24,17:39:19,18:00:00,UNFINISHED,-1,-1,-1
1508,medium,13,16:21:57,17:39:32,18:00:00,UNFINISHED,-1,-1,-1
1397,medium,14,16:23:01,17:40:44,18:00:00,UNFINISHED,-1,-1,-1
1489,hard,15,16:24:02,17:42:46,18:00:00,UNFINISHED,-1,-1,-1
1497,hard,15,16:26:54,17:46:34,18:00:00,UNFINISHED,-1,-1,-1
1368,hard,15,16:28:22,17:47:45,18:00:00,UNFINISHED,-1,-1,-1
1482,medium,14,16:29:45,17:49:28,18:00:00,UNFINISHED,-1,-1,-1
1410,hard,15,16:34:21,17:53:33,18:00:00,UNFINISHED,-1,-1,-1
1462,medium,13,16:37:38,17:55:15,18:00:00,UNFINISHED,-1,-1,-1
1526,hard,15,16:38:01,17:56:06,18:00:00,UNFINISHED,-1,-1,-1
1367,medium,13,16:38:49,17:56:18,18:00:00,UNFINISHED,-1,-1,-1
1475,medium,14,16:38:57,17:56:18,18:00:00,UNFINISHED,-1,-1,-1
1408,medium,14,16:39:18,17:56:25,18:00:00,UNFINISHED,-1,-1,-1
1464,medium,13,16:39:25,17:56:56,18:00:00,UNFINISHED,-1,-1,-1
1389,medium,14,16:39:59,17:56:56,18:00:00,UNFINISHED,-1,-1,-1
1447,medium,13,16:41:36,17:57:09,18:00:00,UNFINISHED,-1,-1,-1
1380,medium,14,16:41:59,17:57:16,18:00:00,UNFINISHED,-1,-1,-1
1372,hard,15,16:42:17,17:58:45,18:00:00,UNFINISHED,-1,-1,-1
1445,easy,12,16:43:01,17:59:17,18:00:00,UNFINISHED,-1,-1,-1
1480,easy,11,16:43:05,17:59:43,18:00:00,UNFINISHED,-1,-1,-1
1517,hard,15,16:43:26,-,-,IGNORED,-1,-1
1429,easy,11,16:43:33,-,-,IGNORED,-1,-1
1383,easy,11,16:43:46,-,-,IGNORED,-1,-1
1385,medium,13,16:44:59,-,-,IGNORED,-1,-1
1446,medium,14,16:46:13,-,-,IGNORED,-1,-1
1460,easy,11,16:46:25,-,-,IGNORED,-1,-1
1370,medium,13,16:46:56,-,-,IGNORED,-1,-1
1401,medium,14,16:48:32,-,-,IGNORED,-1,-1
1469,hard,15,16:48:39,-,-,IGNORED,-1,-1
1486,easy,12,16:48:40,-,-,IGNORED,-1,-1
1422,easy,12,16:48:48,-,-,IGNORED,-1,-1
1523,easy,11,16:50:19,-,-,IGNORED,-1,-1
1419,medium,13,16:51:23,-,-,IGNORED,-1,-1
1371,easy,12,16:51:59,-,-,IGNORED,-1,-1
1420,hard,15,16:52:08,-,-,IGNORED,-1,-1
1415,medium,14,16:52:54,-,-,IGNORED,-1,-1
1364,medium,13,16:52:55,-,-,IGNORED,-1,-1
1434,easy,11,16:53:22,-,-,IGNORED,-1,-1
1404,hard,15,16:53:55,-,-,IGNORED,-1,-1
1500,easy,12,16:54:00,-,-,IGNORED,-1,-1
1468,medium,13,16:54:19,-,-,IGNORED,-1,-1
1433,medium,13,16:54:22,-,-,IGNORED,-1,-1
1515,easy,12,16:54:53,-,-,IGNORED,-1,-1
1472,medium,14,16:55:15,-,-,IGNORED,-1,-1
1465,medium,14,16:55:42,-,-,IGNORED,-1,-1
1392,hard,15,16:56:06,-,-,IGNORED,-1,-1
1396,medium,14,16:56:29,-,-,IGNORED,-1,-1
1435,medium,14,16:56:44,-,-,IGNORED,-1,-1
1398,easy,12,16:57:31,-,-,IGNORED,-1,-1
1502,medium,13,16:58:36,-,-,IGNORED,-1,-1
1505,medium,14,16:59:30,-,-,IGNORED,-1,-1
