task_id,difficulty,n,arrival_sim,start_sim,end_sim,status,cost,real_duration_sec,waiting_time_mili_sec,time_in_system_mili_sec
106,easy,11,08:01:05,08:01:06,08:01:49,COMPLETED,29652.0,708.2,1.73,44.17
40,easy,12,08:01:36,08:01:36,08:02:25,COMPLETED,28302.0,808.7,0.98,49.47
73,medium,13,08:02:36,08:02:37,08:03:44,COMPLETED,27450.0,1112.2,1.59,68.31
26,easy,11,08:03:11,08:03:13,08:04:02,COMPLETED,29553.0,808.7,2.95,51.44
91,easy,12,08:00:47,08:00:48,08:04:44,COMPLETED,34476.0,3941.1,1.23,237.69
8,medium,13,08:02:57,08:03:01,08:05:38,COMPLETED,37437.0,2618.9,4.84,161.96
60,easy,12,08:06:52,08:06:57,08:07:21,COMPLETED,25740.0,405.4,5.53,29.81
124,medium,13,08:06:32,08:06:33,08:07:40,COMPLETED,24453.0,1112.6,1.30,68.03
84,easy,11,08:08:39,08:08:40,08:08:52,COMPLETED,25499.0,205.0,1.57,13.81
63,medium,13,08:06:33,08:06:33,08:10:17,COMPLETED,35038.0,3742.2,0.30,224.81
140,medium,13,08:03:16,08:03:20,08:10:42,COMPLETED,29940.0,7369.3,4.07,446.11
148,easy,12,08:10:42,08:10:42,08:11:00,COMPLETED,28746.0,306.4,0.11,18.44
116,medium,14,08:07:26,08:07:27,08:11:06,COMPLETED,26661.0,3644.8,1.88,220.54
110,easy,11,08:11:57,08:12:01,08:12:07,COMPLETED,29328.0,102.7,4.24,10.33
80,easy,12,08:11:48,08:11:48,08:12:50,COMPLETED,36761.0,1020.2,1.00,62.15
75,medium,14,08:06:20,08:06:21,08:12:56,COMPLETED,27921.0,6585.1,1.18,396.28
58,easy,12,08:12:30,08:12:31,08:12:56,COMPLETED,25399.0,409.9,1.72,26.28
139,easy,11,08:13:01,08:13:02,08:13:08,COMPLETED,29932.0,104.1,1.35,7.44
76,medium,13,08:11:30,08:11:30,08:13:32,COMPLETED,35111.0,2037.5,0.74,122.97
79,easy,12,08:13:08,08:13:08,08:13:45,COMPLETED,33759.0,616.7,0.44,37.22
126,easy,12,08:13:37,08:13:39,08:13:51,COMPLETED,27956.0,208.8,2.04,14.52
57,medium,14,08:12:39,08:12:43,08:14:03,COMPLETED,24645.0,1329.9,4.97,84.71
1,easy,11,08:13:20,08:13:20,08:14:03,COMPLETED,30779.0,717.9,0.73,43.71
47,easy,11,08:14:04,08:14:09,08:14:16,COMPLETED,25146.0,103.8,5.86,12.01
49,medium,13,08:12:25,08:12:25,08:16:11,COMPLETED,36558.0,3765.2,0.57,226.45
134,easy,11,08:16:18,08:16:23,08:16:29,COMPLETED,27862.0,103.2,5.61,11.73
70,medium,14,08:13:40,08:13:45,08:16:54,COMPLETED,25070.0,3147.3,5.22,194.04
137,easy,12,08:15:39,08:15:41,08:17:00,COMPLETED,25806.0,1319.5,2.01,81.13
66,medium,13,08:15:56,08:15:59,08:17:06,COMPLETED,31011.0,1117.3,3.23,70.22
86,easy,11,08:17:21,08:17:24,08:17:36,COMPLETED,25343.0,204.1,3.42,15.61
28,easy,11,08:18:59,08:19:01,08:19:07,COMPLETED,23860.0,102.6,2.46,8.56
95,medium,14,08:16:02,08:16:05,08:19:38,COMPLETED,30871.0,3545.7,3.34,216.04
111,easy,11,08:19:14,08:19:19,08:19:44,COMPLETED,29059.0,409.2,5.70,30.13
114,easy,11,08:20:49,08:20:51,08:21:03,COMPLETED,25606.0,204.9,2.02,14.25
62,easy,12,08:20:50,08:20:51,08:21:21,COMPLETED,34889.0,508.2,1.02,31.49
88,medium,14,08:13:41,08:13:45,08:21:33,COMPLETED,35333.0,7806.0,4.22,472.64
36,medium,13,08:06:10,08:06:15,08:22:58,COMPLETED,36128.0,16726.4,5.12,1008.63
29,medium,14,08:22:50,08:22:52,08:24:11,COMPLETED,31711.0,1319.4,2.51,81.62
24,easy,11,08:24:17,08:24:17,08:24:35,COMPLETED,26964.0,305.5,0.71,18.98
102,medium,13,08:22:57,08:22:58,08:24:48,COMPLETED,29284.0,1826.3,1.63,111.15
108,easy,11,08:25:32,08:25:37,08:25:43,COMPLETED,26600.0,107.7,5.59,11.92
141,easy,11,08:25:32,08:25:37,08:25:50,COMPLETED,26063.0,208.4,5.59,18.12
130,easy,12,08:25:04,08:25:06,08:26:45,COMPLETED,39916.0,1646.4,2.63,101.38
4,medium,13,08:19:31,08:19:31,08:27:40,COMPLETED,30465.0,8151.1,0.93,489.96
5,medium,13,08:26:26,08:26:26,08:27:59,COMPLETED,32802.0,1543.8,0.84,93.39
56,easy,11,08:28:10,08:28:11,08:28:23,COMPLETED,20319.0,207.8,1.63,13.92
33,easy,11,08:28:21,08:28:23,08:28:36,COMPLETED,25629.0,207.7,2.92,15.31
54,medium,13,08:27:09,08:27:10,08:28:48,COMPLETED,26381.0,1641.8,1.10,99.57
115,easy,12,08:27:25,08:27:28,08:29:00,COMPLETED,28448.0,1540.2,3.64,95.88
128,easy,11,08:28:56,08:29:00,08:29:07,COMPLETED,21587.0,105.5,4.88,11.11
51,easy,11,08:29:00,08:29:00,08:29:07,COMPLETED,30902.0,105.2,0.88,7.11
112,medium,14,08:24:52,08:24:54,08:29:13,COMPLETED,26682.0,4318.4,2.24,261.25
98,easy,11,08:28:48,08:28:48,08:29:13,COMPLETED,28488.0,414.1,0.57,25.25
105,medium,13,08:27:06,08:27:10,08:29:19,COMPLETED,31930.0,2158.4,4.10,133.53
69,easy,11,08:29:11,08:29:13,08:29:19,COMPLETED,24195.0,106.8,2.25,8.53
145,medium,13,08:25:24,08:25:25,08:29:31,COMPLETED,34067.0,4110.7,1.21,247.79
97,easy,11,08:30:53,08:30:57,08:31:09,COMPLETED,29775.0,206.4,4.43,16.70
123,medium,14,08:28:30,08:28:30,08:32:23,COMPLETED,31719.0,3884.8,0.14,233.14
32,medium,13,08:26:48,08:26:51,08:32:53,COMPLETED,27369.0,6038.5,3.57,365.82
101,easy,11,08:33:14,08:33:18,08:33:31,COMPLETED,30529.0,213.4,4.44,17.12
93,easy,11,08:33:23,08:33:24,08:33:43,COMPLETED,26376.0,317.9,1.81,20.61
149,easy,11,08:33:47,08:33:49,08:34:02,COMPLETED,25567.0,209.8,2.94,15.30
48,easy,12,08:34:26,08:34:27,08:34:52,COMPLETED,30301.0,418.3,1.20,26.09
17,medium,14,08:31:57,08:31:58,08:35:17,COMPLETED,30189.0,3310.6,1.62,200.08
109,easy,11,08:34:59,08:35:04,08:35:29,COMPLETED,24323.0,417.5,5.55,30.48
13,hard,15,08:15:11,08:15:16,08:35:41,COMPLETED,29089.0,20418.7,5.75,1230.80
12,medium,13,08:34:42,08:34:45,08:35:41,COMPLETED,23638.0,936.6,3.78,59.80
122,medium,13,08:30:27,08:30:32,08:35:54,COMPLETED,25833.0,5355.6,5.88,327.13
34,hard,15,08:27:48,08:27:53,08:36:37,COMPLETED,31983.0,8734.7,5.20,529.22
129,easy,12,08:36:14,08:36:18,08:36:49,COMPLETED,18157.0,514.6,4.74,35.49
31,easy,11,08:36:51,08:36:55,08:37:01,COMPLETED,19404.0,105.7,4.64,10.85
74,easy,11,08:37:39,08:37:44,08:37:51,COMPLETED,23258.0,105.3,5.83,12.01
21,medium,13,08:36:00,08:36:00,08:38:28,COMPLETED,24298.0,2467.4,0.27,148.15
107,medium,13,08:35:32,08:35:35,08:38:34,COMPLETED,26992.0,2981.2,3.63,182.40
22,hard,15,08:10:06,08:10:11,08:39:05,COMPLETED,31997.0,28890.9,5.63,1739.08
127,medium,13,08:35:37,08:35:41,08:39:05,COMPLETED,25906.0,3390.1,4.80,208.08
7,hard,15,08:22:29,08:22:34,08:39:47,COMPLETED,36491.0,17228.6,5.27,1038.88
96,easy,11,08:39:46,08:39:47,08:39:54,COMPLETED,26064.0,105.2,1.88,8.09
136,easy,11,08:40:33,08:40:36,08:40:43,COMPLETED,20639.0,104.6,3.93,10.10
87,easy,12,08:39:42,08:39:47,08:41:26,COMPLETED,33107.0,1639.2,5.88,104.11
144,easy,11,08:41:41,08:41:44,08:41:50,COMPLETED,23589.0,105.3,3.55,9.73
25,easy,12,08:42:34,08:42:39,08:42:45,COMPLETED,30030.0,105.4,5.78,11.98
113,easy,11,08:42:13,08:42:15,08:43:04,COMPLETED,34499.0,821.2,2.26,51.38
52,easy,11,08:43:01,08:43:04,08:43:16,COMPLETED,27708.0,207.9,3.38,15.74
9,medium,13,08:33:16,08:33:18,08:43:29,COMPLETED,28422.0,10176.5,2.44,613.01
146,easy,11,08:43:05,08:43:10,08:43:29,COMPLETED,29378.0,310.3,5.57,24.01
44,easy,12,08:44:01,08:44:05,08:44:18,COMPLETED,24962.0,216.4,4.98,17.80
118,easy,11,08:44:35,08:44:37,08:44:43,COMPLETED,20845.0,109.5,2.49,8.83
133,hard,15,08:34:11,08:34:14,08:44:56,COMPLETED,31896.0,10694.4,3.77,645.29
77,medium,13,08:41:02,08:41:07,08:45:33,COMPLETED,30896.0,4436.3,5.65,271.73
147,easy,11,08:45:25,08:45:27,08:45:39,COMPLETED,26008.0,209.9,2.41,14.88
103,easy,12,08:46:05,08:46:10,08:46:36,COMPLETED,29354.0,423.1,5.89,31.14
37,easy,11,08:46:18,08:46:23,08:46:36,COMPLETED,28460.0,216.7,5.28,18.14
81,medium,14,08:43:29,08:43:29,08:47:13,COMPLETED,30730.0,3741.0,0.01,224.34
14,easy,11,08:47:41,08:47:44,08:47:50,COMPLETED,22558.0,107.8,3.42,9.82
30,medium,14,08:44:01,08:44:05,08:48:09,COMPLETED,29105.0,4059.5,4.98,248.48
138,medium,13,08:47:40,08:47:44,08:48:15,COMPLETED,33624.0,525.8,4.42,35.63
83,easy,12,08:48:14,08:48:15,08:48:28,COMPLETED,17966.0,213.3,1.63,14.23
132,medium,14,08:23:36,08:23:41,08:48:59,COMPLETED,33373.0,25301.2,5.21,1523.22
59,easy,12,08:49:18,08:49:18,08:49:55,COMPLETED,29344.0,624.7,0.14,37.50
10,medium,13,08:39:54,08:39:54,08:50:26,COMPLETED,40718.0,10538.3,0.09,632.30
27,easy,12,08:50:14,08:50:20,08:50:26,COMPLETED,25475.0,105.9,6.10,12.30
119,medium,13,08:19:54,08:19:56,08:50:57,COMPLETED,33156.0,31011.8,2.40,1863.04
6,easy,12,08:50:57,08:50:57,08:51:09,COMPLETED,27746.0,207.8,0.04,12.38
99,medium,14,08:25:01,08:25:06,08:51:21,COMPLETED,26923.0,26252.0,5.63,1580.67
64,easy,11,08:51:20,08:51:21,08:51:27,COMPLETED,27379.0,106.8,1.67,7.90
61,easy,11,08:51:26,08:51:27,08:51:40,COMPLETED,25498.0,207.7,1.90,14.24
90,medium,14,08:28:19,08:28:23,08:51:58,COMPLETED,38324.0,23579.4,4.92,1419.64
121,easy,11,08:52:30,08:52:35,08:52:41,COMPLETED,28052.0,106.1,5.49,11.71
46,easy,11,08:52:45,08:52:47,08:53:12,COMPLETED,24702.0,413.1,2.88,27.59
72,medium,14,08:33:39,08:33:43,08:53:31,COMPLETED,32869.0,19791.5,4.61,1192.04
35,medium,13,08:49:30,08:49:30,08:54:01,COMPLETED,31794.0,4521.3,0.67,271.79
38,easy,11,08:54:19,08:54:20,08:54:26,COMPLETED,20440.0,105.4,1.25,7.43
50,medium,14,08:33:36,08:33:37,08:54:44,COMPLETED,37014.0,21127.8,1.30,1268.91
43,medium,13,08:52:22,08:52:23,08:54:44,COMPLETED,29365.0,2364.8,1.16,142.91
2,medium,14,08:46:28,08:46:29,08:54:57,COMPLETED,29187.0,8462.1,1.62,509.29
11,medium,13,08:53:50,08:53:55,08:55:53,COMPLETED,25760.0,1962.7,5.61,123.18
143,easy,11,08:55:54,08:55:59,08:56:24,COMPLETED,27084.0,415.8,5.43,30.17
53,easy,12,08:56:00,08:56:05,08:56:30,COMPLETED,31591.0,416.4,5.63,30.43
16,easy,12,08:55:05,08:55:09,08:56:49,COMPLETED,28734.0,1659.6,4.74,104.17
89,easy,12,08:57:01,08:57:01,08:57:39,COMPLETED,28226.0,629.7,0.54,38.12
0,easy,11,08:57:23,08:57:26,08:57:39,COMPLETED,30967.0,216.5,3.36,16.12
120,medium,14,08:52:43,08:52:47,08:57:45,COMPLETED,26726.0,4960.4,4.88,302.41
100,easy,11,08:57:27,08:57:32,08:57:45,COMPLETED,28156.0,212.9,5.77,18.41
20,medium,14,08:29:53,08:29:56,08:58:41,COMPLETED,29604.0,28747.9,3.21,1728.01
19,medium,14,08:27:13,08:27:16,08:59:12,COMPLETED,32210.0,31932.3,3.35,1919.21
42,medium,14,08:44:14,08:44:18,08:59:24,COMPLETED,35836.0,15098.0,4.80,910.57
68,hard,15,08:24:56,08:25:00,08:59:55,COMPLETED,28260.0,34918.8,4.42,2099.51
3,medium,14,08:56:33,08:56:36,09:00:01,COMPLETED,29682.0,3419.0,3.66,208.68
65,easy,11,08:59:20,08:59:24,09:00:01,COMPLETED,35369.0,621.0,4.57,41.68
269,easy,11,09:00:01,09:00:01,09:00:07,COMPLETED,20712.0,106.4,0.68,6.86
206,easy,11,09:00:28,09:00:32,09:00:39,COMPLETED,22051.0,112.0,4.70,11.15
135,medium,14,08:27:08,08:27:10,09:01:16,COMPLETED,26560.0,34103.6,2.10,2048.30
155,easy,12,09:00:34,09:00:39,09:01:28,COMPLETED,23467.0,826.1,5.15,54.61
71,medium,14,08:48:45,08:48:46,09:01:34,COMPLETED,25922.0,12800.6,1.81,769.76
104,medium,14,08:35:58,08:36:00,09:01:53,COMPLETED,29775.0,25882.2,2.27,1555.16
261,medium,13,09:00:29,09:00:32,09:02:54,COMPLETED,26546.0,2360.4,3.70,145.33
175,medium,13,09:01:15,09:01:16,09:03:06,COMPLETED,27471.0,1839.3,1.30,111.56
299,easy,12,09:03:57,09:04:01,09:04:07,COMPLETED,26072.0,104.5,4.70,10.85
41,hard,15,08:40:47,08:40:49,09:04:38,COMPLETED,33688.0,23823.1,2.23,1431.58
200,easy,12,09:04:24,09:04:26,09:04:44,COMPLETED,27887.0,309.3,2.30,20.71
151,medium,13,09:03:12,09:03:12,09:04:57,COMPLETED,34218.0,1740.7,0.68,105.01
182,easy,12,09:04:14,09:04:20,09:05:39,COMPLETED,30837.0,1333.0,6.10,85.98
278,easy,11,09:05:32,09:05:33,09:05:39,COMPLETED,22355.0,104.9,1.82,7.98
82,medium,13,08:56:33,08:56:36,09:05:52,COMPLETED,27523.0,9260.7,3.66,559.26
225,medium,13,09:00:25,09:00:26,09:06:10,COMPLETED,21702.0,5739.8,1.43,345.68
18,medium,13,08:53:58,08:54:01,09:06:29,COMPLETED,28299.0,12457.1,3.79,751.10
267,medium,13,09:05:24,09:05:27,09:07:55,COMPLETED,29790.0,2462.4,3.65,151.31
210,easy,11,09:08:39,09:08:44,09:08:50,COMPLETED,24092.0,108.9,5.60,11.97
158,easy,11,09:08:42,09:08:44,09:08:50,COMPLETED,30472.0,108.1,2.60,8.97
160,easy,11,09:09:32,09:09:33,09:09:40,COMPLETED,20407.0,105.5,1.93,8.08
131,hard,15,08:46:26,08:46:29,09:10:04,COMPLETED,30371.0,23591.9,3.62,1418.90
201,easy,12,09:09:44,09:09:46,09:10:04,COMPLETED,32982.0,316.2,2.30,20.90
117,hard,15,08:44:03,08:44:05,09:10:11,COMPLETED,31099.0,26087.5,2.98,1568.32
252,easy,11,09:10:04,09:10:04,09:10:11,COMPLETED,28980.0,110.2,0.90,7.32
55,medium,14,08:44:12,08:44:12,09:10:35,COMPLETED,29816.0,26393.5,0.43,1583.96
240,easy,12,09:11:24,09:11:24,09:11:43,COMPLETED,30513.0,313.8,0.94,19.64
94,hard,15,08:49:22,08:49:24,09:12:32,COMPLETED,35324.0,23141.9,2.48,1390.94
164,easy,11,09:12:25,09:12:26,09:12:32,COMPLETED,24450.0,105.0,1.76,7.94
203,medium,13,09:12:04,09:12:08,09:13:03,COMPLETED,29876.0,924.6,4.24,59.56
263,easy,12,09:13:02,09:13:03,09:13:34,COMPLETED,29183.0,512.7,1.56,32.26
264,easy,11,09:13:43,09:13:46,09:13:52,COMPLETED,24877.0,104.4,3.50,9.66
265,medium,14,09:08:23,09:08:26,09:14:35,COMPLETED,26905.0,6160.8,3.01,372.53
289,easy,11,09:14:42,09:14:47,09:15:00,COMPLETED,26449.0,208.3,5.86,18.24
280,medium,13,09:12:16,09:12:20,09:15:12,COMPLETED,34058.0,2866.9,4.57,176.50
142,medium,14,08:58:43,08:58:47,09:15:24,COMPLETED,26711.0,16626.3,4.26,1001.79
23,hard,15,08:49:01,08:49:05,09:16:07,COMPLETED,34826.0,27036.1,4.48,1626.61
15,hard,15,08:57:26,08:57:26,09:16:19,COMPLETED,35245.0,18890.6,0.36,1133.85
222,easy,11,09:16:45,09:16:50,09:16:56,COMPLETED,28584.0,108.5,5.43,11.84
193,medium,13,09:12:59,09:13:03,09:17:02,COMPLETED,36680.0,3992.5,4.56,243.98
169,medium,13,09:14:54,09:14:54,09:17:02,COMPLETED,30761.0,2151.9,0.05,128.98
296,medium,13,09:12:11,09:12:14,09:17:27,COMPLETED,30511.0,5223.6,3.41,316.73
285,medium,14,09:13:22,09:13:28,09:18:16,COMPLETED,33543.0,4816.9,6.10,295.00
171,easy,12,09:16:34,09:16:38,09:18:16,COMPLETED,32272.0,1649.9,4.18,103.00
92,hard,15,08:19:39,08:19:44,09:18:29,COMPLETED,29542.0,58754.5,5.13,3530.37
192,easy,12,09:19:12,09:19:12,09:19:18,COMPLETED,24921.0,105.6,0.39,6.57
39,medium,14,08:02:18,08:02:19,09:19:24,COMPLETED,38530.0,77089.9,1.40,4626.78
177,easy,11,09:19:40,09:19:43,09:19:55,COMPLETED,26176.0,209.5,3.25,15.67
262,easy,12,09:20:14,09:20:14,09:20:20,COMPLETED,25061.0,106.9,0.10,6.38
260,easy,12,09:18:44,09:18:47,09:20:32,COMPLETED,29153.0,1750.4,3.77,108.71
276,easy,11,09:20:38,09:20:38,09:20:51,COMPLETED,28737.0,205.8,0.83,13.09
298,easy,12,09:22:09,09:22:11,09:22:35,COMPLETED,32021.0,412.5,2.20,26.84
281,medium,14,09:17:23,09:17:27,09:22:41,COMPLETED,26932.0,5241.6,4.73,318.98
287,medium,14,09:20:33,09:20:38,09:22:41,COMPLETED,33883.0,2057.3,5.83,128.98
268,easy,11,09:24:02,09:24:07,09:24:26,COMPLETED,27924.0,309.9,5.76,24.26
284,easy,12,09:24:11,09:24:13,09:25:09,COMPLETED,32228.0,920.1,2.93,58.05
168,easy,11,09:25:42,09:25:45,09:25:52,COMPLETED,28766.0,105.4,3.92,10.11
243,easy,12,09:25:20,09:25:21,09:25:58,COMPLETED,30913.0,618.6,1.28,38.27
275,easy,12,09:25:37,09:25:39,09:26:53,COMPLETED,25867.0,1236.5,2.73,76.71
207,easy,11,09:26:51,09:26:53,09:26:59,COMPLETED,28115.0,106.0,2.71,8.98
186,medium,13,09:25:26,09:25:27,09:27:06,COMPLETED,30301.0,1647.3,1.43,100.16
242,easy,12,09:26:16,09:26:16,09:27:24,COMPLETED,27553.0,1135.3,0.69,68.70
181,easy,12,09:27:11,09:27:12,09:27:24,COMPLETED,30909.0,207.9,1.32,13.70
218,easy,11,09:27:10,09:27:12,09:27:30,COMPLETED,26988.0,311.3,2.32,20.86
219,easy,11,09:28:24,09:28:26,09:28:38,COMPLETED,35212.0,209.1,2.09,14.55
291,medium,13,09:26:49,09:26:53,09:29:27,COMPLETED,34476.0,2568.4,4.71,158.71
259,hard,15,09:14:35,09:14:35,09:29:40,COMPLETED,33556.0,15076.6,0.53,905.01
248,medium,14,09:20:51,09:20:51,09:29:40,COMPLETED,26170.0,8817.9,0.09,529.01
245,easy,11,09:29:46,09:29:46,09:30:04,COMPLETED,29476.0,310.8,0.24,18.78
250,easy,12,09:29:38,09:29:40,09:30:47,COMPLETED,32555.0,1134.5,2.01,69.97
165,easy,12,09:29:43,09:29:46,09:31:37,COMPLETED,28406.0,1850.1,3.24,114.12
212,easy,12,09:27:56,09:28:01,09:32:01,COMPLETED,33693.0,4006.3,5.49,245.77
167,easy,11,09:32:35,09:32:38,09:32:44,COMPLETED,29446.0,106.0,3.63,9.81
257,easy,12,09:32:42,09:32:44,09:32:57,COMPLETED,23292.0,210.2,2.81,15.16
194,easy,11,09:32:54,09:32:57,09:33:03,COMPLETED,24381.0,107.8,3.16,9.46
249,easy,11,09:32:56,09:32:57,09:33:03,COMPLETED,23940.0,107.1,1.16,7.46
229,easy,11,09:32:59,09:33:03,09:33:09,COMPLETED,32566.0,105.7,4.46,10.67
185,easy,11,09:33:12,09:33:15,09:33:34,COMPLETED,26912.0,309.7,3.82,22.27
45,hard,15,08:42:35,08:42:39,09:34:30,COMPLETED,35688.0,51838.8,4.78,3115.12
295,medium,13,09:31:54,09:31:55,09:34:48,COMPLETED,29144.0,2891.2,1.54,174.71
283,medium,14,09:06:53,09:06:53,09:34:55,COMPLETED,33687.0,28023.5,0.74,1682.08
178,medium,13,09:32:13,09:32:14,09:35:13,COMPLETED,32620.0,2997.2,1.05,180.60
282,medium,14,09:26:25,09:26:29,09:35:26,COMPLETED,25900.0,8953.6,4.08,541.15
256,hard,15,09:03:13,09:03:18,09:35:50,COMPLETED,25867.0,32534.1,5.87,1957.85
187,easy,11,09:35:48,09:35:50,09:35:57,COMPLETED,23326.0,105.2,2.85,9.04
277,easy,12,09:35:12,09:35:13,09:36:27,COMPLETED,27649.0,1238.6,1.60,75.81
202,easy,12,09:33:58,09:33:58,09:36:33,COMPLETED,40709.0,2584.3,0.99,155.95
152,easy,12,09:36:07,09:36:09,09:36:46,COMPLETED,30560.0,617.0,2.38,39.29
273,medium,14,09:11:24,09:11:24,09:36:58,COMPLETED,32765.0,25559.1,0.94,1534.55
205,hard,15,09:30:09,09:30:10,09:37:59,COMPLETED,34655.0,7815.2,1.96,470.78
208,medium,14,09:22:39,09:22:41,09:40:38,COMPLETED,32418.0,17950.7,2.98,1079.93
288,easy,11,09:40:36,09:40:38,09:40:45,COMPLETED,26847.0,105.2,2.93,9.12
157,medium,13,09:39:57,09:40:02,09:40:51,COMPLETED,35627.0,820.7,5.14,54.26
162,medium,14,09:28:54,09:28:56,09:41:34,COMPLETED,30446.0,12620.3,2.99,760.13
274,hard,15,09:19:12,09:19:12,09:41:46,COMPLETED,33248.0,22568.7,0.39,1354.43
223,medium,14,09:21:24,09:21:28,09:41:52,COMPLETED,29100.0,20411.0,4.03,1228.64
125,hard,15,08:14:17,08:14:22,09:42:23,COMPLETED,33218.0,88019.5,5.12,5286.29
214,easy,12,09:41:41,09:41:46,09:42:23,COMPLETED,23269.0,616.2,5.43,42.29
294,medium,14,09:12:20,09:12:20,09:43:06,COMPLETED,30504.0,30767.2,0.57,1846.57
239,hard,15,09:36:34,09:36:40,09:44:27,COMPLETED,28537.0,7783.8,6.09,473.00
78,medium,14,08:17:57,08:18:00,09:44:33,COMPLETED,40310.0,86540.5,3.85,5196.24
198,medium,14,09:41:42,09:41:46,09:45:28,COMPLETED,30361.0,3703.4,4.43,226.59
189,easy,12,09:45:15,09:45:16,09:45:40,COMPLETED,32755.0,411.6,1.29,25.85
224,easy,11,09:45:43,09:45:47,09:45:53,COMPLETED,26016.0,104.9,4.02,10.20
211,easy,11,09:46:00,09:46:05,09:46:11,COMPLETED,23136.0,106.0,5.45,11.62
184,medium,14,09:42:45,09:42:47,09:46:30,COMPLETED,28693.0,3708.1,2.91,225.31
166,medium,14,09:41:21,09:41:21,09:46:36,COMPLETED,33214.0,5244.9,0.85,315.46
230,easy,12,09:46:06,09:46:11,09:46:36,COMPLETED,28952.0,416.0,5.62,30.46
241,medium,13,09:43:03,09:43:06,09:46:42,COMPLETED,31795.0,3603.1,3.57,219.62
188,hard,15,09:00:51,09:00:51,09:46:48,COMPLETED,31422.0,45952.6,0.67,2757.82
163,easy,12,09:46:11,09:46:11,09:46:48,COMPLETED,31539.0,621.0,0.62,37.82
251,easy,11,09:46:41,09:46:42,09:47:01,COMPLETED,28066.0,311.3,1.62,20.14
195,easy,11,09:47:21,09:47:25,09:47:31,COMPLETED,26615.0,105.0,4.79,10.98
290,easy,12,09:47:22,09:47:25,09:47:38,COMPLETED,32498.0,206.6,3.79,16.12
227,easy,11,09:48:19,09:48:21,09:48:33,COMPLETED,28202.0,207.9,2.03,14.34
180,easy,12,09:49:21,09:49:22,09:49:28,COMPLETED,31617.0,105.0,1.38,7.55
85,hard,15,08:30:45,08:30:45,09:49:53,COMPLETED,33259.0,79133.8,0.17,4748.18
253,easy,12,09:49:36,09:49:40,09:50:23,COMPLETED,25694.0,719.7,4.82,47.89
247,medium,14,09:16:49,09:16:50,09:51:07,COMPLETED,38937.0,34275.0,1.43,2058.01
150,medium,14,09:37:33,09:37:35,09:51:07,COMPLETED,27555.0,13530.3,2.26,814.01
179,medium,14,09:48:12,09:48:14,09:51:07,COMPLETED,32100.0,2871.0,2.86,175.01
246,easy,12,09:50:43,09:50:48,09:51:31,COMPLETED,24889.0,719.3,5.49,48.54
220,medium,14,09:42:05,09:42:11,09:51:37,COMPLETED,29944.0,9445.7,6.01,572.68
176,easy,12,09:51:46,09:51:49,09:52:51,COMPLETED,28787.0,1031.6,3.94,65.65
170,easy,11,09:52:32,09:52:33,09:52:57,COMPLETED,29042.0,417.4,1.05,25.90
191,easy,12,09:53:04,09:53:04,09:53:16,COMPLETED,28825.0,215.1,0.14,12.80
235,easy,11,09:53:07,09:53:10,09:53:16,COMPLETED,25997.0,110.7,3.47,9.80
153,medium,14,09:46:15,09:46:17,09:54:00,COMPLETED,39051.0,7707.5,2.85,465.22
271,medium,13,09:53:38,09:53:41,09:54:06,COMPLETED,27907.0,414.0,3.73,28.36
209,easy,12,09:54:26,09:54:31,09:54:55,COMPLETED,24468.0,419.2,5.11,29.99
190,easy,11,09:54:50,09:54:55,09:55:27,COMPLETED,26518.0,522.2,5.99,37.13
272,medium,14,09:55:37,09:55:39,09:57:00,COMPLETED,32302.0,1350.8,2.50,83.42
236,easy,11,09:57:01,09:57:06,09:57:31,COMPLETED,27074.0,414.9,5.59,30.36
292,medium,13,09:42:46,09:42:47,09:57:56,COMPLETED,34975.0,15137.8,1.91,910.17
234,easy,11,09:58:10,09:58:14,09:58:21,COMPLETED,28098.0,109.8,4.96,11.27
270,medium,14,09:49:41,09:49:46,09:58:27,COMPLETED,33514.0,8678.6,6.00,526.60
279,easy,11,09:58:37,09:58:39,09:58:52,COMPLETED,17815.0,208.8,2.93,15.30
286,easy,12,09:58:00,09:58:02,09:58:58,COMPLETED,24641.0,937.8,2.42,58.49
199,easy,12,09:58:54,09:58:58,09:59:29,COMPLETED,28171.0,516.5,4.49,35.35
297,medium,14,09:50:29,09:50:30,10:00:00,COMPLETED,31411.0,9507.0,1.04,571.30
173,easy,12,09:59:57,10:00:00,10:00:56,COMPLETED,28139.0,932.6,3.30,59.11
341,medium,13,10:00:20,10:00:25,10:01:02,COMPLETED,23111.0,621.6,5.16,42.30
427,medium,13,10:00:41,10:00:43,10:01:08,COMPLETED,31402.0,415.9,2.70,27.49
254,hard,15,09:28:09,09:28:13,10:01:14,COMPLETED,36665.0,33015.2,4.79,1985.67
244,easy,12,09:59:42,09:59:47,10:01:14,COMPLETED,21957.0,1449.6,5.84,92.67
255,medium,14,09:56:08,09:56:10,10:01:20,COMPLETED,34993.0,5176.4,2.36,312.86
215,easy,12,09:59:51,09:59:54,10:01:20,COMPLETED,37782.0,1448.7,3.07,89.86
303,easy,12,10:01:40,10:01:45,10:01:57,COMPLETED,23527.0,208.7,5.45,17.78
402,easy,11,10:02:22,10:02:22,10:02:28,COMPLETED,27843.0,105.7,0.53,6.73
352,easy,12,10:02:15,10:02:16,10:02:47,COMPLETED,26908.0,518.6,1.28,32.26
384,easy,12,10:03:00,10:03:05,10:03:24,COMPLETED,26503.0,312.8,5.72,24.32
293,medium,14,09:59:45,09:59:47,10:03:30,COMPLETED,35181.0,3714.2,2.84,225.52
367,easy,11,10:03:07,10:03:11,10:03:30,COMPLETED,31219.0,314.6,4.92,23.52
172,easy,12,09:59:32,09:59:35,10:03:49,COMPLETED,25667.0,4233.1,3.51,257.35
393,medium,13,10:00:08,10:00:12,10:03:49,COMPLETED,23354.0,3612.9,4.74,221.35
397,medium,13,10:02:37,10:02:41,10:03:49,COMPLETED,34587.0,1141.6,4.05,72.35
422,easy,11,10:04:06,10:04:07,10:04:14,COMPLETED,17383.0,110.0,1.91,8.28
258,medium,13,09:55:03,09:55:08,10:05:04,COMPLETED,33817.0,9932.9,5.52,601.32
385,easy,11,10:04:57,10:04:57,10:05:10,COMPLETED,26295.0,214.3,0.97,13.62
416,easy,11,10:05:24,10:05:29,10:05:35,COMPLETED,19838.0,108.7,5.65,11.98
378,easy,12,10:04:31,10:04:32,10:06:13,COMPLETED,35535.0,1683.7,1.93,102.70
161,medium,13,09:59:14,09:59:17,10:06:51,COMPLETED,37338.0,7577.0,3.02,457.37
324,medium,13,10:05:57,10:06:00,10:08:00,COMPLETED,36376.0,1991.9,3.91,123.30
238,hard,15,09:56:34,09:56:35,10:08:12,COMPLETED,30976.0,11623.6,1.44,698.75
354,easy,12,10:07:45,10:07:47,10:08:44,COMPLETED,25876.0,941.7,2.67,59.01
196,medium,14,09:58:40,09:58:46,10:09:08,COMPLETED,34641.0,10382.7,6.11,628.91
266,hard,15,09:24:14,09:24:20,10:09:15,COMPLETED,31898.0,44921.0,6.10,2701.20
313,medium,13,10:00:11,10:00:12,10:09:15,COMPLETED,33124.0,9045.5,1.74,544.20
381,easy,12,10:09:12,10:09:15,10:09:52,COMPLETED,29331.0,626.0,3.20,40.63
304,medium,13,10:05:15,10:05:16,10:10:23,COMPLETED,26206.0,5112.6,1.88,308.50
331,easy,12,10:10:21,10:10:23,10:10:29,COMPLETED,30734.0,107.2,2.50,8.73
329,medium,13,10:06:07,10:06:07,10:10:35,COMPLETED,29594.0,4480.0,0.27,268.96
348,easy,12,10:10:24,10:10:29,10:11:00,COMPLETED,31759.0,518.0,5.73,36.66
394,medium,13,10:09:29,10:09:34,10:11:25,COMPLETED,25622.0,1857.9,5.03,116.37
322,medium,14,10:08:19,10:08:25,10:13:53,COMPLETED,31024.0,5468.1,6.19,334.16
159,hard,15,09:47:42,09:47:44,10:14:05,COMPLETED,29979.0,26355.7,2.25,1583.49
362,easy,11,10:14:02,10:14:05,10:14:24,COMPLETED,32536.0,311.0,3.49,22.01
421,medium,13,10:10:13,10:10:17,10:14:48,COMPLETED,25303.0,4532.5,4.27,275.88
339,medium,13,10:11:09,10:11:12,10:14:48,COMPLETED,23974.0,3604.6,3.99,219.88
415,easy,12,10:14:46,10:14:48,10:15:01,COMPLETED,32321.0,213.3,2.88,15.55
217,medium,14,09:41:37,09:41:40,10:15:13,COMPLETED,37700.0,33562.6,3.27,2016.94
228,medium,14,09:39:48,09:39:49,10:16:16,COMPLETED,32186.0,36439.0,1.84,2188.10
326,hard,15,10:06:13,10:06:13,10:17:18,COMPLETED,31087.0,11080.8,0.70,665.39
359,hard,15,10:05:18,10:05:23,10:18:02,COMPLETED,26613.0,12649.9,5.29,764.01
307,medium,14,10:15:23,10:15:26,10:18:20,COMPLETED,28830.0,2908.7,3.45,177.78
408,easy,11,10:18:33,10:18:33,10:18:45,COMPLETED,23236.0,212.0,0.25,12.81
232,medium,14,09:50:54,09:50:54,10:18:58,COMPLETED,33712.0,28061.1,0.68,1684.22
321,easy,11,10:19:14,10:19:16,10:19:41,COMPLETED,18699.0,421.5,2.83,27.92
375,easy,11,10:19:33,10:19:35,10:19:48,COMPLETED,24829.0,212.0,2.58,15.17
370,easy,12,10:17:54,10:17:55,10:20:06,COMPLETED,29946.0,2190.6,1.66,132.89
351,easy,12,10:20:28,10:20:31,10:20:44,COMPLETED,29965.0,211.2,3.74,16.29
414,hard,15,10:05:24,10:05:29,10:20:50,COMPLETED,26519.0,15348.6,5.65,926.46
425,easy,12,10:20:37,10:20:38,10:21:08,COMPLETED,27653.0,516.2,1.07,31.92
407,easy,11,10:21:20,10:21:21,10:21:33,COMPLETED,28178.0,207.7,1.20,13.56
417,easy,12,10:21:16,10:21:21,10:21:45,COMPLETED,29447.0,414.3,5.20,29.93
447,medium,14,10:13:27,10:13:28,10:21:52,COMPLETED,36643.0,8395.3,1.48,505.09
355,medium,14,10:01:53,10:01:57,10:21:58,COMPLETED,32882.0,20009.6,4.78,1205.24
312,easy,12,10:22:41,10:22:41,10:23:49,COMPLETED,32825.0,1133.2,0.34,68.19
213,medium,14,09:50:00,09:50:05,10:23:55,COMPLETED,37567.0,33832.8,5.45,2035.36
320,easy,12,10:23:32,10:23:36,10:24:01,COMPLETED,23163.0,414.4,4.75,29.53
400,medium,14,10:17:59,10:18:02,10:24:07,COMPLETED,29440.0,6096.0,3.01,368.68
379,easy,12,10:21:39,10:21:39,10:24:32,COMPLETED,38434.0,2878.8,0.73,173.33
446,easy,11,10:23:31,10:23:36,10:24:32,COMPLETED,34168.088049486294,929.0,5.75,61.33
432,medium,13,10:22:18,10:22:22,10:24:38,COMPLETED,27949.0,2263.1,4.84,140.51
361,easy,11,10:28:53,10:28:58,10:29:04,COMPLETED,24382.0,110.4,5.57,11.95
344,medium,14,10:19:55,10:20:00,10:29:23,COMPLETED,23332.0,9386.0,5.53,568.61
328,medium,13,10:30:17,10:30:19,10:30:57,COMPLETED,29372.0,631.0,2.72,40.17
409,easy,12,10:30:18,10:30:19,10:31:03,COMPLETED,31748.0,733.8,1.72,45.63
431,easy,11,10:30:55,10:30:57,10:31:41,COMPLETED,40256.0,736.2,2.17,46.20
392,medium,14,10:26:59,10:27:00,10:31:47,COMPLETED,29186.0,4782.1,1.58,288.38
438,medium,14,10:21:56,10:21:58,10:31:59,COMPLETED,26985.0,10026.2,2.24,603.71
373,easy,12,10:32:19,10:32:24,10:33:01,COMPLETED,25079.0,619.6,5.32,42.35
441,easy,11,10:33:02,10:33:07,10:33:13,COMPLETED,25342.0,106.2,5.53,11.79
346,medium,13,10:20:38,10:20:38,10:33:26,COMPLETED,30154.0,12802.0,0.07,768.14
430,hard,15,10:06:51,10:06:51,10:34:21,COMPLETED,31902.0,27508.8,0.37,1650.82
390,medium,14,10:31:14,10:31:16,10:34:21,COMPLETED,30203.0,3098.4,2.06,187.82
360,easy,11,10:34:30,10:34:34,10:34:52,COMPLETED,28657.0,313.1,4.18,22.81
368,easy,11,10:34:43,10:34:46,10:34:59,COMPLETED,23740.0,211.1,3.59,16.04
356,easy,12,10:34:47,10:34:52,10:35:17,COMPLETED,28870.0,416.3,5.81,30.63
403,easy,11,10:35:44,10:35:48,10:36:01,COMPLETED,29121.0,210.5,4.57,17.00
413,medium,14,10:33:05,10:33:07,10:37:02,COMPLETED,28894.0,3925.0,2.53,237.95
345,medium,13,10:36:32,10:36:38,10:37:09,COMPLETED,32186.0,520.7,6.13,37.15
197,hard,15,09:26:20,09:26:22,10:37:15,COMPLETED,40170.0,70876.7,2.88,4255.40
325,medium,14,10:30:11,10:30:13,10:37:15,COMPLETED,27341.0,7036.1,2.47,424.40
398,easy,12,10:37:31,10:37:34,10:37:46,COMPLETED,33948.0,210.4,3.07,15.54
391,easy,12,10:37:11,10:37:15,10:38:11,COMPLETED,35326.0,933.3,4.40,60.26
387,medium,13,10:33:31,10:33:32,10:38:29,COMPLETED,35927.0,4962.0,1.32,298.87
316,easy,11,10:38:16,10:38:17,10:38:42,COMPLETED,27614.0,416.5,1.45,26.28
443,medium,14,10:29:27,10:29:29,10:38:48,COMPLETED,29676.0,9313.6,2.76,561.47
305,medium,13,10:38:17,10:38:17,10:38:48,COMPLETED,28058.0,519.2,0.45,31.47
308,easy,11,10:38:52,10:38:54,10:39:00,COMPLETED,23689.0,107.3,2.66,8.90
233,hard,15,09:48:30,09:48:33,10:39:13,COMPLETED,33916.0,50666.7,3.34,3043.29
428,easy,12,10:39:18,10:39:19,10:40:08,COMPLETED,29800.0,825.9,1.47,50.87
376,medium,13,10:33:02,10:33:07,10:40:39,COMPLETED,35071.0,7539.7,5.53,457.79
374,easy,11,10:40:55,10:40:58,10:41:04,COMPLETED,24418.0,107.5,3.30,9.54
323,medium,14,10:27:46,10:27:50,10:41:23,COMPLETED,33709.0,13550.3,4.21,817.13
347,medium,13,10:39:59,10:40:02,10:41:29,COMPLETED,29570.0,1446.8,3.65,90.32
412,easy,12,10:41:02,10:41:04,10:41:35,COMPLETED,30095.0,519.6,2.54,33.50
439,hard,15,10:09:44,10:09:46,10:42:25,COMPLETED,33059.0,32645.7,2.43,1961.07
406,easy,12,10:40:56,10:40:58,10:42:25,COMPLETED,24921.0,1449.4,2.30,89.07
334,medium,13,10:34:30,10:34:34,10:43:02,COMPLETED,22933.0,8477.7,4.18,512.65
314,easy,11,10:43:10,10:43:15,10:43:46,COMPLETED,32746.0,524.7,5.21,36.42
311,easy,12,10:38:52,10:38:54,10:44:30,COMPLETED,33701.0,5596.1,2.66,338.31
337,easy,11,10:44:31,10:44:36,10:44:42,COMPLETED,21382.0,106.6,5.51,11.76
306,easy,11,10:44:32,10:44:36,10:44:48,COMPLETED,24737.0,209.0,4.51,16.94
310,medium,14,10:42:14,10:42:18,10:45:38,COMPLETED,26912.0,3332.0,4.78,204.53
363,hard,15,10:22:26,10:22:29,10:46:21,COMPLETED,28866.0,23882.3,3.02,1435.79
364,easy,11,10:46:40,10:46:40,10:46:46,COMPLETED,28634.0,106.1,0.38,6.63
395,easy,11,10:46:52,10:46:52,10:47:05,COMPLETED,17927.0,210.3,0.82,13.27
350,hard,15,10:30:05,10:30:07,10:47:29,COMPLETED,34394.0,17383.2,2.11,1044.97
301,easy,11,10:47:27,10:47:29,10:47:36,COMPLETED,24425.0,106.8,2.97,9.21
423,easy,11,10:48:55,10:48:56,10:49:08,COMPLETED,27588.0,209.8,1.34,13.75
318,medium,13,10:46:40,10:46:40,10:49:14,COMPLETED,24007.0,2579.2,0.38,154.99
435,easy,11,10:49:08,10:49:08,10:49:14,COMPLETED,27144.0,106.8,0.75,6.99
333,easy,12,10:42:06,10:42:06,10:49:27,COMPLETED,23604.0,7351.8,0.40,441.34
154,hard,15,09:34:45,09:34:48,10:50:04,COMPLETED,36420.0,75263.7,3.71,4519.51
327,easy,12,10:49:58,10:49:58,10:50:41,COMPLETED,23783.0,723.7,0.28,43.54
353,medium,14,10:33:49,10:33:50,10:51:00,COMPLETED,28798.0,17154.6,1.90,1031.04
399,hard,15,10:10:46,10:10:48,10:51:24,COMPLETED,33337.0,40609.4,2.29,2438.74
437,easy,11,10:51:23,10:51:24,10:51:30,COMPLETED,25613.0,106.4,1.74,7.97
383,medium,13,10:48:54,10:48:56,10:51:55,COMPLETED,34644.0,2992.6,2.34,181.72
418,easy,11,10:51:47,10:51:49,10:51:55,COMPLETED,23545.0,107.1,2.51,8.72
404,medium,13,10:45:19,10:45:19,10:52:20,COMPLETED,28240.0,7020.7,0.91,421.95
445,easy,11,10:52:12,10:52:14,10:52:40,COMPLETED,25402.0,429.5,2.53,28.03
436,easy,12,10:52:24,10:52:27,10:52:40,COMPLETED,25416.0,217.7,3.28,16.03
433,easy,11,10:52:48,10:52:52,10:53:05,COMPLETED,24369.0,217.1,4.55,17.20
442,hard,15,10:37:35,10:37:40,10:53:36,COMPLETED,31522.0,15940.9,5.29,961.64
335,medium,13,10:46:57,10:46:59,10:53:36,COMPLETED,31566.0,6629.2,2.03,399.64
309,easy,12,10:53:03,10:53:05,10:53:49,COMPLETED,22288.0,738.3,2.20,46.18
444,easy,11,10:53:40,10:53:42,10:53:49,COMPLETED,22611.0,111.7,2.83,9.18
420,easy,12,10:53:49,10:53:49,10:54:08,COMPLETED,26529.0,321.0,0.18,19.20
396,easy,12,10:54:18,10:54:20,10:54:39,COMPLETED,29351.0,318.4,2.83,21.66
434,hard,15,10:40:14,10:40:15,10:55:29,COMPLETED,31254.0,15246.8,1.05,915.69
317,easy,11,10:56:14,10:56:19,10:56:25,COMPLETED,23458.0,106.1,5.64,11.85
343,easy,12,10:56:29,10:56:32,10:56:44,COMPLETED,29768.0,210.4,3.04,15.47
371,medium,13,10:51:38,10:51:43,10:57:27,COMPLETED,31235.0,5745.4,5.31,349.89
411,easy,12,10:57:17,10:57:21,10:57:40,COMPLETED,31176.0,313.2,4.65,23.29
226,hard,15,09:28:20,09:28:26,10:57:58,COMPLETED,29041.0,89546.3,6.09,5378.85
372,medium,14,10:54:11,10:54:14,10:58:17,COMPLETED,26314.0,4051.6,3.49,246.44
357,medium,13,10:41:33,10:41:35,10:58:23,COMPLETED,37008.0,16804.0,2.50,1010.64
358,easy,12,10:57:52,10:57:52,10:58:42,COMPLETED,34677.0,829.0,0.63,50.22
426,easy,11,10:58:25,10:58:29,10:58:42,COMPLETED,25171.0,209.5,4.82,17.22
410,easy,11,10:59:19,10:59:19,10:59:25,COMPLETED,29056.0,107.0,0.47,6.68
429,hard,15,10:05:25,10:05:29,10:59:31,COMPLETED,31536.0,54037.8,4.65,3246.92
365,easy,11,10:59:28,10:59:31,10:59:38,COMPLETED,27775.0,107.3,3.92,10.15
388,easy,12,10:58:54,10:58:54,10:59:44,COMPLETED,23344.0,832.2,0.56,50.39
315,easy,12,10:59:38,10:59:38,11:00:09,COMPLETED,26908.0,519.4,0.15,31.09
401,medium,14,10:24:13,10:24:13,11:00:46,COMPLETED,39555.0,36544.3,0.84,2193.43
204,hard,15,09:43:57,09:44:02,11:02:14,COMPLETED,33057.0,78198.2,5.23,4697.09
476,easy,12,11:01:34,11:01:36,11:02:32,COMPLETED,32350.0,948.1,2.28,58.87
469,easy,11,11:03:51,11:03:55,11:04:13,COMPLETED,25518.0,321.1,4.05,23.00
574,easy,12,11:03:30,11:03:35,11:04:26,COMPLETED,31841.0,852.9,5.91,56.67
448,hard,15,10:55:21,10:55:23,11:04:58,COMPLETED,35243.0,9587.9,2.32,577.40
540,easy,11,11:06:17,11:06:20,11:06:26,COMPLETED,22808.0,112.2,3.06,9.47
523,medium,13,11:03:07,11:03:10,11:06:39,COMPLETED,29893.0,3482.0,3.70,212.31
500,easy,12,11:06:04,11:06:07,11:07:35,COMPLETED,29153.0,1474.9,3.44,91.74
338,hard,15,10:35:27,10:35:29,11:07:48,COMPLETED,34435.0,32305.2,2.98,1941.17
319,medium,14,10:53:59,10:54:01,11:07:54,COMPLETED,23202.0,13878.8,2.84,835.43
569,medium,13,11:07:58,11:08:00,11:08:38,COMPLETED,28398.0,625.1,2.70,40.00
577,easy,11,11:08:33,11:08:38,11:08:56,COMPLETED,24865.0,315.3,5.00,23.73
449,hard,15,10:34:59,10:34:59,11:09:33,COMPLETED,33996.0,34584.3,0.04,2074.99
522,medium,14,11:06:27,11:06:32,11:09:33,COMPLETED,26386.0,3023.0,5.84,186.99
510,easy,12,11:07:42,11:07:48,11:09:40,COMPLETED,32899.0,1871.7,6.17,118.26
496,easy,12,11:09:32,11:09:33,11:10:11,COMPLETED,33698.0,630.2,1.99,39.62
474,easy,12,11:09:57,11:09:59,11:10:11,COMPLETED,27309.0,213.3,2.02,14.62
543,medium,14,11:00:20,11:00:21,11:10:42,COMPLETED,34887.0,10355.9,1.55,622.73
585,easy,11,11:10:42,11:10:42,11:11:01,COMPLETED,27781.0,315.7,0.73,19.42
527,medium,13,11:07:57,11:08:00,11:11:13,COMPLETED,26501.0,3223.6,3.70,196.95
472,easy,12,11:09:43,11:09:46,11:11:45,COMPLETED,32922.0,1978.1,3.52,122.03
380,medium,14,10:59:03,10:59:06,11:12:03,COMPLETED,26789.0,12947.1,3.95,780.66
571,hard,15,11:03:45,11:03:48,11:12:09,COMPLETED,32533.0,8361.1,3.62,504.87
573,easy,12,11:11:22,11:11:26,11:12:09,COMPLETED,19849.0,733.6,4.37,47.87
489,easy,11,11:12:05,11:12:09,11:12:16,COMPLETED,27228.0,114.6,4.87,11.44
467,easy,11,11:12:09,11:12:09,11:12:16,COMPLETED,27261.0,113.9,0.87,7.44
567,easy,11,11:12:27,11:12:29,11:12:54,COMPLETED,26460.0,429.1,2.16,27.44
552,easy,11,11:12:54,11:12:54,11:13:00,COMPLETED,26630.0,114.0,0.44,6.97
302,medium,14,10:59:06,10:59:06,11:13:51,COMPLETED,31824.0,14743.2,0.95,885.38
382,hard,15,10:32:35,10:32:36,11:13:57,COMPLETED,23511.0,41352.9,1.67,2482.73
482,easy,11,11:14:22,11:14:22,11:14:42,COMPLETED,27801.0,324.4,0.88,20.04
501,easy,12,11:14:46,11:14:48,11:15:01,COMPLETED,23259.0,214.8,2.39,15.18
458,easy,11,11:15:25,11:15:26,11:15:39,COMPLETED,32969.0,221.4,1.21,14.17
504,medium,13,11:14:44,11:14:48,11:15:51,COMPLETED,30105.0,1061.4,4.39,67.89
340,hard,15,10:56:09,10:56:13,11:15:58,COMPLETED,29227.0,19749.4,4.40,1189.11
560,easy,12,11:15:30,11:15:32,11:16:10,COMPLETED,34594.0,640.8,2.72,40.86
579,easy,12,11:15:54,11:15:58,11:16:36,COMPLETED,28485.0,639.1,4.11,42.28
419,hard,15,10:45:01,10:45:01,11:16:54,COMPLETED,24381.0,31896.6,0.30,1913.87
516,medium,14,11:13:24,11:13:26,11:16:54,COMPLETED,32417.0,3485.4,2.13,210.87
479,easy,12,11:16:49,11:16:54,11:17:01,COMPLETED,27370.0,114.9,5.87,12.37
156,medium,14,09:51:54,09:51:56,11:17:26,COMPLETED,40180.0,85513.0,2.10,5132.85
462,easy,11,11:17:15,11:17:20,11:17:26,COMPLETED,24690.0,110.0,5.43,11.85
551,easy,11,11:17:52,11:17:58,11:18:04,COMPLETED,26719.0,115.1,6.24,12.69
491,easy,12,11:18:29,11:18:29,11:19:32,COMPLETED,27943.0,1041.6,0.91,63.23
475,easy,12,11:18:35,11:18:36,11:19:32,COMPLETED,27342.0,937.6,1.17,57.23
459,easy,12,11:18:00,11:18:04,11:20:03,COMPLETED,27105.0,1980.4,4.69,123.34
570,medium,14,11:10:01,11:10:05,11:20:15,COMPLETED,32104.0,10177.1,4.31,614.75
481,medium,14,11:18:48,11:18:48,11:20:22,COMPLETED,28749.0,1559.3,0.63,94.01
492,easy,12,11:20:24,11:20:28,11:20:40,COMPLETED,22264.0,211.1,4.23,16.70
498,medium,13,11:04:46,11:04:51,11:21:05,COMPLETED,33211.0,16227.8,5.96,979.51
526,easy,11,11:21:11,11:21:11,11:21:17,COMPLETED,33173.0,107.0,0.72,6.95
558,easy,11,11:21:30,11:21:30,11:21:36,COMPLETED,23609.0,107.3,0.35,6.64
405,medium,14,10:58:49,10:58:54,11:22:45,COMPLETED,36929.0,23845.5,5.56,1436.19
465,easy,12,11:22:30,11:22:32,11:22:51,COMPLETED,25219.0,317.2,2.65,21.43
342,hard,15,10:58:03,10:58:05,11:23:54,COMPLETED,24817.0,25828.5,2.03,1551.65
575,easy,12,11:23:41,11:23:41,11:24:07,COMPLETED,22090.0,429.5,0.88,26.28
478,easy,12,11:23:29,11:23:29,11:24:13,COMPLETED,28896.0,751.5,0.07,44.70
536,easy,12,11:21:37,11:21:42,11:24:20,COMPLETED,30061.0,2627.4,5.86,163.20
470,medium,13,11:22:36,11:22:38,11:24:32,COMPLETED,30488.0,1906.4,2.90,116.96
487,easy,11,11:24:33,11:24:39,11:24:52,COMPLETED,33383.0,217.3,6.40,19.09
468,easy,12,11:22:49,11:22:51,11:25:11,COMPLETED,34804.0,2332.3,2.43,142.05
582,medium,13,11:13:22,11:13:26,11:26:14,COMPLETED,29682.0,12806.5,4.13,772.29
464,medium,13,11:16:59,11:17:01,11:26:39,COMPLETED,25964.0,9641.9,2.37,580.70
549,easy,11,11:26:28,11:26:33,11:27:04,COMPLETED,33978.0,529.3,5.41,36.96
554,medium,14,11:08:48,11:08:50,11:27:36,COMPLETED,34901.0,18774.4,2.47,1128.62
457,easy,11,11:27:36,11:27:36,11:27:43,COMPLETED,27973.0,114.7,0.62,7.14
456,hard,15,11:02:33,11:02:39,11:28:40,COMPLETED,37553.0,26018.6,6.22,1567.22
578,medium,13,11:26:38,11:26:39,11:29:05,COMPLETED,29248.0,2438.4,1.70,147.66
499,easy,12,11:28:05,11:28:08,11:29:12,COMPLETED,20667.0,1066.2,3.45,67.07
330,hard,15,10:50:08,10:50:10,11:30:14,COMPLETED,37935.0,40069.5,2.69,2406.78
586,medium,13,11:27:48,11:27:49,11:30:27,COMPLETED,31213.0,2633.7,1.54,159.28
502,hard,15,11:19:07,11:19:07,11:30:58,COMPLETED,33452.0,11858.4,0.36,711.72
595,hard,15,11:15:26,11:15:26,11:31:04,COMPLETED,34442.0,15648.0,0.21,938.97
471,easy,12,11:30:27,11:30:27,11:31:17,COMPLETED,24057.0,841.7,0.28,50.59
531,easy,12,11:30:36,11:30:39,11:31:23,COMPLETED,27479.0,735.5,3.85,47.83
598,easy,12,11:31:02,11:31:04,11:31:30,COMPLETED,20685.0,421.6,2.97,28.06
587,medium,14,11:21:25,11:21:30,11:31:48,COMPLETED,34486.0,10308.3,5.35,623.71
493,medium,14,11:24:08,11:24:13,11:32:56,COMPLETED,37294.0,8724.2,5.70,528.99
580,easy,12,11:33:11,11:33:15,11:33:53,COMPLETED,30989.0,627.9,4.67,42.15
506,easy,12,11:33:13,11:33:15,11:34:11,COMPLETED,29718.0,940.6,2.67,58.88
485,medium,13,11:34:03,11:34:05,11:34:43,COMPLETED,28881.0,637.8,2.60,40.53
455,medium,14,11:28:45,11:28:46,11:35:53,COMPLETED,30160.0,7115.6,1.47,428.17
572,easy,11,11:35:35,11:35:40,11:35:53,COMPLETED,26913.0,219.9,5.25,18.17
568,easy,11,11:35:52,11:35:53,11:36:12,COMPLETED,29122.0,322.9,1.17,20.20
539,easy,12,11:34:33,11:34:37,11:36:18,COMPLETED,32911.0,1697.7,4.07,105.60
555,medium,13,11:33:12,11:33:15,11:36:31,COMPLETED,31759.0,3264.0,3.67,199.33
547,easy,12,11:36:28,11:36:31,11:36:56,COMPLETED,22475.0,422.9,3.33,28.36
520,easy,11,11:37:01,11:37:02,11:37:21,COMPLETED,31609.0,322.1,1.74,20.88
599,easy,11,11:37:25,11:37:28,11:37:34,COMPLETED,25138.0,108.2,3.10,9.35
535,medium,14,11:20:11,11:20:15,11:37:53,COMPLETED,30412.0,17623.7,4.75,1062.03
537,easy,12,11:37:34,11:37:34,11:38:05,COMPLETED,25276.0,524.3,0.35,31.47
532,medium,14,11:24:10,11:24:13,11:39:02,COMPLETED,29816.0,14816.0,3.70,892.45
497,easy,12,11:39:29,11:39:34,11:40:43,COMPLETED,27340.0,1157.3,5.05,74.29
483,easy,11,11:41:07,11:41:08,11:41:26,COMPLETED,23827.0,315.9,1.13,19.89
518,medium,14,11:00:49,11:00:52,11:41:51,COMPLETED,32244.0,40988.5,3.64,2462.84
477,medium,13,11:38:17,11:38:18,11:43:12,COMPLETED,30929.0,4914.4,1.09,295.77
584,easy,12,11:42:22,11:42:22,11:43:25,COMPLETED,27413.0,1042.0,0.90,63.22
528,hard,15,11:10:59,11:11:01,11:44:02,COMPLETED,29704.0,33019.7,2.42,1983.49
592,medium,13,11:41:04,11:41:08,11:44:02,COMPLETED,32932.0,2908.7,4.13,178.49
565,medium,13,11:39:47,11:39:52,11:44:27,COMPLETED,26619.0,4576.6,5.97,280.38
503,easy,11,11:44:37,11:44:39,11:44:46,COMPLETED,25018.0,110.1,2.81,9.06
597,easy,11,11:44:45,11:44:46,11:44:58,COMPLETED,24217.0,212.8,1.06,13.70
514,medium,13,11:44:41,11:44:46,11:45:35,COMPLETED,32564.0,835.2,5.06,54.98
452,medium,13,11:33:24,11:33:28,11:46:19,COMPLETED,23504.0,12861.6,4.23,775.74
576,hard,15,11:19:52,11:19:57,11:47:09,COMPLETED,28468.0,27208.1,5.04,1637.37
480,medium,13,11:44:12,11:44:14,11:48:23,COMPLETED,22474.0,4154.5,2.91,251.96
507,hard,15,11:26:31,11:26:33,11:48:30,COMPLETED,21855.0,21948.7,2.41,1319.22
461,easy,12,11:49:02,11:49:07,11:49:13,COMPLETED,22236.0,107.8,5.40,11.68
517,medium,14,11:46:09,11:46:13,11:50:03,COMPLETED,26618.0,3836.6,4.49,234.48
553,easy,11,11:50:26,11:50:28,11:51:12,COMPLETED,25470.0,734.9,2.52,46.38
451,medium,14,11:48:19,11:48:23,11:51:31,COMPLETED,29910.0,3122.0,4.96,192.09
533,easy,11,11:51:10,11:51:12,11:51:37,COMPLETED,25114.0,420.4,2.38,27.33
453,medium,14,11:49:33,11:49:38,11:51:56,COMPLETED,26057.0,2296.0,5.49,143.07
505,easy,11,11:51:37,11:51:37,11:52:27,COMPLETED,33888.0,847.3,0.33,50.84
593,hard,15,11:05:17,11:05:17,11:52:34,COMPLETED,30360.0,47286.4,0.13,2837.22
563,easy,12,11:52:07,11:52:08,11:53:18,COMPLETED,27088.0,1164.2,1.63,71.30
524,easy,12,11:53:55,11:53:55,11:54:33,COMPLETED,31089.0,630.9,0.77,38.37
513,easy,12,11:54:28,11:54:33,11:54:45,COMPLETED,25405.0,213.3,5.37,17.89
546,medium,13,11:54:17,11:54:20,11:55:23,COMPLETED,32026.0,1052.7,3.83,66.69
542,medium,14,11:50:10,11:50:15,11:55:30,COMPLETED,25249.0,5238.8,5.96,320.05
454,easy,11,11:55:15,11:55:17,11:55:30,COMPLETED,25974.0,216.9,2.36,15.05
519,easy,12,11:55:18,11:55:23,11:56:20,COMPLETED,26340.0,949.4,5.69,62.39
460,easy,12,11:55:39,11:55:42,11:56:51,COMPLETED,29592.0,1155.4,3.69,72.78
556,easy,11,11:56:35,11:56:39,11:56:51,COMPLETED,17556.0,213.1,4.25,16.78
545,easy,11,11:57:27,11:57:29,11:57:35,COMPLETED,26223.0,110.3,2.30,8.63
562,hard,15,11:22:33,11:22:38,11:58:00,COMPLETED,34325.0,35368.4,5.90,2127.78
490,hard,15,11:31:03,11:31:04,11:58:13,COMPLETED,34642.0,27145.0,1.97,1630.54
538,medium,13,11:55:19,11:55:23,11:58:51,COMPLETED,24143.0,3461.9,4.69,212.19
484,easy,11,11:58:45,11:58:51,11:59:03,COMPLETED,25849.0,213.8,6.19,18.77
494,medium,14,11:22:26,11:22:26,11:59:16,COMPLETED,30444.0,36836.5,0.38,2210.44
583,easy,11,11:59:09,11:59:10,11:59:16,COMPLETED,21227.0,110.1,1.04,7.44
550,medium,13,11:57:33,11:57:35,11:59:22,COMPLETED,29430.0,1788.6,2.63,109.72
591,hard,15,11:00:03,11:00:09,12:00:25,COMPLETED,32489.0,60272.8,6.09,3622.36
486,medium,13,11:59:33,11:59:35,12:00:44,COMPLETED,28252.0,1155.7,2.23,71.16
604,easy,11,12:00:39,12:00:44,12:00:57,COMPLETED,28264.0,222.4,5.16,18.08
495,medium,14,11:57:51,11:57:54,12:01:09,COMPLETED,29027.0,3264.8,3.44,198.98
718,easy,11,12:00:41,12:00:44,12:01:16,COMPLETED,29231.0,542.8,3.16,35.41
561,medium,13,11:59:06,11:59:10,12:01:54,COMPLETED,24438.0,2750.1,4.04,168.62
581,medium,13,11:54:49,11:54:52,12:02:39,COMPLETED,23353.0,7791.0,3.19,470.34
651,medium,13,12:02:05,12:02:07,12:02:39,COMPLETED,25308.0,539.7,2.36,34.34
626,easy,12,12:02:14,12:02:20,12:02:45,COMPLETED,29819.0,434.7,6.11,31.81
521,medium,14,11:49:07,11:49:07,12:03:11,COMPLETED,31228.0,14067.3,0.40,844.20
525,medium,14,11:42:46,11:42:47,12:03:24,COMPLETED,29173.0,20607.5,1.80,1238.03
650,easy,12,12:02:30,12:02:32,12:03:36,COMPLETED,25629.0,1071.6,2.82,66.75
473,medium,14,11:21:40,11:21:42,12:03:55,COMPLETED,29102.0,42220.0,2.86,2535.98
684,easy,12,12:02:16,12:02:20,12:04:21,COMPLETED,36527.0,2034.3,4.11,125.84
645,medium,13,12:03:42,12:03:43,12:04:41,COMPLETED,25225.0,969.7,1.17,59.08
466,medium,14,11:55:11,11:55:11,12:04:53,COMPLETED,31718.0,9718.5,0.02,582.81
174,hard,15,09:44:58,09:45:04,12:05:12,COMPLETED,41763.0,140149.5,6.00,8414.95
713,medium,14,12:00:29,12:00:31,12:06:21,COMPLETED,37964.0,5843.6,2.63,352.94
724,medium,13,12:04:05,12:04:08,12:06:21,COMPLETED,26123.0,2224.6,3.80,136.94
637,easy,12,12:05:43,12:05:44,12:06:21,COMPLETED,36003.0,634.7,1.20,38.94
669,easy,12,12:05:53,12:05:56,12:06:34,COMPLETED,33675.0,634.6,3.77,41.61
747,medium,13,12:05:00,12:05:00,12:06:47,COMPLETED,31973.0,1785.5,0.26,107.12
509,medium,13,11:56:56,11:56:58,12:07:30,COMPLETED,31100.0,10552.0,2.05,634.92
700,medium,13,12:03:44,12:03:49,12:08:14,COMPLETED,29659.0,4421.0,5.66,270.72
615,medium,13,12:04:11,12:04:15,12:08:20,COMPLETED,27678.0,4097.6,4.32,249.97
588,medium,14,11:58:00,11:58:00,12:08:58,COMPLETED,27005.0,10964.0,0.78,658.45
515,medium,14,11:58:01,11:58:07,12:08:58,COMPLETED,22788.0,10857.7,6.19,657.45
655,easy,12,12:08:42,12:08:45,12:09:10,COMPLETED,29551.0,420.4,3.93,28.94
541,medium,14,11:53:09,11:53:11,12:09:29,COMPLETED,27403.0,16298.7,2.91,980.62
691,medium,13,12:06:41,12:06:47,12:09:35,COMPLETED,31241.0,2817.4,6.12,174.93
676,easy,12,12:09:24,12:09:29,12:09:54,COMPLETED,22279.0,421.3,5.62,30.65
719,medium,13,12:09:27,12:09:29,12:09:54,COMPLETED,25884.0,421.1,2.62,27.65
689,easy,12,12:10:19,12:10:19,12:10:26,COMPLETED,25495.0,110.6,0.90,7.18
594,medium,14,11:55:00,11:55:04,12:10:32,COMPLETED,29490.0,15469.3,4.70,932.57
734,medium,14,12:04:00,12:04:02,12:11:04,COMPLETED,27352.0,7040.3,2.24,424.47
633,easy,12,12:10:36,12:10:38,12:11:17,COMPLETED,30234.0,639.4,2.96,41.06
653,easy,12,12:11:19,12:11:23,12:11:36,COMPLETED,26341.0,221.1,4.36,17.26
749,easy,11,12:12:18,12:12:20,12:12:39,COMPLETED,29371.0,327.7,2.52,21.91
641,easy,11,12:12:24,12:12:27,12:12:46,COMPLETED,27285.0,327.8,3.04,22.22
697,medium,13,12:11:38,12:11:42,12:13:30,COMPLETED,32043.0,1801.2,4.69,112.56
625,medium,13,12:11:12,12:11:17,12:13:55,COMPLETED,23611.0,2653.2,5.06,163.91
740,easy,11,12:15:03,12:15:05,12:15:11,COMPLETED,18430.0,112.0,2.45,8.81
716,easy,11,12:15:46,12:15:50,12:16:02,COMPLETED,29379.0,218.6,4.20,16.86
440,hard,15,10:52:25,10:52:27,12:16:09,COMPLETED,32018.0,83701.1,2.28,5024.34
731,easy,12,12:15:04,12:15:05,12:16:34,COMPLETED,31041.0,1483.8,1.45,90.32
739,easy,11,12:16:51,12:16:53,12:16:59,COMPLETED,30629.0,111.2,2.07,8.38
709,easy,11,12:18:02,12:18:08,12:18:14,COMPLETED,26559.0,111.5,6.26,12.56
726,medium,13,12:15:25,12:15:30,12:19:29,COMPLETED,33383.0,3981.5,5.96,244.63
564,medium,14,11:53:58,11:54:02,12:20:25,COMPLETED,39747.0,26399.4,4.08,1587.89
746,easy,12,12:20:31,12:20:32,12:21:03,COMPLETED,30368.0,531.0,1.15,32.65
652,easy,11,12:20:56,12:20:57,12:21:03,COMPLETED,30013.0,113.1,1.28,7.65
748,easy,11,12:20:55,12:20:57,12:21:10,COMPLETED,32079.0,221.5,2.28,15.14
614,easy,11,12:21:26,12:21:29,12:21:54,COMPLETED,31213.0,433.6,3.08,28.69
605,hard,15,12:05:40,12:05:44,12:22:20,COMPLETED,27457.0,16606.9,4.20,1000.32
705,easy,12,12:20:11,12:20:13,12:22:52,COMPLETED,30767.0,2656.0,2.37,161.51
737,easy,11,12:22:35,12:22:39,12:22:52,COMPLETED,21674.0,219.2,4.61,17.51
67,hard,15,08:14:38,08:14:40,12:23:23,COMPLETED,34180.0,248726.8,2.41,14925.99
601,easy,11,12:24:29,12:24:34,12:24:53,COMPLETED,30898.0,323.1,5.44,24.44
661,easy,11,12:25:35,12:25:38,12:26:23,COMPLETED,29861.456283310275,755.4,3.13,48.04
695,easy,11,12:27:33,12:27:33,12:27:39,COMPLETED,26207.0,109.6,0.15,6.46
707,hard,15,12:17:33,12:17:36,12:28:04,COMPLETED,26546.0,10465.7,3.96,631.67
607,easy,11,12:27:58,12:27:58,12:28:17,COMPLETED,25187.0,320.0,0.31,19.27
660,easy,12,12:26:45,12:26:48,12:28:29,COMPLETED,27280.0,1688.9,3.71,104.80
675,hard,15,12:01:40,12:01:41,12:28:42,COMPLETED,32010.0,27014.0,1.70,1622.39
529,hard,15,11:50:53,11:50:53,12:29:13,COMPLETED,35931.0,38342.3,0.54,2300.89
622,easy,12,12:29:11,12:29:13,12:29:39,COMPLETED,25896.0,424.7,2.89,28.06
646,easy,11,12:29:38,12:29:39,12:29:51,COMPLETED,24872.0,214.4,1.06,13.67
634,medium,13,12:26:01,12:26:03,12:30:23,COMPLETED,29246.0,4323.4,2.88,262.06
679,medium,14,12:20:37,12:20:38,12:31:00,COMPLETED,27917.0,10377.0,1.48,623.86
648,easy,12,12:30:41,12:30:41,12:31:07,COMPLETED,28551.0,425.6,0.91,26.17
183,hard,15,09:30:25,09:30:29,12:31:32,COMPLETED,36986.0,181046.9,4.48,10867.23
559,hard,15,11:00:36,11:00:40,12:32:03,COMPLETED,31292.0,91393.0,4.20,5487.70
678,easy,12,12:31:45,12:31:51,12:32:03,COMPLETED,30876.0,215.1,6.08,18.70
743,medium,13,12:31:30,12:31:32,12:32:16,COMPLETED,34434.0,743.4,2.23,46.43
623,medium,13,12:19:46,12:19:48,12:32:29,COMPLETED,35067.0,12689.6,2.34,763.27
659,easy,12,12:30:24,12:30:29,12:32:29,COMPLETED,34792.0,2008.0,5.34,125.27
683,easy,11,12:33:00,12:33:00,12:33:20,COMPLETED,22948.0,330.1,0.84,20.26
627,easy,11,12:33:37,12:33:39,12:33:45,COMPLETED,21962.0,115.6,2.36,8.90
613,easy,12,12:35:02,12:35:02,12:35:15,COMPLETED,22601.0,224.5,0.25,13.38
686,easy,11,12:35:06,12:35:08,12:36:00,COMPLETED,29783.0,869.5,2.68,54.34
682,easy,11,12:35:48,12:35:54,12:36:00,COMPLETED,34316.0,116.2,6.03,12.34
662,easy,11,12:36:02,12:36:07,12:36:19,COMPLETED,26583.0,226.1,5.05,17.91
728,easy,12,12:35:55,12:36:00,12:36:59,COMPLETED,34248.0,987.9,5.34,64.21
715,medium,13,12:36:07,12:36:07,12:37:18,COMPLETED,30093.0,1203.2,0.05,71.80
708,medium,13,12:35:55,12:36:00,12:37:38,COMPLETED,22677.0,1634.4,5.34,103.07
703,easy,12,12:37:17,12:37:18,12:38:16,COMPLETED,19837.0,961.1,1.80,59.11
628,easy,12,12:37:49,12:37:50,12:38:16,COMPLETED,22191.0,428.9,1.78,27.11
511,hard,15,11:54:04,11:54:08,12:38:35,COMPLETED,32368.0,44454.3,4.35,2671.46
711,easy,11,12:38:23,12:38:29,12:38:48,COMPLETED,25961.0,322.7,6.03,25.11
692,easy,12,12:38:26,12:38:29,12:38:54,COMPLETED,26607.0,427.4,3.03,28.43
606,easy,11,12:39:43,12:39:45,12:39:51,COMPLETED,19272.0,112.1,2.09,8.50
332,hard,15,10:16:59,10:16:59,12:40:10,COMPLETED,31353.0,143181.7,0.65,8591.46
699,easy,11,12:39:45,12:39:45,12:40:10,COMPLETED,19916.0,428.5,0.09,25.46
670,easy,11,12:40:10,12:40:10,12:40:23,COMPLETED,24578.0,221.4,0.46,13.18
723,easy,12,12:40:32,12:40:36,12:40:48,COMPLETED,24561.0,218.3,4.17,16.93
644,easy,11,12:40:42,12:40:42,12:40:48,COMPLETED,25709.0,112.5,0.53,6.93
664,easy,12,12:39:01,12:39:07,12:41:20,COMPLETED,32392.0,2231.0,6.07,139.65
741,easy,12,12:40:50,12:40:55,12:41:20,COMPLETED,26424.0,427.5,5.31,30.65
729,easy,11,12:40:57,12:41:01,12:41:20,COMPLETED,28244.0,321.8,4.66,23.65
738,hard,15,12:29:00,12:29:01,12:42:05,COMPLETED,32514.0,13066.2,1.27,785.03
720,easy,12,12:41:36,12:41:39,12:42:17,COMPLETED,30919.0,637.6,3.70,41.66
629,medium,13,12:36:37,12:36:39,12:42:42,COMPLETED,25737.0,6059.4,2.73,365.98
677,medium,13,12:37:33,12:37:38,12:43:27,COMPLETED,33805.0,5826.3,5.07,354.22
663,medium,13,12:36:05,12:36:07,12:43:40,COMPLETED,31311.0,7556.2,2.05,455.04
618,easy,12,12:41:13,12:41:26,12:43:40,COMPLETED,31914.0,2226.3,13.99,147.04
642,medium,13,12:32:24,12:32:29,12:43:46,COMPLETED,35950.0,11292.9,5.27,682.63
488,medium,14,11:47:48,11:47:52,12:44:12,COMPLETED,33457.0,56328.1,4.84,3384.21
673,medium,14,12:35:07,12:35:08,12:45:29,COMPLETED,31974.0,10348.5,1.68,622.49
744,easy,11,12:45:35,12:45:35,12:45:49,COMPLETED,27237.0,228.0,0.84,14.04
640,easy,11,12:45:42,12:45:42,12:45:55,COMPLETED,28521.0,226.5,0.44,13.57
690,easy,11,12:46:36,12:46:40,12:46:47,COMPLETED,18419.0,117.6,4.60,11.18
733,easy,11,12:47:04,12:47:06,12:47:12,COMPLETED,21128.0,113.0,2.56,8.91
685,easy,12,12:47:23,12:47:25,12:47:58,COMPLETED,32619.0,549.4,2.75,35.23
600,medium,14,12:33:09,12:33:13,12:48:17,COMPLETED,29955.0,15072.2,4.76,908.74
636,easy,12,12:41:49,12:41:52,12:49:03,COMPLETED,47316.0,7183.2,3.37,434.08
602,easy,11,12:48:39,12:48:43,12:49:09,COMPLETED,31436.0,439.5,4.65,30.44
658,medium,13,12:42:27,12:42:30,12:50:26,COMPLETED,28911.0,7936.8,3.32,479.27
714,medium,14,12:14:38,12:14:40,12:50:45,COMPLETED,22270.0,36086.1,2.22,2167.21
717,easy,11,12:51:01,12:51:04,12:51:29,COMPLETED,26390.0,428.4,3.19,28.60
732,easy,12,12:51:15,12:51:16,12:51:35,COMPLETED,21346.0,322.1,1.92,20.92
698,medium,13,12:46:29,12:46:34,12:51:48,COMPLETED,31642.0,5247.9,5.02,319.62
721,medium,13,12:36:25,12:36:26,12:52:32,COMPLETED,33244.0,16106.9,1.70,967.87
694,medium,14,12:29:03,12:29:07,12:52:51,COMPLETED,30174.0,23742.2,4.58,1428.90
668,medium,13,12:44:09,12:44:12,12:52:58,COMPLETED,37782.0,8772.6,3.21,529.23
710,easy,11,12:52:35,12:52:39,12:52:58,COMPLETED,24166.0,324.2,4.19,23.23
643,easy,12,12:52:51,12:53:04,12:53:17,COMPLETED,23052.0,216.5,13.68,26.37
608,medium,13,12:51:36,12:51:42,12:53:29,COMPLETED,28458.0,1801.2,6.27,113.99
632,easy,11,12:52:46,12:52:58,12:53:36,COMPLETED,31360.0,640.8,12.23,50.39
566,medium,14,11:09:37,11:09:40,12:54:07,COMPLETED,43530.0,104462.1,3.26,6270.91
616,easy,12,12:54:54,12:54:58,12:55:11,COMPLETED,28472.0,218.4,4.49,17.27
557,medium,14,11:30:35,11:30:39,12:55:49,COMPLETED,34632.0,85157.1,4.85,5114.17
656,easy,11,12:55:26,12:55:30,12:55:49,COMPLETED,26002.0,321.3,4.21,23.17
725,medium,13,12:52:17,12:52:20,12:56:33,COMPLETED,30471.0,4223.8,3.22,256.33
680,easy,12,12:54:50,12:54:52,12:56:52,COMPLETED,33645.0,2010.6,2.14,122.43
693,medium,14,12:52:37,12:52:39,12:57:05,COMPLETED,31176.0,4436.0,2.19,268.12
736,easy,11,12:56:51,12:56:52,12:57:05,COMPLETED,29355.0,216.4,1.43,14.12
366,hard,15,10:52:08,10:52:08,12:57:24,COMPLETED,42371.0,125264.8,0.18,7516.02
609,easy,12,12:58:18,12:58:20,12:58:33,COMPLETED,23066.0,216.6,2.59,15.31
610,hard,15,12:23:00,12:23:05,12:58:52,COMPLETED,32174.0,35789.5,5.03,2152.22
674,medium,13,12:49:25,12:49:28,12:59:04,COMPLETED,27877.0,9605.0,3.86,579.86
612,easy,11,12:59:14,12:59:17,12:59:23,COMPLETED,28893.0,112.2,3.60,9.99
727,easy,12,12:54:16,12:54:20,12:59:49,COMPLETED,36725.0,5485.7,4.51,333.36
657,medium,13,12:56:02,12:56:08,13:00:08,COMPLETED,27566.0,4009.2,6.10,246.31
782,easy,11,13:00:08,13:00:08,13:00:27,COMPLETED,32006.0,322.5,0.31,19.37
688,medium,13,12:58:26,12:58:26,13:01:05,COMPLETED,34369.0,2643.7,0.94,159.26
816,medium,13,13:00:44,13:00:46,13:01:17,COMPLETED,29248.0,535.7,2.24,33.93
831,easy,12,13:01:07,13:01:11,13:01:24,COMPLETED,28354.0,218.5,4.60,17.44
619,hard,15,12:47:08,12:47:12,13:02:09,COMPLETED,36155.0,14946.8,4.91,901.43
884,easy,11,13:02:37,13:02:41,13:02:47,COMPLETED,20469.0,113.6,4.43,10.80
463,medium,14,11:20:32,11:20:34,13:03:19,COMPLETED,34876.0,102753.8,2.46,6167.57
808,easy,11,13:03:15,13:03:19,13:03:25,COMPLETED,24890.0,110.2,4.57,10.91
687,hard,15,12:13:43,12:13:43,13:03:32,COMPLETED,32040.0,49820.6,0.16,2989.21
845,easy,11,13:06:05,13:06:09,13:06:29,COMPLETED,30788.0,325.4,4.88,24.09
857,easy,11,13:06:18,13:06:22,13:06:29,COMPLETED,23982.0,113.0,4.64,11.09
671,hard,15,12:18:23,12:18:27,13:07:13,COMPLETED,32966.0,48773.4,4.21,2930.46
801,easy,11,13:06:43,13:06:48,13:07:19,COMPLETED,27905.0,534.0,5.05,36.79
864,medium,13,13:04:54,13:04:54,13:08:04,COMPLETED,21069.0,3177.0,0.08,190.23
798,medium,14,13:03:27,13:03:32,13:09:28,COMPLETED,32878.0,5938.2,5.21,361.19
889,easy,12,13:09:08,13:09:08,13:09:28,COMPLETED,21014.0,326.5,0.95,20.19
797,easy,11,13:10:33,13:10:39,13:10:46,COMPLETED,25082.0,118.3,6.50,13.10
760,easy,12,13:10:31,13:10:32,13:10:58,COMPLETED,24579.0,438.9,1.90,27.94
872,medium,13,13:09:24,13:09:28,13:11:11,COMPLETED,27150.0,1731.2,4.19,107.56
861,medium,13,13:06:19,13:06:22,13:11:24,COMPLETED,22737.0,5042.4,3.64,305.69
548,hard,15,11:55:30,11:55:30,13:11:56,COMPLETED,30043.0,76453.7,0.05,4586.99
852,easy,11,13:12:11,13:12:16,13:12:29,COMPLETED,24546.0,226.0,5.62,18.89
895,easy,12,13:12:17,13:12:23,13:12:42,COMPLETED,24881.0,330.7,6.22,25.58
735,hard,15,12:24:20,12:24:21,13:13:02,COMPLETED,32714.0,48683.3,1.53,2922.27
751,medium,14,13:01:34,13:01:37,13:13:21,COMPLETED,32886.0,11750.4,3.02,707.81
875,easy,12,13:13:39,13:13:41,13:13:54,COMPLETED,27815.0,225.9,2.13,15.20
766,easy,11,13:14:13,13:14:13,13:14:19,COMPLETED,24656.0,112.7,0.56,6.97
768,easy,11,13:14:21,13:14:26,13:14:39,COMPLETED,32815.0,218.7,5.35,18.12
704,hard,15,12:36:18,12:36:19,13:15:17,COMPLETED,41157.0,38957.3,1.91,2339.18
761,easy,11,13:15:24,13:15:29,13:15:42,COMPLETED,18351.0,216.9,5.84,18.56
860,easy,11,13:15:27,13:15:29,13:15:48,COMPLETED,21823.0,322.2,2.84,21.89
824,easy,12,13:12:05,13:12:10,13:15:55,COMPLETED,28277.0,3758.7,5.12,230.26
873,medium,13,13:11:47,13:11:50,13:17:11,COMPLETED,28056.0,5350.0,3.41,324.15
775,easy,11,13:17:10,13:17:17,13:17:30,COMPLETED,27749.0,217.3,7.47,20.15
635,medium,14,12:40:20,12:40:23,13:18:08,COMPLETED,24657.0,37754.8,3.18,2268.23
840,easy,11,13:16:58,13:16:58,13:18:20,COMPLETED,33880.0,1380.0,0.47,82.93
826,easy,12,13:17:48,13:17:49,13:18:27,COMPLETED,34816.0,639.8,1.25,39.30
750,easy,11,13:18:18,13:18:20,13:18:33,COMPLETED,28658.0,217.3,2.93,15.68
792,easy,11,13:18:27,13:18:27,13:18:52,COMPLETED,23359.0,426.3,0.30,25.59
820,easy,11,13:19:32,13:19:37,13:19:56,COMPLETED,34465.0,325.4,5.17,24.23
757,easy,12,13:15:54,13:15:55,13:20:15,COMPLETED,29847.0,4340.1,1.26,261.38
856,easy,11,13:19:47,13:20:21,13:20:40,COMPLETED,26568.0,322.7,34.71,53.76
773,easy,11,13:20:17,13:20:47,13:20:53,COMPLETED,25634.0,111.1,30.09,36.44
898,medium,14,13:12:18,13:12:36,13:22:03,COMPLETED,36900.0,9454.4,18.21,585.20
833,medium,13,13:21:04,13:22:09,13:23:12,COMPLETED,19845.0,1061.9,65.53,128.94
842,easy,11,13:21:30,13:23:19,13:23:31,COMPLETED,25895.0,216.5,109.26,121.95
300,hard,15,10:50:59,10:51:00,13:25:13,COMPLETED,34974.0,154217.7,1.04,9254.05
874,easy,11,13:21:43,13:25:19,13:25:32,COMPLETED,29919.0,217.9,216.38,229.15
784,easy,11,13:22:06,13:25:38,13:25:44,COMPLETED,27326.0,111.9,212.48,218.85
701,hard,15,12:48:42,12:49:09,13:26:16,COMPLETED,29861.0,37122.2,27.44,2254.57
620,hard,15,12:06:18,12:06:21,13:27:07,COMPLETED,38154.0,80755.8,3.94,4849.19
868,easy,11,13:23:05,13:27:13,13:27:32,COMPLETED,31552.0,322.9,248.52,267.51
770,medium,14,13:19:41,13:20:02,13:27:57,COMPLETED,29193.0,7924.8,21.71,496.91
791,medium,13,13:21:43,13:23:38,13:27:57,COMPLETED,28366.0,4332.3,115.28,374.91
785,easy,12,13:22:53,13:26:22,13:28:04,COMPLETED,31387.0,1695.3,209.90,311.25
752,easy,12,13:23:14,13:27:38,13:28:29,COMPLETED,29530.0,849.9,264.93,315.63
885,easy,11,13:24:11,13:28:04,13:28:35,COMPLETED,21566.0,533.4,233.25,264.96
819,easy,12,13:23:58,13:28:04,13:28:42,COMPLETED,24998.0,641.0,246.25,284.33
846,easy,12,13:24:41,13:28:10,13:29:45,COMPLETED,31820.0,1588.2,209.65,304.66
722,hard,15,12:47:41,12:47:45,13:30:30,COMPLETED,34519.0,42754.1,4.33,2569.18
830,hard,15,13:07:20,13:07:26,13:30:49,COMPLETED,30931.0,23400.7,6.11,1409.91
863,medium,14,13:26:23,13:28:48,13:31:15,COMPLETED,32309.0,2455.8,145.75,292.62
859,medium,14,13:26:28,13:29:51,13:32:13,COMPLETED,27149.0,2375.1,203.99,345.99
848,medium,13,13:22:13,13:25:51,13:32:33,COMPLETED,32523.0,6709.4,218.22,620.50
781,easy,12,13:27:12,13:31:22,13:33:38,COMPLETED,27650.0,2275.2,250.17,386.20
772,medium,14,13:15:10,13:15:10,13:33:57,COMPLETED,38480.0,18790.7,0.81,1127.83
508,medium,14,11:26:15,11:26:20,13:34:30,COMPLETED,25338.0,128157.4,5.67,7695.04
763,easy,11,13:28:42,13:34:36,13:34:42,COMPLETED,25183.0,118.9,354.37,360.99
812,medium,14,13:29:32,13:34:49,13:36:58,COMPLETED,26289.0,2151.3,317.55,446.28
849,easy,11,13:29:52,13:37:04,13:37:11,COMPLETED,22502.0,112.9,432.66,439.08
696,hard,15,12:21:57,12:22:01,13:38:21,COMPLETED,39368.0,76334.8,4.14,4584.08
809,easy,11,13:30:04,13:38:27,13:38:40,COMPLETED,27736.0,216.4,503.46,516.14
386,hard,15,10:59:20,10:59:25,13:38:46,COMPLETED,27925.0,159348.1,5.68,9566.47
832,medium,13,13:31:06,13:38:52,13:39:30,COMPLETED,29840.0,638.0,466.85,504.82
866,medium,14,13:25:54,13:28:42,13:39:49,COMPLETED,23210.0,11129.0,168.33,835.81
892,medium,14,13:19:10,13:19:11,13:39:56,COMPLETED,35840.0,20747.6,1.57,1246.14
777,easy,12,13:32:29,13:40:02,13:40:21,COMPLETED,25949.0,322.5,453.52,472.55
855,medium,13,13:29:56,13:37:17,13:40:27,COMPLETED,34991.0,3179.3,441.47,631.89
829,easy,11,13:32:27,13:39:56,13:40:40,COMPLETED,39382.0,746.6,449.14,493.62
756,easy,12,13:33:31,13:40:34,13:40:59,COMPLETED,29216.0,427.9,423.26,448.64
882,easy,12,13:30:43,13:38:46,13:41:05,COMPLETED,29874.0,2330.4,483.47,622.97
742,hard,15,12:59:11,12:59:11,13:41:18,COMPLETED,28765.0,42128.2,0.21,2527.70
893,easy,11,13:33:58,13:41:05,13:41:25,COMPLETED,27879.0,327.7,427.97,447.05
871,medium,13,13:33:34,13:40:46,13:42:10,COMPLETED,22875.0,1397.3,432.97,516.33
755,hard,15,13:26:49,13:30:56,13:43:28,COMPLETED,30736.0,12536.7,247.25,999.04
762,easy,11,13:35:02,13:43:34,13:43:47,COMPLETED,22188.0,224.0,512.57,525.50
877,hard,15,13:34:42,13:41:31,13:44:26,COMPLETED,27841.0,2916.8,409.69,584.40
880,easy,11,13:35:38,13:44:32,13:44:52,COMPLETED,25084.0,333.2,534.73,554.21
759,easy,11,13:35:57,13:44:58,13:45:05,COMPLETED,22933.0,118.3,541.77,548.37
813,easy,12,13:35:30,13:43:54,13:45:24,COMPLETED,38895.0,1521.4,504.05,594.85
810,easy,11,13:37:01,13:45:31,13:46:16,COMPLETED,28576.0,759.8,510.40,555.66
887,medium,13,13:36:52,13:45:11,13:46:23,COMPLETED,28610.0,1195.1,499.91,571.02
881,medium,13,13:34:54,13:42:16,13:46:29,COMPLETED,31215.0,4223.0,442.88,695.67
799,easy,12,13:37:47,13:46:23,13:46:55,COMPLETED,24428.0,555.2,516.02,548.97
807,easy,12,13:37:59,13:46:29,13:47:21,COMPLETED,21021.0,874.7,510.67,562.83
814,easy,11,13:39:14,13:47:02,13:47:21,COMPLETED,27855.0,329.9,468.38,487.83
649,hard,15,12:35:03,12:35:08,13:47:41,COMPLETED,31477.0,72549.1,5.68,4358.45
847,medium,13,13:38:57,13:46:36,13:47:54,COMPLETED,22709.0,1303.0,459.32,537.21
897,easy,12,13:40:17,13:47:28,13:48:13,COMPLETED,32440.0,753.9,431.20,476.22
870,easy,11,13:40:56,13:48:00,13:48:13,COMPLETED,22880.0,216.7,424.54,437.22
793,medium,14,13:34:25,13:41:12,13:49:10,COMPLETED,27151.0,7974.9,407.33,885.49
788,easy,12,13:41:31,13:49:16,13:49:42,COMPLETED,31135.0,427.8,465.88,491.25
838,easy,12,13:40:28,13:47:47,13:49:48,COMPLETED,29915.0,2017.6,439.86,560.58
891,easy,12,13:42:49,13:49:48,13:50:13,COMPLETED,31221.0,427.7,419.58,444.95
835,easy,12,13:43:51,13:50:20,13:52:01,COMPLETED,30583.0,1693.5,389.27,490.58
754,easy,11,13:43:59,13:52:07,13:52:26,COMPLETED,27510.0,321.8,488.91,507.89
878,medium,13,13:44:33,13:52:33,13:54:23,COMPLETED,23227.0,1838.5,480.24,590.04
869,medium,13,13:45:07,13:54:29,13:55:34,COMPLETED,29191.0,1090.6,562.60,627.73
827,medium,13,13:43:09,13:49:54,13:57:56,COMPLETED,27924.0,8036.8,405.96,887.66
862,hard,15,13:39:40,13:47:28,14:00:29,COMPLETED,25450.0,13026.9,468.20,1249.47
666,hard,15,12:59:33,12:59:36,14:00:48,COMPLETED,37631.0,61200.9,3.68,3675.54
817,easy,12,13:46:24,14:00:35,14:01:26,COMPLETED,31103.0,849.5,851.87,902.54
815,medium,14,13:41:09,13:48:19,14:01:39,COMPLETED,30264.0,13331.9,430.56,1230.24
858,easy,12,13:47:40,14:01:32,14:02:04,COMPLETED,26419.0,533.0,832.87,864.54
888,easy,11,13:48:13,14:02:10,14:02:36,COMPLETED,26510.0,429.1,837.88,863.29
778,medium,14,13:27:32,13:32:39,14:02:42,COMPLETED,34909.0,30052.3,307.84,2110.65
774,medium,13,13:47:48,14:01:45,14:03:33,COMPLETED,32983.0,1804.9,837.57,945.37
899,easy,11,13:48:36,14:02:49,14:03:46,COMPLETED,33586.0,959.6,853.07,910.32
890,easy,12,13:49:05,14:03:39,14:03:52,COMPLETED,24542.0,221.0,874.90,887.68
780,easy,12,13:49:14,14:03:52,14:04:31,COMPLETED,27445.0,643.7,878.68,917.01
621,hard,15,12:40:06,12:40:10,14:05:09,COMPLETED,31754.0,84979.5,4.46,5103.04
758,hard,15,13:27:24,13:32:20,14:05:28,COMPLETED,30681.0,33131.5,296.56,2284.21
779,easy,12,13:48:19,14:02:42,14:05:28,COMPLETED,25579.0,2764.5,863.65,1029.21
841,hard,15,13:04:15,13:04:16,14:05:34,COMPLETED,28537.0,61310.5,1.20,3679.55
804,easy,12,13:49:17,14:04:37,14:05:40,COMPLETED,31497.0,1066.6,920.34,983.97
854,easy,11,13:50:06,14:05:34,14:05:40,COMPLETED,24145.0,113.0,928.55,934.97
450,hard,15,11:34:09,11:34:11,14:05:53,COMPLETED,29943.0,151700.2,2.88,9104.82
771,easy,12,13:50:03,14:05:34,14:06:00,COMPLETED,24007.0,433.8,931.55,957.18
805,easy,12,13:51:25,14:05:47,14:06:13,COMPLETED,31981.0,432.3,862.40,888.05
844,easy,12,13:51:55,14:06:00,14:06:32,COMPLETED,27457.0,539.0,845.18,877.21
818,medium,14,13:19:25,13:19:30,14:08:45,COMPLETED,32157.0,49244.5,5.69,2960.11
876,medium,14,13:46:51,14:00:54,14:10:13,COMPLETED,28923.0,9318.1,843.87,1402.67
706,hard,15,12:44:53,12:44:57,14:10:51,COMPLETED,30580.0,85913.2,4.28,5158.89
886,easy,12,13:54:00,14:10:20,14:11:11,COMPLETED,25789.0,863.5,980.02,1031.34
795,easy,12,13:49:27,14:05:15,14:11:31,COMPLETED,38550.0,6268.7,948.43,1324.04
765,easy,12,13:54:05,14:10:58,14:11:37,COMPLETED,29906.0,662.5,1013.24,1052.66
702,hard,15,12:56:45,12:56:46,14:11:44,COMPLETED,30663.0,74969.9,1.04,4499.03
836,easy,12,13:55:39,14:11:37,14:12:03,COMPLETED,26219.0,433.0,958.66,984.18
789,medium,14,13:52:20,14:06:19,14:12:09,COMPLETED,36369.0,5845.6,839.43,1189.70
639,hard,15,12:34:59,12:35:02,14:12:41,COMPLETED,33067.0,97658.5,3.25,5862.62
879,easy,12,13:56:38,14:11:44,14:13:00,COMPLETED,28326.0,1281.0,906.03,982.61
776,medium,14,13:01:00,13:01:05,14:13:32,COMPLETED,38298.0,72453.6,5.26,4352.31
769,easy,12,13:59:21,14:13:06,14:14:04,COMPLETED,29299.0,959.7,825.94,883.16
794,easy,11,13:59:56,14:14:10,14:14:42,COMPLETED,26376.0,533.5,854.56,886.26
1028,easy,12,14:00:51,14:14:48,14:15:13,COMPLETED,24069.0,429.1,837.59,862.98
1003,easy,11,14:00:55,14:15:20,14:15:45,COMPLETED,26427.0,429.3,865.37,890.77
796,medium,13,13:56:41,14:11:50,14:16:23,COMPLETED,31962.0,4560.6,909.40,1182.75
964,easy,12,14:01:10,14:15:52,14:16:36,COMPLETED,22996.0,743.2,882.15,926.44
767,medium,13,13:51:12,14:05:47,14:18:31,COMPLETED,27861.0,12749.5,875.40,1639.95
963,easy,11,14:03:35,14:18:38,14:18:51,COMPLETED,24833.0,224.2,903.49,916.59
828,medium,14,13:59:16,14:12:47,14:19:30,COMPLETED,31105.0,6714.6,811.95,1214.35
596,hard,15,11:23:20,11:23:22,14:21:07,COMPLETED,37143.0,177753.5,2.61,10667.71
783,hard,15,13:45:53,13:58:03,14:21:46,COMPLETED,26681.0,23727.6,730.21,2153.46
865,medium,14,13:53:20,14:08:51,14:21:53,COMPLETED,33174.0,13034.0,931.50,1713.01
1045,easy,11,14:04:45,14:21:59,14:22:18,COMPLETED,34414.0,325.1,1034.67,1053.87
825,medium,13,13:55:21,14:11:17,14:24:47,COMPLETED,33366.0,13500.5,956.88,1766.48
611,hard,15,12:42:38,12:42:42,14:25:13,COMPLETED,36412.0,102513.6,4.98,6155.64
940,easy,11,14:05:40,14:25:20,14:25:39,COMPLETED,29153.0,323.1,1180.02,1199.07
989,medium,13,14:04:35,14:21:14,14:25:58,COMPLETED,36234.0,4735.6,999.25,1283.10
976,easy,11,14:05:43,14:25:45,14:25:58,COMPLETED,26304.0,216.4,1202.43,1215.10
512,hard,15,11:26:26,11:26:26,14:26:29,COMPLETED,24460.0,180049.4,0.93,10803.83
951,easy,12,14:06:31,14:26:04,14:27:39,COMPLETED,31470.0,1586.9,1173.44,1268.35
1049,easy,11,14:06:44,14:27:45,14:27:58,COMPLETED,24238.0,216.3,1261.69,1274.37
834,medium,14,13:27:52,13:33:44,14:29:52,COMPLETED,31101.0,56130.1,352.74,3720.36
822,hard,15,13:33:16,13:40:27,14:29:52,COMPLETED,30549.0,49411.6,431.89,3396.36
939,easy,12,14:07:06,14:29:58,14:30:30,COMPLETED,24354.0,540.2,1372.70,1404.82
837,hard,15,13:26:41,13:30:36,14:32:20,COMPLETED,33695.0,61730.4,235.83,3939.40
909,medium,14,14:01:52,14:16:42,14:34:16,COMPLETED,31408.0,17569.0,890.78,1944.66
918,easy,12,14:08:48,14:34:22,14:34:35,COMPLETED,29913.0,221.2,1534.99,1547.95
932,easy,12,14:08:49,14:34:42,14:35:01,COMPLETED,26143.0,332.7,1553.31,1572.76
894,hard,15,13:27:59,13:34:04,14:35:08,COMPLETED,32210.0,61072.8,365.37,4029.32
928,easy,11,14:09:17,14:35:14,14:35:28,COMPLETED,28639.0,223.6,1557.96,1571.08
915,easy,11,14:08:52,14:35:08,14:35:47,COMPLETED,36867.0,657.4,1576.32,1615.27
1040,easy,11,14:10:39,14:35:53,14:36:00,COMPLETED,24922.0,119.3,1514.79,1521.46
938,medium,13,14:10:05,14:35:34,14:36:26,COMPLETED,26583.0,875.9,1529.41,1581.67
534,hard,15,11:41:04,11:41:08,14:37:11,COMPLETED,32272.0,176055.7,4.13,10567.41
1039,easy,12,14:11:24,14:36:32,14:37:17,COMPLETED,27192.0,756.1,1508.99,1553.76
992,easy,11,14:12:28,14:37:24,14:37:37,COMPLETED,21741.0,217.2,1496.41,1509.10
973,easy,12,14:11:47,14:37:17,14:37:49,COMPLETED,30433.0,539.1,1530.76,1562.82
923,easy,11,14:13:19,14:37:43,14:37:56,COMPLETED,28952.0,217.6,1464.47,1477.15
806,medium,13,13:49:15,14:03:59,14:38:02,COMPLETED,28251.0,34060.6,884.20,2927.55
953,medium,14,14:08:36,14:32:26,14:38:02,COMPLETED,32621.0,5601.2,1430.87,1766.55
900,easy,12,14:13:32,14:38:02,14:38:08,COMPLETED,25062.0,112.9,1470.55,1476.97
1010,medium,14,14:05:00,14:22:25,14:38:21,COMPLETED,33986.0,15946.3,1045.20,2001.71
1042,easy,12,14:14:44,14:38:15,14:38:40,COMPLETED,35786.0,430.4,1411.36,1436.83
974,easy,12,14:14:13,14:38:08,14:38:53,COMPLETED,25010.0,749.4,1435.97,1480.64
997,easy,12,14:15:26,14:38:47,14:39:50,COMPLETED,31403.0,1065.5,1401.22,1464.82
1012,easy,11,14:15:50,14:39:57,14:40:09,COMPLETED,24998.0,218.0,1447.18,1459.96
843,hard,15,13:59:40,14:13:38,14:40:41,COMPLETED,32970.0,27054.2,838.65,2461.67
906,easy,12,14:16:22,14:40:47,14:41:07,COMPLETED,23715.0,325.1,1465.99,1485.14
910,easy,12,14:16:40,14:41:13,14:41:51,COMPLETED,25231.0,639.1,1473.53,1511.53
921,medium,13,14:13:23,14:37:56,14:43:22,COMPLETED,29006.0,5440.5,1473.15,1799.11
745,hard,15,12:28:47,12:28:48,14:43:35,COMPLETED,34028.0,134779.3,1.65,8088.27
530,hard,15,11:10:04,11:10:05,14:43:48,COMPLETED,29843.0,213718.0,1.31,12824.36
970,easy,12,14:17:14,14:41:57,14:45:06,COMPLETED,25157.0,3147.4,1483.90,1672.26
905,easy,11,14:19:12,14:45:12,14:45:25,COMPLETED,27527.0,220.3,1560.81,1573.66
931,medium,14,14:18:03,14:43:28,14:46:36,COMPLETED,30036.0,3146.7,1525.65,1713.96
1036,easy,11,14:20:17,14:46:43,14:46:56,COMPLETED,22390.0,223.6,1586.53,1599.45
667,hard,15,12:11:15,12:11:17,14:49:04,COMPLETED,31060.0,157792.5,2.06,9469.55
937,easy,12,14:19:17,14:45:32,14:50:58,COMPLETED,35372.0,5445.7,1575.06,1901.50
929,easy,12,14:21:12,14:51:04,14:51:55,COMPLETED,25578.0,848.5,1792.84,1843.42
802,medium,14,13:57:48,14:12:09,14:53:04,COMPLETED,40794.0,40926.0,861.70,3316.94
902,medium,14,14:21:37,14:52:01,14:53:24,COMPLETED,26583.0,1384.0,1824.77,1907.52
1035,easy,12,14:21:56,14:53:11,14:54:09,COMPLETED,30760.0,979.3,1875.44,1933.72
901,medium,13,14:23:47,14:53:30,14:54:29,COMPLETED,35495.0,984.3,1783.84,1842.41
957,hard,15,14:18:22,14:43:54,14:54:42,COMPLETED,29830.0,10805.1,1532.77,2180.60
926,easy,11,14:24:22,14:54:16,14:55:02,COMPLETED,30557.0,767.0,1794.27,1840.00
821,medium,14,13:52:27,14:06:38,14:55:08,COMPLETED,35234.0,48502.0,851.56,3761.32
1016,easy,11,14:25:23,14:55:08,14:55:14,COMPLETED,29148.0,118.6,1785.32,1791.85
994,easy,12,14:24:53,14:54:49,14:56:00,COMPLETED,21283.0,1189.7,1796.15,1867.05
955,easy,12,14:24:43,14:54:35,14:56:13,COMPLETED,26149.0,1628.9,1792.96,1890.18
936,medium,14,14:08:15,14:30:37,14:57:17,COMPLETED,33587.0,26683.0,1342.14,2942.69
935,medium,14,14:13:33,14:38:08,14:58:09,COMPLETED,27507.0,20016.4,1475.97,2676.70
991,easy,11,14:27:18,14:58:16,14:58:22,COMPLETED,28690.0,114.6,1858.03,1864.39
916,medium,13,14:27:04,14:57:24,14:58:28,COMPLETED,28774.0,1088.3,1820.26,1884.94
958,easy,11,14:27:36,14:58:28,14:58:35,COMPLETED,20064.0,122.1,1852.94,1859.61
988,medium,13,14:25:56,14:56:06,15:00:43,COMPLETED,24352.0,4619.0,1810.59,2087.45
1015,medium,13,14:28:26,14:58:42,15:01:15,COMPLETED,27239.0,2551.4,1816.32,1969.06
913,easy,11,14:28:40,15:01:21,15:01:34,COMPLETED,26076.0,216.9,1961.44,1974.15
1002,easy,12,14:28:27,15:00:49,15:02:05,COMPLETED,27902.0,1274.4,1942.78,2018.88
993,easy,11,14:29:32,15:02:12,15:02:31,COMPLETED,31873.0,323.2,1960.28,1979.31
907,hard,15,14:18:11,14:43:41,15:02:56,COMPLETED,34384.0,19255.1,1530.68,2685.69
903,easy,12,14:29:37,15:02:37,15:03:03,COMPLETED,29453.0,428.7,1980.70,2006.07
1031,easy,12,14:28:06,14:58:35,15:03:47,COMPLETED,28577.0,5202.3,1829.61,2141.42
972,easy,12,14:29:40,15:03:03,15:04:00,COMPLETED,30764.0,957.4,2003.07,2060.19
1022,medium,13,14:30:29,15:04:06,15:05:23,COMPLETED,29655.0,1288.8,2017.56,2094.56
630,hard,15,12:36:19,12:36:19,15:05:29,COMPLETED,24284.0,149169.2,0.91,8950.92
1018,easy,12,14:30:11,15:03:53,15:05:29,COMPLETED,28858.0,1612.9,2022.79,2118.92
1044,medium,14,14:20:22,14:47:02,15:06:09,COMPLETED,36059.0,19106.1,1600.98,2747.07
1011,easy,11,14:31:15,15:05:36,15:06:28,COMPLETED,40081.0,871.8,2061.62,2113.43
942,easy,12,14:31:33,15:05:36,15:06:41,COMPLETED,35140.0,1089.4,2043.62,2108.59
790,medium,14,13:05:53,13:05:57,15:07:26,COMPLETED,37282.0,121497.2,4.15,7293.75
985,easy,12,14:31:51,15:06:34,15:07:52,COMPLETED,26391.0,1304.5,2083.98,2161.71
221,hard,15,09:46:18,09:46:24,15:07:59,COMPLETED,41634.0,321589.8,6.07,19301.33
1000,hard,15,14:25:40,14:55:21,15:07:59,COMPLETED,32784.0,12641.1,1781.49,2539.33
917,easy,12,14:33:27,15:07:59,15:08:19,COMPLETED,27566.0,334.9,2072.33,2092.02
941,medium,13,14:31:48,15:06:15,15:08:31,COMPLETED,27762.0,2279.0,2067.42,2203.88
764,hard,15,13:20:59,13:20:59,15:08:57,COMPLETED,34832.0,107959.2,0.78,6478.18
896,hard,15,13:58:13,14:12:16,15:09:28,COMPLETED,28458.0,57212.9,843.24,4275.83
1017,easy,11,14:33:57,15:08:06,15:09:28,COMPLETED,27803.0,1383.9,2049.05,2131.83
1034,medium,14,14:06:37,14:26:04,15:09:41,COMPLETED,33080.0,43622.0,1167.44,3784.57
990,medium,13,14:35:27,15:08:38,15:10:00,COMPLETED,31817.0,1380.7,1991.21,2073.71
969,easy,12,14:36:04,15:09:03,15:10:00,COMPLETED,23571.0,959.4,1979.51,2036.71
966,easy,12,14:36:39,15:09:35,15:10:07,COMPLETED,23292.0,539.0,1976.17,2008.11
919,easy,12,14:38:09,15:09:47,15:10:07,COMPLETED,26469.0,326.6,1898.95,1918.11
999,easy,12,14:33:51,15:08:06,15:10:20,COMPLETED,26644.0,2238.2,2055.05,2189.02
1033,easy,11,14:39:47,15:10:13,15:10:26,COMPLETED,21938.0,219.2,1826.58,1839.41
1021,easy,12,14:37:56,15:09:35,15:10:32,COMPLETED,31744.0,966.7,1899.17,1956.82
1006,easy,11,14:39:59,15:10:26,15:10:32,COMPLETED,23037.0,114.2,1827.41,1833.82
975,easy,11,14:40:18,15:10:32,15:10:45,COMPLETED,23021.0,219.6,1814.82,1827.70
954,easy,11,14:40:53,15:10:39,15:10:45,COMPLETED,28720.0,111.3,1786.29,1792.70
914,easy,12,14:38:44,15:10:07,15:11:11,COMPLETED,32258.0,1070.4,1883.11,1947.09
983,easy,12,14:40:25,15:10:39,15:11:23,COMPLETED,28443.0,746.5,1814.29,1858.80
948,easy,11,14:42:39,15:10:52,15:11:23,COMPLETED,37303.0,533.8,1693.04,1724.80
927,medium,13,14:31:11,15:05:29,15:12:08,COMPLETED,31661.0,6640.1,2058.92,2457.08
1030,medium,13,14:43:12,15:11:30,15:12:20,COMPLETED,26012.0,848.7,1698.13,1748.76
987,medium,13,14:38:21,15:10:07,15:12:39,COMPLETED,32575.0,2548.6,1906.11,2058.76
933,medium,14,14:04:20,14:18:57,15:12:52,COMPLETED,40424.0,53911.0,877.97,4112.44
943,easy,12,14:39:20,15:10:13,15:12:58,COMPLETED,33200.0,2758.6,1853.58,2018.78
1037,easy,12,14:44:42,15:12:46,15:13:17,COMPLETED,29961.0,535.3,1684.08,1715.85
911,easy,12,14:45:14,15:13:05,15:13:30,COMPLETED,21408.0,430.1,1671.15,1696.66
1029,easy,12,14:43:30,15:12:14,15:13:49,COMPLETED,23140.0,1595.5,1724.41,1819.80
986,medium,13,14:43:18,15:11:30,15:14:27,COMPLETED,28052.0,2965.9,1692.13,1869.85
1007,medium,13,14:45:16,15:13:24,15:14:34,COMPLETED,25200.0,1171.3,1688.24,1758.18
1048,easy,12,14:46:45,15:13:56,15:16:04,COMPLETED,30379.0,2142.5,1631.19,1759.12
960,easy,12,14:47:39,15:16:10,15:16:43,COMPLETED,25669.0,548.8,1711.80,1744.22
867,hard,15,13:52:18,14:06:06,15:17:53,COMPLETED,31026.0,71791.0,828.63,5135.90
968,easy,12,14:47:52,15:18:00,15:18:25,COMPLETED,29269.0,427.8,1808.25,1833.58
800,hard,15,13:25:02,13:28:35,15:19:10,COMPLETED,30821.0,110571.6,213.96,6848.08
984,hard,15,14:01:19,14:16:30,15:21:10,COMPLETED,23342.0,64673.5,911.09,4791.28
787,hard,15,13:04:58,13:05:00,15:21:29,COMPLETED,35112.0,136484.0,2.40,8191.36
336,hard,15,10:46:18,10:46:21,15:21:48,COMPLETED,33857.0,275443.7,3.79,16530.37
946,easy,12,14:49:22,15:21:16,15:22:26,COMPLETED,29064.0,1168.1,1914.69,1984.48
944,easy,12,14:50:13,15:21:54,15:22:32,COMPLETED,27225.0,641.1,1901.70,1939.81
1043,medium,14,14:25:38,14:55:14,15:23:04,COMPLETED,30622.0,27836.6,1776.85,3446.69
1023,easy,12,14:51:22,15:22:39,15:23:17,COMPLETED,26339.0,653.3,1877.20,1915.88
961,medium,13,14:47:55,15:18:31,15:23:24,COMPLETED,26847.0,4885.7,1836.95,2129.45
945,easy,12,14:52:26,15:23:11,15:23:50,COMPLETED,30092.0,657.2,1845.24,1884.19
971,easy,12,14:53:28,15:23:24,15:23:50,COMPLETED,23339.0,437.7,1796.45,1822.19
925,medium,14,14:20:38,14:49:10,15:24:09,COMPLETED,28826.0,34987.2,1712.94,3811.79
1047,easy,11,14:54:28,15:24:16,15:24:22,COMPLETED,22903.0,115.2,1788.37,1794.98
850,hard,15,13:12:22,13:12:49,15:24:29,COMPLETED,30282.0,131673.7,27.12,7927.31
1005,easy,11,14:53:59,15:23:31,15:24:42,COMPLETED,40229.0,1196.4,1772.16,1843.44
959,easy,11,14:55:39,15:24:35,15:24:49,COMPLETED,20863.0,229.9,1736.85,1750.02
1004,easy,11,14:56:13,15:24:55,15:25:08,COMPLETED,27474.0,223.5,1722.70,1735.80
1014,easy,11,14:56:33,15:25:15,15:25:21,COMPLETED,26372.0,111.6,1722.13,1728.52
904,easy,12,14:56:59,15:25:27,15:25:34,COMPLETED,25688.0,110.9,1708.85,1715.20
977,easy,11,14:57:43,15:25:40,15:26:06,COMPLETED,30997.0,431.4,1677.53,1703.12
998,easy,12,14:58:34,15:26:12,15:26:31,COMPLETED,31649.0,321.6,1658.44,1677.43
1024,medium,14,14:04:38,14:21:53,15:27:09,COMPLETED,27938.0,65275.6,1035.01,4951.39
981,easy,11,14:58:55,15:27:15,15:27:28,COMPLETED,27850.0,216.0,1700.72,1713.38
956,medium,14,14:29:44,15:03:09,15:28:31,COMPLETED,26955.0,25372.8,2005.45,3527.58
1008,medium,14,14:07:13,14:29:58,15:30:44,COMPLETED,26734.0,60764.6,1365.70,5011.44
1032,easy,12,14:59:42,15:30:50,15:31:03,COMPLETED,27027.0,226.7,1868.77,1881.88
672,hard,15,12:48:34,12:48:37,15:31:30,COMPLETED,34052.0,162885.5,3.05,9776.00
1096,easy,12,15:00:12,15:31:10,15:32:21,COMPLETED,23312.0,1191.6,1858.41,1929.61
1183,easy,11,15:00:38,15:32:27,15:32:47,COMPLETED,26655.0,333.2,1909.93,1929.43
883,medium,14,13:04:57,13:05:00,15:32:53,COMPLETED,26150.0,147897.6,3.40,8876.98
965,medium,14,14:54:10,15:23:56,15:33:07,COMPLETED,23818.0,9181.4,1786.76,2337.22
1112,easy,12,15:02:09,15:33:00,15:33:26,COMPLETED,24452.0,437.1,1851.62,1877.55
1062,medium,13,15:02:45,15:33:13,15:35:03,COMPLETED,29462.0,1837.4,1828.75,1938.70
924,medium,14,14:46:00,15:13:36,15:35:22,COMPLETED,23275.0,21771.3,1656.99,2962.88
1175,medium,13,15:03:02,15:35:10,15:35:22,COMPLETED,25613.0,223.5,1928.03,1940.88
1194,easy,11,15:03:19,15:35:29,15:35:42,COMPLETED,33170.0,223.7,1930.48,1943.37
1152,medium,14,15:00:34,15:31:36,15:36:08,COMPLETED,30005.0,4542.8,1862.53,2134.63
1139,easy,11,15:03:20,15:35:48,15:36:28,COMPLETED,24508.0,662.4,1948.95,1988.20
1114,easy,11,15:03:43,15:36:15,15:36:34,COMPLETED,34827.0,331.7,1952.18,1971.75
647,hard,15,12:36:04,12:36:07,15:36:47,COMPLETED,39699.0,180679.4,3.05,10843.75
1168,easy,11,15:04:37,15:36:54,15:37:19,COMPLETED,31646.0,432.7,1937.08,1962.75
908,medium,13,14:32:59,15:07:33,15:37:51,COMPLETED,37604.0,30304.9,2074.30,3892.37
1132,easy,12,15:04:45,15:37:57,15:38:35,COMPLETED,25058.0,641.4,1992.75,2030.89
1054,easy,11,15:04:41,15:37:26,15:38:48,COMPLETED,42087.0,1381.5,1965.08,2047.64
995,medium,14,14:29:18,15:01:40,15:39:51,COMPLETED,33080.0,38193.1,1942.48,4233.87
1071,easy,12,15:06:26,15:39:58,15:40:48,COMPLETED,31905.0,847.3,2012.20,2062.74
839,hard,15,13:34:42,13:41:25,15:41:07,COMPLETED,35348.0,119713.5,403.05,7585.74
1067,easy,12,15:07:22,15:41:14,15:41:20,COMPLETED,24881.0,111.1,2032.07,2038.44
1077,easy,12,15:07:28,15:41:26,15:42:18,COMPLETED,34013.0,862.4,2038.76,2090.02
1026,hard,15,14:49:38,15:21:35,15:42:31,COMPLETED,33823.0,20931.2,1917.69,3173.19
920,medium,14,14:51:16,15:22:32,15:42:37,COMPLETED,33685.0,20090.1,1876.81,3081.73
1019,medium,14,14:54:30,15:24:29,15:43:55,COMPLETED,24806.0,19441.5,1799.31,2965.41
1084,easy,12,15:08:00,15:42:24,15:44:08,COMPLETED,22650.0,1737.9,2064.55,2168.35
1080,medium,13,15:04:09,15:36:34,15:44:21,COMPLETED,29064.0,7783.1,1945.75,2412.48
1065,medium,14,15:05:05,15:38:42,15:44:34,COMPLETED,28283.0,5873.3,2017.26,2369.39
1089,easy,11,15:09:17,15:44:14,15:44:47,COMPLETED,26042.0,549.4,2097.89,2130.37
980,hard,15,14:58:56,15:27:34,15:45:45,COMPLETED,28545.0,18193.6,1718.71,2809.83
1128,easy,12,15:09:31,15:44:27,15:45:45,COMPLETED,33711.0,1310.5,2096.80,2174.83
1198,easy,12,15:10:46,15:44:53,15:48:27,COMPLETED,25122.0,3560.8,2047.91,2261.26
1078,easy,12,15:12:05,15:48:33,15:50:33,COMPLETED,24385.0,2007.9,2188.60,2308.77
1109,easy,11,15:12:11,15:50:40,15:50:52,COMPLETED,27125.0,218.3,2309.10,2321.83
1196,easy,12,15:12:12,15:50:59,15:51:11,COMPLETED,21947.0,217.2,2327.23,2339.94
1167,medium,13,15:10:27,15:44:40,15:53:18,COMPLETED,37679.0,8635.1,2053.72,2571.54
811,hard,15,13:50:17,14:05:40,15:53:24,COMPLETED,27850.0,107736.9,923.97,7387.87
1170,medium,14,15:09:07,15:42:44,15:53:31,COMPLETED,31287.0,10793.8,2017.39,2664.48
1138,easy,11,15:13:35,15:53:38,15:53:51,COMPLETED,31674.0,226.2,2403.11,2416.17
934,hard,15,14:26:51,14:56:19,15:54:29,COMPLETED,29624.0,58175.7,1768.76,5258.98
1027,hard,15,14:54:19,15:23:56,15:55:02,COMPLETED,30304.0,31097.6,1777.76,3643.42
638,hard,15,12:29:57,12:29:57,15:55:35,COMPLETED,36721.0,205619.8,0.96,12338.05
1127,easy,12,15:13:45,15:53:57,15:56:58,COMPLETED,22606.0,3021.8,2412.73,2593.51
1053,medium,14,15:04:16,15:36:41,15:58:22,COMPLETED,32549.0,21698.6,1945.11,3246.64
1166,medium,13,15:13:54,15:54:36,15:59:58,COMPLETED,28492.0,5377.8,2442.56,2764.94
1075,medium,14,15:08:35,15:42:37,16:01:21,COMPLETED,27494.0,18731.0,2042.73,3166.32
978,hard,15,14:59:14,15:28:37,16:01:27,COMPLETED,34728.0,32833.6,1763.97,3733.68
947,hard,15,14:55:41,15:24:49,16:01:59,COMPLETED,29691.0,37179.0,1748.02,3978.52
1098,easy,11,15:15:33,16:01:34,16:01:59,COMPLETED,28987.0,429.9,2761.09,2786.52
1145,medium,13,15:15:39,16:02:05,16:02:31,COMPLETED,29440.0,427.5,2786.90,2812.26
1140,easy,11,15:15:46,16:02:05,16:02:31,COMPLETED,26623.0,426.9,2779.90,2805.26
1161,hard,15,15:13:23,15:53:31,16:02:50,COMPLETED,33764.0,9318.7,2408.48,2967.35
1192,easy,11,15:17:29,16:02:56,16:03:03,COMPLETED,31516.0,111.1,2727.67,2734.04
1064,easy,12,15:16:58,16:02:37,16:03:09,COMPLETED,30672.0,534.7,2739.59,2771.36
1009,medium,14,14:06:56,14:28:04,16:03:28,COMPLETED,33751.0,95397.6,1268.70,6992.40
1083,easy,12,15:17:45,16:03:09,16:03:47,COMPLETED,31219.0,640.4,2724.36,2762.49
1020,hard,15,14:47:19,15:14:40,16:04:00,COMPLETED,37635.0,49330.3,1641.56,4601.17
1121,easy,11,15:20:54,16:03:53,16:04:00,COMPLETED,25644.0,111.4,2579.82,2586.17
1189,easy,12,15:18:29,16:03:15,16:04:25,COMPLETED,24880.0,1174.3,2686.74,2756.71
1122,easy,12,15:22:02,16:04:06,16:05:04,COMPLETED,36033.0,977.8,2524.53,2582.75
424,hard,15,10:28:52,10:28:52,16:05:24,COMPLETED,34244.0,336533.4,0.24,20192.19
1068,easy,11,15:23:09,16:05:30,16:06:09,COMPLETED,24753.0,655.8,2541.71,2580.56
1146,hard,15,15:16:04,16:02:37,16:06:22,COMPLETED,32451.0,3759.5,2793.59,3018.84
1124,easy,12,15:23:10,16:06:16,16:06:54,COMPLETED,31983.0,651.9,2586.10,2624.91
1173,medium,13,15:18:56,16:03:34,16:07:20,COMPLETED,24686.0,3776.7,2678.73,2904.86
1163,medium,14,15:22:13,16:04:32,16:07:27,COMPLETED,33769.0,2925.3,2539.28,2714.41
1126,medium,13,15:14:12,15:55:41,16:08:57,COMPLETED,33996.0,13281.4,2489.38,3285.80
1100,medium,14,15:14:59,15:58:29,16:09:10,COMPLETED,30884.0,10699.9,2610.18,3251.75
1176,easy,12,15:25:35,16:09:17,16:10:09,COMPLETED,32544.0,870.6,2622.29,2674.04
1150,medium,13,15:24:34,16:09:04,16:11:44,COMPLETED,32392.0,2679.3,2670.39,2830.84
1181,medium,14,15:12:42,15:51:18,16:14:10,COMPLETED,28231.0,22871.7,2316.28,3688.34
949,medium,14,14:45:06,15:12:58,16:14:35,COMPLETED,32867.0,61617.7,1672.78,5369.66
1156,hard,15,15:12:51,15:53:24,16:15:32,COMPLETED,30402.0,22136.2,2433.87,3761.78
1174,easy,12,15:27:00,16:14:41,16:15:39,COMPLETED,24809.0,961.3,2861.99,2919.14
1050,easy,12,15:28:34,16:15:45,16:16:11,COMPLETED,22111.0,443.6,2831.72,2857.83
1056,easy,11,15:28:56,16:16:18,16:16:37,COMPLETED,18552.0,328.0,2842.39,2861.57
1110,easy,12,15:29:37,16:16:44,16:16:57,COMPLETED,27051.0,227.9,2827.11,2840.27
1199,medium,13,15:30:07,16:17:03,16:19:30,COMPLETED,23899.0,2444.4,2816.83,2963.20
1143,medium,14,15:15:31,16:01:27,16:19:36,COMPLETED,30059.0,18152.5,2756.68,3845.52
1087,medium,13,15:30:14,16:19:36,16:20:27,COMPLETED,27814.0,863.7,2962.52,3013.85
1182,medium,13,15:22:21,16:05:11,16:21:07,COMPLETED,25902.0,15933.9,2570.29,3526.07
1180,easy,12,15:31:22,16:20:34,16:21:26,COMPLETED,26827.0,871.2,2952.40,3004.37
1076,easy,11,15:31:39,16:21:32,16:21:45,COMPLETED,23786.0,224.3,2993.71,3006.82
1038,hard,15,14:15:36,14:39:00,16:21:58,COMPLETED,34513.0,102978.2,1404.02,7582.54
1072,hard,15,15:23:18,16:06:29,16:22:04,COMPLETED,38856.0,15599.7,2591.21,3526.90
1148,medium,13,15:30:28,16:19:42,16:22:04,COMPLETED,26848.0,2372.2,2954.91,3096.90
1187,easy,11,15:32:54,16:22:04,16:22:11,COMPLETED,16912.0,112.8,2950.90,2957.27
1066,hard,15,15:10:48,15:45:52,16:22:17,COMPLETED,28562.0,36424.4,2104.49,4289.70
1134,easy,11,15:32:54,16:22:11,16:22:17,COMPLETED,24002.0,112.8,2957.27,2963.70
1129,easy,12,15:31:22,16:21:13,16:22:30,COMPLETED,30335.0,1289.0,2991.39,3068.46
1178,easy,11,15:33:05,16:22:11,16:22:36,COMPLETED,22457.0,430.1,2946.27,2971.80
1041,hard,15,14:16:04,14:40:16,16:23:14,COMPLETED,33506.0,102978.5,1452.28,7630.84
1162,hard,15,15:21:35,16:04:06,16:23:14,COMPLETED,35401.0,19142.9,2551.53,3699.84
1108,medium,13,15:26:46,16:14:16,16:23:21,COMPLETED,27630.0,9080.8,2850.67,3395.18
1158,easy,12,15:35:38,16:23:21,16:23:33,COMPLETED,23693.0,217.4,2863.18,2875.94
1082,easy,11,15:36:20,16:23:40,16:23:46,COMPLETED,19369.0,111.1,2840.27,2846.62
1094,easy,12,15:33:12,16:22:17,16:24:05,COMPLETED,29991.0,1803.6,2945.70,3053.64
1131,easy,12,15:36:22,16:23:52,16:24:56,COMPLETED,29485.0,1063.5,2850.96,2914.44
1165,medium,14,15:33:17,16:22:24,16:25:09,COMPLETED,34476.0,2757.7,2947.07,3112.25
1177,easy,12,15:36:15,16:23:27,16:25:47,COMPLETED,26561.0,2331.4,2832.59,2972.18
1125,easy,12,15:39:09,16:25:53,16:26:37,COMPLETED,32551.0,743.1,2804.51,2848.79
1079,easy,11,15:39:36,16:26:44,16:27:03,COMPLETED,36823.0,322.3,2828.12,2847.15
1070,easy,11,15:40:14,16:27:09,16:27:41,COMPLETED,29717.0,535.8,2815.48,2847.28
681,hard,15,12:11:22,12:11:23,16:28:50,COMPLETED,36951.0,257458.7,1.36,15448.91
1191,easy,11,15:41:20,16:28:57,16:29:28,COMPLETED,31202.0,531.6,2857.24,2888.83
1144,hard,15,15:03:19,15:35:29,16:29:35,COMPLETED,29140.0,54098.0,1930.48,5176.16
1103,easy,11,15:41:24,16:29:35,16:29:47,COMPLETED,22575.0,217.5,2891.16,2903.88
1164,easy,11,15:41:29,16:29:41,16:30:00,COMPLETED,31601.0,323.2,2892.53,2911.60
1142,medium,13,15:36:05,16:23:21,16:31:48,COMPLETED,30111.0,8452.9,2836.18,3343.11
1091,easy,12,15:43:14,16:31:54,16:32:45,COMPLETED,26602.0,860.0,2920.45,2971.52
922,medium,14,14:05:10,14:24:54,16:32:58,COMPLETED,36493.0,128080.4,1184.04,8868.72
1074,easy,12,15:44:18,16:33:05,16:33:18,COMPLETED,23578.0,224.5,2927.11,2940.08
1155,medium,13,15:33:25,16:22:24,16:33:37,COMPLETED,35209.0,11234.4,2939.07,3612.74
996,hard,15,14:43:34,15:12:27,16:34:48,COMPLETED,38588.0,82361.0,1733.09,6674.59
1123,easy,11,15:44:32,16:33:44,16:35:01,COMPLETED,26414.0,1292.7,2952.29,3029.56
1157,easy,11,15:44:55,16:34:54,16:35:14,COMPLETED,30957.0,331.6,2999.92,3019.30
1186,hard,15,15:37:04,16:25:02,16:35:33,COMPLETED,31620.0,10516.8,2878.80,3509.55
1052,easy,12,15:47:27,16:35:39,16:35:52,COMPLETED,28369.0,216.2,2892.87,2905.53
1013,hard,15,14:48:01,15:19:16,16:37:08,COMPLETED,29551.0,77870.9,1875.44,6547.52
1190,easy,12,15:47:40,16:35:58,16:37:08,COMPLETED,28066.0,1166.3,2898.87,2968.52
1160,easy,11,15:48:04,16:37:14,16:37:27,COMPLETED,23508.0,216.5,2950.86,2963.56
1141,easy,12,15:48:54,16:37:33,16:37:46,COMPLETED,26811.0,216.1,2919.88,2932.55
982,hard,15,14:40:53,15:10:52,16:37:59,COMPLETED,30300.0,87123.0,1799.04,7026.27
1059,medium,14,15:41:30,16:29:54,16:38:24,COMPLETED,32586.0,8511.0,2904.24,3414.60
1093,easy,12,15:49:27,16:38:30,16:38:50,COMPLETED,28652.0,322.9,2943.96,2963.04
1081,easy,12,15:48:49,16:37:14,16:39:02,COMPLETED,35180.0,1803.7,2905.86,3013.79
1185,hard,15,15:06:01,15:38:54,16:39:09,COMPLETED,29097.0,60239.9,1974.00,5588.17
1118,medium,13,15:49:26,16:38:05,16:39:40,COMPLETED,30161.0,1593.0,2919.60,3014.89
1061,easy,12,15:49:41,16:38:56,16:39:40,COMPLETED,24540.0,747.2,2955.37,2999.89
349,hard,15,10:37:38,10:37:40,16:39:53,COMPLETED,37039.0,362222.0,2.29,21735.61
1171,medium,13,15:43:20,16:32:52,16:39:53,COMPLETED,27058.0,7029.9,2972.10,3393.61
665,hard,15,12:02:51,12:02:52,16:40:06,COMPLETED,29184.0,277235.6,1.25,16635.34
1095,easy,11,15:50:47,16:39:15,16:40:19,COMPLETED,24982.0,1062.8,2908.54,2972.02
1099,easy,11,15:52:31,16:39:59,16:40:19,COMPLETED,18999.0,323.0,2848.95,2868.02
1193,easy,12,15:54:11,16:39:59,16:40:19,COMPLETED,27130.0,322.5,2748.95,2768.02
1149,hard,15,15:25:52,16:11:51,16:40:32,COMPLETED,38945.0,28686.0,2759.17,4480.12
952,hard,15,14:06:44,14:26:36,16:41:23,COMPLETED,35364.0,134799.0,1192.16,9279.88
912,hard,15,14:58:34,15:26:37,16:41:56,COMPLETED,31812.0,75316.2,1683.76,6202.59
1057,easy,12,15:51:28,16:39:47,16:42:09,COMPLETED,19289.0,2372.4,2899.23,3041.29
1107,easy,12,15:56:00,16:42:15,16:42:54,COMPLETED,32876.0,654.2,2775.68,2814.57
1092,easy,12,15:56:24,16:43:00,16:43:20,COMPLETED,26632.0,335.6,2796.96,2816.57
712,medium,14,12:07:28,12:07:30,16:43:39,COMPLETED,41910.0,276151.9,2.92,16571.98
1063,medium,13,15:55:43,16:42:02,16:43:52,COMPLETED,29784.0,1840.7,2779.91,2889.88
1116,easy,12,15:56:30,16:43:27,16:43:52,COMPLETED,21433.0,437.7,2817.14,2842.88
1069,easy,11,15:56:46,16:43:46,16:43:52,COMPLETED,24470.0,118.8,2820.30,2826.88
1088,medium,13,15:54:42,16:40:25,16:44:25,COMPLETED,30848.0,4009.0,2743.37,2983.61
1195,easy,11,15:57:18,16:43:59,16:44:31,COMPLETED,22956.0,547.3,2801.47,2833.98
1058,easy,12,15:57:27,16:43:59,16:44:31,COMPLETED,21130.0,545.0,2792.47,2824.98
1154,medium,14,15:44:29,16:33:24,16:44:38,COMPLETED,27304.0,11236.2,2935.62,3609.36
1055,easy,12,15:57:35,16:44:31,16:45:04,COMPLETED,23049.0,548.1,2816.98,2849.54
1313,easy,11,16:00:17,16:45:10,16:45:30,COMPLETED,27629.0,332.0,2693.90,2713.32
1323,easy,11,16:00:53,16:45:36,16:45:56,COMPLETED,28298.0,333.0,2683.87,2703.35
1151,easy,12,15:55:21,16:40:38,16:46:02,COMPLETED,33513.0,5416.4,2717.45,3041.89
1135,medium,13,15:52:00,16:39:47,16:46:15,COMPLETED,24401.0,6482.1,2867.23,3255.87
753,hard,15,13:08:47,13:08:49,16:48:35,COMPLETED,40028.0,219768.7,2.43,13188.48
1197,medium,14,15:46:57,16:35:20,16:48:35,COMPLETED,30010.0,13247.9,2903.86,3698.48
1159,medium,13,15:49:49,16:39:09,16:48:41,COMPLETED,31036.0,9549.4,2960.17,3532.81
1231,easy,12,16:02:18,16:48:41,16:49:07,COMPLETED,30702.0,427.8,2783.81,2809.22
1237,medium,13,16:00:09,16:44:44,16:49:26,COMPLETED,23516.0,4692.2,2675.94,2957.20
1221,easy,12,16:04:47,16:49:13,16:49:45,COMPLETED,27346.0,533.5,2666.55,2698.26
1331,medium,14,16:01:02,16:46:02,16:51:52,COMPLETED,35627.0,5826.4,2700.89,3050.01
1329,easy,12,16:05:41,16:51:58,16:52:05,COMPLETED,24836.0,118.2,2777.57,2784.17
1347,easy,12,16:06:19,16:52:11,16:53:41,COMPLETED,28800.0,1512.4,2752.71,2842.95
1201,medium,14,16:01:18,16:46:22,16:53:54,COMPLETED,33526.0,7552.2,2704.30,3156.98
1208,easy,12,16:06:21,16:53:48,16:54:01,COMPLETED,19146.0,227.3,2847.49,2860.52
1060,medium,14,15:49:00,16:37:52,16:55:06,COMPLETED,33865.0,17229.0,2932.87,3966.18
1097,hard,15,15:40:33,16:27:47,16:55:25,COMPLETED,33014.0,27641.3,2834.66,4492.91
1255,easy,11,16:09:14,16:55:32,16:55:38,COMPLETED,21993.0,119.0,2778.24,2784.88
624,hard,15,12:12:40,12:12:46,16:55:52,COMPLETED,26793.0,283099.0,6.22,16992.03
1259,medium,13,16:08:09,16:54:08,16:55:52,COMPLETED,31675.0,1740.0,2759.18,2863.03
979,medium,14,14:11:03,14:36:06,16:55:58,COMPLETED,35379.0,139866.7,1504.00,9895.64
1104,medium,14,15:55:00,16:40:25,16:56:05,COMPLETED,27774.0,15669.6,2725.37,3665.37
1319,medium,13,16:08:32,16:55:12,16:56:24,COMPLETED,25945.0,1202.4,2800.77,2872.39
1282,easy,12,16:09:30,16:55:45,16:56:43,COMPLETED,25307.0,981.4,2775.43,2833.87
1046,hard,15,14:47:41,15:16:49,16:56:57,COMPLETED,32334.0,100124.3,1748.77,7756.02
1283,easy,12,16:10:34,16:56:30,16:57:03,COMPLETED,26105.0,548.3,2757.00,2789.56
1316,hard,15,16:01:07,16:46:09,16:57:23,COMPLETED,27216.0,11232.9,2702.52,3376.07
1239,easy,12,16:11:04,16:57:03,16:57:29,COMPLETED,24007.0,444.1,2759.56,2785.62
1297,hard,15,16:05:11,16:49:51,16:59:55,COMPLETED,30749.0,10069.1,2680.59,3284.47
1270,easy,11,16:12:48,17:00:01,17:00:20,COMPLETED,23739.0,322.4,2833.80,2852.84
1137,hard,15,15:02:50,15:33:32,17:00:46,COMPLETED,34964.0,87223.9,1842.89,7076.17
1111,hard,15,15:43:01,16:30:06,17:02:14,COMPLETED,28436.0,32132.8,2825.95,4753.72
1308,easy,12,16:13:07,17:02:21,17:02:33,COMPLETED,25025.0,220.5,2954.04,2966.78
1217,medium,13,16:01:38,16:48:41,17:03:44,COMPLETED,35625.0,15055.3,2823.81,3726.69
1291,easy,12,16:11:31,16:57:29,17:05:34,COMPLETED,36621.0,8090.6,2758.62,3243.66
1272,hard,15,16:05:01,16:49:32,17:06:19,COMPLETED,34090.0,16792.8,2671.53,3678.68
1225,medium,13,16:12:49,17:00:27,17:07:43,COMPLETED,30578.0,7281.8,2858.17,3294.80
1248,easy,12,16:14:16,17:06:26,17:08:42,COMPLETED,34734.0,2271.5,3130.24,3266.08
1346,medium,14,16:10:08,16:56:11,17:09:26,COMPLETED,28964.0,13251.8,2763.73,3558.58
1330,easy,11,16:14:33,17:08:48,17:09:51,COMPLETED,32036.0,1060.9,3255.58,3318.92
1280,easy,12,16:14:18,17:07:50,17:10:17,COMPLETED,34713.0,2458.6,3212.13,3359.30
1265,medium,14,16:03:37,16:48:48,17:12:11,COMPLETED,34729.0,23386.9,2711.22,4114.20
851,hard,15,13:31:18,13:39:37,17:12:42,COMPLETED,30994.0,213096.0,499.15,13284.82
1211,easy,11,16:16:12,17:12:49,17:13:33,COMPLETED,35685.0,743.8,3397.15,3441.48
1073,medium,14,15:14:02,15:55:08,17:14:18,COMPLETED,29578.0,79166.0,2466.88,7216.71
1306,medium,14,16:12:54,17:00:52,17:14:57,COMPLETED,33512.0,14085.1,2878.56,3723.24
1332,medium,14,16:14:51,17:09:32,17:15:29,COMPLETED,32821.0,5957.3,3281.91,3638.89
1243,medium,13,16:16:59,17:14:25,17:18:10,COMPLETED,28861.0,3769.6,3446.03,3671.92
1244,easy,12,16:17:26,17:15:36,17:18:36,COMPLETED,29750.0,3002.5,3490.43,3670.23
1232,medium,13,16:16:04,17:12:17,17:19:01,COMPLETED,34528.0,6739.6,3373.52,3777.61
786,hard,15,13:11:55,13:11:56,17:19:07,COMPLETED,35854.0,247184.6,1.99,14832.94
1284,easy,11,16:17:37,17:18:42,17:19:07,COMPLETED,26845.0,429.0,3665.61,3690.94
377,hard,15,10:04:31,10:04:32,17:19:27,COMPLETED,42258.0,434904.0,1.93,26096.15
1318,easy,12,16:18:10,17:19:07,17:19:33,COMPLETED,27917.0,431.3,3657.94,3683.49
1340,medium,14,16:16:56,17:13:39,17:19:58,COMPLETED,33707.0,6323.6,3403.81,3782.93
1216,medium,13,16:17:06,17:15:03,17:19:58,COMPLETED,31639.0,4924.3,3477.78,3772.93
1325,easy,11,16:19:06,17:19:33,17:19:58,COMPLETED,30158.0,429.6,3627.49,3652.93
1315,easy,11,16:20:28,17:20:05,17:20:18,COMPLETED,27768.0,216.6,3577.29,3590.03
962,hard,15,14:43:09,15:11:17,17:20:30,COMPLETED,40510.0,129223.2,1688.43,9441.72
1254,easy,11,16:21:00,17:20:24,17:20:37,COMPLETED,26981.0,217.1,3564.36,3577.05
1273,easy,11,16:21:50,17:20:37,17:20:49,COMPLETED,27912.0,217.7,3527.05,3539.79
1337,easy,12,16:22:13,17:20:43,17:20:49,COMPLETED,19230.0,111.7,3510.42,3516.79
1333,easy,12,16:19:10,17:19:39,17:21:02,COMPLETED,27682.0,1384.5,3629.86,3712.58
967,medium,14,14:31:56,15:06:48,17:21:08,COMPLETED,37582.0,134350.0,2092.13,10152.99
1215,easy,11,16:23:20,17:21:08,17:21:21,COMPLETED,23725.0,217.7,3468.99,3481.75
1287,medium,14,16:13:55,17:03:51,17:21:28,COMPLETED,33079.0,17617.6,2996.31,4053.08
1212,easy,12,16:17:31,17:18:17,17:21:40,COMPLETED,33334.0,3397.0,3646.25,3849.80
1317,medium,13,16:18:47,17:19:14,17:21:53,COMPLETED,27737.0,2656.2,3627.38,3786.54
1266,easy,12,16:25:04,17:21:34,17:21:53,COMPLETED,29630.0,323.3,3390.45,3409.54
1085,hard,15,15:38:18,16:25:15,17:22:12,COMPLETED,32235.0,56954.4,2817.59,6234.67
1304,hard,15,16:14:01,17:05:41,17:22:12,COMPLETED,29673.0,16529.7,3100.16,4091.67
1253,easy,12,16:18:19,17:19:14,17:22:19,COMPLETED,30158.0,3082.9,3655.38,3840.03
1204,medium,13,16:22:35,17:20:56,17:22:25,COMPLETED,30781.0,1492.7,3501.15,3590.44
1234,easy,12,16:25:33,17:21:59,17:22:31,COMPLETED,27050.0,537.9,3386.88,3418.82
1338,easy,12,16:27:33,17:22:19,17:22:31,COMPLETED,26544.0,219.1,3286.03,3298.82
1102,hard,15,15:35:16,16:22:36,17:23:03,COMPLETED,38826.0,60449.7,2840.80,6467.62
1277,medium,13,16:12:01,16:57:36,17:23:09,COMPLETED,32903.0,25567.3,2735.27,4268.96
1117,hard,15,15:27:52,16:15:39,17:23:16,COMPLETED,27755.0,67625.3,2867.14,6924.43
1229,easy,12,16:29:51,17:22:31,17:23:41,COMPLETED,24961.0,1173.8,3160.82,3230.92
1327,medium,13,16:24:20,17:21:15,17:23:54,COMPLETED,30392.0,2660.2,3415.37,3574.69
1328,medium,14,16:25:11,17:21:47,17:23:54,COMPLETED,21601.0,2131.4,3396.13,3523.69
1339,medium,14,16:30:21,17:22:38,17:24:01,COMPLETED,26189.0,1387.8,3137.21,3220.09
1275,easy,11,16:33:13,17:23:48,17:24:07,COMPLETED,26928.0,326.9,3035.31,3054.54
1224,medium,14,16:29:47,17:22:25,17:24:20,COMPLETED,33850.0,1920.5,3158.44,3273.33
1247,easy,11,16:33:52,17:24:01,17:24:20,COMPLETED,25762.0,326.3,3009.09,3028.33
1203,easy,12,16:33:35,17:24:01,17:24:33,COMPLETED,25314.0,539.0,3026.09,3058.14
1213,easy,12,16:33:56,17:24:07,17:24:33,COMPLETED,34749.0,431.9,3011.54,3037.14
1188,medium,13,15:25:41,16:10:15,17:24:45,COMPLETED,45213.0,74507.6,2674.57,7144.88
1285,medium,14,16:11:06,16:57:09,17:24:52,COMPLETED,25543.0,27709.1,2763.93,4426.21
1202,easy,11,16:35:46,17:24:39,17:24:58,COMPLETED,24253.0,323.2,2933.49,2952.58
1257,easy,11,16:37:03,17:24:52,17:25:04,COMPLETED,25138.0,218.1,2869.21,2881.96
1223,medium,13,16:34:47,17:24:26,17:25:24,COMPLETED,30768.0,965.4,2979.76,3037.25
1115,medium,13,15:54:25,16:40:12,17:25:30,COMPLETED,40812.0,45308.1,2747.66,5465.79
1263,easy,12,16:34:43,17:24:26,17:25:44,COMPLETED,28508.0,1295.4,2983.76,3061.02
1240,easy,12,16:38:26,17:25:50,17:26:10,COMPLETED,29847.0,333.3,2844.57,2864.11
1025,hard,15,14:34:17,15:08:25,17:26:16,COMPLETED,33714.0,137856.3,2048.47,10319.60
1271,easy,11,16:38:58,17:26:16,17:26:23,COMPLETED,31133.0,120.8,2838.60,2845.26
1206,easy,12,16:37:12,17:25:04,17:26:43,COMPLETED,22352.0,1642.3,2872.96,2971.02
1220,medium,13,16:24:29,17:21:28,17:26:55,COMPLETED,27802.0,5470.9,3419.08,3746.93
1343,easy,12,16:37:18,17:25:11,17:27:47,COMPLETED,33674.0,2610.5,2873.33,3029.55
1298,medium,13,16:32:53,17:23:22,17:28:39,COMPLETED,30135.0,5282.6,3029.87,3346.38
1260,easy,12,16:40:53,17:28:45,17:29:31,COMPLETED,31148.0,761.7,2872.94,2918.14
1311,medium,14,16:38:20,17:25:37,17:30:55,COMPLETED,26767.0,5303.2,2837.41,3155.31
1335,medium,13,16:35:00,17:24:39,17:31:01,COMPLETED,24774.0,6375.6,2979.49,3361.68
1249,medium,14,16:25:40,17:21:59,17:31:20,COMPLETED,30973.0,9351.1,3379.88,3940.77
1286,medium,14,16:40:05,17:26:49,17:31:27,COMPLETED,29232.0,4630.8,2804.58,3082.10
1310,medium,13,16:41:28,17:31:01,17:31:39,COMPLETED,27794.0,642.5,2973.68,3011.87
1342,easy,11,16:41:37,17:31:08,17:31:39,COMPLETED,27523.0,535.9,2971.10,3002.87
1292,easy,11,16:42:07,17:31:27,17:32:05,COMPLETED,27639.0,643.6,2960.10,2998.38
1222,medium,14,16:37:06,17:24:58,17:32:18,COMPLETED,28819.0,7329.9,2872.58,3312.12
1294,easy,12,16:42:39,17:32:11,17:32:37,COMPLETED,29602.0,427.9,2972.76,2998.13
1314,easy,12,16:42:44,17:32:24,17:32:56,COMPLETED,33149.0,533.2,2980.45,3012.14
1236,medium,13,16:41:26,17:29:37,17:33:02,COMPLETED,30462.0,3419.4,2891.68,3096.47
1349,medium,13,16:37:31,17:25:30,17:33:08,COMPLETED,38424.0,7640.3,2879.79,3337.90
1289,easy,11,16:44:10,17:33:15,17:33:27,COMPLETED,29774.0,216.0,2945.28,2957.94
1252,medium,14,16:32:48,17:23:16,17:33:40,COMPLETED,26925.0,10407.5,3028.43,3652.63
1209,easy,12,16:42:53,17:32:43,17:33:46,COMPLETED,28213.0,1063.9,2990.46,3053.96
1218,easy,11,16:44:13,17:33:34,17:33:46,COMPLETED,25888.0,217.6,2961.27,2973.96
1345,easy,11,16:46:52,17:33:53,17:33:59,COMPLETED,21991.0,113.0,2821.35,2827.82
1309,easy,11,16:47:05,17:33:53,17:34:06,COMPLETED,22309.0,218.3,2808.35,2821.16
1296,easy,11,16:47:13,17:34:06,17:34:44,COMPLETED,33314.0,637.8,2813.16,2851.14
1184,medium,14,15:09:12,15:44:01,17:35:15,COMPLETED,34372.0,111233.9,2089.95,8763.88
1226,medium,14,16:34:33,17:24:13,17:35:41,COMPLETED,31270.0,11457.9,2980.96,3668.19
1269,hard,15,16:09:47,16:55:58,17:35:47,COMPLETED,37285.0,39819.0,2771.64,5160.53
1326,medium,14,16:13:14,17:02:40,17:36:06,COMPLETED,29890.0,33443.9,2966.31,4972.70
1246,easy,12,16:47:43,17:35:22,17:36:13,COMPLETED,25119.0,854.8,2859.21,2910.10
1293,easy,11,16:47:19,17:34:12,17:36:38,COMPLETED,36328.0,2439.3,2813.54,2959.61
1228,easy,12,16:48:35,17:36:19,17:37:03,COMPLETED,29382.0,745.3,2864.54,2908.93
1268,hard,15,16:30:38,17:22:38,17:38:13,COMPLETED,32924.0,15595.3,3120.21,4055.75
1321,medium,13,16:50:02,17:38:20,17:38:58,COMPLETED,28231.0,637.8,2898.08,2936.05
1279,medium,13,16:42:35,17:31:46,17:39:17,COMPLETED,27570.0,7518.6,2951.29,3402.12
1219,medium,14,16:47:27,17:34:50,17:39:17,COMPLETED,29094.0,4449.8,2843.46,3110.12
1302,hard,15,16:10:37,16:56:50,17:39:29,COMPLETED,34296.0,42662.9,2773.40,5332.98
1322,easy,11,16:50:37,17:39:23,17:39:36,COMPLETED,26932.0,220.1,2926.51,2939.31
1250,medium,13,16:49:11,17:36:44,17:39:55,COMPLETED,28021.0,3179.6,2853.94,3044.44
1264,easy,11,16:51:07,17:39:36,17:39:55,COMPLETED,27137.0,324.1,2909.31,2928.44
1136,hard,15,15:32:23,16:21:52,17:40:08,COMPLETED,38239.0,78268.3,2969.19,7665.15
1214,medium,13,16:52:28,17:40:01,17:40:20,COMPLETED,29761.0,322.6,2853.78,2872.84
1274,easy,11,16:54:37,17:40:27,17:40:39,COMPLETED,24576.0,216.6,2750.17,2762.86
1320,medium,14,16:44:23,17:33:46,17:40:46,COMPLETED,31805.0,6991.9,2963.96,3383.19
803,hard,15,13:15:42,13:15:48,17:40:58,COMPLETED,38655.0,265168.7,6.89,15916.94
1242,medium,13,16:50:43,17:39:23,17:41:05,COMPLETED,29225.0,1700.4,2920.51,3022.27
1251,medium,14,16:22:25,17:20:56,17:41:24,COMPLETED,34361.0,20472.8,3511.15,4739.30
1233,hard,15,16:09:59,16:56:05,17:41:37,COMPLETED,26176.0,45535.9,2766.37,5498.23
1300,easy,11,16:56:31,17:41:11,17:41:37,COMPLETED,22968.0,435.2,2680.64,2706.23
1101,medium,13,15:55:40,16:41:30,17:41:50,COMPLETED,26254.0,60336.6,2750.44,6370.49
1299,easy,11,16:57:15,17:41:30,17:41:50,COMPLETED,22470.0,335.6,2655.65,2675.49
1288,easy,12,16:57:21,17:41:43,17:42:10,COMPLETED,25290.0,445.1,2662.80,2689.02
1307,easy,11,16:57:37,17:41:56,17:42:10,COMPLETED,21651.0,228.7,2659.83,2673.02
1278,easy,12,16:52:49,17:40:01,17:42:23,COMPLETED,26915.0,2363.8,2832.78,2974.21
1324,easy,11,16:58:50,17:42:16,17:42:48,COMPLETED,36213.0,543.4,2606.60,2638.91
1210,easy,12,16:55:47,17:41:05,17:42:55,COMPLETED,32669.0,1840.4,2718.27,2828.23
1301,easy,12,16:57:49,17:41:56,17:43:21,COMPLETED,29532.0,1413.3,2647.83,2732.16
950,hard,15,14:46:51,15:14:34,17:44:37,COMPLETED,29554.0,150056.0,1663.18,10666.45
1153,hard,15,15:01:52,15:32:53,17:46:18,COMPLETED,32489.0,133405.8,1861.98,9866.24
1336,medium,14,16:39:41,17:26:29,17:46:37,COMPLETED,31423.0,20123.5,2808.90,4016.12
1334,hard,15,16:48:31,17:36:13,17:47:08,COMPLETED,36007.0,10927.3,2862.10,3517.51
1303,easy,12,16:57:28,17:41:43,17:47:14,COMPLETED,30874.0,5519.8,2655.80,2986.80
1261,hard,15,16:42:39,17:31:46,17:48:11,COMPLETED,35702.0,16420.4,2947.29,3932.34
1344,medium,14,16:31:54,17:23:09,17:48:42,COMPLETED,25507.0,25548.1,3075.96,4608.66
1200,medium,14,16:43:21,17:33:08,17:49:26,COMPLETED,30325.0,16301.6,2987.90,3965.65
1258,medium,14,16:15:14,17:09:58,17:56:06,COMPLETED,35580.0,46145.7,3284.26,6052.83
1113,hard,15,15:07:21,15:40:55,17:56:50,COMPLETED,29602.0,135926.8,2014.06,10169.58
1312,hard,15,16:43:03,17:33:02,17:56:50,COMPLETED,37996.0,23805.4,2999.47,4427.58
1267,hard,15,16:09:51,16:55:58,17:59:57,COMPLETED,28762.0,63986.0,2767.64,6606.73
231,hard,15,09:07:12,09:07:12,18:00:00,UNFINISHED,-1,-1,-1
237,hard,15,09:15:17,09:15:18,18:00:00,UNFINISHED,-1,-1,-1
216,hard,15,09:56:29,09:56:29,18:00:00,UNFINISHED,-1,-1,-1
389,hard,15,10:24:21,10:24:26,18:00:00,UNFINISHED,-1,-1,-1
369,hard,15,10:59:08,10:59:13,18:00:00,UNFINISHED,-1,-1,-1
590,hard,15,11:16:13,11:16:17,18:00:00,UNFINISHED,-1,-1,-1
589,hard,15,11:50:59,11:50:59,18:00:00,UNFINISHED,-1,-1,-1
544,hard,15,11:53:42,11:53:43,18:00:00,UNFINISHED,-1,-1,-1
617,hard,15,12:05:59,12:06:03,18:00:00,UNFINISHED,-1,-1,-1
631,hard,15,12:20:30,12:20:32,18:00:00,UNFINISHED,-1,-1,-1
730,hard,15,12:21:30,12:21:35,18:00:00,UNFINISHED,-1,-1,-1
654,hard,15,12:34:21,12:34:24,18:00:00,UNFINISHED,-1,-1,-1
603,hard,15,12:45:29,12:45:29,18:00:00,UNFINISHED,-1,-1,-1
853,hard,15,13:40:58,13:48:19,18:00:00,UNFINISHED,-1,-1,-1
823,hard,15,13:45:28,13:55:41,18:00:00,UNFINISHED,-1,-1,-1
930,hard,15,14:04:23,14:19:36,18:00:00,UNFINISHED,-1,-1,-1
1001,hard,15,14:15:18,14:38:28,18:00:00,UNFINISHED,-1,-1,-1
1120,hard,15,15:10:50,15:45:52,18:00:00,UNFINISHED,-1,-1,-1
1105,hard,15,15:14:19,15:57:05,18:00:00,UNFINISHED,-1,-1,-1
1086,hard,15,15:15:05,16:00:05,18:00:00,UNFINISHED,-1,-1,-1
1051,hard,15,15:23:59,16:07:01,18:00:00,UNFINISHED,-1,-1,-1
1090,hard,15,15:24:22,16:07:27,18:00:00,UNFINISHED,-1,-1,-1
1172,hard,15,15:24:26,16:07:33,18:00:00,UNFINISHED,-1,-1,-1
1169,hard,15,15:35:16,16:22:43,18:00:00,UNFINISHED,-1,-1,-1
1133,hard,15,15:36:51,16:24:11,18:00:00,UNFINISHED,-1,-1,-1
1119,hard,15,15:45:55,16:35:07,18:00:00,UNFINISHED,-1,-1,-1
1179,hard,15,15:55:19,16:40:25,18:00:00,UNFINISHED,-1,-1,-1
1147,hard,15,15:57:19,16:43:59,18:00:00,UNFINISHED,-1,-1,-1
1130,hard,15,15:57:49,16:44:38,18:00:00,UNFINISHED,-1,-1,-1
1106,hard,15,15:59:42,16:44:38,18:00:00,UNFINISHED,-1,-1,-1
1235,hard,15,16:07:36,16:54:01,18:00:00,UNFINISHED,-1,-1,-1
1262,medium,14,16:16:01,17:10:23,18:00:00,UNFINISHED,-1,-1,-1
1245,hard,15,16:19:33,17:20:05,18:00:00,UNFINISHED,-1,-1,-1
1341,hard,15,16:20:37,17:20:05,18:00:00,UNFINISHED,-1,-1,-1
1256,hard,15,16:27:41,17:22:19,18:00:00,UNFINISHED,-1,-1,-1
1348,hard,15,16:39:38,17:26:23,18:00:00,UNFINISHED,-1,-1,-1
1305,medium,13,16:40:26,17:27:02,18:00:00,UNFINISHED,-1,-1,-1
1230,hard,15,16:40:36,17:27:54,18:00:00,UNFINISHED,-1,-1,-1
1295,hard,15,16:42:14,17:31:33,18:00:00,UNFINISHED,-1,-1,-1
1238,hard,15,16:47:57,17:35:47,18:00:00,UNFINISHED,-1,-1,-1
1241,hard,15,16:48:26,17:35:53,18:00:00,UNFINISHED,-1,-1,-1
1207,hard,15,16:49:51,17:37:10,18:00:00,UNFINISHED,-1,-1,-1
1276,hard,15,16:50:34,17:39:04,18:00:00,UNFINISHED,-1,-1,-1
1205,medium,14,16:51:30,17:39:42,18:00:00,UNFINISHED,-1,-1,-1
1227,hard,15,16:54:15,17:40:14,18:00:00,UNFINISHED,-1,-1,-1
1290,medium,14,16:54:48,17:40:46,18:00:00,UNFINISHED,-1,-1,-1
1281,hard,15,16:55:13,17:40:52,18:00:00,UNFINISHED,-1,-1,-1
