task_id,difficulty,n,arrival_sim,start_sim,end_sim,status,cost,real_duration_sec,waiting_time_mili_sec,time_in_system_mili_sec
77,easy,11,08:00:07,08:00:12,08:01:00,COMPLETED,20166.0,809.2,5.10,53.61
30,easy,12,08:01:44,08:01:48,08:02:31,COMPLETED,22974.0,705.5,4.81,47.12
63,easy,11,08:03:11,08:03:13,08:03:50,COMPLETED,29048.0,608.0,2.84,39.29
68,easy,11,08:03:25,08:03:25,08:04:20,COMPLETED,29025.0,912.0,0.95,55.56
78,easy,12,08:04:16,08:04:20,08:05:27,COMPLETED,29593.0,1117.3,4.56,71.46
42,easy,11,08:05:22,08:05:27,08:05:45,COMPLETED,39200.0,309.2,5.46,23.85
111,easy,12,08:05:19,08:05:21,08:06:28,COMPLETED,34963.0,1123.5,2.36,69.69
71,easy,11,08:05:42,08:05:45,08:06:28,COMPLETED,27124.0,716.3,3.85,46.69
92,easy,11,08:06:42,08:06:47,08:06:53,COMPLETED,24963.0,108.0,5.05,11.29
56,medium,14,08:06:52,08:06:53,08:09:14,COMPLETED,27421.0,2347.8,1.29,142.10
44,medium,13,08:05:26,08:05:27,08:09:26,COMPLETED,27340.0,3981.6,1.46,240.34
36,easy,11,08:09:24,08:09:26,08:09:38,COMPLETED,24852.0,207.4,2.34,14.55
130,medium,13,08:05:59,08:06:04,08:10:21,COMPLETED,33898.0,4290.3,5.22,262.61
9,easy,11,08:11:25,08:11:28,08:11:41,COMPLETED,23316.0,206.2,3.72,16.01
84,easy,11,08:11:57,08:11:59,08:12:11,COMPLETED,24508.0,207.2,2.31,14.65
82,easy,11,08:12:00,08:12:05,08:12:23,COMPLETED,24758.0,307.9,5.49,23.88
51,medium,13,08:13:41,08:13:43,08:14:20,COMPLETED,26972.0,613.6,2.36,39.06
100,medium,13,08:11:29,08:11:34,08:14:32,COMPLETED,29186.0,2959.1,5.87,183.32
145,medium,13,08:11:59,08:11:59,08:14:32,COMPLETED,29096.0,2551.3,0.31,153.32
134,medium,14,08:08:49,08:08:49,08:16:16,COMPLETED,29390.0,7453.4,0.45,447.57
126,medium,14,08:09:42,08:09:44,08:16:35,COMPLETED,34979.0,6839.2,2.83,413.08
21,medium,14,08:10:22,08:10:27,08:16:59,COMPLETED,28001.0,6534.4,5.70,397.66
118,easy,12,08:16:08,08:16:10,08:16:59,COMPLETED,27937.0,823.7,2.41,51.66
2,medium,13,08:10:41,08:10:45,08:18:01,COMPLETED,31308.0,7256.6,4.98,440.18
19,easy,12,08:17:33,08:17:36,08:18:19,COMPLETED,30307.0,723.1,3.50,46.77
40,medium,13,08:01:58,08:02:00,08:18:25,COMPLETED,42143.0,16418.2,2.90,987.96
38,easy,12,08:17:44,08:17:48,08:18:44,COMPLETED,32706.0,926.6,4.89,60.41
109,easy,11,08:18:01,08:18:01,08:18:50,COMPLETED,28069.0,824.4,0.18,49.51
32,easy,11,08:19:48,08:19:51,08:20:04,COMPLETED,25835.0,208.8,3.73,16.12
141,medium,13,08:19:52,08:19:57,08:20:34,COMPLETED,28199.0,619.6,5.86,42.91
70,medium,14,08:09:35,08:09:38,08:21:05,COMPLETED,29186.0,11454.0,3.55,690.71
122,medium,14,08:03:39,08:03:44,08:21:36,COMPLETED,29954.0,17869.4,5.20,1077.28
76,easy,11,08:21:37,08:21:42,08:21:54,COMPLETED,25592.0,205.5,5.45,17.69
59,medium,14,08:17:38,08:17:42,08:22:00,COMPLETED,32717.0,4302.2,4.76,262.80
73,medium,14,08:09:07,08:09:07,08:22:06,COMPLETED,31322.0,12984.9,0.89,779.95
127,medium,13,08:20:51,08:20:53,08:22:19,COMPLETED,27860.0,1430.4,2.37,88.13
6,medium,13,08:20:19,08:20:22,08:22:55,COMPLETED,29021.0,2552.1,3.60,156.65
60,medium,14,08:03:35,08:03:38,08:23:07,COMPLETED,32456.0,19495.9,3.11,1172.84
120,hard,15,08:07:28,08:07:29,08:23:19,COMPLETED,30237.0,15834.6,1.99,952.00
54,easy,11,08:23:17,08:23:19,08:23:32,COMPLETED,32547.0,205.8,3.00,15.22
94,easy,12,08:25:45,08:25:46,08:25:52,COMPLETED,25027.0,104.9,1.40,7.54
105,easy,11,08:25:48,08:25:52,08:26:04,COMPLETED,19378.0,205.9,4.54,16.82
20,medium,13,08:08:17,08:08:18,08:26:23,COMPLETED,39264.0,18075.3,1.87,1086.34
147,easy,11,08:25:47,08:25:52,08:26:23,COMPLETED,31455.0,516.3,5.54,36.34
88,medium,13,08:23:55,08:23:56,08:26:29,COMPLETED,32339.0,2551.0,1.61,154.56
66,easy,12,08:26:56,08:27:00,08:27:49,COMPLETED,29400.0,820.6,4.25,53.41
121,easy,12,08:27:37,08:27:37,08:28:07,COMPLETED,32554.0,513.3,0.17,30.81
85,easy,11,08:28:44,08:28:44,08:28:50,COMPLETED,24792.0,107.6,0.59,6.82
104,medium,14,08:23:29,08:23:32,08:29:46,COMPLETED,33785.0,6233.7,3.22,377.06
123,hard,15,08:21:33,08:21:36,08:30:10,COMPLETED,35260.0,8574.3,3.28,517.65
43,easy,11,08:30:22,08:30:22,08:30:29,COMPLETED,25686.0,108.1,0.91,7.14
50,medium,14,08:26:17,08:26:17,08:30:35,COMPLETED,35839.0,4308.0,0.08,258.45
58,easy,11,08:30:28,08:30:29,08:30:35,COMPLETED,22339.0,107.9,1.14,7.45
3,easy,11,08:29:46,08:29:46,08:30:41,COMPLETED,27564.0,928.7,0.06,55.66
128,easy,11,08:30:54,08:31:00,08:31:12,COMPLETED,30429.0,206.6,6.03,18.30
18,medium,13,08:28:47,08:28:50,08:31:55,COMPLETED,32963.0,3081.2,3.82,188.59
97,easy,11,08:31:38,08:31:43,08:31:55,COMPLETED,27208.0,209.4,5.19,17.59
83,easy,12,08:31:31,08:31:36,08:32:38,COMPLETED,33580.0,1029.1,5.79,67.47
23,easy,12,08:32:31,08:32:32,08:32:50,COMPLETED,31524.0,307.6,1.32,19.70
117,easy,11,08:34:05,08:34:10,08:34:16,COMPLETED,20603.0,103.8,5.05,11.19
45,easy,12,08:34:31,08:34:34,08:34:46,COMPLETED,31508.0,205.9,3.55,15.80
17,easy,12,08:33:23,08:33:27,08:35:29,COMPLETED,28165.0,2042.3,4.29,126.70
14,medium,13,08:34:18,08:34:22,08:35:29,COMPLETED,22808.0,1125.8,4.30,71.70
49,easy,11,08:35:20,08:35:23,08:35:29,COMPLETED,26703.0,105.4,3.54,9.70
112,easy,11,08:35:38,08:35:41,08:36:00,COMPLETED,27311.0,310.0,4.00,22.51
39,easy,11,08:35:54,08:35:54,08:36:00,COMPLETED,27063.0,104.6,0.35,6.51
133,easy,12,08:35:46,08:35:48,08:36:49,COMPLETED,22313.0,1026.1,2.19,63.66
129,easy,12,08:36:33,08:36:37,08:37:14,COMPLETED,22095.0,616.6,4.36,41.16
16,medium,13,08:36:19,08:36:25,08:37:20,COMPLETED,31337.0,924.6,6.03,61.40
67,medium,14,08:31:36,08:31:36,08:37:51,COMPLETED,28981.0,6238.7,0.79,375.17
114,easy,11,08:37:25,08:37:26,08:38:03,COMPLETED,22936.0,625.4,1.53,38.88
99,hard,15,08:03:24,08:03:25,08:38:10,COMPLETED,32448.0,34736.3,1.95,2086.11
140,easy,12,08:37:33,08:37:38,08:38:10,COMPLETED,28414.0,524.0,5.80,37.11
34,hard,15,08:19:43,08:19:45,08:38:47,COMPLETED,32610.0,19026.4,2.59,1144.11
15,easy,12,08:37:52,08:37:57,08:39:05,COMPLETED,31562.0,1133.5,5.70,73.57
98,easy,11,08:38:57,08:38:59,08:39:05,COMPLETED,27412.0,105.2,2.42,8.57
143,easy,12,08:39:37,08:39:42,08:39:49,COMPLETED,27049.0,109.3,5.66,12.05
90,easy,12,08:39:30,08:39:30,08:40:14,COMPLETED,26653.0,734.0,0.31,44.18
93,easy,11,08:40:06,08:40:07,08:40:20,COMPLETED,25506.0,214.6,1.84,14.41
86,easy,12,08:39:18,08:39:23,08:40:26,COMPLETED,28125.0,1049.5,6.00,68.78
4,easy,11,08:40:10,08:40:14,08:40:26,COMPLETED,23867.0,214.5,4.18,16.78
61,easy,11,08:40:17,08:40:20,08:40:33,COMPLETED,29583.0,214.1,3.41,16.11
62,easy,12,08:39:58,08:40:01,08:41:10,COMPLETED,32663.0,1145.2,3.45,72.07
28,easy,12,08:39:59,08:40:01,08:41:41,COMPLETED,29937.0,1661.5,2.45,102.06
75,medium,14,08:35:16,08:35:17,08:42:36,COMPLETED,37859.0,7323.0,1.38,440.65
12,medium,13,08:42:28,08:42:30,08:43:26,COMPLETED,28463.0,929.5,2.47,58.11
29,easy,11,08:42:31,08:42:36,08:43:26,COMPLETED,26943.0,826.9,5.65,55.11
22,easy,12,08:44:02,08:44:02,08:45:04,COMPLETED,32415.0,1024.9,0.91,62.29
10,easy,11,08:44:50,08:44:51,08:45:04,COMPLETED,19233.0,207.3,1.99,14.29
137,hard,15,08:31:31,08:31:36,08:45:34,COMPLETED,35624.0,13968.8,5.79,843.96
132,hard,15,08:34:54,08:34:59,08:45:34,COMPLETED,25939.0,10600.3,5.02,640.96
41,medium,14,08:36:28,08:36:31,08:46:11,COMPLETED,26609.0,9676.7,3.18,583.67
81,easy,12,08:41:19,08:41:22,08:46:42,COMPLETED,35931.0,5335.5,3.39,323.40
89,easy,12,08:46:20,08:46:23,08:46:42,COMPLETED,32604.0,310.0,3.96,22.40
131,easy,11,08:46:46,08:46:48,08:47:25,COMPLETED,27215.0,616.4,2.59,39.41
125,easy,11,08:47:20,08:47:25,08:47:31,COMPLETED,31212.0,105.7,5.41,11.60
108,easy,11,08:47:52,08:47:56,08:48:02,COMPLETED,22792.0,105.8,4.24,10.42
149,easy,12,08:46:06,08:46:11,08:48:33,COMPLETED,31119.0,2362.0,5.67,147.27
25,easy,12,08:48:02,08:48:02,08:48:51,COMPLETED,30049.0,825.7,0.42,49.84
37,easy,11,08:48:45,08:48:45,08:48:51,COMPLETED,21095.0,105.5,0.61,6.84
102,easy,11,08:48:42,08:48:45,08:48:58,COMPLETED,22868.0,209.0,3.61,16.01
139,medium,13,08:47:43,08:47:43,08:49:22,COMPLETED,30505.0,1646.3,0.90,99.56
115,medium,14,08:42:23,08:42:24,08:49:28,COMPLETED,28334.0,7078.7,1.15,425.75
136,easy,11,08:49:17,08:49:22,08:49:34,COMPLETED,21028.0,208.1,5.56,17.94
69,easy,11,08:49:28,08:49:28,08:49:34,COMPLETED,21919.0,105.2,0.75,6.94
135,hard,15,08:24:29,08:24:33,08:49:53,COMPLETED,33564.0,25336.2,4.31,1524.39
103,easy,12,08:49:51,08:49:53,08:50:24,COMPLETED,30542.0,514.1,2.39,33.11
47,easy,11,08:50:12,08:50:17,08:50:24,COMPLETED,27589.0,105.2,5.94,12.11
55,easy,11,08:50:51,08:50:54,08:51:01,COMPLETED,23108.0,105.2,3.90,10.08
124,easy,12,08:50:45,08:50:48,08:51:07,COMPLETED,30982.0,310.6,3.73,22.23
116,easy,12,08:51:46,08:51:50,08:52:20,COMPLETED,24925.0,514.4,4.16,34.90
74,easy,11,08:52:33,08:52:33,08:52:39,COMPLETED,25917.0,105.2,0.18,6.36
106,easy,12,08:50:41,08:50:42,08:52:57,COMPLETED,34035.0,2255.6,1.56,136.77
48,medium,13,08:52:07,08:52:08,08:53:03,COMPLETED,29678.0,924.2,1.58,56.92
72,medium,14,08:47:05,08:47:06,08:55:19,COMPLETED,36098.0,8207.7,1.99,494.28
0,easy,12,08:56:10,08:56:14,08:56:27,COMPLETED,31255.0,209.6,4.88,17.31
5,easy,12,08:55:25,08:55:25,08:56:33,COMPLETED,29258.0,1134.6,0.53,68.49
33,easy,11,08:56:17,08:56:21,08:56:33,COMPLETED,30389.0,209.0,4.09,16.49
142,easy,11,08:57:50,08:57:53,08:58:05,COMPLETED,25995.0,209.7,3.54,15.95
138,easy,11,08:58:01,08:58:05,08:58:24,COMPLETED,37953.0,312.1,4.95,23.49
95,hard,15,08:13:34,08:13:37,09:00:28,COMPLETED,28308.0,46847.5,3.22,2814.03
64,medium,13,08:57:57,08:57:59,09:01:23,COMPLETED,33539.0,3401.0,2.75,206.69
217,easy,12,09:02:09,09:02:13,09:02:50,COMPLETED,31747.0,632.0,4.31,41.97
228,medium,13,09:01:27,09:01:29,09:03:15,COMPLETED,27031.0,1772.8,2.86,108.99
189,easy,11,09:03:08,09:03:09,09:03:22,COMPLETED,25653.0,216.9,1.61,14.30
235,easy,12,09:02:25,09:02:25,09:03:34,COMPLETED,32838.0,1152.9,0.92,69.84
295,easy,11,09:03:19,09:03:22,09:04:12,COMPLETED,31823.0,838.8,3.30,53.38
253,easy,11,09:04:46,09:04:49,09:05:02,COMPLETED,27371.0,213.2,3.94,16.44
275,medium,14,09:00:51,09:00:52,09:05:46,COMPLETED,33188.0,4898.4,1.75,295.49
297,easy,11,09:05:40,09:05:40,09:06:24,COMPLETED,24226.0,739.3,0.26,44.34
296,easy,12,09:05:48,09:05:52,09:07:02,COMPLETED,30154.0,1166.0,4.74,74.42
101,medium,14,08:46:41,08:46:42,09:07:15,COMPLETED,30932.0,20547.6,1.40,1234.09
197,easy,12,09:07:22,09:07:27,09:08:05,COMPLETED,36738.0,630.1,5.63,43.25
233,medium,14,09:05:30,09:05:33,09:08:11,COMPLETED,26865.0,2629.2,3.87,161.46
110,medium,13,08:58:19,08:58:24,09:08:17,COMPLETED,31038.0,9888.5,5.49,598.67
107,medium,14,08:02:00,08:02:00,09:08:42,COMPLETED,38597.0,66691.5,0.90,4002.41
53,hard,15,08:24:13,08:24:14,09:09:01,COMPLETED,28909.0,44770.3,1.93,2688.10
284,easy,12,09:04:31,09:04:31,09:09:01,COMPLETED,39664.0,4499.4,0.32,270.10
274,easy,12,09:08:47,09:08:48,09:10:02,COMPLETED,26962.0,1241.7,1.62,75.96
245,medium,13,09:08:53,09:08:54,09:10:15,COMPLETED,29974.0,1343.5,1.84,82.33
148,hard,15,08:58:16,08:58:18,09:10:52,COMPLETED,34309.0,12570.0,2.30,756.39
250,easy,11,09:10:59,09:11:04,09:11:17,COMPLETED,28826.0,209.1,5.78,18.17
262,easy,11,09:12:24,09:12:25,09:12:31,COMPLETED,31247.0,106.7,1.13,7.36
247,hard,15,09:03:54,09:03:59,09:12:43,COMPLETED,29461.0,8732.2,6.00,529.77
181,easy,12,09:11:35,09:11:35,09:12:43,COMPLETED,33058.0,1138.4,0.67,68.77
24,medium,14,08:59:17,08:59:20,09:14:18,COMPLETED,25134.0,14970.2,3.12,901.13
190,easy,12,09:13:10,09:13:15,09:14:37,COMPLETED,29816.0,1369.2,5.17,87.06
185,easy,12,09:13:31,09:13:34,09:15:08,COMPLETED,32882.0,1573.9,3.21,97.36
285,medium,13,09:12:40,09:12:43,09:15:33,COMPLETED,29918.0,2834.5,3.77,173.69
195,easy,11,09:15:17,09:15:20,09:15:33,COMPLETED,31400.0,214.7,3.98,16.69
13,medium,14,08:56:42,08:56:45,09:16:17,COMPLETED,39242.0,19532.9,3.86,1175.66
265,medium,14,09:05:27,09:05:27,09:16:23,COMPLETED,29496.0,10948.1,0.50,656.95
203,easy,11,09:16:22,09:16:23,09:16:37,COMPLETED,31076.0,224.3,1.95,15.01
211,medium,13,09:13:08,09:13:08,09:16:49,COMPLETED,34719.0,3689.3,0.82,221.93
171,easy,11,09:16:23,09:16:23,09:16:49,COMPLETED,29466.0,437.1,0.95,26.93
169,easy,11,09:16:38,09:16:43,09:16:56,COMPLETED,25250.0,219.3,5.49,18.34
221,medium,14,09:13:19,09:13:21,09:17:09,COMPLETED,30018.0,3795.0,2.55,230.02
206,easy,11,09:16:30,09:16:30,09:17:15,COMPLETED,35300.0,749.6,0.53,45.35
244,easy,11,09:18:05,09:18:05,09:18:24,COMPLETED,24224.0,321.1,0.34,19.34
249,medium,14,09:16:36,09:16:37,09:18:43,COMPLETED,29138.0,2107.8,1.01,127.21
52,hard,15,08:46:29,08:46:30,09:19:08,COMPLETED,23982.0,32637.9,1.12,1959.30
298,easy,12,09:18:46,09:18:49,09:19:33,COMPLETED,24689.0,728.1,3.53,47.05
35,medium,14,08:39:40,08:39:42,09:19:45,COMPLETED,31478.0,40045.6,2.66,2405.41
196,easy,12,09:19:44,09:19:45,09:20:03,COMPLETED,17162.0,312.2,1.41,19.98
158,medium,14,09:01:29,09:01:29,09:21:42,COMPLETED,32775.0,20214.3,0.86,1213.66
180,easy,12,09:22:09,09:22:13,09:22:38,COMPLETED,31603.0,416.2,4.50,29.29
57,hard,15,08:12:46,08:12:48,09:23:03,COMPLETED,33015.0,70248.0,2.28,4217.14
255,hard,15,09:06:46,09:06:49,09:23:03,COMPLETED,31152.0,16227.8,3.59,977.14
238,easy,12,09:22:39,09:22:44,09:23:15,COMPLETED,28158.0,519.0,5.50,36.49
267,easy,12,09:22:54,09:22:56,09:23:15,COMPLETED,26254.0,312.4,2.91,21.49
292,easy,12,09:22:49,09:22:50,09:23:33,COMPLETED,29385.0,723.9,1.71,44.99
155,easy,12,09:23:45,09:23:46,09:24:04,COMPLETED,21362.0,316.7,1.32,19.96
187,easy,11,09:24:01,09:24:04,09:24:11,COMPLETED,23391.0,110.9,3.96,10.37
11,medium,14,08:43:49,08:43:50,09:24:17,COMPLETED,32624.0,40451.2,1.64,2428.66
87,hard,15,08:24:17,08:24:21,09:25:51,COMPLETED,33640.0,61502.5,4.05,3694.17
173,easy,11,09:26:32,09:26:34,09:27:00,COMPLETED,26198.0,424.2,2.77,28.09
286,easy,11,09:27:23,09:27:24,09:27:37,COMPLETED,26873.0,214.6,1.83,14.60
210,easy,12,09:27:40,09:27:43,09:28:15,COMPLETED,30551.0,531.7,3.92,35.42
186,medium,13,09:27:23,09:27:24,09:28:28,COMPLETED,25717.0,1058.0,1.83,65.16
294,medium,13,09:25:10,09:25:13,09:28:47,COMPLETED,29675.0,3558.7,3.69,217.03
299,easy,11,09:28:44,09:28:47,09:28:53,COMPLETED,30234.0,106.7,3.03,9.27
257,easy,12,09:28:35,09:28:40,09:29:05,COMPLETED,25925.0,422.5,5.63,30.73
230,easy,12,09:28:13,09:28:15,09:29:18,COMPLETED,25897.0,1051.9,2.42,65.28
223,easy,11,09:29:00,09:29:05,09:29:24,COMPLETED,30209.0,318.8,5.73,24.59
26,hard,15,08:54:48,08:54:48,09:29:43,COMPLETED,34800.0,34922.1,0.32,2095.54
266,medium,14,09:04:22,09:04:24,09:29:56,COMPLETED,34208.0,25522.8,2.95,1534.11
256,easy,12,09:29:56,09:29:56,09:30:08,COMPLETED,22579.0,210.9,0.11,12.61
282,easy,12,09:29:31,09:29:37,09:30:27,COMPLETED,29279.0,836.6,6.16,56.18
280,easy,11,09:29:56,09:29:56,09:30:33,COMPLETED,24063.0,624.6,0.11,37.40
248,easy,11,09:30:12,09:30:14,09:30:39,COMPLETED,22684.0,418.1,2.80,27.69
279,easy,12,09:31:38,09:31:41,09:31:47,COMPLETED,29520.0,107.8,3.57,9.84
27,hard,15,08:44:16,08:44:21,09:31:54,COMPLETED,27953.0,47546.8,5.32,2858.07
236,easy,11,09:31:40,09:31:41,09:32:06,COMPLETED,31423.0,416.4,1.57,26.44
232,medium,14,09:01:02,09:01:05,09:32:18,COMPLETED,28647.0,31228.9,3.13,1876.79
119,medium,14,08:39:15,08:39:17,09:32:55,COMPLETED,37387.0,53634.2,2.84,3220.85
159,easy,11,09:33:12,09:33:14,09:33:20,COMPLETED,31490.0,106.3,2.36,8.58
264,easy,12,09:31:16,09:31:16,09:33:39,COMPLETED,28466.0,2373.9,0.79,143.08
271,medium,13,09:32:32,09:32:37,09:34:03,COMPLETED,28754.0,1447.3,5.30,91.99
166,easy,12,09:33:52,09:33:57,09:35:12,COMPLETED,25699.0,1246.5,5.74,80.28
268,easy,11,09:35:03,09:35:05,09:35:12,COMPLETED,27673.0,112.4,2.85,9.28
220,easy,11,09:35:37,09:35:37,09:35:43,COMPLETED,30228.0,112.0,0.46,6.89
183,easy,12,09:35:15,09:35:18,09:35:50,COMPLETED,27020.0,531.4,3.63,35.23
219,medium,13,09:26:46,09:26:47,09:36:53,COMPLETED,36036.0,10097.5,1.37,607.10
160,medium,14,09:29:22,09:29:24,09:37:18,COMPLETED,27965.0,7897.4,2.59,476.21
167,medium,13,09:33:48,09:33:51,09:37:37,COMPLETED,32507.0,3769.1,3.51,229.41
269,easy,11,09:37:29,09:37:30,09:37:43,COMPLETED,18245.0,218.8,1.81,14.76
281,easy,11,09:38:06,09:38:09,09:38:15,COMPLETED,26378.0,109.4,3.10,9.37
224,easy,11,09:38:06,09:38:09,09:38:46,COMPLETED,30553.0,632.7,3.10,40.84
175,medium,13,09:36:26,09:36:27,09:38:53,COMPLETED,32294.0,2422.3,1.96,147.09
177,easy,12,09:38:41,09:38:46,09:39:11,COMPLETED,26734.0,424.2,5.84,31.00
287,medium,14,09:26:42,09:26:47,09:40:27,COMPLETED,29229.0,13679.5,5.37,825.97
288,easy,12,09:39:41,09:39:43,09:40:40,COMPLETED,24747.0,955.1,2.73,59.72
200,easy,11,09:40:29,09:40:34,09:40:47,COMPLETED,25453.0,221.6,5.25,18.11
182,easy,11,09:40:44,09:40:47,09:40:59,COMPLETED,25658.0,218.8,3.11,15.93
240,easy,11,09:41:14,09:41:18,09:41:25,COMPLETED,34818.0,109.6,4.74,11.04
202,easy,12,09:41:05,09:41:06,09:41:50,COMPLETED,30734.0,733.4,1.28,45.08
272,easy,12,09:41:24,09:41:25,09:42:02,COMPLETED,24844.0,628.0,1.04,38.53
193,easy,12,09:40:22,09:40:27,09:42:08,COMPLETED,32903.0,1682.9,5.97,106.75
164,medium,14,09:37:30,09:37:30,09:42:14,COMPLETED,30302.0,4735.9,0.81,284.98
226,easy,11,09:42:38,09:42:39,09:43:11,COMPLETED,27207.0,523.5,1.80,33.05
277,medium,13,09:37:46,09:37:50,09:43:54,COMPLETED,32261.0,6081.9,4.09,368.83
151,easy,11,09:43:43,09:43:48,09:43:54,COMPLETED,25246.0,108.9,5.52,11.83
276,easy,12,09:43:28,09:43:29,09:44:13,COMPLETED,27922.0,733.3,1.76,45.56
260,easy,11,09:44:28,09:44:32,09:44:50,COMPLETED,33073.0,316.5,4.19,22.94
218,medium,14,09:41:42,09:41:43,09:46:05,COMPLETED,31031.0,4367.1,1.81,263.64
215,easy,11,09:46:34,09:46:37,09:46:43,COMPLETED,30855.0,109.9,3.33,9.58
201,medium,14,09:42:35,09:42:39,09:47:02,COMPLETED,32908.0,4382.4,4.80,267.56
152,easy,12,09:47:03,09:47:08,09:48:05,COMPLETED,28138.0,954.2,5.78,62.72
222,medium,13,09:39:53,09:39:56,09:48:31,COMPLETED,35014.0,8585.0,3.31,518.03
258,easy,12,09:48:24,09:48:24,09:49:02,COMPLETED,25953.0,638.6,0.61,38.60
191,easy,12,09:48:30,09:48:31,09:49:34,COMPLETED,22714.0,1057.8,1.03,64.18
174,easy,11,09:50:26,09:50:31,09:50:44,COMPLETED,22908.0,225.4,5.26,18.45
289,easy,12,09:50:05,09:50:05,09:50:50,COMPLETED,27823.0,757.2,0.82,45.85
207,easy,12,09:50:50,09:50:50,09:51:54,COMPLETED,24675.0,1063.4,0.85,64.41
178,easy,11,09:51:06,09:51:09,09:52:06,COMPLETED,26301.0,958.2,3.91,60.93
259,easy,12,09:50:30,09:50:31,09:52:19,COMPLETED,30979.0,1807.3,1.26,109.72
198,easy,12,09:52:04,09:52:06,09:52:44,COMPLETED,33885.0,632.6,2.93,40.64
214,medium,14,09:40:58,09:40:59,09:53:47,COMPLETED,28982.0,12788.3,1.93,769.05
170,easy,12,09:53:36,09:53:40,09:54:12,COMPLETED,25330.0,526.0,4.73,36.08
239,medium,14,09:50:11,09:50:12,09:54:37,COMPLETED,28985.0,4415.6,1.27,266.01
291,medium,13,09:44:50,09:44:50,09:55:01,COMPLETED,24215.0,10186.6,0.94,611.95
212,easy,12,09:54:54,09:54:55,09:55:14,COMPLETED,23623.0,315.7,1.67,20.41
242,hard,15,09:06:31,09:06:36,09:55:39,COMPLETED,33102.0,49039.9,5.98,2948.31
225,medium,14,09:39:31,09:39:31,09:55:57,COMPLETED,30185.0,16451.3,0.03,986.95
241,medium,14,09:46:23,09:46:24,09:56:35,COMPLETED,34021.0,10183.8,1.46,612.32
209,medium,13,09:54:16,09:54:18,09:56:41,COMPLETED,28617.0,2390.5,2.31,145.55
165,easy,12,09:56:19,09:56:22,09:56:41,COMPLETED,24965.0,315.2,3.85,22.55
208,easy,12,09:56:16,09:56:16,09:57:25,COMPLETED,31468.0,1147.7,0.59,69.26
243,easy,12,09:57:52,09:57:56,09:58:46,COMPLETED,23642.0,838.6,4.57,54.63
283,easy,12,09:57:58,09:58:02,09:58:59,COMPLETED,25420.0,943.0,4.87,61.22
261,easy,12,09:58:34,09:58:34,09:58:59,COMPLETED,28255.0,423.0,0.08,25.22
293,easy,12,09:57:48,09:57:50,09:59:11,COMPLETED,34372.0,1360.2,2.28,83.71
254,medium,13,09:54:55,09:54:55,09:59:36,COMPLETED,32755.0,4687.2,0.67,281.76
157,easy,11,09:59:56,10:00:01,10:00:07,COMPLETED,26101.0,108.4,5.68,11.95
194,hard,15,09:40:08,09:40:09,10:00:14,COMPLETED,34536.0,20088.3,1.09,1206.21
156,medium,14,09:57:31,09:57:31,10:01:16,COMPLETED,32799.0,3759.7,0.49,225.83
446,easy,12,10:01:14,10:01:16,10:01:29,COMPLETED,27215.0,213.8,2.83,15.42
351,easy,12,10:01:27,10:01:29,10:01:35,COMPLETED,26250.0,109.0,2.42,8.73
347,medium,13,10:01:14,10:01:16,10:03:16,COMPLETED,33053.0,1997.0,2.83,122.29
340,easy,11,10:03:01,10:03:03,10:03:22,COMPLETED,32027.0,328.3,2.41,21.73
163,hard,15,09:37:29,09:37:30,10:03:41,COMPLETED,40659.0,26188.9,1.81,1572.99
311,easy,11,10:03:29,10:03:29,10:03:41,COMPLETED,26999.0,218.2,0.15,12.99
323,easy,11,10:03:43,10:03:48,10:03:54,COMPLETED,21713.0,116.7,5.26,11.89
405,easy,12,10:03:33,10:03:35,10:04:07,COMPLETED,27239.0,540.6,2.64,34.75
231,medium,14,09:57:26,09:57:31,10:05:04,COMPLETED,30338.0,7559.9,5.49,458.86
343,medium,13,10:03:47,10:03:48,10:05:17,COMPLETED,29889.0,1489.5,1.26,90.54
380,easy,11,10:04:53,10:04:58,10:05:23,COMPLETED,33095.0,426.2,5.57,30.85
371,easy,11,10:05:09,10:05:11,10:05:36,COMPLETED,27435.0,424.7,2.17,27.43
354,easy,11,10:05:09,10:05:11,10:05:55,COMPLETED,35882.0,740.2,2.17,46.36
184,hard,15,09:50:29,09:50:31,10:06:32,COMPLETED,29635.0,16027.6,2.26,963.85
273,medium,13,09:57:45,09:57:50,10:06:45,COMPLETED,35463.0,8920.8,5.28,540.35
251,medium,14,09:37:17,09:37:18,10:07:35,COMPLETED,35048.0,30286.9,1.21,1818.23
338,easy,11,10:07:33,10:07:35,10:07:47,COMPLETED,27126.0,212.4,2.23,14.75
344,medium,13,10:03:43,10:03:48,10:08:06,COMPLETED,35628.0,4304.9,5.26,263.45
7,hard,15,08:05:24,08:05:27,10:08:56,COMPLETED,29101.0,123479.9,3.46,7412.22
366,easy,11,10:09:09,10:09:15,10:09:27,COMPLETED,28887.0,212.2,6.01,18.53
439,easy,11,10:09:38,10:09:39,10:09:46,COMPLETED,26259.0,108.9,1.98,8.26
426,easy,11,10:10:09,10:10:11,10:10:17,COMPLETED,22824.0,109.8,2.35,8.66
302,easy,12,10:11:27,10:11:27,10:11:59,COMPLETED,29757.0,539.3,0.27,32.57
397,easy,11,10:12:00,10:12:05,10:12:31,COMPLETED,25561.0,441.0,5.85,31.89
447,easy,12,10:12:09,10:12:12,10:12:51,COMPLETED,29252.0,652.1,3.70,42.40
278,hard,15,09:33:45,09:33:45,10:13:04,COMPLETED,37052.0,39324.0,0.26,2359.49
333,medium,13,10:08:51,10:08:56,10:14:21,COMPLETED,24423.0,5420.1,5.22,330.19
234,medium,14,09:56:51,09:56:53,10:14:53,COMPLETED,29952.0,17992.7,2.98,1082.35
309,medium,14,10:09:51,10:09:52,10:16:29,COMPLETED,31685.0,6619.7,1.55,398.52
359,easy,12,10:16:13,10:16:16,10:16:35,COMPLETED,29784.0,328.8,3.39,22.82
327,easy,12,10:16:36,10:16:42,10:16:54,COMPLETED,18988.0,215.4,6.16,18.80
352,medium,14,10:09:43,10:09:46,10:17:07,COMPLETED,29964.0,7355.5,3.26,444.39
213,hard,15,09:58:41,09:58:46,10:17:26,COMPLETED,22100.0,18662.8,5.63,1125.23
425,medium,14,10:10:00,10:10:05,10:18:03,COMPLETED,31038.0,7985.6,5.05,483.94
315,medium,14,10:11:43,10:11:46,10:18:29,COMPLETED,22924.0,6707.5,3.99,406.22
436,easy,11,10:19:10,10:19:13,10:19:25,COMPLETED,26827.0,214.2,3.10,15.69
229,medium,14,09:59:18,09:59:24,10:19:31,COMPLETED,39025.0,20132.6,6.19,1213.97
441,medium,13,10:12:04,10:12:05,10:19:50,COMPLETED,31750.0,7750.8,1.85,466.78
252,hard,15,09:08:49,09:08:54,10:20:15,COMPLETED,30721.0,71352.7,5.84,4286.94
341,easy,12,10:20:08,10:20:09,10:20:22,COMPLETED,33159.0,215.4,1.58,14.21
375,easy,11,10:20:26,10:20:28,10:20:34,COMPLETED,25212.0,109.5,2.53,8.85
401,easy,12,10:10:55,10:10:55,10:20:47,COMPLETED,42645.0,9872.0,0.25,592.38
448,medium,14,10:14:46,10:14:46,10:20:53,COMPLETED,29395.0,6118.1,0.79,367.66
389,medium,14,10:11:26,10:11:27,10:22:28,COMPLETED,25443.0,11026.1,1.27,662.61
392,easy,12,10:21:17,10:21:18,10:22:35,COMPLETED,31018.0,1277.7,1.67,78.05
150,hard,15,09:11:43,09:11:48,10:23:38,COMPLETED,37582.0,71845.1,5.05,4315.63
378,easy,11,10:24:09,10:24:10,10:24:23,COMPLETED,24594.0,225.8,1.66,14.89
395,medium,13,10:20:19,10:20:22,10:24:55,COMPLETED,29635.0,4563.3,3.21,276.72
188,medium,14,09:57:07,09:57:12,10:25:08,COMPLETED,28771.0,27932.2,5.69,1681.48
339,easy,12,10:25:11,10:25:14,10:25:27,COMPLETED,28413.0,220.5,3.74,16.56
402,medium,14,10:11:24,10:11:27,10:26:44,COMPLETED,28015.0,15287.6,3.27,920.12
440,easy,11,10:27:09,10:27:09,10:27:22,COMPLETED,28604.0,223.3,0.79,13.77
308,medium,14,10:11:28,10:11:34,10:29:28,COMPLETED,38059.0,17920.5,6.01,1080.98
350,easy,11,10:28:53,10:28:57,10:29:28,COMPLETED,33310.0,532.2,4.42,35.98
419,easy,11,10:29:18,10:29:22,10:29:28,COMPLETED,24703.0,112.3,4.65,10.98
434,medium,13,10:10:47,10:10:48,10:29:54,COMPLETED,38896.0,19091.9,1.94,1147.27
391,medium,14,10:17:50,10:17:51,10:30:13,COMPLETED,33229.0,12369.0,1.31,743.14
318,medium,14,10:24:16,10:24:17,10:30:19,COMPLETED,25514.0,6040.4,1.24,363.55
443,hard,15,10:05:46,10:05:49,10:30:38,COMPLETED,30157.0,24826.3,3.01,1492.41
406,easy,12,10:29:27,10:29:28,10:30:38,COMPLETED,28561.0,1161.5,1.98,71.41
176,medium,14,09:30:31,09:30:33,10:30:57,COMPLETED,31625.0,60399.0,2.40,3626.21
362,medium,14,10:02:41,10:02:44,10:31:09,COMPLETED,28725.0,28424.6,3.62,1708.91
424,easy,11,10:30:21,10:30:25,10:31:22,COMPLETED,37814.0,948.3,4.84,61.50
363,easy,11,10:31:23,10:31:28,10:31:35,COMPLETED,23298.0,111.1,5.76,12.10
377,easy,12,10:30:59,10:31:03,10:31:47,COMPLETED,31590.0,740.3,4.55,48.70
408,easy,11,10:32:15,10:32:18,10:32:25,COMPLETED,32454.0,109.5,3.95,10.28
390,easy,11,10:32:18,10:32:18,10:32:31,COMPLETED,27001.0,213.3,0.95,13.55
205,hard,15,09:16:00,09:16:04,10:33:28,COMPLETED,32982.0,77397.3,4.84,4648.61
376,medium,14,10:24:15,10:24:17,10:33:34,COMPLETED,33439.0,9299.0,2.24,559.87
364,easy,11,10:33:35,10:33:41,10:34:00,COMPLETED,20036.0,333.7,6.28,25.92
381,easy,11,10:33:48,10:33:54,10:34:00,COMPLETED,24698.0,115.5,6.42,12.92
324,easy,11,10:33:44,10:33:47,10:34:38,COMPLETED,34617.0,855.1,3.93,54.86
445,easy,11,10:35:34,10:35:36,10:35:49,COMPLETED,33003.0,217.4,2.25,15.02
449,easy,11,10:35:24,10:35:29,10:35:55,COMPLETED,24197.0,430.7,5.72,31.33
322,easy,11,10:36:14,10:36:14,10:36:20,COMPLETED,33272.0,118.0,0.24,6.83
319,hard,15,10:29:09,10:29:09,10:36:27,COMPLETED,28814.0,7297.5,0.99,438.38
312,medium,14,10:21:26,10:21:31,10:36:52,COMPLETED,35611.0,15366.6,5.28,926.96
154,medium,14,09:14:10,09:14:11,10:36:59,COMPLETED,31624.0,82794.7,1.85,4969.41
409,easy,12,10:36:21,10:36:27,10:36:59,COMPLETED,19758.0,540.7,6.38,38.41
367,easy,12,10:37:56,10:37:56,10:38:15,COMPLETED,26247.0,327.6,0.56,19.83
300,medium,13,10:34:44,10:34:45,10:38:41,COMPLETED,22996.0,3936.1,1.28,237.10
329,medium,14,10:26:39,10:26:44,10:39:00,COMPLETED,28624.0,12272.3,5.12,741.19
398,easy,11,10:39:20,10:39:25,10:39:31,COMPLETED,23501.0,109.0,5.28,11.55
321,easy,12,10:39:40,10:39:44,10:40:15,COMPLETED,26785.0,527.5,4.08,35.46
335,easy,12,10:39:53,10:39:56,10:40:28,COMPLETED,26158.0,528.6,3.62,35.05
330,easy,11,10:41:25,10:41:30,10:41:43,COMPLETED,28151.0,213.3,5.70,18.26
349,easy,12,10:39:14,10:39:18,10:42:58,COMPLETED,37059.0,3660.6,5.00,224.41
382,easy,12,10:42:47,10:42:52,10:43:11,COMPLETED,32511.0,321.8,5.10,24.05
435,easy,12,10:43:04,10:43:04,10:43:42,COMPLETED,28295.0,639.2,0.69,38.78
290,hard,15,09:25:34,09:25:38,10:43:55,COMPLETED,29141.0,78283.2,4.55,4701.39
432,easy,12,10:43:35,10:43:36,10:44:08,COMPLETED,30867.0,536.5,1.39,33.36
421,easy,11,10:44:27,10:44:27,10:44:40,COMPLETED,16425.0,225.6,0.50,13.62
374,hard,15,10:15:59,10:16:03,10:45:12,COMPLETED,32747.0,29159.8,4.37,1753.68
427,easy,12,10:45:14,10:45:19,10:45:31,COMPLETED,26571.0,216.4,5.17,17.89
388,medium,14,10:42:40,10:42:45,10:45:44,COMPLETED,25826.0,2983.8,5.79,184.47
384,easy,12,10:45:21,10:45:25,10:45:44,COMPLETED,24019.0,322.5,4.53,23.47
403,easy,12,10:45:40,10:45:44,10:46:42,COMPLETED,33284.0,972.8,4.47,62.57
346,medium,14,10:36:15,10:36:20,10:46:55,COMPLETED,26019.0,10578.4,5.83,640.34
410,medium,13,10:40:35,10:40:40,10:48:06,COMPLETED,27009.0,7432.9,5.60,451.21
307,easy,12,10:47:15,10:47:20,10:49:10,COMPLETED,31548.0,1832.4,5.89,115.39
387,easy,11,10:48:59,10:49:03,10:49:30,COMPLETED,29975.0,445.9,4.88,31.05
383,easy,11,10:49:23,10:49:23,10:49:30,COMPLETED,26567.0,120.4,0.45,7.05
415,easy,12,10:49:26,10:49:30,10:49:36,COMPLETED,23556.0,120.9,4.05,10.73
429,easy,12,10:49:34,10:49:36,10:49:49,COMPLETED,22057.0,227.4,2.73,15.82
430,hard,15,10:39:31,10:39:31,10:50:15,COMPLETED,31449.0,10734.8,0.55,644.42
413,hard,15,10:18:14,10:18:16,10:50:53,COMPLETED,32537.0,32613.2,2.59,1959.21
325,easy,11,10:51:11,10:51:12,10:51:31,COMPLETED,30406.0,322.5,1.15,20.22
1,hard,15,08:49:35,08:49:41,10:51:37,COMPLETED,35184.0,121942.8,6.08,7322.60
301,easy,12,10:51:08,10:51:12,10:51:50,COMPLETED,24500.0,642.2,4.15,42.30
414,easy,11,10:51:27,10:51:31,10:51:50,COMPLETED,26519.0,324.8,4.22,23.30
385,easy,12,10:51:53,10:51:56,10:52:15,COMPLETED,25911.0,323.5,3.74,22.86
418,medium,13,10:38:55,10:39:00,10:52:53,COMPLETED,33874.0,13900.4,5.19,838.99
314,medium,13,10:47:23,10:47:27,10:52:53,COMPLETED,26367.0,5450.0,4.30,330.99
304,easy,12,10:52:08,10:52:22,10:53:00,COMPLETED,27248.0,643.4,14.19,52.39
369,easy,11,10:52:28,10:53:00,10:53:06,COMPLETED,27422.0,112.5,32.39,38.83
334,medium,13,10:51:03,10:51:05,10:53:13,COMPLETED,32958.0,2129.0,2.83,130.22
437,easy,12,10:53:09,10:53:19,10:53:51,COMPLETED,23467.0,533.0,10.63,42.30
227,hard,15,09:27:19,09:27:24,10:54:29,COMPLETED,22709.0,87074.5,5.83,5230.23
370,hard,15,10:25:20,10:25:21,10:55:13,COMPLETED,29884.0,29882.2,1.04,1793.78
396,medium,14,10:30:12,10:30:13,10:55:13,COMPLETED,31338.0,25014.3,1.14,1501.78
326,medium,14,10:52:20,10:53:00,10:55:33,COMPLETED,28222.0,2552.9,40.39,193.09
313,easy,12,10:54:40,10:54:41,10:55:52,COMPLETED,18475.0,1187.7,1.87,72.63
407,easy,11,10:55:23,10:55:26,10:55:59,COMPLETED,32126.0,551.9,3.47,36.20
355,easy,11,10:56:05,10:56:05,10:56:12,COMPLETED,22840.0,117.7,0.62,7.23
345,medium,14,10:52:55,10:53:13,10:56:18,COMPLETED,28146.0,3099.7,18.22,203.73
303,medium,13,10:43:32,10:43:36,10:56:25,COMPLETED,33224.0,12820.5,4.39,773.25
423,easy,11,10:56:53,10:56:57,10:57:23,COMPLETED,31219.0,436.0,4.55,30.24
342,easy,11,10:57:13,10:57:16,10:57:23,COMPLETED,29789.0,114.9,3.85,10.24
393,medium,14,10:44:52,10:44:53,10:57:42,COMPLETED,34358.0,12822.8,1.68,770.69
431,medium,14,10:54:05,10:54:10,10:57:42,COMPLETED,33453.0,3549.0,5.25,217.69
337,easy,11,10:57:49,10:57:49,10:57:55,COMPLETED,23472.0,117.3,0.24,6.92
348,medium,13,10:57:43,10:57:49,10:58:21,COMPLETED,24587.0,545.5,6.24,38.55
356,easy,11,10:58:10,10:58:15,10:58:28,COMPLETED,24200.0,221.6,5.22,18.03
422,medium,14,10:46:03,10:46:03,10:59:19,COMPLETED,33630.0,13277.2,0.59,796.91
412,easy,11,10:59:14,10:59:19,10:59:26,COMPLETED,25206.0,114.6,5.91,12.32
404,medium,14,10:29:12,10:29:16,10:59:32,COMPLETED,28791.0,30280.0,4.31,1820.82
373,hard,15,10:51:47,10:51:50,11:00:49,COMPLETED,39231.0,9000.0,3.30,542.91
192,hard,15,09:51:52,09:51:54,11:00:56,COMPLETED,39211.0,69036.5,2.41,4144.41
357,medium,14,10:52:02,10:52:03,11:01:41,COMPLETED,33483.0,9635.3,1.09,579.01
442,hard,15,10:16:19,10:16:22,11:01:59,COMPLETED,36286.0,45617.7,3.96,2740.87
316,medium,14,10:51:57,10:52:03,11:02:43,COMPLETED,35172.0,10682.7,6.09,646.82
379,medium,14,10:24:06,10:24:10,11:03:27,COMPLETED,35925.0,39288.9,4.66,2361.85
146,hard,15,08:50:25,08:50:30,11:03:46,COMPLETED,31455.0,133274.2,5.27,8001.67
438,medium,14,10:43:07,10:43:11,11:03:52,COMPLETED,26272.0,20702.8,4.05,1245.97
80,hard,15,08:01:31,08:01:36,11:04:05,COMPLETED,22160.0,182482.2,5.73,10954.65
587,easy,11,11:03:51,11:03:52,11:04:18,COMPLETED,29788.0,425.2,1.97,27.22
444,hard,15,10:45:49,10:45:50,11:04:56,COMPLETED,29205.0,19088.9,1.91,1147.10
498,easy,12,11:04:29,11:04:30,11:05:21,COMPLETED,25452.0,849.2,1.78,52.42
216,medium,14,09:31:05,09:31:10,11:05:34,COMPLETED,29448.0,94393.8,5.58,5669.12
539,easy,11,11:05:08,11:05:08,11:05:34,COMPLETED,31074.0,428.3,0.71,26.12
460,easy,12,11:04:30,11:04:30,11:05:40,COMPLETED,35707.0,1165.4,0.78,70.48
113,hard,15,08:35:27,08:35:29,11:05:53,COMPLETED,36230.0,150391.6,2.70,9026.16
593,easy,11,11:05:44,11:05:46,11:05:53,COMPLETED,29385.0,111.1,2.81,9.16
420,medium,13,10:51:16,10:51:18,11:06:37,COMPLETED,36623.0,15317.4,2.56,921.41
510,easy,12,11:05:04,11:05:08,11:06:50,COMPLETED,32048.0,1694.9,4.71,106.11
517,medium,14,11:04:57,11:05:02,11:06:56,COMPLETED,26480.0,1906.2,5.39,119.46
556,easy,12,11:06:40,11:06:43,11:07:02,COMPLETED,31865.0,323.4,3.71,22.81
494,easy,11,11:06:43,11:06:43,11:07:02,COMPLETED,31392.0,323.2,0.71,19.81
473,medium,14,11:00:22,11:00:24,11:07:09,COMPLETED,29784.0,6755.6,2.09,407.17
565,medium,13,11:04:46,11:04:49,11:07:09,COMPLETED,27416.0,2328.5,3.77,143.17
463,easy,11,11:07:22,11:07:28,11:07:40,COMPLETED,25318.0,215.0,6.08,18.67
586,easy,12,11:06:26,11:06:30,11:07:47,COMPLETED,24892.0,1272.5,4.98,81.01
573,easy,11,11:08:00,11:08:05,11:08:12,COMPLETED,26981.0,111.9,5.87,12.25
563,medium,13,11:03:52,11:03:52,11:08:18,COMPLETED,37724.0,4431.2,0.97,266.64
459,easy,12,11:08:05,11:08:05,11:08:31,COMPLETED,22625.0,426.9,0.87,26.28
499,easy,11,11:08:43,11:08:43,11:08:50,COMPLETED,25706.0,110.4,0.85,7.21
358,medium,14,10:14:47,10:14:53,11:09:46,COMPLETED,23961.0,54894.0,6.35,3299.84
502,medium,14,11:03:56,11:03:59,11:09:53,COMPLETED,27162.0,5903.0,3.34,357.20
451,easy,12,11:09:23,11:09:27,11:09:53,COMPLETED,28882.0,428.2,4.89,30.20
306,hard,15,10:23:21,10:23:25,11:10:18,COMPLETED,31744.0,46882.4,4.79,2817.59
592,easy,11,11:10:57,11:11:02,11:11:21,COMPLETED,27821.0,323.3,5.89,25.00
576,medium,13,11:05:57,11:05:59,11:12:19,COMPLETED,33244.0,6334.3,2.51,382.20
594,medium,14,11:11:11,11:11:15,11:12:32,COMPLETED,32964.0,1280.6,4.62,81.14
416,medium,13,10:45:55,10:45:57,11:12:38,COMPLETED,39009.0,26691.5,2.26,1603.49
428,hard,15,10:58:47,10:58:47,11:13:30,COMPLETED,26244.0,14714.5,0.45,883.06
560,easy,11,11:13:22,11:13:23,11:13:42,COMPLETED,24767.0,326.0,1.55,20.83
581,easy,11,11:13:43,11:13:49,11:14:01,COMPLETED,24999.0,221.3,6.13,18.97
583,easy,11,11:14:18,11:14:21,11:14:34,COMPLETED,28644.0,222.4,3.11,16.13
493,easy,12,11:14:32,11:14:34,11:14:53,COMPLETED,24073.0,321.5,2.13,21.15
467,easy,11,11:14:36,11:14:40,11:14:53,COMPLETED,15671.0,215.8,4.49,17.15
572,easy,11,11:15:31,11:15:37,11:15:43,COMPLETED,22871.0,111.0,6.19,12.53
538,easy,11,11:16:06,11:16:08,11:16:15,COMPLETED,21753.0,110.5,2.79,9.13
582,medium,14,11:01:07,11:01:09,11:16:34,COMPLETED,35833.0,15417.8,2.35,927.18
508,easy,12,11:16:21,11:16:21,11:16:34,COMPLETED,27328.0,218.2,0.45,13.18
568,medium,13,11:15:43,11:15:43,11:17:49,COMPLETED,24001.0,2108.1,0.53,126.73
465,easy,11,11:18:38,11:18:40,11:18:46,COMPLETED,25326.0,110.4,2.22,8.55
474,easy,11,11:18:58,11:18:59,11:19:05,COMPLETED,25282.0,110.6,1.22,7.56
8,hard,15,08:36:04,08:36:06,11:20:15,COMPLETED,40057.0,164152.2,2.64,9851.72
555,easy,11,11:20:43,11:20:47,11:21:01,COMPLETED,21266.0,223.9,4.87,18.02
336,hard,15,10:52:48,10:53:06,11:21:13,COMPLETED,31141.0,28121.7,18.83,1705.84
598,easy,12,11:20:51,11:20:54,11:21:13,COMPLETED,28506.0,331.3,3.44,22.84
558,medium,14,11:08:43,11:08:43,11:21:52,COMPLETED,35307.0,13147.1,0.85,789.34
91,hard,15,08:33:15,08:33:15,11:22:05,COMPLETED,42389.0,168837.4,0.07,10130.29
328,hard,15,10:44:33,10:44:34,11:22:11,COMPLETED,32216.0,37627.8,1.06,2258.59
237,hard,15,09:06:10,09:06:11,11:22:17,COMPLETED,32575.0,136104.8,1.77,8167.88
596,easy,12,11:22:16,11:22:17,11:22:43,COMPLETED,28850.0,436.7,1.88,27.66
589,easy,11,11:23:10,11:23:15,11:23:22,COMPLETED,27714.0,116.5,5.80,12.35
475,medium,13,11:22:51,11:22:56,11:24:00,COMPLETED,25852.0,1082.8,5.56,69.93
588,medium,14,11:12:54,11:12:58,11:24:33,COMPLETED,25729.0,11596.1,4.11,699.37
320,medium,14,10:51:08,10:51:12,11:24:39,COMPLETED,36242.0,33468.3,4.15,2011.99
199,medium,14,09:34:50,09:34:53,11:24:52,COMPLETED,37178.0,109991.3,3.39,6602.81
551,easy,11,11:24:30,11:24:33,11:25:05,COMPLETED,29593.0,547.7,3.37,35.65
561,easy,11,11:25:07,11:25:12,11:25:38,COMPLETED,30258.0,435.0,5.30,31.09
331,medium,14,10:49:13,10:49:16,11:25:44,COMPLETED,34768.0,36461.3,3.90,2191.44
480,easy,11,11:25:45,11:25:50,11:25:57,COMPLETED,26823.0,110.2,5.74,12.07
518,medium,14,11:24:25,11:24:26,11:26:41,COMPLETED,30765.0,2243.0,1.78,136.09
496,medium,13,11:08:11,11:08:12,11:28:09,COMPLETED,38517.0,19952.9,1.25,1198.27
464,easy,11,11:27:22,11:27:25,11:28:09,COMPLETED,30370.0,740.6,3.15,47.27
497,medium,14,11:23:55,11:24:00,11:28:34,COMPLETED,26465.0,4564.5,5.93,279.57
514,easy,11,11:28:59,11:28:59,11:29:12,COMPLETED,25372.0,214.9,0.71,13.32
478,medium,13,11:26:10,11:26:15,11:30:09,COMPLETED,25365.0,3889.3,5.92,239.02
548,easy,12,11:29:40,11:29:43,11:30:15,COMPLETED,27253.0,532.0,3.77,35.33
506,easy,11,11:30:15,11:30:15,11:30:28,COMPLETED,24386.0,215.3,0.33,13.00
591,medium,14,11:24:48,11:24:52,11:30:59,COMPLETED,27698.0,6128.8,4.81,371.99
511,easy,11,11:30:30,11:30:34,11:30:59,COMPLETED,32992.0,438.5,4.30,29.99
487,easy,11,11:30:57,11:30:59,11:31:06,COMPLETED,27530.0,118.6,2.99,9.66
545,medium,13,11:28:11,11:28:15,11:31:38,COMPLETED,26354.0,3394.9,4.63,207.87
524,easy,12,11:30:10,11:30:15,11:31:38,COMPLETED,32085.0,1400.8,5.33,88.87
501,medium,14,11:12:40,11:12:44,11:31:51,COMPLETED,29232.0,19120.1,4.97,1151.84
484,medium,14,11:08:11,11:08:12,11:32:24,COMPLETED,28447.0,24202.5,1.25,1453.09
491,easy,12,11:31:55,11:31:58,11:32:56,COMPLETED,33823.0,978.8,3.32,61.35
386,hard,15,10:56:39,10:56:44,11:33:28,COMPLETED,31131.0,36735.3,5.38,2209.25
530,easy,12,11:32:54,11:32:56,11:33:28,COMPLETED,24494.0,537.7,2.35,34.25
462,medium,14,11:23:57,11:24:00,11:33:47,COMPLETED,34131.0,9782.5,3.93,590.71
585,medium,13,11:28:22,11:28:28,11:33:47,COMPLETED,29614.0,5329.9,6.24,325.71
353,hard,15,10:58:40,10:58:40,11:34:06,COMPLETED,33385.0,35442.7,0.85,2126.94
457,medium,14,11:27:42,11:27:44,11:34:13,COMPLETED,29624.0,6501.9,2.06,391.65
534,easy,11,11:34:01,11:34:06,11:34:13,COMPLETED,25461.0,121.5,5.94,12.65
521,medium,13,11:32:54,11:32:56,11:34:26,COMPLETED,26297.0,1513.5,2.35,92.78
578,easy,12,11:33:31,11:33:34,11:34:58,COMPLETED,30184.0,1404.6,3.76,87.80
579,medium,13,11:34:10,11:34:13,11:34:58,COMPLETED,29509.0,756.8,3.65,48.80
577,hard,15,11:09:49,11:09:53,11:35:43,COMPLETED,30900.0,25845.4,4.20,1554.63
453,easy,12,11:35:26,11:35:30,11:35:43,COMPLETED,27391.0,223.5,4.66,17.63
536,medium,13,11:31:18,11:31:19,11:35:50,COMPLETED,38038.0,4512.3,1.61,272.11
535,medium,13,11:34:37,11:34:39,11:35:50,COMPLETED,28986.0,1178.1,2.68,73.11
595,hard,15,11:08:05,11:08:05,11:36:28,COMPLETED,34839.0,28373.9,0.87,1703.21
597,easy,11,11:36:12,11:36:15,11:36:40,COMPLETED,29660.0,429.7,3.40,28.72
490,easy,11,11:38:22,11:38:27,11:38:39,COMPLETED,27228.0,213.1,5.39,17.94
529,easy,11,11:39:16,11:39:17,11:39:23,COMPLETED,22684.0,108.9,1.41,7.70
526,medium,14,11:18:02,11:18:02,11:39:54,COMPLETED,34261.0,21880.3,0.32,1312.94
566,easy,12,11:40:06,11:40:07,11:40:45,COMPLETED,26050.0,633.7,1.44,39.24
512,medium,13,11:36:39,11:36:40,11:41:28,COMPLETED,30729.0,4808.5,1.72,290.00
372,hard,15,10:59:38,10:59:39,11:42:06,COMPLETED,27602.0,42464.9,1.31,2548.96
485,easy,12,11:41:44,11:41:47,11:43:42,COMPLETED,26314.0,1923.8,3.73,118.79
546,medium,13,11:42:40,11:42:45,11:43:42,COMPLETED,26250.0,961.3,5.56,62.79
567,medium,13,11:40:19,11:40:20,11:44:02,COMPLETED,34874.0,3709.0,1.06,223.22
520,easy,11,11:43:46,11:43:49,11:44:08,COMPLETED,21428.0,331.5,3.30,22.68
564,medium,14,11:23:28,11:23:28,11:44:15,COMPLETED,27983.0,20779.0,0.84,1247.24
469,easy,11,11:44:03,11:44:08,11:44:46,COMPLETED,34659.0,642.5,5.68,43.83
468,easy,12,11:45:06,11:45:12,11:45:38,COMPLETED,29761.0,434.6,6.42,32.22
96,hard,15,08:32:24,08:32:26,11:45:44,COMPLETED,34693.0,193306.1,2.19,11600.54
162,hard,15,09:33:53,09:33:57,11:47:25,COMPLETED,30032.0,133471.7,4.74,8012.91
466,easy,11,11:47:20,11:47:25,11:47:51,COMPLETED,28625.0,434.5,5.91,31.47
542,medium,13,11:10:20,11:10:24,11:48:48,COMPLETED,33559.0,38392.5,4.94,2308.33
509,easy,12,11:48:00,11:48:04,11:49:00,COMPLETED,22128.0,947.4,4.29,60.88
270,hard,15,09:16:17,09:16:17,11:49:07,COMPLETED,34433.0,152826.6,0.66,9170.17
503,medium,13,11:48:16,11:48:16,11:49:19,COMPLETED,25417.0,1054.0,0.94,63.89
455,easy,12,11:48:10,11:48:10,11:49:32,COMPLETED,25660.0,1369.6,0.60,82.48
488,easy,11,11:49:11,11:49:13,11:49:45,COMPLETED,25282.0,531.2,2.50,34.09
513,easy,11,11:50:44,11:50:47,11:50:54,COMPLETED,22694.0,109.6,3.93,10.24
456,medium,13,11:46:37,11:46:40,11:51:06,COMPLETED,36953.0,4434.1,3.97,269.79
476,medium,14,11:45:09,11:45:12,11:51:44,COMPLETED,24749.0,6537.3,3.42,395.52
574,easy,11,11:52:17,11:52:22,11:52:47,COMPLETED,30576.0,426.3,5.16,30.47
461,easy,11,11:53:30,11:53:32,11:53:45,COMPLETED,27112.0,228.4,2.27,15.52
471,hard,15,11:12:27,11:12:32,11:54:30,COMPLETED,35593.0,41980.7,5.14,2523.63
554,easy,12,11:54:29,11:54:30,11:55:22,COMPLETED,24620.0,873.2,1.63,53.57
458,easy,11,11:55:04,11:55:09,11:55:29,COMPLETED,28346.0,335.1,5.43,25.08
452,medium,14,11:50:10,11:50:10,11:55:42,COMPLETED,31532.0,5535.1,0.25,332.04
479,easy,12,11:55:41,11:55:42,11:56:59,COMPLETED,30420.0,1306.6,1.04,78.89
557,easy,12,11:55:41,11:55:42,11:57:13,COMPLETED,30528.0,1522.6,1.04,92.16
543,easy,11,11:56:52,11:57:19,11:57:32,COMPLETED,30125.0,224.0,27.49,40.43
505,easy,12,11:56:52,11:57:06,11:57:51,COMPLETED,25899.0,761.7,14.52,59.92
482,medium,14,11:53:36,11:53:38,11:59:28,COMPLETED,33663.0,5831.8,2.92,352.54
544,easy,11,11:57:05,11:59:34,11:59:41,COMPLETED,25201.0,111.7,149.91,156.30
368,hard,15,10:01:39,10:01:41,11:59:53,COMPLETED,36625.0,118201.6,2.98,7095.00
559,medium,13,11:47:46,11:47:51,12:00:06,COMPLETED,36166.0,12257.2,5.47,740.68
553,medium,14,11:12:47,11:12:51,12:00:25,COMPLETED,37467.0,47571.6,4.55,2858.69
532,easy,12,11:57:47,12:00:00,12:00:25,COMPLETED,25279.0,428.0,133.33,158.69
562,medium,13,11:56:40,11:56:40,12:01:09,COMPLETED,28869.0,4502.2,0.12,269.99
531,medium,13,11:52:32,11:52:34,12:01:28,COMPLETED,31379.0,8906.7,2.83,536.99
504,easy,11,11:59:37,12:01:35,12:01:41,COMPLETED,27329.0,111.0,118.32,124.68
550,medium,14,11:43:22,11:43:23,12:01:54,COMPLETED,26303.0,18515.1,1.62,1112.36
599,medium,13,11:55:00,11:55:02,12:02:07,COMPLETED,30516.0,7074.9,2.80,427.05
709,easy,11,12:01:44,12:02:00,12:02:07,COMPLETED,25594.0,111.4,16.69,23.05
743,easy,11,12:01:58,12:02:13,12:02:19,COMPLETED,22088.0,111.7,15.40,21.79
584,easy,12,11:59:14,12:00:32,12:02:26,COMPLETED,33065.0,1905.7,78.03,192.13
648,easy,11,12:02:07,12:02:13,12:02:32,COMPLETED,30870.0,322.8,6.40,25.45
687,medium,13,12:01:15,12:01:48,12:02:51,COMPLETED,27678.0,1062.5,33.00,96.46
736,easy,12,12:02:32,12:02:32,12:03:04,COMPLETED,23861.0,531.9,0.45,32.08
472,medium,14,11:14:39,11:14:40,12:03:29,COMPLETED,28050.0,48815.9,1.49,2930.33
739,easy,11,12:03:15,12:03:16,12:03:35,COMPLETED,25728.0,320.9,1.68,20.65
541,medium,14,11:56:57,11:57:58,12:04:07,COMPLETED,34042.0,6154.0,61.25,430.23
552,hard,15,11:59:27,12:01:16,12:04:26,COMPLETED,31952.0,3177.0,109.33,299.49
571,easy,12,11:57:52,12:00:13,12:04:39,COMPLETED,23220.0,4445.4,141.01,407.30
724,easy,11,12:05:03,12:05:05,12:05:18,COMPLETED,25781.0,220.0,2.17,15.09
744,medium,14,12:03:56,12:04:00,12:05:24,COMPLETED,30158.0,1399.4,4.89,88.40
745,easy,12,12:04:56,12:04:58,12:05:30,COMPLETED,34520.0,546.4,2.59,34.90
470,medium,14,11:56:47,11:56:53,12:06:22,COMPLETED,31287.0,9489.7,6.24,575.24
749,easy,11,12:07:25,12:07:26,12:07:45,COMPLETED,28746.0,332.3,1.35,20.99
698,easy,12,12:07:36,12:07:39,12:07:58,COMPLETED,26783.0,327.8,3.39,22.60
673,easy,12,12:08:02,12:08:05,12:08:24,COMPLETED,27949.0,332.1,3.09,22.72
528,medium,14,11:51:31,11:51:31,12:08:50,COMPLETED,33154.0,17316.5,0.94,1039.56
635,easy,12,12:08:24,12:08:24,12:09:54,COMPLETED,25178.0,1508.6,0.72,90.95
664,easy,11,12:10:00,12:10:01,12:10:20,COMPLETED,28689.0,321.3,1.29,20.26
678,medium,13,12:08:05,12:08:05,12:10:26,COMPLETED,31415.0,2360.7,0.09,141.59
735,easy,11,12:10:29,12:10:32,12:10:45,COMPLETED,24659.0,219.7,3.91,16.69
623,easy,12,12:10:48,12:10:52,12:11:42,COMPLETED,28969.0,849.7,4.13,54.81
645,medium,13,12:09:17,12:09:22,12:12:14,COMPLETED,28927.0,2864.8,5.82,177.42
643,medium,13,12:08:33,12:08:37,12:12:20,COMPLETED,33478.0,3727.9,4.40,227.76
636,medium,13,12:09:42,12:09:42,12:12:20,COMPLETED,35836.0,2650.2,0.09,158.76
731,easy,12,12:12:25,12:12:27,12:12:52,COMPLETED,21493.0,427.6,2.14,27.41
703,easy,11,12:12:55,12:12:58,12:13:24,COMPLETED,34531.0,429.0,3.83,29.27
671,easy,11,12:13:24,12:13:30,12:13:43,COMPLETED,29401.0,216.5,6.60,19.28
168,hard,15,09:16:11,09:16:11,12:14:21,COMPLETED,33975.0,178169.5,0.25,10690.38
522,medium,14,11:45:01,11:45:05,12:14:21,COMPLETED,29360.0,29262.1,4.90,1760.38
720,medium,13,12:12:48,12:12:52,12:14:21,COMPLETED,29828.0,1489.2,4.41,93.38
723,easy,12,12:14:50,12:14:53,12:15:25,COMPLETED,31136.0,534.6,3.26,35.04
602,easy,11,12:15:10,12:15:31,12:15:50,COMPLETED,21264.0,329.2,21.37,40.62
727,easy,12,12:12:04,12:12:20,12:16:03,COMPLETED,26668.0,3717.4,16.76,239.51
515,hard,15,11:43:21,11:43:23,12:16:22,COMPLETED,36339.0,32985.1,2.62,1981.52
655,easy,12,12:15:26,12:16:28,12:17:06,COMPLETED,33410.0,638.2,62.87,100.86
525,medium,14,11:49:58,11:50:03,12:18:41,COMPLETED,33602.0,28633.5,5.93,1723.73
607,medium,13,12:16:09,12:18:48,12:19:25,COMPLETED,27898.0,637.3,159.07,196.98
734,medium,13,12:14:42,12:14:46,12:19:57,COMPLETED,31817.0,5183.9,4.87,315.62
728,easy,12,12:15:48,12:17:13,12:21:07,COMPLETED,29087.0,3905.5,85.18,319.21
702,easy,11,12:17:53,12:21:13,12:21:19,COMPLETED,28065.0,110.7,200.54,206.89
603,easy,12,12:18:18,12:21:26,12:21:52,COMPLETED,26551.0,440.2,188.21,214.12
516,hard,15,11:57:34,11:59:47,12:22:05,COMPLETED,34457.0,22302.4,133.63,1471.39
489,medium,14,11:53:19,11:53:19,12:22:18,COMPLETED,28121.0,28993.8,0.27,1739.55
696,easy,11,12:18:54,12:22:25,12:22:44,COMPLETED,27138.0,331.9,211.10,230.72
590,hard,15,11:59:10,12:00:32,12:23:10,COMPLETED,30315.0,22641.6,82.03,1440.30
658,easy,11,12:19:03,12:22:51,12:23:10,COMPLETED,19921.0,326.3,228.04,247.30
537,medium,14,11:10:26,11:10:31,12:23:16,COMPLETED,29580.0,72760.1,5.26,4370.64
492,hard,15,11:56:57,11:57:38,12:25:17,COMPLETED,37116.0,27649.1,41.97,1700.66
634,easy,12,12:20:51,12:25:24,12:25:49,COMPLETED,31649.0,427.5,273.03,298.38
683,easy,11,12:21:57,12:25:55,12:26:14,COMPLETED,24169.0,322.5,238.70,257.74
740,medium,14,12:11:41,12:11:49,12:33:44,COMPLETED,31907.0,21922.7,8.14,1323.07
624,medium,14,12:13:36,12:14:27,12:35:13,COMPLETED,22807.0,20770.8,51.80,1297.80
717,hard,15,12:03:43,12:03:48,12:39:33,COMPLETED,28936.0,35753.2,5.26,2150.20
665,easy,12,12:24:26,12:39:39,12:39:59,COMPLETED,30169.0,334.9,913.58,933.18
663,easy,11,12:24:50,12:40:05,12:40:18,COMPLETED,26012.0,227.3,915.73,928.86
686,hard,15,12:24:16,12:35:20,12:42:21,COMPLETED,36006.0,7033.9,664.13,1085.67
495,medium,14,11:23:36,11:23:41,12:44:50,COMPLETED,36677.0,81145.5,5.82,4874.29
609,easy,12,12:25:44,12:44:56,12:45:29,COMPLETED,25651.0,546.7,1152.84,1185.13
527,hard,15,11:52:54,11:53:00,12:45:48,COMPLETED,34466.0,52816.2,6.03,3174.78
659,easy,11,12:26:53,12:45:35,12:45:55,COMPLETED,28918.0,330.4,1122.68,1142.13
713,easy,12,12:27:32,12:46:01,12:46:33,COMPLETED,31319.0,533.9,1109.55,1141.28
715,easy,11,12:27:45,12:46:39,12:46:45,COMPLETED,25064.0,112.3,1134.61,1140.96
399,hard,15,10:00:19,10:00:20,12:47:17,COMPLETED,26664.0,166955.2,1.49,10018.72
641,easy,12,12:28:42,12:47:24,12:48:02,COMPLETED,26863.0,639.0,1122.11,1160.12
575,hard,15,11:49:15,11:49:19,12:48:27,COMPLETED,33980.0,59131.2,4.89,3552.58
523,hard,15,11:03:19,11:03:21,12:48:46,COMPLETED,29929.0,105419.5,2.52,6327.57
669,easy,11,12:28:53,12:48:33,12:48:59,COMPLETED,27943.0,427.4,1180.90,1206.25
699,easy,11,12:30:24,12:49:05,12:49:18,COMPLETED,29497.0,216.2,1121.58,1134.24
615,easy,12,12:30:41,12:49:24,12:50:02,COMPLETED,27646.0,637.2,1123.57,1161.50
700,medium,13,12:23:45,12:33:50,12:51:25,COMPLETED,28279.0,17591.5,605.63,1660.57
653,easy,12,12:29:20,12:48:52,12:51:32,COMPLETED,33316.0,2661.0,1172.90,1332.22
617,easy,11,12:32:15,12:51:32,12:51:44,COMPLETED,30769.0,219.6,1157.22,1169.95
611,medium,13,12:10:41,12:10:45,12:52:30,COMPLETED,40129.0,41748.2,4.69,2509.37
604,medium,14,12:28:49,12:48:08,12:53:47,COMPLETED,36114.0,5664.5,1159.47,1498.87
689,medium,14,12:18:51,12:22:11,12:54:33,COMPLETED,36596.0,32362.5,200.93,2142.28
31,hard,15,08:47:41,08:47:43,12:55:05,COMPLETED,34550.0,247361.9,2.90,14844.57
540,hard,15,11:56:25,11:56:26,12:55:05,COMPLETED,34234.0,58651.3,1.89,3520.57
549,hard,15,11:42:32,11:42:32,12:55:12,COMPLETED,32348.0,72666.8,0.66,4360.24
742,hard,15,12:15:16,12:16:09,12:55:31,COMPLETED,29674.0,39373.8,53.84,2415.92
161,hard,15,09:44:34,09:44:38,12:55:38,COMPLETED,30845.0,191003.3,4.47,11464.49
748,easy,12,12:34:04,12:53:54,12:55:38,COMPLETED,29050.0,1744.2,1190.42,1294.49
610,easy,12,12:35:22,12:55:18,12:56:04,COMPLETED,26679.0,766.1,1196.96,1242.44
606,easy,11,12:36:36,12:56:10,12:56:30,COMPLETED,26183.0,332.2,1174.99,1194.43
721,medium,14,12:35:37,12:55:38,12:56:36,COMPLETED,28136.0,983.9,1201.49,1259.96
620,hard,15,12:16:36,12:19:32,12:56:56,COMPLETED,30452.0,37408.1,176.33,2420.58
666,easy,12,12:38:30,12:56:43,12:57:02,COMPLETED,27946.0,329.3,1093.60,1112.95
627,easy,12,12:36:31,12:55:45,12:57:09,COMPLETED,29937.0,1410.7,1154.15,1238.40
674,easy,11,12:38:55,12:57:09,12:57:15,COMPLETED,30091.0,113.7,1094.40,1100.84
618,hard,15,12:13:32,12:13:49,12:57:28,COMPLETED,33754.0,43654.1,17.61,2636.65
711,easy,12,12:39:18,12:57:15,12:57:35,COMPLETED,30143.0,326.3,1077.84,1097.01
688,hard,15,12:23:13,12:26:21,12:57:41,COMPLETED,33605.0,31344.6,188.08,2068.45
685,medium,14,12:20:21,12:23:16,12:57:47,COMPLETED,36913.0,34525.0,175.64,2246.88
719,easy,11,12:39:38,12:57:41,12:57:47,COMPLETED,23110.0,114.1,1083.45,1089.88
519,medium,14,11:20:32,11:20:35,12:57:54,COMPLETED,42233.0,97325.3,3.03,5842.33
694,easy,11,12:40:40,12:57:54,12:58:00,COMPLETED,29262.0,113.6,1034.33,1040.75
672,easy,11,12:41:20,12:58:00,12:58:13,COMPLETED,27156.0,218.3,1000.75,1013.55
608,easy,12,12:37:07,12:56:36,12:58:57,COMPLETED,35761.0,2354.9,1169.96,1310.95
693,easy,11,12:42:54,12:59:04,12:59:10,COMPLETED,16526.0,111.5,970.33,976.70
622,medium,14,12:25:03,12:42:28,13:00:32,COMPLETED,27284.0,18082.6,1045.20,2129.94
668,easy,12,12:43:05,13:00:39,13:00:58,COMPLETED,24720.0,321.4,1054.27,1073.25
179,hard,15,09:39:23,09:39:24,13:01:04,COMPLETED,36978.0,201667.1,1.63,12101.58
690,medium,14,12:36:32,12:55:45,13:01:10,COMPLETED,32308.0,5434.4,1153.15,1478.94
632,medium,13,12:40:42,12:57:54,13:01:42,COMPLETED,34315.0,3809.0,1032.33,1260.64
716,easy,12,12:44:49,13:01:48,13:02:40,COMPLETED,32293.0,870.6,1019.99,1071.73
646,medium,14,12:28:00,12:46:52,13:02:53,COMPLETED,31700.0,16029.2,1132.37,2093.83
619,easy,11,12:45:10,13:02:47,13:03:13,COMPLETED,32043.0,445.1,1057.25,1083.45
661,hard,15,12:42:09,12:58:19,13:03:20,COMPLETED,33520.0,5010.5,970.89,1271.01
697,medium,13,12:44:21,13:01:10,13:03:26,COMPLETED,25904.0,2270.2,1009.94,1145.60
705,medium,13,12:42:57,12:59:17,13:03:39,COMPLETED,26987.0,4386.8,980.04,1242.83
654,easy,12,12:46:50,13:03:46,13:03:52,COMPLETED,28984.0,118.2,1016.34,1022.94
621,medium,13,12:45:11,13:03:20,13:04:31,COMPLETED,25564.0,1201.3,1089.01,1160.60
629,medium,13,12:44:34,13:01:17,13:05:16,COMPLETED,23381.0,4000.7,1003.34,1242.93
507,hard,15,11:56:06,11:56:07,13:05:30,COMPLETED,30487.0,69375.3,1.84,4164.07
650,easy,12,12:46:57,13:04:38,13:06:21,COMPLETED,37544.0,1730.0,1061.15,1164.47
605,medium,13,12:38:51,12:57:02,13:07:06,COMPLETED,30621.0,10074.3,1091.95,1696.00
676,medium,13,12:47:20,13:05:23,13:07:32,COMPLETED,35510.0,2160.6,1083.47,1212.82
631,medium,13,12:46:27,13:03:33,13:09:33,COMPLETED,33541.0,6009.3,1026.23,1386.51
433,hard,15,10:45:45,10:45:50,13:10:24,COMPLETED,41894.0,144555.9,5.91,8679.17
707,medium,13,12:49:40,13:09:39,13:10:30,COMPLETED,27994.0,850.0,1199.84,1250.50
729,easy,11,12:49:55,13:10:30,13:10:36,COMPLETED,30979.0,112.5,1235.50,1241.87
657,hard,15,12:48:29,13:07:13,13:10:49,COMPLETED,33448.0,3608.5,1124.54,1340.71
684,easy,11,12:50:06,13:10:36,13:10:49,COMPLETED,21182.0,220.1,1230.87,1243.71
652,easy,11,12:50:13,13:10:43,13:10:49,COMPLETED,24373.0,113.4,1230.29,1236.71
642,easy,12,12:51:06,13:10:56,13:11:21,COMPLETED,28715.0,429.2,1190.12,1215.53
692,hard,15,12:18:49,12:21:58,13:11:27,COMPLETED,35523.0,49491.9,189.66,3158.91
656,medium,13,12:44:11,13:01:04,13:11:34,COMPLETED,31598.0,10501.9,1013.58,1643.35
737,medium,14,12:32:24,12:51:38,13:11:40,COMPLETED,33183.0,20040.5,1154.59,2356.76
670,easy,12,12:53:29,13:11:40,13:12:06,COMPLETED,29645.0,428.5,1091.76,1117.18
613,hard,15,12:10:37,12:10:39,13:12:31,COMPLETED,34537.0,61875.5,2.29,3714.64
706,medium,13,12:47:45,13:05:36,13:12:37,COMPLETED,27205.0,7027.7,1071.62,1492.97
746,easy,12,12:52:42,13:11:34,13:12:44,COMPLETED,27429.0,1172.4,1132.35,1202.36
651,easy,11,12:53:46,13:12:37,13:12:50,COMPLETED,29696.0,219.0,1131.97,1144.74
704,easy,12,12:53:47,13:12:44,13:12:57,COMPLETED,22134.0,220.3,1137.36,1150.15
649,easy,11,12:54:54,13:12:57,13:13:10,COMPLETED,28635.0,225.7,1083.15,1096.21
614,medium,14,12:39:35,12:57:35,13:13:23,COMPLETED,31806.0,15811.9,1080.01,2028.35
601,easy,11,12:55:24,13:13:16,13:13:23,COMPLETED,29790.0,118.7,1072.75,1079.35
637,easy,11,12:55:36,13:13:29,13:13:43,COMPLETED,19928.0,228.8,1073.91,1087.15
305,medium,14,10:11:36,10:11:40,13:13:49,COMPLETED,30744.0,182156.9,4.48,10933.69
677,medium,14,12:39:21,12:57:22,13:13:56,COMPLETED,32499.0,16574.6,1081.25,2075.40
660,easy,12,12:54:31,13:12:50,13:13:56,COMPLETED,26681.0,1101.4,1099.74,1165.40
628,easy,11,12:56:16,13:14:02,13:14:09,COMPLETED,15972.0,113.1,1066.87,1073.37
616,easy,11,12:56:18,13:14:02,13:14:15,COMPLETED,29734.0,218.3,1064.87,1077.69
640,easy,11,12:57:37,13:14:15,13:14:53,COMPLETED,32229.0,638.8,998.69,1036.72
638,easy,12,12:53:32,13:11:47,13:15:00,COMPLETED,27851.0,3220.6,1095.14,1288.05
712,easy,11,12:58:49,13:15:00,13:15:19,COMPLETED,31161.0,322.8,971.05,990.11
454,medium,14,11:07:15,11:07:15,13:15:38,COMPLETED,41013.0,128378.6,0.51,7703.12
639,easy,12,12:56:13,13:13:56,13:15:57,COMPLETED,27420.0,2024.4,1063.40,1184.36
675,easy,11,12:59:11,13:15:06,13:16:16,COMPLETED,34145.46769074565,1179.1,955.43,1025.83
772,easy,12,13:01:08,13:16:03,13:16:49,COMPLETED,27775.0,765.9,895.94,941.41
600,easy,12,12:57:45,13:14:22,13:17:15,COMPLETED,35380.0,2895.6,997.06,1170.51
625,medium,13,12:56:03,13:13:29,13:17:28,COMPLETED,31880.0,3977.6,1046.91,1285.22
774,easy,11,13:02:32,13:17:34,13:17:41,COMPLETED,28020.0,114.8,902.76,909.35
874,easy,11,13:02:59,13:17:47,13:18:00,COMPLETED,18799.0,227.5,888.68,901.83
831,easy,11,13:03:03,13:18:07,13:18:33,COMPLETED,26481.0,432.9,904.37,930.04
755,easy,12,13:03:03,13:18:39,13:19:55,COMPLETED,28451.0,1274.3,936.37,1012.52
626,hard,15,12:30:46,12:50:08,13:20:58,COMPLETED,38137.0,30835.8,1162.83,3012.78
681,medium,13,12:51:58,13:10:56,13:22:08,COMPLETED,33662.0,11206.7,1138.12,1810.35
725,hard,15,12:20:31,12:23:23,13:23:43,COMPLETED,28737.0,60340.6,172.06,3792.31
204,hard,15,09:30:35,09:30:39,13:23:49,COMPLETED,29397.0,233167.2,4.69,13994.65
883,easy,12,13:04:42,13:22:14,13:24:02,COMPLETED,29573.0,1800.8,1052.68,1160.39
365,hard,15,10:26:11,10:26:12,13:25:44,COMPLETED,33960.0,179529.1,1.36,10773.05
612,hard,15,12:51:33,13:10:56,13:26:15,COMPLETED,26102.0,15330.2,1163.12,2082.74
856,medium,13,13:05:29,13:23:56,13:26:15,COMPLETED,27225.0,2333.8,1107.03,1246.74
892,easy,11,13:06:05,13:26:22,13:26:41,COMPLETED,30650.0,321.2,1217.09,1236.10
847,easy,12,13:06:28,13:26:47,13:27:25,COMPLETED,22443.0,638.2,1219.42,1257.35
826,easy,12,13:07:44,13:27:31,13:27:50,COMPLETED,21619.0,321.3,1187.73,1206.71
810,medium,14,13:01:58,13:17:21,13:28:09,COMPLETED,30407.0,10802.6,923.84,1571.73
845,hard,15,13:03:03,13:20:01,13:28:22,COMPLETED,35188.0,8346.9,1018.85,1519.40
332,hard,15,10:05:21,10:05:23,13:28:41,COMPLETED,30866.0,203293.3,2.85,12200.41
833,easy,12,13:07:53,13:28:16,13:28:54,COMPLETED,28780.0,639.1,1223.05,1261.10
865,easy,12,13:12:30,13:29:00,13:29:25,COMPLETED,25257.0,427.1,990.43,1015.75
750,medium,13,13:01:06,13:15:44,13:29:38,COMPLETED,37636.0,13903.3,878.48,1712.43
807,easy,11,13:12:59,13:29:32,13:29:38,COMPLETED,23654.0,111.3,993.08,999.43
843,easy,11,13:13:31,13:29:44,13:29:51,COMPLETED,31120.0,116.5,973.78,980.51
752,easy,12,13:13:38,13:29:57,13:30:30,COMPLETED,29768.0,543.1,979.90,1012.19
888,medium,14,13:03:55,13:21:05,13:30:49,COMPLETED,33685.0,9741.7,1030.11,1614.17
854,easy,12,13:13:15,13:29:44,13:30:49,COMPLETED,28210.0,1082.0,989.78,1054.17
738,hard,15,12:35:02,12:55:12,13:32:44,COMPLETED,35506.0,37543.5,1210.24,3462.75
757,medium,14,13:13:51,13:30:55,13:32:57,COMPLETED,30198.0,2032.8,1024.75,1146.46
144,hard,15,08:58:46,08:58:49,13:33:10,COMPLETED,33767.0,274350.5,3.22,16464.22
823,easy,12,13:14:43,13:33:03,13:33:41,COMPLETED,30529.0,638.7,1100.84,1138.86
864,easy,12,13:15:31,13:33:16,13:34:07,COMPLETED,25991.0,848.8,1065.56,1116.18
829,medium,13,13:14:02,13:32:51,13:34:45,COMPLETED,22372.0,1906.8,1129.08,1243.19
851,easy,12,13:16:38,13:34:13,13:34:51,COMPLETED,18104.0,639.4,1055.51,1093.52
775,easy,12,13:16:41,13:34:51,13:35:10,COMPLETED,31228.0,322.2,1090.52,1109.56
871,easy,12,13:16:12,13:33:48,13:35:42,COMPLETED,26794.0,1905.3,1056.19,1170.21
732,medium,14,12:49:24,13:07:39,13:36:51,COMPLETED,29181.0,29212.6,1095.15,2847.69
791,easy,12,13:18:37,13:36:58,13:37:36,COMPLETED,25417.0,643.4,1101.02,1139.13
806,easy,11,13:18:55,13:37:42,13:37:55,COMPLETED,33028.0,223.4,1127.66,1140.58
875,medium,13,13:11:21,13:28:47,13:39:19,COMPLETED,32691.0,10544.5,1046.73,1678.94
832,easy,11,13:19:18,13:39:26,13:39:32,COMPLETED,28532.0,111.0,1208.49,1214.84
679,medium,14,12:56:05,13:13:49,13:41:55,COMPLETED,26473.0,28095.6,1064.69,2750.07
481,hard,15,11:33:15,11:33:15,13:42:01,COMPLETED,31198.0,128771.3,0.65,7726.65
858,medium,14,13:13:49,13:30:55,13:42:34,COMPLETED,33628.0,11648.1,1026.75,1725.19
633,hard,15,12:52:18,13:11:27,13:43:19,COMPLETED,25642.0,31861.7,1149.91,3061.40
789,easy,12,13:22:58,13:43:25,13:43:51,COMPLETED,32895.0,426.6,1227.73,1253.02
822,easy,12,13:21:27,13:42:08,13:44:03,COMPLETED,21530.0,1928.1,1241.32,1356.72
796,medium,13,13:18:28,13:35:48,13:44:22,COMPLETED,30871.0,8574.7,1040.55,1554.73
853,easy,12,13:20:43,13:42:01,13:45:38,COMPLETED,31857.0,3623.2,1278.65,1495.73
793,easy,11,13:24:06,13:45:45,13:45:51,COMPLETED,25950.0,112.6,1299.09,1305.48
863,medium,13,13:23:21,13:44:29,13:46:35,COMPLETED,31034.0,2119.5,1268.08,1394.94
855,easy,11,13:24:30,13:46:42,13:47:07,COMPLETED,32143.0,429.4,1332.28,1357.69
844,easy,12,13:23:15,13:43:57,13:47:58,COMPLETED,26022.0,4023.6,1242.35,1483.48
79,hard,15,08:56:34,08:56:39,13:48:17,COMPLETED,37299.0,291630.9,5.65,17503.48
786,easy,12,13:25:21,13:48:04,13:48:56,COMPLETED,29712.0,862.1,1363.81,1415.23
317,hard,15,10:43:23,10:43:23,13:49:02,COMPLETED,35434.0,185648.4,0.76,11139.56
815,easy,12,13:25:10,13:47:14,13:49:02,COMPLETED,31962.0,1814.0,1324.08,1432.56
761,easy,11,13:26:50,13:49:08,13:49:15,COMPLETED,26668.0,116.1,1338.95,1345.52
825,medium,13,13:27:17,13:49:22,13:51:05,COMPLETED,26336.0,1732.4,1325.05,1428.44
800,medium,13,13:23:18,13:44:10,13:51:18,COMPLETED,31046.0,7148.1,1252.05,1680.65
756,medium,13,13:21:34,13:42:40,13:51:31,COMPLETED,25673.0,8855.4,1266.74,1797.61
767,medium,14,13:06:02,13:26:22,13:52:04,COMPLETED,31727.0,25707.0,1220.09,2762.10
840,hard,15,13:26:07,13:48:23,13:52:17,COMPLETED,31910.0,3891.7,1336.81,1570.03
817,medium,13,13:27:40,13:51:24,13:53:21,COMPLETED,27411.0,1951.5,1424.98,1541.58
889,medium,13,13:27:59,13:52:10,13:55:23,COMPLETED,30497.0,3218.7,1451.65,1644.48
867,medium,14,13:28:00,13:52:23,13:55:23,COMPLETED,25524.0,3007.1,1463.37,1643.48
838,easy,11,13:28:54,13:55:29,13:55:55,COMPLETED,29159.0,427.0,1595.81,1621.17
747,hard,15,12:19:04,12:23:16,13:58:14,COMPLETED,31616.0,94959.7,252.64,5950.07
65,hard,15,08:21:02,08:21:05,13:58:58,COMPLETED,29347.0,337877.2,3.71,20276.33
758,medium,13,13:29:43,13:59:04,13:59:23,COMPLETED,26245.0,322.5,1761.65,1780.70
798,medium,14,13:28:50,13:55:29,13:59:36,COMPLETED,30508.0,4123.7,1599.81,1846.75
722,hard,15,12:24:53,12:40:25,13:59:43,COMPLETED,31547.0,79303.8,932.41,5690.31
753,easy,12,13:29:59,13:59:30,13:59:56,COMPLETED,30280.0,450.6,1771.03,1797.59
785,medium,13,13:29:11,13:56:01,14:00:09,COMPLETED,29733.0,4145.6,1610.50,1858.76
876,medium,14,13:01:18,13:16:55,14:00:48,COMPLETED,24912.0,43880.3,937.95,3570.42
873,easy,12,13:30:24,13:59:49,14:01:01,COMPLETED,26903.0,1197.2,1765.96,1837.32
835,easy,11,13:31:03,14:01:07,14:01:27,COMPLETED,35456.0,333.1,1804.86,1824.37
782,easy,11,13:31:15,14:01:33,14:02:12,COMPLETED,28907.0,650.4,1818.89,1857.62
879,hard,15,13:07:52,13:27:57,14:03:10,COMPLETED,34667.0,35236.2,1205.03,3318.84
760,medium,13,13:30:18,13:59:43,14:03:23,COMPLETED,34878.0,3680.7,1765.31,1985.88
803,easy,11,13:32:45,14:03:30,14:03:36,COMPLETED,27921.0,115.0,1845.21,1851.74
695,hard,15,12:41:56,12:58:07,14:03:55,COMPLETED,28095.0,65815.4,971.19,4919.84
880,easy,12,13:34:03,14:03:43,14:04:28,COMPLETED,24842.0,763.9,1780.14,1825.49
830,medium,14,13:18:24,13:35:16,14:05:07,COMPLETED,27056.0,29847.4,1012.88,2803.41
881,easy,12,13:34:04,14:04:02,14:05:07,COMPLETED,32420.0,1090.6,1798.37,1863.41
769,easy,12,13:31:31,14:02:18,14:06:17,COMPLETED,30303.0,3980.8,1847.95,2086.51
804,easy,12,13:35:09,14:05:13,14:07:20,COMPLETED,21889.0,2120.3,1804.84,1931.85
630,hard,15,12:39:48,12:57:47,14:09:20,COMPLETED,29621.0,71552.4,1079.88,5372.87
820,easy,11,13:35:19,14:09:27,14:09:33,COMPLETED,19646.0,111.1,2048.20,2054.55
680,hard,15,12:45:10,13:03:00,14:10:17,COMPLETED,29707.0,67295.6,1070.30,5107.89
263,hard,15,09:49:48,09:49:53,14:11:02,COMPLETED,37606.0,261163.1,5.06,15674.81
836,medium,14,13:35:14,14:06:23,14:11:15,COMPLETED,31996.0,4877.1,1869.85,2161.98
778,medium,13,13:35:16,14:07:27,14:11:15,COMPLETED,34714.0,3822.2,1931.18,2159.98
792,easy,11,13:36:34,14:11:22,14:11:29,COMPLETED,22438.0,116.1,2088.58,2095.26
890,easy,12,13:36:14,14:11:09,14:12:14,COMPLETED,31849.0,1091.4,2095.38,2160.38
644,hard,15,12:34:49,12:55:12,14:13:32,COMPLETED,31617.0,78340.1,1223.24,5923.40
816,medium,14,13:26:15,13:49:08,14:13:51,COMPLETED,29683.0,24721.4,1373.95,2856.85
894,medium,13,13:37:20,14:12:20,14:14:18,COMPLETED,28148.0,1960.1,2100.93,2218.07
893,easy,12,13:37:34,14:13:58,14:14:44,COMPLETED,26635.0,765.8,2184.41,2230.07
819,easy,11,13:38:10,14:14:50,14:15:16,COMPLETED,25838.0,440.9,2200.39,2226.55
846,easy,12,13:39:08,14:15:22,14:15:35,COMPLETED,31624.0,216.1,2174.88,2187.54
787,medium,14,13:28:17,13:53:28,14:15:41,COMPLETED,37659.0,22233.4,1511.14,2844.86
477,hard,15,11:49:32,11:49:32,14:16:59,COMPLETED,36416.0,147444.1,0.48,8847.01
759,hard,15,13:01:14,13:16:23,14:16:59,COMPLETED,31011.0,60600.2,909.22,4545.01
870,medium,14,13:36:24,14:11:22,14:19:06,COMPLETED,30600.0,7728.9,2098.58,2562.01
827,easy,12,13:39:34,14:15:48,14:19:25,COMPLETED,27554.0,3620.5,2174.24,2391.13
852,easy,11,13:41:19,14:19:31,14:19:57,COMPLETED,26276.0,431.4,2292.52,2318.04
783,medium,13,13:39:25,14:15:41,14:20:09,COMPLETED,34316.0,4470.8,2176.86,2444.83
866,medium,13,13:37:42,14:14:24,14:20:22,COMPLETED,33449.0,5969.9,2202.60,2560.52
730,hard,15,12:27:17,12:45:55,14:20:28,COMPLETED,37095.0,94564.7,1118.13,6791.85
869,medium,14,13:37:24,14:13:38,14:22:23,COMPLETED,25939.0,8746.0,2174.95,2699.25
754,hard,15,13:24:21,13:45:57,14:23:14,COMPLETED,40428.0,37279.8,1296.87,3533.45
779,easy,12,13:46:20,14:23:20,14:23:33,COMPLETED,23367.0,216.3,2220.78,2233.45
682,medium,14,12:17:31,12:20:03,14:25:54,COMPLETED,32620.0,125842.0,152.94,7703.26
701,hard,15,12:48:16,13:06:28,14:26:33,COMPLETED,24783.0,80089.1,1092.01,5897.16
764,medium,13,13:46:42,14:26:00,14:26:59,COMPLETED,26082.0,980.4,2358.79,2417.25
765,medium,14,13:30:44,14:00:16,14:28:03,COMPLETED,30293.0,27786.0,1772.30,3439.24
849,easy,12,13:40:35,14:17:05,14:30:03,COMPLETED,42190.0,12969.8,2190.41,2968.39
801,hard,15,13:30:37,14:00:03,14:30:09,COMPLETED,30479.0,30114.2,1766.13,3572.73
708,hard,15,12:34:38,12:54:39,14:31:00,COMPLETED,21767.0,96345.4,1201.83,6982.43
850,medium,13,13:26:14,13:49:02,14:31:13,COMPLETED,49776.0,42179.4,1368.56,3899.11
887,easy,12,13:48:36,14:30:09,14:32:16,COMPLETED,25030.0,2114.8,2493.73,2620.31
808,medium,14,13:31:52,14:03:17,14:35:45,COMPLETED,34112.0,32468.6,1885.39,3833.30
766,easy,11,13:50:42,14:35:51,14:36:23,COMPLETED,31419.0,531.7,2709.63,2741.23
784,easy,11,13:50:47,14:36:29,14:37:01,COMPLETED,27826.0,532.0,2742.55,2774.15
878,easy,12,13:51:00,14:37:07,14:37:26,COMPLETED,25692.0,321.8,2767.49,2786.49
788,medium,14,13:49:45,14:32:22,14:37:32,COMPLETED,29874.0,5175.2,2557.66,2867.82
741,hard,15,12:15:10,12:15:57,14:39:01,COMPLETED,33899.0,143078.2,47.15,8631.64
896,medium,14,13:47:42,14:27:05,14:40:38,COMPLETED,36926.0,13557.1,2363.65,3176.60
818,medium,14,13:44:52,14:20:35,14:40:45,COMPLETED,36634.0,20171.3,2143.22,3353.17
898,easy,11,13:53:00,14:40:51,14:40:57,COMPLETED,21488.0,111.3,2871.58,2877.95
813,easy,11,13:53:21,14:41:04,14:41:10,COMPLETED,23061.0,111.9,2863.29,2869.64
781,medium,14,13:49:08,14:31:19,14:42:26,COMPLETED,29567.0,11127.3,2531.47,3198.77
877,easy,12,13:53:25,14:41:17,14:42:39,COMPLETED,28490.0,1379.9,2872.03,2954.52
811,easy,11,13:53:36,14:42:33,14:42:39,COMPLETED,29328.0,111.3,2937.16,2943.52
751,easy,12,13:53:38,14:42:45,14:43:30,COMPLETED,31187.0,745.0,2947.86,2992.20
891,medium,13,13:51:51,14:40:45,14:44:20,COMPLETED,33640.0,3600.5,2934.17,3149.91
776,medium,14,13:35:39,14:09:39,14:44:33,COMPLETED,31041.0,34898.8,2040.88,4134.59
862,medium,14,13:54:57,14:43:36,14:44:52,COMPLETED,31225.0,1271.5,2919.60,2995.60
884,medium,13,13:54:02,14:42:45,14:46:34,COMPLETED,39086.0,3809.1,2923.86,3152.16
837,medium,13,13:47:45,14:28:09,14:46:59,COMPLETED,31909.0,18843.9,2424.58,3554.78
762,easy,11,13:57:14,14:47:06,14:47:38,COMPLETED,28269.0,548.9,2992.32,3024.73
839,hard,15,13:36:02,14:10:24,14:47:45,COMPLETED,37699.0,37359.3,2062.21,4303.29
814,easy,11,13:57:30,14:47:45,14:48:05,COMPLETED,22210.0,338.6,3015.29,3035.13
859,medium,14,13:46:11,14:22:29,14:48:37,COMPLETED,34743.0,26133.1,2178.81,3746.39
771,medium,13,13:51:23,14:37:39,14:49:42,COMPLETED,25360.0,12059.7,2776.20,3499.35
812,easy,12,13:59:30,14:48:11,14:50:01,COMPLETED,37452.0,1844.3,2921.66,3031.84
1024,easy,11,14:02:23,14:50:08,14:50:14,COMPLETED,21621.0,113.6,2865.38,2871.74
860,medium,13,13:51:33,14:39:08,14:50:21,COMPLETED,38452.0,11226.7,2855.18,3528.24
895,medium,14,13:11:12,13:28:28,14:51:26,COMPLETED,32265.0,82961.5,1036.73,6014.15
1016,medium,14,14:00:10,14:48:43,14:51:52,COMPLETED,32802.0,3140.2,2913.94,3102.01
770,medium,14,13:56:06,14:44:58,14:53:40,COMPLETED,33187.0,8691.3,2932.93,3454.14
780,medium,14,13:42:02,14:20:03,14:54:05,COMPLETED,30712.0,34038.0,2281.43,4323.48
937,easy,11,14:04:50,14:54:11,14:54:30,COMPLETED,29883.0,321.9,2961.81,2980.79
1029,medium,13,14:03:39,14:50:27,14:55:02,COMPLETED,32845.0,4584.2,2808.89,3083.61
153,hard,15,09:15:40,09:15:46,14:56:56,COMPLETED,26622.0,341172.6,6.06,20476.40
995,easy,12,14:05:31,14:55:08,14:57:54,COMPLETED,35909.0,2761.6,2977.99,3143.21
763,medium,14,13:40:39,14:19:12,14:58:26,COMPLETED,36019.0,39243.2,2313.39,4667.77
310,hard,15,10:40:54,10:40:59,14:58:59,COMPLETED,37293.0,257997.9,5.40,15485.21
795,medium,14,13:36:38,14:11:35,14:59:18,COMPLETED,33331.0,47720.9,2097.68,4960.74
971,easy,11,14:07:38,14:59:05,14:59:31,COMPLETED,25134.0,436.6,3087.75,3113.65
794,hard,15,13:34:22,14:05:13,14:59:37,COMPLETED,32007.0,54409.1,1851.84,5115.98
1022,easy,12,14:09:57,14:59:44,14:59:57,COMPLETED,31705.0,223.9,2987.61,3000.56
932,easy,12,14:09:53,14:59:37,15:00:04,COMPLETED,31366.0,440.4,2984.98,3011.07
799,medium,14,13:29:15,13:58:20,15:00:42,COMPLETED,37551.0,62379.2,1745.41,5487.86
931,easy,11,14:10:23,15:00:04,15:01:02,COMPLETED,34225.0,978.7,2981.07,3039.31
1046,easy,12,14:11:15,15:00:49,15:01:02,COMPLETED,29080.0,223.9,2974.40,2987.31
955,easy,11,14:11:19,15:01:08,15:01:21,COMPLETED,25028.0,223.4,2989.88,3002.79
1014,easy,11,14:11:22,15:01:08,15:01:21,COMPLETED,35584.0,223.5,2986.88,2999.79
924,medium,13,14:07:16,14:58:00,15:02:00,COMPLETED,27840.0,4004.2,3044.72,3284.52
949,medium,13,14:11:57,15:01:28,15:02:07,COMPLETED,31115.0,655.5,2971.37,3010.06
963,easy,12,14:13:19,15:02:07,15:04:02,COMPLETED,32386.0,1936.1,2928.06,3043.93
950,easy,11,14:13:50,15:04:09,15:04:22,COMPLETED,27061.0,220.0,3019.27,3032.17
970,medium,13,14:13:56,15:04:28,15:05:50,COMPLETED,33011.0,1373.8,3032.49,3114.62
1001,hard,15,14:05:13,14:54:37,15:10:44,COMPLETED,31079.0,16124.1,2964.16,3931.31
1007,medium,13,14:07:17,14:58:33,15:11:48,COMPLETED,28996.0,13270.3,3076.10,3871.87
886,hard,15,13:31:01,14:00:54,15:14:30,COMPLETED,34635.0,73595.2,1793.97,6209.44
1005,medium,13,14:03:55,14:53:46,15:14:30,COMPLETED,26001.0,20739.3,2991.47,4235.44
802,hard,15,13:17:33,13:34:57,15:15:08,COMPLETED,36595.0,100179.8,1044.90,7055.53
1044,easy,12,14:15:04,15:14:36,15:15:33,COMPLETED,31677.0,954.1,3572.91,3629.85
905,medium,13,14:14:54,15:10:50,15:15:52,COMPLETED,34336.0,5041.1,3356.67,3658.85
842,hard,15,13:49:05,14:31:06,15:16:18,COMPLETED,33878.0,45194.6,2521.76,5233.19
900,easy,11,14:16:31,15:15:40,15:16:24,COMPLETED,33742.0,745.5,3549.19,3593.57
934,easy,11,14:17:06,15:16:30,15:16:37,COMPLETED,29486.0,112.4,3564.95,3571.34
977,easy,11,14:17:33,15:16:43,15:16:50,COMPLETED,26557.0,112.8,3550.72,3557.14
790,medium,13,13:57:53,14:47:51,15:17:15,COMPLETED,42289.0,29397.5,2998.96,4762.60
918,easy,11,14:17:44,15:16:56,15:17:28,COMPLETED,25107.0,534.2,3552.52,3584.28
991,hard,15,14:03:46,14:51:32,15:17:34,COMPLETED,31768.0,26037.6,2866.68,4428.60
974,easy,11,14:18:32,15:17:21,15:17:53,COMPLETED,24298.0,534.9,3529.92,3561.72
1003,easy,11,14:19:47,15:17:41,15:18:00,COMPLETED,27808.0,322.2,3474.05,3493.05
547,hard,15,11:08:21,11:08:24,15:21:50,COMPLETED,37043.0,253420.8,3.95,15209.09
902,medium,14,14:16:45,15:15:59,15:21:50,COMPLETED,33033.0,5856.7,3554.20,3905.09
978,easy,11,14:21:59,15:21:56,15:22:03,COMPLETED,19836.0,114.2,3597.67,3604.05
906,medium,14,14:19:41,15:17:34,15:22:09,COMPLETED,30172.0,4593.3,3473.60,3748.60
570,hard,15,11:41:48,11:41:54,15:23:27,COMPLETED,38172.0,221552.5,6.02,13299.09
857,medium,14,13:51:02,14:37:32,15:23:46,COMPLETED,28748.0,46226.4,2790.82,5564.21
1041,easy,12,14:22:22,15:23:33,15:25:02,COMPLETED,39678.0,1488.2,3671.49,3760.29
976,medium,13,14:22:58,15:25:08,15:26:44,COMPLETED,27513.0,1598.9,3730.83,3826.45
964,medium,14,14:13:23,15:02:13,15:27:03,COMPLETED,26388.0,24832.7,2930.76,4420.47
980,medium,13,14:21:41,15:21:56,15:27:41,COMPLETED,32525.0,5751.8,3615.67,3960.48
926,easy,11,14:23:23,15:27:09,15:27:47,COMPLETED,27908.0,639.5,3826.81,3864.83
981,easy,11,14:23:34,15:27:47,15:27:54,COMPLETED,29133.0,112.4,3853.83,3860.21
959,medium,13,14:24:33,15:27:54,15:30:01,COMPLETED,25109.0,2119.8,3801.21,3928.07
797,medium,14,13:43:18,14:20:28,15:30:07,COMPLETED,33928.0,69647.0,2230.85,6409.43
921,medium,14,14:15:32,15:15:14,15:30:20,COMPLETED,25483.0,15094.2,3582.87,4488.23
733,hard,15,12:06:48,12:06:48,15:30:26,COMPLETED,36236.0,203644.4,0.08,12218.59
1043,easy,12,14:24:47,15:28:00,15:30:33,COMPLETED,33551.0,2547.0,3793.60,3946.02
996,easy,11,14:25:27,15:30:13,15:30:33,COMPLETED,26146.0,326.9,3886.83,3906.02
1015,easy,11,14:26:01,15:30:26,15:30:39,COMPLETED,28046.0,224.7,3865.59,3878.47
868,hard,15,13:48:55,14:30:16,15:30:46,COMPLETED,37188.0,60507.5,2481.10,6111.13
777,hard,15,13:55:54,14:44:27,15:30:46,COMPLETED,29790.0,46322.4,2913.24,5692.13
936,hard,15,14:09:28,14:59:25,15:30:52,COMPLETED,30197.0,31472.5,2997.06,4884.80
982,medium,13,14:23:13,15:26:50,15:30:52,COMPLETED,25965.0,4045.9,3817.79,4059.80
956,easy,11,14:28:15,15:30:52,15:30:59,COMPLETED,20628.0,124.9,3757.80,3764.63
969,easy,11,14:28:42,15:30:52,15:30:59,COMPLETED,27766.0,124.1,3730.80,3737.63
1045,easy,12,14:26:32,15:30:33,15:31:06,COMPLETED,27954.0,567.5,3841.02,3874.39
973,easy,12,14:26:59,15:30:39,15:31:19,COMPLETED,26010.0,674.2,3820.47,3860.66
962,easy,11,14:29:31,15:31:06,15:31:19,COMPLETED,25127.0,226.2,3695.39,3708.66
1048,easy,11,14:29:53,15:31:13,15:31:25,COMPLETED,31115.0,224.5,3680.17,3692.99
940,easy,11,14:29:24,15:30:59,15:31:32,COMPLETED,21095.0,555.1,3695.63,3728.67
987,easy,12,14:30:02,15:31:25,15:31:45,COMPLETED,26916.0,331.0,3683.99,3703.65
1008,easy,11,14:30:47,15:31:51,15:32:04,COMPLETED,28809.0,220.3,3664.98,3677.67
911,easy,11,14:31:13,15:32:11,15:32:24,COMPLETED,31811.0,228.1,3658.24,3671.42
885,hard,15,13:34:17,14:04:35,15:32:37,COMPLETED,29123.0,88046.9,1818.03,7100.58
917,easy,12,14:25:23,15:30:07,15:32:44,COMPLETED,35883.0,2620.3,3884.43,4041.13
1036,easy,11,14:31:15,15:32:30,15:32:44,COMPLETED,26578.0,229.3,3675.97,3689.13
1027,easy,11,14:32:29,15:32:44,15:32:50,COMPLETED,26799.0,120.6,3615.13,3621.76
954,easy,11,14:32:33,15:32:50,15:33:04,COMPLETED,25910.0,225.8,3617.76,3631.01
988,easy,11,14:33:52,15:33:10,15:33:29,COMPLETED,24289.0,329.7,3558.34,3577.62
1038,medium,13,14:30:38,15:31:39,15:34:28,COMPLETED,30857.0,2822.5,3661.07,3830.06
968,hard,15,14:28:57,15:30:59,15:35:26,COMPLETED,30098.0,4447.9,3722.63,3989.04
910,easy,11,14:35:00,15:34:34,15:35:26,COMPLETED,29992.0,868.6,3574.47,3626.04
667,hard,15,12:46:57,13:03:59,15:35:58,COMPLETED,31717.0,151993.0,1022.48,10141.88
914,medium,13,14:33:04,15:32:57,15:35:58,COMPLETED,32091.0,3033.7,3593.40,3774.88
768,hard,15,13:56:38,14:46:40,15:36:05,COMPLETED,31006.0,49420.9,3002.50,5967.51
1006,easy,12,14:35:14,15:35:32,15:36:31,COMPLETED,27291.0,983.6,3618.63,3677.36
1035,easy,11,14:36:56,15:36:11,15:36:31,COMPLETED,29280.0,329.5,3555.91,3575.36
1019,medium,14,14:30:01,15:31:25,15:37:09,COMPLETED,28690.0,5727.9,3684.99,4028.40
809,hard,15,13:05:50,13:25:50,15:37:15,COMPLETED,33355.0,131424.9,1200.42,9085.74
975,easy,12,14:35:46,15:36:05,15:37:22,COMPLETED,36808.0,1282.2,3619.51,3696.11
834,hard,15,13:46:42,14:26:39,15:37:34,COMPLETED,32131.0,70922.7,2397.65,6652.84
1020,easy,12,14:36:58,15:36:37,15:37:41,COMPLETED,27143.0,1063.5,3579.70,3643.17
922,easy,11,14:37:49,15:37:41,15:37:47,COMPLETED,28301.0,112.3,3592.17,3598.56
942,medium,13,14:30:19,15:31:32,15:40:45,COMPLETED,39435.0,9215.5,3673.67,4226.29
1039,medium,14,14:38:13,15:37:47,15:40:45,COMPLETED,31059.0,2968.5,3574.56,3752.29
1032,medium,14,14:27:34,15:30:46,15:41:23,COMPLETED,30960.0,10627.6,3792.13,4429.53
1021,hard,15,14:34:17,15:33:36,15:41:48,COMPLETED,32678.0,8216.7,3559.16,4051.88
972,easy,12,14:39:11,15:41:55,15:42:07,COMPLETED,30567.0,219.1,3764.23,3776.97
913,easy,11,14:39:14,15:42:14,15:43:11,COMPLETED,28415.0,954.5,3780.41,3837.33
1037,medium,13,14:39:19,15:43:17,15:44:14,COMPLETED,32352.0,955.3,3838.71,3895.69
714,hard,15,12:08:26,12:08:31,15:45:55,COMPLETED,30048.0,217414.9,5.06,13049.85
994,easy,12,14:39:47,15:46:02,15:46:14,COMPLETED,30548.0,217.7,3975.24,3987.99
951,medium,14,14:37:25,15:36:37,15:47:05,COMPLETED,24997.0,10468.9,3552.70,4180.59
908,medium,13,14:39:31,15:44:21,15:47:05,COMPLETED,33108.0,2747.9,3890.05,4054.59
958,medium,14,14:20:59,15:18:00,15:47:24,COMPLETED,30142.0,29417.3,3421.05,5185.87
935,medium,13,14:27:26,15:30:39,15:47:24,COMPLETED,38777.0,16759.2,3793.47,4798.87
1025,medium,14,14:38:21,15:37:53,15:47:37,COMPLETED,31844.0,9739.3,3572.94,4156.85
923,medium,13,14:37:45,15:37:28,15:48:16,COMPLETED,33170.0,10809.4,3583.49,4231.62
961,medium,14,14:37:36,15:37:15,15:49:40,COMPLETED,29391.0,12416.5,3579.74,4324.46
999,easy,11,14:44:20,15:49:46,15:49:59,COMPLETED,30265.0,216.4,3926.81,3939.48
1026,easy,11,14:44:31,15:50:05,15:50:18,COMPLETED,25291.0,217.0,3934.82,3947.53
998,easy,11,14:45:44,15:50:24,15:50:43,COMPLETED,24476.0,322.4,3880.86,3899.90
983,easy,11,14:46:25,15:50:50,15:51:02,COMPLETED,29447.0,216.3,3865.23,3877.91
1013,medium,14,14:44:10,15:48:23,15:51:21,COMPLETED,26234.0,2984.2,3853.16,4031.90
960,easy,11,14:47:46,15:51:28,15:52:12,COMPLETED,29086.0,742.7,3822.26,3866.51
1002,easy,12,14:47:55,15:52:18,15:52:44,COMPLETED,28788.0,427.0,3863.84,3889.15
1047,hard,15,14:14:46,15:05:56,15:53:22,COMPLETED,33192.0,47422.4,3070.95,5916.10
916,medium,14,14:38:51,15:40:51,15:53:28,COMPLETED,26539.0,12616.4,3720.70,4477.42
1028,easy,12,14:49:08,15:53:34,15:53:53,COMPLETED,29726.0,322.7,3866.80,3885.86
986,medium,13,14:48:14,15:52:50,15:54:12,COMPLETED,29675.0,1377.9,3876.48,3958.86
979,easy,12,14:50:03,15:54:19,15:54:31,COMPLETED,28211.0,216.0,3856.19,3868.85
903,easy,12,14:50:27,15:54:38,15:54:50,COMPLETED,24330.0,219.8,3851.17,3863.86
1017,medium,14,14:48:37,15:53:28,15:55:17,COMPLETED,30079.0,1815.6,3891.42,4000.05
901,easy,11,14:50:32,15:54:57,15:55:17,COMPLETED,27571.0,332.9,3865.40,3885.05
984,easy,11,14:50:45,15:55:23,15:55:36,COMPLETED,28540.0,225.3,3878.40,3891.36
945,easy,12,14:50:41,15:55:23,15:55:56,COMPLETED,30093.0,551.3,3882.40,3915.13
989,easy,12,14:51:32,15:56:02,15:56:41,COMPLETED,27392.0,657.5,3870.50,3909.45
899,medium,13,13:42:35,14:20:16,15:56:54,COMPLETED,36621.0,96642.9,2261.16,8059.47
1031,easy,11,14:52:01,15:56:47,15:57:01,COMPLETED,23060.0,222.7,3886.99,3900.01
920,medium,14,14:22:07,15:22:09,15:57:07,COMPLETED,34270.0,34970.7,3602.60,5700.39
929,medium,14,14:36:28,15:36:05,15:57:27,COMPLETED,31669.0,21366.9,3577.51,4859.14
1011,easy,12,14:52:29,15:57:14,15:57:27,COMPLETED,22765.0,227.7,3885.04,3898.14
997,easy,12,14:49:20,15:54:00,15:57:40,COMPLETED,25425.0,3674.0,3880.18,4100.14
1033,easy,12,14:52:04,15:57:01,15:57:46,COMPLETED,28481.0,772.5,3897.01,3942.71
993,easy,11,14:52:47,15:57:33,15:57:53,COMPLETED,30952.0,338.3,3886.74,3906.44
930,easy,11,14:55:55,15:57:53,15:58:00,COMPLETED,21430.0,116.6,3718.44,3725.10
927,easy,11,14:55:58,15:58:00,15:58:06,COMPLETED,27160.0,115.9,3722.10,3728.47
907,hard,15,14:32:46,15:32:50,15:58:19,COMPLETED,35694.0,25487.8,3604.76,5133.74
915,easy,12,14:53:09,15:57:33,15:59:11,COMPLETED,31965.0,1633.0,3864.74,3962.48
944,easy,11,14:56:25,15:59:17,15:59:24,COMPLETED,30788.0,118.5,3772.81,3779.43
967,medium,13,14:52:24,15:57:07,15:59:43,COMPLETED,28098.0,2609.4,3883.39,4039.68
909,easy,11,14:56:32,15:59:30,15:59:43,COMPLETED,27605.0,217.2,3778.97,3791.68
985,medium,13,14:56:10,15:58:26,15:59:56,COMPLETED,29421.0,1515.1,3736.29,3826.71
925,medium,13,14:39:01,15:41:29,16:02:04,COMPLETED,42027.0,20582.5,3748.88,4983.58
1049,medium,14,14:51:18,15:55:42,16:02:42,COMPLETED,32016.0,6997.6,3865.00,4284.59
1063,easy,11,15:00:05,16:02:48,16:02:55,COMPLETED,25319.0,110.9,3763.92,3770.27
928,medium,13,14:29:44,15:31:06,16:03:08,COMPLETED,40525.0,32028.9,3682.39,5604.01
965,easy,12,14:59:02,16:02:10,16:03:14,COMPLETED,36635.0,1062.4,3788.92,3852.33
1068,easy,11,15:00:40,16:03:14,16:03:27,COMPLETED,29114.0,218.1,3754.33,3767.05
1198,easy,12,15:01:08,16:03:20,16:03:52,COMPLETED,23968.0,534.8,3732.70,3764.49
919,medium,14,14:44:05,15:47:44,16:05:14,COMPLETED,24157.0,17508.2,3819.40,4869.65
1079,easy,11,15:01:42,16:05:20,16:05:46,COMPLETED,22606.0,427.7,3818.98,3844.30
1099,easy,11,15:02:01,16:05:52,16:06:05,COMPLETED,23786.0,227.9,3831.67,3844.85
992,medium,14,14:56:02,15:58:06,16:06:25,COMPLETED,30536.0,8316.4,3724.47,4223.20
957,hard,15,14:10:31,15:00:10,16:06:31,COMPLETED,37178.0,66358.1,2979.44,6960.53
1159,easy,12,15:02:29,16:06:12,16:06:38,COMPLETED,27233.0,436.3,3823.39,3849.21
1179,easy,12,15:02:43,16:06:31,16:06:38,COMPLETED,27144.0,117.6,3828.53,3835.21
946,medium,13,14:56:02,15:58:13,16:06:51,COMPLETED,25727.0,8643.9,3731.11,4249.31
1166,easy,12,15:03:03,16:06:38,16:07:04,COMPLETED,29598.0,445.2,3815.21,3841.44
1113,easy,12,15:03:22,16:06:44,16:07:17,COMPLETED,27277.0,553.7,3802.62,3835.34
1189,medium,13,15:01:18,16:03:33,16:07:23,COMPLETED,32551.0,3850.2,3735.45,3965.91
1055,easy,12,15:04:11,16:06:44,16:07:37,COMPLETED,34069.0,882.5,3753.62,3806.20
1123,medium,14,15:00:23,16:03:01,16:07:43,COMPLETED,27335.0,4711.7,3758.60,4040.74
1180,easy,12,15:05:17,16:07:23,16:07:50,COMPLETED,25471.0,450.9,3726.91,3753.41
1139,easy,12,15:04:24,16:07:10,16:08:03,COMPLETED,26164.0,878.7,3766.99,3819.42
1122,easy,11,15:06:14,16:08:09,16:08:16,COMPLETED,29279.0,114.8,3715.75,3722.14
1061,medium,13,15:05:48,16:07:43,16:11:11,COMPLETED,29300.0,3460.4,3715.74,3923.09
1149,easy,12,15:07:22,16:08:22,16:11:11,COMPLETED,17324.0,2812.0,3660.67,3829.09
1187,easy,11,15:07:36,16:11:17,16:11:49,COMPLETED,26033.0,545.2,3821.42,3853.63
1009,hard,15,14:57:31,15:59:50,16:12:08,COMPLETED,29013.0,12318.1,3739.02,4477.93
966,medium,14,14:42:58,15:47:31,16:13:43,COMPLETED,31890.0,26211.3,3873.21,5445.73
1066,easy,12,15:07:39,16:11:56,16:13:50,COMPLETED,26904.0,1903.5,3857.21,3971.06
1145,medium,14,15:05:36,16:07:30,16:14:46,COMPLETED,32094.0,7278.7,3714.54,4151.00
1125,easy,12,15:08:58,16:14:53,16:15:37,COMPLETED,34535.0,742.2,3955.32,3999.56
1138,medium,13,15:08:45,16:13:56,16:16:21,COMPLETED,31215.0,2430.7,3911.46,4056.99
1073,easy,12,15:09:22,16:15:43,16:16:28,COMPLETED,27906.0,746.9,3981.88,4026.33
1070,medium,14,15:09:46,16:16:28,16:18:43,COMPLETED,25840.0,2262.5,4002.33,4137.59
941,hard,15,14:12:27,15:01:28,16:18:50,COMPLETED,33705.0,77370.5,2941.37,7583.13
805,hard,15,13:27:49,13:51:38,16:19:29,COMPLETED,31376.0,147857.3,1429.15,10300.43
394,hard,15,10:12:52,10:12:57,16:19:42,COMPLETED,45654.0,366740.2,5.87,22010.23
1153,easy,12,15:10:38,16:19:35,16:20:40,COMPLETED,20457.0,1089.7,4137.82,4202.68
1169,easy,11,15:10:21,16:18:57,16:20:53,COMPLETED,35436.0,1951.7,4116.03,4232.61
1168,medium,13,15:07:27,16:11:17,16:21:51,COMPLETED,28119.0,10578.0,3830.42,4464.66
1152,easy,12,15:13:25,16:21:00,16:22:43,COMPLETED,20762.0,1729.6,4055.19,4158.48
773,hard,15,13:55:58,14:44:39,16:22:56,COMPLETED,31888.0,98278.4,2921.92,8818.38
1103,medium,13,15:12:31,16:19:48,16:23:40,COMPLETED,27854.0,3874.7,4037.79,4269.99
1064,easy,12,15:14:32,16:23:47,16:24:25,COMPLETED,26193.0,637.2,4155.31,4193.23
710,hard,15,12:53:43,13:12:12,16:24:31,COMPLETED,27300.0,192320.6,1109.50,12648.58
1162,easy,12,15:15:06,16:24:31,16:25:16,COMPLETED,30531.0,745.9,4165.58,4210.04
691,hard,15,12:55:00,13:13:03,16:26:06,COMPLETED,31320.0,193050.9,1083.62,12666.58
1067,easy,11,15:16:31,16:26:12,16:26:19,COMPLETED,24219.0,112.8,4181.91,4188.32
1104,easy,11,15:17:34,16:26:25,16:26:32,COMPLETED,28475.0,113.0,4131.70,4138.12
1132,medium,13,15:17:45,16:26:38,16:27:10,COMPLETED,26508.0,532.2,4133.51,4165.12
1194,easy,11,15:17:52,16:27:16,16:28:07,COMPLETED,36343.0,848.3,4164.47,4215.06
861,hard,15,13:46:40,14:23:39,16:28:38,COMPLETED,35891.0,124983.8,2219.78,9718.68
1042,hard,15,14:02:48,14:50:21,16:28:38,COMPLETED,33924.0,98293.2,2853.24,8750.68
1040,hard,15,14:06:01,14:57:02,16:29:23,COMPLETED,31327.0,92341.1,3061.73,8602.05
1193,easy,11,15:18:58,16:29:29,16:29:55,COMPLETED,28374.0,440.7,4231.37,4257.32
897,hard,15,13:04:50,13:23:49,16:31:00,COMPLETED,35127.0,187179.1,1139.65,12370.21
1157,easy,12,15:19:01,16:30:01,16:31:32,COMPLETED,31672.0,1521.2,4260.85,4351.62
1076,medium,14,15:06:07,16:07:50,16:32:05,COMPLETED,25888.0,24254.2,3703.41,5158.41
953,hard,15,14:55:08,15:57:46,16:32:11,COMPLETED,32796.0,34421.8,3758.71,5823.77
1110,easy,11,15:20:53,16:32:11,16:32:18,COMPLETED,26581.0,112.2,4278.77,4285.16
400,hard,15,10:49:44,10:49:49,16:32:30,COMPLETED,27662.0,342684.9,5.82,20566.88
1053,medium,13,15:18:50,16:28:45,16:32:37,COMPLETED,23353.0,3875.0,4195.02,4427.21
1077,medium,13,15:19:38,16:31:39,16:34:19,COMPLETED,25707.0,2669.5,4321.17,4481.00
1050,medium,13,15:19:17,16:31:06,16:34:31,COMPLETED,30400.0,3422.6,4309.76,4514.79
1095,easy,12,15:21:50,16:34:38,16:34:57,COMPLETED,31364.0,321.5,4368.18,4387.16
1148,medium,13,15:21:07,16:32:18,16:35:09,COMPLETED,29536.0,2866.5,4271.16,4442.86
1078,easy,12,15:21:07,16:32:24,16:35:22,COMPLETED,35807.0,2971.7,4277.53,4455.55
1102,easy,11,15:22:21,16:35:16,16:35:28,COMPLETED,26672.0,217.3,4375.19,4387.88
1188,easy,12,15:21:39,16:32:37,16:35:54,COMPLETED,28812.0,3288.8,4258.21,4455.26
1135,easy,12,15:22:26,16:35:28,16:36:00,COMPLETED,22510.0,534.1,4382.88,4414.58
1056,easy,12,15:23:23,16:36:06,16:37:03,COMPLETED,20886.0,955.6,4363.96,4420.98
1172,hard,15,15:08:17,16:13:50,16:37:23,COMPLETED,33480.0,23552.8,3933.06,5346.01
1164,easy,12,15:24:25,16:37:29,16:37:48,COMPLETED,28601.0,321.5,4384.33,4403.32
450,hard,15,11:27:02,11:27:06,16:38:07,COMPLETED,35454.0,311019.3,4.21,18665.32
1119,easy,11,15:24:35,16:37:54,16:38:13,COMPLETED,25880.0,322.5,4399.64,4418.65
1075,easy,11,15:25:36,16:38:13,16:38:20,COMPLETED,30483.0,111.9,4357.65,4364.03
1130,easy,12,15:25:51,16:38:26,16:38:32,COMPLETED,24333.0,111.2,4355.40,4361.76
1121,easy,12,15:26:14,16:38:39,16:39:17,COMPLETED,28376.0,643.1,4345.09,4383.20
1146,easy,12,15:26:25,16:39:23,16:39:56,COMPLETED,29633.0,547.2,4378.72,4411.11
1156,easy,11,15:27:16,16:40:02,16:40:15,COMPLETED,25564.0,223.0,4366.57,4379.45
246,hard,15,09:59:29,09:59:30,16:43:28,COMPLETED,32640.0,403973.4,1.48,24239.84
933,hard,15,14:42:46,15:47:31,16:44:01,COMPLETED,31904.0,56507.8,3885.21,7275.34
1115,hard,15,15:15:53,16:24:38,16:44:01,COMPLETED,31024.0,19396.8,4125.01,5288.34
1158,easy,12,15:27:38,16:43:35,16:44:01,COMPLETED,28261.0,442.6,4557.38,4583.34
1074,medium,13,15:23:08,16:36:00,16:44:40,COMPLETED,33927.0,8675.0,4372.58,4892.62
948,hard,15,14:41:28,15:47:11,16:45:38,COMPLETED,28570.0,58436.7,3943.95,7450.01
1127,medium,13,15:21:44,16:34:25,16:46:35,COMPLETED,34611.0,12165.8,4361.40,5091.08
1176,easy,11,15:29:11,16:46:41,16:47:06,COMPLETED,26839.0,426.3,4650.42,4675.69
1098,medium,14,15:27:29,16:40:21,16:47:32,COMPLETED,32381.0,7172.7,4372.99,4803.02
1094,easy,11,15:31:22,16:47:38,16:47:44,COMPLETED,19257.0,112.2,4576.42,4582.83
1186,easy,12,15:31:16,16:47:13,16:48:22,COMPLETED,28985.0,1170.8,4557.02,4626.97
1126,easy,11,15:31:30,16:47:51,16:48:22,COMPLETED,29548.0,535.0,4581.18,4612.97
1106,easy,11,15:31:48,16:48:29,16:48:35,COMPLETED,23142.0,111.4,4601.30,4607.68
1109,easy,11,15:31:58,16:48:29,16:48:42,COMPLETED,24756.0,218.1,4591.30,4604.02
1092,easy,12,15:32:53,16:48:42,16:50:23,COMPLETED,28052.0,1699.5,4549.02,4650.64
1137,easy,11,15:34:25,16:50:30,16:50:36,COMPLETED,29386.0,114.9,4565.02,4571.40
1030,hard,15,14:00:29,14:49:48,16:51:02,COMPLETED,33178.0,121222.2,2959.89,10233.08
533,hard,15,11:09:29,11:09:34,16:51:46,COMPLETED,41429.0,342203.0,5.22,20537.36
1191,hard,15,15:04:21,16:06:57,16:52:18,COMPLETED,24980.0,45338.9,3756.85,6477.00
1105,easy,12,15:28:32,16:44:07,16:52:36,COMPLETED,34707.0,8485.3,4535.98,5044.99
1124,easy,12,15:35:33,16:51:52,16:52:43,COMPLETED,30640.0,850.7,4579.71,4630.36
1057,medium,13,15:32:58,16:48:48,16:52:49,COMPLETED,25558.0,4028.3,4550.47,4791.80
1101,easy,11,15:35:48,16:52:43,16:52:49,COMPLETED,25152.0,114.1,4615.36,4621.80
1093,medium,13,15:35:46,16:52:24,16:54:12,COMPLETED,35462.0,1800.9,4598.33,4706.10
938,medium,14,14:03:46,14:51:58,16:54:43,COMPLETED,34565.0,122760.3,2892.41,10257.89
1195,easy,11,15:37:58,16:54:18,16:55:03,COMPLETED,30150.0,749.7,4580.43,4625.06
1182,easy,11,15:39:53,16:55:09,16:55:22,COMPLETED,26651.0,216.7,4516.44,4529.14
1107,medium,13,15:37:24,16:52:56,16:56:38,COMPLETED,24611.0,3719.9,4532.22,4754.96
1000,hard,15,14:15:01,15:11:55,16:56:52,COMPLETED,29977.0,104947.5,3414.42,9711.09
1090,easy,11,15:41:09,16:56:58,16:57:05,COMPLETED,26591.0,116.4,4549.63,4556.25
1060,medium,14,15:35:01,16:51:08,16:57:11,COMPLETED,27043.0,6062.8,4567.47,4930.65
1062,easy,11,15:40:43,16:56:45,16:57:11,COMPLETED,29800.0,446.7,4562.51,4588.65
1087,easy,12,15:41:13,16:57:11,16:57:31,COMPLETED,31104.0,336.3,4558.65,4578.54
1081,hard,15,15:09:59,16:16:34,16:57:37,COMPLETED,34518.0,41056.6,3995.72,6458.87
1173,easy,12,15:41:31,16:57:18,16:57:37,COMPLETED,28764.0,330.5,4547.35,4566.87
1175,medium,13,15:39:02,16:54:50,16:57:44,COMPLETED,28245.0,2907.2,4548.28,4722.31
1118,medium,13,15:23:04,16:35:35,16:58:03,COMPLETED,31587.0,22477.6,4351.26,5699.68
411,hard,15,10:42:14,10:42:14,17:00:03,COMPLETED,36039.0,377823.1,0.49,22669.85
1134,hard,15,15:37:05,16:52:56,17:00:29,COMPLETED,25262.0,7553.2,4551.22,5004.15
1085,easy,11,15:44:18,17:00:10,17:00:29,COMPLETED,24975.0,321.3,4552.18,4571.15
1086,easy,12,15:41:19,16:57:18,17:01:19,COMPLETED,16987.0,4029.5,4559.35,4800.85
947,hard,15,14:22:53,15:23:52,17:02:29,COMPLETED,27547.0,98615.3,3659.54,9576.33
1196,medium,13,15:45:46,17:00:35,17:04:56,COMPLETED,28377.0,4360.6,4489.48,4750.64
1116,medium,13,15:46:55,17:02:35,17:05:09,COMPLETED,24666.0,2576.9,4540.66,4694.78
1197,easy,11,15:47:23,17:05:03,17:05:16,COMPLETED,29470.0,227.0,4660.19,4673.33
1143,easy,12,15:47:48,17:05:22,17:05:42,COMPLETED,34434.0,327.8,4654.85,4674.21
1080,hard,15,15:40:00,16:55:28,17:06:33,COMPLETED,33464.0,11094.2,4528.47,5193.69
1151,easy,11,15:49:35,17:06:40,17:06:46,COMPLETED,26301.0,119.7,4625.23,4631.84
1054,easy,11,15:49:38,17:06:53,17:07:06,COMPLETED,30879.0,223.7,4635.46,4648.57
1192,hard,15,15:27:51,16:44:07,17:07:12,COMPLETED,34192.0,23088.7,4576.98,5961.92
1082,easy,12,15:47:38,17:05:16,17:07:19,COMPLETED,34911.0,2059.2,4658.33,4781.55
361,hard,15,10:43:14,10:43:17,17:08:30,COMPLETED,31827.0,385220.5,3.45,23116.63
1178,medium,14,15:28:46,16:44:47,17:08:30,COMPLETED,23214.0,23731.3,4561.17,5984.63
1167,medium,14,15:46:50,17:01:26,17:08:43,COMPLETED,32421.0,7299.4,4476.18,4913.88
1114,medium,14,15:25:47,16:38:20,17:08:56,COMPLETED,34772.0,30615.4,4353.03,6189.57
1177,easy,12,15:53:44,17:08:37,17:09:03,COMPLETED,25415.0,440.9,4493.19,4519.08
1199,medium,13,15:53:54,17:08:37,17:09:09,COMPLETED,19336.0,545.7,4483.19,4515.72
1165,medium,14,15:21:39,16:32:43,17:09:54,COMPLETED,28702.0,37184.7,4264.58,6495.45
1147,easy,11,15:55:26,17:10:00,17:10:13,COMPLETED,21827.0,218.0,4474.78,4487.51
1160,easy,12,15:55:05,17:09:09,17:10:19,COMPLETED,31074.0,1175.2,4444.72,4514.89
1004,medium,14,14:56:55,15:59:50,17:10:26,COMPLETED,29340.0,70607.2,3775.02,8011.26
1150,easy,11,15:56:18,17:10:32,17:10:51,COMPLETED,29667.0,322.0,4454.65,4473.65
1100,easy,11,15:56:17,17:10:26,17:10:57,COMPLETED,29004.0,534.7,4449.26,4480.99
1136,easy,11,15:56:45,17:10:57,17:11:17,COMPLETED,31368.0,323.4,4452.99,4472.09
824,hard,15,13:39:55,14:17:05,17:11:36,COMPLETED,31631.0,174512.9,2230.41,12701.08
1129,easy,11,15:58:10,17:11:42,17:12:01,COMPLETED,30312.0,321.7,4412.42,4431.42
1088,hard,15,15:37:01,16:52:49,17:12:39,COMPLETED,31380.0,19830.5,4548.80,5738.33
1065,medium,13,15:49:59,17:07:19,17:14:52,COMPLETED,35338.0,7559.1,4640.55,5093.66
841,hard,15,13:19:17,13:38:02,17:15:05,COMPLETED,30330.0,217063.0,1125.11,14148.81
1128,easy,12,15:58:57,17:15:12,17:16:36,COMPLETED,29480.0,1411.4,4575.19,4659.38
1096,hard,15,15:42:50,16:57:44,17:16:55,COMPLETED,25424.0,19195.5,4494.31,5645.67
1141,medium,13,15:55:33,17:10:19,17:17:28,COMPLETED,29505.0,7145.7,4486.89,4915.36
580,hard,15,11:53:32,11:53:32,17:17:47,COMPLETED,27430.0,324259.0,0.27,19455.81
1120,easy,12,15:58:55,17:14:59,17:17:54,COMPLETED,34512.0,2927.9,4564.21,4739.33
1142,easy,12,15:59:12,17:16:42,17:18:00,COMPLETED,32670.0,1310.0,4650.91,4728.96
1260,easy,11,16:00:19,17:17:54,17:18:00,COMPLETED,22313.0,120.7,4655.33,4661.96
1117,medium,13,15:58:01,17:11:23,17:18:40,COMPLETED,26607.0,7285.7,4402.42,4839.11
1266,easy,12,16:01:28,17:18:07,17:18:46,COMPLETED,25956.0,659.4,4599.62,4638.66
1084,medium,13,15:59:14,17:17:02,17:19:06,COMPLETED,28153.0,2075.3,4668.20,4792.45
1181,medium,14,15:54:22,17:09:03,17:19:19,COMPLETED,26231.0,10278.4,4481.08,5097.38
1213,easy,12,16:02:38,17:18:53,17:19:38,COMPLETED,31331.0,768.5,4575.32,4620.94
1216,easy,12,16:02:50,17:19:12,17:19:38,COMPLETED,30726.0,444.8,4582.78,4608.94
1223,medium,13,16:01:44,17:18:46,17:19:45,COMPLETED,22300.0,992.6,4622.66,4681.52
1268,easy,11,16:03:53,17:19:25,17:19:45,COMPLETED,27384.0,338.8,4532.92,4552.52
1289,easy,11,16:04:00,17:19:45,17:20:05,COMPLETED,25153.0,331.5,4545.52,4565.18
1229,easy,11,16:04:44,17:19:52,17:20:11,COMPLETED,28267.0,330.2,4508.30,4527.55
1305,easy,11,16:04:13,17:19:52,17:20:24,COMPLETED,30870.0,549.5,4539.30,4571.80
1233,easy,12,16:04:45,17:20:11,17:20:37,COMPLETED,28405.0,445.3,4526.55,4552.92
1317,easy,12,16:06:43,17:20:31,17:20:50,COMPLETED,26040.0,327.7,4428.33,4447.70
1207,medium,14,16:00:29,17:18:00,17:21:03,COMPLETED,21532.0,3045.1,4651.96,4834.39
1246,easy,12,16:06:00,17:20:18,17:21:28,COMPLETED,28164.0,1180.2,4458.20,4528.70
1161,medium,14,15:24:16,16:37:10,17:21:47,COMPLETED,32649.0,44626.6,4374.33,7051.73
1204,easy,12,16:08:16,17:20:57,17:22:06,COMPLETED,26218.0,1166.6,4361.03,4430.73
1340,easy,11,16:03:57,17:19:45,17:22:13,COMPLETED,40146.0,2465.3,4548.52,4696.07
1228,easy,12,16:08:35,17:21:09,17:22:13,COMPLETED,23677.0,1062.6,4354.72,4418.07
1334,easy,11,16:09:01,17:21:35,17:22:25,COMPLETED,35707.0,852.9,4354.06,4404.95
1185,medium,14,15:42:29,16:57:37,17:22:44,COMPLETED,34311.0,25121.3,4508.87,6015.94
1322,easy,12,16:09:37,17:22:13,17:23:16,COMPLETED,24833.0,1062.9,4356.07,4419.56
1291,easy,12,16:10:12,17:22:32,17:23:16,COMPLETED,29417.0,743.2,4340.28,4384.56
1311,easy,12,16:10:36,17:22:51,17:23:35,COMPLETED,32424.0,745.9,4335.27,4379.68
1300,easy,11,16:11:48,17:23:22,17:23:35,COMPLETED,27253.0,219.0,4294.89,4307.68
1201,easy,12,16:09:28,17:21:54,17:24:01,COMPLETED,34225.0,2122.1,4346.05,4473.08
1211,easy,12,16:13:08,17:23:42,17:24:01,COMPLETED,29294.0,322.5,4234.06,4253.08
1059,medium,14,15:43:45,16:57:50,17:24:07,COMPLETED,33183.0,26282.8,4445.77,6022.43
1288,easy,12,16:12:15,17:23:22,17:24:20,COMPLETED,27146.0,962.0,4267.89,4325.31
1298,medium,13,16:15:39,17:24:07,17:24:26,COMPLETED,24352.0,326.5,4108.43,4127.70
1235,easy,11,16:16:13,17:24:26,17:24:45,COMPLETED,23174.0,323.9,4093.70,4112.84
1269,medium,13,16:10:12,17:22:19,17:25:17,COMPLETED,27844.0,2969.4,4327.52,4505.44
1250,easy,11,16:14:43,17:23:42,17:25:23,COMPLETED,41970.0,1699.9,4139.06,4240.77
1338,easy,12,16:16:51,17:24:52,17:26:02,COMPLETED,26757.0,1177.9,4081.17,4151.31
1220,medium,13,16:14:58,17:24:07,17:26:15,COMPLETED,33939.0,2140.2,4149.43,4277.57
1089,medium,14,15:51:16,17:07:25,17:26:34,COMPLETED,38097.0,19154.9,4569.93,5718.82
1343,easy,11,16:18:42,17:26:21,17:26:34,COMPLETED,29204.0,224.4,4059.90,4072.82
1219,easy,12,16:18:40,17:26:08,17:26:47,COMPLETED,27196.0,657.9,4048.90,4087.93
1242,easy,11,16:20:36,17:26:41,17:26:47,COMPLETED,27344.0,115.7,3965.41,3971.93
1210,easy,12,16:17:27,17:25:23,17:26:54,COMPLETED,30779.0,1523.0,4076.77,4167.46
1339,easy,12,16:19:17,17:26:41,17:27:14,COMPLETED,24844.0,552.3,4044.41,4077.09
1308,easy,11,16:21:03,17:27:20,17:27:26,COMPLETED,25858.0,114.3,3977.62,3983.98
1163,medium,14,15:28:54,16:45:44,17:27:53,COMPLETED,29179.0,42149.6,4610.35,7139.11
1155,medium,13,15:57:24,17:11:04,17:28:18,COMPLETED,40493.0,17247.3,4420.37,5454.81
1286,easy,12,16:21:48,17:27:33,17:28:18,COMPLETED,26606.0,763.7,3945.51,3990.81
1272,easy,12,16:21:00,17:26:54,17:28:44,COMPLETED,31286.0,1846.5,3954.46,4064.87
1212,easy,11,16:22:41,17:28:25,17:28:44,COMPLETED,29820.0,333.4,3944.39,3963.87
1267,easy,11,16:23:41,17:28:51,17:29:10,COMPLETED,20469.0,330.1,3910.44,3929.77
1347,medium,13,16:21:01,17:27:01,17:29:24,COMPLETED,35506.0,2387.7,3960.22,4103.00
1290,easy,12,16:23:58,17:29:17,17:30:15,COMPLETED,22127.0,979.3,3919.40,3977.86
1278,easy,12,16:24:36,17:29:30,17:30:41,COMPLETED,29981.0,1190.4,3894.55,3965.68
1261,medium,13,16:15:59,17:24:13,17:31:13,COMPLETED,34201.0,7005.5,4094.88,4514.95
1257,medium,13,16:22:12,17:27:59,17:31:39,COMPLETED,28161.0,3681.3,3947.44,4167.87
1315,medium,14,16:20:49,17:26:54,17:32:24,COMPLETED,29947.0,5508.6,3965.46,4295.70
1252,easy,12,16:26:32,17:31:46,17:32:31,COMPLETED,33636.0,749.4,3914.40,3959.03
1247,easy,11,16:27:00,17:32:37,17:32:43,COMPLETED,26481.0,111.5,3937.41,3943.79
1012,medium,13,14:46:27,15:51:09,17:33:02,COMPLETED,40573.0,101895.3,3882.23,9995.82
1097,medium,14,15:55:16,17:09:16,17:33:09,COMPLETED,31895.0,23890.1,4440.08,5873.16
1293,medium,13,16:00:07,17:17:34,17:33:09,COMPLETED,35738.0,15580.4,4647.69,5582.16
1332,easy,12,16:25:29,17:30:22,17:33:15,COMPLETED,24629.0,2897.3,3893.19,4066.62
1292,medium,14,16:10:09,17:22:19,17:33:22,COMPLETED,31566.0,11048.1,4330.52,4993.10
1240,easy,11,16:28:40,17:33:15,17:33:22,COMPLETED,25231.0,113.2,3875.62,3882.10
1091,hard,15,15:49:39,17:07:12,17:33:28,COMPLETED,36198.0,26265.5,4653.92,6229.49
1342,easy,11,16:29:18,17:33:28,17:33:34,COMPLETED,25811.0,114.8,3850.49,3856.98
1295,easy,11,16:29:23,17:33:28,17:33:41,COMPLETED,32027.0,221.1,3845.49,3858.42
1301,easy,11,16:30:04,17:33:34,17:33:47,COMPLETED,26820.0,221.0,3810.98,3823.86
1245,easy,12,16:26:10,17:31:20,17:34:00,COMPLETED,25677.0,2678.1,3910.27,4070.65
1277,easy,12,16:27:02,17:32:50,17:34:45,COMPLETED,31957.0,1919.8,3948.13,4063.04
1328,easy,12,16:30:34,17:33:47,17:34:45,COMPLETED,32292.0,958.1,3793.86,3851.04
1209,medium,13,16:30:56,17:34:07,17:35:04,COMPLETED,25174.0,955.3,3791.04,3848.07
904,hard,15,14:21:40,15:18:06,17:35:16,COMPLETED,42132.0,137173.9,3386.42,11616.75
1131,medium,14,15:18:51,16:28:45,17:35:35,COMPLETED,38035.0,66847.7,4194.02,8204.75
1258,easy,11,16:31:55,17:35:23,17:35:48,COMPLETED,26335.0,427.6,3808.08,3833.44
1299,easy,11,16:32:36,17:35:42,17:36:20,COMPLETED,35455.0,642.5,3786.08,3824.29
1215,easy,11,16:35:44,17:36:26,17:36:39,COMPLETED,26501.0,217.1,3642.66,3655.34
1231,easy,11,16:35:58,17:36:45,17:36:52,COMPLETED,24806.0,112.1,3647.71,3654.14
1283,medium,13,16:30:29,17:33:41,17:36:58,COMPLETED,30053.0,3289.5,3792.42,3989.46
1325,easy,12,16:34:15,17:35:54,17:37:17,COMPLETED,23757.0,1384.2,3699.77,3782.52
1296,easy,12,16:31:18,17:34:51,17:37:36,COMPLETED,28961.0,2757.2,3813.38,3978.54
1310,medium,14,16:07:42,17:20:44,17:37:42,COMPLETED,35462.0,16980.1,4382.32,5400.86
1259,medium,14,16:27:54,17:33:15,17:38:01,COMPLETED,30967.0,4775.7,3921.62,4207.90
1208,easy,12,16:37:27,17:37:42,17:38:01,COMPLETED,35908.0,322.6,3615.86,3634.90
1330,easy,12,16:37:07,17:37:23,17:38:08,COMPLETED,30857.0,750.7,3616.85,3661.24
1275,easy,11,16:37:54,17:37:49,17:38:27,COMPLETED,32686.0,651.4,3595.23,3633.81
1214,medium,14,16:17:49,17:25:30,17:39:32,COMPLETED,33233.0,14042.5,4061.14,4903.31
1297,easy,12,16:41:52,17:39:38,17:39:58,COMPLETED,30285.0,332.8,3466.86,3486.32
1329,medium,13,16:36:40,17:37:04,17:40:24,COMPLETED,27784.0,3334.5,3624.84,3824.46
872,hard,15,13:00:13,13:15:25,17:40:43,COMPLETED,28087.0,265305.4,912.45,16830.70
1249,medium,14,16:30:41,17:33:54,17:40:43,COMPLETED,28568.0,6828.5,3793.28,4202.70
1271,medium,13,16:40:10,17:38:14,17:40:56,COMPLETED,26012.0,2699.6,3484.96,3646.47
1285,easy,12,16:41:52,17:40:04,17:41:09,COMPLETED,26512.0,1088.0,3492.86,3557.64
1349,easy,12,16:42:36,17:41:03,17:41:22,COMPLETED,23334.0,335.0,3507.02,3526.84
1239,easy,12,16:38:22,17:38:08,17:41:42,COMPLETED,35800.0,3575.3,3586.24,3800.28
1237,easy,11,16:43:21,17:41:16,17:41:42,COMPLETED,25235.0,443.9,3475.22,3501.28
1327,easy,11,16:43:24,17:41:29,17:42:14,COMPLETED,24777.0,767.1,3485.16,3530.89
46,hard,15,08:10:59,08:11:04,17:43:50,COMPLETED,42048.0,572776.5,5.32,34371.90
1335,medium,14,16:44:29,17:42:21,17:44:09,COMPLETED,24325.0,1815.9,3472.24,3580.90
1303,medium,13,16:43:29,17:41:48,17:45:44,COMPLETED,32194.0,3935.3,3499.90,3735.74
1230,medium,13,16:31:43,17:35:10,17:46:54,COMPLETED,28300.0,11735.7,3807.39,4511.27
1302,easy,12,16:45:12,17:47:00,17:47:38,COMPLETED,28230.0,638.1,3708.60,3746.59
1224,medium,14,16:39:26,17:38:08,17:49:01,COMPLETED,29775.0,10901.8,3522.24,4176.00
1221,medium,14,16:41:03,17:38:34,17:49:15,COMPLETED,36116.0,10687.0,3451.38,4092.16
483,hard,15,11:49:03,11:49:07,17:52:16,COMPLETED,35733.0,363156.3,4.17,21793.48
882,hard,15,13:20:13,13:39:39,17:53:53,COMPLETED,31986.0,254242.6,1166.17,16420.62
1238,easy,11,16:47:01,17:54:00,17:54:32,COMPLETED,23336.0,542.5,4019.16,4051.36
1112,hard,15,15:58:25,17:12:07,17:56:13,COMPLETED,23898.0,44105.4,4422.75,7068.88
1341,easy,12,16:46:06,17:49:08,17:56:39,COMPLETED,35003.0,7515.0,3782.56,4233.18
1344,medium,14,16:22:49,17:28:25,17:57:04,COMPLETED,27519.0,28654.5,3936.39,5655.54
1265,medium,13,16:46:23,17:52:23,17:57:29,COMPLETED,33118.0,5117.8,3960.08,4266.86
1313,easy,11,16:47:43,17:57:10,17:57:36,COMPLETED,25196.0,427.7,4167.87,4193.20
1226,easy,12,16:47:57,17:57:42,17:58:14,COMPLETED,25718.0,532.5,4185.56,4217.18
1331,easy,12,16:47:51,17:57:36,17:58:39,COMPLETED,22486.0,1060.6,4185.20,4248.51
1140,medium,14,15:06:14,16:07:57,17:58:45,COMPLETED,34787.0,110816.7,3703.04,10351.86
1320,easy,12,16:49:14,17:58:52,17:59:04,COMPLETED,25947.0,219.5,4178.29,4190.97
1058,hard,15,15:13:45,16:21:58,17:59:11,COMPLETED,30482.0,97225.5,4093.20,9926.49
172,hard,15,09:34:50,09:34:53,18:00:00,UNFINISHED,-1,-1,-1
360,hard,15,10:35:45,10:35:49,18:00:00,UNFINISHED,-1,-1,-1
417,hard,15,10:48:49,10:48:51,18:00:00,UNFINISHED,-1,-1,-1
486,hard,15,11:07:45,11:07:47,18:00:00,UNFINISHED,-1,-1,-1
569,hard,15,11:34:03,11:34:06,18:00:00,UNFINISHED,-1,-1,-1
500,hard,15,11:47:28,11:47:32,18:00:00,UNFINISHED,-1,-1,-1
662,hard,15,12:08:42,12:08:43,18:00:00,UNFINISHED,-1,-1,-1
726,hard,15,12:33:08,12:51:51,18:00:00,UNFINISHED,-1,-1,-1
647,hard,15,12:33:41,12:52:36,18:00:00,UNFINISHED,-1,-1,-1
718,hard,15,12:45:30,13:03:26,18:00:00,UNFINISHED,-1,-1,-1
828,hard,15,13:05:44,13:24:08,18:00:00,UNFINISHED,-1,-1,-1
848,hard,15,13:13:42,13:30:36,18:00:00,UNFINISHED,-1,-1,-1
821,hard,15,13:27:30,13:51:12,18:00:00,UNFINISHED,-1,-1,-1
939,hard,15,14:15:12,15:14:36,18:00:00,UNFINISHED,-1,-1,-1
943,hard,15,14:16:54,15:16:24,18:00:00,UNFINISHED,-1,-1,-1
990,hard,15,14:22:16,15:22:16,18:00:00,UNFINISHED,-1,-1,-1
1018,hard,15,14:35:32,15:35:32,18:00:00,UNFINISHED,-1,-1,-1
1010,hard,15,14:37:42,15:37:22,18:00:00,UNFINISHED,-1,-1,-1
952,hard,15,14:38:28,15:40:51,18:00:00,UNFINISHED,-1,-1,-1
1034,hard,15,14:40:20,15:46:21,18:00:00,UNFINISHED,-1,-1,-1
1023,hard,15,14:40:21,15:47:11,18:00:00,UNFINISHED,-1,-1,-1
912,medium,14,14:57:55,16:00:03,18:00:00,UNFINISHED,-1,-1,-1
1154,hard,15,15:01:27,16:03:58,18:00:00,UNFINISHED,-1,-1,-1
1170,hard,15,15:07:58,16:12:15,18:00:00,UNFINISHED,-1,-1,-1
1111,hard,15,15:10:10,16:18:50,18:00:00,UNFINISHED,-1,-1,-1
1184,hard,15,15:13:04,16:20:47,18:00:00,UNFINISHED,-1,-1,-1
1052,hard,15,15:14:00,16:22:50,18:00:00,UNFINISHED,-1,-1,-1
1171,hard,15,15:14:24,16:23:02,18:00:00,UNFINISHED,-1,-1,-1
1069,hard,15,15:16:12,16:25:22,18:00:00,UNFINISHED,-1,-1,-1
1144,hard,15,15:18:30,16:28:13,18:00:00,UNFINISHED,-1,-1,-1
1072,hard,15,15:21:59,16:35:03,18:00:00,UNFINISHED,-1,-1,-1
1133,hard,15,15:27:45,16:44:07,18:00:00,UNFINISHED,-1,-1,-1
1183,hard,15,15:34:37,16:50:42,18:00:00,UNFINISHED,-1,-1,-1
1190,medium,14,15:43:13,16:57:44,18:00:00,UNFINISHED,-1,-1,-1
1051,medium,14,15:44:17,16:58:10,18:00:00,UNFINISHED,-1,-1,-1
1108,medium,14,15:46:12,17:00:35,18:00:00,UNFINISHED,-1,-1,-1
1174,hard,15,15:48:54,17:05:48,18:00:00,UNFINISHED,-1,-1,-1
1083,medium,14,15:53:58,17:08:50,18:00:00,UNFINISHED,-1,-1,-1
1071,hard,15,15:58:34,17:12:45,18:00:00,UNFINISHED,-1,-1,-1
1276,hard,15,16:01:19,17:18:07,18:00:00,UNFINISHED,-1,-1,-1
1203,hard,15,16:16:28,17:24:33,18:00:00,UNFINISHED,-1,-1,-1
1307,hard,15,16:23:41,17:28:51,18:00:00,UNFINISHED,-1,-1,-1
1251,hard,15,16:25:55,17:30:48,18:00:00,UNFINISHED,-1,-1,-1
1255,medium,14,16:26:48,17:32:31,18:00:00,UNFINISHED,-1,-1,-1
1234,medium,14,16:27:18,17:33:09,18:00:00,UNFINISHED,-1,-1,-1
1345,hard,15,16:28:59,17:33:22,18:00:00,UNFINISHED,-1,-1,-1
1205,hard,15,16:31:24,17:34:51,18:00:00,UNFINISHED,-1,-1,-1
1263,hard,15,16:36:00,17:36:58,18:00:00,UNFINISHED,-1,-1,-1
1306,hard,15,16:42:21,17:40:30,18:00:00,UNFINISHED,-1,-1,-1
1312,medium,14,16:42:29,17:40:50,18:00:00,UNFINISHED,-1,-1,-1
1279,medium,14,16:42:30,17:40:50,18:00:00,UNFINISHED,-1,-1,-1
1273,medium,14,16:43:35,17:41:48,18:00:00,UNFINISHED,-1,-1,-1
1337,hard,15,16:44:34,17:43:57,18:00:00,UNFINISHED,-1,-1,-1
1218,hard,15,16:44:44,17:44:16,18:00:00,UNFINISHED,-1,-1,-1
1248,medium,13,16:45:08,17:45:51,18:00:00,UNFINISHED,-1,-1,-1
1200,medium,14,16:45:33,17:47:44,18:00:00,UNFINISHED,-1,-1,-1
1274,hard,15,16:46:08,17:49:21,18:00:00,UNFINISHED,-1,-1,-1
1284,hard,15,16:47:02,17:54:38,18:00:00,UNFINISHED,-1,-1,-1
1309,medium,13,16:47:03,17:56:20,18:00:00,UNFINISHED,-1,-1,-1
1262,medium,14,16:47:15,17:56:45,18:00:00,UNFINISHED,-1,-1,-1
1232,hard,15,16:47:58,17:58:20,18:00:00,UNFINISHED,-1,-1,-1
1333,medium,13,16:48:43,17:58:45,18:00:00,UNFINISHED,-1,-1,-1
1304,easy,12,16:49:24,17:59:11,18:00:00,UNFINISHED,-1,-1,-1
1316,medium,14,16:49:30,17:59:17,18:00:00,UNFINISHED,-1,-1,-1
1206,medium,14,16:49:56,-,-,IGNORED,-1,-1
1323,easy,11,16:50:02,-,-,IGNORED,-1,-1
1282,easy,12,16:50:56,-,-,IGNORED,-1,-1
1319,easy,11,16:51:04,-,-,IGNORED,-1,-1
1253,medium,13,16:51:39,-,-,IGNORED,-1,-1
1346,hard,15,16:51:40,-,-,IGNORED,-1,-1
1227,medium,13,16:51:55,-,-,IGNORED,-1,-1
1326,easy,12,16:51:56,-,-,IGNORED,-1,-1
1222,easy,12,16:51:56,-,-,IGNORED,-1,-1
1294,easy,12,16:53:06,-,-,IGNORED,-1,-1
1287,medium,13,16:54:39,-,-,IGNORED,-1,-1
1324,easy,12,16:54:57,-,-,IGNORED,-1,-1
1244,easy,11,16:55:09,-,-,IGNORED,-1,-1
1264,hard,15,16:56:10,-,-,IGNORED,-1,-1
1280,hard,15,16:56:13,-,-,IGNORED,-1,-1
1225,medium,13,16:56:22,-,-,IGNORED,-1,-1
1254,hard,15,16:56:34,-,-,IGNORED,-1,-1
1321,hard,15,16:56:39,-,-,IGNORED,-1,-1
1236,medium,14,16:56:52,-,-,IGNORED,-1,-1
1217,easy,11,16:57:08,-,-,IGNORED,-1,-1
1243,hard,15,16:57:55,-,-,IGNORED,-1,-1
1270,medium,14,16:58:05,-,-,IGNORED,-1,-1
1348,hard,15,16:58:43,-,-,IGNORED,-1,-1
1202,hard,15,16:58:56,-,-,IGNORED,-1,-1
1241,medium,13,16:59:03,-,-,IGNORED,-1,-1
1314,hard,15,16:59:12,-,-,IGNORED,-1,-1
1318,medium,13,16:59:22,-,-,IGNORED,-1,-1
1256,easy,11,16:59:34,-,-,IGNORED,-1,-1
1281,hard,15,16:59:43,-,-,IGNORED,-1,-1
1336,medium,14,16:59:46,-,-,IGNORED,-1,-1
