task_id,difficulty,n,arrival_sim,start_sim,end_sim,status,cost,real_duration_sec,waiting_time_mili_sec,time_in_system_mili_sec
105,easy,12,08:00:50,08:00:54,08:01:25,COMPLETED,27614.0,505.1,4.95,35.23
76,easy,11,08:00:51,08:00:54,08:01:25,COMPLETED,30934.0,504.7,3.95,34.23
51,easy,12,08:00:21,08:00:24,08:01:37,COMPLETED,27450.0,1210.4,3.73,76.34
108,medium,14,08:00:00,08:00:00,08:03:32,COMPLETED,33142.0,3533.6,0.08,212.08
146,medium,14,08:03:03,08:03:07,08:06:15,COMPLETED,34133.0,3126.3,4.86,192.41
42,medium,13,08:02:52,08:02:55,08:06:51,COMPLETED,34635.0,3935.3,3.74,239.83
112,easy,12,08:07:49,08:07:52,08:08:53,COMPLETED,24932.0,1011.4,3.39,64.03
64,easy,12,08:09:04,08:09:05,08:09:59,COMPLETED,25614.0,911.5,1.15,55.80
110,medium,14,08:00:01,08:00:06,08:10:17,COMPLETED,31206.0,10189.5,5.63,616.99
9,easy,11,08:12:10,08:12:13,08:13:08,COMPLETED,34867.0,915.4,3.17,58.03
99,easy,11,08:12:35,08:12:37,08:13:08,COMPLETED,26283.0,509.3,2.55,33.03
120,easy,12,08:12:30,08:12:31,08:13:32,COMPLETED,25681.0,1016.1,1.44,62.34
140,easy,12,08:09:04,08:09:05,08:13:56,COMPLETED,38172.0,4859.4,1.15,292.70
133,easy,12,08:13:46,08:13:50,08:14:21,COMPLETED,30718.0,510.0,4.58,35.12
121,hard,15,08:06:30,08:06:33,08:14:45,COMPLETED,27479.0,8197.0,3.61,495.40
71,easy,12,08:13:57,08:14:02,08:15:03,COMPLETED,29402.0,1013.9,5.81,66.60
67,medium,13,08:11:53,08:11:54,08:15:15,COMPLETED,33947.0,3349.1,1.90,202.73
12,easy,12,08:15:15,08:15:15,08:15:46,COMPLETED,32063.0,507.1,0.73,31.15
149,easy,11,08:15:59,08:16:04,08:16:10,COMPLETED,26094.0,102.5,5.33,11.47
127,medium,14,08:12:45,08:12:49,08:17:11,COMPLETED,28009.0,4356.1,4.76,266.08
7,easy,12,08:17:48,08:17:53,08:18:36,COMPLETED,28955.0,709.6,5.60,48.11
32,easy,12,08:17:38,08:17:41,08:18:42,COMPLETED,30003.0,1014.6,3.37,64.19
142,easy,12,08:20:27,08:20:31,08:20:49,COMPLETED,24268.0,307.1,4.44,22.79
35,medium,13,08:15:13,08:15:15,08:21:14,COMPLETED,37563.0,5978.0,2.73,361.36
109,easy,12,08:20:50,08:20:55,08:21:14,COMPLETED,21471.0,309.1,5.91,24.36
74,easy,12,08:20:16,08:20:19,08:21:32,COMPLETED,29045.0,1224.6,3.26,76.67
104,medium,13,08:18:49,08:18:54,08:21:44,COMPLETED,31307.0,2843.2,5.33,175.86
148,medium,14,08:07:20,08:07:22,08:21:57,COMPLETED,26433.0,14583.1,2.10,877.05
73,easy,11,08:22:02,08:22:03,08:22:21,COMPLETED,26170.0,306.0,1.15,19.48
79,easy,11,08:22:27,08:22:27,08:22:45,COMPLETED,23812.0,305.5,0.59,18.85
41,easy,11,08:23:16,08:23:16,08:24:05,COMPLETED,26476.0,816.4,0.34,49.25
2,medium,14,08:17:45,08:17:47,08:24:29,COMPLETED,32601.0,6705.9,2.48,404.75
128,easy,11,08:23:22,08:23:22,08:24:29,COMPLETED,33380.0,1123.5,0.47,67.75
44,medium,14,08:23:26,08:23:28,08:24:48,COMPLETED,24682.0,1327.4,2.61,82.16
77,medium,13,08:23:04,08:23:04,08:25:06,COMPLETED,35269.0,2042.2,0.08,122.54
95,medium,13,08:22:01,08:22:03,08:25:24,COMPLETED,27034.0,3363.6,2.15,203.87
53,medium,13,08:24:14,08:24:17,08:25:49,COMPLETED,25934.0,1532.9,3.50,95.39
26,medium,13,08:21:00,08:21:02,08:26:07,COMPLETED,29871.0,5095.1,2.05,307.71
70,medium,14,08:23:09,08:23:10,08:26:07,COMPLETED,28973.0,2959.6,1.20,178.71
21,easy,12,08:25:20,08:25:24,08:26:07,COMPLETED,34746.0,715.7,4.87,47.71
93,easy,12,08:25:31,08:25:31,08:26:44,COMPLETED,25278.0,1222.5,0.02,73.25
106,easy,12,08:15:59,08:16:04,08:27:45,COMPLETED,37806.0,11684.7,5.33,706.37
113,hard,15,08:00:21,08:00:24,08:28:40,COMPLETED,31168.0,28261.0,3.73,1699.39
96,hard,15,08:03:36,08:03:38,08:28:58,COMPLETED,34654.0,25344.8,2.14,1522.81
78,easy,11,08:28:37,08:28:40,08:29:29,COMPLETED,30973.0,820.2,3.39,52.42
92,easy,11,08:29:16,08:29:17,08:29:29,COMPLETED,28209.0,208.1,1.14,13.42
17,easy,11,08:29:29,08:29:29,08:29:41,COMPLETED,28003.0,207.8,0.42,12.84
50,easy,12,08:29:28,08:29:29,08:29:47,COMPLETED,21192.0,310.8,1.42,19.97
4,easy,11,08:30:05,08:30:06,08:30:24,COMPLETED,28046.0,307.0,1.29,19.62
131,medium,13,08:26:41,08:26:44,08:30:30,COMPLETED,33396.0,3775.7,3.25,229.73
40,easy,12,08:30:44,08:30:49,08:31:01,COMPLETED,23408.0,205.4,5.07,17.30
48,medium,13,08:24:58,08:25:00,08:31:07,COMPLETED,31766.0,6118.0,2.39,369.41
126,medium,14,08:24:40,08:24:42,08:31:44,COMPLETED,31900.0,7036.5,2.01,424.15
38,easy,11,08:31:49,08:31:50,08:31:56,COMPLETED,23023.0,104.6,1.29,7.45
20,easy,12,08:30:38,08:30:42,08:32:08,COMPLETED,33335.0,1431.0,4.93,90.70
118,easy,12,08:31:23,08:31:25,08:32:08,COMPLETED,24955.0,718.4,2.71,45.70
135,easy,12,08:31:25,08:31:25,08:32:08,COMPLETED,30074.0,718.0,0.71,43.70
36,medium,13,08:31:36,08:31:37,08:33:03,COMPLETED,25062.0,1429.3,2.00,87.62
62,medium,14,08:26:47,08:26:50,08:33:15,COMPLETED,33725.0,6425.5,3.41,388.89
65,medium,14,08:32:58,08:33:03,08:35:05,COMPLETED,34471.0,2040.2,5.62,127.94
59,easy,12,08:35:15,08:35:18,08:35:36,COMPLETED,28356.0,308.8,3.18,21.59
107,medium,14,08:28:11,08:28:15,08:36:31,COMPLETED,32763.0,8267.5,4.94,500.92
72,medium,14,08:27:46,08:27:51,08:37:33,COMPLETED,32959.0,9699.5,5.49,587.34
47,hard,15,08:24:27,08:24:29,08:38:16,COMPLETED,29912.0,13779.3,2.75,829.41
69,easy,11,08:37:28,08:37:33,08:38:16,COMPLETED,28587.0,720.9,5.34,48.41
49,easy,12,08:36:04,08:36:07,08:38:41,COMPLETED,32782.0,2563.5,3.30,157.07
94,easy,11,08:38:29,08:38:34,08:38:41,COMPLETED,24369.0,105.2,5.89,12.07
83,medium,13,08:27:12,08:27:14,08:39:17,COMPLETED,29675.0,12052.8,2.85,725.97
22,easy,11,08:40:28,08:40:31,08:40:44,COMPLETED,27889.0,211.1,3.90,16.41
144,medium,13,08:38:12,08:38:16,08:42:11,COMPLETED,31978.0,3914.5,4.41,239.18
39,medium,13,08:39:47,08:39:48,08:42:11,COMPLETED,26205.0,2376.7,1.72,144.18
23,medium,13,08:42:04,08:42:04,08:43:00,COMPLETED,22818.0,932.7,0.93,56.73
145,easy,11,08:42:49,08:42:54,08:43:06,COMPLETED,19409.0,210.8,5.49,17.93
11,medium,14,08:39:39,08:39:42,08:43:13,COMPLETED,35446.0,3512.6,3.53,214.17
81,easy,12,08:41:08,08:41:09,08:43:13,COMPLETED,31681.0,2070.0,1.13,125.17
37,medium,13,08:33:23,08:33:28,08:43:50,COMPLETED,29276.0,10372.0,5.10,627.35
117,medium,13,08:41:25,08:41:27,08:44:02,COMPLETED,34595.0,2586.7,2.71,157.74
91,easy,12,08:41:42,08:41:46,08:44:02,COMPLETED,30844.0,2277.1,4.31,140.74
139,medium,13,08:21:06,08:21:08,08:44:21,COMPLETED,37368.0,23218.8,2.21,1395.31
114,medium,13,08:43:14,08:43:19,08:45:35,COMPLETED,28455.0,2270.0,5.37,141.39
80,medium,13,08:36:34,08:36:38,08:45:47,COMPLETED,33043.0,9164.1,4.07,553.78
138,easy,11,08:44:56,08:44:58,08:45:54,COMPLETED,32058.0,931.0,2.28,58.00
0,easy,12,08:45:29,08:45:29,08:46:24,COMPLETED,20433.0,929.8,0.16,55.82
1,easy,11,08:46:31,08:46:37,08:46:43,COMPLETED,25936.0,106.3,6.13,12.34
68,medium,14,08:40:31,08:40:31,08:46:49,COMPLETED,30152.0,6294.3,0.90,378.53
56,easy,11,08:46:58,08:47:01,08:47:14,COMPLETED,30223.0,208.7,3.88,16.26
122,medium,14,08:39:06,08:39:11,08:47:57,COMPLETED,37306.0,8763.6,5.80,531.46
29,medium,13,08:47:23,08:47:26,08:48:40,COMPLETED,29629.0,1238.5,3.60,77.71
6,easy,11,08:48:36,08:48:40,08:48:46,COMPLETED,25010.0,107.7,4.71,10.95
63,easy,12,08:48:45,08:48:46,08:49:05,COMPLETED,24089.0,312.4,1.95,20.54
132,medium,13,08:42:27,08:42:29,08:49:36,COMPLETED,34209.0,7111.9,2.76,429.30
52,easy,11,08:49:31,08:49:36,08:49:42,COMPLETED,28772.0,107.2,5.30,11.52
58,medium,14,08:40:29,08:40:31,08:49:48,COMPLETED,29074.0,9282.2,2.90,559.77
84,easy,12,08:49:37,08:49:42,08:50:07,COMPLETED,25539.0,416.0,5.52,30.32
45,easy,11,08:49:55,08:50:01,08:50:19,COMPLETED,26917.0,312.2,6.09,24.67
101,medium,14,08:29:33,08:29:35,08:50:56,COMPLETED,32849.0,21351.4,2.66,1283.70
75,medium,13,08:35:59,08:36:01,08:50:56,COMPLETED,30890.0,14928.0,2.12,897.70
100,easy,12,08:50:47,08:50:50,08:51:09,COMPLETED,25863.0,310.6,3.52,22.03
88,medium,14,08:40:30,08:40:31,08:51:15,COMPLETED,33211.0,10721.5,1.90,645.18
61,hard,15,08:06:19,08:06:21,08:52:04,COMPLETED,29001.0,45712.7,2.48,2745.22
86,easy,11,08:52:11,08:52:16,08:52:28,COMPLETED,23750.0,209.1,5.53,17.90
124,easy,11,08:52:10,08:52:10,08:52:59,COMPLETED,32041.0,825.7,0.36,49.73
143,medium,14,08:47:52,08:47:57,08:53:12,COMPLETED,36690.0,5246.1,5.46,320.07
14,easy,11,08:53:14,08:53:18,08:53:24,COMPLETED,27052.0,106.2,4.28,10.49
30,easy,12,08:53:11,08:53:12,08:53:55,COMPLETED,29170.0,723.3,1.07,44.31
55,medium,14,08:32:39,08:32:39,08:54:01,COMPLETED,27180.0,21372.5,0.19,1282.50
85,hard,15,08:36:02,08:36:07,08:54:38,COMPLETED,34774.0,18518.9,5.30,1116.38
13,easy,12,08:54:28,08:54:32,08:54:50,COMPLETED,24659.0,310.9,4.20,22.67
89,easy,12,08:54:46,08:54:50,08:55:03,COMPLETED,25823.0,207.8,4.67,17.01
97,medium,14,08:42:12,08:42:17,08:55:15,COMPLETED,30481.0,12966.5,5.38,783.29
31,easy,11,08:56:03,08:56:04,08:56:10,COMPLETED,26209.0,105.7,1.53,7.72
119,medium,14,08:50:37,08:50:38,08:56:59,COMPLETED,32870.0,6365.1,1.18,382.98
147,hard,15,08:48:30,08:48:34,08:57:24,COMPLETED,27099.0,8838.8,4.50,534.66
5,easy,11,08:57:12,08:57:12,08:57:24,COMPLETED,27387.0,209.5,0.31,12.66
115,easy,12,08:58:02,08:58:07,08:58:38,COMPLETED,23874.0,517.7,5.92,36.80
54,easy,12,08:58:25,08:58:26,08:58:38,COMPLETED,27793.0,209.0,1.46,13.80
129,easy,12,08:58:45,08:58:45,08:58:57,COMPLETED,21521.0,209.4,0.02,12.48
34,easy,11,08:58:51,08:58:51,08:58:57,COMPLETED,23232.0,106.3,0.27,6.48
123,easy,12,08:58:36,08:58:38,08:59:40,COMPLETED,25285.0,1033.4,2.80,64.66
155,easy,11,09:00:07,09:00:11,09:00:17,COMPLETED,23431.0,107.0,4.58,10.81
183,easy,11,09:00:43,09:00:48,09:01:07,COMPLETED,26708.0,314.5,5.78,24.44
8,medium,14,08:53:55,08:53:55,09:01:13,COMPLETED,25928.0,7308.2,0.31,438.69
125,easy,12,08:59:49,08:59:52,09:01:19,COMPLETED,27667.0,1450.7,3.98,90.88
196,easy,12,09:01:07,09:01:07,09:01:19,COMPLETED,29953.0,210.2,0.44,12.88
214,easy,12,09:00:30,09:00:30,09:01:26,COMPLETED,21561.0,933.7,0.19,56.07
46,medium,14,08:55:42,08:55:45,09:01:32,COMPLETED,29250.0,5772.7,4.00,350.25
15,medium,13,08:59:21,08:59:22,09:01:44,COMPLETED,27752.0,2376.3,1.13,143.58
253,easy,12,09:01:59,09:02:03,09:02:52,COMPLETED,32475.0,825.9,4.07,53.43
3,medium,14,08:33:32,08:33:34,09:02:58,COMPLETED,33431.0,29407.6,2.23,1766.65
27,hard,15,08:59:55,08:59:59,09:03:35,COMPLETED,26603.0,3611.9,4.18,220.77
289,easy,12,09:02:50,09:02:52,09:03:35,COMPLETED,23301.0,724.8,2.43,45.77
134,hard,15,08:24:10,08:24:11,09:04:00,COMPLETED,31845.0,39821.0,1.36,2390.51
141,medium,14,08:28:45,08:28:46,09:05:39,COMPLETED,35792.0,36886.7,1.55,2214.72
231,easy,11,09:05:41,09:05:45,09:05:52,COMPLETED,22652.0,106.1,4.89,11.11
218,easy,11,09:06:03,09:06:04,09:06:29,COMPLETED,35924.0,416.3,1.53,26.35
234,easy,12,09:06:17,09:06:23,09:06:35,COMPLETED,25853.0,210.7,6.11,18.55
57,medium,14,08:45:46,08:45:47,09:07:00,COMPLETED,30541.0,21210.6,1.78,1274.35
156,easy,12,09:07:24,09:07:25,09:07:43,COMPLETED,26368.0,313.2,1.04,19.61
247,easy,12,09:05:54,09:05:58,09:08:20,COMPLETED,25666.0,2378.0,4.28,146.80
211,easy,12,09:08:05,09:08:08,09:08:20,COMPLETED,22473.0,210.0,3.38,15.80
296,easy,11,09:07:39,09:07:43,09:08:33,COMPLETED,24076.136287237678,829.1,4.61,54.20
24,hard,15,08:33:41,08:33:46,09:08:51,COMPLETED,33264.0,35088.1,5.48,2110.74
157,easy,11,09:09:49,09:09:53,09:09:59,COMPLETED,30811.0,108.2,4.48,10.72
287,easy,12,09:09:06,09:09:10,09:10:18,COMPLETED,24697.0,1137.4,4.23,72.33
172,easy,11,09:11:04,09:11:07,09:11:26,COMPLETED,24077.0,314.2,3.95,22.62
130,medium,14,08:52:49,08:52:53,09:11:39,COMPLETED,21288.0,18760.0,4.54,1130.05
288,medium,13,09:10:34,09:10:36,09:11:39,COMPLETED,25719.0,1040.7,2.82,65.05
243,easy,12,09:10:39,09:10:43,09:12:10,COMPLETED,34661.0,1453.5,4.05,91.08
221,medium,14,09:00:51,09:00:55,09:12:28,COMPLETED,28375.0,11564.9,4.02,697.81
194,easy,12,09:13:23,09:13:24,09:13:30,COMPLETED,25330.0,106.6,1.41,7.62
286,medium,14,09:05:28,09:05:33,09:14:20,COMPLETED,40452.0,8778.6,5.50,532.04
245,medium,13,09:11:01,09:11:01,09:14:44,COMPLETED,36937.0,3722.0,0.68,223.86
223,medium,13,09:14:14,09:14:20,09:15:28,COMPLETED,27429.0,1146.4,6.04,74.54
259,medium,14,09:05:54,09:05:58,09:15:41,COMPLETED,32585.0,9717.8,4.28,587.16
103,hard,15,08:55:33,08:55:33,09:16:06,COMPLETED,28160.0,20549.9,0.68,1233.54
159,easy,12,09:16:27,09:16:31,09:16:43,COMPLETED,30461.0,210.9,4.43,16.91
43,medium,14,08:52:25,08:52:28,09:17:21,COMPLETED,27904.0,24871.7,3.90,1496.14
137,hard,15,08:45:59,08:46:00,09:17:39,COMPLETED,36711.0,31662.2,1.17,1900.77
219,medium,14,09:12:20,09:12:22,09:17:46,COMPLETED,28657.0,5395.4,2.56,326.06
164,easy,12,09:16:58,09:17:02,09:17:46,COMPLETED,31675.0,731.6,4.48,48.06
276,easy,12,09:17:03,09:17:08,09:17:52,COMPLETED,28978.0,733.2,5.71,49.44
169,easy,12,09:17:38,09:17:39,09:17:58,COMPLETED,24613.0,321.1,1.77,20.75
82,medium,14,08:57:23,08:57:24,09:18:23,COMPLETED,21352.0,20985.0,1.66,1260.67
204,medium,14,09:16:01,09:16:06,09:19:13,COMPLETED,32016.0,3118.9,5.54,192.53
182,easy,12,09:18:31,09:18:36,09:19:38,COMPLETED,25245.0,1037.1,5.26,67.27
102,medium,14,08:57:33,08:57:37,09:19:50,COMPLETED,30147.0,22228.7,4.06,1337.70
269,medium,13,09:19:36,09:19:38,09:20:15,COMPLETED,25667.0,622.5,2.27,39.47
160,easy,11,09:20:06,09:20:09,09:20:21,COMPLETED,26765.0,210.1,3.25,15.65
233,easy,11,09:20:17,09:20:21,09:20:34,COMPLETED,24877.0,210.9,4.65,17.05
275,medium,13,09:15:44,09:15:47,09:20:46,COMPLETED,29983.0,4986.9,3.49,302.55
167,medium,13,09:14:50,09:14:51,09:21:36,COMPLETED,33215.0,6754.3,1.05,406.17
252,easy,11,09:21:23,09:21:23,09:22:13,COMPLETED,26902.0,827.3,0.75,50.22
273,medium,14,09:17:33,09:17:33,09:23:15,COMPLETED,32633.0,5699.9,0.54,342.37
111,hard,15,08:52:54,08:52:59,09:24:55,COMPLETED,30415.0,31938.2,5.73,1921.92
262,medium,13,09:19:31,09:19:32,09:24:55,COMPLETED,32103.0,5402.2,1.05,324.92
185,easy,12,09:24:40,09:24:43,09:25:15,COMPLETED,27043.0,537.2,3.42,35.32
256,medium,13,09:25:01,09:25:02,09:25:21,COMPLETED,23936.0,328.9,1.31,20.72
239,medium,13,09:22:31,09:22:31,09:26:24,COMPLETED,32984.0,3887.9,0.76,233.81
175,medium,13,09:20:29,09:20:34,09:26:31,COMPLETED,34467.0,5954.7,5.05,362.17
284,medium,14,09:25:07,09:25:08,09:27:02,COMPLETED,32168.0,1901.7,1.75,115.72
261,medium,14,09:14:26,09:14:26,09:27:46,COMPLETED,32901.0,13345.6,0.27,800.81
272,medium,13,09:22:56,09:22:56,09:28:30,COMPLETED,28798.0,5574.8,0.69,334.90
226,easy,11,09:28:10,09:28:11,09:28:43,COMPLETED,28086.0,534.2,2.00,33.62
212,easy,12,09:28:39,09:28:43,09:29:34,COMPLETED,29127.0,845.6,4.62,55.14
274,hard,15,09:03:56,09:04:00,09:29:46,COMPLETED,25017.0,25772.0,4.51,1550.70
177,easy,11,09:29:46,09:29:46,09:29:52,COMPLETED,26069.0,108.2,0.70,6.97
170,easy,11,09:30:11,09:30:11,09:30:24,COMPLETED,30303.0,211.0,0.66,13.10
264,medium,14,09:26:28,09:26:31,09:31:07,COMPLETED,27554.0,4613.2,3.17,279.80
28,hard,15,08:35:26,08:35:30,09:31:20,COMPLETED,28883.0,55831.6,4.43,3354.29
255,medium,13,09:29:48,09:29:52,09:31:57,COMPLETED,29640.0,2078.5,4.97,129.50
266,easy,12,09:32:40,09:32:40,09:32:59,COMPLETED,23396.0,314.2,1.00,19.65
208,medium,13,09:22:39,09:22:44,09:33:12,COMPLETED,35148.0,10466.9,5.19,633.07
250,easy,12,09:32:26,09:32:28,09:33:30,COMPLETED,30336.0,1039.3,2.55,64.72
198,medium,14,09:22:41,09:22:44,09:33:36,COMPLETED,29621.0,10881.3,3.19,655.93
181,easy,12,09:33:34,09:33:36,09:34:01,COMPLETED,26709.0,417.2,2.93,27.75
199,medium,13,09:27:22,09:27:27,09:34:57,COMPLETED,38171.0,7502.8,5.80,455.71
206,easy,11,09:35:01,09:35:04,09:35:10,COMPLETED,29774.0,111.0,3.06,9.50
210,easy,11,09:35:52,09:35:54,09:36:07,COMPLETED,32679.0,215.2,2.59,15.19
291,easy,11,09:36:11,09:36:13,09:36:19,COMPLETED,32000.0,112.7,2.54,8.99
215,hard,15,09:11:16,09:11:20,09:38:19,COMPLETED,35194.0,26993.7,4.36,1623.81
186,medium,14,09:14:51,09:14:51,09:38:38,COMPLETED,29635.0,23797.1,0.05,1427.72
87,hard,15,08:20:42,08:20:43,09:38:51,COMPLETED,33076.0,78130.9,1.64,4689.43
260,medium,14,09:03:52,09:03:54,09:38:51,COMPLETED,34682.0,34954.4,2.30,2099.43
244,easy,12,09:35:47,09:35:48,09:38:51,COMPLETED,34041.0,3058.2,1.17,184.43
237,easy,12,09:37:48,09:37:48,09:39:10,COMPLETED,24605.0,1371.2,0.38,82.35
232,medium,13,09:31:13,09:31:14,09:39:16,COMPLETED,33527.0,8051.0,1.02,483.70
166,easy,11,09:39:11,09:39:16,09:39:42,COMPLETED,27227.0,426.4,5.70,31.11
151,hard,15,09:24:00,09:24:05,09:40:13,COMPLETED,22700.0,16136.4,5.59,973.56
152,medium,13,09:37:28,09:37:29,09:40:19,COMPLETED,27394.0,2845.7,1.43,171.90
18,hard,15,08:04:09,08:04:14,09:41:22,COMPLETED,26025.0,97134.1,5.43,5833.46
229,easy,12,09:40:44,09:40:45,09:41:34,COMPLETED,26425.0,834.2,1.00,50.85
297,easy,12,09:41:45,09:41:47,09:42:43,COMPLETED,25588.0,934.7,2.25,58.06
246,easy,11,09:42:42,09:42:43,09:42:49,COMPLETED,25390.0,107.3,1.06,7.37
236,medium,14,09:37:06,09:37:10,09:43:14,COMPLETED,22063.0,6065.3,4.42,368.19
191,easy,11,09:43:27,09:43:32,09:43:51,COMPLETED,24570.0,314.8,5.77,24.43
240,medium,14,09:22:57,09:23:02,09:44:10,COMPLETED,32441.0,21122.1,5.93,1273.07
33,hard,15,08:58:43,08:58:45,09:44:16,COMPLETED,31181.0,45523.3,2.02,2733.37
249,medium,14,09:20:53,09:20:58,09:44:22,COMPLETED,30667.0,23395.4,5.96,1409.58
171,easy,11,09:44:30,09:44:34,09:44:41,COMPLETED,21640.0,108.0,4.98,11.27
163,easy,11,09:44:31,09:44:34,09:44:59,COMPLETED,30151.0,419.2,3.98,28.95
209,easy,12,09:44:31,09:44:34,09:45:24,COMPLETED,32685.0,834.4,3.98,53.90
227,medium,14,09:20:28,09:20:34,09:45:43,COMPLETED,33501.0,25161.7,6.05,1515.65
154,medium,13,09:42:09,09:42:12,09:45:43,COMPLETED,32333.0,3529.9,3.01,214.65
295,easy,11,09:45:16,09:45:18,09:45:43,COMPLETED,21222.0,421.0,2.63,27.65
230,medium,13,09:25:03,09:25:08,09:45:49,COMPLETED,28091.0,20688.9,5.75,1246.93
189,easy,11,09:45:25,09:45:31,09:45:56,COMPLETED,28337.0,421.8,6.15,31.21
280,easy,11,09:45:49,09:45:49,09:46:02,COMPLETED,28557.0,214.4,0.93,13.50
158,easy,12,09:46:45,09:46:46,09:47:11,COMPLETED,33643.0,422.2,1.40,26.44
153,hard,15,09:28:47,09:28:50,09:47:24,COMPLETED,32448.0,18571.0,3.10,1117.08
241,easy,11,09:47:30,09:47:30,09:47:36,COMPLETED,27895.0,112.0,0.53,6.95
184,easy,12,09:47:19,09:47:24,09:48:08,COMPLETED,26161.0,743.6,5.08,49.40
251,hard,15,09:39:49,09:39:54,09:48:21,COMPLETED,34824.0,8444.1,5.61,512.03
66,hard,15,08:38:58,08:38:59,09:48:40,COMPLETED,41462.0,69677.0,1.51,4182.10
224,easy,11,09:48:49,09:48:52,09:49:05,COMPLETED,24009.0,216.9,3.58,16.28
283,medium,14,09:43:48,09:43:51,09:49:24,COMPLETED,27041.0,5550.9,3.43,336.20
282,medium,14,09:42:07,09:42:12,09:50:14,COMPLETED,31598.0,8046.6,5.01,487.54
188,medium,14,09:37:02,09:37:03,09:50:33,COMPLETED,36510.0,13497.3,1.98,811.57
285,medium,14,09:44:06,09:44:10,09:51:05,COMPLETED,30138.0,6922.7,4.07,419.21
10,hard,15,08:11:31,08:11:36,09:51:17,COMPLETED,34918.0,99685.2,5.67,5986.77
60,hard,15,08:53:35,08:53:36,09:51:48,COMPLETED,30157.0,58202.6,1.81,3493.90
254,medium,14,09:12:15,09:12:16,09:52:45,COMPLETED,37789.0,40482.4,1.30,2430.19
195,easy,11,09:52:12,09:52:14,09:53:10,COMPLETED,30016.0,938.1,2.00,58.17
205,easy,11,09:52:46,09:52:51,09:53:10,COMPLETED,18550.0,316.3,5.40,24.17
228,easy,11,09:52:54,09:52:57,09:53:10,COMPLETED,32673.0,212.2,3.65,16.17
248,medium,14,09:24:02,09:24:05,09:53:41,COMPLETED,31905.0,29595.6,3.59,1779.25
201,easy,11,09:53:46,09:53:47,09:53:53,COMPLETED,24360.0,108.4,1.50,7.75
225,easy,11,09:53:52,09:53:53,09:54:00,COMPLETED,26874.0,107.9,1.75,8.03
222,hard,15,09:03:26,09:03:29,09:54:06,COMPLETED,31897.0,50613.0,3.53,3040.25
98,hard,15,08:38:08,08:38:10,09:54:24,COMPLETED,36224.0,76244.8,2.22,4576.89
176,medium,13,09:53:11,09:53:16,09:55:02,COMPLETED,33280.0,1763.3,5.41,111.04
292,medium,13,09:50:22,09:50:27,09:55:57,COMPLETED,38076.0,5516.4,5.15,336.00
235,hard,15,09:45:52,09:45:56,09:56:16,COMPLETED,25684.0,10342.5,4.21,624.59
258,medium,13,09:27:38,09:27:40,09:56:41,COMPLETED,41171.0,29018.6,2.56,1743.55
200,easy,12,09:56:13,09:56:16,09:56:47,COMPLETED,28390.0,524.3,3.59,34.84
271,medium,14,09:52:09,09:52:14,09:57:06,COMPLETED,34716.0,4880.3,5.00,297.51
268,easy,12,09:57:02,09:57:06,09:57:19,COMPLETED,25531.0,215.0,4.51,17.20
279,easy,11,09:57:07,09:57:12,09:57:19,COMPLETED,25709.0,108.1,5.95,12.20
207,medium,13,09:56:27,09:56:29,09:57:25,COMPLETED,34272.0,942.8,2.09,58.46
179,easy,12,09:56:37,09:56:41,09:57:37,COMPLETED,32255.0,943.1,4.55,60.97
187,easy,11,09:57:30,09:57:31,09:57:37,COMPLETED,27251.0,107.6,1.70,7.97
293,easy,12,09:57:52,09:57:56,09:58:39,COMPLETED,28216.0,726.6,4.58,47.99
278,medium,13,09:57:54,09:57:56,09:59:23,COMPLETED,29836.0,1448.6,2.58,89.36
180,easy,11,09:59:15,09:59:17,09:59:23,COMPLETED,23443.0,107.0,2.13,8.36
168,medium,14,09:43:39,09:43:45,09:59:29,COMPLETED,31550.0,15742.2,6.19,950.57
90,hard,15,08:40:19,08:40:19,09:59:35,COMPLETED,33404.0,79272.5,0.53,4756.84
202,medium,13,09:55:12,09:55:14,10:00:31,COMPLETED,35470.0,5291.3,2.44,319.79
299,medium,13,09:59:40,09:59:42,10:03:00,COMPLETED,32762.0,3307.7,2.07,200.34
178,hard,15,09:09:56,09:09:59,10:04:21,COMPLETED,35107.0,54366.1,3.72,3265.63
257,medium,13,09:54:17,09:54:18,10:04:27,COMPLETED,30455.0,10159.1,1.65,610.83
366,easy,11,10:04:22,10:04:27,10:04:40,COMPLETED,28232.0,213.9,5.83,18.47
319,easy,11,10:04:45,10:04:46,10:04:53,COMPLETED,20863.0,110.3,1.70,8.08
442,easy,11,10:05:37,10:05:42,10:05:55,COMPLETED,23606.0,210.2,5.58,18.02
388,easy,11,10:05:46,10:05:48,10:05:55,COMPLETED,23902.0,106.8,2.80,9.02
381,easy,11,10:06:37,10:06:38,10:06:50,COMPLETED,28157.0,210.4,1.45,13.90
433,easy,12,10:06:17,10:06:19,10:07:03,COMPLETED,34708.0,727.6,2.79,46.28
349,medium,13,10:07:25,10:07:28,10:07:40,COMPLETED,28937.0,210.0,3.01,15.43
136,hard,15,08:35:52,08:35:54,10:09:00,COMPLETED,32777.0,93097.0,2.96,5588.76
431,medium,14,10:04:36,10:04:40,10:09:00,COMPLETED,28909.0,4340.9,4.47,264.76
364,easy,11,10:09:06,10:09:06,10:09:13,COMPLETED,22953.0,106.4,0.96,7.18
174,medium,14,09:55:09,09:55:14,10:09:25,COMPLETED,34860.0,14188.4,5.44,856.54
359,easy,12,10:09:25,10:09:25,10:09:56,COMPLETED,29113.0,521.9,0.54,31.70
242,medium,14,09:49:38,09:49:43,10:10:09,COMPLETED,26022.0,20435.8,5.07,1231.06
396,easy,12,10:10:08,10:10:09,10:10:27,COMPLETED,28244.0,314.4,1.06,19.77
355,easy,12,10:10:57,10:10:58,10:11:17,COMPLETED,35687.0,320.2,1.93,20.88
371,easy,12,10:09:42,10:09:44,10:11:36,COMPLETED,30472.0,1883.2,2.26,114.87
449,easy,11,10:11:30,10:11:30,10:11:36,COMPLETED,20318.0,111.4,0.63,6.87
397,easy,12,10:11:20,10:11:24,10:11:56,COMPLETED,28191.0,535.2,4.21,36.05
403,easy,11,10:11:45,10:11:49,10:11:56,COMPLETED,24602.0,112.0,4.65,11.05
326,easy,11,10:12:00,10:12:02,10:12:33,COMPLETED,21318.0,528.9,2.41,33.83
263,hard,15,09:49:39,09:49:43,10:12:40,COMPLETED,33924.0,22952.7,4.07,1381.19
380,medium,13,10:10:58,10:10:58,10:13:17,COMPLETED,27872.0,2316.9,0.93,139.75
311,easy,11,10:13:27,10:13:30,10:13:42,COMPLETED,21620.0,212.5,3.40,15.87
302,easy,11,10:13:31,10:13:36,10:13:55,COMPLETED,31564.0,320.7,5.64,24.49
150,medium,14,09:30:38,09:30:42,10:15:41,COMPLETED,38841.0,44986.7,4.77,2703.88
300,easy,11,10:15:17,10:15:22,10:15:41,COMPLETED,22358.0,322.4,5.91,24.88
351,medium,14,10:14:42,10:14:45,10:16:07,COMPLETED,26258.0,1367.9,3.30,85.19
428,medium,14,10:09:36,10:09:38,10:16:32,COMPLETED,32845.0,6905.6,2.00,416.20
374,easy,11,10:16:52,10:16:56,10:17:03,COMPLETED,27734.0,107.2,4.99,11.23
193,medium,14,09:53:36,09:53:41,10:17:09,COMPLETED,29727.0,23473.0,5.25,1413.45
390,easy,12,10:17:12,10:17:15,10:18:11,COMPLETED,30398.0,933.2,3.72,59.54
325,easy,11,10:18:33,10:18:36,10:18:48,COMPLETED,19410.0,209.9,3.29,15.71
415,easy,12,10:18:51,10:18:54,10:19:13,COMPLETED,28474.0,315.2,3.91,22.65
303,easy,11,10:19:05,10:19:07,10:19:19,COMPLETED,31261.0,211.2,2.37,14.85
281,hard,15,09:48:22,09:48:27,10:20:09,COMPLETED,28650.0,31703.2,5.37,1907.48
342,easy,11,10:19:51,10:19:57,10:20:09,COMPLETED,31237.0,211.1,6.01,18.48
444,medium,14,10:11:36,10:11:36,10:20:28,COMPLETED,26837.0,8856.4,0.87,532.12
203,medium,14,09:52:57,09:52:57,10:20:40,COMPLETED,37221.0,27715.5,0.65,1663.51
383,easy,12,10:20:02,10:20:03,10:20:40,COMPLETED,35647.0,624.1,1.25,38.51
350,easy,12,10:21:14,10:21:17,10:21:42,COMPLETED,29775.0,418.7,3.60,28.48
323,easy,12,10:21:37,10:21:42,10:22:07,COMPLETED,28882.0,418.5,5.48,30.36
328,easy,12,10:21:31,10:21:36,10:22:13,COMPLETED,25755.0,627.0,5.23,42.62
368,easy,12,10:22:09,10:22:13,10:23:29,COMPLETED,29234.0,1264.9,4.62,80.22
373,medium,14,10:06:09,10:06:13,10:23:41,COMPLETED,32647.0,17476.9,4.56,1052.78
382,easy,11,10:23:41,10:23:41,10:24:13,COMPLETED,26416.0,536.5,0.78,32.55
217,hard,15,09:16:23,09:16:25,10:24:26,COMPLETED,37414.0,68019.9,2.18,4083.33
370,easy,12,10:22:57,10:22:57,10:24:32,COMPLETED,27762.0,1587.5,0.52,95.56
238,medium,14,09:52:34,09:52:38,10:24:38,COMPLETED,28255.0,32004.9,4.93,1924.86
378,easy,11,10:24:12,10:24:13,10:24:38,COMPLETED,25420.0,430.8,1.55,26.86
434,easy,11,10:24:43,10:24:45,10:24:51,COMPLETED,26115.0,109.4,2.47,8.74
389,easy,11,10:24:33,10:24:38,10:25:04,COMPLETED,21443.0,429.0,5.86,31.39
369,medium,13,10:12:48,10:12:52,10:25:35,COMPLETED,38385.0,12722.4,4.67,767.83
309,easy,11,10:26:04,10:26:07,10:26:13,COMPLETED,23401.0,112.5,3.48,9.80
306,medium,14,10:23:36,10:23:41,10:26:39,COMPLETED,25567.0,2965.7,5.78,183.45
365,easy,11,10:26:09,10:26:13,10:26:45,COMPLETED,27168.0,536.7,4.80,36.82
441,medium,13,10:24:12,10:24:13,10:26:52,COMPLETED,36128.0,2644.5,1.55,160.04
363,medium,13,10:25:40,10:25:42,10:26:52,COMPLETED,25918.0,1170.5,2.14,72.04
377,easy,11,10:26:14,10:26:20,10:26:52,COMPLETED,30425.0,535.5,6.28,38.04
401,easy,12,10:25:53,10:25:54,10:27:23,COMPLETED,28777.0,1485.5,1.85,90.56
330,easy,11,10:27:18,10:27:23,10:27:36,COMPLETED,27144.0,218.1,5.56,18.35
220,hard,15,09:32:02,09:32:03,10:27:42,COMPLETED,32811.0,55650.6,1.71,3340.70
417,easy,12,10:28:38,10:28:38,10:28:57,COMPLETED,28310.0,313.9,0.74,19.39
192,hard,15,09:34:17,09:34:20,10:29:34,COMPLETED,33166.0,55237.8,3.39,3317.60
347,medium,13,10:22:04,10:22:07,10:29:47,COMPLETED,32341.0,7663.8,3.36,463.04
213,hard,15,09:43:03,09:43:07,10:30:17,COMPLETED,33156.0,47168.4,4.96,2835.00
372,easy,12,10:29:39,10:29:40,10:30:55,COMPLETED,35240.0,1243.1,1.81,76.23
341,easy,12,10:30:28,10:30:30,10:30:55,COMPLETED,27045.0,417.2,2.38,27.23
305,easy,11,10:31:03,10:31:07,10:31:20,COMPLETED,25838.0,210.2,4.62,17.05
321,medium,13,10:31:21,10:31:26,10:31:38,COMPLETED,24040.0,211.4,5.25,17.75
408,easy,11,10:31:25,10:31:26,10:31:38,COMPLETED,30155.0,211.0,1.25,13.75
320,medium,13,10:23:19,10:23:22,10:32:16,COMPLETED,30146.0,8892.7,3.71,537.07
425,easy,11,10:31:59,10:32:03,10:32:16,COMPLETED,24698.0,212.8,4.57,17.07
392,easy,11,10:32:50,10:32:53,10:32:59,COMPLETED,27224.0,112.3,3.34,9.63
336,easy,12,10:31:45,10:31:51,10:33:12,COMPLETED,29579.0,1363.1,6.15,87.63
354,medium,13,10:29:27,10:29:28,10:33:19,COMPLETED,33689.0,3851.2,1.36,232.02
294,hard,15,09:22:27,09:22:31,10:33:31,COMPLETED,33075.0,71002.2,4.76,4264.81
344,easy,11,10:33:12,10:33:12,10:33:38,COMPLETED,28095.0,429.7,0.63,26.19
362,easy,12,10:32:04,10:32:09,10:33:57,COMPLETED,28762.0,1794.4,5.81,113.29
290,medium,14,09:38:51,09:38:51,10:34:03,COMPLETED,33864.0,55204.9,0.43,3312.55
399,medium,14,10:22:36,10:22:38,10:34:10,COMPLETED,34546.0,11526.8,2.66,694.05
376,medium,13,10:33:00,10:33:06,10:34:16,COMPLETED,28429.0,1176.1,6.17,76.48
412,easy,12,10:33:47,10:33:50,10:34:16,COMPLETED,28298.0,431.3,3.90,29.48
358,easy,12,10:33:59,10:34:03,10:34:16,COMPLETED,30049.0,220.7,4.55,17.48
446,medium,13,10:28:15,10:28:20,10:34:22,COMPLETED,33013.0,6049.3,5.05,367.83
301,easy,11,10:35:10,10:35:13,10:35:19,COMPLETED,23862.0,115.8,3.46,9.97
447,easy,12,10:34:24,10:34:29,10:36:10,COMPLETED,33983.0,1703.1,5.09,106.87
334,easy,11,10:36:23,10:36:23,10:36:30,COMPLETED,24453.0,113.2,0.71,7.15
307,easy,12,10:35:15,10:35:19,10:36:42,COMPLETED,32425.0,1388.2,4.97,87.83
356,medium,13,10:32:55,10:32:59,10:37:08,COMPLETED,30506.0,4151.1,4.63,253.41
436,medium,13,10:32:15,10:32:16,10:37:14,COMPLETED,26080.0,4982.9,1.07,299.83
316,easy,12,10:36:40,10:36:42,10:37:21,COMPLETED,29633.0,645.1,2.83,41.21
197,hard,15,09:51:09,09:51:11,10:37:40,COMPLETED,30609.0,46477.4,2.54,2791.12
343,medium,13,10:32:13,10:32:16,10:38:49,COMPLETED,38816.0,6560.3,3.07,396.45
420,easy,12,10:40:24,10:40:29,10:41:19,COMPLETED,26661.0,836.0,5.21,55.10
348,easy,11,10:41:16,10:41:19,10:41:25,COMPLETED,28925.0,108.7,3.10,9.42
439,hard,15,10:13:54,10:13:55,10:41:37,COMPLETED,27122.0,27709.0,1.49,1663.93
394,easy,11,10:42:12,10:42:15,10:42:21,COMPLETED,26035.0,108.3,3.35,9.63
421,medium,13,10:41:30,10:41:31,10:42:34,COMPLETED,27498.0,1045.1,1.65,64.15
332,medium,14,10:36:06,10:36:10,10:42:40,COMPLETED,21421.0,6495.0,4.87,394.39
402,easy,12,10:40:58,10:41:00,10:42:40,COMPLETED,35470.0,1670.0,2.41,102.39
419,medium,13,10:30:28,10:30:30,10:43:23,COMPLETED,30020.0,12893.9,2.38,775.91
313,medium,13,10:41:19,10:41:19,10:43:23,COMPLETED,39678.0,2083.4,0.10,124.91
416,easy,12,10:42:23,10:42:27,10:44:13,COMPLETED,25251.0,1769.6,4.87,110.85
337,medium,14,10:35:40,10:35:45,10:44:39,COMPLETED,27832.0,8896.1,5.46,539.06
413,medium,14,10:15:32,10:15:35,10:44:57,COMPLETED,26996.0,29374.3,3.63,1765.92
438,medium,14,10:06:39,10:06:44,10:45:10,COMPLETED,34811.0,38433.5,5.67,2311.53
161,hard,15,09:44:57,09:44:59,10:45:23,COMPLETED,38506.0,60391.2,2.95,3626.22
418,easy,11,10:45:41,10:45:42,10:45:48,COMPLETED,32884.0,111.9,1.27,7.76
432,easy,12,10:45:35,10:45:35,10:46:20,COMPLETED,24125.0,742.6,0.99,45.26
312,easy,11,10:46:11,10:46:13,10:46:20,COMPLETED,24720.0,111.5,2.94,9.26
379,medium,14,10:25:14,10:25:16,10:47:05,COMPLETED,37928.0,21809.3,2.93,1311.14
352,easy,11,10:46:51,10:46:52,10:47:11,COMPLETED,29225.0,327.8,1.31,20.74
317,easy,12,10:46:25,10:46:26,10:47:18,COMPLETED,33576.0,861.0,1.67,53.02
414,medium,14,10:11:05,10:11:05,10:47:30,COMPLETED,27658.0,36422.9,0.44,2185.72
304,easy,12,10:47:05,10:47:05,10:47:55,COMPLETED,25041.0,851.6,0.14,50.92
340,easy,11,10:48:00,10:48:02,10:48:15,COMPLETED,20320.0,216.5,2.30,15.08
385,medium,13,10:47:38,10:47:43,10:48:27,COMPLETED,23126.0,746.8,5.27,49.66
384,medium,13,10:46:45,10:46:45,10:48:34,COMPLETED,28479.0,1809.9,0.85,109.14
375,easy,11,10:48:48,10:48:53,10:48:59,COMPLETED,31740.0,112.8,5.02,11.46
338,hard,15,10:44:32,10:44:32,10:49:12,COMPLETED,31320.0,4660.5,0.60,280.07
318,medium,13,10:41:48,10:41:50,10:49:49,COMPLETED,31535.0,7995.1,2.40,481.83
324,hard,15,10:17:58,10:17:59,10:51:11,COMPLETED,34161.0,33201.0,1.10,1993.01
410,easy,12,10:50:31,10:50:33,10:51:11,COMPLETED,31187.0,628.0,2.61,40.01
437,medium,13,10:49:34,10:49:37,10:51:42,COMPLETED,28101.0,2088.4,3.09,128.22
393,medium,14,10:45:18,10:45:23,10:51:54,COMPLETED,34281.0,6527.3,5.22,396.63
395,easy,12,10:51:10,10:51:11,10:52:19,COMPLETED,39499.0,1146.6,1.01,69.61
409,medium,14,10:33:42,10:33:44,10:52:44,COMPLETED,20633.0,19001.8,2.46,1142.43
322,easy,12,10:51:51,10:51:54,10:52:56,COMPLETED,30599.0,1040.3,3.63,65.88
429,easy,11,10:53:25,10:53:27,10:53:46,COMPLETED,31317.0,314.1,2.92,21.54
346,easy,11,10:53:47,10:53:52,10:54:05,COMPLETED,36160.0,210.5,5.80,18.24
405,easy,11,10:54:14,10:54:17,10:54:23,COMPLETED,27543.0,107.5,3.65,9.90
360,easy,11,10:53:45,10:53:46,10:54:30,COMPLETED,32052.0,729.6,1.54,45.13
443,easy,11,10:54:34,10:54:36,10:54:48,COMPLETED,22186.0,211.0,2.34,14.77
387,medium,13,10:33:25,10:33:25,10:54:55,COMPLETED,38660.0,21493.4,0.55,1290.03
398,easy,12,10:54:45,10:54:48,10:55:32,COMPLETED,30466.0,735.5,3.77,47.72
314,hard,15,10:27:53,10:27:55,10:55:51,COMPLETED,30044.0,27938.9,2.18,1678.42
315,easy,12,10:57:17,10:57:19,10:57:31,COMPLETED,27029.0,213.5,2.25,14.84
400,hard,15,10:20:16,10:20:21,10:58:22,COMPLETED,36769.0,38009.0,5.88,2286.33
310,easy,11,10:58:45,10:58:47,10:59:00,COMPLETED,20764.0,219.3,2.30,15.29
422,medium,13,10:58:26,10:58:28,10:59:12,COMPLETED,24999.0,741.3,2.54,46.69
440,easy,11,10:58:50,10:58:53,10:59:12,COMPLETED,34981.0,321.4,3.74,22.69
407,medium,13,10:56:42,10:56:47,10:59:31,COMPLETED,26739.0,2736.3,5.75,169.65
435,medium,13,10:57:50,10:57:50,10:59:37,COMPLETED,30479.0,1792.7,0.71,107.99
386,medium,13,10:33:19,10:33:19,11:00:03,COMPLETED,39255.0,26744.1,0.02,1604.29
391,hard,15,10:40:28,10:40:29,11:00:09,COMPLETED,33099.0,19681.7,1.21,1181.85
357,easy,11,10:59:42,10:59:44,11:00:16,COMPLETED,27592.0,535.6,2.31,34.28
361,easy,11,10:59:53,10:59:57,11:00:16,COMPLETED,25257.0,323.5,4.06,23.28
564,easy,12,11:00:02,11:00:03,11:00:22,COMPLETED,33926.0,325.0,1.29,20.50
532,easy,12,11:00:22,11:00:22,11:00:28,COMPLETED,24175.0,114.4,0.50,6.96
331,hard,15,10:45:32,10:45:35,11:01:06,COMPLETED,34261.0,15516.6,3.99,934.65
430,easy,12,10:59:59,11:00:03,11:01:25,COMPLETED,31609.0,1374.2,4.29,86.60
353,medium,14,10:53:02,10:53:03,11:01:50,COMPLETED,28909.0,8792.3,1.08,528.47
595,easy,11,11:02:43,11:02:46,11:02:52,COMPLETED,19939.0,108.0,3.19,9.45
598,easy,12,11:01:32,11:01:38,11:02:58,COMPLETED,29851.0,1348.1,6.03,86.70
528,easy,12,11:03:05,11:03:11,11:04:19,COMPLETED,28283.0,1144.8,6.13,74.64
16,hard,15,08:38:45,08:38:47,11:05:15,COMPLETED,28439.0,146471.4,2.22,8790.48
474,medium,14,11:00:28,11:00:28,11:06:42,COMPLETED,27608.0,6233.0,0.96,374.80
553,easy,11,11:07:01,11:07:01,11:07:14,COMPLETED,23796.0,212.2,0.50,13.06
499,easy,11,11:07:04,11:07:07,11:07:20,COMPLETED,29907.0,211.9,3.79,16.30
536,medium,13,11:01:26,11:01:31,11:07:26,COMPLETED,35056.0,5916.0,5.80,360.53
507,easy,11,11:06:59,11:07:01,11:07:26,COMPLETED,32700.0,422.1,2.50,27.53
494,medium,13,11:03:57,11:04:01,11:07:32,COMPLETED,26234.0,3534.2,4.01,215.85
582,easy,12,11:07:25,11:07:26,11:08:10,COMPLETED,26048.0,732.8,1.53,45.31
485,medium,13,11:05:25,11:05:27,11:08:35,COMPLETED,24752.0,3125.9,2.94,190.26
404,medium,14,10:39:39,10:39:39,11:08:41,COMPLETED,36379.0,29037.5,0.46,1742.57
480,medium,13,11:06:32,11:06:36,11:08:41,COMPLETED,34802.0,2088.2,4.52,129.57
463,easy,11,11:08:14,11:08:16,11:08:41,COMPLETED,34062.0,421.7,2.54,27.57
570,easy,12,11:07:28,11:07:32,11:08:47,COMPLETED,30678.0,1253.3,4.85,79.87
517,easy,12,11:08:30,11:08:35,11:08:47,COMPLETED,30229.0,213.7,5.26,17.87
546,easy,11,11:09:50,11:09:50,11:09:56,COMPLETED,26739.0,108.0,0.05,6.33
531,easy,11,11:09:55,11:09:56,11:10:08,COMPLETED,28263.0,211.3,1.33,13.81
445,hard,15,10:00:38,10:00:38,11:10:33,COMPLETED,34228.0,69928.7,0.00,4195.65
489,medium,13,11:07:48,11:07:51,11:10:58,COMPLETED,19811.0,3118.8,3.60,190.54
518,easy,12,11:10:41,11:10:46,11:10:58,COMPLETED,31259.0,210.9,5.10,17.54
552,medium,13,11:04:28,11:04:32,11:11:23,COMPLETED,36321.0,6861.1,4.04,415.51
572,easy,12,11:09:46,11:09:50,11:11:35,COMPLETED,30733.0,1769.2,4.05,109.98
599,easy,12,11:11:23,11:11:23,11:11:54,COMPLETED,28987.0,522.7,0.51,31.65
510,easy,12,11:10:59,11:11:04,11:12:32,COMPLETED,30870.0,1464.5,5.77,93.33
460,easy,12,11:12:47,11:12:51,11:13:04,COMPLETED,29862.0,216.3,4.25,17.00
527,medium,14,11:07:44,11:07:45,11:13:35,COMPLETED,32763.0,5840.4,1.34,351.47
411,hard,15,10:51:24,10:51:29,11:14:25,COMPLETED,34731.0,22934.9,5.76,1381.73
568,easy,11,11:14:31,11:14:31,11:14:38,COMPLETED,24343.0,109.4,0.96,7.23
333,medium,14,10:51:51,10:51:54,11:14:44,COMPLETED,29351.0,22833.9,3.63,1373.56
550,easy,12,11:16:21,11:16:24,11:16:30,COMPLETED,28044.0,108.4,3.24,9.54
475,easy,12,11:14:58,11:15:03,11:16:36,COMPLETED,27940.0,1561.9,5.27,98.78
461,medium,13,11:13:03,11:13:04,11:17:38,COMPLETED,30868.0,4585.4,1.00,275.96
521,medium,13,11:15:23,11:15:28,11:17:51,COMPLETED,32167.0,2390.2,5.27,148.40
424,medium,14,10:46:04,10:46:07,11:18:03,COMPLETED,32320.0,31943.3,3.50,1919.98
560,easy,12,11:17:48,11:17:51,11:18:28,COMPLETED,33535.0,628.5,3.40,40.95
456,easy,11,11:18:17,11:18:22,11:18:47,COMPLETED,25784.0,420.3,5.68,30.69
563,easy,12,11:14:52,11:14:56,11:18:53,COMPLETED,33732.0,3952.1,5.00,241.93
454,easy,11,11:19:31,11:19:31,11:19:37,COMPLETED,28617.0,110.2,0.26,6.57
557,easy,12,11:20:06,11:20:09,11:20:15,COMPLETED,25813.0,111.1,3.33,9.79
565,medium,13,11:19:27,11:19:31,11:20:28,COMPLETED,32583.0,957.9,4.26,61.50
525,easy,11,11:20:19,11:20:22,11:20:28,COMPLETED,31295.0,112.2,3.03,9.50
486,easy,12,11:19:54,11:19:56,11:20:47,COMPLETED,31303.0,855.1,2.50,53.47
593,easy,12,11:20:40,11:20:41,11:21:25,COMPLETED,29120.0,739.9,1.17,45.26
586,medium,13,11:21:24,11:21:25,11:22:33,COMPLETED,28662.0,1148.4,1.26,69.95
543,easy,11,11:22:52,11:22:52,11:22:59,COMPLETED,25177.0,108.6,0.67,7.01
511,easy,11,11:22:49,11:22:52,11:23:05,COMPLETED,26870.0,216.1,3.67,16.26
339,medium,14,10:35:11,10:35:13,11:23:11,COMPLETED,25573.0,47971.7,2.46,2880.67
594,medium,13,11:21:46,11:21:50,11:23:50,COMPLETED,29411.0,2005.2,4.25,124.11
466,easy,11,11:23:31,11:23:37,11:23:50,COMPLETED,19261.0,224.5,6.14,19.11
513,easy,11,11:23:59,11:24:02,11:24:28,COMPLETED,28189.0,434.2,3.93,29.64
548,medium,13,11:20:34,11:20:34,11:24:54,COMPLETED,28205.0,4329.7,0.79,260.24
491,medium,13,11:23:50,11:23:50,11:25:19,COMPLETED,27705.0,1498.1,0.11,89.66
533,medium,13,11:24:20,11:24:22,11:26:03,COMPLETED,26496.0,1695.6,2.12,103.59
471,medium,14,11:01:05,11:01:06,11:26:09,COMPLETED,28813.0,25056.1,1.65,1504.89
537,easy,11,11:26:15,11:26:16,11:26:28,COMPLETED,30121.0,214.1,1.14,13.72
367,hard,15,10:36:34,10:36:36,11:26:41,COMPLETED,31538.0,50080.9,2.55,3007.28
495,easy,12,11:27:03,11:27:06,11:28:15,COMPLETED,27908.0,1149.8,3.48,72.23
512,easy,11,11:30:55,11:30:58,11:31:11,COMPLETED,26801.0,219.6,3.76,16.51
216,hard,15,09:44:09,09:44:10,11:32:35,COMPLETED,34439.0,108420.5,1.07,6506.25
587,easy,11,11:32:06,11:32:09,11:32:35,COMPLETED,24453.0,435.8,3.44,29.25
515,easy,12,11:32:29,11:32:35,11:32:48,COMPLETED,23322.0,223.9,6.25,19.07
579,easy,11,11:32:26,11:32:28,11:32:54,COMPLETED,31559.0,442.2,2.70,28.75
577,medium,13,11:30:18,11:30:20,11:33:07,COMPLETED,32793.0,2791.8,2.72,169.70
562,medium,14,11:25:59,11:26:03,11:33:33,COMPLETED,28716.0,7503.1,4.59,454.57
452,medium,13,11:28:54,11:28:58,11:33:33,COMPLETED,30271.0,4581.0,4.95,279.57
522,easy,11,11:33:06,11:33:07,11:33:46,COMPLETED,31393.0,646.8,1.70,40.16
488,easy,11,11:33:40,11:33:46,11:33:52,COMPLETED,24022.0,111.3,6.16,12.55
583,medium,14,11:11:35,11:11:35,11:34:24,COMPLETED,31253.0,22809.5,0.98,1369.29
501,medium,14,11:16:22,11:16:24,11:35:15,COMPLETED,37226.0,18856.5,2.24,1133.50
547,easy,11,11:35:26,11:35:28,11:35:34,COMPLETED,26724.0,109.6,2.22,8.53
462,easy,11,11:35:41,11:35:47,11:35:53,COMPLETED,27844.0,111.8,6.21,12.51
477,medium,13,11:30:11,11:30:14,11:36:57,COMPLETED,40557.0,6722.4,3.40,406.42
478,easy,11,11:36:57,11:36:57,11:37:03,COMPLETED,25992.0,111.2,0.42,6.80
484,easy,12,11:33:51,11:33:52,11:37:28,COMPLETED,37973.0,3612.2,1.55,217.98
575,easy,11,11:37:28,11:37:28,11:37:41,COMPLETED,28680.0,213.8,0.98,13.57
523,medium,14,11:26:46,11:26:47,11:38:12,COMPLETED,32937.0,11425.2,1.56,686.88
589,medium,14,11:13:17,11:13:22,11:38:31,COMPLETED,30112.0,25148.8,5.90,1514.68
509,easy,12,11:38:57,11:39:03,11:39:09,COMPLETED,25080.0,109.7,6.02,12.35
116,hard,15,08:02:46,08:02:49,11:39:15,COMPLETED,36805.0,216433.0,3.67,12989.64
588,medium,13,11:28:31,11:28:33,11:39:21,COMPLETED,27724.0,10802.6,2.95,650.91
467,easy,11,11:39:03,11:39:03,11:39:21,COMPLETED,24630.0,318.4,0.02,18.91
581,easy,12,11:39:26,11:39:28,11:40:30,COMPLETED,25742.0,1044.9,2.18,64.64
551,easy,11,11:40:47,11:40:49,11:41:33,COMPLETED,27590.0,734.7,2.48,46.26
469,easy,11,11:41:28,11:41:33,11:41:39,COMPLETED,24894.0,112.2,5.26,11.60
451,easy,11,11:41:41,11:41:46,11:41:52,COMPLETED,26796.0,112.3,5.03,11.54
558,medium,14,11:37:43,11:37:47,11:42:11,COMPLETED,36126.0,4402.5,4.83,268.76
544,hard,15,11:17:55,11:17:57,11:42:18,COMPLETED,33694.0,24343.2,2.72,1463.03
520,medium,14,11:22:15,11:22:15,11:43:59,COMPLETED,28014.0,21746.6,0.20,1304.72
426,medium,14,10:23:20,10:23:22,11:44:44,COMPLETED,34475.0,81364.6,2.71,4884.61
308,hard,15,10:14:20,10:14:20,11:45:22,COMPLETED,33597.0,91038.4,0.52,5462.72
479,medium,13,11:45:34,11:45:35,11:46:13,COMPLETED,24317.0,649.8,1.24,39.78
596,hard,15,11:41:58,11:41:58,11:46:26,COMPLETED,32122.0,4469.5,0.80,268.58
538,easy,11,11:46:18,11:46:20,11:46:26,COMPLETED,24305.0,112.8,2.29,8.58
534,hard,15,11:23:36,11:23:37,11:47:17,COMPLETED,33995.0,23675.0,1.14,1421.48
559,medium,14,11:31:34,11:31:37,11:47:30,COMPLETED,35561.0,15886.0,3.39,956.34
459,medium,14,11:40:41,11:40:43,11:47:36,COMPLETED,33861.0,6898.4,2.18,415.65
571,medium,14,11:13:26,11:13:29,11:48:20,COMPLETED,36874.0,34860.2,3.17,2094.65
482,easy,11,11:49:08,11:49:10,11:49:23,COMPLETED,18008.0,213.7,2.71,15.24
541,easy,12,11:49:20,11:49:23,11:49:29,COMPLETED,25248.0,109.3,3.24,9.56
270,hard,15,09:49:40,09:49:43,11:50:00,COMPLETED,32036.0,120295.6,3.07,7220.86
453,easy,12,11:47:33,11:47:36,11:50:13,COMPLETED,33799.0,2616.2,3.65,160.36
468,medium,13,11:49:01,11:49:04,11:50:19,COMPLETED,32703.0,1258.8,3.42,78.68
492,medium,13,11:45:56,11:46:00,11:50:25,COMPLETED,29105.0,4424.7,4.79,269.99
504,medium,14,11:14:37,11:14:38,11:50:32,COMPLETED,33162.0,35904.5,1.23,2155.34
597,easy,11,11:50:47,11:50:51,11:51:03,COMPLETED,28702.0,213.0,4.11,16.65
540,easy,12,11:50:19,11:50:19,11:51:34,COMPLETED,29676.0,1258.6,0.68,75.91
465,medium,13,11:50:20,11:50:25,11:51:34,COMPLETED,25907.0,1153.8,5.99,74.91
542,hard,15,11:42:26,11:42:30,11:52:43,COMPLETED,34469.0,10218.2,4.86,617.75
574,medium,13,11:51:39,11:51:41,11:54:19,COMPLETED,32452.0,2638.6,2.25,160.34
549,hard,15,11:00:43,11:00:47,11:55:03,COMPLETED,36252.0,54268.8,4.78,3260.63
476,medium,14,11:51:32,11:51:34,11:55:10,COMPLETED,28638.0,3594.2,2.91,218.21
585,easy,11,11:54:47,11:54:51,11:55:16,COMPLETED,18668.0,436.2,4.00,29.67
555,easy,11,11:55:23,11:55:23,11:55:29,COMPLETED,33773.0,109.3,0.24,6.55
514,easy,12,11:55:43,11:55:48,11:56:01,COMPLETED,27838.0,220.0,5.54,18.33
556,medium,13,11:56:18,11:56:20,11:57:24,COMPLETED,30897.0,1080.2,2.45,66.72
529,medium,14,11:46:48,11:46:52,11:57:50,COMPLETED,30538.0,10976.7,4.09,662.46
524,easy,11,11:57:23,11:57:24,11:57:50,COMPLETED,32193.0,434.1,1.72,27.46
19,hard,15,08:34:55,08:34:59,11:58:16,COMPLETED,39233.0,203275.1,4.78,12201.09
554,easy,11,11:57:54,11:57:56,11:58:16,COMPLETED,24963.0,333.3,2.80,22.09
506,medium,13,11:53:00,11:53:02,11:58:29,COMPLETED,24033.0,5445.4,2.90,329.32
505,easy,12,11:58:12,11:58:16,11:58:35,COMPLETED,24781.0,329.9,4.09,23.72
569,medium,14,11:38:52,11:38:56,11:59:25,COMPLETED,24288.0,20490.2,4.70,1233.94
455,medium,14,11:18:29,11:18:35,12:00:41,COMPLETED,34712.0,42107.9,6.19,2532.51
604,easy,11,12:00:20,12:00:22,12:00:54,COMPLETED,26906.0,531.0,2.55,34.14
487,medium,13,11:52:48,11:52:50,12:01:00,COMPLETED,29754.0,8177.3,2.02,492.44
665,easy,11,12:01:48,12:01:50,12:01:57,COMPLETED,21818.0,110.0,2.75,9.08
584,medium,14,11:55:11,11:55:16,12:02:22,COMPLETED,27084.0,7096.9,5.67,431.27
448,hard,15,10:35:07,10:35:07,12:02:34,COMPLETED,41183.0,87465.2,0.02,5247.87
670,easy,12,12:02:25,12:02:28,12:03:25,COMPLETED,32812.0,946.4,3.55,60.01
735,easy,11,12:03:20,12:03:25,12:03:37,COMPLETED,29069.0,215.9,5.01,17.64
684,easy,11,12:05:02,12:05:07,12:05:26,COMPLETED,31275.0,328.5,5.22,24.49
470,hard,15,11:26:56,11:27:00,12:05:58,COMPLETED,32456.0,38976.9,4.19,2342.57
622,easy,12,12:05:47,12:05:52,12:06:43,COMPLETED,30774.0,868.0,5.25,56.77
747,easy,11,12:06:37,12:06:37,12:06:43,COMPLETED,26200.0,121.1,0.10,6.77
643,easy,12,12:06:39,12:06:43,12:06:56,COMPLETED,25233.0,222.3,4.77,17.86
576,hard,15,11:58:10,11:58:16,12:07:03,COMPLETED,33058.0,8788.6,6.09,533.14
717,medium,13,12:03:34,12:03:37,12:07:41,COMPLETED,26150.0,4063.8,3.64,247.22
634,easy,11,12:07:47,12:07:47,12:07:54,COMPLETED,23183.0,115.7,0.51,7.06
730,easy,12,12:08:30,12:08:32,12:09:11,COMPLETED,30094.0,656.1,2.74,41.75
653,easy,12,12:09:14,12:09:18,12:09:31,COMPLETED,24038.0,221.7,4.27,17.11
644,easy,12,12:09:01,12:09:05,12:09:44,COMPLETED,25462.0,656.5,4.18,43.27
573,hard,15,11:45:57,11:46:00,12:10:09,COMPLETED,31726.0,24146.6,3.79,1452.51
637,easy,11,12:10:11,12:10:15,12:10:34,COMPLETED,29091.0,323.6,4.82,23.76
741,easy,11,12:10:30,12:10:34,12:10:41,COMPLETED,25167.0,113.7,4.76,11.27
618,easy,12,12:12:19,12:12:22,12:12:35,COMPLETED,26225.0,218.3,3.28,16.03
700,easy,11,12:12:28,12:12:28,12:12:35,COMPLETED,27517.0,112.3,0.66,7.03
728,easy,12,12:12:40,12:12:41,12:13:00,COMPLETED,20699.0,323.1,1.42,20.51
610,easy,12,12:11:20,12:11:25,12:13:06,COMPLETED,36198.0,1696.2,5.42,106.88
698,easy,12,12:12:13,12:12:15,12:13:06,COMPLETED,32327.0,855.8,2.86,53.88
464,hard,15,11:33:46,11:33:46,12:13:25,COMPLETED,33507.0,39663.2,0.16,2379.83
736,easy,11,12:13:50,12:13:51,12:13:57,COMPLETED,22403.0,111.9,1.05,7.47
701,easy,11,12:14:21,12:14:22,12:14:48,COMPLETED,29794.0,427.8,1.72,27.10
609,easy,12,12:12:38,12:12:41,12:15:00,COMPLETED,29695.0,2327.0,3.42,142.71
591,medium,14,11:53:46,11:53:47,12:15:38,COMPLETED,30227.0,21860.2,1.32,1312.75
636,easy,11,12:15:27,12:15:32,12:15:38,COMPLETED,25188.0,111.3,5.38,11.75
590,medium,14,11:57:37,11:57:37,12:15:45,COMPLETED,33834.0,18127.9,0.60,1088.08
567,medium,14,11:49:30,11:49:35,12:16:48,COMPLETED,42805.0,27210.4,5.82,1638.28
608,easy,12,12:15:24,12:15:26,12:16:48,COMPLETED,27023.0,1375.9,2.02,84.28
679,easy,11,12:17:24,12:17:26,12:17:32,COMPLETED,23026.0,111.4,2.20,8.55
298,hard,15,09:15:58,09:16:00,12:17:45,COMPLETED,31561.0,181753.4,2.14,10907.26
710,easy,12,12:17:49,12:17:51,12:18:10,COMPLETED,22666.0,323.3,2.69,21.79
690,medium,13,12:16:35,12:16:35,12:18:17,COMPLETED,36597.0,1696.6,0.62,102.13
503,hard,15,11:45:17,11:45:22,12:18:23,COMPLETED,30554.0,33014.6,5.72,1986.45
613,easy,12,12:15:47,12:15:51,12:18:36,COMPLETED,21580.0,2749.7,4.39,169.05
678,medium,14,12:09:17,12:09:18,12:18:48,COMPLETED,32112.0,9511.6,1.27,571.76
516,hard,15,11:05:20,11:05:21,12:19:01,COMPLETED,34767.0,73663.1,1.69,4421.38
659,easy,11,12:19:43,12:19:45,12:19:51,COMPLETED,23612.0,110.2,2.43,8.76
743,medium,13,12:18:39,12:18:42,12:20:36,COMPLETED,26015.0,1900.7,3.42,117.00
600,easy,11,12:20:46,12:20:48,12:20:55,COMPLETED,28888.0,117.1,2.80,9.38
647,easy,11,12:21:12,12:21:14,12:21:47,COMPLETED,34053.0,543.4,2.80,35.07
620,medium,13,12:00:26,12:00:28,12:22:56,COMPLETED,28055.0,22473.8,2.88,1350.96
345,hard,15,10:32:48,10:32:53,12:23:47,COMPLETED,32697.0,110904.6,5.34,6659.54
686,easy,11,12:23:38,12:23:41,12:24:00,COMPLETED,25164.0,322.8,3.21,22.25
500,medium,14,11:53:15,11:53:15,12:24:06,COMPLETED,25693.0,30854.3,0.57,1851.60
611,easy,11,12:24:06,12:24:06,12:24:13,COMPLETED,30031.0,111.2,0.60,7.00
657,easy,12,12:24:53,12:24:57,12:25:03,COMPLETED,27398.0,110.6,4.24,10.60
329,hard,15,10:17:05,10:17:09,12:25:16,COMPLETED,33363.0,128113.7,4.45,7691.19
748,medium,13,12:23:22,12:23:22,12:25:41,COMPLETED,21471.0,2327.0,0.32,139.57
733,easy,11,12:25:41,12:25:41,12:25:54,COMPLETED,25560.0,218.5,0.57,13.34
621,medium,14,12:16:03,12:16:04,12:26:19,COMPLETED,27231.0,10265.6,1.03,616.72
640,medium,14,12:17:59,12:18:04,12:26:51,COMPLETED,26411.0,8788.5,5.43,532.37
632,medium,13,12:25:27,12:25:28,12:27:04,COMPLETED,24839.0,1594.5,1.89,97.23
719,easy,11,12:26:52,12:26:57,12:27:10,COMPLETED,29074.0,218.7,5.81,18.60
629,easy,11,12:26:49,12:26:51,12:27:17,COMPLETED,25927.0,432.9,2.37,28.02
671,easy,12,12:27:05,12:27:10,12:27:23,COMPLETED,28529.0,219.3,5.60,18.39
734,easy,11,12:28:46,12:28:52,12:29:05,COMPLETED,27571.0,225.8,6.46,19.54
699,medium,13,12:26:52,12:26:57,12:29:18,COMPLETED,33884.0,2351.8,5.81,146.43
704,easy,11,12:30:32,12:30:34,12:30:41,COMPLETED,21966.0,111.2,2.92,9.33
601,medium,14,12:09:21,12:09:24,12:31:38,COMPLETED,24300.0,22238.1,3.63,1337.63
650,medium,13,12:30:22,12:30:22,12:31:38,COMPLETED,27052.0,1279.1,0.27,76.63
709,easy,11,12:31:16,12:31:45,12:31:58,COMPLETED,22041.0,224.1,29.06,42.03
615,easy,12,12:29:51,12:29:56,12:32:37,COMPLETED,37558.0,2679.2,5.91,166.20
737,easy,12,12:31:48,12:32:43,12:33:03,COMPLETED,27157.0,328.7,55.74,75.08
539,medium,14,11:54:50,11:54:51,12:33:16,COMPLETED,35511.0,38419.9,1.00,2306.09
496,medium,14,11:32:42,11:32:48,12:33:22,COMPLETED,35256.0,60577.7,6.07,3640.43
646,medium,14,12:25:14,12:25:16,12:33:22,COMPLETED,24270.0,8113.0,2.19,488.43
664,easy,11,12:33:12,12:33:22,12:33:29,COMPLETED,23751.0,116.1,10.43,17.08
695,hard,15,12:08:38,12:08:39,12:33:41,COMPLETED,30196.0,25048.3,1.36,1503.93
673,medium,13,12:24:17,12:24:19,12:33:41,COMPLETED,36745.0,9384.4,2.29,564.93
669,easy,12,12:34:21,12:34:27,12:35:05,COMPLETED,26060.0,639.2,6.21,44.26
641,easy,11,12:34:42,12:34:46,12:35:30,COMPLETED,30574.0,744.3,4.24,48.60
723,easy,12,12:30:07,12:30:09,12:36:02,COMPLETED,34038.0,5880.6,2.60,355.18
490,hard,15,11:24:03,11:24:09,12:36:08,COMPLETED,42098.0,71988.3,6.31,4325.51
580,hard,15,11:24:46,11:24:47,12:36:52,COMPLETED,33312.0,72087.2,1.69,4326.80
724,easy,12,12:36:19,12:36:21,12:37:56,COMPLETED,32570.0,1587.4,2.14,97.09
656,easy,11,12:37:11,12:38:02,12:38:08,COMPLETED,22503.0,111.4,51.42,57.81
655,medium,13,12:30:33,12:30:34,12:38:15,COMPLETED,29533.0,7674.2,1.92,462.13
648,medium,13,12:27:20,12:27:23,12:39:05,COMPLETED,28143.0,11710.4,3.39,705.78
731,easy,12,12:37:51,12:38:21,12:39:12,COMPLETED,30888.0,849.1,30.51,81.12
666,medium,13,12:35:04,12:35:11,12:40:16,COMPLETED,30588.0,5090.7,7.60,312.57
706,easy,12,12:36:38,12:36:59,12:40:29,COMPLETED,30107.0,3516.6,21.21,231.73
726,easy,11,12:39:21,12:40:36,12:40:42,COMPLETED,24568.0,112.0,75.27,81.70
693,medium,13,12:14:33,12:14:35,12:40:55,COMPLETED,29405.0,26344.3,2.38,1582.70
732,easy,12,12:39:55,12:41:02,12:41:34,COMPLETED,30587.0,545.0,67.23,99.41
721,hard,15,12:30:31,12:30:34,12:41:47,COMPLETED,30694.0,11215.4,3.92,676.58
661,easy,11,12:40:22,12:41:53,12:42:00,COMPLETED,17882.0,118.7,91.95,98.56
497,medium,14,11:57:46,11:57:50,12:42:46,COMPLETED,27946.0,44931.0,4.46,2700.02
617,hard,15,12:33:27,12:33:29,12:43:18,COMPLETED,31836.0,9830.8,2.08,591.53
481,hard,15,11:56:35,11:56:39,12:44:29,COMPLETED,32696.0,47833.6,4.69,2874.54
680,medium,14,12:19:33,12:19:39,12:44:29,COMPLETED,26319.0,24844.7,6.11,1496.54
627,medium,14,12:31:39,12:32:04,12:44:42,COMPLETED,28901.0,12637.7,25.56,783.57
603,medium,13,12:40:35,12:42:07,12:44:42,COMPLETED,31167.0,2596.4,92.12,247.57
727,easy,11,12:43:06,12:44:48,12:45:02,COMPLETED,21484.0,225.3,102.95,116.15
681,medium,14,12:25:20,12:25:22,12:45:34,COMPLETED,40613.0,20199.5,2.56,1214.31
683,easy,12,12:42:22,12:43:25,12:45:34,COMPLETED,25024.0,2158.7,63.09,192.31
458,medium,14,11:09:24,11:09:25,12:45:40,COMPLETED,29040.0,96261.6,1.11,5776.65
616,easy,11,12:45:24,12:45:47,12:46:06,COMPLETED,31549.0,321.7,23.05,42.05
662,easy,11,12:44:13,12:45:40,12:46:18,COMPLETED,35074.0,639.8,87.65,125.74
624,easy,12,12:42:55,12:44:35,12:46:31,COMPLETED,30249.0,1929.4,100.90,216.39
711,medium,14,12:27:42,12:27:42,12:46:50,COMPLETED,31316.0,19136.8,0.43,1148.38
689,medium,13,12:41:40,12:42:52,12:47:40,COMPLETED,29461.0,4810.5,72.61,360.97
631,easy,12,12:45:53,12:46:12,12:47:53,COMPLETED,30337.0,1692.7,19.38,120.65
742,easy,11,12:46:35,12:46:37,12:47:53,COMPLETED,30697.0,1270.7,2.72,78.65
745,easy,11,12:47:31,12:47:47,12:48:12,COMPLETED,23983.0,428.1,16.30,41.69
720,easy,12,12:38:29,12:40:23,12:50:38,COMPLETED,32896.0,10264.6,114.13,729.76
729,medium,14,12:39:56,12:41:40,12:51:17,COMPLETED,31799.0,9617.6,104.97,681.60
642,easy,12,12:48:28,12:48:31,12:51:56,COMPLETED,25124.0,3422.1,3.63,208.50
749,easy,11,12:49:05,12:52:03,12:52:29,COMPLETED,26231.0,441.1,178.01,204.10
652,medium,13,12:48:43,12:51:24,12:52:48,COMPLETED,28376.0,1415.9,161.16,245.62
687,easy,11,12:50:36,12:52:55,12:53:08,COMPLETED,32158.0,226.9,139.16,152.26
708,medium,14,12:34:56,12:34:58,12:53:53,COMPLETED,31770.0,18913.8,2.90,1137.36
694,medium,13,12:36:27,12:36:27,12:54:25,COMPLETED,32532.0,17978.6,0.49,1078.81
623,easy,12,12:47:40,12:47:59,12:54:25,COMPLETED,34500.0,6438.9,19.99,405.81
696,easy,12,12:51:47,12:53:59,12:55:04,COMPLETED,25364.0,1089.6,132.90,197.98
645,medium,13,12:49:41,12:52:35,12:55:17,COMPLETED,30542.0,2710.7,174.51,336.68
190,hard,15,09:04:33,09:04:37,12:57:26,COMPLETED,38789.0,232811.1,4.74,13973.38
712,easy,12,12:53:10,12:57:32,12:58:35,COMPLETED,31761.0,1059.3,262.71,325.96
450,hard,15,11:06:09,11:06:11,12:59:20,COMPLETED,32071.0,113145.3,2.60,6791.23
725,easy,12,12:53:22,12:58:42,12:59:20,COMPLETED,31464.0,637.8,320.29,358.23
702,easy,11,12:53:54,12:59:26,12:59:32,COMPLETED,23247.0,111.6,332.58,338.96
716,easy,12,12:53:34,12:59:26,12:59:45,COMPLETED,28105.0,323.7,352.58,371.71
660,easy,11,12:54:01,12:59:39,12:59:52,COMPLETED,22549.0,217.3,338.35,351.03
688,easy,11,12:54:22,12:59:52,12:59:58,COMPLETED,28568.0,111.9,330.03,336.41
473,hard,15,11:50:08,11:50:13,13:00:36,COMPLETED,28565.0,70385.7,5.36,4228.38
605,hard,15,12:12:14,12:12:15,13:00:36,COMPLETED,37382.0,48344.5,1.86,2902.38
625,medium,14,12:48:38,12:50:45,13:00:36,COMPLETED,24320.0,9859.8,127.08,718.38
165,hard,15,09:59:26,09:59:29,13:00:42,COMPLETED,39092.0,181221.6,3.57,10876.73
675,easy,12,12:54:42,12:59:58,13:01:01,COMPLETED,31409.0,1061.7,316.41,379.82
744,easy,11,12:57:54,13:00:49,13:01:20,COMPLETED,26876.0,532.8,175.16,206.83
677,hard,15,12:32:36,12:33:09,13:01:27,COMPLETED,27334.0,28298.4,33.49,1731.16
676,easy,11,12:58:38,13:01:33,13:01:46,COMPLETED,25557.0,217.9,175.53,188.21
746,easy,11,12:59:06,13:01:52,13:01:59,COMPLETED,18292.0,117.9,166.63,173.22
639,easy,12,12:58:14,13:01:27,13:02:18,COMPLETED,21608.0,869.9,193.16,244.84
718,hard,15,12:08:38,12:08:39,13:02:32,COMPLETED,28054.0,53881.9,1.36,3234.05
667,easy,12,12:59:29,13:02:05,13:03:30,COMPLETED,21010.0,1414.1,156.75,241.08
873,easy,11,13:00:05,13:03:36,13:03:49,COMPLETED,22729.0,223.0,211.65,224.53
519,medium,14,11:38:34,11:38:37,13:04:09,COMPLETED,33287.0,85523.6,3.94,5135.18
829,easy,11,13:00:43,13:03:56,13:04:09,COMPLETED,20282.0,227.5,193.07,206.18
871,easy,12,13:00:58,13:04:15,13:04:28,COMPLETED,30448.0,228.7,197.76,210.98
895,easy,12,13:00:02,13:02:38,13:04:42,COMPLETED,28176.0,2065.0,156.61,280.15
852,easy,11,13:03:44,13:04:35,13:04:48,COMPLETED,21467.0,226.2,51.54,64.56
502,hard,15,11:54:37,11:54:38,13:05:14,COMPLETED,26825.0,70598.0,1.45,4237.21
751,easy,11,13:04:07,13:05:20,13:05:59,COMPLETED,37576.0,663.5,73.55,112.76
868,medium,14,13:03:32,13:04:15,13:06:45,COMPLETED,25296.0,2498.3,43.76,193.27
893,easy,12,13:04:17,13:06:06,13:07:04,COMPLETED,31369.0,979.3,109.41,167.68
805,easy,11,13:04:51,13:06:51,13:07:11,COMPLETED,29712.0,330.1,120.82,140.22
757,easy,11,13:05:56,13:07:17,13:07:30,COMPLETED,30020.0,227.1,81.66,94.79
692,hard,15,12:31:35,12:31:45,13:07:56,COMPLETED,32736.0,36194.5,10.06,2181.65
862,medium,13,13:05:35,13:07:11,13:08:28,COMPLETED,27725.0,1290.9,96.22,173.37
846,easy,11,13:06:11,13:08:34,13:08:41,COMPLETED,26475.0,111.4,143.71,150.09
879,medium,13,13:04:03,13:04:55,13:09:06,COMPLETED,28697.0,4192.8,52.15,303.41
839,easy,11,13:06:35,13:08:47,13:09:19,COMPLETED,30643.0,533.0,132.42,164.10
822,easy,12,13:07:23,13:09:25,13:09:44,COMPLETED,31797.0,322.5,122.44,141.48
764,easy,12,13:06:45,13:09:12,13:09:50,COMPLETED,27157.0,640.4,147.75,185.81
831,medium,13,13:06:09,13:08:02,13:10:09,COMPLETED,30018.0,2121.0,113.98,240.95
860,easy,12,13:07:39,13:09:50,13:10:22,COMPLETED,24406.0,535.2,131.81,163.63
265,hard,15,09:52:12,09:52:14,13:10:47,COMPLETED,29104.0,198564.3,2.00,11915.94
851,easy,12,13:08:19,13:10:54,13:11:32,COMPLETED,21974.0,637.1,155.26,193.19
830,easy,12,13:08:16,13:10:28,13:11:44,COMPLETED,23841.0,1271.3,132.96,208.93
841,easy,11,13:09:19,13:11:38,13:12:10,COMPLETED,28427.0,534.3,139.51,171.27
739,hard,15,12:38:27,12:39:18,13:13:26,COMPLETED,31553.0,34145.9,51.49,2099.93
832,easy,12,13:10:34,13:13:33,13:13:59,COMPLETED,31105.0,445.1,179.48,205.68
834,easy,11,13:10:48,13:14:06,13:14:12,COMPLETED,24921.0,115.9,198.23,204.86
663,hard,15,12:44:15,12:45:40,13:15:10,COMPLETED,29837.0,29501.0,85.65,1855.41
820,medium,14,13:09:25,13:11:51,13:15:16,COMPLETED,28226.0,3437.9,146.27,351.95
774,medium,13,13:09:26,13:12:16,13:15:30,COMPLETED,25058.0,3233.8,170.60,364.09
457,hard,15,11:54:59,11:55:03,13:15:36,COMPLETED,33237.0,80556.7,4.63,4837.72
427,medium,14,10:53:17,10:53:21,13:15:43,COMPLETED,33108.0,142366.6,4.68,8546.48
754,medium,13,13:03:58,13:04:48,13:17:14,COMPLETED,33063.0,12431.6,50.56,796.02
883,easy,12,13:13:00,13:15:36,13:17:27,COMPLETED,32478.0,1845.6,156.72,267.17
672,hard,15,12:55:42,13:00:42,13:17:46,COMPLETED,29402.0,17069.2,300.73,1324.64
658,hard,15,12:24:40,12:24:44,13:18:12,COMPLETED,31333.0,53465.4,4.63,3212.40
855,easy,11,13:13:50,13:18:18,13:18:31,COMPLETED,27957.0,227.0,268.73,281.86
826,easy,12,13:12:26,13:15:16,13:19:04,COMPLETED,22406.0,3796.0,170.95,398.40
850,easy,12,13:14:30,13:19:10,13:19:48,COMPLETED,21798.0,638.4,280.79,318.79
887,medium,13,13:11:40,13:14:19,13:19:55,COMPLETED,33039.0,5603.6,159.21,495.12
758,easy,11,13:14:31,13:20:01,13:20:07,COMPLETED,27554.0,111.9,330.50,336.85
714,hard,15,12:04:19,12:04:22,13:21:11,COMPLETED,34972.0,76818.6,3.29,4612.28
828,medium,13,13:13:16,13:17:33,13:21:24,COMPLETED,31219.0,3846.7,257.50,488.03
789,easy,12,13:14:30,13:19:55,13:21:24,COMPLETED,30821.0,1487.0,325.12,414.03
626,hard,15,12:31:05,12:31:06,13:21:30,COMPLETED,30388.0,50397.6,1.80,3025.37
886,easy,12,13:15:00,13:21:17,13:21:30,COMPLETED,28620.0,219.8,377.67,390.37
878,easy,11,13:15:53,13:21:30,13:21:36,COMPLETED,28582.0,114.0,337.37,343.90
801,easy,12,13:14:58,13:20:14,13:21:43,COMPLETED,31699.0,1489.7,316.24,405.30
807,easy,11,13:16:06,13:21:36,13:21:49,COMPLETED,29130.0,218.4,330.90,343.67
753,easy,11,13:18:21,13:21:56,13:22:02,COMPLETED,30337.0,111.0,215.04,221.39
697,hard,15,12:52:27,12:55:24,13:22:08,COMPLETED,30613.0,26745.7,177.23,1781.72
635,hard,15,12:08:30,12:08:32,13:23:11,COMPLETED,30407.0,74655.4,2.74,4481.95
857,medium,14,13:13:29,13:17:52,13:25:05,COMPLETED,25333.0,7218.6,263.98,696.83
875,medium,13,13:17:30,13:21:49,13:25:24,COMPLETED,39759.0,3591.4,259.67,474.83
773,medium,13,13:18:23,13:22:08,13:25:37,COMPLETED,33341.0,3485.7,225.72,434.56
823,medium,13,13:16:56,13:21:36,13:25:56,COMPLETED,35009.0,4334.3,280.90,540.65
877,easy,11,13:19:01,13:25:43,13:26:15,COMPLETED,35804.0,538.0,402.91,434.83
817,easy,11,13:19:39,13:26:03,13:26:15,COMPLETED,30182.0,219.2,384.05,396.83
844,easy,12,13:19:00,13:25:31,13:26:41,COMPLETED,27160.0,1173.9,391.21,461.29
740,hard,15,12:50:46,12:53:14,13:27:00,COMPLETED,41485.0,33762.4,148.82,2174.37
779,easy,11,13:19:45,13:26:22,13:27:00,COMPLETED,31274.0,640.9,397.23,435.37
761,easy,11,13:22:50,13:27:06,13:27:19,COMPLETED,32197.0,218.2,256.71,269.49
867,medium,13,13:18:45,13:25:12,13:27:25,COMPLETED,29082.0,2234.4,387.16,520.87
813,easy,11,13:22:52,13:27:25,13:28:03,COMPLETED,29322.0,641.0,273.87,311.96
897,easy,11,13:25:05,13:28:10,13:28:35,COMPLETED,23517.0,428.6,185.37,210.79
738,medium,14,12:43:02,12:44:35,13:29:20,COMPLETED,40080.0,44736.9,93.90,2778.03
803,easy,12,13:24:12,13:27:32,13:29:39,COMPLETED,26734.0,2122.0,200.26,327.23
750,easy,12,13:25:25,13:29:45,13:29:58,COMPLETED,28119.0,222.0,260.62,273.44
788,easy,11,13:25:36,13:30:04,13:30:18,COMPLETED,23834.0,223.2,268.99,282.08
691,hard,15,12:37:41,12:38:15,13:31:27,COMPLETED,29732.0,53210.1,34.13,3226.59
797,medium,13,13:18:34,13:22:15,13:31:52,COMPLETED,31401.0,9636.9,221.09,799.00
884,easy,12,13:27:16,13:31:33,13:31:59,COMPLETED,27860.0,431.4,257.92,283.37
705,medium,14,12:54:54,13:00:04,13:32:31,COMPLETED,33458.0,32443.0,310.78,2257.16
794,easy,12,13:28:36,13:32:05,13:33:34,COMPLETED,29751.0,1480.9,209.84,298.39
674,medium,14,12:51:47,12:54:32,13:33:53,COMPLETED,30760.0,39352.9,165.41,2526.39
781,medium,13,13:27:03,13:30:24,13:33:59,COMPLETED,30253.0,3595.8,201.41,416.73
882,medium,13,13:21:01,13:26:47,13:34:18,COMPLETED,32352.0,7525.1,346.68,797.89
840,hard,15,13:12:32,13:15:23,13:34:31,COMPLETED,30887.0,19139.2,171.60,1319.68
795,easy,11,13:30:57,13:34:25,13:34:31,COMPLETED,27489.0,113.3,208.26,214.68
756,easy,12,13:28:48,13:32:37,13:34:57,COMPLETED,31581.0,2332.5,229.50,369.17
889,easy,12,13:30:56,13:34:06,13:35:22,COMPLETED,29417.0,1277.5,190.21,266.57
811,easy,12,13:31:56,13:35:28,13:35:47,COMPLETED,24940.0,321.4,212.90,231.88
812,easy,12,13:29:48,13:33:59,13:36:00,COMPLETED,30123.0,2018.9,251.73,372.58
602,medium,14,12:47:57,12:47:59,13:36:06,COMPLETED,33433.0,48118.6,2.99,2889.91
890,easy,12,13:31:54,13:35:03,13:36:13,COMPLETED,24083.0,1170.1,189.49,259.32
791,medium,14,13:17:26,13:21:43,13:36:19,COMPLETED,29496.0,14612.2,257.30,1133.74
864,medium,14,13:31:53,13:34:38,13:36:45,COMPLETED,34683.0,2120.8,165.08,292.10
796,easy,12,13:32:05,13:36:06,13:36:45,COMPLETED,32329.0,641.5,241.91,280.10
853,medium,14,13:32:15,13:36:13,13:37:04,COMPLETED,23854.0,852.9,238.32,289.19
809,medium,13,13:32:35,13:36:19,13:37:23,COMPLETED,28487.0,1069.5,224.74,288.41
767,hard,15,13:21:19,13:27:06,13:38:08,COMPLETED,32611.0,11038.2,347.71,1009.75
861,medium,13,13:35:42,13:37:10,13:38:40,COMPLETED,29053.0,1512.0,88.54,178.76
786,medium,13,13:36:14,13:38:15,13:38:47,COMPLETED,33564.0,542.9,121.08,153.32
703,hard,15,12:51:55,12:54:32,13:39:13,COMPLETED,33272.0,44683.7,157.41,2838.22
768,easy,12,13:35:07,13:36:51,13:39:26,COMPLETED,29361.0,2589.2,104.44,259.35
783,medium,14,13:29:13,13:33:40,13:39:32,COMPLETED,30873.0,5879.7,267.72,619.91
668,medium,14,12:52:08,12:55:11,13:39:52,COMPLETED,24224.0,44686.1,183.32,2864.29
814,easy,11,13:37:41,13:39:39,13:39:58,COMPLETED,22874.0,327.9,118.61,137.67
771,medium,13,13:31:57,13:35:54,13:40:30,COMPLETED,28769.0,4620.4,237.21,513.97
842,easy,12,13:38:00,13:40:05,13:41:35,COMPLETED,23394.0,1512.1,125.33,215.57
682,hard,15,12:08:03,12:08:06,13:42:07,COMPLETED,31271.0,94017.2,3.92,5644.75
765,easy,12,13:38:28,13:41:42,13:43:12,COMPLETED,35022.0,1516.3,194.11,284.77
606,medium,14,12:57:13,13:00:42,13:44:09,COMPLETED,37965.0,43452.3,209.73,2816.75
854,easy,12,13:39:13,13:43:19,13:44:16,COMPLETED,31993.0,955.0,246.13,303.09
810,medium,13,13:35:46,13:37:29,13:45:00,COMPLETED,30906.0,7512.6,103.98,554.48
885,easy,12,13:40:12,13:44:16,13:45:13,COMPLETED,21951.0,956.5,244.09,301.18
760,easy,11,13:41:18,13:45:19,13:45:38,COMPLETED,27389.0,323.4,241.51,260.56
802,medium,14,13:19:53,13:26:22,13:45:57,COMPLETED,31228.0,19595.0,389.23,1564.71
793,easy,11,13:41:15,13:45:06,13:47:39,COMPLETED,29335.0,2549.1,231.82,384.43
759,easy,12,13:42:53,13:47:45,13:48:17,COMPLETED,30714.0,535.4,292.80,324.42
892,medium,14,13:39:02,13:42:14,13:48:30,COMPLETED,25538.0,6274.5,192.31,568.32
881,easy,12,13:43:33,13:48:36,13:50:00,COMPLETED,31100.0,1407.5,303.86,387.80
859,medium,13,13:42:20,13:46:04,13:50:07,COMPLETED,34413.0,4062.6,224.10,467.35
769,easy,12,13:44:35,13:50:13,13:50:33,COMPLETED,21299.0,335.7,338.89,358.54
858,hard,15,13:25:14,13:29:26,13:50:40,COMPLETED,36778.0,21236.8,252.36,1526.08
785,medium,13,13:43:53,13:50:07,13:50:46,COMPLETED,33099.0,666.1,374.35,413.73
827,medium,14,13:13:01,13:15:43,13:50:53,COMPLETED,31832.0,35172.5,162.48,2272.38
821,easy,11,13:45:19,13:50:46,13:51:00,COMPLETED,26140.0,231.4,327.73,341.04
799,easy,11,13:46:13,13:51:00,13:51:13,COMPLETED,20812.0,228.7,287.04,300.28
423,hard,15,10:38:23,10:38:24,13:51:19,COMPLETED,39251.0,192931.4,1.00,11576.81
874,easy,12,13:50:02,13:51:26,13:51:45,COMPLETED,26878.0,332.8,84.18,103.66
792,easy,12,13:47:12,13:51:19,13:51:52,COMPLETED,29967.0,549.4,247.81,280.19
816,easy,11,13:50:17,13:51:58,13:52:05,COMPLETED,23192.0,119.1,101.82,108.46
780,easy,12,13:44:48,13:50:40,13:52:12,COMPLETED,25544.0,1542.0,352.08,444.01
838,medium,13,13:46:38,13:51:06,13:52:25,COMPLETED,28685.0,1316.6,268.67,347.38
849,easy,12,13:50:21,13:52:12,13:52:25,COMPLETED,26537.0,227.9,111.01,124.38
804,easy,11,13:50:38,13:52:18,13:52:25,COMPLETED,22631.0,117.0,100.68,107.38
752,medium,14,13:34:28,13:36:26,13:52:44,COMPLETED,31588.0,16318.8,118.11,1096.86
899,medium,13,13:43:05,13:48:23,13:52:44,COMPLETED,25213.0,4356.6,318.96,579.86
633,hard,15,12:38:23,12:39:12,13:53:36,COMPLETED,37472.0,74416.3,49.12,4513.86
713,hard,15,12:00:05,12:00:09,13:53:56,COMPLETED,32991.0,113779.3,4.95,6831.53
819,hard,15,13:37:54,13:39:58,13:54:09,COMPLETED,27986.0,14191.0,124.67,975.69
808,easy,12,13:52:52,13:53:43,13:54:09,COMPLETED,27310.0,447.3,51.42,77.69
782,easy,11,13:53:27,13:54:16,13:54:29,COMPLETED,19847.0,217.9,49.31,62.00
833,medium,13,13:52:08,13:52:51,13:54:41,COMPLETED,31408.0,1844.3,43.43,153.77
845,medium,14,13:37:19,13:39:32,13:54:54,COMPLETED,23018.0,15364.8,133.91,1055.56
891,easy,12,13:54:42,13:55:00,13:55:07,COMPLETED,28312.0,113.0,18.90,25.31
824,medium,14,13:50:03,13:51:52,13:55:13,COMPLETED,29367.0,3363.5,109.19,310.70
755,easy,11,13:54:39,13:54:48,13:55:26,COMPLETED,32178.0,643.5,9.14,47.43
836,medium,13,13:52:54,13:54:03,13:56:23,COMPLETED,36874.0,2343.4,69.07,209.40
766,medium,14,13:18:38,13:23:18,13:56:29,COMPLETED,37254.0,33194.1,280.29,2271.73
888,medium,13,13:53:37,13:54:35,13:56:42,COMPLETED,26161.0,2121.4,58.42,185.40
798,hard,15,13:34:41,13:36:51,13:56:48,COMPLETED,32591.0,19958.9,130.44,1327.75
327,hard,15,10:24:33,10:24:38,13:57:01,COMPLETED,33289.0,212376.4,5.86,12748.41
880,easy,12,13:55:51,13:55:51,13:57:26,COMPLETED,28330.0,1589.1,0.73,95.68
775,easy,11,13:57:29,13:57:33,13:57:39,COMPLETED,27182.0,110.7,4.12,10.46
837,easy,12,13:57:23,13:57:26,13:57:45,COMPLETED,26875.0,324.1,3.68,22.80
866,medium,13,13:50:40,13:52:31,13:57:52,COMPLETED,33450.0,5344.7,111.72,432.16
800,hard,15,13:30:57,13:34:38,13:58:17,COMPLETED,30698.0,23659.5,221.08,1640.45
790,easy,11,13:58:47,13:58:49,13:58:55,COMPLETED,22217.0,111.0,2.03,8.39
825,medium,13,13:52:17,13:52:51,13:59:01,COMPLETED,28092.0,6174.0,34.43,404.71
869,easy,12,13:57:40,13:57:45,13:59:39,COMPLETED,32638.0,1901.7,5.80,119.60
1048,easy,11,14:00:24,14:00:24,14:00:37,COMPLETED,30708.0,222.8,0.83,13.91
818,medium,13,13:58:27,13:58:30,14:00:44,COMPLETED,28705.0,2244.8,3.05,137.23
777,medium,14,13:37:18,13:39:19,14:01:22,COMPLETED,34188.0,22055.2,121.77,1444.73
960,medium,13,14:00:58,14:01:03,14:01:22,COMPLETED,30873.0,328.1,5.54,24.73
847,medium,13,13:51:08,13:52:31,14:02:14,COMPLETED,32273.0,9715.3,83.72,666.50
707,hard,15,12:47:13,12:47:15,14:03:31,COMPLETED,25824.0,76270.6,2.68,4578.67
762,medium,14,13:38:11,13:40:37,14:03:31,COMPLETED,25208.0,22908.7,146.54,1520.67
763,hard,15,13:07:56,13:09:57,14:03:44,COMPLETED,30799.0,53794.9,121.21,3348.62
277,hard,15,09:42:39,09:42:43,14:04:55,COMPLETED,35937.0,262199.7,4.06,15736.00
941,medium,13,14:03:20,14:03:25,14:05:46,COMPLETED,28169.0,2358.1,5.04,146.23
912,easy,11,14:05:56,14:05:58,14:06:05,COMPLETED,27669.0,111.6,2.91,9.29
950,easy,11,14:06:25,14:06:30,14:06:49,COMPLETED,29946.0,322.3,5.66,24.73
1025,medium,13,14:05:31,14:05:33,14:07:21,COMPLETED,32588.0,1798.9,2.58,110.19
787,medium,14,13:53:29,13:54:16,14:07:33,COMPLETED,35802.0,13295.0,47.31,844.82
988,easy,12,14:06:29,14:06:30,14:07:40,COMPLETED,29692.0,1161.0,1.66,71.11
1017,easy,11,14:07:58,14:07:58,14:08:11,COMPLETED,26057.0,214.3,0.96,13.55
651,hard,15,12:46:49,12:46:50,14:09:58,COMPLETED,34610.0,83145.0,1.38,4989.87
905,easy,11,14:10:12,14:10:18,14:10:30,COMPLETED,15969.0,219.0,6.01,18.85
903,easy,12,14:10:08,14:10:11,14:10:49,COMPLETED,29854.0,648.8,3.60,41.97
909,easy,11,14:10:52,14:10:56,14:11:09,COMPLETED,23847.0,224.7,4.63,17.82
927,easy,11,14:10:53,14:10:56,14:11:16,COMPLETED,25445.0,333.8,3.63,23.15
978,medium,13,14:09:14,14:09:14,14:12:01,COMPLETED,22598.0,2791.2,0.63,167.65
863,hard,15,13:15:22,13:21:30,14:13:12,COMPLETED,30272.0,51708.6,368.37,3470.59
896,medium,14,13:41:11,13:44:22,14:13:32,COMPLETED,36425.0,29163.9,191.46,1941.02
996,easy,12,14:11:25,14:13:19,14:13:32,COMPLETED,30307.0,221.2,114.16,127.02
921,easy,11,14:11:38,14:13:38,14:13:51,COMPLETED,26712.0,226.4,120.45,133.64
973,medium,14,14:08:43,14:08:43,14:14:04,COMPLETED,28849.0,5367.8,0.05,321.68
1014,easy,11,14:12:29,14:13:58,14:14:24,COMPLETED,28433.0,443.9,89.08,115.42
914,easy,12,14:12:34,14:14:30,14:14:49,COMPLETED,30039.0,322.2,116.74,135.76
977,easy,12,14:12:31,14:14:11,14:14:56,COMPLETED,29848.0,753.6,100.22,145.09
942,easy,11,14:12:35,14:14:56,14:15:08,COMPLETED,23990.0,220.6,141.09,153.84
776,medium,14,13:55:53,13:55:58,14:16:00,COMPLETED,39585.0,20047.7,5.10,1207.59
925,medium,14,14:03:49,14:03:51,14:16:07,COMPLETED,29970.0,12271.8,2.12,738.16
981,hard,15,14:08:13,14:08:17,14:16:13,COMPLETED,33681.0,7936.0,4.85,480.52
956,medium,14,14:10:46,14:10:49,14:17:04,COMPLETED,34959.0,6252.8,3.97,378.84
945,medium,13,14:12:36,14:15:02,14:17:17,COMPLETED,27898.0,2256.9,146.47,281.61
983,easy,11,14:13:33,14:16:20,14:17:17,COMPLETED,32472.0,962.5,167.17,224.61
1045,medium,13,14:13:34,14:17:11,14:17:42,COMPLETED,25536.0,533.7,217.23,248.96
913,easy,11,14:14:50,14:17:23,14:17:49,COMPLETED,24138.0,427.6,153.95,179.30
944,easy,11,14:14:49,14:17:23,14:17:55,COMPLETED,30236.0,534.6,154.95,186.68
998,medium,13,14:10:06,14:10:11,14:19:17,COMPLETED,29373.0,9108.8,5.60,551.87
985,medium,13,14:15:24,14:18:02,14:20:59,COMPLETED,30512.0,2955.8,158.06,335.11
959,easy,11,14:15:55,14:21:05,14:21:18,COMPLETED,31448.0,217.2,310.44,323.17
1036,easy,11,14:17:50,14:21:24,14:21:30,COMPLETED,27023.0,112.9,214.50,220.86
894,medium,14,13:57:53,13:57:58,14:22:35,COMPLETED,24109.0,24626.2,5.47,1482.66
614,hard,15,12:17:44,12:17:45,14:23:27,COMPLETED,29248.0,125704.0,1.26,7543.38
865,hard,15,13:58:33,13:58:36,14:23:27,COMPLETED,32961.0,24853.7,3.39,1494.38
984,easy,11,14:18:20,14:23:33,14:23:47,COMPLETED,21164.0,229.9,313.72,327.09
951,medium,14,14:11:02,14:11:22,14:24:00,COMPLETED,27607.0,12628.8,20.79,778.10
938,easy,12,14:18:51,14:23:53,14:24:00,COMPLETED,23958.0,117.2,302.64,309.10
1034,medium,13,14:13:06,14:16:13,14:24:19,COMPLETED,37346.0,8111.4,187.52,673.94
1021,easy,12,14:18:52,14:24:06,14:24:45,COMPLETED,29989.0,653.6,314.72,353.45
815,hard,15,13:14:10,13:18:38,14:25:04,COMPLETED,30224.0,66444.2,268.39,4254.89
972,easy,12,14:19:14,14:24:26,14:25:37,COMPLETED,27963.0,1193.7,312.28,383.40
911,easy,12,14:20:25,14:25:11,14:25:37,COMPLETED,20496.0,445.4,286.21,312.40
545,hard,15,11:56:31,11:56:33,14:25:50,COMPLETED,27787.0,149293.2,2.38,8959.81
1027,easy,12,14:12:58,14:16:07,14:26:03,COMPLETED,26528.0,9951.3,189.16,785.98
1037,easy,11,14:22:37,14:25:43,14:26:03,COMPLETED,32355.0,337.0,186.98,206.98
1033,medium,13,14:18:06,14:23:33,14:26:10,COMPLETED,29352.0,2616.0,327.72,484.32
872,medium,14,13:58:11,13:58:11,14:26:16,COMPLETED,28404.0,28100.9,0.11,1685.73
966,medium,14,14:12:23,14:13:38,14:26:23,COMPLETED,32649.0,12755.2,75.45,840.37
940,easy,11,14:25:14,14:26:10,14:26:23,COMPLETED,26987.0,227.8,56.32,69.37
967,easy,11,14:25:21,14:26:10,14:26:23,COMPLETED,29829.0,227.7,49.32,62.37
876,medium,14,13:51:33,13:52:31,14:27:08,COMPLETED,37779.0,34619.7,58.72,2135.74
939,easy,11,14:27:57,14:28:00,14:28:06,COMPLETED,29916.0,111.2,3.23,9.58
901,hard,15,14:10:59,14:11:16,14:30:00,COMPLETED,40189.0,18745.6,17.15,1141.63
934,medium,13,14:26:50,14:26:55,14:31:35,COMPLETED,36345.0,4671.1,5.77,285.75
685,hard,15,12:59:55,13:02:25,14:32:07,COMPLETED,34727.0,89701.9,150.40,5532.38
994,easy,12,14:29:10,14:31:42,14:32:32,COMPLETED,32398.0,851.6,152.08,202.69
1019,medium,13,14:15:48,14:19:24,14:32:58,COMPLETED,40015.0,13574.5,216.21,1030.29
1011,easy,12,14:28:52,14:30:07,14:33:04,COMPLETED,31638.0,2970.1,75.01,252.82
953,easy,12,14:30:49,14:33:11,14:34:14,COMPLETED,24367.0,1058.8,142.26,205.46
1024,medium,14,14:00:17,14:00:18,14:34:27,COMPLETED,28618.0,34152.2,1.30,2050.24
923,easy,11,14:30:45,14:33:04,14:34:33,COMPLETED,34602.0,1486.2,139.82,228.59
472,hard,15,11:29:44,11:29:49,14:34:46,COMPLETED,36314.0,184954.8,5.23,11102.44
937,easy,12,14:31:15,14:34:20,14:35:05,COMPLETED,32971.0,752.0,185.81,230.59
926,easy,11,14:32:25,14:34:40,14:35:05,COMPLETED,26193.0,432.2,135.03,160.59
535,hard,15,11:26:52,11:26:53,14:35:43,COMPLETED,36428.0,188832.3,1.90,11331.76
722,hard,15,12:57:08,13:00:42,14:35:43,COMPLETED,25817.0,95019.4,214.73,5915.76
991,easy,11,14:33:48,14:35:50,14:35:56,COMPLETED,20596.0,112.2,122.17,128.65
980,medium,14,14:18:54,14:24:06,14:36:02,COMPLETED,30969.0,11942.1,312.72,1028.98
1040,easy,11,14:33:55,14:36:09,14:36:22,COMPLETED,22430.0,216.2,134.46,147.12
922,medium,13,14:33:48,14:36:02,14:36:34,COMPLETED,27203.0,536.4,134.98,166.86
989,easy,12,14:34:17,14:36:41,14:37:00,COMPLETED,23781.0,321.3,144.20,163.18
630,hard,15,12:39:34,12:40:49,14:37:44,COMPLETED,31953.0,116926.5,75.02,7090.51
904,medium,13,14:33:14,14:35:11,14:37:50,COMPLETED,24877.0,2652.7,117.99,276.83
963,easy,12,14:35:12,14:37:57,14:38:35,COMPLETED,25241.0,644.6,165.21,203.33
1005,medium,14,14:28:46,14:28:50,14:39:14,COMPLETED,28467.0,10393.1,4.92,628.22
952,medium,13,14:36:04,14:39:20,14:40:04,COMPLETED,29253.0,743.0,196.60,240.88
975,easy,12,14:36:19,14:40:11,14:41:01,COMPLETED,20644.0,850.9,232.20,282.96
1002,easy,11,14:37:20,14:41:08,14:41:27,COMPLETED,33638.0,322.0,228.28,247.29
1004,medium,14,14:34:16,14:36:28,14:41:39,COMPLETED,28550.0,5196.8,132.45,443.98
900,easy,11,14:38:16,14:41:46,14:41:58,COMPLETED,35070.0,216.3,210.31,222.98
1000,easy,11,14:38:05,14:41:33,14:42:05,COMPLETED,23828.0,534.1,208.62,240.31
915,easy,11,14:39:29,14:42:05,14:42:18,COMPLETED,26335.0,217.4,156.31,169.05
924,easy,11,14:40:05,14:42:11,14:42:24,COMPLETED,24163.0,217.2,126.70,139.39
1010,medium,14,14:25:52,14:26:30,14:42:56,COMPLETED,28371.0,16437.7,38.07,1024.05
1022,easy,11,14:40:43,14:42:30,14:43:08,COMPLETED,32106.0,640.3,107.76,145.82
957,easy,11,14:40:30,14:42:24,14:43:34,COMPLETED,35235.69602834099,1168.3,114.39,184.19
936,medium,14,14:21:28,14:25:43,14:43:46,COMPLETED,31324.0,18052.0,255.98,1338.88
1035,medium,13,14:35:03,14:37:50,14:43:46,COMPLETED,29972.0,5939.1,167.83,523.88
1049,easy,11,14:42:57,14:43:53,14:43:59,COMPLETED,30351.0,112.8,56.22,62.63
1003,easy,12,14:43:30,14:44:06,14:44:44,COMPLETED,24784.0,640.2,36.02,74.13
1008,hard,15,14:25:50,14:26:16,14:45:09,COMPLETED,30252.0,18882.3,26.73,1159.44
1038,easy,11,14:44:08,14:45:15,14:45:28,COMPLETED,29007.0,216.8,67.77,80.48
1039,easy,11,14:44:11,14:45:34,14:45:41,COMPLETED,27015.0,111.3,83.80,90.16
949,easy,12,14:43:43,14:44:50,14:45:54,COMPLETED,24308.0,1065.9,67.45,131.11
1020,hard,15,14:02:37,14:02:40,14:46:13,COMPLETED,31807.0,43557.8,3.15,2616.32
968,medium,14,14:33:39,14:35:50,14:46:19,COMPLETED,23212.0,10504.2,131.17,760.89
997,medium,13,14:42:57,14:43:53,14:46:33,COMPLETED,32813.0,2673.0,56.22,216.16
1043,easy,12,14:45:24,14:46:19,14:46:33,COMPLETED,29584.0,230.0,55.89,69.16
902,easy,11,14:45:22,14:46:00,14:46:39,COMPLETED,30518.0,665.6,38.44,77.74
1001,easy,11,14:45:48,14:46:39,14:46:46,COMPLETED,32268.0,120.5,51.74,58.44
947,medium,13,14:41:18,14:43:02,14:46:59,COMPLETED,30130.0,3958.6,104.43,341.49
772,hard,15,13:06:05,13:07:37,14:47:44,COMPLETED,26204.0,100122.1,92.33,6099.46
918,medium,13,14:44:30,14:45:47,14:47:51,COMPLETED,29137.0,2067.0,77.50,201.01
1015,easy,12,14:46:03,14:47:06,14:48:04,COMPLETED,26026.0,978.6,63.01,121.24
916,easy,11,14:47:54,14:48:10,14:48:17,COMPLETED,24123.0,119.3,16.78,23.41
649,hard,15,12:16:00,12:16:04,14:50:20,COMPLETED,29478.0,154273.4,4.03,9260.26
969,medium,13,14:45:56,14:46:53,14:52:35,COMPLETED,23963.0,5705.3,57.01,399.04
907,medium,14,14:29:51,14:32:13,14:54:41,COMPLETED,29664.0,22466.8,142.71,1490.48
982,hard,15,14:31:43,14:34:33,14:55:38,COMPLETED,27176.0,21084.0,170.59,1435.39
964,hard,15,14:30:12,14:32:39,14:56:10,COMPLETED,25300.0,23517.7,147.22,1558.03
162,hard,15,09:02:37,09:02:40,14:56:35,COMPLETED,35509.0,353922.6,3.03,21238.36
910,easy,12,14:50:37,14:56:41,14:57:13,COMPLETED,30489.0,543.1,364.69,396.77
1032,easy,12,14:50:50,14:57:20,14:57:33,COMPLETED,31214.0,221.2,390.32,403.28
628,hard,15,12:06:59,12:07:03,14:58:05,COMPLETED,32116.0,171046.5,4.14,10266.76
930,easy,12,14:50:13,14:55:44,14:58:05,COMPLETED,32300.0,2359.7,331.73,472.76
962,medium,14,14:45:53,14:46:46,14:58:31,COMPLETED,37405.0,11759.8,53.44,758.60
931,medium,13,14:50:37,14:56:16,14:58:57,COMPLETED,24641.0,2697.6,339.38,500.77
1044,medium,13,14:52:12,14:58:38,14:59:36,COMPLETED,26707.0,982.9,386.15,444.59
990,easy,12,14:52:11,14:58:12,15:00:02,COMPLETED,30189.0,1842.0,361.36,471.62
612,hard,15,12:43:37,12:44:48,15:00:21,COMPLETED,33094.0,135550.9,71.95,8204.94
971,medium,14,14:50:00,14:52:41,15:00:21,COMPLETED,32277.0,7684.3,161.38,621.94
986,easy,11,14:53:31,15:00:08,15:00:28,COMPLETED,25470.0,337.6,397.96,417.52
970,easy,11,14:53:34,15:00:28,15:00:35,COMPLETED,25271.0,122.9,414.52,421.28
993,easy,11,14:53:53,15:00:35,15:01:07,COMPLETED,32459.0,552.8,402.28,434.94
778,hard,15,13:41:38,13:45:44,15:04:26,COMPLETED,34159.0,78694.7,246.94,4968.49
806,hard,15,13:08:01,13:10:16,15:04:58,COMPLETED,34973.0,114699.2,135.28,7017.13
948,medium,14,14:48:20,14:48:23,15:05:10,COMPLETED,24491.0,16784.7,3.99,1010.83
1018,medium,13,14:53:43,15:00:28,15:05:36,COMPLETED,33891.0,5132.3,405.52,713.26
1013,easy,12,14:56:08,15:05:04,15:05:36,COMPLETED,30261.0,535.5,536.45,568.26
1026,medium,14,14:52:13,14:59:04,15:05:55,COMPLETED,26677.0,6854.6,411.31,822.31
1028,easy,11,14:57:06,15:05:42,15:05:55,COMPLETED,29838.0,217.2,516.61,529.31
965,medium,13,14:56:32,15:05:17,15:06:33,COMPLETED,26682.0,1275.1,525.15,601.36
933,easy,12,14:59:26,15:06:01,15:07:11,COMPLETED,31926.0,1165.6,395.66,465.34
929,easy,12,14:55:27,15:04:32,15:07:17,COMPLETED,25124.0,2753.3,545.81,710.66
1070,easy,12,15:00:42,15:07:17,15:08:14,COMPLETED,24046.0,957.8,395.66,452.78
619,hard,15,12:36:34,12:36:40,15:08:21,COMPLETED,34627.0,151687.9,6.14,9107.17
1176,easy,11,15:01:16,15:08:21,15:08:34,COMPLETED,24497.0,229.0,425.17,438.42
566,medium,14,11:48:29,11:48:33,15:08:47,COMPLETED,35015.0,200242.9,4.14,12018.57
1076,easy,11,15:03:44,15:08:54,15:09:07,COMPLETED,30664.0,222.0,310.13,323.15
1182,easy,12,15:03:44,15:09:13,15:09:45,COMPLETED,32056.0,546.6,329.48,361.92
992,medium,14,14:58:08,15:05:42,15:10:05,COMPLETED,29404.0,4384.3,454.61,717.23
999,medium,14,14:59:29,15:06:39,15:10:11,COMPLETED,32987.0,3544.5,430.70,642.80
1115,easy,12,15:05:18,15:10:11,15:10:25,COMPLETED,27730.0,229.1,293.80,307.05
1023,hard,15,14:45:53,14:46:39,15:11:04,COMPLETED,38461.0,24408.8,46.74,1511.01
1194,easy,11,15:05:37,15:11:10,15:11:16,COMPLETED,29053.0,114.9,333.52,339.89
1006,medium,14,14:48:33,14:50:26,15:11:56,COMPLETED,33387.0,21493.0,113.83,1403.02
1148,medium,14,15:02:30,15:08:40,15:13:00,COMPLETED,26708.0,4333.8,370.97,630.71
1016,medium,13,14:58:16,15:06:01,15:13:52,COMPLETED,29361.0,7859.3,465.66,936.87
1064,easy,11,15:07:17,15:13:59,15:15:46,COMPLETED,32720.0,1799.7,402.30,509.94
1099,medium,13,15:07:16,15:13:07,15:15:53,COMPLETED,28079.0,2776.7,351.05,517.32
856,medium,14,13:56:33,13:56:36,15:16:12,COMPLETED,30265.0,79607.4,3.05,4779.36
1164,medium,13,15:00:53,15:07:24,15:16:12,COMPLETED,22757.0,8809.8,391.06,919.36
1131,easy,11,15:08:28,15:15:59,15:16:18,COMPLETED,30445.0,323.1,451.69,470.71
1112,easy,11,15:08:13,15:15:53,15:16:31,COMPLETED,29066.0,640.7,460.32,498.46
1195,easy,11,15:09:58,15:16:18,15:16:37,COMPLETED,23512.0,323.2,380.71,399.80
1067,easy,11,15:10:04,15:16:25,15:17:09,COMPLETED,26361.0,744.3,381.11,425.47
1060,easy,11,15:10:17,15:16:37,15:17:09,COMPLETED,22704.0,533.0,380.80,412.47
1009,hard,15,14:52:54,14:59:43,15:18:25,COMPLETED,35999.0,18713.3,409.18,1531.69
1108,easy,11,15:11:50,15:18:32,15:19:03,COMPLETED,30953.0,533.3,402.07,433.70
1012,hard,15,14:18:03,14:22:42,15:19:42,COMPLETED,36103.0,57005.9,279.23,3699.30
1030,medium,14,14:46:36,14:47:57,15:19:48,COMPLETED,38791.0,31862.1,81.61,1992.86
1105,easy,11,15:12:49,15:19:55,15:20:21,COMPLETED,25547.0,442.0,426.52,452.54
908,medium,13,14:50:12,14:54:47,15:20:28,COMPLETED,26008.0,25680.1,275.81,1816.09
1095,easy,12,15:13:07,15:20:28,15:20:41,COMPLETED,25501.0,223.4,441.09,454.20
1168,easy,12,15:13:13,15:20:34,15:21:46,COMPLETED,26974.0,1196.5,441.79,513.08
917,medium,13,14:34:47,14:37:06,15:23:55,COMPLETED,44758.0,46818.3,139.51,2948.42
1077,medium,13,15:13:52,15:21:52,15:24:33,COMPLETED,33287.0,2695.5,480.66,641.88
1041,hard,15,14:15:03,14:17:49,15:24:53,COMPLETED,37306.0,67075.9,166.30,4190.59
1090,easy,11,15:14:26,15:24:40,15:24:53,COMPLETED,21076.0,228.2,614.44,627.59
1082,medium,14,15:05:35,15:10:31,15:25:06,COMPLETED,29242.0,14590.2,296.59,1171.76
1047,medium,14,14:54:34,15:01:14,15:25:38,COMPLETED,27951.0,24402.4,400.50,1864.41
1066,medium,13,15:14:23,15:24:01,15:26:10,COMPLETED,22451.0,2143.5,578.74,707.03
1140,easy,11,15:16:36,15:25:44,15:26:22,COMPLETED,28475.0,638.6,548.74,586.76
1085,medium,13,15:15:05,15:25:00,15:26:41,COMPLETED,34269.0,1698.3,595.17,696.76
1173,easy,12,15:17:05,15:26:16,15:27:13,COMPLETED,30573.0,955.4,551.40,608.41
1087,medium,13,15:17:34,15:27:19,15:30:36,COMPLETED,24989.0,3281.6,585.76,782.31
835,hard,15,13:36:22,13:38:53,15:31:02,COMPLETED,37606.0,112145.5,151.68,6880.29
1029,medium,14,14:54:22,15:00:41,15:31:54,COMPLETED,40318.0,31208.5,379.97,2252.12
715,hard,15,12:09:35,12:09:37,15:33:25,COMPLETED,41184.0,203791.6,2.64,12230.07
1084,easy,11,15:18:35,15:33:31,15:34:03,COMPLETED,32260.0,540.1,896.40,928.41
1175,easy,12,15:18:47,15:34:09,15:34:29,COMPLETED,30474.0,335.4,922.84,942.44
976,hard,15,14:52:10,14:58:12,15:35:40,COMPLETED,28458.0,37472.6,362.36,2610.37
1101,easy,12,15:19:11,15:35:46,15:36:00,COMPLETED,24804.0,227.8,995.92,1009.08
843,hard,15,13:25:11,13:28:42,15:36:31,COMPLETED,25698.0,127832.3,211.11,7880.95
1172,easy,12,15:19:53,15:36:06,15:36:38,COMPLETED,29658.0,533.5,973.63,1005.28
1143,hard,15,15:05:34,15:10:18,15:36:57,COMPLETED,29810.0,26652.6,284.45,1883.35
1053,easy,12,15:20:57,15:36:44,15:37:54,COMPLETED,28002.0,1167.8,947.67,1017.38
1132,easy,12,15:21:10,15:37:03,15:39:04,COMPLETED,26381.0,2012.0,953.75,1074.16
1152,easy,12,15:21:47,15:39:10,15:39:35,COMPLETED,29389.0,427.1,1043.49,1068.80
1154,easy,11,15:22:07,15:39:42,15:39:48,COMPLETED,25950.0,111.7,1055.14,1061.54
1186,medium,13,15:22:33,15:39:54,15:41:36,COMPLETED,35977.0,1698.7,1041.87,1143.46
1137,easy,11,15:22:57,15:41:42,15:42:27,COMPLETED,33071.0,745.9,1125.82,1170.28
770,hard,15,13:36:19,13:38:47,15:42:58,COMPLETED,35105.0,124195.0,148.32,7599.91
1117,medium,14,15:15:43,15:25:13,15:43:36,COMPLETED,27915.0,18400.5,570.09,1673.84
1165,easy,12,15:22:58,15:42:33,15:43:55,COMPLETED,25385.0,1377.3,1175.60,1257.90
1122,easy,12,15:23:04,15:43:05,15:44:15,COMPLETED,26480.0,1168.0,1201.24,1271.03
406,hard,15,10:48:23,10:48:27,15:49:15,COMPLETED,31492.0,300791.8,4.66,18052.12
898,medium,14,13:46:07,13:50:53,15:49:40,COMPLETED,32686.0,118791.6,286.38,7413.76
1169,easy,12,15:25:26,15:49:47,15:50:06,COMPLETED,23918.0,322.1,1461.12,1480.15
1052,easy,12,15:25:15,15:49:21,15:50:12,COMPLETED,33137.0,852.9,1446.65,1497.48
1149,medium,13,15:25:15,15:44:21,15:53:09,COMPLETED,27859.0,8813.6,1146.36,1674.85
483,hard,15,11:17:46,11:17:51,15:54:07,COMPLETED,30791.0,276261.7,5.40,16581.04
920,hard,15,14:46:19,14:47:51,15:54:07,COMPLETED,26532.0,66270.9,92.01,4068.04
1130,medium,14,15:17:39,15:30:42,15:54:26,COMPLETED,37167.0,23731.1,783.68,2207.14
1079,easy,11,15:26:07,15:54:13,15:54:26,COMPLETED,23810.0,220.7,1686.42,1699.14
1170,easy,12,15:27:00,15:54:32,15:54:52,COMPLETED,27562.0,328.6,1652.72,1672.02
1184,medium,14,15:12:09,15:19:48,15:55:37,COMPLETED,27888.0,35815.3,459.86,2608.42
1114,easy,11,15:27:36,15:55:43,15:56:03,COMPLETED,27275.0,332.5,1687.95,1707.37
1163,medium,14,15:27:28,15:54:58,15:58:19,COMPLETED,34745.0,3349.9,1650.56,1851.03
1110,hard,15,15:21:41,15:38:00,15:59:03,COMPLETED,34178.0,21060.3,979.77,2242.94
1088,easy,12,15:29:14,15:59:10,15:59:23,COMPLETED,29640.0,220.2,1796.50,1809.36
1059,easy,12,15:30:01,15:59:29,15:59:42,COMPLETED,29034.0,226.6,1768.73,1781.83
1177,easy,12,15:28:07,15:58:25,16:00:02,COMPLETED,27733.0,1622.8,1818.61,1915.46
928,hard,15,14:32:50,14:34:52,16:03:12,COMPLETED,36627.0,88336.9,122.82,5422.88
1102,easy,11,15:31:13,16:03:19,16:03:44,COMPLETED,28322.0,430.1,1926.24,1951.69
1061,medium,13,15:31:49,16:03:51,16:05:38,COMPLETED,34496.0,1799.9,1922.07,2029.56
1056,hard,15,15:13:47,15:20:47,16:05:51,COMPLETED,31998.0,45071.5,420.52,3124.46
1065,easy,12,15:32:11,16:05:57,16:07:35,COMPLETED,30307.0,1626.1,2026.99,2124.06
1100,easy,12,15:32:51,16:07:41,16:07:48,COMPLETED,24368.0,118.5,2090.60,2097.21
1081,hard,15,15:02:27,15:08:27,16:08:33,COMPLETED,37591.0,60101.5,360.81,3966.69
1190,easy,12,15:33:14,16:07:54,16:08:46,COMPLETED,27464.0,866.7,2080.75,2132.40
1167,hard,15,15:26:03,15:53:16,16:10:42,COMPLETED,34132.0,17447.6,1633.22,2679.61
1091,easy,11,15:33:45,16:10:49,16:10:55,COMPLETED,20325.0,120.2,2224.18,2230.89
1157,medium,14,15:26:48,15:54:32,16:12:00,COMPLETED,37446.0,17468.7,1664.72,2712.57
1133,medium,14,15:30:43,16:00:09,16:12:06,COMPLETED,28869.0,11969.6,1766.05,2483.90
1078,easy,11,15:35:43,16:12:13,16:12:19,COMPLETED,20046.0,110.9,2190.28,2196.63
1192,easy,11,15:36:07,16:12:25,16:12:32,COMPLETED,24613.0,112.8,2178.96,2185.36
954,hard,15,14:25:50,14:26:23,16:14:51,COMPLETED,38438.0,108473.2,33.37,6541.60
1092,easy,12,15:34:01,16:11:02,16:15:10,COMPLETED,40207.0,4143.5,2221.43,2469.75
1141,easy,11,15:37:15,16:14:57,16:15:17,COMPLETED,25229.0,324.4,2262.99,2282.09
974,hard,15,14:19:52,14:24:51,16:15:23,COMPLETED,28149.0,110527.9,300.00,6931.49
1189,easy,12,15:36:31,16:12:38,16:15:23,COMPLETED,22930.0,2751.5,2167.75,2332.49
526,hard,15,11:59:04,11:59:07,16:15:42,COMPLETED,36505.0,256593.3,3.06,15398.59
1124,easy,11,15:37:20,16:15:17,16:15:42,COMPLETED,33057.0,430.8,2277.09,2302.59
1174,easy,12,15:38:07,16:15:29,16:15:48,COMPLETED,24943.0,324.2,2242.87,2261.97
1156,easy,12,15:38:17,16:15:29,16:16:01,COMPLETED,29912.0,534.8,2232.87,2264.72
1147,easy,11,15:38:52,16:15:55,16:16:01,COMPLETED,29414.0,111.1,2223.37,2229.72
1123,easy,12,15:38:57,16:16:08,16:16:52,COMPLETED,26181.0,750.9,2231.05,2275.62
1103,easy,12,15:38:52,16:15:48,16:17:18,COMPLETED,33586.0,1505.2,2216.97,2306.75
1055,medium,13,15:37:41,16:15:23,16:19:35,COMPLETED,30889.0,4203.2,2262.49,2514.35
1198,easy,11,15:40:47,16:19:41,16:19:54,COMPLETED,29695.0,217.2,2334.74,2347.44
1155,hard,15,15:07:03,15:12:02,16:20:00,COMPLETED,33660.0,67977.1,299.56,4377.80
958,hard,15,14:36:01,14:38:41,16:20:07,COMPLETED,35451.0,101431.3,160.92,6246.46
1160,easy,12,15:40:44,16:17:25,16:21:05,COMPLETED,30752.0,3682.0,2201.38,2421.83
1071,medium,14,15:27:54,15:56:09,16:22:10,COMPLETED,35029.0,26009.7,1695.94,3256.12
1113,hard,15,15:10:36,15:17:15,16:22:16,COMPLETED,28371.0,65020.1,399.81,4300.66
919,medium,14,14:25:13,14:25:57,16:22:23,COMPLETED,37478.0,116437.4,44.38,7030.32
1109,easy,12,15:43:49,16:22:23,16:22:49,COMPLETED,25091.0,441.1,2314.32,2340.48
1183,easy,12,15:43:58,16:22:29,16:22:49,COMPLETED,23469.0,330.7,2311.96,2331.48
1146,easy,12,15:44:00,16:22:55,16:23:46,COMPLETED,28145.0,848.5,2335.83,2386.44
1145,medium,14,15:30:27,15:59:49,16:23:52,COMPLETED,37609.0,24061.7,1762.37,3205.77
1120,hard,15,15:20:52,15:36:38,16:24:05,COMPLETED,43074.0,47457.6,946.28,3793.53
1083,easy,12,15:45:44,16:23:59,16:24:18,COMPLETED,25090.0,322.7,2295.17,2314.23
1074,easy,12,15:44:41,16:22:55,16:24:43,COMPLETED,32977.0,1802.4,2294.83,2402.69
1054,easy,12,15:42:57,16:22:16,16:24:56,COMPLETED,34082.0,2669.2,2359.66,2519.49
1069,easy,11,15:46:52,16:24:50,16:25:02,COMPLETED,25562.0,219.6,2278.08,2290.85
1171,easy,12,15:47:45,16:25:09,16:26:12,COMPLETED,30348.0,1058.6,2244.29,2307.50
1098,easy,12,15:47:52,16:26:18,16:26:44,COMPLETED,28319.0,426.5,2306.83,2332.12
1162,easy,11,15:48:31,16:26:50,16:27:03,COMPLETED,29370.0,218.4,2299.44,2312.23
1089,easy,12,15:48:32,16:27:09,16:28:00,COMPLETED,33431.0,855.0,2317.58,2368.36
1159,hard,15,15:10:19,15:16:44,16:29:43,COMPLETED,34225.0,72996.8,385.18,4764.82
1180,easy,11,15:49:19,16:29:50,16:30:03,COMPLETED,25236.0,227.2,2431.15,2444.26
1121,easy,12,15:48:45,16:28:06,16:30:09,COMPLETED,37676.0,2054.1,2361.92,2484.83
1196,easy,11,15:49:54,16:30:16,16:30:29,COMPLETED,30658.0,222.7,2422.19,2435.06
1051,hard,15,15:04:26,15:09:52,16:30:35,COMPLETED,35776.0,80727.9,326.31,5169.60
1111,hard,15,15:39:55,16:16:08,16:30:42,COMPLETED,30225.0,14578.1,2173.05,3047.27
1104,easy,12,15:51:05,16:30:42,16:31:14,COMPLETED,31168.0,549.6,2377.27,2409.70
1068,easy,11,15:53:00,16:31:21,16:31:40,COMPLETED,28502.0,332.2,2301.29,2320.73
1116,hard,15,15:38:47,16:15:48,16:31:59,COMPLETED,36146.0,16188.1,2221.97,3192.96
1127,medium,13,15:42:35,16:20:14,16:33:04,COMPLETED,32382.0,12845.4,2259.09,3029.39
1062,easy,12,15:52:33,16:30:48,16:33:10,COMPLETED,24482.0,2376.5,2295.95,2437.94
1166,easy,11,15:53:48,16:33:10,16:33:24,COMPLETED,24166.0,229.7,2362.94,2376.20
1178,medium,14,15:44:54,16:23:52,16:33:56,COMPLETED,28128.0,10069.8,2338.77,2942.67
1007,medium,14,14:41:36,14:43:15,16:36:28,COMPLETED,36650.0,113222.3,99.21,6892.41
1050,medium,13,15:42:38,16:21:12,16:36:28,COMPLETED,32816.0,15272.1,2314.37,3230.41
1179,easy,11,15:56:22,16:36:34,16:36:47,COMPLETED,28762.0,216.7,2412.76,2425.47
1188,easy,12,15:55:32,16:36:34,16:37:00,COMPLETED,24636.0,428.9,2462.76,2488.20
1187,medium,14,15:47:37,16:25:02,16:37:06,COMPLETED,35107.0,12066.4,2245.85,2969.53
946,hard,15,14:06:23,14:06:24,16:37:12,COMPLETED,26391.0,150812.2,1.30,9049.90
1093,medium,13,15:49:31,16:30:09,16:37:12,COMPLETED,34719.0,7056.4,2438.83,2861.90
1094,easy,11,15:58:22,16:37:19,16:37:25,COMPLETED,25194.0,111.6,2337.28,2343.68
1125,hard,15,15:18:00,15:31:08,16:37:32,COMPLETED,33205.0,66392.8,788.66,4772.01
1197,easy,12,15:56:23,16:36:53,16:37:38,COMPLETED,28482.0,748.2,2430.84,2475.39
1185,easy,12,15:53:57,16:33:17,16:38:41,COMPLETED,25680.0,5405.3,2360.61,2684.64
1181,hard,15,15:23:11,15:43:43,16:39:07,COMPLETED,41604.0,55405.7,1232.20,4556.20
1150,medium,13,15:54:28,16:33:30,16:39:13,COMPLETED,30714.0,5725.6,2342.78,2685.77
1238,medium,13,16:03:05,16:38:48,16:40:12,COMPLETED,25798.0,1410.2,2143.00,2227.14
1343,medium,13,16:03:06,16:39:13,16:40:12,COMPLETED,21249.0,981.2,2167.77,2226.14
1142,medium,14,15:26:38,15:54:13,16:40:31,COMPLETED,38188.0,46309.8,1655.42,4433.85
1205,medium,13,16:02:41,16:37:44,16:40:31,COMPLETED,25270.0,2789.6,2103.77,2270.85
1297,easy,11,16:03:36,16:40:18,16:40:31,COMPLETED,26138.0,224.7,2202.68,2215.85
1118,medium,13,15:59:11,16:37:38,16:41:23,COMPLETED,29423.0,3761.0,2307.39,2532.58
1285,easy,11,16:06:51,16:41:30,16:41:43,COMPLETED,27374.0,224.3,2079.13,2092.27
1151,medium,14,15:17:15,15:26:29,16:42:34,COMPLETED,36144.0,76098.4,554.09,5119.71
1325,medium,13,16:04:31,16:40:38,16:42:34,COMPLETED,33434.0,1950.8,2167.19,2283.71
1126,hard,15,15:12:02,15:19:10,16:43:07,COMPLETED,37033.0,83960.9,428.10,5465.48
1286,easy,11,16:07:17,16:42:41,16:43:14,COMPLETED,23178.0,556.0,2124.30,2157.04
1129,medium,13,15:50:27,16:30:35,16:43:58,COMPLETED,32233.0,13393.7,2408.60,3211.89
932,hard,15,14:15:06,14:17:55,16:44:37,COMPLETED,33990.0,146693.5,169.68,8971.18
1191,medium,14,15:57:59,16:37:06,16:46:37,COMPLETED,30806.0,9518.7,2347.53,2918.41
1161,medium,14,15:53:39,16:31:47,16:47:15,COMPLETED,26755.0,15474.5,2288.26,3216.51
1042,hard,15,14:12:55,14:15:15,16:47:28,COMPLETED,37029.0,152215.9,140.38,9273.23
1193,medium,14,15:42:05,16:20:07,16:47:28,COMPLETED,28185.0,27349.9,2282.46,3923.23
1213,easy,12,16:09:20,16:47:34,16:49:41,COMPLETED,36497.0,2113.2,2294.57,2421.10
848,hard,15,13:13:03,13:15:50,16:50:44,COMPLETED,33322.0,214910.5,167.14,13061.67
1075,medium,13,15:58:30,16:37:19,16:50:57,COMPLETED,35980.0,13637.9,2329.28,3147.37
1031,hard,15,14:17:58,14:21:37,16:51:35,COMPLETED,29196.0,149968.4,219.29,9217.30
1237,easy,12,16:09:45,16:50:51,16:51:35,COMPLETED,28917.0,743.4,2466.01,2510.30
1128,hard,15,15:31:53,16:05:45,16:51:54,COMPLETED,33832.0,46158.8,2032.10,4801.34
995,hard,15,14:42:52,14:43:40,16:52:13,COMPLETED,32597.0,128552.6,48.52,7761.56
1219,easy,11,16:11:13,16:52:00,16:52:26,COMPLETED,27181.0,427.6,2447.89,2473.24
961,hard,15,14:28:23,14:28:25,16:52:45,COMPLETED,33475.0,144329.1,2.60,8662.24
1323,easy,11,16:12:22,16:52:32,16:52:45,COMPLETED,30801.0,216.3,2410.58,2423.24
1241,medium,14,16:08:41,16:44:43,16:52:51,COMPLETED,33753.0,8140.5,2162.50,2650.58
607,hard,15,12:34:31,12:34:33,16:53:35,COMPLETED,39348.0,259041.3,2.57,15544.99
987,hard,15,14:51:46,14:57:39,16:53:55,COMPLETED,33521.0,116258.2,353.62,7329.00
1303,medium,14,16:08:03,16:43:20,16:53:55,COMPLETED,29050.0,10575.6,2117.73,2752.00
1229,medium,14,16:09:11,16:47:21,16:54:01,COMPLETED,32221.0,6663.7,2290.84,2690.34
1217,easy,11,16:12:56,16:53:42,16:54:01,COMPLETED,28467.0,323.5,2446.32,2465.34
1226,easy,11,16:13:19,16:54:07,16:54:20,COMPLETED,24381.0,216.5,2448.77,2461.47
1282,easy,12,16:09:19,16:47:34,16:54:58,COMPLETED,40761.0,7402.6,2295.57,2739.42
1347,easy,12,16:12:40,16:52:58,16:55:04,COMPLETED,28327.0,2119.3,2418.00,2544.83
1096,medium,14,15:23:11,15:44:02,16:55:49,COMPLETED,24747.0,71791.5,1251.28,5558.54
1342,easy,12,16:14:55,16:55:56,16:56:09,COMPLETED,26738.0,224.3,2461.08,2474.03
1312,medium,14,16:07:55,16:43:14,16:56:35,COMPLETED,30055.0,13357.3,2119.04,2920.25
1313,easy,12,16:15:00,16:56:15,16:57:00,COMPLETED,27349.0,764.7,2475.58,2520.95
1331,easy,11,16:16:07,16:57:07,16:57:27,COMPLETED,25406.0,335.8,2460.52,2480.18
1057,medium,14,15:53:46,16:32:06,16:57:40,COMPLETED,33907.0,25573.3,2300.36,3834.39
1232,easy,12,16:13:05,16:54:01,16:57:53,COMPLETED,29446.0,3873.7,2456.34,2688.45
1233,easy,11,16:16:44,16:57:59,16:58:19,COMPLETED,21114.0,328.9,2475.83,2495.20
1158,hard,15,15:19:08,15:34:36,16:58:50,COMPLETED,33444.0,84250.2,928.01,5982.89
1295,easy,11,16:17:42,16:58:57,16:59:22,COMPLETED,24597.0,426.6,2475.22,2500.51
1201,medium,14,16:10:08,16:51:03,16:59:28,COMPLETED,28037.0,8423.8,2455.70,2960.84
1315,easy,11,16:18:13,16:59:35,16:59:47,COMPLETED,23466.0,217.5,2482.22,2494.97
1311,easy,12,16:17:57,16:59:28,17:00:00,COMPLETED,27592.0,535.4,2491.84,2523.66
1321,easy,11,16:19:24,17:00:06,17:00:25,COMPLETED,32030.0,321.8,2442.99,2461.99
1275,medium,14,16:09:23,16:49:47,17:02:07,COMPLETED,30129.0,12337.4,2424.43,3164.41
25,hard,15,08:57:22,08:57:24,17:02:26,COMPLETED,27930.0,485030.1,2.66,29104.45
1328,hard,15,16:03:17,16:39:20,17:02:32,COMPLETED,28262.0,23210.5,2163.42,3555.81
1134,hard,15,15:18:22,15:32:00,17:02:51,COMPLETED,38909.0,90855.4,818.66,6269.86
1299,medium,14,16:13:09,16:54:01,17:03:49,COMPLETED,35729.0,9814.6,2452.34,3040.87
1326,medium,14,16:16:33,16:57:47,17:04:28,COMPLETED,31362.0,6701.5,2474.03,2875.71
1284,easy,12,16:21:33,17:02:32,17:04:28,COMPLETED,29572.0,1939.2,2459.81,2575.71
1135,medium,14,15:59:01,16:37:32,17:04:41,COMPLETED,33618.0,27164.5,2311.01,3940.58
1144,medium,14,15:45:55,16:24:24,17:05:14,COMPLETED,32452.0,40830.0,2309.56,4759.08
1261,easy,11,16:23:10,17:04:35,17:05:33,COMPLETED,28040.0,982.4,2485.19,2543.76
1153,medium,14,15:42:02,16:20:00,17:05:53,COMPLETED,30734.0,45879.9,2278.80,5031.33
1310,medium,13,16:14:14,16:55:04,17:06:51,COMPLETED,30319.0,11777.9,2450.83,3157.09
1224,medium,13,16:22:03,17:03:56,17:06:57,COMPLETED,23339.0,3030.0,2513.41,2694.66
1267,hard,15,16:20:59,17:02:13,17:07:04,COMPLETED,32167.0,4851.2,2474.77,2765.30
1207,medium,13,16:21:41,17:02:39,17:07:10,COMPLETED,21825.0,4538.7,2458.19,2729.95
1244,easy,12,16:27:00,17:05:59,17:07:50,COMPLETED,31678.0,1841.2,2339.88,2450.06
1330,easy,12,16:26:57,17:05:40,17:08:03,COMPLETED,36315.0,2388.3,2323.19,2466.03
1248,easy,11,16:29:43,17:08:09,17:08:28,COMPLETED,30670.0,325.7,2306.57,2325.61
1266,easy,11,16:30:43,17:08:35,17:08:41,COMPLETED,25631.0,118.4,2272.16,2278.76
1294,easy,11,16:31:23,17:08:48,17:09:01,COMPLETED,27719.0,226.6,2245.30,2258.41
1289,easy,12,16:31:44,17:09:07,17:10:17,COMPLETED,26413.0,1171.4,2243.94,2313.92
1086,medium,14,15:09:23,15:16:18,17:10:30,COMPLETED,29153.0,114200.4,415.71,7267.63
1344,easy,11,16:32:26,17:10:36,17:10:49,COMPLETED,20130.0,218.8,2290.95,2303.73
1341,easy,11,16:33:12,17:10:56,17:11:02,COMPLETED,30238.0,112.9,2264.11,2270.52
1251,medium,14,16:07:14,16:41:49,17:11:28,COMPLETED,32020.0,29644.5,2075.61,3854.10
1216,medium,13,16:27:07,17:07:10,17:11:34,COMPLETED,35848.0,4396.6,2403.95,2667.43
1138,hard,15,15:33:16,16:08:40,17:11:47,COMPLETED,38642.0,63122.1,2124.04,5911.24
1296,easy,11,16:35:14,17:11:53,17:12:12,COMPLETED,32158.0,321.4,2199.57,2218.54
1300,easy,12,16:34:18,17:11:34,17:12:37,COMPLETED,29919.0,1063.6,2236.43,2299.88
1272,easy,11,16:35:31,17:12:18,17:12:44,COMPLETED,25172.0,429.6,2207.87,2233.29
530,hard,15,11:11:06,11:11:11,17:13:15,COMPLETED,35315.0,362083.1,5.05,21730.00
1324,easy,12,16:35:34,17:12:44,17:13:28,COMPLETED,30297.0,744.7,2230.29,2274.68
1337,medium,13,16:35:59,17:12:50,17:13:35,COMPLETED,31704.0,744.5,2211.68,2256.01
1319,easy,11,16:36:25,17:13:35,17:13:41,COMPLETED,18922.0,112.2,2230.01,2236.39
1250,easy,11,16:36:51,17:13:41,17:14:00,COMPLETED,25139.0,322.9,2210.39,2229.47
1305,easy,12,16:36:16,17:13:22,17:14:06,COMPLETED,30611.0,747.1,2226.32,2270.80
1279,medium,14,16:12:26,16:52:51,17:14:32,COMPLETED,30575.0,21679.3,2425.58,3726.17
1240,easy,12,16:38:15,17:14:13,17:14:45,COMPLETED,25801.0,539.7,2158.18,2190.13
1306,easy,12,16:31:47,17:10:24,17:15:16,COMPLETED,36695.0,4883.3,2317.25,2609.98
1235,easy,11,16:39:27,17:15:23,17:15:36,COMPLETED,22556.0,223.1,2156.31,2169.20
1253,easy,12,16:39:22,17:14:51,17:15:49,COMPLETED,28554.0,963.3,2129.59,2187.09
1228,easy,11,16:39:37,17:15:42,17:16:08,COMPLETED,22623.0,435.1,2165.73,2191.53
1318,medium,13,16:23:31,17:04:35,17:17:00,COMPLETED,34987.0,12422.0,2464.19,3209.24
1345,hard,15,16:14:07,16:54:26,17:17:13,COMPLETED,31938.0,22777.1,2419.80,3786.20
1308,easy,12,16:41:38,17:17:06,17:17:19,COMPLETED,25937.0,220.5,2128.66,2141.55
1317,easy,11,16:41:47,17:17:19,17:17:25,COMPLETED,27420.0,112.0,2132.55,2138.93
1246,easy,11,16:42:04,17:17:32,17:17:45,COMPLETED,30408.0,224.6,2128.30,2141.44
1072,hard,15,15:25:31,15:50:12,17:18:04,COMPLETED,31803.0,87877.2,1481.48,6753.91
1298,easy,11,16:42:21,17:18:11,17:18:24,COMPLETED,30933.0,225.0,2150.47,2163.48
1211,medium,13,16:43:21,17:18:31,17:19:09,COMPLETED,25429.0,657.8,2110.01,2148.98
1346,medium,13,16:43:41,17:19:16,17:20:14,COMPLETED,26621.0,971.7,2135.52,2193.31
1307,medium,13,16:41:35,17:16:14,17:20:27,COMPLETED,36813.0,4214.9,2079.88,2332.47
1212,medium,14,16:16:08,16:57:33,17:20:52,COMPLETED,32612.0,23324.6,2485.71,3884.94
1334,easy,12,16:44:20,17:20:33,17:20:52,COMPLETED,26885.0,324.8,2173.82,2192.94
1338,easy,12,16:44:39,17:20:59,17:21:24,COMPLETED,28487.0,426.4,2180.34,2205.65
1293,medium,13,16:37:28,17:13:47,17:21:30,COMPLETED,31111.0,7725.3,2179.78,2642.99
1349,easy,11,16:45:07,17:21:30,17:22:02,COMPLETED,28351.0,536.1,2183.99,2215.84
1265,medium,13,16:38:31,17:14:38,17:22:53,COMPLETED,31748.0,8253.1,2167.50,2662.42
1247,medium,13,16:10:30,16:51:41,17:23:12,COMPLETED,44847.0,31516.0,2471.65,4362.43
1063,hard,15,15:55:02,16:34:03,17:25:25,COMPLETED,30503.0,51373.1,2341.04,5423.29
1215,easy,11,16:47:32,17:25:31,17:25:51,COMPLETED,29450.0,332.3,2279.61,2299.05
1283,medium,14,16:33:18,17:11:08,17:26:42,COMPLETED,25520.0,15573.0,2270.91,3204.86
1276,medium,13,16:48:02,17:25:57,17:27:02,COMPLETED,31081.0,1087.2,2275.60,2340.34
1329,easy,11,16:48:36,17:26:49,17:27:02,COMPLETED,21006.0,224.3,2293.42,2306.34
1309,easy,11,16:48:42,17:27:08,17:27:22,COMPLETED,29924.0,225.2,2306.90,2320.12
1273,medium,13,16:49:25,17:27:28,17:28:39,COMPLETED,28588.0,1197.0,2283.45,2354.77
1214,easy,12,16:48:42,17:27:08,17:29:57,COMPLETED,27799.0,2821.0,2306.90,2475.78
1336,easy,11,16:49:44,17:30:04,17:30:16,COMPLETED,18541.0,219.6,2420.32,2432.99
1220,easy,12,16:50:25,17:30:23,17:32:25,COMPLETED,33929.0,2031.9,2398.53,2520.15
1287,hard,15,16:43:53,17:20:20,17:32:44,COMPLETED,33865.0,12393.0,2187.87,2931.17
1245,easy,11,16:50:41,17:32:50,17:32:56,COMPLETED,24215.0,111.1,2529.51,2535.88
1242,easy,11,16:50:47,17:33:03,17:33:15,COMPLETED,26801.0,219.1,2536.21,2548.99
1291,medium,14,16:39:38,17:15:55,17:36:44,COMPLETED,29432.0,20832.5,2177.42,3426.94
508,medium,14,11:00:05,11:00:09,17:37:30,COMPLETED,32198.0,397347.1,4.85,23845.63
1139,hard,15,15:58:18,16:37:12,17:37:30,COMPLETED,33100.0,60299.9,2334.90,5952.63
1278,easy,11,16:52:02,17:37:37,17:37:56,COMPLETED,26711.0,336.1,2735.21,2754.89
1257,easy,12,16:52:08,17:37:37,17:37:56,COMPLETED,26540.0,335.1,2729.21,2748.89
1255,easy,11,16:53:21,17:38:03,17:38:22,COMPLETED,34416.0,330.7,2682.51,2701.88
1264,easy,11,16:53:37,17:38:29,17:38:55,COMPLETED,28808.0,439.4,2692.41,2718.25
1270,medium,14,16:50:31,17:32:31,17:40:12,COMPLETED,30803.0,7697.9,2520.48,2981.88
1254,easy,12,16:54:03,17:40:19,17:40:52,COMPLETED,29081.0,552.5,2776.43,2809.09
1288,hard,15,16:38:06,17:14:06,17:42:48,COMPLETED,35064.0,28697.2,2160.80,3882.39
1316,medium,14,16:52:01,17:36:51,17:44:23,COMPLETED,24034.0,7536.4,2690.49,3142.40
1249,medium,14,16:21:45,17:02:58,17:44:36,COMPLETED,33143.0,41635.8,2473.21,4971.09
1106,hard,15,15:45:53,16:24:11,17:44:42,COMPLETED,35089.0,80514.2,2298.86,7129.51
1290,medium,13,16:53:36,17:38:03,17:45:01,COMPLETED,30458.0,6973.3,2667.51,3085.73
1262,easy,12,16:54:45,17:44:29,17:45:14,COMPLETED,28576.0,749.6,2984.73,3029.41
267,hard,15,09:55:31,09:55:33,17:45:52,COMPLETED,31935.0,470323.3,2.07,28221.45
1202,easy,12,16:53:44,17:39:01,17:45:58,COMPLETED,37255.0,6954.8,2717.81,3134.78
1263,easy,12,16:56:04,17:45:20,17:45:58,COMPLETED,28035.0,640.0,2956.74,2994.78
1252,medium,13,16:55:30,17:44:48,17:46:05,COMPLETED,32045.0,1276.9,2958.90,3035.17
1277,medium,14,16:27:01,17:06:57,17:46:43,COMPLETED,29708.0,39763.2,2396.66,4782.25
1206,medium,14,16:45:26,17:21:37,17:47:02,COMPLETED,33963.0,25418.6,2171.36,3696.24
1119,hard,15,15:25:43,15:50:18,17:47:14,COMPLETED,26642.0,116936.3,1475.86,8491.93
1281,easy,12,16:56:17,17:46:05,17:47:14,COMPLETED,26602.0,1168.0,2988.17,3057.93
1223,medium,14,16:51:26,17:33:22,17:47:27,COMPLETED,33006.0,14093.0,2516.38,3361.68
1231,easy,11,16:59:20,17:47:08,17:47:27,COMPLETED,25548.0,324.1,2868.57,2887.68
1259,medium,13,16:57:29,17:46:11,17:47:40,COMPLETED,22846.0,1485.7,2922.56,3011.42
1271,medium,13,16:29:40,17:07:56,17:47:59,COMPLETED,40082.0,40058.1,2296.40,4699.54
1239,easy,12,16:59:57,17:47:34,17:48:38,COMPLETED,30377.0,1075.7,2857.05,2921.12
1236,easy,12,16:56:18,17:46:05,17:50:38,COMPLETED,30500.0,4561.9,2987.17,3260.65
592,hard,15,11:03:51,11:03:54,17:52:59,COMPLETED,29246.0,409077.6,3.78,24548.39
1333,medium,14,16:54:13,17:42:54,17:57:36,COMPLETED,31700.0,14704.4,2921.72,3803.72
1200,medium,14,16:10:38,16:51:41,17:57:55,COMPLETED,38362.0,66234.1,2463.65,6437.59
1340,medium,14,16:04:34,16:40:38,17:58:26,COMPLETED,35420.0,77814.6,2164.19,6832.98
1046,hard,15,14:09:54,14:09:58,17:58:33,COMPLETED,29909.0,228574.4,4.87,13719.27
1332,medium,14,16:45:41,17:22:09,17:58:45,COMPLETED,31768.0,36614.2,2188.18,4384.83
173,hard,15,09:01:54,09:01:56,18:00:00,UNFINISHED,-1,-1,-1
335,hard,15,10:34:13,10:34:16,18:00:00,UNFINISHED,-1,-1,-1
561,medium,14,11:05:30,11:05:34,18:00:00,UNFINISHED,-1,-1,-1
493,hard,15,11:31:19,11:31:24,18:00:00,UNFINISHED,-1,-1,-1
498,hard,15,11:45:53,11:45:54,18:00:00,UNFINISHED,-1,-1,-1
578,hard,15,11:59:55,11:59:57,18:00:00,UNFINISHED,-1,-1,-1
638,hard,15,12:43:44,12:45:08,18:00:00,UNFINISHED,-1,-1,-1
654,hard,15,12:58:11,13:01:08,18:00:00,UNFINISHED,-1,-1,-1
784,hard,15,13:13:12,13:17:20,18:00:00,UNFINISHED,-1,-1,-1
870,hard,15,13:28:06,13:31:59,18:00:00,UNFINISHED,-1,-1,-1
955,hard,15,14:08:19,14:08:24,18:00:00,UNFINISHED,-1,-1,-1
935,hard,15,14:09:47,14:09:52,18:00:00,UNFINISHED,-1,-1,-1
979,hard,15,14:11:21,14:12:08,18:00:00,UNFINISHED,-1,-1,-1
906,hard,15,14:33:17,14:35:11,18:00:00,UNFINISHED,-1,-1,-1
943,hard,15,14:45:48,14:46:26,18:00:00,UNFINISHED,-1,-1,-1
1073,medium,14,15:06:36,15:11:23,18:00:00,UNFINISHED,-1,-1,-1
1199,hard,15,15:10:31,15:17:15,18:00:00,UNFINISHED,-1,-1,-1
1097,hard,15,15:15:28,15:25:00,18:00:00,UNFINISHED,-1,-1,-1
1107,hard,15,15:17:27,15:26:48,18:00:00,UNFINISHED,-1,-1,-1
1058,hard,15,15:33:20,16:08:52,18:00:00,UNFINISHED,-1,-1,-1
1136,hard,15,15:34:05,16:12:06,18:00:00,UNFINISHED,-1,-1,-1
1080,hard,15,15:40:02,16:16:59,18:00:00,UNFINISHED,-1,-1,-1
1327,hard,15,16:03:49,16:40:18,18:00:00,UNFINISHED,-1,-1,-1
1210,hard,15,16:05:08,16:40:38,18:00:00,UNFINISHED,-1,-1,-1
1225,hard,15,16:07:36,16:42:41,18:00:00,UNFINISHED,-1,-1,-1
1221,hard,15,16:08:37,16:44:05,18:00:00,UNFINISHED,-1,-1,-1
1320,medium,14,16:08:52,16:46:43,18:00:00,UNFINISHED,-1,-1,-1
1260,hard,15,16:11:18,16:52:19,18:00:00,UNFINISHED,-1,-1,-1
1208,hard,15,16:12:24,16:52:51,18:00:00,UNFINISHED,-1,-1,-1
1304,hard,15,16:13:20,16:54:07,18:00:00,UNFINISHED,-1,-1,-1
1274,medium,14,16:14:42,16:55:11,18:00:00,UNFINISHED,-1,-1,-1
1314,hard,15,16:15:41,16:56:41,18:00:00,UNFINISHED,-1,-1,-1
1339,hard,15,16:17:34,16:58:25,18:00:00,UNFINISHED,-1,-1,-1
1348,hard,15,16:18:59,16:59:54,18:00:00,UNFINISHED,-1,-1,-1
1256,hard,15,16:19:52,17:00:32,18:00:00,UNFINISHED,-1,-1,-1
1218,hard,15,16:24:40,17:04:48,18:00:00,UNFINISHED,-1,-1,-1
1335,hard,15,16:26:41,17:05:20,18:00:00,UNFINISHED,-1,-1,-1
1292,hard,15,16:27:03,17:07:04,18:00:00,UNFINISHED,-1,-1,-1
1204,hard,15,16:27:50,17:07:17,18:00:00,UNFINISHED,-1,-1,-1
1301,hard,15,16:34:39,17:11:40,18:00:00,UNFINISHED,-1,-1,-1
1234,hard,15,16:41:48,17:17:25,18:00:00,UNFINISHED,-1,-1,-1
1230,hard,15,16:42:10,17:17:51,18:00:00,UNFINISHED,-1,-1,-1
1258,hard,15,16:44:32,17:20:59,18:00:00,UNFINISHED,-1,-1,-1
1243,hard,15,16:46:09,17:22:59,18:00:00,UNFINISHED,-1,-1,-1
1268,hard,15,16:46:09,17:23:18,18:00:00,UNFINISHED,-1,-1,-1
1209,hard,15,16:49:39,17:28:46,18:00:00,UNFINISHED,-1,-1,-1
1222,medium,14,16:54:08,17:40:58,18:00:00,UNFINISHED,-1,-1,-1
1227,medium,14,16:55:21,17:44:42,18:00:00,UNFINISHED,-1,-1,-1
1322,hard,15,16:55:50,17:45:08,18:00:00,UNFINISHED,-1,-1,-1
1302,hard,15,16:56:13,17:45:58,18:00:00,UNFINISHED,-1,-1,-1
1269,hard,15,16:58:41,17:46:49,18:00:00,UNFINISHED,-1,-1,-1
1280,medium,14,16:59:34,17:47:21,18:00:00,UNFINISHED,-1,-1,-1
1203,medium,14,16:59:52,17:47:21,18:00:00,UNFINISHED,-1,-1,-1
