task_id,difficulty,n,arrival_sim,start_sim,end_sim,status,cost,real_duration_sec,waiting_time_mili_sec,time_in_system_mili_sec
33,easy,11,08:00:03,08:00:06,08:00:55,COMPLETED,28820.0,817.8,3.12,52.17
9,medium,14,08:01:09,08:01:13,08:03:02,COMPLETED,29483.0,1818.5,4.38,113.47
56,easy,11,08:03:13,08:03:14,08:04:03,COMPLETED,29378.0,809.0,1.57,50.07
3,medium,13,08:01:47,08:01:49,08:04:21,COMPLETED,25328.0,2525.6,2.78,154.29
74,easy,11,08:04:11,08:04:15,08:04:33,COMPLETED,22936.0,304.1,4.20,22.41
94,easy,11,08:05:00,08:05:03,08:05:16,COMPLETED,24954.0,205.5,3.79,16.03
17,easy,11,08:05:02,08:05:03,08:05:28,COMPLETED,26446.0,408.2,1.79,26.24
36,easy,11,08:05:14,08:05:16,08:05:34,COMPLETED,25147.0,307.2,2.03,20.37
137,easy,11,08:05:27,08:05:28,08:05:40,COMPLETED,24829.0,205.2,1.24,13.49
5,easy,11,08:05:33,08:05:34,08:05:46,COMPLETED,27715.0,204.5,1.37,13.58
103,easy,12,08:05:52,08:05:52,08:06:35,COMPLETED,28966.0,711.6,0.66,43.26
119,easy,11,08:05:53,08:05:58,08:06:41,COMPLETED,23451.0,711.2,5.77,48.39
38,medium,13,08:06:31,08:06:35,08:07:36,COMPLETED,31300.0,1014.2,4.26,65.00
42,medium,14,08:00:31,08:00:37,08:07:48,COMPLETED,31992.0,7186.4,6.04,437.21
8,easy,11,08:07:54,08:07:54,08:08:06,COMPLETED,25973.0,204.6,0.29,12.55
169,medium,14,08:05:03,08:05:03,08:10:08,COMPLETED,38446.0,5070.5,0.79,305.04
57,easy,12,08:09:09,08:09:13,08:10:14,COMPLETED,33188.0,1015.3,4.29,65.14
113,easy,12,08:10:28,08:10:32,08:11:08,COMPLETED,34067.0,611.8,4.36,41.00
107,easy,11,08:11:09,08:11:15,08:11:21,COMPLETED,30277.0,103.6,6.10,12.23
156,easy,12,08:09:40,08:09:43,08:11:33,COMPLETED,27101.0,1830.7,3.70,113.49
127,easy,12,08:10:46,08:10:50,08:11:33,COMPLETED,28539.0,715.6,4.62,47.49
134,easy,12,08:12:01,08:12:03,08:12:09,COMPLETED,26259.0,103.4,2.88,8.99
135,easy,12,08:10:51,08:10:56,08:12:16,COMPLETED,25561.0,1324.0,5.76,85.10
111,hard,15,08:04:44,08:04:45,08:12:46,COMPLETED,32069.0,8017.7,1.55,482.57
105,medium,13,08:12:10,08:12:16,08:12:58,COMPLETED,34134.0,712.2,6.10,48.78
64,medium,13,08:07:51,08:07:54,08:13:41,COMPLETED,25102.0,5790.6,3.29,350.67
60,easy,11,08:12:24,08:12:28,08:13:41,COMPLETED,33296.0,1224.0,4.31,77.67
123,medium,13,08:12:48,08:12:52,08:14:12,COMPLETED,26758.0,1331.3,4.66,84.49
154,easy,12,08:13:24,08:13:29,08:14:12,COMPLETED,33566.0,720.1,5.35,48.49
22,easy,12,08:13:57,08:14:00,08:14:30,COMPLETED,21824.0,514.1,3.14,33.76
143,easy,12,08:13:49,08:13:53,08:14:37,COMPLETED,25031.0,723.7,4.89,48.05
79,hard,15,08:02:47,08:02:50,08:14:55,COMPLETED,29343.0,12092.2,3.34,728.84
66,easy,12,08:14:39,08:14:43,08:14:55,COMPLETED,29405.0,209.7,4.39,16.84
40,medium,13,08:13:21,08:13:23,08:15:50,COMPLETED,25607.0,2461.6,2.23,149.88
91,easy,12,08:15:12,08:15:14,08:15:56,COMPLETED,27214.0,715.4,2.16,44.98
37,medium,14,08:01:05,08:01:07,08:16:03,COMPLETED,30738.0,14932.1,2.25,898.12
46,easy,11,08:15:58,08:16:03,08:16:27,COMPLETED,22447.0,410.1,5.12,29.66
165,easy,12,08:15:21,08:15:26,08:16:39,COMPLETED,30603.0,1225.0,5.44,78.88
132,medium,14,08:15:55,08:15:56,08:17:40,COMPLETED,28106.0,1731.3,1.98,105.80
32,easy,12,08:17:52,08:17:53,08:18:11,COMPLETED,23662.0,308.6,1.03,19.41
85,easy,12,08:17:55,08:17:59,08:18:11,COMPLETED,30213.0,206.7,4.17,16.41
10,medium,14,08:17:13,08:17:16,08:20:07,COMPLETED,30940.0,2856.2,3.40,174.69
34,medium,13,08:16:21,08:16:21,08:20:32,COMPLETED,36742.0,4179.1,0.49,251.21
67,medium,14,08:14:48,08:14:49,08:21:15,COMPLETED,33411.0,6429.3,1.62,387.29
54,easy,11,08:21:18,08:21:21,08:21:33,COMPLETED,29502.0,207.6,3.50,15.86
0,easy,11,08:21:21,08:21:21,08:21:39,COMPLETED,25779.0,310.2,0.50,18.99
43,medium,14,08:19:54,08:19:55,08:22:54,COMPLETED,28960.0,2982.8,1.40,180.23
28,easy,12,08:22:21,08:22:23,08:23:00,COMPLETED,32383.0,623.9,2.07,39.42
152,hard,15,08:04:54,08:04:57,08:23:49,COMPLETED,37384.0,18866.9,3.69,1135.68
90,medium,14,08:27:08,08:27:11,08:28:00,COMPLETED,29461.0,821.6,3.87,52.98
136,easy,11,08:27:35,08:27:36,08:28:19,COMPLETED,31952.0,721.8,1.40,44.51
114,medium,13,08:28:23,08:28:25,08:29:02,COMPLETED,23709.0,620.4,2.75,39.82
100,easy,12,08:28:19,08:28:19,08:29:09,COMPLETED,22297.0,827.1,0.51,50.02
25,easy,12,08:28:44,08:28:44,08:29:27,COMPLETED,23245.0,723.5,0.27,43.55
49,easy,11,08:29:32,08:29:33,08:29:46,COMPLETED,33025.0,209.6,1.71,14.08
16,easy,12,08:29:43,08:29:46,08:29:58,COMPLETED,27146.0,209.0,3.08,15.47
148,medium,13,08:28:14,08:28:19,08:30:29,COMPLETED,26927.0,2166.1,5.51,135.33
89,easy,11,08:30:23,08:30:23,08:30:35,COMPLETED,34223.0,209.0,0.11,12.53
164,easy,12,08:31:04,08:31:06,08:31:55,COMPLETED,25725.0,824.2,2.21,51.53
6,easy,11,08:31:29,08:31:30,08:32:01,COMPLETED,31312.0,515.2,1.91,32.69
75,medium,13,08:28:34,08:28:38,08:32:26,COMPLETED,35578.0,3809.3,4.08,232.47
145,medium,14,08:15:18,08:15:20,08:33:28,COMPLETED,35781.0,18131.3,2.29,1090.08
99,easy,12,08:34:31,08:34:36,08:34:55,COMPLETED,23356.0,315.4,5.27,24.05
110,easy,12,08:34:43,08:34:48,08:35:26,COMPLETED,32296.0,624.3,5.81,43.10
150,medium,13,08:33:21,08:33:21,08:35:51,COMPLETED,28516.0,2492.3,0.89,150.26
128,easy,12,08:35:44,08:35:45,08:36:28,COMPLETED,31361.0,734.3,1.01,44.66
149,easy,12,08:36:06,08:36:09,08:36:35,COMPLETED,26965.0,423.7,3.91,29.17
12,easy,11,08:36:41,08:36:41,08:36:47,COMPLETED,24315.0,111.5,0.36,6.61
116,easy,12,08:36:00,08:36:03,08:36:54,COMPLETED,27055.0,843.9,3.67,54.10
159,easy,11,08:36:45,08:36:47,08:36:54,COMPLETED,25536.0,111.9,2.61,9.10
2,medium,14,08:32:11,08:32:13,08:37:00,COMPLETED,31006.0,4774.4,2.99,289.35
51,easy,12,08:36:23,08:36:28,08:37:00,COMPLETED,29018.0,530.9,5.66,37.35
1,easy,12,08:36:48,08:36:54,08:37:12,COMPLETED,30182.0,314.2,6.10,24.74
73,medium,14,08:33:36,08:33:40,08:37:31,COMPLETED,30594.0,3850.3,4.50,235.37
68,medium,13,08:38:10,08:38:14,08:38:33,COMPLETED,27820.0,314.0,4.92,23.58
87,easy,12,08:35:40,08:35:45,08:38:39,COMPLETED,25686.0,2916.1,5.01,179.79
52,medium,14,08:32:22,08:32:26,08:39:16,COMPLETED,28889.0,6844.1,4.47,414.99
102,medium,14,08:35:18,08:35:19,08:39:29,COMPLETED,30410.0,4160.7,1.89,251.35
117,easy,11,08:39:52,08:39:54,08:40:00,COMPLETED,20110.0,107.9,2.19,8.44
158,easy,11,08:39:55,08:40:00,08:40:06,COMPLETED,22309.0,107.2,5.44,11.70
167,medium,14,08:07:34,08:07:36,08:41:33,COMPLETED,28578.0,33962.4,2.00,2039.71
124,easy,11,08:41:17,08:41:21,08:41:33,COMPLETED,30422.0,211.9,4.24,16.71
59,easy,11,08:42:09,08:42:11,08:42:17,COMPLETED,27844.0,108.6,2.03,8.30
20,easy,12,08:42:29,08:42:29,08:42:48,COMPLETED,25828.0,318.3,0.78,19.60
92,easy,12,08:42:38,08:42:42,08:43:01,COMPLETED,25673.0,318.3,4.31,23.13
101,easy,11,08:42:57,08:43:01,08:43:38,COMPLETED,28024.0,629.1,4.13,41.65
97,easy,11,08:43:19,08:43:19,08:43:38,COMPLETED,26403.0,315.0,0.99,19.65
88,medium,13,08:40:23,08:40:25,08:44:09,COMPLETED,35392.0,3748.8,2.24,226.97
155,medium,14,08:35:35,08:35:38,08:44:34,COMPLETED,30686.0,8941.5,3.69,539.96
35,easy,12,08:43:44,08:43:44,08:44:47,COMPLETED,31418.0,1047.4,0.91,63.53
53,easy,12,08:44:53,08:44:53,08:45:12,COMPLETED,33257.0,317.4,0.81,19.65
98,medium,13,08:42:46,08:42:48,08:45:25,COMPLETED,26823.0,2611.2,2.60,159.09
131,easy,12,08:44:07,08:44:09,08:46:08,COMPLETED,35505.0,1987.6,2.97,121.93
23,easy,12,08:45:04,08:45:06,08:46:21,COMPLETED,23006.0,1259.5,2.27,77.64
7,medium,13,08:40:56,08:40:56,08:46:27,COMPLETED,29672.0,5530.1,0.35,331.88
65,easy,12,08:44:22,08:44:22,08:46:34,COMPLETED,25283.0,2200.9,0.50,132.24
13,easy,12,08:43:37,08:43:38,08:46:53,COMPLETED,30420.0,3254.3,1.65,196.50
133,easy,11,08:46:40,08:46:40,08:47:06,COMPLETED,28121.0,431.0,0.60,26.23
109,easy,12,08:46:48,08:46:53,08:47:12,COMPLETED,22236.0,321.8,5.50,24.52
24,hard,15,08:00:28,08:00:30,08:47:18,COMPLETED,32368.0,46799.2,2.91,2810.86
81,medium,13,08:35:29,08:35:32,08:47:37,COMPLETED,39750.0,12091.1,3.30,728.43
146,easy,12,08:47:37,08:47:37,08:47:50,COMPLETED,29887.0,217.7,0.43,13.21
80,easy,11,08:47:59,08:48:02,08:48:09,COMPLETED,25601.0,113.3,3.83,10.22
18,medium,14,08:22:44,08:22:47,08:48:15,COMPLETED,39873.0,25464.7,3.93,1531.69
39,medium,14,08:27:57,08:28:00,08:49:18,COMPLETED,33308.0,21291.2,3.98,1281.35
21,medium,14,08:28:04,08:28:07,08:49:18,COMPLETED,41122.0,21187.8,3.20,1274.35
14,medium,14,08:11:22,08:11:27,08:49:24,COMPLETED,39798.0,37954.6,5.34,2282.60
82,easy,11,08:50:17,08:50:20,08:50:33,COMPLETED,31011.0,211.6,3.55,16.05
140,easy,12,08:49:58,08:50:01,08:50:57,COMPLETED,22769.0,937.9,3.86,59.91
139,hard,15,08:14:25,08:14:30,08:51:16,COMPLETED,28503.0,36763.7,5.76,2211.56
41,medium,13,08:48:50,08:48:53,08:51:35,COMPLETED,36627.0,2698.6,3.43,165.17
62,hard,15,08:18:11,08:18:11,08:51:59,COMPLETED,29655.0,33810.3,0.41,2028.98
95,easy,11,08:52:20,08:52:24,08:52:31,COMPLETED,27644.0,108.7,4.80,11.14
86,easy,12,08:52:10,08:52:12,08:52:49,COMPLETED,28832.0,626.9,2.37,39.80
15,easy,11,08:52:40,08:52:43,08:52:49,COMPLETED,26874.0,107.4,3.55,9.80
122,medium,14,08:49:07,08:49:12,08:54:10,COMPLETED,34555.0,4978.3,5.11,303.52
11,easy,11,08:54:19,08:54:23,08:54:29,COMPLETED,24741.0,112.5,4.22,10.64
168,medium,14,08:46:41,08:46:47,08:54:48,COMPLETED,31112.0,8030.4,6.07,487.67
147,medium,13,08:53:29,08:53:33,08:55:32,COMPLETED,27262.0,2000.6,4.17,123.91
163,easy,11,08:55:52,08:55:58,08:56:30,COMPLETED,30424.0,537.2,6.19,38.10
44,easy,12,08:55:42,08:55:45,08:57:07,COMPLETED,28795.0,1376.5,3.61,85.88
27,easy,12,08:56:01,08:56:04,08:57:14,COMPLETED,30355.0,1165.6,3.63,73.26
55,easy,12,08:56:34,08:56:36,08:57:14,COMPLETED,23127.0,635.6,2.48,40.26
130,medium,14,08:37:07,08:37:12,08:57:20,COMPLETED,28323.0,20134.7,5.74,1213.65
45,medium,13,08:55:13,08:55:13,08:57:26,COMPLETED,26353.0,2221.8,0.87,133.95
106,easy,11,08:57:16,08:57:20,08:57:26,COMPLETED,20013.0,108.5,4.65,10.95
69,medium,14,08:39:45,08:39:47,08:57:52,COMPLETED,35222.0,18075.8,2.97,1087.21
160,medium,14,08:22:30,08:22:35,08:58:17,COMPLETED,33256.0,35703.3,5.45,2147.57
83,hard,15,08:39:26,08:39:29,08:59:01,COMPLETED,34877.0,19543.3,3.35,1175.78
26,easy,11,08:58:56,08:59:01,08:59:08,COMPLETED,25835.0,110.1,5.78,12.07
72,easy,12,08:57:16,08:57:20,08:59:33,COMPLETED,27333.0,2216.5,4.65,137.36
281,easy,11,09:00:09,09:00:11,09:00:23,COMPLETED,26605.0,216.0,2.01,14.75
151,hard,15,08:31:13,08:31:18,09:00:42,COMPLETED,33213.0,29399.3,5.55,1769.39
275,easy,12,09:00:56,09:01:01,09:01:07,COMPLETED,28136.0,107.3,5.05,11.30
260,easy,12,09:01:57,09:01:57,09:02:03,COMPLETED,28319.0,107.7,0.23,6.49
215,easy,12,09:01:16,09:01:19,09:02:09,COMPLETED,29390.0,836.9,3.70,53.72
120,medium,14,08:50:17,08:50:20,09:02:15,COMPLETED,33079.0,11925.9,3.55,718.95
202,easy,11,09:02:14,09:02:15,09:02:28,COMPLETED,28629.0,211.4,1.95,14.43
191,easy,12,09:00:41,09:00:42,09:02:53,COMPLETED,32075.0,2183.9,1.39,132.25
318,easy,11,09:03:17,09:03:18,09:03:24,COMPLETED,22839.0,109.0,1.06,7.33
125,hard,15,08:20:11,08:20:13,09:03:30,COMPLETED,31577.0,43281.0,2.83,2599.63
50,medium,14,08:53:43,08:53:45,09:04:14,COMPLETED,38777.0,10477.4,2.60,631.09
30,medium,14,08:18:16,08:18:17,09:04:26,COMPLETED,31202.0,46149.4,1.59,2770.52
96,medium,14,08:49:46,08:49:49,09:04:51,COMPLETED,25460.0,15034.2,3.42,905.34
58,hard,15,08:40:33,08:40:37,09:05:09,COMPLETED,35657.0,24539.3,4.72,1476.94
329,easy,12,09:04:03,09:04:07,09:05:16,COMPLETED,31397.0,1142.4,4.84,73.20
271,easy,11,09:05:19,09:05:22,09:05:35,COMPLETED,33323.0,219.3,3.42,16.17
157,hard,15,08:44:45,08:44:47,09:05:47,COMPLETED,34552.0,21007.9,2.53,1262.85
258,easy,11,09:05:34,09:05:35,09:05:47,COMPLETED,20239.0,216.6,1.17,13.85
126,medium,13,08:59:53,08:59:58,09:07:09,COMPLETED,31466.0,7191.1,5.50,436.59
176,easy,12,09:03:21,09:03:24,09:07:47,COMPLETED,38990.0,4391.4,3.33,266.56
276,easy,11,09:07:47,09:07:47,09:08:00,COMPLETED,30936.0,213.1,0.56,13.10
291,easy,11,09:07:22,09:07:22,09:08:06,COMPLETED,26158.0,738.9,0.25,44.41
296,medium,13,09:05:09,09:05:09,09:08:25,COMPLETED,27713.0,3262.0,0.94,196.28
327,easy,12,09:08:00,09:08:00,09:08:38,COMPLETED,22641.0,645.0,0.10,38.29
334,easy,11,09:08:25,09:08:25,09:08:38,COMPLETED,29240.0,225.9,0.28,13.29
303,easy,11,09:08:27,09:08:31,09:08:38,COMPLETED,23363.0,118.6,4.75,11.29
263,medium,13,09:07:04,09:07:09,09:08:51,COMPLETED,22213.0,1698.2,5.59,107.27
287,easy,12,09:08:37,09:08:38,09:08:51,COMPLETED,29321.0,219.1,1.29,14.27
112,hard,15,08:53:48,08:53:51,09:09:10,COMPLETED,32727.0,15307.3,3.86,922.08
187,easy,11,09:09:40,09:09:41,09:09:47,COMPLETED,32510.0,109.9,1.52,7.78
293,easy,12,09:09:18,09:09:22,09:10:00,COMPLETED,27483.0,634.2,4.76,42.48
330,easy,11,09:10:10,09:10:13,09:10:19,COMPLETED,30065.0,112.1,3.16,9.58
336,easy,11,09:10:27,09:10:32,09:10:44,COMPLETED,24903.0,217.5,5.25,18.00
193,easy,11,09:10:56,09:10:57,09:11:16,COMPLETED,26099.0,317.2,1.67,20.51
319,medium,14,09:08:31,09:08:31,09:11:35,COMPLETED,31762.0,3069.6,0.75,184.72
142,medium,14,08:57:26,08:57:26,09:12:00,COMPLETED,30273.0,14566.9,0.95,874.84
177,medium,13,09:09:02,09:09:03,09:12:31,COMPLETED,30075.0,3472.5,1.80,209.97
238,easy,11,09:12:58,09:13:03,09:13:34,COMPLETED,27797.0,525.1,5.30,36.54
255,medium,13,09:11:23,09:11:29,09:13:59,COMPLETED,36027.0,2512.1,6.15,156.65
108,medium,14,08:57:49,08:57:52,09:15:02,COMPLETED,35475.0,17170.2,3.21,1033.30
322,easy,11,09:14:47,09:14:49,09:15:02,COMPLETED,30176.0,214.2,2.70,15.30
310,easy,12,09:14:51,09:14:55,09:15:27,COMPLETED,25050.0,527.6,4.99,36.36
279,easy,11,09:15:15,09:15:21,09:15:39,COMPLETED,20580.0,318.4,6.05,24.93
286,easy,11,09:15:27,09:15:27,09:15:52,COMPLETED,32611.0,422.4,0.36,25.46
313,easy,11,09:16:10,09:16:11,09:16:23,COMPLETED,24536.0,212.7,1.19,13.72
174,medium,13,09:12:53,09:12:56,09:16:29,COMPLETED,31548.0,3554.0,3.94,216.98
184,medium,14,09:01:21,09:01:25,09:16:42,COMPLETED,36787.0,15278.3,4.97,921.51
307,hard,15,09:01:50,09:01:50,09:18:10,COMPLETED,28290.0,16325.7,0.95,980.35
256,easy,11,09:17:55,09:17:57,09:18:10,COMPLETED,24340.0,214.0,2.75,15.35
321,easy,12,09:17:53,09:17:57,09:18:22,COMPLETED,26709.0,423.1,4.75,29.90
181,medium,13,09:17:42,09:17:45,09:19:13,COMPLETED,33294.0,1468.7,3.24,91.04
240,easy,11,09:18:59,09:19:00,09:19:13,COMPLETED,28377.0,215.9,1.43,14.04
292,easy,12,09:17:57,09:17:57,09:19:25,COMPLETED,38297.0,1468.9,0.75,88.69
223,medium,13,09:19:07,09:19:13,09:20:09,COMPLETED,29675.0,945.0,6.04,62.52
144,hard,15,08:33:59,08:33:59,09:20:53,COMPLETED,28336.0,46905.1,0.15,2814.38
243,medium,14,09:10:32,09:10:32,09:21:12,COMPLETED,31887.0,10668.1,0.25,640.24
84,medium,14,08:40:20,08:40:25,09:22:08,COMPLETED,42499.0,41725.5,5.24,2508.62
179,easy,12,09:21:53,09:21:56,09:22:46,COMPLETED,28633.0,853.0,3.05,53.86
208,easy,11,09:22:32,09:22:33,09:22:46,COMPLETED,24975.0,223.6,1.86,14.86
339,easy,11,09:22:33,09:22:33,09:23:19,COMPLETED,31615.0,759.0,0.86,46.01
77,hard,15,08:16:16,08:16:21,09:23:31,COMPLETED,38167.0,67175.4,5.49,4035.96
218,medium,13,09:20:41,09:20:47,09:24:47,COMPLETED,25742.0,4021.6,6.01,246.99
262,medium,13,09:23:16,09:23:19,09:25:13,COMPLETED,25234.0,1908.0,3.01,117.25
268,medium,13,09:20:41,09:20:47,09:25:32,COMPLETED,37925.0,4754.5,6.01,291.12
269,medium,13,09:12:53,09:12:56,09:25:50,COMPLETED,28778.0,12901.4,3.94,777.91
288,easy,12,09:21:25,09:21:31,09:26:03,COMPLETED,39795.0,4544.4,6.01,278.42
249,easy,12,09:24:53,09:24:54,09:26:22,COMPLETED,27577.0,1468.7,1.40,89.24
70,hard,15,08:18:26,08:18:29,09:26:41,COMPLETED,28737.0,68187.3,3.86,4095.05
188,easy,12,09:26:59,09:26:59,09:27:06,COMPLETED,27937.0,109.4,0.82,7.11
266,easy,11,09:27:17,09:27:18,09:27:24,COMPLETED,21163.0,110.1,1.65,7.98
323,medium,13,09:26:01,09:26:03,09:27:37,COMPLETED,30696.0,1573.0,2.42,96.56
259,hard,15,09:08:34,09:08:38,09:28:08,COMPLETED,28528.0,19511.6,4.29,1174.85
253,easy,11,09:29:00,09:29:05,09:29:24,COMPLETED,23111.0,319.2,5.60,24.48
232,easy,12,09:27:50,09:27:50,09:29:43,COMPLETED,35660.0,1892.1,0.08,113.30
29,hard,15,08:17:43,08:17:46,09:31:12,COMPLETED,36037.0,73419.7,3.90,4409.02
280,hard,15,09:13:36,09:13:40,09:31:56,COMPLETED,33564.0,18271.3,4.84,1100.80
234,medium,14,09:11:18,09:11:22,09:32:03,COMPLETED,32342.0,20679.3,4.73,1245.30
235,medium,13,09:11:41,09:11:42,09:32:03,COMPLETED,24494.0,20356.7,1.11,1222.30
200,medium,13,09:23:44,09:23:44,09:32:09,COMPLETED,32892.0,8416.5,0.83,505.66
229,medium,13,09:26:22,09:26:22,09:32:15,COMPLETED,35728.0,5900.8,0.24,353.96
138,hard,15,08:26:57,08:26:59,09:32:35,COMPLETED,30080.0,65600.2,2.57,3938.34
209,easy,11,09:32:01,09:32:03,09:32:35,COMPLETED,30240.0,543.8,2.30,34.34
171,easy,11,09:32:22,09:32:22,09:32:35,COMPLETED,30214.0,226.2,0.40,13.34
265,medium,13,09:21:53,09:21:56,09:32:55,COMPLETED,29918.0,10987.2,3.05,662.13
283,easy,12,09:32:39,09:32:42,09:33:14,COMPLETED,29816.0,539.1,3.02,35.07
297,easy,12,09:32:40,09:32:42,09:33:32,COMPLETED,37803.0,851.2,2.02,52.92
315,easy,12,09:32:56,09:33:01,09:33:39,COMPLETED,32114.0,633.6,5.45,43.23
246,easy,11,09:33:48,09:33:51,09:33:58,COMPLETED,23360.0,109.6,3.75,10.05
170,easy,12,09:30:25,09:30:27,09:34:23,COMPLETED,37198.0,3934.3,2.37,238.16
186,easy,12,09:33:29,09:33:32,09:34:23,COMPLETED,25224.0,842.3,3.92,54.16
254,easy,12,09:34:08,09:34:10,09:34:23,COMPLETED,31544.0,214.4,2.61,15.16
289,easy,11,09:34:25,09:34:29,09:34:48,COMPLETED,27261.0,318.9,4.50,23.39
274,medium,14,09:22:03,09:22:08,09:34:54,COMPLETED,33144.0,12770.3,5.62,771.66
180,easy,12,09:34:58,09:35:00,09:35:19,COMPLETED,29568.0,324.9,2.94,21.91
250,easy,12,09:34:41,09:34:42,09:35:32,COMPLETED,26994.0,852.5,1.08,51.73
306,easy,11,09:35:15,09:35:19,09:35:39,COMPLETED,29988.0,329.7,4.91,24.29
284,easy,11,09:35:31,09:35:32,09:35:45,COMPLETED,30501.0,225.0,1.73,14.75
197,easy,11,09:35:41,09:35:45,09:35:52,COMPLETED,27957.0,115.8,4.75,11.30
214,medium,14,09:03:23,09:03:24,09:36:55,COMPLETED,38770.0,33519.7,1.33,2012.44
203,easy,12,09:36:39,09:36:42,09:37:33,COMPLETED,31393.0,840.9,3.88,54.10
192,easy,12,09:36:23,09:36:24,09:37:51,COMPLETED,31679.0,1468.7,1.04,88.93
219,easy,11,09:37:37,09:37:39,09:38:04,COMPLETED,31673.0,422.9,2.37,27.50
217,medium,13,09:37:00,09:37:01,09:38:35,COMPLETED,30850.0,1571.2,1.73,95.77
48,medium,14,08:37:20,08:37:25,09:39:00,COMPLETED,34168.0,61595.2,5.15,3700.80
272,medium,14,09:28:38,09:28:40,09:39:25,COMPLETED,32243.0,10764.1,2.26,647.89
285,medium,14,09:29:56,09:30:02,09:40:03,COMPLETED,27019.0,10025.3,6.27,607.59
239,easy,12,09:39:50,09:39:51,09:40:47,COMPLETED,29630.0,947.1,1.02,57.59
325,easy,12,09:40:07,09:40:09,09:40:47,COMPLETED,25763.0,633.1,2.87,40.59
231,easy,12,09:40:22,09:40:22,09:41:32,COMPLETED,33266.0,1167.1,0.44,70.15
248,easy,11,09:40:55,09:41:00,09:41:32,COMPLETED,28301.0,539.0,5.15,37.15
213,easy,12,09:40:58,09:41:00,09:41:32,COMPLETED,29101.0,537.3,2.15,34.15
78,medium,14,08:58:43,08:58:48,09:42:10,COMPLETED,29565.0,43357.8,6.00,2607.30
71,hard,15,08:54:50,08:54:55,09:43:01,COMPLETED,31034.0,48117.2,5.04,2891.99
314,easy,12,09:42:25,09:42:29,09:43:08,COMPLETED,30876.0,652.0,4.56,43.29
233,hard,15,09:12:38,09:12:38,09:43:21,COMPLETED,37263.0,30717.2,0.20,1843.04
230,medium,13,09:37:57,09:37:58,09:43:21,COMPLETED,32480.0,5386.9,1.20,324.04
337,easy,12,09:43:37,09:43:40,09:43:59,COMPLETED,26032.0,326.0,3.43,22.44
204,medium,13,09:39:24,09:39:25,09:44:25,COMPLETED,28466.0,4999.1,1.89,301.34
121,hard,15,08:48:04,08:48:09,09:44:50,COMPLETED,34253.0,56696.2,5.22,3406.93
335,easy,12,09:43:56,09:43:59,09:44:57,COMPLETED,27506.0,971.1,3.44,61.21
63,medium,14,08:48:35,08:48:40,09:45:22,COMPLETED,29957.0,56702.0,5.94,3407.99
237,easy,12,09:44:22,09:44:25,09:45:35,COMPLETED,30584.0,1180.5,3.34,73.78
220,easy,12,09:45:13,09:45:16,09:45:35,COMPLETED,27055.0,329.8,3.43,22.78
324,easy,12,09:44:57,09:44:57,09:45:42,COMPLETED,27330.0,757.6,0.21,45.26
195,easy,11,09:45:47,09:45:48,09:45:55,COMPLETED,28854.0,115.3,1.71,8.25
173,hard,15,09:12:04,09:12:07,09:46:14,COMPLETED,28603.0,34123.0,3.07,2050.34
228,easy,11,09:46:30,09:46:33,09:46:39,COMPLETED,26314.0,114.7,3.22,9.73
273,medium,13,09:46:46,09:46:46,09:47:30,COMPLETED,23832.0,748.0,0.15,44.80
236,easy,11,09:47:21,09:47:24,09:47:30,COMPLETED,23221.0,109.4,3.49,9.80
261,medium,13,09:39:19,09:39:19,09:47:37,COMPLETED,31046.0,8294.6,0.60,498.08
298,hard,15,09:28:17,09:28:21,09:47:43,COMPLETED,26875.0,19369.1,4.39,1166.33
332,medium,14,09:32:31,09:32:35,09:47:43,COMPLETED,34770.0,15137.1,4.34,912.33
333,easy,11,09:47:55,09:47:55,09:48:08,COMPLETED,24269.0,212.4,0.89,13.44
104,hard,15,08:48:17,08:48:22,09:48:20,COMPLETED,33024.0,59982.8,5.03,3603.94
331,easy,12,09:43:43,09:43:46,09:48:46,COMPLETED,22607.0,4992.7,3.72,303.04
316,medium,13,09:42:36,09:42:36,09:49:48,COMPLETED,35181.0,7211.9,0.23,432.73
4,hard,15,08:04:34,08:04:39,09:50:26,COMPLETED,36662.0,105782.7,5.46,6352.40
175,medium,13,09:42:54,09:42:55,09:52:25,COMPLETED,24406.0,9507.1,1.60,571.79
178,medium,14,09:40:57,09:41:00,09:53:16,COMPLETED,33064.0,12282.3,3.15,739.86
277,easy,11,09:53:15,09:53:16,09:53:36,COMPLETED,29314.0,327.4,1.86,21.25
199,medium,14,09:39:08,09:39:13,09:53:48,COMPLETED,25486.0,14597.4,5.31,880.95
47,hard,15,08:03:51,08:03:56,09:53:55,COMPLETED,37077.0,109972.6,5.96,6604.29
251,medium,14,09:33:14,09:33:14,09:54:01,COMPLETED,40448.0,20797.1,0.07,1247.74
304,easy,11,09:54:58,09:54:59,09:55:05,COMPLETED,28085.0,118.6,1.27,7.96
338,easy,11,09:55:24,09:55:25,09:55:31,COMPLETED,21549.0,116.8,1.00,7.58
226,medium,14,09:48:23,09:48:27,09:55:57,COMPLETED,30636.0,7502.8,4.19,454.04
326,hard,15,09:11:27,09:11:29,09:56:48,COMPLETED,33458.0,45325.1,2.15,2721.50
227,easy,11,09:56:37,09:56:41,09:56:55,COMPLETED,29471.0,224.2,4.97,18.09
212,easy,12,09:57:28,09:57:33,09:57:52,COMPLETED,28104.0,329.0,5.43,24.82
270,easy,11,09:57:49,09:57:52,09:58:05,COMPLETED,21739.0,221.6,3.82,16.67
153,hard,15,08:39:31,08:39:35,09:58:44,COMPLETED,30596.0,79146.5,4.58,4753.33
312,medium,14,09:52:19,09:52:19,09:58:50,COMPLETED,25974.0,6527.4,0.30,391.62
247,easy,11,09:58:47,09:58:50,09:59:09,COMPLETED,27725.0,320.4,3.62,22.58
201,hard,15,09:28:49,09:28:52,10:00:50,COMPLETED,31621.0,31960.6,3.96,1921.43
508,easy,11,10:00:39,10:00:44,10:01:09,COMPLETED,25275.0,427.2,5.11,30.40
343,easy,11,10:01:05,10:01:09,10:01:22,COMPLETED,28146.0,215.3,4.40,17.05
418,easy,11,10:01:45,10:01:47,10:01:53,COMPLETED,27952.0,110.2,2.16,8.50
198,medium,13,09:56:55,09:56:55,10:02:31,COMPLETED,31567.0,5605.4,0.09,336.17
194,medium,13,09:58:37,09:58:37,10:02:43,COMPLETED,36317.0,4100.6,0.95,246.73
189,medium,14,09:56:47,09:56:48,10:02:50,COMPLETED,27087.0,6029.8,1.50,363.01
206,medium,13,09:52:21,09:52:25,10:02:56,COMPLETED,27902.0,10512.8,4.79,635.35
422,easy,12,10:03:11,10:03:15,10:03:40,COMPLETED,24496.0,425.8,4.22,29.43
506,easy,11,10:03:46,10:03:46,10:03:59,COMPLETED,31573.0,217.4,0.80,13.57
414,easy,12,10:03:28,10:03:34,10:04:31,COMPLETED,31108.0,969.6,6.12,63.85
467,easy,11,10:05:28,10:05:29,10:05:42,COMPLETED,29543.0,223.1,1.53,14.39
368,easy,11,10:05:38,10:05:42,10:05:55,COMPLETED,24882.0,227.5,4.39,17.57
241,medium,13,09:58:17,09:58:18,10:06:21,COMPLETED,34312.0,8055.3,1.64,484.58
211,medium,14,09:57:33,09:57:33,10:06:28,COMPLETED,22811.0,8915.6,0.43,535.07
317,hard,15,09:13:06,09:13:09,10:06:47,COMPLETED,27185.0,53633.1,3.57,3221.46
252,medium,14,09:47:54,09:47:55,10:07:32,COMPLETED,36328.0,19614.1,1.89,1178.43
402,easy,12,10:07:04,10:07:06,10:07:58,COMPLETED,29048.0,874.6,2.49,54.52
425,easy,12,10:08:04,10:08:05,10:08:50,COMPLETED,32818.0,755.3,1.03,46.16
373,easy,12,10:07:18,10:07:19,10:09:35,COMPLETED,24095.0,2272.0,1.42,137.29
471,easy,11,10:09:52,10:09:54,10:10:19,COMPLETED,27059.0,427.9,2.47,27.85
395,medium,14,10:03:26,10:03:27,10:10:45,COMPLETED,26364.0,7294.3,1.80,439.22
404,easy,11,10:10:07,10:10:26,10:11:10,COMPLETED,29819.0,743.9,19.18,63.52
349,medium,13,10:07:59,10:08:05,10:11:29,COMPLETED,26246.0,3412.6,6.03,210.51
484,easy,11,10:10:40,10:11:35,10:11:42,COMPLETED,20143.0,112.5,55.85,62.25
302,hard,15,09:17:02,09:17:07,10:12:07,COMPLETED,32317.0,55003.9,5.57,3305.69
367,medium,13,10:08:15,10:08:18,10:12:07,COMPLETED,28200.0,3831.9,3.10,232.69
469,easy,11,10:10:50,10:11:48,10:12:20,COMPLETED,23596.0,535.3,58.63,90.45
505,easy,11,10:11:30,10:12:14,10:12:33,COMPLETED,24863.0,322.1,44.07,63.14
410,easy,12,10:11:38,10:12:26,10:12:39,COMPLETED,20720.0,217.2,48.78,61.47
483,easy,12,10:08:28,10:08:31,10:12:58,COMPLETED,25796.0,4462.6,3.01,270.50
183,medium,14,09:34:20,09:34:23,10:13:11,COMPLETED,33068.0,38802.8,3.16,2331.19
461,easy,12,10:12:17,10:13:04,10:13:55,COMPLETED,36862.0,849.2,47.83,98.48
392,easy,12,10:11:38,10:12:39,10:14:20,COMPLETED,31993.0,1694.0,61.47,162.82
403,easy,11,10:13:01,10:14:27,10:14:52,COMPLETED,28742.0,434.0,86.15,111.68
423,medium,14,10:10:33,10:11:16,10:15:18,COMPLETED,25041.0,4034.8,43.85,285.45
290,hard,15,09:50:16,09:50:20,10:17:14,COMPLETED,26647.0,26918.6,4.11,1618.93
429,easy,11,10:13:58,10:17:21,10:17:41,COMPLETED,31510.0,335.1,203.47,223.09
182,medium,14,09:47:38,09:47:43,10:17:47,COMPLETED,34550.0,30077.8,5.33,1809.62
433,easy,12,10:10:55,10:12:14,10:18:00,COMPLETED,37147.0,5784.9,79.07,425.90
282,hard,15,09:59:59,09:59:59,10:18:39,COMPLETED,37932.0,18666.2,0.81,1120.43
365,easy,12,10:15:13,10:17:54,10:18:39,COMPLETED,28761.0,761.4,161.30,206.43
382,easy,11,10:17:06,10:18:46,10:19:05,COMPLETED,31027.0,335.9,100.03,119.77
465,easy,11,10:16:39,10:18:46,10:19:12,COMPLETED,20411.0,444.4,127.03,153.32
468,easy,11,10:17:23,10:19:12,10:19:25,COMPLETED,25742.0,226.0,109.32,122.37
488,easy,11,10:17:46,10:19:18,10:19:51,COMPLETED,25118.0,549.0,92.74,125.19
421,easy,11,10:18:13,10:19:31,10:19:57,COMPLETED,27689.0,438.8,78.94,104.73
407,medium,14,10:06:57,10:07:00,10:20:29,COMPLETED,30952.0,13502.9,3.10,812.88
278,hard,15,09:34:30,09:34:35,10:20:49,COMPLETED,34234.0,46233.0,5.79,2779.54
358,hard,15,10:09:53,10:09:54,10:23:02,COMPLETED,31225.0,13145.4,1.47,789.99
360,medium,13,10:12:19,10:13:17,10:23:02,COMPLETED,32868.0,9762.5,58.52,643.99
473,easy,11,10:20:54,10:23:09,10:23:22,COMPLETED,25737.0,217.8,135.33,148.10
245,medium,14,09:49:27,09:49:29,10:25:15,COMPLETED,35440.0,35769.9,2.84,2148.88
478,easy,12,10:21:11,10:25:22,10:26:25,COMPLETED,29976.0,1060.7,251.22,314.50
408,medium,14,10:02:58,10:03:02,10:26:38,COMPLETED,38221.0,23596.9,4.63,1420.24
450,medium,13,10:21:08,10:23:28,10:27:09,COMPLETED,34150.0,3696.3,140.43,361.90
446,easy,11,10:22:00,10:26:44,10:27:09,COMPLETED,23412.0,427.7,284.57,309.90
424,easy,11,10:22:36,10:27:16,10:27:28,COMPLETED,32284.0,216.1,280.25,292.95
417,medium,14,10:02:50,10:02:50,10:27:35,COMPLETED,28739.0,24759.5,0.01,1485.28
384,easy,11,10:23:41,10:27:41,10:27:48,COMPLETED,25275.0,111.3,240.74,247.11
356,easy,12,10:23:54,10:27:54,10:28:07,COMPLETED,27667.0,216.3,240.44,253.10
393,medium,13,10:13:51,10:15:25,10:28:13,COMPLETED,33255.0,12812.4,94.01,862.45
340,easy,11,10:23:26,10:27:35,10:28:26,COMPLETED,25162.0,854.9,249.28,300.21
190,medium,14,09:06:19,09:06:19,10:28:32,COMPLETED,26428.0,82223.0,0.35,4933.62
507,easy,12,10:25:24,10:28:19,10:29:54,COMPLETED,30676.0,1588.2,175.84,270.84
386,medium,14,10:04:24,10:04:25,10:30:20,COMPLETED,36659.0,25918.9,1.20,1556.14
496,easy,12,10:26:16,10:30:01,10:30:39,COMPLETED,25734.0,638.0,225.17,263.14
370,easy,12,10:26:43,10:30:26,10:32:02,COMPLETED,26436.0,1601.2,223.47,319.03
459,medium,13,10:25:50,10:28:32,10:32:08,COMPLETED,27676.0,3609.1,162.62,378.59
466,easy,11,10:27:13,10:32:08,10:32:21,COMPLETED,29651.0,225.5,295.59,308.82
381,medium,14,10:25:54,10:28:38,10:32:53,COMPLETED,32711.0,4257.7,164.99,419.97
427,easy,12,10:28:16,10:32:28,10:32:53,COMPLETED,31075.0,438.9,252.16,277.97
196,hard,15,09:54:34,09:54:39,10:34:04,COMPLETED,31405.0,39415.0,5.80,2370.51
352,medium,13,10:13:12,10:14:59,10:34:10,COMPLETED,29296.0,19200.0,107.23,1258.89
454,medium,14,10:07:43,10:07:45,10:34:55,COMPLETED,28293.0,27169.9,2.44,1632.43
351,easy,12,10:29:19,10:34:10,10:34:55,COMPLETED,29438.0,747.8,291.89,336.43
244,medium,14,09:54:48,09:54:52,10:35:52,COMPLETED,27424.0,40998.0,4.73,2464.44
504,easy,12,10:30:29,10:35:01,10:36:36,COMPLETED,27112.0,1588.0,272.79,367.76
485,easy,11,10:31:12,10:36:43,10:37:02,COMPLETED,29547.0,321.8,331.17,350.17
432,hard,15,10:06:10,10:06:14,10:37:14,COMPLETED,34081.0,31003.1,4.88,1864.87
344,medium,13,10:31:16,10:37:08,10:37:40,COMPLETED,26513.0,533.5,352.50,384.21
363,easy,12,10:31:39,10:37:46,10:38:11,COMPLETED,27192.0,426.6,367.54,392.82
409,medium,13,10:30:37,10:35:58,10:38:24,COMPLETED,25424.0,2435.3,321.76,467.59
416,easy,12,10:31:26,10:37:21,10:38:50,COMPLETED,30846.0,1486.1,355.20,444.06
216,hard,15,09:49:59,09:50:01,10:39:59,COMPLETED,29139.0,49976.4,2.30,3000.74
443,medium,14,10:20:56,10:23:09,10:39:59,COMPLETED,26800.0,16843.8,133.33,1143.74
470,medium,13,10:29:45,10:34:17,10:39:59,COMPLETED,37169.0,5711.7,272.34,614.74
457,easy,12,10:33:09,10:40:06,10:40:19,COMPLETED,27112.0,229.0,417.09,430.36
492,medium,14,10:21:14,10:26:31,10:41:04,COMPLETED,29551.0,14551.7,317.89,1190.57
354,easy,12,10:35:39,10:40:25,10:41:04,COMPLETED,27132.0,653.8,286.89,325.57
399,medium,13,10:30:27,10:35:01,10:41:17,COMPLETED,28309.0,6276.2,274.79,650.91
451,easy,11,10:36:18,10:41:11,10:41:43,COMPLETED,25948.0,552.4,293.16,325.90
345,medium,14,10:29:03,10:33:00,10:41:57,COMPLETED,30041.0,8946.2,237.54,774.09
472,easy,12,10:34:07,10:40:06,10:42:03,COMPLETED,28610.0,1963.3,359.09,476.51
391,medium,14,10:10:15,10:10:51,10:42:16,COMPLETED,32943.0,31421.3,36.55,1921.49
437,medium,13,10:31:43,10:38:18,10:42:35,COMPLETED,28657.0,4303.5,395.16,652.92
448,easy,11,10:37:33,10:42:23,10:42:42,COMPLETED,29436.0,334.4,290.04,309.48
379,easy,11,10:37:15,10:42:10,10:42:49,COMPLETED,21786.0,656.7,295.13,334.14
405,hard,15,10:05:48,10:05:48,10:43:21,COMPLETED,30438.0,37549.1,0.97,2253.61
411,easy,12,10:38:06,10:42:49,10:44:26,COMPLETED,25658.0,1629.9,283.14,380.45
482,hard,15,10:09:43,10:09:48,10:44:52,COMPLETED,27918.0,35077.8,5.14,2109.61
440,easy,12,10:39:07,10:44:32,10:45:05,COMPLETED,30277.0,546.6,326.00,358.31
445,easy,11,10:39:18,10:44:58,10:45:43,COMPLETED,31896.0,747.6,340.95,385.50
205,medium,14,09:49:41,09:49:42,10:45:49,COMPLETED,38494.0,56127.2,1.40,3368.84
502,easy,12,10:40:00,10:45:49,10:46:02,COMPLETED,33392.0,217.5,349.84,362.58
449,medium,14,10:35:59,10:41:11,10:49:31,COMPLETED,29496.0,8339.2,312.16,812.25
225,medium,14,09:48:47,09:48:52,10:50:41,COMPLETED,41138.0,61822.0,5.33,3714.41
364,hard,15,10:26:48,10:30:45,10:51:20,COMPLETED,30493.0,20591.6,237.48,1472.68
444,easy,11,10:41:00,10:51:27,10:52:18,COMPLETED,31107.0,871.6,627.09,678.80
487,hard,15,10:39:49,10:45:11,10:52:31,COMPLETED,28455.0,7342.0,322.84,762.90
489,easy,12,10:40:22,10:45:56,10:53:36,COMPLETED,34308.0,7677.9,334.21,794.61
397,easy,11,10:41:25,10:53:42,10:53:49,COMPLETED,22025.0,119.2,737.93,744.56
435,medium,13,10:36:38,10:41:50,10:54:15,COMPLETED,36069.0,12429.9,312.44,1057.81
383,easy,12,10:41:33,10:53:56,10:54:35,COMPLETED,20878.0,664.1,743.13,782.48
442,hard,15,10:19:40,10:20:36,10:54:42,COMPLETED,30956.0,34097.8,56.42,2102.03
19,medium,14,08:03:46,08:03:50,10:54:48,COMPLETED,42729.0,170959.9,4.87,10262.41
398,medium,14,10:15:39,10:18:07,10:55:14,COMPLETED,40277.0,37117.6,148.22,2375.09
372,medium,14,10:27:49,10:32:15,10:55:14,COMPLETED,30263.0,22985.1,266.22,1645.09
476,medium,14,10:19:35,10:20:04,10:55:46,COMPLETED,35347.0,35714.6,29.31,2171.79
497,easy,11,10:42:28,10:54:48,10:55:46,COMPLETED,32094.0,982.7,740.41,798.79
396,easy,12,10:43:15,10:55:20,10:55:46,COMPLETED,28404.0,449.0,725.46,751.79
474,medium,14,10:20:50,10:20:56,10:55:53,COMPLETED,34070.0,34967.2,6.10,2103.46
458,medium,13,10:42:46,10:54:54,10:56:00,COMPLETED,30804.0,1102.9,728.79,794.38
378,easy,11,10:44:01,10:55:53,10:56:32,COMPLETED,31640.0,657.7,712.46,751.77
431,easy,11,10:46:20,10:56:39,10:56:58,COMPLETED,26137.0,321.5,619.14,638.13
320,hard,15,09:07:38,09:07:41,10:57:23,COMPLETED,32057.0,109706.4,3.11,6585.43
412,easy,12,10:46:20,10:57:04,10:57:23,COMPLETED,26377.0,321.5,644.46,663.43
377,easy,12,10:44:54,10:56:00,10:57:48,COMPLETED,21949.0,1811.8,666.38,774.80
376,easy,11,10:48:11,10:57:55,10:58:01,COMPLETED,23500.0,111.1,584.14,590.49
369,easy,12,10:45:07,10:56:07,10:58:07,COMPLETED,34373.0,2019.1,660.04,780.82
447,easy,12,10:46:39,10:57:29,10:58:07,COMPLETED,30705.0,640.7,650.77,688.82
207,hard,15,09:51:23,09:51:28,10:58:46,COMPLETED,29959.0,67287.5,5.96,4043.07
455,medium,13,10:42:02,10:54:42,10:58:46,COMPLETED,33125.0,4072.6,760.03,1004.07
462,easy,11,10:49:17,10:58:52,10:59:17,COMPLETED,21883.0,426.9,575.46,600.78
499,easy,11,10:49:44,10:58:52,10:59:17,COMPLETED,27263.0,426.5,548.46,573.78
401,medium,13,10:48:27,10:58:07,10:59:24,COMPLETED,32718.0,1277.4,580.82,657.11
475,easy,11,10:51:16,10:59:30,10:59:36,COMPLETED,23564.0,111.3,494.51,500.89
501,easy,12,10:50:21,10:59:24,10:59:55,COMPLETED,26656.0,534.1,543.11,574.87
453,medium,13,10:43:45,10:55:53,11:00:33,COMPLETED,31962.0,4675.2,728.46,1008.79
371,medium,14,10:47:44,10:57:29,11:00:46,COMPLETED,28262.0,3283.0,585.77,782.47
375,easy,11,10:52:19,11:00:40,11:00:46,COMPLETED,28162.0,111.9,501.12,507.47
415,easy,11,10:52:29,11:00:52,11:01:11,COMPLETED,28514.0,324.3,503.86,522.96
366,easy,11,10:52:40,11:00:52,11:01:11,COMPLETED,23837.0,323.8,492.86,511.96
295,medium,14,09:43:29,09:43:33,11:01:31,COMPLETED,29958.0,77954.6,4.91,4682.07
388,medium,13,10:48:41,10:58:14,11:01:31,COMPLETED,30717.0,3285.1,573.25,770.07
441,medium,14,10:40:59,10:50:47,11:01:56,COMPLETED,36467.0,11153.7,588.96,1257.80
350,easy,12,10:53:01,11:01:18,11:01:56,COMPLETED,27187.0,649.1,497.36,535.80
385,easy,11,10:53:13,11:02:03,11:02:16,COMPLETED,27006.0,225.8,530.36,543.57
477,medium,14,10:43:38,10:55:53,11:02:22,COMPLETED,35911.0,6500.8,735.46,1124.95
493,easy,12,10:53:18,11:02:03,11:02:22,COMPLETED,32348.0,335.9,525.36,544.95
452,medium,13,10:50:29,10:59:24,11:02:29,COMPLETED,24838.0,3102.2,535.11,720.66
456,easy,12,10:43:26,10:55:20,11:03:14,COMPLETED,25239.0,7907.0,714.46,1188.71
359,easy,12,10:55:58,11:02:29,11:03:40,COMPLETED,25399.0,1190.8,391.66,462.72
420,medium,14,10:04:25,10:04:25,11:04:07,COMPLETED,39637.0,59700.7,0.20,3582.08
439,easy,12,10:53:41,11:02:22,11:04:20,COMPLETED,30612.0,1960.1,521.95,639.28
221,hard,15,09:33:54,09:33:58,11:04:26,COMPLETED,36096.0,90481.4,4.05,5432.61
464,easy,11,10:57:30,11:04:33,11:04:39,COMPLETED,14672.0,114.5,423.29,429.67
460,easy,12,10:56:38,11:03:21,11:04:46,COMPLETED,30154.0,1424.0,403.09,488.20
93,medium,14,08:19:25,08:19:30,11:04:52,COMPLETED,39579.0,165363.0,5.92,9927.57
141,hard,15,08:46:54,08:46:59,11:04:52,COMPLETED,36032.0,137880.0,5.99,8278.57
394,medium,14,10:40:31,10:46:08,11:05:05,COMPLETED,26211.0,18956.4,337.92,1474.94
374,easy,11,10:56:54,11:03:47,11:05:05,COMPLETED,36852.0,1319.1,413.28,491.94
500,easy,11,10:59:23,11:04:59,11:05:05,COMPLETED,28417.0,119.4,336.25,342.94
486,medium,13,10:10:05,10:10:07,11:05:25,COMPLETED,39366.0,55313.6,2.16,3320.73
380,easy,12,10:59:59,11:05:12,11:05:45,COMPLETED,28939.0,553.5,313.54,346.43
545,easy,11,11:01:16,11:05:32,11:05:45,COMPLETED,24464.0,227.0,256.28,269.43
602,easy,11,11:01:27,11:05:51,11:05:58,COMPLETED,31028.0,119.2,264.94,271.60
644,easy,11,11:01:46,11:05:51,11:06:17,COMPLETED,30865.0,441.0,245.94,272.00
400,medium,13,10:53:02,11:01:18,11:06:37,COMPLETED,32682.0,5323.2,496.36,815.39
558,medium,13,11:01:09,11:05:12,11:06:43,COMPLETED,27719.0,1529.7,243.54,334.93
426,medium,13,10:53:08,11:01:37,11:06:50,COMPLETED,32316.0,5227.4,509.41,822.56
523,easy,11,11:02:07,11:06:05,11:06:50,COMPLETED,36218.0,767.3,238.14,283.56
387,hard,15,10:22:29,10:27:16,11:07:10,COMPLETED,30278.0,39907.4,287.25,2681.43
579,easy,11,11:03:37,11:06:50,11:07:16,COMPLETED,37453.0,447.5,193.56,219.99
567,easy,11,11:04:02,11:06:57,11:07:29,COMPLETED,30567.0,548.2,175.24,207.84
641,easy,11,11:04:23,11:06:57,11:07:29,COMPLETED,27489.0,546.9,154.24,186.84
581,easy,11,11:04:56,11:07:36,11:07:48,COMPLETED,26746.0,216.1,160.19,172.88
430,medium,13,10:52:19,11:00:02,11:08:20,COMPLETED,31857.0,8309.2,463.20,961.52
587,medium,13,11:04:29,11:07:23,11:08:52,COMPLETED,25259.0,1484.7,174.47,263.21
530,easy,12,11:05:19,11:08:26,11:08:58,COMPLETED,31245.0,535.0,187.85,219.60
532,easy,11,11:05:20,11:08:58,11:09:04,COMPLETED,26860.0,112.2,218.60,224.98
656,medium,13,11:05:27,11:09:04,11:09:42,COMPLETED,31213.0,639.7,217.98,256.00
616,easy,12,11:06:01,11:09:49,11:10:21,COMPLETED,34825.0,532.1,228.39,260.02
654,easy,11,11:06:10,11:10:27,11:10:40,COMPLETED,25678.0,216.3,257.34,270.01
498,hard,15,10:53:04,11:01:37,11:10:52,COMPLETED,33541.0,9258.8,513.41,1068.70
590,easy,12,11:07:19,11:10:59,11:11:18,COMPLETED,32086.0,322.6,220.03,239.08
518,easy,12,11:07:11,11:10:46,11:11:30,COMPLETED,24945.0,745.3,215.34,259.76
520,easy,11,11:07:42,11:11:24,11:11:37,COMPLETED,26760.0,217.0,222.41,235.09
596,hard,15,11:02:56,11:06:24,11:11:49,COMPLETED,33373.0,5425.8,208.54,533.81
594,easy,11,11:08:29,11:11:43,11:11:49,COMPLETED,27223.0,111.2,194.46,200.81
650,easy,11,11:09:18,11:11:56,11:12:08,COMPLETED,27042.0,218.1,158.16,170.92
613,easy,12,11:08:35,11:11:56,11:12:28,COMPLETED,28922.0,541.0,201.16,233.32
534,easy,11,11:08:27,11:11:37,11:12:54,COMPLETED,37937.0,1292.0,190.09,267.12
257,medium,14,09:29:42,09:29:43,11:13:00,COMPLETED,38159.0,103291.8,1.30,6198.66
543,medium,13,11:09:22,11:12:15,11:13:07,COMPLETED,31134.0,871.0,173.31,225.03
571,easy,11,11:11:07,11:13:07,11:13:20,COMPLETED,20710.0,226.0,120.03,133.26
660,easy,11,11:11:27,11:13:26,11:13:39,COMPLETED,22322.0,226.0,119.63,132.67
643,medium,14,11:04:28,11:07:16,11:14:24,COMPLETED,29685.0,7138.7,168.99,596.96
503,medium,13,10:51:38,10:59:43,11:14:31,COMPLETED,25134.0,14810.9,485.21,1373.39
129,hard,15,08:14:31,08:14:37,11:14:44,COMPLETED,44070.0,180122.2,6.05,10813.40
586,easy,11,11:13:19,11:14:31,11:14:44,COMPLETED,16728.0,221.8,72.39,85.40
406,hard,15,10:57:14,11:04:13,11:15:03,COMPLETED,31974.0,10846.0,419.62,1070.00
546,easy,12,11:10:36,11:12:34,11:15:03,COMPLETED,26394.0,2497.4,118.65,268.00
577,easy,11,11:14:04,11:14:50,11:15:10,COMPLETED,25227.0,338.8,46.73,66.58
635,easy,12,11:14:51,11:14:57,11:15:56,COMPLETED,34218.0,984.3,6.36,65.13
655,easy,12,11:15:22,11:15:23,11:16:08,COMPLETED,28428.0,760.9,1.71,46.98
521,easy,11,11:15:29,11:16:02,11:16:08,COMPLETED,24299.0,117.4,33.46,39.98
572,easy,11,11:15:48,11:16:15,11:16:28,COMPLETED,28427.0,219.8,27.54,40.23
608,easy,11,11:15:46,11:16:15,11:16:41,COMPLETED,23779.0,440.5,29.54,55.43
361,medium,14,10:59:07,11:04:59,11:16:48,COMPLETED,31161.0,11821.8,352.25,1061.02
519,medium,13,11:15:51,11:16:34,11:16:54,COMPLETED,24980.0,341.7,43.81,63.71
541,medium,13,11:15:13,11:15:17,11:17:20,COMPLETED,25742.0,2066.9,4.11,127.64
547,easy,12,11:16:10,11:16:48,11:17:40,COMPLETED,28875.0,876.9,38.02,90.13
624,easy,12,11:16:12,11:16:54,11:17:40,COMPLETED,33370.0,766.0,42.71,88.13
592,easy,11,11:16:52,11:17:27,11:18:06,COMPLETED,22881.0,659.9,35.18,74.27
593,easy,11,11:17:33,11:17:46,11:18:12,COMPLETED,26585.0,443.7,13.72,39.85
620,easy,11,11:17:37,11:18:12,11:18:32,COMPLETED,33866.0,328.5,35.85,55.26
600,easy,12,11:18:22,11:18:25,11:19:54,COMPLETED,29423.0,1483.8,3.90,92.63
669,easy,12,11:16:48,11:17:01,11:20:38,COMPLETED,27671.0,3632.2,13.37,231.00
538,medium,13,11:19:01,11:19:03,11:22:07,COMPLETED,30558.0,3068.2,2.84,186.60
434,hard,15,10:12:07,10:12:45,11:24:34,COMPLETED,35864.0,71819.8,38.84,4347.90
522,medium,13,11:15:19,11:15:23,11:24:34,COMPLETED,32801.0,9191.6,4.71,555.90
517,medium,13,11:11:42,11:13:46,11:24:54,COMPLETED,31292.0,11139.6,124.24,792.33
646,easy,12,11:19:51,11:20:45,11:25:07,COMPLETED,35117.0,4371.5,54.35,316.28
436,hard,15,10:31:58,10:38:56,11:28:14,COMPLETED,33235.0,49304.8,418.41,3376.54
614,easy,11,11:22:09,11:28:20,11:28:46,COMPLETED,21757.0,439.6,371.87,397.79
479,medium,14,10:18:36,10:19:57,11:28:53,COMPLETED,36241.0,68932.1,81.73,4217.29
428,hard,15,10:41:13,10:52:38,11:29:13,COMPLETED,32198.0,36581.5,685.44,2880.01
566,easy,11,11:23:39,11:29:19,11:29:26,COMPLETED,26365.0,120.0,340.56,347.17
355,hard,15,10:28:17,10:33:00,11:30:04,COMPLETED,39806.0,57069.9,283.54,3707.59
561,medium,14,11:20:48,11:24:41,11:32:17,COMPLETED,29289.0,7607.8,233.27,689.47
584,hard,15,11:11:00,11:13:00,11:32:30,COMPLETED,31237.0,19495.5,120.66,1290.15
667,medium,14,11:21:04,11:24:41,11:32:49,COMPLETED,34463.0,8134.1,217.27,705.15
640,easy,11,11:25:04,11:32:36,11:32:49,COMPLETED,25129.0,216.3,452.48,465.15
565,medium,13,11:21:35,11:25:13,11:33:20,COMPLETED,30443.0,8124.5,218.69,705.89
526,easy,12,11:25:15,11:32:55,11:33:58,COMPLETED,26782.0,1061.3,460.48,523.86
662,easy,12,11:25:36,11:33:27,11:33:58,COMPLETED,32735.0,532.8,471.21,502.86
267,hard,15,09:51:52,09:51:54,11:34:05,COMPLETED,39288.0,102188.8,2.05,6133.20
185,hard,15,09:46:56,09:46:59,11:34:55,COMPLETED,39538.0,107951.3,3.08,6479.97
652,medium,13,11:26:16,11:34:11,11:35:08,COMPLETED,28851.0,959.9,475.60,532.89
533,easy,11,11:26:29,11:35:02,11:35:15,COMPLETED,23567.0,217.4,513.54,526.22
224,hard,15,09:52:51,09:52:51,11:35:53,COMPLETED,32812.0,103034.9,0.23,6182.21
513,hard,15,11:05:13,11:07:55,11:35:53,COMPLETED,30597.0,27970.7,162.22,1840.21
597,easy,12,11:22:49,11:28:59,11:35:59,COMPLETED,28206.0,6998.6,370.97,790.56
574,medium,13,11:25:42,11:34:05,11:36:05,COMPLETED,31012.0,2018.0,503.20,623.97
537,medium,13,11:26:04,11:34:05,11:36:12,COMPLETED,29575.0,2125.1,481.20,608.33
601,easy,11,11:27:11,11:35:21,11:36:18,COMPLETED,27797.0,958.6,490.61,547.81
553,medium,14,11:03:02,11:06:43,11:36:25,COMPLETED,31539.0,29691.6,221.93,2003.18
557,easy,12,11:29:04,11:36:25,11:36:37,COMPLETED,24142.0,216.9,441.18,453.89
570,easy,11,11:29:14,11:36:31,11:36:50,COMPLETED,24604.0,322.3,437.54,456.58
668,easy,11,11:29:26,11:36:44,11:36:56,COMPLETED,30082.0,217.3,438.22,450.91
556,medium,13,11:28:18,11:36:12,11:37:22,COMPLETED,24115.0,1170.4,474.33,544.27
529,easy,12,11:30:53,11:37:03,11:37:34,COMPLETED,30653.0,532.6,370.29,401.95
481,medium,14,10:41:03,10:52:25,11:38:06,COMPLETED,31872.0,45690.6,682.44,3423.68
651,medium,13,11:26:41,11:35:15,11:38:19,COMPLETED,30575.0,3074.5,514.22,698.43
548,easy,12,11:31:05,11:37:41,11:38:19,COMPLETED,27008.0,640.9,396.28,434.43
542,medium,13,11:31:00,11:37:28,11:38:57,COMPLETED,28521.0,1487.4,388.60,477.55
560,medium,13,11:30:48,11:36:56,11:39:10,COMPLETED,26863.0,2227.1,368.91,502.24
536,easy,12,11:32:02,11:38:25,11:39:29,COMPLETED,35581.0,1063.7,383.76,447.33
242,hard,15,09:29:03,09:29:05,11:39:42,COMPLETED,37628.0,130608.9,2.60,7839.06
463,medium,13,10:59:40,11:05:12,11:39:48,COMPLETED,42886.0,34602.7,332.54,2408.47
598,easy,11,11:33:18,11:39:54,11:40:26,COMPLETED,25105.0,536.6,396.85,428.54
671,easy,12,11:33:20,11:40:33,11:41:05,COMPLETED,27063.0,548.7,433.08,465.71
438,hard,15,10:58:33,11:04:52,11:41:50,COMPLETED,35576.0,36971.5,379.57,2597.52
664,medium,13,11:32:08,11:39:16,11:42:09,COMPLETED,31023.0,2897.2,428.59,601.97
676,medium,13,11:28:49,11:36:18,11:42:22,COMPLETED,29570.0,6074.3,449.81,813.95
309,hard,15,09:13:29,09:13:34,11:42:42,COMPLETED,33232.0,149126.0,5.54,8953.05
670,easy,12,11:35:39,11:42:29,11:43:13,COMPLETED,25328.0,746.1,410.34,454.80
576,easy,11,11:36:22,11:42:48,11:43:13,COMPLETED,29133.0,428.7,386.40,411.80
539,medium,13,11:35:12,11:42:16,11:43:26,COMPLETED,33806.0,1172.6,424.46,494.52
678,easy,11,11:36:37,11:43:20,11:43:26,COMPLETED,23544.0,111.7,403.14,409.52
618,easy,12,11:37:35,11:43:20,11:43:51,COMPLETED,24746.0,533.9,345.14,376.92
559,medium,14,11:21:07,11:25:00,11:44:55,COMPLETED,37659.0,19915.7,233.69,1428.41
634,easy,12,11:39:03,11:43:58,11:44:55,COMPLETED,26495.0,958.1,295.25,352.41
552,medium,13,11:38:22,11:43:32,11:45:01,COMPLETED,28703.0,1487.7,310.86,399.76
510,easy,11,11:39:28,11:45:01,11:45:20,COMPLETED,24012.0,322.4,333.76,352.82
531,easy,11,11:39:45,11:45:08,11:45:20,COMPLETED,26918.0,216.3,323.16,335.82
514,easy,11,11:40:08,11:45:27,11:45:33,COMPLETED,27096.0,110.7,319.16,325.54
599,easy,12,11:39:44,11:45:01,11:46:05,COMPLETED,27848.0,1060.8,317.76,381.16
328,hard,15,09:07:46,09:07:47,11:46:49,COMPLETED,32717.0,159033.0,1.56,9543.49
625,medium,13,11:40:38,11:45:39,11:47:08,COMPLETED,29834.0,1481.8,301.87,390.48
419,hard,15,10:56:04,11:02:36,11:49:16,COMPLETED,31893.0,46666.2,392.39,3192.19
585,easy,12,11:41:17,11:46:11,11:50:07,COMPLETED,28305.0,3947.1,294.49,530.81
674,medium,13,11:42:44,11:49:22,11:51:25,COMPLETED,26219.0,2051.6,398.51,521.12
535,medium,14,11:33:33,11:41:12,11:53:01,COMPLETED,35466.0,11838.8,459.03,1168.89
264,hard,15,09:55:11,09:55:12,11:53:08,COMPLETED,41614.0,117938.6,1.43,7077.45
575,medium,14,11:41:37,11:46:55,11:53:15,COMPLETED,27522.0,6332.0,318.81,698.14
653,easy,11,11:43:50,11:53:21,11:53:28,COMPLETED,29769.0,119.5,571.81,578.48
589,medium,13,11:42:52,11:51:31,11:54:13,COMPLETED,35117.0,2706.1,519.66,681.74
609,medium,14,11:38:34,11:43:32,11:54:26,COMPLETED,25930.0,10897.2,298.86,952.44
76,hard,15,08:22:48,08:22:54,11:55:04,COMPLETED,38933.0,212172.7,6.23,12736.58
621,hard,15,11:17:17,11:17:46,11:55:04,COMPLETED,33870.0,37300.9,29.72,2267.58
162,hard,15,08:48:40,08:48:40,11:55:23,COMPLETED,33951.0,186711.2,0.94,11203.62
562,easy,12,11:44:57,11:55:10,11:55:42,COMPLETED,26077.0,533.3,613.92,645.62
628,easy,11,11:45:58,11:55:29,11:55:42,COMPLETED,28748.0,217.1,571.95,584.62
564,easy,11,11:46:05,11:55:48,11:55:55,COMPLETED,25183.0,112.1,583.99,590.37
490,medium,14,10:33:45,10:40:06,11:56:20,COMPLETED,41085.0,76244.6,381.09,4955.75
633,easy,11,11:47:15,11:56:27,11:56:46,COMPLETED,28772.0,321.5,552.08,571.07
540,medium,14,11:35:02,11:41:57,11:57:23,COMPLETED,33158.0,15452.2,415.10,1341.99
362,hard,15,10:14:16,10:17:47,11:58:27,COMPLETED,29887.0,100660.8,211.62,6251.19
611,medium,13,11:47:41,11:56:52,11:58:58,COMPLETED,28867.0,2113.6,551.40,677.91
554,medium,13,11:25:35,11:32:55,11:59:31,COMPLETED,30604.0,26605.3,440.48,2036.66
527,easy,12,11:47:43,11:57:30,12:00:10,COMPLETED,28031.0,2679.5,587.32,747.62
515,medium,13,11:48:11,11:58:33,12:00:17,COMPLETED,29881.0,1732.8,622.51,726.15
663,easy,11,11:49:06,12:00:17,12:00:30,COMPLETED,29090.0,222.0,671.15,684.12
657,easy,12,11:49:52,12:00:36,12:00:49,COMPLETED,28360.0,224.8,644.52,657.48
679,medium,14,11:22:18,11:28:53,12:01:09,COMPLETED,33332.0,32267.3,395.29,2331.16
563,hard,15,11:27:12,11:35:59,12:01:09,COMPLETED,25284.0,25163.4,527.56,2037.16
551,easy,11,11:51:03,12:00:56,12:01:22,COMPLETED,22658.0,443.7,593.05,619.18
606,easy,12,11:49:18,12:00:23,12:01:28,COMPLETED,27829.0,1096.6,665.52,730.74
648,easy,12,11:52:24,12:01:15,12:01:54,COMPLETED,31851.0,662.2,531.49,570.97
347,medium,14,10:41:46,10:54:22,12:03:31,COMPLETED,35499.0,69161.4,756.35,4905.91
573,medium,14,11:13:31,11:14:38,12:03:31,COMPLETED,38562.0,48901.0,67.04,3000.91
524,easy,11,11:53:00,12:03:38,12:03:44,COMPLETED,30643.0,114.4,638.25,644.62
642,easy,11,11:52:58,12:02:01,12:03:51,COMPLETED,36851.0,1840.1,543.35,653.17
672,easy,11,11:54:01,12:03:51,12:04:04,COMPLETED,26427.0,225.0,590.17,603.17
649,easy,11,11:54:17,12:03:57,12:04:10,COMPLETED,27992.0,225.0,580.82,593.73
568,hard,15,11:43:24,11:53:15,12:05:59,COMPLETED,32503.0,12748.5,591.14,1355.81
509,hard,15,10:12:38,10:14:01,12:06:25,COMPLETED,30482.0,112390.1,83.81,6827.13
494,hard,15,10:31:46,10:38:30,12:07:47,COMPLETED,31292.0,89275.3,404.92,5761.34
637,medium,13,11:54:25,12:04:17,12:08:25,COMPLETED,22549.0,4137.8,592.37,840.27
612,medium,14,11:44:35,11:55:10,12:08:44,COMPLETED,33377.0,13561.3,635.92,1449.35
658,easy,12,11:56:11,12:08:31,12:08:50,COMPLETED,30335.0,322.2,740.69,759.68
675,easy,12,11:57:02,12:08:57,12:09:03,COMPLETED,18047.0,111.1,715.05,721.41
632,medium,14,11:31:13,11:38:13,12:09:09,COMPLETED,38289.0,30948.8,420.05,2276.74
627,medium,14,11:41:55,11:47:14,12:09:16,COMPLETED,29367.0,22025.9,319.82,1641.11
31,hard,15,08:42:17,08:42:17,12:09:35,COMPLETED,37618.0,207298.3,0.30,12438.16
630,easy,12,11:58:10,12:09:22,12:09:47,COMPLETED,32064.0,428.0,672.49,697.87
673,easy,11,11:58:39,12:09:54,12:10:06,COMPLETED,20731.0,220.9,675.21,687.97
357,medium,14,10:40:40,10:49:37,12:10:20,COMPLETED,28101.0,80712.8,537.58,5380.21
665,medium,14,11:48:13,11:59:05,12:10:20,COMPLETED,34247.0,11254.4,652.25,1327.21
578,medium,13,11:58:30,12:09:41,12:10:39,COMPLETED,30323.0,977.3,671.50,729.81
638,medium,13,11:54:56,12:06:06,12:11:05,COMPLETED,31644.0,4995.8,670.15,969.64
550,easy,11,11:59:45,12:10:46,12:11:18,COMPLETED,28689.0,548.0,661.19,693.59
511,medium,14,11:23:56,11:30:10,12:11:44,COMPLETED,34534.0,41565.9,374.92,2868.60
661,medium,13,11:57:43,12:09:16,12:12:23,COMPLETED,31097.0,3131.6,693.11,880.58
820,easy,12,12:01:28,12:11:51,12:12:23,COMPLETED,31671.0,548.8,623.16,655.58
797,medium,13,12:00:18,12:11:11,12:12:43,COMPLETED,26188.0,1528.0,653.96,745.32
843,easy,11,12:02:00,12:12:30,12:12:49,COMPLETED,22723.0,336.0,630.13,649.69
659,medium,13,11:59:20,12:10:26,12:13:02,COMPLETED,31485.0,2608.3,666.62,822.94
832,easy,12,12:04:06,12:12:56,12:14:07,COMPLETED,27330.0,1191.6,530.35,601.34
491,hard,15,10:00:55,10:00:56,12:15:05,COMPLETED,33339.0,134146.5,1.80,8050.51
172,hard,15,09:39:37,09:39:38,12:16:22,COMPLETED,37055.0,156738.3,1.45,9405.68
605,medium,14,11:44:34,11:54:32,12:16:35,COMPLETED,36584.0,22046.2,598.80,1921.36
742,easy,11,12:04:56,12:16:29,12:16:41,COMPLETED,29072.0,217.4,693.01,705.70
619,hard,15,11:23:51,11:29:32,12:17:25,COMPLETED,32764.0,47889.1,341.80,3215.00
819,medium,14,12:04:19,12:13:09,12:18:04,COMPLETED,32754.0,4917.5,530.27,825.04
799,easy,11,12:05:03,12:18:10,12:18:23,COMPLETED,28689.0,216.1,787.37,800.03
631,medium,14,11:46:37,11:55:48,12:18:54,COMPLETED,27032.0,23098.3,551.99,1937.73
791,easy,12,12:05:17,12:18:29,12:19:45,COMPLETED,29824.0,1272.2,792.36,868.37
745,easy,12,12:05:49,12:19:51,12:20:55,COMPLETED,33598.0,1060.9,842.72,906.07
798,easy,12,12:06:27,12:21:01,12:21:14,COMPLETED,28857.0,220.5,874.40,887.31
757,easy,12,12:05:38,12:19:01,12:21:53,COMPLETED,33544.0,2876.0,803.05,975.11
692,easy,11,12:07:34,12:21:59,12:22:12,COMPLETED,23486.0,226.9,865.66,878.78
626,medium,14,11:52:51,12:01:28,12:22:19,COMPLETED,35370.0,20850.7,517.74,1768.32
845,medium,13,12:07:33,12:21:20,12:23:04,COMPLETED,26313.0,1741.8,827.66,931.88
749,easy,12,12:08:14,12:22:26,12:23:17,COMPLETED,33163.0,870.8,852.04,903.80
847,easy,11,12:08:58,12:23:24,12:23:37,COMPLETED,24732.0,226.6,866.34,879.44
603,medium,14,11:55:23,12:06:31,12:24:48,COMPLETED,41461.0,18292.2,668.46,1765.60
818,easy,12,12:08:29,12:23:11,12:25:21,COMPLETED,28215.0,2174.3,882.21,1012.18
301,hard,15,09:14:35,09:14:37,12:26:32,COMPLETED,34280.0,191919.5,2.12,11517.22
755,medium,13,12:04:59,12:17:32,12:26:32,COMPLETED,22959.0,9006.5,753.33,1293.22
830,easy,11,12:10:41,12:26:38,12:26:51,COMPLETED,27436.0,228.4,957.81,971.00
774,easy,11,12:10:31,12:26:38,12:27:05,COMPLETED,31596.0,449.6,967.81,994.27
844,medium,14,12:02:50,12:12:30,12:28:02,COMPLETED,22780.0,15544.8,580.13,1512.65
765,easy,11,12:12:35,12:28:08,12:28:21,COMPLETED,17395.0,216.1,933.98,946.65
758,easy,11,12:13:36,12:28:27,12:28:34,COMPLETED,22173.0,111.1,891.98,898.34
697,easy,12,12:10:55,12:27:11,12:28:53,COMPLETED,26771.0,1697.4,976.84,1078.34
775,medium,14,12:04:56,12:15:11,12:29:25,COMPLETED,26900.0,14225.9,615.84,1469.12
710,easy,12,12:14:11,12:28:59,12:29:25,COMPLETED,25025.0,428.8,888.72,914.12
342,hard,15,10:38:05,10:42:42,12:31:00,COMPLETED,23081.0,108299.6,277.48,6775.37
815,easy,12,12:13:43,12:28:40,12:31:38,COMPLETED,27310.0,2970.3,897.67,1075.56
666,medium,14,11:42:50,11:50:14,12:32:29,COMPLETED,31703.0,42259.0,444.38,2979.64
849,medium,14,12:10:43,12:26:58,12:33:01,COMPLETED,26348.0,6061.7,975.64,1338.84
166,hard,15,08:16:07,08:16:09,12:33:27,COMPLETED,30144.0,257309.7,2.26,15440.82
695,easy,11,12:15:38,12:33:34,12:33:41,COMPLETED,23898.0,117.0,1076.37,1083.01
681,medium,14,12:04:56,12:16:41,12:33:47,COMPLETED,31505.0,17100.5,705.70,1731.44
828,medium,13,12:14:39,12:31:44,12:33:53,COMPLETED,24915.0,2157.7,1025.93,1154.80
735,easy,11,12:14:48,12:32:36,12:34:00,COMPLETED,33717.0,1411.2,1068.11,1152.45
604,hard,15,11:11:11,11:13:13,12:34:32,COMPLETED,30203.0,81323.7,122.62,5001.83
723,easy,12,12:16:45,12:33:47,12:34:32,COMPLETED,31021.0,765.6,1022.44,1067.83
741,easy,11,12:18:57,12:34:39,12:34:58,COMPLETED,35469.0,331.9,942.44,961.94
701,medium,13,12:17:37,12:34:00,12:35:50,COMPLETED,27534.0,1844.2,983.45,1093.82
555,hard,15,11:48:38,11:59:37,12:35:57,COMPLETED,32788.0,36324.4,659.98,2839.14
721,hard,15,12:14:14,12:29:31,12:36:10,COMPLETED,33299.0,6651.0,917.47,1316.15
766,easy,11,12:21:39,12:36:16,12:36:29,COMPLETED,23812.0,227.1,877.70,890.82
736,easy,11,12:20:11,12:35:57,12:36:49,COMPLETED,30533.0,877.4,946.14,998.29
746,medium,13,12:18:46,12:34:39,12:36:55,COMPLETED,27663.0,2282.9,953.44,1089.85
720,medium,13,12:19:20,12:35:05,12:36:55,COMPLETED,31502.0,1849.4,945.49,1055.85
413,hard,15,10:36:25,10:41:24,12:37:21,COMPLETED,32832.0,115957.0,299.45,7256.76
821,easy,12,12:21:45,12:36:55,12:37:34,COMPLETED,27885.0,651.2,910.85,949.64
728,easy,12,12:21:49,12:37:02,12:37:34,COMPLETED,34078.0,540.4,913.52,945.64
789,easy,12,12:21:58,12:37:28,12:37:47,COMPLETED,27486.0,331.5,930.29,949.68
622,hard,15,11:32:05,11:39:03,12:37:54,COMPLETED,36498.0,58845.0,418.88,3949.24
300,medium,14,09:19:35,09:19:38,12:38:00,COMPLETED,26006.0,198380.0,3.25,11905.90
811,easy,11,12:22:08,12:37:40,12:38:00,COMPLETED,34253.0,340.7,932.98,952.90
341,hard,15,10:48:47,10:58:14,12:38:07,COMPLETED,39189.0,99894.1,567.25,6560.59
696,easy,12,12:22:40,12:38:00,12:38:20,COMPLETED,27908.0,338.2,920.90,940.91
694,easy,11,12:23:14,12:38:07,12:38:20,COMPLETED,24611.0,226.9,893.59,906.91
724,easy,11,12:24:59,12:38:14,12:38:20,COMPLETED,26276.0,112.4,795.48,801.91
712,easy,11,12:24:06,12:38:07,12:38:52,COMPLETED,30308.0,754.4,841.59,886.66
787,medium,13,12:22:06,12:37:40,12:39:11,COMPLETED,28649.0,1516.6,934.98,1025.69
756,medium,13,12:25:32,12:38:27,12:39:30,COMPLETED,32659.0,1064.2,775.25,838.76
761,easy,11,12:26:28,12:38:58,12:39:30,COMPLETED,30295.0,535.6,751.00,782.76
744,easy,12,12:26:47,12:39:18,12:39:30,COMPLETED,23874.0,218.6,751.03,763.76
684,easy,11,12:26:59,12:39:37,12:39:43,COMPLETED,23834.0,111.2,758.17,764.62
647,medium,14,11:58:57,12:10:13,12:39:56,COMPLETED,33703.0,29716.8,676.49,2459.31
841,easy,12,12:26:53,12:39:37,12:40:53,COMPLETED,30275.0,1271.5,764.17,840.17
722,easy,12,12:27:07,12:39:49,12:40:59,COMPLETED,26293.0,1164.8,762.95,832.50
802,easy,11,12:28:08,12:40:59,12:41:18,COMPLETED,30636.0,322.4,771.50,790.54
683,easy,12,12:15:06,12:33:08,12:41:43,COMPLETED,34149.0,8596.0,1082.42,1597.90
837,easy,12,12:28:11,12:41:05,12:41:43,COMPLETED,29163.0,640.0,774.87,812.90
800,easy,12,12:22:12,12:37:54,12:43:12,COMPLETED,30046.0,5311.8,942.24,1260.68
346,hard,15,10:57:25,11:04:26,12:44:16,COMPLETED,32858.0,99830.3,421.61,6411.33
751,easy,12,12:28:58,12:43:19,12:44:54,COMPLETED,33961.0,1594.1,861.01,956.36
794,medium,13,12:09:56,12:25:27,12:47:13,COMPLETED,37670.0,21766.5,931.73,2237.49
759,medium,13,12:25:58,12:38:27,12:47:13,COMPLETED,36392.0,8774.8,749.25,1275.49
778,easy,12,12:29:58,12:47:19,12:47:38,COMPLETED,27802.0,324.1,1041.83,1060.92
700,medium,13,12:28:16,12:41:24,12:48:29,COMPLETED,27836.0,7083.4,788.87,1213.60
824,medium,14,12:28:22,12:41:50,12:48:55,COMPLETED,32733.0,7083.8,808.30,1233.04
772,easy,12,12:30:00,12:47:19,12:49:52,COMPLETED,28431.0,2546.2,1039.83,1192.15
795,easy,12,12:31:44,12:48:35,12:49:52,COMPLETED,30122.0,1279.3,1011.93,1088.15
610,medium,14,11:44:27,11:54:20,12:50:30,COMPLETED,24544.0,56185.3,593.07,3963.93
747,easy,12,12:31:56,12:49:58,12:50:30,COMPLETED,29138.0,545.7,1082.73,1114.93
825,easy,12,12:32:41,12:50:37,12:51:09,COMPLETED,32257.0,541.6,1076.52,1108.76
823,easy,11,12:32:53,12:51:16,12:51:22,COMPLETED,27392.0,112.0,1103.13,1109.54
615,hard,15,11:39:55,11:45:27,12:53:54,COMPLETED,37853.0,68458.1,332.16,4439.51
846,easy,12,12:33:05,12:54:00,12:54:45,COMPLETED,28227.0,742.4,1255.84,1300.07
623,medium,14,11:04:35,11:07:36,12:55:16,COMPLETED,38319.0,107676.8,181.19,6641.71
729,easy,12,12:33:28,12:55:23,12:56:13,COMPLETED,28415.0,847.6,1315.04,1365.56
582,hard,15,11:46:40,11:56:01,12:57:24,COMPLETED,30692.0,61380.9,561.75,4244.47
680,hard,15,12:30:46,12:47:45,12:57:56,COMPLETED,33117.0,10193.8,1019.31,1630.49
639,hard,15,11:32:11,11:39:35,12:58:35,COMPLETED,26918.0,78995.7,444.66,5184.26
783,easy,12,12:33:32,12:56:19,12:58:35,COMPLETED,33709.0,2261.9,1367.92,1503.26
770,easy,11,12:34:15,12:58:41,12:58:54,COMPLETED,28660.0,226.3,1466.67,1479.91
831,hard,15,12:32:13,12:49:58,13:01:36,COMPLETED,28886.0,11632.5,1065.73,1763.27
788,medium,14,12:33:48,12:58:03,13:01:49,COMPLETED,26432.0,3781.8,1455.03,1681.42
762,easy,11,12:34:21,13:01:42,13:01:49,COMPLETED,22452.0,119.7,1641.81,1648.42
773,medium,14,12:17:42,12:34:06,13:03:13,COMPLETED,33169.0,29108.6,984.83,2731.13
580,hard,15,11:55:34,12:07:53,13:03:19,COMPLETED,33931.0,55433.1,739.67,4065.45
782,hard,15,12:17:19,12:33:53,13:06:10,COMPLETED,30304.0,32274.3,994.80,2931.06
806,easy,11,12:35:38,13:06:16,13:06:29,COMPLETED,22495.0,216.5,1838.39,1851.08
617,hard,15,11:24:29,11:32:23,13:06:41,COMPLETED,37786.0,94301.1,474.80,6132.76
716,hard,15,12:33:43,12:57:30,13:07:00,COMPLETED,29005.0,9503.8,1427.79,1997.76
740,easy,12,12:36:59,13:06:48,13:07:39,COMPLETED,28715.0,853.8,1789.09,1840.02
835,medium,13,12:37:33,13:07:07,13:08:50,COMPLETED,28033.0,1727.0,1774.09,1877.17
717,medium,14,12:34:33,13:01:56,13:08:56,COMPLETED,32083.0,7019.7,1643.03,2063.76
779,medium,13,12:34:00,12:58:41,13:09:54,COMPLETED,30835.0,11226.5,1481.67,2154.79
834,medium,14,12:26:54,12:39:37,13:12:49,COMPLETED,26854.0,33204.2,763.17,2755.10
805,easy,11,12:39:19,13:12:55,13:13:15,COMPLETED,29235.0,334.2,2016.64,2036.19
826,medium,13,12:38:28,13:09:03,13:13:28,COMPLETED,31836.0,4426.1,1835.27,2100.34
704,medium,14,12:32:38,12:50:37,13:13:41,COMPLETED,35250.0,23069.0,1079.52,2463.40
709,easy,12,12:40:45,13:13:34,13:14:57,COMPLETED,37711.0,1379.9,1969.90,2052.38
690,medium,13,12:41:10,13:15:03,13:18:19,COMPLETED,27985.0,3270.9,2033.72,2229.66
750,easy,11,12:41:25,13:18:26,13:18:58,COMPLETED,23451.0,540.0,2221.00,2253.08
708,easy,12,12:41:29,13:19:04,13:20:03,COMPLETED,27347.0,987.0,2255.43,2314.14
769,medium,13,12:37:53,13:07:45,13:20:09,COMPLETED,29214.0,12411.1,1792.35,2536.69
781,hard,15,12:08:58,12:23:43,13:21:20,COMPLETED,32026.0,57620.8,885.98,4342.92
768,easy,12,12:42:36,13:20:16,13:21:27,COMPLETED,36068.0,1200.0,2260.06,2331.46
754,easy,11,12:42:52,13:21:34,13:21:40,COMPLETED,27562.0,119.0,2322.12,2328.74
848,easy,12,12:43:01,13:21:47,13:22:06,COMPLETED,25114.0,329.3,2326.30,2345.56
727,easy,11,12:43:39,13:22:13,13:22:38,COMPLETED,27604.0,437.6,2314.10,2339.85
792,medium,13,12:42:47,13:21:27,13:23:04,COMPLETED,35252.0,1635.1,2320.46,2417.98
687,easy,12,12:44:09,13:22:45,13:23:18,COMPLETED,27323.0,557.0,2316.40,2349.25
713,medium,14,12:38:07,13:08:56,13:24:10,COMPLETED,33218.0,15230.8,1849.76,2763.16
737,medium,13,12:45:08,13:24:16,13:24:55,COMPLETED,30428.0,650.9,2348.71,2387.41
718,easy,12,12:44:30,13:23:11,13:25:27,COMPLETED,32192.0,2263.4,2321.64,2457.15
706,easy,11,12:45:42,13:25:33,13:25:58,COMPLETED,31321.0,427.1,2391.48,2416.80
814,hard,15,12:35:28,13:03:25,13:31:55,COMPLETED,33985.0,28508.8,1677.82,3387.91
495,hard,15,10:38:57,10:43:28,13:32:08,COMPLETED,39547.0,168681.2,271.15,10391.96
817,medium,14,12:42:18,13:20:09,13:32:08,COMPLETED,32575.0,11992.6,2271.69,2990.96
777,medium,13,12:47:48,13:32:15,13:34:11,COMPLETED,36398.0,1951.0,2667.29,2783.86
753,medium,13,12:46:12,13:32:02,13:36:01,COMPLETED,30879.0,3995.7,2750.46,2989.88
732,easy,11,12:49:17,13:36:08,13:36:20,COMPLETED,29517.0,217.3,2811.24,2823.92
305,hard,15,09:14:38,09:14:43,13:37:43,COMPLETED,35046.0,262996.5,5.41,15785.16
822,hard,15,12:14:13,12:29:31,13:38:14,COMPLETED,30642.0,68726.5,918.47,5041.88
734,easy,11,12:50:05,13:38:21,13:38:27,COMPLETED,29037.0,111.1,2896.21,2902.56
682,easy,11,12:50:16,13:38:33,13:38:52,COMPLETED,25984.0,321.3,2897.90,2916.88
838,medium,14,12:39:15,13:10:01,13:40:21,COMPLETED,34884.0,30336.5,1846.37,3666.29
726,medium,13,12:51:04,13:40:27,13:41:44,COMPLETED,27916.0,1300.6,2963.63,3040.93
810,easy,11,12:51:08,13:41:51,13:42:04,COMPLETED,23743.0,220.2,3043.70,3056.59
703,hard,15,12:34:35,13:01:56,13:42:17,COMPLETED,36087.0,40360.4,1641.03,4062.35
801,easy,11,12:51:31,13:42:10,13:42:23,COMPLETED,24345.0,226.3,3039.93,3052.90
836,medium,13,12:51:32,13:42:23,13:42:56,COMPLETED,31579.0,544.2,3051.90,3084.26
767,easy,11,12:52:38,13:42:30,13:42:56,COMPLETED,25268.0,433.5,2992.56,3018.26
763,hard,15,12:29:54,12:45:00,13:46:41,COMPLETED,38974.0,61694.6,906.69,4607.98
813,medium,13,12:48:14,13:32:15,13:47:51,COMPLETED,25374.0,15614.8,2641.29,3577.94
790,medium,13,12:54:04,13:43:02,13:48:10,COMPLETED,32218.0,5142.5,2938.59,3246.94
691,hard,15,12:50:31,13:38:59,13:48:49,COMPLETED,25800.0,9836.8,2908.20,3498.06
714,medium,14,12:48:53,13:34:18,13:49:52,COMPLETED,37003.0,15576.1,2725.40,3659.70
752,easy,12,12:55:38,13:48:55,13:49:59,COMPLETED,21148.0,1065.0,3197.47,3261.03
702,medium,14,12:26:11,12:38:27,13:50:18,COMPLETED,28750.0,71849.5,736.25,5047.08
764,easy,11,12:55:57,13:50:05,13:50:24,COMPLETED,21257.0,322.5,3248.40,3267.40
803,easy,11,12:56:12,13:50:24,13:50:37,COMPLETED,23508.0,219.0,3252.40,3265.24
829,medium,13,12:55:01,13:47:58,13:50:49,COMPLETED,31052.0,2865.7,3177.27,3348.93
591,hard,15,11:51:52,12:01:15,13:50:56,COMPLETED,29963.0,109682.3,563.49,7144.26
807,easy,11,12:56:32,13:50:43,13:50:56,COMPLETED,25212.0,217.3,3251.58,3264.26
780,easy,12,12:56:13,13:50:30,13:51:02,COMPLETED,23249.0,537.1,3257.78,3289.64
785,easy,12,12:56:41,13:50:56,13:51:21,COMPLETED,25822.0,429.2,3255.26,3280.72
698,easy,11,12:56:46,13:51:02,13:51:47,COMPLETED,30903.0,745.0,3256.64,3301.04
771,easy,11,12:57:10,13:51:02,13:51:59,COMPLETED,32150.0,956.4,3232.64,3289.74
731,medium,13,12:55:26,13:48:17,13:52:44,COMPLETED,26067.0,4452.6,3171.27,3438.15
528,hard,15,11:32:20,11:39:48,13:53:03,COMPLETED,33400.0,133247.1,448.47,8443.18
839,medium,14,12:58:04,13:51:09,13:53:47,COMPLETED,33636.0,2647.1,3185.05,3343.59
808,easy,12,12:59:20,13:52:50,13:53:53,COMPLETED,28939.0,1063.2,3210.48,3273.92
922,easy,12,13:00:12,13:53:09,13:54:00,COMPLETED,26536.0,851.7,3177.55,3228.31
711,hard,15,12:40:57,13:13:47,13:54:38,COMPLETED,32219.0,40846.7,1970.76,4421.31
864,easy,12,13:00:37,13:54:06,13:55:22,COMPLETED,31191.0,1270.1,3209.69,3285.60
595,medium,14,11:54:25,12:04:10,14:00:35,COMPLETED,32680.0,116413.0,585.73,7570.37
940,medium,13,13:01:09,14:00:41,14:02:35,COMPLETED,27646.0,1906.3,3572.76,3686.82
827,medium,14,12:59:15,13:52:06,14:03:26,COMPLETED,33144.0,11344.1,3171.11,3851.47
959,easy,12,13:01:17,14:02:42,14:04:23,COMPLETED,26770.0,1693.7,3685.17,3786.48
960,medium,13,13:01:40,14:04:29,14:05:20,COMPLETED,30164.0,848.8,3769.82,3820.36
875,easy,12,13:02:26,14:05:26,14:05:39,COMPLETED,25115.0,222.9,3780.77,3793.63
957,easy,11,13:03:26,14:05:46,14:06:05,COMPLETED,27873.0,335.8,3740.20,3759.96
945,easy,11,13:03:27,14:06:12,14:06:18,COMPLETED,22965.0,118.0,3765.39,3771.98
970,easy,11,13:03:34,14:06:25,14:06:38,COMPLETED,22954.0,223.6,3771.51,3784.43
705,medium,14,12:55:39,13:49:59,14:06:51,COMPLETED,31561.0,16882.0,3260.03,4272.51
980,easy,12,13:03:45,14:06:44,14:08:34,COMPLETED,29387.0,1838.2,3779.97,3889.97
299,hard,15,09:23:43,09:23:44,14:08:41,COMPLETED,28151.0,284942.9,1.83,17098.30
917,easy,12,13:04:40,14:08:41,14:09:20,COMPLETED,32489.0,664.8,3841.30,3880.62
971,easy,11,13:04:53,14:08:47,14:09:33,COMPLETED,29816.0,776.9,3834.76,3880.88
707,medium,14,12:45:45,13:26:05,14:09:53,COMPLETED,30125.0,43812.5,2420.14,5048.49
863,easy,11,13:06:48,14:10:00,14:10:06,COMPLETED,24546.0,111.8,3792.04,3798.38
916,easy,12,13:07:19,14:10:12,14:10:25,COMPLETED,29459.0,223.3,3773.77,3786.67
842,hard,15,12:35:14,13:03:19,14:11:36,COMPLETED,33305.0,68295.6,1685.45,5782.97
880,easy,12,13:08:45,14:11:43,14:12:08,COMPLETED,27920.0,429.1,3778.31,3803.70
685,hard,15,12:40:19,13:13:21,14:13:05,COMPLETED,28266.0,59738.9,1982.74,5566.86
854,medium,13,13:08:58,14:12:15,14:13:24,COMPLETED,29699.0,1167.6,3797.09,3866.84
926,easy,12,13:09:07,14:13:12,14:13:31,COMPLETED,21614.0,322.4,3845.19,3864.18
919,medium,13,13:01:32,14:03:32,14:13:43,COMPLETED,36803.0,10189.8,3720.81,4331.92
860,easy,12,13:09:26,14:13:37,14:14:09,COMPLETED,28328.0,532.8,3851.56,3883.23
949,easy,12,13:09:37,14:13:50,14:14:28,COMPLETED,23481.0,637.9,3853.25,3891.22
859,easy,11,13:10:27,14:14:15,14:14:40,COMPLETED,25475.0,428.7,3828.56,3853.97
951,easy,12,13:10:57,14:14:34,14:14:47,COMPLETED,28269.0,218.3,3817.56,3830.31
878,easy,12,13:11:00,14:14:47,14:15:12,COMPLETED,27854.0,428.0,3827.31,3852.68
804,medium,14,12:45:38,13:25:01,14:18:44,COMPLETED,24509.0,53715.8,2363.79,5586.37
311,hard,15,09:23:07,09:23:12,14:19:17,COMPLETED,38607.0,296076.1,5.50,17770.04
776,hard,15,12:01:04,12:11:25,14:19:36,COMPLETED,32183.0,128190.6,621.13,8312.42
856,easy,11,13:12:12,14:19:23,14:19:42,COMPLETED,30280.0,330.8,4031.37,4050.89
809,hard,15,12:33:19,12:54:51,14:20:08,COMPLETED,29477.0,85296.7,1292.40,6409.88
877,easy,11,13:12:35,14:20:15,14:20:21,COMPLETED,20064.0,114.9,4060.42,4066.81
516,hard,15,11:28:12,11:36:05,14:21:00,COMPLETED,31706.0,164917.6,473.97,10368.87
894,medium,13,13:12:20,14:19:42,14:21:33,COMPLETED,30505.0,1844.0,4042.89,4153.08
966,medium,13,13:11:53,14:18:50,14:23:15,COMPLETED,27766.0,4421.1,4017.91,4282.90
569,medium,14,11:58:58,12:10:26,14:25:10,COMPLETED,39220.0,134728.8,688.62,8772.23
889,hard,15,13:04:19,14:06:58,14:25:10,COMPLETED,30403.0,18207.5,3759.05,4851.23
963,medium,14,13:11:33,14:15:19,14:25:16,COMPLETED,32991.0,9965.9,3826.01,4423.58
693,hard,15,12:21:41,12:36:36,14:25:29,COMPLETED,30949.0,108886.9,895.37,7428.43
739,hard,15,12:32:59,12:51:28,14:28:40,COMPLETED,30433.0,97204.0,1109.87,6941.81
725,hard,15,12:27:31,12:40:02,14:29:13,COMPLETED,28741.0,109180.0,751.64,7302.16
988,easy,12,13:18:01,14:28:47,14:29:13,COMPLETED,24436.0,438.7,4246.37,4272.16
932,medium,13,13:15:03,14:25:16,14:29:45,COMPLETED,30646.0,4490.0,4213.58,4482.60
353,hard,15,10:36:57,10:42:03,14:30:17,COMPLETED,46194.0,228239.2,306.51,14000.77
294,hard,15,09:50:39,09:50:45,14:30:37,COMPLETED,31638.0,279868.8,6.16,16798.21
992,medium,13,13:18:33,14:29:19,14:30:43,COMPLETED,27608.0,1405.7,4246.73,4330.75
908,easy,12,13:20:16,14:30:43,14:30:56,COMPLETED,24810.0,221.2,4227.75,4240.73
929,medium,14,13:13:50,14:25:16,14:31:22,COMPLETED,26086.0,6108.2,4286.58,4652.67
308,hard,15,09:28:46,09:28:46,14:32:08,COMPLETED,37370.0,303359.0,0.61,18202.11
1001,easy,12,13:20:34,14:31:29,14:32:21,COMPLETED,28353.0,871.4,4255.15,4307.15
983,easy,12,13:20:51,14:32:14,14:32:34,COMPLETED,25257.0,332.4,4283.44,4303.07
987,easy,12,13:21:40,14:32:40,14:32:53,COMPLETED,23705.0,226.6,4260.42,4273.53
925,easy,11,13:21:49,14:33:00,14:33:19,COMPLETED,27832.0,335.3,4271.06,4290.68
853,medium,13,13:19:25,14:29:52,14:33:26,COMPLETED,26670.0,3574.1,4227.09,4441.22
903,easy,11,13:22:14,14:33:32,14:33:45,COMPLETED,26576.0,220.9,4278.59,4291.48
885,easy,12,13:22:16,14:33:51,14:34:17,COMPLETED,34667.0,429.6,4295.87,4321.35
850,easy,12,13:22:12,14:33:26,14:34:23,COMPLETED,34456.0,964.2,4274.22,4331.68
1006,medium,13,13:23:51,14:34:23,14:35:08,COMPLETED,31125.0,745.7,4232.68,4277.11
784,medium,14,12:49:57,13:37:49,14:35:14,COMPLETED,39142.0,57419.6,2872.49,6317.45
982,easy,12,13:21:18,14:32:27,14:35:39,COMPLETED,38870.0,3209.9,4269.48,4461.79
1014,medium,14,13:06:28,14:09:40,14:36:05,COMPLETED,35075.0,26415.4,3792.43,5377.13
907,medium,13,13:20:03,14:30:24,14:36:24,COMPLETED,30289.0,6002.4,4221.31,4581.14
883,easy,12,13:24:18,14:35:14,14:36:24,COMPLETED,36396.0,1167.3,4256.45,4326.14
1012,easy,12,13:25:21,14:36:11,14:36:36,COMPLETED,28871.0,429.8,4250.47,4275.91
976,easy,12,13:24:32,14:35:20,14:36:56,COMPLETED,25316.0,1592.3,4248.82,4344.02
891,easy,12,13:25:31,14:36:30,14:37:02,COMPLETED,28724.0,537.5,4259.53,4291.40
61,medium,14,08:26:23,08:26:28,14:37:15,COMPLETED,37868.0,370776.2,5.62,22252.19
906,easy,12,13:24:34,14:35:46,14:37:46,COMPLETED,34676.0,2016.7,4272.12,4392.81
981,medium,14,13:11:14,14:14:53,14:38:24,COMPLETED,27780.0,23522.1,3819.69,5230.79
688,medium,14,12:49:46,13:36:27,14:40:08,COMPLETED,36767.0,63685.6,2801.31,6622.27
911,medium,13,13:27:57,14:38:31,14:40:27,COMPLETED,30768.0,1947.7,4234.12,4350.51
833,hard,15,12:04:46,12:14:13,14:44:07,COMPLETED,35190.0,149892.3,567.90,9561.25
699,hard,15,12:29:19,12:44:22,14:46:15,COMPLETED,35366.0,121877.4,903.72,8216.22
962,easy,12,13:29:26,14:46:21,14:47:37,COMPLETED,29288.0,1268.3,4615.55,4691.34
989,medium,14,13:17:32,14:25:35,14:47:56,COMPLETED,26939.0,22348.4,4083.79,5424.41
944,easy,11,13:30:06,14:48:02,14:48:21,COMPLETED,28096.0,322.9,4676.80,4695.79
995,medium,14,13:28:44,14:44:13,14:48:47,COMPLETED,31672.0,4561.4,4529.81,4803.21
588,hard,15,11:52:56,12:01:35,14:48:53,COMPLETED,29594.0,167304.8,519.39,10557.53
943,easy,12,13:30:06,14:48:28,14:48:59,COMPLETED,26115.0,534.7,4702.19,4733.92
955,easy,12,13:29:59,14:47:43,14:49:25,COMPLETED,35192.0,1701.0,4664.67,4766.40
938,medium,14,13:13:07,14:21:39,14:49:50,COMPLETED,28568.0,28191.6,4112.57,5803.84
973,easy,12,13:33:24,14:49:57,14:50:22,COMPLETED,26382.0,434.4,4593.18,4618.70
812,hard,15,12:58:34,13:51:28,14:51:15,COMPLETED,31690.0,59785.7,3174.05,6761.04
936,hard,15,13:05:25,14:09:27,14:52:00,COMPLETED,29970.0,42556.8,3842.24,6395.32
855,hard,15,13:07:37,14:10:32,14:53:04,COMPLETED,31573.0,42538.9,3775.21,6327.36
947,easy,12,13:33:54,14:53:10,14:53:35,COMPLETED,24554.0,426.5,4756.69,4781.98
986,medium,13,13:33:36,14:50:29,14:54:20,COMPLETED,30522.0,3853.8,4613.29,4844.22
1003,medium,13,13:31:30,14:49:31,14:56:03,COMPLETED,32830.0,6540.4,4681.77,5073.91
997,medium,14,13:33:46,14:52:06,14:56:48,COMPLETED,29383.0,4695.5,4700.89,4982.25
886,easy,11,13:34:39,14:56:54,14:57:07,COMPLETED,24243.0,219.0,4935.69,4948.48
222,hard,15,09:23:46,09:23:51,14:58:10,COMPLETED,31854.0,334327.8,5.16,20064.79
677,hard,15,11:27:42,11:35:59,14:59:52,COMPLETED,27741.0,203876.3,497.56,12730.12
920,easy,12,13:35:37,14:59:58,15:00:11,COMPLETED,32977.0,216.6,5061.45,5074.14
952,hard,15,13:26:43,14:37:21,15:00:42,COMPLETED,28115.0,23358.0,4238.52,5639.76
1010,medium,14,13:34:02,14:54:26,15:00:49,COMPLETED,24872.0,6381.1,4824.56,5207.08
905,easy,11,13:35:39,15:00:49,15:01:01,COMPLETED,24824.0,218.5,5110.08,5122.87
1008,easy,11,13:36:47,15:01:08,15:01:14,COMPLETED,27374.0,111.6,5061.23,5067.62
892,medium,13,13:37:02,15:01:20,15:02:05,COMPLETED,29406.0,749.6,5058.95,5103.62
689,hard,15,12:20:15,12:36:03,15:02:56,COMPLETED,44070.0,146877.9,948.66,9761.20
941,hard,15,13:12:37,14:20:28,15:03:02,COMPLETED,31538.0,42574.6,4071.35,6625.58
914,medium,14,13:34:36,14:56:10,15:03:21,COMPLETED,28278.0,7195.5,4894.24,5325.67
1013,easy,11,13:37:54,15:03:08,15:03:21,COMPLETED,19995.0,217.1,5114.99,5127.67
882,hard,15,13:28:08,14:40:14,15:03:59,COMPLETED,28718.0,23755.2,4326.60,5751.69
1011,medium,14,13:23:59,14:34:30,15:04:31,COMPLETED,25701.0,30023.7,4231.10,6032.31
115,hard,15,08:35:11,08:35:13,15:04:50,COMPLETED,42611.0,389610.5,2.69,23379.31
909,easy,11,13:39:46,15:04:37,15:04:50,COMPLETED,18109.0,216.4,5091.64,5104.31
884,medium,13,13:37:47,15:03:02,15:05:03,COMPLETED,31186.0,2013.7,5115.58,5236.13
913,easy,12,13:38:54,15:03:28,15:05:09,COMPLETED,21944.0,1695.0,5074.03,5175.45
950,medium,14,13:26:31,14:37:08,15:05:22,COMPLETED,26613.0,28226.2,4237.83,5931.18
928,easy,12,13:40:34,15:05:09,15:05:22,COMPLETED,23314.0,217.2,5075.45,5088.18
607,medium,14,11:42:56,11:53:08,15:06:06,COMPLETED,35809.0,192968.2,612.45,12190.49
933,medium,13,13:36:07,15:00:55,15:06:25,COMPLETED,37977.0,5504.5,5088.47,5418.49
874,easy,11,13:41:16,15:06:12,15:06:31,COMPLETED,30497.0,322.5,5096.81,5115.82
887,easy,12,13:41:49,15:06:31,15:06:44,COMPLETED,30350.0,217.6,5082.82,5095.54
871,easy,11,13:41:52,15:06:38,15:07:03,COMPLETED,24939.0,434.2,5086.19,5111.74
994,easy,11,13:42:44,15:07:10,15:07:16,COMPLETED,24024.0,115.4,5066.30,5072.90
924,easy,12,13:40:24,15:04:56,15:07:36,COMPLETED,33600.0,2665.4,5072.65,5232.17
743,hard,15,12:14:15,12:31:06,15:07:55,COMPLETED,37117.0,156814.4,1011.74,10420.44
961,medium,13,13:35:36,14:58:17,15:07:55,COMPLETED,23280.0,9645.2,4961.18,5539.44
583,hard,15,11:05:53,11:09:11,15:08:02,COMPLETED,29637.0,238848.3,198.36,14529.01
865,easy,11,13:44:47,15:08:08,15:08:15,COMPLETED,24300.0,118.9,5001.73,5008.37
730,hard,15,12:07:55,12:22:19,15:08:34,COMPLETED,32024.0,166259.2,864.32,10839.74
1009,medium,13,13:35:39,15:00:17,15:08:47,COMPLETED,34358.0,8515.0,5078.47,5588.94
978,medium,13,13:43:27,15:08:02,15:08:47,COMPLETED,26349.0,773.2,5075.01,5120.94
946,medium,13,13:45:26,15:08:41,15:08:47,COMPLETED,24806.0,121.1,4995.27,5001.94
965,easy,12,13:46:07,15:08:54,15:09:07,COMPLETED,22391.0,217.3,4967.58,4980.31
1005,easy,12,13:42:51,15:07:23,15:09:20,COMPLETED,25700.0,1950.6,5072.26,5189.02
881,easy,11,13:47:03,15:09:26,15:09:32,COMPLETED,25481.0,111.4,4943.35,4949.72
899,easy,12,13:47:01,15:09:13,15:09:45,COMPLETED,33662.0,534.4,4932.65,4964.42
915,easy,12,13:47:19,15:09:51,15:10:10,COMPLETED,23615.0,322.4,4952.75,4971.79
888,easy,11,13:47:49,15:10:17,15:10:23,COMPLETED,25142.0,111.2,4948.12,4954.49
953,easy,11,13:48:29,15:10:29,15:10:48,COMPLETED,21623.0,322.6,4920.81,4939.87
977,easy,12,13:46:21,15:08:54,15:11:20,COMPLETED,36471.0,2436.4,4953.58,5099.52
1002,easy,12,13:48:39,15:10:55,15:11:26,COMPLETED,25856.0,533.3,4936.19,4967.84
935,easy,12,13:39:02,15:04:06,15:11:45,COMPLETED,32090.0,7668.9,5104.01,5563.90
851,easy,11,13:50:12,15:11:33,15:11:45,COMPLETED,26998.0,216.5,4881.22,4893.90
985,hard,15,13:41:05,15:05:28,15:13:52,COMPLETED,23673.0,8409.0,5063.51,5567.78
869,easy,12,13:49:59,15:11:26,15:14:05,COMPLETED,34013.0,2649.3,4887.84,5046.51
930,easy,12,13:51:22,15:13:59,15:14:11,COMPLETED,26068.0,217.5,4957.13,4969.84
1016,medium,13,13:51:25,15:14:18,15:15:22,COMPLETED,27651.0,1086.1,4973.22,5037.88
793,hard,15,12:54:48,13:46:48,15:17:12,COMPLETED,27067.0,90410.6,3120.56,8544.98
931,medium,13,13:51:13,15:11:52,15:17:19,COMPLETED,27762.0,5460.8,4839.23,5166.54
975,medium,14,13:39:49,15:04:56,15:17:51,COMPLETED,30083.0,12926.7,5107.65,5882.85
1000,hard,15,13:00:42,13:54:44,15:18:18,COMPLETED,34594.0,83561.7,3242.65,8256.22
879,easy,12,13:53:39,15:17:25,15:18:30,COMPLETED,35046.0,1089.2,5026.97,5091.99
937,hard,15,13:12:28,14:19:49,15:18:43,COMPLETED,27770.0,58911.5,4041.26,7575.80
984,medium,14,13:20:18,14:30:50,15:18:56,COMPLETED,36877.0,48110.3,4232.11,7118.58
867,easy,11,13:54:10,15:18:37,15:18:56,COMPLETED,36237.0,325.6,5067.36,5086.58
904,easy,11,13:54:27,15:18:50,15:19:22,COMPLETED,25827.0,538.9,5063.14,5095.19
972,easy,12,13:55:54,15:19:28,15:19:47,COMPLETED,27163.0,322.3,5014.51,5033.54
870,easy,12,13:55:54,15:19:53,15:20:06,COMPLETED,31633.0,216.6,5039.87,5052.55
921,easy,12,13:53:30,15:17:19,15:20:25,COMPLETED,33513.0,3106.7,5029.54,5215.66
868,easy,12,13:55:41,15:19:02,15:20:25,COMPLETED,30500.0,1382.7,5001.92,5084.66
998,easy,11,13:56:34,15:20:12,15:20:44,COMPLETED,34272.0,536.6,5018.89,5050.77
895,hard,15,13:31:00,14:48:59,15:21:16,COMPLETED,26751.0,32280.9,4679.92,6616.54
968,easy,12,13:57:36,15:20:32,15:21:35,COMPLETED,25421.0,1065.6,4976.00,5039.69
990,easy,11,13:58:14,15:21:22,15:21:42,COMPLETED,29475.0,323.7,4988.94,5008.02
872,easy,12,13:58:41,15:21:42,15:22:26,COMPLETED,21761.0,744.7,4981.02,5025.38
1004,medium,13,13:58:54,15:21:48,15:24:32,COMPLETED,22155.0,2748.2,4974.39,5138.97
918,easy,12,13:59:06,15:24:39,15:25:23,COMPLETED,23923.0,745.7,5133.31,5177.73
927,hard,15,13:26:26,14:37:02,15:25:55,COMPLETED,31556.0,48885.6,4236.40,7169.37
969,easy,12,13:59:20,15:25:30,15:26:27,COMPLETED,31468.0,954.4,5170.08,5227.03
948,easy,12,13:59:59,15:26:33,15:27:17,COMPLETED,32806.0,747.3,5194.37,5238.71
645,hard,15,11:31:47,11:38:25,15:28:02,COMPLETED,33757.0,229615.1,398.76,14175.60
636,hard,15,11:56:57,12:08:50,15:28:15,COMPLETED,36471.0,199412.3,713.68,12678.36
1108,easy,11,14:00:37,15:28:09,15:28:28,COMPLETED,28078.0,322.2,5252.01,5271.03
852,medium,14,13:27:53,14:37:53,15:28:34,COMPLETED,28847.0,50690.3,4200.17,7241.38
1086,easy,11,14:01:14,15:28:40,15:28:53,COMPLETED,28219.0,219.7,5246.75,5259.63
893,hard,15,13:35:06,14:57:13,15:29:31,COMPLETED,33718.0,32303.7,4927.86,6865.89
1162,easy,12,14:00:45,15:28:21,15:29:38,COMPLETED,27820.0,1281.2,5256.68,5333.22
956,medium,14,13:59:02,15:22:32,15:29:50,COMPLETED,31824.0,7308.2,5010.73,5448.95
1126,easy,11,14:01:49,15:29:38,15:30:03,COMPLETED,30343.0,429.0,5269.22,5294.67
1120,easy,11,14:02:29,15:29:57,15:30:03,COMPLETED,28307.0,111.8,5248.27,5254.67
1174,easy,12,14:03:11,15:30:09,15:30:29,COMPLETED,31619.0,327.5,5219.00,5238.32
1063,easy,11,14:02:57,15:30:09,15:30:42,COMPLETED,26515.0,540.3,5233.00,5265.12
912,medium,13,13:57:31,15:20:32,15:32:48,COMPLETED,30960.0,12283.7,4981.00,5717.75
1153,easy,11,14:03:27,15:32:55,15:33:39,COMPLETED,23014.0,743.0,5368.09,5412.35
862,hard,15,13:25:56,14:36:43,15:34:04,COMPLETED,30756.0,57360.1,4247.30,7688.74
1180,easy,11,14:03:43,15:34:11,15:34:23,COMPLETED,31924.0,216.2,5428.07,5440.74
902,medium,14,13:53:49,15:17:58,15:35:08,COMPLETED,28726.0,17164.3,5049.42,6079.03
1055,medium,14,14:01:38,15:28:59,15:35:20,COMPLETED,32032.0,6350.7,5241.96,5622.72
1163,medium,13,14:03:22,15:30:48,15:35:20,COMPLETED,31146.0,4542.9,5246.45,5518.72
1179,medium,13,14:03:13,15:30:35,15:36:17,COMPLETED,31969.0,5704.5,5242.72,5584.70
1098,medium,13,14:06:19,15:35:27,15:37:22,COMPLETED,24294.0,1924.0,5348.06,5463.01
1017,hard,15,13:47:17,15:09:39,15:38:00,COMPLETED,32776.0,28369.4,4942.06,6643.81
1051,easy,12,14:07:06,15:38:07,15:38:52,COMPLETED,30328.0,766.5,5461.39,5506.89
896,medium,14,13:58:13,15:20:51,15:39:31,COMPLETED,30290.0,18680.4,4958.13,6078.70
1047,easy,11,14:07:17,15:39:38,15:39:57,COMPLETED,32684.0,332.6,5541.03,5560.50
1023,easy,12,14:06:34,15:36:24,15:40:04,COMPLETED,34049.0,3676.8,5390.03,5610.03
1107,easy,12,14:06:22,15:35:27,15:40:23,COMPLETED,43219.0,4953.3,5345.06,5641.83
1189,easy,12,14:07:13,15:38:59,15:40:56,COMPLETED,27962.0,1956.5,5506.42,5623.33
1171,medium,14,14:04:34,15:34:30,15:42:00,COMPLETED,32402.0,7517.6,5396.06,5846.63
967,medium,14,13:30:38,14:48:53,15:42:13,COMPLETED,33830.0,53344.1,4695.53,7895.83
1128,easy,12,14:07:51,15:42:07,15:42:20,COMPLETED,23560.0,231.9,5656.20,5669.52
1134,easy,11,14:07:53,15:42:20,15:42:46,COMPLETED,31250.0,438.7,5667.52,5693.55
1044,medium,13,14:07:39,15:40:30,15:42:52,COMPLETED,34489.0,2380.7,5571.37,5713.88
1046,easy,11,14:08:07,15:42:52,15:43:11,COMPLETED,22800.0,322.7,5685.88,5704.94
816,hard,15,12:04:57,12:16:48,15:43:24,COMPLETED,30353.0,206610.6,711.08,13107.65
898,hard,15,13:33:37,14:51:21,15:43:30,COMPLETED,31117.0,52163.6,4664.37,7793.98
1166,easy,11,14:08:29,15:43:30,15:43:37,COMPLETED,23575.0,112.7,5701.98,5708.36
999,medium,14,13:44:59,15:08:21,15:44:15,COMPLETED,30397.0,35894.9,5002.90,7156.39
1072,easy,12,14:08:28,15:43:18,15:44:21,COMPLETED,30806.0,1062.8,5690.28,5753.72
1042,easy,11,14:11:14,15:44:28,15:44:53,COMPLETED,28276.0,426.7,5594.09,5619.39
1079,medium,13,14:10:16,15:44:21,15:45:25,COMPLETED,31524.0,1060.2,5645.72,5709.03
958,hard,15,13:31:10,14:49:06,15:45:44,COMPLETED,35747.0,56631.2,4676.31,8074.02
1129,easy,12,14:11:58,15:45:31,15:46:28,COMPLETED,31325.0,955.1,5613.36,5670.36
1096,medium,14,14:07:47,15:41:02,15:47:31,COMPLETED,31710.0,6483.0,5595.89,5984.60
1127,medium,13,14:12:08,15:45:50,15:48:16,COMPLETED,30463.0,2445.6,5622.35,5768.60
861,hard,15,13:12:41,14:21:07,15:49:14,COMPLETED,31605.0,88124.6,4106.41,9393.76
1150,medium,13,14:06:40,15:37:28,15:52:59,COMPLETED,31434.0,15523.6,5448.56,6379.56
1152,medium,13,14:13:07,15:47:37,15:53:19,COMPLETED,30299.0,5692.4,5670.95,6012.03
1020,easy,12,14:08:01,15:42:27,15:53:25,COMPLETED,31084.0,10982.7,5666.17,6324.56
1081,easy,11,14:15:31,15:53:32,15:53:45,COMPLETED,24631.0,219.2,5881.24,5894.08
1103,easy,11,14:14:37,15:53:06,15:54:48,COMPLETED,41617.0,1709.5,5909.10,6011.33
1115,easy,11,14:15:55,15:54:54,15:55:07,COMPLETED,20750.0,216.2,5939.71,5952.38
1177,medium,14,14:07:33,15:40:10,15:55:20,COMPLETED,29356.0,15160.1,5557.71,6467.06
1102,easy,11,14:15:59,15:55:13,15:55:26,COMPLETED,24469.0,217.4,5954.70,5967.39
1110,medium,14,14:10:10,15:43:43,15:55:51,COMPLETED,31137.0,12138.7,5613.78,6341.84
858,medium,14,13:37:11,15:02:11,15:56:04,COMPLETED,26919.0,53878.7,5100.95,8333.51
1035,medium,13,14:15:37,15:53:51,15:57:07,COMPLETED,28924.0,3277.9,5894.41,6090.79
1085,medium,13,14:16:52,15:56:10,15:57:14,COMPLETED,29485.0,1060.9,5958.84,6022.13
901,hard,15,13:54:51,15:19:02,15:58:11,COMPLETED,28792.0,39141.6,5051.92,7400.18
1027,easy,12,14:17:05,15:57:14,15:58:36,COMPLETED,26097.0,1378.9,6009.13,6091.57
1040,easy,11,14:18:35,15:58:42,15:58:55,COMPLETED,21425.0,216.4,6007.90,6020.57
1084,medium,13,14:17:28,15:57:20,15:59:01,COMPLETED,31723.0,1696.0,5992.53,6093.91
1059,easy,11,14:18:37,15:59:01,15:59:08,COMPLETED,24063.0,112.6,6024.91,6031.33
1125,easy,12,14:18:45,15:59:08,15:59:14,COMPLETED,28550.0,115.7,6023.33,6029.70
1158,easy,11,14:19:07,15:59:14,15:59:34,COMPLETED,22971.0,336.8,6007.70,6027.42
866,medium,14,13:15:04,14:25:23,16:00:19,COMPLETED,38950.0,94944.4,4219.04,9915.57
910,medium,14,13:42:59,15:07:42,16:00:45,COMPLETED,34350.0,53047.9,5083.71,8266.29
954,hard,15,13:00:17,13:54:00,16:01:11,COMPLETED,42767.0,127189.0,3223.31,10854.46
974,hard,15,13:51:26,15:15:29,16:01:30,COMPLETED,33427.0,46026.2,5043.43,7804.81
1075,medium,13,14:20:07,16:00:51,16:01:43,COMPLETED,26915.0,866.1,6044.83,6096.50
1067,easy,12,14:20:11,16:01:17,16:02:02,COMPLETED,24280.0,746.6,6066.99,6111.51
1054,easy,11,14:20:21,16:01:37,16:02:08,COMPLETED,35129.0,534.2,6076.14,6107.84
1038,easy,12,14:20:51,16:01:49,16:02:08,COMPLETED,25756.0,322.8,6058.83,6077.84
1138,medium,14,14:01:04,15:28:34,16:02:46,COMPLETED,33248.0,34211.6,5250.38,7302.87
1169,easy,12,14:20:00,15:59:40,16:02:46,COMPLETED,34185.0,3103.4,5980.96,6166.87
1097,easy,12,14:21:15,16:02:15,16:02:53,COMPLETED,23819.0,639.3,6060.23,6098.20
1186,medium,13,14:21:03,16:02:08,16:03:18,COMPLETED,29202.0,1168.8,6065.84,6135.63
1165,easy,12,14:22:28,16:02:53,16:03:31,COMPLETED,27514.0,640.3,6025.20,6063.37
1188,easy,11,14:22:56,16:02:59,16:03:31,COMPLETED,24516.0,534.0,6003.64,6035.37
1148,easy,12,14:23:57,16:03:37,16:03:57,COMPLETED,29576.0,333.0,5980.71,6000.21
1062,easy,11,14:25:17,16:03:37,16:03:57,COMPLETED,25921.0,332.0,5900.71,5920.21
1130,easy,12,14:25:29,16:04:03,16:04:30,COMPLETED,24144.0,444.9,5914.77,5941.08
1080,easy,11,14:25:31,16:04:36,16:04:49,COMPLETED,31873.0,219.9,5945.61,5958.44
1136,easy,11,14:25:41,16:04:55,16:05:08,COMPLETED,22774.0,218.8,5954.83,5967.63
1124,medium,14,14:12:50,15:46:34,16:05:59,COMPLETED,28541.0,19413.6,5624.69,6789.23
1104,medium,14,14:14:50,15:53:25,16:06:12,COMPLETED,29909.0,12779.4,5915.56,6682.04
1145,easy,12,14:26:12,16:06:05,16:06:37,COMPLETED,27792.0,536.4,5993.62,6025.50
1015,medium,14,13:40:51,15:05:15,16:06:43,COMPLETED,32347.0,61470.9,5064.82,8752.83
1073,easy,11,14:26:41,16:06:43,16:07:09,COMPLETED,26051.0,434.1,6002.83,6028.58
1030,easy,11,14:27:45,16:07:15,16:07:28,COMPLETED,25825.0,216.7,5970.90,5983.58
1143,medium,13,14:25:44,16:05:14,16:07:34,COMPLETED,25468.0,2338.2,5970.99,6110.93
1114,easy,12,14:27:58,16:07:34,16:08:31,COMPLETED,37999.0,954.6,5976.93,6033.91
1133,easy,12,14:28:07,16:07:41,16:08:44,COMPLETED,27784.0,1059.7,5974.32,6037.61
857,hard,15,13:42:18,15:06:50,16:09:09,COMPLETED,33403.0,62320.0,5072.90,8811.93
525,hard,15,11:57:36,12:09:09,16:09:35,COMPLETED,26089.0,240426.2,693.74,15119.25
1149,hard,15,14:13:52,15:49:21,16:12:13,COMPLETED,26750.0,22882.1,5729.09,7101.79
1123,medium,14,14:13:41,15:48:23,16:12:32,COMPLETED,32067.0,24164.3,5682.14,7131.78
1024,easy,11,14:31:28,16:12:20,16:12:39,COMPLETED,27634.0,322.4,6052.12,6071.12
1057,easy,12,14:32:13,16:12:39,16:13:23,COMPLETED,23093.0,743.0,6026.12,6070.39
1106,medium,13,14:03:42,15:33:45,16:15:17,COMPLETED,34903.0,41527.3,5403.69,7895.14
1033,easy,11,14:33:03,16:15:23,16:16:02,COMPLETED,35051.0,651.1,6140.47,6179.22
1109,hard,15,14:16:52,15:55:58,16:19:07,COMPLETED,31963.0,23165.0,5946.17,7335.83
840,hard,15,12:34:21,12:59:01,16:20:04,COMPLETED,26106.0,201056.8,1480.38,13543.69
964,hard,15,13:09:13,14:13:31,16:20:17,COMPLETED,37800.0,126772.9,3858.18,11464.43
389,medium,14,10:54:28,11:02:29,16:21:39,COMPLETED,40125.0,319167.2,481.66,19631.66
1049,medium,13,14:33:38,16:20:11,16:21:45,COMPLETED,32067.0,1587.6,6393.07,6487.99
1119,easy,11,14:34:31,16:21:45,16:21:58,COMPLETED,26125.0,217.0,6434.99,6447.72
1022,medium,13,14:33:33,16:19:14,16:22:24,COMPLETED,31362.0,3169.3,6341.17,6531.03
1088,medium,14,14:25:27,16:04:03,16:22:30,COMPLETED,30918.0,18448.2,5916.77,7023.37
1036,easy,12,14:35:30,16:22:05,16:22:30,COMPLETED,23170.0,428.2,6395.05,6420.37
1077,easy,12,14:37:32,16:22:36,16:22:55,COMPLETED,22989.0,321.2,6304.77,6323.77
1048,easy,11,14:37:38,16:23:02,16:23:27,COMPLETED,24016.0,439.8,6324.10,6349.98
1078,medium,14,14:16:12,15:55:32,16:23:41,COMPLETED,36281.0,28145.7,5960.77,7649.16
738,hard,15,12:09:13,12:24:55,16:24:26,COMPLETED,35321.0,239523.0,942.19,15313.46
1139,medium,14,14:33:50,16:20:23,16:24:26,COMPLETED,27488.0,4053.2,6393.76,6636.46
1041,easy,11,14:38:29,16:24:33,16:24:52,COMPLETED,27189.0,331.3,6364.03,6383.45
1183,easy,12,14:38:13,16:23:47,16:25:31,COMPLETED,25218.0,1738.6,6334.72,6438.71
1031,easy,11,14:38:49,16:25:38,16:25:50,COMPLETED,30670.0,220.5,6409.08,6421.99
890,hard,15,13:41:14,15:05:28,16:25:57,COMPLETED,36119.0,80486.3,5054.51,9883.33
1034,medium,13,14:38:26,16:24:33,16:26:23,COMPLETED,29582.0,1849.8,6367.03,6477.53
733,hard,15,12:31:50,12:49:01,16:26:30,COMPLETED,30482.0,217481.8,1031.39,14080.08
1182,easy,11,14:39:10,16:25:57,16:26:30,COMPLETED,21096.0,555.8,6407.33,6440.08
1056,medium,13,14:39:53,16:26:30,16:26:43,COMPLETED,21487.0,230.3,6397.08,6410.43
1176,easy,11,14:39:59,16:26:36,16:26:49,COMPLETED,31600.0,230.5,6397.74,6410.97
1058,hard,15,14:32:51,16:13:29,16:27:09,COMPLETED,24462.0,13675.3,6038.73,6858.80
1060,easy,11,14:41:54,16:27:16,16:27:29,COMPLETED,26535.0,220.8,6322.36,6335.31
1156,easy,12,14:41:02,16:26:36,16:27:55,COMPLETED,23361.0,1311.7,6334.74,6413.06
1135,medium,14,14:27:21,16:06:50,16:28:08,COMPLETED,36406.0,21304.9,5969.27,7247.20
1070,medium,14,14:28:37,16:08:38,16:28:08,COMPLETED,43143.0,19506.4,6001.24,7171.20
1068,medium,13,14:38:46,16:24:58,16:28:14,COMPLETED,29761.0,3270.5,6372.99,6568.78
760,hard,15,12:28:28,12:41:50,16:28:47,COMPLETED,34616.0,226953.2,802.30,14419.41
1064,easy,12,14:41:07,16:26:49,16:29:00,COMPLETED,31504.0,2183.7,6342.97,6473.54
1111,easy,12,14:43:07,16:28:14,16:29:32,COMPLETED,29803.0,1300.3,6307.78,6385.49
1052,easy,12,14:44:14,16:29:07,16:29:38,COMPLETED,27671.0,536.0,6293.09,6324.90
1089,easy,11,14:44:41,16:29:38,16:29:51,COMPLETED,30668.0,217.6,6297.90,6310.65
1095,easy,12,14:43:26,16:28:21,16:30:42,COMPLETED,23925.0,2353.7,6295.30,6436.24
1100,easy,12,14:42:32,16:28:01,16:31:26,COMPLETED,30377.0,3419.2,6329.60,6534.48
1161,medium,14,14:37:05,16:22:36,16:31:32,COMPLETED,37352.0,8939.0,6331.77,6867.81
1116,easy,11,14:47:03,16:31:39,16:31:45,COMPLETED,22390.0,111.2,6276.18,6282.54
1043,medium,14,14:42:14,16:27:35,16:33:20,COMPLETED,22716.0,5749.7,6321.63,6666.33
1087,easy,12,14:49:04,16:33:26,16:34:11,COMPLETED,29975.0,753.8,6262.68,6307.43
1029,hard,15,14:49:12,16:34:17,16:36:13,COMPLETED,28961.0,1939.5,6305.95,6421.82
1083,easy,12,14:45:11,16:29:57,16:37:12,COMPLETED,30498.0,7242.4,6286.99,6721.07
1144,easy,12,14:49:14,16:36:20,16:37:18,COMPLETED,30270.0,977.0,6426.36,6484.60
1032,medium,14,14:43:27,16:28:53,16:37:50,COMPLETED,27989.0,8957.8,6326.94,6863.95
1146,medium,14,14:44:48,16:29:45,16:38:04,COMPLETED,28145.0,8321.7,6297.28,6796.13
1141,hard,15,14:04:39,15:35:14,16:38:17,COMPLETED,32976.0,63053.0,5435.37,9218.27
1117,easy,11,14:49:17,16:37:18,16:38:43,COMPLETED,35204.0,1415.3,6481.60,6566.06
1061,medium,13,14:48:51,16:31:51,16:39:02,COMPLETED,24967.0,7185.6,6180.87,6611.52
1021,easy,12,14:50:41,16:38:23,16:39:15,COMPLETED,28611.0,873.4,6462.81,6514.74
1147,easy,11,14:52:46,16:39:22,16:39:41,COMPLETED,25988.0,331.8,6396.28,6415.68
1142,medium,14,14:43:02,16:28:14,16:39:54,COMPLETED,24074.0,11675.1,6312.78,7012.86
1028,medium,13,14:49:38,16:37:57,16:39:54,COMPLETED,30536.0,1963.8,6499.51,6616.86
1112,easy,12,14:53:44,16:40:01,16:40:20,COMPLETED,22473.0,321.7,6377.39,6396.43
1026,easy,11,14:53:12,16:40:01,16:40:26,COMPLETED,39017.0,428.4,6409.39,6434.76
1091,hard,15,14:32:22,16:12:45,16:43:05,COMPLETED,28265.0,30329.5,6023.49,7843.03
1076,easy,11,14:54:31,16:43:11,16:43:24,COMPLETED,25804.0,217.7,6520.36,6533.09
876,hard,15,13:53:51,15:18:24,16:43:30,COMPLETED,35970.0,85101.2,5073.55,10179.44
873,hard,15,13:38:09,15:03:28,16:44:21,COMPLETED,37689.0,100885.4,5119.03,11172.04
1066,easy,11,14:55:59,16:44:27,16:44:40,COMPLETED,19719.0,216.3,6508.37,6521.04
1160,hard,15,14:22:10,16:02:15,16:44:52,COMPLETED,30530.0,42627.7,6005.23,8562.72
715,hard,15,12:53:34,13:43:02,16:45:37,COMPLETED,34417.0,182592.1,2968.59,13924.00
1170,easy,11,14:57:01,16:45:44,16:45:57,COMPLETED,27401.0,224.9,6523.54,6536.66
1168,easy,12,14:56:03,16:44:46,16:46:10,COMPLETED,27216.0,1410.1,6523.36,6607.49
1187,easy,11,14:57:44,16:46:17,16:46:36,COMPLETED,27189.0,325.2,6513.03,6532.24
1090,easy,12,14:58:19,16:46:42,16:47:08,COMPLETED,32502.0,439.4,6503.57,6529.44
1069,medium,14,14:50:43,16:38:49,16:47:21,COMPLETED,34407.0,8540.5,6486.59,6998.59
1154,easy,12,14:57:02,16:46:04,16:47:21,COMPLETED,28860.0,1300.8,6542.07,6619.59
1132,easy,11,14:59:27,16:47:28,16:47:34,COMPLETED,18733.0,117.9,6481.16,6487.83
1131,medium,14,14:55:13,16:43:30,16:47:41,COMPLETED,34507.0,4187.5,6497.44,6748.36
1025,easy,12,14:59:21,16:47:28,16:47:54,COMPLETED,31764.0,445.4,6487.16,6513.38
1215,easy,11,15:00:34,16:48:00,16:48:07,COMPLETED,23708.0,114.4,6446.95,6453.31
1113,medium,14,14:39:51,16:26:04,16:48:13,COMPLETED,32946.0,22168.3,6373.06,7702.85
1357,easy,11,15:00:41,16:48:13,16:48:26,COMPLETED,26217.0,225.5,6452.85,6465.87
1352,easy,12,15:00:21,16:47:47,16:48:59,COMPLETED,30728.0,1203.3,6446.75,6518.42
1351,easy,12,15:01:06,16:48:33,16:49:18,COMPLETED,24110.0,765.0,6447.43,6492.97
1252,easy,12,15:01:29,16:49:06,16:49:38,COMPLETED,23179.0,539.5,6457.02,6489.10
1289,easy,12,15:01:48,16:49:25,16:49:38,COMPLETED,26427.0,217.3,6457.38,6470.10
1050,easy,12,14:58:51,16:47:14,16:49:44,COMPLETED,23803.0,2497.0,6503.98,6653.44
1283,easy,11,15:01:49,16:49:44,16:49:50,COMPLETED,22217.0,114.0,6475.44,6481.85
1173,medium,13,14:54:19,16:40:33,16:50:10,COMPLETED,32605.0,9627.6,6374.13,6951.34
1258,easy,12,15:02:25,16:49:50,16:50:16,COMPLETED,30050.0,444.7,6445.85,6471.89
1344,easy,12,15:03:00,16:50:16,16:50:23,COMPLETED,35744.0,122.9,6436.89,6443.63
1218,easy,12,15:02:43,16:49:57,16:50:36,COMPLETED,30373.0,668.8,6434.31,6473.97
1037,medium,14,14:55:56,16:43:36,16:50:43,COMPLETED,35615.0,7119.5,6460.81,6887.52
1287,easy,11,15:03:43,16:50:23,16:50:43,COMPLETED,31067.0,339.9,6400.63,6420.52
1325,easy,11,15:04:07,16:50:43,16:50:56,COMPLETED,25891.0,224.5,6396.52,6409.70
1201,easy,12,15:04:57,16:50:50,16:51:09,COMPLETED,30390.0,325.9,6353.06,6372.40
1342,easy,12,15:04:35,16:50:50,16:51:28,COMPLETED,22752.0,644.5,6375.06,6413.44
1345,medium,14,15:05:06,16:51:03,16:52:44,COMPLETED,24762.0,1695.2,6357.03,6458.45
1065,medium,14,14:51:51,16:39:09,16:54:19,COMPLETED,39253.0,15176.5,6438.10,7348.44
1316,medium,13,15:03:56,16:50:30,16:55:47,COMPLETED,27146.0,5298.5,6394.31,6711.94
1191,easy,12,15:07:41,16:55:54,16:56:19,COMPLETED,24588.0,430.6,6493.28,6518.60
1294,medium,13,15:07:13,16:54:25,16:56:32,COMPLETED,25799.0,2122.7,6432.77,6559.76
1071,hard,15,14:22:10,16:02:53,16:56:39,COMPLETED,36125.0,53773.1,6043.20,9269.17
1302,medium,13,15:02:05,16:49:44,16:57:18,COMPLETED,22081.0,7573.3,6459.44,6913.49
629,hard,15,11:19:02,11:20:00,16:59:14,COMPLETED,35453.0,339232.6,58.96,20412.88
1094,medium,14,14:28:52,16:08:50,16:59:21,COMPLETED,34730.0,50509.0,5998.94,9029.20
1274,medium,13,15:10:04,16:59:21,17:00:25,COMPLETED,26639.0,1086.7,6557.20,6621.91
1296,easy,11,15:11:04,17:00:32,17:00:39,COMPLETED,25768.0,118.9,6568.45,6575.09
1209,easy,12,15:08:25,16:56:39,17:04:41,COMPLETED,37779.0,8036.9,6494.17,6976.11
1257,medium,13,15:11:19,17:00:45,17:06:09,COMPLETED,29320.0,5407.1,6566.63,6890.76
1341,medium,13,15:08:07,16:56:26,17:09:20,COMPLETED,31017.0,12906.3,6499.15,7273.26
1284,medium,14,15:05:26,16:51:15,17:09:33,COMPLETED,27125.0,18300.0,6349.74,7447.23
1178,hard,15,14:08:14,15:42:59,17:09:52,COMPLETED,30712.0,86899.4,5685.26,10898.98
1300,easy,11,15:12:12,17:09:26,17:10:06,COMPLETED,29665.0,666.8,7034.59,7074.13
1164,medium,14,14:52:47,16:39:48,17:11:04,COMPLETED,31877.0,31271.4,6421.23,8297.10
1271,medium,13,15:12:46,17:09:39,17:11:43,COMPLETED,28335.0,2065.2,7013.86,7137.26
1220,medium,13,15:11:36,17:06:16,17:13:07,COMPLETED,27322.0,6861.8,6880.09,7291.22
1093,medium,14,14:11:21,15:44:59,17:13:27,COMPLETED,33050.0,88459.3,5618.72,10926.02
1233,medium,14,15:11:31,17:04:47,17:13:39,COMPLETED,35193.0,8883.6,6796.43,7328.99
1204,easy,12,15:15:52,17:13:46,17:14:05,COMPLETED,21818.0,328.4,7074.53,7093.94
1279,easy,11,15:15:53,17:14:12,17:14:31,COMPLETED,34978.0,322.2,7099.27,7118.28
1297,easy,12,15:15:54,17:14:37,17:15:21,COMPLETED,25822.0,741.9,7123.62,7167.83
1184,hard,15,14:54:16,16:40:26,17:15:40,COMPLETED,31450.0,35238.6,6370.76,8484.83
1228,easy,12,15:16:17,17:15:28,17:15:47,COMPLETED,26131.0,324.1,7151.16,7170.17
1347,medium,13,15:16:42,17:15:47,17:16:18,COMPLETED,21578.0,535.2,7145.17,7176.99
1230,easy,12,15:16:57,17:16:25,17:17:03,COMPLETED,27221.0,639.3,7168.32,7206.30
1288,hard,15,15:10:35,16:59:27,17:17:28,COMPLETED,32914.0,18023.1,6532.64,7613.76
1217,medium,13,15:15:49,17:13:33,17:17:35,COMPLETED,33783.0,4031.8,7064.56,7306.08
1225,easy,11,15:17:31,17:17:35,17:17:47,COMPLETED,28039.0,218.2,7204.08,7216.88
1292,easy,11,15:17:59,17:17:41,17:17:47,COMPLETED,19161.0,111.3,7182.51,7188.88
1264,easy,12,15:18:48,17:17:54,17:18:32,COMPLETED,27885.0,637.1,7146.21,7184.14
1336,easy,12,15:16:52,17:15:53,17:19:29,COMPLETED,21153.0,3598.6,7141.64,7357.16
1039,hard,15,14:26:21,16:06:18,17:19:35,COMPLETED,26242.0,73290.3,5997.42,10394.61
1278,medium,13,15:15:03,17:13:13,17:19:54,COMPLETED,31694.0,6684.3,7090.90,7491.67
1304,medium,13,15:18:58,17:18:38,17:19:54,COMPLETED,29399.0,1275.6,7180.47,7256.67
1253,easy,11,15:20:00,17:19:35,17:20:07,COMPLETED,31678.0,535.9,7175.61,7207.42
1239,easy,12,15:20:30,17:20:01,17:20:13,COMPLETED,25825.0,218.9,7171.04,7183.81
1226,easy,12,15:20:50,17:20:13,17:20:32,COMPLETED,29728.0,323.3,7163.81,7182.91
1312,medium,14,15:13:15,17:11:10,17:24:01,COMPLETED,30750.0,12850.9,7075.69,7846.46
1203,medium,14,15:20:12,17:19:41,17:24:26,COMPLETED,31830.0,4751.5,7169.99,7454.80
1299,easy,12,15:22:00,17:24:07,17:24:39,COMPLETED,22156.0,536.7,7327.80,7359.48
1240,easy,12,15:22:11,17:24:46,17:25:37,COMPLETED,24817.0,866.4,7355.05,7406.68
1172,hard,15,14:29:54,16:09:16,17:26:03,COMPLETED,32749.0,76791.1,5962.27,10569.44
1338,hard,15,15:09:15,16:57:24,17:26:09,COMPLETED,28584.0,28758.9,6489.94,8214.98
1330,easy,11,15:22:37,17:26:09,17:26:23,COMPLETED,26435.0,228.6,7412.98,7426.23
1193,medium,14,15:05:57,16:52:50,17:27:01,COMPLETED,28577.0,34188.0,6413.78,8464.78
1317,easy,12,15:23:22,17:26:29,17:27:01,COMPLETED,24835.0,539.7,7387.75,7419.78
1074,medium,14,14:07:27,15:40:04,17:29:08,COMPLETED,34881.0,109078.8,5557.03,12101.59
1318,easy,12,15:23:49,17:27:08,17:29:08,COMPLETED,25347.0,2010.7,7399.15,7519.59
1205,easy,12,15:22:23,17:25:44,17:29:14,COMPLETED,27181.0,3520.7,7401.06,7611.95
1202,easy,11,15:25:06,17:29:21,17:29:40,COMPLETED,23685.0,321.2,7455.35,7474.32
1285,easy,11,15:24:07,17:29:14,17:29:53,COMPLETED,34618.0,639.2,7507.95,7546.01
979,hard,15,13:51:24,15:14:11,17:30:18,COMPLETED,28909.0,136110.1,4967.84,13134.31
1269,easy,12,15:24:21,17:29:14,17:30:37,COMPLETED,33919.0,1377.0,7493.95,7576.33
1358,medium,14,15:21:16,17:20:20,17:31:15,COMPLETED,27978.0,10921.9,7144.24,7799.24
1207,easy,11,15:26:24,17:30:43,17:31:27,COMPLETED,28907.0,744.0,7459.65,7503.99
1315,easy,11,15:27:24,17:31:21,17:31:40,COMPLETED,34275.0,322.6,7437.63,7456.69
1350,easy,11,15:27:25,17:31:34,17:31:40,COMPLETED,28792.0,111.3,7449.32,7455.69
1319,easy,11,15:27:32,17:31:47,17:31:59,COMPLETED,26178.0,216.9,7455.02,7467.74
1019,hard,15,13:59:26,15:26:01,17:32:19,COMPLETED,33707.0,126294.8,5195.69,12773.17
1295,medium,13,15:27:35,17:31:47,17:32:32,COMPLETED,25299.0,757.8,7452.02,7497.06
1275,easy,11,15:29:21,17:32:25,17:32:51,COMPLETED,32165.0,438.5,7384.71,7410.50
1197,medium,14,15:20:26,17:20:01,17:34:21,COMPLETED,28885.0,14354.5,7175.04,8035.89
1151,hard,15,14:20:06,16:00:25,17:35:26,COMPLETED,36182.0,95017.9,6019.89,11720.70
1355,easy,12,15:30:35,17:35:33,17:35:46,COMPLETED,23163.0,222.5,7498.25,7511.28
1159,medium,14,14:16:04,15:55:26,17:39:24,COMPLETED,44724.0,103968.6,5962.39,12200.37
1308,easy,11,15:31:43,17:39:30,17:39:37,COMPLETED,20060.0,111.2,7667.69,7674.06
923,hard,15,13:33:56,14:53:42,17:41:11,COMPLETED,31474.0,167494.1,4786.30,14835.84
1175,hard,15,14:23:53,16:03:25,17:42:02,COMPLETED,37352.0,98625.7,5972.01,11889.41
1213,easy,12,15:31:44,17:39:43,17:42:27,COMPLETED,33163.0,2743.7,7679.39,7843.72
1190,easy,11,15:33:23,17:42:08,17:42:27,COMPLETED,25027.0,321.7,7725.73,7744.72
1192,easy,11,15:35:47,17:42:34,17:42:46,COMPLETED,27293.0,215.9,7607.06,7619.75
1310,easy,12,15:34:47,17:42:34,17:42:59,COMPLETED,30852.0,428.8,7667.06,7692.44
1343,easy,12,15:32:04,17:41:18,17:43:51,COMPLETED,26429.0,2555.5,7754.18,7907.21
1219,medium,14,15:26:13,17:30:24,17:44:29,COMPLETED,25201.0,14092.4,7451.65,8296.74
1155,hard,15,14:38:00,16:23:34,17:45:21,COMPLETED,28968.0,81792.7,6334.53,11241.83
1340,easy,12,15:36:36,17:44:36,17:45:41,COMPLETED,26322.0,1085.2,7680.29,7745.11
1221,easy,11,15:37:10,17:45:28,17:46:32,COMPLETED,35317.0,1079.9,7698.36,7762.81
1348,easy,11,15:37:34,17:46:39,17:46:58,COMPLETED,26282.0,334.8,7745.19,7764.79
1314,medium,14,15:26:07,17:29:59,17:47:30,COMPLETED,32380.0,17531.9,7432.34,8483.83
796,hard,15,12:21:58,12:37:02,17:47:44,COMPLETED,31663.0,310691.8,904.52,19546.00
1211,easy,11,15:38:50,17:47:37,17:47:50,COMPLETED,26367.0,226.7,7727.38,7740.41
1324,medium,13,15:36:07,17:43:05,17:48:23,COMPLETED,30088.0,5295.8,7618.82,7936.08
1346,easy,12,15:38:58,17:47:50,17:48:23,COMPLETED,29894.0,553.5,7732.41,7765.08
1349,medium,13,15:36:15,17:43:57,17:48:29,COMPLETED,30251.0,4547.4,7662.54,7934.67
1282,easy,12,15:37:18,17:45:47,17:48:55,COMPLETED,29792.0,3146.0,7709.44,7897.92
1242,easy,11,15:39:30,17:48:36,17:48:55,COMPLETED,35131.0,329.4,7746.46,7765.92
1248,easy,11,15:39:25,17:48:29,17:49:08,COMPLETED,32513.0,657.7,7744.67,7783.73
1195,easy,12,15:39:57,17:49:02,17:49:15,COMPLETED,26092.0,226.9,7745.25,7758.29
1234,easy,11,15:40:14,17:49:15,17:49:21,COMPLETED,23056.0,117.6,7741.29,7747.91
1238,easy,12,15:40:32,17:49:28,17:49:47,COMPLETED,22213.0,324.2,7736.38,7755.47
1262,easy,12,15:40:09,17:49:02,17:50:06,COMPLETED,31968.0,1077.9,7733.25,7797.63
1232,medium,14,15:29:34,17:34:28,17:50:13,COMPLETED,35167.0,15748.3,7494.43,8439.01
1231,medium,13,15:40:17,17:49:21,17:50:13,COMPLETED,31328.0,857.6,7744.91,7796.01
1307,easy,12,15:40:40,17:49:53,17:50:19,COMPLETED,32046.0,431.8,7753.86,7779.40
1309,easy,12,15:41:12,17:50:19,17:50:25,COMPLETED,27088.0,112.4,7747.40,7753.81
1290,easy,11,15:41:18,17:50:25,17:50:57,COMPLETED,27542.0,533.9,7747.81,7779.55
1246,easy,12,15:41:14,17:50:19,17:51:03,COMPLETED,32365.0,746.2,7745.40,7789.88
1270,easy,12,15:41:39,17:50:32,17:51:10,COMPLETED,30762.0,641.2,7733.18,7771.25
1321,easy,11,15:42:04,17:51:03,17:51:16,COMPLETED,26511.0,219.9,7739.88,7752.70
1224,easy,12,15:42:42,17:51:16,17:51:29,COMPLETED,24744.0,217.9,7714.70,7727.47
1328,medium,14,15:18:50,17:17:54,17:51:35,COMPLETED,34394.0,33697.7,7144.21,9165.81
1222,easy,12,15:41:00,17:50:13,17:51:48,COMPLETED,34915.0,1597.4,7753.01,7848.57
1306,medium,13,15:42:42,17:51:23,17:52:07,COMPLETED,31915.0,746.1,7721.11,7765.57
1323,medium,13,15:39:14,17:47:57,17:52:20,COMPLETED,29870.0,4392.9,7723.03,7986.33
1267,easy,11,15:42:56,17:51:54,17:52:20,COMPLETED,25775.614962991833,429.0,7738.91,7764.33
1293,hard,15,15:35:50,17:42:53,17:52:26,COMPLETED,33678.0,9565.8,7623.08,8196.67
1331,easy,12,15:42:53,17:51:42,17:52:58,COMPLETED,31569.0,1275.9,7729.21,7805.49
1255,easy,12,15:44:03,17:52:26,17:52:58,COMPLETED,29500.0,535.4,7703.67,7735.49
1212,easy,12,15:44:24,17:52:33,17:52:58,COMPLETED,26487.0,428.6,7689.09,7714.49
1254,medium,14,15:12:59,17:09:59,17:53:55,COMPLETED,35475.0,43935.2,7020.51,9656.41
1301,easy,12,15:44:30,17:53:04,17:57:27,COMPLETED,24093.0,4393.5,7714.82,7977.94
1235,hard,15,15:22:08,17:24:33,17:57:47,COMPLETED,31295.0,33247.1,7345.13,9339.58
1260,medium,13,15:43:59,17:52:13,17:57:47,COMPLETED,31739.0,5569.5,7694.91,8028.58
1256,easy,11,15:46:01,17:57:34,17:58:07,COMPLETED,25207.0,555.3,7893.50,7926.34
1241,hard,15,15:39:24,17:48:29,17:58:20,COMPLETED,34324.0,9849.9,7745.67,8336.23
1339,easy,12,15:46:07,17:57:54,17:58:20,COMPLETED,26998.0,443.4,7907.15,7933.23
1327,medium,14,15:44:24,17:52:26,17:58:33,COMPLETED,38375.0,6120.8,7682.67,8049.53
1354,easy,12,15:46:31,17:58:26,17:58:53,COMPLETED,36154.0,443.9,7915.82,7942.16
1236,easy,12,15:46:54,17:58:40,17:59:12,COMPLETED,29787.0,546.3,7906.05,7938.35
1101,hard,15,14:37:03,16:22:30,17:59:25,COMPLETED,36598.0,96924.9,6327.37,12142.58
1326,easy,12,15:47:03,17:58:59,17:59:25,COMPLETED,24198.0,444.3,7916.48,7942.58
1280,easy,11,15:47:26,17:59:32,17:59:38,COMPLETED,25385.0,120.0,7926.19,7932.92
1334,medium,14,15:42:48,17:51:35,17:59:45,COMPLETED,31963.0,8170.3,7727.81,8217.45
1298,easy,11,15:49:06,17:59:45,17:59:52,COMPLETED,28141.0,118.4,7839.45,7846.14
161,hard,15,08:32:33,08:32:38,18:00:00,UNFINISHED,-1,-1,-1
118,hard,15,08:52:24,08:52:24,18:00:00,UNFINISHED,-1,-1,-1
210,hard,15,09:05:22,09:05:22,18:00:00,UNFINISHED,-1,-1,-1
348,hard,15,10:24:47,10:28:13,18:00:00,UNFINISHED,-1,-1,-1
390,hard,15,10:38:44,10:42:55,18:00:00,UNFINISHED,-1,-1,-1
480,hard,15,10:58:14,11:04:46,18:00:00,UNFINISHED,-1,-1,-1
512,hard,15,11:20:18,11:22:13,18:00:00,UNFINISHED,-1,-1,-1
544,hard,15,11:44:16,11:53:35,18:00:00,UNFINISHED,-1,-1,-1
549,hard,15,11:53:42,12:03:38,18:00:00,UNFINISHED,-1,-1,-1
719,hard,15,12:03:11,12:12:49,18:00:00,UNFINISHED,-1,-1,-1
786,hard,15,12:36:48,13:06:35,18:00:00,UNFINISHED,-1,-1,-1
748,hard,15,12:44:52,13:23:24,18:00:00,UNFINISHED,-1,-1,-1
686,hard,15,12:58:57,13:51:53,18:00:00,UNFINISHED,-1,-1,-1
1018,hard,15,13:00:14,13:53:53,18:00:00,UNFINISHED,-1,-1,-1
1007,hard,15,13:01:06,13:55:28,18:00:00,UNFINISHED,-1,-1,-1
942,hard,15,13:13:13,14:23:22,18:00:00,UNFINISHED,-1,-1,-1
900,hard,15,13:19:24,14:29:19,18:00:00,UNFINISHED,-1,-1,-1
939,hard,15,13:20:26,14:31:03,18:00:00,UNFINISHED,-1,-1,-1
993,hard,15,13:25:32,14:36:30,18:00:00,UNFINISHED,-1,-1,-1
934,hard,15,13:28:21,14:40:34,18:00:00,UNFINISHED,-1,-1,-1
996,hard,15,13:43:08,15:08:02,18:00:00,UNFINISHED,-1,-1,-1
897,hard,15,13:46:51,15:08:54,18:00:00,UNFINISHED,-1,-1,-1
991,hard,15,13:50:15,15:11:52,18:00:00,UNFINISHED,-1,-1,-1
1092,hard,15,14:00:30,15:27:24,18:00:00,UNFINISHED,-1,-1,-1
1167,hard,15,14:02:05,15:29:44,18:00:00,UNFINISHED,-1,-1,-1
1121,hard,15,14:08:40,15:43:37,18:00:00,UNFINISHED,-1,-1,-1
1157,hard,15,14:17:42,15:58:17,18:00:00,UNFINISHED,-1,-1,-1
1099,hard,15,14:19:32,15:59:21,18:00:00,UNFINISHED,-1,-1,-1
1181,medium,14,14:30:35,16:09:41,18:00:00,UNFINISHED,-1,-1,-1
1082,hard,15,14:33:08,16:16:08,18:00:00,UNFINISHED,-1,-1,-1
1045,hard,15,14:35:08,16:21:52,18:00:00,UNFINISHED,-1,-1,-1
1137,hard,15,14:41:51,16:26:56,18:00:00,UNFINISHED,-1,-1,-1
1053,hard,15,14:45:35,16:30:48,18:00:00,UNFINISHED,-1,-1,-1
1122,hard,15,14:45:56,16:31:32,18:00:00,UNFINISHED,-1,-1,-1
1105,hard,15,14:49:32,16:37:25,18:00:00,UNFINISHED,-1,-1,-1
1185,hard,15,14:50:00,16:38:10,18:00:00,UNFINISHED,-1,-1,-1
1118,hard,15,14:56:48,16:44:59,18:00:00,UNFINISHED,-1,-1,-1
1140,hard,15,14:59:35,16:47:41,18:00:00,UNFINISHED,-1,-1,-1
1263,hard,15,15:00:49,16:48:20,18:00:00,UNFINISHED,-1,-1,-1
1223,hard,15,15:05:30,16:51:34,18:00:00,UNFINISHED,-1,-1,-1
1247,hard,15,15:09:04,16:56:45,18:00:00,UNFINISHED,-1,-1,-1
1291,hard,15,15:13:08,17:10:12,18:00:00,UNFINISHED,-1,-1,-1
1353,hard,15,15:15:02,17:11:49,18:00:00,UNFINISHED,-1,-1,-1
1249,hard,15,15:17:03,17:17:09,18:00:00,UNFINISHED,-1,-1,-1
1329,medium,14,15:21:37,17:20:39,18:00:00,UNFINISHED,-1,-1,-1
1359,hard,15,15:22:53,17:26:16,18:00:00,UNFINISHED,-1,-1,-1
1216,medium,14,15:23:37,17:27:08,18:00:00,UNFINISHED,-1,-1,-1
1244,medium,14,15:25:35,17:29:46,18:00:00,UNFINISHED,-1,-1,-1
1276,hard,15,15:27:48,17:32:06,18:00:00,UNFINISHED,-1,-1,-1
1333,medium,14,15:29:24,17:32:38,18:00:00,UNFINISHED,-1,-1,-1
1335,medium,14,15:29:29,17:32:58,18:00:00,UNFINISHED,-1,-1,-1
1200,hard,15,15:31:19,17:35:52,18:00:00,UNFINISHED,-1,-1,-1
1281,medium,14,15:38:13,17:47:05,18:00:00,UNFINISHED,-1,-1,-1
1196,hard,15,15:42:17,17:51:10,18:00:00,UNFINISHED,-1,-1,-1
1272,hard,15,15:44:57,17:53:04,18:00:00,UNFINISHED,-1,-1,-1
1332,medium,14,15:45:05,17:53:04,18:00:00,UNFINISHED,-1,-1,-1
1198,medium,14,15:45:12,17:54:01,18:00:00,UNFINISHED,-1,-1,-1
1210,medium,13,15:46:14,17:57:54,18:00:00,UNFINISHED,-1,-1,-1
1243,medium,14,15:46:28,17:58:13,18:00:00,UNFINISHED,-1,-1,-1
1194,medium,14,15:46:36,17:58:26,18:00:00,UNFINISHED,-1,-1,-1
1214,easy,12,15:47:09,17:59:18,18:00:00,UNFINISHED,-1,-1,-1
1313,medium,14,15:47:30,17:59:32,18:00:00,UNFINISHED,-1,-1,-1
1245,easy,12,15:49:48,17:59:52,18:00:00,UNFINISHED,-1,-1,-1
1273,hard,15,15:49:48,17:59:58,18:00:00,UNFINISHED,-1,-1,-1
1277,easy,12,15:50:01,-,-,IGNORED,-1,-1
1311,hard,15,15:50:19,-,-,IGNORED,-1,-1
1266,medium,13,15:51:14,-,-,IGNORED,-1,-1
1237,easy,11,15:51:28,-,-,IGNORED,-1,-1
1227,hard,15,15:51:42,-,-,IGNORED,-1,-1
1303,medium,13,15:51:45,-,-,IGNORED,-1,-1
1251,easy,11,15:52:14,-,-,IGNORED,-1,-1
1322,medium,14,15:52:31,-,-,IGNORED,-1,-1
1268,medium,13,15:52:37,-,-,IGNORED,-1,-1
1250,easy,12,15:52:47,-,-,IGNORED,-1,-1
1259,medium,13,15:52:50,-,-,IGNORED,-1,-1
1208,easy,12,15:53:46,-,-,IGNORED,-1,-1
1261,hard,15,15:54:32,-,-,IGNORED,-1,-1
1199,hard,15,15:54:46,-,-,IGNORED,-1,-1
1265,easy,11,15:57:13,-,-,IGNORED,-1,-1
1206,medium,13,15:58:04,-,-,IGNORED,-1,-1
1286,easy,12,15:58:07,-,-,IGNORED,-1,-1
1229,hard,15,15:58:21,-,-,IGNORED,-1,-1
1305,easy,12,15:58:53,-,-,IGNORED,-1,-1
1356,easy,12,15:59:25,-,-,IGNORED,-1,-1
1320,easy,11,15:59:41,-,-,IGNORED,-1,-1
1337,medium,14,15:59:56,-,-,IGNORED,-1,-1
1377,easy,11,16:00:15,-,-,IGNORED,-1,-1
1510,medium,14,16:00:56,-,-,IGNORED,-1,-1
1421,medium,14,16:01:02,-,-,IGNORED,-1,-1
1423,easy,12,16:01:44,-,-,IGNORED,-1,-1
1408,hard,15,16:02:06,-,-,IGNORED,-1,-1
1399,hard,15,16:02:14,-,-,IGNORED,-1,-1
1382,medium,13,16:02:54,-,-,IGNORED,-1,-1
1502,medium,13,16:03:37,-,-,IGNORED,-1,-1
1453,easy,11,16:03:42,-,-,IGNORED,-1,-1
1466,easy,12,16:03:43,-,-,IGNORED,-1,-1
1402,medium,13,16:04:27,-,-,IGNORED,-1,-1
1463,medium,14,16:04:59,-,-,IGNORED,-1,-1
1444,medium,14,16:05:08,-,-,IGNORED,-1,-1
1443,hard,15,16:05:29,-,-,IGNORED,-1,-1
1451,hard,15,16:05:41,-,-,IGNORED,-1,-1
1391,easy,11,16:06:17,-,-,IGNORED,-1,-1
1500,medium,13,16:06:27,-,-,IGNORED,-1,-1
1432,easy,11,16:06:37,-,-,IGNORED,-1,-1
1480,hard,15,16:06:49,-,-,IGNORED,-1,-1
1454,easy,11,16:07:40,-,-,IGNORED,-1,-1
1434,easy,11,16:07:49,-,-,IGNORED,-1,-1
1498,easy,11,16:08:21,-,-,IGNORED,-1,-1
1374,medium,14,16:08:51,-,-,IGNORED,-1,-1
1483,easy,12,16:08:56,-,-,IGNORED,-1,-1
1386,hard,15,16:09:01,-,-,IGNORED,-1,-1
1375,easy,12,16:09:07,-,-,IGNORED,-1,-1
1517,hard,15,16:09:07,-,-,IGNORED,-1,-1
1490,medium,14,16:10:39,-,-,IGNORED,-1,-1
1497,medium,13,16:10:47,-,-,IGNORED,-1,-1
1520,easy,11,16:10:54,-,-,IGNORED,-1,-1
1368,easy,12,16:11:13,-,-,IGNORED,-1,-1
1397,medium,14,16:11:43,-,-,IGNORED,-1,-1
1370,medium,14,16:11:54,-,-,IGNORED,-1,-1
1524,hard,15,16:12:05,-,-,IGNORED,-1,-1
1455,hard,15,16:12:07,-,-,IGNORED,-1,-1
1522,medium,13,16:12:38,-,-,IGNORED,-1,-1
1457,easy,11,16:12:47,-,-,IGNORED,-1,-1
1474,medium,14,16:13:17,-,-,IGNORED,-1,-1
1366,easy,12,16:13:32,-,-,IGNORED,-1,-1
1404,easy,11,16:14:04,-,-,IGNORED,-1,-1
1436,easy,11,16:14:13,-,-,IGNORED,-1,-1
1379,easy,11,16:14:29,-,-,IGNORED,-1,-1
1521,medium,14,16:14:36,-,-,IGNORED,-1,-1
1523,easy,12,16:14:45,-,-,IGNORED,-1,-1
1389,easy,12,16:15:16,-,-,IGNORED,-1,-1
1419,easy,12,16:15:50,-,-,IGNORED,-1,-1
1470,easy,11,16:16:12,-,-,IGNORED,-1,-1
1512,medium,13,16:16:26,-,-,IGNORED,-1,-1
1462,medium,14,16:16:50,-,-,IGNORED,-1,-1
1431,easy,12,16:17:05,-,-,IGNORED,-1,-1
1491,easy,11,16:17:33,-,-,IGNORED,-1,-1
1395,medium,14,16:18:11,-,-,IGNORED,-1,-1
1437,easy,12,16:18:22,-,-,IGNORED,-1,-1
1513,easy,12,16:18:34,-,-,IGNORED,-1,-1
1400,medium,14,16:19:55,-,-,IGNORED,-1,-1
1518,easy,12,16:20:01,-,-,IGNORED,-1,-1
1481,hard,15,16:20:30,-,-,IGNORED,-1,-1
1526,easy,12,16:20:31,-,-,IGNORED,-1,-1
1460,medium,14,16:20:36,-,-,IGNORED,-1,-1
1390,medium,14,16:20:56,-,-,IGNORED,-1,-1
1496,easy,11,16:21:04,-,-,IGNORED,-1,-1
1384,medium,13,16:21:30,-,-,IGNORED,-1,-1
1383,easy,12,16:21:35,-,-,IGNORED,-1,-1
1415,easy,12,16:21:41,-,-,IGNORED,-1,-1
1365,medium,14,16:22:09,-,-,IGNORED,-1,-1
1528,hard,15,16:22:28,-,-,IGNORED,-1,-1
1373,hard,15,16:22:49,-,-,IGNORED,-1,-1
1507,easy,12,16:24:25,-,-,IGNORED,-1,-1
1482,easy,11,16:24:40,-,-,IGNORED,-1,-1
1413,easy,12,16:25:19,-,-,IGNORED,-1,-1
1464,easy,12,16:25:35,-,-,IGNORED,-1,-1
1472,medium,14,16:25:50,-,-,IGNORED,-1,-1
1468,hard,15,16:26:02,-,-,IGNORED,-1,-1
1394,easy,11,16:26:12,-,-,IGNORED,-1,-1
1467,easy,12,16:26:27,-,-,IGNORED,-1,-1
1439,medium,13,16:26:32,-,-,IGNORED,-1,-1
1433,easy,11,16:27:11,-,-,IGNORED,-1,-1
1479,easy,11,16:27:27,-,-,IGNORED,-1,-1
1422,easy,12,16:28:50,-,-,IGNORED,-1,-1
1489,medium,14,16:29:01,-,-,IGNORED,-1,-1
1503,hard,15,16:29:03,-,-,IGNORED,-1,-1
1465,easy,11,16:29:07,-,-,IGNORED,-1,-1
1478,medium,14,16:29:58,-,-,IGNORED,-1,-1
1410,easy,12,16:30:17,-,-,IGNORED,-1,-1
1508,easy,12,16:30:28,-,-,IGNORED,-1,-1
1417,easy,12,16:30:31,-,-,IGNORED,-1,-1
1515,easy,12,16:30:55,-,-,IGNORED,-1,-1
1414,easy,12,16:31:17,-,-,IGNORED,-1,-1
1369,easy,11,16:32:20,-,-,IGNORED,-1,-1
1449,medium,13,16:32:35,-,-,IGNORED,-1,-1
1529,easy,12,16:32:52,-,-,IGNORED,-1,-1
1403,medium,14,16:33:21,-,-,IGNORED,-1,-1
1471,medium,13,16:33:26,-,-,IGNORED,-1,-1
1425,medium,13,16:33:49,-,-,IGNORED,-1,-1
1459,medium,14,16:33:59,-,-,IGNORED,-1,-1
1519,easy,12,16:34:03,-,-,IGNORED,-1,-1
1501,easy,11,16:34:12,-,-,IGNORED,-1,-1
1456,hard,15,16:34:21,-,-,IGNORED,-1,-1
1458,easy,12,16:34:22,-,-,IGNORED,-1,-1
1388,medium,14,16:34:23,-,-,IGNORED,-1,-1
1401,hard,15,16:35:04,-,-,IGNORED,-1,-1
1362,medium,13,16:35:46,-,-,IGNORED,-1,-1
1429,easy,11,16:35:59,-,-,IGNORED,-1,-1
1493,hard,15,16:36:03,-,-,IGNORED,-1,-1
1430,medium,13,16:36:22,-,-,IGNORED,-1,-1
1363,medium,14,16:36:49,-,-,IGNORED,-1,-1
1418,medium,14,16:37:34,-,-,IGNORED,-1,-1
1392,hard,15,16:37:48,-,-,IGNORED,-1,-1
1492,easy,12,16:37:52,-,-,IGNORED,-1,-1
1494,easy,12,16:38:23,-,-,IGNORED,-1,-1
1361,easy,11,16:39:31,-,-,IGNORED,-1,-1
1412,easy,11,16:39:36,-,-,IGNORED,-1,-1
1450,medium,14,16:39:48,-,-,IGNORED,-1,-1
1446,easy,11,16:40:51,-,-,IGNORED,-1,-1
1514,easy,12,16:41:09,-,-,IGNORED,-1,-1
1435,easy,12,16:41:24,-,-,IGNORED,-1,-1
1407,easy,12,16:42:13,-,-,IGNORED,-1,-1
1486,easy,12,16:42:15,-,-,IGNORED,-1,-1
1476,easy,12,16:42:29,-,-,IGNORED,-1,-1
1360,medium,13,16:42:35,-,-,IGNORED,-1,-1
1364,easy,11,16:43:01,-,-,IGNORED,-1,-1
1527,easy,11,16:43:01,-,-,IGNORED,-1,-1
1525,easy,12,16:43:31,-,-,IGNORED,-1,-1
1441,easy,11,16:43:33,-,-,IGNORED,-1,-1
1469,medium,13,16:43:47,-,-,IGNORED,-1,-1
1438,easy,11,16:43:49,-,-,IGNORED,-1,-1
1427,easy,11,16:43:52,-,-,IGNORED,-1,-1
1484,hard,15,16:44:42,-,-,IGNORED,-1,-1
1461,easy,11,16:44:51,-,-,IGNORED,-1,-1
1505,easy,12,16:45:03,-,-,IGNORED,-1,-1
1445,medium,13,16:45:03,-,-,IGNORED,-1,-1
1420,hard,15,16:45:08,-,-,IGNORED,-1,-1
1416,medium,14,16:45:59,-,-,IGNORED,-1,-1
1405,easy,12,16:46:15,-,-,IGNORED,-1,-1
1376,easy,12,16:46:29,-,-,IGNORED,-1,-1
1477,medium,13,16:47:03,-,-,IGNORED,-1,-1
1495,easy,12,16:47:13,-,-,IGNORED,-1,-1
1398,easy,11,16:47:22,-,-,IGNORED,-1,-1
1428,medium,13,16:47:34,-,-,IGNORED,-1,-1
1367,easy,11,16:47:35,-,-,IGNORED,-1,-1
1385,medium,13,16:47:43,-,-,IGNORED,-1,-1
1411,easy,12,16:47:56,-,-,IGNORED,-1,-1
1440,medium,13,16:48:13,-,-,IGNORED,-1,-1
1371,easy,12,16:48:27,-,-,IGNORED,-1,-1
1426,medium,13,16:48:45,-,-,IGNORED,-1,-1
1452,medium,13,16:48:54,-,-,IGNORED,-1,-1
1378,medium,13,16:49:17,-,-,IGNORED,-1,-1
1511,hard,15,16:49:52,-,-,IGNORED,-1,-1
1381,medium,14,16:50:17,-,-,IGNORED,-1,-1
1442,easy,12,16:51:14,-,-,IGNORED,-1,-1
1516,easy,11,16:52:19,-,-,IGNORED,-1,-1
1475,medium,13,16:52:20,-,-,IGNORED,-1,-1
1409,hard,15,16:54:50,-,-,IGNORED,-1,-1
1406,easy,12,16:55:03,-,-,IGNORED,-1,-1
1393,easy,11,16:55:05,-,-,IGNORED,-1,-1
1396,medium,14,16:55:21,-,-,IGNORED,-1,-1
1447,easy,11,16:55:59,-,-,IGNORED,-1,-1
1387,hard,15,16:56:10,-,-,IGNORED,-1,-1
1380,medium,14,16:56:22,-,-,IGNORED,-1,-1
1499,easy,12,16:56:22,-,-,IGNORED,-1,-1
1506,easy,11,16:56:34,-,-,IGNORED,-1,-1
1504,medium,13,16:56:47,-,-,IGNORED,-1,-1
1473,medium,13,16:57:22,-,-,IGNORED,-1,-1
1488,easy,11,16:57:27,-,-,IGNORED,-1,-1
1424,medium,13,16:57:45,-,-,IGNORED,-1,-1
1372,easy,12,16:57:54,-,-,IGNORED,-1,-1
1485,medium,13,16:58:06,-,-,IGNORED,-1,-1
1487,hard,15,16:58:47,-,-,IGNORED,-1,-1
1509,hard,15,16:59:32,-,-,IGNORED,-1,-1
1448,medium,13,16:59:44,-,-,IGNORED,-1,-1
