task_id,difficulty,n,arrival_sim,start_sim,end_sim,status,cost,real_duration_sec,waiting_time_mili_sec,time_in_system_mili_sec
113,easy,11,08:01:53,08:01:55,08:02:25,COMPLETED,28195.0,509.5,2.45,32.94
69,easy,12,08:00:03,08:00:06,08:03:08,COMPLETED,36900.0,3041.0,3.07,185.52
58,medium,14,08:01:57,08:02:01,08:03:38,COMPLETED,30644.0,1623.3,4.57,101.87
103,easy,12,08:03:58,08:04:03,08:04:15,COMPLETED,26838.0,207.8,5.33,17.72
136,easy,11,08:04:21,08:04:21,08:04:52,COMPLETED,24205.0,510.5,0.86,31.40
92,easy,12,08:05:07,08:05:10,08:05:35,COMPLETED,24537.0,409.4,3.67,28.14
142,easy,12,08:05:22,08:05:22,08:06:11,COMPLETED,29399.0,819.2,0.83,49.89
46,easy,12,08:06:17,08:06:18,08:06:48,COMPLETED,25423.0,510.0,1.04,31.51
111,easy,12,08:03:52,08:03:57,08:07:37,COMPLETED,28040.0,3669.5,5.16,225.29
131,easy,12,08:07:19,08:07:19,08:08:01,COMPLETED,23534.0,712.9,0.01,42.67
89,easy,12,08:07:59,08:08:01,08:08:19,COMPLETED,25648.0,306.3,2.67,20.98
37,easy,11,08:08:22,08:08:26,08:08:38,COMPLETED,19567.0,205.5,4.07,16.28
141,medium,13,08:01:54,08:01:55,08:09:02,COMPLETED,35060.0,7120.1,1.45,428.67
134,easy,11,08:08:36,08:08:38,08:09:14,COMPLETED,22942.0,610.6,2.28,38.84
30,medium,13,08:06:47,08:06:48,08:09:39,COMPLETED,19715.0,2849.0,1.51,172.35
85,easy,11,08:09:34,08:09:39,08:09:51,COMPLETED,25353.0,205.0,5.35,17.58
28,medium,13,08:09:18,08:09:20,08:09:57,COMPLETED,30219.0,613.2,2.94,39.67
91,easy,11,08:10:17,08:10:22,08:10:40,COMPLETED,32548.0,306.1,5.06,23.36
149,easy,12,08:11:13,08:11:16,08:12:30,COMPLETED,27988.0,1233.5,3.85,77.65
59,easy,12,08:11:25,08:11:29,08:12:30,COMPLETED,29997.0,1026.0,4.35,65.65
146,medium,14,08:01:26,08:01:31,08:12:55,COMPLETED,31525.0,11404.7,5.11,689.35
117,easy,12,08:12:28,08:12:30,08:13:38,COMPLETED,25957.0,1127.2,2.65,70.20
1,medium,14,08:09:22,08:09:27,08:14:45,COMPLETED,27522.0,5310.6,5.07,323.65
107,medium,13,08:13:32,08:13:32,08:14:51,COMPLETED,31002.0,1330.1,0.07,79.75
135,medium,14,08:05:38,08:05:41,08:15:53,COMPLETED,36464.0,10201.5,3.28,615.30
82,easy,11,08:15:52,08:15:53,08:16:05,COMPLETED,19823.0,209.6,1.30,13.68
95,easy,12,08:16:16,08:16:18,08:16:36,COMPLETED,27358.0,310.0,2.00,20.46
84,easy,12,08:15:00,08:15:04,08:16:54,COMPLETED,30432.0,1847.3,4.07,114.89
100,easy,11,08:17:17,08:17:19,08:17:31,COMPLETED,28295.0,207.6,2.57,14.92
120,hard,15,08:11:18,08:11:23,08:18:45,COMPLETED,33012.0,7368.5,5.13,447.17
78,hard,15,08:07:47,08:07:49,08:19:03,COMPLETED,34833.0,11235.9,2.46,676.57
108,easy,11,08:19:16,08:19:21,08:19:28,COMPLETED,27898.0,104.1,5.94,12.10
29,easy,12,08:17:55,08:17:56,08:19:34,COMPLETED,27196.0,1632.4,1.35,99.21
129,medium,13,08:18:57,08:18:57,08:20:16,COMPLETED,30499.0,1325.4,0.40,79.85
77,easy,12,08:20:33,08:20:35,08:21:11,COMPLETED,25857.0,611.3,2.12,38.72
20,medium,14,08:14:06,08:14:08,08:22:24,COMPLETED,33243.0,8266.5,2.85,498.74
61,easy,12,08:23:28,08:23:32,08:24:03,COMPLETED,27261.0,516.4,4.34,35.17
24,easy,11,08:23:46,08:23:50,08:24:03,COMPLETED,27202.0,208.6,4.86,17.17
16,easy,11,08:24:30,08:24:34,08:24:40,COMPLETED,26899.0,108.9,4.03,10.29
106,easy,11,08:24:22,08:24:27,08:24:59,COMPLETED,26757.0,526.1,5.78,37.05
121,easy,11,08:24:47,08:24:52,08:25:05,COMPLETED,30849.0,212.4,5.78,18.44
40,easy,11,08:25:16,08:25:17,08:25:36,COMPLETED,32738.0,313.9,1.72,20.39
50,medium,13,08:15:00,08:15:04,08:26:07,COMPLETED,34130.0,11052.9,4.07,667.15
68,easy,11,08:26:32,08:26:38,08:27:27,COMPLETED,36896.0,825.4,6.03,55.43
98,medium,14,08:03:35,08:03:38,08:28:53,COMPLETED,34424.0,25247.7,3.87,1518.70
130,easy,12,08:28:19,08:28:22,08:28:53,COMPLETED,29130.0,515.4,3.90,34.70
126,hard,15,08:16:16,08:16:18,08:28:59,COMPLETED,33858.0,12698.2,2.00,763.84
60,medium,13,08:26:36,08:26:38,08:28:59,COMPLETED,30595.0,2364.6,2.03,143.84
115,medium,13,08:27:57,08:27:58,08:28:59,COMPLETED,32176.0,1030.0,1.20,62.84
143,easy,11,08:28:59,08:28:59,08:29:12,COMPLETED,28092.0,207.7,0.84,13.16
62,easy,11,08:29:20,08:29:24,08:29:30,COMPLETED,27965.0,104.3,4.44,10.60
101,hard,15,08:06:18,08:06:18,08:29:55,COMPLETED,26300.0,23616.5,0.04,1417.03
88,medium,13,08:29:08,08:29:12,08:30:01,COMPLETED,31234.0,818.5,4.16,53.16
71,medium,14,08:01:10,08:01:12,08:31:14,COMPLETED,31515.0,30026.5,2.89,1804.47
67,medium,13,08:28:02,08:28:04,08:31:14,COMPLETED,31733.0,3169.9,2.38,192.47
74,medium,13,08:31:59,08:32:03,08:32:52,COMPLETED,30361.0,818.5,4.44,53.50
22,easy,12,08:31:59,08:32:03,08:33:23,COMPLETED,24975.0,1329.9,4.44,84.11
33,easy,12,08:31:30,08:31:32,08:33:35,COMPLETED,23726.0,2048.3,2.78,125.39
4,easy,11,08:33:33,08:33:35,08:34:18,COMPLETED,34420.0,730.4,2.39,45.92
144,easy,12,08:33:58,08:34:00,08:34:37,COMPLETED,32982.0,627.3,2.15,39.71
122,easy,11,08:34:05,08:34:06,08:34:43,COMPLETED,28637.0,626.7,1.52,38.94
57,easy,12,08:35:05,08:35:08,08:35:39,COMPLETED,29216.0,517.2,3.63,34.49
51,hard,15,08:09:29,08:09:33,08:35:51,COMPLETED,30385.0,26312.5,4.20,1582.89
137,easy,12,08:36:11,08:36:16,08:37:12,COMPLETED,36342.0,929.0,5.70,61.26
54,easy,11,08:37:25,08:37:30,08:37:37,COMPLETED,20731.0,110.6,5.87,12.22
41,medium,14,08:24:14,08:24:15,08:37:49,COMPLETED,29869.0,13573.1,1.55,815.85
96,medium,14,08:22:40,08:22:43,08:38:20,COMPLETED,31969.0,15623.8,3.27,940.59
104,medium,14,08:33:05,08:33:10,08:38:39,COMPLETED,29258.0,5475.9,5.84,334.16
65,easy,12,08:38:25,08:38:26,08:38:39,COMPLETED,29065.0,220.4,1.80,14.16
34,medium,13,08:34:14,08:34:18,08:41:13,COMPLETED,25539.0,6918.9,4.92,419.96
32,hard,15,08:06:42,08:06:42,08:41:44,COMPLETED,28652.0,35039.2,0.40,2102.72
56,medium,14,08:36:35,08:36:35,08:42:15,COMPLETED,30668.0,5672.6,0.36,340.55
148,easy,12,08:39:41,08:39:41,08:42:21,COMPLETED,27736.0,2668.7,0.86,160.80
94,easy,11,08:41:53,08:41:56,08:42:21,COMPLETED,31776.0,416.0,4.00,28.80
19,medium,13,08:36:10,08:36:10,08:42:46,COMPLETED,26110.0,6601.3,0.44,396.43
36,medium,13,08:41:07,08:41:07,08:42:58,COMPLETED,30347.0,1850.6,0.78,111.71
125,medium,14,08:00:47,08:00:48,08:43:04,COMPLETED,36665.0,42270.6,1.66,2537.86
87,easy,11,08:43:04,08:43:04,08:43:17,COMPLETED,28114.0,209.1,0.86,13.24
124,easy,11,08:43:06,08:43:11,08:43:17,COMPLETED,30283.0,106.4,5.04,11.24
109,easy,12,08:43:17,08:43:17,08:43:23,COMPLETED,23636.0,106.0,0.24,6.45
123,easy,12,08:43:07,08:43:11,08:43:41,COMPLETED,29879.0,515.0,4.04,34.87
11,easy,11,08:44:07,08:44:12,08:44:37,COMPLETED,32828.0,411.0,5.53,30.08
138,easy,11,08:44:50,08:44:55,08:45:07,COMPLETED,30097.0,210.0,5.53,17.94
31,medium,13,08:42:16,08:42:21,08:45:14,COMPLETED,31038.0,2875.3,5.80,178.18
70,easy,11,08:45:01,08:45:01,08:45:20,COMPLETED,30559.0,312.4,0.75,19.38
23,easy,12,08:41:53,08:41:56,08:45:32,COMPLETED,28712.0,3596.0,4.00,219.65
3,easy,11,08:45:34,08:45:38,08:45:51,COMPLETED,26367.0,207.9,4.80,17.13
105,easy,12,08:46:32,08:46:34,08:46:46,COMPLETED,31340.0,209.0,2.20,14.54
102,easy,12,08:43:42,08:43:47,08:47:29,COMPLETED,34249.0,3700.9,6.00,227.94
9,easy,11,08:46:50,08:46:52,08:47:48,COMPLETED,31337.0,930.3,2.77,58.42
140,easy,12,08:47:08,08:47:11,08:47:48,COMPLETED,23438.0,621.3,3.33,40.42
86,hard,15,08:17:05,08:17:07,08:48:19,COMPLETED,29946.0,31202.4,2.19,1874.30
139,medium,14,08:42:11,08:42:15,08:48:31,COMPLETED,26177.0,6271.2,4.55,380.71
116,medium,13,08:47:48,08:47:48,08:49:51,COMPLETED,22757.0,2058.7,0.42,123.77
110,hard,15,08:38:26,08:38:26,08:51:43,COMPLETED,34007.0,13276.7,0.80,797.31
128,medium,13,08:46:44,08:46:46,08:52:33,COMPLETED,39420.0,5782.2,2.54,349.37
48,easy,12,08:49:49,08:49:51,08:52:33,COMPLETED,34983.0,2696.0,2.77,164.37
8,medium,13,08:52:12,08:52:14,08:53:29,COMPLETED,27567.0,1247.5,2.55,77.23
2,easy,11,08:53:17,08:53:22,08:53:35,COMPLETED,32251.0,210.5,5.98,18.46
76,easy,12,08:53:21,08:53:22,08:53:41,COMPLETED,26912.0,313.6,1.98,20.64
79,medium,14,08:46:50,08:46:52,08:53:47,COMPLETED,33904.0,6920.2,2.77,417.87
90,easy,12,08:52:47,08:52:51,08:53:54,COMPLETED,30780.0,1038.4,4.94,67.10
47,easy,12,08:53:45,08:53:47,08:54:31,COMPLETED,32338.0,722.5,2.87,46.07
17,easy,12,08:52:53,08:52:58,08:54:43,COMPLETED,21716.0,1756.7,5.13,110.40
99,medium,13,08:53:38,08:53:41,08:54:49,COMPLETED,30374.0,1134.6,3.64,71.57
21,medium,13,08:52:42,08:52:45,08:54:55,COMPLETED,36122.0,2169.1,3.73,133.74
45,medium,14,08:48:25,08:48:25,08:55:08,COMPLETED,31437.0,6712.6,0.50,403.14
15,medium,14,08:46:51,08:46:52,08:55:14,COMPLETED,34859.0,8359.6,1.77,503.30
66,easy,11,08:54:58,08:55:01,08:55:20,COMPLETED,29777.0,311.5,3.90,22.47
133,easy,12,08:53:05,08:53:10,08:56:15,COMPLETED,36788.0,3090.7,5.60,190.91
35,medium,14,08:38:34,08:38:39,08:56:22,COMPLETED,33434.0,17717.1,5.16,1068.08
132,easy,12,08:55:50,08:55:51,08:56:22,COMPLETED,33620.0,518.2,1.16,32.08
49,medium,13,08:49:02,08:49:02,08:56:34,COMPLETED,29171.0,7536.0,0.45,452.49
13,medium,13,08:55:01,08:55:01,08:56:40,COMPLETED,19710.0,1648.2,0.90,99.66
55,easy,12,08:56:23,08:56:28,08:56:46,COMPLETED,25090.0,312.2,5.28,23.88
53,easy,11,08:56:37,08:56:40,08:56:46,COMPLETED,25351.0,106.2,3.66,9.88
14,hard,15,08:24:40,08:24:40,08:56:59,COMPLETED,31640.0,32315.7,0.29,1939.19
147,medium,14,08:38:18,08:38:20,08:57:30,COMPLETED,36429.0,19159.4,2.59,1152.08
93,easy,12,08:57:04,08:57:05,08:57:48,COMPLETED,33964.0,721.6,1.36,44.50
10,medium,14,08:51:32,08:51:37,08:57:54,COMPLETED,37385.0,6294.8,5.11,382.70
7,easy,12,08:57:21,08:57:23,08:58:50,COMPLETED,37460.0,1448.1,2.85,89.46
0,hard,15,08:19:06,08:19:09,08:59:09,COMPLETED,35601.0,39994.7,3.67,2403.30
43,medium,13,08:58:30,08:58:31,08:59:15,COMPLETED,30829.0,734.1,1.70,45.57
52,easy,11,08:58:48,08:58:50,08:59:15,COMPLETED,35246.0,422.3,2.46,27.57
145,medium,13,08:58:37,08:58:38,08:59:27,COMPLETED,28108.0,834.0,1.03,50.97
38,easy,12,08:58:57,08:59:03,08:59:27,COMPLETED,28449.0,417.3,6.05,30.97
26,medium,13,08:57:23,08:57:23,08:59:46,COMPLETED,27980.0,2379.5,0.85,143.48
18,easy,11,08:59:42,08:59:46,08:59:52,COMPLETED,31170.0,106.7,4.48,10.71
97,medium,13,08:56:01,08:56:03,09:00:11,COMPLETED,33790.0,4132.6,2.53,250.30
251,easy,11,09:01:31,09:01:31,09:01:50,COMPLETED,17920.0,315.0,0.94,19.58
154,easy,11,09:01:46,09:01:50,09:01:56,COMPLETED,23404.0,109.3,4.58,10.92
112,hard,15,08:45:02,08:45:07,09:02:15,COMPLETED,32478.0,17130.2,5.94,1033.60
235,easy,11,09:01:21,09:01:25,09:02:21,COMPLETED,36318.0,937.7,4.77,60.83
208,easy,12,09:02:11,09:02:15,09:02:34,COMPLETED,22037.0,313.3,4.60,23.28
246,medium,13,09:00:49,09:00:54,09:02:46,COMPLETED,34021.0,1865.9,5.78,117.54
118,medium,14,08:46:14,08:46:15,09:03:23,COMPLETED,35496.0,17136.8,1.70,1029.79
169,easy,12,09:03:13,09:03:17,09:03:42,COMPLETED,25873.0,418.5,4.46,29.38
6,medium,13,08:44:47,08:44:49,09:05:02,COMPLETED,39410.0,20219.6,2.36,1215.47
83,hard,15,08:30:25,08:30:25,09:06:03,COMPLETED,33375.0,35639.2,0.58,2138.89
127,medium,14,08:57:47,08:57:48,09:06:22,COMPLETED,29173.0,8564.9,1.50,515.27
184,easy,11,09:06:20,09:06:22,09:06:40,COMPLETED,24771.0,309.4,2.27,20.72
168,medium,13,09:03:03,09:03:05,09:07:23,COMPLETED,34796.0,4309.3,2.17,260.61
238,medium,13,09:04:47,09:04:50,09:07:35,COMPLETED,26502.0,2764.8,3.14,168.90
245,easy,12,09:07:52,09:07:54,09:08:43,COMPLETED,29561.0,821.1,2.37,51.52
253,medium,13,09:01:26,09:01:31,09:09:01,COMPLETED,28847.0,7502.8,5.94,455.95
287,medium,14,09:07:46,09:07:48,09:09:39,COMPLETED,28124.0,1851.8,2.19,113.10
236,easy,11,09:10:46,09:10:47,09:11:00,COMPLETED,26838.0,215.6,1.44,14.12
171,easy,12,09:10:08,09:10:10,09:11:43,COMPLETED,24666.0,1562.7,2.30,95.87
232,medium,13,09:10:54,09:11:00,09:11:50,COMPLETED,25664.0,835.6,6.12,56.14
279,medium,14,09:05:30,09:05:33,09:12:02,COMPLETED,29768.0,6495.3,3.16,392.57
211,easy,11,09:11:58,09:12:02,09:12:15,COMPLETED,33503.0,211.4,4.57,17.14
156,easy,12,09:12:45,09:12:46,09:12:58,COMPLETED,29782.0,214.8,1.13,13.66
213,easy,11,09:12:56,09:12:58,09:13:11,COMPLETED,26672.0,212.7,2.66,15.21
189,medium,13,09:12:05,09:12:08,09:13:17,COMPLETED,30306.0,1147.6,3.96,72.47
114,medium,14,08:24:58,08:24:59,09:13:36,COMPLETED,37692.0,48622.7,1.05,2918.35
260,easy,11,09:13:15,09:13:17,09:13:36,COMPLETED,37066.0,318.7,2.47,21.35
152,easy,11,09:14:07,09:14:07,09:14:14,COMPLETED,21411.0,115.6,0.65,7.36
182,easy,11,09:14:05,09:14:07,09:14:39,COMPLETED,33436.0,537.5,2.65,34.78
243,easy,11,09:13:51,09:13:55,09:14:52,COMPLETED,30341.0,954.4,4.18,61.11
178,easy,11,09:14:13,09:14:14,09:15:10,COMPLETED,33165.0,942.9,1.36,57.89
293,easy,11,09:15:11,09:15:17,09:15:29,COMPLETED,18227.0,208.6,6.07,18.43
63,hard,15,08:22:28,08:22:30,09:15:47,COMPLETED,27561.0,53285.8,2.92,3199.97
176,easy,12,09:15:46,09:15:47,09:16:18,COMPLETED,31087.0,518.0,1.97,32.90
75,hard,15,08:33:57,08:34:00,09:16:25,COMPLETED,33924.0,42416.1,3.15,2548.08
298,medium,14,09:04:47,09:04:50,09:16:43,COMPLETED,29921.0,11891.7,3.14,716.55
241,hard,15,09:10:44,09:10:47,09:17:08,COMPLETED,27609.0,6348.9,3.44,384.28
179,easy,12,09:15:47,09:15:47,09:17:14,COMPLETED,36980.0,1443.0,0.97,87.46
292,easy,12,09:16:43,09:16:43,09:17:20,COMPLETED,27462.0,620.2,0.55,37.62
250,medium,14,09:13:48,09:13:48,09:17:26,COMPLETED,29379.0,3635.2,0.82,218.79
286,easy,11,09:17:31,09:17:32,09:18:03,COMPLETED,28408.0,516.3,1.99,32.82
195,easy,12,09:17:24,09:17:26,09:18:22,COMPLETED,27220.0,927.2,2.79,58.28
197,easy,12,09:17:54,09:17:57,09:18:22,COMPLETED,27976.0,413.6,3.62,28.28
202,easy,11,09:18:37,09:18:40,09:18:53,COMPLETED,25207.0,207.7,3.73,16.06
215,medium,13,09:14:48,09:14:52,09:19:36,COMPLETED,31566.0,4736.4,4.11,288.17
228,easy,12,09:19:01,09:19:05,09:20:07,COMPLETED,28611.0,1030.4,4.41,66.07
258,easy,12,09:18:59,09:18:59,09:20:13,COMPLETED,27715.0,1237.6,0.22,74.27
221,easy,11,09:20:45,09:20:50,09:20:56,COMPLETED,23007.0,109.9,5.61,12.00
275,medium,14,09:13:41,09:13:42,09:21:03,COMPLETED,28656.0,7346.2,1.64,442.25
231,medium,13,09:19:43,09:19:48,09:21:09,COMPLETED,33244.0,1354.0,5.47,86.49
205,medium,14,09:08:50,09:08:55,09:21:21,COMPLETED,23548.0,12437.8,5.78,751.96
39,hard,15,08:47:50,08:47:54,09:21:40,COMPLETED,27143.0,33765.2,4.64,2030.50
193,medium,14,09:10:01,09:10:03,09:21:52,COMPLETED,29349.0,11816.1,2.89,711.85
219,easy,12,09:21:10,09:21:15,09:21:59,COMPLETED,26928.0,724.9,5.75,49.04
209,easy,11,09:21:28,09:21:28,09:22:05,COMPLETED,26235.0,623.4,0.12,37.30
185,easy,12,09:21:47,09:21:52,09:22:05,COMPLETED,26731.0,211.8,5.85,18.30
196,medium,13,09:10:14,09:10:16,09:22:36,COMPLETED,36813.0,12334.4,2.60,742.52
248,easy,11,09:22:29,09:22:30,09:22:42,COMPLETED,28927.0,212.6,1.12,13.77
280,medium,13,09:14:11,09:14:14,09:23:07,COMPLETED,30479.0,8888.6,3.36,536.54
267,medium,13,09:14:05,09:14:07,09:24:40,COMPLETED,43296.0,10544.7,2.65,635.32
268,easy,11,09:25:16,09:25:17,09:25:54,COMPLETED,27599.0,625.5,1.35,38.70
27,hard,15,08:37:36,08:37:37,09:27:20,COMPLETED,31281.0,49727.8,1.22,2984.85
212,easy,11,09:27:50,09:27:51,09:27:57,COMPLETED,16248.0,105.0,1.54,7.73
164,easy,11,09:28:10,09:28:10,09:28:16,COMPLETED,19471.0,105.4,0.03,6.20
222,medium,13,09:24:23,09:24:27,09:28:34,COMPLETED,34670.0,4114.9,4.90,251.65
218,easy,12,09:28:35,09:28:40,09:28:53,COMPLETED,21495.0,209.4,5.84,18.23
285,easy,11,09:28:36,09:28:40,09:28:53,COMPLETED,26024.0,208.9,4.84,17.23
201,medium,14,09:14:25,09:14:27,09:29:30,COMPLETED,31341.0,15052.6,2.14,905.23
237,easy,11,09:30:04,09:30:07,09:30:25,COMPLETED,29949.0,310.4,3.14,21.62
172,easy,12,09:29:58,09:30:00,09:30:31,COMPLETED,27312.0,516.3,2.95,33.79
180,easy,11,09:31:07,09:31:08,09:31:27,COMPLETED,26861.0,315.6,1.66,20.42
274,easy,11,09:31:25,09:31:27,09:31:33,COMPLETED,28184.0,109.4,2.42,8.63
163,easy,11,09:31:29,09:31:33,09:31:46,COMPLETED,26703.0,214.3,4.63,17.27
276,easy,12,09:31:59,09:32:04,09:32:48,COMPLETED,23665.0,732.5,5.97,49.74
194,medium,13,09:13:23,09:13:23,09:33:01,COMPLETED,39876.0,19622.6,0.87,1178.11
290,medium,13,09:32:10,09:32:11,09:33:07,COMPLETED,27484.0,938.0,1.26,57.33
181,medium,14,09:22:48,09:22:49,09:33:13,COMPLETED,38140.0,10413.8,1.01,625.60
277,easy,11,09:33:44,09:33:44,09:34:28,COMPLETED,32311.0,732.9,0.89,44.74
229,medium,13,09:33:12,09:33:13,09:34:47,COMPLETED,36934.0,1565.8,1.60,95.33
216,easy,12,09:34:19,09:34:22,09:34:53,COMPLETED,28149.0,524.3,3.39,34.61
73,medium,14,08:25:16,08:25:17,09:35:37,COMPLETED,38068.0,70328.9,1.72,4221.50
291,easy,12,09:32:56,09:33:01,09:36:08,COMPLETED,28019.0,3128.1,5.11,192.63
252,medium,13,09:33:54,09:33:57,09:36:08,COMPLETED,27368.0,2189.4,3.45,134.63
263,easy,12,09:36:21,09:36:21,09:36:33,COMPLETED,26549.0,214.7,0.01,12.68
157,easy,11,09:36:58,09:36:58,09:37:11,COMPLETED,18278.0,211.8,0.72,13.38
220,medium,14,09:36:52,09:36:52,09:39:09,COMPLETED,31179.0,2281.9,0.39,137.18
155,easy,11,09:38:44,09:38:44,09:39:21,COMPLETED,34146.0,626.2,0.23,37.63
174,medium,14,09:38:32,09:38:37,09:39:58,COMPLETED,25792.0,1350.4,5.97,86.83
80,hard,15,08:59:51,08:59:52,09:40:29,COMPLETED,26773.0,40618.5,1.71,2438.77
210,medium,13,09:37:13,09:37:17,09:40:48,COMPLETED,30609.0,3515.4,4.56,215.35
203,medium,14,09:32:36,09:32:36,09:41:25,COMPLETED,31094.0,8822.6,0.30,529.54
271,easy,11,09:41:09,09:41:13,09:41:31,COMPLETED,32274.0,313.4,4.11,22.74
272,easy,12,09:38:51,09:38:56,09:41:44,COMPLETED,27259.0,2795.0,5.70,173.17
256,easy,12,09:41:39,09:41:44,09:41:50,COMPLETED,26361.0,107.4,5.17,11.44
25,hard,15,08:55:53,08:55:57,09:42:21,COMPLETED,28795.0,46405.4,4.34,2788.57
173,hard,15,09:38:24,09:38:25,09:42:34,COMPLETED,30863.0,4144.6,1.58,250.13
273,easy,11,09:43:19,09:43:24,09:43:37,COMPLETED,33798.0,216.5,5.20,18.00
199,medium,14,09:28:49,09:28:53,09:45:42,COMPLETED,32910.0,16829.0,4.23,1013.84
289,easy,11,09:46:54,09:46:57,09:47:04,COMPLETED,23616.0,108.7,3.77,10.07
206,medium,14,09:28:46,09:28:47,09:47:35,COMPLETED,31036.0,18804.8,1.05,1129.25
299,hard,15,09:17:02,09:17:02,09:48:13,COMPLETED,33416.0,31184.6,0.09,1871.08
217,medium,13,09:47:05,09:47:10,09:49:15,COMPLETED,25639.0,2087.7,5.32,130.33
177,easy,11,09:48:33,09:48:38,09:49:27,COMPLETED,30743.0,834.3,5.05,54.88
257,easy,11,09:49:10,09:49:15,09:49:40,COMPLETED,31233.0,421.1,5.33,30.34
244,easy,11,09:49:40,09:49:40,09:49:59,COMPLETED,33961.0,314.9,0.34,19.04
225,easy,11,09:50:09,09:50:11,09:50:17,COMPLETED,18562.0,108.2,2.49,8.76
192,medium,14,09:41:33,09:41:37,09:50:24,COMPLETED,30233.0,8770.4,4.94,531.00
264,easy,11,09:50:45,09:50:48,09:50:55,COMPLETED,25934.0,108.4,3.91,10.21
224,hard,15,09:39:14,09:39:15,09:51:01,COMPLETED,32994.0,11771.0,1.39,707.48
296,medium,14,09:43:05,09:43:05,09:51:07,COMPLETED,31014.0,8042.8,0.34,482.74
295,easy,12,09:50:49,09:50:55,09:51:20,COMPLETED,28133.0,421.1,6.21,31.26
207,easy,12,09:51:42,09:51:45,09:52:28,COMPLETED,29315.0,733.3,3.14,46.87
242,easy,11,09:52:52,09:52:53,09:53:18,COMPLETED,23067.0,420.3,1.87,26.89
198,hard,15,09:34:54,09:34:59,09:53:37,COMPLETED,27462.0,18632.2,5.88,1123.57
170,medium,13,09:42:22,09:42:27,09:53:37,COMPLETED,34324.0,11166.3,5.90,675.57
151,easy,12,09:52:17,09:52:22,09:53:50,COMPLETED,35611.0,1466.3,5.57,93.36
294,easy,12,09:52:28,09:52:28,09:53:50,COMPLETED,28261.0,1361.6,0.87,82.36
226,medium,14,09:41:41,09:41:44,09:53:56,COMPLETED,35813.0,12209.1,3.17,735.60
167,easy,11,09:53:33,09:53:37,09:53:56,COMPLETED,24434.0,320.8,4.57,23.60
284,hard,15,09:36:59,09:37:05,09:54:21,COMPLETED,31246.0,17274.7,6.15,1042.52
288,medium,14,09:37:20,09:37:23,09:54:27,COMPLETED,33994.0,17068.7,3.76,1027.73
165,medium,13,09:50:33,09:50:36,09:54:27,COMPLETED,30684.0,3858.5,3.43,234.73
233,easy,12,09:53:41,09:53:43,09:55:04,COMPLETED,25376.0,1351.2,2.96,83.87
214,medium,14,09:47:59,09:48:00,09:55:29,COMPLETED,31352.0,7491.7,1.30,450.65
175,medium,14,09:45:35,09:45:36,09:55:54,COMPLETED,28738.0,10303.0,1.37,619.36
281,easy,11,09:55:54,09:55:54,09:56:00,COMPLETED,27905.0,107.1,0.36,6.62
158,easy,11,09:56:54,09:56:56,09:57:14,COMPLETED,39112.0,314.3,2.27,20.96
254,easy,12,09:56:44,09:56:50,09:57:21,COMPLETED,29423.0,521.4,6.05,37.16
159,hard,15,09:50:43,09:50:48,09:57:52,COMPLETED,27603.0,7054.9,5.91,429.06
261,easy,11,09:58:45,09:58:47,09:58:53,COMPLETED,21635.0,111.1,2.68,8.97
223,easy,11,09:58:43,09:58:47,09:59:00,COMPLETED,30839.0,217.7,4.68,17.45
249,easy,12,09:59:18,09:59:19,09:59:32,COMPLETED,28358.0,215.9,1.54,14.12
240,easy,12,09:58:47,09:58:47,09:59:44,COMPLETED,27596.0,955.6,0.68,57.89
190,medium,14,09:43:49,09:43:49,09:59:57,COMPLETED,29752.0,16133.9,0.56,968.42
270,easy,12,09:59:01,09:59:06,10:00:03,COMPLETED,27133.0,950.9,5.80,62.70
234,medium,14,09:09:58,09:10:03,10:00:35,COMPLETED,37017.0,50521.7,5.89,3037.10
239,medium,13,09:56:37,09:56:37,10:01:31,COMPLETED,31615.0,4902.7,0.66,294.61
429,easy,12,10:01:20,10:01:25,10:01:50,COMPLETED,26965.0,420.7,5.31,30.32
325,easy,11,10:01:36,10:01:37,10:01:50,COMPLETED,27328.0,211.5,1.89,14.32
150,medium,14,09:58:50,09:58:53,10:01:56,COMPLETED,34907.0,3046.4,3.97,186.60
12,hard,15,08:30:39,08:30:43,10:03:17,COMPLETED,38345.0,92553.9,4.91,5558.07
425,easy,12,10:03:14,10:03:17,10:03:48,COMPLETED,28165.0,522.4,3.07,34.21
153,hard,15,09:28:32,09:28:34,10:04:56,COMPLETED,31454.0,36365.1,2.65,2184.48
377,easy,12,10:03:56,10:04:00,10:06:54,COMPLETED,33504.0,2906.5,4.65,178.76
330,medium,13,10:06:36,10:06:41,10:07:45,COMPLETED,26192.0,1064.3,5.83,69.52
409,easy,12,10:07:19,10:07:20,10:07:58,COMPLETED,27299.0,633.9,1.33,39.06
430,easy,12,10:06:56,10:07:01,10:08:36,COMPLETED,33699.0,1589.0,5.11,100.01
426,medium,14,10:07:12,10:07:13,10:08:55,COMPLETED,31392.0,1694.3,1.81,103.18
351,medium,13,10:05:00,10:05:02,10:09:01,COMPLETED,32064.0,3986.0,2.68,241.55
401,easy,11,10:08:30,10:08:36,10:09:07,COMPLETED,23324.0,536.8,6.01,37.91
410,easy,11,10:09:18,10:09:20,10:09:26,COMPLETED,25919.0,109.9,2.52,8.79
441,medium,14,10:01:47,10:01:50,10:09:52,COMPLETED,27863.0,8036.6,3.32,485.11
339,easy,12,10:09:30,10:09:33,10:09:52,COMPLETED,25503.0,323.9,3.15,22.11
303,easy,12,10:09:51,10:09:52,10:10:23,COMPLETED,25604.0,533.7,1.11,32.83
368,easy,12,10:09:35,10:09:39,10:10:55,COMPLETED,29427.0,1266.3,4.65,80.45
328,easy,11,10:10:58,10:11:01,10:11:26,COMPLETED,27450.0,423.1,3.66,28.71
433,easy,11,10:11:31,10:11:33,10:11:45,COMPLETED,26638.0,217.8,2.08,14.84
335,easy,11,10:11:55,10:11:58,10:12:11,COMPLETED,21813.0,217.3,3.52,16.23
297,medium,14,09:23:53,09:23:56,10:12:36,COMPLETED,31630.0,48662.7,3.86,2923.57
434,medium,14,10:00:15,10:00:16,10:13:07,COMPLETED,30010.0,12861.4,1.08,772.61
393,easy,12,10:14:08,10:14:09,10:14:34,COMPLETED,32799.0,419.3,1.68,26.65
301,easy,11,10:15:03,10:15:05,10:15:12,COMPLETED,18739.0,108.7,2.79,9.05
402,easy,12,10:13:49,10:13:50,10:15:43,COMPLETED,24429.0,1875.0,1.99,114.20
443,easy,12,10:13:56,10:13:57,10:15:43,COMPLETED,27457.0,1771.3,1.23,107.20
183,hard,15,09:55:16,09:55:17,10:16:08,COMPLETED,28122.0,20855.1,1.25,1252.36
309,easy,11,10:16:07,10:16:08,10:16:27,COMPLETED,19731.0,318.9,1.36,20.18
357,easy,11,10:16:25,10:16:27,10:16:46,COMPLETED,29860.0,319.3,2.18,21.05
413,easy,12,10:15:58,10:16:02,10:17:11,COMPLETED,29602.0,1155.0,4.07,73.15
428,easy,12,10:16:43,10:16:46,10:17:23,COMPLETED,20849.0,630.7,3.05,40.68
421,medium,13,10:14:49,10:14:53,10:18:33,COMPLETED,30910.0,3679.4,4.28,224.72
336,medium,14,10:17:28,10:17:29,10:19:12,COMPLETED,29650.0,1708.9,1.92,104.20
305,medium,13,10:16:52,10:16:52,10:19:24,COMPLETED,30843.0,2545.9,0.38,152.80
391,easy,11,10:19:09,10:19:12,10:19:31,COMPLETED,32589.0,325.4,3.20,22.23
191,hard,15,09:46:01,09:46:01,10:19:37,COMPLETED,33195.0,33609.5,0.52,2016.77
269,hard,15,09:43:30,09:43:30,10:19:57,COMPLETED,28449.0,36450.6,0.59,2187.46
379,medium,13,10:18:06,10:18:07,10:20:10,COMPLETED,27512.0,2045.3,1.96,124.30
397,easy,11,10:20:05,10:20:10,10:20:29,COMPLETED,25220.0,329.3,5.30,24.82
343,easy,12,10:19:50,10:19:50,10:20:36,COMPLETED,22073.0,759.3,0.84,46.10
405,medium,13,10:14:52,10:14:53,10:20:42,COMPLETED,30343.0,5827.5,1.28,350.55
400,easy,11,10:21:21,10:21:21,10:21:40,COMPLETED,17295.0,334.7,0.02,19.67
358,medium,13,10:20:39,10:20:42,10:22:12,COMPLETED,33853.0,1510.7,3.55,93.81
44,hard,15,08:47:09,08:47:11,10:22:19,COMPLETED,36627.0,95132.6,2.33,5710.28
230,hard,15,09:59:29,09:59:32,10:22:19,COMPLETED,31401.0,22790.4,3.12,1370.28
386,easy,12,10:17:17,10:17:17,10:22:25,COMPLETED,34467.0,5143.4,0.41,308.78
431,easy,12,10:21:40,10:21:40,10:22:32,COMPLETED,27818.0,861.2,0.67,52.11
439,medium,13,10:08:06,10:08:10,10:22:57,COMPLETED,35974.0,14788.4,4.62,891.69
321,medium,13,10:20:18,10:20:23,10:23:54,COMPLETED,31484.0,3529.7,5.27,216.84
362,medium,13,10:15:39,10:15:43,10:24:07,COMPLETED,31735.0,8404.3,4.20,508.33
354,medium,13,10:19:35,10:19:37,10:24:07,COMPLETED,25951.0,4496.1,2.77,272.33
435,medium,14,10:12:44,10:12:48,10:24:26,COMPLETED,36536.0,11621.3,4.98,702.11
448,easy,11,10:24:47,10:24:51,10:25:03,COMPLETED,30813.0,213.1,4.05,16.57
442,easy,11,10:24:59,10:25:03,10:25:09,COMPLETED,25093.0,108.7,4.57,10.87
374,medium,14,10:01:30,10:01:31,10:26:30,COMPLETED,33588.0,24991.9,1.61,1501.00
365,easy,12,10:26:17,10:26:18,10:26:43,COMPLETED,20721.0,422.7,1.44,26.48
322,easy,11,10:26:39,10:26:43,10:26:56,COMPLETED,28711.0,213.7,4.48,17.08
313,easy,12,10:21:30,10:21:34,10:27:27,COMPLETED,39510.0,5889.9,4.13,357.31
399,easy,12,10:28:10,10:28:11,10:28:36,COMPLETED,29728.0,422.5,1.11,26.14
445,easy,12,10:27:45,10:27:46,10:29:07,COMPLETED,28153.0,1366.8,1.04,82.77
363,easy,12,10:28:03,10:28:04,10:29:14,COMPLETED,25772.0,1160.9,1.79,71.09
349,easy,12,10:30:28,10:30:30,10:30:49,COMPLETED,26623.0,320.5,2.58,21.55
342,medium,13,10:29:27,10:29:33,10:31:40,COMPLETED,31478.0,2129.6,6.15,133.70
384,medium,13,10:29:40,10:29:45,10:31:53,COMPLETED,27544.0,2132.5,5.90,133.35
300,medium,13,10:19:50,10:19:50,10:32:31,COMPLETED,35505.0,12682.8,0.84,761.51
360,medium,14,10:19:30,10:19:31,10:32:44,COMPLETED,28036.0,13224.7,1.23,794.44
341,easy,11,10:33:20,10:33:22,10:33:41,COMPLETED,30803.0,324.5,2.57,21.85
438,easy,11,10:33:33,10:33:35,10:33:41,COMPLETED,25709.0,109.9,2.52,8.85
389,medium,13,10:31:50,10:31:53,10:34:32,COMPLETED,24834.0,2664.9,3.35,162.87
364,easy,12,10:34:08,10:34:13,10:34:32,COMPLETED,26036.0,328.0,5.66,24.87
350,medium,13,10:33:17,10:33:22,10:35:23,COMPLETED,31600.0,2018.7,5.57,126.46
327,easy,11,10:35:29,10:35:29,10:35:36,COMPLETED,24247.0,109.9,0.75,7.08
353,medium,13,10:00:49,10:00:54,10:35:48,COMPLETED,36334.0,34913.5,5.02,2099.68
398,easy,12,10:35:48,10:35:48,10:36:13,COMPLETED,21458.0,422.5,0.68,25.78
415,easy,11,10:37:01,10:37:03,10:37:10,COMPLETED,23975.0,109.7,2.92,9.24
382,medium,13,10:34:47,10:34:52,10:37:29,COMPLETED,28748.0,2620.6,5.05,162.05
326,easy,11,10:37:34,10:37:35,10:38:06,COMPLETED,32986.0,528.9,1.33,32.79
416,medium,14,10:17:39,10:17:42,10:38:25,COMPLETED,31544.0,20725.7,3.44,1246.76
318,medium,13,10:38:25,10:38:25,10:39:22,COMPLETED,27646.0,950.1,0.76,57.46
324,medium,13,10:37:32,10:37:35,10:39:35,COMPLETED,26325.0,2001.0,3.33,123.13
387,easy,11,10:39:20,10:39:22,10:39:35,COMPLETED,27608.0,216.2,2.46,15.13
304,easy,11,10:39:40,10:39:41,10:40:00,COMPLETED,29629.0,327.5,1.46,20.81
388,easy,11,10:39:57,10:40:00,10:40:07,COMPLETED,26880.0,110.9,3.81,10.14
407,easy,12,10:39:08,10:39:09,10:40:26,COMPLETED,34043.0,1284.5,1.86,78.44
378,medium,13,10:39:26,10:39:28,10:40:32,COMPLETED,23740.0,1077.0,2.81,66.99
446,easy,11,10:40:33,10:40:39,10:40:45,COMPLETED,27817.0,109.9,6.47,12.81
392,medium,13,10:38:58,10:39:03,10:40:52,COMPLETED,29520.0,1817.6,5.48,114.10
5,hard,15,08:03:27,08:03:32,10:41:24,COMPLETED,34453.0,157856.2,5.75,9477.09
408,hard,15,10:32:34,10:32:37,10:41:24,COMPLETED,26963.0,8775.8,3.93,530.09
383,hard,15,10:09:12,10:09:14,10:41:43,COMPLETED,34644.0,32486.1,2.27,1951.30
422,easy,11,10:41:33,10:41:37,10:41:49,COMPLETED,33409.0,216.7,4.00,16.58
361,easy,12,10:42:04,10:42:08,10:42:53,COMPLETED,31490.0,751.8,4.83,49.70
345,easy,12,10:43:22,10:43:25,10:44:04,COMPLETED,28608.0,652.2,3.52,42.20
396,medium,13,10:43:41,10:43:44,10:44:36,COMPLETED,35101.0,862.7,3.96,55.28
323,easy,12,10:43:10,10:43:12,10:45:21,COMPLETED,26071.0,2142.1,2.90,131.02
331,medium,14,10:18:34,10:18:40,10:46:11,COMPLETED,35622.0,27532.5,6.19,1657.98
278,hard,15,09:37:27,09:37:29,10:46:24,COMPLETED,35618.0,68911.7,2.97,4137.59
302,easy,12,10:45:29,10:45:33,10:46:30,COMPLETED,32214.0,953.6,4.91,61.88
367,easy,12,10:46:16,10:46:18,10:46:43,COMPLETED,29912.0,423.7,2.27,27.43
317,easy,11,10:46:45,10:46:49,10:47:02,COMPLETED,29603.0,214.8,4.72,17.35
347,medium,14,10:38:18,10:38:19,10:47:46,COMPLETED,32806.0,9456.0,1.43,568.39
306,easy,11,10:47:40,10:47:40,10:47:46,COMPLETED,24921.0,113.7,0.07,6.39
427,easy,12,10:45:45,10:45:46,10:47:52,COMPLETED,19648.0,2108.4,1.69,127.92
312,easy,12,10:46:51,10:46:56,10:47:59,COMPLETED,27826.0,1059.5,5.03,68.24
432,easy,11,10:47:58,10:47:59,10:48:05,COMPLETED,27330.0,111.0,1.24,7.65
119,hard,15,08:31:33,08:31:38,10:50:11,COMPLETED,34709.0,138537.5,5.92,8318.14
227,hard,15,09:36:55,09:36:58,10:50:17,COMPLETED,24970.0,73313.8,3.72,4402.48
355,easy,12,10:49:52,10:49:52,10:51:01,COMPLETED,25365.0,1159.5,0.25,69.49
314,medium,14,10:37:52,10:37:54,10:51:14,COMPLETED,32176.0,13336.0,2.21,802.12
332,easy,12,10:51:00,10:51:01,10:51:32,COMPLETED,28288.0,528.6,1.49,32.96
437,easy,12,10:52:00,10:52:04,10:52:10,COMPLETED,25912.0,111.9,4.25,10.56
424,medium,14,10:47:29,10:47:33,10:52:55,COMPLETED,28986.0,5366.5,4.75,326.49
418,easy,12,10:52:30,10:52:36,10:53:08,COMPLETED,31418.0,541.6,6.06,38.25
404,easy,12,10:52:40,10:52:42,10:53:46,COMPLETED,33760.0,1072.8,2.65,66.59
320,medium,14,10:36:42,10:36:45,10:54:24,COMPLETED,29999.0,17665.6,3.08,1062.81
337,easy,11,10:54:29,10:54:31,10:54:37,COMPLETED,31363.0,110.4,2.08,8.42
420,medium,14,10:22:43,10:22:44,10:54:43,COMPLETED,34626.0,31986.1,1.78,1920.73
329,easy,11,10:54:38,10:54:43,10:54:50,COMPLETED,28137.0,110.2,5.73,12.06
412,medium,13,10:55:46,10:55:46,10:55:52,COMPLETED,28961.0,109.3,0.52,6.83
444,hard,15,10:34:03,10:34:07,10:56:11,COMPLETED,30800.0,22079.8,4.29,1328.75
344,easy,12,10:56:03,10:56:05,10:56:24,COMPLETED,33801.0,326.4,2.42,21.61
390,easy,12,10:56:42,10:56:43,10:57:03,COMPLETED,27036.0,331.8,1.98,21.49
436,easy,11,10:56:49,10:56:50,10:57:09,COMPLETED,26877.0,327.8,1.53,20.95
370,easy,12,10:56:31,10:56:31,10:57:35,COMPLETED,26269.0,1071.4,0.04,64.09
366,easy,11,10:57:12,10:57:16,10:57:35,COMPLETED,32742.0,318.8,4.22,23.09
385,medium,14,10:42:56,10:42:59,10:57:47,COMPLETED,30951.0,14798.4,3.97,891.67
359,medium,14,10:34:48,10:34:52,10:58:50,COMPLETED,41513.0,23972.4,4.05,1442.19
403,easy,12,10:57:37,10:57:41,10:59:09,COMPLETED,32546.0,1465.1,4.37,92.05
333,easy,11,10:58:47,10:58:50,10:59:09,COMPLETED,23972.0,318.5,3.19,22.05
406,medium,14,10:21:15,10:21:21,10:59:53,COMPLETED,25895.0,38538.9,6.02,2318.16
311,medium,13,10:59:41,10:59:46,11:00:05,COMPLETED,27089.0,320.8,5.85,24.80
395,easy,11,10:59:51,10:59:53,11:00:05,COMPLETED,26252.0,216.0,2.16,14.80
259,hard,15,09:22:25,09:22:30,11:00:30,COMPLETED,35698.0,98015.2,5.12,5885.99
423,medium,13,10:59:24,10:59:27,11:00:30,COMPLETED,28448.0,1056.5,3.90,66.99
371,medium,13,10:50:51,10:50:55,11:00:37,COMPLETED,34156.0,9708.1,4.10,586.33
414,medium,14,10:24:10,10:24:13,11:01:27,COMPLETED,31993.0,37238.0,3.59,2237.70
566,easy,11,11:01:16,11:01:21,11:01:27,COMPLETED,28412.0,110.4,5.37,11.70
464,medium,13,11:00:56,11:00:56,11:01:40,COMPLETED,32944.0,739.7,0.16,44.28
340,medium,14,10:48:40,10:48:43,11:01:59,COMPLETED,30184.0,13268.3,3.26,799.09
319,easy,12,10:59:34,10:59:34,11:02:17,COMPLETED,34384.0,2731.4,0.24,163.91
469,easy,12,11:01:54,11:01:59,11:02:17,COMPLETED,29737.0,317.7,5.09,23.91
352,medium,13,10:58:43,10:58:43,11:02:42,COMPLETED,24718.0,3989.2,0.88,239.98
595,easy,11,11:03:11,11:03:14,11:03:26,COMPLETED,24635.0,212.9,3.16,15.70
535,easy,12,11:03:13,11:03:14,11:03:39,COMPLETED,24083.0,420.2,1.16,26.19
187,hard,15,09:29:12,09:29:17,11:03:51,COMPLETED,33310.0,94563.7,5.89,5679.66
338,hard,15,10:15:37,10:15:43,11:04:04,COMPLETED,30604.0,48350.9,6.20,2907.11
589,easy,12,11:04:38,11:04:41,11:05:18,COMPLETED,24671.0,629.0,3.45,40.96
450,easy,11,11:05:23,11:05:25,11:05:56,COMPLETED,23121.0,527.2,2.22,33.59
468,easy,11,11:05:55,11:05:56,11:06:02,COMPLETED,22365.0,109.0,1.59,7.89
547,medium,13,11:04:50,11:04:53,11:06:21,COMPLETED,33997.0,1465.8,3.94,91.68
316,hard,15,10:27:16,10:27:21,11:07:05,COMPLETED,33670.0,39742.7,5.03,2389.44
527,easy,12,11:06:40,11:06:40,11:07:17,COMPLETED,28059.0,630.1,0.39,37.98
515,easy,11,11:07:20,11:07:24,11:07:30,COMPLETED,25179.0,108.3,4.23,10.50
561,easy,12,11:08:30,11:08:33,11:08:59,COMPLETED,26633.0,428.7,3.82,29.10
348,hard,15,10:19:39,10:19:44,11:09:37,COMPLETED,34625.0,49892.3,5.33,2998.54
488,easy,11,11:09:33,11:09:37,11:09:44,COMPLETED,23676.0,117.1,4.54,11.10
346,hard,15,10:12:19,10:12:23,11:09:50,COMPLETED,32078.0,57447.3,4.90,3451.62
507,medium,14,11:05:37,11:05:37,11:10:09,COMPLETED,28011.0,4532.9,0.72,272.49
452,easy,12,11:10:14,11:10:15,11:10:28,COMPLETED,29176.0,214.0,1.77,14.36
529,easy,12,11:09:55,11:09:56,11:10:40,COMPLETED,31937.0,736.9,1.90,45.88
537,easy,11,11:10:41,11:10:47,11:10:53,COMPLETED,28471.0,108.7,6.15,12.43
598,easy,12,11:09:40,11:09:44,11:11:43,COMPLETED,25946.0,1996.1,4.10,123.64
499,easy,12,11:11:16,11:11:18,11:12:08,COMPLETED,24136.0,841.6,2.46,52.73
504,easy,12,11:11:18,11:11:18,11:12:14,COMPLETED,27618.0,945.5,0.46,57.00
560,easy,11,11:12:53,11:12:58,11:13:11,COMPLETED,26803.0,214.0,5.74,18.34
550,medium,13,11:08:53,11:08:59,11:13:23,COMPLETED,32034.0,4417.3,6.10,270.93
545,medium,14,11:08:19,11:08:21,11:13:36,COMPLETED,28727.0,5261.2,2.08,317.50
500,easy,11,11:13:34,11:13:36,11:13:42,COMPLETED,25401.0,109.4,2.50,8.83
315,medium,14,10:40:05,10:40:07,11:14:51,COMPLETED,29750.0,34745.7,2.14,2086.72
493,easy,12,11:13:27,11:13:30,11:16:01,COMPLETED,27086.0,2532.9,3.20,154.78
540,medium,13,11:15:54,11:15:55,11:16:53,COMPLETED,29714.0,971.7,1.25,59.25
557,easy,11,11:16:41,11:16:46,11:16:53,COMPLETED,24192.0,110.8,5.93,12.25
473,easy,11,11:17:02,11:17:06,11:17:18,COMPLETED,26652.0,217.2,4.02,16.64
548,easy,12,11:16:06,11:16:08,11:17:44,COMPLETED,28358.0,1611.3,2.25,98.47
471,medium,14,11:15:07,11:15:10,11:18:16,COMPLETED,27053.0,3111.2,3.52,189.79
479,medium,13,11:14:39,11:14:39,11:19:14,COMPLETED,29655.0,4591.8,0.15,275.26
511,easy,11,11:19:15,11:19:20,11:19:27,COMPLETED,28552.0,116.2,5.72,12.28
160,hard,15,09:38:46,09:38:50,11:20:11,COMPLETED,29837.0,101360.5,4.46,6085.98
514,medium,14,11:10:01,11:10:03,11:20:24,COMPLETED,29241.0,10365.0,2.20,623.84
554,medium,13,11:19:44,11:19:46,11:21:16,COMPLETED,28196.0,1497.5,2.43,92.03
576,easy,12,11:21:32,11:21:34,11:22:31,COMPLETED,30062.0,950.6,2.83,59.55
498,easy,12,11:22:07,11:22:12,11:22:37,COMPLETED,29162.0,426.0,5.60,30.91
505,easy,12,11:22:28,11:22:31,11:22:50,COMPLETED,26557.0,321.6,3.55,22.55
563,easy,12,11:20:19,11:20:24,11:22:56,COMPLETED,35286.0,2538.8,5.84,157.89
475,easy,12,11:22:43,11:22:44,11:22:56,COMPLETED,22942.0,216.8,1.19,13.89
536,medium,13,11:21:46,11:21:47,11:23:28,COMPLETED,25107.0,1690.2,1.45,102.57
394,hard,15,10:59:10,10:59:15,11:24:50,COMPLETED,30234.0,25587.1,5.32,1540.37
478,easy,11,11:24:39,11:24:44,11:24:56,COMPLETED,28814.0,214.7,5.04,17.66
465,easy,11,11:24:09,11:24:12,11:25:15,COMPLETED,33947.0,1052.6,3.65,66.54
588,medium,14,11:02:39,11:02:42,11:25:21,COMPLETED,35157.0,22650.8,3.98,1362.84
552,easy,11,11:25:01,11:25:02,11:25:34,COMPLETED,35311.0,529.9,1.95,33.44
577,easy,11,11:25:34,11:25:34,11:25:40,COMPLETED,23670.0,110.0,0.44,6.79
356,medium,14,10:26:42,10:26:43,11:25:53,COMPLETED,36745.0,59166.2,1.48,3551.33
524,easy,12,11:23:08,11:23:09,11:26:12,COMPLETED,36076.0,3047.9,1.60,184.23
597,easy,12,11:23:57,11:24:00,11:26:12,COMPLETED,29890.0,2207.5,3.06,135.23
558,easy,12,11:25:52,11:25:53,11:26:31,COMPLETED,29528.0,635.8,1.33,39.22
456,medium,14,11:12:56,11:12:58,11:27:09,COMPLETED,24580.0,14184.5,2.74,853.65
555,easy,12,11:26:40,11:26:43,11:27:15,COMPLETED,32317.0,542.7,3.91,35.93
463,easy,12,11:27:47,11:27:48,11:28:14,COMPLETED,24640.0,436.9,1.30,27.14
81,hard,15,08:37:40,08:37:43,11:28:40,COMPLETED,30976.0,170943.1,3.56,10260.13
533,easy,12,11:27:43,11:27:48,11:29:12,COMPLETED,24182.0,1403.7,5.30,89.19
510,medium,13,11:28:13,11:28:14,11:29:31,COMPLETED,30729.0,1291.7,1.14,78.32
454,medium,13,11:27:10,11:27:15,11:29:37,COMPLETED,25173.0,2369.3,5.93,147.69
546,easy,11,11:29:28,11:29:31,11:29:37,COMPLETED,22354.0,114.4,3.32,9.69
585,easy,11,11:29:29,11:29:31,11:29:44,COMPLETED,26614.0,220.7,2.32,15.22
373,hard,15,10:07:13,10:07:13,11:29:57,COMPLETED,34104.0,82721.1,0.81,4964.07
497,easy,12,11:29:42,11:29:44,11:30:16,COMPLETED,32126.0,540.5,2.22,34.26
449,hard,15,10:15:11,10:15:12,11:30:22,COMPLETED,25211.0,75178.6,1.05,4511.67
523,hard,15,11:06:07,11:06:09,11:30:22,COMPLETED,27192.0,24228.5,2.15,1455.67
494,easy,12,11:30:34,11:30:35,11:31:01,COMPLETED,23680.0,437.5,1.38,27.10
480,easy,12,11:27:29,11:27:35,11:31:39,COMPLETED,32275.0,4075.8,6.50,250.68
516,medium,13,11:30:52,11:30:54,11:31:39,COMPLETED,26384.0,758.2,2.62,47.68
559,easy,12,11:31:19,11:31:20,11:31:39,COMPLETED,26835.0,329.9,1.37,20.68
542,easy,12,11:31:32,11:31:33,11:31:52,COMPLETED,24816.0,331.7,1.11,20.61
188,hard,15,09:54:26,09:54:27,11:32:11,COMPLETED,38979.0,97740.0,1.73,5865.81
461,medium,14,11:28:56,11:28:59,11:32:11,COMPLETED,31044.0,3220.5,3.20,195.81
565,easy,11,11:32:10,11:32:11,11:32:18,COMPLETED,28276.0,117.5,1.81,8.52
519,medium,14,11:27:48,11:27:48,11:32:50,COMPLETED,26677.0,5032.5,0.30,302.19
484,easy,12,11:34:02,11:34:05,11:34:24,COMPLETED,28361.0,320.1,3.62,22.55
477,easy,11,11:34:06,11:34:11,11:34:24,COMPLETED,28057.0,215.2,5.97,18.55
528,medium,13,11:22:57,11:23:03,11:34:43,COMPLETED,26901.0,11673.8,6.23,706.44
440,hard,15,10:30:06,10:30:11,11:34:49,COMPLETED,33796.0,64640.5,5.42,3883.74
586,medium,13,11:32:22,11:32:25,11:35:02,COMPLETED,27120.0,2625.3,3.00,160.29
570,easy,12,11:34:22,11:34:24,11:35:27,COMPLETED,27815.0,1051.3,2.55,65.38
485,hard,15,11:27:26,11:27:28,11:35:33,COMPLETED,36340.0,8081.6,2.96,487.65
544,easy,12,11:35:55,11:35:58,11:36:11,COMPLETED,26190.0,215.2,3.70,16.40
564,medium,13,11:28:24,11:28:27,11:36:55,COMPLETED,26340.0,8476.8,3.14,511.51
534,hard,15,11:05:40,11:05:44,11:37:39,COMPLETED,33967.0,31934.7,4.06,1919.96
455,easy,11,11:37:29,11:37:33,11:37:39,COMPLETED,27175.0,110.8,4.64,10.96
166,hard,15,09:59:16,09:59:19,11:38:05,COMPLETED,31512.0,98769.5,3.54,5929.58
556,medium,13,11:37:18,11:37:20,11:38:05,COMPLETED,28717.0,755.7,2.69,47.58
503,medium,14,11:32:08,11:32:11,11:38:18,COMPLETED,27981.0,6114.6,3.81,370.49
571,easy,12,11:39:02,11:39:02,11:39:21,COMPLETED,24455.0,326.2,0.44,19.64
204,hard,15,09:42:53,09:42:58,11:39:34,COMPLETED,26039.0,116597.6,5.92,7001.56
574,easy,12,11:39:29,11:39:34,11:39:47,COMPLETED,29395.0,225.3,5.56,18.69
538,easy,11,11:39:37,11:39:41,11:39:47,COMPLETED,25559.0,116.3,4.14,10.69
496,medium,14,11:33:20,11:33:21,11:40:45,COMPLETED,28025.0,7399.5,1.70,445.46
474,medium,14,11:34:00,11:34:05,11:42:40,COMPLETED,34982.0,8582.7,5.62,520.20
451,easy,12,11:42:28,11:42:33,11:42:46,COMPLETED,30613.0,224.9,5.62,18.71
502,easy,12,11:42:32,11:42:33,11:43:25,COMPLETED,27925.0,863.8,1.62,53.13
532,medium,14,11:26:52,11:26:56,11:43:44,COMPLETED,31224.0,16791.9,4.83,1012.15
466,medium,13,11:35:55,11:35:58,11:43:44,COMPLETED,35136.0,7761.6,3.70,469.15
584,easy,11,11:43:22,11:43:25,11:43:44,COMPLETED,30911.0,322.1,3.13,22.15
490,medium,14,11:31:55,11:31:59,11:43:56,COMPLETED,34259.0,11965.4,4.05,721.78
162,hard,15,09:00:21,09:00:23,11:44:09,COMPLETED,24971.0,163760.3,2.72,9828.31
530,easy,11,11:44:36,11:44:40,11:44:53,COMPLETED,23155.0,214.0,4.62,17.22
482,easy,12,11:44:45,11:44:46,11:45:05,COMPLETED,25619.0,317.7,1.92,20.73
587,medium,13,11:40:24,11:40:26,11:45:12,COMPLETED,36379.0,4766.9,2.25,288.00
568,easy,11,11:46:12,11:46:14,11:46:20,COMPLETED,24086.0,108.7,2.51,8.80
307,hard,15,10:33:37,10:33:41,11:46:27,COMPLETED,31700.0,72755.2,4.85,4370.05
520,medium,13,11:36:29,11:36:30,11:46:27,COMPLETED,29684.0,9950.4,1.24,598.05
453,easy,12,11:41:14,11:41:17,11:46:33,COMPLETED,35565.0,5271.0,3.30,319.31
282,hard,15,09:24:35,09:24:40,11:47:10,COMPLETED,36254.0,142508.3,5.32,8555.76
580,easy,11,11:47:09,11:47:10,11:47:17,COMPLETED,24454.0,108.6,1.76,8.06
578,medium,13,11:47:20,11:47:23,11:48:07,COMPLETED,26313.0,732.2,3.30,47.01
594,easy,12,11:47:43,11:47:48,11:48:13,COMPLETED,22034.0,420.7,5.25,30.26
562,hard,15,11:17:45,11:17:50,11:48:38,COMPLETED,29706.0,30792.1,5.96,1853.23
334,hard,15,10:52:16,10:52:16,11:48:44,COMPLETED,29819.0,56462.7,0.99,3388.63
458,easy,12,11:49:18,11:49:22,11:49:35,COMPLETED,24843.0,220.3,4.41,17.16
551,easy,12,11:49:20,11:49:22,11:50:13,COMPLETED,28030.0,850.6,2.41,53.29
573,easy,11,11:50:44,11:50:44,11:50:57,COMPLETED,34869.0,223.1,0.90,13.91
489,easy,11,11:51:25,11:51:29,11:51:36,COMPLETED,33070.0,113.4,4.80,11.28
457,medium,13,11:40:15,11:40:19,11:52:07,COMPLETED,37828.0,11806.9,4.71,712.93
472,easy,11,11:51:48,11:51:49,11:52:14,COMPLETED,22826.0,426.4,1.02,26.19
462,easy,11,11:52:20,11:52:20,11:52:39,COMPLETED,31543.0,327.9,0.64,19.85
460,easy,11,11:52:24,11:52:27,11:52:39,COMPLETED,35139.0,220.3,3.14,15.85
569,easy,11,11:52:36,11:52:39,11:52:52,COMPLETED,31106.0,224.3,3.85,16.91
575,easy,11,11:52:40,11:52:46,11:52:52,COMPLETED,22114.0,115.9,6.41,12.91
543,hard,15,11:10:56,11:10:59,11:53:37,COMPLETED,25321.0,42629.8,3.69,2561.26
592,easy,12,11:53:27,11:53:30,11:53:49,COMPLETED,28022.0,322.7,3.98,22.96
567,easy,11,11:53:52,11:53:56,11:54:09,COMPLETED,26077.0,220.0,4.38,17.23
481,medium,14,11:43:27,11:43:31,11:55:05,COMPLETED,36050.0,11576.0,4.58,698.90
531,easy,12,11:51:36,11:51:36,11:55:05,COMPLETED,43178.0,3498.3,0.28,209.90
591,easy,12,11:55:13,11:55:18,11:55:49,COMPLETED,30805.0,526.1,5.49,36.83
517,easy,11,11:55:40,11:55:43,11:55:56,COMPLETED,26527.0,213.4,3.51,16.09
495,easy,11,11:55:58,11:56:02,11:56:14,COMPLETED,22098.0,214.0,4.34,16.91
581,easy,12,11:55:41,11:55:43,11:56:33,COMPLETED,24799.0,840.6,2.51,52.77
596,easy,12,11:54:36,11:54:40,11:56:40,COMPLETED,30895.0,1988.8,4.92,124.02
590,medium,14,11:35:41,11:35:46,11:57:23,COMPLETED,25901.0,21631.3,5.16,1302.82
491,medium,13,11:50:33,11:50:38,11:57:23,COMPLETED,41949.0,6760.8,5.43,410.82
486,medium,14,11:49:56,11:50:00,11:58:13,COMPLETED,37168.0,8223.2,4.79,497.98
522,hard,15,11:46:29,11:46:33,11:58:20,COMPLETED,33319.0,11785.7,4.31,711.25
369,medium,14,10:55:32,10:55:33,11:58:39,COMPLETED,35535.0,63087.2,1.91,3787.03
549,medium,13,11:56:11,11:56:14,11:58:39,COMPLETED,32768.0,2405.5,3.91,148.03
572,easy,11,11:59:44,11:59:47,12:00:00,COMPLETED,32983.0,213.9,3.67,16.22
262,hard,15,09:38:34,09:38:37,12:00:19,COMPLETED,33247.0,141684.3,3.97,8505.03
381,hard,15,10:48:14,10:48:18,12:00:25,COMPLETED,34289.0,72120.3,4.18,4331.29
593,medium,14,11:13:15,11:13:17,12:01:52,COMPLETED,36482.0,48592.0,2.62,2917.91
600,easy,12,12:00:54,12:00:56,12:02:05,COMPLETED,29611.0,1160.5,2.45,71.71
518,medium,13,11:57:21,11:57:23,12:02:24,COMPLETED,24399.0,5023.0,2.82,303.77
619,easy,11,12:02:58,12:03:03,12:03:09,COMPLETED,24846.0,112.0,5.20,11.70
526,medium,14,11:39:27,11:39:28,12:04:00,COMPLETED,33951.0,24542.1,1.06,1473.31
662,medium,13,12:03:13,12:03:15,12:04:06,COMPLETED,32846.0,852.6,2.95,53.74
525,medium,14,11:57:57,11:58:01,12:04:25,COMPLETED,33414.0,6411.2,4.41,388.86
380,hard,15,10:08:22,10:08:23,12:04:38,COMPLETED,33198.0,116257.6,1.18,6976.52
622,easy,11,12:05:33,12:05:35,12:06:00,COMPLETED,33273.0,426.2,2.54,27.90
699,easy,12,12:05:37,12:05:42,12:06:00,COMPLETED,27943.0,318.2,5.04,23.90
42,hard,15,08:04:01,08:04:03,12:06:32,COMPLETED,36786.0,242477.7,2.33,14551.08
539,medium,14,11:59:59,12:00:00,12:06:32,COMPLETED,29923.0,6534.0,1.22,393.08
738,easy,12,12:07:11,12:07:15,12:07:59,COMPLETED,29527.0,733.4,4.79,48.57
712,medium,13,12:05:40,12:05:42,12:08:05,COMPLETED,28149.0,2399.9,2.04,145.82
669,easy,11,12:08:59,12:09:02,12:09:14,COMPLETED,28218.0,214.0,3.21,15.79
308,hard,15,10:43:12,10:43:12,12:09:21,COMPLETED,35507.0,86136.9,0.90,5169.07
652,easy,12,12:09:39,12:09:39,12:09:52,COMPLETED,24447.0,212.9,0.86,13.45
728,easy,12,12:08:48,12:08:49,12:10:30,COMPLETED,35739.0,1678.7,1.59,102.09
690,medium,14,12:04:21,12:04:25,12:10:36,COMPLETED,29505.0,6179.5,4.86,375.40
667,easy,12,12:10:19,12:10:23,12:10:36,COMPLETED,24323.0,215.2,4.79,17.40
679,easy,12,12:10:24,12:10:30,12:11:20,COMPLETED,28663.0,839.6,6.09,56.22
599,hard,15,11:54:23,11:54:28,12:12:22,COMPLETED,27199.0,17908.7,5.33,1079.70
677,medium,13,12:07:28,12:07:28,12:13:00,COMPLETED,31525.0,5537.5,0.28,332.29
666,easy,11,12:12:27,12:12:28,12:13:00,COMPLETED,29797.0,527.1,1.96,33.29
739,easy,12,12:13:21,12:13:25,12:14:03,COMPLETED,26094.0,631.6,4.37,42.06
608,easy,12,12:13:20,12:13:25,12:14:15,COMPLETED,24076.0,841.7,5.37,55.59
672,easy,12,12:13:16,12:13:19,12:14:46,COMPLETED,33609.0,1468.6,3.08,90.97
656,medium,13,12:13:35,12:13:37,12:15:05,COMPLETED,32449.0,1469.5,2.97,90.81
621,easy,12,12:12:46,12:12:47,12:15:12,COMPLETED,29988.0,2410.9,1.74,146.17
483,hard,15,11:14:26,11:14:26,12:15:24,COMPLETED,34737.0,60970.3,0.59,3658.69
653,easy,12,12:15:01,12:15:05,12:15:24,COMPLETED,23123.0,319.1,4.81,23.69
509,hard,15,11:40:19,11:40:19,12:15:43,COMPLETED,28635.0,35397.5,0.71,2124.46
660,easy,11,12:16:21,12:16:21,12:16:34,COMPLETED,27911.0,220.0,0.14,13.28
713,easy,12,12:16:03,12:16:08,12:16:46,COMPLETED,29976.0,648.0,5.44,43.95
646,medium,13,12:16:56,12:16:59,12:17:25,COMPLETED,30795.0,435.2,3.89,29.56
691,easy,12,12:16:17,12:16:21,12:17:38,COMPLETED,30680.0,1290.0,4.14,81.32
614,easy,11,12:16:52,12:16:53,12:17:38,COMPLETED,28267.0,753.2,1.38,46.32
736,easy,11,12:17:44,12:17:44,12:18:04,COMPLETED,26287.0,331.3,0.59,20.06
673,medium,14,12:11:30,12:11:32,12:18:10,COMPLETED,40808.0,6636.6,2.72,400.62
186,medium,14,09:26:39,09:26:43,12:18:23,COMPLETED,41828.0,171656.5,4.96,10304.32
512,medium,14,11:59:49,11:59:53,12:18:54,COMPLETED,23015.0,19018.0,4.94,1145.86
664,easy,12,12:18:13,12:18:16,12:19:07,COMPLETED,30291.0,845.2,3.98,54.45
698,easy,12,12:06:38,12:06:38,12:19:32,COMPLETED,41293.0,12905.7,0.36,774.53
744,medium,13,12:15:04,12:15:05,12:19:32,COMPLETED,33117.0,4448.5,1.81,268.53
682,easy,11,12:19:10,12:19:13,12:19:32,COMPLETED,30195.0,318.0,3.73,22.53
617,easy,12,12:18:58,12:19:01,12:19:57,COMPLETED,38934.0,944.0,3.14,59.54
641,easy,11,12:20:52,12:20:53,12:21:00,COMPLETED,31596.0,109.7,1.98,8.27
476,medium,14,11:49:35,11:49:35,12:21:44,COMPLETED,35662.0,32155.2,0.16,1929.29
492,medium,14,11:56:24,11:56:27,12:21:50,COMPLETED,32425.0,25388.9,3.48,1526.62
689,easy,12,12:20:56,12:21:00,12:22:03,COMPLETED,27656.0,1054.8,4.27,67.27
681,easy,12,12:21:11,12:21:12,12:23:18,COMPLETED,23295.0,2101.1,1.84,127.67
688,medium,14,12:08:47,12:08:49,12:24:15,COMPLETED,32895.0,15440.7,2.59,928.73
722,easy,11,12:24:39,12:24:41,12:24:54,COMPLETED,28467.0,219.1,2.96,15.83
633,easy,12,12:21:38,12:21:44,12:25:13,COMPLETED,32014.0,3498.3,6.29,215.93
714,easy,12,12:21:52,12:21:56,12:25:13,COMPLETED,36032.0,3287.5,4.96,201.93
723,medium,13,12:21:57,12:22:03,12:25:13,COMPLETED,27398.0,3182.8,6.27,196.93
625,easy,11,12:24:23,12:24:28,12:25:26,COMPLETED,30225.0,978.5,5.68,63.96
733,easy,11,12:25:17,12:25:20,12:25:52,COMPLETED,33673.0,545.3,3.32,35.57
674,medium,14,12:21:45,12:21:50,12:25:59,COMPLETED,27169.0,4149.3,5.62,254.19
642,easy,12,12:25:52,12:25:52,12:26:05,COMPLETED,23706.0,230.7,0.57,13.71
630,hard,15,12:02:36,12:02:37,12:26:25,COMPLETED,32386.0,23799.8,1.65,1429.37
636,easy,12,12:23:52,12:23:56,12:26:25,COMPLETED,33282.0,2485.8,4.62,153.37
657,easy,12,12:24:27,12:24:28,12:26:25,COMPLETED,25496.0,1951.4,1.68,118.37
711,medium,13,12:16:17,12:16:21,12:26:38,COMPLETED,30729.0,10288.7,4.14,621.24
684,easy,11,12:26:45,12:26:50,12:26:57,COMPLETED,26533.0,116.2,5.95,12.51
663,easy,11,12:27:00,12:27:03,12:27:16,COMPLETED,21328.0,223.9,3.97,16.91
707,medium,14,12:18:41,12:18:42,12:27:49,COMPLETED,35489.0,9122.2,1.24,548.23
687,easy,12,12:27:14,12:27:16,12:27:55,COMPLETED,24267.0,653.1,2.91,41.70
626,medium,13,12:25:17,12:25:20,12:30:15,COMPLETED,36266.0,4923.4,3.32,298.50
724,easy,12,12:30:26,12:30:28,12:30:59,COMPLETED,31734.0,528.6,2.04,33.50
732,easy,12,12:30:43,12:30:46,12:31:05,COMPLETED,28385.0,319.4,3.90,22.79
709,hard,15,12:07:39,12:07:40,12:31:49,COMPLETED,32266.0,24151.0,1.80,1450.70
719,hard,15,12:17:39,12:17:44,12:32:33,COMPLETED,31244.0,14822.7,5.59,894.77
716,easy,12,12:31:51,12:31:55,12:32:33,COMPLETED,33471.0,634.6,4.97,42.77
632,easy,12,12:30:09,12:30:09,12:32:52,COMPLETED,36361.0,2727.8,0.17,163.60
644,hard,15,12:23:56,12:23:56,12:33:05,COMPLETED,31382.0,9144.3,0.62,549.13
705,easy,12,12:33:06,12:33:11,12:33:30,COMPLETED,28981.0,319.2,5.41,24.31
649,easy,12,12:32:04,12:32:08,12:33:55,COMPLETED,21963.0,1784.5,4.55,111.39
467,medium,14,11:19:02,11:19:07,12:34:26,COMPLETED,37464.0,75320.7,5.73,4524.77
740,medium,14,12:28:08,12:28:08,12:34:33,COMPLETED,29813.0,6413.6,0.56,385.15
683,hard,15,12:20:01,12:20:03,12:35:17,COMPLETED,31446.0,15236.2,2.81,916.65
648,easy,11,12:36:08,12:36:09,12:36:15,COMPLETED,20414.0,116.2,1.03,7.56
717,easy,11,12:37:21,12:37:25,12:37:32,COMPLETED,25764.0,116.9,4.89,11.46
447,hard,15,10:47:18,10:47:21,12:37:38,COMPLETED,31766.0,110298.9,3.16,6620.94
618,easy,11,12:37:54,12:37:58,12:38:04,COMPLETED,24369.0,109.6,4.32,10.64
611,easy,11,12:38:11,12:38:17,12:38:23,COMPLETED,23896.0,109.7,6.33,12.65
645,easy,12,12:37:08,12:37:12,12:38:36,COMPLETED,24200.0,1392.2,4.91,88.19
676,easy,12,12:38:44,12:38:48,12:39:01,COMPLETED,25095.0,216.0,4.74,17.37
706,easy,11,12:38:59,12:39:01,12:39:14,COMPLETED,28557.0,220.5,2.37,15.18
634,easy,11,12:39:01,12:39:01,12:39:14,COMPLETED,24737.0,220.5,0.37,13.18
729,easy,11,12:39:20,12:39:20,12:39:27,COMPLETED,29323.0,114.1,0.68,7.22
696,easy,11,12:40:27,12:40:30,12:40:43,COMPLETED,25840.0,223.8,3.76,16.87
659,medium,13,12:32:27,12:32:27,12:40:50,COMPLETED,31667.0,8383.9,0.46,503.22
643,easy,11,12:41:02,12:41:02,12:41:28,COMPLETED,26193.0,427.0,0.95,26.24
612,easy,12,12:41:03,12:41:09,12:41:34,COMPLETED,28018.0,426.5,6.29,31.61
616,medium,14,12:18:07,12:18:10,12:41:40,COMPLETED,29693.0,23508.8,3.62,1413.92
620,easy,12,12:40:56,12:40:56,12:41:47,COMPLETED,30796.0,850.8,0.57,51.28
708,easy,11,12:41:44,12:41:47,12:41:53,COMPLETED,22611.0,110.6,3.28,9.67
671,medium,13,12:40:37,12:40:37,12:42:50,COMPLETED,31344.0,2222.0,0.30,133.38
697,medium,13,12:39:31,12:39:33,12:43:02,COMPLETED,29564.0,3494.2,2.56,211.97
703,easy,12,12:42:44,12:42:44,12:43:28,COMPLETED,26303.0,742.8,0.02,44.25
654,easy,12,12:42:30,12:42:31,12:43:40,COMPLETED,27880.0,1163.5,1.40,70.94
745,medium,14,12:09:37,12:09:39,12:44:43,COMPLETED,24975.0,35070.6,2.86,2106.93
658,easy,12,12:44:19,12:44:25,12:44:43,COMPLETED,29726.0,320.5,6.01,24.93
605,easy,12,12:45:17,12:45:21,12:45:34,COMPLETED,29997.0,216.3,4.65,17.35
606,medium,13,12:43:15,12:43:15,12:46:00,COMPLETED,29355.0,2751.9,0.63,165.31
668,easy,11,12:45:25,12:45:27,12:46:00,COMPLETED,24644.0,546.8,2.99,35.31
685,easy,11,12:46:20,12:46:26,12:46:51,COMPLETED,26425.0,433.8,6.10,31.66
670,medium,14,12:32:10,12:32:14,12:47:04,COMPLETED,32009.0,14835.1,4.87,894.63
640,medium,13,12:45:44,12:45:47,12:48:27,COMPLETED,29279.0,2686.9,3.24,163.97
718,medium,13,12:34:47,12:34:52,12:48:34,COMPLETED,30973.0,13712.9,5.13,827.52
615,easy,11,12:48:16,12:48:21,12:48:34,COMPLETED,22693.0,226.8,5.40,18.52
541,hard,15,11:17:53,11:17:57,12:48:41,COMPLETED,31237.0,90728.6,4.50,5448.05
637,easy,11,12:49:01,12:49:06,12:49:26,COMPLETED,29557.0,329.1,5.82,25.12
651,easy,12,12:49:50,12:49:51,12:50:17,COMPLETED,22687.0,440.5,1.45,27.53
623,easy,11,12:50:40,12:50:43,12:50:49,COMPLETED,27717.0,115.1,3.41,9.77
693,easy,11,12:50:46,12:50:49,12:51:02,COMPLETED,24030.0,225.7,3.77,16.86
743,easy,11,12:51:22,12:51:22,12:52:07,COMPLETED,34131.0,754.8,0.09,45.10
731,easy,11,12:52:15,12:52:19,12:53:10,COMPLETED,24059.0,847.4,4.69,55.25
487,hard,15,11:57:05,11:57:05,12:53:29,COMPLETED,25933.0,56403.9,0.06,3384.17
613,medium,13,12:52:55,12:52:57,12:54:07,COMPLETED,29616.0,1163.3,2.61,72.08
725,easy,11,12:53:48,12:53:48,12:54:07,COMPLETED,35307.0,321.6,0.13,19.08
650,easy,12,12:51:38,12:51:41,12:54:13,COMPLETED,22539.0,2539.4,3.37,155.45
701,medium,13,12:35:38,12:35:43,12:54:32,COMPLETED,37337.0,18821.8,5.38,1134.47
661,easy,11,12:54:18,12:54:19,12:54:38,COMPLETED,29778.0,321.9,1.77,20.80
310,hard,15,10:21:05,10:21:08,12:55:29,COMPLETED,29920.0,154352.9,3.08,9264.19
678,medium,13,12:52:51,12:52:51,12:55:29,COMPLETED,26980.0,2637.2,0.25,158.19
629,easy,11,12:55:49,12:55:54,12:56:07,COMPLETED,27909.0,216.7,5.36,18.09
700,easy,12,12:55:56,12:56:00,12:56:32,COMPLETED,31606.0,532.6,4.69,36.37
720,easy,11,12:57:21,12:57:23,12:57:30,COMPLETED,26860.0,115.9,2.85,9.46
695,easy,12,12:57:28,12:57:30,12:57:43,COMPLETED,23579.0,219.6,2.46,15.14
694,easy,11,12:57:54,12:57:56,12:58:08,COMPLETED,26551.0,218.8,2.03,14.68
742,hard,15,12:41:03,12:41:09,12:59:32,COMPLETED,35715.0,18397.6,6.29,1109.73
710,easy,12,12:58:11,12:58:15,13:00:04,COMPLETED,21017.0,1835.2,4.18,113.96
749,medium,14,12:47:05,12:47:11,13:00:17,COMPLETED,36386.0,13112.5,6.14,792.65
692,medium,14,12:59:15,12:59:19,13:00:30,COMPLETED,24237.0,1182.4,4.66,75.33
859,easy,11,13:01:05,13:01:08,13:01:27,COMPLETED,24062.0,323.8,3.25,22.36
813,easy,12,13:01:32,13:01:33,13:02:57,COMPLETED,28334.0,1404.7,1.71,85.69
579,hard,15,11:59:56,12:00:00,13:03:04,COMPLETED,29167.0,63066.8,4.22,3788.02
868,easy,12,13:01:11,13:01:14,13:03:48,COMPLETED,25785.0,2568.0,3.65,157.44
857,easy,12,13:02:12,13:03:54,13:04:07,COMPLETED,29496.0,216.9,102.77,115.47
879,easy,12,13:01:59,13:03:10,13:04:13,COMPLETED,30285.0,1061.3,71.48,134.81
844,easy,11,13:02:42,13:04:13,13:04:26,COMPLETED,26787.0,217.3,91.81,104.55
881,medium,13,13:00:22,13:00:23,13:04:58,COMPLETED,25608.0,4575.6,1.98,276.20
890,medium,13,13:01:49,13:03:04,13:05:42,COMPLETED,27561.0,2647.3,75.02,233.57
860,easy,12,13:05:33,13:05:36,13:05:48,COMPLETED,27551.0,217.5,3.19,15.90
635,medium,13,12:41:35,12:41:40,13:06:01,COMPLETED,42370.0,24348.7,5.92,1466.62
823,easy,12,13:06:01,13:06:07,13:06:39,COMPLETED,28382.0,537.0,6.95,38.81
788,easy,12,13:06:19,13:06:46,13:07:05,COMPLETED,32023.0,324.6,27.19,46.36
834,easy,12,13:05:36,13:05:48,13:07:36,COMPLETED,33129.0,1806.5,12.90,120.99
647,medium,14,12:50:39,12:50:43,13:08:21,COMPLETED,28560.0,17643.8,4.41,1062.76
686,medium,14,12:53:35,12:53:35,13:08:21,COMPLETED,32057.0,14776.4,0.49,886.76
750,easy,11,13:09:04,13:09:06,13:09:13,COMPLETED,29213.0,119.0,2.80,9.43
875,easy,11,13:09:11,13:09:19,13:09:33,COMPLETED,25636.0,223.2,8.99,22.08
675,medium,14,12:56:10,12:56:13,13:09:39,COMPLETED,21268.0,13440.7,3.39,809.41
748,medium,14,12:24:27,12:24:28,13:09:58,COMPLETED,31233.0,45502.7,1.68,2731.73
886,easy,12,13:08:07,13:08:08,13:11:16,COMPLETED,35126.0,3130.5,1.59,189.14
808,easy,12,13:07:01,13:07:11,13:11:54,COMPLETED,33351.0,4723.1,10.70,293.80
730,hard,15,12:14:14,12:14:15,13:12:26,COMPLETED,30197.0,58195.4,1.59,3492.89
887,easy,12,13:11:55,13:12:01,13:12:26,COMPLETED,26434.0,441.1,6.12,31.89
792,easy,11,13:12:28,13:12:33,13:12:40,COMPLETED,27510.0,120.1,5.63,12.34
775,easy,11,13:12:29,13:12:33,13:12:40,COMPLETED,29299.0,119.3,4.63,11.34
811,easy,12,13:12:24,13:12:26,13:12:53,COMPLETED,25465.0,446.8,2.89,29.39
553,hard,15,11:11:56,11:11:56,13:13:51,COMPLETED,39408.0,121923.3,0.17,7315.40
779,easy,12,13:13:12,13:13:12,13:13:51,COMPLETED,28823.0,656.2,0.58,39.40
855,easy,11,13:14:39,13:14:42,13:14:54,COMPLETED,31649.0,217.0,3.12,15.85
726,hard,15,12:10:00,12:10:04,13:15:07,COMPLETED,33996.0,65043.7,4.99,3907.48
782,medium,13,13:11:27,13:11:28,13:15:20,COMPLETED,34313.0,3858.3,1.95,233.12
265,hard,15,09:51:11,09:51:13,13:15:45,COMPLETED,31139.0,204525.0,2.99,12274.45
824,easy,12,13:15:16,13:15:20,13:15:51,COMPLETED,31348.0,532.1,4.12,35.77
818,easy,12,13:14:43,13:14:48,13:15:58,COMPLETED,30635.0,1164.4,5.49,75.08
851,easy,12,13:15:35,13:15:39,13:15:58,COMPLETED,28327.0,321.4,4.09,23.08
784,easy,11,13:16:28,13:16:29,13:16:42,COMPLETED,33065.0,215.8,1.59,14.30
826,medium,14,13:04:27,13:04:32,13:16:54,COMPLETED,33897.0,12371.1,5.89,747.90
776,easy,12,13:17:16,13:17:20,13:17:51,COMPLETED,30729.0,533.5,4.10,35.84
760,easy,12,13:17:38,13:17:39,13:17:51,COMPLETED,15706.0,216.7,1.14,13.84
795,easy,11,13:17:42,13:17:45,13:18:04,COMPLETED,28816.0,321.0,3.49,22.46
828,easy,11,13:19:01,13:19:01,13:19:07,COMPLETED,25655.0,112.2,0.23,6.66
607,hard,15,12:54:21,12:54:26,13:19:32,COMPLETED,30635.0,25118.6,5.13,1511.94
786,easy,11,13:19:32,13:19:32,13:19:45,COMPLETED,25906.0,216.3,0.94,13.67
892,medium,13,13:16:26,13:16:29,13:20:04,COMPLETED,34746.0,3590.0,3.59,218.68
583,hard,15,11:56:03,11:56:08,13:20:17,COMPLETED,29967.0,84148.1,5.62,5054.38
801,easy,12,13:20:03,13:20:04,13:20:36,COMPLETED,22956.0,534.4,1.68,33.40
665,hard,15,12:54:01,12:54:07,13:20:49,COMPLETED,30862.0,26704.7,6.08,1608.11
825,easy,11,13:21:42,13:21:46,13:21:58,COMPLETED,31811.0,216.7,4.17,16.89
817,easy,11,13:22:35,13:22:36,13:22:49,COMPLETED,30359.0,215.8,1.72,14.41
774,easy,11,13:23:10,13:23:14,13:23:27,COMPLETED,25900.0,216.0,4.68,17.33
797,medium,13,13:17:24,13:17:26,13:25:48,COMPLETED,36117.0,8368.4,2.49,504.14
781,easy,12,13:23:53,13:23:58,13:26:33,COMPLETED,34516.0,2575.8,5.92,160.02
765,medium,14,13:21:03,13:21:08,13:27:30,COMPLETED,31613.0,6374.6,5.10,387.30
835,medium,13,13:19:25,13:19:26,13:27:49,COMPLETED,32528.0,8383.0,1.58,504.30
852,easy,12,13:23:42,13:23:46,13:28:20,COMPLETED,29641.0,4583.4,4.26,278.98
761,easy,12,13:25:08,13:27:55,13:29:30,COMPLETED,31315.0,1586.2,167.63,262.48
829,medium,14,13:19:31,13:19:32,13:29:36,COMPLETED,31603.0,10070.3,1.94,605.83
897,easy,11,13:26:08,13:29:43,13:29:49,COMPLETED,21534.0,112.0,215.22,221.63
768,easy,12,13:26:12,13:29:55,13:30:46,COMPLETED,27979.0,848.3,223.96,274.56
470,hard,15,11:05:08,11:05:12,13:31:11,COMPLETED,33652.0,145989.8,4.67,8763.98
842,easy,11,13:26:25,13:31:18,13:31:30,COMPLETED,28669.0,216.2,293.31,305.96
783,medium,13,13:24:36,13:27:36,13:31:43,COMPLETED,28401.0,4122.2,180.63,427.66
741,medium,14,12:59:31,12:59:32,13:32:34,COMPLETED,36143.0,33043.8,1.73,1984.00
888,easy,12,13:26:27,13:31:37,13:33:20,COMPLETED,33036.0,1723.2,310.30,413.18
757,medium,13,13:26:17,13:30:52,13:33:39,COMPLETED,33128.0,2790.3,275.88,442.82
771,easy,11,13:27:37,13:33:46,13:33:52,COMPLETED,32604.0,114.7,369.37,375.95
721,hard,15,12:18:10,12:18:10,13:34:05,COMPLETED,34135.0,75923.9,0.62,4555.88
521,hard,15,11:36:02,11:36:05,13:34:44,COMPLETED,32778.0,118661.5,3.07,7122.59
755,medium,13,13:27:52,13:33:59,13:35:04,COMPLETED,26964.0,1090.6,367.28,432.24
880,medium,13,13:28:36,13:34:12,13:35:04,COMPLETED,21056.0,872.2,336.42,388.24
785,easy,12,13:28:47,13:34:51,13:35:04,COMPLETED,24533.0,227.7,364.13,377.24
751,medium,13,13:22:32,13:22:36,13:35:17,COMPLETED,36275.0,12688.4,4.72,765.60
898,easy,11,13:31:24,13:35:24,13:35:30,COMPLETED,28062.0,117.3,240.15,246.75
895,easy,12,13:31:31,13:35:37,13:35:50,COMPLETED,28330.0,225.8,246.23,259.35
603,hard,15,12:34:04,12:34:07,13:37:14,COMPLETED,34210.0,63111.7,3.93,3790.36
283,hard,15,09:45:38,09:45:42,13:37:20,COMPLETED,36716.0,231637.6,4.84,13902.93
609,hard,15,12:23:52,12:23:56,13:38:12,COMPLETED,35693.0,74270.4,4.62,4460.63
830,medium,14,13:30:30,13:35:10,13:39:09,COMPLETED,28508.0,3987.2,280.83,519.94
754,easy,12,13:29:08,13:35:10,13:39:22,COMPLETED,29683.0,4203.5,362.83,614.72
508,hard,15,11:57:24,11:57:30,13:39:41,COMPLETED,32086.0,102197.2,6.13,6137.85
772,medium,13,13:32:08,13:37:20,13:40:19,COMPLETED,35583.0,2986.1,312.93,491.82
790,easy,12,13:33:17,13:39:48,13:40:26,COMPLETED,33441.0,638.3,391.19,429.16
894,easy,11,13:33:36,13:40:26,13:40:51,COMPLETED,32583.0,427.6,410.16,435.51
777,easy,12,13:33:54,13:40:57,13:41:48,COMPLETED,25351.0,852.3,423.84,474.62
853,medium,14,13:25:47,13:28:27,13:42:20,COMPLETED,31873.0,13888.1,160.31,993.34
871,easy,11,13:34:07,13:41:55,13:42:26,COMPLETED,33586.0,533.5,468.01,499.67
885,easy,12,13:33:01,13:39:29,13:42:39,COMPLETED,30859.0,3177.3,388.11,578.41
838,hard,15,13:13:05,13:13:06,13:43:17,COMPLETED,38908.0,30189.9,1.22,1812.39
845,easy,12,13:34:18,13:42:33,13:43:36,COMPLETED,26987.0,1064.3,495.05,558.40
798,easy,12,13:35:40,13:43:23,13:43:42,COMPLETED,24057.0,331.3,463.74,482.96
766,medium,13,13:35:43,13:43:42,13:44:15,COMPLETED,27268.0,548.3,479.96,512.57
837,medium,13,13:19:51,13:19:51,13:45:39,COMPLETED,30040.0,25796.8,0.98,1548.43
624,hard,15,12:05:42,12:05:42,13:48:01,COMPLETED,36027.0,102325.8,0.04,6139.50
873,medium,14,13:11:06,13:11:09,13:48:01,COMPLETED,38288.0,36868.3,3.79,2215.50
799,medium,13,13:32:50,13:39:16,13:49:25,COMPLETED,33721.0,10158.7,386.28,995.35
872,medium,14,13:26:30,13:31:50,13:50:16,COMPLETED,32405.0,18441.4,320.00,1426.21
891,easy,12,13:37:45,13:49:31,13:50:41,COMPLETED,27447.0,1167.2,706.91,776.63
631,hard,15,12:34:22,12:34:26,13:50:47,COMPLETED,36165.0,76356.6,4.77,4585.98
810,easy,12,13:40:12,13:50:54,13:51:19,COMPLETED,30907.0,429.5,642.36,667.83
773,easy,12,13:36:36,13:48:08,13:51:26,COMPLETED,29057.0,3307.3,692.09,890.15
809,medium,14,13:34:16,13:42:26,13:53:00,COMPLETED,30895.0,10576.3,490.67,1125.00
807,hard,15,13:11:01,13:11:03,13:53:13,COMPLETED,34147.0,42178.6,2.16,2532.68
893,medium,13,13:40:41,13:51:32,13:53:58,COMPLETED,34930.0,2428.9,651.58,797.01
680,hard,15,12:41:25,12:41:28,13:54:49,COMPLETED,31681.0,73353.6,3.24,4404.22
804,easy,12,13:41:54,13:54:04,13:54:49,COMPLETED,33290.0,757.2,730.34,775.22
836,medium,13,13:32:22,13:37:27,13:55:34,COMPLETED,28171.0,18127.4,305.58,1392.82
602,hard,15,12:33:14,12:33:17,13:56:45,COMPLETED,32670.0,83468.8,3.73,5011.73
715,hard,15,12:48:55,12:49:00,13:56:52,COMPLETED,27486.0,67867.3,5.38,4077.05
767,easy,12,13:42:46,13:56:52,13:57:31,COMPLETED,34463.0,657.1,846.05,885.19
866,medium,14,13:33:43,13:40:32,13:57:56,COMPLETED,37764.0,17414.2,409.52,1453.98
877,medium,13,13:41:29,13:53:07,13:58:22,COMPLETED,25779.0,5265.8,698.32,1013.94
854,easy,12,13:43:53,13:58:29,13:59:40,COMPLETED,25925.0,1195.1,876.32,947.54
737,hard,15,12:21:33,12:21:37,13:59:53,COMPLETED,31215.0,98263.9,4.94,5900.65
841,easy,11,13:44:01,13:59:47,14:00:51,COMPLETED,31192.0,1080.8,946.07,1010.63
863,easy,11,13:44:39,14:00:57,14:01:04,COMPLETED,28310.0,111.0,978.95,985.30
759,medium,14,13:42:07,13:54:55,14:02:01,COMPLETED,32791.0,7091.6,768.81,1194.17
889,easy,12,13:45:33,14:02:07,14:02:32,COMPLETED,30765.0,426.6,994.50,1019.78
756,medium,13,13:44:59,14:01:10,14:02:45,COMPLETED,28655.0,1586.3,971.63,1066.51
762,easy,12,13:45:50,14:02:51,14:03:17,COMPLETED,31011.0,428.9,1021.84,1047.22
800,hard,15,13:03:54,13:04:20,14:03:49,COMPLETED,32703.0,59484.6,26.20,3595.07
255,hard,15,09:56:58,09:57:02,14:04:27,COMPLETED,30163.0,247410.5,4.51,14849.11
805,hard,15,13:31:39,13:35:56,14:04:33,COMPLETED,31335.0,28615.7,257.80,1974.44
506,hard,15,11:09:25,11:09:31,14:04:39,COMPLETED,33007.0,175147.8,6.11,10514.86
833,easy,12,13:46:22,14:04:39,14:04:59,COMPLETED,24905.0,326.2,1097.86,1117.07
831,easy,11,13:46:10,14:04:33,14:05:05,COMPLETED,23313.0,539.7,1103.44,1135.47
846,medium,14,13:38:49,13:50:22,14:05:18,COMPLETED,30634.0,14932.5,693.59,1589.27
822,easy,12,13:47:23,14:04:46,14:05:18,COMPLETED,24343.0,538.9,1043.28,1075.27
839,easy,12,13:48:21,14:05:05,14:06:47,COMPLETED,28913.0,1707.9,1004.47,1106.45
812,easy,12,13:48:46,14:05:24,14:07:13,COMPLETED,22657.0,1824.1,998.65,1107.65
864,easy,11,13:48:54,14:06:54,14:07:26,COMPLETED,24181.0,547.2,1080.01,1112.55
847,medium,14,13:43:16,13:58:03,14:07:32,COMPLETED,27855.0,9498.7,887.53,1456.88
899,easy,12,13:48:24,14:05:11,14:07:32,COMPLETED,31634.0,2361.1,1007.86,1148.88
819,easy,12,13:48:39,14:05:24,14:07:39,COMPLETED,34537.0,2259.5,1005.65,1140.58
763,easy,12,13:49:26,14:07:32,14:07:52,COMPLETED,25119.0,338.1,1086.88,1106.87
896,easy,11,13:52:02,14:07:46,14:07:52,COMPLETED,28541.0,114.9,944.30,950.87
806,medium,13,13:49:06,14:07:20,14:08:12,COMPLETED,27821.0,873.2,1094.20,1146.11
780,easy,12,13:50:09,14:07:39,14:08:31,COMPLETED,29023.0,876.1,1050.58,1102.76
769,easy,11,13:53:34,14:07:59,14:08:31,COMPLETED,33815.0,551.3,865.21,897.76
856,easy,12,13:54:03,14:08:38,14:08:57,COMPLETED,29063.0,331.9,875.35,894.94
869,medium,13,13:45:43,14:02:39,14:09:04,COMPLETED,39109.0,6425.7,1016.12,1401.31
814,easy,12,13:53:43,14:07:59,14:09:23,COMPLETED,31542.0,1407.2,856.21,940.40
870,easy,12,13:55:35,14:09:04,14:09:48,COMPLETED,32807.0,746.6,809.31,853.80
858,easy,12,13:58:00,14:09:29,14:10:07,COMPLETED,24356.0,639.5,689.73,727.80
867,medium,13,13:49:35,14:07:39,14:10:52,COMPLETED,27800.0,3218.8,1084.58,1277.26
861,hard,15,13:27:31,13:33:26,14:14:41,COMPLETED,31463.0,41250.4,355.75,2830.58
802,easy,12,13:45:59,14:03:55,14:14:41,COMPLETED,23210.0,10773.4,1076.46,1722.58
796,medium,14,13:45:52,14:03:23,14:15:51,COMPLETED,33222.0,12464.1,1051.60,1799.18
638,medium,14,12:45:37,12:45:40,14:15:57,COMPLETED,29013.0,90283.7,3.66,5420.50
791,hard,15,13:16:04,13:16:04,14:15:57,COMPLETED,33472.0,59889.4,0.39,3593.50
981,easy,12,14:01:32,14:16:03,14:16:16,COMPLETED,23660.0,217.0,871.94,884.66
1011,medium,13,14:00:43,14:15:57,14:16:22,COMPLETED,28116.0,431.1,914.50,940.00
926,easy,11,14:02:52,14:16:29,14:16:35,COMPLETED,27203.0,111.3,817.40,823.78
938,medium,13,14:00:19,14:14:47,14:16:55,COMPLETED,23309.0,2128.6,868.92,996.21
929,medium,13,14:01:50,14:16:03,14:17:08,COMPLETED,31585.0,1077.1,853.94,918.10
908,easy,11,14:03:04,14:17:01,14:17:27,COMPLETED,34598.0,438.8,837.74,863.63
874,medium,13,13:58:31,14:09:55,14:17:40,COMPLETED,32924.0,7763.9,684.14,1149.48
925,easy,11,14:04:17,14:17:14,14:17:47,COMPLETED,28386.0,545.9,777.68,810.06
1003,easy,11,14:04:45,14:17:34,14:17:47,COMPLETED,21619.0,222.5,769.10,782.06
753,medium,14,13:44:35,13:59:59,14:18:39,COMPLETED,27747.0,18658.1,924.98,2044.21
627,hard,15,12:26:04,12:26:05,14:19:17,COMPLETED,30430.0,113200.7,1.71,6793.58
610,medium,14,12:56:22,12:56:26,14:19:17,COMPLETED,30897.0,82863.9,4.02,4975.58
778,hard,15,13:27:12,13:32:41,14:19:30,COMPLETED,36961.0,46827.0,329.53,3138.84
770,medium,13,13:54:01,14:08:18,14:19:30,COMPLETED,32584.0,11210.7,857.66,1529.84
950,medium,14,14:02:36,14:16:22,14:19:50,COMPLETED,30827.0,3468.7,827.00,1034.68
1012,easy,11,14:05:33,14:19:37,14:19:50,COMPLETED,23098.0,229.4,844.47,857.68
1021,easy,11,14:05:30,14:19:24,14:19:57,COMPLETED,28419.0,561.5,834.16,867.28
1017,easy,12,14:05:25,14:18:45,14:20:23,COMPLETED,33773.0,1639.3,800.54,898.53
1008,medium,13,14:07:51,14:20:04,14:20:42,COMPLETED,29263.0,653.8,733.00,771.92
951,easy,12,14:06:48,14:19:57,14:21:15,COMPLETED,30934.0,1310.1,789.28,867.41
1040,medium,14,14:03:00,14:16:42,14:21:47,COMPLETED,37112.0,5101.1,822.11,1127.92
1044,medium,13,14:04:59,14:17:47,14:21:54,COMPLETED,26400.0,4128.8,768.06,1015.25
1032,easy,11,14:09:26,14:22:00,14:22:14,COMPLETED,29302.0,223.6,754.90,768.02
820,hard,15,13:24:25,13:26:39,14:22:26,COMPLETED,26084.0,55792.4,134.50,3481.77
966,easy,12,14:09:08,14:21:54,14:22:33,COMPLETED,26554.0,662.7,766.25,805.33
954,medium,13,14:05:36,14:19:37,14:22:40,COMPLETED,29675.0,3051.2,841.47,1024.07
942,easy,11,14:10:07,14:22:33,14:22:40,COMPLETED,25592.0,123.0,746.33,753.07
1024,medium,14,14:07:23,14:19:57,14:23:18,COMPLETED,31320.0,3364.5,754.28,955.96
1028,easy,12,14:10:48,14:22:46,14:23:18,COMPLETED,26868.0,540.5,718.76,750.96
787,medium,14,13:54:20,14:08:38,14:23:25,COMPLETED,33836.0,14786.9,858.35,1745.30
922,easy,12,14:10:47,14:22:46,14:23:38,COMPLETED,29884.0,862.5,719.76,771.19
945,easy,12,14:10:37,14:22:40,14:23:57,COMPLETED,26588.0,1290.8,723.07,800.23
1026,easy,12,14:13:40,14:23:44,14:24:03,COMPLETED,34907.0,322.4,604.56,623.57
907,easy,12,14:12:01,14:23:25,14:24:16,COMPLETED,26001.0,853.9,684.30,735.29
843,hard,15,13:58:42,14:10:14,14:24:22,COMPLETED,29775.0,14146.2,692.14,1540.62
1029,easy,12,14:10:53,14:23:25,14:24:35,COMPLETED,36194.0,1172.2,752.30,822.35
946,easy,11,14:15:55,14:24:41,14:25:00,COMPLETED,30374.0,322.5,526.69,545.67
628,hard,15,12:25:40,12:25:46,14:25:26,COMPLETED,32219.0,119668.6,6.03,7186.04
793,medium,14,13:59:56,14:14:47,14:26:54,COMPLETED,30459.0,12114.9,891.92,1618.57
962,easy,12,14:14:14,14:24:03,14:26:54,COMPLETED,25669.0,2854.9,589.57,760.57
64,hard,15,08:10:02,08:10:03,14:27:07,COMPLETED,31762.0,377059.7,1.77,22625.33
986,medium,14,14:07:52,14:20:29,14:27:07,COMPLETED,29813.0,6627.9,757.97,1155.33
1039,easy,11,14:16:29,14:27:00,14:27:07,COMPLETED,24669.0,113.8,631.91,638.33
1005,medium,13,14:12:12,14:23:31,14:27:13,COMPLETED,33566.0,3707.5,679.77,901.76
932,easy,12,14:17:54,14:27:13,14:27:51,COMPLETED,20466.0,641.0,559.76,597.99
1018,easy,12,14:16:35,14:27:00,14:27:58,COMPLETED,27119.0,962.6,625.91,683.32
1000,easy,12,14:18:29,14:27:13,14:28:11,COMPLETED,29717.0,959.5,524.76,582.15
1049,medium,13,14:16:59,14:27:13,14:28:17,COMPLETED,27871.0,1067.5,614.76,678.48
1006,medium,13,14:18:56,14:27:58,14:28:17,COMPLETED,22068.0,325.3,542.32,561.48
935,medium,13,14:16:01,14:25:07,14:28:23,COMPLETED,30955.0,3286.9,546.07,742.87
914,easy,11,14:20:18,14:28:17,14:28:23,COMPLETED,24908.0,114.4,479.48,485.87
903,easy,11,14:19:44,14:28:04,14:28:36,COMPLETED,30029.0,540.1,500.76,532.88
905,easy,12,14:20:27,14:28:23,14:28:49,COMPLETED,34047.0,433.5,476.87,502.62
989,easy,11,14:21:36,14:28:30,14:28:49,COMPLETED,27569.0,324.7,414.40,433.62
913,easy,12,14:22:41,14:28:55,14:29:08,COMPLETED,25871.0,217.5,374.96,387.71
972,easy,12,14:18:53,14:27:20,14:29:59,COMPLETED,33168.0,2655.0,507.30,666.31
933,medium,14,14:23:05,14:28:55,14:30:05,COMPLETED,33532.0,1166.5,350.96,420.65
984,easy,11,14:23:41,14:30:05,14:30:12,COMPLETED,28685.0,111.9,384.65,391.03
1033,medium,13,14:16:26,14:25:32,14:30:18,COMPLETED,25503.0,4773.8,546.38,832.40
1037,hard,15,14:09:28,14:22:20,14:30:31,COMPLETED,25371.0,8186.6,772.34,1263.24
920,easy,11,14:25:30,14:30:24,14:30:31,COMPLETED,27947.0,112.4,294.87,301.24
1015,easy,12,14:24:08,14:30:12,14:30:37,COMPLETED,26116.0,433.5,364.03,389.64
930,easy,11,14:24:31,14:30:18,14:30:37,COMPLETED,29001.0,327.6,347.40,366.64
991,medium,13,14:20:37,14:28:30,14:30:56,COMPLETED,23614.0,2444.4,473.40,619.79
921,easy,11,14:26:14,14:30:44,14:30:56,COMPLETED,34665.0,216.8,270.09,282.79
915,medium,14,14:08:24,14:20:49,14:31:03,COMPLETED,26148.0,10236.5,745.26,1359.13
459,hard,15,11:31:00,11:31:01,14:31:09,COMPLETED,35146.0,180142.4,1.10,10809.54
1009,easy,11,14:25:50,14:30:37,14:31:22,COMPLETED,39452.0,748.1,287.64,332.29
832,medium,14,13:08:42,13:08:47,14:31:35,COMPLETED,34201.0,82795.1,5.47,4973.04
995,easy,11,14:27:39,14:31:15,14:31:41,COMPLETED,26650.0,429.8,216.93,242.36
937,easy,12,14:27:15,14:31:03,14:31:54,COMPLETED,26715.0,854.7,228.13,279.11
992,easy,12,14:27:21,14:31:09,14:31:54,COMPLETED,30385.0,749.0,228.54,273.11
970,medium,13,14:22:24,14:28:43,14:32:00,COMPLETED,31821.0,3294.2,379.21,576.52
953,easy,11,14:29:47,14:31:28,14:32:00,COMPLETED,27780.0,538.1,101.61,133.52
1022,easy,11,14:29:53,14:31:41,14:32:00,COMPLETED,21262.0,325.7,108.36,127.52
940,easy,11,14:30:04,14:31:47,14:32:00,COMPLETED,28848.0,219.4,103.76,116.52
996,easy,11,14:31:20,14:32:00,14:32:06,COMPLETED,25463.0,112.9,40.52,46.95
1031,easy,12,14:26:23,14:31:03,14:32:13,COMPLETED,20576.0,1174.6,280.13,350.33
916,easy,11,14:31:46,14:32:06,14:32:19,COMPLETED,30171.0,216.0,20.95,33.64
968,easy,12,14:31:27,14:32:00,14:32:32,COMPLETED,21641.0,533.5,33.52,65.29
979,medium,13,14:26:23,14:30:44,14:32:57,COMPLETED,25236.0,2226.7,261.09,394.46
918,easy,11,14:33:04,14:33:10,14:33:22,COMPLETED,25922.0,215.1,6.10,18.72
1027,easy,12,14:34:04,14:34:07,14:34:26,COMPLETED,25416.0,333.2,3.17,22.69
803,hard,15,13:22:25,13:22:30,14:34:33,COMPLETED,33653.0,72053.2,5.38,4328.21
1007,medium,13,14:33:02,14:33:03,14:34:39,COMPLETED,26732.0,1608.3,1.77,97.80
849,hard,15,13:35:29,13:42:45,14:34:59,COMPLETED,34458.0,52228.8,436.79,3570.26
958,easy,11,14:35:03,14:35:05,14:35:12,COMPLETED,27553.0,111.4,2.77,9.18
1030,medium,14,14:20:18,14:28:23,14:36:03,COMPLETED,35544.0,7663.8,485.87,945.39
939,medium,13,14:32:20,14:32:25,14:36:22,COMPLETED,31419.0,3946.8,5.94,242.42
924,easy,12,14:34:28,14:34:33,14:36:22,COMPLETED,28386.0,1825.9,5.21,114.42
1023,easy,11,14:36:28,14:36:28,14:36:47,COMPLETED,31919.0,322.1,0.82,19.80
957,medium,13,14:36:19,14:36:22,14:36:54,COMPLETED,31709.0,533.8,3.42,35.17
975,easy,11,14:36:22,14:36:22,14:36:54,COMPLETED,26079.0,533.5,0.42,32.17
943,medium,13,14:15:51,14:24:29,14:37:19,COMPLETED,38347.0,12845.9,518.00,1288.42
1020,easy,11,14:37:25,14:37:25,14:37:32,COMPLETED,27906.0,112.6,0.83,7.22
956,easy,11,14:37:32,14:37:32,14:37:38,COMPLETED,24677.0,111.8,0.22,6.62
998,medium,14,14:35:23,14:35:25,14:38:10,COMPLETED,25176.0,2758.9,2.03,167.32
910,hard,15,14:15:35,14:24:22,14:38:54,COMPLETED,28737.0,14535.5,527.62,1399.47
1038,hard,15,14:08:32,14:21:21,14:39:00,COMPLETED,41270.0,17652.4,769.96,1828.83
1043,easy,11,14:38:46,14:38:48,14:39:57,COMPLETED,24299.0,1165.8,2.09,71.63
978,medium,13,14:37:56,14:37:57,14:40:04,COMPLETED,27008.0,2114.0,1.63,128.09
1019,easy,11,14:40:01,14:40:04,14:40:16,COMPLETED,28611.0,219.7,3.09,15.94
1048,easy,12,14:39:44,14:39:44,14:40:29,COMPLETED,27424.0,750.5,0.91,45.64
980,easy,12,14:39:52,14:39:57,14:40:54,COMPLETED,31327.0,959.1,5.63,62.90
1034,easy,12,14:39:53,14:39:57,14:41:39,COMPLETED,31404.0,1706.5,4.63,106.62
961,medium,13,14:40:10,14:40:10,14:42:11,COMPLETED,32313.0,2027.0,0.52,121.70
794,medium,14,13:57:33,14:09:10,14:43:09,COMPLETED,32191.0,33985.0,697.72,2736.60
901,easy,12,14:45:15,14:45:18,14:45:25,COMPLETED,25509.0,116.5,3.40,10.03
1001,easy,12,14:45:07,14:45:11,14:46:04,COMPLETED,31720.0,878.4,4.83,57.05
974,easy,12,14:45:20,14:45:31,14:46:10,COMPLETED,25889.0,663.1,11.43,50.60
904,hard,15,14:05:07,14:17:53,14:46:36,COMPLETED,28269.0,28722.1,766.48,2489.47
927,easy,12,14:46:38,14:46:43,14:47:08,COMPLETED,33178.0,438.0,5.01,30.97
917,medium,14,14:44:32,14:44:32,14:47:59,COMPLETED,28614.0,3447.8,0.92,207.47
601,hard,15,12:49:47,12:49:51,14:48:12,COMPLETED,42301.0,118348.1,4.45,7105.20
1036,medium,13,14:46:13,14:46:17,14:48:31,COMPLETED,20797.0,2238.6,4.27,138.22
985,easy,11,14:48:27,14:48:31,14:48:43,COMPLETED,27253.0,217.2,4.22,16.91
964,easy,12,14:48:43,14:48:43,14:49:09,COMPLETED,29085.0,428.5,0.91,26.33
1010,easy,11,14:49:18,14:49:22,14:49:41,COMPLETED,33994.0,323.7,4.01,23.12
960,easy,12,14:49:10,14:49:15,14:50:19,COMPLETED,24451.0,1062.5,5.65,69.06
1014,easy,11,14:49:47,14:50:25,14:50:38,COMPLETED,21813.0,217.2,38.44,51.17
990,easy,11,14:50:25,14:50:44,14:51:16,COMPLETED,24298.0,532.9,19.50,51.18
815,medium,14,13:38:51,13:50:47,14:52:00,COMPLETED,34798.0,61211.3,716.98,4389.45
764,hard,15,13:36:03,13:43:49,14:52:26,COMPLETED,33004.0,68615.3,466.66,4583.34
909,easy,11,14:51:16,14:52:06,14:52:26,COMPLETED,37683.0,333.6,50.84,70.34
848,hard,15,13:42:53,13:56:58,14:56:32,COMPLETED,40851.0,59564.6,845.71,4419.29
999,easy,12,14:49:33,14:49:47,14:56:38,COMPLETED,37456.0,6866.0,14.45,425.84
976,medium,14,14:15:03,14:24:09,14:56:45,COMPLETED,32916.0,32599.6,546.94,2502.48
923,easy,11,14:52:08,14:56:38,14:56:58,COMPLETED,25983.0,336.0,270.84,290.72
1041,hard,15,14:05:30,14:19:24,14:57:11,COMPLETED,23420.0,37797.6,834.16,3101.68
72,hard,15,08:01:34,08:01:37,14:57:37,COMPLETED,47800.0,416009.6,3.18,24963.74
959,easy,11,14:53:23,14:57:05,14:57:50,COMPLETED,33287.0,772.9,222.04,267.94
912,easy,11,14:54:06,14:57:44,14:57:50,COMPLETED,26371.0,119.7,218.29,224.94
977,easy,12,14:52:33,14:56:52,14:59:14,COMPLETED,30267.0,2370.2,259.13,401.00
1013,easy,12,14:54:27,14:57:57,14:59:14,COMPLETED,27283.0,1279.6,210.51,287.00
982,easy,12,14:54:24,14:57:57,14:59:45,COMPLETED,31767.0,1810.0,213.51,321.82
1016,easy,12,14:52:27,14:56:45,15:00:30,COMPLETED,31474.0,3749.2,258.48,483.15
994,easy,11,14:56:44,15:00:36,15:00:42,COMPLETED,21142.0,111.6,232.49,238.86
944,hard,15,14:48:45,14:48:50,15:01:14,COMPLETED,30777.0,12408.3,5.29,749.51
906,easy,12,14:54:05,14:57:18,15:01:58,COMPLETED,32292.0,4682.6,193.24,473.85
934,easy,12,14:56:43,14:59:52,15:02:36,COMPLETED,28450.0,2750.4,189.15,353.88
1045,easy,12,14:58:05,15:02:05,15:02:36,COMPLETED,23764.0,532.6,240.25,271.88
1025,hard,15,14:45:01,14:45:05,15:03:21,COMPLETED,29715.0,18277.3,4.25,1100.64
840,hard,15,13:41:52,13:53:20,15:03:34,COMPLETED,33955.0,70246.1,688.02,4902.58
1002,medium,13,14:41:20,14:41:20,15:03:40,COMPLETED,39362.0,22350.9,0.42,1340.98
948,hard,15,14:45:50,14:46:10,15:03:40,COMPLETED,37840.0,17515.6,20.60,1070.98
955,easy,11,14:59:05,15:03:47,15:03:54,COMPLETED,26226.0,116.3,282.67,289.36
902,hard,15,14:44:05,14:44:07,15:04:07,COMPLETED,29947.0,20010.1,2.05,1202.20
947,medium,13,14:58:33,15:02:43,15:04:13,COMPLETED,27296.0,1516.1,250.22,340.84
973,easy,12,14:58:43,15:03:27,15:04:13,COMPLETED,30694.0,770.7,284.97,330.84
1074,easy,11,15:02:46,15:04:20,15:04:46,COMPLETED,28615.0,441.5,94.25,120.35
1159,easy,11,15:02:52,15:04:52,15:04:59,COMPLETED,23339.0,118.4,120.88,127.52
1138,easy,12,15:03:18,15:05:06,15:05:25,COMPLETED,30724.0,326.8,108.03,127.30
1186,easy,11,15:03:51,15:05:31,15:05:51,COMPLETED,33959.0,331.8,100.67,120.04
987,medium,13,14:58:59,15:03:40,15:06:55,COMPLETED,31910.0,3252.5,281.98,476.86
919,easy,12,14:59:14,15:04:00,15:07:02,COMPLETED,29238.0,3030.3,286.69,468.19
967,hard,15,14:48:51,14:48:56,15:07:21,COMPLETED,30023.0,18419.4,5.67,1110.44
746,hard,15,12:57:07,12:57:10,15:07:54,COMPLETED,34764.0,130726.2,3.76,7847.15
1134,easy,11,15:05:21,15:08:00,15:08:13,COMPLETED,29329.0,223.4,159.69,172.60
827,hard,15,13:42:10,13:55:41,15:11:24,COMPLETED,29009.0,75726.0,811.37,5354.78
1084,easy,12,15:06:23,15:11:31,15:11:50,COMPLETED,27674.0,321.4,308.10,327.08
1168,easy,12,15:04:10,15:07:02,15:12:02,COMPLETED,39307.0,5015.6,172.19,472.84
1081,easy,11,15:07:14,15:12:09,15:12:28,COMPLETED,27850.0,322.8,295.17,314.24
965,medium,14,14:50:50,14:51:22,15:16:11,COMPLETED,32868.0,24817.8,32.50,1521.09
702,hard,15,12:13:00,12:13:00,15:16:30,COMPLETED,36624.0,183512.4,0.29,11010.87
1073,easy,11,15:07:45,15:16:17,15:16:30,COMPLETED,19028.0,228.3,512.75,525.87
1128,easy,11,15:07:48,15:16:37,15:16:50,COMPLETED,30576.0,222.7,529.49,542.55
1076,easy,11,15:08:03,15:16:56,15:17:16,COMPLETED,28787.0,335.2,533.89,553.48
963,medium,14,14:55:44,14:59:20,15:18:40,COMPLETED,39588.0,19345.4,216.40,1376.73
1116,medium,13,15:08:42,15:17:23,15:18:47,COMPLETED,24647.0,1413.8,521.05,605.28
734,medium,14,12:02:22,12:02:24,15:19:13,COMPLETED,34355.0,196814.6,2.77,11811.53
704,hard,15,12:27:39,12:27:42,15:19:13,COMPLETED,38301.0,171515.8,3.77,10294.53
1158,easy,11,15:08:55,15:18:53,15:19:20,COMPLETED,27165.0,442.8,598.93,625.13
1132,easy,11,15:09:38,15:19:26,15:19:52,COMPLETED,29532.0,444.1,588.53,614.62
1053,easy,11,15:09:56,15:19:59,15:20:24,COMPLETED,26260.0,435.4,603.22,628.86
1166,easy,11,15:10:34,15:20:31,15:20:44,COMPLETED,22415.0,220.9,597.38,610.33
983,medium,14,14:36:46,14:36:47,15:21:28,COMPLETED,28901.0,44683.0,1.80,2682.59
582,hard,15,11:25:24,11:25:28,15:22:44,COMPLETED,30115.0,237274.1,4.13,14240.51
911,medium,14,14:52:05,14:52:32,15:22:44,COMPLETED,32520.0,30195.8,27.90,1839.51
1189,medium,14,15:06:37,15:11:56,15:24:06,COMPLETED,31871.0,12176.8,319.41,1049.75
900,medium,13,14:59:06,15:03:47,15:24:25,COMPLETED,37490.0,20637.8,281.67,1519.79
1167,medium,13,15:07:48,15:16:37,15:25:03,COMPLETED,26106.0,8442.0,529.49,1035.78
969,hard,15,14:44:12,14:44:13,15:25:16,COMPLETED,36868.0,41053.0,1.63,2464.61
1054,easy,12,15:13:56,15:24:32,15:25:48,COMPLETED,23360.0,1282.5,636.13,712.62
1162,medium,13,15:14:08,15:25:10,15:26:14,COMPLETED,24027.0,1088.0,662.19,726.97
1065,medium,14,15:05:47,15:08:20,15:28:30,COMPLETED,34888.0,20180.4,153.14,1363.55
1183,hard,15,15:12:49,15:22:50,15:28:37,COMPLETED,33444.0,5779.7,601.85,948.09
971,medium,14,14:58:41,15:02:43,15:33:19,COMPLETED,32443.0,30604.0,242.22,2078.28
1096,easy,11,15:16:49,15:33:25,15:33:32,COMPLETED,26306.0,111.7,996.62,1003.02
1173,medium,14,15:16:49,15:28:43,15:34:22,COMPLETED,37917.0,5653.2,714.72,1053.61
1140,medium,14,15:07:45,15:12:34,15:35:19,COMPLETED,29679.0,22753.8,289.56,1654.55
1130,easy,11,15:18:18,15:34:28,15:35:38,COMPLETED,31793.0,1164.9,970.95,1040.54
1142,easy,12,15:17:45,15:33:38,15:35:57,COMPLETED,30228.0,2326.6,953.34,1092.55
1072,medium,13,15:18:42,15:36:03,15:37:57,COMPLETED,33586.0,1908.2,1041.98,1155.97
727,hard,15,12:43:23,12:43:28,15:38:23,COMPLETED,28562.0,174923.3,5.25,10500.56
1199,medium,14,15:04:04,15:05:57,15:38:23,COMPLETED,27950.0,32436.6,113.61,2059.56
941,hard,15,14:56:29,14:59:20,15:42:17,COMPLETED,31154.0,42956.6,171.40,2748.62
161,hard,15,09:29:07,09:29:11,15:42:23,COMPLETED,33776.0,373205.8,4.71,22396.98
1164,medium,14,15:18:28,15:35:25,15:42:30,COMPLETED,30257.0,7085.0,1017.88,1442.42
1107,easy,11,15:20:44,15:42:37,15:42:43,COMPLETED,24096.0,118.6,1313.07,1319.68
1108,medium,13,15:21:04,15:42:50,15:43:16,COMPLETED,32394.0,441.8,1306.23,1332.37
1177,easy,11,15:21:19,15:43:22,15:43:48,COMPLETED,31050.0,441.1,1323.76,1349.73
882,medium,14,13:43:09,13:57:37,15:44:21,COMPLETED,30579.0,106730.7,868.52,7272.19
1170,easy,12,15:21:30,15:43:55,15:44:33,COMPLETED,23794.0,650.0,1345.26,1383.97
1149,easy,11,15:21:47,15:44:40,15:44:59,COMPLETED,28488.0,322.3,1373.30,1392.32
997,hard,15,14:05:18,14:17:53,15:45:12,COMPLETED,21725.0,87310.0,755.48,5994.04
1060,medium,14,15:19:47,15:38:29,15:45:24,COMPLETED,37205.0,6918.1,1122.90,1537.73
1163,medium,13,15:19:52,15:42:23,15:45:31,COMPLETED,28613.0,3123.8,1351.98,1539.07
1193,easy,11,15:23:58,15:45:31,15:45:43,COMPLETED,30494.0,217.4,1293.07,1305.82
1091,medium,14,15:12:04,15:21:34,15:46:34,COMPLETED,31597.0,24995.1,570.92,2070.40
1150,easy,12,15:25:28,15:46:40,15:46:59,COMPLETED,25264.0,321.5,1272.73,1291.71
1046,hard,15,14:35:26,14:35:31,15:47:37,COMPLETED,29827.0,72104.4,5.62,4331.72
1129,medium,14,15:15:18,15:26:21,15:47:50,COMPLETED,29988.0,21485.5,663.53,1952.41
1135,easy,12,15:24:04,15:45:37,15:48:03,COMPLETED,33736.0,2432.1,1293.46,1439.10
1192,easy,12,15:22:24,15:45:05,15:48:15,COMPLETED,30076.0,3173.6,1361.66,1551.79
1100,medium,13,15:15:43,15:28:37,15:48:22,COMPLETED,33396.0,19755.3,774.09,1959.13
1180,easy,12,15:26:55,15:48:09,15:48:22,COMPLETED,23852.0,217.6,1274.43,1287.13
1184,easy,12,15:26:00,15:47:44,15:48:34,COMPLETED,29725.0,852.9,1304.05,1354.94
1127,easy,11,15:27:24,15:48:22,15:48:34,COMPLETED,28522.0,218.7,1258.13,1270.94
1117,hard,15,15:14:56,15:25:55,15:49:38,COMPLETED,29019.0,23722.5,659.14,2082.25
1188,medium,14,15:09:18,15:19:20,15:49:44,COMPLETED,31148.0,30411.9,602.13,2426.58
1047,hard,15,14:33:34,14:33:35,15:50:49,COMPLETED,30802.0,77236.7,1.32,4635.27
1095,easy,11,15:29:34,15:50:55,15:51:21,COMPLETED,23447.0,440.3,1281.82,1307.73
1075,medium,14,15:19:59,15:42:30,15:51:41,COMPLETED,29617.0,9186.4,1351.42,1902.19
1102,medium,14,15:18:38,15:35:44,15:51:47,COMPLETED,25980.0,16057.3,1026.88,1989.74
1067,hard,15,15:28:28,15:48:41,15:53:12,COMPLETED,32857.0,4525.4,1213.28,1484.54
1191,easy,12,15:30:57,15:51:54,15:53:38,COMPLETED,37442.0,1735.1,1257.46,1361.02
1141,medium,13,15:30:40,15:51:47,15:53:44,COMPLETED,25991.0,1957.8,1267.74,1384.62
1137,easy,12,15:31:05,15:53:18,15:53:57,COMPLETED,27099.0,658.4,1333.86,1372.86
1169,medium,14,15:25:26,15:45:50,15:54:43,COMPLETED,30922.0,8894.4,1224.15,1757.40
1111,hard,15,15:04:15,15:07:08,15:54:49,COMPLETED,33874.0,47694.4,173.55,3034.94
1195,easy,11,15:33:38,15:54:49,15:55:02,COMPLETED,33343.0,221.2,1271.94,1284.70
1113,easy,12,15:33:57,15:54:56,15:55:09,COMPLETED,28338.0,221.2,1259.34,1272.27
1070,easy,11,15:32:16,15:53:51,15:55:15,COMPLETED,29297.0,1416.3,1295.26,1379.65
1112,easy,11,15:34:30,15:55:15,15:55:35,COMPLETED,23145.0,341.3,1245.65,1265.57
1156,easy,12,15:35:18,15:55:42,15:55:55,COMPLETED,29823.0,226.9,1224.19,1237.32
789,hard,15,13:59:34,14:10:58,15:56:46,COMPLETED,33074.0,105794.7,684.80,7032.30
1161,medium,14,15:13:28,15:24:13,15:56:46,COMPLETED,33588.0,32558.7,645.09,2598.30
1094,hard,15,15:19:16,15:38:29,15:56:46,COMPLETED,29219.0,18278.9,1153.90,2250.30
1120,easy,11,15:36:34,15:56:52,15:56:59,COMPLETED,28206.0,111.4,1218.75,1225.18
1057,medium,13,15:32:10,15:53:44,15:58:14,COMPLETED,30659.0,4510.5,1294.62,1564.98
1082,medium,14,15:12:35,15:22:50,15:59:11,COMPLETED,32003.0,36356.0,615.85,2796.94
1062,medium,13,15:37:15,15:57:05,15:59:37,COMPLETED,28186.0,2535.4,1190.51,1342.34
1110,medium,13,15:29:22,15:49:50,15:59:56,COMPLETED,34028.0,10094.7,1228.97,1834.33
949,hard,15,14:58:01,15:01:20,16:00:02,COMPLETED,29460.0,58702.2,199.85,3721.75
1079,easy,11,15:39:31,16:00:09,16:00:15,COMPLETED,20170.0,111.1,1238.13,1244.49
1153,hard,15,15:35:11,15:55:22,16:03:34,COMPLETED,29649.0,8218.3,1211.31,1703.96
1145,medium,14,15:09:25,15:19:20,16:04:13,COMPLETED,36002.0,44899.0,595.13,3288.77
1144,easy,11,15:40:28,16:04:20,16:04:33,COMPLETED,23725.0,224.6,1432.39,1445.38
865,hard,15,13:05:40,13:05:55,16:04:52,COMPLETED,31742.0,178963.6,15.27,10752.92
1056,easy,11,15:40:55,16:04:39,16:04:52,COMPLETED,24497.0,225.5,1424.93,1437.92
1118,medium,13,15:33:38,15:54:04,16:05:57,COMPLETED,27869.0,11899.4,1226.42,1939.97
988,hard,15,14:35:16,14:35:18,16:08:50,COMPLETED,33303.0,93533.6,2.48,5614.34
1179,easy,12,15:41:55,16:08:56,16:09:47,COMPLETED,23989.0,848.3,1621.69,1672.24
1104,easy,12,15:41:05,16:04:59,16:10:50,COMPLETED,38097.0,5858.3,1434.50,1785.76
376,hard,15,10:18:02,10:18:07,16:11:35,COMPLETED,36312.0,353453.3,5.96,21213.12
1190,medium,14,15:39:25,16:00:02,16:12:26,COMPLETED,35898.0,12400.3,1237.75,1981.32
1080,hard,15,15:39:11,15:59:18,16:13:11,COMPLETED,26377.0,13896.2,1207.35,2040.61
936,hard,15,14:51:53,14:52:32,16:14:09,COMPLETED,33097.0,81620.3,39.90,4936.97
1151,medium,14,15:41:45,16:06:04,16:14:41,COMPLETED,34154.0,8624.1,1459.52,1976.62
1157,medium,13,15:44:05,16:14:16,16:15:38,COMPLETED,27192.0,1379.2,1811.32,1893.58
1068,easy,12,15:44:18,16:14:48,16:15:38,COMPLETED,27224.0,851.3,1830.03,1880.58
1087,medium,13,15:43:18,16:11:41,16:17:47,COMPLETED,35156.0,6113.4,1703.45,2069.74
1194,hard,15,15:38:50,15:58:21,16:18:00,COMPLETED,30473.0,19664.5,1171.31,2350.94
1154,easy,11,15:44:40,16:17:54,16:18:32,COMPLETED,27161.0,644.6,1994.33,2032.69
1089,medium,14,15:44:38,16:15:45,16:19:55,COMPLETED,28587.0,4167.9,1867.21,2117.08
1122,hard,15,15:40:57,16:04:59,16:25:20,COMPLETED,36754.0,20354.7,1442.50,2663.34
1066,hard,15,15:43:03,16:09:53,16:26:12,COMPLETED,30621.0,16319.5,1610.61,2589.31
1148,hard,15,15:36:25,15:56:52,16:26:18,COMPLETED,31624.0,29440.3,1227.75,2993.89
1175,easy,11,15:47:06,16:26:25,16:26:31,COMPLETED,23958.0,116.9,2359.26,2365.70
1103,easy,11,15:47:15,16:26:38,16:26:44,COMPLETED,26706.0,118.5,2363.31,2369.93
1119,medium,13,15:44:37,16:15:45,16:27:10,COMPLETED,29937.0,11435.9,1868.21,2553.91
1092,medium,14,15:28:15,15:48:28,16:27:17,COMPLETED,31117.0,38825.1,1213.51,3542.46
1125,easy,12,15:47:19,16:26:51,16:27:24,COMPLETED,22589.0,556.6,2372.46,2405.21
1196,medium,14,15:43:13,16:10:57,16:27:30,COMPLETED,25134.0,16572.2,1664.12,2657.92
1133,easy,12,15:49:20,16:27:30,16:27:44,COMPLETED,27358.0,229.8,2290.92,2304.17
1182,easy,12,15:47:22,16:27:17,16:27:50,COMPLETED,24180.0,566.3,2395.46,2428.78
1109,easy,12,15:50:29,16:27:37,16:28:10,COMPLETED,24188.0,555.8,2228.57,2261.42
1083,easy,11,15:51:35,16:27:57,16:28:10,COMPLETED,24305.0,224.2,2182.51,2195.42
1101,easy,11,15:50:33,16:27:50,16:28:23,COMPLETED,29670.0,557.8,2237.78,2270.77
1185,medium,14,15:29:36,15:51:28,16:29:28,COMPLETED,32607.0,38013.8,1312.28,3592.87
1160,medium,13,15:52:16,16:28:17,16:29:35,COMPLETED,28975.0,1307.6,2161.00,2239.22
1176,medium,13,15:52:37,16:28:30,16:30:07,COMPLETED,28855.0,1619.4,2153.31,2250.14
1050,medium,13,15:46:18,16:25:26,16:30:19,COMPLETED,29681.0,4888.8,2348.88,2641.91
1165,easy,11,15:54:14,16:29:41,16:30:32,COMPLETED,27913.0,856.2,2127.60,2178.68
1106,easy,12,15:54:45,16:30:13,16:30:39,COMPLETED,24737.0,430.6,2128.52,2154.01
1198,hard,15,15:35:51,15:56:01,16:30:51,COMPLETED,35148.0,34835.8,1210.85,3300.76
1146,easy,12,15:55:17,16:30:45,16:31:29,COMPLETED,27084.0,743.8,2128.39,2172.72
816,medium,14,13:36:05,13:44:21,16:31:42,COMPLETED,35757.0,167344.0,496.89,10537.43
1061,easy,12,15:55:14,16:30:39,16:32:01,COMPLETED,19415.0,1379.6,2125.01,2207.50
1088,easy,11,15:55:49,16:30:58,16:32:26,COMPLETED,30922.0,1483.6,2109.09,2197.81
1139,easy,12,15:57:04,16:31:48,16:32:58,COMPLETED,34931.0,1166.1,2084.76,2154.43
1178,hard,15,15:40:19,16:00:21,16:35:18,COMPLETED,30204.0,34952.3,1202.82,3299.57
1085,hard,15,15:40:19,16:03:41,16:35:38,COMPLETED,29750.0,31948.7,1402.51,3319.05
1172,easy,11,15:59:26,16:35:44,16:35:57,COMPLETED,25644.0,222.9,2178.59,2191.67
1052,medium,14,15:47:51,16:27:24,16:36:29,COMPLETED,25488.0,9102.1,2373.21,2918.91
1123,easy,12,15:59:29,16:36:36,16:38:20,COMPLETED,37130.0,1734.5,2227.45,2331.20
1063,easy,11,15:59:51,16:38:26,16:38:39,COMPLETED,34746.0,223.5,2315.55,2328.47
1059,medium,13,15:59:17,16:35:25,16:40:28,COMPLETED,34150.0,5062.7,2168.11,2471.56
1329,easy,12,16:01:00,16:40:34,16:41:57,COMPLETED,32234.0,1376.1,2374.92,2457.18
1097,medium,14,15:58:34,16:32:33,16:42:16,COMPLETED,26530.0,9722.1,2039.14,2622.18
1042,hard,15,14:42:18,14:42:18,16:42:28,COMPLETED,35239.0,120181.2,0.19,7210.91
1131,medium,14,15:45:02,16:18:07,16:43:06,COMPLETED,28772.0,24998.7,1985.27,3484.92
1340,medium,13,16:01:09,16:42:03,16:43:45,COMPLETED,26095.0,1699.8,2454.50,2556.15
1205,medium,14,16:03:00,16:43:51,16:46:36,COMPLETED,26917.0,2749.7,2451.53,2616.17
1254,easy,11,16:03:04,16:46:42,16:46:48,COMPLETED,19796.0,111.1,2618.54,2624.90
1202,easy,11,16:03:07,16:46:55,16:47:07,COMPLETED,22244.0,216.1,2628.23,2640.90
993,hard,15,14:37:19,14:37:19,16:48:11,COMPLETED,26144.0,130864.3,0.42,7852.14
1209,medium,14,16:00:56,16:38:46,16:48:11,COMPLETED,33864.0,9423.9,2270.01,2835.14
1126,hard,15,15:45:09,16:18:39,16:49:26,COMPLETED,30903.0,30802.6,2010.04,3857.96
1155,medium,13,15:59:28,16:36:03,16:49:26,COMPLETED,35234.0,13387.8,2195.99,2998.96
1283,medium,13,16:01:58,16:42:22,16:49:26,COMPLETED,35450.0,7079.3,2424.51,2848.96
1249,easy,11,16:05:41,16:49:33,16:49:39,COMPLETED,30157.0,111.6,2632.32,2638.77
1305,easy,11,16:05:29,16:49:33,16:50:05,COMPLETED,27315.0,533.9,2644.32,2676.09
1136,medium,14,15:14:37,15:25:22,16:50:36,COMPLETED,29270.0,85232.5,645.94,5759.73
1114,medium,14,15:37:11,15:56:52,16:50:36,COMPLETED,37009.0,53735.6,1181.75,4405.73
1247,easy,12,16:05:25,16:49:33,16:50:55,COMPLETED,26846.0,1378.4,2648.32,2730.74
1257,medium,13,16:05:53,16:49:46,16:52:45,COMPLETED,27174.0,2998.0,2633.10,2812.63
1069,hard,15,15:28:27,15:48:28,16:56:46,COMPLETED,31509.0,68296.9,1201.51,5299.13
1342,easy,11,16:07:54,16:56:52,16:57:11,COMPLETED,31276.0,321.4,2938.53,2957.51
1315,easy,12,16:07:58,16:57:17,16:57:36,COMPLETED,26882.0,321.3,2959.84,2978.82
752,hard,15,13:32:35,13:38:19,17:00:04,COMPLETED,38255.0,201751.2,344.20,12449.07
1218,easy,12,16:08:14,17:00:10,17:00:30,COMPLETED,29741.0,335.9,3116.65,3136.31
1174,medium,14,15:56:40,16:31:36,17:00:36,COMPLETED,30398.0,29019.9,2096.05,3836.84
1197,hard,15,15:01:42,15:04:13,17:00:49,COMPLETED,32192.0,116602.4,151.84,7147.74
1220,easy,11,16:10:09,17:00:43,17:00:49,COMPLETED,29519.0,115.5,3034.36,3040.74
1239,easy,12,16:09:52,17:00:36,17:01:35,COMPLETED,27673.0,979.8,3044.84,3103.15
1272,medium,13,16:06:31,16:50:43,17:02:01,COMPLETED,34561.0,11312.0,2652.06,3330.31
1309,easy,12,16:10:43,17:01:41,17:02:27,COMPLETED,30497.0,768.5,3058.70,3104.29
1311,easy,11,16:11:01,17:02:33,17:02:47,COMPLETED,27788.0,224.4,3092.86,3106.03
1291,easy,12,16:11:32,17:02:53,17:03:12,COMPLETED,24326.0,332.4,3081.35,3100.80
1276,medium,13,16:02:03,16:42:35,17:03:32,COMPLETED,24915.0,20960.8,2432.28,3689.50
1275,easy,12,16:10:55,17:02:07,17:03:32,COMPLETED,24715.0,1419.3,3072.88,3157.50
1274,easy,12,16:12:15,17:03:19,17:03:39,COMPLETED,26463.0,341.6,3064.34,3084.09
1278,easy,12,16:10:41,17:00:56,17:04:24,COMPLETED,33452.0,3479.9,3015.33,3223.88
1245,easy,12,16:12:25,17:03:39,17:04:44,COMPLETED,26522.0,1089.4,3074.09,3139.17
1187,hard,15,15:04:16,15:07:27,17:05:34,COMPLETED,37905.0,118115.2,191.97,7278.73
1336,medium,13,16:15:09,17:04:31,17:05:47,COMPLETED,23554.0,1274.5,2962.26,3038.44
1335,medium,13,16:08:09,16:57:43,17:06:31,COMPLETED,23849.0,8815.8,2974.14,3502.81
1277,medium,13,16:13:52,17:03:45,17:07:03,COMPLETED,29579.0,3296.9,2993.90,3191.43
1105,hard,15,15:21:44,15:44:27,17:07:41,COMPLETED,28171.0,83231.8,1363.60,6357.35
1246,medium,13,16:15:48,17:05:53,17:07:54,COMPLETED,27256.0,2009.3,3005.77,3126.04
1244,medium,13,16:16:58,17:07:47,17:08:13,COMPLETED,29680.0,427.6,3049.68,3075.04
1345,easy,11,16:18:12,17:08:00,17:08:13,COMPLETED,23160.0,216.5,2988.36,3001.04
1055,hard,15,15:54:46,16:30:26,17:08:25,COMPLETED,37092.0,37995.0,2140.28,4419.76
1230,easy,11,16:19:48,17:08:19,17:08:25,COMPLETED,20922.0,111.6,2911.37,2917.76
1303,easy,11,16:19:57,17:08:19,17:08:38,COMPLETED,29823.0,322.6,2902.37,2921.48
1282,easy,12,16:20:41,17:08:44,17:09:03,COMPLETED,30277.0,323.1,2883.81,2902.87
1098,hard,15,15:28:37,15:48:41,17:09:16,COMPLETED,26888.0,80590.3,1204.28,6039.57
1256,easy,11,16:21:08,17:09:22,17:09:29,COMPLETED,23254.0,111.1,2894.89,2901.25
1152,hard,15,15:10:55,15:20:50,17:09:41,COMPLETED,28838.0,108858.9,595.67,7126.95
1208,easy,12,16:21:11,17:09:35,17:09:55,COMPLETED,30399.0,334.4,2904.58,2924.12
1327,hard,15,16:07:11,16:51:02,17:10:08,COMPLETED,32912.0,19111.5,2631.07,3777.33
1226,easy,12,16:20:50,17:09:10,17:10:14,COMPLETED,29095.0,1085.5,2900.22,2964.93
1306,easy,12,16:16:19,17:07:09,17:10:21,COMPLETED,27999.0,3199.1,3050.77,3242.39
1086,hard,15,15:46:39,16:26:18,17:10:27,COMPLETED,25665.0,44155.0,2379.89,5028.76
1267,medium,13,16:07:21,16:52:52,17:10:41,COMPLETED,37852.0,17824.6,2731.04,3800.18
1325,easy,11,16:21:53,17:10:14,17:10:47,COMPLETED,29017.0,555.2,2901.93,2934.63
1212,easy,11,16:23:06,17:10:34,17:10:47,COMPLETED,24763.0,230.9,2848.44,2861.63
1232,easy,11,16:23:44,17:10:47,17:10:54,COMPLETED,23724.0,123.5,2823.63,2830.35
1330,medium,13,16:15:30,17:04:50,17:11:20,COMPLETED,35069.0,6504.1,2960.49,3350.32
931,hard,15,14:39:48,14:39:51,17:13:55,COMPLETED,36367.0,154079.9,3.24,9247.82
1234,hard,15,16:04:16,16:47:14,17:14:02,COMPLETED,32548.0,26809.8,2578.22,4186.37
1252,medium,14,16:22:08,17:10:21,17:14:15,COMPLETED,33526.0,3905.9,2893.39,3127.46
1207,easy,11,16:25:15,17:14:02,17:14:15,COMPLETED,22228.0,223.6,2927.37,2940.46
1236,easy,11,16:26:10,17:14:21,17:14:34,COMPLETED,26534.0,222.5,2891.81,2904.68
1206,easy,12,16:25:57,17:14:21,17:14:54,COMPLETED,27891.0,550.6,2904.81,2937.35
1115,hard,15,15:34:17,15:55:09,17:15:46,COMPLETED,33657.0,80622.0,1252.27,6089.31
1317,medium,14,16:04:17,16:48:17,17:15:59,COMPLETED,24233.0,27702.4,2640.48,4302.37
758,hard,15,13:37:16,13:48:08,17:16:05,COMPLETED,32496.0,207962.9,652.09,13129.76
1222,easy,12,16:27:28,17:15:52,17:16:31,COMPLETED,26534.0,645.9,2904.95,2943.36
1143,hard,15,15:08:45,15:18:47,17:18:00,COMPLETED,33754.0,119214.4,602.28,7755.01
1217,medium,13,16:26:33,17:14:41,17:18:56,COMPLETED,26732.0,4266.8,2888.24,3143.97
1316,medium,14,16:24:25,17:11:26,17:21:09,COMPLETED,37738.0,9726.1,2821.86,3404.98
1216,easy,11,16:30:01,17:21:16,17:22:02,COMPLETED,29177.0,769.7,3075.52,3121.20
655,hard,15,12:09:23,12:09:27,17:22:15,COMPLETED,37563.0,312802.3,4.33,18772.41
1279,medium,14,16:22:46,17:10:27,17:22:21,COMPLETED,26817.0,11910.5,2861.76,3575.74
1339,easy,12,16:32:49,17:22:28,17:22:41,COMPLETED,34473.0,223.1,2979.57,2992.66
1349,medium,13,16:31:27,17:22:08,17:23:38,COMPLETED,33102.0,1501.8,3041.75,3131.56
1181,hard,15,15:18:50,15:38:04,17:24:16,COMPLETED,34632.0,106205.7,1154.51,7526.70
1320,hard,15,16:24:19,17:10:54,17:24:48,COMPLETED,27703.0,13915.8,2795.35,3629.98
1265,hard,15,16:23:51,17:10:54,17:25:21,COMPLETED,26684.0,14464.2,2823.35,3690.78
1242,medium,13,16:33:45,17:23:44,17:25:28,COMPLETED,27272.0,1730.1,2999.90,3103.37
1263,medium,14,16:28:08,17:16:05,17:26:06,COMPLETED,30856.0,10027.6,2877.76,3478.99
1297,medium,13,16:31:39,17:22:21,17:26:26,COMPLETED,36135.0,4082.9,3042.74,3287.30
1201,easy,11,16:35:22,17:26:13,17:26:26,COMPLETED,22816.0,221.1,3051.53,3064.30
878,hard,15,13:26:01,13:29:36,17:26:59,COMPLETED,34834.0,237372.8,215.83,14458.05
1321,easy,11,16:35:34,17:26:32,17:26:59,COMPLETED,26455.0,445.6,3058.84,3085.05
1347,easy,11,16:36:32,17:27:05,17:27:18,COMPLETED,20984.0,218.6,3033.63,3046.43
1294,easy,12,16:37:02,17:27:24,17:27:31,COMPLETED,21306.0,111.7,3022.81,3029.20
1281,easy,11,16:37:16,17:27:37,17:27:43,COMPLETED,20509.0,111.0,3021.54,3027.89
1273,easy,11,16:37:55,17:27:50,17:28:02,COMPLETED,21120.0,216.3,2995.22,3007.89
1341,easy,11,16:38:55,17:28:09,17:28:21,COMPLETED,24776.0,216.0,2954.22,2966.88
1262,medium,13,16:34:49,17:25:28,17:28:47,COMPLETED,33168.0,3318.3,3039.37,3238.18
1323,hard,15,16:04:46,16:48:17,17:29:44,COMPLETED,32560.0,41445.9,2611.48,5098.09
1243,easy,12,16:39:06,17:28:53,17:29:50,COMPLETED,29103.0,954.3,2987.52,3044.42
1308,easy,11,16:41:18,17:29:50,17:29:56,COMPLETED,31823.0,112.2,2912.42,2918.81
1231,medium,13,16:38:58,17:28:28,17:32:16,COMPLETED,35453.0,3809.6,2970.20,3198.29
1261,easy,11,16:41:48,17:32:22,17:32:42,COMPLETED,20251.0,328.0,3034.85,3054.20
952,hard,15,14:57:47,15:00:49,17:34:00,COMPLETED,31931.0,153186.5,182.21,9373.21
1004,hard,15,14:44:13,14:44:13,17:34:19,COMPLETED,31308.0,170102.4,0.63,10206.70
1224,hard,15,16:20:15,17:08:32,17:36:48,COMPLETED,35064.0,28282.0,2897.09,4593.66
1203,hard,15,16:12:29,17:03:39,17:38:06,COMPLETED,32547.0,34462.4,3070.09,5137.63
1078,hard,15,15:53:30,16:29:35,17:38:13,COMPLETED,28365.0,68634.8,2165.22,6283.10
372,hard,15,10:16:32,10:16:33,17:38:38,COMPLETED,33416.0,442082.9,1.52,26526.47
1307,easy,12,16:44:02,17:38:44,17:39:48,COMPLETED,28504.0,1061.2,3282.80,3346.17
1348,medium,14,16:41:29,17:29:56,17:40:45,COMPLETED,24395.0,10809.0,2907.81,3556.08
1219,medium,14,16:42:32,17:34:06,17:40:45,COMPLETED,26642.0,6643.3,3094.78,3493.08
1250,easy,12,16:44:35,17:40:51,17:40:57,COMPLETED,27449.0,112.5,3376.42,3382.86
1304,medium,14,16:44:01,17:38:19,17:42:07,COMPLETED,26169.0,3805.1,3258.49,3486.50
1269,hard,15,16:21:30,17:09:48,17:42:20,COMPLETED,31995.0,32532.4,2898.51,4850.23
1312,hard,15,16:35:50,17:27:05,17:42:32,COMPLETED,32756.0,15460.3,3075.63,4002.99
1241,easy,11,16:45:02,17:42:26,17:42:51,COMPLETED,34172.0,427.8,3444.61,3469.98
1290,easy,11,16:46:12,17:42:39,17:43:11,COMPLETED,36519.0,537.1,3387.32,3419.06
1210,hard,15,16:10:25,17:00:56,17:43:43,COMPLETED,29512.0,42795.2,3031.33,5598.69
1255,medium,14,16:33:13,17:22:47,17:43:43,COMPLETED,33454.0,20936.3,2974.99,4230.69
1253,easy,11,16:46:56,17:43:50,17:44:34,COMPLETED,31824.0,751.2,3414.33,3458.95
1221,easy,12,16:46:51,17:43:17,17:44:54,COMPLETED,34666.0,1623.2,3386.61,3483.52
1286,easy,12,16:49:02,17:44:41,17:45:01,COMPLETED,25503.0,337.1,3339.43,3359.06
1268,medium,13,16:44:24,17:40:51,17:45:07,COMPLETED,30354.0,4277.8,3387.42,3643.71
1223,medium,13,16:46:36,17:42:58,17:45:07,COMPLETED,28693.0,2163.6,3382.31,3511.71
1285,easy,11,16:51:09,17:45:01,17:45:46,COMPLETED,28489.0,765.3,3232.06,3277.51
1211,easy,11,16:52:15,17:45:53,17:45:59,COMPLETED,27786.0,114.0,3218.05,3224.41
1280,medium,14,16:26:52,17:15:00,17:46:18,COMPLETED,25988.0,31303.9,2888.90,4766.92
1238,medium,13,16:47:41,17:43:50,17:46:25,COMPLETED,30020.0,2592.1,3369.33,3524.32
1271,medium,14,16:24:23,17:11:01,17:46:51,COMPLETED,28124.0,35848.0,2798.10,4948.65
1333,medium,13,16:44:15,17:39:54,17:47:17,COMPLETED,22927.0,7391.2,3339.49,3782.48
1314,easy,12,16:53:21,17:46:31,17:47:30,COMPLETED,30683.0,984.3,3190.98,3249.69
1229,easy,11,16:53:23,17:46:58,17:47:30,COMPLETED,33993.0,547.8,3215.19,3247.69
1301,easy,12,16:54:47,17:47:37,17:47:50,COMPLETED,30412.0,223.1,3170.10,3183.28
1204,easy,12,16:55:10,17:47:56,17:48:35,COMPLETED,26037.0,656.9,3166.60,3205.72
1334,easy,12,16:51:42,17:45:14,17:48:42,COMPLETED,33657.0,3469.4,3212.16,3420.04
1331,hard,15,16:28:21,17:16:12,17:48:48,COMPLETED,27257.0,32609.3,2871.21,4827.48
1302,medium,14,16:34:39,17:24:55,17:49:20,COMPLETED,28900.0,24423.1,3016.53,4481.70
1299,easy,12,16:56:06,17:49:27,17:50:36,COMPLETED,30746.0,1167.3,3201.03,3270.74
1227,medium,13,16:55:16,17:48:48,17:50:43,COMPLETED,32990.0,1916.5,3212.48,3327.09
1235,easy,12,16:55:11,17:48:42,17:50:55,COMPLETED,26469.0,2237.4,3211.04,3344.93
1288,medium,13,16:57:28,17:50:49,17:51:53,COMPLETED,24982.0,1065.0,3201.51,3265.12
1258,easy,12,16:56:55,17:50:43,17:51:59,COMPLETED,35784.0,1278.2,3228.09,3304.45
1292,easy,12,16:57:59,17:52:05,17:52:12,COMPLETED,24638.0,111.0,3246.82,3253.17
1240,easy,11,16:58:00,17:52:18,17:52:31,COMPLETED,29327.0,218.5,3258.50,3271.24
1147,hard,15,15:39:16,15:59:43,17:52:37,COMPLETED,27851.0,112903.0,1227.67,8001.64
1326,easy,12,16:57:41,17:51:59,17:52:44,COMPLETED,23155.0,750.5,3258.45,3303.07
1332,easy,11,16:58:27,17:52:50,17:52:56,COMPLETED,25152.0,111.2,3263.51,3269.89
1343,medium,14,16:51:40,17:45:14,17:53:34,COMPLETED,22401.0,8349.0,3214.16,3714.83
1295,easy,12,16:58:37,17:53:03,17:53:53,COMPLETED,25071.0,849.5,3266.21,3316.87
1213,easy,11,16:59:18,17:53:41,17:53:53,COMPLETED,20480.0,217.0,3263.18,3275.87
1318,easy,11,16:59:40,17:54:00,17:54:13,COMPLETED,25387.0,218.8,3260.22,3273.07
1237,medium,13,16:44:46,17:41:04,17:54:19,COMPLETED,28412.0,13258.5,3378.24,4173.46
1260,medium,13,16:58:15,17:52:37,17:54:19,COMPLETED,24099.0,1702.9,3262.64,3364.46
1328,medium,14,16:51:30,17:45:07,17:54:57,COMPLETED,31355.0,9837.3,3217.71,3807.69
1171,hard,15,15:22:44,15:45:18,17:55:10,COMPLETED,33132.0,129867.5,1354.37,9146.31
1284,medium,13,16:57:36,17:51:02,17:57:22,COMPLETED,26139.0,6344.5,3206.33,3586.67
1270,easy,12,16:59:26,17:54:00,17:58:25,COMPLETED,36482.0,4428.9,3274.22,3539.67
1228,hard,15,16:41:39,17:30:03,17:59:53,COMPLETED,35237.0,29844.7,2904.18,4694.64
1310,medium,13,16:56:04,17:48:54,17:59:59,COMPLETED,33837.0,11090.8,3170.91,3835.94
200,hard,15,09:04:13,09:04:13,18:00:00,UNFINISHED,-1,-1,-1
247,hard,15,09:27:25,09:27:26,18:00:00,UNFINISHED,-1,-1,-1
266,hard,15,09:36:25,09:36:27,18:00:00,UNFINISHED,-1,-1,-1
375,hard,15,10:14:15,10:14:15,18:00:00,UNFINISHED,-1,-1,-1
417,hard,15,10:26:24,10:26:24,18:00:00,UNFINISHED,-1,-1,-1
419,hard,15,10:28:00,10:28:04,18:00:00,UNFINISHED,-1,-1,-1
411,hard,15,10:33:33,10:33:35,18:00:00,UNFINISHED,-1,-1,-1
501,hard,15,11:11:21,11:11:24,18:00:00,UNFINISHED,-1,-1,-1
513,hard,15,11:32:31,11:32:31,18:00:00,UNFINISHED,-1,-1,-1
639,hard,15,12:20:34,12:20:35,18:00:00,UNFINISHED,-1,-1,-1
604,hard,15,12:34:24,12:34:26,18:00:00,UNFINISHED,-1,-1,-1
747,hard,15,12:39:50,12:39:52,18:00:00,UNFINISHED,-1,-1,-1
735,hard,15,12:41:42,12:41:47,18:00:00,UNFINISHED,-1,-1,-1
883,hard,15,13:00:04,13:00:04,18:00:00,UNFINISHED,-1,-1,-1
876,hard,15,13:24:21,13:25:54,18:00:00,UNFINISHED,-1,-1,-1
884,hard,15,13:29:43,13:35:10,18:00:00,UNFINISHED,-1,-1,-1
850,hard,15,13:36:16,13:45:45,18:00:00,UNFINISHED,-1,-1,-1
821,hard,15,13:40:23,13:51:26,18:00:00,UNFINISHED,-1,-1,-1
862,hard,15,13:41:57,13:54:55,18:00:00,UNFINISHED,-1,-1,-1
928,hard,15,14:23:26,14:29:15,18:00:00,UNFINISHED,-1,-1,-1
1035,hard,15,14:25:30,14:30:37,18:00:00,UNFINISHED,-1,-1,-1
1051,hard,15,15:02:00,15:04:20,18:00:00,UNFINISHED,-1,-1,-1
1093,hard,15,15:25:40,15:47:06,18:00:00,UNFINISHED,-1,-1,-1
1064,hard,15,15:26:20,15:47:56,18:00:00,UNFINISHED,-1,-1,-1
1124,hard,15,15:28:42,15:49:44,18:00:00,UNFINISHED,-1,-1,-1
1121,hard,15,15:43:34,16:12:32,18:00:00,UNFINISHED,-1,-1,-1
1090,medium,14,15:43:53,16:13:18,18:00:00,UNFINISHED,-1,-1,-1
1071,hard,15,15:46:12,16:20:01,18:00:00,UNFINISHED,-1,-1,-1
1099,hard,15,15:52:07,16:28:17,18:00:00,UNFINISHED,-1,-1,-1
1077,hard,15,15:57:39,16:32:07,18:00:00,UNFINISHED,-1,-1,-1
1058,medium,14,15:58:40,16:33:04,18:00:00,UNFINISHED,-1,-1,-1
1225,hard,15,16:02:05,16:43:13,18:00:00,UNFINISHED,-1,-1,-1
1344,hard,15,16:06:22,16:50:11,18:00:00,UNFINISHED,-1,-1,-1
1322,medium,14,16:06:33,16:50:43,18:00:00,UNFINISHED,-1,-1,-1
1289,hard,15,16:15:38,17:05:41,18:00:00,UNFINISHED,-1,-1,-1
1264,hard,15,16:16:13,17:06:38,18:00:00,UNFINISHED,-1,-1,-1
1215,hard,15,16:20:40,17:08:32,18:00:00,UNFINISHED,-1,-1,-1
1266,hard,15,16:21:44,17:10:01,18:00:00,UNFINISHED,-1,-1,-1
1233,hard,15,16:25:25,17:14:09,18:00:00,UNFINISHED,-1,-1,-1
1324,medium,14,16:28:40,17:16:37,18:00:00,UNFINISHED,-1,-1,-1
1313,medium,14,16:28:57,17:18:06,18:00:00,UNFINISHED,-1,-1,-1
1337,medium,14,16:29:38,17:19:03,18:00:00,UNFINISHED,-1,-1,-1
1346,hard,15,16:34:28,17:24:23,18:00:00,UNFINISHED,-1,-1,-1
1200,medium,14,16:34:57,17:25:34,18:00:00,UNFINISHED,-1,-1,-1
1296,hard,15,16:35:49,17:26:32,18:00:00,UNFINISHED,-1,-1,-1
1248,medium,14,16:42:20,17:32:48,18:00:00,UNFINISHED,-1,-1,-1
1293,hard,15,16:43:11,17:34:26,18:00:00,UNFINISHED,-1,-1,-1
1298,hard,15,16:43:12,17:36:55,18:00:00,UNFINISHED,-1,-1,-1
1338,hard,15,16:43:54,17:38:13,18:00:00,UNFINISHED,-1,-1,-1
1251,hard,15,16:45:00,17:42:13,18:00:00,UNFINISHED,-1,-1,-1
1214,hard,15,16:52:37,17:46:05,18:00:00,UNFINISHED,-1,-1,-1
1319,medium,14,16:53:00,17:46:25,18:00:00,UNFINISHED,-1,-1,-1
1259,hard,15,16:54:05,17:47:24,18:00:00,UNFINISHED,-1,-1,-1
1287,medium,14,16:54:37,17:47:37,18:00:00,UNFINISHED,-1,-1,-1
1300,hard,15,16:58:18,17:52:44,18:00:00,UNFINISHED,-1,-1,-1
