task_id,difficulty,n,arrival_sim,start_sim,end_sim,status,cost,real_duration_sec,waiting_time_mili_sec,time_in_system_mili_sec
62,easy,11,08:00:16,08:00:18,08:01:06,COMPLETED,25556.0,811.1,2.10,50.74
14,easy,12,08:00:34,08:00:36,08:01:12,COMPLETED,25152.0,605.2,2.55,38.80
80,easy,12,08:01:11,08:01:12,08:01:43,COMPLETED,25745.0,505.9,1.80,32.05
33,easy,11,08:01:19,08:01:24,08:01:55,COMPLETED,20702.0,505.6,5.92,36.23
108,easy,11,08:01:43,08:01:43,08:02:07,COMPLETED,27911.0,404.5,0.05,24.31
20,easy,12,08:02:05,08:02:07,08:02:13,COMPLETED,27264.0,101.8,2.31,8.40
140,medium,13,08:01:41,08:01:43,08:03:25,COMPLETED,36341.0,1713.9,2.05,104.87
86,medium,13,08:04:14,08:04:14,08:04:56,COMPLETED,27059.0,706.5,0.11,42.54
118,easy,12,08:04:18,08:04:20,08:05:02,COMPLETED,33669.0,706.2,2.25,44.59
58,easy,11,08:05:44,08:05:44,08:06:03,COMPLETED,29393.0,303.6,0.83,19.07
82,easy,12,08:06:46,08:06:51,08:07:15,COMPLETED,25339.0,409.3,5.44,29.91
51,medium,13,08:07:26,08:07:28,08:08:22,COMPLETED,29081.0,913.4,2.13,56.84
83,medium,13,08:02:36,08:02:37,08:09:23,COMPLETED,36482.0,6770.6,1.57,407.78
148,easy,11,08:08:59,08:08:59,08:09:29,COMPLETED,25358.0,508.8,0.37,30.86
138,easy,11,08:09:45,08:09:48,08:09:54,COMPLETED,29273.0,102.3,3.04,9.13
31,easy,11,08:09:56,08:10:00,08:10:12,COMPLETED,31866.0,203.1,4.19,16.34
4,easy,11,08:10:20,08:10:24,08:10:30,COMPLETED,27411.0,102.4,4.50,10.60
10,easy,11,08:10:14,08:10:18,08:10:48,COMPLETED,30418.0,507.5,4.40,34.77
26,medium,14,08:02:20,08:02:25,08:11:31,COMPLETED,27720.0,9100.1,5.46,551.40
120,easy,11,08:11:19,08:11:19,08:11:37,COMPLETED,27314.0,308.6,0.15,18.55
146,easy,11,08:11:20,08:11:25,08:11:43,COMPLETED,23339.0,308.3,5.27,23.71
1,easy,12,08:10:45,08:10:48,08:12:38,COMPLETED,24601.0,1825.7,3.77,113.28
42,easy,11,08:12:55,08:12:56,08:13:14,COMPLETED,31262.0,304.6,1.47,19.72
121,medium,13,08:11:04,08:11:06,08:13:32,COMPLETED,28744.0,2434.0,2.98,148.94
84,easy,12,08:07:04,08:07:09,08:13:57,COMPLETED,32648.0,6792.9,5.70,413.25
30,easy,11,08:14:22,08:14:27,08:14:33,COMPLETED,23849.0,105.0,5.60,11.70
76,easy,12,08:11:31,08:11:31,08:14:46,COMPLETED,25782.0,3244.3,0.40,195.02
101,easy,11,08:14:29,08:14:33,08:15:04,COMPLETED,34615.0,511.6,4.70,35.30
67,medium,14,08:05:41,08:05:44,08:15:28,COMPLETED,37473.0,9729.7,3.83,587.62
15,easy,12,08:14:59,08:15:04,08:15:28,COMPLETED,26810.0,406.8,5.30,29.62
16,medium,13,08:12:53,08:12:56,08:15:46,COMPLETED,28378.0,2841.1,3.47,173.90
2,easy,11,08:15:31,08:15:34,08:15:46,COMPLETED,18543.0,203.8,3.73,15.90
5,easy,12,08:14:33,08:14:33,08:15:59,COMPLETED,29678.0,1422.0,0.70,86.05
18,easy,11,08:16:11,08:16:11,08:16:17,COMPLETED,23600.0,102.3,0.21,6.31
87,medium,13,08:11:34,08:11:37,08:17:24,COMPLETED,31287.0,5778.4,3.55,350.03
0,easy,12,08:17:23,08:17:24,08:17:48,COMPLETED,26904.0,408.5,1.03,25.55
9,easy,11,08:17:58,08:18:00,08:18:13,COMPLETED,29281.0,205.6,2.79,15.04
147,easy,12,08:17:40,08:17:42,08:18:25,COMPLETED,28488.0,716.2,2.45,45.34
113,medium,13,08:14:21,08:14:21,08:18:37,COMPLETED,30747.0,4270.0,0.49,256.65
115,easy,12,08:18:28,08:18:31,08:19:44,COMPLETED,35416.0,1218.4,3.47,76.53
75,easy,12,08:19:10,08:19:14,08:19:56,COMPLETED,28062.0,710.3,4.16,46.73
43,medium,14,08:16:03,08:16:05,08:20:39,COMPLETED,32678.0,4570.7,2.11,276.32
123,easy,12,08:20:24,08:20:27,08:21:40,COMPLETED,28585.0,1218.3,3.10,76.15
79,easy,12,08:21:32,08:21:34,08:21:52,COMPLETED,22540.0,305.8,2.02,20.31
111,easy,11,08:23:04,08:23:05,08:23:11,COMPLETED,24417.0,103.2,1.17,7.29
45,medium,13,08:17:19,08:17:24,08:23:17,COMPLETED,26760.0,5889.8,5.03,358.38
97,easy,11,08:22:56,08:22:59,08:23:17,COMPLETED,31924.0,306.9,3.05,21.38
63,medium,13,08:20:33,08:20:33,08:23:29,COMPLETED,25753.0,2939.8,0.21,176.55
53,easy,11,08:24:29,08:24:30,08:24:42,COMPLETED,25808.0,205.1,1.11,13.37
55,easy,11,08:24:31,08:24:36,08:24:48,COMPLETED,29689.0,205.7,5.26,17.50
41,easy,11,08:24:48,08:24:48,08:25:00,COMPLETED,24254.0,204.4,0.50,12.70
103,easy,12,08:25:59,08:26:01,08:26:25,COMPLETED,29688.0,408.0,2.40,26.82
39,easy,11,08:27:02,08:27:02,08:27:20,COMPLETED,23258.0,308.6,0.46,18.90
88,easy,11,08:27:36,08:27:39,08:27:45,COMPLETED,28059.0,104.7,3.18,9.40
109,easy,11,08:28:36,08:28:40,08:29:11,COMPLETED,24930.0,513.0,4.52,35.18
12,easy,11,08:29:13,08:29:17,08:29:54,COMPLETED,35253.0,617.8,4.33,41.25
116,easy,11,08:29:42,08:29:48,08:30:06,COMPLETED,32026.0,312.0,6.06,24.62
46,easy,12,08:29:46,08:29:48,08:30:18,COMPLETED,26534.0,517.0,2.06,32.98
119,easy,12,08:28:43,08:28:46,08:30:43,COMPLETED,32185.0,1948.7,3.67,120.53
134,medium,14,08:18:18,08:18:19,08:30:55,COMPLETED,32528.0,12609.6,1.16,757.71
61,medium,13,08:28:23,08:28:28,08:31:01,COMPLETED,35774.0,2564.5,5.14,158.80
54,easy,11,08:30:59,08:31:01,08:31:08,COMPLETED,25999.0,106.4,2.80,9.08
72,easy,11,08:31:26,08:31:26,08:31:32,COMPLETED,22121.0,104.0,0.46,6.62
104,easy,12,08:31:24,08:31:26,08:31:38,COMPLETED,33252.0,208.2,2.46,14.79
35,easy,11,08:32:22,08:32:27,08:33:04,COMPLETED,32669.0,612.2,5.63,42.29
23,easy,11,08:33:29,08:33:34,08:33:53,COMPLETED,34534.0,307.6,5.71,24.09
52,medium,13,08:32:24,08:32:27,08:34:47,COMPLETED,28721.0,2339.8,3.63,143.95
25,easy,12,08:33:39,08:33:40,08:35:36,COMPLETED,29464.0,1932.6,1.84,117.73
93,medium,14,08:00:52,08:00:54,08:36:43,COMPLETED,34282.0,35817.6,2.65,2151.69
91,easy,12,08:38:05,08:38:09,08:38:40,COMPLETED,20728.0,518.8,4.25,35.25
65,easy,11,08:38:16,08:38:21,08:38:46,COMPLETED,27736.0,415.5,5.65,30.46
28,easy,12,08:38:24,08:38:27,08:39:29,COMPLETED,28970.0,1029.5,3.91,65.55
68,easy,12,08:38:32,08:38:34,08:39:29,COMPLETED,28890.0,927.1,2.09,57.55
96,easy,11,08:40:14,08:40:18,08:40:25,COMPLETED,28121.0,109.3,4.83,11.23
102,easy,11,08:40:14,08:40:18,08:40:25,COMPLETED,18126.0,108.7,4.83,11.23
38,hard,15,08:29:07,08:29:11,08:40:56,COMPLETED,32641.0,11749.7,4.18,709.09
74,medium,14,08:34:46,08:34:47,08:41:08,COMPLETED,28103.0,6342.7,1.95,382.39
44,hard,15,08:26:28,08:26:31,08:41:39,COMPLETED,22907.0,15125.3,3.91,911.33
89,easy,11,08:41:21,08:41:26,08:41:57,COMPLETED,33226.0,517.9,5.91,36.83
143,easy,11,08:42:17,08:42:22,08:42:59,COMPLETED,23046.0,621.0,5.55,42.65
99,easy,12,08:43:32,08:43:36,08:44:19,COMPLETED,32484.0,718.6,4.57,47.58
32,easy,12,08:44:07,08:44:07,08:45:08,COMPLETED,22354.0,1030.3,0.23,61.89
64,easy,11,08:44:44,08:44:44,08:45:15,COMPLETED,22087.0,517.4,0.18,31.14
114,easy,12,08:44:34,08:44:37,08:45:21,COMPLETED,25176.0,723.8,3.98,47.31
22,easy,12,08:42:09,08:42:10,08:45:46,COMPLETED,36751.0,3599.9,1.14,217.03
78,easy,12,08:45:04,08:45:08,08:46:16,COMPLETED,23284.0,1136.5,4.89,72.99
7,medium,13,08:44:32,08:44:37,08:46:23,COMPLETED,29152.0,1754.9,5.98,111.16
34,easy,11,08:46:10,08:46:10,08:46:29,COMPLETED,29778.0,312.9,0.73,19.32
70,easy,11,08:46:28,08:46:29,08:46:41,COMPLETED,26131.0,209.1,1.32,13.74
69,easy,11,08:46:39,08:46:41,08:46:47,COMPLETED,21647.0,107.2,2.74,8.96
77,medium,13,08:39:18,08:39:23,08:46:54,COMPLETED,33095.0,7514.6,5.40,456.21
105,easy,12,08:46:26,08:46:29,08:47:00,COMPLETED,25832.0,519.1,3.32,34.38
107,medium,13,08:46:46,08:46:47,08:48:07,COMPLETED,25909.0,1337.5,1.96,81.98
57,medium,14,08:37:42,08:37:44,08:48:51,COMPLETED,28752.0,11117.1,2.77,669.69
117,easy,11,08:49:43,08:49:47,08:50:00,COMPLETED,30762.0,213.0,4.56,17.12
19,hard,15,08:24:25,08:24:30,08:50:24,COMPLETED,34577.0,25917.0,5.11,1559.97
129,medium,14,08:19:46,08:19:50,08:50:31,COMPLETED,34130.0,30679.1,4.61,1845.32
125,easy,12,08:50:40,08:50:43,08:51:08,COMPLETED,23948.0,418.2,3.61,28.49
36,easy,11,08:50:20,08:50:24,08:51:14,COMPLETED,26208.0,832.3,4.97,54.75
131,medium,14,08:42:46,08:42:47,08:51:51,COMPLETED,30653.0,9081.7,1.15,545.93
133,medium,14,08:39:55,08:40:00,08:52:10,COMPLETED,31312.0,12175.8,5.40,735.89
6,easy,11,08:52:14,08:52:17,08:52:35,COMPLETED,30044.0,316.2,3.04,21.79
13,easy,11,08:52:21,08:52:23,08:52:35,COMPLETED,26138.0,213.6,2.22,14.79
128,easy,11,08:52:58,08:53:00,08:53:13,COMPLETED,32563.0,214.0,2.67,15.18
145,easy,12,08:53:09,08:53:13,08:53:25,COMPLETED,24949.0,215.9,4.18,16.79
92,easy,11,08:53:01,08:53:06,08:53:38,COMPLETED,26567.0,531.3,5.86,37.41
21,easy,11,08:53:33,08:53:38,08:53:57,COMPLETED,30340.0,318.6,5.41,24.34
124,easy,12,08:53:57,08:53:57,08:54:22,COMPLETED,17706.0,421.6,0.34,25.50
142,hard,15,08:43:25,08:43:30,08:54:40,COMPLETED,37020.0,11179.1,5.35,675.98
29,medium,13,08:45:23,08:45:27,08:54:40,COMPLETED,33487.0,9227.4,4.49,557.98
141,easy,11,08:54:38,08:54:40,08:54:47,COMPLETED,18604.0,106.3,2.98,9.21
48,medium,13,08:53:47,08:53:50,08:56:57,COMPLETED,32395.0,3106.4,3.99,190.18
50,easy,12,08:57:02,08:57:03,08:57:15,COMPLETED,29654.0,210.7,1.47,13.91
122,hard,15,08:41:34,08:41:39,08:58:05,COMPLETED,34941.0,16434.5,5.33,991.33
27,easy,12,08:56:44,08:56:44,08:58:05,COMPLETED,27735.0,1346.5,0.72,81.33
132,easy,12,08:58:06,08:58:11,08:58:42,COMPLETED,28600.0,520.1,5.54,36.59
3,medium,13,08:56:55,08:56:57,08:59:01,COMPLETED,33711.0,2068.8,2.18,126.13
71,medium,14,08:54:50,08:54:53,08:59:19,COMPLETED,26759.0,4440.3,3.38,269.68
98,medium,13,08:55:33,08:55:36,09:00:09,COMPLETED,34281.0,4552.7,3.64,276.67
94,medium,14,08:48:08,08:48:14,09:00:15,COMPLETED,30629.0,12029.6,6.25,727.85
137,medium,14,08:55:13,08:55:18,09:01:24,COMPLETED,30363.0,6112.0,5.13,371.61
24,medium,14,08:40:46,08:40:49,09:01:37,COMPLETED,34268.0,20794.2,3.84,1251.17
112,medium,14,08:51:53,08:51:58,09:01:56,COMPLETED,30404.0,9969.0,5.18,603.04
47,medium,13,08:58:27,08:58:30,09:02:02,COMPLETED,34627.0,3543.6,3.15,215.54
130,medium,14,08:45:03,08:45:08,09:02:14,COMPLETED,28797.0,17102.8,5.89,1031.98
185,easy,12,09:01:51,09:01:56,09:02:27,COMPLETED,25998.0,524.8,5.04,36.29
215,easy,12,09:01:35,09:01:37,09:02:33,COMPLETED,27173.0,941.7,2.17,58.58
8,medium,14,08:55:02,08:55:05,09:02:46,COMPLETED,28924.0,7674.1,3.77,464.03
160,easy,12,09:03:16,09:03:17,09:03:29,COMPLETED,20704.0,211.5,1.18,13.66
260,easy,12,09:04:17,09:04:19,09:04:44,COMPLETED,27813.0,421.3,2.28,27.22
176,easy,11,09:04:44,09:04:44,09:04:56,COMPLETED,28701.0,212.5,0.22,12.84
294,medium,14,09:01:31,09:01:37,09:05:09,COMPLETED,36934.0,3537.7,6.17,218.23
264,easy,12,09:05:03,09:05:09,09:05:15,COMPLETED,25115.0,107.9,6.23,12.48
110,medium,14,08:19:57,08:20:02,09:05:46,COMPLETED,36380.0,45726.7,5.81,2749.38
255,easy,11,09:05:55,09:05:58,09:06:11,COMPLETED,23524.0,208.3,3.66,16.01
211,medium,13,09:01:00,09:01:05,09:06:41,COMPLETED,21636.0,5604.0,5.67,341.80
150,easy,11,09:06:42,09:06:47,09:06:54,COMPLETED,32254.0,105.8,5.96,12.14
173,easy,12,09:07:09,09:07:12,09:08:14,COMPLETED,28964.0,1028.5,3.61,65.19
162,easy,11,09:07:55,09:07:55,09:08:20,COMPLETED,31593.0,412.9,0.71,25.35
100,medium,14,08:38:47,08:38:52,09:08:32,COMPLETED,35160.0,29667.3,5.65,1785.64
17,hard,15,08:46:24,08:46:29,09:08:51,COMPLETED,29179.0,22364.9,5.32,1347.14
159,easy,12,09:06:49,09:06:54,09:09:03,COMPLETED,29206.0,2156.6,5.14,134.42
267,medium,13,09:06:33,09:06:35,09:09:34,COMPLETED,33428.0,2977.2,2.62,181.15
230,easy,12,09:09:55,09:09:58,09:10:23,COMPLETED,27929.0,413.5,3.67,28.34
106,hard,15,08:46:08,08:46:10,09:10:41,COMPLETED,35325.0,24519.7,2.73,1473.84
245,easy,11,09:10:04,09:10:04,09:11:06,COMPLETED,33711.0,1027.5,0.84,62.41
271,easy,11,09:11:14,09:11:18,09:11:49,COMPLETED,19276.0,517.8,4.69,35.61
219,easy,11,09:11:33,09:11:37,09:12:01,COMPLETED,23819.0,415.3,4.17,28.98
66,hard,15,08:24:39,08:24:42,09:12:20,COMPLETED,31784.0,47636.9,3.37,2861.49
256,easy,12,09:11:37,09:11:37,09:12:20,COMPLETED,34012.0,724.5,0.17,43.49
165,easy,11,09:12:17,09:12:20,09:12:26,COMPLETED,26034.0,106.5,3.49,9.74
205,easy,12,09:11:32,09:11:37,09:12:57,COMPLETED,36866.0,1339.3,5.17,85.41
207,medium,14,09:08:38,09:08:38,09:13:03,COMPLETED,28988.0,4415.2,0.79,265.56
226,easy,12,09:13:03,09:13:03,09:13:34,COMPLETED,32420.0,514.6,0.56,31.32
201,medium,13,09:13:54,09:13:58,09:15:49,COMPLETED,27209.0,1845.9,4.89,115.52
90,medium,13,08:33:57,08:33:59,09:16:08,COMPLETED,31649.0,42149.2,2.20,2531.03
234,easy,11,09:16:04,09:16:08,09:16:14,COMPLETED,23214.0,107.5,4.03,10.28
196,easy,11,09:18:04,09:18:06,09:18:12,COMPLETED,31590.0,108.8,2.11,8.47
168,medium,13,09:16:07,09:16:08,09:19:07,COMPLETED,27623.0,3001.1,1.03,180.96
11,hard,15,08:40:15,08:40:18,09:19:14,COMPLETED,34025.0,38920.6,3.83,2339.18
187,easy,12,09:19:02,09:19:07,09:19:38,COMPLETED,26234.0,517.4,5.96,36.83
164,easy,12,09:19:51,09:19:51,09:20:03,COMPLETED,26705.0,209.4,0.19,12.62
274,easy,11,09:19:54,09:19:57,09:20:09,COMPLETED,29321.0,208.8,3.39,15.78
204,easy,11,09:20:15,09:20:15,09:20:28,COMPLETED,26984.0,208.8,0.95,13.29
182,easy,11,09:20:56,09:20:59,09:21:11,COMPLETED,26397.0,209.0,3.27,15.64
229,easy,12,09:20:40,09:20:40,09:21:17,COMPLETED,22789.0,622.1,0.65,37.83
251,easy,12,09:20:41,09:20:46,09:21:24,COMPLETED,31494.0,621.6,5.85,43.01
73,medium,14,08:26:04,08:26:07,09:21:30,COMPLETED,42311.0,55378.0,3.53,3326.18
95,hard,15,08:21:05,08:21:09,09:22:19,COMPLETED,29728.0,61167.4,4.67,3674.69
290,easy,11,09:21:36,09:21:36,09:22:38,COMPLETED,35876.0,1032.9,0.35,62.24
191,easy,11,09:22:26,09:22:32,09:22:38,COMPLETED,34118.0,106.2,6.04,12.24
155,medium,13,09:18:29,09:18:30,09:22:44,COMPLETED,34186.0,4226.4,1.97,255.43
153,easy,11,09:22:56,09:22:56,09:23:09,COMPLETED,24415.0,210.3,0.74,13.15
236,easy,11,09:22:57,09:23:02,09:23:09,COMPLETED,26412.0,107.3,5.94,12.15
200,medium,13,09:21:59,09:22:01,09:23:15,COMPLETED,23873.0,1241.8,2.09,76.41
262,easy,11,09:23:10,09:23:15,09:23:21,COMPLETED,19277.0,106.8,5.41,11.63
284,medium,13,09:22:07,09:22:07,09:23:27,COMPLETED,27546.0,1345.1,0.28,80.85
227,easy,11,09:23:16,09:23:21,09:23:27,COMPLETED,21192.0,106.3,5.63,11.85
56,medium,14,08:54:10,08:54:16,09:23:34,COMPLETED,33412.0,29300.8,6.04,1764.03
269,easy,12,09:23:36,09:23:40,09:24:11,COMPLETED,28280.0,520.8,4.20,35.31
60,hard,15,08:05:39,08:05:44,09:24:29,COMPLETED,36923.0,78749.1,5.83,4730.77
254,medium,13,09:10:35,09:10:35,09:24:35,COMPLETED,36044.0,14006.6,0.66,840.92
192,easy,12,09:23:50,09:23:52,09:24:48,COMPLETED,33971.0,931.2,2.53,58.28
242,easy,11,09:24:32,09:24:35,09:24:48,COMPLETED,29609.0,208.4,3.92,16.28
175,medium,14,09:21:34,09:21:36,09:25:06,COMPLETED,38143.0,3509.3,2.35,212.80
237,medium,14,09:23:08,09:23:09,09:25:19,COMPLETED,27792.0,2167.6,1.15,131.07
209,hard,15,09:18:04,09:18:06,09:25:43,COMPLETED,34274.0,7625.9,2.11,459.60
208,easy,12,09:25:54,09:25:55,09:26:08,COMPLETED,30026.0,209.8,1.88,14.37
223,easy,11,09:26:37,09:26:38,09:26:51,COMPLETED,23583.0,207.4,1.96,14.30
180,easy,12,09:26:43,09:26:45,09:26:57,COMPLETED,23368.0,208.5,2.13,14.44
59,medium,14,08:56:09,08:56:13,09:27:09,COMPLETED,33672.0,30938.2,4.70,1860.89
195,medium,14,09:17:19,09:17:22,09:27:34,COMPLETED,34525.0,10208.8,3.39,615.66
282,medium,13,09:27:03,09:27:03,09:27:59,COMPLETED,22087.0,933.3,0.68,56.61
288,easy,11,09:29:57,09:29:57,09:30:03,COMPLETED,24628.0,106.7,0.06,6.26
214,easy,11,09:30:05,09:30:09,09:30:15,COMPLETED,27456.0,104.9,4.49,10.67
167,medium,14,09:27:01,09:27:03,09:30:21,COMPLETED,34775.0,3305.1,2.68,200.81
275,easy,11,09:30:47,09:30:52,09:30:58,COMPLETED,26836.0,105.0,5.56,11.74
206,easy,11,09:31:03,09:31:04,09:31:11,COMPLETED,21887.0,105.3,1.88,8.06
202,easy,11,09:31:43,09:31:47,09:32:06,COMPLETED,28852.0,310.6,4.99,23.48
257,easy,12,09:32:43,09:32:43,09:33:01,COMPLETED,23079.0,311.5,0.43,18.97
261,easy,12,09:33:17,09:33:20,09:33:57,COMPLETED,30033.0,619.5,3.51,40.55
199,easy,11,09:34:32,09:34:34,09:34:46,COMPLETED,24359.0,210.7,2.43,14.85
166,medium,14,09:33:06,09:33:08,09:35:05,COMPLETED,28320.0,1960.9,2.14,119.58
179,hard,15,09:30:20,09:30:21,09:35:36,COMPLETED,27286.0,5251.8,1.81,316.71
170,medium,14,09:31:19,09:31:23,09:36:07,COMPLETED,24630.0,4745.4,4.35,288.88
126,hard,15,08:13:31,08:13:32,09:37:03,COMPLETED,36643.0,83514.3,1.94,5012.79
253,medium,13,09:33:43,09:33:45,09:37:16,COMPLETED,25334.0,3520.0,2.18,213.18
174,medium,13,09:34:39,09:34:40,09:37:47,COMPLETED,33076.0,3119.4,1.64,188.61
247,medium,14,09:35:16,09:35:18,09:38:37,COMPLETED,30660.0,3328.4,2.10,201.69
233,medium,13,09:31:36,09:31:41,09:38:56,COMPLETED,30087.0,7248.4,5.81,440.48
213,easy,11,09:38:49,09:38:50,09:38:56,COMPLETED,24530.0,112.7,1.04,7.48
292,easy,12,09:37:36,09:37:41,09:39:15,COMPLETED,28381.0,1569.6,5.24,99.22
189,easy,11,09:40:02,09:40:05,09:40:17,COMPLETED,30066.0,209.8,3.11,15.51
241,easy,11,09:40:42,09:40:42,09:40:48,COMPLETED,26315.0,109.6,0.38,6.61
235,easy,11,09:40:44,09:40:48,09:40:55,COMPLETED,21595.0,109.6,4.61,11.02
225,easy,11,09:41:49,09:41:50,09:41:57,COMPLETED,22963.0,106.8,1.78,8.02
270,easy,12,09:41:00,09:41:01,09:42:09,COMPLETED,30260.0,1138.4,1.22,69.38
169,easy,11,09:42:35,09:42:40,09:42:46,COMPLETED,26821.0,105.9,5.20,11.40
276,easy,11,09:43:13,09:43:17,09:43:29,COMPLETED,26486.0,209.2,4.18,16.55
244,easy,12,09:41:07,09:41:07,09:44:25,COMPLETED,37388.0,3298.9,0.43,198.23
293,easy,11,09:44:07,09:44:12,09:44:25,COMPLETED,25377.0,209.0,5.86,18.23
299,medium,14,09:35:50,09:35:55,09:45:14,COMPLETED,32746.0,9321.3,5.45,564.58
240,easy,12,09:45:19,09:45:20,09:46:16,COMPLETED,25700.0,939.1,1.80,57.84
177,medium,13,09:45:12,09:45:14,09:46:42,COMPLETED,33117.0,1463.4,2.58,90.10
224,easy,12,09:46:27,09:46:29,09:46:54,COMPLETED,22838.0,423.9,2.54,27.75
218,medium,13,09:45:42,09:45:45,09:47:01,COMPLETED,22849.0,1259.2,3.64,79.04
259,medium,14,09:43:43,09:43:48,09:48:03,COMPLETED,29050.0,4264.1,5.16,260.82
289,hard,15,09:43:40,09:43:41,09:48:41,COMPLETED,29227.0,4998.6,1.92,301.69
156,hard,15,09:13:44,09:13:46,09:48:54,COMPLETED,35715.0,35131.6,2.59,2110.34
280,easy,12,09:48:25,09:48:28,09:48:54,COMPLETED,28522.0,428.8,3.94,29.34
184,medium,13,09:45:39,09:45:39,09:49:19,COMPLETED,32896.0,3674.3,0.43,220.53
183,easy,11,09:50:06,09:50:10,09:50:16,COMPLETED,27694.0,107.9,4.20,10.48
265,medium,14,09:46:53,09:46:54,09:50:48,COMPLETED,35733.0,3894.2,1.75,235.21
248,easy,11,09:50:17,09:50:22,09:50:54,COMPLETED,27540.0,534.9,5.70,37.49
250,easy,12,09:50:26,09:50:29,09:51:26,COMPLETED,23680.0,953.7,3.11,60.01
291,easy,11,09:53:10,09:53:12,09:53:25,COMPLETED,21942.0,212.6,2.54,15.06
152,easy,12,09:52:49,09:52:53,09:53:31,COMPLETED,27417.0,629.0,4.81,42.33
188,medium,14,09:50:42,09:50:48,09:53:49,COMPLETED,36949.0,3032.5,6.21,187.97
40,hard,15,08:44:46,08:44:50,09:54:08,COMPLETED,32082.0,69306.0,4.41,4162.62
197,easy,12,09:54:04,09:54:08,09:54:27,COMPLETED,23546.0,316.9,4.62,23.42
231,easy,11,09:54:07,09:54:08,09:54:27,COMPLETED,24151.0,316.0,1.62,20.42
278,medium,14,09:38:41,09:38:43,09:54:46,COMPLETED,24962.0,16040.1,2.85,965.14
283,easy,11,09:55:03,09:55:04,09:55:17,COMPLETED,27251.0,211.3,1.75,14.29
85,hard,15,08:58:11,08:58:11,09:55:35,COMPLETED,27733.0,57406.3,0.54,3444.91
210,medium,13,09:49:15,09:49:19,09:56:25,COMPLETED,26848.0,7104.8,4.53,430.62
273,easy,11,09:56:17,09:56:19,09:56:31,COMPLETED,29839.0,211.8,2.37,14.89
194,easy,12,09:56:32,09:56:38,09:56:44,COMPLETED,24317.0,108.2,6.11,12.42
249,medium,13,09:48:28,09:48:28,09:56:56,COMPLETED,29580.0,8466.7,0.94,508.84
172,medium,13,09:48:29,09:48:35,09:57:28,COMPLETED,29909.0,8890.3,6.46,539.52
178,easy,11,09:57:11,09:57:15,09:57:35,COMPLETED,26654.0,324.8,4.74,24.01
186,easy,12,09:57:23,09:57:28,09:58:19,COMPLETED,22657.0,847.2,5.52,56.11
296,medium,13,09:57:45,09:57:47,09:59:22,COMPLETED,30348.0,1588.1,2.47,97.26
239,easy,11,09:59:46,09:59:48,10:00:13,COMPLETED,30958.0,426.7,2.12,27.50
203,hard,15,09:09:07,09:09:09,10:00:45,COMPLETED,24531.0,51599.6,2.57,3098.42
446,easy,12,10:00:43,10:00:45,10:01:17,COMPLETED,31018.0,536.3,2.42,34.19
386,easy,11,10:00:33,10:00:38,10:01:36,COMPLETED,35403.0,964.4,5.87,63.36
379,easy,11,10:01:18,10:01:23,10:01:42,COMPLETED,28793.0,325.8,5.63,24.80
171,medium,13,09:59:03,09:59:03,10:01:49,COMPLETED,30683.0,2771.8,0.11,166.23
154,medium,13,09:58:29,09:58:31,10:01:55,COMPLETED,26138.0,3400.4,2.73,206.48
158,hard,15,09:27:30,09:27:34,10:02:01,COMPLETED,36720.0,34454.8,4.66,2071.82
181,medium,13,09:54:07,09:54:08,10:02:01,COMPLETED,33285.0,7890.9,1.62,474.82
360,medium,13,10:00:22,10:00:26,10:02:01,COMPLETED,31786.0,1603.7,4.02,99.82
252,easy,12,09:59:30,09:59:35,10:02:08,COMPLETED,36549.0,2556.1,5.25,158.28
428,easy,12,10:02:40,10:02:46,10:03:24,COMPLETED,29081.0,636.2,6.16,44.13
49,hard,15,08:53:41,08:53:44,10:03:49,COMPLETED,28099.0,70071.2,3.80,4208.03
279,medium,13,09:40:21,09:40:23,10:04:01,COMPLETED,41496.0,23631.4,2.72,1420.45
286,medium,14,09:56:32,09:56:38,10:04:20,COMPLETED,31026.0,7702.4,6.11,468.14
421,medium,13,10:02:58,10:02:58,10:04:32,COMPLETED,33851.0,1564.0,0.93,94.59
144,hard,15,08:06:53,08:06:57,10:04:45,COMPLETED,28626.0,117791.6,4.52,7072.01
277,medium,14,09:49:54,09:49:57,10:04:45,COMPLETED,33632.0,14794.5,3.48,891.01
151,medium,13,09:47:06,09:47:07,10:04:57,COMPLETED,32014.0,17837.8,1.23,1071.42
303,easy,12,10:05:59,10:05:59,10:06:11,COMPLETED,23334.0,209.9,0.24,12.67
246,hard,15,09:13:10,09:13:15,10:06:24,COMPLETED,27575.0,53138.4,5.87,3194.13
409,easy,11,10:06:39,10:06:42,10:07:01,COMPLETED,29639.0,314.2,3.69,22.34
338,easy,11,10:10:07,10:10:08,10:10:14,COMPLETED,22159.0,110.3,1.52,7.83
308,easy,12,10:09:58,10:10:02,10:11:24,COMPLETED,29712.0,1372.3,4.10,86.11
352,easy,11,10:11:29,10:11:30,10:11:36,COMPLETED,28232.0,115.1,1.52,7.95
300,easy,12,10:11:15,10:11:17,10:11:43,COMPLETED,15556.0,434.1,2.64,28.48
448,easy,11,10:11:35,10:11:36,10:11:43,COMPLETED,30488.0,112.6,1.95,8.48
354,easy,11,10:12:13,10:12:14,10:12:21,COMPLETED,19366.0,113.0,1.69,8.08
441,easy,12,10:13:18,10:13:24,10:13:30,COMPLETED,33650.0,109.4,6.02,12.30
327,easy,12,10:13:24,10:13:24,10:13:49,COMPLETED,24809.0,423.0,0.02,25.14
447,easy,12,10:13:57,10:14:01,10:14:20,COMPLETED,24109.0,318.4,4.77,23.67
328,easy,11,10:14:21,10:14:26,10:14:33,COMPLETED,25496.0,107.1,5.91,12.15
220,hard,15,09:51:54,09:51:57,10:14:51,COMPLETED,30492.0,22906.4,3.50,1377.76
281,medium,14,09:59:16,09:59:22,10:15:16,COMPLETED,30344.0,15907.7,6.26,960.53
439,medium,13,10:15:13,10:15:16,10:15:47,COMPLETED,28366.0,520.7,3.53,34.58
420,easy,12,10:16:29,10:16:30,10:16:55,COMPLETED,29177.0,417.0,1.91,26.75
190,hard,15,09:56:33,09:56:38,10:17:01,COMPLETED,32196.0,20398.4,5.11,1228.95
415,medium,13,10:16:03,10:16:06,10:17:01,COMPLETED,29125.0,933.2,3.15,58.95
356,hard,15,10:04:01,10:04:01,10:17:20,COMPLETED,32746.0,13321.8,0.45,799.55
435,easy,11,10:17:09,10:17:14,10:17:32,COMPLETED,25129.0,314.5,5.33,23.98
339,easy,11,10:17:28,10:17:32,10:17:39,COMPLETED,27203.0,108.2,4.98,11.23
369,easy,12,10:17:33,10:17:39,10:18:04,COMPLETED,30121.0,416.4,6.23,31.09
306,easy,11,10:18:12,10:18:16,10:18:28,COMPLETED,33052.0,210.4,4.46,16.91
419,medium,14,10:12:20,10:12:21,10:18:35,COMPLETED,31944.0,6236.3,1.08,375.10
423,easy,11,10:20:30,10:20:33,10:20:51,COMPLETED,28907.0,313.3,3.01,21.64
193,medium,14,09:44:31,09:44:31,10:20:57,COMPLETED,30875.0,36443.4,0.42,2186.84
323,easy,11,10:20:54,10:20:57,10:21:04,COMPLETED,22078.0,107.0,3.84,10.13
315,medium,13,10:17:20,10:17:20,10:21:35,COMPLETED,32385.0,4243.6,0.55,255.02
411,easy,12,10:20:52,10:20:57,10:21:41,COMPLETED,25851.0,725.6,5.84,49.21
336,medium,13,10:17:33,10:17:39,10:22:05,COMPLETED,30381.0,4449.0,6.23,272.99
163,medium,14,09:55:00,09:55:04,10:23:14,COMPLETED,39296.0,28156.6,4.75,1694.04
348,medium,13,10:23:02,10:23:07,10:24:15,COMPLETED,29491.0,1139.5,5.82,73.93
433,easy,11,10:24:15,10:24:15,10:24:22,COMPLETED,25860.0,108.0,0.93,7.23
232,hard,15,09:39:16,09:39:21,10:24:53,COMPLETED,37664.0,45531.9,5.48,2737.25
353,easy,11,10:24:53,10:24:53,10:25:05,COMPLETED,27659.0,210.9,0.25,12.72
324,easy,12,10:22:59,10:23:01,10:26:01,COMPLETED,32406.0,2998.4,2.60,182.35
329,medium,13,10:24:43,10:24:46,10:26:38,COMPLETED,31090.0,1861.5,3.99,115.47
390,medium,13,10:26:36,10:26:38,10:27:03,COMPLETED,23771.0,422.0,2.47,27.57
412,easy,12,10:26:29,10:26:32,10:27:16,COMPLETED,31829.0,732.9,3.25,47.01
312,easy,12,10:26:53,10:26:57,10:27:22,COMPLETED,30627.0,421.2,4.17,29.26
445,easy,12,10:27:02,10:27:03,10:27:34,COMPLETED,25621.0,523.3,1.57,32.77
430,easy,12,10:27:11,10:27:16,10:28:55,COMPLETED,29122.0,1655.4,5.01,104.11
368,easy,11,10:28:55,10:28:55,10:29:01,COMPLETED,26516.0,106.9,0.11,6.36
358,medium,14,10:06:12,10:06:17,10:29:19,COMPLETED,29845.0,23037.0,5.86,1387.92
333,easy,12,10:21:45,10:21:47,10:29:32,COMPLETED,29303.0,7751.5,2.40,467.35
198,hard,15,09:46:27,09:46:29,10:29:50,COMPLETED,34025.0,43357.0,2.54,2603.86
380,easy,11,10:30:19,10:30:21,10:30:34,COMPLETED,27540.0,210.8,2.79,15.28
364,easy,12,10:30:13,10:30:15,10:30:46,COMPLETED,31760.0,522.4,2.53,33.66
127,hard,15,08:04:09,08:04:14,10:31:05,COMPLETED,26252.0,146854.3,5.11,8816.31
392,easy,12,10:30:28,10:30:28,10:31:05,COMPLETED,31084.0,624.6,0.00,37.31
418,easy,11,10:31:00,10:31:05,10:31:17,COMPLETED,23337.0,209.6,5.31,17.76
221,hard,15,09:59:12,09:59:15,10:31:30,COMPLETED,37510.0,32238.1,4.00,1938.13
389,easy,12,10:30:42,10:30:46,10:31:30,COMPLETED,20432.0,727.9,4.66,48.13
395,easy,12,10:32:37,10:32:38,10:32:57,COMPLETED,28950.0,324.0,1.32,20.48
355,easy,12,10:30:25,10:30:28,10:33:35,COMPLETED,27996.0,3124.8,3.00,190.27
341,easy,11,10:33:28,10:33:28,10:33:35,COMPLETED,27975.0,111.9,0.86,7.27
404,medium,13,10:32:38,10:32:38,10:33:47,COMPLETED,31443.0,1162.7,0.32,69.91
331,easy,12,10:33:06,10:33:10,10:34:00,COMPLETED,28491.0,844.8,4.04,54.44
318,easy,11,10:34:04,10:34:06,10:34:25,COMPLETED,25041.0,319.0,2.77,21.75
326,medium,14,10:23:40,10:23:44,10:35:03,COMPLETED,29254.0,11308.0,4.95,683.28
301,medium,14,10:29:24,10:29:26,10:35:15,COMPLETED,30230.0,5831.3,2.13,351.78
157,medium,14,09:59:17,09:59:22,10:35:34,COMPLETED,30825.0,36208.1,5.26,2177.64
330,easy,12,10:30:27,10:30:28,10:35:53,COMPLETED,40367.0,5428.3,1.00,326.51
309,hard,15,10:24:00,10:24:03,10:36:06,COMPLETED,33179.0,12044.9,3.53,726.00
216,hard,15,09:45:19,09:45:20,10:37:52,COMPLETED,31616.0,52534.1,1.80,3153.70
431,easy,12,10:37:14,10:37:14,10:38:05,COMPLETED,26228.0,842.7,0.92,51.31
424,easy,11,10:38:37,10:38:42,10:38:49,COMPLETED,18578.0,106.5,5.95,12.18
313,medium,14,10:31:24,10:31:30,10:39:07,COMPLETED,27528.0,7631.0,6.13,463.78
307,easy,12,10:38:55,10:38:55,10:39:07,COMPLETED,25230.0,211.4,0.37,12.78
372,easy,11,10:39:02,10:39:07,10:39:14,COMPLETED,22456.0,109.4,5.78,12.09
350,easy,11,10:39:12,10:39:14,10:39:20,COMPLETED,29325.0,107.7,2.09,8.38
388,easy,12,10:38:30,10:38:30,10:40:22,COMPLETED,31818.0,1871.0,0.28,112.38
365,easy,11,10:40:34,10:40:34,10:40:41,COMPLETED,28527.0,107.8,0.78,7.02
376,easy,12,10:40:13,10:40:16,10:40:47,COMPLETED,25584.0,522.4,3.10,34.27
317,easy,12,10:40:35,10:40:41,10:40:47,COMPLETED,27583.0,107.4,6.02,12.27
405,easy,12,10:41:12,10:41:12,10:41:55,COMPLETED,27428.0,731.4,0.08,43.75
263,hard,15,09:38:21,09:38:25,10:42:02,COMPLETED,30852.0,63614.7,4.22,3821.01
400,easy,12,10:41:28,10:41:30,10:42:14,COMPLETED,35280.0,730.0,2.81,46.43
387,medium,13,10:40:07,10:40:09,10:42:33,COMPLETED,25564.0,2389.3,2.87,146.06
391,easy,12,10:42:21,10:42:26,10:42:51,COMPLETED,30126.0,417.3,5.83,30.70
268,hard,15,09:55:42,09:55:42,10:43:10,COMPLETED,31757.0,47472.8,0.14,2848.41
403,medium,13,10:41:23,10:41:24,10:43:41,COMPLETED,36710.0,2287.5,1.55,138.64
382,medium,13,10:43:02,10:43:04,10:44:32,COMPLETED,22913.0,1470.3,2.14,90.09
406,easy,11,10:44:11,10:44:12,10:44:51,COMPLETED,31516.0,637.9,1.99,40.02
332,medium,13,10:41:44,10:41:49,10:45:03,COMPLETED,27830.0,3238.7,5.48,199.62
425,easy,12,10:45:38,10:45:41,10:45:47,COMPLETED,27857.0,114.1,3.34,9.87
335,easy,12,10:45:39,10:45:41,10:45:54,COMPLETED,23926.0,219.6,2.34,15.26
374,easy,12,10:45:40,10:45:41,10:46:00,COMPLETED,26233.0,323.9,1.34,20.64
366,easy,12,10:45:40,10:45:41,10:46:07,COMPLETED,28141.0,432.3,1.34,27.00
363,easy,11,10:46:05,10:46:07,10:46:13,COMPLETED,22957.0,111.6,2.00,8.47
362,easy,11,10:45:40,10:45:41,10:46:26,COMPLETED,25411.0,747.7,1.34,46.07
304,medium,14,10:44:45,10:44:51,10:46:32,COMPLETED,25353.0,1691.6,6.02,107.33
432,medium,13,10:32:26,10:32:32,10:47:54,COMPLETED,34075.0,15383.5,6.01,928.39
370,easy,11,10:47:51,10:47:54,10:48:07,COMPLETED,24559.0,220.6,3.39,16.53
321,easy,11,10:49:05,10:49:10,10:49:17,COMPLETED,25600.0,115.3,5.59,12.12
410,easy,12,10:47:54,10:47:54,10:49:29,COMPLETED,30394.0,1591.1,0.39,95.83
359,easy,12,10:49:21,10:49:23,10:49:36,COMPLETED,19069.0,218.8,2.57,15.21
399,easy,12,10:49:26,10:49:29,10:49:49,COMPLETED,25577.0,327.5,3.83,23.27
394,medium,13,10:49:06,10:49:10,10:50:45,COMPLETED,30151.0,1581.6,4.59,99.29
316,easy,11,10:50:51,10:50:51,10:51:10,COMPLETED,21689.0,316.9,0.62,19.45
417,easy,12,10:50:49,10:50:51,10:51:22,COMPLETED,24691.0,525.9,2.62,33.96
436,medium,14,10:51:34,10:51:35,10:52:57,COMPLETED,32177.0,1365.8,1.44,83.12
381,medium,14,10:36:59,10:37:02,10:53:03,COMPLETED,28449.0,16020.6,3.37,964.43
314,medium,14,10:40:57,10:40:59,10:53:28,COMPLETED,30098.0,12484.6,2.66,751.54
397,easy,12,10:52:28,10:52:32,10:53:28,COMPLETED,32478.0,946.5,4.04,60.54
343,medium,13,10:52:57,10:52:57,10:53:34,COMPLETED,26572.0,633.8,0.12,37.87
310,medium,14,10:47:51,10:47:54,10:54:06,COMPLETED,31653.0,6198.8,3.39,375.15
322,easy,11,10:54:16,10:54:18,10:55:02,COMPLETED,31458.0,746.8,2.63,46.87
434,easy,12,10:54:17,10:54:18,10:55:02,COMPLETED,24807.0,746.7,1.63,45.87
361,easy,11,10:55:02,10:55:02,10:55:09,COMPLETED,30078.0,117.4,0.87,7.57
427,easy,12,10:54:36,10:54:37,10:55:28,COMPLETED,27793.0,862.1,1.57,52.81
351,easy,12,10:55:08,10:55:09,10:55:35,COMPLETED,26063.0,438.1,1.57,27.38
429,easy,12,10:55:29,10:55:35,10:55:48,COMPLETED,22042.0,220.4,6.38,19.36
311,easy,12,10:54:24,10:54:24,10:56:20,COMPLETED,20363.0,1929.4,0.95,116.36
325,medium,13,10:53:24,10:53:28,10:56:33,COMPLETED,25898.0,3081.9,4.54,189.06
287,hard,15,09:56:53,09:56:56,10:56:39,COMPLETED,33332.0,59714.7,3.84,3586.55
393,easy,11,10:57:35,10:57:37,10:57:43,COMPLETED,22156.0,115.3,2.46,8.94
437,easy,11,10:58:27,10:58:28,10:58:41,COMPLETED,23114.0,226.5,1.68,14.81
396,medium,13,10:55:02,10:55:02,11:00:11,COMPLETED,31674.0,5151.0,0.87,309.64
346,easy,12,10:58:42,10:58:48,11:00:24,COMPLETED,28598.0,1612.2,6.32,102.63
320,medium,13,10:57:25,10:57:30,11:00:50,COMPLETED,27891.0,3333.1,5.85,205.40
422,easy,12,10:59:47,10:59:52,11:01:16,COMPLETED,32725.0,1401.9,5.19,89.05
426,easy,12,10:59:54,10:59:58,11:01:22,COMPLETED,26627.0,1396.5,4.84,88.36
546,easy,12,11:00:41,11:00:43,11:01:34,COMPLETED,27732.0,857.9,2.82,53.95
599,easy,11,11:00:52,11:00:56,11:01:47,COMPLETED,36219.0,850.2,4.93,55.66
340,medium,14,10:54:27,10:54:31,11:02:06,COMPLETED,27189.0,7591.9,4.27,459.56
373,hard,15,10:32:16,10:32:19,11:02:19,COMPLETED,29229.0,29995.2,3.59,1803.14
258,hard,15,09:19:38,09:19:38,11:02:31,COMPLETED,34505.0,102883.9,0.83,6173.76
591,easy,11,11:03:18,11:03:22,11:03:41,COMPLETED,27013.0,319.9,4.20,23.11
495,medium,13,11:01:29,11:01:34,11:04:06,COMPLETED,30559.0,2528.5,5.95,157.41
302,medium,14,10:54:50,10:54:50,11:04:37,COMPLETED,30547.0,9801.9,0.13,587.99
452,easy,12,11:03:59,11:04:00,11:04:44,COMPLETED,27534.0,742.7,1.07,45.36
457,easy,12,11:03:50,11:03:53,11:04:56,COMPLETED,21956.0,1059.6,3.70,67.00
463,easy,12,11:04:45,11:04:50,11:05:34,COMPLETED,29846.0,740.6,5.66,49.82
564,medium,13,11:03:52,11:03:53,11:05:47,COMPLETED,26860.0,1898.7,1.70,115.40
398,medium,14,10:50:41,10:50:45,11:06:31,COMPLETED,28417.0,15782.2,4.29,950.92
501,easy,11,11:06:13,11:06:19,11:06:31,COMPLETED,33364.0,220.3,6.18,18.92
476,easy,11,11:06:18,11:06:19,11:06:44,COMPLETED,25383.0,435.3,1.18,26.92
511,medium,13,11:02:55,11:02:56,11:07:10,COMPLETED,28071.0,4233.1,1.98,255.54
556,easy,12,11:06:15,11:06:19,11:07:36,COMPLETED,31004.0,1289.5,4.18,81.17
518,easy,11,11:08:00,11:08:01,11:08:14,COMPLETED,28984.0,225.3,1.95,14.98
597,easy,12,11:08:08,11:08:08,11:08:14,COMPLETED,25679.0,119.0,0.28,6.98
493,easy,11,11:08:02,11:08:08,11:08:28,COMPLETED,22829.0,336.5,6.28,26.01
503,easy,11,11:08:45,11:08:47,11:09:00,COMPLETED,23479.0,227.5,2.29,15.65
217,hard,15,09:48:47,09:48:47,11:09:32,COMPLETED,26703.0,80751.1,0.90,4845.87
345,medium,14,10:55:55,10:56:01,11:09:52,COMPLETED,30669.0,13856.1,6.08,837.02
540,medium,14,11:01:05,11:01:09,11:10:37,COMPLETED,32118.0,9464.2,4.72,572.22
443,medium,13,10:43:13,10:43:16,11:11:03,COMPLETED,34110.0,27777.2,3.62,1670.03
502,easy,12,11:09:49,11:09:52,11:11:03,COMPLETED,25684.0,1191.6,3.02,74.03
367,medium,14,10:55:31,10:55:35,11:12:00,COMPLETED,39093.0,16421.8,4.38,989.45
449,hard,15,10:32:03,10:32:07,11:12:51,COMPLETED,36283.0,40732.7,4.20,2448.05
573,medium,13,11:13:25,11:13:28,11:14:38,COMPLETED,34240.0,1160.4,3.70,73.01
475,medium,13,11:08:30,11:08:34,11:14:50,COMPLETED,28645.0,6273.7,4.51,380.65
535,easy,12,11:13:52,11:13:53,11:14:50,COMPLETED,27358.0,951.3,1.84,58.65
407,hard,15,10:44:36,10:44:38,11:15:03,COMPLETED,36781.0,30416.9,2.46,1827.31
401,hard,15,10:54:21,10:54:24,11:15:47,COMPLETED,36216.0,21382.3,3.95,1286.66
485,easy,11,11:15:07,11:15:09,11:15:47,COMPLETED,34055.0,638.8,2.66,40.66
533,easy,11,11:15:45,11:15:47,11:15:54,COMPLETED,28904.0,110.6,2.66,9.03
552,medium,14,11:01:32,11:01:34,11:16:06,COMPLETED,34315.0,14530.3,2.95,874.60
581,medium,13,11:07:40,11:07:42,11:16:12,COMPLETED,26940.0,8508.0,2.63,512.90
243,hard,15,09:10:02,09:10:04,11:16:38,COMPLETED,34713.0,126555.1,2.84,7596.10
451,medium,13,11:15:39,11:15:41,11:19:04,COMPLETED,33814.0,3391.8,2.33,205.41
595,easy,11,11:19:22,11:19:23,11:19:30,COMPLETED,25959.0,115.1,1.59,8.06
161,hard,15,09:04:00,09:04:00,11:19:49,COMPLETED,32893.0,135811.0,0.64,8149.23
349,hard,15,10:43:30,10:43:35,11:19:49,COMPLETED,32915.0,36235.8,5.33,2179.23
594,medium,13,11:18:36,11:18:38,11:20:02,COMPLETED,30685.0,1396.6,2.73,86.12
544,easy,11,11:20:32,11:20:34,11:20:47,COMPLETED,21971.0,223.5,2.26,15.23
568,easy,11,11:21:43,11:21:45,11:21:57,COMPLETED,27945.0,223.1,2.04,14.88
416,medium,13,10:51:39,10:51:41,11:22:23,COMPLETED,37226.0,30704.1,2.73,1844.74
534,easy,12,11:20:41,11:20:47,11:22:49,COMPLETED,34513.0,2047.5,6.23,128.66
509,easy,11,11:22:50,11:22:56,11:23:02,COMPLETED,24568.0,117.6,6.15,12.52
494,easy,11,11:22:58,11:23:02,11:23:09,COMPLETED,30221.0,118.6,4.52,11.27
565,easy,11,11:23:00,11:23:02,11:23:47,COMPLETED,25175.0,753.8,2.52,47.63
474,hard,15,11:18:01,11:18:06,11:24:06,COMPLETED,34070.0,6001.0,5.78,365.57
563,medium,14,11:02:26,11:02:31,11:24:31,COMPLETED,38658.0,22003.3,5.76,1325.76
487,easy,12,11:22:57,11:23:02,11:24:38,COMPLETED,28559.0,1597.4,5.52,101.07
334,hard,15,10:43:02,10:43:04,11:24:44,COMPLETED,30862.0,41673.8,2.14,2502.42
528,easy,11,11:23:50,11:23:53,11:24:50,COMPLETED,28943.0,951.1,3.94,60.74
554,medium,13,11:13:51,11:13:53,11:26:12,COMPLETED,25502.0,12315.6,2.84,741.60
516,medium,14,11:14:49,11:14:50,11:27:22,COMPLETED,30075.0,12526.5,1.65,753.02
455,easy,12,11:26:18,11:26:18,11:27:28,COMPLETED,27279.0,1161.5,0.88,70.32
577,easy,12,11:26:35,11:26:37,11:27:28,COMPLETED,24008.0,844.9,2.90,53.32
442,hard,15,10:48:25,10:48:26,11:27:59,COMPLETED,31192.0,39562.7,1.21,2374.84
548,easy,12,11:27:32,11:27:34,11:28:18,COMPLETED,23153.0,742.0,2.61,46.87
515,easy,11,11:28:01,11:28:06,11:28:18,COMPLETED,26445.0,217.1,5.14,17.87
585,easy,12,11:28:08,11:28:12,11:28:18,COMPLETED,24450.0,111.8,4.47,10.87
479,medium,14,11:02:15,11:02:19,11:28:50,COMPLETED,29844.0,26526.5,4.14,1595.48
586,easy,12,11:28:24,11:28:25,11:29:09,COMPLETED,29813.0,743.1,1.20,45.50
589,easy,12,11:27:34,11:27:34,11:29:28,COMPLETED,30381.0,1903.1,0.61,114.53
464,easy,11,11:29:53,11:29:53,11:30:00,COMPLETED,28141.0,110.4,0.74,7.09
598,easy,12,11:30:04,11:30:06,11:30:19,COMPLETED,30534.0,216.5,2.39,15.09
590,medium,14,11:21:23,11:21:25,11:30:57,COMPLETED,29939.0,9528.6,2.54,574.03
497,easy,11,11:30:50,11:30:50,11:30:57,COMPLETED,24933.0,111.1,0.67,7.03
512,easy,11,11:31:19,11:31:22,11:31:41,COMPLETED,29168.0,320.1,3.23,22.16
467,medium,14,11:30:09,11:30:12,11:31:47,COMPLETED,25060.0,1583.9,3.73,98.47
438,hard,15,10:56:44,10:56:46,11:32:12,COMPLETED,28646.0,35446.7,2.01,2128.64
522,medium,13,11:29:20,11:29:22,11:32:18,COMPLETED,26946.0,2952.1,2.15,178.96
285,hard,15,09:49:44,09:49:44,11:32:56,COMPLETED,36491.0,103203.0,0.76,6192.87
551,medium,14,11:30:25,11:30:25,11:33:40,COMPLETED,34065.0,3262.6,0.41,195.87
295,hard,15,09:20:41,09:20:46,11:33:47,COMPLETED,36869.0,133005.7,5.85,7986.21
486,hard,15,11:20:08,11:20:08,11:34:12,COMPLETED,29879.0,14067.2,0.56,844.40
529,easy,12,11:32:17,11:32:18,11:34:12,COMPLETED,32379.0,1895.3,1.96,115.40
532,easy,12,11:32:50,11:32:50,11:34:12,COMPLETED,28296.0,1369.9,0.50,82.40
531,easy,11,11:34:30,11:34:31,11:34:43,COMPLETED,34779.0,216.5,1.24,13.94
562,easy,11,11:34:40,11:34:43,11:34:50,COMPLETED,26958.0,110.3,3.94,10.32
484,easy,12,11:35:07,11:35:09,11:35:21,COMPLETED,32622.0,215.7,2.17,14.81
550,easy,11,11:35:12,11:35:15,11:35:28,COMPLETED,28332.0,218.2,3.49,16.14
526,medium,14,11:21:27,11:21:32,11:35:41,COMPLETED,30246.0,14158.1,5.05,854.19
510,medium,14,11:08:46,11:08:47,11:35:47,COMPLETED,26391.0,27005.5,1.29,1621.69
527,easy,11,11:35:30,11:35:34,11:35:47,COMPLETED,28395.0,222.4,4.62,17.69
488,medium,14,11:12:16,11:12:19,11:36:13,COMPLETED,31807.0,23900.7,3.61,1437.46
491,easy,12,11:36:00,11:36:00,11:36:13,COMPLETED,33692.0,220.4,0.51,13.46
514,medium,14,11:28:35,11:28:37,11:36:32,COMPLETED,25083.0,7911.8,2.82,477.28
561,easy,11,11:36:35,11:36:38,11:36:44,COMPLETED,30476.0,110.0,3.60,9.90
371,hard,15,10:49:34,10:49:36,11:37:22,COMPLETED,29223.0,47775.5,2.21,2868.57
588,easy,12,11:37:56,11:38:00,11:38:13,COMPLETED,22112.0,215.5,4.45,17.04
496,easy,11,11:38:11,11:38:13,11:38:32,COMPLETED,31959.0,321.3,2.04,21.01
468,medium,13,11:32:25,11:32:25,11:38:38,COMPLETED,27410.0,6221.8,0.32,373.35
480,medium,13,11:34:26,11:34:31,11:38:51,COMPLETED,25315.0,4334.7,5.24,265.01
545,easy,11,11:38:47,11:38:51,11:39:10,COMPLETED,24288.0,323.0,4.01,23.02
465,medium,13,11:37:28,11:37:28,11:40:13,COMPLETED,28981.0,2741.4,0.90,165.10
481,easy,11,11:39:07,11:39:10,11:40:13,COMPLETED,33716.0,1055.6,3.02,66.10
537,easy,11,11:40:11,11:40:13,11:40:19,COMPLETED,24929.0,110.6,2.10,8.45
520,easy,12,11:40:41,11:40:44,11:41:28,COMPLETED,26869.0,741.5,3.63,47.84
459,easy,12,11:37:38,11:37:41,11:41:41,COMPLETED,32756.0,4003.0,3.46,243.43
519,medium,14,11:24:56,11:24:57,11:42:06,COMPLETED,30641.0,17170.0,1.04,1030.90
498,easy,11,11:42:09,11:42:13,11:42:39,COMPLETED,26981.0,436.0,4.39,30.15
508,medium,14,11:15:15,11:15:16,11:43:36,COMPLETED,26122.0,28353.7,1.04,1701.78
560,easy,11,11:43:31,11:43:36,11:43:56,COMPLETED,23540.0,330.4,5.78,25.08
458,easy,11,11:44:38,11:44:40,11:45:25,COMPLETED,36160.0,754.4,2.93,47.91
492,medium,13,11:38:54,11:38:57,11:46:04,COMPLETED,31152.0,7125.2,3.39,430.53
461,easy,11,11:45:47,11:45:51,11:46:30,COMPLETED,26679.0,654.3,4.55,43.33
444,hard,15,10:47:52,10:47:54,11:48:07,COMPLETED,32739.0,60212.5,2.39,3615.21
454,medium,13,11:46:06,11:46:11,11:48:07,COMPLETED,29711.0,1941.6,5.01,121.21
580,hard,15,11:07:52,11:07:55,11:49:10,COMPLETED,28621.0,41252.8,3.62,2478.63
499,medium,13,11:47:18,11:47:22,11:50:07,COMPLETED,30161.0,2762.0,4.07,169.52
504,easy,12,11:48:22,11:49:16,11:50:13,COMPLETED,27924.0,954.0,54.96,111.85
483,easy,11,11:49:27,11:50:13,11:50:20,COMPLETED,17359.0,112.0,46.85,53.23
542,medium,13,11:49:55,11:50:26,11:50:45,COMPLETED,25055.0,321.4,31.60,50.58
462,hard,15,11:34:05,11:34:06,11:50:58,COMPLETED,34545.0,16872.8,1.06,1013.22
413,hard,15,10:46:10,10:46:13,11:51:10,COMPLETED,26580.0,64958.7,3.47,3900.85
500,easy,12,11:44:11,11:44:15,11:51:29,COMPLETED,33230.0,7244.4,4.56,438.92
81,hard,15,08:53:20,08:53:25,11:52:46,COMPLETED,25692.0,179338.4,5.79,10766.06
470,medium,13,11:48:04,11:48:13,11:52:58,COMPLETED,28315.0,4762.0,9.54,294.81
555,medium,13,11:51:31,11:51:36,11:53:05,COMPLETED,29069.0,1495.2,5.30,94.35
582,easy,12,11:52:18,11:52:52,11:53:18,COMPLETED,26260.0,446.9,34.43,60.79
478,easy,11,11:52:27,11:53:12,11:53:25,COMPLETED,24312.0,229.1,45.13,58.28
549,easy,11,11:52:19,11:53:05,11:53:45,COMPLETED,34101.0,672.1,46.35,86.18
517,easy,11,11:53:45,11:53:51,11:53:58,COMPLETED,28028.0,111.3,6.74,13.09
347,medium,14,10:58:32,10:58:35,11:54:10,COMPLETED,34558.0,55600.9,3.26,3338.95
513,easy,11,11:54:05,11:54:10,11:54:36,COMPLETED,32635.0,436.1,5.95,31.62
572,medium,14,11:21:57,11:21:57,11:54:43,COMPLETED,44362.0,32760.8,0.88,1966.17
450,easy,11,11:54:26,11:54:43,11:54:56,COMPLETED,29160.0,227.1,17.17,30.47
536,easy,11,11:54:49,11:54:49,11:55:02,COMPLETED,32927.0,225.3,0.80,13.84
344,hard,15,10:19:45,10:19:49,11:55:35,COMPLETED,34693.0,95765.1,4.45,5750.24
523,medium,14,11:44:47,11:44:47,11:56:52,COMPLETED,29946.0,12094.3,0.48,725.75
477,medium,13,11:51:43,11:51:49,11:56:52,COMPLETED,30669.0,5069.8,6.04,309.75
579,easy,11,11:56:26,11:56:59,11:57:31,COMPLETED,28507.0,543.7,33.33,65.66
489,easy,12,11:56:38,11:56:59,11:57:57,COMPLETED,33248.0,975.3,21.33,79.44
578,medium,14,11:49:35,11:50:20,11:58:10,COMPLETED,31850.0,7843.8,45.23,515.60
557,medium,13,11:56:22,11:56:26,11:58:23,COMPLETED,26743.0,1951.0,4.84,121.43
587,easy,11,11:57:28,11:58:03,11:58:23,COMPLETED,26664.0,332.9,35.98,55.43
456,easy,12,11:56:54,11:57:37,11:58:55,COMPLETED,30657.0,1306.6,43.99,121.74
319,hard,15,10:35:25,10:35:28,11:59:59,COMPLETED,28998.0,84520.0,3.38,5074.49
453,hard,15,11:41:20,11:41:22,12:00:05,COMPLETED,33608.0,18726.7,2.50,1125.83
574,easy,12,11:59:14,11:59:15,12:00:05,COMPLETED,25679.0,850.3,1.18,51.83
593,easy,12,11:59:53,11:59:53,12:00:18,COMPLETED,31468.0,429.1,0.13,25.58
732,easy,12,12:00:02,12:00:12,12:01:28,COMPLETED,27938.0,1270.9,10.23,86.17
628,easy,11,12:00:48,12:01:34,12:01:40,COMPLETED,18685.0,111.3,46.52,52.89
553,easy,12,11:58:54,11:58:55,12:01:47,COMPLETED,28249.0,2862.1,1.74,173.22
643,easy,11,12:01:06,12:01:53,12:01:59,COMPLETED,24442.0,111.0,47.60,53.96
482,hard,15,11:29:11,11:29:15,12:02:06,COMPLETED,34168.0,32844.7,4.82,1975.29
747,easy,11,12:01:01,12:01:47,12:02:12,COMPLETED,31884.0,428.8,46.22,71.66
656,easy,12,12:01:42,12:02:06,12:02:12,COMPLETED,27580.0,111.4,24.29,30.66
571,medium,13,11:58:50,11:58:55,12:02:18,COMPLETED,34088.0,3392.1,5.74,208.99
575,medium,14,11:39:45,11:39:47,12:02:44,COMPLETED,30189.0,22942.6,2.90,1379.24
650,easy,11,12:02:51,12:02:56,12:03:03,COMPLETED,28978.0,111.2,5.86,12.24
646,easy,11,12:03:06,12:03:09,12:03:22,COMPLETED,24489.0,218.8,3.55,16.34
212,hard,15,09:14:52,09:14:54,12:03:47,COMPLETED,29608.0,168892.1,2.19,10135.69
670,easy,11,12:03:16,12:03:22,12:03:54,COMPLETED,27866.0,532.6,6.34,38.00
687,easy,12,12:03:08,12:03:09,12:04:06,COMPLETED,31852.0,958.3,1.55,58.64
342,hard,15,10:39:55,10:39:57,12:04:25,COMPLETED,34839.0,84477.9,2.44,5070.99
473,medium,14,11:54:18,11:54:23,12:04:38,COMPLETED,32365.0,10254.8,5.95,620.84
624,medium,13,12:00:29,12:00:31,12:04:38,COMPLETED,26147.0,4134.8,2.22,249.84
583,medium,13,11:56:09,11:56:13,12:05:04,COMPLETED,30256.0,8856.7,4.75,535.86
632,easy,11,12:05:18,12:05:24,12:05:36,COMPLETED,27974.0,223.0,6.02,18.92
666,easy,12,12:04:59,12:05:04,12:05:43,COMPLETED,33260.0,653.0,5.86,44.44
678,easy,12,12:05:40,12:05:43,12:06:03,COMPLETED,26706.0,331.2,3.44,23.04
460,hard,15,11:34:39,11:34:43,12:07:20,COMPLETED,29057.0,32612.5,4.94,1961.31
705,easy,11,12:06:40,12:06:41,12:07:20,COMPLETED,31237.0,656.1,1.54,40.31
524,medium,14,11:55:10,11:55:15,12:07:33,COMPLETED,26898.0,12299.5,5.87,743.45
663,easy,11,12:07:20,12:07:20,12:07:39,COMPLETED,25494.0,332.4,0.31,19.96
149,hard,15,08:43:30,08:43:30,12:08:05,COMPLETED,30835.0,204590.8,0.35,12275.82
673,medium,13,12:04:30,12:04:32,12:08:05,COMPLETED,32408.0,3563.4,2.48,215.82
717,medium,13,12:07:01,12:07:01,12:08:38,COMPLETED,24752.0,1626.9,0.00,97.16
718,easy,11,12:09:22,12:09:23,12:09:36,COMPLETED,27246.0,224.8,1.44,14.33
700,easy,11,12:10:40,12:10:40,12:10:46,COMPLETED,28182.0,110.9,0.60,6.95
506,hard,15,11:47:18,11:47:22,12:12:02,COMPLETED,31175.0,24679.4,4.07,1484.73
668,easy,11,12:11:38,12:12:09,12:12:15,COMPLETED,24308.0,111.4,31.06,37.44
466,medium,14,11:27:47,11:27:47,12:12:28,COMPLETED,33692.0,44684.0,0.24,2681.12
610,easy,11,12:12:02,12:12:21,12:12:40,COMPLETED,22610.0,323.8,19.76,38.89
692,medium,13,12:08:51,12:08:51,12:12:53,COMPLETED,30452.0,4048.1,0.04,242.62
541,hard,15,11:45:47,11:45:51,12:12:59,COMPLETED,36430.0,27144.0,4.55,1633.00
660,medium,13,12:07:48,12:07:52,12:13:06,COMPLETED,26505.0,5233.6,4.63,318.38
625,easy,11,12:13:27,12:13:31,12:13:56,COMPLETED,28457.0,426.4,4.59,29.86
490,medium,14,11:52:05,11:52:08,12:14:03,COMPLETED,35894.0,21922.5,3.06,1318.20
605,easy,12,12:14:52,12:14:53,12:15:12,COMPLETED,28052.0,321.4,1.74,20.73
602,medium,13,12:08:39,12:08:44,12:15:19,COMPLETED,27789.0,6578.5,5.68,400.05
720,easy,11,12:14:59,12:15:19,12:15:38,COMPLETED,30413.0,326.4,20.05,39.15
538,hard,15,11:39:06,11:39:10,12:15:44,COMPLETED,29400.0,36580.4,4.02,2198.67
685,medium,13,12:00:45,12:00:50,12:15:44,COMPLETED,27616.0,14911.1,5.24,899.67
713,medium,13,12:14:25,12:14:28,12:16:48,COMPLETED,24329.0,2348.7,3.44,143.89
693,medium,13,12:15:51,12:15:57,12:17:01,COMPLETED,32651.0,1084.1,6.33,70.91
651,medium,13,12:11:07,12:11:12,12:17:21,COMPLETED,36953.0,6161.8,5.20,374.59
711,easy,12,12:17:07,12:17:08,12:17:27,COMPLETED,22174.0,331.0,1.42,20.97
671,medium,13,12:04:09,12:04:13,12:18:51,COMPLETED,40927.0,14652.0,4.13,882.90
612,medium,13,12:15:49,12:15:50,12:18:51,COMPLETED,39225.0,3023.2,1.99,182.90
305,medium,14,10:56:47,10:56:52,12:18:58,COMPLETED,40875.0,82103.8,5.32,4931.45
662,easy,11,12:19:13,12:19:17,12:19:56,COMPLETED,26552.0,651.0,4.71,43.49
621,medium,14,12:14:36,12:14:41,12:20:28,COMPLETED,27540.0,5803.3,5.08,352.84
724,medium,13,12:19:01,12:19:04,12:20:54,COMPLETED,29402.0,1833.8,3.75,113.51
653,easy,12,12:21:08,12:21:13,12:21:26,COMPLETED,24044.0,222.4,5.61,18.66
703,easy,11,12:22:35,12:22:36,12:22:55,COMPLETED,26123.0,321.4,1.17,20.16
615,medium,14,12:17:21,12:17:21,12:23:52,COMPLETED,25132.0,6516.1,0.59,391.25
408,hard,15,10:35:26,10:35:28,12:24:24,COMPLETED,31933.0,108927.8,2.38,6538.01
629,easy,12,12:23:37,12:23:58,12:24:24,COMPLETED,28236.0,428.4,21.63,47.01
672,easy,12,12:21:50,12:21:51,12:24:30,COMPLETED,27967.0,2646.4,1.93,160.35
667,easy,11,12:24:40,12:24:43,12:24:55,COMPLETED,24291.0,216.6,3.06,15.76
746,easy,12,12:23:21,12:23:26,12:25:27,COMPLETED,25955.0,2017.7,5.81,126.53
623,medium,13,12:23:41,12:24:30,12:25:52,COMPLETED,33530.0,1381.8,49.35,131.94
596,hard,15,11:47:59,11:48:00,12:25:59,COMPLETED,32032.0,37978.4,1.86,2280.31
636,easy,12,12:25:46,12:25:59,12:26:18,COMPLETED,23796.0,327.3,13.31,32.64
730,medium,13,12:17:14,12:17:14,12:31:33,COMPLETED,35854.0,14316.6,0.99,859.44
665,medium,13,12:25:31,12:25:33,12:32:25,COMPLETED,30288.0,6856.3,2.91,414.00
607,easy,12,12:26:29,12:32:31,12:32:43,COMPLETED,23539.0,216.2,362.34,375.00
701,medium,13,12:20:47,12:20:48,12:33:03,COMPLETED,33107.0,12251.9,1.17,736.02
619,easy,11,12:27:38,12:32:50,12:33:15,COMPLETED,32466.0,427.8,312.34,337.70
521,hard,15,11:28:48,11:28:50,12:33:22,COMPLETED,30526.0,64529.3,2.48,3874.04
739,medium,14,12:04:54,12:04:58,12:33:34,COMPLETED,30232.0,28611.9,4.29,1720.80
649,easy,11,12:29:02,12:33:28,12:33:41,COMPLETED,20036.0,217.5,266.44,279.14
735,easy,12,12:28:58,12:33:22,12:34:00,COMPLETED,28900.0,641.5,264.04,302.22
695,easy,12,12:28:12,12:33:09,12:34:06,COMPLETED,24056.0,960.3,297.34,354.57
298,hard,15,09:28:30,09:28:30,12:34:13,COMPLETED,31884.0,185710.9,0.44,11143.01
385,hard,15,10:49:42,10:49:42,12:34:51,COMPLETED,35102.0,105143.2,0.75,6309.25
674,medium,14,12:10:14,12:10:15,12:34:57,COMPLETED,30497.0,24711.7,1.22,1483.63
677,easy,12,12:29:20,12:33:47,12:35:04,COMPLETED,32654.0,1281.6,267.53,344.03
647,easy,12,12:29:23,12:34:06,12:35:29,COMPLETED,23542.0,1388.5,283.57,366.59
696,easy,11,12:31:55,12:35:10,12:35:48,COMPLETED,33242.0,640.5,195.48,233.61
661,easy,11,12:32:14,12:35:35,12:35:48,COMPLETED,30973.0,216.5,201.94,214.61
414,hard,15,10:37:12,10:37:14,12:36:01,COMPLETED,31905.0,118774.7,2.92,7129.34
645,medium,13,12:29:03,12:33:41,12:36:07,COMPLETED,28242.0,2447.7,278.14,424.67
749,easy,11,12:33:09,12:35:54,12:36:26,COMPLETED,34668.0,535.0,165.95,197.79
715,easy,12,12:33:30,12:36:14,12:36:33,COMPLETED,24097.0,323.7,164.05,183.12
722,easy,11,12:33:30,12:36:33,12:36:45,COMPLETED,28685.0,217.6,183.12,195.87
539,medium,14,11:13:48,11:13:53,12:36:52,COMPLETED,29300.0,82975.4,5.84,4984.21
644,easy,12,12:32:54,12:35:54,12:36:52,COMPLETED,24415.0,960.2,180.95,238.21
604,easy,11,12:34:22,12:36:58,12:37:11,COMPLETED,28769.0,216.5,156.60,169.29
630,easy,11,12:34:38,12:37:17,12:37:36,COMPLETED,27743.0,323.5,159.61,178.70
655,medium,13,12:26:05,12:26:24,12:38:21,COMPLETED,28022.0,11939.2,19.98,736.06
734,medium,13,12:33:10,12:36:07,12:38:21,COMPLETED,28932.0,2228.4,177.67,311.06
748,easy,11,12:35:46,12:38:27,12:38:33,COMPLETED,28519.0,111.2,161.42,167.84
635,medium,13,12:31:39,12:35:04,12:39:37,COMPLETED,31285.0,4558.7,205.03,478.27
738,medium,13,12:35:45,12:38:27,12:40:21,COMPLETED,30054.0,1907.1,162.42,276.56
710,easy,11,12:39:51,12:40:27,12:40:53,COMPLETED,26622.0,427.7,36.89,62.24
707,medium,14,12:09:34,12:09:36,12:41:05,COMPLETED,29975.0,31496.9,2.33,1891.93
741,medium,13,12:30:58,12:34:19,12:41:37,COMPLETED,28446.0,7306.2,201.47,639.58
686,medium,13,12:30:57,12:34:13,12:43:12,COMPLETED,21710.0,8995.1,196.01,735.29
558,hard,15,11:48:16,11:48:19,12:43:57,COMPLETED,29472.0,55630.2,3.88,3341.50
743,easy,12,12:41:33,12:44:03,12:44:10,COMPLETED,19927.0,115.6,150.90,157.34
704,medium,13,12:36:34,12:38:40,12:44:23,COMPLETED,32450.0,5729.4,126.18,469.49
698,medium,14,12:12:40,12:12:47,12:45:21,COMPLETED,29081.0,32573.9,7.23,1961.42
714,medium,13,12:40:15,12:40:59,12:45:40,COMPLETED,37626.0,4686.5,44.57,325.48
712,easy,11,12:43:06,12:45:27,12:45:40,COMPLETED,29358.0,216.6,141.80,154.48
609,easy,11,12:43:44,12:45:46,12:45:53,COMPLETED,21770.0,110.8,122.82,129.20
742,easy,12,12:44:11,12:45:59,12:46:50,COMPLETED,24395.0,848.3,108.53,159.12
706,medium,14,12:34:38,12:36:58,12:46:56,COMPLETED,30811.0,9968.7,140.60,738.45
731,easy,11,12:45:08,12:47:02,12:47:40,COMPLETED,32832.0,638.0,114.83,152.80
733,medium,13,12:43:08,12:45:46,12:47:47,COMPLETED,31727.0,2010.8,158.82,279.13
600,easy,11,12:45:10,12:47:47,12:47:59,COMPLETED,26313.0,217.0,157.13,169.85
626,easy,12,12:47:16,12:48:06,12:48:50,COMPLETED,26073.0,742.6,50.18,94.44
642,hard,15,12:18:44,12:18:45,12:49:03,COMPLETED,31514.0,30300.3,1.31,1819.11
682,medium,14,12:42:36,12:44:30,12:51:03,COMPLETED,29460.0,6572.9,114.03,507.93
606,easy,12,12:45:34,12:47:53,12:51:10,COMPLETED,29357.0,3293.1,139.50,336.48
631,medium,14,12:40:23,12:41:43,12:51:30,COMPLETED,32851.0,9780.2,80.91,667.07
648,easy,12,12:47:48,12:51:10,12:51:43,COMPLETED,28120.0,561.6,202.48,235.55
709,easy,11,12:48:05,12:51:36,12:51:43,COMPLETED,32789.0,123.4,211.82,218.55
611,medium,13,12:47:45,12:49:09,12:51:57,COMPLETED,26249.0,2798.0,84.47,252.00
617,easy,11,12:49:31,12:51:50,12:51:57,COMPLETED,24246.0,117.1,139.26,146.00
689,easy,12,12:47:54,12:51:17,12:52:16,COMPLETED,26460.0,996.8,203.15,262.62
639,easy,12,12:49:04,12:51:50,12:52:29,COMPLETED,27571.0,660.6,166.26,205.62
675,medium,13,12:49:39,12:52:03,12:52:29,COMPLETED,28642.0,441.8,144.40,170.62
740,easy,12,12:50:13,12:52:03,12:52:35,COMPLETED,31482.0,551.8,110.40,142.95
641,easy,12,12:51:11,12:52:35,12:52:49,COMPLETED,22674.0,231.1,84.95,98.48
694,medium,14,12:25:59,12:26:05,12:52:55,COMPLETED,31628.0,26840.2,6.73,1616.86
728,easy,11,12:52:12,12:52:55,12:53:02,COMPLETED,21134.0,116.4,43.86,50.24
633,easy,11,12:52:40,12:53:08,12:53:41,COMPLETED,29864.0,548.4,28.90,61.30
613,hard,15,12:12:27,12:12:34,12:53:54,COMPLETED,26579.0,41335.4,7.49,2487.41
679,medium,14,12:44:49,12:46:56,12:54:20,COMPLETED,37769.0,7400.3,127.45,571.06
601,medium,14,12:47:44,12:48:56,12:56:09,COMPLETED,26884.0,7220.6,72.76,505.72
440,hard,15,10:47:10,10:47:10,12:56:16,COMPLETED,32947.0,129102.1,0.13,7746.05
634,easy,12,12:51:37,12:52:35,12:56:22,COMPLETED,28432.0,3786.3,58.95,285.68
708,easy,11,12:53:34,12:56:16,12:56:48,COMPLETED,27259.0,550.6,162.05,194.78
669,medium,13,12:31:35,12:34:57,12:57:07,COMPLETED,32378.0,22175.5,202.63,1532.90
471,hard,15,11:39:12,11:39:16,12:59:21,COMPLETED,32571.0,80079.8,4.43,4809.07
383,hard,15,10:39:58,10:40:03,12:59:33,COMPLETED,34357.0,139505.1,5.66,8375.88
530,hard,15,11:52:14,11:52:14,12:59:33,COMPLETED,31913.0,67328.2,0.40,4039.88
737,easy,11,12:55:41,12:59:27,12:59:33,COMPLETED,22456.0,114.0,226.44,232.88
716,medium,14,12:53:11,12:53:47,12:59:46,COMPLETED,31740.0,5986.8,36.85,395.80
616,medium,13,12:50:57,12:52:23,12:59:53,COMPLETED,26560.0,7507.3,86.02,536.12
691,easy,12,12:56:07,12:59:40,12:59:53,COMPLETED,28600.0,220.3,213.31,226.12
697,easy,11,12:56:24,12:59:40,12:59:53,COMPLETED,25367.0,219.8,196.31,209.12
658,easy,11,12:56:47,12:59:40,12:59:59,COMPLETED,26302.0,326.2,173.31,192.58
620,easy,12,12:57:49,13:00:06,13:00:18,COMPLETED,24610.0,218.3,137.01,149.77
680,easy,12,12:57:03,12:59:59,13:00:25,COMPLETED,30649.0,432.4,176.58,202.13
657,easy,12,12:58:47,13:00:25,13:00:37,COMPLETED,19762.0,218.4,98.13,110.94
603,medium,13,12:14:22,12:14:22,13:00:50,COMPLETED,43386.0,46478.6,0.10,2788.64
681,easy,12,12:57:45,12:59:59,13:01:15,COMPLETED,31300.0,1276.5,134.58,210.95
702,easy,12,12:56:53,12:59:53,13:01:41,COMPLETED,29687.0,1807.1,180.12,288.27
402,hard,15,10:50:56,10:50:57,13:01:54,COMPLETED,36344.0,130938.6,1.92,7858.11
683,medium,13,12:54:27,12:56:29,13:02:07,COMPLETED,28488.0,5636.4,122.32,460.25
843,easy,12,13:01:18,13:01:22,13:02:07,COMPLETED,21656.0,754.5,4.29,49.25
818,medium,14,13:01:05,13:01:09,13:02:32,COMPLETED,32141.0,1392.2,4.58,87.79
837,easy,11,13:02:09,13:02:13,13:02:45,COMPLETED,29213.0,541.3,4.57,36.63
719,easy,12,12:59:51,13:00:31,13:03:05,COMPLETED,31420.0,2564.7,40.57,194.14
726,hard,15,12:25:10,12:25:14,13:03:24,COMPLETED,36329.0,38170.1,4.69,2294.59
891,easy,11,13:04:06,13:04:09,13:04:22,COMPLETED,22389.0,222.1,3.44,16.29
638,medium,13,12:52:37,12:53:02,13:04:35,COMPLETED,38657.0,11554.9,25.24,718.15
800,easy,12,13:03:14,13:03:17,13:05:20,COMPLETED,35317.0,2052.9,3.98,126.70
784,easy,11,13:04:56,13:05:01,13:05:20,COMPLETED,34483.0,336.3,5.03,24.70
736,medium,13,12:57:13,12:59:59,13:06:12,COMPLETED,36034.0,6219.0,166.58,539.34
699,medium,14,12:55:25,12:56:55,13:07:10,COMPLETED,37998.0,10258.5,90.12,705.30
810,easy,12,13:05:58,13:05:59,13:07:23,COMPLETED,32678.0,1403.0,1.27,85.00
725,hard,15,12:37:39,12:39:43,13:07:29,COMPLETED,34890.0,27770.8,124.61,1790.51
797,easy,12,13:07:07,13:07:10,13:07:29,COMPLETED,27477.0,328.3,3.30,22.51
727,hard,15,12:53:18,12:54:26,13:08:14,COMPLETED,30569.0,13799.4,68.57,896.30
622,medium,14,12:34:05,12:36:52,13:08:45,COMPLETED,37994.0,31901.2,167.21,2080.95
887,medium,13,13:08:29,13:08:33,13:08:58,COMPLETED,24594.0,430.2,4.23,29.69
567,medium,14,11:43:54,11:43:56,13:10:14,COMPLETED,30576.0,86310.6,2.08,5180.59
778,easy,12,13:10:17,13:10:20,13:10:52,COMPLETED,30995.0,531.3,3.90,35.49
779,easy,11,13:11:34,13:11:36,13:11:42,COMPLETED,24176.0,112.0,2.61,8.95
842,easy,11,13:11:40,13:11:42,13:12:08,COMPLETED,24007.0,426.7,2.95,28.29
756,easy,11,13:12:32,13:12:33,13:12:46,COMPLETED,21157.0,218.1,1.53,14.27
357,hard,15,10:31:00,10:31:05,13:13:18,COMPLETED,38551.0,162223.4,5.31,9738.66
525,hard,15,11:23:17,11:23:22,13:13:25,COMPLETED,30336.0,110050.4,5.24,6608.10
808,easy,12,13:13:07,13:13:12,13:13:31,COMPLETED,32269.0,335.3,5.08,24.63
337,hard,15,10:57:57,10:58:03,13:14:49,COMPLETED,31710.0,136767.5,6.15,8212.14
826,easy,11,13:14:35,13:14:36,13:14:49,COMPLETED,25207.0,223.2,1.04,14.14
874,easy,12,13:14:50,13:14:55,13:15:14,COMPLETED,32666.0,333.4,5.46,24.99
377,hard,15,10:53:22,10:53:22,13:15:59,COMPLETED,32982.0,142629.2,0.25,8557.88
766,easy,11,13:16:10,13:16:12,13:16:25,COMPLETED,22480.0,223.8,2.87,15.92
880,easy,12,13:16:21,13:16:25,13:16:38,COMPLETED,22595.0,226.2,4.92,17.83
640,hard,15,12:05:52,12:05:56,13:16:45,COMPLETED,33419.0,70817.8,4.69,4253.55
652,medium,14,12:53:12,12:54:00,13:16:45,COMPLETED,29359.0,22752.0,48.73,1413.55
796,medium,14,13:08:43,13:08:45,13:17:17,COMPLETED,28438.0,8528.2,2.95,514.29
384,hard,15,10:59:48,10:59:52,13:17:56,COMPLETED,31189.0,138067.2,4.19,8288.07
802,medium,13,13:16:35,13:16:38,13:17:56,COMPLETED,34703.0,1298.8,3.83,81.07
627,hard,15,12:25:18,12:25:21,13:18:09,COMPLETED,34950.0,52804.7,3.11,3171.11
744,medium,14,12:51:54,12:52:42,13:18:15,COMPLETED,28614.0,25554.2,48.67,1581.63
757,easy,12,13:18:48,13:18:53,13:19:12,COMPLETED,27561.0,321.1,6.00,24.96
825,easy,12,13:19:36,13:19:38,13:20:47,COMPLETED,29382.0,1160.1,2.13,71.46
791,easy,12,13:16:36,13:16:38,13:21:00,COMPLETED,27205.0,4356.1,2.83,264.04
782,medium,13,13:20:13,13:20:15,13:21:18,COMPLETED,32611.0,1053.9,2.93,65.89
762,easy,11,13:21:24,13:21:25,13:21:31,COMPLETED,26229.0,111.5,1.19,7.53
768,easy,12,13:21:35,13:21:37,13:21:50,COMPLETED,26395.0,217.0,2.92,15.67
899,easy,11,13:23:03,13:23:06,13:23:12,COMPLETED,22025.0,110.7,3.40,9.75
847,easy,12,13:21:53,13:21:56,13:23:31,COMPLETED,27712.0,1585.5,3.97,98.75
885,easy,12,13:22:35,13:22:41,13:23:31,COMPLETED,27990.0,849.5,6.14,56.75
773,medium,14,13:10:23,13:10:27,13:24:29,COMPLETED,33324.0,14046.0,4.25,846.52
869,medium,14,13:11:37,13:11:42,13:24:42,COMPLETED,28205.0,13001.4,5.95,785.63
664,hard,15,12:07:57,12:07:59,13:25:47,COMPLETED,38600.0,77805.9,2.22,4670.33
816,medium,13,13:23:24,13:23:25,13:27:55,COMPLETED,30558.0,4515.8,1.37,271.90
872,medium,13,13:24:28,13:24:29,13:29:07,COMPLETED,29821.0,4636.0,1.52,279.18
759,easy,12,13:23:21,13:23:25,13:29:52,COMPLETED,35676.0,6460.5,4.37,391.56
794,easy,12,13:26:07,13:29:13,13:29:52,COMPLETED,24104.0,655.6,186.77,225.56
814,hard,15,13:21:30,13:21:31,13:31:21,COMPLETED,22078.0,9837.7,1.53,591.53
745,hard,15,12:42:15,12:44:16,13:31:27,COMPLETED,31419.0,47186.8,121.88,2952.87
858,medium,14,13:27:14,13:29:59,13:31:40,COMPLETED,32111.0,1694.9,165.14,266.60
775,medium,13,13:25:53,13:28:02,13:32:12,COMPLETED,33055.0,4169.0,129.45,379.31
881,medium,13,13:25:29,13:25:34,13:32:43,COMPLETED,32267.0,7166.7,5.20,434.94
844,medium,13,13:18:59,13:19:00,13:33:40,COMPLETED,33882.0,14680.3,1.33,881.86
659,medium,14,12:19:16,12:19:17,13:34:12,COMPLETED,34632.0,74916.0,1.71,4496.61
815,easy,12,13:29:20,13:33:47,13:35:03,COMPLETED,25583.0,1280.5,267.24,343.77
859,medium,13,13:27:35,13:32:18,13:35:35,COMPLETED,30925.0,3290.5,283.64,480.78
790,easy,11,13:29:57,13:35:42,13:35:55,COMPLETED,29809.0,226.1,345.11,358.21
684,medium,14,12:21:18,12:21:20,13:36:08,COMPLETED,36002.0,74803.7,2.23,4490.27
870,medium,14,13:02:27,13:02:32,13:37:58,COMPLETED,36815.0,35432.7,5.79,2131.44
834,medium,13,13:27:18,13:31:34,13:38:05,COMPLETED,28461.0,6520.7,256.24,647.03
822,medium,14,13:08:15,13:08:20,13:38:17,COMPLETED,30849.0,29959.7,5.61,1802.97
809,hard,15,13:08:03,13:08:07,13:38:24,COMPLETED,31670.0,30280.2,4.97,1821.33
836,easy,12,13:31:14,13:38:24,13:38:43,COMPLETED,23623.0,331.3,430.33,449.90
505,medium,14,11:53:28,11:53:31,13:39:02,COMPLETED,40724.0,105519.4,3.92,6334.98
839,easy,12,13:30:21,13:38:05,13:39:09,COMPLETED,25586.0,1077.4,464.03,528.30
838,easy,11,13:31:44,13:39:15,13:39:34,COMPLETED,32569.0,322.5,451.73,470.78
803,easy,11,13:31:36,13:38:50,13:39:41,COMPLETED,33956.0,853.7,434.24,485.11
866,easy,12,13:31:23,13:38:30,13:39:47,COMPLETED,25094.0,1281.0,427.97,504.50
845,medium,13,13:32:24,13:39:41,13:40:00,COMPLETED,27756.0,323.4,437.11,456.23
824,easy,12,13:34:13,13:40:06,13:40:44,COMPLETED,29085.0,647.4,353.55,391.87
875,easy,12,13:31:43,13:39:09,13:41:29,COMPLETED,29883.0,2341.2,446.30,586.48
799,easy,11,13:35:13,13:41:35,13:41:42,COMPLETED,25526.0,111.3,382.81,389.19
801,medium,13,13:27:31,13:31:46,13:43:23,COMPLETED,37264.0,11611.9,255.93,952.39
690,hard,15,12:20:22,12:20:22,13:43:48,COMPLETED,27809.0,83444.0,0.23,5006.74
688,medium,13,12:53:35,12:56:22,13:44:07,COMPLETED,36191.0,47754.3,167.68,3032.73
765,medium,14,13:24:56,13:25:01,13:45:04,COMPLETED,31909.0,20049.1,5.99,1208.71
894,medium,13,13:34:03,13:39:53,13:45:17,COMPLETED,29854.0,5397.3,350.88,674.42
760,medium,14,13:00:20,13:00:44,13:45:23,COMPLETED,31070.0,44661.8,24.27,2703.77
878,easy,11,13:37:29,13:45:30,13:45:42,COMPLETED,28952.0,218.0,481.14,493.84
819,medium,14,13:29:58,13:36:01,13:46:20,COMPLETED,30202.0,10323.7,363.72,982.89
868,medium,13,13:35:33,13:41:48,13:46:40,COMPLETED,30295.0,4864.4,375.52,667.10
857,easy,12,13:37:55,13:46:27,13:47:05,COMPLETED,35723.0,643.0,512.22,550.48
787,medium,14,13:33:26,13:39:47,13:47:49,COMPLETED,24679.0,8044.0,381.50,863.83
764,medium,13,13:37:50,13:45:49,13:47:56,COMPLETED,30219.0,2121.8,479.25,606.22
770,hard,15,13:15:48,13:15:53,13:48:40,COMPLETED,31597.0,32786.7,5.54,1972.55
852,easy,12,13:39:05,13:48:02,13:48:40,COMPLETED,27201.0,637.7,537.60,575.55
851,easy,11,13:39:41,13:48:46,13:49:18,COMPLETED,28437.0,532.0,545.88,577.52
865,easy,11,13:39:46,13:49:24,13:49:31,COMPLETED,24693.0,111.5,578.87,585.24
864,easy,12,13:40:33,13:49:37,13:50:53,COMPLETED,23831.0,1271.2,544.59,620.54
832,easy,11,13:40:59,13:50:59,13:51:31,COMPLETED,23935.0,533.7,600.88,632.59
883,easy,11,13:41:03,13:51:37,13:51:50,COMPLETED,18657.0,219.3,634.93,647.78
729,hard,15,12:05:47,12:05:50,13:52:35,COMPLETED,29435.0,106763.3,3.09,6408.77
752,medium,14,13:38:22,13:47:56,13:52:35,COMPLETED,33039.0,4665.0,574.22,853.77
873,easy,12,13:36:14,13:43:29,13:52:42,COMPLETED,35453.0,9217.5,435.72,988.16
821,easy,11,13:41:13,13:52:42,13:52:55,COMPLETED,21237.0,230.7,689.16,702.52
850,easy,11,13:41:25,13:52:42,13:52:55,COMPLETED,28308.0,229.9,677.16,690.52
805,easy,11,13:41:36,13:52:48,13:53:02,COMPLETED,33812.0,230.8,672.91,686.09
781,easy,11,13:43:10,13:53:08,13:53:21,COMPLETED,25563.0,224.4,598.83,611.79
862,medium,14,13:35:02,13:40:51,13:54:00,COMPLETED,30126.0,13149.9,349.43,1138.01
804,easy,12,13:43:03,13:53:02,13:54:25,COMPLETED,30003.0,1398.9,599.09,682.78
831,easy,12,13:43:18,13:53:28,13:54:32,COMPLETED,28339.0,1069.8,610.33,674.15
813,easy,12,13:43:39,13:54:32,13:55:29,COMPLETED,27337.0,954.6,653.15,710.13
833,medium,14,13:36:44,13:45:11,13:55:41,COMPLETED,32618.0,10517.2,507.04,1137.80
886,easy,11,13:44:02,13:55:35,13:55:54,COMPLETED,24348.0,322.6,693.46,712.50
637,hard,15,12:40:20,12:41:12,13:57:16,COMPLETED,32382.0,76077.5,52.27,4616.77
763,easy,12,13:45:17,13:56:00,13:58:07,COMPLETED,23581.0,2116.8,643.84,770.54
777,easy,11,13:45:50,13:58:13,13:58:26,COMPLETED,24475.0,216.0,743.88,756.54
827,medium,13,13:38:13,13:46:46,13:58:39,COMPLETED,27782.0,11884.6,513.44,1226.25
547,hard,15,11:45:57,11:45:57,14:00:41,COMPLETED,33566.0,134729.5,0.93,8084.52
754,medium,13,13:46:11,13:58:32,14:01:01,COMPLETED,30543.0,2480.5,741.87,890.09
798,easy,11,13:47:25,14:00:48,14:01:01,COMPLETED,25110.0,228.5,803.05,816.09
835,easy,11,13:47:29,14:01:07,14:01:20,COMPLETED,29539.0,224.4,818.81,831.86
792,easy,11,13:47:42,14:01:07,14:01:33,COMPLETED,29652.0,441.5,805.81,831.92
783,medium,14,13:17:53,13:17:56,14:01:46,COMPLETED,38201.0,43850.8,3.07,2633.82
854,easy,12,13:48:37,14:01:40,14:01:53,COMPLETED,23581.0,220.7,783.45,796.36
861,medium,14,13:48:03,14:01:27,14:03:49,COMPLETED,30616.0,2376.0,804.33,946.58
882,easy,11,13:49:23,14:03:55,14:04:09,COMPLETED,31557.0,227.4,872.93,886.08
848,medium,13,13:46:58,13:58:45,14:04:28,COMPLETED,31673.0,5724.3,707.59,1050.57
856,easy,11,13:50:41,14:04:35,14:05:07,COMPLETED,33948.0,547.9,834.11,866.61
750,hard,15,13:28:55,13:32:50,14:05:45,COMPLETED,29285.0,32927.4,235.26,2210.69
755,easy,11,13:51:38,14:05:52,14:06:04,COMPLETED,24298.0,216.1,854.02,866.69
896,easy,11,13:52:12,14:06:11,14:06:23,COMPLETED,23539.0,216.2,839.01,851.68
820,medium,13,13:50:44,14:05:14,14:07:14,COMPLETED,26935.0,2010.1,870.02,990.32
884,medium,14,13:36:38,13:44:14,14:07:52,COMPLETED,28374.0,23639.3,456.14,1874.26
676,hard,15,12:26:28,12:31:40,14:08:23,COMPLETED,28434.0,96731.9,312.11,6115.90
898,easy,11,13:54:07,14:08:30,14:08:36,COMPLETED,31055.0,111.5,863.23,869.61
795,hard,15,13:08:42,13:08:45,14:09:46,COMPLETED,29323.0,61005.2,3.95,3664.11
767,medium,14,13:43:25,13:54:06,14:09:58,COMPLETED,27026.0,15874.8,641.55,1593.79
780,easy,11,13:55:28,14:09:52,14:10:05,COMPLETED,28843.0,217.7,864.43,877.12
829,hard,15,13:25:33,13:25:53,14:10:17,COMPLETED,29250.0,44406.4,20.89,2684.95
576,hard,15,11:29:26,11:29:28,14:11:10,COMPLETED,28423.0,161700.9,2.53,9704.45
895,medium,13,13:54:44,14:08:42,14:15:56,COMPLETED,33586.0,7229.0,838.95,1272.20
853,easy,12,13:57:09,14:11:16,14:15:56,COMPLETED,31174.0,4662.9,847.98,1127.20
751,easy,12,13:58:29,14:16:02,14:17:00,COMPLETED,23074.0,966.8,1053.79,1111.44
860,medium,14,13:49:16,14:01:53,14:17:51,COMPLETED,32960.0,15969.1,757.36,1715.24
654,hard,15,12:55:32,12:57:14,14:18:10,COMPLETED,33450.0,80935.4,102.27,4958.27
785,easy,12,13:59:14,14:17:57,14:18:35,COMPLETED,29333.0,639.6,1123.59,1161.63
855,easy,11,13:59:41,14:18:42,14:18:48,COMPLETED,29365.0,112.6,1141.01,1147.42
918,easy,11,14:01:27,14:18:54,14:19:01,COMPLETED,27529.0,112.6,1047.79,1054.19
877,hard,15,13:24:18,13:24:23,14:19:58,COMPLETED,32072.0,55588.3,5.12,3340.25
812,medium,13,13:55:40,14:10:05,14:19:58,COMPLETED,34685.0,9890.4,865.12,1458.25
823,easy,11,13:59:40,14:18:16,14:19:58,COMPLETED,25155.0,1699.7,1116.59,1218.25
1038,easy,11,14:03:31,14:20:04,14:20:17,COMPLETED,24705.0,216.3,993.60,1006.34
914,easy,12,14:03:31,14:20:23,14:20:48,COMPLETED,28777.0,426.8,1012.67,1037.98
927,easy,12,14:03:39,14:20:55,14:22:18,COMPLETED,27541.0,1400.6,1036.30,1119.81
769,medium,14,13:42:52,13:53:02,14:23:04,COMPLETED,35761.0,30041.5,610.09,2412.36
979,easy,11,14:03:47,14:23:10,14:23:30,COMPLETED,26800.0,335.7,1163.68,1183.34
943,medium,13,14:03:42,14:22:25,14:24:54,COMPLETED,35340.0,2494.9,1123.37,1272.56
786,hard,15,13:30:25,13:38:11,14:25:26,COMPLETED,37424.0,47258.1,466.57,3301.75
925,easy,12,14:04:15,14:25:01,14:26:12,COMPLETED,30172.0,1190.2,1246.11,1317.22
1017,easy,12,14:05:15,14:26:18,14:27:03,COMPLETED,26826.0,756.1,1263.56,1308.62
910,easy,11,14:05:17,14:27:09,14:27:48,COMPLETED,31830.0,644.6,1312.95,1351.31
272,hard,15,09:59:04,09:59:09,14:30:32,COMPLETED,37565.0,271385.3,5.55,16288.63
222,hard,15,09:40:17,09:40:17,14:30:38,COMPLETED,32284.0,290358.6,0.51,17421.95
1012,easy,12,14:05:47,14:30:45,14:31:42,COMPLETED,25447.0,952.5,1498.33,1555.18
1045,easy,11,14:06:44,14:31:48,14:32:01,COMPLETED,23234.0,216.8,1504.51,1517.19
876,medium,14,13:54:00,14:07:20,14:33:18,COMPLETED,31312.0,25965.0,800.65,2358.25
900,easy,12,14:07:22,14:32:07,14:33:18,COMPLETED,26175.0,1185.1,1485.54,1556.25
968,easy,11,14:07:40,14:33:24,14:33:56,COMPLETED,30950.0,544.5,1544.67,1576.89
1040,easy,11,14:07:42,14:34:03,14:34:10,COMPLETED,21740.0,118.8,1581.43,1588.08
950,medium,13,14:07:39,14:33:24,14:34:55,COMPLETED,29977.0,1521.8,1545.67,1636.63
909,medium,13,14:08:02,14:35:02,14:35:34,COMPLETED,28233.0,546.5,1620.01,1652.29
830,hard,15,13:23:28,13:23:31,14:37:11,COMPLETED,28848.0,73663.0,3.75,4423.27
1027,easy,12,14:08:29,14:35:40,14:37:17,COMPLETED,28055.0,1626.7,1631.83,1728.86
37,hard,15,08:54:11,08:54:16,14:37:56,COMPLETED,41383.0,343678.7,5.04,20625.85
1014,easy,11,14:10:24,14:38:03,14:38:09,COMPLETED,24392.0,118.4,1659.18,1665.78
793,hard,15,13:23:39,13:23:44,14:38:16,COMPLETED,29893.0,74534.8,5.45,4477.32
913,medium,13,14:10:29,14:38:16,14:39:32,COMPLETED,29055.0,1277.6,1667.32,1743.67
901,medium,14,14:03:52,14:23:36,14:40:16,COMPLETED,33291.0,16673.4,1184.87,2184.99
566,medium,14,11:38:11,11:38:13,14:40:35,COMPLETED,31694.0,182383.2,2.04,10944.99
817,hard,15,13:56:41,14:10:11,14:40:54,COMPLETED,30807.0,30728.4,810.52,2653.98
954,easy,12,14:11:18,14:40:23,14:41:20,COMPLETED,23391.0,954.4,1745.33,1802.30
993,easy,11,14:12:38,14:41:26,14:41:32,COMPLETED,23954.0,111.8,1728.63,1734.99
949,easy,12,14:13:26,14:41:39,14:42:04,COMPLETED,29752.0,429.3,1693.37,1718.80
944,easy,12,14:11:39,14:40:42,14:42:17,COMPLETED,24383.0,1591.4,1743.32,1838.51
1019,medium,13,14:11:03,14:39:39,14:42:36,COMPLETED,29609.0,2964.0,1716.01,1893.51
867,hard,15,13:44:09,13:55:48,14:43:27,COMPLETED,35106.0,47657.3,699.14,3558.34
920,medium,13,14:14:00,14:42:23,14:43:52,COMPLETED,32493.0,1487.1,1703.84,1792.77
297,hard,15,09:57:01,09:57:03,14:44:11,COMPLETED,37251.0,287145.1,2.12,17230.80
772,medium,13,13:59:12,14:17:06,14:44:11,COMPLETED,43411.0,27087.1,1074.83,2699.80
907,easy,11,14:15:35,14:44:18,14:44:43,COMPLETED,31064.0,430.4,1723.14,1748.46
840,medium,13,13:43:49,13:54:38,14:45:22,COMPLETED,26477.0,50728.3,649.55,3693.06
1028,hard,15,14:08:49,14:37:17,14:45:54,COMPLETED,25617.0,8615.9,1708.86,2225.56
941,easy,12,14:16:17,14:46:00,14:46:27,COMPLETED,31931.0,440.3,1783.89,1810.02
919,hard,15,14:05:47,14:30:38,14:46:39,COMPLETED,28204.0,16017.8,1491.95,2452.71
928,easy,12,14:16:39,14:46:46,14:47:55,COMPLETED,30621.0,1163.5,1807.15,1876.66
592,hard,15,11:43:49,11:43:49,14:48:46,COMPLETED,30945.0,184946.5,0.75,11097.41
998,easy,11,14:18:05,14:48:52,14:49:12,COMPLETED,23380.0,332.0,1847.95,1867.37
863,hard,15,13:41:13,13:51:57,14:49:44,COMPLETED,31589.0,57801.2,644.11,4111.88
934,medium,14,14:15:51,14:44:50,14:50:23,COMPLETED,31526.0,5556.2,1739.02,2072.11
1039,medium,14,14:02:59,14:20:04,14:51:01,COMPLETED,35204.0,30946.4,1025.60,2882.20
136,hard,15,08:44:02,08:44:07,14:51:07,COMPLETED,35251.0,367005.8,5.23,22025.53
966,easy,11,14:21:52,14:51:07,14:51:26,COMPLETED,24590.0,322.8,1755.53,1774.60
965,easy,11,14:21:58,14:51:13,14:51:39,COMPLETED,19922.0,429.0,1755.89,1781.33
888,hard,15,13:49:19,14:01:59,14:52:48,COMPLETED,30644.0,50822.8,760.73,3809.92
922,medium,14,14:10:47,14:38:22,14:53:20,COMPLETED,27964.0,14967.8,1655.71,2553.54
1029,medium,13,14:15:36,14:44:18,14:55:27,COMPLETED,32533.0,11153.2,1722.14,2391.07
924,medium,13,14:16:58,14:48:01,14:55:27,COMPLETED,38231.0,7423.9,1863.98,2309.07
908,medium,13,14:24:25,14:52:55,14:55:46,COMPLETED,29957.0,2853.7,1710.24,1881.18
967,easy,12,14:24:06,14:51:45,14:55:58,COMPLETED,36309.0,4224.9,1659.67,1912.87
978,easy,12,14:25:55,14:55:33,14:56:17,COMPLETED,30034.0,745.0,1778.47,1822.88
921,easy,12,14:26:19,14:55:52,14:57:08,COMPLETED,27508.0,1271.2,1773.51,1849.48
828,hard,15,13:03:01,13:03:05,14:57:27,COMPLETED,35325.0,114374.4,4.14,6866.49
1049,easy,12,14:29:04,14:56:24,14:57:40,COMPLETED,28438.0,1271.0,1640.21,1716.18
902,easy,11,14:29:56,14:57:33,14:58:05,COMPLETED,21630.0,532.9,1657.82,1689.49
995,medium,13,14:09:33,14:37:24,14:58:11,COMPLETED,38803.0,20794.0,1671.48,2918.82
957,easy,12,14:25:59,14:55:33,14:58:11,COMPLETED,27563.0,2645.0,1774.47,1932.82
930,easy,12,14:30:56,14:57:46,14:59:02,COMPLETED,28719.0,1277.1,1610.51,1686.84
1047,easy,12,14:31:59,14:58:18,14:59:02,COMPLETED,26857.0,747.5,1579.25,1623.84
994,easy,11,14:32:18,14:59:09,14:59:28,COMPLETED,35305.0,323.2,1611.18,1630.28
1043,medium,14,14:19:51,14:49:51,14:59:34,COMPLETED,26128.0,9725.0,1800.42,2383.61
916,medium,13,14:29:31,14:57:14,14:59:34,COMPLETED,30493.0,2335.5,1663.82,1803.61
946,easy,12,14:31:08,14:58:11,14:59:34,COMPLETED,22487.0,1385.6,1623.82,1706.61
936,easy,12,14:33:07,14:59:09,14:59:40,COMPLETED,21479.0,535.5,1562.18,1594.00
996,easy,11,14:33:07,14:59:34,14:59:47,COMPLETED,29332.0,219.0,1587.61,1600.42
952,easy,11,14:35:54,14:59:53,15:00:06,COMPLETED,25474.0,217.2,1439.80,1452.53
1033,easy,12,14:31:41,14:58:18,15:00:12,COMPLETED,30150.0,1915.5,1597.25,1711.86
961,easy,12,14:35:10,14:59:40,15:00:12,COMPLETED,24216.0,536.2,1471.00,1502.86
981,easy,12,14:33:27,14:59:40,15:00:32,COMPLETED,30627.0,857.7,1574.00,1625.00
917,medium,14,14:05:12,14:25:33,15:00:45,COMPLETED,30844.0,35202.3,1221.27,3333.20
911,easy,12,14:36:07,15:00:12,15:00:51,COMPLETED,29401.0,653.9,1445.86,1484.53
1005,easy,11,14:36:37,15:00:51,15:01:11,COMPLETED,28148.0,337.4,1454.53,1474.27
959,easy,11,14:37:10,15:00:58,15:01:11,COMPLETED,27890.0,228.1,1428.14,1441.27
1001,medium,14,14:15:56,14:45:28,15:01:24,COMPLETED,31390.0,15942.2,1772.39,2728.68
977,easy,12,14:36:34,15:00:38,15:01:31,COMPLETED,26507.0,880.2,1444.52,1497.01
1035,easy,11,14:37:56,15:01:17,15:01:31,COMPLETED,29969.0,223.2,1401.87,1415.01
1037,easy,11,14:38:44,15:01:37,15:01:50,COMPLETED,24292.0,227.1,1373.39,1386.46
948,easy,11,14:38:30,15:01:31,15:02:03,COMPLETED,27270.0,552.2,1381.01,1413.66
945,medium,13,14:37:41,15:01:17,15:02:42,COMPLETED,22479.0,1417.1,1416.87,1501.61
1032,easy,11,14:39:22,15:02:10,15:02:48,COMPLETED,29342.0,651.5,1368.20,1406.94
1034,easy,12,14:39:09,15:01:57,15:03:20,COMPLETED,28780.0,1399.7,1368.05,1451.74
931,medium,14,14:20:13,14:50:29,15:04:11,COMPLETED,29112.0,13703.1,1816.44,2638.37
1024,medium,13,14:39:27,15:02:48,15:05:27,COMPLETED,35677.0,2643.4,1401.94,1560.21
761,hard,15,13:58:50,14:16:02,15:07:08,COMPLETED,20431.0,51095.8,1032.79,4098.38
776,hard,15,13:04:50,13:04:54,15:07:27,COMPLETED,28364.0,122550.8,4.44,7357.37
1003,easy,11,14:40:25,15:07:14,15:07:27,COMPLETED,32860.0,216.5,1609.71,1622.37
758,hard,15,13:38:21,13:47:11,15:07:40,COMPLETED,38404.0,80473.6,530.83,5359.09
723,hard,15,12:33:43,12:36:39,15:08:05,COMPLETED,36352.0,151436.6,176.51,9262.62
987,medium,13,14:39:28,15:02:55,15:09:42,COMPLETED,29939.0,6789.7,1407.32,1814.38
990,easy,11,14:41:23,15:09:48,15:10:01,COMPLETED,20272.0,221.6,1705.77,1718.51
806,hard,15,13:57:09,14:10:24,15:10:34,COMPLETED,31159.0,60165.3,795.50,4405.12
999,easy,11,14:41:53,15:10:40,15:10:47,COMPLETED,25534.0,118.9,1727.67,1734.32
935,easy,12,14:41:50,15:10:08,15:10:53,COMPLETED,28589.0,772.5,1698.11,1743.85
970,easy,11,14:42:32,15:10:53,15:11:00,COMPLETED,25399.0,116.9,1701.85,1708.50
906,easy,12,14:43:42,15:11:00,15:11:19,COMPLETED,28001.0,329.5,1638.50,1657.97
983,easy,12,14:44:36,15:11:26,15:11:39,COMPLETED,26313.0,221.5,1610.30,1623.09
879,hard,15,13:11:20,13:11:23,15:11:52,COMPLETED,32483.0,120473.9,3.97,7232.23
989,easy,11,14:45:18,15:11:58,15:12:05,COMPLETED,20135.0,114.2,1600.77,1607.13
985,medium,13,14:40:59,15:07:46,15:12:11,COMPLETED,32432.0,4430.7,1607.42,1872.66
912,easy,12,14:45:28,15:12:11,15:12:37,COMPLETED,25110.0,442.5,1603.66,1629.74
1036,easy,11,14:45:38,15:12:18,15:12:37,COMPLETED,24888.0,331.9,1600.33,1619.74
1009,medium,13,14:39:40,15:04:17,15:13:49,COMPLETED,41620.0,9535.5,1477.71,2049.40
1018,hard,15,14:12:28,14:41:01,15:14:02,COMPLETED,29680.0,33025.9,1713.32,3694.54
614,hard,15,12:06:49,12:06:54,15:14:09,COMPLETED,36759.0,187247.5,5.40,11240.12
972,easy,11,14:46:32,15:14:15,15:14:28,COMPLETED,23118.0,218.9,1663.54,1676.33
991,medium,13,14:41:04,15:08:11,15:14:41,COMPLETED,29350.0,6490.9,1627.95,2017.09
1004,easy,12,14:46:04,15:13:55,15:15:12,COMPLETED,21497.0,1288.8,1671.94,1748.93
1021,medium,14,14:07:51,14:34:16,15:15:51,COMPLETED,38129.0,41577.8,1585.59,4080.04
904,medium,14,14:45:58,15:12:44,15:16:54,COMPLETED,31101.0,4180.5,1606.28,1856.93
932,medium,14,14:40:35,15:07:33,15:17:13,COMPLETED,33970.0,9674.6,1618.72,2198.94
1000,hard,15,14:16:37,14:46:33,15:17:20,COMPLETED,24744.0,30787.1,1796.34,3643.26
986,easy,11,14:50:03,15:17:26,15:17:33,COMPLETED,25418.0,112.9,1643.71,1650.13
956,easy,11,14:50:12,15:17:39,15:17:45,COMPLETED,21566.0,111.0,1647.51,1653.87
1015,easy,11,14:47:34,15:17:01,15:17:52,COMPLETED,23356.0,855.9,1767.27,1818.20
971,hard,15,14:39:47,15:05:33,15:19:53,COMPLETED,32416.0,14334.5,1546.60,2406.31
940,hard,15,14:13:27,14:42:11,15:20:06,COMPLETED,33009.0,37925.2,1724.15,3999.35
905,medium,14,14:43:42,15:11:06,15:25:28,COMPLETED,30893.0,14368.1,1644.90,2506.73
774,hard,15,13:29:27,13:34:18,15:28:00,COMPLETED,30623.0,113692.5,291.99,7113.41
976,easy,12,14:52:25,15:25:35,15:28:25,COMPLETED,29352.0,2849.1,1990.08,2160.72
1048,easy,11,14:53:58,15:28:32,15:28:44,COMPLETED,23553.0,218.3,2074.05,2086.80
608,hard,15,12:35:39,12:37:43,15:33:20,COMPLETED,40435.0,175624.6,124.05,10661.45
1010,easy,11,14:54:04,15:33:26,15:33:46,COMPLETED,25159.0,336.8,2362.78,2382.45
926,easy,12,14:54:53,15:33:53,15:34:05,COMPLETED,26925.0,223.1,2340.03,2352.88
892,hard,15,13:21:42,13:21:44,15:36:02,COMPLETED,30402.0,134306.5,2.30,8060.52
969,medium,14,14:44:59,15:11:45,15:36:34,COMPLETED,31984.0,24826.2,1606.62,3095.97
1002,medium,14,14:47:08,15:15:19,15:36:34,COMPLETED,36221.0,21265.1,1691.32,2966.97
937,easy,12,14:55:56,15:36:41,15:37:06,COMPLETED,29006.0,430.9,2445.29,2470.93
1013,medium,13,14:56:03,15:37:13,15:38:04,COMPLETED,25688.0,851.0,2470.30,2521.05
947,easy,12,14:47:26,15:15:57,15:38:23,COMPLETED,44012.0,22431.9,1711.43,3057.09
997,easy,12,14:56:08,15:38:10,15:38:23,COMPLETED,20306.0,217.1,2522.38,2535.09
953,easy,12,14:56:52,15:38:29,15:38:42,COMPLETED,29124.0,218.3,2497.43,2510.22
1030,medium,14,14:14:21,14:43:33,15:40:17,COMPLETED,36432.0,56724.9,1752.73,5156.05
980,easy,12,14:57:20,15:38:48,15:41:39,COMPLETED,24321.0,2852.6,2488.56,2659.26
1023,easy,12,14:57:42,15:41:45,15:42:24,COMPLETED,22142.0,654.6,2643.77,2682.56
939,easy,12,14:54:01,15:28:51,15:44:27,COMPLETED,38947.0,15611.1,2090.18,3026.57
964,easy,12,14:58:31,15:44:33,15:45:06,COMPLETED,24732.0,546.5,2762.90,2795.16
1031,easy,12,14:58:41,15:45:12,15:45:51,COMPLETED,33863.0,653.1,2791.73,2830.46
1007,hard,15,14:46:53,15:14:47,15:46:30,COMPLETED,36345.0,31722.0,1674.47,3577.37
788,hard,15,13:17:21,13:17:23,15:46:36,COMPLETED,36240.0,149221.3,2.79,8955.93
933,easy,11,14:59:04,15:45:57,15:46:49,COMPLETED,29548.0,871.7,2813.94,2865.95
915,medium,13,14:53:57,15:28:06,15:47:53,COMPLETED,34756.0,19781.3,2049.75,3236.33
923,medium,13,14:45:54,15:12:44,15:49:40,COMPLETED,30470.0,36946.4,1610.28,3826.85
569,hard,15,11:08:44,11:08:47,15:50:44,COMPLETED,30857.0,281945.0,3.29,16920.04
1166,easy,12,15:01:24,15:49:47,15:51:03,COMPLETED,30264.0,1271.4,2903.18,2979.11
984,hard,15,14:51:31,15:17:58,15:51:34,COMPLETED,26430.0,33608.4,1587.66,3603.92
1080,easy,12,15:01:35,15:50:50,15:51:53,COMPLETED,32276.0,1063.7,2955.39,3018.92
962,hard,15,14:51:37,15:19:59,15:52:19,COMPLETED,29496.0,32328.1,1702.77,3642.22
1044,medium,14,14:55:51,15:36:41,15:53:42,COMPLETED,34666.0,17027.5,2450.29,3471.53
1191,medium,13,15:01:08,15:47:59,15:54:27,COMPLETED,34531.0,6480.2,2811.69,3199.96
960,medium,14,14:52:16,15:20:12,15:56:05,COMPLETED,37737.0,35873.9,1676.91,3829.11
1157,easy,11,15:05:44,15:56:11,15:56:24,COMPLETED,19863.0,223.5,3027.43,3040.35
897,medium,14,13:53:43,14:06:30,15:56:56,COMPLETED,29363.0,110451.2,767.01,7393.85
1185,medium,13,15:00:42,15:46:56,15:57:54,COMPLETED,29278.0,10984.0,2774.28,3432.88
1107,easy,12,15:04:56,15:53:49,15:58:01,COMPLETED,42308.0,4216.2,2933.08,3185.42
1122,easy,11,15:06:04,15:58:09,15:58:16,COMPLETED,26050.0,118.9,3125.47,3132.12
1099,easy,11,15:05:59,15:58:01,15:58:29,COMPLETED,25798.0,471.6,3122.42,3150.23
1160,easy,11,15:06:17,15:58:22,15:58:35,COMPLETED,21464.0,228.3,3125.65,3138.77
1188,easy,11,15:07:17,15:58:35,15:58:48,COMPLETED,34334.0,228.8,3078.77,3091.99
1170,medium,13,15:03:22,15:52:25,16:00:05,COMPLETED,35073.0,7671.2,2943.56,3403.50
1117,easy,11,15:07:29,15:58:42,16:00:05,COMPLETED,32889.0,1391.2,3073.39,3156.50
1084,medium,13,15:05:49,15:57:03,16:01:46,COMPLETED,31800.0,4730.2,3074.40,3357.87
1016,hard,15,14:36:11,15:00:19,16:02:18,COMPLETED,28163.0,61992.5,1448.24,5167.60
1133,easy,11,15:09:06,16:01:53,16:02:18,COMPLETED,30112.0,427.6,3167.26,3192.60
1109,easy,12,15:08:01,16:00:11,16:02:37,COMPLETED,28152.0,2434.8,3130.90,3276.63
1073,easy,11,15:09:33,16:02:24,16:02:37,COMPLETED,28849.0,218.1,3171.94,3184.63
1150,easy,12,15:09:51,16:02:24,16:03:09,COMPLETED,19875.0,746.3,3153.94,3198.45
1059,easy,11,15:10:38,16:02:44,16:03:09,COMPLETED,32023.0,428.0,3126.05,3151.45
1069,easy,11,15:12:05,16:03:15,16:03:22,COMPLETED,24947.0,111.0,3070.81,3077.20
1097,easy,12,15:12:19,16:03:28,16:03:41,COMPLETED,25213.0,218.2,3069.54,3082.28
1026,medium,14,14:57:27,15:40:23,16:05:35,COMPLETED,27312.0,25206.9,2576.38,4088.55
1011,hard,15,14:39:28,15:03:27,16:06:32,COMPLETED,32679.0,63092.1,1439.07,5224.40
1155,easy,12,15:12:31,16:05:41,16:06:57,COMPLETED,30805.0,1269.1,3190.88,3266.72
1197,easy,11,15:13:47,16:07:04,16:07:35,COMPLETED,28247.0,532.0,3197.05,3228.67
1116,easy,11,15:13:57,16:07:41,16:07:54,COMPLETED,24980.0,216.1,3224.99,3237.66
1096,medium,13,15:12:48,16:06:38,16:08:45,COMPLETED,31689.0,2112.9,3230.73,3357.20
938,medium,14,14:58:16,15:42:31,16:08:51,COMPLETED,32678.0,26345.5,2655.09,4235.53
238,hard,15,09:47:03,09:47:07,16:09:04,COMPLETED,39164.0,381952.0,4.23,22921.31
1187,easy,12,15:14:44,16:08:00,16:09:04,COMPLETED,27871.0,1061.3,3196.99,3260.31
1071,easy,11,15:16:05,16:09:10,16:09:23,COMPLETED,23207.0,216.0,3185.70,3198.41
1085,medium,13,15:10:12,16:02:44,16:09:29,COMPLETED,37037.0,6768.1,3152.05,3557.73
1088,easy,12,15:16:52,16:09:29,16:10:27,COMPLETED,30009.0,975.0,3157.73,3215.74
1078,easy,12,15:15:49,16:09:10,16:11:32,COMPLETED,32896.0,2367.8,3201.70,3343.28
1154,medium,14,15:07:37,15:58:55,16:11:51,COMPLETED,25929.0,12943.4,3078.55,3854.88
1100,medium,13,15:02:14,15:51:41,16:11:58,COMPLETED,29158.0,20287.6,2967.26,4184.22
1139,easy,12,15:20:00,16:12:04,16:12:23,COMPLETED,29821.0,321.7,3124.60,3143.59
228,hard,15,09:37:22,09:37:22,16:12:29,COMPLETED,36918.0,395125.5,0.45,23707.92
1063,easy,12,15:19:40,16:11:58,16:13:14,COMPLETED,28624.0,1271.7,3138.22,3214.22
1061,medium,13,15:15:36,16:08:57,16:13:20,COMPLETED,34501.0,4382.9,3201.92,3464.55
1148,easy,12,15:20:56,16:13:26,16:13:39,COMPLETED,28014.0,217.2,3150.95,3163.62
1121,medium,13,15:11:19,16:03:15,16:14:49,COMPLETED,32165.0,11565.6,3116.81,3810.48
1141,medium,14,15:17:50,16:10:34,16:15:02,COMPLETED,27425.0,4470.2,3164.28,3432.22
1095,easy,12,15:21:20,16:13:46,16:15:33,COMPLETED,23758.0,1801.8,3146.01,3253.83
955,hard,15,14:46:14,15:14:09,16:16:30,COMPLETED,27053.0,62363.0,1675.12,5416.70
1090,medium,13,15:22:58,16:15:08,16:16:56,COMPLETED,27192.0,1796.4,3130.55,3238.04
1068,medium,14,15:22:59,16:15:40,16:18:19,COMPLETED,30078.0,2669.2,3161.16,3320.82
811,hard,15,13:29:33,13:35:10,16:19:24,COMPLETED,37241.0,164240.0,337.10,10191.30
1081,medium,13,15:24:09,16:18:26,16:19:37,COMPLETED,27592.0,1193.6,3257.39,3328.53
1159,easy,12,15:22:27,16:14:55,16:19:50,COMPLETED,28425.0,4918.0,3148.81,3443.41
1075,medium,13,15:17:20,16:09:36,16:20:29,COMPLETED,40349.0,10892.5,3136.21,3789.33
1162,easy,12,15:25:19,16:19:30,16:21:46,COMPLETED,26924.0,2268.5,3251.94,3387.76
1115,hard,15,15:24:07,16:16:37,16:22:19,COMPLETED,36407.0,5708.6,3150.04,3492.27
1066,medium,14,15:20:42,16:13:20,16:29:31,COMPLETED,34350.0,16193.2,3158.55,4129.69
1149,easy,12,15:27:38,16:29:38,16:30:23,COMPLETED,25994.0,762.1,3720.23,3765.47
1104,medium,13,15:19:30,16:11:38,16:30:36,COMPLETED,33424.0,18969.6,3128.83,4266.54
1156,easy,11,15:27:56,16:30:43,16:31:21,COMPLETED,34870.0,651.3,3767.12,3805.90
1083,easy,12,15:28:23,16:31:28,16:33:44,COMPLETED,25368.0,2273.2,3785.22,3921.12
1051,easy,11,15:29:37,16:33:50,16:33:57,COMPLETED,19787.0,118.4,3853.66,3860.38
1074,medium,13,15:27:54,16:30:30,16:34:10,COMPLETED,28903.0,3674.1,3756.00,3976.15
973,hard,15,14:54:58,15:34:12,16:34:54,COMPLETED,32977.0,60710.3,2354.45,5996.87
1190,easy,11,15:31:45,16:35:01,16:35:07,COMPLETED,21784.0,111.0,3796.20,3802.56
1006,hard,15,14:55:09,15:36:09,16:35:32,COMPLETED,33634.0,59402.7,2460.06,6023.97
1052,easy,11,15:32:46,16:35:39,16:35:45,COMPLETED,28900.0,112.9,3773.36,3779.78
1041,hard,15,14:05:39,14:27:54,16:37:02,COMPLETED,24506.0,129127.2,1335.65,9083.14
1176,easy,11,15:32:57,16:37:08,16:37:21,COMPLETED,23745.0,219.0,3851.47,3864.25
1094,hard,15,15:27:09,16:20:35,16:39:09,COMPLETED,29208.0,18558.6,3206.87,4320.12
1093,hard,15,15:05:46,15:56:30,16:39:28,COMPLETED,40993.0,42959.7,3044.89,5622.20
1020,medium,14,14:57:14,15:38:29,16:39:47,COMPLETED,34579.0,61309.9,2475.43,6153.74
1145,easy,12,15:33:45,16:39:54,16:40:20,COMPLETED,26032.0,440.0,3969.27,3995.16
1123,easy,11,15:33:59,16:40:26,16:41:11,COMPLETED,36582.0,753.4,3987.71,4032.43
1198,medium,13,15:32:23,16:35:13,16:41:57,COMPLETED,37072.0,6727.7,3770.89,4174.09
1181,easy,11,15:34:08,16:42:03,16:42:23,COMPLETED,26733.0,329.0,4075.63,4095.06
1132,medium,14,15:29:52,16:34:16,16:42:36,COMPLETED,30490.0,8330.0,3864.48,4364.01
1079,easy,11,15:35:06,16:42:29,16:42:48,COMPLETED,31139.0,335.0,4043.39,4062.99
1062,medium,13,15:32:47,16:35:52,16:43:02,COMPLETED,38767.0,7172.2,3785.16,4215.22
1106,easy,11,15:37:19,16:43:08,16:43:28,COMPLETED,28783.0,336.1,3949.55,3969.23
1086,medium,13,15:35:10,16:42:42,16:44:26,COMPLETED,26629.0,1741.5,4052.34,4156.36
1046,hard,15,14:46:45,15:14:34,16:45:11,COMPLETED,32501.0,90623.9,1669.71,7106.96
1175,easy,12,15:38:11,16:43:34,16:45:31,COMPLETED,24938.0,1948.2,3923.77,4040.17
1056,medium,14,15:36:03,16:42:55,16:46:15,COMPLETED,29252.0,3339.5,4012.55,4212.63
1193,medium,14,15:20:07,16:12:29,16:46:28,COMPLETED,31148.0,33977.2,3142.92,5181.32
1134,easy,12,15:39:46,16:46:34,16:47:19,COMPLETED,30920.0,746.1,4008.65,4053.08
1119,medium,14,15:27:06,16:19:56,16:48:10,COMPLETED,42528.0,28223.2,3170.96,4864.07
1143,medium,13,15:34:04,16:41:17,16:48:35,COMPLETED,31840.0,7298.5,4033.96,4471.58
1194,easy,11,15:39:57,16:48:16,16:48:35,COMPLETED,23274.0,324.4,4099.45,4118.58
1064,medium,13,15:38:37,16:44:32,16:49:20,COMPLETED,27445.0,4790.9,3955.89,4243.08
1173,medium,14,15:09:03,16:00:11,16:49:39,COMPLETED,40514.0,49455.7,3068.90,6036.07
1158,easy,11,15:40:37,16:49:45,16:49:58,COMPLETED,24542.0,216.1,4148.41,4161.07
1108,easy,12,15:40:31,16:49:26,16:50:23,COMPLETED,27638.0,955.0,4135.41,4192.41
584,hard,15,11:37:36,11:37:41,16:50:29,COMPLETED,27845.0,312806.1,5.46,18773.73
1131,medium,13,15:40:41,16:50:04,16:50:42,COMPLETED,31912.0,640.6,4163.40,4201.47
929,hard,15,14:14:01,14:42:42,16:51:01,COMPLETED,35281.0,128320.3,1721.90,9420.98
1060,medium,14,15:00:24,15:46:36,16:51:01,COMPLETED,30023.0,64420.9,2772.93,6637.98
1186,easy,11,15:40:42,16:50:29,16:51:01,COMPLETED,29542.0,542.9,4187.73,4219.98
1055,easy,11,15:41:43,16:51:08,16:51:15,COMPLETED,31310.0,120.2,4165.33,4172.08
1171,easy,12,15:42:02,16:51:21,16:51:34,COMPLETED,31386.0,227.1,4159.61,4172.75
1152,medium,13,15:40:20,16:48:41,16:51:54,COMPLETED,27458.0,3209.1,4101.94,4294.18
1146,easy,12,15:41:22,16:50:48,16:51:54,COMPLETED,30030.0,1094.5,4166.88,4232.18
1195,easy,12,15:41:47,16:51:08,16:52:00,COMPLETED,24718.0,878.0,4161.33,4213.60
1168,hard,15,15:20:20,16:12:36,16:52:19,COMPLETED,31343.0,39729.9,3136.30,5519.85
1199,medium,14,15:33:24,16:39:15,16:52:26,COMPLETED,34982.0,13185.2,3951.45,4742.22
1136,easy,12,15:43:19,16:52:26,16:52:32,COMPLETED,24356.0,114.4,4147.22,4153.67
1053,easy,11,15:43:40,16:52:32,16:52:51,COMPLETED,28956.0,325.1,4132.67,4151.85
1147,medium,13,15:42:08,16:51:41,16:53:04,COMPLETED,27562.0,1392.7,4173.27,4256.56
1174,easy,12,15:42:00,16:51:08,16:53:17,COMPLETED,32792.0,2150.8,4148.33,4277.27
1008,hard,15,14:28:09,14:56:05,16:53:23,COMPLETED,38686.0,117309.8,1676.20,8714.60
1102,medium,13,15:42:46,16:52:00,16:53:23,COMPLETED,32305.0,1387.9,4154.60,4237.60
1114,easy,12,15:45:09,16:53:10,16:54:20,COMPLETED,23956.0,1174.6,4081.88,4151.88
1120,medium,13,15:42:26,16:52:00,16:55:32,COMPLETED,26638.0,3532.2,4174.60,4386.09
1189,hard,15,15:29:44,16:34:03,16:56:48,COMPLETED,32311.0,22756.4,3859.80,5224.96
1129,easy,12,15:46:54,16:56:55,16:57:14,COMPLETED,30120.0,322.8,4201.29,4220.32
1142,easy,12,15:47:34,16:57:20,16:57:46,COMPLETED,26136.0,429.3,4186.68,4212.13
1077,medium,13,15:40:49,16:50:36,16:57:58,COMPLETED,31092.0,7384.7,4187.10,4629.88
1110,easy,12,15:47:35,16:57:52,16:58:05,COMPLETED,29456.0,220.0,4217.46,4230.26
1144,hard,15,15:33:06,16:37:27,16:58:43,COMPLETED,35289.0,21264.5,3861.64,5137.28
1164,easy,12,15:48:23,16:58:11,16:59:59,COMPLETED,25066.0,1798.5,4188.70,4296.31
988,hard,15,14:22:59,14:51:32,17:00:05,COMPLETED,32792.0,128548.2,1713.93,9426.64
1089,easy,11,15:48:30,17:00:05,17:00:24,COMPLETED,31015.0,322.4,4295.64,4314.67
1112,easy,11,15:49:29,17:00:12,17:00:31,COMPLETED,30320.0,322.5,4243.01,4262.01
1124,easy,12,15:50:19,17:00:37,17:00:50,COMPLETED,22069.0,216.5,4218.39,4231.07
1042,hard,15,14:40:37,15:07:33,17:01:21,COMPLETED,34539.0,113801.9,1616.72,8444.71
1076,hard,15,15:00:32,15:46:43,17:01:34,COMPLETED,35535.0,74854.1,2771.31,7262.39
889,hard,15,13:37:22,13:45:23,17:02:25,COMPLETED,33829.0,197034.8,481.77,12303.69
1126,medium,13,15:50:20,17:00:56,17:02:38,COMPLETED,30639.0,1715.7,4236.40,4338.86
975,hard,15,14:48:53,15:17:20,17:03:24,COMPLETED,32245.0,106071.7,1707.26,8071.37
1172,medium,13,15:53:43,17:02:45,17:06:05,COMPLETED,33567.0,3347.0,4142.41,4342.81
1103,medium,14,15:43:06,16:52:07,17:07:10,COMPLETED,25422.0,15064.3,4141.18,5044.80
1196,easy,12,15:54:38,17:07:17,17:07:36,COMPLETED,31624.0,334.1,4359.13,4378.84
1128,easy,11,15:55:15,17:07:43,17:08:02,COMPLETED,28127.0,332.5,4348.21,4367.64
1082,medium,13,15:56:11,17:08:09,17:08:53,COMPLETED,28201.0,743.3,4318.21,4362.50
1098,medium,13,15:53:52,17:06:12,17:09:06,COMPLETED,33638.0,2903.5,4340.29,4514.21
375,hard,15,10:42:36,10:42:39,17:09:31,COMPLETED,33786.0,386872.4,3.27,23215.59
1050,medium,14,15:46:34,16:54:27,17:09:31,COMPLETED,38239.0,15074.1,4073.42,4977.59
1153,easy,12,15:59:07,17:09:37,17:10:15,COMPLETED,24984.0,637.6,4230.94,4268.90
982,hard,15,14:18:37,14:49:18,17:10:28,COMPLETED,36023.0,141163.8,1841.91,10311.62
1065,easy,11,15:59:41,17:10:34,17:10:53,COMPLETED,20743.0,321.5,4253.95,4272.94
1192,easy,12,15:58:47,17:09:37,17:11:50,COMPLETED,29428.0,2219.3,4250.94,4383.80
1058,hard,15,15:01:44,15:51:09,17:12:03,COMPLETED,24613.0,80902.7,2965.50,7819.49
1054,medium,14,15:39:21,16:45:37,17:12:28,COMPLETED,30909.0,26855.0,3976.73,5587.82
1113,easy,11,15:59:58,17:12:09,17:12:28,COMPLETED,31515.0,321.7,4331.84,4350.82
1281,easy,12,16:00:43,17:12:35,17:12:47,COMPLETED,23386.0,217.6,4312.16,4324.91
1118,medium,14,15:59:42,17:11:00,17:14:03,COMPLETED,29883.0,3066.1,4278.27,4461.94
1151,medium,13,15:59:39,17:10:22,17:14:35,COMPLETED,29475.0,4226.9,4243.27,4496.60
1163,medium,13,15:53:46,17:03:30,17:14:54,COMPLETED,26036.0,11400.8,4184.82,4868.60
1271,easy,11,16:04:53,17:15:00,17:15:07,COMPLETED,21859.0,110.9,4207.93,4214.28
1309,easy,11,16:04:08,17:14:41,17:15:19,COMPLETED,29078.0,638.9,4233.92,4271.96
1302,medium,13,16:01:12,17:12:54,17:15:51,COMPLETED,24819.0,2961.7,4302.28,4479.69
1318,easy,12,16:05:15,17:15:13,17:15:51,COMPLETED,27496.0,640.1,4198.60,4236.69
1125,hard,15,15:26:06,16:19:44,17:16:04,COMPLETED,32840.0,56342.6,3218.07,6598.41
1341,easy,12,16:01:17,17:14:10,17:16:23,COMPLETED,30534.0,2225.4,4373.27,4506.51
1255,easy,11,16:05:59,17:16:29,17:16:42,COMPLETED,29418.0,216.2,4230.84,4243.51
1169,hard,15,15:50:33,17:01:28,17:17:07,COMPLETED,34096.0,15667.3,4255.03,5194.81
1276,easy,11,16:06:02,17:16:48,17:17:07,COMPLETED,22948.0,321.6,4246.84,4265.81
942,hard,15,14:38:55,15:01:37,17:17:14,COMPLETED,35290.0,135615.9,1362.39,9499.15
139,hard,15,08:44:41,08:44:44,17:17:58,COMPLETED,31640.0,513238.7,3.18,30797.50
1201,easy,12,16:08:20,17:18:04,17:18:11,COMPLETED,28358.0,110.9,4184.83,4191.18
1252,medium,13,16:07:43,17:17:20,17:18:17,COMPLETED,19278.0,954.3,4177.58,4234.50
992,hard,15,14:15:12,14:43:59,17:18:49,COMPLETED,32021.0,154837.2,1727.11,11017.21
1346,easy,11,16:08:20,17:18:17,17:18:49,COMPLETED,27417.0,533.8,4197.50,4229.21
1331,easy,12,16:10:28,17:18:55,17:19:15,COMPLETED,23987.0,335.8,4107.56,4127.28
951,hard,15,14:36:12,15:00:19,17:22:02,COMPLETED,32380.0,141722.6,1447.24,9950.48
1135,medium,14,15:12:25,16:03:47,17:22:40,COMPLETED,26439.0,78884.7,3082.65,7815.59
1272,medium,13,16:08:59,17:18:55,17:23:31,COMPLETED,31170.0,4598.5,4196.56,4472.16
1325,easy,12,16:11:47,17:22:46,17:23:31,COMPLETED,28006.0,743.0,4259.92,4304.16
1092,medium,13,15:53:22,17:01:40,17:23:37,COMPLETED,27065.0,21953.1,4098.72,5415.52
1327,easy,11,16:12:04,17:23:44,17:23:50,COMPLETED,25712.0,111.2,4300.02,4306.40
1301,easy,12,16:12:00,17:23:37,17:24:09,COMPLETED,31905.0,535.5,4297.52,4329.40
1259,easy,12,16:11:55,17:23:37,17:24:15,COMPLETED,29046.0,643.0,4302.52,4340.74
1322,easy,12,16:12:05,17:23:56,17:24:34,COMPLETED,30096.0,640.6,4311.72,4349.87
1234,medium,14,16:07:14,17:17:14,17:24:47,COMPLETED,26615.0,7560.4,4200.15,4653.56
1211,easy,11,16:12:52,17:24:41,17:24:53,COMPLETED,29485.0,217.4,4309.19,4321.89
1244,easy,11,16:12:56,17:24:53,17:25:00,COMPLETED,21893.0,112.0,4317.89,4324.26
1241,easy,11,16:12:58,17:25:00,17:25:06,COMPLETED,24162.0,112.2,4322.26,4328.63
1289,medium,13,16:14:19,17:25:13,17:26:29,COMPLETED,27405.0,1279.7,4254.03,4330.32
1323,easy,11,16:14:25,17:26:35,17:26:42,COMPLETED,26000.0,118.9,4330.85,4337.47
1274,easy,12,16:12:24,17:24:15,17:26:49,COMPLETED,30436.0,2560.3,4311.74,4465.01
1233,medium,13,16:10:34,17:19:21,17:27:46,COMPLETED,31109.0,8418.0,4127.83,4632.45
1223,easy,11,16:16:44,17:27:52,17:27:59,COMPLETED,28706.0,116.8,4268.99,4275.50
1072,medium,14,15:44:25,16:52:39,17:28:32,COMPLETED,30708.0,35889.6,4094.12,6247.17
1178,medium,13,15:48:06,16:58:05,17:29:04,COMPLETED,38336.0,30990.5,4199.26,6058.34
1270,medium,13,16:12:43,17:24:22,17:29:36,COMPLETED,25289.0,5254.2,4299.13,4613.91
1329,easy,11,16:18:16,17:29:10,17:29:36,COMPLETED,30562.0,443.1,4254.90,4280.91
1312,medium,13,16:16:07,17:26:55,17:30:54,COMPLETED,29819.0,3998.8,4248.40,4487.84
721,hard,15,12:40:37,12:43:18,17:31:14,COMPLETED,33494.0,287925.4,161.84,17437.26
1184,medium,14,15:56:42,17:09:12,17:31:20,COMPLETED,33197.0,22144.2,4350.53,5678.72
1243,easy,12,16:18:42,17:31:20,17:31:40,COMPLETED,31664.0,334.1,4358.72,4378.30
1229,medium,13,16:18:20,17:29:43,17:31:46,COMPLETED,29266.0,2065.2,4283.52,4406.83
1242,easy,11,16:21:16,17:31:46,17:32:06,COMPLETED,22583.0,333.5,4230.83,4250.55
1282,easy,12,16:21:33,17:31:53,17:32:06,COMPLETED,25870.0,222.3,4220.51,4233.55
1263,easy,11,16:22:23,17:32:12,17:32:26,COMPLETED,23844.0,227.7,4189.88,4203.27
1315,easy,12,16:21:35,17:32:12,17:32:51,COMPLETED,27165.0,653.5,4237.88,4276.79
1257,easy,12,16:22:47,17:32:58,17:33:17,COMPLETED,27374.0,321.3,4211.12,4230.10
1305,easy,12,16:18:41,17:31:01,17:33:29,COMPLETED,32805.0,2477.6,4340.41,4488.78
1285,easy,11,16:25:08,17:33:36,17:33:42,COMPLETED,24942.0,111.3,4108.11,4114.48
1290,medium,14,16:05:24,17:15:26,17:34:39,COMPLETED,37785.0,19222.9,4202.29,5355.43
1277,easy,12,16:22:42,17:32:32,17:34:39,COMPLETED,32584.0,2118.0,4190.66,4317.43
1200,easy,12,16:25:36,17:34:45,17:35:30,COMPLETED,26333.0,742.4,4149.77,4194.02
1238,easy,11,16:27:04,17:34:45,17:35:30,COMPLETED,31123.0,742.0,4061.77,4106.02
1295,easy,12,16:27:17,17:35:36,17:35:49,COMPLETED,25922.0,217.4,4099.35,4112.05
1311,easy,11,16:27:20,17:35:36,17:35:55,COMPLETED,33174.0,323.2,4096.35,4115.44
1091,medium,14,15:05:01,15:54:34,17:36:01,COMPLETED,38524.0,101457.0,2973.58,9060.82
1222,easy,12,16:28:10,17:35:55,17:36:14,COMPLETED,25398.0,323.4,4065.44,4084.54
1247,easy,11,16:28:32,17:36:08,17:36:27,COMPLETED,23526.0,322.3,4056.20,4075.23
849,hard,15,13:54:06,14:07:58,17:37:11,COMPLETED,32860.0,209217.2,832.60,13385.52
1304,medium,13,16:29:31,17:36:20,17:37:37,COMPLETED,26323.0,1281.6,4009.87,4086.29
1344,medium,14,16:11:08,17:22:08,17:37:50,COMPLETED,33526.0,15699.7,4260.86,5202.42
1249,easy,12,16:31:11,17:37:56,17:38:16,COMPLETED,26720.0,333.4,4005.98,4025.47
1317,easy,12,16:30:53,17:37:43,17:39:40,COMPLETED,27892.0,1947.6,4010.83,4127.19
1239,medium,13,16:29:36,17:36:33,17:40:18,COMPLETED,28490.0,3761.5,4017.57,4242.97
1339,medium,13,16:31:54,17:39:46,17:41:17,COMPLETED,30651.0,1509.8,4072.75,4163.01
1284,medium,13,16:31:47,17:38:23,17:42:47,COMPLETED,27051.0,4417.5,3996.02,4260.78
1314,medium,14,16:05:28,17:15:58,17:43:33,COMPLETED,38896.0,27592.7,4230.03,5885.36
1240,easy,11,16:33:36,17:43:39,17:43:46,COMPLETED,24124.0,111.1,4203.70,4210.06
1210,hard,15,16:16:58,17:28:06,17:44:05,COMPLETED,30559.0,15988.0,4268.04,5227.06
1303,easy,12,16:33:07,17:42:54,17:44:49,COMPLETED,29562.0,1926.1,4187.10,4302.38
1137,hard,15,15:33:31,16:39:34,17:45:02,COMPLETED,31229.0,65460.3,3963.63,7891.07
1310,medium,14,16:31:57,17:40:25,17:45:40,COMPLETED,33584.0,5251.8,4108.29,4423.12
1254,medium,14,16:32:18,17:41:23,17:45:52,COMPLETED,31723.0,4495.4,4145.37,4414.81
1258,easy,12,16:34:39,17:45:59,17:46:37,COMPLETED,29547.0,637.6,4280.15,4318.10
1265,medium,13,16:34:42,17:46:43,17:48:05,COMPLETED,26369.0,1379.6,4321.43,4403.86
1161,hard,15,15:46:21,16:53:29,17:48:12,COMPLETED,35694.0,54708.6,4028.97,7311.24
1216,medium,14,16:29:57,17:37:17,17:48:12,COMPLETED,33532.0,10912.1,4040.87,4695.24
1232,medium,14,16:24:30,17:33:23,17:48:18,COMPLETED,35100.0,14925.9,4133.42,5028.65
1230,medium,13,16:35:52,17:48:25,17:48:50,COMPLETED,28425.0,434.1,4353.05,4378.60
1226,medium,14,16:25:20,17:33:48,17:48:57,COMPLETED,32623.0,15150.8,4108.81,5017.13
1179,hard,15,15:27:19,16:21:53,17:49:10,COMPLETED,33283.0,87293.8,3274.09,8511.58
1130,medium,14,15:46:34,16:55:38,17:49:16,COMPLETED,36807.0,53645.3,4144.63,7362.91
1111,hard,15,15:59:53,17:11:57,17:50:21,COMPLETED,31738.0,38415.1,4324.13,6628.68
1291,medium,14,16:34:06,17:44:11,17:50:54,COMPLETED,28038.0,6720.9,4205.40,4608.22
1308,easy,11,16:37:45,17:51:00,17:51:14,COMPLETED,29435.0,226.8,4395.78,4409.01
1296,easy,12,16:36:56,17:49:04,17:51:59,COMPLETED,29137.0,2928.5,4328.00,4503.23
1348,easy,12,16:37:39,17:49:23,17:52:38,COMPLETED,33235.0,3253.1,4304.59,4499.30
1267,easy,11,16:38:12,17:52:05,17:52:44,COMPLETED,28039.0,660.6,4433.79,4472.84
1204,easy,12,16:38:50,17:52:44,17:52:57,COMPLETED,26053.0,224.6,4434.84,4447.83
1287,easy,11,16:39:14,17:53:04,17:53:10,COMPLETED,23264.0,118.0,4430.37,4436.95
1220,medium,14,16:37:45,17:50:28,17:54:54,COMPLETED,31477.0,4434.6,4363.25,4629.04
1264,easy,11,16:40:00,17:55:00,17:55:13,COMPLETED,29177.0,216.3,4500.38,4513.04
1250,easy,12,16:40:02,17:55:19,17:55:38,COMPLETED,24119.0,321.6,4517.38,4536.38
1070,medium,14,15:46:33,16:53:29,17:55:51,COMPLETED,28531.0,62354.1,4016.97,7758.08
1335,medium,13,16:37:20,17:49:16,17:55:57,COMPLETED,31466.0,6680.3,4316.91,4717.41
1337,medium,14,16:34:59,17:48:18,17:57:00,COMPLETED,32196.0,8708.0,4399.65,4921.81
1165,medium,14,15:50:19,17:00:31,17:57:26,COMPLETED,29270.0,56925.3,4212.01,7627.32
1316,medium,14,16:35:12,17:48:18,17:57:58,COMPLETED,26190.0,9661.8,4386.65,4966.13
1334,easy,12,16:41:06,17:55:57,17:57:58,COMPLETED,26494.0,2017.0,4491.41,4612.13
1206,easy,12,16:42:13,17:58:04,17:58:10,COMPLETED,23635.0,112.4,4551.47,4557.87
1345,medium,13,16:36:31,17:48:57,17:58:23,COMPLETED,29106.0,9446.5,4346.13,4912.63
1340,medium,14,16:40:38,17:55:44,17:58:29,COMPLETED,36017.0,2761.0,4506.70,4671.99
1203,medium,13,16:42:36,17:58:29,17:58:55,COMPLETED,24680.0,428.8,4553.99,4579.42
1225,easy,12,16:41:35,17:57:07,17:59:20,COMPLETED,28344.0,2230.4,4532.20,4665.73
1332,easy,12,16:43:47,17:59:27,17:59:46,COMPLETED,34006.0,321.3,4540.08,4559.05
135,hard,15,08:52:01,08:52:04,18:00:00,UNFINISHED,-1,-1,-1
266,hard,15,09:30:00,09:30:03,18:00:00,UNFINISHED,-1,-1,-1
378,hard,15,10:50:45,10:50:45,18:00:00,UNFINISHED,-1,-1,-1
559,hard,15,11:08:44,11:08:47,18:00:00,UNFINISHED,-1,-1,-1
469,hard,15,11:20:09,11:20:15,18:00:00,UNFINISHED,-1,-1,-1
543,hard,15,11:22:28,11:22:30,18:00:00,UNFINISHED,-1,-1,-1
507,hard,15,11:37:19,11:37:22,18:00:00,UNFINISHED,-1,-1,-1
472,hard,15,11:52:54,11:53:25,18:00:00,UNFINISHED,-1,-1,-1
570,hard,15,11:59:55,12:00:05,18:00:00,UNFINISHED,-1,-1,-1
618,hard,15,12:02:34,12:02:37,18:00:00,UNFINISHED,-1,-1,-1
771,hard,15,13:02:56,13:02:58,18:00:00,UNFINISHED,-1,-1,-1
841,hard,15,13:08:56,13:08:58,18:00:00,UNFINISHED,-1,-1,-1
807,hard,15,13:27:00,13:29:59,18:00:00,UNFINISHED,-1,-1,-1
846,hard,15,13:27:17,13:31:27,18:00:00,UNFINISHED,-1,-1,-1
753,hard,15,13:30:16,13:36:14,18:00:00,UNFINISHED,-1,-1,-1
893,medium,14,13:36:23,13:43:55,18:00:00,UNFINISHED,-1,-1,-1
871,hard,15,13:39:22,13:48:46,18:00:00,UNFINISHED,-1,-1,-1
789,hard,15,13:45:24,13:57:23,18:00:00,UNFINISHED,-1,-1,-1
890,hard,15,13:50:20,14:04:15,18:00:00,UNFINISHED,-1,-1,-1
1022,hard,15,14:01:35,14:19:07,18:00:00,UNFINISHED,-1,-1,-1
903,medium,14,14:02:58,14:20:04,18:00:00,UNFINISHED,-1,-1,-1
974,hard,15,14:24:55,14:53:26,18:00:00,UNFINISHED,-1,-1,-1
958,hard,15,14:35:29,14:59:40,18:00:00,UNFINISHED,-1,-1,-1
1025,hard,15,14:35:33,14:59:47,18:00:00,UNFINISHED,-1,-1,-1
963,hard,15,14:51:16,15:17:52,18:00:00,UNFINISHED,-1,-1,-1
1067,hard,15,15:03:12,15:52:00,18:00:00,UNFINISHED,-1,-1,-1
1182,hard,15,15:14:48,16:08:51,18:00:00,UNFINISHED,-1,-1,-1
1180,hard,15,15:24:09,16:17:02,18:00:00,UNFINISHED,-1,-1,-1
1177,hard,15,15:27:31,16:22:25,18:00:00,UNFINISHED,-1,-1,-1
1140,hard,15,15:39:10,16:45:18,18:00:00,UNFINISHED,-1,-1,-1
1138,hard,15,15:39:32,16:46:21,18:00:00,UNFINISHED,-1,-1,-1
1105,hard,15,15:39:48,16:47:25,18:00:00,UNFINISHED,-1,-1,-1
1057,hard,15,15:40:17,16:48:41,18:00:00,UNFINISHED,-1,-1,-1
1183,hard,15,15:44:59,16:52:58,18:00:00,UNFINISHED,-1,-1,-1
1101,hard,15,15:45:10,16:53:23,18:00:00,UNFINISHED,-1,-1,-1
1167,hard,15,15:48:25,16:58:49,18:00:00,UNFINISHED,-1,-1,-1
1087,hard,15,15:53:27,17:02:32,18:00:00,UNFINISHED,-1,-1,-1
1127,hard,15,15:56:32,17:08:59,18:00:00,UNFINISHED,-1,-1,-1
1212,hard,15,16:00:17,17:12:35,18:00:00,UNFINISHED,-1,-1,-1
1217,medium,14,16:05:40,17:15:58,18:00:00,UNFINISHED,-1,-1,-1
1275,hard,15,16:05:48,17:16:10,18:00:00,UNFINISHED,-1,-1,-1
1280,hard,15,16:06:31,17:17:14,18:00:00,UNFINISHED,-1,-1,-1
1307,medium,14,16:08:49,17:18:23,18:00:00,UNFINISHED,-1,-1,-1
1215,hard,15,16:13:46,17:25:06,18:00:00,UNFINISHED,-1,-1,-1
1319,hard,15,16:15:39,17:26:49,18:00:00,UNFINISHED,-1,-1,-1
1260,hard,15,16:18:02,17:28:38,18:00:00,UNFINISHED,-1,-1,-1
1209,medium,14,16:18:27,17:29:43,18:00:00,UNFINISHED,-1,-1,-1
1245,hard,15,16:20:08,17:31:27,18:00:00,UNFINISHED,-1,-1,-1
1214,hard,15,16:28:20,17:36:01,18:00:00,UNFINISHED,-1,-1,-1
1293,medium,14,16:33:58,17:43:52,18:00:00,UNFINISHED,-1,-1,-1
1227,medium,14,16:34:06,17:44:55,18:00:00,UNFINISHED,-1,-1,-1
1207,medium,14,16:34:14,17:45:08,18:00:00,UNFINISHED,-1,-1,-1
1218,hard,15,16:34:14,17:45:46,18:00:00,UNFINISHED,-1,-1,-1
1213,medium,14,16:34:44,17:48:12,18:00:00,UNFINISHED,-1,-1,-1
1208,hard,15,16:38:11,17:51:20,18:00:00,UNFINISHED,-1,-1,-1
1228,medium,13,16:39:09,17:52:51,18:00:00,UNFINISHED,-1,-1,-1
1246,hard,15,16:39:23,17:53:17,18:00:00,UNFINISHED,-1,-1,-1
1236,medium,13,16:41:22,17:56:03,18:00:00,UNFINISHED,-1,-1,-1
1338,medium,14,16:42:12,17:57:32,18:00:00,UNFINISHED,-1,-1,-1
1261,medium,14,16:42:31,17:58:04,18:00:00,UNFINISHED,-1,-1,-1
1299,medium,14,16:42:35,17:58:17,18:00:00,UNFINISHED,-1,-1,-1
1237,medium,14,16:42:52,17:58:36,18:00:00,UNFINISHED,-1,-1,-1
1286,hard,15,16:43:34,17:59:01,18:00:00,UNFINISHED,-1,-1,-1
1300,easy,11,16:44:34,17:59:52,18:00:00,UNFINISHED,-1,-1,-1
1324,easy,11,16:45:04,-,-,IGNORED,-1,-1
1279,easy,11,16:45:10,-,-,IGNORED,-1,-1
1342,easy,11,16:45:18,-,-,IGNORED,-1,-1
1268,medium,14,16:45:20,-,-,IGNORED,-1,-1
1294,easy,11,16:46:30,-,-,IGNORED,-1,-1
1202,hard,15,16:46:51,-,-,IGNORED,-1,-1
1235,easy,12,16:47:06,-,-,IGNORED,-1,-1
1278,easy,12,16:47:16,-,-,IGNORED,-1,-1
1283,hard,15,16:47:46,-,-,IGNORED,-1,-1
1326,hard,15,16:47:49,-,-,IGNORED,-1,-1
1313,medium,14,16:48:28,-,-,IGNORED,-1,-1
1306,easy,11,16:48:37,-,-,IGNORED,-1,-1
1298,easy,12,16:48:46,-,-,IGNORED,-1,-1
1253,medium,14,16:49:15,-,-,IGNORED,-1,-1
1320,easy,12,16:49:32,-,-,IGNORED,-1,-1
1297,easy,12,16:49:33,-,-,IGNORED,-1,-1
1321,easy,12,16:49:57,-,-,IGNORED,-1,-1
1269,medium,13,16:50:18,-,-,IGNORED,-1,-1
1347,easy,12,16:51:33,-,-,IGNORED,-1,-1
1336,medium,13,16:51:39,-,-,IGNORED,-1,-1
1224,medium,13,16:51:44,-,-,IGNORED,-1,-1
1349,medium,14,16:52:42,-,-,IGNORED,-1,-1
1248,easy,11,16:53:10,-,-,IGNORED,-1,-1
1266,easy,12,16:53:48,-,-,IGNORED,-1,-1
1256,easy,11,16:53:55,-,-,IGNORED,-1,-1
1288,easy,12,16:54:02,-,-,IGNORED,-1,-1
1328,easy,11,16:55:10,-,-,IGNORED,-1,-1
1333,medium,13,16:55:14,-,-,IGNORED,-1,-1
1262,easy,12,16:55:39,-,-,IGNORED,-1,-1
1251,medium,13,16:55:39,-,-,IGNORED,-1,-1
1205,medium,13,16:56:54,-,-,IGNORED,-1,-1
1330,hard,15,16:57:04,-,-,IGNORED,-1,-1
1292,easy,12,16:57:19,-,-,IGNORED,-1,-1
1231,easy,12,16:57:47,-,-,IGNORED,-1,-1
1343,easy,11,16:58:36,-,-,IGNORED,-1,-1
1219,medium,14,16:59:25,-,-,IGNORED,-1,-1
1221,medium,13,16:59:51,-,-,IGNORED,-1,-1
1273,medium,14,16:59:52,-,-,IGNORED,-1,-1
