task_id,difficulty,n,arrival_sim,start_sim,end_sim,status,cost,real_duration_sec,waiting_time_mili_sec,time_in_system_mili_sec
93,easy,11,08:00:19,08:00:24,08:01:00,COMPLETED,30117.0,605.6,5.51,41.78
74,easy,11,08:01:05,08:01:06,08:01:43,COMPLETED,28436.0,605.7,1.88,38.19
114,medium,13,08:00:57,08:01:00,08:03:14,COMPLETED,34889.0,2221.7,3.78,137.03
101,medium,13,08:01:52,08:01:55,08:03:50,COMPLETED,31008.0,1921.9,3.29,118.55
102,medium,14,08:00:07,08:00:12,08:04:08,COMPLETED,37036.0,3947.8,5.09,241.93
78,medium,14,08:00:41,08:00:42,08:04:08,COMPLETED,32919.0,3439.6,1.62,207.93
115,medium,13,08:04:02,08:04:02,08:04:27,COMPLETED,29554.0,408.0,0.75,25.17
8,easy,12,08:05:08,08:05:09,08:07:23,COMPLETED,28857.0,2236.2,1.81,135.91
20,medium,13,08:06:06,08:06:10,08:07:42,COMPLETED,25854.0,1528.6,4.69,96.23
136,easy,11,08:08:12,08:08:12,08:08:49,COMPLETED,29329.0,616.7,0.97,37.86
25,easy,11,08:09:42,08:09:44,08:09:56,COMPLETED,28288.0,205.4,2.76,14.99
3,medium,13,08:06:21,08:06:22,08:10:15,COMPLETED,29154.0,3873.3,1.95,234.30
16,medium,13,08:08:03,08:08:06,08:10:57,COMPLETED,34163.0,2855.6,3.75,174.98
79,easy,12,08:10:55,08:10:57,08:12:05,COMPLETED,23750.0,1121.1,2.98,70.19
122,easy,12,08:11:56,08:11:59,08:12:35,COMPLETED,24730.0,614.3,3.02,39.80
32,medium,14,08:04:48,08:04:51,08:12:48,COMPLETED,24348.0,7943.4,3.43,480.01
47,medium,14,08:07:38,08:07:42,08:12:48,COMPLETED,28116.0,5097.3,4.23,310.01
68,easy,12,08:10:52,08:10:57,08:12:48,COMPLETED,34751.0,1835.3,5.98,116.01
30,medium,13,08:00:52,08:00:54,08:13:06,COMPLETED,30265.0,12193.4,2.71,734.30
65,easy,12,08:12:25,08:12:29,08:13:30,COMPLETED,32430.0,1019.9,4.66,65.73
120,medium,14,08:02:37,08:02:37,08:14:19,COMPLETED,37396.0,11698.4,0.69,702.55
76,easy,12,08:14:04,08:14:07,08:14:25,COMPLETED,32417.0,308.7,3.33,21.73
18,easy,12,08:16:15,08:16:16,08:16:28,COMPLETED,26735.0,207.9,1.15,13.47
119,easy,11,08:16:19,08:16:22,08:16:34,COMPLETED,24186.0,208.6,3.32,15.68
107,medium,13,08:13:08,08:13:12,08:16:47,COMPLETED,34737.0,3581.5,4.40,219.07
62,easy,12,08:16:02,08:16:03,08:17:36,COMPLETED,31702.0,1547.6,1.81,94.35
4,medium,13,08:15:21,08:15:26,08:18:01,COMPLETED,27370.0,2572.0,5.89,160.12
146,easy,11,08:19:09,08:19:14,08:19:21,COMPLETED,23825.0,105.8,5.91,12.17
28,hard,15,08:12:12,08:12:17,08:19:45,COMPLETED,23481.0,7471.2,5.41,453.62
117,medium,13,08:17:31,08:17:36,08:20:10,COMPLETED,31225.0,2566.3,5.35,159.19
24,medium,13,08:17:38,08:17:42,08:20:16,COMPLETED,26567.0,2563.2,4.73,158.39
75,medium,14,08:08:39,08:08:43,08:20:22,COMPLETED,37611.0,11649.7,4.62,703.55
6,easy,11,08:20:27,08:20:28,08:20:40,COMPLETED,30744.0,205.3,1.67,13.96
147,easy,12,08:21:04,08:21:05,08:21:23,COMPLETED,25230.0,307.3,1.34,19.73
110,easy,11,08:21:15,08:21:17,08:21:29,COMPLETED,25230.0,205.7,2.59,14.85
63,easy,11,08:21:57,08:22:00,08:22:06,COMPLETED,20041.0,104.0,3.36,9.50
7,easy,12,08:17:35,08:17:36,08:22:31,COMPLETED,38764.0,4910.6,1.35,296.01
149,medium,13,08:16:46,08:16:47,08:22:43,COMPLETED,28112.0,5936.8,1.07,357.22
70,easy,12,08:22:11,08:22:12,08:23:07,COMPLETED,24646.0,921.0,1.63,56.74
31,medium,13,08:20:26,08:20:28,08:23:13,COMPLETED,35564.0,2755.5,2.67,167.94
49,easy,11,08:22:50,08:22:55,08:23:13,COMPLETED,32442.0,309.2,5.49,23.94
140,hard,15,08:01:23,08:01:25,08:23:20,COMPLETED,31658.0,21917.5,2.03,1317.07
133,easy,12,08:22:11,08:22:12,08:23:56,COMPLETED,38241.0,1734.1,1.63,105.64
69,medium,13,08:24:12,08:24:14,08:25:03,COMPLETED,18566.0,816.7,2.99,51.93
36,medium,13,08:23:04,08:23:07,08:25:34,COMPLETED,25760.0,2446.3,3.74,150.44
77,medium,14,08:24:01,08:24:02,08:25:40,COMPLETED,28518.0,1632.0,1.76,99.55
123,easy,11,08:25:52,08:25:52,08:26:05,COMPLETED,27897.0,207.1,0.80,13.19
126,medium,14,08:13:28,08:13:30,08:26:17,COMPLETED,36179.0,12779.0,2.73,769.42
104,medium,13,08:24:11,08:24:14,08:26:23,COMPLETED,27559.0,2144.5,3.99,132.53
89,easy,12,08:25:39,08:25:40,08:26:23,COMPLETED,26112.0,718.9,1.55,44.53
87,easy,11,08:27:15,08:27:18,08:27:30,COMPLETED,19140.0,206.4,3.47,15.71
48,hard,15,08:23:07,08:23:07,08:27:36,COMPLETED,26972.0,4486.4,0.74,269.89
100,medium,13,08:26:18,08:26:23,08:27:49,COMPLETED,30582.0,1428.5,5.53,91.16
33,easy,11,08:27:28,08:27:30,08:27:55,COMPLETED,22620.0,410.8,2.71,27.27
15,easy,11,08:28:20,08:28:25,08:28:38,COMPLETED,31601.0,205.7,5.79,18.05
134,easy,12,08:28:15,08:28:19,08:29:02,COMPLETED,26673.0,715.6,4.65,47.51
108,hard,15,08:03:22,08:03:26,08:29:08,COMPLETED,30930.0,25706.8,4.23,1546.62
66,easy,11,08:29:32,08:29:32,08:29:57,COMPLETED,31526.0,409.6,1.00,25.53
11,hard,15,08:06:34,08:06:35,08:30:58,COMPLETED,39806.0,24397.3,1.14,1464.86
148,easy,11,08:30:53,08:30:58,08:31:05,COMPLETED,24726.0,108.3,5.86,12.18
145,easy,12,08:29:29,08:29:32,08:31:11,COMPLETED,30315.0,1641.3,4.00,102.40
127,medium,13,08:25:53,08:25:59,08:31:29,COMPLETED,25327.0,5513.8,6.03,336.73
125,easy,12,08:31:42,08:31:42,08:32:00,COMPLETED,31593.0,312.1,0.11,18.71
23,medium,14,08:08:35,08:08:37,08:32:06,COMPLETED,33721.0,23491.6,2.39,1411.86
29,medium,13,08:31:34,08:31:35,08:33:02,COMPLETED,28447.0,1439.9,1.95,88.26
14,medium,13,08:30:01,08:30:03,08:33:14,COMPLETED,30788.0,3182.0,2.64,193.50
144,easy,12,08:32:38,08:32:43,08:34:21,COMPLETED,30260.0,1636.6,5.75,103.86
22,easy,12,08:33:40,08:33:45,08:34:21,COMPLETED,26525.0,614.9,5.08,41.86
82,easy,12,08:33:36,08:33:38,08:34:58,COMPLETED,31415.0,1328.8,2.94,82.58
135,medium,14,08:30:26,08:30:28,08:35:41,COMPLETED,34298.0,5220.8,2.18,315.35
52,medium,13,08:33:59,08:34:03,08:35:59,COMPLETED,26591.0,1939.1,4.44,120.71
106,medium,14,08:25:47,08:25:52,08:36:42,COMPLETED,33378.0,10829.9,5.80,655.54
105,hard,15,08:21:03,08:21:05,08:37:19,COMPLETED,35092.0,16231.2,2.34,976.16
10,medium,14,08:04:54,08:04:57,08:37:55,COMPLETED,32326.0,32970.8,3.60,1981.84
39,medium,14,08:35:53,08:35:53,08:38:45,COMPLETED,33672.0,2860.3,0.56,172.06
121,medium,13,08:38:23,08:38:26,08:38:45,COMPLETED,31840.0,313.2,3.46,22.06
67,medium,14,08:36:34,08:36:36,08:39:34,COMPLETED,34389.0,2968.2,2.39,180.40
132,easy,12,08:39:25,08:39:28,08:39:52,COMPLETED,32478.0,415.4,3.24,27.96
81,easy,11,08:39:43,08:39:46,08:39:52,COMPLETED,31883.0,108.8,3.69,9.96
41,medium,14,08:27:43,08:27:43,08:40:54,COMPLETED,34869.0,13196.7,0.00,791.72
21,medium,14,08:28:47,08:28:50,08:41:25,COMPLETED,32959.0,12589.0,3.25,758.51
45,easy,11,08:41:11,08:41:13,08:41:31,COMPLETED,27520.0,313.6,2.17,20.71
5,medium,14,08:37:45,08:37:49,08:41:44,COMPLETED,33798.0,3909.7,4.67,239.19
92,easy,12,08:41:29,08:41:31,08:42:14,COMPLETED,28009.0,722.1,2.71,45.89
141,medium,14,08:34:05,08:34:09,08:42:33,COMPLETED,24996.0,8401.3,4.60,508.49
73,easy,11,08:42:33,08:42:33,08:42:39,COMPLETED,23705.0,107.2,0.49,6.78
91,medium,13,08:42:18,08:42:21,08:42:58,COMPLETED,26328.0,625.1,3.09,40.26
44,easy,12,08:41:48,08:41:50,08:43:04,COMPLETED,32993.0,1242.3,2.30,76.70
130,medium,13,08:38:23,08:38:26,08:43:17,COMPLETED,31326.0,4844.4,3.46,294.06
88,easy,12,08:43:27,08:43:29,08:43:35,COMPLETED,29218.0,105.5,2.44,8.64
138,hard,15,08:34:32,08:34:34,08:44:19,COMPLETED,30322.0,9751.1,2.11,587.12
56,medium,13,08:43:16,08:43:17,08:44:55,COMPLETED,26948.0,1649.3,1.06,99.99
124,medium,13,08:42:56,08:42:58,08:45:02,COMPLETED,34836.0,2064.5,2.26,126.13
40,easy,11,08:44:41,08:44:43,08:45:08,COMPLETED,31057.0,412.8,2.64,27.29
139,medium,14,08:38:11,08:38:14,08:46:46,COMPLETED,32311.0,8539.7,3.15,515.46
27,easy,12,08:46:39,08:46:40,08:48:12,COMPLETED,32580.0,1537.0,1.26,93.38
64,easy,11,08:47:28,08:47:29,08:48:24,COMPLETED,24092.0,921.9,1.41,56.64
26,medium,13,08:47:25,08:47:29,08:48:43,COMPLETED,34173.0,1230.8,4.41,78.09
50,medium,14,08:47:21,08:47:23,08:49:07,COMPLETED,31711.0,1742.5,2.22,106.66
109,easy,12,08:48:37,08:48:43,08:49:13,COMPLETED,31823.0,515.1,6.09,36.81
9,easy,12,08:49:51,08:49:56,08:50:03,COMPLETED,24381.0,108.1,5.86,12.16
17,easy,12,08:48:32,08:48:36,08:50:21,COMPLETED,31470.0,1751.8,4.91,109.82
97,medium,13,08:40:34,08:40:36,08:52:55,COMPLETED,34798.0,12322.7,2.15,741.43
42,medium,13,08:53:38,08:53:38,08:55:30,COMPLETED,29506.0,1864.6,0.83,112.66
112,medium,14,08:51:15,08:51:17,08:55:49,COMPLETED,35148.0,4537.4,2.15,274.25
1,easy,11,08:55:35,08:55:36,08:55:55,COMPLETED,23064.0,312.8,1.84,20.47
71,hard,15,08:21:50,08:21:54,08:56:01,COMPLETED,32780.0,34124.4,4.22,2051.64
98,easy,12,08:54:11,08:54:16,08:56:01,COMPLETED,30834.0,1758.0,5.27,110.64
131,easy,12,08:56:17,08:56:20,08:56:32,COMPLETED,27788.0,209.9,3.18,15.57
57,easy,11,08:56:31,08:56:32,08:56:38,COMPLETED,27008.0,107.1,1.57,7.85
53,easy,12,08:56:37,08:56:38,08:57:03,COMPLETED,29018.0,416.2,1.85,26.67
116,easy,12,08:56:39,08:56:45,08:57:53,COMPLETED,29498.0,1136.7,6.08,74.08
34,medium,14,08:45:58,08:46:03,08:58:11,COMPLETED,33895.0,12138.5,5.43,733.64
96,easy,11,08:57:49,08:57:53,08:58:11,COMPLETED,22614.0,312.1,4.08,22.64
54,easy,11,08:58:20,08:58:23,08:58:30,COMPLETED,24523.0,105.8,3.98,10.18
95,easy,11,08:59:06,08:59:07,08:59:19,COMPLETED,22613.0,209.8,1.27,13.68
58,medium,13,08:54:11,08:54:16,08:59:32,COMPLETED,30857.0,5265.0,5.27,321.05
35,easy,11,08:59:42,08:59:44,09:00:02,COMPLETED,22940.0,312.5,2.39,20.98
99,hard,15,08:36:22,08:36:24,09:00:15,COMPLETED,30729.0,23855.3,2.11,1433.38
46,medium,13,08:55:49,08:55:49,09:00:15,COMPLETED,31524.0,4437.7,0.25,266.38
83,easy,11,08:59:56,08:59:56,09:00:15,COMPLETED,27320.0,313.0,0.76,19.38
103,hard,15,08:44:49,08:44:49,09:00:40,COMPLETED,28073.0,15842.3,0.82,951.20
94,medium,14,08:55:41,08:55:43,09:00:40,COMPLETED,27868.0,4956.7,2.05,299.20
243,easy,11,09:00:27,09:00:27,09:00:46,COMPLETED,31980.0,317.7,0.72,19.56
158,easy,11,09:01:35,09:01:36,09:01:42,COMPLETED,28296.0,110.0,1.42,7.79
292,easy,11,09:01:46,09:01:49,09:01:55,COMPLETED,24870.0,112.4,3.06,9.43
270,easy,11,09:01:57,09:02:01,09:02:08,COMPLETED,24757.0,109.1,4.86,11.06
189,easy,12,09:01:53,09:01:55,09:02:14,COMPLETED,30585.0,320.7,2.43,21.46
276,easy,11,09:02:04,09:02:08,09:02:26,COMPLETED,19530.0,319.4,4.06,22.98
215,easy,12,09:03:40,09:03:41,09:04:06,COMPLETED,37785.0,421.1,1.61,26.83
231,easy,11,09:04:35,09:04:37,09:04:56,COMPLETED,33631.0,318.8,2.79,21.65
2,hard,15,08:56:52,08:56:57,09:05:09,COMPLETED,31922.0,8198.0,5.46,497.21
232,easy,12,09:03:38,09:03:41,09:06:11,COMPLETED,35970.0,2498.6,3.61,153.28
284,easy,11,09:06:21,09:06:23,09:06:36,COMPLETED,25165.0,213.4,2.80,15.42
156,easy,11,09:06:34,09:06:36,09:06:48,COMPLETED,30680.0,209.2,2.42,14.79
171,easy,12,09:07:23,09:07:25,09:07:38,COMPLETED,26536.0,210.3,2.81,15.26
72,medium,14,08:44:07,08:44:12,09:07:44,COMPLETED,37363.0,23529.2,5.77,1417.46
197,easy,12,09:07:28,09:07:32,09:07:50,COMPLETED,29114.0,312.8,4.03,22.64
216,easy,11,09:08:26,09:08:27,09:08:33,COMPLETED,29796.0,105.6,1.58,7.77
59,medium,14,08:43:47,08:43:48,09:09:10,COMPLETED,35136.0,25380.6,1.03,1523.80
278,easy,11,09:09:15,09:09:16,09:09:35,COMPLETED,41538.0,311.3,1.97,20.48
297,medium,13,09:08:43,09:08:46,09:11:14,COMPLETED,30008.0,2474.6,3.14,151.47
168,medium,13,09:09:37,09:09:41,09:11:26,COMPLETED,28069.0,1755.2,4.67,109.84
252,medium,13,09:10:16,09:10:18,09:11:45,COMPLETED,31139.0,1450.4,2.68,89.47
282,medium,13,09:10:19,09:10:24,09:12:29,COMPLETED,30206.0,2079.6,5.91,130.48
0,medium,14,08:58:48,08:58:48,09:12:48,COMPLETED,29031.0,13997.9,0.65,840.34
246,medium,13,09:12:15,09:12:16,09:13:01,COMPLETED,35692.0,741.6,1.80,46.05
84,hard,15,08:30:06,08:30:09,09:13:07,COMPLETED,30806.0,42961.1,3.78,2581.36
299,easy,12,09:12:33,09:12:35,09:13:39,COMPLETED,31081.0,1060.5,2.78,66.06
268,easy,11,09:12:07,09:12:10,09:14:16,COMPLETED,32641.0,2105.5,3.58,129.76
220,easy,12,09:10:56,09:11:02,09:14:22,COMPLETED,32755.0,3353.7,6.07,206.96
250,easy,12,09:11:46,09:11:51,09:14:41,COMPLETED,27961.0,2838.3,5.78,175.94
271,medium,14,09:00:03,09:00:09,09:15:00,COMPLETED,25030.0,14859.2,6.17,897.53
13,medium,14,08:10:35,08:10:39,09:15:06,COMPLETED,36754.0,64453.6,4.67,3871.85
234,easy,12,09:14:22,09:14:22,09:15:25,COMPLETED,28940.0,1046.1,0.96,63.58
267,easy,11,09:15:42,09:15:44,09:16:03,COMPLETED,26417.0,317.4,2.22,21.02
151,easy,12,09:15:50,09:15:50,09:16:09,COMPLETED,29202.0,316.6,0.59,19.32
164,easy,11,09:16:14,09:16:15,09:16:28,COMPLETED,23693.0,214.6,1.63,14.24
265,easy,11,09:16:31,09:16:34,09:16:40,COMPLETED,29085.0,110.7,3.55,9.93
228,easy,12,09:16:51,09:16:53,09:17:12,COMPLETED,27765.0,317.9,2.50,21.14
269,easy,11,09:17:10,09:17:12,09:17:31,COMPLETED,35762.0,318.8,2.14,21.20
12,medium,14,08:56:13,08:56:13,09:18:08,COMPLETED,34807.0,21908.8,0.96,1315.40
206,medium,14,09:10:17,09:10:18,09:19:16,COMPLETED,30825.0,8964.1,1.68,539.45
173,easy,11,09:19:22,09:19:22,09:19:28,COMPLETED,33656.0,107.3,0.65,6.88
240,easy,11,09:19:24,09:19:28,09:19:35,COMPLETED,21829.0,108.0,4.88,11.11
196,medium,13,09:08:39,09:08:39,09:20:06,COMPLETED,22385.0,11438.5,0.94,687.13
161,medium,13,09:18:16,09:18:20,09:20:06,COMPLETED,25778.0,1759.1,4.75,110.13
248,easy,12,09:19:33,09:19:35,09:20:06,COMPLETED,24878.0,519.6,2.11,33.13
274,medium,13,09:13:23,09:13:26,09:20:12,COMPLETED,31818.0,6771.4,3.18,409.35
128,medium,14,08:42:44,08:42:45,09:21:07,COMPLETED,33710.0,38367.5,1.97,2303.96
85,hard,15,08:13:17,08:13:18,09:21:45,COMPLETED,36153.0,68441.9,1.52,4108.00
227,easy,11,09:22:39,09:22:40,09:22:47,COMPLETED,23712.0,110.9,1.65,8.11
167,easy,12,09:22:17,09:22:22,09:22:59,COMPLETED,28713.0,630.6,5.08,42.64
272,easy,12,09:22:44,09:22:47,09:23:24,COMPLETED,32495.0,628.0,3.11,40.63
162,medium,14,09:19:04,09:19:04,09:24:27,COMPLETED,32285.0,5391.1,0.00,323.08
289,easy,12,09:24:24,09:24:27,09:24:39,COMPLETED,22847.0,215.6,3.08,15.85
153,medium,14,09:13:31,09:13:32,09:25:11,COMPLETED,32458.0,11649.1,1.59,700.23
187,easy,12,09:24:23,09:24:27,09:25:11,COMPLETED,29273.0,742.5,4.08,48.23
237,easy,12,09:24:40,09:24:46,09:25:23,COMPLETED,28450.0,634.5,6.16,43.98
298,medium,13,09:21:57,09:21:57,09:26:07,COMPLETED,30760.0,4180.8,0.37,250.87
199,easy,11,09:27:06,09:27:10,09:27:16,COMPLETED,23428.0,109.5,4.66,10.98
118,hard,15,08:55:22,08:55:24,09:27:29,COMPLETED,25974.0,32086.0,2.47,1927.52
286,easy,12,09:27:09,09:27:10,09:27:29,COMPLETED,28560.0,316.5,1.66,20.52
294,medium,13,09:27:05,09:27:10,09:28:13,COMPLETED,29525.0,1050.6,5.66,68.51
223,easy,12,09:27:40,09:27:42,09:28:25,COMPLETED,30143.0,733.9,2.04,45.91
183,medium,14,09:12:54,09:12:54,09:29:40,COMPLETED,33491.0,16767.5,0.66,1006.60
230,easy,11,09:29:21,09:29:21,09:29:53,COMPLETED,25436.0,523.6,0.83,32.06
174,easy,11,09:29:33,09:29:34,09:29:59,COMPLETED,25451.0,420.4,1.31,26.29
86,hard,15,08:07:31,08:07:36,09:30:05,COMPLETED,34163.0,82491.2,5.12,4954.57
203,easy,12,09:29:33,09:29:34,09:30:11,COMPLETED,28901.0,627.0,1.31,38.79
55,hard,15,08:43:16,08:43:17,09:30:24,COMPLETED,34137.0,47120.3,1.06,2828.25
205,easy,12,09:29:26,09:29:28,09:30:30,COMPLETED,30315.0,1042.9,2.07,64.46
208,medium,13,09:28:51,09:28:56,09:31:26,COMPLETED,29523.0,2490.0,5.93,155.16
198,medium,14,09:26:04,09:26:07,09:31:50,COMPLETED,36878.0,5719.9,3.87,346.92
137,medium,13,08:53:21,08:53:26,09:32:09,COMPLETED,34471.0,38721.1,5.30,2328.52
253,easy,12,09:32:20,09:32:21,09:32:46,COMPLETED,28529.0,417.7,1.89,26.78
225,easy,12,09:32:03,09:32:03,09:32:59,COMPLETED,27888.0,934.1,0.30,56.18
238,medium,14,09:20:52,09:20:55,09:33:30,COMPLETED,23675.0,12579.8,3.55,758.21
163,medium,13,09:29:56,09:29:59,09:34:13,COMPLETED,37242.0,4243.1,3.29,257.61
195,medium,14,09:06:58,09:07:01,09:34:19,COMPLETED,27376.0,27315.8,3.15,1641.95
172,easy,11,09:34:19,09:34:19,09:34:26,COMPLETED,35145.0,108.6,0.95,7.23
190,medium,13,09:24:56,09:24:58,09:34:51,COMPLETED,39598.0,9877.4,2.70,595.17
293,easy,11,09:34:25,09:34:26,09:34:57,COMPLETED,28133.0,523.7,1.23,32.45
19,hard,15,08:58:50,08:58:54,09:35:28,COMPLETED,34567.0,36563.2,4.87,2198.59
258,easy,12,09:35:11,09:35:16,09:35:41,COMPLETED,24233.0,418.5,5.17,30.06
239,easy,11,09:35:47,09:35:47,09:36:05,COMPLETED,27486.0,313.7,0.31,18.95
177,medium,14,09:28:44,09:28:44,09:36:12,COMPLETED,30870.0,7463.9,0.51,448.17
60,hard,15,08:56:15,08:56:20,09:36:30,COMPLETED,34934.0,40178.6,5.18,2415.79
283,easy,11,09:36:30,09:36:30,09:36:37,COMPLETED,22689.0,108.0,0.79,7.06
201,easy,11,09:37:16,09:37:20,09:37:26,COMPLETED,30262.0,107.0,4.39,10.64
295,medium,14,09:33:57,09:34:01,09:37:32,COMPLETED,33042.0,3530.0,4.19,215.84
290,easy,11,09:37:46,09:37:51,09:37:57,COMPLETED,28705.0,106.9,5.38,11.62
170,medium,14,09:33:06,09:33:11,09:39:05,COMPLETED,31292.0,5905.2,5.56,359.73
229,medium,13,09:34:51,09:34:51,09:39:55,COMPLETED,30561.0,5085.8,0.17,304.98
256,easy,12,09:40:19,09:40:21,09:40:40,COMPLETED,19925.0,324.0,2.28,21.47
37,hard,15,08:53:34,08:53:38,09:40:52,COMPLETED,34053.0,47236.3,4.83,2838.96
222,easy,11,09:40:34,09:40:40,09:40:52,COMPLETED,27353.0,211.5,6.47,18.96
211,medium,14,09:39:26,09:39:30,09:41:11,COMPLETED,30223.0,1693.6,4.50,105.83
214,easy,11,09:41:00,09:41:05,09:41:24,COMPLETED,31155.0,324.5,5.38,24.54
264,medium,14,09:13:33,09:13:39,09:41:49,COMPLETED,36344.0,28175.2,6.06,1696.46
242,hard,15,09:10:27,09:10:31,09:41:55,COMPLETED,28047.0,31411.1,4.13,1888.72
235,medium,13,09:36:09,09:36:12,09:42:01,COMPLETED,28018.0,5831.9,3.17,352.94
165,medium,13,09:39:47,09:39:49,09:42:39,COMPLETED,30468.0,2827.2,2.55,172.04
51,hard,15,08:56:28,08:56:32,09:43:03,COMPLETED,32105.0,46522.2,4.57,2795.84
202,medium,14,09:25:27,09:25:30,09:43:28,COMPLETED,31125.0,17974.8,3.29,1081.68
181,medium,14,09:39:51,09:39:55,09:43:47,COMPLETED,32361.0,3859.1,4.98,236.35
266,easy,11,09:43:29,09:43:34,09:43:59,COMPLETED,32878.0,418.1,5.91,30.80
90,hard,15,08:30:15,08:30:15,09:44:24,COMPLETED,31940.0,74144.8,0.92,4449.57
219,medium,14,09:32:24,09:32:28,09:44:24,COMPLETED,33140.0,11943.2,4.12,720.57
207,medium,13,09:43:17,09:43:22,09:44:55,COMPLETED,35769.0,1552.9,5.44,98.44
296,medium,13,09:43:11,09:43:16,09:45:32,COMPLETED,26637.0,2276.1,5.21,141.55
166,easy,11,09:45:28,09:45:32,09:45:51,COMPLETED,29596.0,312.8,4.55,23.17
255,hard,15,09:35:33,09:35:34,09:46:15,COMPLETED,32784.0,10686.5,1.81,642.86
249,hard,15,09:41:45,09:41:49,09:46:15,COMPLETED,22859.0,4442.9,4.46,270.86
257,easy,11,09:46:08,09:46:09,09:46:15,COMPLETED,27769.0,106.6,1.66,7.86
209,medium,13,09:40:31,09:40:33,09:46:34,COMPLETED,29345.0,6010.4,2.97,363.46
113,hard,15,08:52:48,08:52:49,09:46:52,COMPLETED,28159.0,54067.1,1.13,3244.98
288,medium,13,09:34:40,09:34:44,09:46:59,COMPLETED,39545.0,12243.6,4.92,739.36
193,easy,12,09:46:16,09:46:22,09:46:59,COMPLETED,26579.0,625.6,6.07,43.36
259,easy,12,09:46:47,09:46:52,09:47:18,COMPLETED,27896.0,420.6,5.98,31.10
129,hard,15,08:43:25,08:43:29,09:47:24,COMPLETED,34894.0,63914.8,4.44,3839.25
260,easy,11,09:47:23,09:47:24,09:47:36,COMPLETED,21783.0,210.1,1.25,13.67
210,easy,11,09:47:42,09:47:42,09:47:49,COMPLETED,22390.0,110.4,0.89,7.21
169,medium,13,09:38:55,09:38:59,09:48:20,COMPLETED,30273.0,9355.6,4.49,565.67
192,easy,11,09:48:17,09:48:20,09:48:26,COMPLETED,24979.0,107.5,3.67,9.88
285,easy,12,09:47:44,09:47:49,09:48:45,COMPLETED,27213.0,944.3,5.21,61.67
254,medium,14,09:17:08,09:17:12,09:49:29,COMPLETED,23861.0,32284.8,4.14,1941.14
224,easy,12,09:49:22,09:49:22,09:49:47,COMPLETED,23864.0,423.0,0.79,25.96
262,easy,11,09:49:40,09:49:41,09:50:00,COMPLETED,24426.0,316.1,1.62,20.40
186,easy,11,09:50:48,09:50:49,09:50:56,COMPLETED,31343.0,109.8,1.98,8.35
154,medium,14,09:48:11,09:48:14,09:51:52,COMPLETED,31598.0,3643.4,3.29,221.62
159,medium,14,09:14:06,09:14:10,09:52:05,COMPLETED,28830.0,37913.5,4.53,2279.30
287,easy,11,09:51:48,09:51:52,09:52:05,COMPLETED,25538.0,213.4,4.62,17.30
281,easy,11,09:52:11,09:52:11,09:52:17,COMPLETED,30821.0,106.2,0.46,6.70
160,medium,14,09:27:24,09:27:29,09:52:36,COMPLETED,26956.0,25116.0,5.52,1512.36
233,hard,15,09:25:06,09:25:11,09:52:48,COMPLETED,33192.0,27629.9,5.23,1662.83
241,easy,12,09:51:31,09:51:33,09:53:07,COMPLETED,31160.0,1562.2,2.94,96.55
111,hard,15,08:22:45,08:22:49,09:53:26,COMPLETED,39048.0,90612.2,4.34,5441.05
157,easy,11,09:53:12,09:53:13,09:53:26,COMPLETED,20582.0,207.9,1.71,14.05
61,hard,15,08:02:17,08:02:19,09:53:50,COMPLETED,31282.0,111519.5,2.51,6693.67
261,easy,12,09:54:10,09:54:15,09:54:33,COMPLETED,26901.0,311.8,5.20,23.78
188,easy,11,09:54:16,09:54:21,09:54:39,COMPLETED,29376.0,310.3,5.44,23.94
152,medium,14,09:30:17,09:30:18,09:55:16,COMPLETED,41804.0,24980.3,1.01,1499.76
176,easy,12,09:55:18,09:55:22,09:55:41,COMPLETED,27143.0,309.4,4.90,23.34
179,easy,12,09:54:13,09:54:15,09:55:53,COMPLETED,24555.0,1641.3,2.20,100.61
184,easy,11,09:56:00,09:56:05,09:56:18,COMPLETED,25078.0,208.3,5.93,18.31
236,medium,14,09:23:05,09:23:05,09:56:49,COMPLETED,40275.0,33718.4,0.96,2024.02
245,easy,12,09:56:53,09:56:55,09:57:19,COMPLETED,29675.0,412.6,2.17,26.81
217,easy,11,09:57:03,09:57:07,09:57:19,COMPLETED,21908.0,207.6,4.49,16.81
200,medium,13,09:50:33,09:50:37,09:58:33,COMPLETED,36542.0,7937.7,4.66,480.84
155,easy,12,09:58:23,09:58:27,09:58:39,COMPLETED,32752.0,211.8,4.56,16.99
251,easy,12,09:58:42,09:58:46,09:59:17,COMPLETED,23441.0,523.1,4.33,35.49
175,easy,12,09:55:57,09:55:59,10:00:01,COMPLETED,40068.0,4022.9,2.75,244.02
150,medium,13,09:57:34,09:57:38,10:00:07,COMPLETED,25074.0,2486.5,4.21,153.18
373,easy,11,10:00:02,10:00:07,10:00:31,COMPLETED,27933.0,416.7,5.18,29.97
316,easy,11,10:00:43,10:00:44,10:00:56,COMPLETED,21855.0,208.4,1.37,13.74
191,medium,14,09:56:03,09:56:05,10:01:02,COMPLETED,30767.0,4950.3,2.93,299.90
291,medium,14,09:52:47,09:52:48,10:01:21,COMPLETED,30946.0,8546.2,1.83,514.45
336,easy,11,10:01:07,10:01:09,10:01:21,COMPLETED,23266.0,209.5,2.06,14.45
416,easy,11,10:01:21,10:01:21,10:01:33,COMPLETED,21992.0,209.9,0.45,12.87
178,easy,12,09:59:54,09:59:54,10:01:58,COMPLETED,31332.0,2070.4,0.82,124.84
350,easy,11,10:01:35,10:01:40,10:02:48,COMPLETED,36893.0,1150.3,5.08,73.94
410,easy,12,10:01:35,10:01:40,10:02:55,COMPLETED,34060.0,1256.2,5.08,80.25
301,easy,11,10:02:24,10:02:30,10:03:07,COMPLETED,32889.0,633.5,6.07,43.83
430,easy,11,10:04:01,10:04:03,10:04:22,COMPLETED,28811.0,315.8,2.98,21.79
80,hard,15,08:44:20,08:44:25,10:04:53,COMPLETED,25006.0,80472.3,5.25,4833.57
327,medium,13,10:01:35,10:01:40,10:06:13,COMPLETED,26675.0,4562.1,5.08,278.67
338,easy,11,10:05:58,10:06:01,10:06:32,COMPLETED,20209.0,517.8,3.31,34.22
401,easy,11,10:06:22,10:06:26,10:06:38,COMPLETED,25357.0,209.1,4.01,16.42
424,easy,12,10:06:54,10:06:56,10:07:09,COMPLETED,19942.0,209.7,2.88,15.28
263,medium,14,09:28:29,09:28:32,10:07:21,COMPLETED,32907.0,38827.7,3.10,2332.68
398,easy,12,10:07:03,10:07:03,10:07:52,COMPLETED,22618.0,827.9,0.08,49.61
440,easy,12,10:07:39,10:07:40,10:09:12,COMPLETED,35805.0,1547.7,1.22,93.94
442,medium,14,10:02:04,10:02:05,10:10:09,COMPLETED,30552.0,8073.5,1.14,485.33
332,easy,12,10:10:23,10:10:28,10:11:37,COMPLETED,29808.0,1155.3,5.19,74.21
404,easy,11,10:12:17,10:12:21,10:12:33,COMPLETED,24006.0,213.0,4.01,16.51
325,medium,13,10:08:09,10:08:11,10:12:58,COMPLETED,30366.0,4794.5,2.17,289.66
328,easy,11,10:13:41,10:13:42,10:14:01,COMPLETED,28067.0,320.5,1.86,20.71
367,hard,15,10:02:25,10:02:30,10:14:08,COMPLETED,31430.0,11636.5,5.07,703.14
426,hard,15,10:01:36,10:01:40,10:14:33,COMPLETED,30382.0,12888.3,4.08,777.37
447,medium,13,10:09:51,10:09:56,10:15:11,COMPLETED,27608.0,5244.8,5.67,320.13
413,easy,12,10:13:56,10:14:01,10:15:17,COMPLETED,26608.0,1266.9,5.71,81.46
314,medium,13,10:12:41,10:12:46,10:15:48,COMPLETED,24124.0,3043.3,5.12,187.57
334,easy,12,10:14:48,10:14:52,10:15:54,COMPLETED,31223.0,1046.1,4.16,66.77
364,easy,12,10:16:04,10:16:07,10:16:13,COMPLETED,26817.0,107.9,3.13,9.41
247,hard,15,09:58:47,09:58:52,10:16:19,COMPLETED,31875.0,17451.3,5.66,1052.63
351,medium,14,10:11:28,10:11:30,10:16:31,COMPLETED,24567.0,5021.5,2.84,304.00
346,easy,12,10:15:37,10:15:42,10:16:44,COMPLETED,30754.0,1036.9,5.33,67.39
303,medium,14,10:07:56,10:07:58,10:17:27,COMPLETED,30350.0,9483.9,2.79,571.66
371,easy,11,10:17:12,10:17:15,10:17:27,COMPLETED,23719.0,210.8,3.22,15.66
363,easy,11,10:18:27,10:18:29,10:18:35,COMPLETED,28479.0,107.0,2.42,8.68
333,hard,15,10:07:19,10:07:21,10:19:31,COMPLETED,26160.0,12164.1,2.68,732.36
428,easy,11,10:19:35,10:19:37,10:20:08,COMPLETED,29854.0,519.7,2.60,33.61
318,easy,11,10:20:01,10:20:02,10:20:08,COMPLETED,21895.0,107.1,1.37,7.61
275,hard,15,09:46:16,09:46:22,10:20:33,COMPLETED,35063.0,34190.0,6.07,2057.41
342,easy,12,10:20:33,10:20:33,10:21:04,COMPLETED,32770.0,528.0,0.41,31.79
280,medium,14,09:35:07,09:35:09,10:21:55,COMPLETED,37964.0,46756.4,2.91,2808.24
402,medium,14,10:20:19,10:20:21,10:21:55,COMPLETED,25048.0,1573.6,2.00,96.24
204,hard,15,09:32:31,09:32:34,10:22:07,COMPLETED,27802.0,49557.3,3.35,2976.74
377,medium,14,10:18:54,10:18:54,10:22:07,COMPLETED,24916.0,3227.4,0.26,193.74
420,medium,13,10:18:29,10:18:29,10:22:51,COMPLETED,30478.0,4367.4,0.42,262.27
386,hard,15,10:13:06,10:13:11,10:23:03,COMPLETED,31634.0,9878.5,5.16,597.77
326,medium,13,10:13:11,10:13:11,10:23:22,COMPLETED,33394.0,10193.8,0.16,611.69
409,easy,12,10:23:15,10:23:16,10:23:35,COMPLETED,29149.0,321.7,1.20,20.26
307,hard,15,10:00:29,10:00:31,10:24:00,COMPLETED,33081.0,23474.7,2.97,1411.30
185,hard,15,09:16:14,09:16:15,10:24:12,COMPLETED,27486.0,67952.8,1.63,4078.82
304,easy,12,10:23:29,10:23:29,10:24:12,COMPLETED,37256.0,734.8,0.00,43.82
383,easy,11,10:24:34,10:24:37,10:24:44,COMPLETED,24854.0,110.5,3.92,10.29
408,medium,14,10:00:16,10:00:19,10:25:09,COMPLETED,32471.0,24831.4,3.60,1493.34
349,easy,11,10:25:00,10:25:03,10:25:15,COMPLETED,23620.0,213.2,3.12,15.64
337,medium,13,10:19:28,10:19:31,10:25:59,COMPLETED,24069.0,6471.6,3.36,391.28
341,easy,12,10:23:23,10:23:29,10:25:59,COMPLETED,24189.0,2512.1,6.00,156.28
277,hard,15,09:57:52,09:57:56,10:26:05,COMPLETED,36671.0,28156.5,4.64,1693.78
376,medium,14,10:22:29,10:22:32,10:26:05,COMPLETED,30832.0,3561.4,3.48,216.78
432,medium,14,10:23:16,10:23:16,10:26:05,COMPLETED,29627.0,2831.6,0.20,169.78
321,easy,11,10:25:54,10:25:59,10:26:24,COMPLETED,24271.0,430.2,5.28,30.71
375,medium,13,10:27:02,10:27:02,10:27:33,COMPLETED,26941.0,517.3,0.21,31.09
434,easy,11,10:27:50,10:27:51,10:28:04,COMPLETED,31991.0,209.3,1.65,14.04
394,medium,13,10:27:37,10:27:39,10:28:28,COMPLETED,20661.0,829.8,2.27,51.86
221,medium,14,09:51:12,09:51:15,10:28:35,COMPLETED,31798.0,37335.2,3.05,2243.10
403,medium,14,10:14:22,10:14:26,10:28:53,COMPLETED,37342.0,14446.7,4.99,871.68
315,medium,14,10:26:28,10:26:31,10:29:12,COMPLETED,30893.0,2685.8,3.18,164.24
309,medium,14,10:26:25,10:26:31,10:29:24,COMPLETED,34450.0,2892.0,6.18,179.57
340,medium,13,10:28:14,10:28:16,10:29:36,COMPLETED,25850.0,1343.9,2.40,82.90
369,medium,14,10:26:20,10:26:24,10:32:05,COMPLETED,30143.0,5681.8,4.71,345.46
396,easy,12,10:31:40,10:31:40,10:32:30,COMPLETED,33212.0,838.5,0.26,50.32
423,easy,12,10:33:44,10:33:45,10:34:04,COMPLETED,29227.0,319.3,1.35,20.25
182,medium,14,09:48:08,09:48:14,10:34:23,COMPLETED,34015.0,46150.2,6.29,2775.09
397,medium,13,10:32:32,10:32:36,10:34:29,COMPLETED,30335.0,1886.7,4.62,117.54
393,easy,11,10:34:23,10:34:23,10:34:29,COMPLETED,27201.0,113.4,0.09,6.54
354,medium,13,10:28:19,10:28:22,10:34:48,COMPLETED,22099.0,6433.0,3.64,389.41
43,hard,15,08:15:28,08:15:33,10:35:07,COMPLETED,31368.0,139568.0,5.17,8379.22
378,easy,11,10:35:22,10:35:25,10:35:32,COMPLETED,27793.0,107.5,3.89,10.13
439,hard,15,10:30:30,10:30:32,10:35:44,COMPLETED,29161.0,5209.3,2.28,314.68
441,medium,13,10:33:55,10:33:57,10:36:09,COMPLETED,29090.0,2198.8,2.87,134.67
305,easy,11,10:36:17,10:36:21,10:36:34,COMPLETED,24589.0,214.7,4.99,17.60
361,hard,15,10:16:34,10:16:38,10:37:37,COMPLETED,25481.0,20982.5,4.18,1263.05
306,medium,14,10:26:50,10:26:55,10:37:43,COMPLETED,29771.0,10790.2,5.99,653.22
448,medium,14,10:30:28,10:30:32,10:37:55,COMPLETED,30490.0,7391.7,4.28,447.62
425,easy,11,10:37:55,10:37:55,10:38:14,COMPLETED,33918.0,312.2,0.62,19.20
382,hard,15,10:26:30,10:26:31,10:38:26,COMPLETED,31054.0,11924.7,1.18,716.58
415,easy,12,10:37:43,10:37:43,10:38:38,COMPLETED,24944.0,930.8,0.22,55.96
360,easy,12,10:38:26,10:38:26,10:38:38,COMPLETED,28459.0,209.1,0.58,12.96
438,easy,12,10:36:41,10:36:47,10:38:45,COMPLETED,29871.0,1968.2,6.22,124.15
436,medium,13,10:35:20,10:35:25,10:39:34,COMPLETED,32740.0,4150.8,5.89,254.82
421,easy,11,10:39:06,10:39:09,10:39:53,COMPLETED,30898.0,725.9,3.93,47.30
142,hard,15,08:42:55,08:42:58,10:40:05,COMPLETED,30827.0,117124.4,3.26,7030.71
390,easy,12,10:39:11,10:39:16,10:40:11,COMPLETED,28067.0,931.3,5.17,60.91
218,hard,15,09:48:03,09:48:07,10:40:24,COMPLETED,27394.0,52271.8,4.98,3141.23
317,easy,12,10:39:53,10:39:53,10:40:24,COMPLETED,32149.0,518.1,0.30,31.23
407,easy,12,10:41:24,10:41:25,10:41:37,COMPLETED,25848.0,207.5,1.66,13.98
244,hard,15,09:58:23,09:58:27,10:42:02,COMPLETED,35593.0,43584.2,4.56,2619.62
368,medium,14,10:26:00,10:26:05,10:42:02,COMPLETED,33916.0,15949.1,5.78,962.62
330,easy,12,10:42:29,10:42:33,10:43:22,COMPLETED,31018.0,830.9,4.32,54.00
335,medium,13,10:38:03,10:38:07,10:43:35,COMPLETED,34795.0,5459.8,5.00,332.42
435,medium,14,10:34:37,10:34:42,10:43:53,COMPLETED,31282.0,9197.8,5.19,556.96
312,easy,12,10:44:22,10:44:24,10:44:55,COMPLETED,22285.0,516.6,2.72,33.53
400,medium,13,10:41:53,10:41:56,10:45:20,COMPLETED,27233.0,3398.6,3.40,207.20
279,hard,15,09:29:08,09:29:09,10:46:58,COMPLETED,26487.0,77823.8,1.35,4670.74
356,medium,13,10:45:57,10:45:57,10:47:11,COMPLETED,33490.0,1234.3,0.14,74.06
355,easy,11,10:47:30,10:47:35,10:47:41,COMPLETED,25848.0,106.8,5.77,11.98
372,easy,11,10:47:36,10:47:41,10:48:06,COMPLETED,25300.0,415.3,5.98,30.75
414,medium,13,10:42:35,10:42:39,10:48:19,COMPLETED,31801.0,5662.0,4.53,344.09
329,easy,12,10:49:15,10:49:15,10:50:05,COMPLETED,30178.0,844.3,0.16,50.64
445,easy,12,10:49:57,10:49:59,10:50:24,COMPLETED,22528.0,422.8,2.14,27.35
433,easy,12,10:49:59,10:49:59,10:50:24,COMPLETED,19585.0,421.6,0.14,25.35
320,easy,11,10:50:33,10:50:36,10:50:49,COMPLETED,30804.0,212.5,3.73,16.28
302,easy,11,10:50:41,10:50:43,10:51:01,COMPLETED,34237.0,314.8,2.01,20.76
446,medium,14,10:38:17,10:38:20,10:51:07,COMPLETED,29194.0,12794.8,3.38,770.97
443,hard,15,10:05:50,10:05:55,10:51:20,COMPLETED,31188.0,45422.8,5.11,2730.34
417,medium,13,10:49:11,10:49:15,10:51:26,COMPLETED,32032.0,2194.1,4.16,135.64
406,medium,13,10:49:42,10:49:46,10:51:32,COMPLETED,31971.0,1774.0,4.64,110.86
347,easy,12,10:50:40,10:50:43,10:53:30,COMPLETED,25827.0,2798.3,3.01,170.72
392,easy,12,10:53:01,10:53:05,10:53:30,COMPLETED,23006.0,418.0,4.87,29.72
365,easy,11,10:53:29,10:53:30,10:53:55,COMPLETED,22171.0,416.8,1.72,26.52
353,medium,13,10:42:33,10:42:33,10:54:01,COMPLETED,34887.0,11474.8,0.32,688.75
444,medium,13,10:48:18,10:48:19,10:54:20,COMPLETED,29499.0,6023.0,1.09,362.34
381,easy,12,10:54:23,10:54:26,10:54:57,COMPLETED,21008.0,521.2,3.53,34.64
358,easy,12,10:54:26,10:54:26,10:54:57,COMPLETED,26964.0,520.9,0.53,31.64
422,easy,12,10:54:30,10:54:32,10:55:03,COMPLETED,21061.0,520.5,2.78,33.85
405,medium,13,10:51:30,10:51:32,10:55:53,COMPLETED,33189.0,4353.3,2.86,263.69
379,easy,12,10:53:02,10:53:05,10:56:31,COMPLETED,27564.0,3434.6,3.87,209.73
389,medium,13,10:55:51,10:55:53,10:56:50,COMPLETED,29421.0,959.1,2.69,59.95
343,medium,14,10:49:01,10:49:02,10:57:03,COMPLETED,34224.0,8017.8,1.67,482.56
300,medium,14,10:50:32,10:50:36,10:57:28,COMPLETED,27271.0,6871.1,4.73,416.77
339,medium,13,10:56:41,10:56:44,10:58:25,COMPLETED,33614.0,1689.8,3.41,104.51
180,hard,15,09:53:43,09:53:44,10:58:31,COMPLETED,31900.0,64791.6,1.46,3888.88
323,medium,13,10:55:45,10:55:47,10:59:03,COMPLETED,29608.0,3271.5,2.41,198.43
345,medium,13,10:56:49,10:56:50,10:59:22,COMPLETED,28432.0,2527.0,1.95,153.35
308,easy,11,10:59:19,10:59:22,10:59:28,COMPLETED,23719.0,111.8,3.35,9.63
387,medium,13,10:58:44,10:58:44,10:59:35,COMPLETED,30141.0,851.1,0.35,51.11
470,easy,11,11:00:02,11:00:06,11:00:13,COMPLETED,25255.0,110.1,4.85,11.27
366,easy,11,10:59:45,10:59:47,11:00:31,COMPLETED,34331.0,739.5,2.76,46.92
322,medium,14,10:54:10,10:54:14,11:00:50,COMPLETED,29471.0,6612.9,4.12,400.75
543,easy,11,11:00:42,11:00:44,11:00:56,COMPLETED,29167.0,211.7,2.44,14.97
324,medium,14,10:38:52,10:38:57,11:03:01,COMPLETED,30084.0,24061.9,5.53,1449.16
551,easy,11,11:03:24,11:03:25,11:03:38,COMPLETED,21434.0,212.9,1.95,14.48
542,easy,11,11:03:29,11:03:32,11:03:38,COMPLETED,25427.0,109.0,3.19,9.48
549,easy,11,11:04:02,11:04:03,11:04:09,COMPLETED,23409.0,107.6,1.38,7.63
566,easy,12,11:03:38,11:03:38,11:04:22,COMPLETED,25323.0,731.5,0.48,44.06
486,easy,12,11:04:17,11:04:22,11:04:34,COMPLETED,32287.0,213.2,5.06,17.66
577,easy,11,11:04:20,11:04:22,11:04:40,COMPLETED,32047.0,316.3,2.06,20.89
530,medium,13,11:00:39,11:00:44,11:04:47,COMPLETED,35980.0,4048.2,5.44,248.11
556,easy,11,11:04:41,11:04:47,11:04:59,COMPLETED,32367.0,210.8,6.11,18.57
418,hard,15,10:42:50,10:42:51,11:05:36,COMPLETED,30101.0,22751.7,1.93,1366.93
380,medium,14,10:52:14,10:52:16,11:05:55,COMPLETED,34928.0,13657.8,2.31,821.63
527,medium,13,11:03:31,11:03:32,11:06:08,COMPLETED,31414.0,2603.3,1.19,157.20
391,medium,13,10:59:25,10:59:28,11:06:14,COMPLETED,35536.0,6768.4,3.63,409.49
520,easy,11,11:06:09,11:06:14,11:06:27,COMPLETED,24960.0,212.1,5.49,18.03
474,medium,13,11:00:36,11:00:38,11:06:51,COMPLETED,29569.0,6230.6,2.17,375.82
560,easy,11,11:07:20,11:07:23,11:07:29,COMPLETED,24625.0,113.0,3.11,9.47
579,medium,13,11:05:24,11:05:24,11:07:42,COMPLETED,32511.0,2303.6,0.45,138.27
454,easy,11,11:07:26,11:07:29,11:07:42,COMPLETED,24593.0,220.9,3.47,16.27
570,medium,13,11:05:08,11:05:11,11:07:48,COMPLETED,29410.0,2617.9,3.98,160.77
515,easy,12,11:07:36,11:07:42,11:08:20,COMPLETED,26967.0,641.4,6.27,44.35
478,easy,12,11:08:08,11:08:14,11:08:58,COMPLETED,27789.0,737.6,6.06,50.11
311,medium,13,10:57:02,10:57:03,11:10:14,COMPLETED,35780.0,13179.5,1.56,792.18
523,easy,11,11:10:04,11:10:07,11:10:20,COMPLETED,24668.0,214.3,3.92,16.42
508,medium,13,11:08:20,11:08:20,11:10:45,COMPLETED,32381.0,2431.9,0.35,145.85
483,easy,12,11:10:37,11:10:39,11:10:52,COMPLETED,28712.0,225.2,2.29,15.36
451,easy,11,11:10:52,11:10:52,11:11:05,COMPLETED,21288.0,222.4,0.36,13.45
585,medium,13,11:09:49,11:09:55,11:11:11,COMPLETED,24199.0,1286.4,6.10,82.85
550,easy,11,11:10:54,11:10:58,11:11:11,COMPLETED,29122.0,223.1,4.96,17.85
464,easy,12,11:09:39,11:09:42,11:11:18,COMPLETED,34117.0,1606.3,3.28,99.41
469,easy,11,11:11:09,11:11:11,11:11:18,COMPLETED,22541.0,116.1,2.85,9.41
564,easy,12,11:10:51,11:10:52,11:11:24,COMPLETED,22138.0,545.7,1.36,33.86
553,easy,12,11:10:35,11:10:39,11:11:56,COMPLETED,30026.0,1291.6,4.29,81.47
348,medium,14,10:47:53,10:47:54,11:12:02,COMPLETED,34832.0,24143.2,1.37,1449.84
568,easy,12,11:11:33,11:11:37,11:12:28,COMPLETED,26105.0,848.7,4.48,55.09
525,easy,12,11:12:07,11:12:09,11:12:34,COMPLETED,26531.0,428.8,2.06,27.46
395,hard,15,10:55:16,10:55:16,11:12:53,COMPLETED,29961.0,17623.5,0.21,1057.50
576,medium,14,11:06:00,11:06:01,11:12:53,COMPLETED,30166.0,6864.1,1.89,413.50
533,medium,13,11:09:37,11:09:42,11:13:06,COMPLETED,20062.0,3401.4,5.28,209.07
494,medium,14,11:09:40,11:09:42,11:13:24,COMPLETED,26815.0,3712.3,2.28,224.98
419,hard,15,10:08:53,10:08:54,11:13:49,COMPLETED,37747.0,64926.9,1.35,3896.91
505,easy,11,11:13:43,11:13:43,11:13:49,COMPLETED,28573.0,108.2,0.64,6.91
507,medium,14,11:02:07,11:02:11,11:14:14,COMPLETED,29335.0,12059.5,4.48,727.89
457,easy,11,11:14:18,11:14:21,11:14:39,COMPLETED,28558.0,316.4,3.12,21.83
580,easy,12,11:15:06,11:15:11,11:15:17,COMPLETED,28646.0,109.8,5.11,11.46
319,medium,14,10:55:16,10:55:16,11:15:36,COMPLETED,36844.0,20333.8,0.21,1220.25
544,easy,12,11:15:07,11:15:11,11:15:36,COMPLETED,23904.0,421.4,4.11,29.25
583,medium,13,11:14:39,11:14:39,11:15:54,COMPLETED,33460.0,1255.1,0.83,75.88
481,easy,11,11:15:52,11:15:54,11:16:01,COMPLETED,24235.0,108.3,2.88,9.19
374,medium,14,10:18:06,10:18:10,11:16:13,COMPLETED,33123.0,58046.6,4.88,3487.60
437,hard,15,10:55:13,10:55:16,11:16:44,COMPLETED,33985.0,21476.5,3.21,1291.69
555,easy,12,11:15:27,11:15:29,11:16:44,COMPLETED,27291.0,1249.6,2.95,77.69
582,easy,11,11:17:44,11:17:46,11:17:59,COMPLETED,21579.0,211.7,2.96,15.47
466,medium,13,11:15:09,11:15:11,11:19:21,COMPLETED,34323.0,4172.8,2.11,252.39
526,easy,11,11:19:27,11:19:27,11:19:34,COMPLETED,26013.0,113.0,0.62,7.07
499,medium,13,11:14:46,11:14:46,11:20:05,COMPLETED,32211.0,5329.8,0.15,319.77
194,medium,14,09:19:32,09:19:35,11:20:31,COMPLETED,26405.0,120934.0,3.11,7259.10
594,medium,14,11:12:18,11:12:21,11:20:56,COMPLETED,31837.0,8584.4,3.65,518.44
534,medium,13,11:17:52,11:17:53,11:21:40,COMPLETED,30133.0,3795.6,1.21,228.70
519,easy,11,11:21:38,11:21:40,11:21:46,COMPLETED,26305.0,107.9,2.70,8.99
531,easy,12,11:21:47,11:21:53,11:22:31,COMPLETED,26994.0,638.0,6.20,44.15
388,medium,14,10:51:19,10:51:20,11:22:50,COMPLETED,33895.0,31498.2,1.34,1891.06
574,medium,14,11:13:09,11:13:12,11:22:56,COMPLETED,33785.0,9736.9,3.43,587.41
38,hard,15,08:11:00,08:11:04,11:23:15,COMPLETED,34508.0,192186.6,4.15,11535.33
578,easy,12,11:23:22,11:23:27,11:23:40,COMPLETED,28319.0,216.6,5.77,18.46
143,hard,15,08:52:24,08:52:24,11:24:12,COMPLETED,33272.0,151793.8,0.55,9108.17
521,easy,12,11:23:55,11:23:59,11:24:37,COMPLETED,32943.0,632.3,4.42,42.16
539,easy,12,11:24:53,11:24:55,11:25:02,COMPLETED,25285.0,107.3,2.78,9.03
503,easy,12,11:25:11,11:25:14,11:25:27,COMPLETED,20641.0,213.4,3.44,16.06
344,hard,15,10:47:23,10:47:23,11:25:33,COMPLETED,33457.0,38165.8,0.42,2290.27
514,medium,13,11:19:41,11:19:46,11:25:33,COMPLETED,33820.0,5777.7,5.79,352.27
489,medium,14,11:20:18,11:20:18,11:25:52,COMPLETED,31336.0,5564.7,0.31,334.02
513,easy,11,11:25:39,11:25:39,11:26:04,COMPLETED,26953.0,419.0,0.50,25.46
491,medium,14,11:19:07,11:19:08,11:26:41,COMPLETED,31323.0,7551.0,1.64,454.55
313,hard,15,10:47:15,10:47:17,11:28:01,COMPLETED,28290.0,40747.7,2.22,2446.97
488,easy,12,11:28:45,11:28:45,11:28:51,COMPLETED,23906.0,107.0,0.36,6.61
498,easy,11,11:28:53,11:28:57,11:29:04,COMPLETED,27065.0,108.2,4.81,11.08
554,easy,11,11:28:54,11:28:57,11:29:16,COMPLETED,24222.0,314.2,3.81,22.52
479,easy,12,11:29:03,11:29:04,11:29:35,COMPLETED,29105.0,523.1,1.08,32.29
487,easy,12,11:30:10,11:30:12,11:30:25,COMPLETED,25646.0,218.0,2.73,15.50
482,easy,11,11:30:22,11:30:25,11:30:31,COMPLETED,27105.0,112.9,3.50,9.85
522,easy,11,11:30:31,11:30:31,11:30:38,COMPLETED,28225.0,113.1,0.85,7.33
518,medium,13,11:16:42,11:16:44,11:31:16,COMPLETED,45509.0,14529.4,2.69,874.32
456,easy,11,11:32:07,11:32:12,11:32:25,COMPLETED,25462.0,216.6,5.81,18.50
536,medium,13,11:30:32,11:30:38,11:32:38,COMPLETED,29570.0,2004.6,6.33,126.19
510,easy,11,11:33:04,11:33:09,11:33:22,COMPLETED,28262.0,217.6,5.92,18.57
590,easy,12,11:32:34,11:32:38,11:33:35,COMPLETED,33370.0,959.3,4.19,61.49
496,medium,13,11:33:25,11:33:29,11:34:13,COMPLETED,31670.0,752.7,4.03,48.88
462,easy,11,11:33:54,11:33:54,11:34:13,COMPLETED,27712.0,327.4,0.48,19.88
384,hard,15,10:43:35,10:43:35,11:34:51,COMPLETED,31125.0,51276.8,0.42,3076.89
512,easy,11,11:36:11,11:36:13,11:36:19,COMPLETED,27697.0,108.8,2.34,8.61
370,hard,15,10:09:06,10:09:06,11:36:57,COMPLETED,35231.0,87842.3,0.73,5271.19
450,easy,12,11:36:02,11:36:07,11:37:03,COMPLETED,24690.0,943.8,5.08,61.51
575,medium,14,11:08:11,11:08:14,11:37:15,COMPLETED,31663.0,29033.3,3.06,1744.98
506,easy,12,11:36:32,11:36:32,11:37:15,COMPLETED,25762.0,733.0,0.17,43.98
546,easy,12,11:36:57,11:36:57,11:37:22,COMPLETED,27705.0,421.3,0.19,25.23
563,hard,15,11:26:45,11:26:47,11:37:28,COMPLETED,29364.0,10682.0,2.75,643.49
535,hard,15,11:31:42,11:31:47,11:37:28,COMPLETED,26728.0,5688.1,5.41,346.49
532,medium,14,11:25:42,11:25:45,11:37:59,COMPLETED,34553.0,12237.2,3.73,737.74
468,easy,12,11:37:56,11:37:59,11:38:37,COMPLETED,29072.0,628.7,3.74,41.23
429,hard,15,10:57:58,10:58:00,11:39:14,COMPLETED,31820.0,41240.6,2.26,2476.59
492,easy,12,11:37:40,11:37:40,11:40:35,COMPLETED,30778.0,2908.9,1.00,175.33
592,easy,11,11:40:36,11:40:41,11:41:06,COMPLETED,32179.0,425.8,5.56,30.81
589,easy,12,11:40:51,11:40:54,11:41:19,COMPLETED,23733.0,431.1,3.01,28.50
516,easy,11,11:41:38,11:41:38,11:41:44,COMPLETED,28538.0,110.4,0.51,6.95
586,easy,11,11:42:17,11:42:22,11:42:29,COMPLETED,28254.0,107.9,5.88,12.13
452,medium,14,11:33:40,11:33:41,11:43:13,COMPLETED,36445.0,9531.2,1.81,573.49
501,easy,11,11:42:42,11:42:48,11:43:13,COMPLETED,27478.0,428.4,6.04,31.49
477,easy,11,11:45:49,11:45:50,11:45:57,COMPLETED,25056.0,114.8,1.99,8.46
558,easy,11,11:45:55,11:45:57,11:46:10,COMPLETED,23889.0,225.2,2.46,15.38
310,hard,15,10:45:50,10:45:50,11:46:23,COMPLETED,37222.0,60542.8,0.94,3633.39
595,easy,12,11:46:06,11:46:10,11:46:29,COMPLETED,24156.0,326.3,4.38,23.77
385,hard,15,10:43:17,10:43:22,11:47:32,COMPLETED,36522.0,64152.6,6.00,3855.08
567,medium,14,11:44:18,11:44:22,11:48:28,COMPLETED,30417.0,4093.4,4.67,250.09
598,hard,15,11:13:59,11:14:02,11:49:49,COMPLETED,38518.0,35778.8,3.37,2150.01
572,easy,12,11:49:07,11:49:11,11:50:01,COMPLETED,24160.0,835.5,4.60,54.52
597,easy,11,11:50:21,11:50:26,11:50:57,COMPLETED,34061.0,526.7,5.46,36.85
524,medium,13,11:50:05,11:50:07,11:51:04,COMPLETED,34177.0,942.6,2.76,59.10
475,easy,12,11:50:32,11:50:32,11:51:16,COMPLETED,26325.0,734.3,0.74,44.58
471,easy,11,11:50:42,11:50:45,11:51:35,COMPLETED,28418.0,838.0,3.32,53.31
591,medium,14,11:43:10,11:43:13,11:52:00,COMPLETED,27628.0,8787.2,3.49,530.54
490,easy,12,11:51:35,11:51:35,11:52:31,COMPLETED,30249.0,944.6,0.31,56.82
596,medium,13,11:49:47,11:49:49,11:52:44,COMPLETED,25148.0,2924.5,2.01,177.28
529,easy,12,11:48:37,11:48:40,11:53:03,COMPLETED,31198.0,4379.6,3.52,266.09
476,medium,13,11:46:47,11:46:48,11:53:15,COMPLETED,35773.0,6457.3,1.44,388.61
467,medium,14,11:23:03,11:23:09,11:53:28,COMPLETED,35082.0,30319.8,6.09,1825.16
561,easy,12,11:51:25,11:51:29,11:54:42,COMPLETED,33344.0,3233.0,4.04,197.84
599,easy,11,11:54:45,11:54:49,11:54:55,COMPLETED,22527.0,109.2,4.07,10.41
571,medium,14,11:17:01,11:17:03,11:55:39,COMPLETED,39545.0,38598.1,2.37,2318.11
538,easy,11,11:55:29,11:55:32,11:55:39,COMPLETED,28116.0,109.2,3.81,10.11
493,easy,11,11:55:33,11:55:39,11:55:51,COMPLETED,28920.0,212.8,6.11,18.67
509,medium,13,11:55:27,11:55:32,11:56:22,COMPLETED,30415.0,837.0,5.81,55.77
213,hard,15,09:38:07,09:38:10,11:56:53,COMPLETED,29112.0,138732.9,3.00,8326.95
463,medium,13,11:53:13,11:53:15,11:57:00,COMPLETED,25722.0,3746.0,2.61,227.19
588,hard,15,11:51:32,11:51:35,11:57:44,COMPLETED,31679.0,6157.0,3.31,372.56
502,easy,11,11:57:48,11:57:50,11:57:57,COMPLETED,23946.0,114.0,2.79,9.27
495,hard,15,11:28:26,11:28:26,11:58:09,COMPLETED,33971.0,29720.3,0.78,1783.88
504,medium,13,11:57:30,11:57:31,11:58:16,COMPLETED,28498.0,748.5,1.51,46.11
212,hard,15,09:01:26,09:01:30,11:58:28,COMPLETED,34078.0,176978.8,4.06,10622.79
545,hard,15,11:39:27,11:39:27,11:58:41,COMPLETED,34467.0,19241.6,0.07,1154.31
587,easy,12,11:59:21,11:59:25,11:59:44,COMPLETED,28462.0,318.5,4.74,23.54
584,easy,12,11:59:41,11:59:44,11:59:57,COMPLETED,31517.0,218.0,3.54,16.36
552,easy,11,11:59:48,11:59:50,11:59:57,COMPLETED,27806.0,112.5,2.88,9.36
465,hard,15,11:36:16,11:36:19,12:00:28,COMPLETED,29583.0,24152.4,3.61,1452.58
678,easy,11,12:00:52,12:00:53,12:00:59,COMPLETED,29844.0,107.9,1.52,7.79
557,easy,12,11:59:14,11:59:19,12:01:06,COMPLETED,31853.0,1778.7,5.49,112.02
573,medium,14,11:53:11,11:53:15,12:01:37,COMPLETED,33631.0,8362.3,4.61,506.08
459,medium,14,11:59:04,11:59:06,12:02:27,COMPLETED,31013.0,3341.8,2.67,203.00
427,hard,15,10:55:30,10:55:34,12:02:39,COMPLETED,28677.0,67075.6,4.97,4029.44
359,hard,15,10:55:11,10:55:16,12:02:45,COMPLETED,33825.0,67491.9,5.21,4054.67
541,medium,14,11:57:33,11:57:38,12:03:04,COMPLETED,30560.0,5440.0,5.04,331.28
600,medium,13,12:01:31,12:01:37,12:03:35,COMPLETED,22107.0,1974.6,6.08,124.38
729,easy,12,12:04:09,12:04:12,12:04:18,COMPLETED,21573.0,107.5,3.62,9.87
547,medium,14,11:52:55,11:52:56,12:05:52,COMPLETED,34177.0,12923.5,1.78,777.04
716,medium,13,12:03:18,12:03:22,12:06:04,COMPLETED,25918.0,2695.2,4.94,166.46
517,medium,14,11:59:08,11:59:13,12:07:38,COMPLETED,30595.0,8430.3,5.09,510.63
677,easy,11,12:07:50,12:07:51,12:08:04,COMPLETED,26065.0,216.1,1.31,14.08
497,hard,15,11:46:03,11:46:03,12:08:42,COMPLETED,34076.0,22642.4,0.93,1359.22
649,easy,11,12:09:37,12:09:38,12:09:57,COMPLETED,31675.0,317.9,1.78,20.65
581,medium,14,11:40:58,11:41:00,12:10:28,COMPLETED,38273.0,29477.2,2.26,1770.77
687,medium,14,12:01:44,12:01:49,12:11:12,COMPLETED,28812.0,9386.5,5.68,568.70
604,easy,11,12:11:13,12:11:18,12:11:37,COMPLETED,29068.0,318.1,5.94,24.77
680,easy,12,12:11:52,12:11:56,12:12:27,COMPLETED,33832.0,523.4,4.52,35.71
659,easy,12,12:12:28,12:12:33,12:12:52,COMPLETED,26782.0,317.9,5.95,24.83
631,easy,11,12:13:04,12:13:05,12:13:24,COMPLETED,30833.0,315.6,1.29,20.01
562,hard,15,11:41:45,11:41:51,12:13:48,COMPLETED,33265.0,31965.8,6.16,1923.99
655,easy,11,12:13:38,12:13:42,12:14:01,COMPLETED,28453.0,315.9,4.69,23.44
637,easy,11,12:14:23,12:14:26,12:14:32,COMPLETED,29246.0,108.1,3.42,9.69
629,medium,13,12:08:07,12:08:10,12:14:38,COMPLETED,33429.0,6480.1,3.31,391.93
616,easy,12,12:15:00,12:15:04,12:15:16,COMPLETED,23163.0,214.9,4.09,16.77
715,easy,12,12:14:12,12:14:13,12:16:00,COMPLETED,29204.0,1788.4,1.93,108.91
684,easy,12,12:15:31,12:15:35,12:16:20,COMPLETED,24769.0,744.5,4.62,49.02
647,easy,11,12:15:57,12:16:00,12:16:20,COMPLETED,19744.0,323.5,3.91,23.02
661,easy,12,12:14:55,12:14:57,12:16:32,COMPLETED,26292.0,1591.5,2.73,97.76
688,easy,12,12:14:59,12:15:04,12:16:32,COMPLETED,23491.0,1486.3,5.09,93.76
692,easy,12,12:14:57,12:14:57,12:16:52,COMPLETED,30131.0,1911.7,0.73,115.14
699,easy,11,12:15:35,12:15:35,12:16:52,COMPLETED,34051.0,1280.6,0.62,77.14
609,easy,12,12:16:14,12:16:20,12:17:05,COMPLETED,31316.0,757.3,6.02,51.05
717,easy,11,12:16:53,12:16:58,12:17:05,COMPLETED,21544.0,116.0,5.54,12.05
723,hard,15,12:06:41,12:06:41,12:17:17,COMPLETED,29718.0,10607.7,0.73,636.92
511,medium,14,11:33:22,11:33:22,12:17:30,COMPLETED,33632.0,44138.3,0.57,2648.70
639,easy,12,12:15:43,12:15:48,12:17:37,COMPLETED,28491.0,1820.3,5.25,114.10
528,medium,13,11:52:49,11:52:50,12:18:27,COMPLETED,45187.0,25624.6,1.52,1538.58
627,easy,12,12:08:27,12:08:29,12:18:59,COMPLETED,36227.0,10510.0,2.46,632.80
614,medium,13,12:18:32,12:18:34,12:18:59,COMPLETED,24736.0,434.0,2.18,27.80
624,easy,12,12:17:58,12:18:02,12:19:31,COMPLETED,31263.0,1497.0,4.45,93.79
728,easy,12,12:18:24,12:18:27,12:19:31,COMPLETED,30044.0,1078.7,3.58,67.79
645,easy,12,12:16:30,12:16:32,12:20:35,COMPLETED,31560.0,4051.2,2.76,245.50
714,easy,11,12:20:46,12:20:48,12:20:54,COMPLETED,31755.0,114.6,2.29,8.90
706,medium,14,12:09:42,12:09:45,12:21:20,COMPLETED,34785.0,11590.6,3.04,698.33
736,easy,11,12:20:46,12:20:48,12:21:39,COMPLETED,28588.0,854.3,2.29,53.33
559,medium,14,11:30:47,11:30:51,12:22:23,COMPLETED,24044.0,51546.1,4.00,3096.69
730,easy,12,12:22:25,12:22:29,12:22:42,COMPLETED,29317.0,213.7,4.93,17.52
613,medium,14,12:00:27,12:00:28,12:23:07,COMPLETED,29740.0,22652.4,1.58,1360.54
646,easy,12,12:23:06,12:23:07,12:23:20,COMPLETED,29371.0,213.2,1.54,14.07
638,medium,13,12:23:16,12:23:20,12:23:57,COMPLETED,26202.0,628.9,4.07,41.52
675,medium,13,12:17:43,12:17:43,12:24:47,COMPLETED,25629.0,7072.0,0.53,424.65
626,medium,13,12:23:58,12:24:03,12:25:12,COMPLETED,28659.0,1152.5,5.83,74.76
741,easy,12,12:24:58,12:25:00,12:25:37,COMPLETED,31446.0,629.0,2.22,39.73
458,hard,15,11:35:27,11:35:29,12:26:02,COMPLETED,29161.0,50553.5,2.70,3035.80
671,hard,15,12:08:56,12:09:01,12:26:46,COMPLETED,28450.0,17759.7,5.16,1070.59
664,easy,11,12:26:38,12:26:40,12:26:46,COMPLETED,19646.0,109.0,2.31,8.59
694,medium,14,12:19:09,12:19:12,12:27:11,COMPLETED,31419.0,7988.2,3.63,482.63
697,easy,12,12:25:51,12:25:56,12:27:18,COMPLETED,30625.0,1363.0,5.52,87.05
702,easy,12,12:27:31,12:27:37,12:28:46,COMPLETED,31815.0,1168.4,6.08,75.89
665,medium,14,12:22:16,12:22:17,12:29:56,COMPLETED,33623.0,7654.5,1.41,460.35
640,easy,12,12:30:15,12:30:15,12:30:34,COMPLETED,23864.0,326.4,0.69,19.85
666,easy,12,12:28:42,12:28:46,12:30:54,COMPLETED,29968.0,2126.2,4.89,132.09
718,medium,14,12:29:08,12:29:11,12:31:00,COMPLETED,31473.0,1818.3,3.92,112.52
673,easy,12,12:31:03,12:31:07,12:31:13,COMPLETED,29858.0,110.2,4.08,10.40
704,medium,13,12:26:23,12:26:27,12:31:19,COMPLETED,30672.0,4871.2,4.77,296.72
650,medium,14,12:18:26,12:18:27,12:31:58,COMPLETED,25591.0,13509.8,1.58,812.09
461,hard,15,11:17:04,11:17:09,12:33:14,COMPLETED,33136.0,76080.5,5.65,4570.34
622,easy,12,12:30:55,12:31:00,12:33:20,COMPLETED,24290.0,2339.3,5.52,145.67
653,easy,12,12:33:12,12:33:14,12:34:29,COMPLETED,24062.0,1254.1,2.34,77.32
651,easy,11,12:34:30,12:34:35,12:35:07,COMPLETED,30279.0,529.8,5.62,37.08
727,easy,11,12:35:32,12:35:32,12:36:03,COMPLETED,31089.0,530.0,0.25,31.75
735,easy,11,12:36:29,12:36:35,12:36:54,COMPLETED,24994.0,319.2,6.17,25.07
643,medium,13,12:34:43,12:34:48,12:37:00,COMPLETED,31639.0,2206.8,5.22,137.35
691,easy,11,12:36:36,12:36:41,12:37:00,COMPLETED,19173.0,319.8,5.48,24.35
744,medium,13,12:29:59,12:30:02,12:37:12,COMPLETED,26584.0,7174.0,3.79,433.96
686,easy,12,12:35:56,12:35:57,12:37:12,COMPLETED,24720.0,1264.6,1.39,76.96
731,easy,11,12:37:08,12:37:12,12:37:44,COMPLETED,38559.0,527.8,4.96,36.40
693,easy,12,12:37:08,12:37:12,12:38:29,COMPLETED,25153.0,1273.9,4.96,81.15
683,easy,12,12:38:05,12:38:09,12:38:29,COMPLETED,24856.0,329.6,4.65,24.15
621,medium,13,12:32:34,12:32:36,12:38:42,COMPLETED,30953.0,6108.0,2.07,368.07
726,easy,11,12:38:36,12:38:42,12:38:48,COMPLETED,26904.0,119.2,6.07,12.70
273,hard,15,09:40:26,09:40:27,12:38:55,COMPLETED,38330.0,178462.8,1.52,10709.27
603,easy,11,12:39:08,12:39:08,12:39:14,COMPLETED,25378.0,113.5,0.17,6.79
749,easy,11,12:39:27,12:39:27,12:39:33,COMPLETED,16405.0,114.0,0.56,6.88
681,easy,11,12:39:46,12:39:46,12:40:12,COMPLETED,32457.0,434.2,0.90,26.50
662,medium,14,12:36:02,12:36:03,12:41:55,COMPLETED,27555.0,5864.7,1.75,353.08
412,hard,15,10:21:39,10:21:42,12:42:08,COMPLETED,31911.0,140429.5,3.53,8429.25
633,medium,14,12:24:53,12:24:53,12:42:33,COMPLETED,30651.0,17674.3,0.91,1060.96
620,easy,12,12:41:53,12:41:55,12:42:40,COMPLETED,24336.0,765.2,2.08,47.57
660,easy,12,12:43:01,12:43:06,12:43:25,COMPLETED,34932.0,325.4,5.25,24.35
707,easy,12,12:40:48,12:40:51,12:43:38,COMPLETED,30464.0,2790.5,3.24,170.25
608,medium,13,12:42:30,12:42:33,12:43:57,COMPLETED,29248.0,1403.9,3.96,87.73
748,easy,12,12:43:41,12:43:44,12:44:16,COMPLETED,29183.0,542.5,3.74,35.99
722,easy,11,12:44:19,12:44:23,12:44:48,COMPLETED,25049.0,427.8,4.33,29.65
696,easy,11,12:44:30,12:44:35,12:44:48,COMPLETED,26038.0,217.5,5.97,18.65
636,easy,12,12:44:32,12:44:35,12:44:55,COMPLETED,21317.0,323.0,3.97,23.05
617,easy,11,12:44:44,12:44:48,12:45:14,COMPLETED,21602.0,428.1,4.65,30.01
747,easy,12,12:44:22,12:44:23,12:45:26,COMPLETED,30063.0,1060.1,1.33,64.70
743,medium,13,12:44:06,12:44:10,12:45:32,COMPLETED,28891.0,1379.2,4.52,87.00
431,hard,15,10:56:53,10:56:57,12:46:10,COMPLETED,32751.0,109228.0,4.29,6557.93
720,easy,11,12:46:00,12:46:04,12:46:17,COMPLETED,30918.0,215.6,4.57,17.24
601,easy,12,12:45:42,12:45:45,12:46:23,COMPLETED,28048.0,635.6,3.68,41.53
634,easy,11,12:46:30,12:46:36,12:46:42,COMPLETED,26173.0,111.6,6.14,12.52
674,easy,11,12:46:59,12:47:01,12:47:07,COMPLETED,18315.0,111.0,2.46,8.83
710,medium,14,12:15:46,12:15:48,12:47:51,COMPLETED,36878.0,32064.2,2.25,1925.95
700,easy,12,12:47:00,12:47:01,12:48:04,COMPLETED,23009.0,1058.0,1.46,64.68
745,easy,11,12:47:35,12:47:39,12:48:17,COMPLETED,23543.0,640.3,4.33,42.39
644,easy,11,12:48:17,12:48:17,12:48:30,COMPLETED,27442.0,217.4,0.39,13.09
635,easy,11,12:48:27,12:48:30,12:48:36,COMPLETED,21461.0,111.2,3.09,9.47
611,easy,12,12:48:07,12:48:11,12:49:01,COMPLETED,27907.0,848.3,4.03,54.66
676,medium,14,12:37:54,12:37:57,12:49:59,COMPLETED,31293.0,12040.3,3.03,725.07
630,easy,12,12:45:35,12:45:39,12:50:31,COMPLETED,31852.0,4875.3,4.30,296.40
658,medium,13,12:49:26,12:49:26,12:50:31,COMPLETED,30334.0,1082.6,0.90,65.40
668,easy,11,12:51:15,12:51:16,12:51:29,COMPLETED,25445.0,222.6,1.40,14.26
615,easy,12,12:50:44,12:50:44,12:52:14,COMPLETED,25457.0,1508.3,0.41,90.44
682,medium,14,12:23:56,12:23:57,12:53:25,COMPLETED,31338.0,29472.2,1.52,1769.51
719,medium,13,12:49:20,12:49:20,12:53:32,COMPLETED,23614.0,4207.7,0.57,252.23
739,medium,13,12:49:43,12:49:45,12:53:32,COMPLETED,32804.0,3785.4,2.96,229.23
701,medium,14,12:50:23,12:50:25,12:53:32,COMPLETED,32162.0,3134.5,2.05,189.23
663,easy,11,12:53:30,12:53:32,12:53:51,COMPLETED,26705.0,333.2,2.23,21.97
472,hard,15,11:23:31,11:23:34,12:54:05,COMPLETED,38364.0,90518.8,3.01,5434.02
628,easy,11,12:54:23,12:54:24,12:54:36,COMPLETED,22633.0,218.5,1.24,13.88
460,hard,15,11:32:45,11:32:51,12:55:15,COMPLETED,32228.0,82416.1,6.00,4950.90
632,hard,15,12:34:47,12:34:48,12:55:22,COMPLETED,28878.0,20571.6,1.22,1235.19
698,easy,12,12:52:33,12:52:33,12:55:41,COMPLETED,33430.0,3128.6,0.89,188.44
713,medium,13,12:54:58,12:55:02,12:55:41,COMPLETED,25470.0,647.9,4.85,43.44
737,easy,11,12:55:19,12:55:22,12:55:41,COMPLETED,30730.0,325.6,3.19,22.44
667,easy,11,12:55:25,12:55:28,12:55:47,COMPLETED,27007.0,321.3,3.76,22.77
623,medium,14,12:49:24,12:49:26,12:56:19,COMPLETED,30912.0,6878.5,2.90,415.32
721,easy,12,12:55:49,12:55:54,12:56:19,COMPLETED,23798.0,426.4,5.07,30.32
642,easy,12,12:55:32,12:55:35,12:56:44,COMPLETED,22680.0,1162.7,3.10,72.59
705,easy,12,12:56:38,12:56:38,12:56:44,COMPLETED,19797.0,110.3,0.27,6.59
690,medium,13,12:32:50,12:32:55,12:57:03,COMPLETED,45489.0,24140.8,5.18,1453.44
485,hard,15,11:36:31,11:36:32,12:58:37,COMPLETED,36339.0,82097.2,1.17,4926.92
672,easy,12,12:57:39,12:57:41,12:58:56,COMPLETED,26475.0,1263.6,2.19,77.75
751,easy,12,13:00:02,13:00:05,13:00:18,COMPLETED,23071.0,214.2,3.93,16.52
868,easy,11,13:01:26,13:01:27,13:01:34,COMPLETED,26438.0,111.0,1.93,8.27
602,medium,14,12:48:00,12:48:04,13:01:40,COMPLETED,32546.0,13603.1,4.68,820.63
869,easy,11,13:01:29,13:01:34,13:01:46,COMPLETED,19512.0,217.0,5.27,17.96
455,hard,15,11:33:52,11:33:54,13:01:53,COMPLETED,33670.0,87982.9,2.48,5281.32
746,medium,13,12:59:14,12:59:15,13:01:53,COMPLETED,23688.0,2634.8,1.57,159.32
878,easy,11,13:02:25,13:02:31,13:02:50,COMPLETED,26575.0,322.2,6.15,25.16
806,easy,12,13:02:16,13:02:18,13:03:09,COMPLETED,24246.0,847.2,2.56,53.12
357,medium,14,10:01:03,10:01:09,13:03:15,COMPLETED,46479.0,182106.4,6.06,10932.43
882,medium,14,13:01:51,13:01:53,13:03:59,COMPLETED,33159.0,2113.3,2.32,128.81
840,easy,12,13:02:27,13:02:31,13:03:59,COMPLETED,30367.0,1482.2,4.15,92.81
855,easy,12,13:03:45,13:03:47,13:04:06,COMPLETED,25175.0,323.4,2.07,21.19
742,hard,15,12:48:52,12:48:55,13:04:12,COMPLETED,35414.0,15290.9,3.34,920.56
839,easy,12,13:03:23,13:03:28,13:04:25,COMPLETED,27487.0,957.2,5.02,62.16
774,easy,12,13:04:31,13:04:31,13:04:50,COMPLETED,31471.0,323.0,0.49,19.54
641,medium,13,12:57:44,12:57:47,13:05:22,COMPLETED,23024.0,7581.9,3.56,458.23
865,easy,11,13:05:08,13:05:09,13:05:22,COMPLETED,24506.0,215.9,1.58,14.23
866,easy,12,13:05:00,13:05:03,13:05:28,COMPLETED,30375.0,426.9,3.21,28.55
828,medium,13,13:01:20,13:01:21,13:05:34,COMPLETED,24916.0,4225.0,1.61,254.85
764,easy,12,13:03:43,13:03:47,13:05:53,COMPLETED,27473.0,2115.4,4.07,130.72
760,easy,12,13:02:48,13:02:50,13:06:19,COMPLETED,35575.0,3490.2,2.16,211.16
352,hard,15,10:24:01,10:24:06,13:06:44,COMPLETED,34811.0,162639.8,5.61,9763.95
841,medium,13,13:05:03,13:05:03,13:07:42,COMPLETED,30385.0,2664.9,0.21,159.72
838,easy,12,13:07:56,13:08:02,13:08:14,COMPLETED,31820.0,215.7,6.08,18.75
899,easy,12,13:08:07,13:08:08,13:08:27,COMPLETED,23181.0,319.8,1.40,20.33
863,medium,13,13:02:42,13:02:43,13:08:33,COMPLETED,29491.0,5835.0,1.82,351.62
734,medium,13,12:54:53,12:54:56,13:08:39,COMPLETED,33918.0,13731.9,3.28,826.97
500,hard,15,11:07:21,11:07:23,13:08:58,COMPLETED,28828.0,121595.5,2.11,7297.84
685,hard,15,12:08:58,12:09:01,13:09:05,COMPLETED,32751.0,60066.1,3.16,3607.12
773,easy,11,13:09:07,13:09:11,13:09:36,COMPLETED,25630.0,423.2,4.40,29.55
870,easy,12,13:09:13,13:09:17,13:10:07,COMPLETED,25709.0,842.4,4.71,54.97
881,easy,12,13:09:50,13:09:55,13:10:20,COMPLETED,28991.0,425.2,5.36,30.54
670,medium,14,12:41:41,12:41:42,13:10:26,COMPLETED,33218.0,28747.7,1.30,1725.91
784,easy,11,13:10:26,13:10:26,13:10:39,COMPLETED,25853.0,215.0,0.91,13.57
872,easy,11,13:11:13,13:11:17,13:11:29,COMPLETED,23182.0,214.4,4.30,16.86
782,medium,14,13:02:26,13:02:31,13:11:36,COMPLETED,32197.0,9088.0,5.15,550.19
817,easy,11,13:11:29,13:11:29,13:11:36,COMPLETED,24602.0,111.0,0.86,7.19
738,medium,14,12:39:02,12:39:08,13:11:42,COMPLETED,34098.0,32575.9,6.17,1960.54
654,medium,14,12:14:04,12:14:07,13:11:55,COMPLETED,29554.0,57791.6,3.66,3471.05
800,easy,11,13:13:14,13:13:16,13:13:22,COMPLETED,27776.0,108.9,2.25,8.54
808,medium,14,13:07:17,13:07:17,13:13:41,COMPLETED,28798.0,6413.5,0.09,384.68
823,easy,11,13:13:50,13:13:54,13:14:00,COMPLETED,27864.0,109.2,4.21,10.52
695,hard,15,12:38:19,12:38:22,13:14:56,COMPLETED,30834.0,36574.8,3.60,2197.92
843,medium,13,13:13:27,13:13:28,13:15:09,COMPLETED,30017.0,1681.2,1.80,102.44
732,medium,14,12:31:09,12:31:13,13:15:28,COMPLETED,32693.0,44253.4,4.40,2659.36
712,hard,15,12:37:45,12:37:50,13:15:34,COMPLETED,32205.0,37739.8,5.68,2269.81
769,medium,13,13:13:33,13:13:35,13:15:53,COMPLETED,35717.0,2317.2,2.09,140.87
848,easy,12,13:15:53,13:15:53,13:16:12,COMPLETED,28494.0,322.7,0.87,19.86
786,easy,11,13:16:34,13:16:38,13:16:51,COMPLETED,28097.0,221.5,4.49,17.56
656,hard,15,12:22:58,12:23:01,13:17:17,COMPLETED,28854.0,54268.4,3.24,3259.12
831,easy,11,13:17:29,13:17:29,13:17:48,COMPLETED,24017.0,323.1,0.95,19.94
804,easy,12,13:17:52,13:17:55,13:18:33,COMPLETED,27088.0,644.1,3.38,41.76
813,easy,11,13:19:19,13:19:24,13:19:31,COMPLETED,26637.0,114.7,5.58,12.06
896,medium,13,13:16:35,13:16:38,13:19:43,COMPLETED,35174.0,3093.9,3.49,188.91
890,easy,12,13:21:31,13:21:36,13:21:55,COMPLETED,31943.0,320.2,5.61,24.58
836,medium,14,13:11:02,13:11:04,13:22:14,COMPLETED,25503.0,11165.6,2.69,672.42
772,medium,13,13:16:30,13:16:32,13:22:20,COMPLETED,30283.0,5815.7,2.02,350.70
775,medium,13,13:21:37,13:21:42,13:22:58,COMPLETED,26043.0,1263.9,5.97,81.52
892,easy,12,13:22:45,13:22:45,13:23:04,COMPLETED,27849.0,321.8,0.85,19.85
832,medium,13,13:19:40,13:19:43,13:23:11,COMPLETED,21099.0,3460.0,3.91,211.24
652,hard,15,12:53:28,12:53:32,13:23:23,COMPLETED,35393.0,29863.8,4.23,1795.90
829,medium,13,13:23:04,13:23:04,13:23:23,COMPLETED,28152.0,320.9,0.85,19.90
540,hard,15,11:49:11,11:49:11,13:23:48,COMPLETED,32131.0,94622.5,0.60,5677.93
819,medium,13,13:22:41,13:22:45,13:23:48,COMPLETED,29104.0,1055.6,4.85,67.93
787,easy,12,13:23:55,13:23:55,13:24:14,COMPLETED,25519.0,319.6,0.21,19.11
803,easy,11,13:24:07,13:24:07,13:24:14,COMPLETED,22479.0,110.3,0.79,7.11
792,hard,15,13:07:23,13:07:23,13:24:26,COMPLETED,33785.0,17057.4,0.42,1023.67
879,easy,11,13:24:48,13:24:52,13:24:58,COMPLETED,27173.0,111.8,4.23,10.53
802,hard,15,13:13:35,13:13:35,13:25:04,COMPLETED,32927.0,11501.9,0.09,689.97
606,hard,15,12:09:42,12:09:45,13:25:43,COMPLETED,23915.0,75973.3,3.04,4561.35
815,medium,13,13:21:17,13:21:17,13:26:02,COMPLETED,23934.0,4747.0,0.76,285.25
708,hard,15,12:12:38,12:12:40,13:26:59,COMPLETED,35268.0,74327.4,2.27,4461.51
883,medium,13,13:26:57,13:26:59,13:27:31,COMPLETED,28135.0,544.5,2.51,34.71
776,easy,11,13:27:25,13:27:25,13:27:31,COMPLETED,27884.0,114.8,0.35,6.71
858,easy,12,13:27:30,13:27:31,13:27:44,COMPLETED,28908.0,223.3,1.71,14.73
761,easy,12,13:27:22,13:27:25,13:28:23,COMPLETED,26936.0,969.5,3.35,61.13
821,easy,12,13:27:58,13:28:03,13:29:07,COMPLETED,34386.0,1062.6,5.93,69.45
788,medium,14,13:14:18,13:14:19,13:32:04,COMPLETED,28914.0,17750.9,1.28,1066.10
610,hard,15,12:41:55,12:41:55,13:32:54,COMPLETED,28778.0,50990.2,0.08,3059.45
790,medium,14,13:21:41,13:21:42,13:33:00,COMPLETED,31885.0,11298.4,1.97,679.72
877,easy,11,13:33:03,13:33:06,13:33:13,COMPLETED,28655.0,109.1,4.00,10.30
824,easy,11,13:33:16,13:33:19,13:33:32,COMPLETED,24636.0,213.9,3.57,16.16
897,easy,12,13:32:25,13:32:29,13:33:38,COMPLETED,21536.0,1155.8,4.32,73.43
888,medium,13,13:31:13,13:31:13,13:34:22,COMPLETED,27312.0,3146.2,0.88,189.42
874,easy,12,13:34:09,13:34:09,13:34:22,COMPLETED,28678.0,214.7,0.77,13.42
852,easy,12,13:34:01,13:34:03,13:34:28,COMPLETED,32633.0,425.3,2.48,27.72
679,hard,15,12:38:16,12:38:16,13:34:41,COMPLETED,30413.0,56423.3,0.03,3385.29
861,easy,12,13:34:27,13:34:28,13:34:53,COMPLETED,23895.0,422.3,1.72,26.82
880,easy,11,13:34:59,13:35:00,13:35:12,COMPLETED,25772.0,213.6,1.08,13.68
887,hard,15,13:16:36,13:16:38,13:35:31,COMPLETED,31930.0,18884.7,2.49,1135.57
795,medium,13,13:34:54,13:35:00,13:35:31,COMPLETED,29172.0,529.1,6.08,37.57
864,easy,12,13:35:36,13:35:37,13:35:50,COMPLETED,30906.0,221.5,1.86,14.65
801,easy,11,13:35:46,13:35:50,13:36:10,COMPLETED,27124.0,330.6,4.65,24.08
765,medium,13,13:35:16,13:35:18,13:36:48,COMPLETED,31944.0,1500.6,2.96,92.80
779,easy,11,13:36:33,13:36:35,13:36:48,COMPLETED,29375.0,219.1,2.92,15.80
859,medium,13,13:37:52,13:37:52,13:38:18,COMPLETED,28803.0,438.0,0.59,26.43
767,easy,11,13:39:09,13:39:09,13:39:15,COMPLETED,26061.0,109.5,0.54,6.86
811,easy,11,13:39:29,13:39:35,13:39:41,COMPLETED,29893.0,118.2,6.11,12.85
816,easy,12,13:40:18,13:40:20,13:40:46,COMPLETED,34413.0,437.5,2.55,28.46
757,easy,12,13:39:29,13:39:35,13:40:52,COMPLETED,29251.0,1300.5,6.11,83.84
752,easy,11,13:40:47,13:40:52,13:41:18,COMPLETED,23489.0,438.8,5.84,31.72
891,medium,14,13:34:08,13:34:09,13:41:31,COMPLETED,36558.0,7369.7,1.77,443.68
826,easy,12,13:40:58,13:40:59,13:41:31,COMPLETED,28949.0,547.2,1.19,33.68
847,medium,13,13:31:00,13:31:01,13:41:38,COMPLETED,30467.0,10618.0,1.33,638.05
480,hard,15,11:59:51,11:59:57,13:42:22,COMPLETED,28899.0,102415.8,6.36,6151.22
807,easy,11,13:42:48,13:42:53,13:43:12,COMPLETED,26328.0,320.8,5.98,24.89
753,medium,13,13:42:23,13:42:28,13:43:44,COMPLETED,33163.0,1267.9,5.57,81.38
768,easy,12,13:41:57,13:41:57,13:44:03,COMPLETED,30160.0,2107.8,0.07,126.23
885,easy,12,13:42:25,13:42:28,13:44:03,COMPLETED,36989.0,1582.2,3.57,98.23
837,medium,14,13:06:30,13:06:31,13:44:41,COMPLETED,37097.0,38155.9,1.88,2291.07
842,easy,12,13:43:08,13:43:12,13:45:18,COMPLETED,24676.0,2100.9,4.89,130.69
835,medium,14,13:34:16,13:34:16,13:46:34,COMPLETED,34386.0,12303.0,0.11,738.06
453,hard,15,11:24:24,11:24:24,13:48:23,COMPLETED,40690.0,143979.4,0.66,8639.32
755,easy,11,13:48:13,13:48:16,13:48:29,COMPLETED,25683.0,225.3,3.76,16.83
362,hard,15,10:37:38,10:37:43,13:49:34,COMPLETED,34773.0,191849.8,5.22,11516.18
797,medium,13,13:35:53,13:35:57,13:49:46,COMPLETED,26193.0,13828.6,4.21,833.81
851,medium,14,13:47:34,13:47:37,13:50:25,COMPLETED,25995.0,2802.1,3.93,171.80
771,easy,12,13:47:45,13:47:50,13:50:38,COMPLETED,35355.0,2797.9,5.95,173.57
785,easy,12,13:45:20,13:45:24,13:50:44,COMPLETED,39462.0,5336.8,4.97,324.87
830,easy,12,13:49:55,13:49:59,13:50:57,COMPLETED,22957.0,977.4,4.56,62.74
796,easy,11,13:50:44,13:50:44,13:50:57,COMPLETED,28471.0,223.3,0.87,13.74
778,medium,14,13:26:59,13:26:59,13:52:27,COMPLETED,26564.0,25475.6,0.51,1528.72
809,easy,12,13:51:23,13:51:23,13:52:53,COMPLETED,26505.0,1510.7,0.56,90.93
781,easy,12,13:52:24,13:52:27,13:53:38,COMPLETED,26473.0,1177.8,3.72,74.12
754,easy,11,13:53:26,13:53:31,13:53:57,COMPLETED,31910.0,428.2,5.78,31.09
862,medium,13,13:53:00,13:53:00,13:54:03,COMPLETED,35095.0,1059.4,0.24,63.51
750,easy,11,13:53:50,13:53:50,13:54:09,COMPLETED,28508.0,324.9,0.74,19.85
548,hard,15,11:13:59,11:14:02,13:54:16,COMPLETED,32438.0,160233.9,3.37,9617.27
875,medium,13,13:46:41,13:46:46,13:54:29,COMPLETED,33977.0,7712.1,5.65,468.11
867,medium,13,13:51:53,13:51:55,13:54:29,COMPLETED,31915.0,2558.7,2.92,156.11
846,easy,12,13:54:11,13:54:16,13:54:29,COMPLETED,31943.0,220.1,5.27,18.11
898,easy,11,13:54:17,13:54:22,13:54:29,COMPLETED,27817.0,113.0,5.69,12.11
605,hard,15,12:25:43,12:25:43,13:54:41,COMPLETED,33081.0,88967.6,0.98,5338.88
763,medium,13,13:49:58,13:49:59,13:54:54,COMPLETED,29523.0,4919.8,1.56,296.61
799,easy,12,13:54:42,13:54:48,13:55:07,COMPLETED,24170.0,320.4,6.25,25.20
766,easy,12,13:55:12,13:55:13,13:55:19,COMPLETED,31146.0,110.6,1.50,7.85
783,medium,13,13:54:13,13:54:16,13:55:57,COMPLETED,28110.0,1692.6,3.27,104.57
889,medium,14,13:54:17,13:54:22,13:56:16,COMPLETED,26336.0,1901.0,5.69,119.49
789,easy,12,13:55:57,13:55:57,13:57:13,COMPLETED,27585.0,1265.4,0.57,76.18
814,medium,13,13:56:34,13:56:35,13:57:38,COMPLETED,27773.0,1055.8,1.34,64.41
884,easy,11,13:58:26,13:58:30,13:58:36,COMPLETED,23205.0,113.7,4.17,10.55
894,easy,12,13:58:32,13:58:36,13:58:43,COMPLETED,24815.0,113.6,4.55,11.03
818,easy,12,13:57:52,13:57:57,13:58:49,COMPLETED,29629.0,870.1,5.67,57.40
834,hard,15,13:00:44,13:00:50,13:58:55,COMPLETED,25937.0,58102.5,6.01,3491.93
873,easy,12,13:54:36,13:54:41,13:59:02,COMPLETED,26411.0,4348.8,5.88,266.37
827,easy,12,13:58:52,13:58:55,13:59:54,COMPLETED,31933.0,977.0,3.93,62.10
820,medium,14,13:32:17,13:32:23,14:00:19,COMPLETED,35812.0,27951.2,6.01,1682.78
931,easy,11,14:00:09,14:00:13,14:00:19,COMPLETED,25425.0,118.3,4.21,10.78
886,medium,14,13:35:52,13:35:57,14:00:26,COMPLETED,34280.0,24490.7,5.21,1474.34
812,medium,13,13:53:51,13:53:57,14:00:51,COMPLETED,32675.0,6917.8,6.09,420.77
914,easy,12,14:01:32,14:01:37,14:02:02,COMPLETED,23011.0,437.6,5.19,30.98
593,hard,15,11:07:50,11:07:55,14:02:09,COMPLETED,32929.0,174240.7,5.12,10459.50
1011,easy,12,14:01:37,14:01:37,14:02:16,COMPLETED,31528.0,651.4,0.19,39.00
928,easy,12,14:01:08,14:01:11,14:02:35,COMPLETED,36682.0,1408.7,3.22,87.29
988,easy,12,14:02:23,14:02:28,14:02:41,COMPLETED,30848.0,227.7,5.70,18.90
1007,medium,13,14:00:32,14:00:32,14:03:01,COMPLETED,32996.0,2484.9,0.83,149.34
758,hard,15,13:48:50,13:48:55,14:03:14,COMPLETED,28461.0,14316.9,5.49,864.29
844,medium,14,13:51:09,13:51:10,14:03:14,COMPLETED,32107.0,12062.8,1.76,725.29
854,hard,15,13:40:21,13:40:27,14:03:20,COMPLETED,33776.0,22898.8,6.11,1379.60
1021,easy,12,14:03:30,14:03:33,14:04:12,COMPLETED,23770.0,650.4,3.66,42.33
993,easy,11,14:04:04,14:04:05,14:04:18,COMPLETED,24614.0,218.0,1.94,14.74
990,easy,12,14:03:38,14:03:40,14:04:37,COMPLETED,26432.0,964.4,2.23,59.75
930,medium,14,14:04:10,14:04:12,14:05:34,COMPLETED,30333.0,1375.9,2.33,84.61
908,easy,12,14:05:45,14:05:47,14:05:53,COMPLETED,28421.0,110.5,2.23,8.58
725,hard,15,12:08:10,12:08:10,14:06:18,COMPLETED,38409.0,118144.0,0.31,7088.97
1026,easy,12,14:06:10,14:06:12,14:07:09,COMPLETED,27858.0,955.7,2.58,59.63
565,hard,15,11:32:14,11:32:19,14:07:15,COMPLETED,41032.0,154949.7,5.05,9301.96
938,easy,12,14:07:00,14:07:15,14:07:28,COMPLETED,27269.0,217.1,15.96,28.68
932,easy,11,14:07:59,14:08:00,14:08:06,COMPLETED,27966.0,111.5,1.28,7.63
984,easy,12,14:06:51,14:06:56,14:08:25,COMPLETED,33733.0,1482.4,5.95,94.61
952,easy,12,14:09:02,14:09:03,14:09:35,COMPLETED,27478.0,537.3,1.44,33.36
972,medium,13,14:09:03,14:09:03,14:09:48,COMPLETED,28737.0,747.2,0.44,45.01
959,medium,14,14:02:59,14:03:01,14:09:54,COMPLETED,31576.0,6888.7,2.34,415.33
648,hard,15,12:22:32,12:22:36,14:10:07,COMPLETED,29289.0,107514.6,4.24,6455.05
1006,easy,11,14:09:52,14:09:54,14:10:07,COMPLETED,25562.0,216.5,2.33,15.05
895,medium,14,13:37:29,13:37:33,14:10:19,COMPLETED,29030.0,32775.1,4.36,1970.69
1036,easy,11,14:09:50,14:09:54,14:10:19,COMPLETED,35479.0,428.5,4.33,29.69
941,medium,13,14:04:20,14:04:25,14:10:57,COMPLETED,29742.0,6550.8,5.11,397.86
953,easy,11,14:11:20,14:11:23,14:11:42,COMPLETED,34482.0,321.7,3.16,22.15
850,medium,14,13:59:25,13:59:28,14:12:13,COMPLETED,31146.0,12766.6,3.05,768.82
1016,easy,12,14:11:44,14:11:48,14:12:13,COMPLETED,29885.0,427.4,4.49,29.82
900,easy,12,14:10:37,14:10:38,14:12:20,COMPLETED,24616.0,1696.3,1.72,103.16
1037,easy,12,14:11:46,14:11:48,14:12:45,COMPLETED,29443.0,954.8,2.49,59.53
845,medium,14,13:22:29,13:22:33,14:14:13,COMPLETED,38859.0,51680.7,4.28,3104.99
906,easy,12,14:11:54,14:12:20,14:15:36,COMPLETED,27316.0,3272.9,26.16,222.25
1041,easy,12,14:13:08,14:15:42,14:15:55,COMPLETED,23099.0,216.4,154.57,167.25
980,medium,13,14:11:57,14:12:20,14:16:46,COMPLETED,32195.0,4445.6,23.16,289.62
902,easy,12,14:13:22,14:16:52,14:17:05,COMPLETED,30445.0,220.2,210.97,223.85
987,medium,14,14:11:29,14:11:29,14:19:18,COMPLETED,34122.0,7827.5,0.50,469.86
919,easy,11,14:14:15,14:19:25,14:19:37,COMPLETED,21863.0,218.5,310.21,322.98
949,easy,11,14:14:23,14:19:44,14:20:03,COMPLETED,27202.0,322.1,321.35,340.37
940,medium,13,14:13:10,14:16:01,14:20:28,COMPLETED,31611.0,4456.9,171.58,438.67
917,easy,11,14:14:31,14:20:35,14:20:47,COMPLETED,23711.0,219.1,364.04,376.83
1008,easy,11,14:14:50,14:20:54,14:21:06,COMPLETED,18010.0,219.1,364.21,377.00
966,easy,11,14:15:00,14:21:13,14:21:26,COMPLETED,29727.0,216.3,373.39,386.07
724,medium,14,12:36:08,12:36:10,14:21:45,COMPLETED,37448.0,105585.3,2.09,6337.11
975,easy,11,14:15:18,14:21:32,14:21:45,COMPLETED,26794.0,217.9,374.39,387.11
857,medium,14,13:49:15,13:49:21,14:22:04,COMPLETED,31507.0,32721.5,6.17,1969.21
910,medium,14,14:11:09,14:11:10,14:22:16,COMPLETED,35313.0,11115.1,1.51,667.97
945,easy,11,14:16:20,14:22:10,14:22:23,COMPLETED,25529.0,224.4,350.62,363.51
1035,easy,12,14:15:33,14:21:51,14:23:15,COMPLETED,31517.0,1404.0,378.49,462.35
1025,easy,11,14:16:56,14:23:21,14:24:00,COMPLETED,32659.0,651.3,385.79,424.45
1029,medium,14,14:03:15,14:03:20,14:24:06,COMPLETED,26741.0,20779.1,5.60,1251.89
934,easy,12,14:16:36,14:22:30,14:24:13,COMPLETED,32264.0,1732.6,354.12,457.49
916,easy,11,14:17:18,14:24:06,14:24:13,COMPLETED,29077.0,120.3,408.89,415.49
331,hard,15,10:17:20,10:17:21,14:24:39,COMPLETED,44919.0,247307.4,1.43,14839.85
1002,easy,12,14:18:52,14:24:20,14:25:25,COMPLETED,36546.0,1090.4,328.16,393.35
913,hard,15,14:02:35,14:02:35,14:25:57,COMPLETED,34394.0,23374.4,0.29,1402.39
1014,medium,13,14:18:10,14:24:13,14:26:10,COMPLETED,28508.0,1959.7,363.49,480.59
1019,medium,14,14:12:38,14:12:39,14:26:17,COMPLETED,27973.0,13639.2,1.17,819.14
970,easy,12,14:20:14,14:26:23,14:28:00,COMPLETED,30213.0,1621.7,369.61,466.44
833,medium,14,13:52:44,13:52:47,14:28:13,COMPLETED,38940.0,35440.3,3.34,2129.58
1003,easy,11,14:20:40,14:28:19,14:28:32,COMPLETED,32612.0,216.4,459.92,472.60
967,easy,12,14:20:02,14:26:03,14:29:04,COMPLETED,31000.0,3012.1,361.94,542.37
1000,hard,15,14:04:33,14:04:37,14:31:30,COMPLETED,37034.0,26876.8,4.75,1617.09
1024,medium,14,14:14:11,14:17:12,14:32:20,COMPLETED,23843.0,15148.8,181.21,1089.88
1043,medium,14,14:06:28,14:06:31,14:32:46,COMPLETED,28504.0,26247.0,3.64,1578.22
226,hard,15,09:19:08,09:19:10,14:33:11,COMPLETED,37938.0,314023.6,2.22,18843.63
924,medium,14,14:19:50,14:25:31,14:33:17,COMPLETED,25898.0,7780.9,341.71,807.96
926,medium,14,14:16:36,14:22:23,14:33:24,COMPLETED,30294.0,11027.9,347.51,1008.67
925,easy,11,14:22:50,14:33:17,14:33:31,COMPLETED,22892.0,228.5,627.96,641.32
1046,easy,11,14:23:08,14:33:24,14:33:37,COMPLETED,23420.0,223.3,616.67,629.71
810,hard,15,13:57:01,13:57:06,14:33:44,COMPLETED,33032.0,36624.7,5.84,2203.10
921,easy,12,14:24:25,14:33:37,14:34:22,COMPLETED,28032.0,756.8,552.71,597.67
1022,medium,14,14:18:50,14:24:20,14:34:35,COMPLETED,31126.0,10267.5,330.16,945.81
1033,medium,13,14:24:41,14:33:44,14:34:48,COMPLETED,28044.0,1089.5,543.10,607.98
927,easy,12,14:26:17,14:34:42,14:35:08,COMPLETED,26923.0,443.2,505.35,531.64
954,easy,12,14:27:19,14:35:14,14:35:53,COMPLETED,21303.0,651.0,475.97,514.67
965,medium,14,14:14:29,14:20:09,14:36:13,COMPLETED,33147.0,16065.2,340.70,1304.21
1049,easy,11,14:27:30,14:36:00,14:36:32,COMPLETED,33034.0,555.4,510.05,542.90
907,medium,14,14:26:08,14:33:50,14:36:39,COMPLETED,25013.0,2826.4,462.47,631.43
937,easy,11,14:28:19,14:36:39,14:36:46,COMPLETED,24427.0,117.1,500.43,507.12
1004,easy,11,14:28:40,14:36:46,14:36:58,COMPLETED,26500.0,220.7,486.12,498.86
1044,medium,14,14:21:41,14:29:10,14:38:42,COMPLETED,25553.0,9535.2,449.71,1021.55
977,easy,12,14:29:43,14:37:05,14:39:21,COMPLETED,25663.0,2268.5,442.41,578.05
950,medium,14,14:26:17,14:34:29,14:39:40,COMPLETED,29718.0,5189.2,492.18,803.24
986,easy,12,14:29:53,14:38:48,14:39:40,COMPLETED,26523.0,861.2,535.89,587.24
969,medium,13,14:20:49,14:28:38,14:39:46,COMPLETED,30640.0,11133.1,469.93,1137.59
1040,easy,12,14:30:20,14:39:46,14:39:59,COMPLETED,31457.0,217.7,566.59,579.34
962,easy,12,14:30:02,14:39:46,14:40:18,COMPLETED,23528.0,535.4,584.59,616.42
943,easy,12,14:31:07,14:39:52,14:41:34,COMPLETED,29719.0,1693.4,525.99,627.29
933,medium,14,14:31:58,14:40:05,14:41:40,COMPLETED,29575.0,1587.6,487.72,582.62
759,hard,15,13:39:35,13:39:35,14:42:06,COMPLETED,34478.0,62516.1,0.11,3751.07
939,hard,15,14:06:36,14:06:37,14:42:12,COMPLETED,32010.0,35579.2,1.99,2136.45
948,easy,12,14:34:04,14:42:12,14:42:37,COMPLETED,31119.0,429.7,488.45,513.94
733,hard,15,12:36:59,12:37:00,14:43:28,COMPLETED,29110.0,126474.2,1.35,7589.71
994,easy,11,14:36:25,14:43:35,14:43:41,COMPLETED,26635.0,112.4,430.07,436.49
958,medium,14,14:32:10,14:40:24,14:43:47,COMPLETED,36100.0,3390.8,494.75,697.84
997,easy,11,14:36:46,14:43:47,14:44:13,COMPLETED,29297.0,430.5,421.84,447.32
1028,easy,11,14:36:49,14:44:19,14:44:32,COMPLETED,24388.0,223.2,450.71,463.56
903,medium,14,14:02:14,14:02:16,14:45:24,COMPLETED,32933.0,43142.5,2.00,2590.37
944,medium,13,14:27:37,14:36:19,14:45:30,COMPLETED,23226.0,9188.5,522.76,1073.69
1042,medium,14,14:29:53,14:39:27,14:46:41,COMPLETED,36715.0,7246.8,574.57,1008.95
973,easy,12,14:35:25,14:42:44,14:47:40,COMPLETED,34639.0,4942.9,439.26,735.37
893,medium,14,13:57:08,13:57:13,14:49:04,COMPLETED,38636.0,51856.4,5.18,3116.28
1015,medium,14,14:37:10,14:45:30,14:49:17,COMPLETED,28558.0,3786.7,500.69,727.42
904,easy,11,14:40:46,14:49:23,14:49:30,COMPLETED,22536.0,115.1,517.97,524.57
1020,easy,11,14:41:47,14:49:36,14:49:49,COMPLETED,27269.0,222.5,469.90,482.76
1034,medium,13,14:38:29,14:46:48,14:50:02,COMPLETED,36575.0,3246.0,499.49,693.89
936,easy,11,14:42:03,14:49:56,14:50:02,COMPLETED,25232.0,116.4,473.29,479.89
995,medium,14,14:10:39,14:10:45,14:50:09,COMPLETED,30558.0,39412.3,6.12,2370.30
923,hard,15,14:12:43,14:12:51,14:50:09,COMPLETED,29419.0,37300.7,8.86,2246.30
798,hard,15,13:26:44,13:26:46,14:50:22,COMPLETED,37519.0,83599.6,2.64,5018.50
942,easy,12,14:42:41,14:50:09,14:50:22,COMPLETED,21188.0,223.4,448.30,461.50
998,medium,13,14:32:12,14:41:40,14:50:28,COMPLETED,37190.0,8810.4,568.62,1096.83
1013,easy,11,14:43:30,14:50:16,14:50:28,COMPLETED,31354.0,219.6,406.09,418.83
947,easy,11,14:44:52,14:50:35,14:50:54,COMPLETED,26172.0,322.4,343.35,362.40
1030,easy,12,14:36:56,14:44:39,14:51:26,COMPLETED,38575.0,6787.4,463.13,870.13
978,easy,12,14:46:23,14:51:32,14:51:51,COMPLETED,26960.0,322.0,309.46,328.47
411,hard,15,10:42:53,10:42:58,14:52:16,COMPLETED,37796.0,249311.3,5.14,14963.80
920,easy,12,14:45:01,14:50:35,14:52:42,COMPLETED,32037.0,2117.8,334.35,461.13
473,hard,15,11:54:49,11:54:49,14:52:54,COMPLETED,32383.0,178096.6,0.07,10685.88
912,easy,12,14:44:15,14:50:28,14:53:20,COMPLETED,34483.0,2859.8,373.83,545.20
922,easy,12,14:47:56,14:52:23,14:53:26,COMPLETED,31873.0,1063.2,267.14,330.53
909,easy,12,14:51:03,14:53:01,14:53:58,COMPLETED,31960.0,955.9,118.21,175.26
1027,easy,12,14:49:50,14:52:48,14:54:30,COMPLETED,27328.0,1697.5,178.50,280.02
770,hard,15,13:21:27,13:21:30,14:55:08,COMPLETED,34480.0,93630.7,3.31,5621.06
780,medium,14,13:47:30,13:47:31,14:57:29,COMPLETED,30462.0,69977.2,1.37,4199.84
876,hard,15,13:10:17,13:10:20,14:57:42,COMPLETED,32554.0,107371.9,3.54,6445.69
951,medium,14,14:51:16,14:53:26,14:57:49,COMPLETED,30885.0,4387.9,130.53,393.23
918,easy,11,14:54:46,14:57:49,14:58:15,COMPLETED,25268.0,442.3,183.23,209.47
1039,easy,11,14:54:47,14:57:55,14:58:15,COMPLETED,26714.0,331.5,188.89,208.47
1012,easy,11,14:55:25,14:58:21,14:58:34,COMPLETED,22738.0,217.8,176.81,189.58
964,easy,12,14:55:47,14:58:21,14:58:40,COMPLETED,34308.0,327.6,154.81,173.91
960,easy,12,14:56:21,14:58:40,14:58:54,COMPLETED,24879.0,229.5,139.91,153.20
971,easy,11,14:57:29,14:59:00,14:59:07,COMPLETED,28771.0,114.8,91.74,98.33
963,easy,12,14:57:14,14:58:47,14:59:26,COMPLETED,24120.0,658.6,93.57,132.59
1023,medium,14,14:22:09,14:32:27,14:59:52,COMPLETED,32827.0,27430.0,618.22,2263.79
961,medium,13,14:53:42,14:54:04,15:00:24,COMPLETED,39760.0,6346.1,22.60,402.90
1001,easy,12,14:58:52,14:59:33,15:00:50,COMPLETED,23246.0,1303.2,41.14,118.93
981,easy,11,14:58:54,15:00:31,15:01:03,COMPLETED,25427.0,550.5,97.46,129.99
1031,easy,11,14:59:15,15:00:57,15:01:10,COMPLETED,31717.0,229.5,102.39,115.54
853,hard,15,13:28:14,13:28:16,15:04:08,COMPLETED,38482.0,95858.5,2.63,5754.03
979,medium,13,14:58:39,14:59:13,15:06:46,COMPLETED,32141.0,7558.4,34.65,487.66
1018,medium,13,14:54:16,14:57:36,15:06:59,COMPLETED,33509.0,9396.8,200.24,763.59
1085,easy,11,15:00:38,15:06:53,15:06:59,COMPLETED,23966.0,115.1,375.23,381.59
989,hard,15,14:16:02,14:21:51,15:07:31,COMPLETED,31258.0,45677.0,349.49,3089.87
1162,easy,11,15:01:24,15:07:06,15:07:38,COMPLETED,25098.0,548.1,342.17,374.42
1076,easy,11,15:01:33,15:07:45,15:08:11,COMPLETED,25944.0,441.5,372.14,398.11
976,hard,15,14:26:42,14:34:55,15:09:22,COMPLETED,32941.0,34452.8,493.54,2560.37
1181,medium,14,15:00:02,15:01:17,15:09:42,COMPLETED,29390.0,8420.9,75.21,580.01
1158,easy,11,15:01:50,15:09:28,15:09:55,COMPLETED,27441.0,446.5,458.93,485.20
1174,easy,11,15:02:14,15:10:01,15:10:08,COMPLETED,23305.0,115.6,467.77,474.37
911,medium,14,14:42:32,14:50:09,15:10:21,COMPLETED,32856.0,20200.7,457.30,1669.12
1133,easy,11,15:03:08,15:10:27,15:10:40,COMPLETED,25489.0,226.5,439.44,452.53
1096,easy,11,15:03:46,15:10:47,15:11:06,COMPLETED,29029.0,333.1,421.08,440.55
805,medium,14,13:23:58,13:24:01,15:12:30,COMPLETED,33736.0,108490.0,3.50,6512.80
1089,medium,13,15:01:28,15:07:38,15:12:37,COMPLETED,30168.0,4983.8,370.42,669.13
1183,easy,12,15:02:52,15:10:14,15:12:49,COMPLETED,28623.0,2590.3,442.73,597.85
1121,easy,11,15:04:19,15:12:56,15:13:02,COMPLETED,26650.0,111.0,517.19,523.55
1038,hard,15,14:35:16,14:42:18,15:13:46,COMPLETED,40477.0,31471.4,422.89,2310.95
1047,medium,14,14:07:19,14:07:22,15:13:53,COMPLETED,31711.0,66519.7,3.32,3994.29
982,medium,14,14:33:01,14:41:47,15:14:31,COMPLETED,28496.0,32741.1,526.02,2490.29
1057,easy,12,15:05:12,15:13:59,15:15:21,COMPLETED,26574.0,1376.3,527.68,609.94
1143,medium,13,15:05:23,15:14:37,15:15:40,COMPLETED,29406.0,1060.8,554.62,617.97
1063,easy,12,15:04:14,15:12:43,15:16:18,COMPLETED,30321.0,3596.2,509.50,724.99
1151,easy,11,15:05:44,15:15:47,15:16:18,COMPLETED,31013.0,533.4,603.30,634.99
762,hard,15,13:59:32,13:59:34,15:16:31,COMPLETED,30532.0,76955.5,2.51,4619.71
1171,easy,11,15:06:11,15:16:25,15:16:44,COMPLETED,21992.0,324.5,614.32,633.44
1131,easy,12,15:05:38,15:15:28,15:16:50,COMPLETED,25041.0,1381.6,590.29,672.84
791,hard,15,13:54:09,13:54:09,15:16:57,COMPLETED,31814.0,82792.5,0.85,4968.22
1067,easy,11,15:07:57,15:16:50,15:17:03,COMPLETED,31061.0,218.4,533.84,546.60
1148,medium,14,15:02:06,15:09:48,15:17:22,COMPLETED,38960.0,7572.6,462.55,916.65
999,medium,14,14:59:20,15:01:10,15:17:35,COMPLETED,30761.0,16417.8,110.54,1095.36
1005,medium,14,14:40:04,14:49:10,15:18:13,COMPLETED,32406.0,29053.0,546.82,2289.77
1175,easy,12,15:08:51,15:17:03,15:18:20,COMPLETED,28508.0,1281.9,492.60,569.14
1098,easy,12,15:06:51,15:16:25,15:18:52,COMPLETED,28464.0,2451.7,574.32,721.19
1100,medium,13,15:09:19,15:17:41,15:18:52,COMPLETED,24340.0,1180.0,502.70,573.19
1009,medium,14,14:45:28,14:51:00,15:18:58,COMPLETED,27218.0,27968.1,332.73,2010.53
1123,medium,13,15:09:06,15:17:09,15:19:04,COMPLETED,26951.0,1921.5,483.97,598.93
1115,easy,11,15:11:10,15:19:04,15:19:17,COMPLETED,31700.0,217.4,474.93,487.68
1149,easy,12,15:10:22,15:18:58,15:19:24,COMPLETED,23513.0,431.3,516.53,542.01
1163,easy,11,15:12:10,15:19:30,15:19:36,COMPLETED,30771.0,112.6,440.45,446.87
1160,medium,13,15:09:52,15:18:26,15:19:56,COMPLETED,27684.0,1495.3,514.57,604.00
1138,medium,13,15:07:11,15:16:38,15:20:15,COMPLETED,34615.0,3621.4,567.04,784.06
1196,easy,11,15:12:45,15:20:21,15:20:34,COMPLETED,28501.0,217.3,456.39,469.05
1128,medium,14,15:09:47,15:18:20,15:20:59,COMPLETED,31270.0,2659.8,513.14,672.44
915,medium,14,14:43:26,14:50:16,15:24:09,COMPLETED,36911.0,33890.4,410.09,2443.27
689,hard,15,12:26:53,12:26:59,15:24:15,COMPLETED,32398.0,177278.0,6.10,10642.66
1104,easy,11,15:13:24,15:24:15,15:24:28,COMPLETED,28230.0,218.5,651.66,664.44
1106,medium,13,15:08:46,15:16:57,15:24:34,COMPLETED,31868.0,7635.2,491.22,948.80
1139,easy,11,15:13:27,15:24:22,15:24:34,COMPLETED,26166.0,222.8,655.07,667.80
1095,easy,11,15:13:41,15:24:34,15:24:41,COMPLETED,21525.0,120.0,653.80,660.48
996,medium,14,14:39:20,14:47:46,15:24:54,COMPLETED,31095.0,37131.7,506.91,2734.43
1114,easy,12,15:14:10,15:24:41,15:25:01,COMPLETED,23949.0,331.6,631.48,651.05
1194,easy,11,15:14:27,15:24:48,15:25:07,COMPLETED,29484.0,328.4,621.05,640.42
709,hard,15,12:04:06,12:04:06,15:25:13,COMPLETED,30869.0,201125.7,0.37,12067.79
1172,easy,11,15:16:27,15:25:20,15:25:33,COMPLETED,24493.0,218.3,533.29,546.09
1176,easy,12,15:19:11,15:25:39,15:26:04,COMPLETED,29145.0,428.0,388.42,413.79
1103,easy,12,15:14:40,15:25:01,15:26:11,COMPLETED,35648.0,1174.3,621.05,691.12
1150,medium,13,15:14:45,15:25:07,15:26:17,COMPLETED,27317.0,1175.2,622.42,692.55
1082,easy,11,15:20:19,15:26:23,15:26:36,COMPLETED,21157.0,216.3,364.98,377.65
1078,easy,12,15:16:04,15:25:13,15:26:49,COMPLETED,32381.0,1598.0,549.79,645.35
1070,easy,11,15:20:37,15:26:42,15:26:55,COMPLETED,25333.0,218.0,365.98,378.71
1107,easy,11,15:21:56,15:26:55,15:27:08,COMPLETED,33272.0,217.3,299.71,312.44
1146,easy,11,15:22:00,15:27:02,15:27:08,COMPLETED,24755.0,111.3,302.09,308.44
1087,easy,12,15:19:19,15:26:11,15:27:52,COMPLETED,26142.0,1698.4,412.12,513.73
1083,easy,11,15:24:13,15:27:59,15:28:18,COMPLETED,28534.0,321.8,226.07,245.06
756,hard,15,13:35:15,13:35:18,15:28:37,COMPLETED,27693.0,113303.5,3.96,6802.07
1180,easy,11,15:24:29,15:28:24,15:28:43,COMPLETED,25416.0,322.6,235.40,254.40
1126,easy,11,15:24:40,15:28:43,15:29:08,COMPLETED,25630.0,428.4,243.40,268.82
1187,medium,14,15:12:27,15:20:02,15:29:34,COMPLETED,26116.0,9534.2,455.33,1027.11
1142,medium,14,15:04:32,15:13:08,15:30:05,COMPLETED,30293.0,16952.5,516.88,1533.80
703,hard,15,12:38:33,12:38:35,15:31:28,COMPLETED,34420.0,172892.7,2.46,10375.92
1164,medium,13,15:24:47,15:28:49,15:32:40,COMPLETED,30949.0,3847.1,242.78,473.25
1190,medium,13,15:26:15,15:31:35,15:33:12,COMPLETED,30492.0,1626.3,320.47,417.55
935,medium,13,14:04:03,14:04:05,15:34:10,COMPLETED,39960.0,90076.2,2.94,5407.35
569,hard,15,11:16:25,11:16:26,15:35:02,COMPLETED,35294.0,258601.1,1.05,15517.09
1055,easy,11,15:28:53,15:34:16,15:35:21,COMPLETED,28981.0,1087.5,323.72,388.49
1051,medium,13,15:22:04,15:27:14,15:37:17,COMPLETED,34044.0,10050.2,310.79,913.54
1077,medium,13,15:29:21,15:35:08,15:37:49,COMPLETED,27513.0,2684.7,347.48,508.27
1198,medium,14,15:12:56,15:20:40,15:38:20,COMPLETED,33307.0,17680.4,464.45,1524.98
1166,medium,14,15:03:48,15:11:13,15:38:27,COMPLETED,26037.0,27242.8,445.11,2079.37
1184,easy,12,15:31:07,15:38:33,15:39:30,COMPLETED,30522.0,955.7,446.83,503.87
1169,medium,14,15:04:54,15:13:53,15:40:27,COMPLETED,36755.0,26578.9,539.29,2133.81
1145,medium,13,15:30:39,15:37:55,15:40:27,COMPLETED,32508.0,2541.9,436.61,588.81
1161,easy,11,15:31:21,15:40:34,15:40:40,COMPLETED,24515.0,113.1,553.15,559.58
1068,easy,12,15:31:07,15:39:37,15:40:46,COMPLETED,28192.0,1170.0,510.20,579.97
1112,easy,12,15:31:38,15:40:34,15:40:46,COMPLETED,29817.0,220.6,536.15,548.97
1080,easy,11,15:34:09,15:40:53,15:41:18,COMPLETED,23762.0,429.3,404.45,429.95
1108,easy,12,15:33:13,15:40:46,15:41:25,COMPLETED,31002.0,644.4,453.97,492.28
1199,easy,11,15:34:17,15:41:25,15:41:31,COMPLETED,26897.0,112.4,428.28,434.67
1116,easy,12,15:34:37,15:41:31,15:41:57,COMPLETED,22235.0,430.6,414.67,440.03
1195,medium,13,15:14:12,15:24:41,15:42:10,COMPLETED,33701.0,17480.7,629.48,1678.17
1119,medium,13,15:30:49,15:38:27,15:43:27,COMPLETED,31206.0,5010.3,458.37,758.53
1062,medium,14,15:01:50,15:08:17,15:44:12,COMPLETED,37784.0,35926.1,387.68,2542.85
1141,medium,13,15:29:43,15:35:28,15:45:17,COMPLETED,30369.0,9830.8,345.02,934.43
1136,easy,12,15:36:26,15:45:23,15:46:09,COMPLETED,32612.0,759.0,537.97,583.21
1074,medium,14,15:33:33,15:40:53,15:46:22,COMPLETED,31822.0,5486.2,440.45,769.16
1152,easy,12,15:37:08,15:46:28,15:47:20,COMPLETED,31394.0,865.6,560.71,612.15
1186,medium,13,15:36:02,15:42:16,15:47:33,COMPLETED,33061.0,5287.5,374.50,691.29
1059,easy,11,15:37:36,15:47:26,15:47:33,COMPLETED,22341.0,118.8,590.69,597.29
957,hard,15,14:13:07,14:14:20,15:48:18,COMPLETED,31751.0,93975.9,73.32,5711.75
1081,easy,11,15:38:14,15:47:39,15:48:18,COMPLETED,28787.0,653.5,565.85,604.75
1088,easy,11,15:39:00,15:48:25,15:48:37,COMPLETED,25371.0,216.1,565.09,577.79
1090,easy,12,15:40:22,15:48:44,15:49:28,COMPLETED,28985.0,742.3,502.12,546.35
1147,medium,14,15:37:06,15:46:15,15:49:47,COMPLETED,27481.0,3535.2,549.53,761.35
1069,easy,12,15:40:23,15:49:34,15:49:53,COMPLETED,29137.0,322.5,551.68,570.69
1193,medium,14,15:30:06,15:37:23,15:50:00,COMPLETED,31647.0,12608.5,437.87,1194.06
1120,easy,12,15:42:41,15:50:06,15:50:50,COMPLETED,29410.0,747.1,445.44,489.90
1165,medium,13,15:36:11,15:43:34,15:51:03,COMPLETED,32925.0,7498.4,443.07,892.69
1192,easy,12,15:43:04,15:50:57,15:51:22,COMPLETED,30937.0,428.7,473.29,498.71
1064,easy,12,15:41:20,15:49:53,15:51:29,COMPLETED,32745.0,1594.7,513.69,609.04
1075,hard,15,15:12:25,15:19:43,15:51:41,COMPLETED,35559.0,31979.2,438.24,2356.77
1130,hard,15,15:28:05,15:33:19,15:52:07,COMPLETED,33226.0,18805.6,314.09,1442.14
1053,easy,12,15:44:49,15:51:48,15:52:19,COMPLETED,20986.0,536.2,419.10,450.92
1094,easy,11,15:45:42,15:52:13,15:52:19,COMPLETED,22965.0,113.3,391.50,397.92
1071,easy,11,15:45:42,15:52:26,15:52:39,COMPLETED,27582.0,218.8,404.32,417.14
1137,easy,11,15:46:25,15:52:26,15:52:45,COMPLETED,25378.0,324.3,361.32,380.48
1188,medium,13,15:43:51,15:51:10,15:53:23,COMPLETED,28320.0,2235.0,439.02,572.84
1058,easy,11,15:47:40,15:52:51,15:53:30,COMPLETED,33063.0,648.4,311.86,350.16
1097,medium,13,15:38:16,15:47:39,15:55:00,COMPLETED,28449.0,7353.1,563.85,1004.84
985,hard,15,14:46:26,14:51:57,15:55:20,COMPLETED,28519.0,63378.3,331.80,4134.21
1197,medium,13,15:48:08,15:55:26,15:57:49,COMPLETED,29337.0,2382.2,438.75,581.18
1105,medium,13,15:47:15,15:52:45,15:58:21,COMPLETED,30713.0,5605.7,330.48,666.53
991,hard,15,14:19:19,14:24:46,15:58:27,COMPLETED,36908.0,93693.6,327.40,5948.86
1079,medium,13,15:41:54,15:50:00,15:59:25,COMPLETED,31024.0,9433.0,486.06,1051.77
1154,medium,13,15:48:03,15:55:07,15:59:44,COMPLETED,30319.0,4632.7,424.19,701.80
1168,easy,12,15:51:08,15:59:32,15:59:51,COMPLETED,31893.0,324.0,504.11,523.20
1110,easy,11,15:51:35,15:59:51,15:59:57,COMPLETED,27400.0,112.6,496.20,502.58
1159,easy,11,15:51:59,16:00:03,16:00:16,COMPLETED,26795.0,217.5,484.99,497.69
1061,medium,13,15:49:54,15:58:34,16:00:29,COMPLETED,27703.0,1926.2,520.23,635.49
1017,hard,15,14:43:31,14:50:28,16:00:42,COMPLETED,36151.0,70225.2,417.83,4631.18
1177,medium,14,15:13:24,15:21:05,16:00:48,COMPLETED,31919.0,39717.4,461.78,2844.53
1182,medium,14,15:22:34,15:27:14,16:00:48,COMPLETED,31455.0,33566.9,280.79,2294.53
1056,medium,13,15:51:57,15:59:57,16:00:48,COMPLETED,29089.0,855.6,480.58,531.53
1127,easy,11,15:54:00,16:00:48,16:00:54,COMPLETED,23382.0,113.9,408.53,414.95
1109,easy,12,15:52:20,16:00:35,16:01:14,COMPLETED,31630.0,644.6,495.83,534.21
1191,easy,11,15:55:18,16:01:01,16:01:14,COMPLETED,28428.0,218.8,343.42,356.21
1144,easy,12,15:54:38,16:00:54,16:01:39,COMPLETED,26718.0,749.7,376.95,421.68
1117,easy,11,15:55:21,16:01:20,16:01:39,COMPLETED,23055.0,323.7,359.57,378.68
1185,easy,11,15:55:34,16:01:20,16:01:39,COMPLETED,25787.0,323.3,346.57,365.68
1099,easy,11,15:55:34,16:01:46,16:01:52,COMPLETED,31248.0,112.0,372.03,378.45
1132,medium,14,15:48:46,15:57:55,16:01:58,COMPLETED,29713.0,4055.9,549.73,792.78
1173,easy,11,15:55:46,16:01:46,16:01:58,COMPLETED,21513.0,217.4,360.03,372.78
1073,easy,12,15:56:04,16:01:58,16:02:11,COMPLETED,26072.0,217.5,354.78,367.54
1086,easy,12,15:55:45,16:01:46,16:02:24,COMPLETED,27407.0,641.1,361.03,399.23
1157,medium,13,15:47:56,15:53:36,16:02:36,COMPLETED,35241.0,9006.7,340.81,880.92
1111,medium,13,15:52:06,16:00:23,16:02:36,COMPLETED,28868.0,2236.1,497.07,630.92
1102,easy,11,15:57:04,16:02:30,16:02:36,COMPLETED,31408.0,111.8,326.57,332.92
1072,easy,11,15:57:59,16:02:43,16:02:49,COMPLETED,24491.0,112.9,284.30,290.75
1167,medium,14,15:38:48,15:48:25,16:03:15,COMPLETED,32333.0,14841.4,577.09,1467.28
1153,easy,12,15:54:10,16:00:54,16:03:28,COMPLETED,29223.0,2556.9,404.95,558.10
1084,easy,12,15:57:54,16:02:43,16:03:28,COMPLETED,21883.0,751.7,289.30,334.10
1307,easy,12,16:00:03,16:03:21,16:03:34,COMPLETED,25996.0,218.9,198.67,211.43
1238,easy,11,16:00:34,16:03:34,16:03:47,COMPLETED,29843.0,217.2,180.43,193.21
1125,medium,14,15:19:50,15:26:17,16:05:10,COMPLETED,32294.0,38891.3,387.55,2720.67
1065,medium,13,15:59:05,16:02:56,16:06:09,COMPLETED,24296.0,3220.3,231.14,424.08
1092,medium,13,15:58:28,16:02:43,16:06:34,COMPLETED,26155.0,3864.0,255.30,486.74
1330,easy,12,16:01:32,16:06:41,16:08:30,COMPLETED,30809.0,1833.3,309.29,418.99
1118,medium,14,15:44:25,15:51:35,16:09:42,COMPLETED,27552.0,18118.2,430.42,1517.25
1052,hard,15,15:56:21,16:02:05,16:09:55,COMPLETED,33176.0,7840.8,344.16,814.19
1093,medium,14,15:49:35,15:58:27,16:10:14,COMPLETED,36335.0,11787.3,532.86,1239.68
1170,medium,13,15:47:50,15:53:30,16:10:40,COMPLETED,28657.0,17177.1,340.16,1370.52
669,hard,15,12:47:53,12:47:58,16:10:59,COMPLETED,35568.0,203023.8,5.30,12186.67
1263,easy,12,16:04:08,16:10:21,16:10:59,COMPLETED,28184.0,646.7,373.23,411.67
1231,easy,11,16:05:00,16:10:46,16:10:59,COMPLETED,21892.0,219.5,346.88,359.67
1277,easy,12,16:00:19,16:03:34,16:11:50,COMPLETED,30781.0,8273.6,195.43,691.59
1293,medium,14,16:00:55,16:03:40,16:12:03,COMPLETED,29473.0,8378.2,165.84,668.28
1290,easy,12,16:06:28,16:11:06,16:12:03,COMPLETED,26363.0,957.2,278.08,335.28
1318,easy,12,16:00:58,16:03:53,16:12:09,COMPLETED,30928.0,8273.8,175.54,671.62
1336,easy,11,16:08:29,16:12:09,16:12:35,COMPLETED,25474.0,427.6,220.62,246.03
1347,easy,11,16:10:40,16:12:16,16:12:35,COMPLETED,32561.0,321.5,96.04,115.03
1261,easy,12,16:07:47,16:12:09,16:13:00,COMPLETED,26608.0,851.7,262.62,313.42
1156,hard,15,15:26:00,15:30:12,16:14:29,COMPLETED,29883.0,44288.3,252.14,2909.18
955,hard,15,14:28:44,14:36:52,16:14:35,COMPLETED,31143.0,97721.7,488.49,6351.57
1276,easy,12,16:11:48,16:13:06,16:14:42,COMPLETED,34619.0,1594.0,78.76,174.01
1234,easy,12,16:07:46,16:11:56,16:14:54,COMPLETED,22827.0,2970.8,250.92,428.85
1233,easy,12,16:13:34,16:15:01,16:15:13,COMPLETED,29925.0,217.4,87.22,99.94
1272,medium,14,16:10:47,16:12:41,16:15:46,COMPLETED,30682.0,3088.8,114.36,299.23
1324,easy,12,16:13:58,16:15:20,16:15:46,COMPLETED,28514.0,440.6,82.29,108.23
1296,easy,12,16:12:12,16:14:42,16:16:05,COMPLETED,32928.0,1400.3,150.01,233.52
1240,easy,11,16:14:58,16:15:52,16:16:18,COMPLETED,30792.0,437.3,54.75,80.72
1326,easy,12,16:14:52,16:15:52,16:16:31,COMPLETED,35653.0,649.3,60.75,99.41
1268,medium,14,16:02:00,16:08:37,16:17:36,COMPLETED,28991.0,8987.1,397.31,936.15
711,hard,15,12:35:03,12:35:07,16:18:27,COMPLETED,31960.0,223346.1,4.08,13404.77
968,hard,15,14:21:56,14:31:36,16:19:06,COMPLETED,32057.0,107506.6,580.49,7030.76
1284,medium,13,16:15:18,16:16:37,16:21:09,COMPLETED,25440.0,4536.4,79.74,351.45
1257,easy,12,16:16:16,16:21:15,16:21:35,COMPLETED,26783.0,325.8,300.00,319.16
1315,medium,13,16:15:43,16:18:34,16:22:25,COMPLETED,33669.0,3864.2,171.31,402.87
1202,medium,13,16:16:11,16:19:13,16:22:44,COMPLETED,32495.0,3537.0,182.09,393.97
1346,medium,14,16:03:28,16:10:01,16:24:58,COMPLETED,33063.0,14941.9,393.75,1290.02
1295,easy,12,16:16:42,16:22:32,16:24:58,COMPLETED,25035.0,2435.6,350.20,496.02
1179,medium,14,15:56:14,16:02:05,16:27:29,COMPLETED,29177.0,25417.8,351.16,1875.99
1155,hard,15,15:01:15,15:07:06,16:27:36,COMPLETED,33607.0,80506.3,351.17,5181.33
1349,medium,13,16:16:58,16:22:51,16:28:20,COMPLETED,26460.0,5496.3,353.36,682.81
1291,easy,12,16:17:56,16:27:42,16:28:52,COMPLETED,27753.0,1170.2,586.71,656.58
1273,easy,12,16:11:50,16:14:35,16:30:33,COMPLETED,38139.0,15975.8,165.57,1123.86
1289,medium,13,16:17:42,16:27:36,16:30:52,COMPLETED,19945.0,3280.9,594.33,790.89
1229,medium,14,16:18:55,16:28:27,16:30:52,COMPLETED,31847.0,2433.8,572.19,717.89
1091,medium,14,15:34:51,15:41:38,16:31:31,COMPLETED,32055.0,49887.0,407.05,3400.03
1343,easy,11,16:19:57,16:31:37,16:31:50,COMPLETED,20666.0,218.2,700.42,713.19
1201,easy,11,16:21:34,16:31:56,16:32:09,COMPLETED,26918.0,216.4,622.54,635.22
1220,medium,14,16:05:22,16:11:06,16:35:09,COMPLETED,26212.0,24055.4,344.08,1787.16
1140,medium,14,15:11:34,15:19:11,16:36:25,COMPLETED,39524.0,77235.6,457.31,5091.23
1248,easy,11,16:22:09,16:36:31,16:36:44,COMPLETED,28519.0,217.1,862.63,875.35
1050,hard,15,15:24:47,15:29:15,16:37:09,COMPLETED,33989.0,67911.9,268.14,4342.67
1204,medium,14,16:16:35,16:21:41,16:39:03,COMPLETED,34640.0,17368.0,306.57,1348.39
607,hard,15,12:05:13,12:05:14,16:39:22,COMPLETED,28498.0,274127.7,1.76,16449.39
1206,medium,13,16:21:42,16:35:15,16:40:52,COMPLETED,26188.0,5620.7,813.49,1150.26
901,hard,15,14:54:01,14:54:36,16:42:42,COMPLETED,37474.0,108101.7,35.40,6521.27
1282,hard,15,16:14:58,16:16:12,16:42:48,COMPLETED,28873.0,26616.8,74.10,1670.82
1210,easy,12,16:25:31,16:42:55,16:43:59,COMPLETED,26764.0,1085.2,1044.21,1108.79
1212,easy,11,16:25:33,16:44:06,16:44:32,COMPLETED,28778.0,437.7,1113.35,1139.31
1299,medium,13,16:23:52,16:37:16,16:44:51,COMPLETED,30142.0,7600.5,804.00,1259.54
1113,hard,15,15:03:51,15:12:37,16:45:04,COMPLETED,28896.0,92464.6,526.13,6073.75
1253,easy,12,16:26:43,16:45:11,16:45:43,COMPLETED,30996.0,550.4,1108.30,1140.77
1207,easy,11,16:27:18,16:45:50,16:45:56,COMPLETED,26858.0,118.0,1112.37,1118.96
740,hard,15,12:19:28,12:19:31,16:46:16,COMPLETED,37274.0,266740.3,3.79,16008.18
1269,medium,14,16:25:26,16:42:48,16:46:28,COMPLETED,29236.0,3672.7,1042.82,1262.89
1244,easy,11,16:27:58,16:46:35,16:46:41,COMPLETED,21938.0,111.2,1117.23,1123.59
1239,hard,15,16:02:48,16:09:48,16:47:13,COMPLETED,31156.0,37414.4,420.59,2665.26
1286,medium,13,16:25:44,16:44:38,16:47:19,COMPLETED,30242.0,2687.9,1134.64,1295.58
1344,medium,14,16:01:05,16:05:17,16:48:22,COMPLETED,28599.0,43096.7,252.22,2837.82
1337,easy,12,16:28:12,16:47:19,16:48:29,COMPLETED,31725.0,1165.3,1147.58,1217.15
1223,easy,11,16:28:29,16:48:29,16:48:35,COMPLETED,22379.0,112.2,1200.15,1206.54
1348,easy,12,16:29:02,16:48:41,16:48:54,COMPLETED,23683.0,216.5,1179.92,1192.61
1301,easy,11,16:29:17,16:49:00,16:49:07,COMPLETED,20645.0,111.1,1183.93,1190.29
1292,medium,14,16:23:52,16:39:09,16:49:45,COMPLETED,28713.0,10597.2,917.72,1553.30
1264,medium,13,16:30:07,16:49:51,16:51:01,COMPLETED,29919.0,1163.7,1184.63,1254.15
1287,easy,12,16:29:47,16:49:13,16:51:33,COMPLETED,24401.0,2337.4,1166.62,1306.39
1243,medium,13,16:26:09,16:44:58,16:52:31,COMPLETED,34233.0,7568.9,1129.11,1582.80
1339,easy,11,16:32:32,16:52:38,16:52:57,COMPLETED,26042.0,329.7,1206.34,1225.64
1280,easy,12,16:27:51,16:46:22,16:53:36,COMPLETED,34678.0,7244.4,1111.52,1545.69
1283,easy,11,16:33:27,16:53:43,16:54:09,COMPLETED,29344.0,444.3,1216.29,1242.43
1329,hard,15,16:10:52,16:12:41,16:54:16,COMPLETED,35137.0,41580.7,109.36,2604.00
1245,medium,14,16:13:27,16:14:48,16:54:16,COMPLETED,35592.0,39463.7,81.43,2449.00
1323,medium,13,16:23:15,16:36:50,16:54:41,COMPLETED,33725.0,17855.8,815.68,1886.74
1135,hard,15,15:26:48,15:32:46,16:55:46,COMPLETED,33510.0,82999.3,358.68,5338.33
1278,easy,12,16:33:56,16:54:22,16:55:52,COMPLETED,27866.0,1514.4,1226.37,1316.90
1200,easy,12,16:35:07,16:55:59,16:56:05,COMPLETED,22109.0,110.9,1252.27,1258.62
1258,easy,12,16:34:22,16:55:52,16:56:25,COMPLETED,29051.0,540.9,1290.90,1323.04
974,hard,15,14:52:46,14:53:32,16:56:44,COMPLETED,31413.0,123195.2,46.97,7438.49
1066,medium,14,15:10:46,15:18:58,16:57:10,COMPLETED,31717.0,98202.4,492.53,6384.53
1219,easy,12,16:34:01,16:54:22,16:57:23,COMPLETED,30737.0,3021.0,1221.37,1402.33
1134,medium,14,15:44:03,15:51:29,16:57:42,COMPLETED,37617.0,66225.4,446.04,4419.39
1335,medium,13,16:33:55,16:54:16,16:59:48,COMPLETED,31741.0,5550.7,1221.00,1553.77
612,hard,15,12:14:42,12:14:45,17:00:01,COMPLETED,35367.0,285271.5,3.19,17119.45
619,hard,15,12:37:48,12:37:50,17:00:01,COMPLETED,34213.0,262179.7,2.68,15733.45
1232,easy,11,16:37:42,16:59:55,17:00:20,COMPLETED,28466.0,427.9,1333.11,1358.48
1333,easy,12,16:38:20,17:00:07,17:00:26,COMPLETED,27909.0,322.1,1307.79,1326.82
1217,easy,11,16:37:49,17:00:07,17:00:33,COMPLETED,33801.0,429.6,1338.79,1364.23
1236,easy,12,16:38:20,17:00:26,17:00:39,COMPLETED,26599.0,218.7,1326.82,1339.60
1281,easy,12,16:38:45,17:00:33,17:01:11,COMPLETED,30506.0,639.0,1308.23,1346.27
1224,medium,13,16:36:33,16:57:16,17:02:33,COMPLETED,30253.0,5291.5,1243.93,1560.96
1279,hard,15,16:19:39,16:30:59,17:03:06,COMPLETED,33373.0,32119.2,680.25,2607.19
956,hard,15,14:54:08,14:55:14,17:03:18,COMPLETED,36102.0,128079.8,66.39,7750.97
1320,easy,11,16:40:07,17:03:12,17:03:38,COMPLETED,33175.0,440.9,1385.52,1411.67
1341,easy,11,16:40:47,17:03:25,17:03:38,COMPLETED,21864.0,224.0,1358.55,1371.67
1302,medium,13,16:39:58,17:02:40,17:04:11,COMPLETED,32021.0,1518.6,1362.50,1453.13
1304,easy,11,16:40:52,17:03:45,17:04:11,COMPLETED,33158.0,442.6,1373.01,1399.13
1317,easy,11,16:40:59,17:04:17,17:04:24,COMPLETED,28106.0,111.7,1398.77,1405.16
618,hard,15,12:52:32,12:52:33,17:07:11,COMPLETED,39505.0,254635.7,1.89,15279.99
929,hard,15,14:01:05,14:01:11,17:07:31,COMPLETED,37232.0,186337.5,6.22,11186.40
849,hard,15,13:33:47,13:33:50,17:07:44,COMPLETED,34232.0,213888.1,3.93,12837.12
1321,easy,11,16:43:03,17:07:37,17:07:57,COMPLETED,32396.0,334.4,1474.73,1494.28
1345,easy,12,16:43:18,17:07:50,17:08:54,COMPLETED,30113.0,1069.7,1472.68,1536.55
1270,medium,13,16:42:08,17:07:18,17:09:26,COMPLETED,28199.0,2135.6,1510.44,1638.28
1305,medium,14,16:39:25,17:00:45,17:09:32,COMPLETED,30346.0,8783.0,1280.97,1807.62
1298,hard,15,16:24:29,16:40:58,17:09:39,COMPLETED,27159.0,28673.9,989.81,2710.01
1251,medium,13,16:43:38,17:08:03,17:09:51,COMPLETED,32778.0,1803.1,1465.84,1573.73
1237,easy,11,16:46:58,17:09:58,17:10:04,COMPLETED,22614.0,112.9,1380.07,1386.49
1332,easy,12,16:45:14,17:09:39,17:10:10,COMPLETED,32394.0,537.1,1465.01,1496.87
1247,medium,13,16:43:53,17:09:00,17:10:23,COMPLETED,33847.0,1383.4,1507.90,1590.62
1331,easy,11,16:48:06,17:10:17,17:10:29,COMPLETED,28864.0,217.0,1331.27,1343.95
1288,easy,11,16:48:47,17:10:36,17:10:55,COMPLETED,28038.0,322.9,1309.32,1328.39
1303,hard,15,16:27:18,16:46:03,17:11:14,COMPLETED,28352.0,25186.1,1125.49,2636.45
1310,easy,11,16:49:06,17:11:01,17:11:14,COMPLETED,25408.0,217.5,1315.72,1328.45
1218,easy,12,16:47:31,17:10:10,17:11:27,COMPLETED,32252.0,1276.8,1359.87,1436.19
1214,medium,13,16:49:24,17:11:33,17:12:11,COMPLETED,28022.0,637.2,1329.52,1367.44
825,hard,15,13:58:11,13:58:17,17:13:27,COMPLETED,32277.0,195171.1,6.29,11716.50
1294,medium,14,16:39:38,17:01:17,17:14:25,COMPLETED,34795.0,13140.0,1299.60,2087.56
1311,hard,15,16:15:02,16:16:25,17:14:38,COMPLETED,28989.0,58232.1,83.05,3576.72
1312,hard,15,16:45:38,17:09:45,17:15:24,COMPLETED,31402.0,5652.8,1447.38,1786.10
1250,medium,13,16:50:11,17:13:33,17:16:15,COMPLETED,25664.0,2709.2,1402.82,1564.90
1300,hard,15,16:38:49,17:00:39,17:16:54,COMPLETED,31409.0,16258.3,1310.60,2285.67
1340,medium,14,16:49:12,17:11:20,17:17:33,COMPLETED,24874.0,6218.5,1328.79,1701.63
1203,easy,11,16:52:42,17:17:01,17:17:33,COMPLETED,26799.0,545.1,1459.24,1491.63
1208,medium,14,16:53:39,17:17:39,17:18:25,COMPLETED,25809.0,769.5,1440.97,1486.66
1221,easy,12,16:53:52,17:17:39,17:18:32,COMPLETED,30608.0,879.7,1427.97,1480.19
1010,hard,15,14:58:53,14:59:59,17:19:05,COMPLETED,33463.0,139101.5,66.15,8412.06
1308,easy,12,16:54:08,17:18:32,17:19:11,COMPLETED,26425.0,662.5,1464.19,1503.60
1178,medium,14,15:09:12,15:17:28,17:19:30,COMPLETED,29308.0,122030.2,496.98,7818.67
1129,medium,14,15:25:42,15:29:40,17:19:43,COMPLETED,35714.0,110051.2,238.45,6841.40
1227,hard,15,16:21:40,16:32:15,17:19:43,COMPLETED,27957.0,47467.4,635.55,3483.40
1225,easy,12,16:54:11,17:18:38,17:19:43,COMPLETED,30443.0,1080.3,1467.89,1532.40
1267,easy,11,16:55:08,17:19:11,17:19:43,COMPLETED,30535.0,535.5,1443.60,1475.40
1242,easy,11,16:55:34,17:19:37,17:19:43,COMPLETED,26346.0,112.2,1443.01,1449.40
1252,easy,11,16:57:52,17:19:49,17:19:56,COMPLETED,25181.0,112.4,1317.76,1324.26
1285,easy,11,16:58:11,17:19:49,17:20:02,COMPLETED,24549.0,218.3,1298.76,1311.59
1226,easy,12,16:56:18,17:19:49,17:20:15,COMPLETED,33279.0,430.8,1411.76,1437.33
1222,medium,13,16:55:08,17:19:17,17:21:24,COMPLETED,37405.0,2119.5,1449.98,1576.86
1328,medium,13,16:48:37,17:10:29,17:22:02,COMPLETED,25847.0,11550.4,1312.95,2005.73
1241,easy,11,16:59:47,17:20:21,17:22:02,COMPLETED,35423.0,1689.5,1234.66,1335.73
1249,hard,15,16:06:12,16:11:06,17:22:46,COMPLETED,31288.0,71681.7,294.08,4594.87
1271,hard,15,16:19:24,16:30:40,17:27:47,COMPLETED,29432.0,57121.0,676.19,4103.19
1209,hard,15,16:49:30,17:12:17,17:29:03,COMPLETED,29149.0,16759.7,1367.78,2373.07
1216,medium,13,16:58:50,17:20:02,17:31:03,COMPLETED,31745.0,11021.1,1272.59,1933.58
871,hard,15,13:01:03,13:01:08,17:31:22,COMPLETED,36458.0,270224.6,6.00,16219.44
992,hard,15,14:20:33,14:28:06,17:32:18,COMPLETED,39141.0,184201.9,453.95,11505.99
1313,hard,15,16:37:10,16:57:29,17:32:50,COMPLETED,39857.0,35351.0,1219.73,3340.54
1255,medium,14,16:35:22,16:56:31,17:33:03,COMPLETED,30349.0,36533.5,1269.38,3461.21
1265,hard,15,16:32:05,16:51:39,17:33:15,COMPLETED,29518.0,41600.9,1174.92,3670.76
1338,hard,15,16:01:09,16:06:15,17:36:36,COMPLETED,35267.0,90360.2,306.41,5727.90
625,medium,14,12:57:31,12:57:34,17:36:49,COMPLETED,41322.0,279244.1,3.82,16758.43
905,hard,15,14:37:47,14:45:37,17:37:01,COMPLETED,39605.0,171414.5,470.15,10754.95
1235,medium,13,16:59:04,17:20:08,17:37:51,COMPLETED,28783.0,17719.2,1264.97,2327.89
1215,medium,14,16:58:35,17:19:49,17:43:00,COMPLETED,35564.0,23178.7,1274.76,2665.19
1211,hard,15,16:40:50,17:03:45,17:43:50,COMPLETED,32617.0,40095.8,1375.01,3780.57
1256,medium,14,16:43:58,17:09:32,17:52:19,COMPLETED,24110.0,42778.0,1534.62,4101.10
1274,medium,14,16:37:23,16:57:48,17:53:47,COMPLETED,30316.0,55988.9,1225.73,4584.70
449,hard,15,10:33:17,10:33:20,17:55:15,COMPLETED,33281.0,441926.7,3.27,26518.87
777,hard,15,13:47:19,13:47:25,17:55:34,COMPLETED,30792.0,248159.5,6.02,14895.53
1297,hard,15,16:41:03,17:04:17,17:59:56,COMPLETED,31411.0,55646.0,1394.77,4733.29
399,hard,15,10:20:41,10:20:45,18:00:00,UNFINISHED,-1,-1,-1
484,hard,15,11:05:59,11:06:01,18:00:00,UNFINISHED,-1,-1,-1
537,hard,15,11:58:48,11:58:53,18:00:00,UNFINISHED,-1,-1,-1
657,hard,15,12:15:05,12:15:10,18:00:00,UNFINISHED,-1,-1,-1
793,hard,15,13:23:03,13:23:04,18:00:00,UNFINISHED,-1,-1,-1
794,hard,15,13:24:40,13:24:45,18:00:00,UNFINISHED,-1,-1,-1
822,hard,15,13:36:19,13:36:22,18:00:00,UNFINISHED,-1,-1,-1
860,hard,15,13:39:16,13:39:22,18:00:00,UNFINISHED,-1,-1,-1
856,hard,15,13:50:07,13:50:12,18:00:00,UNFINISHED,-1,-1,-1
1032,hard,15,14:04:59,14:05:03,18:00:00,UNFINISHED,-1,-1,-1
1045,hard,15,14:20:07,14:26:17,18:00:00,UNFINISHED,-1,-1,-1
983,hard,15,14:22:26,14:32:52,18:00:00,UNFINISHED,-1,-1,-1
946,hard,15,14:23:54,14:33:31,18:00:00,UNFINISHED,-1,-1,-1
1048,hard,15,14:36:48,14:43:54,18:00:00,UNFINISHED,-1,-1,-1
1060,hard,15,15:00:26,15:04:14,18:00:00,UNFINISHED,-1,-1,-1
1054,hard,15,15:12:08,15:19:24,18:00:00,UNFINISHED,-1,-1,-1
1124,hard,15,15:35:00,15:42:03,18:00:00,UNFINISHED,-1,-1,-1
1122,hard,15,15:36:19,15:44:19,18:00:00,UNFINISHED,-1,-1,-1
1101,hard,15,15:55:03,16:00:54,18:00:00,UNFINISHED,-1,-1,-1
1189,hard,15,15:56:47,16:02:17,18:00:00,UNFINISHED,-1,-1,-1
1260,hard,15,16:15:24,16:17:42,18:00:00,UNFINISHED,-1,-1,-1
1327,hard,15,16:17:08,16:25:04,18:00:00,UNFINISHED,-1,-1,-1
1322,hard,15,16:17:15,16:25:04,18:00:00,UNFINISHED,-1,-1,-1
1259,hard,15,16:19:18,16:28:58,18:00:00,UNFINISHED,-1,-1,-1
1319,hard,15,16:19:51,16:30:59,18:00:00,UNFINISHED,-1,-1,-1
1314,hard,15,16:24:00,16:39:28,18:00:00,UNFINISHED,-1,-1,-1
1316,hard,15,16:28:09,16:46:47,18:00:00,UNFINISHED,-1,-1,-1
1309,medium,14,16:28:13,16:47:25,18:00:00,UNFINISHED,-1,-1,-1
1254,medium,14,16:28:55,16:48:35,18:00:00,UNFINISHED,-1,-1,-1
1266,medium,14,16:30:56,16:51:07,18:00:00,UNFINISHED,-1,-1,-1
1306,hard,15,16:33:22,16:53:04,18:00:00,UNFINISHED,-1,-1,-1
1262,hard,15,16:34:02,16:54:48,18:00:00,UNFINISHED,-1,-1,-1
1325,hard,15,16:35:14,16:56:11,18:00:00,UNFINISHED,-1,-1,-1
1205,medium,14,16:35:22,16:56:50,18:00:00,UNFINISHED,-1,-1,-1
1246,hard,15,16:41:18,17:04:30,18:00:00,UNFINISHED,-1,-1,-1
1213,hard,15,16:49:20,17:11:20,18:00:00,UNFINISHED,-1,-1,-1
1334,hard,15,16:50:13,17:14:32,18:00:00,UNFINISHED,-1,-1,-1
1230,hard,15,16:50:32,17:14:45,18:00:00,UNFINISHED,-1,-1,-1
1228,hard,15,16:52:20,17:15:30,18:00:00,UNFINISHED,-1,-1,-1
1342,hard,15,16:52:32,17:16:22,18:00:00,UNFINISHED,-1,-1,-1
1275,medium,14,16:58:13,17:19:49,18:00:00,UNFINISHED,-1,-1,-1
