task_id,difficulty,n,arrival_sim,start_sim,end_sim,status,cost,real_duration_sec,waiting_time_mili_sec,time_in_system_mili_sec
142,easy,11,08:00:32,08:00:37,08:01:19,COMPLETED,22805.0,704.9,5.18,47.43
38,easy,11,08:01:20,08:01:25,08:01:49,COMPLETED,28808.0,407.9,5.51,29.93
135,easy,12,08:01:48,08:01:49,08:03:21,COMPLETED,29644.0,1524.3,1.93,93.34
112,easy,11,08:03:33,08:03:33,08:03:45,COMPLETED,28844.0,206.0,0.51,12.78
94,medium,13,08:01:39,08:01:43,08:04:40,COMPLETED,36118.0,2945.1,4.80,181.47
127,easy,12,08:07:11,08:07:11,08:07:36,COMPLETED,28850.0,405.9,0.79,25.09
77,easy,11,08:07:43,08:07:48,08:08:12,COMPLETED,35114.0,406.4,5.24,29.57
81,easy,11,08:08:05,08:08:06,08:08:12,COMPLETED,29475.0,102.8,1.47,7.57
55,easy,11,08:08:38,08:08:42,08:08:55,COMPLETED,25322.0,205.1,4.85,17.08
78,easy,11,08:08:53,08:08:55,08:09:19,COMPLETED,27943.0,409.1,2.08,26.56
117,easy,12,08:09:10,08:09:13,08:09:37,COMPLETED,26534.0,407.5,3.43,27.81
163,easy,12,08:09:53,08:09:56,08:10:14,COMPLETED,26551.0,308.1,3.03,21.46
56,medium,14,08:02:01,08:02:02,08:10:38,COMPLETED,26407.0,8611.7,1.07,517.82
118,easy,11,08:11:35,08:11:39,08:11:46,COMPLETED,31261.0,105.4,4.84,11.07
114,easy,12,08:11:08,08:11:09,08:11:52,COMPLETED,24650.0,717.0,1.27,44.20
23,easy,11,08:11:46,08:11:46,08:12:04,COMPLETED,20592.0,307.8,0.07,18.44
147,easy,11,08:12:10,08:12:10,08:12:16,COMPLETED,25413.0,103.7,0.57,6.68
18,easy,11,08:12:45,08:12:47,08:12:53,COMPLETED,21748.0,106.9,2.22,8.43
93,easy,12,08:12:17,08:12:22,08:12:59,COMPLETED,30463.0,616.3,5.83,42.70
63,easy,11,08:12:52,08:12:53,08:12:59,COMPLETED,26608.0,106.6,1.43,7.70
153,easy,11,08:13:02,08:13:05,08:13:18,COMPLETED,30144.0,208.4,3.85,16.26
15,medium,13,08:08:38,08:08:42,08:14:07,COMPLETED,34569.0,5407.3,4.85,329.18
82,easy,11,08:14:11,08:14:13,08:14:25,COMPLETED,25583.0,209.6,2.34,14.68
70,easy,12,08:13:48,08:13:48,08:14:38,COMPLETED,26709.0,823.4,0.75,50.09
91,easy,12,08:14:05,08:14:07,08:15:51,COMPLETED,28025.0,1742.6,2.18,106.63
108,easy,12,08:14:05,08:14:07,08:15:51,COMPLETED,33033.0,1742.7,2.18,106.63
137,easy,12,08:15:38,08:15:39,08:15:57,COMPLETED,24949.0,310.4,1.31,19.84
141,easy,12,08:15:23,08:15:26,08:16:03,COMPLETED,23694.0,617.9,3.97,40.99
90,easy,12,08:16:21,08:16:22,08:17:23,COMPLETED,31188.0,1015.5,1.21,62.07
73,easy,12,08:16:30,08:16:34,08:17:29,COMPLETED,27367.0,914.0,4.42,59.18
49,medium,14,08:08:44,08:08:48,08:17:59,COMPLETED,25079.0,9177.3,4.97,555.56
66,easy,12,08:18:03,08:18:05,08:18:30,COMPLETED,25990.0,407.8,2.66,27.07
109,easy,11,08:18:40,08:18:42,08:18:54,COMPLETED,24664.0,204.2,2.23,14.48
45,medium,13,08:18:05,08:18:05,08:19:24,COMPLETED,26542.0,1322.6,0.66,79.95
29,easy,12,08:20:43,08:20:44,08:21:33,COMPLETED,32784.0,818.4,1.55,50.56
39,medium,13,08:19:32,08:19:37,08:22:04,COMPLETED,29330.0,2452.1,5.20,152.25
87,medium,13,08:20:31,08:20:32,08:22:04,COMPLETED,30513.0,1534.2,1.31,93.25
11,easy,12,08:21:53,08:21:58,08:22:34,COMPLETED,29509.0,616.1,5.10,41.93
161,easy,11,08:22:19,08:22:22,08:22:34,COMPLETED,25353.0,207.2,3.61,15.93
125,easy,12,08:22:19,08:22:22,08:22:59,COMPLETED,28183.0,616.9,3.61,40.44
160,easy,11,08:22:54,08:22:59,08:23:11,COMPLETED,29705.0,207.4,5.44,17.78
64,easy,12,08:22:32,08:22:34,08:24:19,COMPLETED,35643.0,1739.1,2.93,107.13
120,medium,14,08:21:51,08:21:51,08:24:31,COMPLETED,28242.0,2661.1,0.92,160.48
150,medium,13,08:22:56,08:22:59,08:24:37,COMPLETED,29234.0,1638.2,3.44,101.67
124,medium,14,08:14:23,08:14:25,08:25:39,COMPLETED,33135.0,11224.1,2.68,676.07
46,medium,13,08:01:58,08:02:02,08:25:45,COMPLETED,37192.0,23720.1,4.07,1427.26
149,medium,14,08:24:30,08:24:31,08:25:51,COMPLETED,32334.0,1334.7,1.48,81.44
100,easy,12,08:25:08,08:25:08,08:25:57,COMPLETED,27503.0,822.1,0.34,49.61
5,medium,13,08:21:51,08:21:51,08:26:15,COMPLETED,31700.0,4403.1,0.92,264.98
74,easy,12,08:26:13,08:26:15,08:26:34,COMPLETED,27758.0,309.6,2.98,21.45
106,easy,12,08:26:24,08:26:28,08:26:46,COMPLETED,28221.0,310.8,4.28,22.75
168,hard,15,08:03:04,08:03:09,08:27:36,COMPLETED,31185.0,24458.8,5.06,1472.38
60,easy,11,08:28:19,08:28:19,08:28:57,COMPLETED,27610.0,625.4,0.96,38.34
16,medium,14,08:25:04,08:25:08,08:29:46,COMPLETED,31538.0,4641.1,4.34,282.66
79,easy,12,08:28:07,08:28:07,08:29:52,COMPLETED,28814.0,1759.7,0.43,105.89
126,easy,12,08:29:20,08:29:21,08:29:52,COMPLETED,28589.0,518.9,1.95,32.89
99,easy,11,08:29:35,08:29:40,08:29:52,COMPLETED,29764.0,210.6,5.46,17.89
88,easy,11,08:30:46,08:30:48,08:30:54,COMPLETED,26643.0,107.5,2.61,8.87
164,medium,14,08:19:33,08:19:37,08:31:07,COMPLETED,28298.0,11501.2,4.20,694.26
89,easy,11,08:30:54,08:30:54,08:31:13,COMPLETED,22711.0,312.2,0.87,19.45
43,medium,14,08:20:17,08:20:20,08:31:32,COMPLETED,32361.0,11201.7,3.03,675.03
32,easy,12,08:30:19,08:30:23,08:31:32,COMPLETED,29882.0,1140.4,4.80,73.03
110,medium,14,08:02:55,08:02:56,08:31:44,COMPLETED,32408.0,28794.1,1.79,1729.43
21,easy,12,08:31:22,08:31:25,08:31:44,COMPLETED,32020.0,313.4,3.79,22.43
4,easy,11,08:31:29,08:31:32,08:31:44,COMPLETED,29383.0,209.7,3.03,15.43
7,easy,12,08:30:02,08:30:05,08:31:50,COMPLETED,31079.0,1757.4,3.31,108.63
119,easy,12,08:31:24,08:31:25,08:31:56,COMPLETED,26856.0,518.8,1.79,32.80
47,easy,12,08:30:42,08:30:42,08:32:02,COMPLETED,33508.0,1346.8,0.40,80.98
154,easy,11,08:32:02,08:32:02,08:32:15,COMPLETED,29240.0,209.6,0.98,13.41
8,hard,15,08:18:40,08:18:42,08:33:10,COMPLETED,30395.0,14478.4,2.23,870.90
144,easy,11,08:32:50,08:32:52,08:33:10,COMPLETED,27914.0,311.1,2.38,20.90
107,easy,12,08:32:51,08:32:52,08:33:10,COMPLETED,20763.0,310.5,1.38,19.90
72,medium,13,08:30:25,08:30:30,08:33:35,COMPLETED,33205.0,3093.1,5.02,190.49
57,medium,14,08:26:36,08:26:40,08:35:14,COMPLETED,31732.0,8569.6,4.58,518.54
80,easy,11,08:35:13,08:35:14,08:35:27,COMPLETED,33164.0,211.9,1.54,14.11
25,medium,14,08:23:21,08:23:24,08:35:33,COMPLETED,37311.0,12156.2,3.03,732.29
96,medium,13,08:29:52,08:29:52,08:35:58,COMPLETED,25897.0,6091.4,0.89,366.11
54,easy,12,08:35:48,08:35:51,08:36:04,COMPLETED,28045.0,213.1,3.82,16.45
145,medium,13,08:34:16,08:34:18,08:36:16,COMPLETED,25695.0,1975.5,2.47,120.86
138,easy,12,08:36:00,08:36:04,08:36:23,COMPLETED,27229.0,315.0,4.45,23.05
69,easy,11,08:36:18,08:36:23,08:36:48,COMPLETED,30862.0,420.4,5.05,30.00
152,easy,11,08:36:49,08:36:54,08:37:06,COMPLETED,28394.0,210.7,5.34,17.86
84,easy,12,08:36:42,08:36:48,08:37:31,COMPLETED,29518.0,729.3,6.00,49.57
68,hard,15,08:19:51,08:19:55,08:38:02,COMPLETED,34741.0,18118.7,4.60,1091.63
97,easy,11,08:37:52,08:37:56,08:38:08,COMPLETED,23902.0,212.4,4.33,16.88
115,medium,13,08:35:52,08:35:58,08:38:58,COMPLETED,29083.0,3009.3,6.11,186.50
122,medium,14,08:27:35,08:27:36,08:39:17,COMPLETED,29482.0,11682.6,1.38,702.24
102,easy,12,08:39:05,08:39:10,08:39:23,COMPLETED,22551.0,211.6,5.92,18.43
92,medium,14,08:24:22,08:24:25,08:39:54,COMPLETED,24586.0,15487.1,3.31,932.44
62,easy,12,08:38:57,08:38:58,08:40:31,COMPLETED,32524.0,1553.3,1.50,94.47
128,easy,11,08:40:29,08:40:31,08:40:37,COMPLETED,25396.0,106.3,2.47,8.76
148,easy,12,08:40:28,08:40:31,08:41:33,COMPLETED,25391.0,1030.4,3.47,65.17
167,easy,11,08:42:21,08:42:22,08:42:28,COMPLETED,23147.0,106.7,1.42,7.61
67,easy,11,08:42:32,08:42:34,08:42:41,COMPLETED,24414.0,105.7,2.86,9.06
33,easy,11,08:42:42,08:42:47,08:43:05,COMPLETED,21875.0,311.4,5.23,23.75
30,easy,12,08:42:25,08:42:28,08:43:24,COMPLETED,28405.0,930.2,3.61,59.28
13,medium,13,08:40:11,08:40:12,08:44:13,COMPLETED,28178.0,4013.3,1.99,242.68
35,easy,12,08:43:45,08:43:48,08:44:13,COMPLETED,25353.0,415.0,3.94,28.68
41,medium,14,08:41:45,08:41:45,08:44:19,COMPLETED,24148.0,2575.4,0.47,154.86
165,easy,12,08:43:16,08:43:18,08:44:26,COMPLETED,29233.0,1134.7,2.08,70.03
95,medium,14,08:19:09,08:19:12,08:44:38,COMPLETED,30481.0,25428.1,3.74,1529.39
133,hard,15,08:09:07,08:09:07,08:45:27,COMPLETED,36976.0,36341.4,0.30,2180.70
9,easy,12,08:44:48,08:44:50,08:45:27,COMPLETED,25855.0,620.7,2.69,39.70
31,medium,13,08:40:44,08:40:50,08:45:46,COMPLETED,33645.0,4937.1,6.12,302.24
139,easy,12,08:46:14,08:46:17,08:46:29,COMPLETED,26694.0,213.0,3.17,15.72
71,easy,12,08:47:29,08:47:32,08:48:03,COMPLETED,24556.0,526.3,3.48,34.79
159,hard,15,08:19:38,08:19:43,08:48:16,COMPLETED,35319.0,28550.4,5.38,1718.36
101,easy,11,08:48:27,08:48:28,08:48:35,COMPLETED,22639.0,109.4,1.80,8.16
0,easy,12,08:48:35,08:48:35,08:49:00,COMPLETED,27276.0,420.7,0.16,25.03
44,medium,13,08:46:45,08:46:48,08:49:12,COMPLETED,29923.0,2407.6,3.48,147.71
2,hard,15,08:19:19,08:19:24,08:49:25,COMPLETED,31080.0,30007.0,5.95,1806.31
132,easy,12,08:46:59,08:47:01,08:49:44,COMPLETED,22799.0,2718.5,2.22,165.11
157,easy,12,08:46:34,08:46:35,08:50:21,COMPLETED,32715.0,3765.6,1.99,227.60
61,medium,13,08:47:17,08:47:19,08:51:17,COMPLETED,33205.0,3973.7,2.84,240.99
121,easy,12,08:48:57,08:49:00,08:51:43,COMPLETED,32452.0,2719.8,3.03,166.09
51,easy,12,08:52:02,08:52:07,08:52:32,COMPLETED,28789.0,416.3,5.76,30.58
130,easy,12,08:51:35,08:51:36,08:53:15,COMPLETED,34891.0,1653.7,1.84,100.86
85,medium,14,08:37:09,08:37:13,08:53:22,COMPLETED,28351.0,16154.6,4.01,973.10
155,easy,11,08:53:08,08:53:09,08:53:22,COMPLETED,23000.0,213.3,1.61,14.10
10,medium,14,08:47:16,08:47:19,08:53:28,COMPLETED,31912.0,6145.4,3.84,372.44
104,medium,14,08:44:32,08:44:32,08:53:34,COMPLETED,25443.0,9042.3,0.20,542.63
140,medium,13,08:50:23,08:50:28,08:53:53,COMPLETED,33533.0,3421.4,5.02,210.17
169,easy,12,08:53:37,08:53:40,08:54:18,COMPLETED,32232.0,622.9,3.80,41.03
24,easy,11,08:54:10,08:54:11,08:54:24,COMPLETED,19528.0,209.4,1.78,14.22
36,medium,13,08:49:58,08:50:02,08:54:36,COMPLETED,26668.0,4565.2,4.83,278.63
17,medium,14,08:50:16,08:50:21,08:55:32,COMPLETED,33211.0,5178.4,5.60,316.17
129,medium,13,08:53:16,08:53:22,08:55:50,COMPLETED,30277.0,2479.1,6.10,154.71
136,medium,14,08:29:53,08:29:59,08:56:03,COMPLETED,32217.0,26066.7,6.13,1570.05
27,easy,12,08:56:39,08:56:40,08:56:59,COMPLETED,26931.0,318.1,1.21,20.06
20,easy,12,08:56:25,08:56:27,08:57:55,COMPLETED,29639.0,1464.5,2.70,90.42
123,easy,11,08:57:48,08:57:49,08:57:55,COMPLETED,25697.0,109.9,1.00,7.42
103,easy,11,08:57:59,08:58:01,08:58:08,COMPLETED,27256.0,108.5,2.62,9.07
42,medium,14,08:54:01,08:54:05,08:58:32,COMPLETED,29584.0,4462.9,4.55,272.00
143,easy,11,08:58:30,08:58:32,08:58:45,COMPLETED,22733.0,215.3,3.00,15.70
50,medium,14,08:46:45,08:46:48,09:00:01,COMPLETED,32753.0,13213.0,3.48,796.18
131,easy,12,08:58:43,08:58:45,09:00:07,COMPLETED,24888.0,1367.9,2.70,84.51
40,medium,14,08:47:21,08:47:26,09:00:20,COMPLETED,28943.0,12905.4,5.10,779.25
48,medium,14,08:58:26,08:58:26,09:00:32,COMPLETED,32788.0,2105.1,0.79,126.77
26,easy,12,08:59:05,08:59:10,09:01:48,COMPLETED,29478.0,2628.3,5.82,163.27
158,medium,14,08:29:44,08:29:46,09:02:13,COMPLETED,33179.0,32447.5,2.66,1949.40
233,easy,12,09:01:27,09:01:29,09:02:32,COMPLETED,30095.0,1058.4,2.27,65.53
205,easy,11,09:03:03,09:03:03,09:03:22,COMPLETED,26116.0,313.2,0.58,19.19
260,medium,13,09:01:49,09:01:54,09:03:40,COMPLETED,27768.0,1772.4,5.60,111.77
105,medium,14,08:56:49,08:56:52,09:03:46,COMPLETED,32507.0,6906.0,3.83,417.98
319,easy,11,09:03:46,09:03:46,09:03:53,COMPLETED,29412.0,108.7,0.98,7.26
271,easy,12,09:03:50,09:03:53,09:04:11,COMPLETED,24631.0,313.8,3.26,21.92
204,medium,14,09:01:42,09:01:42,09:04:49,COMPLETED,33896.0,3120.9,0.03,187.13
231,medium,13,09:04:34,09:04:36,09:05:01,COMPLETED,26152.0,416.5,2.71,27.52
288,easy,12,09:04:28,09:04:30,09:05:13,COMPLETED,28717.0,727.5,2.48,45.91
224,medium,13,09:02:20,09:02:26,09:05:26,COMPLETED,26933.0,3006.1,6.14,186.34
287,easy,12,09:05:10,09:05:13,09:05:44,COMPLETED,31694.0,520.1,3.91,34.94
170,medium,14,09:00:10,09:00:13,09:06:09,COMPLETED,32229.0,5934.6,3.83,359.72
235,easy,11,09:06:04,09:06:09,09:06:22,COMPLETED,30934.0,210.7,5.72,18.19
297,medium,14,09:02:27,09:02:32,09:06:34,COMPLETED,31272.0,4036.4,5.53,247.57
265,easy,11,09:07:08,09:07:11,09:07:24,COMPLETED,26850.0,209.9,3.69,16.10
238,medium,13,09:05:56,09:05:57,09:07:30,COMPLETED,31543.0,1554.6,1.32,94.31
286,easy,12,09:07:54,09:07:55,09:08:20,COMPLETED,28649.0,424.6,1.35,26.55
98,medium,14,08:53:14,08:53:15,09:08:26,COMPLETED,31962.0,15186.8,1.86,912.88
310,medium,13,09:02:14,09:02:19,09:08:26,COMPLETED,38207.0,6123.7,5.74,372.88
58,hard,15,08:00:21,08:00:24,09:08:51,COMPLETED,29875.0,68463.6,3.15,4110.94
34,hard,15,08:28:04,08:28:07,09:08:58,COMPLETED,35794.0,40849.0,3.43,2454.27
294,medium,14,09:03:50,09:03:53,09:08:58,COMPLETED,33928.0,5087.6,3.26,308.27
83,medium,14,08:13:07,08:13:12,09:09:48,COMPLETED,32611.0,56615.3,5.05,3401.92
194,easy,12,09:09:34,09:09:36,09:09:48,COMPLETED,29840.0,214.5,2.39,14.92
232,easy,12,09:09:03,09:09:04,09:09:55,COMPLETED,27489.0,848.7,1.65,52.30
255,medium,13,09:09:05,09:09:10,09:09:55,COMPLETED,30438.0,745.4,5.87,50.30
37,medium,13,08:54:06,08:54:11,09:10:26,COMPLETED,31718.0,16249.0,5.78,980.55
220,easy,12,09:08:41,09:08:45,09:10:26,COMPLETED,25221.0,1685.5,4.71,105.55
247,easy,12,09:11:31,09:11:35,09:11:48,COMPLETED,21650.0,218.6,4.30,17.00
202,easy,11,09:11:44,09:11:48,09:11:54,COMPLETED,23253.0,112.6,4.00,10.47
172,medium,14,09:10:57,09:10:57,09:12:13,COMPLETED,25002.0,1263.4,0.84,76.49
291,easy,11,09:12:01,09:12:06,09:12:38,COMPLETED,25776.0,529.5,5.97,37.47
313,easy,11,09:13:12,09:13:16,09:13:29,COMPLETED,26498.0,217.0,4.14,17.07
339,easy,11,09:13:21,09:13:22,09:13:29,COMPLETED,26713.0,110.2,1.67,8.07
195,medium,14,09:01:07,09:01:10,09:14:06,COMPLETED,25640.0,12934.7,3.41,779.38
331,easy,11,09:13:40,09:13:41,09:14:24,COMPLETED,32253.0,727.1,1.54,44.94
261,easy,11,09:14:40,09:14:43,09:15:02,COMPLETED,27363.0,313.6,3.55,22.19
317,easy,11,09:14:47,09:14:49,09:15:08,COMPLETED,26102.0,314.4,2.77,21.39
162,medium,14,08:24:17,08:24:19,09:15:14,COMPLETED,32892.0,50926.2,2.13,3057.68
312,easy,12,09:15:04,09:15:08,09:15:39,COMPLETED,20053.0,520.7,4.39,35.45
12,medium,13,08:54:02,08:54:05,09:15:58,COMPLETED,34497.0,21876.2,3.55,1316.06
52,hard,15,08:40:13,08:40:19,09:16:16,COMPLETED,30895.0,35958.4,6.17,2163.62
166,hard,15,08:26:51,08:26:52,09:16:53,COMPLETED,35077.0,50011.3,1.98,3002.72
282,easy,11,09:16:38,09:16:41,09:16:59,COMPLETED,23554.0,313.6,3.32,21.92
251,easy,12,09:17:39,09:17:43,09:18:07,COMPLETED,22431.0,415.3,4.25,29.00
258,medium,14,09:12:28,09:12:32,09:19:16,COMPLETED,29866.0,6746.1,4.25,408.78
252,medium,14,09:08:31,09:08:33,09:19:42,COMPLETED,26824.0,11150.8,2.23,671.09
191,medium,13,09:18:36,09:18:39,09:20:00,COMPLETED,28244.0,1368.2,3.19,85.00
53,hard,15,08:27:36,08:27:36,09:20:19,COMPLETED,29610.0,52724.2,0.38,3163.89
248,easy,12,09:20:20,09:20:26,09:20:51,COMPLETED,27542.0,425.6,6.08,31.42
187,easy,11,09:20:47,09:20:51,09:20:57,COMPLETED,14385.0,109.1,4.42,10.67
257,easy,12,09:17:04,09:17:06,09:21:10,COMPLETED,31625.0,4073.3,2.16,246.32
134,hard,15,08:52:04,08:52:07,09:22:06,COMPLETED,32937.0,29987.2,3.76,1802.88
266,easy,11,09:22:06,09:22:06,09:22:32,COMPLETED,27658.0,424.7,0.88,26.06
182,medium,14,09:19:19,09:19:23,09:22:57,COMPLETED,31032.0,3579.3,4.12,218.51
196,easy,12,09:23:08,09:23:10,09:23:16,COMPLETED,24168.0,112.6,2.31,8.77
254,medium,13,09:20:12,09:20:13,09:23:23,COMPLETED,35262.0,3160.8,1.62,191.11
263,hard,15,09:09:08,09:09:10,09:23:29,COMPLETED,36481.0,14308.7,2.87,861.33
259,medium,14,09:08:10,09:08:14,09:23:54,COMPLETED,32179.0,15674.6,4.12,944.43
217,easy,11,09:24:10,09:24:13,09:24:19,COMPLETED,31188.0,114.5,3.31,9.87
316,easy,12,09:24:10,09:24:13,09:24:45,COMPLETED,31666.0,529.6,3.31,35.01
305,easy,11,09:25:46,09:25:47,09:25:59,COMPLETED,33916.0,210.9,1.09,13.58
264,easy,12,09:25:01,09:25:03,09:26:36,COMPLETED,26180.0,1560.1,2.60,95.91
234,easy,11,09:26:33,09:26:36,09:26:49,COMPLETED,32764.0,213.3,3.91,16.48
309,medium,14,09:18:43,09:18:45,09:27:51,COMPLETED,26765.0,9107.4,2.41,548.73
308,easy,12,09:21:53,09:21:54,09:27:57,COMPLETED,33004.0,6063.9,1.26,364.95
322,medium,13,09:27:44,09:27:45,09:29:24,COMPLETED,28962.0,1663.6,1.45,100.95
323,medium,14,09:07:01,09:07:05,09:29:31,COMPLETED,38971.0,22434.4,4.46,1350.33
223,medium,14,09:18:17,09:18:20,09:29:37,COMPLETED,34501.0,11291.1,3.37,680.70
325,easy,11,09:29:26,09:29:31,09:29:37,COMPLETED,28756.0,109.7,5.33,11.70
206,medium,13,09:22:05,09:22:06,09:30:02,COMPLETED,30616.0,7934.7,1.88,477.72
327,easy,12,09:29:48,09:29:50,09:30:15,COMPLETED,29824.0,423.1,2.13,27.29
275,medium,14,09:12:02,09:12:06,09:30:34,COMPLETED,39896.0,18451.9,4.97,1112.03
298,easy,11,09:30:20,09:30:21,09:30:40,COMPLETED,30166.0,315.6,1.55,20.30
219,easy,12,09:30:34,09:30:34,09:30:52,COMPLETED,28026.0,314.4,0.03,18.70
184,medium,13,09:20:31,09:20:32,09:32:01,COMPLETED,23961.0,11481.5,1.45,690.21
146,hard,15,08:58:15,08:58:20,09:32:07,COMPLETED,29114.0,33785.3,5.41,2032.45
189,easy,11,09:31:45,09:31:48,09:32:07,COMPLETED,31185.0,316.5,3.71,22.45
208,easy,11,09:31:28,09:31:29,09:32:19,COMPLETED,34100.0,836.6,1.92,51.93
332,easy,11,09:32:26,09:32:26,09:32:32,COMPLETED,26760.0,107.6,0.15,6.39
256,medium,13,09:26:18,09:26:18,09:32:38,COMPLETED,31673.0,6342.6,0.24,380.63
3,hard,15,08:40:41,08:40:43,09:33:03,COMPLETED,33639.0,52326.3,2.94,3142.47
334,medium,14,09:25:17,09:25:22,09:33:15,COMPLETED,26736.0,7897.6,5.23,478.90
315,medium,13,09:31:35,09:31:36,09:33:22,COMPLETED,27615.0,1769.3,1.20,107.15
203,easy,11,09:33:05,09:33:09,09:33:22,COMPLETED,25781.0,211.9,4.67,17.15
284,medium,14,09:30:15,09:30:15,09:33:53,COMPLETED,30098.0,3635.8,0.29,218.28
174,easy,11,09:33:37,09:33:40,09:34:05,COMPLETED,34190.0,417.2,3.81,28.68
6,hard,15,08:06:20,08:06:23,09:34:24,COMPLETED,30958.0,88017.4,3.35,5284.37
183,medium,13,09:32:44,09:32:44,09:34:36,COMPLETED,27885.0,1868.8,0.84,112.77
227,medium,13,09:33:14,09:33:15,09:34:36,COMPLETED,30581.0,1351.5,1.90,82.77
198,easy,12,09:33:38,09:33:40,09:35:01,COMPLETED,25875.0,1349.8,2.81,83.68
246,easy,12,09:35:18,09:35:20,09:35:33,COMPLETED,30247.0,216.7,2.35,15.06
222,easy,11,09:34:39,09:34:43,09:35:52,COMPLETED,35447.0,1156.7,4.04,73.16
273,easy,11,09:35:09,09:35:14,09:35:58,COMPLETED,37112.0,747.6,5.07,49.52
279,medium,14,09:28:49,09:28:53,09:36:23,COMPLETED,36130.0,7503.7,4.80,454.78
197,medium,14,09:20:36,09:20:38,09:36:48,COMPLETED,33790.0,16170.7,2.71,972.85
1,hard,15,08:45:24,08:45:27,09:38:04,COMPLETED,34732.0,52607.8,3.70,3160.07
240,medium,13,09:37:52,09:37:57,09:38:41,COMPLETED,26047.0,728.4,5.80,49.33
338,easy,11,09:38:30,09:38:35,09:38:47,COMPLETED,25010.0,210.6,5.09,17.54
277,medium,13,09:36:49,09:36:55,09:38:53,COMPLETED,25965.0,1981.0,6.05,124.75
311,easy,11,09:39:42,09:39:43,09:40:45,COMPLETED,30172.0,1041.8,1.32,63.65
188,medium,13,09:40:24,09:40:26,09:40:58,COMPLETED,25828.0,523.9,2.96,34.15
228,easy,11,09:40:58,09:40:58,09:41:04,COMPLETED,27584.0,109.0,0.15,6.43
270,medium,13,09:39:53,09:39:55,09:41:23,COMPLETED,27078.0,1458.7,2.81,90.15
301,easy,12,09:40:51,09:40:51,09:41:23,COMPLETED,23257.0,524.7,0.88,32.15
111,medium,14,08:41:48,08:41:51,09:41:48,COMPLETED,32355.0,59942.3,3.65,3600.14
272,easy,11,09:41:51,09:41:54,09:42:19,COMPLETED,33412.0,419.8,3.38,28.35
276,easy,12,09:41:40,09:41:41,09:42:25,COMPLETED,28891.0,732.6,1.87,45.59
192,easy,11,09:42:38,09:42:38,09:42:57,COMPLETED,24106.0,323.5,0.09,19.26
314,easy,12,09:39:54,09:39:55,09:43:28,COMPLETED,33653.0,3550.3,1.81,214.68
329,medium,14,09:40:14,09:40:14,09:44:00,COMPLETED,32120.0,3767.1,0.48,226.35
289,medium,13,09:42:43,09:42:44,09:44:00,COMPLETED,32390.0,1267.5,1.52,77.35
239,easy,11,09:44:03,09:44:06,09:44:25,COMPLETED,31830.0,324.9,3.61,22.79
185,hard,15,09:22:55,09:22:57,09:44:32,COMPLETED,33973.0,21579.6,2.51,1297.16
296,easy,11,09:44:41,09:44:44,09:44:57,COMPLETED,18928.0,211.8,3.62,16.17
292,easy,12,09:45:36,09:45:40,09:45:53,COMPLETED,24627.0,213.2,4.93,17.42
175,easy,12,09:45:14,09:45:15,09:46:06,COMPLETED,28635.0,839.6,1.87,52.04
285,medium,14,09:34:12,09:34:18,09:46:31,COMPLETED,30536.0,12223.5,6.11,739.27
230,medium,13,09:44:43,09:44:44,09:46:56,COMPLETED,38065.0,2203.8,1.62,133.67
262,easy,12,09:45:50,09:45:53,09:47:34,COMPLETED,31629.0,1695.7,3.42,104.82
221,medium,13,09:43:47,09:43:47,09:48:31,COMPLETED,33838.0,4743.1,0.59,284.87
179,medium,14,09:31:23,09:31:23,09:49:09,COMPLETED,36537.0,17774.2,0.68,1066.98
218,easy,12,09:45:53,09:45:53,09:49:09,COMPLETED,31122.0,3279.5,0.42,196.98
242,easy,11,09:48:38,09:48:38,09:49:09,COMPLETED,24187.0,532.7,0.29,31.98
225,hard,15,09:12:46,09:12:51,09:50:00,COMPLETED,35899.0,37151.2,5.07,2234.06
171,easy,12,09:48:50,09:48:51,09:50:31,COMPLETED,27030.0,1674.4,1.09,101.27
306,easy,11,09:50:39,09:50:43,09:51:08,COMPLETED,34140.0,421.2,4.86,29.91
216,medium,14,09:34:16,09:34:18,09:51:15,COMPLETED,36212.0,16952.9,2.11,1019.15
328,medium,13,09:44:15,09:44:19,09:51:33,COMPLETED,24864.0,7245.7,4.35,438.88
177,easy,12,09:50:31,09:50:31,09:52:11,COMPLETED,33357.0,1670.5,0.27,100.30
300,medium,13,09:51:29,09:51:33,09:52:17,COMPLETED,27936.0,732.6,4.88,48.54
156,hard,15,08:06:13,08:06:17,09:52:48,COMPLETED,39755.0,106527.5,4.26,6395.90
244,easy,12,09:53:05,09:53:07,09:53:13,COMPLETED,26912.0,108.3,2.60,8.87
193,medium,14,09:51:57,09:51:58,09:53:57,COMPLETED,32831.0,1985.5,1.80,120.60
173,easy,12,09:52:14,09:52:17,09:54:04,COMPLETED,25064.0,1782.3,3.54,110.01
243,medium,14,09:48:15,09:48:19,09:54:16,COMPLETED,29952.0,5968.0,4.23,361.80
253,medium,14,09:39:45,09:39:49,09:54:23,COMPLETED,37065.0,14566.6,4.56,878.41
250,easy,12,09:53:46,09:53:51,09:54:23,COMPLETED,23967.0,538.6,5.32,37.41
299,medium,13,09:35:54,09:35:58,09:54:42,COMPLETED,35380.0,18735.0,4.52,1128.38
226,medium,13,09:44:40,09:44:44,09:56:11,COMPLETED,29439.0,11455.6,4.62,691.47
268,medium,14,09:37:59,09:38:04,09:56:49,COMPLETED,31044.0,18769.1,5.07,1130.99
278,hard,15,09:40:11,09:40:14,09:56:49,COMPLETED,31441.0,16596.2,3.48,998.99
269,easy,12,09:54:58,09:55:01,09:56:56,COMPLETED,33803.0,1917.3,3.67,118.44
290,easy,11,09:56:52,09:56:56,09:57:02,COMPLETED,24377.0,112.1,4.44,10.76
318,medium,13,09:56:09,09:56:11,09:57:09,COMPLETED,26328.0,967.5,2.47,60.20
199,easy,11,09:57:15,09:57:15,09:57:22,COMPLETED,28502.0,112.2,0.57,7.09
200,medium,14,09:55:32,09:55:33,09:58:00,COMPLETED,31946.0,2453.7,1.34,148.17
190,medium,14,09:49:41,09:49:41,09:58:19,COMPLETED,27064.0,8637.3,0.26,518.26
215,easy,11,09:58:17,09:58:19,09:58:31,COMPLETED,27944.0,215.1,2.26,14.95
295,easy,11,09:57:49,09:57:53,09:58:38,COMPLETED,41500.0,748.1,4.68,49.20
283,easy,12,09:58:18,09:58:19,09:58:38,COMPLETED,31238.0,321.9,1.26,20.20
201,easy,11,09:59:01,09:59:03,09:59:29,COMPLETED,23283.0,433.6,2.60,28.15
304,easy,11,09:59:33,09:59:35,09:59:48,COMPLETED,28220.0,221.2,2.68,15.65
14,hard,15,08:43:53,08:43:55,10:01:10,COMPLETED,32306.0,77255.6,2.14,4637.43
455,easy,11,10:01:01,10:01:04,10:01:10,COMPLETED,22814.0,110.6,3.10,9.43
399,easy,11,10:00:29,10:00:32,10:01:16,COMPLETED,34154.0,740.1,3.68,47.76
501,easy,12,10:01:13,10:01:16,10:01:42,COMPLETED,29604.0,427.2,3.76,29.09
406,easy,11,10:01:57,10:02:00,10:02:19,COMPLETED,26367.0,319.3,3.93,22.84
212,medium,14,09:54:53,09:54:55,10:02:26,COMPLETED,31168.0,7519.3,2.21,453.12
249,hard,15,09:15:50,09:15:51,10:02:38,COMPLETED,29405.0,46783.6,1.84,2808.77
460,easy,12,10:02:00,10:02:00,10:02:45,COMPLETED,25364.0,738.8,0.93,45.06
320,medium,13,09:59:23,09:59:29,10:03:10,COMPLETED,31119.0,3687.4,6.15,227.19
435,easy,12,10:02:23,10:02:26,10:03:10,COMPLETED,27000.0,738.8,3.12,47.19
508,easy,12,10:02:52,10:02:57,10:03:22,COMPLETED,28548.0,425.5,5.58,30.79
427,easy,12,10:03:20,10:03:22,10:03:35,COMPLETED,27356.0,214.5,2.79,15.41
469,medium,13,10:01:29,10:01:29,10:03:54,COMPLETED,32802.0,2416.7,0.48,145.24
426,easy,11,10:02:58,10:03:03,10:04:19,COMPLETED,20606.0,1262.9,5.89,81.39
86,hard,15,08:51:14,08:51:17,10:04:38,COMPLETED,30279.0,73337.9,3.99,4404.23
241,hard,15,09:54:02,09:54:04,10:04:44,COMPLETED,28810.0,10677.4,2.01,642.49
354,easy,11,10:04:51,10:04:56,10:05:03,COMPLETED,20708.0,113.0,5.99,12.28
463,medium,13,10:03:11,10:03:16,10:05:29,COMPLETED,27906.0,2215.8,5.49,138.06
450,easy,11,10:05:18,10:05:22,10:05:35,COMPLETED,26687.0,218.6,4.62,17.50
432,easy,12,10:00:46,10:00:51,10:05:41,COMPLETED,38388.0,4844.8,5.54,295.76
326,medium,13,09:54:43,09:54:48,10:05:48,COMPLETED,27259.0,10996.4,5.80,665.31
19,hard,15,08:41:06,08:41:08,10:06:32,COMPLETED,34838.0,85404.7,2.57,5126.77
483,medium,13,10:06:29,10:06:32,10:07:36,COMPLETED,29104.0,1069.7,3.77,67.59
428,easy,11,10:07:29,10:07:29,10:07:36,COMPLETED,27124.0,115.4,0.99,7.59
376,easy,12,10:07:25,10:07:29,10:07:55,COMPLETED,20389.0,438.3,4.99,30.92
303,hard,15,09:46:59,09:47:02,10:08:02,COMPLETED,33092.0,20993.3,3.97,1263.34
293,hard,15,09:25:43,09:25:47,10:08:08,COMPLETED,33532.0,42362.6,4.09,2545.76
445,easy,12,10:07:47,10:07:49,10:08:53,COMPLETED,29197.0,1067.6,2.44,66.11
395,easy,11,10:08:39,10:08:40,10:08:53,COMPLETED,27302.0,219.7,1.36,14.11
330,medium,14,09:48:56,09:48:57,10:09:12,COMPLETED,35081.0,20253.2,1.38,1216.35
321,medium,14,09:52:21,09:52:23,10:09:37,COMPLETED,25948.0,17235.4,2.88,1036.77
388,easy,11,10:10:11,10:10:15,10:10:22,COMPLETED,26764.0,111.0,4.84,11.29
506,easy,11,10:10:30,10:10:34,10:10:54,COMPLETED,30205.0,329.7,4.92,24.35
337,hard,15,09:45:17,09:45:22,10:11:32,COMPLETED,38203.0,26173.8,5.13,1575.44
178,medium,14,09:41:03,09:41:04,10:12:09,COMPLETED,25573.0,31092.6,1.43,1866.87
422,easy,12,10:12:14,10:12:16,10:12:28,COMPLETED,22837.0,213.0,2.12,14.71
475,easy,11,10:12:21,10:12:22,10:12:41,COMPLETED,32407.0,317.4,1.43,20.20
488,easy,11,10:12:38,10:12:41,10:12:47,COMPLETED,27469.0,108.8,3.20,9.50
340,easy,12,10:11:26,10:11:26,10:12:53,COMPLETED,31308.0,1464.0,0.15,87.75
476,medium,13,10:12:13,10:12:16,10:13:12,COMPLETED,28854.0,942.8,3.12,59.47
236,hard,15,09:42:52,09:42:57,10:13:31,COMPLETED,31358.0,30566.8,5.26,1839.15
481,easy,11,10:13:36,10:13:37,10:13:56,COMPLETED,27962.0,316.4,1.39,20.19
416,easy,12,10:13:46,10:13:49,10:14:08,COMPLETED,26291.0,316.4,3.91,22.67
357,easy,11,10:14:44,10:14:46,10:14:58,COMPLETED,29542.0,212.1,2.10,14.61
386,easy,12,10:15:25,10:15:29,10:16:01,COMPLETED,24043.0,526.3,4.76,36.11
181,medium,13,09:56:11,09:56:11,10:16:07,COMPLETED,35609.0,19932.5,0.47,1196.38
267,medium,14,09:45:58,09:45:59,10:16:32,COMPLETED,33574.0,30548.1,1.75,1834.50
436,easy,11,10:16:15,10:16:19,10:16:38,COMPLETED,27474.0,321.8,4.87,23.80
487,medium,13,10:13:33,10:13:37,10:17:10,COMPLETED,30976.0,3560.0,4.39,217.64
372,easy,11,10:17:23,10:17:23,10:17:29,COMPLETED,18941.0,114.1,0.45,6.91
485,easy,11,10:17:45,10:17:49,10:17:55,COMPLETED,28740.0,117.2,4.02,10.55
391,easy,11,10:18:12,10:18:14,10:18:21,COMPLETED,19479.0,111.7,2.79,9.25
454,easy,12,10:17:54,10:17:55,10:18:40,COMPLETED,28504.0,757.1,1.55,46.59
210,hard,15,09:41:25,09:41:29,10:18:59,COMPLETED,37043.0,37511.4,4.40,2254.84
281,hard,15,09:23:37,09:23:41,10:20:41,COMPLETED,30324.0,56999.7,4.88,3424.72
424,medium,14,10:16:20,10:16:26,10:21:20,COMPLETED,33565.0,4905.8,6.18,300.27
480,medium,13,10:18:23,10:18:27,10:21:26,COMPLETED,31725.0,2988.3,4.52,183.59
496,easy,12,10:20:43,10:20:48,10:21:51,COMPLETED,31654.0,1071.9,5.16,68.84
22,medium,14,08:54:30,08:54:30,10:21:58,COMPLETED,31487.0,87470.2,0.41,5248.55
437,easy,12,10:21:14,10:21:20,10:21:58,COMPLETED,23284.0,645.0,6.27,44.55
418,medium,14,10:15:36,10:15:36,10:22:36,COMPLETED,31049.0,7018.1,0.05,420.89
229,hard,15,09:56:14,09:56:18,10:23:08,COMPLETED,32861.0,26835.6,4.12,1614.15
324,hard,15,09:15:22,09:15:27,10:23:39,COMPLETED,31776.0,68208.7,5.05,4097.47
434,easy,11,10:23:28,10:23:33,10:23:39,COMPLETED,29166.0,110.2,5.13,11.47
456,easy,12,10:21:50,10:21:51,10:23:52,COMPLETED,27039.0,2006.6,1.84,122.11
397,easy,11,10:23:42,10:23:45,10:23:52,COMPLETED,21240.0,109.7,3.78,10.11
493,easy,12,10:23:39,10:23:39,10:23:58,COMPLETED,28262.0,320.3,0.47,19.39
410,easy,12,10:23:31,10:23:33,10:24:04,COMPLETED,29017.0,529.3,2.13,33.72
353,medium,14,10:18:28,10:18:34,10:24:48,COMPLETED,36162.0,6244.1,6.06,380.51
407,easy,11,10:24:32,10:24:35,10:24:48,COMPLETED,24527.0,213.0,3.98,16.51
369,medium,14,10:18:06,10:18:08,10:25:19,COMPLETED,27661.0,7191.9,2.48,433.75
335,hard,15,09:34:09,09:34:11,10:26:28,COMPLETED,37017.0,52279.1,2.88,3139.52
364,medium,13,10:23:54,10:23:58,10:26:34,COMPLETED,34032.0,2612.3,4.39,160.83
498,easy,12,10:24:18,10:24:23,10:27:18,COMPLETED,34856.0,2927.3,5.46,180.84
438,medium,13,10:26:31,10:26:34,10:27:31,COMPLETED,29100.0,949.3,3.83,60.41
302,hard,15,09:22:00,09:22:00,10:27:50,COMPLETED,34857.0,65836.2,0.49,3950.46
473,medium,14,10:23:58,10:23:58,10:28:28,COMPLETED,37751.0,4510.4,0.39,270.53
459,medium,13,10:15:49,10:15:54,10:29:44,COMPLETED,41566.0,13837.6,5.82,835.91
403,medium,13,10:27:17,10:27:18,10:29:51,COMPLETED,33733.0,2544.7,1.84,154.16
361,medium,14,10:10:42,10:10:47,10:29:57,COMPLETED,35801.0,19167.0,5.85,1155.58
377,easy,12,10:31:08,10:31:13,10:31:39,COMPLETED,28149.0,432.3,5.89,31.45
396,easy,11,10:31:40,10:31:45,10:31:58,COMPLETED,27968.0,223.9,5.90,18.93
379,easy,11,10:31:46,10:31:52,10:31:58,COMPLETED,23670.0,114.5,6.52,12.93
359,hard,15,10:14:17,10:14:21,10:32:18,COMPLETED,28816.0,17952.5,4.14,1081.10
343,medium,14,10:21:46,10:21:51,10:32:24,COMPLETED,28454.0,10545.7,5.84,638.41
440,easy,11,10:31:26,10:31:26,10:32:36,COMPLETED,33569.0,1174.1,0.71,70.97
355,medium,14,10:08:43,10:08:46,10:32:55,COMPLETED,37124.0,24154.6,3.83,1452.71
75,hard,15,08:26:48,08:26:52,10:33:02,COMPLETED,42610.0,126155.7,4.98,7574.27
390,easy,11,10:33:00,10:33:02,10:33:08,COMPLETED,27699.0,113.3,2.27,8.58
449,easy,11,10:33:34,10:33:34,10:33:40,COMPLETED,23094.0,109.6,0.25,6.59
500,hard,15,10:02:32,10:02:32,10:33:53,COMPLETED,35210.0,31346.7,0.46,1881.09
502,hard,15,10:10:35,10:10:41,10:33:53,COMPLETED,34993.0,23198.6,6.38,1398.09
484,easy,11,10:34:16,10:34:18,10:34:30,COMPLETED,24452.0,213.2,2.22,14.76
186,medium,14,09:28:56,09:29:00,10:34:43,COMPLETED,35698.0,65721.6,4.05,3947.27
356,medium,13,10:33:59,10:33:59,10:34:55,COMPLETED,28943.0,944.7,0.41,56.82
375,easy,11,10:34:47,10:34:49,10:34:55,COMPLETED,34385.0,109.7,2.53,8.82
307,medium,14,09:54:15,09:54:16,10:35:39,COMPLETED,30748.0,41381.6,1.80,2484.61
360,medium,13,10:33:48,10:33:53,10:35:58,COMPLETED,22721.0,2091.1,5.09,130.33
414,medium,13,10:35:12,10:35:14,10:36:04,COMPLETED,25705.0,836.8,2.60,52.59
358,hard,15,10:04:30,10:04:31,10:36:23,COMPLETED,34796.0,31858.5,1.94,1913.34
368,medium,14,10:25:17,10:25:19,10:36:42,COMPLETED,34181.0,11375.3,2.75,685.05
442,easy,12,10:36:15,10:36:17,10:36:54,COMPLETED,25601.0,629.8,2.06,39.60
494,medium,14,10:04:58,10:05:03,10:37:45,COMPLETED,34931.0,32697.7,5.28,1967.03
352,easy,12,10:37:10,10:37:13,10:37:45,COMPLETED,24019.0,528.5,3.56,35.03
457,medium,13,10:37:12,10:37:13,10:37:57,COMPLETED,28774.0,737.2,1.56,45.54
209,hard,15,09:56:18,09:56:18,10:38:03,COMPLETED,44120.0,41763.2,0.12,2505.92
453,medium,13,10:34:52,10:34:55,10:38:22,COMPLETED,33129.0,3453.0,3.82,210.76
389,medium,13,10:37:12,10:37:13,10:38:29,COMPLETED,25988.0,1262.4,1.56,77.08
401,medium,14,10:31:41,10:31:45,10:39:13,COMPLETED,25266.0,7453.7,4.90,452.04
411,easy,12,10:38:07,10:38:10,10:39:13,COMPLETED,31085.0,1051.9,3.17,66.04
342,easy,12,10:38:42,10:38:47,10:39:25,COMPLETED,27805.0,631.3,5.93,43.57
451,medium,13,10:37:04,10:37:07,10:39:38,COMPLETED,29236.0,2518.1,3.23,154.12
393,medium,13,10:38:13,10:38:16,10:39:44,COMPLETED,28988.0,1470.4,3.46,91.38
392,easy,11,10:39:48,10:39:50,10:39:57,COMPLETED,32569.0,109.9,2.73,9.09
348,easy,12,10:39:42,10:39:44,10:40:47,COMPLETED,31036.0,1054.8,2.38,65.39
462,easy,11,10:40:36,10:40:41,10:40:53,COMPLETED,27007.0,215.7,5.05,17.70
421,medium,13,10:37:33,10:37:38,10:41:06,COMPLETED,33262.0,3463.6,5.73,213.30
464,easy,12,10:39:45,10:39:50,10:41:37,COMPLETED,28717.0,1788.2,5.73,112.75
482,easy,11,10:41:27,10:41:31,10:41:44,COMPLETED,20943.0,214.6,4.45,17.06
472,easy,12,10:41:25,10:41:25,10:41:56,COMPLETED,28158.0,529.9,0.12,31.59
412,hard,15,10:16:23,10:16:26,10:42:28,COMPLETED,35180.0,26032.9,3.18,1565.04
509,medium,14,10:26:20,10:26:22,10:44:27,COMPLETED,34877.0,18094.6,2.19,1087.47
413,easy,11,10:44:39,10:44:40,10:44:53,COMPLETED,29353.0,216.9,1.43,14.18
478,hard,15,10:02:24,10:02:26,10:44:59,COMPLETED,31604.0,42558.6,2.12,2555.47
467,medium,13,10:44:23,10:44:27,10:45:31,COMPLETED,30257.0,1071.7,4.47,68.62
431,medium,13,10:41:56,10:41:56,10:45:57,COMPLETED,33057.0,4015.0,0.59,241.18
351,easy,12,10:43:20,10:43:24,10:45:57,COMPLETED,23051.0,2555.4,4.25,157.18
349,medium,13,10:43:48,10:43:49,10:47:50,COMPLETED,26623.0,4027.0,1.33,242.65
477,hard,15,10:33:03,10:33:08,10:47:57,COMPLETED,33562.0,14810.6,5.58,894.00
429,medium,14,10:31:17,10:31:20,10:48:03,COMPLETED,29426.0,16717.7,3.43,1006.33
362,easy,12,10:47:32,10:47:38,10:48:09,COMPLETED,28191.0,529.9,6.05,37.61
420,medium,13,10:42:49,10:42:53,10:48:53,COMPLETED,32142.0,6012.3,4.03,364.56
344,easy,12,10:48:28,10:48:28,10:49:12,COMPLETED,21662.0,737.4,0.45,44.40
499,medium,14,10:41:51,10:41:56,10:50:02,COMPLETED,24876.0,8102.4,5.59,491.54
333,medium,14,09:35:38,09:35:39,10:50:33,COMPLETED,29903.0,74909.6,1.41,4495.84
382,medium,14,10:09:45,10:09:50,10:50:46,COMPLETED,34499.0,40938.2,5.44,2461.57
490,medium,14,10:44:21,10:44:27,10:50:46,COMPLETED,24709.0,6322.8,6.47,385.57
489,easy,12,10:50:29,10:50:33,10:51:05,COMPLETED,31555.0,532.3,4.84,36.50
274,medium,14,09:52:28,09:52:30,10:51:30,COMPLETED,35996.0,59010.6,2.15,3542.66
497,easy,12,10:50:38,10:50:40,10:51:43,COMPLETED,35106.0,1053.7,2.24,65.24
452,easy,12,10:51:05,10:51:05,10:52:47,COMPLETED,28429.0,1700.6,0.50,102.14
495,easy,12,10:53:00,10:53:06,10:53:12,COMPLETED,24660.0,115.7,6.11,12.64
491,medium,13,10:48:19,10:48:22,10:53:25,COMPLETED,26079.0,5060.5,3.14,306.40
471,medium,13,10:36:56,10:37:00,10:53:38,COMPLETED,25405.0,16624.8,4.88,1002.17
448,easy,11,10:53:36,10:53:38,10:53:56,COMPLETED,36176.0,317.7,2.17,20.99
363,easy,11,10:55:00,10:55:05,10:55:18,COMPLETED,25159.0,224.1,5.99,18.88
404,medium,14,10:31:26,10:31:26,10:55:38,COMPLETED,29048.0,24200.3,0.71,1452.49
373,easy,11,10:55:21,10:55:25,10:55:45,COMPLETED,26522.0,333.0,4.50,24.06
371,medium,13,10:54:29,10:54:34,10:55:57,COMPLETED,32991.0,1398.8,5.54,88.98
409,medium,13,10:55:52,10:55:57,10:56:36,COMPLETED,29515.0,647.7,5.98,44.41
415,easy,11,10:56:14,10:56:17,10:56:36,COMPLETED,29292.0,326.5,3.30,22.41
439,easy,12,10:57:11,10:57:15,10:57:21,COMPLETED,30096.0,121.6,4.22,10.79
505,easy,11,10:57:16,10:57:21,10:57:28,COMPLETED,18804.0,120.9,5.79,12.59
425,easy,11,10:57:20,10:57:21,10:57:28,COMPLETED,25137.0,119.0,1.79,8.59
374,easy,12,10:55:09,10:55:12,10:57:35,COMPLETED,28023.0,2388.8,3.32,146.13
367,easy,11,10:57:20,10:57:21,10:57:41,COMPLETED,23256.0,335.3,1.79,21.73
417,easy,12,10:57:29,10:57:35,10:57:48,COMPLETED,25302.0,222.1,6.13,19.03
470,easy,12,10:56:55,10:56:55,10:57:54,COMPLETED,34876.0,986.1,0.63,59.50
503,medium,13,10:57:53,10:57:54,10:58:13,COMPLETED,29039.0,319.7,1.50,20.42
408,easy,11,10:59:20,10:59:22,10:59:35,COMPLETED,28376.0,215.3,2.45,15.10
443,easy,11,10:59:36,10:59:41,10:59:54,COMPLETED,28509.0,215.5,5.40,18.06
486,easy,12,10:59:11,10:59:16,11:00:00,COMPLETED,27235.0,741.3,5.13,49.35
618,easy,11,11:00:18,11:00:19,11:00:44,COMPLETED,33236.0,427.6,1.19,26.54
658,easy,11,11:00:29,11:00:31,11:01:03,COMPLETED,29561.0,533.8,2.86,34.58
384,medium,13,10:50:50,10:50:52,11:01:35,COMPLETED,33387.0,10709.1,2.91,645.20
635,easy,12,11:01:21,11:01:22,11:01:54,COMPLETED,30322.0,533.1,1.51,33.18
394,medium,13,10:54:17,10:54:22,11:02:50,COMPLETED,27460.0,8487.7,5.00,513.95
402,hard,15,10:52:26,10:52:27,11:03:16,COMPLETED,36823.0,10819.6,1.78,650.56
654,easy,12,11:03:36,11:03:36,11:04:02,COMPLETED,21352.0,441.5,0.03,26.00
237,hard,15,09:22:47,09:22:51,11:04:14,COMPLETED,30792.0,101399.2,4.07,6087.94
572,easy,12,11:03:46,11:03:49,11:04:14,COMPLETED,22335.0,438.4,3.08,28.94
648,easy,11,11:04:17,11:04:21,11:04:47,COMPLETED,34316.0,436.1,4.43,30.05
419,hard,15,10:47:29,10:47:31,11:04:53,COMPLETED,36677.0,17370.9,2.75,1044.66
533,medium,13,11:02:24,11:02:25,11:05:13,COMPLETED,33643.0,2797.9,1.67,169.23
513,easy,12,11:04:03,11:04:08,11:05:51,COMPLETED,24978.0,1731.5,5.58,108.87
180,hard,15,09:52:14,09:52:17,11:07:02,COMPLETED,35586.0,74757.7,3.54,4488.92
584,easy,12,11:06:34,11:06:36,11:07:47,COMPLETED,31343.0,1188.9,2.90,73.97
604,easy,11,11:08:13,11:08:13,11:08:26,COMPLETED,26328.0,228.2,0.52,13.73
370,medium,14,10:49:02,10:49:06,11:08:53,COMPLETED,30334.0,19787.7,4.10,1191.08
458,medium,14,10:51:30,10:51:30,11:09:50,COMPLETED,32565.0,18328.5,0.66,1100.16
515,easy,11,11:09:17,11:09:56,11:10:02,COMPLETED,26449.0,111.0,39.49,45.85
514,easy,12,11:08:27,11:08:33,11:10:15,COMPLETED,32474.0,1709.1,6.26,108.53
579,easy,11,11:09:48,11:10:21,11:10:40,COMPLETED,23750.0,321.9,33.87,52.87
530,easy,12,11:09:21,11:10:09,11:10:47,COMPLETED,21399.0,639.6,48.18,86.20
553,medium,13,11:02:14,11:02:19,11:11:25,COMPLETED,35920.0,9101.9,5.35,551.22
574,medium,14,11:08:35,11:08:39,11:11:37,COMPLETED,32005.0,2973.0,4.85,182.92
446,hard,15,10:44:15,10:44:20,11:11:44,COMPLETED,28680.0,27394.2,5.89,1649.30
641,easy,12,11:10:13,11:10:53,11:12:03,COMPLETED,33330.0,1168.8,40.58,110.43
651,medium,13,11:06:02,11:06:04,11:13:51,COMPLETED,29759.0,7776.7,3.00,469.18
532,easy,11,11:13:17,11:13:57,11:14:10,COMPLETED,29012.0,224.1,40.72,53.65
671,medium,13,11:10:38,11:11:31,11:14:23,COMPLETED,28304.0,2875.1,53.55,225.69
571,easy,12,11:14:15,11:14:17,11:14:42,COMPLETED,20419.0,434.8,2.22,27.92
511,medium,14,11:04:45,11:04:47,11:14:55,COMPLETED,34982.0,10155.5,2.05,610.97
525,easy,11,11:14:40,11:14:49,11:15:02,COMPLETED,26527.0,230.9,9.35,22.54
591,easy,12,11:14:59,11:15:02,11:15:22,COMPLETED,28317.0,333.9,3.54,23.07
633,easy,12,11:14:37,11:14:42,11:16:00,COMPLETED,26620.0,1304.4,5.92,83.69
536,easy,11,11:16:29,11:16:33,11:16:39,COMPLETED,19905.0,119.4,4.12,10.71
405,hard,15,10:54:39,10:54:40,11:16:46,COMPLETED,28561.0,22094.9,1.85,1327.33
542,easy,12,11:16:10,11:16:13,11:17:05,COMPLETED,30734.0,875.6,3.52,55.53
639,medium,13,11:13:15,11:13:19,11:17:18,COMPLETED,27664.0,3992.3,4.50,243.55
569,easy,11,11:17:32,11:17:37,11:17:44,COMPLETED,28349.0,114.8,6.00,12.57
387,medium,14,10:54:58,10:54:59,11:18:42,COMPLETED,27419.0,23725.8,1.68,1424.89
575,medium,14,11:17:31,11:17:31,11:19:21,COMPLETED,31333.0,1845.0,0.36,110.80
637,easy,11,11:19:22,11:19:28,11:19:54,COMPLETED,28490.0,440.0,6.13,32.03
669,medium,13,11:11:53,11:11:57,11:20:32,COMPLETED,32646.0,8591.8,4.06,519.29
585,easy,12,11:19:04,11:19:08,11:20:32,COMPLETED,27914.0,1398.7,4.68,88.29
441,medium,14,10:50:41,10:50:46,11:20:57,COMPLETED,33532.0,30188.5,5.57,1816.69
582,medium,13,11:17:47,11:17:50,11:21:04,COMPLETED,27816.0,3224.7,3.92,197.03
638,easy,12,11:19:27,11:20:00,11:21:10,COMPLETED,29544.0,1171.4,33.56,103.47
517,easy,11,11:21:22,11:21:23,11:21:42,COMPLETED,24859.0,322.5,1.27,20.31
670,easy,12,11:20:17,11:21:10,11:22:07,COMPLETED,31414.0,956.9,53.47,110.58
433,hard,15,10:23:45,10:23:45,11:22:26,COMPLETED,35618.0,58680.6,0.78,3521.51
565,easy,12,11:03:09,11:03:09,11:22:51,COMPLETED,42241.0,19702.7,0.93,1182.87
628,medium,13,11:20:15,11:21:04,11:22:51,COMPLETED,25826.0,1802.8,49.03,156.87
560,easy,12,11:20:03,11:20:38,11:23:04,COMPLETED,28705.0,2435.5,35.63,181.53
588,easy,11,11:22:42,11:22:45,11:23:04,COMPLETED,26764.0,322.0,3.51,22.53
537,medium,13,11:20:00,11:20:38,11:23:10,COMPLETED,26691.0,2541.5,38.63,190.85
512,easy,12,11:24:16,11:24:20,11:24:45,COMPLETED,26625.0,428.7,4.29,29.65
523,easy,11,11:25:01,11:25:04,11:25:11,COMPLETED,19658.0,115.9,3.86,10.48
621,easy,12,11:24:21,11:24:26,11:25:24,COMPLETED,28770.0,968.4,5.66,63.47
600,easy,12,11:23:54,11:23:54,11:26:03,COMPLETED,24872.0,2148.0,0.93,129.52
647,medium,13,11:24:44,11:24:45,11:26:16,COMPLETED,23492.0,1520.4,1.65,92.45
520,medium,13,11:25:14,11:25:17,11:26:22,COMPLETED,36274.0,1095.1,3.84,68.98
540,medium,13,11:24:40,11:24:45,11:26:35,COMPLETED,25320.0,1846.4,5.65,115.98
561,easy,12,11:25:55,11:26:22,11:26:35,COMPLETED,25624.0,225.1,27.98,40.98
665,easy,12,11:25:28,11:25:30,11:26:49,COMPLETED,27264.0,1308.5,2.81,81.04
586,medium,14,11:22:25,11:22:26,11:27:28,COMPLETED,30348.0,5035.2,1.51,303.16
113,hard,15,08:01:26,08:01:31,11:27:34,COMPLETED,25857.0,206051.5,5.63,12368.71
474,hard,15,10:47:50,10:47:50,11:28:13,COMPLETED,38624.0,40385.3,0.65,2423.47
538,easy,12,11:27:52,11:27:54,11:28:33,COMPLETED,25497.0,654.6,2.08,41.06
611,medium,13,11:28:18,11:28:20,11:28:39,COMPLETED,24681.0,333.8,2.02,21.40
673,medium,14,11:18:50,11:18:55,11:28:52,COMPLETED,32289.0,9957.0,5.77,602.62
659,easy,12,11:28:18,11:28:20,11:29:05,COMPLETED,25661.0,773.2,2.02,47.97
620,easy,12,11:28:52,11:28:59,11:29:38,COMPLETED,31118.0,659.0,7.33,46.58
616,medium,14,11:02:36,11:02:38,11:29:44,COMPLETED,33820.0,27118.8,2.31,1628.91
650,easy,12,11:27:04,11:27:08,11:30:17,COMPLETED,30909.0,3158.5,4.30,193.38
566,easy,12,11:28:54,11:29:12,11:30:23,COMPLETED,33046.0,1199.0,18.57,89.92
626,easy,11,11:30:21,11:30:23,11:30:56,COMPLETED,27757.0,549.5,2.92,35.60
556,medium,14,11:23:31,11:23:35,11:31:34,COMPLETED,33746.0,7981.4,4.99,483.62
624,easy,11,11:31:18,11:31:21,11:31:34,COMPLETED,29488.0,216.6,3.95,16.62
578,easy,12,11:31:43,11:31:47,11:32:00,COMPLETED,27068.0,216.7,4.33,17.03
341,medium,14,10:28:28,10:28:28,11:32:19,COMPLETED,36671.0,63846.1,0.53,3831.16
570,easy,12,11:32:12,11:32:12,11:32:25,COMPLETED,30341.0,219.4,0.74,13.55
545,easy,12,11:30:35,11:30:36,11:32:38,COMPLETED,32661.0,2028.4,1.90,123.27
552,easy,12,11:32:40,11:32:44,11:33:16,COMPLETED,26510.0,536.2,4.65,36.48
668,easy,12,11:32:59,11:33:03,11:33:16,COMPLETED,20968.0,218.8,4.72,17.48
643,easy,11,11:33:19,11:33:22,11:33:35,COMPLETED,22583.0,217.7,3.87,16.67
573,medium,14,11:29:10,11:29:51,11:33:42,COMPLETED,31316.0,3845.1,41.64,272.01
656,medium,14,11:26:23,11:26:29,11:34:07,COMPLETED,28994.0,7635.0,6.62,464.41
492,medium,14,10:21:50,10:21:51,11:34:13,COMPLETED,40084.0,72365.9,1.84,4343.80
535,easy,12,11:33:06,11:33:22,11:34:13,COMPLETED,26527.0,854.7,16.87,67.80
576,hard,15,11:02:49,11:02:50,11:34:39,COMPLETED,34575.0,31808.9,1.95,1910.29
558,medium,13,11:29:10,11:29:44,11:35:17,COMPLETED,27444.0,5544.0,34.91,367.28
667,easy,11,11:35:08,11:35:10,11:35:17,COMPLETED,23548.0,111.0,2.93,9.28
590,medium,13,11:34:08,11:34:13,11:35:29,COMPLETED,23870.0,1274.1,5.80,81.96
577,medium,13,11:33:02,11:33:03,11:35:55,COMPLETED,26156.0,2862.4,1.72,173.18
580,medium,14,11:18:29,11:18:30,11:36:27,COMPLETED,26327.0,17958.0,1.05,1078.24
676,easy,11,11:36:24,11:36:27,11:36:39,COMPLETED,27187.0,218.0,3.24,15.89
546,easy,11,11:37:42,11:37:43,11:37:56,COMPLETED,20780.0,225.9,1.97,14.99
116,hard,15,08:59:02,08:59:04,11:38:03,COMPLETED,41385.0,158986.2,2.43,9541.57
347,medium,14,10:27:00,10:27:00,11:38:42,COMPLETED,34829.0,71704.3,0.01,4302.10
521,medium,13,11:28:50,11:28:52,11:39:40,COMPLETED,26123.0,10798.4,2.62,650.12
245,hard,15,09:59:09,09:59:10,11:39:59,COMPLETED,32944.0,100826.6,1.10,6050.47
519,easy,11,11:40:02,11:40:06,11:40:12,COMPLETED,25783.0,118.6,4.10,10.76
447,medium,14,10:53:31,10:53:31,11:40:38,COMPLETED,35990.0,47121.0,0.85,2827.85
543,easy,12,11:41:03,11:41:04,11:41:11,COMPLETED,26211.0,115.8,1.49,8.05
617,easy,11,11:41:09,11:41:11,11:41:17,COMPLETED,25986.0,112.2,2.05,8.47
663,medium,13,11:18:10,11:18:10,11:42:02,COMPLETED,33681.0,23875.1,0.45,1432.61
677,easy,12,11:41:18,11:41:23,11:42:09,COMPLETED,28294.0,762.1,5.81,51.15
598,hard,15,11:00:48,11:00:50,11:42:28,COMPLETED,34881.0,41625.1,2.89,2500.23
599,medium,14,11:28:23,11:28:39,11:42:40,COMPLETED,34461.0,14028.4,16.40,857.88
548,easy,12,11:42:30,11:42:34,11:42:53,COMPLETED,27551.0,320.4,4.54,23.49
595,easy,12,11:42:58,11:42:59,11:43:25,COMPLETED,30978.0,429.4,1.79,27.21
660,medium,13,11:40:41,11:40:45,11:43:50,COMPLETED,27698.0,3092.9,4.38,189.63
589,easy,11,11:43:30,11:43:31,11:44:09,COMPLETED,32285.0,641.5,1.60,39.71
606,easy,12,11:44:09,11:44:09,11:44:16,COMPLETED,25855.0,112.5,0.71,7.12
346,hard,15,10:32:52,10:32:55,11:45:32,COMPLETED,35670.0,72611.0,3.71,4360.27
522,medium,13,11:43:06,11:43:06,11:45:38,COMPLETED,28035.0,2544.6,0.17,152.60
444,hard,15,10:36:41,10:36:42,11:45:44,COMPLETED,30423.0,69049.7,1.05,4143.93
592,medium,14,11:39:51,11:39:52,11:46:03,COMPLETED,31524.0,6187.2,1.90,372.84
666,easy,11,11:46:21,11:46:22,11:46:29,COMPLETED,18918.0,111.5,1.90,8.28
534,medium,14,11:38:32,11:38:35,11:46:54,COMPLETED,32260.0,8322.5,3.54,502.66
622,easy,11,11:46:23,11:46:29,11:46:54,COMPLETED,35440.0,428.2,6.28,31.66
609,easy,12,11:46:00,11:46:03,11:47:07,COMPLETED,31143.0,1066.3,3.84,67.31
581,easy,12,11:46:19,11:46:22,11:47:32,COMPLETED,33775.0,1171.6,3.90,73.84
531,easy,11,11:47:36,11:47:39,11:47:45,COMPLETED,22800.0,113.4,3.24,9.66
642,easy,12,11:47:45,11:47:45,11:48:23,COMPLETED,31577.0,638.1,0.66,38.58
468,hard,15,10:37:55,10:37:57,11:48:55,COMPLETED,31362.0,70965.4,2.54,4260.34
550,medium,13,11:48:37,11:48:42,11:49:20,COMPLETED,27272.0,640.2,5.63,43.73
662,easy,12,11:49:04,11:49:08,11:49:27,COMPLETED,25567.0,323.4,4.02,23.07
657,easy,12,11:46:09,11:46:10,11:49:33,COMPLETED,23373.0,3393.0,1.21,204.46
549,easy,11,11:49:15,11:49:39,11:49:52,COMPLETED,25725.0,218.7,24.84,37.62
568,medium,13,11:48:22,11:48:23,11:50:17,COMPLETED,28212.0,1911.6,1.58,115.99
632,easy,12,11:49:12,11:49:33,11:51:34,COMPLETED,28223.0,2016.7,21.46,142.17
528,medium,13,11:48:33,11:48:36,11:51:53,COMPLETED,29136.0,3286.3,3.27,200.16
614,medium,13,11:50:29,11:51:59,11:53:09,COMPLETED,26432.0,1177.7,90.49,160.61
597,medium,13,11:46:35,11:46:35,11:53:35,COMPLETED,29007.0,7011.2,0.67,420.88
652,medium,14,11:38:53,11:38:55,11:54:07,COMPLETED,35443.0,15216.4,2.08,914.81
544,medium,13,11:49:45,11:50:24,11:54:14,COMPLETED,28455.0,3836.1,39.34,269.18
559,easy,12,11:50:56,11:54:14,11:54:45,COMPLETED,29796.0,532.9,198.18,229.83
634,easy,11,11:51:17,11:54:52,11:54:58,COMPLETED,25731.0,111.7,215.18,221.54
526,medium,14,11:44:39,11:44:41,11:55:04,COMPLETED,28126.0,10395.1,2.58,625.92
678,easy,11,11:52:54,11:55:11,11:55:30,COMPLETED,29814.0,323.5,137.37,156.47
630,easy,11,11:53:54,11:55:36,11:55:43,COMPLETED,27205.0,112.5,102.80,109.19
608,easy,11,11:54:05,11:55:49,11:56:02,COMPLETED,20654.0,216.4,104.58,117.26
602,easy,12,11:51:00,11:54:20,11:56:40,COMPLETED,30454.0,2332.8,200.55,340.22
594,medium,14,11:40:29,11:40:32,11:57:05,COMPLETED,24315.0,16559.1,3.24,996.55
524,easy,11,11:54:17,11:57:11,11:57:24,COMPLETED,22191.0,217.0,174.88,187.59
640,medium,13,11:07:37,11:07:41,11:58:40,COMPLETED,28259.0,50982.6,4.64,3063.43
613,easy,12,11:54:46,11:57:30,11:58:53,COMPLETED,32441.0,1377.3,164.92,247.26
554,hard,15,11:10:04,11:10:47,11:59:25,COMPLETED,28613.0,48634.8,43.20,2961.08
551,easy,11,11:55:30,11:59:31,11:59:44,COMPLETED,28160.0,217.4,241.47,254.21
607,easy,11,11:55:24,11:58:59,11:59:56,COMPLETED,30723.0,960.1,215.59,272.89
619,easy,11,11:55:32,11:59:50,12:00:03,COMPLETED,23018.0,217.5,258.53,271.23
627,easy,12,11:55:56,12:00:09,12:01:07,COMPLETED,27956.0,968.6,253.62,311.23
214,hard,15,09:37:27,09:37:32,12:01:59,COMPLETED,33213.0,144443.5,5.87,8672.42
675,easy,11,11:56:43,12:02:05,12:02:31,COMPLETED,23966.0,436.8,322.78,348.68
465,medium,14,10:30:06,10:30:10,12:03:04,COMPLETED,32331.0,92899.6,4.33,5578.15
661,medium,14,11:54:06,11:56:08,12:03:55,COMPLETED,27028.0,7793.5,122.59,589.74
504,hard,15,10:37:55,10:37:57,12:04:08,COMPLETED,36002.0,86189.8,2.54,5173.89
646,easy,11,11:58:33,12:04:02,12:04:08,COMPLETED,23518.0,115.3,329.29,335.89
516,medium,14,11:50:33,11:53:16,12:04:28,COMPLETED,35609.0,11205.8,163.19,835.12
557,easy,11,11:59:16,12:04:15,12:04:28,COMPLETED,38801.0,223.2,299.22,312.12
518,hard,15,11:33:37,11:33:48,12:05:46,COMPLETED,31693.0,31964.6,11.39,1929.03
539,hard,15,11:34:19,11:34:20,12:05:52,COMPLETED,28707.0,31540.8,1.19,1893.40
601,medium,13,11:59:25,12:04:34,12:06:24,COMPLETED,27196.0,1837.7,309.69,419.68
685,easy,12,12:01:00,12:06:31,12:06:56,COMPLETED,21874.0,431.1,331.01,356.57
816,easy,11,12:01:28,12:07:02,12:07:15,COMPLETED,27620.0,216.5,334.90,347.58
562,medium,14,11:54:07,11:56:46,12:07:28,COMPLETED,28268.0,10699.7,159.55,801.27
612,medium,13,11:58:27,12:03:10,12:07:40,COMPLETED,24521.0,4509.2,283.69,553.97
741,easy,12,12:00:18,12:05:58,12:08:44,COMPLETED,35100.0,2764.7,340.77,506.37
623,medium,14,11:45:05,11:45:06,12:08:57,COMPLETED,28969.0,23840.1,1.87,1432.04
749,easy,11,12:02:40,12:08:50,12:09:09,COMPLETED,22790.0,323.3,370.70,389.73
798,easy,11,12:03:08,12:09:03,12:09:16,COMPLETED,21458.0,219.4,355.38,368.13
770,easy,11,12:04:03,12:09:22,12:09:35,COMPLETED,30573.0,216.5,319.58,332.25
583,medium,14,11:31:20,11:31:40,12:10:57,COMPLETED,29924.0,39278.1,20.96,2377.46
629,hard,15,11:33:35,11:33:42,12:11:41,COMPLETED,31047.0,37998.2,7.01,2286.71
636,hard,15,11:08:49,11:08:53,12:11:48,COMPLETED,27757.0,62922.3,4.08,3779.04
797,easy,12,12:04:17,12:09:41,12:11:48,COMPLETED,33532.0,2118.2,324.59,451.04
721,easy,12,12:04:54,12:11:54,12:12:07,COMPLETED,26588.0,225.8,420.73,433.78
717,easy,12,12:05:05,12:11:54,12:12:14,COMPLETED,28664.0,335.7,409.73,429.33
703,easy,12,12:03:39,12:09:16,12:12:53,COMPLETED,25566.0,3628.4,337.13,554.37
807,easy,12,12:05:11,12:12:14,12:13:51,COMPLETED,31849.0,1630.2,423.33,520.65
687,hard,15,12:02:31,12:07:47,12:14:30,COMPLETED,32574.0,6722.3,316.30,719.18
625,medium,14,11:27:12,11:27:14,12:15:02,COMPLETED,38636.0,47797.0,2.95,2870.48
711,easy,12,12:06:29,12:12:59,12:15:02,COMPLETED,37973.0,2051.5,390.91,513.48
803,easy,11,12:07:40,12:15:09,12:15:22,COMPLETED,24372.0,227.4,449.05,462.29
596,medium,14,11:49:12,11:49:27,12:16:13,COMPLETED,33144.0,26786.8,15.07,1621.93
715,medium,13,12:06:47,12:13:58,12:16:33,COMPLETED,22630.0,2593.7,431.20,586.36
541,medium,14,11:27:19,11:27:21,12:16:39,COMPLETED,42016.0,49313.5,2.54,2960.90
690,easy,12,12:09:14,12:16:20,12:16:39,COMPLETED,24955.0,335.3,426.47,445.90
724,easy,12,12:09:33,12:16:46,12:16:59,COMPLETED,28390.0,228.9,433.63,446.88
799,medium,13,12:06:48,12:14:36,12:17:19,COMPLETED,29810.0,2721.4,468.72,631.56
846,easy,12,12:09:21,12:16:39,12:17:26,COMPLETED,26714.0,775.5,438.90,485.09
708,easy,11,12:10:11,12:17:26,12:17:39,COMPLETED,22697.0,222.1,435.09,448.11
847,easy,11,12:11:08,12:17:32,12:17:39,COMPLETED,30242.0,115.9,384.47,391.11
689,medium,14,12:11:24,12:17:45,12:19:33,COMPLETED,32343.0,1810.0,381.45,489.69
736,medium,13,12:09:40,12:16:46,12:19:40,COMPLETED,31580.0,2896.0,426.63,600.09
731,easy,12,12:13:10,12:19:46,12:20:12,COMPLETED,25770.0,430.7,396.52,422.01
809,easy,12,12:13:29,12:20:18,12:20:56,COMPLETED,28510.0,640.3,409.39,447.47
587,hard,15,11:55:01,11:58:46,12:21:02,COMPLETED,31325.0,22273.1,225.76,1561.84
59,hard,15,08:34:32,08:34:37,12:21:34,COMPLETED,26555.0,226959.6,5.13,13622.69
740,medium,14,12:11:38,12:19:40,12:22:31,COMPLETED,31968.0,2864.0,482.09,653.64
213,hard,15,09:09:26,09:09:29,12:23:36,COMPLETED,32158.0,194105.2,3.96,11650.21
555,hard,15,11:44:20,11:44:22,12:24:14,COMPLETED,35516.0,39877.6,2.48,2394.87
479,medium,14,10:47:51,10:47:57,12:25:39,COMPLETED,28518.0,97705.6,6.00,5868.19
529,medium,14,11:49:16,11:49:58,12:26:37,COMPLETED,27358.0,36643.5,43.00,2241.24
826,easy,11,12:15:33,12:26:43,12:26:57,COMPLETED,31398.0,228.1,670.85,684.04
839,medium,14,12:13:41,12:21:02,12:27:42,COMPLETED,32933.0,6663.0,441.84,841.34
759,easy,11,12:16:22,12:27:48,12:28:14,COMPLETED,28684.0,441.1,686.67,712.78
701,medium,13,12:15:43,12:27:03,12:28:27,COMPLETED,26379.0,1411.3,680.58,764.77
704,easy,11,12:16:44,12:28:21,12:28:53,COMPLETED,24755.0,548.7,697.17,729.81
832,easy,12,12:17:27,12:29:00,12:30:10,COMPLETED,26179.0,1171.6,693.13,763.12
831,medium,14,12:09:02,12:15:28,12:30:16,COMPLETED,31079.0,14798.6,386.84,1274.45
722,easy,11,12:17:34,12:30:16,12:30:22,COMPLETED,24010.0,112.0,762.45,768.83
593,medium,13,11:58:04,12:02:38,12:30:54,COMPLETED,30726.0,28278.3,274.02,1970.51
794,easy,11,12:17:48,12:30:29,12:31:00,COMPLETED,27632.0,533.3,761.20,792.84
844,easy,11,12:18:09,12:31:00,12:31:19,COMPLETED,32912.0,322.5,771.84,790.89
781,easy,12,12:18:50,12:31:26,12:31:57,COMPLETED,24418.0,533.1,756.22,787.84
744,easy,12,12:18:24,12:31:07,12:32:10,COMPLETED,33836.0,1062.6,763.22,826.66
693,easy,11,12:20:00,12:32:17,12:32:55,COMPLETED,37234.0,641.2,737.01,775.12
777,medium,13,12:17:46,12:30:22,12:33:20,COMPLETED,24918.0,2965.7,756.83,934.47
802,easy,12,12:20:14,12:33:01,12:33:20,COMPLETED,26708.0,321.4,767.51,786.47
762,medium,14,12:14:00,12:21:41,12:33:39,COMPLETED,29295.0,11979.4,461.02,1179.52
563,hard,15,11:55:34,12:00:03,12:33:45,COMPLETED,32089.0,33714.5,269.23,2291.85
849,easy,12,12:19:35,12:32:04,12:33:58,COMPLETED,29234.0,1911.7,749.24,863.59
696,easy,11,12:23:30,12:34:04,12:34:17,COMPLETED,29504.0,223.0,634.99,647.86
829,easy,11,12:23:31,12:34:24,12:34:43,COMPLETED,25729.0,333.0,653.41,672.90
837,easy,12,12:22:52,12:33:52,12:36:01,COMPLETED,25074.0,2169.6,660.22,789.90
734,easy,12,12:21:19,12:33:26,12:36:28,COMPLETED,40037.0,3025.3,727.81,909.06
683,easy,11,12:25:34,12:36:34,12:37:06,COMPLETED,30342.0,548.3,660.42,692.87
547,medium,14,11:58:37,12:04:15,12:37:13,COMPLETED,35144.0,32973.0,338.22,2316.35
830,medium,13,12:22:29,12:33:45,12:39:15,COMPLETED,29330.0,5510.3,676.85,1006.99
748,hard,15,12:25:56,12:37:19,12:42:01,COMPLETED,33159.0,4706.7,683.72,965.84
739,easy,11,12:26:50,12:42:08,12:42:39,COMPLETED,24256.0,532.2,918.17,949.80
207,hard,15,09:13:11,09:13:16,12:43:49,COMPLETED,37380.0,210553.9,5.14,12638.35
655,hard,15,11:59:36,12:04:34,12:43:49,COMPLETED,33696.0,39246.6,298.69,2653.35
746,easy,11,12:27:43,12:43:55,12:44:02,COMPLETED,24045.0,112.5,972.74,979.19
765,medium,13,12:24:08,12:36:08,12:45:05,COMPLETED,29465.0,8960.2,720.45,1257.60
716,easy,12,12:28:38,12:44:08,12:45:12,COMPLETED,29152.0,1065.2,930.57,994.15
833,easy,12,12:29:20,12:45:18,12:45:57,COMPLETED,20389.0,654.2,958.51,997.27
800,easy,12,12:29:21,12:46:03,12:46:49,COMPLETED,29484.0,760.1,1002.80,1048.10
752,medium,13,12:14:42,12:24:21,12:46:55,COMPLETED,35948.0,22576.3,579.37,1933.43
466,hard,15,10:43:50,10:43:55,12:47:02,COMPLETED,33587.0,123111.6,5.62,7392.06
821,easy,12,12:30:42,12:47:08,12:49:11,COMPLETED,30592.0,2061.5,986.69,1109.87
461,hard,15,10:01:18,10:01:23,12:49:18,COMPLETED,27824.0,167924.6,5.13,10080.42
684,easy,11,12:30:47,12:49:18,12:49:57,COMPLETED,22928.0,657.2,1111.42,1150.52
681,hard,15,12:15:31,12:25:45,12:51:14,COMPLETED,36869.0,25495.2,614.58,2143.88
757,easy,12,12:31:23,12:51:21,12:51:46,COMPLETED,29632.0,428.4,1198.44,1223.84
754,medium,14,12:28:52,12:45:12,12:52:31,COMPLETED,31379.0,7322.7,980.15,1419.17
814,medium,14,12:30:29,12:47:02,12:53:09,COMPLETED,26605.0,6124.2,993.06,1360.23
345,medium,14,10:43:33,10:43:36,12:54:25,COMPLETED,39778.0,130807.4,3.78,7852.14
835,medium,13,12:32:44,12:52:37,12:55:09,COMPLETED,28548.0,2538.2,1193.57,1345.50
723,medium,13,12:29:56,12:46:55,12:55:34,COMPLETED,29646.0,8661.9,1019.43,1538.87
848,medium,13,12:33:52,12:55:15,12:55:47,COMPLETED,27826.0,533.1,1283.90,1315.58
710,easy,12,12:34:52,12:55:53,12:56:12,COMPLETED,25652.0,321.6,1261.91,1280.90
706,medium,13,12:31:20,12:49:25,12:56:19,COMPLETED,37089.0,6908.8,1085.06,1499.24
808,easy,11,12:35:05,12:56:19,12:56:38,COMPLETED,31255.0,325.7,1274.24,1293.43
784,easy,11,12:35:37,12:56:25,12:56:38,COMPLETED,28890.0,219.3,1248.65,1261.43
682,medium,14,12:11:26,12:17:45,12:57:04,COMPLETED,32995.0,39314.7,379.45,2738.15
365,medium,14,10:27:47,10:27:50,12:57:10,COMPLETED,30593.0,149336.5,3.46,8963.55
769,easy,11,12:35:59,12:56:44,12:57:10,COMPLETED,29109.0,434.5,1245.83,1271.55
729,hard,15,12:05:48,12:12:20,12:57:23,COMPLETED,33894.0,45042.7,392.96,3095.32
825,easy,12,12:36:11,12:57:10,12:57:23,COMPLETED,29716.0,217.9,1259.55,1272.32
691,easy,11,12:37:04,12:57:16,12:57:29,COMPLETED,27627.0,217.6,1212.93,1225.66
753,easy,11,12:36:46,12:57:16,12:57:42,COMPLETED,29037.0,430.5,1230.93,1256.46
712,easy,12,12:37:05,12:57:29,12:57:55,COMPLETED,27577.0,429.9,1224.66,1250.16
695,medium,13,12:31:21,12:50:03,12:58:07,COMPLETED,31982.0,8071.5,1122.89,1606.90
680,easy,12,12:36:07,12:56:44,12:58:14,COMPLETED,29361.0,1495.9,1237.83,1327.24
732,easy,12,12:37:37,12:57:48,12:59:36,COMPLETED,29477.0,1805.0,1211.80,1319.82
842,easy,12,12:39:01,12:59:43,13:00:21,COMPLETED,26871.0,637.4,1242.15,1280.08
350,hard,15,10:36:57,10:37:00,13:00:46,COMPLETED,33077.0,143758.7,3.88,8629.38
764,easy,12,12:37:15,12:57:29,13:00:59,COMPLETED,36764.0,3494.8,1214.66,1424.07
603,hard,15,11:35:18,11:35:23,13:01:05,COMPLETED,33458.0,85700.2,5.61,5147.45
707,easy,12,12:40:44,13:01:11,13:02:15,COMPLETED,25957.0,1066.6,1227.82,1291.28
698,medium,13,12:38:01,12:58:20,13:03:50,COMPLETED,33941.0,5505.3,1219.68,1549.70
763,easy,12,12:41:47,13:03:57,13:04:09,COMPLETED,28239.0,216.3,1330.05,1342.72
743,easy,12,12:40:56,13:02:21,13:04:28,COMPLETED,33977.0,2121.2,1285.86,1412.83
756,medium,14,12:32:44,12:53:15,13:05:32,COMPLETED,29150.0,12283.5,1231.56,1968.31
812,easy,12,12:42:53,13:04:35,13:05:44,COMPLETED,34964.0,1168.8,1302.16,1371.99
737,easy,11,12:42:54,13:05:38,13:05:44,COMPLETED,29076.0,111.1,1364.64,1370.99
772,easy,11,12:43:08,13:05:51,13:06:10,COMPLETED,36561.0,322.8,1363.32,1382.39
750,easy,11,12:43:40,13:05:51,13:06:48,COMPLETED,28369.0,954.6,1331.32,1388.35
615,hard,15,11:42:20,11:42:21,13:07:38,COMPLETED,35151.0,85286.2,1.88,5118.92
679,hard,15,11:39:53,11:39:59,13:09:20,COMPLETED,31230.0,89345.5,6.47,5367.08
791,easy,11,12:45:56,13:09:26,13:09:32,COMPLETED,27747.0,111.2,1410.41,1416.77
751,easy,11,12:46:01,13:09:39,13:09:52,COMPLETED,27777.0,226.7,1418.10,1431.22
510,hard,15,11:56:07,12:01:13,13:10:30,COMPLETED,28666.0,69290.8,306.77,4463.97
686,medium,13,12:42:21,13:04:16,13:10:50,COMPLETED,29154.0,6577.9,1315.05,1709.44
774,medium,14,12:37:23,12:57:36,13:12:07,COMPLETED,34173.0,14538.6,1213.07,2084.94
785,medium,14,12:45:43,13:07:45,13:12:53,COMPLETED,30607.0,5140.1,1322.25,1630.19
725,hard,15,12:01:48,12:07:34,13:14:36,COMPLETED,35494.0,67039.7,346.61,4368.69
790,easy,11,12:47:03,13:14:43,13:15:02,COMPLETED,28595.0,336.0,1660.27,1679.93
705,hard,15,12:27:37,12:43:55,13:16:38,COMPLETED,33196.0,32713.0,978.74,2941.29
699,medium,13,12:46:48,13:12:59,13:17:22,COMPLETED,32637.0,4391.1,1571.74,1834.84
789,hard,15,12:20:37,12:33:26,13:18:13,COMPLETED,32872.0,44782.5,769.81,3456.56
776,medium,13,12:47:59,13:17:29,13:18:26,COMPLETED,28208.0,955.1,1770.24,1827.24
719,easy,12,12:47:59,13:18:19,13:19:10,COMPLETED,25451.0,854.1,1820.88,1871.77
280,hard,15,09:05:37,09:05:38,13:22:48,COMPLETED,32810.0,257164.3,1.72,15431.53
806,medium,14,12:46:16,13:10:37,13:23:21,COMPLETED,30283.0,12733.3,1461.50,2225.02
840,easy,12,12:48:31,13:22:55,13:23:40,COMPLETED,29784.0,761.4,2064.06,2109.37
824,easy,12,12:49:11,13:23:46,13:24:19,COMPLETED,25517.0,551.2,2075.78,2108.35
702,hard,15,12:34:34,12:55:41,13:24:32,COMPLETED,30925.0,28861.1,1267.21,2998.49
823,easy,11,12:50:01,13:24:25,13:24:58,COMPLETED,27711.0,551.1,2064.90,2097.46
773,easy,12,12:50:36,13:25:05,13:25:30,COMPLETED,24232.0,435.6,2069.02,2094.80
692,medium,14,12:46:47,13:12:14,13:26:03,COMPLETED,29541.0,13821.1,1527.51,2356.34
843,easy,11,12:51:01,13:26:09,13:26:22,COMPLETED,25035.0,225.1,2108.88,2121.88
745,medium,14,12:45:16,13:06:54,13:27:01,COMPLETED,36220.0,20122.2,1298.68,2505.76
845,medium,14,12:46:12,13:09:58,13:27:39,COMPLETED,30146.0,17687.1,1426.74,2487.72
694,medium,14,12:48:11,13:19:17,13:27:39,COMPLETED,24617.0,8380.8,1866.16,2368.72
747,easy,12,12:52:11,13:27:46,13:28:05,COMPLETED,31126.0,321.6,2135.05,2154.05
697,hard,15,12:44:29,13:06:16,13:28:17,COMPLETED,33094.0,22021.1,1307.73,2628.74
760,easy,12,12:53:22,13:27:46,13:28:30,COMPLETED,28313.0,744.2,2064.05,2108.46
398,hard,15,10:06:47,10:06:51,13:30:36,COMPLETED,34853.0,203754.1,4.69,12229.89
768,easy,12,12:54:10,13:30:43,13:30:55,COMPLETED,29439.0,216.9,2193.22,2205.91
828,easy,12,12:53:54,13:28:24,13:31:08,COMPLETED,31563.0,2747.3,2070.07,2234.62
775,medium,14,12:54:05,13:28:36,13:31:08,COMPLETED,31502.0,2535.7,2071.79,2223.62
827,easy,11,12:54:24,13:31:02,13:31:14,COMPLETED,25468.0,217.5,2198.26,2210.95
822,medium,13,12:51:46,13:27:08,13:31:21,COMPLETED,34125.0,4226.3,2122.09,2375.34
819,easy,11,12:54:25,13:31:14,13:31:21,COMPLETED,28506.0,111.8,2209.95,2216.34
787,easy,11,12:54:46,13:31:21,13:31:27,COMPLETED,26387.0,112.5,2195.34,2201.72
755,easy,12,12:50:44,13:25:37,13:31:40,COMPLETED,39366.0,6060.8,2093.19,2456.49
771,easy,12,12:55:15,13:31:27,13:31:40,COMPLETED,22280.0,218.8,2172.72,2185.49
801,medium,13,12:47:48,13:16:44,13:32:57,COMPLETED,36086.0,16216.5,1736.62,2709.36
727,medium,13,12:56:13,13:31:34,13:34:27,COMPLETED,34011.0,2896.6,2121.13,2294.44
834,medium,14,12:53:33,13:28:11,13:34:33,COMPLETED,31828.0,6385.7,2078.38,2460.99
811,medium,14,12:51:31,13:26:29,13:35:51,COMPLETED,30249.0,9379.4,2098.43,2660.77
783,medium,13,12:58:16,13:34:40,13:37:09,COMPLETED,21448.0,2489.2,2184.61,2333.45
817,medium,14,12:40:02,13:01:05,13:37:29,COMPLETED,28722.0,36399.5,1263.45,3447.12
795,easy,12,12:58:20,13:35:58,13:37:35,COMPLETED,31074.0,1631.2,2258.27,2355.53
758,medium,13,12:58:25,13:37:16,13:38:07,COMPLETED,28349.0,867.2,2331.02,2382.76
761,easy,12,12:56:38,13:31:46,13:38:14,COMPLETED,31554.0,6458.3,2108.92,2496.10
688,medium,13,12:57:55,13:34:33,13:38:33,COMPLETED,27300.0,3991.2,2198.99,2438.17
796,easy,11,12:58:49,13:38:14,13:38:39,COMPLETED,28206.0,429.2,2365.10,2390.50
730,easy,11,12:59:35,13:38:39,13:39:11,COMPLETED,21813.0,533.1,2344.50,2376.19
766,medium,13,12:59:23,13:38:20,13:40:08,COMPLETED,26361.0,1798.9,2337.48,2445.10
923,easy,12,13:01:50,13:40:14,13:40:46,COMPLETED,20312.0,531.7,2304.45,2336.05
818,medium,13,12:55:13,13:31:27,13:40:58,COMPLETED,28816.0,9521.4,2174.72,2745.73
792,hard,15,12:04:54,12:11:48,13:41:05,COMPLETED,28928.0,89287.0,414.04,5771.06
915,easy,11,13:01:53,13:40:52,13:41:05,COMPLETED,23140.0,217.3,2339.38,2352.06
957,easy,11,13:01:55,13:41:05,13:41:11,COMPLETED,28688.0,113.8,2350.06,2356.44
986,easy,12,13:03:33,13:41:11,13:41:36,COMPLETED,29058.0,429.2,2258.44,2283.90
1013,easy,11,13:04:12,13:41:43,13:41:55,COMPLETED,18767.0,216.6,2251.22,2263.91
866,easy,12,13:04:03,13:41:17,13:42:08,COMPLETED,34108.0,849.4,2234.93,2285.60
782,medium,14,12:32:03,12:51:53,13:43:06,COMPLETED,34462.0,51220.5,1190.17,4263.05
336,hard,15,09:08:32,09:08:33,13:43:51,COMPLETED,43814.0,275301.8,1.23,16519.33
733,medium,14,12:37:47,12:58:01,13:44:04,COMPLETED,26885.0,46054.9,1214.49,3977.43
888,easy,11,13:06:44,13:43:57,13:44:43,COMPLETED,32908.0,764.7,2233.83,2279.22
912,easy,12,13:06:52,13:44:10,13:44:43,COMPLETED,30162.0,546.4,2238.98,2271.22
876,easy,11,13:07:39,13:44:49,13:44:56,COMPLETED,24542.0,116.3,2230.79,2237.52
956,easy,12,13:07:12,13:44:49,13:45:22,COMPLETED,27847.0,550.9,2257.79,2290.36
977,easy,12,13:07:40,13:45:02,13:45:41,COMPLETED,25926.0,654.3,2242.92,2281.76
610,hard,15,11:08:56,11:08:59,13:46:07,COMPLETED,34051.0,157134.4,3.52,9431.42
913,medium,13,13:07:41,13:45:48,13:46:13,COMPLETED,25196.0,439.6,2287.22,2312.99
868,easy,12,13:08:18,13:46:13,13:46:27,COMPLETED,28114.0,229.1,2275.99,2289.25
927,easy,11,13:08:46,13:46:20,13:47:06,COMPLETED,26592.0,765.9,2254.65,2300.31
857,medium,14,13:00:41,13:39:17,13:47:57,COMPLETED,29474.0,8678.3,2316.52,2836.91
700,hard,15,12:56:59,13:31:46,13:48:17,COMPLETED,32156.0,16511.4,2087.92,3078.41
919,medium,13,13:09:59,13:48:23,13:49:14,COMPLETED,22147.0,859.4,2304.74,2355.93
885,medium,14,13:00:25,13:38:45,13:49:21,COMPLETED,32025.0,10595.9,2300.89,2936.34
976,medium,13,13:09:11,13:46:33,13:50:05,COMPLETED,32166.0,3535.3,2242.79,2454.63
996,medium,13,13:09:12,13:47:12,13:50:24,COMPLETED,24891.0,3205.6,2280.64,2472.63
735,hard,15,12:58:49,13:37:42,13:50:56,COMPLETED,31206.0,13242.9,2333.20,3127.53
728,hard,15,12:26:36,12:39:22,13:51:21,COMPLETED,27974.0,71991.6,766.54,5085.85
990,easy,12,13:11:37,13:51:02,13:51:28,COMPLETED,21682.0,427.7,2365.86,2391.18
1002,easy,11,13:11:52,13:51:28,13:51:40,COMPLETED,19686.0,217.8,2376.18,2388.91
1007,easy,12,13:12:04,13:51:34,13:52:06,COMPLETED,31248.0,533.8,2370.55,2402.28
1019,easy,12,13:09:43,13:48:04,13:52:38,COMPLETED,23143.0,4566.6,2301.28,2575.01
856,easy,11,13:12:12,13:52:12,13:52:57,COMPLETED,33704.0,745.1,2400.61,2445.02
982,medium,13,13:12:07,13:51:47,13:53:03,COMPLETED,20414.0,1273.8,2380.28,2456.35
645,hard,15,11:25:35,11:26:09,13:53:47,COMPLETED,37710.0,147636.3,34.86,8892.85
726,hard,15,12:14:03,12:22:37,13:54:39,COMPLETED,41739.0,92032.1,514.97,6036.62
378,hard,15,10:00:09,10:00:13,13:54:59,COMPLETED,41791.0,234755.0,4.86,14090.12
813,hard,15,12:32:54,12:54:31,13:55:11,COMPLETED,31172.0,60677.8,1297.47,4937.82
995,easy,12,13:16:59,13:55:18,13:55:31,COMPLETED,25796.0,224.0,2299.38,2312.52
959,medium,13,13:11:28,13:50:31,13:55:44,COMPLETED,32413.0,5227.5,2343.03,2656.21
718,medium,14,12:00:09,12:05:52,13:55:50,COMPLETED,37865.0,109977.8,343.40,6941.78
903,easy,11,13:17:09,13:55:50,13:55:57,COMPLETED,30257.0,119.4,2321.78,2328.36
836,medium,14,12:54:25,13:31:14,13:56:17,COMPLETED,28395.0,25040.6,2209.95,3712.04
853,easy,12,13:15:13,13:55:05,13:56:23,COMPLETED,30220.0,1311.6,2392.46,2470.57
893,easy,12,13:17:21,13:55:57,13:58:00,COMPLETED,31623.0,2057.5,2316.36,2439.33
861,medium,13,13:15:06,13:53:54,13:58:13,COMPLETED,34755.0,4321.7,2328.45,2587.48
815,medium,14,12:46:36,13:10:56,13:58:19,COMPLETED,23456.0,47387.0,1460.81,4303.80
430,hard,15,10:38:18,10:38:22,13:58:39,COMPLETED,34331.0,200277.1,4.76,12021.30
901,easy,12,13:19:16,13:58:26,13:58:39,COMPLETED,26360.0,226.4,2350.18,2363.30
981,easy,12,13:18:40,13:58:06,13:58:58,COMPLETED,28843.0,871.6,2366.88,2418.70
875,easy,12,13:18:15,13:56:30,13:59:11,COMPLETED,30618.0,2701.9,2295.23,2456.85
877,medium,13,13:18:01,13:56:23,13:59:57,COMPLETED,30310.0,3568.6,2302.57,2516.41
892,easy,11,13:20:27,14:00:03,14:00:35,COMPLETED,31056.0,532.9,2376.74,2408.41
917,medium,13,13:14:00,13:53:03,14:01:07,COMPLETED,32067.0,8065.6,2343.35,2827.04
929,easy,12,13:19:42,13:58:45,14:01:13,COMPLETED,25950.0,2464.6,2343.79,2491.37
914,easy,11,13:20:44,14:01:13,14:01:19,COMPLETED,27131.0,112.4,2429.37,2435.75
880,easy,12,13:20:28,14:00:41,14:01:38,COMPLETED,23828.0,958.0,2413.74,2470.90
999,medium,13,13:20:51,14:01:19,14:03:20,COMPLETED,33185.0,2012.2,2428.75,2549.13
780,hard,15,12:37:53,12:58:14,14:03:32,COMPLETED,35943.0,65314.2,1221.24,5139.90
850,easy,11,13:22:03,14:03:26,14:03:39,COMPLETED,33820.0,218.4,2483.52,2496.25
1011,medium,13,13:17:53,13:56:04,14:04:04,COMPLETED,30870.0,8015.2,2291.00,2771.65
895,easy,11,13:23:14,14:04:10,14:04:17,COMPLETED,22027.0,111.5,2456.99,2463.35
400,hard,15,10:19:20,10:19:25,14:05:14,COMPLETED,27443.0,225815.8,5.38,13554.29
742,hard,15,12:50:27,13:24:39,14:05:39,COMPLETED,31993.0,41015.6,2052.03,4512.78
871,easy,11,13:24:23,14:05:46,14:05:58,COMPLETED,32854.0,218.3,2483.11,2495.85
954,easy,12,13:24:12,14:04:23,14:06:24,COMPLETED,29603.0,2016.7,2411.70,2532.41
882,easy,11,13:24:53,14:06:30,14:06:56,COMPLETED,27764.0,426.6,2497.74,2523.04
984,medium,13,13:25:02,14:07:02,14:08:49,COMPLETED,34808.0,1797.7,2520.36,2627.92
896,easy,12,13:24:43,14:06:05,14:09:46,COMPLETED,33601.0,3697.5,2482.24,2703.80
788,medium,14,12:39:55,13:00:27,14:11:29,COMPLETED,28853.0,71036.1,1232.41,5494.38
858,hard,15,13:03:54,13:41:11,14:12:14,COMPLETED,34582.0,31057.4,2237.44,4100.73
381,hard,15,10:05:37,10:05:41,14:13:31,COMPLETED,34796.0,247823.9,4.76,14874.16
979,medium,13,13:25:40,14:11:35,14:13:50,COMPLETED,36394.0,2246.2,2755.74,2890.22
151,hard,15,08:57:57,08:58:01,14:14:09,COMPLETED,33891.0,316127.0,4.62,18972.22
932,medium,13,13:13:03,13:52:44,14:14:15,COMPLETED,33377.0,21524.5,2381.34,3672.55
864,medium,13,13:25:43,14:12:21,14:14:40,COMPLETED,27588.0,2335.4,2798.08,2937.92
1003,medium,13,13:25:32,14:09:53,14:17:06,COMPLETED,33584.0,7224.4,2661.13,3094.29
974,easy,12,13:27:33,14:17:12,14:17:38,COMPLETED,29233.0,427.8,2979.64,3005.01
1015,medium,13,13:20:14,13:59:05,14:19:46,COMPLETED,42795.0,20690.4,2331.24,3572.42
855,medium,14,13:14:26,13:53:09,14:19:52,COMPLETED,31594.0,26724.8,2323.75,3926.76
865,easy,11,13:29:07,14:19:59,14:20:18,COMPLETED,30436.0,333.4,3052.42,3071.92
960,easy,11,13:29:19,14:20:25,14:20:32,COMPLETED,29209.0,118.2,3066.47,3073.07
978,medium,14,13:07:41,13:45:28,14:22:09,COMPLETED,34972.0,36686.4,2267.90,4468.75
211,hard,15,09:24:34,09:24:38,14:22:48,COMPLETED,30501.0,298162.0,4.77,17894.47
380,hard,15,10:59:27,10:59:28,14:23:20,COMPLETED,27881.0,203867.5,1.77,12233.71
1012,easy,11,13:29:54,14:23:27,14:23:53,COMPLETED,28244.0,440.7,3213.31,3239.46
953,easy,11,13:29:58,14:23:59,14:24:12,COMPLETED,25849.0,226.8,3241.78,3254.90
971,medium,13,13:29:40,14:22:16,14:25:10,COMPLETED,31152.0,2904.3,3156.30,3330.20
564,hard,15,11:49:53,11:51:40,14:25:22,COMPLETED,31204.0,153710.0,107.49,9329.99
605,hard,15,11:01:51,11:01:54,14:27:10,COMPLETED,30865.0,205275.5,3.18,12319.63
943,easy,11,13:33:13,14:27:16,14:27:29,COMPLETED,28863.0,216.4,3243.99,3256.66
899,easy,12,13:31:32,14:24:19,14:28:07,COMPLETED,31699.0,3809.3,3167.43,3395.70
1010,hard,15,13:10:51,13:49:21,14:29:23,COMPLETED,34621.0,40047.2,2310.34,4712.83
1009,medium,13,13:21:50,14:01:45,14:29:43,COMPLETED,31754.0,27977.1,2395.27,4073.68
869,easy,11,13:33:37,14:29:30,14:29:43,COMPLETED,30627.0,224.8,3353.50,3366.68
852,medium,13,13:33:24,14:28:14,14:29:50,COMPLETED,28537.0,1610.6,3290.03,3386.01
894,easy,12,13:34:09,14:29:50,14:30:16,COMPLETED,28293.0,443.4,3341.01,3367.32
878,easy,12,13:34:56,14:29:56,14:30:35,COMPLETED,27469.0,660.1,3300.72,3339.84
934,easy,12,13:35:26,14:30:22,14:30:55,COMPLETED,28469.0,549.0,3296.66,3329.10
1014,easy,11,13:35:44,14:31:01,14:31:21,COMPLETED,29102.0,332.0,3317.65,3337.27
897,medium,13,13:33:21,14:27:35,14:31:34,COMPLETED,31137.0,3978.2,3254.99,3493.19
931,easy,11,13:35:48,14:31:27,14:31:40,COMPLETED,24844.0,228.8,3339.59,3352.75
928,medium,14,13:19:21,13:58:45,14:32:19,COMPLETED,33955.0,33568.2,2364.79,4378.67
945,easy,11,13:36:07,14:31:47,14:32:19,COMPLETED,27540.0,543.5,3340.38,3372.67
970,medium,14,13:27:44,14:17:44,14:33:04,COMPLETED,31772.0,15333.8,3000.33,3920.10
983,medium,13,13:35:32,14:30:42,14:33:42,COMPLETED,31302.0,3017.1,3310.38,3490.94
867,medium,14,13:29:44,14:22:54,14:33:49,COMPLETED,31835.0,10920.2,3190.79,3845.47
936,easy,11,13:37:53,14:33:56,14:34:02,COMPLETED,26058.0,111.1,3363.11,3369.47
909,medium,14,13:36:28,14:33:10,14:34:21,COMPLETED,26328.0,1200.9,3402.43,3473.98
904,medium,13,13:34:54,14:29:50,14:35:58,COMPLETED,32928.0,6148.1,3296.01,3664.71
907,easy,11,13:39:00,14:36:05,14:36:24,COMPLETED,28275.0,321.9,3425.05,3444.05
898,easy,12,13:38:48,14:34:28,14:37:14,COMPLETED,27174.0,2772.8,3340.55,3506.61
937,easy,11,13:40:11,14:37:20,14:37:27,COMPLETED,32919.0,111.1,3429.95,3436.31
998,medium,14,13:25:47,14:13:56,14:37:39,COMPLETED,31172.0,23728.1,2889.55,4313.00
507,hard,15,10:44:32,10:44:34,14:38:05,COMPLETED,43521.0,233520.4,2.13,14013.31
859,easy,12,13:40:21,14:37:33,14:38:55,COMPLETED,27061.0,1375.2,3432.64,3514.85
709,hard,15,12:06:49,12:15:09,14:39:21,COMPLETED,34185.0,144203.6,500.05,9152.17
1004,easy,11,13:40:48,14:39:02,14:39:33,COMPLETED,26631.0,534.1,3494.19,3525.87
993,easy,12,13:41:18,14:39:27,14:40:18,COMPLETED,32072.0,852.4,3489.50,3540.35
965,easy,12,13:41:27,14:39:40,14:40:44,COMPLETED,28034.0,1071.5,3493.27,3557.04
967,medium,13,13:41:59,14:40:24,14:40:50,COMPLETED,31612.0,442.1,3505.68,3531.61
963,easy,12,13:43:11,14:40:50,14:41:23,COMPLETED,34419.0,548.0,3459.61,3492.04
1006,easy,11,13:43:40,14:41:29,14:41:42,COMPLETED,27128.0,223.6,3469.54,3482.47
873,medium,14,13:26:21,14:14:15,14:42:08,COMPLETED,27715.0,27885.4,2874.55,4547.29
874,medium,13,13:43:44,14:41:48,14:42:53,COMPLETED,28947.0,1087.7,3485.00,3549.96
991,hard,15,13:25:46,14:13:37,14:43:19,COMPLETED,31809.0,29710.3,2871.49,4653.73
883,easy,11,13:45:03,14:43:00,14:43:19,COMPLETED,31161.0,333.0,3477.29,3496.73
905,easy,11,13:45:09,14:43:26,14:43:39,COMPLETED,21020.0,223.9,3497.31,3510.33
908,medium,14,13:29:27,14:20:38,14:44:31,COMPLETED,28933.0,23887.1,3071.60,4504.55
924,medium,13,13:45:00,14:42:14,14:47:31,COMPLETED,33067.0,5281.2,3434.86,3751.44
922,hard,15,13:28:37,14:19:52,14:49:38,COMPLETED,29521.0,29763.8,3075.76,4861.35
1000,medium,14,13:32:19,14:25:29,14:50:41,COMPLETED,37032.0,25210.2,3190.38,4702.75
925,medium,14,13:32:18,14:25:16,14:50:54,COMPLETED,36368.0,25634.3,3178.62,4716.44
674,hard,15,11:40:03,11:40:06,14:51:58,COMPLETED,31669.0,191868.8,3.10,11515.21
972,medium,13,13:43:28,14:40:57,14:51:58,COMPLETED,35053.0,11024.6,3449.25,4110.21
938,easy,11,13:48:09,14:52:04,14:52:11,COMPLETED,27408.0,120.2,3835.83,3842.54
720,medium,14,12:57:46,13:33:03,14:52:31,COMPLETED,32382.0,79463.2,2117.69,6885.21
980,easy,11,13:48:42,14:52:18,14:52:50,COMPLETED,26068.0,548.8,3816.10,3848.73
870,medium,13,13:48:04,14:50:48,14:52:57,COMPLETED,31007.0,2158.8,3764.08,3893.05
940,easy,12,13:48:17,14:52:04,14:53:03,COMPLETED,25541.0,984.6,3827.83,3886.68
964,easy,11,13:49:02,14:52:57,14:53:03,COMPLETED,22854.0,116.1,3835.05,3841.68
969,medium,13,13:46:10,14:47:37,14:53:10,COMPLETED,33546.0,5543.7,3687.77,4020.05
941,easy,12,13:48:51,14:52:37,14:53:16,COMPLETED,27420.0,655.5,3826.78,3865.45
992,medium,13,13:48:09,14:51:00,14:53:23,COMPLETED,29572.0,2384.9,3771.77,3914.19
884,easy,11,13:49:25,14:53:10,14:53:29,COMPLETED,36125.0,340.4,3825.05,3844.95
930,easy,11,13:50:48,14:53:36,14:53:43,COMPLETED,28279.0,118.8,3768.58,3775.21
973,easy,12,13:50:32,14:53:29,14:53:56,COMPLETED,21172.0,447.0,3777.95,3804.29
933,easy,11,13:51:32,14:53:49,14:53:56,COMPLETED,20161.0,117.5,3737.75,3744.29
366,hard,15,10:55:10,10:55:12,14:54:28,COMPLETED,29697.0,239275.1,2.32,14358.87
948,easy,12,13:49:25,14:53:16,14:55:20,COMPLETED,30627.0,2075.6,3831.45,3955.51
1008,medium,13,13:45:05,14:43:26,14:55:27,COMPLETED,28916.0,12020.7,3501.31,4222.05
926,easy,11,13:52:35,14:55:27,14:55:33,COMPLETED,24019.0,120.6,3772.05,3778.67
872,medium,13,13:49:57,14:53:23,14:55:40,COMPLETED,29807.0,2294.9,3806.19,3943.35
906,easy,11,13:52:55,14:55:40,14:55:46,COMPLETED,22210.0,120.7,3765.35,3771.98
920,medium,14,13:47:25,14:49:44,14:55:53,COMPLETED,37166.0,6158.1,3739.69,4108.66
1016,easy,11,13:54:24,14:56:00,14:56:06,COMPLETED,29810.0,115.1,3696.28,3702.88
1005,easy,11,13:52:51,14:55:33,14:56:19,COMPLETED,26947.0,769.4,3762.67,3808.56
942,easy,12,13:54:50,14:56:13,14:56:45,COMPLETED,27556.0,546.0,3683.21,3715.42
886,easy,11,13:55:04,14:56:52,14:57:18,COMPLETED,28358.0,444.8,3708.02,3734.15
962,hard,15,13:22:07,14:03:39,14:59:18,COMPLETED,30849.0,55662.4,2492.25,5831.79
947,medium,13,13:55:01,14:56:25,15:01:06,COMPLETED,34020.0,4685.1,3684.88,3965.67
946,medium,13,13:49:12,14:53:10,15:02:28,COMPLETED,31297.0,9320.7,3838.05,4396.99
952,easy,11,13:56:21,15:02:35,15:03:14,COMPLETED,28552.0,654.5,3974.40,4013.16
988,medium,14,13:11:13,13:50:11,15:04:06,COMPLETED,34504.0,73906.6,2338.95,6773.03
987,medium,14,13:22:33,14:03:45,15:04:19,COMPLETED,28069.0,60562.8,2472.66,6106.24
1018,easy,11,13:57:39,15:04:12,15:04:19,COMPLETED,27612.0,115.5,3993.62,4000.24
989,easy,12,13:56:37,15:03:20,15:04:58,COMPLETED,37982.0,1630.6,4003.71,4101.00
910,easy,11,13:59:27,15:05:04,15:05:11,COMPLETED,27465.0,118.6,3937.61,3944.22
916,medium,14,13:11:02,13:49:27,15:06:15,COMPLETED,35351.0,76802.4,2305.71,6913.59
862,medium,14,13:21:01,14:01:26,15:06:22,COMPLETED,41090.0,64939.8,2425.15,6321.13
889,medium,14,13:55:17,15:01:13,15:06:22,COMPLETED,25297.0,5161.8,3956.03,4265.13
951,medium,14,13:36:03,14:31:40,15:06:28,COMPLETED,29537.0,34810.0,3337.75,5425.81
911,easy,12,13:57:58,15:04:25,15:06:35,COMPLETED,25777.0,2176.5,3987.57,4117.57
1167,easy,12,14:01:10,15:06:28,15:06:42,COMPLETED,27070.0,232.8,3918.81,3932.27
851,medium,14,13:40:24,14:37:46,15:06:48,COMPLETED,32648.0,29050.9,3442.32,5184.93
1155,easy,12,14:02:05,15:06:55,15:07:02,COMPLETED,28609.0,116.1,3890.56,3897.22
1033,easy,12,14:00:37,15:06:28,15:07:08,COMPLETED,25764.0,672.3,3951.81,3991.55
1085,medium,13,14:01:14,15:06:35,15:07:08,COMPLETED,28129.0,560.3,3921.57,3954.55
1047,easy,11,14:01:51,15:06:48,15:07:15,COMPLETED,29426.0,449.8,3897.93,3924.26
854,medium,13,13:55:15,14:59:25,15:07:41,COMPLETED,28048.0,8272.1,3850.13,4346.20
1026,easy,12,14:02:15,15:07:15,15:08:25,COMPLETED,32692.0,1182.6,3900.26,3970.92
1176,medium,13,14:01:34,15:06:42,15:08:44,COMPLETED,32800.0,2050.6,3908.27,4030.97
1038,easy,11,14:03:26,15:08:32,15:08:51,COMPLETED,24459.0,324.3,3906.26,3925.37
1098,easy,11,14:04:41,15:08:57,15:09:04,COMPLETED,21899.0,111.9,3856.75,3863.10
1037,medium,14,14:02:20,15:07:15,15:09:35,COMPLETED,26582.0,2348.0,3895.26,4035.96
1184,easy,11,14:05:10,15:09:42,15:09:54,COMPLETED,24853.0,217.0,3872.29,3884.97
900,medium,14,13:51:47,14:54:02,15:11:04,COMPLETED,27023.0,17031.4,3735.85,4757.58
975,hard,15,13:39:04,14:36:30,15:11:29,COMPLETED,32127.0,34996.0,3446.39,5545.94
1066,easy,11,14:05:42,15:11:10,15:11:29,COMPLETED,26600.0,322.3,3928.91,3947.94
1115,easy,12,14:04:23,15:08:51,15:11:42,COMPLETED,30563.0,2860.0,3868.37,4039.66
1144,hard,15,14:04:42,15:09:10,15:11:55,COMPLETED,27835.0,2754.7,3868.49,4033.46
1173,easy,12,14:06:27,15:11:36,15:12:01,COMPLETED,24502.0,431.1,3909.27,3934.81
1107,easy,12,14:06:28,15:11:36,15:12:20,COMPLETED,26451.0,747.2,3908.27,3952.83
1146,easy,12,14:08:09,15:12:08,15:12:27,COMPLETED,31418.0,322.7,3839.18,3858.19
1132,medium,14,14:05:32,15:10:01,15:12:33,COMPLETED,28234.0,2542.8,3869.33,4021.57
1089,easy,12,14:08:27,15:12:27,15:12:52,COMPLETED,22561.0,431.4,3840.19,3865.72
1122,easy,11,14:09:10,15:12:39,15:12:59,COMPLETED,20751.0,325.9,3809.94,3829.11
1108,easy,11,14:09:33,15:13:05,15:13:11,COMPLETED,22169.0,111.4,3812.53,3818.89
879,hard,15,13:19:07,13:58:19,15:14:40,COMPLETED,31764.0,76351.3,2352.80,6933.70
1106,medium,14,14:07:34,15:12:01,15:15:50,COMPLETED,32682.0,3811.5,3867.81,4096.22
958,medium,14,13:26:49,14:14:21,15:16:15,COMPLETED,40931.0,61896.5,2852.92,6566.53
1116,easy,12,14:09:53,15:15:56,15:16:21,COMPLETED,24058.0,427.5,3963.55,3988.86
944,hard,15,13:45:30,14:43:45,15:17:25,COMPLETED,37150.0,33660.2,3495.87,5515.28
1041,easy,11,14:12:02,15:17:31,15:17:44,COMPLETED,23089.0,216.0,3929.61,3942.27
1138,medium,13,14:07:12,15:11:49,15:18:15,COMPLETED,34367.0,6453.4,3877.01,4263.94
1165,easy,11,14:12:18,15:18:22,15:18:28,COMPLETED,28264.0,111.1,3964.27,3970.63
805,hard,15,12:24:02,12:34:50,15:20:36,COMPLETED,30581.0,165766.8,648.44,10594.28
1035,easy,12,14:13:07,15:20:42,15:22:31,COMPLETED,31043.0,1815.0,4055.82,4164.42
1017,hard,15,13:20:15,13:59:18,15:22:56,COMPLETED,35521.0,83641.2,2343.42,7361.73
939,medium,14,13:55:14,14:57:24,15:23:03,COMPLETED,33415.0,25643.1,3730.76,5269.07
1059,easy,11,14:13:19,15:22:37,15:23:03,COMPLETED,23081.0,428.1,4158.74,4184.07
1185,easy,11,14:14:52,15:23:09,15:23:15,COMPLETED,25254.0,111.3,4097.45,4103.84
1093,medium,14,14:09:25,15:12:59,15:24:31,COMPLETED,26644.0,11550.7,3814.11,4506.85
1126,easy,11,14:15:16,15:24:38,15:24:44,COMPLETED,26671.0,111.3,4162.23,4168.60
1027,easy,12,14:15:44,15:24:50,15:25:03,COMPLETED,29460.0,216.3,4146.94,4159.60
1111,easy,11,14:16:31,15:25:09,15:25:22,COMPLETED,24432.0,218.2,4118.94,4131.71
1178,medium,14,14:09:48,15:14:47,15:25:35,COMPLETED,26770.0,10812.7,3899.04,4547.50
1133,medium,13,14:16:51,15:25:29,15:28:35,COMPLETED,24281.0,3112.1,4118.06,4304.29
1020,easy,12,14:17:08,15:28:41,15:29:33,COMPLETED,27907.0,869.4,4293.83,4345.49
1145,medium,14,14:12:10,15:17:50,15:31:55,COMPLETED,33045.0,14090.2,3940.59,4785.54
997,hard,15,13:46:01,14:44:37,15:32:02,COMPLETED,32471.0,47409.7,3516.94,6361.10
1048,easy,11,14:18:13,15:32:08,15:32:15,COMPLETED,20348.0,118.6,4435.73,4442.36
1162,easy,11,14:17:53,15:32:02,15:32:21,COMPLETED,30536.0,338.6,4449.10,4468.89
921,hard,15,13:49:03,14:53:03,15:32:28,COMPLETED,29922.0,39417.7,3840.68,6205.47
1136,easy,11,14:19:53,15:32:34,15:33:06,COMPLETED,21457.0,532.8,4361.90,4393.50
1074,easy,11,14:20:10,15:33:12,15:33:19,COMPLETED,28381.0,111.2,4382.89,4389.26
1079,easy,11,14:20:39,15:33:25,15:33:31,COMPLETED,32471.0,111.3,4366.59,4372.97
1039,medium,13,14:18:56,15:32:21,15:35:00,COMPLETED,29002.0,2651.4,4405.89,4564.63
1084,easy,11,14:21:28,15:35:07,15:35:13,COMPLETED,26826.0,112.1,4419.01,4425.39
1120,medium,14,14:15:02,15:23:09,15:35:38,COMPLETED,35272.0,12492.5,4087.45,4836.77
1069,medium,13,14:21:23,15:33:38,15:35:38,COMPLETED,24122.0,2013.2,4335.29,4455.77
1150,easy,11,14:21:49,15:35:19,15:35:38,COMPLETED,27848.0,322.1,4410.77,4429.77
1071,medium,14,14:15:13,15:23:22,15:35:45,COMPLETED,24522.0,12388.6,4089.17,4832.11
383,hard,15,10:27:56,10:27:56,15:36:04,COMPLETED,38102.0,308121.6,0.99,18488.26
1101,easy,11,14:23:58,15:35:51,15:36:10,COMPLETED,28326.0,323.3,4313.54,4332.58
65,hard,15,08:38:25,08:38:27,15:36:42,COMPLETED,34314.0,418245.4,2.55,25097.25
1113,easy,12,14:23:04,15:35:45,15:37:13,COMPLETED,26497.0,1483.0,4361.11,4449.87
1154,medium,13,14:24:05,15:36:16,15:37:32,COMPLETED,26924.0,1271.6,4331.97,4407.97
1055,medium,14,14:13:40,15:23:03,15:38:43,COMPLETED,28569.0,15682.1,4163.07,5103.55
1073,medium,13,14:25:15,15:36:48,15:38:43,COMPLETED,26228.0,1925.1,4293.59,4408.55
1103,easy,11,14:25:51,15:37:20,15:39:35,COMPLETED,32224.0,2256.4,4289.20,4424.31
779,hard,15,12:48:06,13:18:32,15:39:48,COMPLETED,32670.0,141264.8,1826.58,10302.27
1070,easy,11,14:26:46,15:39:41,15:39:48,COMPLETED,24610.0,119.8,4375.63,4382.27
950,medium,14,13:15:11,13:54:46,15:39:54,COMPLETED,36966.0,105151.5,2375.17,8683.86
1060,easy,11,14:26:58,15:39:54,15:40:08,COMPLETED,23733.0,230.1,4376.86,4390.17
1142,easy,11,14:27:07,15:39:54,15:40:08,COMPLETED,24441.0,229.3,4367.86,4381.17
1148,easy,12,14:27:24,15:40:01,15:40:21,COMPLETED,25970.0,336.4,4357.58,4377.44
1151,easy,11,14:28:10,15:40:14,15:40:21,COMPLETED,23698.0,117.3,4324.75,4331.44
1072,easy,12,14:28:29,15:40:14,15:40:34,COMPLETED,26849.0,335.5,4305.75,4325.49
1032,easy,12,14:26:26,15:38:50,15:40:47,COMPLETED,33546.0,1962.1,4344.16,4461.39
1109,medium,13,14:26:29,15:38:50,15:41:32,COMPLETED,34581.0,2713.9,4341.16,4503.61
644,medium,14,11:47:04,11:47:07,15:41:39,COMPLETED,38328.0,234534.2,3.31,14075.16
1119,easy,12,14:29:31,15:41:45,15:42:18,COMPLETED,26291.0,552.5,4334.83,4367.45
1102,hard,15,14:00:03,15:05:17,15:42:25,COMPLETED,25821.0,37126.3,3914.77,6142.02
902,medium,14,13:52:11,14:54:35,15:42:31,COMPLETED,28765.0,47941.2,3744.24,6620.49
1149,easy,11,14:29:34,15:42:25,15:42:44,COMPLETED,28423.0,329.2,4371.02,4390.48
1080,easy,12,14:30:24,15:42:31,15:42:44,COMPLETED,27262.0,221.6,4327.49,4340.48
1124,easy,11,14:31:27,15:42:50,15:43:04,COMPLETED,26331.0,228.6,4283.82,4297.04
527,hard,15,11:43:01,11:43:06,15:43:10,COMPLETED,34651.0,240076.6,5.17,14409.59
1174,easy,11,14:31:46,15:43:10,15:43:17,COMPLETED,22691.0,121.9,4284.59,4291.24
1044,easy,11,14:31:57,15:43:23,15:43:43,COMPLETED,27213.0,335.7,4286.96,4306.61
1158,easy,11,14:32:13,15:43:50,15:44:03,COMPLETED,21037.0,222.5,4297.15,4310.06
1049,medium,14,14:31:23,15:42:37,15:45:00,COMPLETED,32315.0,2375.9,4274.87,4417.14
1025,hard,15,14:17:29,15:29:40,15:46:16,COMPLETED,36401.0,16608.6,4331.04,5327.27
966,hard,15,13:53:29,14:55:46,15:48:04,COMPLETED,31738.0,52289.9,3737.98,6875.20
1083,medium,13,14:29:16,15:41:39,15:48:23,COMPLETED,29554.0,6738.5,4343.16,4747.20
1057,easy,11,14:33:17,15:48:10,15:48:23,COMPLETED,23897.0,216.5,4493.52,4506.20
1096,easy,12,14:33:15,15:46:22,15:48:42,COMPLETED,27265.0,2331.2,4387.66,4527.24
649,medium,14,11:10:42,11:11:44,15:49:20,COMPLETED,35407.0,277609.3,62.30,16718.75
1065,medium,14,14:22:22,15:35:45,15:49:20,COMPLETED,30738.0,13602.4,4403.11,5218.75
1188,easy,12,14:34:54,15:48:48,15:49:40,COMPLETED,25422.0,876.6,4434.57,4486.69
1152,medium,13,14:28:42,15:40:27,15:50:26,COMPLETED,28647.0,9980.3,4305.82,4904.23
1143,medium,14,14:32:45,15:45:06,15:50:26,COMPLETED,27164.0,5337.7,4341.47,4661.23
1159,medium,14,14:31:55,15:43:17,15:50:32,COMPLETED,27978.0,7270.4,4282.24,4717.82
1076,easy,11,14:36:46,15:50:32,15:50:39,COMPLETED,20379.0,116.9,4426.82,4433.58
1182,easy,12,14:36:37,15:50:32,15:50:58,COMPLETED,24480.0,438.5,4435.82,4461.63
1164,hard,15,14:31:28,15:42:50,15:51:11,COMPLETED,25588.0,8356.1,4282.82,4783.82
1163,medium,13,14:34:48,15:48:29,15:51:57,COMPLETED,30333.0,3469.5,4421.54,4629.30
1121,medium,13,14:36:06,15:49:27,15:52:10,COMPLETED,32295.0,2723.7,4401.44,4564.49
1169,easy,11,14:39:26,15:52:03,15:52:17,COMPLETED,22629.0,225.8,4357.85,4371.05
1086,easy,11,14:40:43,15:52:23,15:52:36,COMPLETED,22789.0,220.8,4300.43,4313.16
1186,easy,11,14:40:44,15:52:42,15:53:08,COMPLETED,26232.0,443.4,4318.71,4344.81
935,hard,15,13:17:08,13:55:37,15:53:54,COMPLETED,36515.0,118282.4,2309.85,9406.67
1183,medium,14,14:39:12,15:51:18,15:55:18,COMPLETED,27256.0,4008.3,4326.38,4566.56
1161,easy,11,14:42:51,15:55:24,15:55:37,COMPLETED,21960.0,216.7,4353.92,4366.61
860,hard,15,13:06:09,13:43:12,15:56:40,COMPLETED,38411.0,133472.6,2223.58,10231.81
1094,medium,14,14:24:01,15:36:10,15:57:18,COMPLETED,33057.0,21140.2,4329.58,5597.77
968,medium,13,13:05:43,13:42:14,15:57:37,COMPLETED,30431.0,135384.5,2191.93,10314.85
1099,easy,11,14:44:41,15:57:25,15:57:37,COMPLETED,24659.0,218.5,4364.10,4376.85
1061,medium,14,14:39:02,15:51:05,15:59:00,COMPLETED,26681.0,7920.5,4323.19,4798.15
881,hard,15,13:36:14,14:32:26,15:59:06,COMPLETED,36815.0,86677.6,3372.01,8572.48
1021,medium,13,14:35:43,15:49:27,15:59:25,COMPLETED,30728.0,9973.1,4424.44,5022.57
1051,medium,13,14:29:04,15:40:53,16:00:28,COMPLETED,35423.0,19588.3,4309.96,5484.88
1112,medium,13,14:36:54,15:50:39,16:00:28,COMPLETED,37882.0,9829.0,4425.58,5014.88
1088,medium,13,14:45:09,15:57:44,16:00:28,COMPLETED,26841.0,2752.3,4355.24,4519.88
1147,easy,12,14:45:42,15:59:31,16:00:54,COMPLETED,33232.0,1389.4,4429.93,4512.88
1024,easy,12,14:43:31,15:56:47,16:01:53,COMPLETED,35495.0,5106.5,4396.15,4702.27
1117,easy,12,14:47:09,16:01:01,16:01:59,COMPLETED,26589.0,976.3,4432.35,4490.59
1056,hard,15,14:02:12,15:07:08,16:02:31,COMPLETED,27649.0,55393.7,3896.55,7219.89
1141,medium,14,14:42:20,15:53:15,16:05:00,COMPLETED,34957.0,11762.6,4255.36,4960.69
664,hard,15,11:52:28,11:55:04,16:07:09,COMPLETED,40268.0,252071.5,156.92,15281.15
1043,medium,14,14:48:04,16:05:07,16:07:34,COMPLETED,31515.0,2461.6,4623.26,4770.66
1063,hard,15,14:10:18,15:16:28,16:07:59,COMPLETED,36119.0,51532.6,3970.23,7061.99
1127,medium,13,14:49:15,16:07:40,16:08:44,COMPLETED,23252.0,1059.1,4705.99,4769.24
1062,medium,14,14:43:20,15:55:43,16:08:50,COMPLETED,40406.0,13115.4,4343.94,5130.57
1157,hard,15,14:28:51,15:40:27,16:09:03,COMPLETED,30753.0,28593.3,4296.82,6012.30
1105,easy,12,14:49:46,16:08:50,16:09:09,COMPLETED,25171.0,323.3,4744.57,4763.63
1123,easy,11,14:49:56,16:08:56,16:09:28,COMPLETED,30439.0,534.4,4740.95,4772.72
1125,easy,12,14:49:46,16:08:06,16:09:54,COMPLETED,29273.0,1800.6,4700.33,4808.05
1050,hard,15,14:09:42,15:13:18,16:10:00,COMPLETED,35726.0,56706.6,3816.24,7218.41
1046,easy,11,14:51:08,16:10:00,16:10:06,COMPLETED,26208.0,112.5,4732.41,4738.80
1181,medium,14,14:50:07,16:09:09,16:10:25,COMPLETED,30743.0,1275.1,4742.63,4818.85
1160,easy,12,14:50:27,16:09:16,16:10:32,COMPLETED,29627.0,1275.1,4729.00,4805.18
1075,easy,12,14:51:40,16:10:06,16:10:38,COMPLETED,26090.0,534.7,4706.80,4738.55
1040,easy,12,14:52:02,16:10:38,16:11:55,COMPLETED,31251.0,1283.8,4716.55,4793.07
567,hard,15,11:08:16,11:08:20,16:12:01,COMPLETED,35880.0,303694.6,4.10,18225.63
1100,medium,14,14:32:26,15:44:09,16:12:08,COMPLETED,34086.0,27985.8,4303.53,5982.25
1036,hard,15,14:46:44,16:00:35,16:12:59,COMPLETED,23751.0,12404.0,4431.44,5175.59
1168,easy,11,14:52:07,16:12:01,16:12:59,COMPLETED,37011.0,971.1,4794.63,4852.59
1140,medium,14,14:46:38,16:00:35,16:13:18,COMPLETED,32491.0,12722.8,4437.44,5200.63
1028,easy,11,14:53:19,16:13:05,16:13:18,COMPLETED,33484.0,216.5,4786.93,4799.63
1042,easy,11,14:53:19,16:13:05,16:13:24,COMPLETED,19936.0,325.1,4786.93,4805.98
1067,easy,12,14:52:50,16:12:08,16:14:03,COMPLETED,32700.0,1920.5,4758.25,4873.14
1110,easy,11,14:53:45,16:14:09,16:14:15,COMPLETED,24716.0,111.2,4824.53,4830.89
1139,easy,11,14:54:15,16:14:22,16:14:35,COMPLETED,29751.0,222.8,4807.23,4820.09
1091,easy,12,14:52:55,16:12:14,16:14:41,COMPLETED,28082.0,2453.0,4759.87,4906.63
1090,easy,12,14:55:22,16:14:48,16:15:39,COMPLETED,32792.0,863.6,4766.12,4817.64
1077,easy,11,14:54:19,16:14:41,16:16:18,COMPLETED,33147.0,1617.6,4822.63,4919.19
1171,easy,12,14:55:57,16:16:24,16:16:44,COMPLETED,24919.0,332.8,4827.74,4847.21
949,hard,15,13:58:46,15:04:25,16:16:50,COMPLETED,33178.0,72425.2,3939.57,8284.75
1052,easy,11,14:56:32,16:16:57,16:17:16,COMPLETED,29461.0,330.6,4825.42,4844.96
1156,medium,13,14:47:57,16:02:38,16:17:23,COMPLETED,36043.0,14753.5,4481.44,5366.28
1087,easy,11,14:56:46,16:17:29,16:17:42,COMPLETED,30774.0,218.1,4843.75,4856.48
1078,medium,14,14:49:00,16:07:15,16:19:17,COMPLETED,30831.0,12040.1,4695.52,5417.67
1030,easy,12,14:57:34,16:17:48,16:19:36,COMPLETED,38858.0,1801.9,4814.87,4922.69
1034,easy,11,14:58:26,16:19:24,16:20:01,COMPLETED,32260.0,638.1,4858.00,4895.98
1022,medium,14,14:55:29,16:15:45,16:20:27,COMPLETED,35180.0,4693.8,4816.96,5098.30
1114,easy,11,14:59:04,16:20:08,16:20:33,COMPLETED,30368.0,427.5,4864.32,4889.63
1128,medium,14,14:56:39,16:17:23,16:21:36,COMPLETED,25045.0,4231.1,4844.28,5097.86
1064,medium,14,14:56:14,16:16:50,16:21:43,COMPLETED,31054.0,4880.4,4836.75,5129.19
1312,easy,11,15:00:27,16:21:49,16:21:56,COMPLETED,27827.0,112.9,4882.63,4889.07
1271,easy,11,15:00:30,16:22:02,16:22:15,COMPLETED,25525.0,218.1,4892.43,4905.18
1215,easy,11,15:01:00,16:22:21,16:22:27,COMPLETED,34778.0,112.3,4881.54,4887.92
1082,medium,13,14:59:50,16:20:33,16:22:34,COMPLETED,28723.0,2017.2,4843.63,4964.32
76,hard,15,08:28:06,08:28:07,16:22:53,COMPLETED,34223.0,474766.3,1.43,28487.43
1129,hard,15,14:12:46,15:18:34,16:23:12,COMPLETED,28913.0,64629.3,3948.96,7826.55
1261,medium,13,15:02:37,16:22:59,16:24:22,COMPLETED,28331.0,1376.6,4822.76,4905.07
1289,medium,14,15:00:00,16:20:39,16:25:31,COMPLETED,28033.0,4867.5,4840.00,5131.74
1293,easy,11,15:03:28,16:24:28,16:25:31,COMPLETED,28823.0,1061.7,4860.39,4923.74
1263,easy,11,15:03:34,16:25:38,16:25:50,COMPLETED,23671.0,219.2,4924.12,4936.90
1153,medium,14,14:26:15,15:37:39,16:26:03,COMPLETED,26949.0,48410.4,4284.30,7188.73
1331,easy,11,15:04:06,16:25:57,16:26:03,COMPLETED,25262.0,112.4,4911.31,4917.73
1172,medium,14,14:51:54,16:10:13,16:26:16,COMPLETED,33023.0,16058.6,4699.19,5662.46
1346,easy,12,15:04:06,16:26:10,16:27:07,COMPLETED,26878.0,953.9,4924.07,4981.02
1179,hard,15,14:00:13,15:06:22,16:27:19,COMPLETED,36981.0,80962.4,3969.13,8826.73
1279,medium,13,15:03:46,16:25:38,16:27:19,COMPLETED,30906.0,1697.7,4912.12,5013.73
1359,easy,12,15:05:52,16:27:26,16:27:57,COMPLETED,27536.0,532.6,4894.08,4925.74
1166,hard,15,14:53:23,16:13:24,16:28:04,COMPLETED,28359.0,14656.4,4801.98,5681.07
1347,easy,11,15:08:21,16:28:04,16:28:17,COMPLETED,28180.0,225.2,4783.07,4796.10
1254,easy,12,15:04:37,16:26:10,16:29:54,COMPLETED,33802.0,3739.6,4893.07,5117.02
1283,medium,13,15:09:46,16:30:00,16:30:57,COMPLETED,30099.0,960.4,4814.57,4871.89
1202,easy,11,15:10:05,16:31:04,16:31:48,COMPLETED,31226.0,743.0,4859.22,4903.50
1054,medium,14,14:58:49,16:19:43,16:32:01,COMPLETED,28676.0,12307.1,4854.01,5592.18
1245,medium,13,15:06:58,16:27:26,16:32:01,COMPLETED,34020.0,4589.4,4828.08,5103.18
1318,easy,11,15:10:24,16:32:07,16:32:32,COMPLETED,27751.0,427.5,4903.52,4928.91
1131,medium,14,14:45:18,15:57:44,16:33:29,COMPLETED,25117.0,35764.7,4346.24,6491.93
1092,medium,14,14:47:43,16:01:59,16:33:49,COMPLETED,34730.0,31827.9,4456.59,6366.01
1190,easy,12,15:13:04,16:33:36,16:36:28,COMPLETED,27948.0,2877.8,4832.28,5004.44
1292,medium,14,15:09:23,16:28:10,16:36:54,COMPLETED,29477.0,8740.3,4727.45,5251.42
1299,easy,12,15:14:22,16:37:00,16:37:26,COMPLETED,26446.0,436.2,4958.96,4984.60
994,medium,14,13:25:04,14:08:56,16:38:05,COMPLETED,27631.0,149164.3,2632.25,11581.92
1298,easy,12,15:13:59,16:33:55,16:38:25,COMPLETED,26887.0,4506.8,4796.39,5066.31
1177,hard,15,14:52:03,16:10:44,16:38:31,COMPLETED,35107.0,27790.8,4721.93,6388.87
1302,easy,11,15:15:02,16:38:12,16:38:51,COMPLETED,28617.0,651.9,4990.46,5029.28
385,hard,15,10:55:15,10:55:18,16:39:03,COMPLETED,41743.0,343752.0,3.88,20628.96
1284,medium,13,15:15:01,16:37:33,16:39:17,COMPLETED,29259.0,1740.4,4952.17,5056.10
1319,easy,12,15:15:41,16:38:57,16:39:17,COMPLETED,30612.0,334.2,4996.61,5016.10
1216,easy,11,15:16:01,16:39:23,16:39:36,COMPLETED,25529.0,229.1,5002.70,5015.95
1210,easy,11,15:16:45,16:39:43,16:39:56,COMPLETED,24649.0,224.2,4978.50,4991.45
918,hard,15,13:24:12,14:05:20,16:42:17,COMPLETED,36952.0,156957.6,2468.62,11885.98
1285,easy,12,15:17:32,16:42:24,16:42:49,COMPLETED,22226.0,427.4,5092.31,5117.63
1211,easy,12,15:15:56,16:39:10,16:43:21,COMPLETED,34278.0,4184.6,4994.49,5245.28
653,hard,15,11:50:38,11:53:42,16:43:27,COMPLETED,29815.0,289754.5,184.42,17569.61
1053,medium,14,14:45:27,15:59:06,16:43:46,COMPLETED,31579.0,44672.9,4419.48,7099.67
1343,easy,12,15:18:49,16:43:33,16:43:59,COMPLETED,30366.0,427.7,5084.99,5110.35
1350,hard,15,15:04:38,16:26:22,16:44:31,COMPLETED,34265.0,18140.8,4904.79,5993.00
1212,medium,13,15:15:19,16:38:31,16:44:37,COMPLETED,29459.0,6096.3,4992.87,5358.33
1300,easy,11,15:18:50,16:43:52,16:44:43,COMPLETED,34982.0,850.9,5102.99,5153.71
1228,easy,11,15:19:03,16:44:37,16:44:43,COMPLETED,23782.0,112.4,5134.33,5140.71
1295,easy,12,15:19:03,16:44:05,16:44:56,COMPLETED,23472.0,851.6,5102.69,5153.48
1329,easy,11,15:19:18,16:44:50,16:44:56,COMPLETED,22327.0,111.7,5132.10,5138.48
1224,easy,11,15:20:00,16:44:50,16:44:56,COMPLETED,25481.0,111.2,5090.10,5096.48
1275,easy,11,15:20:59,16:45:02,16:45:15,COMPLETED,25711.0,218.2,5043.83,5056.69
1095,hard,15,14:03:10,15:07:47,16:45:41,COMPLETED,41582.0,97894.6,3877.52,9751.07
1247,easy,12,15:21:15,16:45:22,16:45:53,COMPLETED,30237.0,534.6,5047.02,5078.80
1187,hard,15,14:38:42,15:50:45,16:46:50,COMPLETED,26554.0,56086.1,4323.95,7688.95
1273,medium,14,15:18:00,16:43:27,16:48:02,COMPLETED,26913.0,4582.7,5127.61,5402.12
1316,easy,11,15:22:13,16:48:08,16:48:21,COMPLETED,26347.0,220.4,5155.67,5168.60
1241,medium,14,15:17:10,16:40:02,16:48:53,COMPLETED,39522.0,8854.4,4973.00,5503.82
1213,easy,11,15:22:57,16:49:00,16:49:06,COMPLETED,26955.0,118.6,5163.36,5169.99
1281,easy,12,15:23:04,16:49:13,16:49:32,COMPLETED,26331.0,332.0,5169.52,5188.95
1323,medium,13,15:10:17,16:32:07,16:49:59,COMPLETED,31587.0,17862.6,4910.52,5982.02
1233,easy,11,15:23:14,16:49:39,16:50:05,COMPLETED,31343.0,442.8,5185.48,5211.36
1218,easy,12,15:23:51,16:50:12,16:50:25,COMPLETED,24271.0,223.6,5181.11,5194.21
1194,medium,14,15:20:37,16:45:02,16:51:49,COMPLETED,33562.0,6780.9,5065.83,5472.23
1256,easy,12,15:23:40,16:50:05,16:52:27,COMPLETED,32980.0,2383.9,5185.36,5327.92
1227,medium,13,15:23:53,16:51:55,16:53:31,COMPLETED,32243.0,1603.3,5282.77,5378.67
1246,easy,12,15:24:08,16:53:37,16:53:50,COMPLETED,20483.0,216.3,5370.00,5382.68
1334,medium,14,15:21:32,16:46:00,16:54:41,COMPLETED,31430.0,8690.9,5068.13,5589.30
1304,medium,14,15:01:35,16:22:40,16:54:54,COMPLETED,34705.0,32225.8,4865.70,6799.02
1272,medium,13,15:23:53,16:50:31,16:55:06,COMPLETED,27059.0,4590.7,5198.55,5473.71
1170,medium,14,14:40:27,15:52:17,16:55:32,COMPLETED,35470.0,63253.0,4310.05,8105.06
1306,medium,14,15:21:52,16:46:57,16:55:51,COMPLETED,27467.0,8900.1,5105.30,5639.05
1296,easy,12,15:25:12,16:55:13,16:55:57,COMPLETED,29448.0,744.7,5401.03,5445.37
1249,easy,12,15:25:31,16:55:38,16:56:10,COMPLETED,27711.0,533.6,5407.38,5439.10
1257,easy,11,15:25:51,16:55:57,16:56:10,COMPLETED,28465.0,217.4,5406.37,5419.10
1197,medium,13,15:26:33,16:56:16,16:59:01,COMPLETED,32436.0,2759.9,5383.44,5548.73
1351,medium,14,15:25:02,16:55:00,17:01:55,COMPLETED,27841.0,6933.0,5398.36,5813.86
1337,medium,13,15:23:59,16:52:34,17:02:08,COMPLETED,23531.0,9576.5,5315.46,5889.78
1220,medium,13,15:26:50,16:59:08,17:02:15,COMPLETED,30259.0,3126.8,5538.10,5725.11
1310,easy,11,15:26:59,17:02:15,17:02:21,COMPLETED,22849.0,121.0,5716.11,5722.78
1268,easy,11,15:27:08,17:02:21,17:02:35,COMPLETED,23856.0,228.7,5713.78,5727.02
1328,easy,11,15:27:13,17:02:28,17:02:41,COMPLETED,23082.0,226.6,5715.42,5728.55
1352,easy,11,15:28:27,17:02:41,17:02:48,COMPLETED,23139.0,115.2,5654.55,5661.06
1349,easy,11,15:29:27,17:02:48,17:03:01,COMPLETED,25949.0,227.2,5601.06,5614.21
1104,hard,15,14:36:21,15:49:47,17:03:14,COMPLETED,31476.0,73455.1,4406.22,8813.31
1314,easy,11,15:31:25,17:03:07,17:03:14,COMPLETED,18603.0,116.2,5502.75,5509.31
1336,easy,12,15:31:39,17:03:20,17:03:33,COMPLETED,28305.0,228.1,5501.75,5514.96
1130,medium,14,14:47:50,16:02:05,17:04:12,COMPLETED,35001.0,62111.1,4455.96,8182.44
1288,easy,12,15:22:22,16:48:27,17:04:12,COMPLETED,37550.0,15746.9,5165.92,6110.44
1345,easy,12,15:34:12,17:04:18,17:04:31,COMPLETED,24081.0,216.8,5406.79,5419.54
1287,easy,11,15:34:34,17:04:37,17:04:50,COMPLETED,29230.0,216.1,5403.86,5416.53
1217,easy,12,15:34:54,17:04:56,17:07:22,COMPLETED,28771.0,2435.8,5402.86,5548.70
1315,hard,15,15:03:21,16:23:18,17:07:35,COMPLETED,32818.0,44279.6,4797.88,7454.44
1223,easy,12,15:34:55,17:07:29,17:07:48,COMPLETED,26933.0,324.4,5554.03,5573.14
1333,easy,12,15:33:19,17:03:40,17:08:00,COMPLETED,36206.0,4346.1,5421.50,5681.92
1321,easy,12,15:34:55,17:07:41,17:08:07,COMPLETED,30530.0,431.1,5566.79,5592.30
1238,medium,13,15:33:40,17:04:18,17:08:26,COMPLETED,31497.0,4131.0,5438.79,5686.36
1324,easy,12,15:35:53,17:08:13,17:08:51,COMPLETED,30222.0,638.2,5540.69,5578.67
1320,easy,12,15:26:54,17:02:02,17:11:46,COMPLETED,42466.0,9737.1,5708.40,6292.35
1265,hard,15,15:10:15,16:31:54,17:12:37,COMPLETED,28951.0,40717.2,4899.83,7342.51
1301,easy,11,15:37:38,17:12:44,17:12:50,COMPLETED,24872.0,118.6,5706.05,5712.68
887,hard,15,13:51:42,14:54:02,17:13:42,COMPLETED,31007.0,139664.6,3740.85,12120.56
1280,easy,11,15:38:15,17:13:49,17:13:55,COMPLETED,25393.0,112.7,5734.07,5740.52
1303,medium,13,15:35:40,17:07:54,17:14:27,COMPLETED,27878.0,6562.7,5534.53,5927.84
1134,hard,15,14:28:55,15:40:41,17:14:47,COMPLETED,27159.0,94111.4,4306.04,9952.48
1226,medium,13,15:37:46,17:12:57,17:15:19,COMPLETED,21015.0,2374.8,5711.21,5853.41
1234,medium,13,15:35:43,17:08:07,17:16:10,COMPLETED,36635.0,8050.2,5544.30,6027.04
1137,hard,15,14:53:36,16:13:24,17:16:16,COMPLETED,29548.0,62859.5,4788.98,8560.38
890,hard,15,13:53:44,14:55:53,17:17:07,COMPLETED,34424.0,141226.6,3729.66,12203.14
1222,medium,13,15:31:11,17:02:54,17:17:07,COMPLETED,28296.0,14215.2,5503.49,6356.14
1338,easy,12,15:40:41,17:16:22,17:17:13,COMPLETED,31899.0,851.6,5741.76,5792.48
1260,medium,14,15:21:02,16:45:02,17:17:19,COMPLETED,24072.0,32287.8,5040.83,6977.89
1277,easy,11,15:40:44,17:17:13,17:17:26,COMPLETED,26679.0,220.1,5789.48,5802.32
1081,hard,15,14:02:20,15:07:21,17:17:32,COMPLETED,39187.0,130182.6,3901.98,11712.77
1291,easy,11,15:41:27,17:17:19,17:17:32,COMPLETED,24821.0,221.3,5752.89,5765.77
1208,medium,13,15:37:27,17:08:58,17:17:45,COMPLETED,29220.0,8797.6,5491.01,6018.61
1307,medium,14,15:38:36,17:14:34,17:20:04,COMPLETED,29792.0,5515.5,5758.38,6088.79
1195,easy,12,15:42:00,17:17:39,17:20:36,COMPLETED,39308.0,2968.9,5739.21,5916.86
1250,easy,12,15:44:01,17:20:43,17:21:09,COMPLETED,25926.0,443.4,5802.41,5828.53
1189,hard,15,14:22:38,15:35:45,17:21:54,COMPLETED,35435.0,106162.1,4387.11,10756.75
1097,hard,15,14:34:42,15:48:29,17:22:01,COMPLETED,35716.0,93528.8,4427.54,10039.08
1221,hard,15,15:09:29,16:28:23,17:22:01,COMPLETED,35659.0,53628.1,4734.63,7952.08
1344,easy,12,15:44:18,17:22:01,17:22:45,COMPLETED,32966.0,743.6,5863.08,5907.41
1313,medium,13,15:43:52,17:20:11,17:23:04,COMPLETED,32925.0,2888.0,5779.42,5952.41
863,medium,14,13:36:22,14:32:26,17:24:15,COMPLETED,32812.0,171820.0,3364.01,13673.09
1341,easy,12,15:44:59,17:22:07,17:24:34,COMPLETED,29157.0,2456.0,5828.46,5975.55
1354,hard,15,15:00:18,16:21:43,17:24:47,COMPLETED,40984.0,63076.5,4885.19,8669.52
1274,hard,15,15:43:37,17:17:51,17:25:32,COMPLETED,31380.0,7688.0,5654.95,6115.78
820,hard,15,12:16:47,12:28:34,17:26:18,COMPLETED,28574.0,297731.0,707.32,18571.12
1193,easy,11,15:46:57,17:26:24,17:26:30,COMPLETED,23904.0,111.0,5967.45,5973.81
1342,easy,12,15:46:43,17:25:39,17:26:37,COMPLETED,34013.0,970.7,5936.32,5994.14
1266,easy,11,15:47:49,17:26:37,17:27:34,COMPLETED,28567.0,955.7,5928.14,5985.19
1282,hard,15,15:41:30,17:17:26,17:29:21,COMPLETED,33506.0,11927.5,5756.32,6471.72
1322,medium,13,15:46:22,17:24:21,17:30:50,COMPLETED,28446.0,6486.3,5879.64,6268.52
1308,medium,13,15:48:11,17:27:40,17:30:56,COMPLETED,28846.0,3279.6,5969.51,6165.88
1209,hard,15,15:44:03,17:21:16,17:31:09,COMPLETED,31295.0,9899.0,5833.06,6426.74
1305,easy,11,15:48:35,17:31:03,17:31:09,COMPLETED,25436.0,112.2,6148.33,6154.74
1294,easy,12,15:48:34,17:30:56,17:31:41,COMPLETED,30207.0,753.9,6142.88,6187.76
1235,easy,12,15:49:10,17:31:16,17:31:48,COMPLETED,31674.0,541.5,6126.08,6158.16
1236,medium,13,15:40:41,17:17:13,17:32:00,COMPLETED,38220.0,14795.5,5792.48,6679.96
1269,easy,11,15:50:50,17:32:07,17:32:45,COMPLETED,25786.0,639.1,6077.29,6115.31
1330,easy,12,15:48:25,17:29:28,17:35:04,COMPLETED,39510.0,5615.3,6063.05,6399.67
1203,easy,12,15:51:54,17:35:11,17:35:48,COMPLETED,33591.0,638.4,6197.03,6234.99
1340,easy,11,15:52:58,17:35:55,17:36:01,COMPLETED,28672.0,111.1,6177.36,6183.73
1239,medium,14,15:41:31,17:17:32,17:40:11,COMPLETED,32822.0,22645.2,5761.77,7120.24
1240,hard,15,15:19:14,16:44:43,17:41:33,COMPLETED,27478.0,56834.6,5129.71,8539.60
1206,medium,14,15:26:03,16:56:16,17:41:33,COMPLETED,33846.0,45289.9,5413.44,8130.60
1199,easy,11,15:54:25,17:41:39,17:41:58,COMPLETED,27754.0,321.2,6434.95,6453.96
1225,medium,14,15:48:04,17:26:43,17:42:05,COMPLETED,26143.0,15366.7,5919.60,6841.29
1290,medium,14,15:44:58,17:22:07,17:42:11,COMPLETED,28988.0,20074.8,5829.46,7033.66
1278,medium,13,15:51:08,17:32:51,17:43:02,COMPLETED,27957.0,10184.2,6103.67,6714.44
1207,medium,14,15:37:32,17:11:52,17:47:19,COMPLETED,40143.0,35449.3,5660.68,7787.31
1357,medium,13,15:54:21,17:40:17,17:47:19,COMPLETED,35540.0,7036.4,6356.57,6778.31
1270,hard,15,15:21:30,16:45:47,17:47:32,COMPLETED,34314.0,61749.8,5057.40,8762.20
1229,easy,11,15:56:17,17:47:25,17:47:38,COMPLETED,24197.0,221.2,6668.81,6681.52
1200,medium,14,15:46:30,17:24:40,17:47:45,COMPLETED,28433.0,23079.6,5890.91,7275.17
1252,medium,13,15:54:24,17:41:39,17:47:45,COMPLETED,19374.0,6097.0,6435.95,6801.17
1205,easy,11,15:56:44,17:47:51,17:48:05,COMPLETED,23532.0,228.5,6667.88,6681.10
1248,easy,12,15:56:34,17:47:45,17:48:31,COMPLETED,28225.0,769.3,6671.17,6717.04
1264,easy,11,15:56:56,17:48:37,17:48:43,COMPLETED,27165.0,118.2,6701.37,6707.97
1118,hard,15,14:17:01,15:25:41,17:48:57,COMPLETED,37579.0,143257.6,4120.87,12716.12
1214,easy,12,15:57:14,17:49:03,17:49:22,COMPLETED,25400.0,328.7,6709.57,6728.80
1230,easy,11,15:57:32,17:49:29,17:49:42,COMPLETED,28015.0,226.9,6717.34,6730.47
1258,easy,11,15:57:33,17:49:48,17:50:02,COMPLETED,23066.0,224.2,6736.00,6749.09
1356,medium,13,15:56:52,17:48:11,17:50:34,COMPLETED,29982.0,2380.9,6679.65,6822.14
1297,easy,11,15:58:20,17:50:40,17:50:53,COMPLETED,27422.0,217.5,6740.55,6753.30
1255,easy,12,15:59:58,17:50:59,17:51:31,COMPLETED,28575.0,533.2,6661.62,6693.31
1327,medium,14,15:54:56,17:42:11,17:52:09,COMPLETED,35428.0,9965.3,6435.66,7033.24
1253,medium,13,15:38:55,17:15:25,17:52:15,COMPLETED,37681.0,36835.9,5790.74,8000.64
1421,easy,11,16:01:22,17:52:15,17:52:22,COMPLETED,25117.0,112.2,6653.64,6660.02
1325,easy,12,15:58:01,17:50:08,17:52:34,COMPLETED,35021.0,2442.9,6727.48,6873.76
1490,easy,12,16:01:57,17:52:41,17:53:06,COMPLETED,28979.0,426.8,6644.10,6669.40
1191,medium,14,15:05:19,16:27:13,17:54:28,COMPLETED,34799.0,87256.0,4914.34,10149.55
1446,easy,11,16:02:11,17:54:34,17:54:47,COMPLETED,28427.0,216.6,6743.88,6756.57
1231,hard,15,15:40:27,17:16:16,17:54:53,COMPLETED,36034.0,38629.5,5749.38,8066.90
1445,medium,14,16:01:39,17:52:22,17:55:00,COMPLETED,27394.0,2643.1,6643.02,6801.27
1500,easy,12,16:03:14,17:54:53,17:55:13,COMPLETED,22356.0,329.0,6699.90,6719.00
1311,medium,13,15:49:33,17:31:16,17:55:32,COMPLETED,30337.0,24281.2,6103.08,7559.76
1452,easy,11,16:03:42,17:55:19,17:56:11,COMPLETED,31161.0,874.8,6697.71,6749.71
1424,medium,13,16:03:19,17:55:06,17:56:37,COMPLETED,30503.0,1524.9,6707.65,6798.85
1512,easy,12,16:04:41,17:55:39,17:57:48,COMPLETED,26093.0,2168.9,6658.09,6787.75
767,hard,15,12:01:47,12:07:21,17:59:25,COMPLETED,39010.0,352062.3,334.92,21458.59
1353,medium,13,15:56:30,17:47:38,17:59:25,COMPLETED,28765.0,11792.1,6668.52,7375.59
1416,medium,14,16:02:07,17:53:12,17:59:51,COMPLETED,27291.0,6658.1,6665.73,7064.74
28,hard,15,08:24:53,08:24:56,18:00:00,UNFINISHED,-1,-1,-1
176,hard,15,09:59:31,09:59:35,18:00:00,UNFINISHED,-1,-1,-1
423,hard,15,10:39:28,10:39:31,18:00:00,UNFINISHED,-1,-1,-1
631,hard,15,11:04:24,11:04:27,18:00:00,UNFINISHED,-1,-1,-1
672,hard,15,11:08:36,11:08:39,18:00:00,UNFINISHED,-1,-1,-1
841,hard,15,12:04:29,12:11:03,18:00:00,UNFINISHED,-1,-1,-1
778,medium,14,12:10:07,12:17:06,18:00:00,UNFINISHED,-1,-1,-1
713,hard,15,12:13:51,12:21:09,18:00:00,UNFINISHED,-1,-1,-1
793,hard,15,12:14:37,12:23:42,18:00:00,UNFINISHED,-1,-1,-1
810,hard,15,12:25:42,12:37:13,18:00:00,UNFINISHED,-1,-1,-1
838,hard,15,12:27:07,12:42:46,18:00:00,UNFINISHED,-1,-1,-1
714,hard,15,12:40:01,13:00:52,18:00:00,UNFINISHED,-1,-1,-1
804,hard,15,12:47:05,13:15:09,18:00:00,UNFINISHED,-1,-1,-1
786,hard,15,12:49:09,13:23:27,18:00:00,UNFINISHED,-1,-1,-1
738,hard,15,12:58:44,13:37:35,18:00:00,UNFINISHED,-1,-1,-1
891,hard,15,13:04:19,13:42:02,18:00:00,UNFINISHED,-1,-1,-1
985,hard,15,13:27:20,14:14:47,18:00:00,UNFINISHED,-1,-1,-1
955,hard,15,13:36:47,14:33:49,18:00:00,UNFINISHED,-1,-1,-1
1001,hard,15,13:38:30,14:34:08,18:00:00,UNFINISHED,-1,-1,-1
961,medium,14,13:40:45,14:38:11,18:00:00,UNFINISHED,-1,-1,-1
1135,hard,15,14:09:08,15:12:33,18:00:00,UNFINISHED,-1,-1,-1
1029,hard,15,14:10:16,15:16:21,18:00:00,UNFINISHED,-1,-1,-1
1175,hard,15,14:19:40,15:32:28,18:00:00,UNFINISHED,-1,-1,-1
1023,hard,15,14:42:22,15:54:00,18:00:00,UNFINISHED,-1,-1,-1
1180,hard,15,14:45:35,15:59:12,18:00:00,UNFINISHED,-1,-1,-1
1031,medium,14,14:46:32,16:00:35,18:00:00,UNFINISHED,-1,-1,-1
1058,hard,15,14:50:42,16:09:35,18:00:00,UNFINISHED,-1,-1,-1
1045,hard,15,14:51:58,16:10:32,18:00:00,UNFINISHED,-1,-1,-1
1068,hard,15,14:53:38,16:13:31,18:00:00,UNFINISHED,-1,-1,-1
1276,hard,15,15:01:16,16:22:34,18:00:00,UNFINISHED,-1,-1,-1
1317,hard,15,15:11:26,16:32:39,18:00:00,UNFINISHED,-1,-1,-1
1237,medium,14,15:14:01,16:36:35,18:00:00,UNFINISHED,-1,-1,-1
1204,medium,14,15:15:23,16:38:38,18:00:00,UNFINISHED,-1,-1,-1
1309,hard,15,15:16:17,16:39:23,18:00:00,UNFINISHED,-1,-1,-1
1332,hard,15,15:17:49,16:42:55,18:00:00,UNFINISHED,-1,-1,-1
1259,medium,14,15:24:22,16:53:57,18:00:00,UNFINISHED,-1,-1,-1
1358,hard,15,15:24:38,16:54:47,18:00:00,UNFINISHED,-1,-1,-1
1355,hard,15,15:25:53,16:56:03,18:00:00,UNFINISHED,-1,-1,-1
1232,hard,15,15:32:35,17:03:20,18:00:00,UNFINISHED,-1,-1,-1
1201,hard,15,15:36:03,17:08:32,18:00:00,UNFINISHED,-1,-1,-1
1262,medium,14,15:38:28,17:14:01,18:00:00,UNFINISHED,-1,-1,-1
1251,hard,15,15:38:51,17:14:54,18:00:00,UNFINISHED,-1,-1,-1
1192,hard,15,15:42:36,17:17:39,18:00:00,UNFINISHED,-1,-1,-1
1198,hard,15,15:45:37,17:22:51,18:00:00,UNFINISHED,-1,-1,-1
1196,hard,15,15:45:45,17:23:10,18:00:00,UNFINISHED,-1,-1,-1
1326,hard,15,15:46:41,17:24:54,18:00:00,UNFINISHED,-1,-1,-1
1348,hard,15,15:50:11,17:31:48,18:00:00,UNFINISHED,-1,-1,-1
1339,medium,14,15:50:50,17:31:54,18:00:00,UNFINISHED,-1,-1,-1
1243,hard,15,15:53:12,17:36:08,18:00:00,UNFINISHED,-1,-1,-1
1267,medium,14,15:54:43,17:42:05,18:00:00,UNFINISHED,-1,-1,-1
1242,hard,15,15:55:10,17:42:18,18:00:00,UNFINISHED,-1,-1,-1
1219,medium,14,15:55:49,17:43:08,18:00:00,UNFINISHED,-1,-1,-1
1335,medium,14,15:56:10,17:47:25,18:00:00,UNFINISHED,-1,-1,-1
1244,hard,15,15:56:44,17:47:51,18:00:00,UNFINISHED,-1,-1,-1
1286,hard,15,15:56:56,17:48:50,18:00:00,UNFINISHED,-1,-1,-1
1472,hard,15,16:00:21,17:51:37,18:00:00,UNFINISHED,-1,-1,-1
1516,medium,14,16:01:53,17:52:28,18:00:00,UNFINISHED,-1,-1,-1
1419,medium,14,16:03:17,17:55:00,18:00:00,UNFINISHED,-1,-1,-1
1439,hard,15,16:04:50,17:56:18,18:00:00,UNFINISHED,-1,-1,-1
1417,hard,15,16:07:00,17:56:44,18:00:00,UNFINISHED,-1,-1,-1
1407,hard,15,16:07:12,17:57:55,18:00:00,UNFINISHED,-1,-1,-1
1434,easy,12,16:07:29,17:59:32,18:00:00,UNFINISHED,-1,-1,-1
1405,easy,12,16:07:51,17:59:32,18:00:00,UNFINISHED,-1,-1,-1
1479,medium,14,16:08:15,17:59:58,18:00:00,UNFINISHED,-1,-1,-1
1425,easy,11,16:08:16,-,-,IGNORED,-1,-1
1464,medium,14,16:08:23,-,-,IGNORED,-1,-1
1381,medium,13,16:08:45,-,-,IGNORED,-1,-1
1432,easy,12,16:08:56,-,-,IGNORED,-1,-1
1466,easy,11,16:08:58,-,-,IGNORED,-1,-1
1517,easy,12,16:09:02,-,-,IGNORED,-1,-1
1462,easy,11,16:09:52,-,-,IGNORED,-1,-1
1398,medium,13,16:10:03,-,-,IGNORED,-1,-1
1429,medium,13,16:10:23,-,-,IGNORED,-1,-1
1454,easy,12,16:10:30,-,-,IGNORED,-1,-1
1458,easy,12,16:11:34,-,-,IGNORED,-1,-1
1373,medium,13,16:11:44,-,-,IGNORED,-1,-1
1360,medium,13,16:12:07,-,-,IGNORED,-1,-1
1404,medium,14,16:12:09,-,-,IGNORED,-1,-1
1505,easy,12,16:12:24,-,-,IGNORED,-1,-1
1385,hard,15,16:12:25,-,-,IGNORED,-1,-1
1448,easy,12,16:12:51,-,-,IGNORED,-1,-1
1387,medium,13,16:13:06,-,-,IGNORED,-1,-1
1372,medium,13,16:13:06,-,-,IGNORED,-1,-1
1363,hard,15,16:13:32,-,-,IGNORED,-1,-1
1444,medium,14,16:15:01,-,-,IGNORED,-1,-1
1524,easy,11,16:15:15,-,-,IGNORED,-1,-1
1455,easy,11,16:15:58,-,-,IGNORED,-1,-1
1391,easy,11,16:16:16,-,-,IGNORED,-1,-1
1386,medium,13,16:16:35,-,-,IGNORED,-1,-1
1443,easy,12,16:16:51,-,-,IGNORED,-1,-1
1365,easy,12,16:17:09,-,-,IGNORED,-1,-1
1453,hard,15,16:17:24,-,-,IGNORED,-1,-1
1511,hard,15,16:18:14,-,-,IGNORED,-1,-1
1379,hard,15,16:18:24,-,-,IGNORED,-1,-1
1461,medium,14,16:19:55,-,-,IGNORED,-1,-1
1399,easy,11,16:20:41,-,-,IGNORED,-1,-1
1412,medium,13,16:20:46,-,-,IGNORED,-1,-1
1394,medium,13,16:20:59,-,-,IGNORED,-1,-1
1528,easy,11,16:21:35,-,-,IGNORED,-1,-1
1494,easy,12,16:21:39,-,-,IGNORED,-1,-1
1492,easy,12,16:21:42,-,-,IGNORED,-1,-1
1389,hard,15,16:21:42,-,-,IGNORED,-1,-1
1509,easy,12,16:21:45,-,-,IGNORED,-1,-1
1378,hard,15,16:22:09,-,-,IGNORED,-1,-1
1502,easy,11,16:22:22,-,-,IGNORED,-1,-1
1471,easy,12,16:22:30,-,-,IGNORED,-1,-1
1370,hard,15,16:23:43,-,-,IGNORED,-1,-1
1467,easy,11,16:24:12,-,-,IGNORED,-1,-1
1498,easy,12,16:24:19,-,-,IGNORED,-1,-1
1400,easy,11,16:24:40,-,-,IGNORED,-1,-1
1402,hard,15,16:25:07,-,-,IGNORED,-1,-1
1413,easy,11,16:25:34,-,-,IGNORED,-1,-1
1410,easy,12,16:25:38,-,-,IGNORED,-1,-1
1382,easy,11,16:25:40,-,-,IGNORED,-1,-1
1499,easy,11,16:25:58,-,-,IGNORED,-1,-1
1521,easy,11,16:26:19,-,-,IGNORED,-1,-1
1447,hard,15,16:26:37,-,-,IGNORED,-1,-1
1459,easy,12,16:27:41,-,-,IGNORED,-1,-1
1513,medium,13,16:29:05,-,-,IGNORED,-1,-1
1522,easy,11,16:29:30,-,-,IGNORED,-1,-1
1483,medium,14,16:30:07,-,-,IGNORED,-1,-1
1401,medium,14,16:30:46,-,-,IGNORED,-1,-1
1486,hard,15,16:31:01,-,-,IGNORED,-1,-1
1428,medium,14,16:31:14,-,-,IGNORED,-1,-1
1366,easy,11,16:31:32,-,-,IGNORED,-1,-1
1468,medium,13,16:31:32,-,-,IGNORED,-1,-1
1520,easy,11,16:32:03,-,-,IGNORED,-1,-1
1433,hard,15,16:32:12,-,-,IGNORED,-1,-1
1426,easy,11,16:32:16,-,-,IGNORED,-1,-1
1527,easy,12,16:32:54,-,-,IGNORED,-1,-1
1374,easy,12,16:33:16,-,-,IGNORED,-1,-1
1440,medium,13,16:33:26,-,-,IGNORED,-1,-1
1504,easy,11,16:33:34,-,-,IGNORED,-1,-1
1423,easy,12,16:33:48,-,-,IGNORED,-1,-1
1427,easy,12,16:34:21,-,-,IGNORED,-1,-1
1501,medium,14,16:34:25,-,-,IGNORED,-1,-1
1420,easy,12,16:34:41,-,-,IGNORED,-1,-1
1493,hard,15,16:34:59,-,-,IGNORED,-1,-1
1508,hard,15,16:35:19,-,-,IGNORED,-1,-1
1376,medium,14,16:35:31,-,-,IGNORED,-1,-1
1484,easy,11,16:35:49,-,-,IGNORED,-1,-1
1438,easy,11,16:35:50,-,-,IGNORED,-1,-1
1475,medium,14,16:36:14,-,-,IGNORED,-1,-1
1449,medium,14,16:36:16,-,-,IGNORED,-1,-1
1396,medium,14,16:37:13,-,-,IGNORED,-1,-1
1477,medium,14,16:37:22,-,-,IGNORED,-1,-1
1403,hard,15,16:37:26,-,-,IGNORED,-1,-1
1409,medium,13,16:37:32,-,-,IGNORED,-1,-1
1506,easy,12,16:37:58,-,-,IGNORED,-1,-1
1368,easy,12,16:38:24,-,-,IGNORED,-1,-1
1362,hard,15,16:39:08,-,-,IGNORED,-1,-1
1397,easy,12,16:40:11,-,-,IGNORED,-1,-1
1369,medium,13,16:40:22,-,-,IGNORED,-1,-1
1481,medium,13,16:40:24,-,-,IGNORED,-1,-1
1390,hard,15,16:40:26,-,-,IGNORED,-1,-1
1430,easy,12,16:41:31,-,-,IGNORED,-1,-1
1456,medium,14,16:41:57,-,-,IGNORED,-1,-1
1495,medium,14,16:43:51,-,-,IGNORED,-1,-1
1525,medium,13,16:44:08,-,-,IGNORED,-1,-1
1408,medium,13,16:44:16,-,-,IGNORED,-1,-1
1463,medium,14,16:44:20,-,-,IGNORED,-1,-1
1503,easy,12,16:44:20,-,-,IGNORED,-1,-1
1406,medium,13,16:44:30,-,-,IGNORED,-1,-1
1450,easy,11,16:44:35,-,-,IGNORED,-1,-1
1395,easy,11,16:44:43,-,-,IGNORED,-1,-1
1422,easy,11,16:44:45,-,-,IGNORED,-1,-1
1523,medium,13,16:44:47,-,-,IGNORED,-1,-1
1392,hard,15,16:45:31,-,-,IGNORED,-1,-1
1480,easy,12,16:45:34,-,-,IGNORED,-1,-1
1411,medium,14,16:46:10,-,-,IGNORED,-1,-1
1437,easy,12,16:46:13,-,-,IGNORED,-1,-1
1451,hard,15,16:46:41,-,-,IGNORED,-1,-1
1460,easy,11,16:47:05,-,-,IGNORED,-1,-1
1470,medium,14,16:47:11,-,-,IGNORED,-1,-1
1415,easy,12,16:47:23,-,-,IGNORED,-1,-1
1518,easy,12,16:47:25,-,-,IGNORED,-1,-1
1441,easy,11,16:48:01,-,-,IGNORED,-1,-1
1485,hard,15,16:48:15,-,-,IGNORED,-1,-1
1364,medium,13,16:48:18,-,-,IGNORED,-1,-1
1361,medium,14,16:49:04,-,-,IGNORED,-1,-1
1442,medium,14,16:49:04,-,-,IGNORED,-1,-1
1526,easy,11,16:49:34,-,-,IGNORED,-1,-1
1491,hard,15,16:49:35,-,-,IGNORED,-1,-1
1529,easy,11,16:49:39,-,-,IGNORED,-1,-1
1431,medium,13,16:49:48,-,-,IGNORED,-1,-1
1473,easy,11,16:50:04,-,-,IGNORED,-1,-1
1465,easy,12,16:50:04,-,-,IGNORED,-1,-1
1383,easy,11,16:50:34,-,-,IGNORED,-1,-1
1388,medium,13,16:50:54,-,-,IGNORED,-1,-1
1436,easy,11,16:51:47,-,-,IGNORED,-1,-1
1474,medium,13,16:52:24,-,-,IGNORED,-1,-1
1418,easy,12,16:52:53,-,-,IGNORED,-1,-1
1489,medium,13,16:52:57,-,-,IGNORED,-1,-1
1487,easy,11,16:53:08,-,-,IGNORED,-1,-1
1496,medium,14,16:53:27,-,-,IGNORED,-1,-1
1507,easy,11,16:53:56,-,-,IGNORED,-1,-1
1478,easy,11,16:53:59,-,-,IGNORED,-1,-1
1510,easy,12,16:54:06,-,-,IGNORED,-1,-1
1367,easy,12,16:54:13,-,-,IGNORED,-1,-1
1377,medium,13,16:54:15,-,-,IGNORED,-1,-1
1469,medium,13,16:55:22,-,-,IGNORED,-1,-1
1457,medium,14,16:55:23,-,-,IGNORED,-1,-1
1371,medium,13,16:55:34,-,-,IGNORED,-1,-1
1482,easy,11,16:56:05,-,-,IGNORED,-1,-1
1515,hard,15,16:56:06,-,-,IGNORED,-1,-1
1476,medium,14,16:56:09,-,-,IGNORED,-1,-1
1384,easy,12,16:57:12,-,-,IGNORED,-1,-1
1380,medium,14,16:57:39,-,-,IGNORED,-1,-1
1519,easy,11,16:58:08,-,-,IGNORED,-1,-1
1375,medium,13,16:58:08,-,-,IGNORED,-1,-1
1393,easy,12,16:58:12,-,-,IGNORED,-1,-1
1497,hard,15,16:58:27,-,-,IGNORED,-1,-1
1488,medium,13,16:58:49,-,-,IGNORED,-1,-1
1414,easy,11,16:59:15,-,-,IGNORED,-1,-1
1435,medium,13,16:59:17,-,-,IGNORED,-1,-1
1514,medium,13,16:59:58,-,-,IGNORED,-1,-1
