task_id,difficulty,n,arrival_sim,start_sim,end_sim,status,cost,real_duration_sec,waiting_time_mili_sec,time_in_system_mili_sec
26,easy,11,08:00:12,08:00:12,08:01:06,COMPLETED,25147.0,914.1,0.12,54.96
82,easy,11,08:00:26,08:00:30,08:01:13,COMPLETED,25175.0,708.3,4.57,47.01
62,easy,11,08:00:48,08:00:48,08:01:19,COMPLETED,30020.0,506.2,0.76,31.12
48,easy,12,08:01:11,08:01:13,08:01:55,COMPLETED,21533.0,705.0,2.01,44.33
24,easy,12,08:01:38,08:01:43,08:02:07,COMPLETED,26266.0,403.0,5.23,29.40
23,easy,11,08:02:16,08:02:19,08:03:01,COMPLETED,28024.0,705.5,3.51,45.82
104,easy,12,08:02:16,08:02:19,08:03:13,COMPLETED,26409.0,906.1,3.51,57.90
10,easy,11,08:03:43,08:03:44,08:03:56,COMPLETED,26058.0,203.2,1.03,13.16
47,easy,11,08:03:55,08:03:56,08:04:14,COMPLETED,25897.0,303.9,1.16,19.37
92,easy,11,08:05:07,08:05:08,08:05:51,COMPLETED,30605.0,706.1,1.77,44.10
37,easy,12,08:03:44,08:03:44,08:06:51,COMPLETED,30103.0,3124.8,0.03,187.55
111,easy,11,08:06:31,08:06:33,08:06:51,COMPLETED,30419.0,303.5,2.38,20.55
43,easy,12,08:07:54,08:07:57,08:08:16,COMPLETED,29732.0,303.1,3.92,22.07
50,easy,12,08:08:35,08:08:40,08:09:16,COMPLETED,23592.0,610.3,5.34,41.91
13,easy,11,08:08:49,08:08:52,08:09:22,COMPLETED,26200.0,508.7,3.52,34.00
42,easy,11,08:09:01,08:09:04,08:09:29,COMPLETED,26247.0,406.6,3.72,28.07
30,easy,11,08:09:44,08:09:47,08:09:53,COMPLETED,24166.0,103.0,3.25,9.39
36,medium,14,08:08:23,08:08:28,08:10:11,COMPLETED,29354.0,1725.1,5.17,108.65
100,easy,12,08:11:10,08:11:12,08:12:07,COMPLETED,28688.0,919.6,2.34,57.25
39,easy,11,08:12:03,08:12:07,08:12:13,COMPLETED,21440.0,109.4,4.25,10.58
83,easy,12,08:11:17,08:11:18,08:12:26,COMPLETED,28105.0,1127.8,1.46,69.01
144,medium,13,08:10:37,08:10:41,08:12:38,COMPLETED,27859.0,1940.9,4.94,121.28
0,medium,14,08:09:55,08:09:59,08:13:21,COMPLETED,32653.0,3364.2,4.46,206.23
66,easy,11,08:12:54,08:12:56,08:13:21,COMPLETED,27361.0,410.2,2.76,27.23
131,easy,12,08:12:12,08:12:13,08:13:39,COMPLETED,28523.0,1436.7,1.58,87.67
80,medium,13,08:13:08,08:13:09,08:13:51,COMPLETED,26804.0,715.5,1.03,43.90
34,easy,11,08:13:39,08:13:39,08:13:51,COMPLETED,26343.0,205.3,0.67,12.90
114,medium,14,08:08:43,08:08:46,08:14:16,COMPLETED,30002.0,5497.1,3.42,333.21
139,hard,15,08:02:10,08:02:13,08:14:52,COMPLETED,30390.0,12653.4,3.44,762.63
96,medium,14,08:09:46,08:09:47,08:15:35,COMPLETED,35192.0,5800.4,1.25,349.27
108,easy,12,08:14:55,08:14:58,08:15:35,COMPLETED,27761.0,610.8,3.70,40.27
117,easy,12,08:15:07,08:15:10,08:15:47,COMPLETED,26871.0,610.0,3.94,40.45
120,easy,12,08:15:56,08:15:59,08:16:17,COMPLETED,26844.0,306.1,3.63,21.86
90,easy,11,08:16:16,08:16:17,08:16:24,COMPLETED,26735.0,103.1,1.86,8.03
105,easy,11,08:16:42,08:16:42,08:16:54,COMPLETED,33886.0,204.2,0.24,12.43
110,easy,11,08:16:55,08:17:00,08:17:12,COMPLETED,26245.0,204.9,5.51,17.74
125,easy,11,08:17:37,08:17:37,08:17:49,COMPLETED,31318.0,206.6,0.15,12.46
8,easy,12,08:17:39,08:17:43,08:18:38,COMPLETED,22346.0,919.9,4.32,59.39
123,easy,11,08:18:23,08:18:26,08:19:02,COMPLETED,22405.0,613.8,3.13,39.87
86,easy,12,08:18:38,08:18:38,08:19:45,COMPLETED,20136.0,1124.7,0.39,67.78
130,easy,12,08:19:56,08:19:57,08:20:04,COMPLETED,25559.0,108.4,1.98,8.32
6,medium,14,08:03:59,08:04:02,08:20:10,COMPLETED,32970.0,16140.7,3.26,971.65
112,easy,12,08:17:27,08:17:31,08:20:10,COMPLETED,37073.0,2663.8,4.00,163.65
25,easy,11,08:19:55,08:19:57,08:20:10,COMPLETED,30489.0,215.1,2.98,15.65
45,easy,11,08:20:04,08:20:04,08:20:10,COMPLETED,26980.0,110.0,0.32,6.65
84,medium,14,08:14:37,08:14:40,08:20:16,COMPLETED,29377.0,5609.8,3.46,339.96
74,medium,13,08:18:19,08:18:19,08:20:16,COMPLETED,32883.0,1952.5,0.98,117.96
146,easy,11,08:20:23,08:20:23,08:20:29,COMPLETED,21112.0,105.1,0.16,6.37
75,medium,14,08:04:21,08:04:26,08:20:47,COMPLETED,28183.0,16354.8,5.46,986.72
65,medium,14,08:08:32,08:08:34,08:20:53,COMPLETED,37322.0,12327.4,2.25,741.86
73,easy,12,08:21:16,08:21:18,08:21:30,COMPLETED,22276.0,207.1,2.22,14.54
119,medium,14,08:15:01,08:15:04,08:21:48,COMPLETED,32867.0,6735.5,3.83,407.91
2,easy,12,08:21:55,08:21:55,08:22:26,COMPLETED,27635.0,518.7,0.05,31.08
3,medium,13,08:21:20,08:21:24,08:22:44,COMPLETED,27963.0,1335.3,4.41,84.45
102,medium,13,08:22:02,08:22:07,08:23:08,COMPLETED,28215.0,1025.4,5.36,66.84
97,medium,13,08:23:29,08:23:33,08:24:03,COMPLETED,33851.0,512.0,4.22,34.84
61,easy,12,08:24:41,08:24:46,08:24:58,COMPLETED,21277.0,205.7,5.49,17.72
40,hard,15,08:12:46,08:12:50,08:25:10,COMPLETED,32004.0,12342.4,4.55,744.95
56,easy,11,08:25:32,08:25:35,08:25:47,COMPLETED,24811.0,204.8,3.43,15.65
72,easy,12,08:25:05,08:25:10,08:26:11,COMPLETED,29516.0,1018.0,5.95,66.97
15,easy,12,08:26:12,08:26:18,08:26:36,COMPLETED,26183.0,306.8,6.07,24.42
137,medium,13,08:26:29,08:26:30,08:27:31,COMPLETED,23167.0,1013.4,1.28,62.03
107,medium,14,08:08:56,08:08:58,08:27:43,COMPLETED,28336.0,18743.0,2.61,1127.17
44,easy,11,08:27:47,08:27:49,08:28:07,COMPLETED,32581.0,305.7,2.26,20.54
52,medium,14,08:18:06,08:18:07,08:28:25,COMPLETED,25001.0,10302.1,1.74,619.83
113,easy,12,08:28:00,08:28:01,08:28:56,COMPLETED,26390.0,914.9,1.43,56.26
51,easy,12,08:28:10,08:28:13,08:29:44,COMPLETED,32312.0,1519.9,3.63,94.78
126,easy,12,08:30:31,08:30:33,08:31:10,COMPLETED,34048.0,612.5,2.47,39.01
19,medium,13,08:30:53,08:30:57,08:31:28,COMPLETED,28319.0,516.0,4.81,35.58
103,easy,11,08:31:06,08:31:10,08:31:28,COMPLETED,21438.0,313.1,4.01,22.58
67,easy,11,08:31:24,08:31:28,08:31:40,COMPLETED,28040.0,210.9,4.58,16.96
138,easy,12,08:31:37,08:31:40,08:32:17,COMPLETED,33532.0,615.0,3.96,40.84
33,easy,12,08:31:36,08:31:40,08:32:30,COMPLETED,30578.0,822.6,4.96,54.21
118,easy,11,08:32:46,08:32:48,08:33:00,COMPLETED,25781.0,208.4,2.55,14.99
124,easy,12,08:32:51,08:32:54,08:33:13,COMPLETED,24924.0,309.3,3.77,22.20
94,medium,13,08:28:38,08:28:44,08:34:08,COMPLETED,33938.0,5410.5,6.06,330.64
68,easy,11,08:34:01,08:34:02,08:34:08,COMPLETED,21450.0,105.6,1.39,7.64
76,easy,12,08:33:53,08:33:56,08:34:20,COMPLETED,27941.0,415.3,3.15,27.90
28,easy,12,08:33:39,08:33:43,08:34:51,COMPLETED,29357.0,1129.9,4.82,72.50
12,easy,11,08:35:04,08:35:09,08:35:22,COMPLETED,33064.0,208.6,5.99,18.33
141,medium,13,08:30:12,08:30:15,08:35:59,COMPLETED,31249.0,5735.9,3.10,347.20
16,easy,12,08:33:48,08:33:50,08:35:59,COMPLETED,35325.0,2155.0,2.03,131.20
21,easy,12,08:36:22,08:36:23,08:37:24,COMPLETED,33181.0,1017.8,1.71,62.66
17,easy,11,08:37:15,08:37:18,08:37:24,COMPLETED,21106.0,104.6,3.52,9.66
70,medium,13,08:37:02,08:37:06,08:38:25,COMPLETED,31354.0,1323.2,4.31,83.63
31,easy,11,08:39:00,08:39:02,08:39:14,COMPLETED,21925.0,205.0,2.15,14.36
11,easy,11,08:39:47,08:39:50,08:40:09,COMPLETED,27654.0,307.5,3.88,22.25
106,easy,11,08:40:01,08:40:03,08:40:09,COMPLETED,22585.0,103.9,2.11,8.25
64,medium,13,08:35:19,08:35:22,08:40:27,COMPLETED,30422.0,5090.6,3.33,308.67
9,easy,11,08:40:13,08:40:15,08:40:27,COMPLETED,26367.0,206.6,2.37,14.67
38,medium,13,08:40:12,08:40:15,08:41:10,COMPLETED,32894.0,919.9,3.37,58.44
128,easy,11,08:41:07,08:41:10,08:41:16,COMPLETED,21795.0,104.2,3.44,9.61
91,medium,13,08:37:24,08:37:24,08:41:22,COMPLETED,31364.0,3968.7,0.66,238.72
58,easy,12,08:41:00,08:41:04,08:41:34,COMPLETED,26182.0,515.1,4.29,34.96
81,easy,11,08:41:31,08:41:34,08:42:05,COMPLETED,26871.0,515.8,3.96,34.78
135,hard,15,08:10:59,08:11:00,08:42:42,COMPLETED,30319.0,31708.8,1.16,1903.66
87,easy,11,08:42:27,08:42:30,08:42:48,COMPLETED,24449.0,311.2,3.29,21.83
101,medium,13,08:40:24,08:40:27,08:43:01,COMPLETED,32301.0,2558.2,3.67,157.08
1,medium,13,08:43:11,08:43:13,08:43:50,COMPLETED,36127.0,617.9,2.40,39.35
149,easy,12,08:43:22,08:43:25,08:43:56,COMPLETED,23382.0,513.8,3.82,34.54
18,medium,14,08:35:21,08:35:22,08:44:27,COMPLETED,34319.0,9085.7,1.33,546.44
145,easy,11,08:44:07,08:44:08,08:44:27,COMPLETED,27153.0,312.7,1.82,20.44
20,medium,14,08:44:49,08:44:51,08:45:53,COMPLETED,28182.0,1028.5,2.98,64.47
132,hard,15,08:31:15,08:31:16,08:45:59,COMPLETED,23109.0,14725.7,1.29,884.75
88,medium,13,08:44:39,08:44:39,08:46:30,COMPLETED,22963.0,1847.3,0.72,111.43
78,easy,12,08:47:06,08:47:07,08:47:25,COMPLETED,26688.0,310.6,1.26,19.81
134,medium,14,08:40:15,08:40:15,08:47:31,COMPLETED,36968.0,7275.8,0.37,436.92
7,easy,12,08:47:01,08:47:01,08:47:38,COMPLETED,24117.0,617.9,0.03,37.03
4,medium,14,08:45:17,08:45:22,08:48:14,COMPLETED,22583.0,2864.7,5.73,177.55
89,medium,14,08:38:18,08:38:19,08:48:20,COMPLETED,26914.0,10019.9,1.50,602.64
32,easy,11,08:48:33,08:48:38,08:49:03,COMPLETED,27966.0,409.2,5.87,30.36
115,easy,12,08:48:33,08:48:38,08:49:03,COMPLETED,30665.0,408.8,5.87,30.36
109,easy,11,08:48:54,08:48:57,08:49:09,COMPLETED,31548.0,205.2,3.23,15.47
53,easy,12,08:48:47,08:48:51,08:49:33,COMPLETED,31173.0,714.4,4.10,46.90
127,easy,11,08:49:18,08:49:21,08:49:33,COMPLETED,21700.0,205.0,3.68,15.90
99,easy,11,08:50:13,08:50:16,08:50:22,COMPLETED,27415.0,103.4,3.61,9.73
140,easy,12,08:50:01,08:50:04,08:50:41,COMPLETED,20836.0,611.4,3.40,40.01
14,easy,12,08:50:49,08:50:53,08:51:29,COMPLETED,28622.0,615.0,4.18,40.96
122,easy,12,08:50:58,08:50:59,08:51:48,COMPLETED,32932.0,817.8,1.32,50.31
143,easy,12,08:51:49,08:51:54,08:52:12,COMPLETED,31131.0,307.5,5.42,23.79
46,medium,13,08:51:28,08:51:29,08:52:25,COMPLETED,29108.0,920.2,1.96,57.04
93,easy,12,08:52:13,08:52:18,08:52:43,COMPLETED,23398.0,412.7,5.90,30.52
54,hard,15,08:16:12,08:16:17,08:54:34,COMPLETED,31127.0,38270.5,5.86,2302.07
55,medium,13,08:51:06,08:51:11,08:54:34,COMPLETED,21937.0,3376.4,5.57,208.07
77,hard,15,08:35:03,08:35:03,08:56:24,COMPLETED,32980.0,21352.9,0.77,1281.88
27,medium,14,08:16:59,08:17:00,08:57:01,COMPLETED,35838.0,40020.7,1.51,2402.78
95,easy,12,08:55:37,08:55:41,08:57:20,COMPLETED,30032.0,1642.2,4.63,103.10
57,medium,14,08:52:03,08:52:06,08:57:38,COMPLETED,27615.0,5529.9,3.65,335.38
136,hard,15,08:44:19,08:44:21,08:57:44,COMPLETED,35691.0,13388.9,2.20,805.49
59,hard,15,08:49:44,08:49:46,08:58:02,COMPLETED,32430.0,8278.6,2.08,498.75
63,easy,12,08:58:29,08:58:33,08:59:28,COMPLETED,31267.0,919.0,4.15,59.12
60,easy,12,08:55:59,08:56:00,08:59:46,COMPLETED,32795.0,3774.6,1.20,227.62
129,easy,12,08:58:59,08:59:03,08:59:46,COMPLETED,28992.0,716.3,4.67,47.62
85,easy,11,08:59:25,08:59:28,08:59:46,COMPLETED,30998.0,309.2,3.12,21.62
49,easy,12,08:59:34,08:59:34,08:59:58,COMPLETED,31176.0,410.0,0.35,24.88
142,easy,12,08:59:23,08:59:28,09:00:11,COMPLETED,31255.0,716.7,5.12,48.06
35,medium,14,08:22:05,08:22:07,09:01:24,COMPLETED,38545.0,39281.3,2.36,2359.31
121,hard,15,08:21:25,08:21:30,09:02:31,COMPLETED,31278.0,41015.6,5.54,2466.42
244,easy,12,09:02:24,09:02:25,09:02:43,COMPLETED,32633.0,309.8,1.25,19.77
278,easy,11,09:02:32,09:02:37,09:02:43,COMPLETED,23660.0,105.3,5.59,11.77
186,easy,12,09:02:26,09:02:31,09:03:26,COMPLETED,31821.0,923.3,5.42,60.73
208,easy,11,09:03:04,09:03:08,09:03:26,COMPLETED,21456.0,308.8,4.32,22.73
160,easy,11,09:03:58,09:04:03,09:04:22,COMPLETED,33440.0,312.6,5.79,24.38
217,easy,12,09:04:55,09:04:59,09:05:30,COMPLETED,23784.0,527.2,4.60,35.93
196,easy,11,09:05:12,09:05:12,09:05:30,COMPLETED,27518.0,318.0,0.11,18.93
293,medium,13,09:04:36,09:04:40,09:05:43,COMPLETED,31495.0,1047.9,4.82,67.53
263,medium,13,09:00:32,09:00:35,09:06:08,COMPLETED,35607.0,5553.7,3.39,336.53
166,medium,14,09:01:11,09:01:12,09:06:14,COMPLETED,25434.0,5047.1,1.02,303.72
250,easy,11,09:06:01,09:06:02,09:06:14,COMPLETED,23080.0,212.0,1.22,13.72
182,easy,11,09:07:26,09:07:28,09:07:41,COMPLETED,24159.0,211.1,2.86,15.43
276,easy,11,09:08:31,09:08:31,09:08:50,COMPLETED,25629.0,320.5,0.21,19.06
289,easy,11,09:08:34,09:08:37,09:08:56,COMPLETED,29033.0,320.0,3.52,22.52
189,easy,11,09:08:57,09:09:02,09:09:09,COMPLETED,29029.0,110.0,5.79,12.10
133,hard,15,08:53:31,08:53:32,09:09:15,COMPLETED,29685.0,15716.7,1.51,944.44
287,easy,12,09:08:46,09:08:50,09:09:33,COMPLETED,30577.0,739.0,4.06,47.99
229,easy,12,09:09:32,09:09:33,09:10:05,COMPLETED,21199.0,521.5,1.99,33.19
150,easy,12,09:05:26,09:05:30,09:10:29,COMPLETED,29171.0,4984.9,4.93,303.93
227,easy,11,09:10:08,09:10:11,09:10:36,COMPLETED,34118.0,414.0,3.43,28.10
233,medium,13,09:03:15,09:03:20,09:11:13,COMPLETED,25674.0,7876.3,5.58,478.09
161,medium,13,09:09:31,09:09:33,09:11:13,COMPLETED,34854.0,1653.5,2.99,102.09
183,medium,14,09:01:17,09:01:18,09:11:25,COMPLETED,28093.0,10122.8,1.17,608.47
163,easy,12,09:07:51,09:07:53,09:11:37,COMPLETED,32215.0,3735.7,2.78,226.79
184,easy,11,09:11:33,09:11:37,09:11:50,COMPLETED,22363.0,207.9,4.79,17.13
246,easy,11,09:11:57,09:12:02,09:12:14,COMPLETED,18499.0,209.4,5.42,17.83
221,medium,13,09:11:14,09:11:19,09:13:04,COMPLETED,32450.0,1751.9,5.25,110.17
209,medium,14,09:02:48,09:02:49,09:13:10,COMPLETED,31664.0,10342.9,1.93,622.42
239,medium,13,09:07:25,09:07:28,09:13:10,COMPLETED,33179.0,5694.7,3.86,345.42
180,easy,12,09:13:03,09:13:04,09:13:22,COMPLETED,23237.0,312.6,1.17,19.78
215,easy,11,09:13:40,09:13:41,09:13:47,COMPLETED,27453.0,106.1,1.27,7.49
226,medium,13,09:13:30,09:13:35,09:14:18,COMPLETED,28217.0,722.5,5.07,48.28
201,easy,11,09:15:11,09:15:13,09:15:20,COMPLETED,23489.0,108.8,2.71,9.02
258,easy,11,09:14:58,09:15:01,09:15:38,COMPLETED,30146.0,623.7,3.35,40.57
264,easy,11,09:15:38,09:15:38,09:15:44,COMPLETED,28230.0,105.8,0.57,6.82
272,easy,12,09:15:37,09:15:38,09:15:57,COMPLETED,27038.0,311.7,1.57,20.12
290,easy,11,09:16:09,09:16:09,09:16:28,COMPLETED,30398.0,313.5,0.47,19.16
295,medium,13,09:10:00,09:10:05,09:16:40,COMPLETED,39481.0,6590.8,5.19,400.53
261,medium,13,09:16:14,09:16:15,09:17:17,COMPLETED,30590.0,1030.7,1.76,63.47
256,easy,11,09:17:33,09:17:35,09:17:48,COMPLETED,26478.0,210.6,2.92,15.37
274,easy,12,09:16:51,09:16:52,09:17:54,COMPLETED,25426.0,1031.6,1.83,63.59
241,medium,13,09:17:48,09:17:48,09:18:06,COMPLETED,28482.0,311.3,0.37,18.91
174,easy,11,09:18:14,09:18:19,09:18:31,COMPLETED,28682.0,209.8,5.22,17.62
285,hard,15,09:16:07,09:16:09,09:19:08,COMPLETED,26113.0,2987.8,2.47,181.61
159,medium,14,09:09:45,09:09:46,09:19:33,COMPLETED,35370.0,9777.1,1.65,588.21
219,hard,15,09:04:45,09:04:47,09:19:39,COMPLETED,37527.0,14872.4,2.10,894.37
187,easy,11,09:19:42,09:19:45,09:19:51,COMPLETED,29226.0,105.6,3.53,9.72
271,easy,12,09:17:41,09:17:42,09:20:10,COMPLETED,24322.0,2469.3,1.12,149.16
247,easy,11,09:20:21,09:20:22,09:20:35,COMPLETED,20036.0,210.9,1.52,14.01
267,easy,12,09:20:35,09:20:35,09:20:59,COMPLETED,29673.0,416.7,0.01,24.88
162,hard,15,09:08:48,09:08:50,09:21:43,COMPLETED,30454.0,12887.1,2.06,775.25
185,medium,13,09:18:21,09:18:25,09:21:43,COMPLETED,27553.0,3300.2,4.41,202.25
157,easy,12,09:22:17,09:22:20,09:22:32,COMPLETED,26130.0,208.8,3.36,15.76
205,medium,13,09:21:39,09:21:43,09:25:06,COMPLETED,25878.0,3391.7,4.25,207.57
207,easy,11,09:25:26,09:25:31,09:25:37,COMPLETED,32965.0,105.6,5.22,11.42
230,medium,14,09:11:18,09:11:19,09:25:43,COMPLETED,36196.0,14406.5,1.25,865.59
192,easy,11,09:26:01,09:26:02,09:26:14,COMPLETED,27986.0,208.0,1.02,13.36
240,easy,12,09:26:35,09:26:39,09:26:57,COMPLETED,26055.0,313.0,4.00,22.64
177,easy,12,09:26:47,09:26:51,09:28:11,COMPLETED,34311.0,1343.3,4.44,84.86
251,medium,14,09:23:24,09:23:28,09:28:24,COMPLETED,31729.0,4942.0,4.12,300.45
158,hard,15,09:12:06,09:12:08,09:29:08,COMPLETED,31952.0,16994.0,2.62,1022.09
202,medium,13,09:26:24,09:26:26,09:29:39,COMPLETED,28318.0,3215.8,2.66,195.28
172,easy,11,09:29:21,09:29:26,09:29:51,COMPLETED,33104.0,423.5,5.66,30.84
79,hard,15,08:49:12,08:49:15,09:29:58,COMPLETED,37553.0,40710.7,3.56,2446.13
252,medium,13,09:26:38,09:26:39,09:30:29,COMPLETED,29602.0,3839.1,1.00,231.24
277,easy,11,09:33:26,09:33:28,09:33:34,COMPLETED,29291.0,109.2,2.58,8.91
169,hard,15,09:00:34,09:00:35,09:34:18,COMPLETED,35925.0,33719.2,1.39,2024.53
294,easy,12,09:33:57,09:33:59,09:34:30,COMPLETED,21528.0,519.0,2.86,33.83
213,medium,14,09:24:26,09:24:29,09:34:43,COMPLETED,30886.0,10228.4,3.62,617.21
232,easy,12,09:34:46,09:34:49,09:35:32,COMPLETED,30546.0,724.8,3.37,46.73
253,easy,12,09:35:16,09:35:20,09:35:38,COMPLETED,28982.0,311.0,4.38,22.90
288,hard,15,09:15:18,09:15:20,09:35:57,COMPLETED,34780.0,20625.5,2.02,1239.46
220,easy,12,09:35:48,09:35:51,09:36:34,COMPLETED,30870.0,725.2,3.26,46.62
153,easy,12,09:37:59,09:38:01,09:38:26,COMPLETED,30947.0,420.5,2.30,27.34
98,hard,15,08:01:10,08:01:13,09:38:32,COMPLETED,35315.0,97326.4,3.01,5842.58
231,easy,12,09:36:20,09:36:22,09:39:03,COMPLETED,34764.0,2692.9,2.16,163.59
298,easy,11,09:38:19,09:38:20,09:39:03,COMPLETED,34306.0,729.5,1.08,44.59
199,medium,13,09:38:11,09:38:13,09:39:09,COMPLETED,27753.0,938.2,2.80,58.87
151,medium,13,09:36:17,09:36:22,09:39:16,COMPLETED,29023.0,2901.5,5.16,179.12
260,medium,13,09:34:47,09:34:49,09:39:47,COMPLETED,29044.0,4966.9,2.37,300.13
176,medium,14,09:36:46,09:36:46,09:39:59,COMPLETED,26943.0,3217.3,1.00,193.80
282,medium,14,09:20:15,09:20:16,09:40:06,COMPLETED,32323.0,19832.6,1.31,1191.12
181,medium,13,09:38:03,09:38:07,09:40:49,COMPLETED,27460.0,2711.4,4.55,167.00
299,easy,12,09:39:46,09:39:47,09:40:49,COMPLETED,27818.0,1052.1,1.13,64.00
254,easy,11,09:40:39,09:40:43,09:41:27,COMPLETED,25275.0,736.9,4.74,48.65
284,easy,11,09:41:21,09:41:21,09:41:34,COMPLETED,29998.0,216.2,0.29,13.02
211,medium,13,09:40:08,09:40:12,09:41:46,COMPLETED,36059.0,1572.7,4.42,98.57
206,medium,14,09:35:02,09:35:08,09:42:11,COMPLETED,35628.0,7062.3,6.03,429.57
152,easy,11,09:42:32,09:42:36,09:42:42,COMPLETED,22545.0,107.4,4.51,10.71
212,medium,13,09:41:26,09:41:27,09:42:48,COMPLETED,30122.0,1358.0,1.65,83.00
242,medium,14,09:36:10,09:36:15,09:43:45,COMPLETED,33610.0,7492.6,5.95,455.22
22,hard,15,08:43:05,08:43:07,09:44:10,COMPLETED,36581.0,61054.4,2.18,3665.42
273,hard,15,09:35:45,09:35:45,09:44:22,COMPLETED,33899.0,8631.4,0.06,517.76
175,hard,15,09:09:44,09:09:46,09:44:47,COMPLETED,32074.0,35020.0,2.65,2103.68
200,hard,15,09:37:21,09:37:24,09:45:31,COMPLETED,31158.0,8123.5,3.10,490.40
194,easy,11,09:45:02,09:45:06,09:45:31,COMPLETED,30293.0,417.4,4.51,29.40
268,medium,14,09:43:10,09:43:13,09:46:33,COMPLETED,30830.0,3324.6,3.84,203.20
283,easy,11,09:46:14,09:46:14,09:46:39,COMPLETED,27126.0,414.9,0.62,25.37
218,easy,12,09:46:55,09:46:57,09:47:41,COMPLETED,26339.0,725.7,2.89,46.26
154,medium,14,09:05:50,09:05:55,09:47:47,COMPLETED,37573.0,41860.7,5.90,2517.47
257,medium,14,09:25:03,09:25:06,09:47:47,COMPLETED,34573.0,22683.7,3.57,1364.47
266,hard,15,09:34:35,09:34:37,09:47:47,COMPLETED,30677.0,13176.5,2.03,792.47
222,easy,11,09:47:27,09:47:28,09:47:47,COMPLETED,17558.0,314.1,1.84,20.47
171,medium,14,09:43:59,09:44:04,09:48:24,COMPLETED,29891.0,4341.1,5.08,265.44
29,medium,14,08:45:48,08:45:53,09:48:42,COMPLETED,29438.0,62824.7,5.47,3774.93
291,easy,11,09:48:31,09:48:36,09:48:42,COMPLETED,29425.0,105.6,5.74,11.93
297,easy,12,09:49:05,09:49:07,09:49:38,COMPLETED,26268.0,518.0,2.59,33.52
173,hard,15,09:10:54,09:10:54,09:50:09,COMPLETED,26413.0,39247.4,0.59,2355.38
243,medium,13,09:45:52,09:45:56,09:50:40,COMPLETED,26122.0,4740.7,4.04,288.31
195,easy,12,09:49:49,09:49:50,09:51:17,COMPLETED,26615.0,1448.5,1.86,88.59
116,hard,15,08:32:20,08:32:23,09:51:36,COMPLETED,41214.0,79207.6,3.99,4756.42
190,easy,11,09:51:30,09:51:30,09:51:48,COMPLETED,30357.0,319.8,0.07,18.93
265,medium,14,09:41:02,09:41:02,09:52:26,COMPLETED,28292.0,11399.2,0.48,684.41
234,medium,14,09:46:18,09:46:20,09:52:32,COMPLETED,26992.0,6197.4,2.82,374.57
156,easy,11,09:52:44,09:52:44,09:52:57,COMPLETED,25861.0,212.5,0.95,13.49
245,easy,12,09:53:21,09:53:22,09:53:47,COMPLETED,23960.0,421.4,1.50,26.58
296,medium,14,09:43:43,09:43:45,09:54:00,COMPLETED,31531.0,10248.6,2.22,617.05
262,easy,12,09:53:31,09:53:35,09:54:18,COMPLETED,28771.0,729.8,4.10,47.62
168,easy,11,09:54:20,09:54:24,09:54:31,COMPLETED,34578.0,109.4,4.93,11.28
270,hard,15,09:15:11,09:15:13,09:54:50,COMPLETED,33132.0,39608.9,2.71,2379.11
248,easy,11,09:54:37,09:54:37,09:55:21,COMPLETED,32299.0,732.7,0.54,44.39
167,easy,11,09:55:00,09:55:02,09:55:21,COMPLETED,24032.0,313.7,2.71,21.39
216,medium,13,09:49:21,09:49:26,09:55:46,COMPLETED,27761.0,6336.9,5.10,385.17
280,easy,11,09:56:01,09:56:04,09:56:17,COMPLETED,31329.0,213.2,3.82,16.39
281,easy,12,09:53:15,09:53:16,09:56:36,COMPLETED,28704.0,3335.1,1.18,201.11
197,easy,11,09:56:30,09:56:36,09:56:48,COMPLETED,31655.0,209.1,6.11,18.48
279,medium,14,09:29:37,09:29:39,09:57:00,COMPLETED,33950.0,27360.5,2.28,1643.84
228,medium,13,09:55:43,09:55:46,09:57:25,COMPLETED,32380.0,1657.7,3.17,102.50
235,easy,12,09:56:45,09:56:48,09:57:25,COMPLETED,29404.0,619.3,3.48,40.50
269,easy,11,09:57:14,09:57:19,09:57:25,COMPLETED,32051.0,106.2,5.28,11.50
193,easy,11,09:57:17,09:57:19,09:57:25,COMPLETED,21194.0,105.7,2.28,8.50
223,hard,15,09:05:06,09:05:12,09:57:31,COMPLETED,34089.0,52328.1,6.11,3145.69
203,medium,14,09:51:18,09:51:23,09:58:02,COMPLETED,30731.0,6648.4,5.80,404.61
236,easy,11,09:57:26,09:57:31,09:58:02,COMPLETED,36127.0,517.6,5.69,36.61
286,easy,11,09:57:56,09:57:56,09:58:14,COMPLETED,34568.0,310.6,0.39,18.91
210,medium,14,09:55:10,09:55:15,09:58:21,COMPLETED,27977.0,3100.0,5.16,191.05
249,medium,14,09:54:44,09:54:50,09:58:27,COMPLETED,30646.0,3620.3,6.11,223.19
255,medium,13,09:58:23,09:58:27,09:59:34,COMPLETED,26168.0,1126.0,4.19,71.64
377,easy,11,10:00:37,10:00:42,10:00:48,COMPLETED,27325.0,105.8,5.12,11.33
321,easy,11,10:01:11,10:01:12,10:01:19,COMPLETED,28502.0,105.7,1.87,8.04
413,easy,12,10:01:24,10:01:25,10:01:49,COMPLETED,31660.0,413.0,1.24,25.90
165,medium,14,09:48:45,09:48:49,10:02:51,COMPLETED,29849.0,14041.7,4.09,846.50
429,easy,11,10:02:21,10:02:26,10:02:51,COMPLETED,27237.0,414.8,5.75,30.50
394,easy,11,10:02:36,10:02:39,10:03:03,COMPLETED,26183.0,413.4,3.12,27.80
275,medium,14,09:28:16,09:28:18,10:03:16,COMPLETED,28361.0,34967.8,2.08,2100.08
178,hard,15,09:24:22,09:24:23,10:04:05,COMPLETED,29386.0,39708.4,1.40,2383.84
346,easy,12,10:03:49,10:03:53,10:04:05,COMPLETED,18454.0,212.7,4.25,16.84
417,easy,12,10:04:36,10:04:36,10:04:49,COMPLETED,35367.0,214.9,0.99,13.79
434,easy,12,10:03:51,10:03:53,10:04:56,COMPLETED,27637.0,1048.1,2.25,65.07
313,easy,11,10:04:33,10:04:36,10:05:02,COMPLETED,36101.0,424.9,3.99,29.28
237,medium,13,09:59:56,09:59:59,10:05:20,COMPLETED,33188.0,5364.6,3.18,324.92
224,hard,15,09:02:24,09:02:25,10:05:27,COMPLETED,24147.0,63033.8,1.25,3783.12
435,easy,12,10:05:26,10:05:27,10:05:52,COMPLETED,24839.0,420.2,1.12,26.13
393,easy,12,10:03:40,10:03:40,10:05:58,COMPLETED,28864.0,2298.8,0.64,138.39
440,easy,11,10:06:24,10:06:29,10:06:35,COMPLETED,33151.0,106.5,5.23,11.45
147,medium,14,08:15:42,08:15:47,10:07:00,COMPLETED,41766.0,111211.5,5.45,6678.09
397,easy,12,10:05:56,10:05:58,10:07:06,COMPLETED,33136.0,1134.2,2.39,70.31
403,medium,13,10:02:42,10:02:45,10:07:37,COMPLETED,33356.0,4863.8,3.31,295.04
447,easy,12,10:07:56,10:08:01,10:08:26,COMPLETED,25104.0,415.1,5.79,30.55
438,easy,11,10:08:29,10:08:32,10:08:38,COMPLETED,23792.0,106.1,3.73,9.94
214,medium,14,09:46:50,09:46:51,10:08:45,COMPLETED,35616.0,21891.6,1.69,1315.12
332,easy,12,10:07:51,10:07:55,10:09:09,COMPLETED,26867.0,1240.4,4.59,78.84
432,easy,11,10:09:07,10:09:09,10:09:16,COMPLETED,26042.0,106.3,2.84,9.06
148,medium,14,08:59:48,08:59:52,10:09:59,COMPLETED,45124.0,70107.9,4.75,4211.19
406,easy,11,10:10:06,10:10:11,10:10:17,COMPLETED,18981.0,105.8,5.51,11.71
359,easy,11,10:10:25,10:10:30,10:10:42,COMPLETED,28478.0,209.9,5.03,17.43
373,easy,11,10:10:40,10:10:42,10:11:07,COMPLETED,37040.0,416.1,2.43,27.24
428,easy,11,10:10:51,10:10:54,10:11:07,COMPLETED,22994.0,209.9,3.81,16.24
336,medium,13,10:07:41,10:07:43,10:11:44,COMPLETED,25044.0,4018.5,2.21,243.23
424,easy,12,10:10:58,10:11:01,10:11:44,COMPLETED,26026.0,723.3,3.02,46.23
386,medium,13,10:10:26,10:10:30,10:12:15,COMPLETED,33299.0,1753.5,4.03,109.14
358,medium,13,10:11:53,10:11:56,10:12:27,COMPLETED,28606.0,519.3,3.61,34.53
392,easy,11,10:12:16,10:12:21,10:12:27,COMPLETED,27542.0,107.9,5.31,11.53
302,easy,11,10:12:56,10:12:58,10:13:05,COMPLETED,29044.0,107.9,2.90,9.12
361,easy,12,10:12:37,10:12:40,10:13:11,COMPLETED,26951.0,525.2,3.05,34.42
367,easy,12,10:12:50,10:12:52,10:13:23,COMPLETED,28093.0,522.5,2.66,33.84
423,easy,12,10:12:25,10:12:27,10:13:30,COMPLETED,30274.0,1045.8,2.53,65.03
418,easy,11,10:14:24,10:14:26,10:14:44,COMPLETED,25222.0,316.4,2.21,20.82
448,medium,14,10:06:58,10:07:00,10:15:53,COMPLETED,32418.0,8891.7,2.09,535.40
400,medium,13,10:04:30,10:04:30,10:15:59,COMPLETED,39643.0,11486.0,0.70,689.69
328,easy,12,10:14:09,10:14:13,10:15:59,COMPLETED,34708.0,1773.2,4.57,110.69
370,medium,13,10:05:45,10:05:45,10:16:24,COMPLETED,27847.0,10648.6,0.94,639.72
316,medium,13,10:08:05,10:08:07,10:17:02,COMPLETED,33286.0,8906.4,3.00,537.05
320,easy,11,10:16:59,10:17:02,10:17:14,COMPLETED,18278.0,212.8,3.05,15.70
355,medium,13,10:13:36,10:13:36,10:17:33,COMPLETED,28307.0,3954.0,0.31,237.21
412,easy,12,10:16:13,10:16:18,10:17:33,COMPLETED,23432.0,1253.7,5.36,80.21
204,hard,15,09:49:31,09:49:32,10:18:35,COMPLETED,32181.0,29059.9,1.31,1744.80
443,easy,11,10:18:11,10:18:16,10:18:35,COMPLETED,30053.0,319.8,5.86,24.80
315,easy,11,10:17:35,10:17:39,10:18:42,COMPLETED,32692.0,1046.2,4.63,67.10
407,medium,13,10:18:12,10:18:16,10:19:00,COMPLETED,31732.0,732.3,4.86,48.78
344,medium,13,10:05:50,10:05:52,10:19:06,COMPLETED,37111.0,13248.4,2.13,796.92
69,hard,15,08:58:58,08:59:03,10:19:13,COMPLETED,30829.0,80158.0,5.67,4815.09
348,easy,11,10:19:35,10:19:37,10:19:56,COMPLETED,22130.0,309.8,2.63,21.10
198,medium,14,09:59:42,09:59:46,10:20:45,COMPLETED,35167.0,20972.4,4.89,1263.17
390,easy,11,10:20:56,10:20:57,10:21:03,COMPLETED,24800.0,104.9,1.42,7.60
427,easy,11,10:21:32,10:21:34,10:21:46,COMPLETED,24332.0,209.4,2.28,14.61
317,easy,11,10:21:44,10:21:46,10:22:11,COMPLETED,32210.0,413.7,2.61,27.34
343,easy,11,10:22:27,10:22:29,10:22:48,COMPLETED,28432.0,309.9,2.84,21.31
430,hard,15,10:17:29,10:17:33,10:23:00,COMPLETED,33489.0,5457.9,4.21,331.59
389,medium,14,10:05:33,10:05:33,10:23:25,COMPLETED,30881.0,17863.1,0.48,1072.18
300,easy,12,10:21:43,10:21:46,10:23:43,COMPLETED,30311.0,1951.3,3.61,120.58
396,easy,12,10:21:24,10:21:28,10:23:49,COMPLETED,20957.0,2362.2,4.11,145.73
439,hard,15,10:08:58,10:09:03,10:24:08,COMPLETED,39182.0,15077.8,5.63,910.18
446,medium,13,10:23:07,10:23:12,10:24:57,COMPLETED,29676.0,1741.3,5.86,110.24
399,easy,11,10:24:10,10:24:14,10:24:57,COMPLETED,41051.0,716.9,4.35,47.24
71,hard,15,08:55:05,08:55:10,10:25:34,COMPLETED,28687.0,90386.5,5.82,5429.01
334,easy,11,10:26:21,10:26:22,10:26:29,COMPLETED,22132.0,104.5,1.99,8.19
310,hard,15,10:03:44,10:03:46,10:26:59,COMPLETED,32524.0,23215.2,2.94,1395.78
437,easy,12,10:27:28,10:27:30,10:28:01,COMPLETED,21910.0,516.5,2.45,33.31
335,medium,14,10:26:20,10:26:22,10:28:13,COMPLETED,34810.0,1845.4,2.99,113.62
376,medium,14,10:27:08,10:27:12,10:28:50,COMPLETED,31628.0,1642.6,4.02,102.43
305,easy,12,10:28:40,10:28:44,10:29:15,COMPLETED,28765.0,515.4,4.26,35.07
191,hard,15,09:47:12,09:47:16,10:29:33,COMPLETED,27242.0,42290.0,4.41,2541.74
408,easy,11,10:29:42,10:29:46,10:29:52,COMPLETED,30976.0,106.8,4.18,10.39
411,easy,12,10:29:19,10:29:21,10:30:04,COMPLETED,27424.0,730.0,2.21,45.81
318,medium,14,10:07:39,10:07:43,10:30:29,COMPLETED,30770.0,22776.4,4.21,1370.59
433,medium,14,10:22:16,10:22:17,10:30:54,COMPLETED,22936.0,8612.5,1.52,518.19
371,medium,13,10:27:35,10:27:36,10:30:54,COMPLETED,28420.0,3294.7,1.61,199.19
329,easy,11,10:30:56,10:31:00,10:31:18,COMPLETED,20194.0,311.4,4.32,22.73
301,easy,11,10:31:36,10:31:37,10:31:55,COMPLETED,28511.0,310.1,1.35,19.85
360,easy,12,10:31:09,10:31:12,10:32:08,COMPLETED,23841.0,928.3,3.57,59.13
164,hard,15,09:57:27,09:57:31,10:32:57,COMPLETED,27273.0,35428.8,4.69,2130.40
391,easy,12,10:32:12,10:32:14,10:32:57,COMPLETED,31162.0,720.2,2.32,45.40
312,medium,14,10:19:10,10:19:13,10:34:17,COMPLETED,28268.0,15072.8,3.09,907.39
405,easy,12,10:32:07,10:32:08,10:35:00,COMPLETED,26350.0,2873.8,1.13,173.44
369,medium,13,10:31:36,10:31:37,10:35:31,COMPLETED,24467.0,3897.8,1.35,235.16
363,easy,12,10:34:50,10:34:54,10:35:43,COMPLETED,29625.0,822.7,4.24,53.48
384,medium,13,10:33:36,10:33:40,10:36:26,COMPLETED,26849.0,2770.0,4.50,170.56
357,medium,14,10:31:29,10:31:31,10:36:32,COMPLETED,31649.0,5028.3,2.19,303.73
342,easy,11,10:36:32,10:36:32,10:36:38,COMPLETED,21328.0,106.0,0.73,6.96
441,easy,12,10:35:51,10:35:55,10:36:51,COMPLETED,29895.0,927.0,4.76,60.26
303,easy,11,10:36:52,10:36:57,10:37:03,COMPLETED,25653.0,107.4,5.41,11.65
331,easy,12,10:37:37,10:37:40,10:38:30,COMPLETED,29026.0,831.2,3.77,53.53
421,easy,12,10:38:42,10:38:42,10:38:55,COMPLETED,30915.0,209.8,0.89,13.43
322,easy,11,10:38:38,10:38:42,10:39:07,COMPLETED,24558.0,420.6,4.89,29.81
374,easy,12,10:38:23,10:38:24,10:39:20,COMPLETED,28063.0,944.8,1.22,57.53
327,easy,12,10:39:04,10:39:07,10:39:33,COMPLETED,26680.0,426.4,3.81,29.21
383,easy,11,10:39:18,10:39:20,10:39:45,COMPLETED,33931.0,421.4,2.53,27.69
349,easy,11,10:39:59,10:40:04,10:40:10,COMPLETED,25710.0,106.5,5.38,11.57
365,easy,11,10:40:29,10:40:29,10:40:48,COMPLETED,29340.0,319.5,0.17,19.14
382,easy,11,10:40:30,10:40:35,10:40:48,COMPLETED,24414.0,216.2,5.40,18.14
422,easy,11,10:40:49,10:40:54,10:41:13,COMPLETED,31328.0,318.9,5.44,24.36
364,easy,12,10:40:31,10:40:35,10:41:19,COMPLETED,28354.0,739.8,4.40,48.62
398,medium,14,10:36:56,10:36:57,10:42:03,COMPLETED,29278.0,5095.7,1.41,307.07
325,easy,12,10:40:55,10:41:00,10:42:15,COMPLETED,31036.0,1248.3,5.77,80.44
292,hard,15,09:03:49,09:03:51,10:42:28,COMPLETED,41939.0,98614.9,2.36,5919.22
319,medium,13,10:39:15,10:39:20,10:43:05,COMPLETED,24933.0,3753.5,5.53,230.63
444,easy,12,10:42:43,10:42:46,10:43:36,COMPLETED,27633.0,826.9,3.92,53.42
354,medium,14,10:42:04,10:42:09,10:43:48,COMPLETED,26605.0,1660.8,5.26,104.72
307,medium,14,10:31:18,10:31:18,10:44:07,COMPLETED,32614.0,12809.5,0.73,769.22
347,medium,13,10:39:11,10:39:14,10:44:37,COMPLETED,31838.0,5396.9,3.18,326.90
431,easy,12,10:43:47,10:43:48,10:44:56,COMPLETED,30330.0,1129.2,1.72,69.32
395,medium,14,10:43:26,10:43:30,10:45:39,COMPLETED,35685.0,2155.3,4.22,133.42
339,easy,12,10:45:13,10:45:14,10:45:51,COMPLETED,20121.0,619.3,1.74,38.77
353,medium,13,10:28:48,10:28:50,10:46:28,COMPLETED,35902.0,17639.8,2.43,1060.66
426,easy,11,10:46:00,10:46:04,10:46:34,COMPLETED,33630.0,516.5,4.07,34.91
350,easy,12,10:45:40,10:45:45,10:46:41,COMPLETED,30624.0,927.7,5.58,61.10
306,easy,12,10:45:33,10:45:33,10:46:59,COMPLETED,26095.0,1440.1,0.24,86.52
324,medium,14,10:46:26,10:46:28,10:48:25,COMPLETED,30184.0,1953.1,2.66,119.64
323,medium,14,10:48:31,10:48:31,10:49:46,COMPLETED,30458.0,1241.8,0.89,75.21
401,easy,11,10:50:21,10:50:23,10:50:35,COMPLETED,21697.0,210.2,2.45,14.89
352,easy,12,10:51:16,10:51:19,10:51:44,COMPLETED,28705.0,421.5,3.63,28.69
402,easy,11,10:51:34,10:51:38,10:51:44,COMPLETED,33784.0,110.9,4.31,10.69
309,easy,11,10:52:09,10:52:09,10:52:16,COMPLETED,22273.0,108.8,0.74,7.21
381,easy,11,10:52:08,10:52:09,10:52:41,COMPLETED,30458.0,527.4,1.74,33.13
375,medium,14,10:33:27,10:33:28,10:53:31,COMPLETED,31028.0,20053.5,1.16,1204.22
388,medium,13,10:47:33,10:47:36,10:54:14,COMPLETED,30359.0,6644.8,3.29,401.86
419,medium,13,10:50:06,10:50:10,10:54:33,COMPLETED,34854.0,4375.7,4.97,267.40
333,easy,11,10:54:54,10:54:58,10:55:04,COMPLETED,24089.0,106.9,4.06,10.27
378,hard,15,10:01:13,10:01:19,10:55:47,COMPLETED,30130.0,54475.3,6.04,3274.51
425,easy,11,10:55:01,10:55:04,10:55:47,COMPLETED,38477.0,723.4,3.27,46.51
414,easy,12,10:55:40,10:55:41,10:55:59,COMPLETED,24795.0,311.7,1.30,19.85
170,hard,15,09:27:38,09:27:40,10:57:01,COMPLETED,31887.0,89347.8,2.74,5363.58
314,easy,12,10:56:50,10:56:55,10:57:01,COMPLETED,23176.0,106.5,5.36,11.58
380,hard,15,10:34:50,10:34:54,10:57:32,COMPLETED,34728.0,22638.2,4.24,1362.48
304,easy,12,10:57:10,10:57:13,10:57:44,COMPLETED,29022.0,518.2,3.92,34.86
436,medium,13,10:50:20,10:50:23,10:58:28,COMPLETED,38278.0,8078.9,3.45,488.09
445,easy,11,10:59:17,10:59:17,10:59:42,COMPLETED,34022.0,418.8,0.73,25.59
504,easy,12,11:00:12,11:00:14,11:00:26,COMPLETED,28014.0,212.5,2.07,14.66
356,hard,15,10:33:20,10:33:21,11:00:51,COMPLETED,35500.0,27497.0,1.96,1651.68
351,medium,13,10:53:58,10:54:02,11:01:29,COMPLETED,25312.0,7450.4,4.43,451.25
409,medium,14,10:56:10,10:56:12,11:01:35,COMPLETED,27608.0,5393.3,2.18,325.57
557,easy,12,11:01:36,11:01:41,11:02:00,COMPLETED,28284.0,316.8,5.89,24.74
529,easy,12,11:03:09,11:03:09,11:03:35,COMPLETED,23704.0,428.0,0.73,26.17
368,medium,13,10:57:16,10:57:20,11:03:41,COMPLETED,30217.0,6357.9,4.12,385.46
526,easy,11,11:03:16,11:03:16,11:03:41,COMPLETED,29809.0,426.9,0.03,25.46
530,easy,12,11:03:35,11:03:35,11:03:53,COMPLETED,25887.0,318.4,0.17,18.99
569,easy,12,11:03:27,11:03:28,11:04:18,COMPLETED,27623.0,840.4,1.73,51.95
308,hard,15,10:51:54,10:51:57,11:04:25,COMPLETED,36384.0,12468.8,3.24,751.18
442,medium,13,10:58:55,10:58:58,11:04:43,COMPLETED,28134.0,5754.1,3.92,348.95
493,easy,12,11:05:03,11:05:09,11:05:58,COMPLETED,31044.0,830.2,6.04,55.68
519,easy,12,11:07:02,11:07:06,11:07:25,COMPLETED,30786.0,313.8,4.87,23.52
404,medium,14,10:59:08,10:59:11,11:07:31,COMPLETED,37779.0,8340.9,3.39,503.72
449,medium,14,10:53:22,10:53:24,11:08:27,COMPLETED,34703.0,15045.9,2.85,905.45
497,medium,14,11:02:37,11:02:38,11:09:29,COMPLETED,24896.0,6857.5,1.33,412.60
482,easy,12,11:09:26,11:09:29,11:09:54,COMPLETED,25166.0,417.5,3.60,28.48
5,hard,15,08:56:54,08:56:55,11:10:06,COMPLETED,32424.0,133188.9,1.60,7992.88
573,easy,11,11:10:03,11:10:06,11:10:25,COMPLETED,25689.0,313.7,3.88,22.52
575,easy,12,11:09:43,11:09:48,11:10:37,COMPLETED,28686.0,833.3,5.24,54.91
515,easy,12,11:08:41,11:08:46,11:10:44,COMPLETED,26311.0,1972.3,5.10,123.27
469,medium,13,11:01:52,11:01:54,11:10:56,COMPLETED,34710.0,9037.8,2.53,544.66
509,medium,13,11:05:40,11:05:40,11:11:02,COMPLETED,31062.0,5383.5,0.04,322.86
259,medium,14,09:51:43,09:51:48,11:11:33,COMPLETED,31004.0,79750.2,5.93,4790.88
544,easy,11,11:10:59,11:11:02,11:11:40,COMPLETED,26186.0,623.5,3.86,41.11
580,easy,11,11:11:31,11:11:33,11:12:04,COMPLETED,29982.0,519.9,2.88,33.90
461,medium,13,11:11:21,11:11:21,11:12:23,COMPLETED,23986.0,1037.7,0.47,62.49
536,medium,14,11:00:59,11:01:04,11:12:48,COMPLETED,34845.0,11745.3,5.18,709.70
451,easy,12,11:12:23,11:12:23,11:12:55,COMPLETED,24290.0,530.5,0.49,32.04
579,medium,13,11:12:42,11:12:42,11:14:29,COMPLETED,25259.0,1791.1,0.39,107.62
585,easy,11,11:14:16,11:14:16,11:14:29,COMPLETED,26096.0,218.3,0.69,13.62
547,easy,12,11:14:11,11:14:16,11:14:42,COMPLETED,26359.0,434.3,5.69,31.31
454,easy,11,11:14:38,11:14:42,11:14:48,COMPLETED,27679.0,113.2,4.31,10.82
583,medium,14,11:08:15,11:08:21,11:15:45,COMPLETED,23645.0,7409.7,6.20,450.54
330,medium,13,10:56:44,10:56:49,11:15:51,COMPLETED,26432.0,19049.1,5.15,1147.92
453,medium,13,11:12:59,11:13:01,11:15:58,COMPLETED,24191.0,2952.1,2.38,179.26
464,easy,12,11:15:35,11:15:39,11:15:58,COMPLETED,24516.0,324.4,4.12,23.26
556,medium,13,11:08:24,11:08:27,11:16:11,COMPLETED,38529.0,7730.5,3.45,467.06
502,medium,13,11:16:14,11:16:17,11:16:55,COMPLETED,23116.0,633.4,3.39,41.19
531,easy,11,11:16:58,11:17:01,11:17:07,COMPLETED,25584.0,106.6,3.42,9.65
512,medium,14,11:05:44,11:05:46,11:17:20,COMPLETED,39209.0,11565.9,2.28,696.02
570,medium,13,11:11:46,11:11:46,11:17:20,COMPLETED,37969.0,5566.1,0.31,334.02
550,hard,15,11:06:42,11:06:42,11:18:34,COMPLETED,27669.0,11880.6,0.02,712.69
518,easy,11,11:18:25,11:18:28,11:18:34,COMPLETED,25693.0,107.9,3.46,9.69
595,easy,12,11:17:34,11:17:38,11:18:53,COMPLETED,23915.0,1245.5,4.76,79.32
568,easy,11,11:18:30,11:18:34,11:18:59,COMPLETED,32703.0,416.7,4.69,29.53
537,medium,13,11:10:33,11:10:37,11:19:05,COMPLETED,31380.0,8466.5,4.91,512.72
459,easy,11,11:19:29,11:19:30,11:19:42,COMPLETED,22763.0,209.9,1.50,13.91
554,easy,11,11:19:04,11:19:05,11:20:45,COMPLETED,35576.0,1658.4,1.72,101.06
510,medium,13,11:19:57,11:20:01,11:21:28,COMPLETED,27054.0,1452.7,4.47,91.46
599,medium,14,11:14:14,11:14:16,11:21:40,COMPLETED,32765.0,7405.1,2.69,446.86
562,medium,14,11:16:01,11:16:04,11:21:40,COMPLETED,27349.0,5607.8,3.65,339.86
472,easy,12,11:20:05,11:20:07,11:21:40,COMPLETED,32540.0,1556.7,2.72,95.86
450,medium,13,11:17:18,11:17:20,11:21:47,COMPLETED,35925.0,4459.2,2.02,269.21
590,medium,13,11:21:35,11:21:40,11:23:28,COMPLETED,32374.0,1795.7,5.86,113.44
545,easy,12,11:22:38,11:22:44,11:23:47,COMPLETED,29045.0,1055.6,6.09,69.21
598,easy,12,11:23:29,11:23:34,11:25:34,COMPLETED,25468.0,2001.3,5.65,125.42
566,easy,11,11:25:18,11:25:21,11:25:53,COMPLETED,29629.0,537.6,3.64,35.59
596,medium,14,11:21:47,11:21:47,11:26:31,COMPLETED,29795.0,4745.4,0.21,284.70
584,easy,11,11:26:37,11:26:38,11:26:44,COMPLETED,24499.0,109.6,1.04,7.32
492,easy,11,11:27:23,11:27:28,11:27:35,COMPLETED,27350.0,114.0,5.87,12.35
553,easy,12,11:27:01,11:27:03,11:27:41,COMPLETED,39965.0,647.7,2.24,40.75
555,medium,13,11:23:20,11:23:22,11:27:54,COMPLETED,38130.0,4542.4,2.03,274.41
591,easy,11,11:28:17,11:28:19,11:28:25,COMPLETED,25270.0,108.5,2.29,8.56
481,easy,11,11:28:31,11:28:31,11:28:50,COMPLETED,24016.0,315.5,0.83,19.55
524,hard,15,11:03:19,11:03:22,11:29:09,COMPLETED,34423.0,25786.8,3.33,1550.30
589,medium,13,11:20:30,11:20:32,11:29:09,COMPLETED,30734.0,8616.3,2.63,519.30
467,medium,13,11:29:07,11:29:09,11:29:40,COMPLETED,23927.0,525.4,2.30,33.60
489,easy,12,11:29:09,11:29:09,11:30:05,COMPLETED,26031.0,939.9,0.30,56.58
542,medium,13,11:26:24,11:26:25,11:32:16,COMPLETED,27744.0,5861.4,1.26,352.76
503,medium,14,11:24:07,11:24:12,11:32:23,COMPLETED,28838.0,8180.2,5.41,496.02
541,medium,14,11:21:21,11:21:22,11:33:00,COMPLETED,32141.0,11643.8,1.21,699.69
561,medium,13,11:29:03,11:29:03,11:33:19,COMPLETED,28314.0,4277.3,0.04,256.43
578,easy,12,11:31:05,11:31:08,11:33:19,COMPLETED,31151.0,2194.8,3.03,134.43
486,easy,11,11:33:40,11:33:44,11:33:50,COMPLETED,24252.0,111.4,4.46,10.92
574,easy,12,11:33:26,11:33:31,11:34:15,COMPLETED,30958.0,735.7,5.97,49.90
522,easy,11,11:33:56,11:33:57,11:34:15,COMPLETED,25475.0,315.9,1.17,19.90
564,easy,11,11:34:36,11:34:40,11:34:53,COMPLETED,30405.0,211.5,4.79,17.30
572,medium,13,11:28:25,11:28:25,11:34:59,COMPLETED,32009.0,6570.4,0.56,394.55
538,easy,11,11:34:54,11:34:59,11:35:18,COMPLETED,31056.0,317.0,5.55,24.36
478,hard,15,11:12:39,11:12:42,11:35:55,COMPLETED,32774.0,23225.0,3.39,1396.70
155,hard,15,09:43:35,09:43:38,11:36:14,COMPLETED,32961.0,112594.3,3.88,6759.52
543,medium,13,11:35:59,11:36:02,11:36:26,COMPLETED,24780.0,420.5,3.01,27.98
582,easy,12,11:35:04,11:35:05,11:37:16,COMPLETED,34676.0,2187.8,1.84,132.86
457,easy,11,11:37:12,11:37:16,11:37:29,COMPLETED,28209.0,212.1,4.86,17.37
485,medium,13,11:32:20,11:32:23,11:39:22,COMPLETED,28434.0,7004.9,3.02,423.00
326,hard,15,10:59:56,11:00:01,11:39:29,COMPLETED,33427.0,39468.0,5.43,2373.41
473,easy,12,11:36:58,11:36:58,11:39:29,COMPLETED,33211.0,2524.6,0.15,151.41
592,medium,13,11:22:36,11:22:37,11:39:35,COMPLETED,27689.0,16971.9,1.60,1019.67
480,medium,13,11:12:59,11:13:01,11:40:01,COMPLETED,40001.0,26998.4,2.38,1622.19
311,medium,14,10:53:15,10:53:18,11:40:26,COMPLETED,41335.0,47135.9,3.51,2831.51
460,easy,12,11:38:35,11:38:38,11:40:32,COMPLETED,34477.0,1921.1,3.06,117.91
525,medium,14,11:24:19,11:24:25,11:40:45,COMPLETED,28705.0,16346.4,6.12,986.68
511,easy,11,11:40:34,11:40:39,11:40:45,COMPLETED,29614.0,110.7,5.37,11.68
500,easy,11,11:40:44,11:40:45,11:40:58,COMPLETED,29457.0,213.2,1.68,14.31
475,easy,11,11:41:14,11:41:17,11:41:23,COMPLETED,22819.0,108.1,3.02,9.29
552,easy,12,11:41:33,11:41:35,11:42:19,COMPLETED,29868.0,734.0,2.74,46.53
506,easy,11,11:42:16,11:42:19,11:42:32,COMPLETED,35395.0,212.5,3.53,16.06
345,hard,15,10:27:39,10:27:42,11:42:38,COMPLETED,24839.0,74926.1,3.80,4499.31
516,easy,11,11:42:02,11:42:07,11:42:38,COMPLETED,37774.0,525.4,5.02,36.31
479,medium,13,11:30:34,11:30:36,11:42:56,COMPLETED,32971.0,12341.1,2.72,742.99
490,easy,11,11:42:53,11:42:56,11:43:15,COMPLETED,25218.0,316.4,3.99,22.77
514,easy,12,11:43:04,11:43:09,11:43:46,COMPLETED,23751.0,628.3,5.51,42.99
567,easy,12,11:44:38,11:44:43,11:44:55,COMPLETED,26099.0,214.1,5.24,17.86
505,medium,13,11:44:49,11:44:49,11:45:08,COMPLETED,28977.0,317.6,0.56,19.38
499,easy,12,11:44:41,11:44:43,11:45:14,COMPLETED,25398.0,526.4,2.24,33.64
508,easy,12,11:46:30,11:46:30,11:47:15,COMPLETED,28742.0,755.8,0.41,45.43
468,medium,14,11:41:51,11:41:54,11:47:21,COMPLETED,27009.0,5461.4,3.45,330.81
558,easy,11,11:46:40,11:46:43,11:47:34,COMPLETED,25725.0,858.9,3.33,54.50
521,easy,12,11:47:15,11:47:15,11:48:19,COMPLETED,27107.0,1070.5,0.43,64.33
420,hard,15,10:51:06,10:51:07,11:48:25,COMPLETED,31407.0,57310.2,1.16,3439.70
477,easy,11,11:48:35,11:48:38,11:48:51,COMPLETED,29431.0,220.3,3.36,16.28
465,easy,11,11:49:26,11:49:29,11:49:36,COMPLETED,25523.0,115.3,3.52,10.02
577,easy,11,11:49:47,11:49:48,11:49:55,COMPLETED,30933.0,115.2,1.91,8.42
498,easy,11,11:50:16,11:50:20,11:50:40,COMPLETED,28156.0,326.4,4.94,24.29
507,easy,11,11:50:18,11:50:20,11:50:40,COMPLETED,19622.0,325.0,2.94,22.29
385,hard,15,10:32:31,10:32:32,11:51:25,COMPLETED,33598.0,78871.7,1.81,4734.01
487,easy,12,11:51:37,11:51:37,11:51:44,COMPLETED,25363.0,109.8,0.80,7.11
571,easy,12,11:51:44,11:51:44,11:51:56,COMPLETED,34358.0,216.0,0.11,12.82
484,medium,14,11:29:04,11:29:09,11:52:34,COMPLETED,29390.0,23420.0,5.30,1410.37
532,easy,12,11:53:31,11:53:36,11:54:26,COMPLETED,29826.0,839.1,5.81,55.92
539,hard,15,11:40:40,11:40:45,11:56:00,COMPLETED,34545.0,15256.0,5.68,920.86
551,medium,13,11:43:19,11:43:22,11:56:00,COMPLETED,31643.0,12651.1,3.00,761.86
494,easy,12,11:55:29,11:55:29,11:56:07,COMPLETED,31358.0,633.8,0.41,38.16
462,easy,11,11:55:50,11:55:54,11:56:32,COMPLETED,25754.0,632.1,4.56,42.23
597,easy,11,11:57:31,11:57:35,11:58:01,COMPLETED,30063.0,438.5,4.41,30.30
496,easy,12,11:58:00,11:58:01,11:58:20,COMPLETED,27269.0,323.3,1.30,20.46
565,easy,11,11:58:27,11:58:32,11:58:45,COMPLETED,24625.0,221.7,5.98,18.76
513,medium,14,11:43:25,11:43:28,11:58:52,COMPLETED,32384.0,15406.2,3.28,927.34
533,easy,11,11:58:41,11:58:45,11:58:58,COMPLETED,26439.0,223.8,4.76,17.79
535,hard,15,11:35:55,11:35:55,11:59:37,COMPLETED,38173.0,23702.5,0.70,1422.48
586,medium,13,11:46:05,11:46:10,12:00:54,COMPLETED,39198.0,14731.5,5.92,889.39
563,hard,15,11:43:48,11:43:53,12:01:07,COMPLETED,28731.0,17240.5,5.24,1039.37
517,medium,14,11:24:07,11:24:12,12:01:33,COMPLETED,32705.0,37344.4,5.41,2246.06
548,medium,14,11:41:57,11:42:00,12:01:39,COMPLETED,30408.0,19646.7,3.74,1182.33
711,easy,12,12:00:34,12:00:35,12:02:11,COMPLETED,39378.0,1608.8,1.04,97.21
744,easy,11,12:02:02,12:02:04,12:02:24,COMPLETED,24252.0,330.2,2.71,22.02
724,easy,11,12:02:21,12:02:24,12:02:30,COMPLETED,19676.0,115.8,3.02,9.58
452,hard,15,11:59:12,11:59:18,12:03:40,COMPLETED,29326.0,4384.0,6.01,268.84
703,easy,11,12:02:52,12:02:56,12:03:47,COMPLETED,24375.0,850.0,4.41,55.11
710,easy,12,12:03:06,12:03:09,12:03:53,COMPLETED,27756.0,739.3,3.33,47.45
685,medium,13,12:02:48,12:02:49,12:03:59,COMPLETED,30782.0,1168.6,1.81,71.71
660,easy,11,12:03:59,12:03:59,12:04:06,COMPLETED,36560.0,109.2,0.71,7.06
520,medium,13,11:53:44,11:53:49,12:04:18,COMPLETED,34280.0,10490.3,5.35,634.57
608,easy,11,12:03:56,12:03:59,12:04:37,COMPLETED,29910.0,630.6,3.71,41.32
523,hard,15,11:46:22,11:46:23,12:04:49,COMPLETED,26374.0,18434.8,1.91,1107.82
734,easy,12,12:05:21,12:05:21,12:05:33,COMPLETED,34093.0,215.1,0.11,12.69
501,medium,13,11:47:29,11:47:34,12:06:11,COMPLETED,30447.0,18621.1,5.50,1122.56
731,easy,12,12:05:45,12:05:46,12:06:24,COMPLETED,31105.0,635.7,1.32,39.19
747,easy,11,12:06:31,12:06:36,12:06:43,COMPLETED,21476.0,109.5,5.76,12.09
696,easy,12,12:06:15,12:06:17,12:07:08,COMPLETED,27434.0,841.1,2.86,53.09
188,hard,15,09:46:08,09:46:08,12:07:20,COMPLETED,27430.0,141204.2,0.41,8472.64
593,hard,15,11:38:44,11:38:44,12:07:26,COMPLETED,31201.0,28707.9,0.65,1722.95
527,medium,13,11:59:19,11:59:24,12:07:45,COMPLETED,36655.0,8357.9,5.53,506.76
698,easy,11,12:07:44,12:07:45,12:07:52,COMPLETED,22375.0,110.5,1.76,8.07
695,easy,11,12:07:47,12:07:52,12:07:58,COMPLETED,23912.0,110.1,5.07,11.42
607,easy,11,12:08:07,12:08:10,12:08:23,COMPLETED,23760.0,214.9,3.99,16.51
746,easy,12,12:08:40,12:08:42,12:09:08,COMPLETED,30536.0,436.3,2.68,28.36
362,hard,15,10:31:36,10:31:37,12:10:05,COMPLETED,27692.0,98470.1,1.35,5909.51
681,easy,11,12:09:45,12:09:46,12:10:05,COMPLETED,24900.0,322.1,1.61,20.51
646,medium,13,12:05:30,12:05:33,12:10:24,COMPLETED,31279.0,4856.6,3.69,294.75
675,medium,13,12:05:46,12:05:46,12:10:37,COMPLETED,33012.0,4860.4,0.32,291.54
721,easy,12,12:09:35,12:09:40,12:11:16,COMPLETED,36598.0,1600.2,5.33,101.11
546,medium,14,11:55:35,11:55:35,12:11:22,COMPLETED,27470.0,15781.3,0.71,947.38
719,easy,11,12:11:41,12:11:41,12:11:53,COMPLETED,34184.0,212.3,0.25,12.77
474,medium,13,11:48:59,11:49:04,12:12:06,COMPLETED,37916.0,23040.8,5.01,1387.24
715,medium,14,12:08:02,12:08:04,12:12:43,COMPLETED,28559.0,4653.2,2.71,281.70
611,easy,11,12:13:40,12:13:40,12:13:46,COMPLETED,24781.0,113.8,0.46,6.92
668,easy,11,12:13:53,12:13:53,12:13:59,COMPLETED,31757.0,112.0,0.33,6.80
366,medium,14,10:57:46,10:57:51,12:14:37,COMPLETED,33445.0,76782.5,5.04,4611.92
617,easy,12,12:13:27,12:13:27,12:15:15,COMPLETED,26288.0,1800.3,0.49,108.31
664,easy,11,12:15:52,12:15:52,12:15:59,COMPLETED,23805.0,108.8,0.73,7.04
635,medium,13,12:13:30,12:13:33,12:17:20,COMPLETED,34872.0,3777.9,3.98,230.44
659,easy,11,12:17:26,12:17:26,12:17:45,COMPLETED,26889.0,317.5,0.71,19.52
644,medium,13,12:16:31,12:16:36,12:18:22,COMPLETED,32302.0,1776.8,5.61,111.97
624,easy,11,12:18:25,12:18:29,12:18:35,COMPLETED,22884.0,109.6,4.26,10.56
666,easy,11,12:18:44,12:18:48,12:18:54,COMPLETED,27962.0,109.6,4.13,10.43
620,easy,12,12:19:10,12:19:13,12:19:32,COMPLETED,21950.0,321.7,3.23,22.13
628,medium,13,12:18:52,12:18:54,12:19:45,COMPLETED,22018.0,847.1,2.43,53.02
691,medium,13,12:16:41,12:16:42,12:20:10,COMPLETED,33138.0,3462.0,1.91,209.30
488,medium,13,11:48:15,11:48:19,12:21:45,COMPLETED,30390.0,33447.9,4.33,2010.93
455,hard,15,11:27:11,11:27:16,12:22:05,COMPLETED,33196.0,54824.9,5.05,3294.27
727,easy,12,12:21:48,12:21:52,12:22:37,COMPLETED,27783.0,749.4,4.37,49.11
670,hard,15,12:15:44,12:15:46,12:23:40,COMPLETED,26022.0,7908.3,2.46,476.60
682,medium,13,12:23:07,12:23:08,12:23:53,COMPLETED,29639.0,751.1,1.77,46.45
633,easy,11,12:24:10,12:24:12,12:24:18,COMPLETED,21466.0,108.9,2.54,8.83
606,medium,14,12:09:59,12:09:59,12:25:09,COMPLETED,32089.0,15180.8,0.13,910.58
581,hard,15,11:38:35,11:38:38,12:25:53,COMPLETED,36682.0,47265.7,3.06,2838.96
697,hard,15,12:17:12,12:17:14,12:25:53,COMPLETED,39236.0,8667.1,2.16,521.96
712,easy,12,12:26:17,12:26:19,12:26:31,COMPLETED,28583.0,213.9,2.06,14.67
471,hard,15,11:17:57,11:17:57,12:26:44,COMPLETED,35861.0,68782.9,0.43,4127.27
627,medium,13,12:26:07,12:26:12,12:27:40,COMPLETED,34341.0,1471.8,5.76,93.83
704,easy,12,12:27:13,12:27:15,12:27:47,COMPLETED,27005.0,529.1,2.62,34.12
713,medium,14,12:21:07,12:21:07,12:27:59,COMPLETED,31203.0,6874.4,0.56,412.82
671,medium,14,12:22:03,12:22:05,12:28:18,COMPLETED,34297.0,6227.9,2.27,375.63
653,easy,12,12:26:33,12:26:37,12:29:09,COMPLETED,29546.0,2524.5,4.94,156.18
340,hard,15,10:25:12,10:25:15,12:29:15,COMPLETED,35437.0,123998.4,3.61,7443.47
648,easy,12,12:29:20,12:29:21,12:29:53,COMPLETED,20947.0,528.5,1.76,33.20
476,hard,15,11:34:36,11:34:40,12:30:05,COMPLETED,29935.0,55418.0,4.79,3329.76
689,medium,13,12:28:17,12:28:18,12:30:30,COMPLETED,28746.0,2209.8,1.63,133.96
656,easy,11,12:30:20,12:30:24,12:31:02,COMPLETED,38261.0,635.8,4.62,42.51
709,easy,12,12:29:02,12:29:02,12:31:27,COMPLETED,22684.0,2417.6,0.86,145.62
643,easy,12,12:31:10,12:31:15,12:31:33,COMPLETED,28728.0,322.5,5.05,23.96
684,easy,11,12:31:22,12:31:27,12:31:46,COMPLETED,26306.0,329.0,5.62,24.86
669,easy,11,12:33:24,12:33:29,12:33:35,COMPLETED,25335.0,114.1,5.45,11.98
741,easy,12,12:33:00,12:33:03,12:34:20,COMPLETED,31523.0,1293.2,3.77,80.93
737,medium,13,12:26:34,12:26:37,12:34:46,COMPLETED,30663.0,8153.0,3.94,492.71
680,medium,14,12:04:50,12:04:56,12:34:59,COMPLETED,29433.0,30068.4,6.07,1809.90
638,easy,11,12:34:45,12:34:46,12:35:06,COMPLETED,28618.0,335.6,1.71,21.40
466,hard,15,11:59:35,11:59:37,12:35:12,COMPLETED,29646.0,35593.2,2.48,2137.89
640,medium,13,12:34:11,12:34:14,12:36:17,COMPLETED,24442.0,2051.5,3.38,126.20
723,medium,13,12:34:24,12:34:27,12:36:42,COMPLETED,28519.0,2258.3,3.43,138.63
732,easy,11,12:37:00,12:37:01,12:37:07,COMPLETED,25404.0,109.7,1.62,7.94
699,easy,11,12:38:53,12:38:54,12:39:20,COMPLETED,23151.0,426.9,1.98,27.34
701,medium,14,12:33:39,12:33:42,12:40:42,COMPLETED,30581.0,7005.3,3.32,423.43
688,easy,12,12:39:34,12:40:48,12:41:14,COMPLETED,28096.0,428.8,74.75,100.10
613,easy,12,12:38:09,12:38:10,12:41:26,COMPLETED,26779.0,3273.8,1.69,197.89
637,easy,12,12:40:09,12:41:20,12:41:33,COMPLETED,28874.0,217.8,71.51,84.22
738,medium,14,12:24:39,12:24:44,12:42:42,COMPLETED,31991.0,17981.0,5.26,1083.93
341,hard,15,10:50:54,10:50:54,12:42:55,COMPLETED,32911.0,112018.3,0.58,6721.63
693,medium,13,12:38:30,12:38:35,12:43:27,COMPLETED,29543.0,4862.9,5.88,297.39
686,easy,12,12:40:52,12:41:39,12:44:11,COMPLETED,31460.0,2541.1,47.61,199.78
652,medium,14,12:36:46,12:36:48,12:44:18,COMPLETED,26916.0,7490.6,2.97,452.12
603,easy,12,12:39:22,12:39:26,12:44:24,COMPLETED,44005.0,4969.4,4.67,302.49
587,medium,14,11:57:30,11:57:35,12:44:37,COMPLETED,28508.0,47033.8,5.41,2827.30
683,medium,14,12:39:02,12:39:07,12:44:43,COMPLETED,27846.0,5604.8,5.66,341.63
729,easy,11,12:43:17,12:44:50,12:44:56,COMPLETED,23431.0,111.8,93.02,99.37
647,medium,13,12:41:24,12:43:01,12:45:34,COMPLETED,32397.0,2548.2,97.96,250.57
672,easy,11,12:44:23,12:45:40,12:45:47,COMPLETED,27117.0,111.3,77.90,84.26
742,easy,12,12:45:32,12:45:53,12:46:31,COMPLETED,31352.0,638.2,21.61,59.57
657,medium,14,12:41:54,12:43:33,12:47:03,COMPLETED,32020.0,3497.6,99.72,309.30
674,medium,14,12:40:37,12:41:33,12:47:35,COMPLETED,33882.0,6040.1,56.22,418.31
610,medium,14,12:25:09,12:25:09,12:49:05,COMPLETED,38145.0,23941.4,0.58,1436.77
631,easy,12,12:46:07,12:46:37,12:49:12,COMPLETED,28849.0,2582.6,30.92,185.32
602,medium,14,12:31:43,12:31:46,12:49:32,COMPLETED,27824.0,17756.4,3.86,1069.04
658,easy,11,12:47:14,12:49:18,12:49:32,COMPLETED,19005.0,223.5,124.94,138.04
642,hard,15,12:19:12,12:19:13,12:49:57,COMPLETED,34903.0,30742.5,1.23,1845.62
694,easy,11,12:47:31,12:49:38,12:49:57,COMPLETED,20469.0,325.8,127.37,146.62
463,hard,15,11:25:35,11:25:40,12:50:42,COMPLETED,24792.0,85024.5,5.81,5107.17
651,easy,11,12:48:10,12:50:48,12:50:54,COMPLETED,24240.0,113.1,158.56,164.98
615,easy,12,12:48:01,12:50:04,12:51:07,COMPLETED,28809.0,1068.1,123.01,186.79
707,hard,15,12:30:11,12:30:12,12:51:45,COMPLETED,31906.0,21569.1,1.04,1294.99
690,easy,12,12:48:35,12:51:01,12:51:45,COMPLETED,28985.0,748.7,146.38,190.99
665,medium,14,12:12:01,12:12:06,12:52:23,COMPLETED,36801.0,40297.9,5.24,2422.94
687,easy,11,12:49:58,12:52:30,12:52:42,COMPLETED,29785.0,216.3,152.30,164.97
722,easy,11,12:50:29,12:52:49,12:53:08,COMPLETED,23176.0,322.8,140.30,159.37
605,hard,15,12:26:43,12:26:44,12:53:27,COMPLETED,27396.0,26721.0,1.27,1604.36
632,easy,11,12:51:21,12:53:33,12:53:46,COMPLETED,22745.0,216.1,132.68,145.35
559,hard,15,11:56:03,11:56:07,12:53:52,COMPLETED,25581.0,57761.3,4.16,3469.67
702,easy,11,12:51:24,12:53:52,12:53:59,COMPLETED,24749.0,111.8,148.67,155.04
604,easy,12,12:51:38,12:54:05,12:54:43,COMPLETED,31926.0,639.2,147.41,185.46
735,easy,12,12:51:33,12:53:59,12:54:56,COMPLETED,28622.0,957.0,146.04,203.14
621,medium,13,12:48:48,12:51:14,12:55:22,COMPLETED,40595.0,4140.7,146.17,394.15
700,hard,15,12:47:13,12:49:12,12:55:54,COMPLETED,30579.0,6718.9,119.32,521.82
614,easy,12,12:51:59,12:55:28,12:56:20,COMPLETED,28010.0,869.4,209.70,261.56
661,medium,13,12:51:57,12:55:02,12:56:40,COMPLETED,29246.0,1633.9,185.50,283.03
609,easy,12,12:47:41,12:50:04,12:57:06,COMPLETED,31365.0,7042.7,143.01,565.05
616,hard,15,12:46:14,12:47:09,12:58:04,COMPLETED,31884.0,10915.4,55.63,710.11
714,hard,15,12:38:37,12:38:42,12:58:43,COMPLETED,38236.0,20027.4,5.29,1206.56
743,medium,14,12:00:48,12:00:54,12:59:22,COMPLETED,24790.0,58467.4,6.39,3514.32
725,easy,11,12:55:36,12:58:50,12:59:48,COMPLETED,34562.0,973.3,194.13,252.03
673,easy,12,12:55:13,12:56:46,12:59:54,COMPLETED,32174.0,3142.3,93.59,281.58
663,medium,13,12:55:45,12:59:54,13:00:20,COMPLETED,32462.0,445.5,249.58,275.80
726,hard,15,12:26:22,12:26:25,13:00:40,COMPLETED,36487.0,34258.9,3.37,2058.63
740,medium,13,12:55:33,12:58:10,13:00:59,COMPLETED,30270.0,2826.5,157.67,326.93
662,medium,13,12:55:18,12:57:12,13:01:12,COMPLETED,30588.0,4008.5,114.71,354.94
636,medium,14,12:20:28,12:20:29,13:02:22,COMPLETED,31922.0,41889.0,1.43,2514.59
716,easy,12,12:56:50,13:00:27,13:02:22,COMPLETED,32856.0,1926.3,217.36,332.59
625,medium,13,12:53:12,12:56:01,13:02:28,COMPLETED,27728.0,6463.1,169.58,556.99
749,medium,13,12:38:34,12:38:35,13:02:41,COMPLETED,40346.0,24101.4,1.88,1447.81
618,easy,12,12:55:36,12:59:28,13:02:41,COMPLETED,31195.0,3224.1,232.64,425.81
739,medium,13,12:57:11,13:00:47,13:02:41,COMPLETED,30280.0,1914.7,216.22,330.81
748,medium,14,12:57:16,13:01:06,13:04:29,COMPLETED,27088.0,3389.9,230.31,433.41
623,medium,13,12:57:37,13:01:19,13:04:42,COMPLETED,34296.0,3386.4,222.27,425.13
845,easy,11,13:05:22,13:05:26,13:05:32,COMPLETED,29485.0,112.1,4.42,10.78
759,medium,14,13:02:05,13:02:48,13:05:39,COMPLETED,32683.0,2856.2,43.15,214.18
775,easy,11,13:05:35,13:05:39,13:06:10,COMPLETED,32551.0,534.6,4.18,35.96
717,medium,13,12:58:20,13:02:28,13:06:17,COMPLETED,30018.0,3808.4,248.99,477.28
540,hard,15,11:44:14,11:44:18,13:07:54,COMPLETED,40451.0,83606.2,4.24,5020.48
769,easy,11,13:06:58,13:08:00,13:08:07,COMPLETED,31776.0,115.1,62.82,69.42
612,hard,15,12:54:05,12:56:26,13:08:39,COMPLETED,31623.0,12218.7,141.90,874.60
678,medium,14,12:51:51,12:54:49,13:08:46,COMPLETED,32689.0,13944.1,178.79,1015.14
868,easy,11,13:07:54,13:08:13,13:08:52,COMPLETED,22494.0,651.9,19.75,58.53
645,medium,14,12:49:22,12:51:52,13:08:58,COMPLETED,22488.0,17114.8,150.32,1176.90
871,easy,11,13:07:55,13:08:46,13:08:58,COMPLETED,20989.0,219.1,51.14,63.90
897,easy,11,13:08:34,13:08:58,13:09:12,COMPLETED,23446.0,226.2,24.90,38.04
816,easy,11,13:08:54,13:09:05,13:09:18,COMPLETED,26073.0,228.2,11.32,24.51
773,easy,11,13:08:58,13:09:18,13:09:31,COMPLETED,21666.0,225.4,20.51,33.68
833,easy,11,13:09:28,13:09:31,13:09:38,COMPLETED,25721.0,114.8,3.68,10.07
736,hard,15,12:42:19,12:44:24,13:10:17,COMPLETED,33342.0,25884.2,125.49,1678.07
804,easy,12,13:08:39,13:09:05,13:10:23,COMPLETED,28016.0,1312.4,26.32,104.73
667,medium,14,12:10:47,12:10:50,13:11:02,COMPLETED,35854.0,60198.3,3.48,3615.14
852,easy,12,13:10:19,13:10:23,13:11:14,COMPLETED,33525.0,862.2,4.73,55.98
820,medium,14,13:06:21,13:06:23,13:11:40,COMPLETED,30786.0,5297.1,2.59,319.94
601,medium,14,12:42:24,12:44:30,13:12:44,COMPLETED,32577.0,28233.0,126.90,1820.60
705,medium,14,12:46:17,12:47:41,13:12:44,COMPLETED,24695.0,25053.4,84.69,1587.60
751,medium,13,13:05:48,13:05:51,13:12:50,COMPLETED,30837.0,6989.2,3.90,423.00
812,hard,15,13:02:40,13:02:48,13:12:57,COMPLETED,34181.0,10156.0,8.15,617.31
888,easy,11,13:13:23,13:13:28,13:13:41,COMPLETED,28432.0,215.0,5.78,18.40
891,easy,12,13:14:03,13:14:06,13:15:28,COMPLETED,29305.0,1373.2,3.55,85.67
882,easy,11,13:15:46,13:15:47,13:16:12,COMPLETED,30102.0,427.0,1.59,26.85
806,medium,13,13:12:40,13:12:44,13:16:50,COMPLETED,34406.0,4110.8,4.60,250.97
761,medium,13,13:14:23,13:14:25,13:17:54,COMPLETED,24620.0,3482.8,2.45,211.15
706,medium,14,12:56:01,13:00:01,13:18:32,COMPLETED,30483.0,18518.1,240.21,1351.07
238,medium,14,09:55:10,09:55:15,13:18:45,COMPLETED,41743.0,203497.8,5.16,12215.01
884,easy,11,13:17:30,13:18:38,13:18:51,COMPLETED,26153.0,229.7,68.40,81.58
754,easy,12,13:17:29,13:18:00,13:18:58,COMPLETED,34199.0,973.1,31.47,89.25
859,easy,11,13:17:33,13:18:51,13:18:58,COMPLETED,26928.0,121.9,78.58,85.25
857,easy,11,13:17:35,13:18:58,13:19:11,COMPLETED,24123.0,230.0,83.25,96.55
887,easy,11,13:18:26,13:19:04,13:19:24,COMPLETED,37735.0,333.7,38.94,58.70
880,medium,13,13:16:08,13:16:12,13:20:35,COMPLETED,24561.0,4387.4,4.85,267.66
895,easy,11,13:18:31,13:19:31,13:20:42,COMPLETED,25462.0,1194.4,60.03,131.19
771,easy,11,13:18:40,13:20:42,13:20:48,COMPLETED,30317.0,114.9,122.19,128.73
829,easy,11,13:18:56,13:20:48,13:20:55,COMPLETED,31613.0,112.1,112.73,119.12
844,easy,12,13:19:27,13:20:55,13:21:20,COMPLETED,30647.0,428.3,88.12,113.52
866,easy,12,13:18:28,13:19:18,13:21:26,COMPLETED,24948.0,2151.3,50.11,178.85
770,easy,12,13:19:34,13:21:26,13:21:52,COMPLETED,25102.0,428.1,112.85,138.23
634,medium,14,12:49:52,12:51:52,13:22:11,COMPLETED,34595.0,30318.1,120.32,1939.23
788,easy,12,13:21:08,13:22:17,13:22:43,COMPLETED,26321.0,429.5,69.56,95.03
818,easy,12,13:21:04,13:21:58,13:23:15,COMPLETED,24115.0,1280.1,54.56,131.02
873,medium,14,13:12:25,13:12:25,13:24:00,COMPLETED,32672.0,11582.1,0.68,695.20
824,easy,11,13:22:57,13:24:06,13:25:30,COMPLETED,27611.0,1401.2,69.73,153.47
894,medium,13,13:10:12,13:10:17,13:26:58,COMPLETED,33856.0,16701.5,5.07,1006.92
733,hard,15,12:33:37,12:33:42,13:27:11,COMPLETED,31057.0,53491.0,5.32,3214.61
870,easy,11,13:23:25,13:27:17,13:27:30,COMPLETED,25794.0,216.1,232.95,245.61
853,easy,12,13:22:24,13:23:21,13:28:33,COMPLETED,41534.0,5212.5,57.40,369.85
756,easy,11,13:24:06,13:28:40,13:28:52,COMPLETED,32454.0,216.4,274.19,286.86
179,hard,15,09:41:02,09:41:02,13:29:05,COMPLETED,31099.0,228051.4,0.48,13683.55
869,medium,14,13:08:22,13:08:52,13:30:02,COMPLETED,40860.0,21170.5,30.53,1300.52
753,easy,11,13:25:45,13:29:11,13:30:08,COMPLETED,27032.0,955.6,206.88,263.87
823,easy,11,13:25:47,13:30:08,13:30:21,COMPLETED,24915.0,218.0,261.87,274.59
860,easy,12,13:26:43,13:30:27,13:31:06,COMPLETED,24700.0,652.4,224.98,263.82
797,easy,11,13:26:43,13:31:13,13:31:19,COMPLETED,28249.0,112.3,270.16,276.60
896,easy,12,13:26:15,13:30:15,13:31:51,COMPLETED,27030.0,1618.1,240.24,336.75
802,medium,13,13:20:37,13:21:33,13:33:03,COMPLETED,27228.0,11503.9,56.22,746.00
793,easy,12,13:29:23,13:33:09,13:33:48,COMPLETED,27037.0,655.8,226.55,265.37
815,medium,14,13:16:12,13:16:12,13:34:59,COMPLETED,33272.0,18785.3,0.85,1127.59
876,easy,12,13:27:27,13:31:25,13:35:12,COMPLETED,35984.0,3788.4,238.92,465.75
782,easy,12,13:29:43,13:35:06,13:35:19,COMPLETED,28733.0,228.7,323.14,336.29
821,easy,12,13:30:05,13:35:25,13:35:38,COMPLETED,25593.0,226.4,320.91,334.00
893,easy,11,13:29:49,13:35:19,13:35:58,COMPLETED,33189.0,658.5,330.29,369.45
832,easy,11,13:31:40,13:35:45,13:36:04,COMPLETED,27989.0,327.8,245.54,264.84
889,easy,11,13:31:54,13:36:04,13:36:11,COMPLETED,25965.0,113.6,250.84,257.24
787,easy,11,13:32:25,13:36:11,13:36:24,COMPLETED,27784.0,226.1,226.24,239.33
899,medium,13,13:33:04,13:36:17,13:36:56,COMPLETED,26916.0,649.4,193.69,232.36
708,hard,15,12:38:40,12:38:42,13:37:09,COMPLETED,34081.0,58449.5,2.29,3509.09
745,hard,15,12:27:20,12:27:21,13:37:53,COMPLETED,32167.0,70529.0,1.99,4233.59
626,hard,15,12:25:57,12:26:00,13:38:06,COMPLETED,36346.0,72103.0,3.24,4329.27
819,easy,12,13:33:22,13:37:15,13:38:06,COMPLETED,27653.0,852.4,233.49,284.27
849,easy,11,13:34:41,13:37:59,13:38:19,COMPLETED,17353.0,325.8,198.92,218.12
755,easy,11,13:35:01,13:38:12,13:38:19,COMPLETED,28047.0,113.8,191.66,198.12
831,easy,11,13:35:54,13:38:25,13:38:38,COMPLETED,29474.0,217.6,151.52,164.27
630,medium,14,12:41:02,12:42:49,13:39:03,COMPLETED,32456.0,56242.7,107.26,3481.66
622,hard,15,12:38:52,12:38:54,13:39:29,COMPLETED,30170.0,60570.3,2.98,3637.04
885,easy,12,13:35:59,13:38:44,13:39:35,COMPLETED,31983.0,851.0,165.65,216.36
826,easy,11,13:37:14,13:39:41,13:39:48,COMPLETED,23904.0,111.1,147.75,154.11
456,hard,15,11:08:59,11:09:04,13:41:23,COMPLETED,30854.0,152309.0,5.77,9144.19
861,easy,12,13:37:56,13:41:29,13:42:08,COMPLETED,32097.0,661.5,213.74,252.94
805,medium,13,13:35:22,13:38:12,13:42:22,COMPLETED,30690.0,4164.3,170.66,420.16
828,easy,11,13:39:20,13:42:28,13:43:07,COMPLETED,26917.0,651.5,188.65,227.24
752,easy,12,13:36:39,13:39:35,13:43:58,COMPLETED,28529.0,4397.2,176.36,439.91
762,medium,14,13:36:05,13:39:09,13:45:03,COMPLETED,28254.0,5900.5,184.99,538.56
796,easy,12,13:40:56,13:45:10,13:45:29,COMPLETED,29750.0,333.6,254.10,273.82
827,medium,14,13:33:19,13:37:02,13:46:14,COMPLETED,35360.0,9208.4,223.69,775.74
679,medium,14,12:42:17,12:44:18,13:47:19,COMPLETED,30133.0,63023.4,121.12,3902.35
864,medium,13,13:29:34,13:33:54,13:47:19,COMPLETED,31617.0,13411.3,260.96,1065.35
750,medium,13,13:39:44,13:44:05,13:47:19,COMPLETED,27323.0,3240.7,261.24,455.35
825,easy,11,13:41:45,13:47:25,13:47:38,COMPLETED,26010.0,217.1,340.71,353.43
898,easy,11,13:42:11,13:47:25,13:47:38,COMPLETED,26750.0,216.9,314.71,327.43
879,easy,12,13:42:40,13:47:44,13:48:03,COMPLETED,28118.0,323.8,304.81,323.95
791,hard,15,13:12:44,13:12:44,13:48:48,COMPLETED,31738.0,36064.0,0.60,2164.27
858,easy,12,13:42:58,13:48:10,13:48:48,COMPLETED,30294.0,638.7,312.27,350.27
790,easy,12,13:43:10,13:48:54,13:49:07,COMPLETED,27424.0,216.5,344.62,357.34
842,easy,11,13:43:09,13:48:54,13:49:20,COMPLETED,35611.0,429.2,345.62,371.07
801,easy,11,13:43:44,13:49:13,13:49:32,COMPLETED,31739.0,323.0,329.67,348.76
776,easy,12,13:44:16,13:49:26,13:50:48,COMPLETED,31367.0,1375.4,310.40,392.62
855,medium,14,13:28:45,13:31:58,13:51:07,COMPLETED,29343.0,19158.2,193.37,1342.62
764,easy,12,13:45:23,13:50:54,13:51:32,COMPLETED,23551.0,637.9,331.96,369.93
780,medium,14,13:41:06,13:45:36,13:51:39,COMPLETED,31608.0,6057.7,270.13,633.26
768,easy,12,13:45:44,13:51:39,13:51:52,COMPLETED,24666.0,218.7,355.26,368.01
841,easy,11,13:45:57,13:51:45,13:52:17,COMPLETED,22742.0,539.3,348.65,380.51
718,medium,14,12:38:05,12:38:10,13:52:36,COMPLETED,35504.0,74436.5,5.69,4471.73
851,easy,12,13:45:41,13:51:13,13:52:49,COMPLETED,30921.0,1598.3,332.95,428.42
886,easy,12,13:46:09,13:52:24,13:52:55,COMPLETED,21328.0,536.3,375.05,406.90
491,hard,15,11:17:19,11:17:20,13:53:46,COMPLETED,29062.0,156441.8,1.02,9387.50
766,medium,13,13:38:05,13:42:15,13:54:05,COMPLETED,37756.0,11838.3,250.47,960.50
798,easy,12,13:47:38,13:53:52,13:54:05,COMPLETED,28390.0,216.7,374.83,387.50
874,medium,13,13:47:19,13:53:02,13:54:24,COMPLETED,32293.0,1376.3,343.27,425.55
760,easy,12,13:48:04,13:54:11,13:55:21,COMPLETED,28929.0,1167.2,367.85,437.62
878,medium,14,13:41:37,13:46:21,13:55:27,COMPLETED,30875.0,9116.7,284.28,830.96
781,easy,11,13:48:41,13:55:34,13:55:40,COMPLETED,23967.0,111.2,413.35,419.72
800,easy,11,13:48:34,13:55:27,13:55:47,COMPLETED,30677.0,325.1,413.96,433.05
810,easy,11,13:49:22,13:55:53,13:56:06,COMPLETED,25748.0,216.6,391.50,404.19
786,easy,11,13:50:06,13:56:12,13:56:18,COMPLETED,27416.0,111.1,366.52,372.87
839,medium,14,13:47:09,13:52:55,13:56:50,COMPLETED,29432.0,3919.0,346.90,581.70
813,easy,11,13:50:31,13:56:57,13:57:22,COMPLETED,31628.0,428.7,386.09,411.48
862,easy,12,13:49:02,13:55:47,13:57:35,COMPLETED,23857.0,1808.4,405.05,513.24
850,easy,11,13:51:20,13:57:41,13:57:54,COMPLETED,25741.0,216.3,381.59,394.26
808,easy,12,13:51:28,13:58:00,13:58:26,COMPLETED,27598.0,437.4,392.60,418.54
803,easy,11,13:51:57,13:58:32,13:59:05,COMPLETED,34936.0,552.8,395.87,428.54
528,medium,14,11:46:15,11:46:17,14:02:23,COMPLETED,32897.0,136101.1,2.41,8168.38
890,hard,15,13:33:09,13:36:30,14:05:39,COMPLETED,30369.0,29152.5,201.85,1950.60
838,hard,15,13:51:20,13:57:28,14:05:39,COMPLETED,35557.0,8188.0,368.84,859.60
763,easy,11,13:53:22,14:05:46,14:06:05,COMPLETED,15945.0,330.8,744.17,763.56
654,hard,15,12:27:10,12:27:15,14:06:12,COMPLETED,40587.0,98945.8,5.62,5942.10
758,easy,12,13:54:06,14:06:12,14:06:18,COMPLETED,30110.0,118.1,726.10,732.69
789,hard,15,13:42:45,13:47:44,14:06:37,COMPLETED,37537.0,18891.4,299.81,1432.89
881,easy,11,13:55:13,14:06:44,14:06:51,COMPLETED,20653.0,118.4,691.47,698.07
778,easy,12,13:54:27,14:06:18,14:07:23,COMPLETED,28548.0,1089.1,711.69,776.75
784,medium,13,13:54:49,14:06:25,14:07:55,COMPLETED,31956.0,1513.9,696.21,786.74
794,easy,12,13:56:03,14:07:30,14:08:08,COMPLETED,23628.0,648.1,687.07,725.46
834,easy,12,13:56:44,14:08:02,14:08:47,COMPLETED,25390.0,762.8,678.09,723.36
856,easy,12,13:56:56,14:08:53,14:09:26,COMPLETED,33608.0,546.0,717.90,750.37
822,medium,13,13:53:18,14:05:46,14:09:32,COMPLETED,27343.0,3780.7,748.17,974.69
639,hard,15,12:02:46,12:02:49,14:09:39,COMPLETED,30929.0,126823.2,3.81,7613.05
863,easy,12,13:57:49,14:09:39,14:09:52,COMPLETED,27737.0,226.2,710.05,723.12
846,easy,11,13:57:53,14:09:45,14:10:05,COMPLETED,27663.0,338.1,712.49,732.29
840,medium,14,13:50:22,13:56:25,14:10:18,COMPLETED,25223.0,13896.5,363.20,1196.43
837,easy,12,13:57:36,14:09:32,14:10:31,COMPLETED,30243.0,992.6,716.69,775.73
809,medium,14,13:23:32,13:27:36,14:10:38,COMPLETED,33234.0,43031.4,244.94,2826.34
872,easy,12,13:58:36,14:09:58,14:11:10,COMPLETED,28759.0,1205.7,682.68,754.74
877,easy,12,13:59:15,14:10:25,14:11:23,COMPLETED,24743.0,983.1,670.08,728.50
993,easy,12,14:00:07,14:10:44,14:11:23,COMPLETED,33899.0,652.3,638.00,676.50
991,easy,11,14:01:48,14:11:30,14:11:36,COMPLETED,29930.0,118.8,582.19,588.88
1017,medium,13,14:00:53,14:11:17,14:11:49,COMPLETED,24972.0,552.7,624.07,656.92
576,hard,15,11:37:58,11:38:00,14:12:02,COMPLETED,32862.0,154035.4,2.59,9244.62
963,easy,12,14:02:36,14:12:08,14:12:21,COMPLETED,17106.0,218.2,572.95,585.75
968,easy,11,14:03:14,14:12:28,14:12:40,COMPLETED,29939.0,217.9,554.07,566.77
903,easy,12,14:02:10,14:11:43,14:12:53,COMPLETED,35392.0,1173.0,573.45,643.53
410,hard,15,10:07:40,10:07:43,14:14:03,COMPLETED,32165.0,246331.5,3.21,14783.12
774,medium,13,13:59:34,14:10:38,14:14:09,COMPLETED,29218.0,3523.6,664.34,875.44
783,medium,14,13:46:01,13:51:58,14:14:28,COMPLETED,24720.0,22506.2,357.42,1707.50
940,easy,12,14:06:18,14:14:34,14:14:53,COMPLETED,26896.0,321.3,496.90,515.88
938,easy,12,14:05:08,14:12:59,14:15:06,COMPLETED,22151.0,2116.4,471.87,598.56
1034,easy,11,14:06:36,14:15:12,14:16:10,COMPLETED,28039.0,959.3,516.89,574.13
939,easy,12,14:05:48,14:14:09,14:16:35,COMPLETED,32351.0,2439.7,501.44,647.52
1031,easy,12,14:07:08,14:16:16,14:16:41,COMPLETED,29007.0,433.1,548.47,573.87
943,easy,12,14:08:30,14:16:48,14:17:01,COMPLETED,29409.0,228.5,498.50,511.71
836,hard,15,13:23:16,13:27:05,14:17:21,COMPLETED,37592.0,50271.4,229.26,3245.34
799,medium,14,13:51:59,13:59:12,14:17:21,COMPLETED,29920.0,18158.6,433.08,1522.34
338,hard,15,10:51:23,10:51:25,14:17:27,COMPLETED,24958.0,206032.6,2.82,12364.67
1008,easy,12,14:08:47,14:17:08,14:17:27,COMPLETED,26378.0,330.9,501.26,520.67
984,easy,11,14:08:52,14:17:27,14:17:40,COMPLETED,24349.0,220.4,515.67,528.60
947,easy,11,14:10:05,14:17:34,14:17:40,COMPLETED,20363.0,112.6,449.15,455.60
920,easy,12,14:07:16,14:16:41,14:18:06,COMPLETED,30532.0,1420.4,565.87,650.63
986,easy,12,14:09:15,14:17:27,14:18:06,COMPLETED,32760.0,657.3,492.67,531.63
1037,medium,14,14:02:35,14:11:56,14:22:56,COMPLETED,31187.0,11009.6,561.26,1221.57
767,medium,13,13:52:09,14:02:29,14:23:02,COMPLETED,31942.0,20557.9,620.71,1853.90
972,easy,11,14:12:59,14:23:02,14:23:21,COMPLETED,26611.0,322.3,603.90,622.94
945,easy,12,14:13:10,14:23:28,14:23:53,COMPLETED,34864.0,428.2,618.27,643.66
944,easy,12,14:13:02,14:23:09,14:24:57,COMPLETED,26046.0,1800.9,607.27,715.01
1032,easy,11,14:14:46,14:25:03,14:25:09,COMPLETED,28548.0,111.0,617.35,623.71
892,hard,15,13:55:17,14:06:57,14:25:16,COMPLETED,30612.0,18312.0,700.62,1799.04
854,hard,15,13:16:33,13:16:38,14:26:19,COMPLETED,31160.0,69687.2,5.28,4186.34
980,easy,11,14:16:35,14:25:22,14:26:32,COMPLETED,31438.0,1165.2,527.42,597.04
1024,medium,13,14:13:54,14:23:59,14:26:51,COMPLETED,31476.0,2855.8,605.99,777.05
933,easy,11,14:18:01,14:26:38,14:27:03,COMPLETED,23604.0,428.3,517.37,542.74
483,hard,15,11:15:15,11:15:20,14:27:35,COMPLETED,27593.0,192255.6,5.26,11540.54
996,easy,12,14:19:00,14:26:57,14:27:35,COMPLETED,28543.0,641.2,477.38,515.54
677,medium,14,12:59:37,13:02:35,14:28:20,COMPLETED,33952.0,85760.2,178.43,5323.81
965,easy,12,14:19:28,14:27:41,14:28:20,COMPLETED,24895.0,657.3,493.89,532.81
983,easy,11,14:19:30,14:28:27,14:28:34,COMPLETED,22438.0,121.9,537.38,544.22
650,hard,15,12:27:50,12:27:53,14:29:00,COMPLETED,40590.0,121115.2,3.45,7270.27
1010,easy,11,14:20:30,14:29:06,14:29:13,COMPLETED,22887.0,118.4,516.59,523.20
830,hard,15,13:41:38,13:47:25,14:29:32,COMPLETED,37918.0,42125.8,347.71,2874.87
1012,easy,12,14:20:47,14:29:19,14:29:59,COMPLETED,22684.0,663.5,512.74,552.05
998,medium,13,14:20:28,14:28:40,14:30:05,COMPLETED,30252.0,1424.5,492.73,577.60
957,easy,11,14:20:53,14:29:39,14:30:05,COMPLETED,28886.0,446.4,526.47,552.60
1044,easy,12,14:21:40,14:30:12,14:31:09,COMPLETED,26775.0,958.7,512.30,569.55
906,hard,15,14:12:16,14:18:13,14:32:06,COMPLETED,31868.0,13899.4,357.21,1190.83
971,medium,14,14:20:13,14:28:27,14:32:06,COMPLETED,26238.0,3664.5,494.38,713.83
1040,easy,12,14:21:47,14:32:13,14:32:58,COMPLETED,36445.0,767.5,626.40,671.95
1003,easy,12,14:22:28,14:32:13,14:33:05,COMPLETED,29891.0,877.9,585.40,637.50
676,hard,15,12:18:20,12:18:22,14:34:09,COMPLETED,35361.0,135784.3,2.97,8149.94
1048,easy,12,14:23:01,14:33:05,14:34:09,COMPLETED,27889.0,1079.0,604.50,668.94
1036,medium,14,14:16:42,14:26:25,14:34:22,COMPLETED,27697.0,7954.2,583.68,1060.66
1038,easy,12,14:19:29,14:27:41,14:34:22,COMPLETED,38472.0,6683.6,492.89,893.66
560,hard,15,11:20:02,11:20:07,14:35:19,COMPLETED,36684.0,195200.3,5.72,11717.69
900,easy,12,14:24:23,14:34:16,14:35:32,COMPLETED,34336.0,1272.4,593.28,669.38
921,easy,12,14:24:39,14:34:29,14:35:32,COMPLETED,27377.0,1061.4,590.00,653.38
1049,easy,12,14:25:19,14:35:26,14:36:10,COMPLETED,28321.0,744.1,607.01,651.37
970,easy,11,14:24:59,14:34:29,14:36:16,COMPLETED,39649.0,1799.9,570.00,677.69
757,hard,15,13:15:01,13:15:03,14:40:11,COMPLETED,42544.0,85147.9,2.36,5110.99
817,medium,14,13:37:25,13:39:54,14:41:23,COMPLETED,40882.0,61483.9,149.44,3838.26
973,medium,14,14:25:38,14:35:38,14:41:29,COMPLETED,25430.0,5853.7,600.71,951.64
994,easy,11,14:27:46,14:41:29,14:41:42,COMPLETED,21056.0,220.5,823.64,836.37
1005,easy,11,14:28:00,14:41:48,14:42:02,COMPLETED,32494.0,227.4,828.92,842.04
814,medium,14,13:39:41,13:43:13,14:42:15,COMPLETED,36927.0,59026.4,212.77,3754.19
1027,easy,11,14:28:37,14:42:08,14:42:15,COMPLETED,26043.0,114.9,811.61,818.19
1009,easy,11,14:28:40,14:42:21,14:42:28,COMPLETED,26400.0,118.3,821.52,828.21
883,medium,14,13:47:43,13:54:11,14:45:28,COMPLETED,25461.0,51279.5,388.85,3465.43
960,hard,15,14:26:31,14:36:16,14:45:53,COMPLETED,32841.0,9622.3,585.69,1162.76
908,easy,11,14:29:38,14:46:00,14:46:19,COMPLETED,23871.0,321.5,982.08,1001.07
953,medium,13,14:27:59,14:41:36,14:46:31,COMPLETED,25104.0,4934.4,817.01,1112.80
1025,medium,14,14:21:22,14:30:05,14:46:50,COMPLETED,33480.0,16757.4,523.60,1528.81
951,medium,14,14:25:24,14:35:38,14:46:50,COMPLETED,27869.0,11206.3,614.71,1286.81
925,easy,12,14:29:21,14:45:34,14:47:16,COMPLETED,29376.0,1695.3,973.77,1075.20
1047,easy,12,14:29:45,14:46:25,14:47:16,COMPLETED,29882.0,851.7,1000.40,1051.20
910,easy,12,14:32:35,14:47:22,14:47:47,COMPLETED,28338.0,427.0,887.53,912.84
924,easy,12,14:31:30,14:46:57,14:48:00,COMPLETED,31685.0,1061.4,927.14,990.54
914,easy,12,14:32:49,14:47:22,14:48:38,COMPLETED,27014.0,1269.9,873.53,949.47
655,medium,14,12:42:49,12:44:43,14:49:35,COMPLETED,27824.0,124864.7,114.63,7606.41
926,easy,11,14:33:51,14:48:44,14:49:35,COMPLETED,30970.0,848.7,893.81,944.41
975,hard,15,14:15:57,14:25:16,14:49:41,COMPLETED,29194.0,24434.2,559.04,2024.75
949,easy,12,14:34:02,14:49:41,14:49:48,COMPLETED,25900.0,116.1,939.75,946.20
958,easy,11,14:33:56,14:49:41,14:49:54,COMPLETED,23261.0,230.5,945.75,958.81
728,hard,15,12:36:23,12:36:23,14:50:08,COMPLETED,33722.0,133748.6,0.51,8025.25
904,medium,13,14:35:58,14:50:01,14:50:53,COMPLETED,28788.0,874.6,843.65,895.59
981,medium,14,14:11:38,14:18:13,14:51:13,COMPLETED,20179.0,33001.5,395.21,2375.08
387,hard,15,10:40:41,10:40:41,14:51:19,COMPLETED,31709.0,250628.0,0.78,15038.40
978,easy,12,14:36:27,14:51:00,14:51:39,COMPLETED,29694.0,657.0,873.18,912.09
1042,medium,14,14:28:39,14:42:21,14:51:58,COMPLETED,29295.0,9627.5,822.52,1399.77
950,easy,12,14:37:21,14:51:45,14:52:18,COMPLETED,28349.0,547.4,864.67,897.02
941,easy,12,14:37:14,14:51:25,14:52:37,COMPLETED,30495.0,1203.0,851.81,923.51
923,easy,11,14:38:02,14:52:24,14:52:44,COMPLETED,25107.0,333.8,862.58,882.05
649,hard,15,12:32:18,12:32:18,14:56:10,COMPLETED,31911.0,143863.7,0.77,8632.50
1035,medium,13,14:32:33,14:46:57,14:56:10,COMPLETED,36735.0,9226.7,864.14,1417.50
1016,hard,15,14:10:44,14:17:46,14:56:29,COMPLETED,30968.0,38713.5,422.94,2745.54
1011,easy,11,14:38:55,14:56:16,14:56:29,COMPLETED,21162.0,216.9,1041.84,1054.54
942,easy,11,14:39:03,14:56:16,14:56:42,COMPLETED,29413.0,427.9,1033.84,1059.27
1000,easy,12,14:39:27,14:56:35,14:57:20,COMPLETED,25882.0,743.7,1028.88,1073.21
1019,medium,14,14:19:28,14:27:10,14:57:39,COMPLETED,31900.0,30490.5,462.11,2291.33
919,easy,12,14:40:39,14:57:26,14:57:52,COMPLETED,32008.0,429.7,1007.54,1033.02
982,easy,12,14:41:26,14:57:58,14:58:11,COMPLETED,27629.0,216.2,992.35,1005.02
931,easy,11,14:41:29,14:58:17,14:58:30,COMPLETED,22123.0,216.3,1008.35,1021.02
988,hard,15,14:21:37,14:30:12,14:58:36,COMPLETED,31065.0,28405.1,515.30,2219.35
1033,medium,14,14:43:11,14:58:42,15:00:11,COMPLETED,22314.0,1480.0,931.73,1020.22
927,easy,11,14:44:08,15:00:17,15:00:30,COMPLETED,26275.0,216.4,969.55,982.23
905,medium,14,14:34:45,14:49:48,15:01:01,COMPLETED,28167.0,11232.4,903.20,1576.86
913,easy,11,14:45:00,15:01:08,15:01:27,COMPLETED,28527.0,326.9,968.23,987.49
917,easy,12,14:40:58,14:57:45,15:03:02,COMPLETED,23467.0,5293.3,1007.66,1324.97
848,hard,15,13:17:41,13:19:04,15:04:44,COMPLETED,39052.0,105653.4,83.94,6423.01
962,medium,13,14:45:27,15:01:33,15:05:15,COMPLETED,28316.0,3701.2,966.88,1188.65
1028,medium,13,14:44:46,15:00:36,15:06:25,COMPLETED,32667.0,5820.6,950.56,1299.32
907,easy,12,14:46:20,15:06:31,15:07:17,COMPLETED,34950.0,762.7,1211.86,1257.10
985,easy,11,14:47:08,15:07:23,15:07:30,COMPLETED,25169.0,120.5,1215.66,1222.29
847,medium,14,13:48:22,13:54:30,15:10:29,COMPLETED,37629.0,75984.5,368.88,4927.79
1018,medium,14,14:38:50,14:52:50,15:10:55,COMPLETED,26681.0,18078.6,840.65,1925.10
901,easy,12,14:47:44,15:11:01,15:11:14,COMPLETED,25241.0,216.1,1397.43,1410.10
1039,medium,14,14:47:10,15:07:36,15:11:52,COMPLETED,23995.0,4257.4,1226.94,1482.09
911,medium,14,14:29:20,14:42:34,15:12:04,COMPLETED,35617.0,29504.2,794.76,2564.77
934,easy,12,14:48:36,15:11:58,15:12:23,COMPLETED,31275.0,428.1,1402.42,1427.80
875,hard,15,13:19:27,13:21:01,15:13:01,COMPLETED,34125.0,112006.5,94.49,6814.75
692,hard,15,12:47:14,12:49:38,15:13:08,COMPLETED,37625.0,143497.3,144.37,8754.08
955,medium,14,14:41:59,14:58:36,15:13:20,COMPLETED,32081.0,14745.8,997.35,1881.84
936,easy,11,14:49:30,15:13:14,15:13:27,COMPLETED,24671.0,217.8,1424.45,1437.17
916,easy,12,14:49:32,15:13:27,15:13:39,COMPLETED,22566.0,217.5,1435.17,1447.91
990,easy,12,14:50:03,15:13:33,15:13:52,COMPLETED,32352.0,323.2,1410.55,1429.64
954,medium,14,14:33:50,14:48:06,15:14:18,COMPLETED,35697.0,26195.3,856.86,2428.21
1030,easy,11,14:50:13,15:13:46,15:14:18,COMPLETED,27839.0,541.3,1413.25,1445.21
956,easy,12,14:50:55,15:14:24,15:14:50,COMPLETED,30377.0,441.8,1409.78,1435.96
922,medium,13,14:49:10,15:13:08,15:15:23,COMPLETED,24943.0,2253.9,1438.08,1573.02
932,easy,12,14:51:37,15:15:29,15:15:42,COMPLETED,25621.0,228.5,1432.35,1445.53
964,easy,12,14:50:44,15:14:24,15:16:08,COMPLETED,30240.0,1739.7,1420.78,1524.57
1004,medium,13,14:47:21,15:10:36,15:16:15,COMPLETED,32329.0,5661.1,1395.11,1734.24
969,hard,15,14:01:07,14:11:30,15:16:21,COMPLETED,36485.0,64867.5,623.19,4514.87
929,easy,11,14:53:50,15:16:28,15:16:34,COMPLETED,33032.0,114.4,1358.52,1364.87
977,easy,11,14:53:32,15:16:21,15:16:54,COMPLETED,30976.0,542.3,1369.87,1402.12
992,easy,11,14:54:30,15:17:00,15:17:19,COMPLETED,29937.0,330.0,1350.44,1369.73
915,medium,14,14:27:43,14:40:18,15:17:52,COMPLETED,25720.0,37568.5,755.53,3009.41
1022,easy,11,14:56:19,15:17:58,15:18:11,COMPLETED,25206.0,225.8,1299.78,1312.74
995,medium,13,14:54:27,15:16:41,15:18:44,COMPLETED,29898.0,2052.6,1334.42,1457.06
629,hard,15,12:28:13,12:28:18,15:18:50,COMPLETED,38029.0,170537.2,5.63,10237.63
909,easy,12,14:56:57,15:18:50,15:19:03,COMPLETED,24553.0,229.5,1313.63,1326.90
937,easy,11,14:57:23,15:19:10,15:19:30,COMPLETED,27190.0,335.2,1307.46,1327.05
966,medium,14,14:52:46,15:15:49,15:19:43,COMPLETED,27068.0,3907.6,1383.12,1617.23
918,easy,12,14:56:37,15:18:18,15:19:43,COMPLETED,25991.0,1420.6,1301.37,1386.23
967,easy,12,14:59:00,15:19:49,15:20:15,COMPLETED,22144.0,433.5,1249.65,1275.39
989,easy,12,14:57:43,15:19:36,15:20:21,COMPLETED,31785.0,758.5,1313.61,1358.71
785,hard,15,13:23:02,13:25:36,15:20:28,COMPLETED,30512.0,114858.4,154.84,7046.17
952,hard,15,14:35:03,14:49:54,15:20:40,COMPLETED,33097.0,30771.4,891.81,2737.89
1090,easy,11,15:00:37,15:20:34,15:20:40,COMPLETED,23475.0,111.4,1197.54,1203.89
948,easy,12,14:58:49,15:19:49,15:20:53,COMPLETED,26268.0,1071.1,1260.65,1324.62
1072,easy,11,15:01:04,15:20:47,15:20:59,COMPLETED,22451.0,217.1,1183.24,1195.96
930,medium,14,14:48:38,15:12:11,15:21:12,COMPLETED,34245.0,9030.4,1413.12,1954.69
1147,easy,12,15:01:36,15:20:59,15:22:09,COMPLETED,31383.0,1165.5,1163.96,1233.59
1021,medium,13,14:50:28,15:13:58,15:24:22,COMPLETED,32230.0,10392.3,1410.98,2034.25
1015,medium,13,14:53:06,15:16:15,15:24:34,COMPLETED,39716.0,8333.6,1389.24,1889.00
1026,medium,14,14:40:28,14:56:48,15:25:00,COMPLETED,33699.0,28200.7,980.60,2672.38
959,medium,13,14:59:31,15:20:21,15:25:19,COMPLETED,32761.0,4969.6,1250.71,1548.45
1125,easy,11,15:05:47,15:25:25,15:25:58,COMPLETED,23889.0,552.9,1179.00,1211.68
902,hard,15,14:10:33,14:17:34,15:27:14,COMPLETED,30449.0,69681.6,421.15,4601.92
1067,easy,11,15:06:29,15:27:21,15:27:33,COMPLETED,24622.0,216.8,1252.25,1264.93
961,medium,14,14:51:36,15:14:57,15:28:18,COMPLETED,29565.0,13353.1,1401.40,2202.34
641,hard,15,12:27:47,12:27:47,15:28:31,COMPLETED,38899.0,180737.6,0.12,10844.30
1136,easy,12,15:07:23,15:28:24,15:28:44,COMPLETED,27980.0,334.5,1261.68,1281.26
1112,easy,12,15:07:24,15:28:37,15:29:49,COMPLETED,23851.0,1201.1,1273.62,1345.19
1146,easy,12,15:08:05,15:29:55,15:31:57,COMPLETED,24907.0,2036.8,1310.75,1432.60
979,medium,14,14:23:07,14:33:12,15:32:03,COMPLETED,40381.0,58866.7,605.21,4136.99
1131,medium,13,15:03:55,15:24:28,15:32:16,COMPLETED,36558.0,7809.0,1233.59,1701.83
974,hard,15,14:05:00,14:12:47,15:32:35,COMPLETED,35899.0,79815.8,467.17,5255.95
1148,easy,12,15:08:33,15:32:23,15:32:55,COMPLETED,25491.0,537.9,1430.20,1462.12
1102,easy,12,15:09:18,15:33:01,15:33:14,COMPLETED,25061.0,219.3,1423.51,1436.31
1175,medium,14,15:02:39,15:22:15,15:33:58,COMPLETED,29182.0,11719.9,1176.92,1879.85
1199,easy,12,15:09:29,15:34:05,15:34:24,COMPLETED,23536.0,323.9,1476.19,1495.27
1187,medium,14,15:01:39,15:21:06,15:36:37,COMPLETED,31577.0,15531.5,1167.34,2098.76
1092,easy,11,15:10:36,15:36:44,15:36:50,COMPLETED,30889.0,110.9,1568.36,1574.71
1151,easy,12,15:10:50,15:36:57,15:37:35,COMPLETED,22894.0,656.2,1567.04,1605.91
997,hard,15,14:45:27,15:03:09,15:37:42,COMPLETED,33159.0,34560.0,1062.30,3135.45
1093,medium,13,15:10:21,15:34:30,15:38:21,COMPLETED,30126.0,3857.3,1449.65,1680.80
1169,medium,14,15:09:06,15:32:42,15:39:00,COMPLETED,31198.0,6310.4,1416.33,1794.49
1117,easy,12,15:10:57,15:37:42,15:39:19,COMPLETED,30482.0,1632.0,1605.45,1702.89
1160,easy,11,15:11:19,15:39:07,15:39:33,COMPLETED,30045.0,441.6,1668.03,1694.03
1109,easy,12,15:11:27,15:39:26,15:39:33,COMPLETED,22601.0,118.5,1679.45,1686.03
1167,easy,11,15:12:14,15:39:39,15:39:59,COMPLETED,29559.0,336.1,1645.66,1665.41
1184,medium,13,15:05:52,15:26:05,15:40:05,COMPLETED,26895.0,14018.6,1213.21,2053.97
1052,easy,11,15:12:55,15:40:12,15:40:18,COMPLETED,25858.0,116.0,1637.41,1643.98
1142,easy,11,15:12:41,15:40:05,15:40:25,COMPLETED,27124.0,332.7,1644.97,1664.40
1177,easy,12,15:13:31,15:40:25,15:40:51,COMPLETED,25138.0,439.7,1614.40,1640.29
1001,hard,15,14:46:07,15:05:21,15:41:04,COMPLETED,34165.0,35713.8,1154.99,3297.46
1176,easy,11,15:14:00,15:40:57,15:41:04,COMPLETED,27107.0,118.9,1617.85,1624.46
1170,easy,11,15:14:54,15:41:11,15:41:17,COMPLETED,28051.0,118.0,1577.02,1583.73
534,hard,15,11:26:35,11:26:38,15:41:24,COMPLETED,34743.0,254773.0,3.04,15289.24
1079,medium,13,15:11:14,15:38:28,15:41:24,COMPLETED,30473.0,2946.0,1634.13,1810.24
976,medium,14,14:10:56,14:17:46,15:41:50,COMPLETED,37651.0,84061.7,410.94,5454.49
1095,easy,11,15:15:24,15:41:30,15:41:50,COMPLETED,27869.0,333.6,1566.96,1586.49
1133,easy,11,15:15:43,15:41:57,15:42:03,COMPLETED,25776.0,116.0,1574.02,1580.69
777,hard,15,13:22:02,13:22:49,15:42:10,COMPLETED,33456.0,139349.5,47.35,8408.02
1056,medium,13,15:11:14,15:37:49,15:43:00,COMPLETED,31109.0,5202.5,1595.09,1906.98
1051,medium,14,15:03:58,15:24:41,15:45:58,COMPLETED,38462.0,21284.5,1243.33,2520.15
1100,medium,13,15:13:43,15:40:31,15:45:58,COMPLETED,34827.0,5441.4,1608.96,1935.15
1137,easy,12,15:18:41,15:46:04,15:46:23,COMPLETED,22422.0,321.3,1643.50,1662.52
549,hard,15,11:36:26,11:36:26,15:46:29,COMPLETED,35700.0,250049.3,0.98,15003.84
1144,easy,11,15:18:45,15:46:29,15:46:36,COMPLETED,25570.0,112.0,1664.84,1671.21
1106,medium,14,15:09:26,15:33:20,15:47:07,COMPLETED,27291.0,13792.2,1434.70,2261.92
1104,easy,12,15:19:34,15:46:42,15:47:20,COMPLETED,31420.0,639.7,1628.59,1666.68
1138,easy,11,15:19:51,15:47:14,15:47:40,COMPLETED,26045.0,437.7,1643.33,1669.18
1122,easy,11,15:20:10,15:47:27,15:47:59,COMPLETED,27553.0,554.2,1637.00,1669.76
1116,easy,12,15:21:05,15:47:46,15:48:12,COMPLETED,27390.0,446.5,1601.64,1627.93
1068,medium,13,15:21:20,15:48:19,15:52:31,COMPLETED,24978.0,4214.0,1619.48,1871.82
1082,easy,12,15:21:54,15:52:38,15:52:51,COMPLETED,24134.0,227.3,1844.35,1857.50
1091,easy,11,15:22:13,15:52:58,15:53:24,COMPLETED,35051.0,441.0,1845.04,1871.05
1103,medium,14,15:08:19,15:32:03,15:56:21,COMPLETED,29969.0,24290.5,1424.99,2882.18
928,medium,14,14:39:42,14:56:35,15:58:40,COMPLETED,29390.0,62084.4,1013.88,4738.66
795,hard,15,13:59:13,14:10:11,15:59:00,COMPLETED,34105.0,108811.6,658.82,7187.30
1121,medium,13,15:05:11,15:25:06,16:00:50,COMPLETED,39699.0,35740.2,1195.76,3339.78
1155,hard,15,15:16:13,15:41:57,16:02:02,COMPLETED,32276.0,20091.3,1544.02,2749.18
1064,hard,15,15:18:19,15:46:04,16:03:07,COMPLETED,30648.0,17049.3,1665.50,2688.15
1096,medium,13,15:24:47,15:58:47,16:03:32,COMPLETED,32618.0,4766.0,2040.22,2325.70
1198,easy,12,15:26:17,16:03:13,16:03:32,COMPLETED,30602.0,328.8,2216.52,2235.70
935,hard,15,14:56:59,15:18:57,16:03:45,COMPLETED,29751.0,44814.3,1318.29,4006.81
1084,easy,11,15:26:45,16:03:39,16:03:52,COMPLETED,22660.0,227.9,2214.28,2227.36
843,hard,15,13:17:02,13:17:03,16:04:05,COMPLETED,37123.0,167036.4,1.61,10023.62
1060,medium,14,15:24:55,15:59:06,16:04:31,COMPLETED,25745.0,5419.4,2051.86,2376.75
1196,easy,11,15:27:46,16:04:12,16:04:31,COMPLETED,26367.0,331.4,2186.18,2205.75
1063,easy,11,15:29:30,16:04:38,16:04:50,COMPLETED,19409.0,218.5,2108.09,2120.91
1197,medium,14,15:25:37,16:02:08,16:06:06,COMPLETED,32802.0,3973.1,2191.72,2429.82
1123,easy,11,15:29:38,16:06:13,16:06:44,COMPLETED,30855.0,532.9,2195.15,2226.82
1066,hard,15,15:07:50,15:28:50,16:07:35,COMPLETED,32604.0,38746.8,1260.81,3585.38
1139,medium,14,15:11:37,15:39:39,16:08:07,COMPLETED,27244.0,28461.7,1682.66,3390.15
1007,hard,15,14:54:50,15:17:26,16:08:19,COMPLETED,33002.0,50897.0,1356.28,4409.88
1132,medium,13,15:32:59,16:08:26,16:09:29,COMPLETED,24375.0,1061.1,2127.27,2190.57
1195,easy,11,15:33:05,16:09:35,16:09:42,COMPLETED,22168.0,111.0,2190.96,2197.31
1081,medium,14,15:18:14,15:42:16,16:09:48,COMPLETED,37971.0,27537.7,1442.68,3094.65
1075,easy,11,15:33:42,16:09:55,16:10:26,COMPLETED,28783.0,532.5,2173.07,2204.71
1129,medium,14,15:29:43,16:06:51,16:14:01,COMPLETED,34288.0,7176.5,2228.15,2658.46
1078,hard,15,15:21:17,15:48:06,16:15:11,COMPLETED,30256.0,27088.3,1609.31,3234.20
999,hard,15,14:48:18,15:11:20,16:15:43,COMPLETED,23746.0,64394.4,1382.43,5245.78
1050,easy,11,15:34:17,16:15:17,16:15:50,COMPLETED,23232.0,553.1,2460.75,2493.34
1059,medium,14,15:15:30,15:41:30,16:16:03,COMPLETED,34951.0,34547.9,1560.96,3633.51
1111,medium,13,15:34:47,16:15:56,16:16:55,COMPLETED,27539.0,982.0,2470.00,2528.42
1130,easy,11,15:35:19,16:17:01,16:17:21,COMPLETED,29502.0,326.5,2502.97,2522.26
1140,easy,12,15:34:25,16:15:50,16:17:59,COMPLETED,26930.0,2157.0,2485.34,2614.47
1135,hard,15,15:17:11,15:42:10,16:19:28,COMPLETED,31466.0,37306.1,1499.02,3737.16
1110,medium,13,15:30:44,16:08:13,16:19:47,COMPLETED,38904.0,11566.0,2249.48,2943.17
1141,easy,11,15:36:48,16:19:53,16:19:59,COMPLETED,23638.0,112.5,2585.50,2591.89
1101,medium,14,15:34:05,16:10:33,16:20:19,COMPLETED,30204.0,9771.9,2188.04,2774.03
1161,medium,13,15:35:22,16:17:27,16:20:57,COMPLETED,39615.0,3498.3,2525.58,2735.20
1173,easy,11,15:37:47,16:21:03,16:21:16,COMPLETED,28185.0,216.1,2596.53,2609.19
1162,medium,13,15:27:30,16:03:59,16:21:28,COMPLETED,32819.0,17501.7,2189.02,3238.88
1115,easy,11,15:38:29,16:21:22,16:21:41,COMPLETED,31301.0,322.7,2573.52,2592.55
811,hard,15,13:14:35,13:14:38,16:22:06,COMPLETED,37227.0,187480.8,3.13,11251.88
1077,easy,12,15:39:23,16:21:47,16:22:13,COMPLETED,32291.0,427.6,2544.91,2570.22
1074,medium,14,15:25:32,16:00:57,16:22:45,COMPLETED,31558.0,21804.1,2125.35,3433.14
1171,easy,12,15:40:12,16:22:19,16:22:58,COMPLETED,31697.0,653.8,2527.59,2566.34
1105,medium,14,15:23:44,15:53:30,16:23:30,COMPLETED,33093.0,30007.8,1786.54,3586.61
1159,easy,12,15:39:17,16:21:35,16:23:43,COMPLETED,24190.0,2146.8,2538.20,2666.53
1088,easy,12,15:42:04,16:23:37,16:23:50,COMPLETED,24910.0,225.7,2493.17,2506.08
1168,hard,15,15:27:03,16:03:52,16:25:59,COMPLETED,27614.0,22125.8,2209.36,3536.51
1080,easy,11,15:42:43,16:26:06,16:26:12,COMPLETED,27048.0,119.4,2603.08,2609.74
1062,medium,13,15:37:33,16:20:25,16:26:32,COMPLETED,37609.0,6122.2,2572.41,2939.29
1071,easy,11,15:43:10,16:26:19,16:27:04,COMPLETED,28045.0,763.6,2589.29,2634.80
1006,hard,15,14:49:00,15:12:30,16:27:43,COMPLETED,31485.0,75231.4,1410.13,5923.71
1127,easy,12,15:44:11,16:26:38,16:27:43,COMPLETED,28982.0,1090.1,2547.83,2612.71
1114,easy,12,15:44:19,16:27:11,16:28:28,COMPLETED,29247.0,1305.7,2572.14,2650.00
1097,easy,12,15:45:01,16:27:50,16:28:28,COMPLETED,30458.0,652.5,2569.30,2608.00
1118,easy,11,15:45:12,16:28:35,16:28:42,COMPLETED,21592.0,117.5,2603.57,2610.25
1157,medium,14,15:24:32,15:56:27,16:29:33,COMPLETED,32775.0,33096.5,1915.51,3901.08
1057,easy,11,15:45:52,16:29:39,16:29:52,COMPLETED,22195.0,218.2,2627.41,2640.14
1163,easy,12,15:45:53,16:29:58,16:30:11,COMPLETED,33239.0,218.8,2645.53,2658.29
1120,medium,13,15:41:40,16:23:04,16:32:43,COMPLETED,31576.0,9646.4,2484.87,3063.37
1076,easy,12,15:45:30,16:28:35,16:33:59,COMPLETED,38569.0,5407.7,2585.57,2909.66
1087,easy,11,15:46:44,16:34:06,16:34:25,COMPLETED,25576.0,334.3,2842.19,2861.74
1099,medium,13,15:36:54,16:20:06,16:35:23,COMPLETED,32685.0,15299.7,2592.28,3509.96
1194,easy,11,15:46:58,16:35:30,16:35:49,COMPLETED,27368.0,322.8,2912.33,2931.39
1073,hard,15,15:15:23,15:41:24,16:35:55,COMPLETED,31574.0,54529.6,1561.24,4832.72
912,hard,15,14:37:57,14:52:05,16:36:08,COMPLETED,29601.0,104056.3,848.29,7091.50
1126,hard,15,15:35:12,16:16:10,16:36:08,COMPLETED,32799.0,19977.7,2458.09,3656.50
1089,hard,15,15:36:28,16:18:05,16:36:21,COMPLETED,28762.0,18267.2,2497.80,3593.52
1193,easy,12,15:48:32,16:36:27,16:37:18,COMPLETED,31644.0,849.6,2875.95,2926.62
1182,easy,11,15:48:36,16:37:24,16:37:31,COMPLETED,27976.0,118.9,2928.95,2935.57
1190,medium,14,15:48:10,16:36:14,16:38:42,COMPLETED,33856.0,2475.8,2884.84,3032.90
1154,hard,15,15:18:17,15:43:07,16:39:02,COMPLETED,26147.0,55927.4,1490.31,4845.61
1172,medium,14,15:19:33,15:46:36,16:39:09,COMPLETED,34800.0,52557.1,1623.21,4776.17
1153,easy,12,15:50:51,16:39:09,16:39:35,COMPLETED,35004.0,443.4,2898.17,2924.45
1119,easy,11,15:50:54,16:39:15,16:39:41,COMPLETED,34620.0,441.8,2901.87,2927.81
1070,medium,14,15:30:20,16:07:41,16:39:54,COMPLETED,27355.0,32221.6,2241.76,4174.78
1143,easy,12,15:51:05,16:39:41,16:39:54,COMPLETED,24520.0,222.7,2916.81,2929.78
1061,easy,11,15:52:08,16:40:01,16:40:13,COMPLETED,24205.0,216.0,2873.21,2885.90
1183,easy,12,15:53:12,16:40:20,16:41:04,COMPLETED,29567.0,746.3,2828.24,2872.71
1113,easy,12,15:51:32,16:39:48,16:43:11,COMPLETED,34088.0,3382.6,2896.43,3099.09
1164,medium,14,15:00:39,15:20:47,16:43:55,COMPLETED,35332.0,83137.7,1208.24,6196.33
1055,medium,14,15:48:16,16:36:14,16:44:08,COMPLETED,34582.0,7890.3,2878.84,3352.05
1054,easy,11,15:55:38,16:44:01,16:44:08,COMPLETED,18702.0,112.6,2903.65,2910.05
1094,easy,11,15:57:08,16:44:14,16:44:27,COMPLETED,18436.0,217.8,2826.43,2839.21
1181,hard,15,15:14:54,15:41:11,16:44:59,COMPLETED,29506.0,63809.0,1577.02,5405.26
1086,medium,14,15:47:49,16:36:02,16:45:05,COMPLETED,29685.0,9069.8,2893.14,3436.79
1053,hard,15,15:46:39,16:32:49,16:45:19,COMPLETED,36707.0,12496.1,2770.72,3520.05
1069,medium,13,15:54:28,16:41:11,16:45:19,COMPLETED,31694.0,4142.2,2803.04,3051.05
1191,easy,11,15:58:12,16:45:12,16:45:51,COMPLETED,29433.0,657.8,2820.44,2859.60
1185,medium,14,15:26:47,16:03:39,16:48:58,COMPLETED,33570.0,45332.5,2212.28,4931.99
1180,medium,14,15:34:11,16:14:07,16:49:31,COMPLETED,35189.0,35398.2,2396.79,4520.47
1204,easy,12,16:01:05,16:49:37,16:49:57,COMPLETED,25070.0,329.6,2912.82,2932.26
1020,hard,15,14:21:43,14:31:15,16:50:29,COMPLETED,35959.0,139234.9,572.88,8926.76
1134,medium,14,15:56:59,16:44:14,16:50:49,COMPLETED,30319.0,6587.2,2835.43,3230.40
1174,medium,13,15:58:52,16:45:25,16:51:02,COMPLETED,29549.0,5616.4,2793.65,3130.34
1225,easy,11,16:01:27,16:50:36,16:51:02,COMPLETED,34056.0,439.5,2949.29,2975.34
1329,easy,12,16:00:46,16:49:05,16:51:40,COMPLETED,29571.0,2585.8,2899.53,3054.40
1098,medium,13,15:57:59,16:45:05,16:51:46,COMPLETED,27834.0,6687.7,2826.79,3227.73
1348,easy,12,16:03:05,16:51:08,16:51:59,COMPLETED,29170.0,852.3,2883.69,2934.53
1299,easy,12,16:03:06,16:51:46,16:52:05,COMPLETED,25761.0,325.4,2920.73,2939.91
1245,easy,11,16:03:42,16:52:05,16:52:18,COMPLETED,24936.0,217.3,2903.91,2916.66
1338,easy,12,16:04:06,16:52:12,16:53:09,COMPLETED,26279.0,954.4,2886.29,2943.24
1128,hard,15,15:46:10,16:30:17,16:53:15,COMPLETED,29080.0,22969.6,2647.68,4025.58
1273,easy,12,16:04:57,16:53:21,16:53:47,COMPLETED,32113.0,426.6,2904.95,2930.25
1289,easy,12,16:04:34,16:53:15,16:55:03,COMPLETED,33652.0,1799.0,2921.58,3029.17
1262,easy,11,16:05:55,16:55:09,16:55:47,COMPLETED,25133.0,641.1,2954.56,2992.70
1229,medium,13,16:02:10,16:51:08,16:56:00,COMPLETED,27089.0,4868.7,2938.69,3230.46
1313,medium,13,16:06:04,16:56:06,16:58:48,COMPLETED,32047.0,2704.5,3002.86,3164.84
1124,medium,14,15:29:35,16:04:57,17:00:06,COMPLETED,34851.0,55154.6,2122.27,5431.23
1252,easy,11,16:06:25,17:00:12,17:00:38,COMPLETED,22793.0,440.2,3227.77,3253.87
1189,hard,15,15:33:17,16:09:48,17:00:58,COMPLETED,30278.0,51162.3,2191.65,5261.07
1145,hard,15,15:49:00,16:37:38,17:02:34,COMPLETED,33893.0,24948.1,2918.12,4414.78
1156,medium,14,15:54:51,16:43:17,17:03:25,COMPLETED,29970.0,20136.0,2906.42,4114.33
1158,medium,14,15:59:55,16:45:25,17:03:50,COMPLETED,32539.0,18420.9,2730.65,3835.65
1337,easy,11,16:07:24,17:03:31,17:03:50,COMPLETED,30041.0,322.7,3367.66,3386.65
1250,easy,11,16:08:06,17:03:57,17:04:09,COMPLETED,22025.0,216.3,3351.05,3363.76
1107,hard,15,15:42:28,16:23:50,17:04:16,COMPLETED,33219.0,40437.6,2482.08,4908.09
1258,easy,12,16:08:06,17:03:57,17:05:06,COMPLETED,32766.0,1166.6,3351.05,3420.74
1255,medium,13,16:06:54,17:02:41,17:05:19,COMPLETED,27088.0,2643.5,3347.11,3505.44
1347,medium,13,16:00:04,16:45:57,17:08:04,COMPLETED,30288.0,22122.9,2753.96,4080.94
1165,medium,13,15:51:43,16:40:01,17:08:24,COMPLETED,39089.0,28389.6,2898.21,4601.36
1268,easy,11,16:09:58,17:08:11,17:08:24,COMPLETED,21373.0,220.1,3493.46,3506.36
1275,easy,11,16:11:32,17:08:30,17:08:37,COMPLETED,24881.0,114.7,3418.69,3425.38
1349,medium,13,16:08:18,17:04:16,17:09:28,COMPLETED,23353.0,5216.3,3358.09,3670.78
1236,easy,11,16:12:24,17:08:43,17:09:28,COMPLETED,28698.0,756.6,3379.71,3424.78
1295,easy,12,16:10:36,17:08:30,17:11:18,COMPLETED,33701.0,2801.3,3474.69,3642.29
1261,medium,14,16:09:09,17:05:13,17:14:05,COMPLETED,33820.0,8873.0,3364.08,3896.17
1192,hard,15,15:50:06,16:38:49,17:14:11,COMPLETED,26787.0,35372.0,2923.45,5045.51
1270,easy,11,16:13:18,17:14:17,17:14:24,COMPLETED,25048.0,110.9,3659.88,3666.24
1322,easy,11,16:13:13,17:14:11,17:14:43,COMPLETED,25814.0,534.9,3658.51,3690.26
1248,easy,12,16:13:25,17:14:30,17:15:40,COMPLETED,26804.0,1165.4,3665.56,3735.17
1308,easy,12,16:14:16,17:14:49,17:16:43,COMPLETED,27761.0,1902.7,3633.63,3747.43
1002,hard,15,14:26:57,14:36:23,17:17:15,COMPLETED,40788.0,160869.7,566.08,10218.12
1319,easy,11,16:14:51,17:16:49,17:17:34,COMPLETED,23036.0,743.3,3718.82,3763.12
1294,medium,14,16:06:37,17:01:04,17:21:53,COMPLETED,22529.0,20818.5,3267.61,4516.45
1243,medium,13,16:15:11,17:17:40,17:21:53,COMPLETED,27644.0,4221.9,3749.46,4002.45
1209,easy,12,16:15:28,17:21:59,17:22:25,COMPLETED,29852.0,426.7,3991.79,4017.10
1233,medium,14,16:15:01,17:17:21,17:22:56,COMPLETED,36446.0,5594.4,3740.45,4075.81
835,hard,15,13:06:22,13:06:23,17:23:15,COMPLETED,36040.0,256871.6,1.59,15413.90
1341,medium,13,16:16:14,17:21:59,17:23:22,COMPLETED,24767.0,1378.8,3945.79,4028.22
1288,easy,11,16:16:24,17:23:22,17:23:34,COMPLETED,25670.0,217.5,4018.22,4030.96
1320,easy,12,16:16:20,17:22:31,17:23:41,COMPLETED,28937.0,1174.9,3971.42,4041.30
1212,easy,11,16:16:38,17:23:28,17:23:54,COMPLETED,35482.0,441.5,4010.60,4036.60
1310,easy,11,16:16:54,17:23:47,17:24:07,COMPLETED,23957.0,337.7,4013.98,4033.75
1240,easy,11,16:17:08,17:24:01,17:24:07,COMPLETED,18032.0,118.9,4013.15,4019.75
1343,easy,11,16:18:11,17:24:14,17:24:40,COMPLETED,27019.0,435.4,3963.32,3989.18
1311,easy,12,16:16:42,17:23:41,17:25:25,COMPLETED,30002.0,1748.1,4019.30,4123.70
1291,hard,15,16:06:15,16:58:55,17:26:11,COMPLETED,36381.0,27268.9,3160.16,4796.01
1023,hard,15,14:23:34,14:34:16,17:29:07,COMPLETED,31898.0,174863.7,642.28,11133.97
1249,medium,14,16:05:58,16:55:54,17:29:26,COMPLETED,33454.0,33554.1,2996.05,5009.00
1166,hard,15,15:28:11,16:04:38,17:30:42,COMPLETED,28575.0,86083.6,2187.09,7351.90
1206,medium,13,16:19:27,17:29:33,17:32:44,COMPLETED,27585.0,3185.8,4206.40,4397.25
588,hard,15,11:08:02,11:08:02,17:32:56,COMPLETED,29952.0,384906.8,0.60,23094.93
1286,medium,14,16:01:25,16:50:03,17:33:55,COMPLETED,41874.0,43870.9,2918.63,5550.68
730,hard,15,12:57:50,13:02:28,17:34:40,COMPLETED,32262.0,272199.7,278.99,16610.84
720,hard,15,12:43:21,12:45:02,17:36:17,COMPLETED,42555.0,291247.2,101.75,17576.52
1316,easy,12,16:22:04,17:36:23,17:37:08,COMPLETED,21073.0,742.5,4459.85,4504.10
1312,medium,13,16:22:11,17:37:14,17:39:08,COMPLETED,27971.0,1902.7,4503.43,4617.27
1296,medium,14,16:18:11,17:24:46,17:39:39,COMPLETED,33345.0,14893.4,3995.56,4888.91
1331,hard,15,16:20:42,17:33:03,17:41:46,COMPLETED,33605.0,8723.5,4341.47,4864.55
1237,easy,11,16:22:22,17:41:52,17:42:24,COMPLETED,25458.0,536.5,4770.94,4802.63
1328,medium,13,16:22:22,17:39:46,17:44:14,COMPLETED,27069.0,4477.1,4644.24,4912.37
1211,medium,14,16:13:07,17:11:24,17:45:25,COMPLETED,39450.0,34021.0,3497.83,5538.78
1251,easy,11,16:24:22,17:45:32,17:45:45,COMPLETED,28121.0,223.2,4870.20,4883.07
1307,medium,13,16:24:08,17:44:20,17:45:51,COMPLETED,25083.0,1522.5,4812.92,4903.63
1269,easy,12,16:24:59,17:45:58,17:46:49,COMPLETED,23928.0,867.8,4859.32,4910.89
1265,hard,15,16:05:47,16:53:53,17:47:15,COMPLETED,39857.0,53377.2,2886.57,6088.85
1201,medium,14,16:12:43,17:09:35,17:47:28,COMPLETED,32485.0,37904.5,3412.12,5686.00
1272,hard,15,16:01:33,16:50:55,17:48:52,COMPLETED,35104.0,57950.6,2962.73,6439.57
1203,medium,13,16:25:28,17:47:35,17:48:52,COMPLETED,20259.0,1288.3,4927.59,5004.57
867,hard,15,13:24:53,13:28:59,17:49:11,COMPLETED,29001.0,260208.6,246.19,15858.63
1263,medium,13,16:16:21,17:23:03,17:49:11,COMPLETED,35014.0,26145.7,4002.15,5570.63
1254,easy,11,16:25:47,17:48:58,17:49:17,COMPLETED,21467.0,324.1,4991.90,5010.98
1241,medium,13,16:23:18,17:42:31,17:49:24,COMPLETED,38136.0,6892.6,4753.15,5166.39
1217,easy,12,16:26:37,17:49:17,17:49:30,COMPLETED,29729.0,219.1,4960.98,4973.78
1214,medium,13,16:24:27,17:45:51,17:49:49,COMPLETED,22745.0,3974.9,4884.63,5122.86
1335,easy,12,16:27:58,17:49:24,17:50:40,COMPLETED,31916.0,1274.4,4886.39,4962.56
1284,medium,14,16:18:48,17:29:14,17:50:46,COMPLETED,37433.0,21547.8,4226.31,5518.89
1200,easy,12,16:26:09,17:48:58,17:51:05,COMPLETED,27126.0,2121.2,4969.90,5096.94
1332,easy,12,16:30:05,17:50:46,17:51:18,COMPLETED,30192.0,533.6,4841.89,4873.62
1327,easy,12,16:28:46,17:49:37,17:51:37,COMPLETED,30530.0,2012.2,4851.17,4971.61
1227,easy,12,16:31:29,17:51:12,17:52:21,COMPLETED,29542.0,1166.4,4783.27,4852.94
1224,medium,13,16:32:40,17:52:28,17:55:01,COMPLETED,30396.0,2565.3,4788.28,4941.90
1218,medium,13,16:31:40,17:51:43,17:55:27,COMPLETED,23070.0,3736.2,4803.95,5027.63
1259,medium,14,16:25:24,17:47:22,17:55:40,COMPLETED,28872.0,8315.6,4918.40,5416.82
1302,easy,11,16:32:46,17:55:34,17:55:40,COMPLETED,33726.0,121.4,4968.17,4974.82
1239,medium,13,16:33:46,17:55:47,17:57:37,COMPLETED,28536.0,1840.1,4921.50,5031.61
41,hard,15,08:22:17,08:22:19,18:00:00,UNFINISHED,-1,-1,-1
225,hard,15,09:08:13,09:08:18,18:00:00,UNFINISHED,-1,-1,-1
416,hard,15,10:04:41,10:04:43,18:00:00,UNFINISHED,-1,-1,-1
379,hard,15,10:23:56,10:24:02,18:00:00,UNFINISHED,-1,-1,-1
372,hard,15,10:42:17,10:42:21,18:00:00,UNFINISHED,-1,-1,-1
337,hard,15,10:45:18,10:45:20,18:00:00,UNFINISHED,-1,-1,-1
415,hard,15,10:57:49,10:57:51,18:00:00,UNFINISHED,-1,-1,-1
594,hard,15,11:29:09,11:29:09,18:00:00,UNFINISHED,-1,-1,-1
495,hard,15,11:29:37,11:29:40,18:00:00,UNFINISHED,-1,-1,-1
458,hard,15,11:38:06,11:38:06,18:00:00,UNFINISHED,-1,-1,-1
470,hard,15,11:40:27,11:40:32,18:00:00,UNFINISHED,-1,-1,-1
600,hard,15,12:10:37,12:10:37,18:00:00,UNFINISHED,-1,-1,-1
619,hard,15,12:51:07,12:53:14,18:00:00,UNFINISHED,-1,-1,-1
792,hard,15,13:03:56,13:03:57,18:00:00,UNFINISHED,-1,-1,-1
772,hard,15,13:06:57,13:07:02,18:00:00,UNFINISHED,-1,-1,-1
779,hard,15,13:35:45,13:38:25,18:00:00,UNFINISHED,-1,-1,-1
807,hard,15,13:44:47,13:49:39,18:00:00,UNFINISHED,-1,-1,-1
765,hard,15,13:46:16,13:52:43,18:00:00,UNFINISHED,-1,-1,-1
865,hard,15,13:56:55,14:08:15,18:00:00,UNFINISHED,-1,-1,-1
1014,hard,15,14:06:11,14:14:15,18:00:00,UNFINISHED,-1,-1,-1
1046,hard,15,14:06:30,14:15:00,18:00:00,UNFINISHED,-1,-1,-1
1041,hard,15,14:30:16,14:46:38,18:00:00,UNFINISHED,-1,-1,-1
1013,hard,15,14:33:00,14:47:54,18:00:00,UNFINISHED,-1,-1,-1
1045,hard,15,14:36:02,14:50:14,18:00:00,UNFINISHED,-1,-1,-1
1029,hard,15,14:37:10,14:51:19,18:00:00,UNFINISHED,-1,-1,-1
987,hard,15,14:38:25,14:52:44,18:00:00,UNFINISHED,-1,-1,-1
946,hard,15,14:45:32,15:04:50,18:00:00,UNFINISHED,-1,-1,-1
1043,hard,15,14:59:59,15:20:28,18:00:00,UNFINISHED,-1,-1,-1
1083,hard,15,15:01:46,15:21:19,18:00:00,UNFINISHED,-1,-1,-1
1179,hard,15,15:07:16,15:27:40,18:00:00,UNFINISHED,-1,-1,-1
1186,hard,15,15:08:31,15:32:10,18:00:00,UNFINISHED,-1,-1,-1
1108,hard,15,15:36:37,16:19:34,18:00:00,UNFINISHED,-1,-1,-1
1188,hard,15,15:40:08,16:22:13,18:00:00,UNFINISHED,-1,-1,-1
1085,medium,14,15:41:00,16:22:51,18:00:00,UNFINISHED,-1,-1,-1
1149,hard,15,15:42:42,16:23:56,18:00:00,UNFINISHED,-1,-1,-1
1065,hard,15,15:44:41,16:27:50,18:00:00,UNFINISHED,-1,-1,-1
1152,hard,15,15:45:40,16:28:48,18:00:00,UNFINISHED,-1,-1,-1
1178,hard,15,15:46:56,16:34:32,18:00:00,UNFINISHED,-1,-1,-1
1150,hard,15,15:47:00,16:35:55,18:00:00,UNFINISHED,-1,-1,-1
1058,medium,14,15:57:46,16:44:33,18:00:00,UNFINISHED,-1,-1,-1
1314,hard,15,16:03:36,16:51:53,18:00:00,UNFINISHED,-1,-1,-1
1297,hard,15,16:04:20,16:52:24,18:00:00,UNFINISHED,-1,-1,-1
1242,hard,15,16:06:25,17:00:45,18:00:00,UNFINISHED,-1,-1,-1
1223,hard,15,16:09:08,17:04:22,18:00:00,UNFINISHED,-1,-1,-1
1326,hard,15,16:09:11,17:05:25,18:00:00,UNFINISHED,-1,-1,-1
1234,hard,15,16:12:42,17:09:35,18:00:00,UNFINISHED,-1,-1,-1
1256,hard,15,16:14:25,17:15:46,18:00:00,UNFINISHED,-1,-1,-1
1279,hard,15,16:17:30,17:24:14,18:00:00,UNFINISHED,-1,-1,-1
1292,hard,15,16:18:18,17:25:32,18:00:00,UNFINISHED,-1,-1,-1
1345,hard,15,16:18:37,17:26:17,18:00:00,UNFINISHED,-1,-1,-1
1260,medium,14,16:19:46,17:30:49,18:00:00,UNFINISHED,-1,-1,-1
1323,hard,15,16:20:04,17:32:50,18:00:00,UNFINISHED,-1,-1,-1
1257,hard,15,16:20:51,17:34:02,18:00:00,UNFINISHED,-1,-1,-1
1264,hard,15,16:21:13,17:34:47,18:00:00,UNFINISHED,-1,-1,-1
1221,hard,15,16:22:17,17:39:14,18:00:00,UNFINISHED,-1,-1,-1
1213,medium,14,16:25:18,17:46:56,18:00:00,UNFINISHED,-1,-1,-1
1333,medium,13,16:26:56,17:49:17,18:00:00,UNFINISHED,-1,-1,-1
1315,medium,14,16:28:36,17:49:30,18:00:00,UNFINISHED,-1,-1,-1
1336,hard,15,16:29:25,17:49:56,18:00:00,UNFINISHED,-1,-1,-1
1301,medium,14,16:31:20,17:50:53,18:00:00,UNFINISHED,-1,-1,-1
1220,hard,15,16:31:33,17:51:24,18:00:00,UNFINISHED,-1,-1,-1
1230,hard,15,16:32:46,17:55:08,18:00:00,UNFINISHED,-1,-1,-1
1215,medium,13,16:34:22,17:55:47,18:00:00,UNFINISHED,-1,-1,-1
1246,medium,13,16:34:23,17:57:43,18:00:00,UNFINISHED,-1,-1,-1
1266,easy,11,16:34:44,-,-,IGNORED,-1,-1
1280,medium,14,16:35:00,-,-,IGNORED,-1,-1
1219,medium,14,16:35:21,-,-,IGNORED,-1,-1
1342,easy,12,16:36:05,-,-,IGNORED,-1,-1
1274,easy,11,16:37:31,-,-,IGNORED,-1,-1
1238,hard,15,16:38:03,-,-,IGNORED,-1,-1
1232,easy,11,16:38:07,-,-,IGNORED,-1,-1
1283,easy,11,16:38:33,-,-,IGNORED,-1,-1
1253,medium,13,16:38:56,-,-,IGNORED,-1,-1
1293,easy,12,16:38:59,-,-,IGNORED,-1,-1
1210,easy,11,16:39:15,-,-,IGNORED,-1,-1
1228,medium,14,16:39:55,-,-,IGNORED,-1,-1
1235,hard,15,16:39:59,-,-,IGNORED,-1,-1
1207,hard,15,16:40:10,-,-,IGNORED,-1,-1
1346,easy,11,16:40:25,-,-,IGNORED,-1,-1
1339,easy,12,16:40:32,-,-,IGNORED,-1,-1
1324,medium,14,16:41:48,-,-,IGNORED,-1,-1
1318,easy,11,16:41:49,-,-,IGNORED,-1,-1
1306,medium,13,16:42:04,-,-,IGNORED,-1,-1
1267,medium,13,16:43:10,-,-,IGNORED,-1,-1
1309,easy,11,16:43:21,-,-,IGNORED,-1,-1
1334,easy,11,16:44:40,-,-,IGNORED,-1,-1
1340,easy,12,16:44:45,-,-,IGNORED,-1,-1
1205,hard,15,16:45:08,-,-,IGNORED,-1,-1
1226,easy,11,16:45:55,-,-,IGNORED,-1,-1
1304,medium,14,16:45:55,-,-,IGNORED,-1,-1
1202,easy,11,16:46:02,-,-,IGNORED,-1,-1
1244,easy,11,16:47:55,-,-,IGNORED,-1,-1
1208,medium,14,16:48:05,-,-,IGNORED,-1,-1
1290,easy,11,16:48:10,-,-,IGNORED,-1,-1
1216,easy,12,16:48:36,-,-,IGNORED,-1,-1
1277,medium,14,16:49:08,-,-,IGNORED,-1,-1
1317,medium,14,16:49:30,-,-,IGNORED,-1,-1
1276,easy,11,16:49:30,-,-,IGNORED,-1,-1
1231,easy,11,16:50:08,-,-,IGNORED,-1,-1
1298,easy,12,16:50:20,-,-,IGNORED,-1,-1
1321,easy,11,16:51:42,-,-,IGNORED,-1,-1
1303,hard,15,16:51:52,-,-,IGNORED,-1,-1
1281,hard,15,16:52:22,-,-,IGNORED,-1,-1
1330,medium,14,16:52:50,-,-,IGNORED,-1,-1
1271,medium,14,16:53:38,-,-,IGNORED,-1,-1
1287,medium,14,16:54:02,-,-,IGNORED,-1,-1
1222,medium,13,16:54:13,-,-,IGNORED,-1,-1
1247,easy,11,16:55:03,-,-,IGNORED,-1,-1
1300,medium,13,16:55:07,-,-,IGNORED,-1,-1
1278,easy,11,16:55:27,-,-,IGNORED,-1,-1
1282,easy,12,16:56:22,-,-,IGNORED,-1,-1
1344,easy,12,16:58:36,-,-,IGNORED,-1,-1
1285,medium,14,16:58:46,-,-,IGNORED,-1,-1
1325,hard,15,16:58:51,-,-,IGNORED,-1,-1
1305,easy,12,16:59:30,-,-,IGNORED,-1,-1
