task_id,difficulty,n,arrival_sim,start_sim,end_sim,status,cost,real_duration_sec,waiting_time_mili_sec,time_in_system_mili_sec
126,easy,12,08:00:23,08:00:24,08:01:12,COMPLETED,23219.0,804.7,1.53,49.76
158,easy,11,08:01:33,08:01:36,08:01:55,COMPLETED,31597.0,302.4,3.91,22.03
42,easy,12,08:02:21,08:02:25,08:03:01,COMPLETED,31171.0,605.7,4.62,40.94
108,easy,11,08:02:37,08:02:37,08:03:07,COMPLETED,20698.0,505.4,0.76,30.99
138,easy,12,08:03:02,08:03:07,08:03:20,COMPLETED,29230.0,203.1,5.99,18.16
102,medium,13,08:01:11,08:01:12,08:04:08,COMPLETED,29224.0,2931.0,1.76,177.60
22,easy,11,08:04:36,08:04:38,08:04:57,COMPLETED,24787.0,305.9,2.94,21.22
51,easy,12,08:03:40,08:03:44,08:05:15,COMPLETED,34716.0,1520.6,4.31,95.50
99,medium,14,08:03:06,08:03:07,08:05:27,COMPLETED,31156.0,2328.5,1.99,141.70
117,easy,12,08:06:25,08:06:28,08:06:53,COMPLETED,24166.0,412.6,3.55,28.14
20,medium,13,08:05:28,08:05:33,08:07:05,COMPLETED,28512.0,1528.8,5.82,97.47
159,medium,13,08:05:50,08:05:52,08:07:29,COMPLETED,26626.0,1629.8,2.14,99.89
139,easy,11,08:06:50,08:06:53,08:07:35,COMPLETED,22415.0,717.6,3.14,45.96
122,easy,11,08:07:40,08:07:42,08:07:54,COMPLETED,25897.0,207.3,2.24,14.64
0,easy,12,08:07:31,08:07:35,08:08:19,COMPLETED,28814.0,719.3,4.96,48.14
151,medium,13,08:07:30,08:07:35,08:08:49,COMPLETED,34113.0,1232.9,5.96,79.69
24,easy,12,08:08:46,08:08:49,08:09:14,COMPLETED,21407.0,410.0,3.69,28.28
119,easy,11,08:08:53,08:08:56,08:09:20,COMPLETED,27579.0,408.7,3.02,27.43
10,easy,12,08:04:11,08:04:14,08:09:26,COMPLETED,37336.0,5202.7,3.66,315.57
9,easy,11,08:08:46,08:08:49,08:09:26,COMPLETED,33621.0,620.3,3.69,40.57
34,easy,12,08:09:25,08:09:26,08:09:32,COMPLETED,27777.0,107.8,1.57,7.96
75,medium,13,08:09:26,08:09:26,08:10:58,COMPLETED,31460.0,1530.2,0.57,92.39
38,medium,13,08:09:27,08:09:32,08:11:16,COMPLETED,28517.0,1729.8,5.96,109.69
54,easy,12,08:10:56,08:10:58,08:11:22,COMPLETED,25850.0,408.4,2.39,26.79
61,easy,11,08:11:18,08:11:22,08:11:41,COMPLETED,24840.0,307.8,4.79,23.19
125,easy,12,08:11:57,08:11:59,08:12:36,COMPLETED,23653.0,612.9,2.55,39.25
88,easy,11,08:11:59,08:11:59,08:12:42,COMPLETED,24667.0,714.1,0.55,43.36
15,easy,11,08:12:11,08:12:11,08:12:42,COMPLETED,27559.0,510.8,0.81,31.36
33,medium,13,08:07:44,08:07:48,08:13:31,COMPLETED,33456.0,5715.1,4.45,347.32
32,easy,12,08:13:43,08:13:43,08:13:55,COMPLETED,24453.0,206.9,0.54,12.79
57,easy,11,08:13:53,08:13:55,08:14:01,COMPLETED,24666.0,104.8,2.79,8.98
31,medium,13,08:11:48,08:11:53,08:14:32,COMPLETED,26995.0,2654.0,5.41,164.52
4,medium,13,08:13:55,08:13:55,08:14:50,COMPLETED,26397.0,921.6,0.79,55.99
133,medium,14,08:12:52,08:12:54,08:15:09,COMPLETED,36143.0,2248.3,2.56,137.38
90,easy,11,08:15:57,08:15:58,08:16:41,COMPLETED,25965.0,723.8,1.52,44.76
110,easy,11,08:16:11,08:16:17,08:16:48,COMPLETED,24098.0,518.3,6.08,37.00
87,medium,14,08:07:14,08:07:17,08:17:31,COMPLETED,26238.0,10233.4,3.69,617.62
21,easy,12,08:17:11,08:17:12,08:17:50,COMPLETED,31271.0,633.2,1.64,39.47
40,medium,13,08:13:14,08:13:19,08:17:57,COMPLETED,28148.0,4635.8,5.02,283.00
114,medium,13,08:17:16,08:17:18,08:17:57,COMPLETED,25042.0,636.7,2.92,41.00
36,easy,11,08:17:47,08:17:50,08:17:57,COMPLETED,26037.0,112.9,3.47,10.00
160,easy,12,08:17:33,08:17:37,08:18:03,COMPLETED,24771.0,425.7,4.87,30.29
45,easy,11,08:17:54,08:17:57,08:18:15,COMPLETED,32232.0,315.6,3.00,21.76
83,easy,12,08:17:42,08:17:44,08:18:22,COMPLETED,29156.0,635.3,2.16,40.03
69,medium,14,08:10:01,08:10:03,08:18:53,COMPLETED,36657.0,8829.9,2.45,532.07
6,easy,11,08:18:57,08:18:59,08:19:05,COMPLETED,25406.0,108.7,2.44,8.75
12,easy,12,08:17:25,08:17:25,08:19:36,COMPLETED,32747.0,2193.2,0.29,131.76
1,hard,15,08:08:11,08:08:12,08:19:55,COMPLETED,28039.0,11709.9,1.91,704.47
41,easy,12,08:18:29,08:18:34,08:19:55,COMPLETED,32497.0,1352.0,5.47,86.47
103,medium,14,08:18:32,08:18:34,08:20:07,COMPLETED,31384.0,1555.9,2.47,95.75
91,medium,13,08:19:36,08:19:36,08:20:51,COMPLETED,28483.0,1243.5,0.76,75.08
39,easy,12,08:18:47,08:18:53,08:20:57,COMPLETED,40236.0,2075.6,6.07,130.44
28,medium,13,08:17:51,08:17:57,08:21:22,COMPLETED,25824.0,3422.9,6.00,211.22
106,medium,13,08:20:19,08:20:20,08:21:59,COMPLETED,29492.0,1654.3,1.05,100.21
72,medium,13,08:20:51,08:20:51,08:22:17,COMPLETED,28526.0,1443.4,0.08,86.58
93,medium,14,08:04:39,08:04:45,08:23:00,COMPLETED,32659.0,18257.6,6.03,1101.45
76,medium,14,08:17:15,08:17:18,08:23:31,COMPLETED,31523.0,6204.1,3.92,376.07
52,easy,11,08:22:54,08:22:54,08:23:31,COMPLETED,25590.0,615.6,0.27,37.07
19,medium,13,08:11:28,08:11:28,08:24:01,COMPLETED,34327.0,12546.8,0.93,753.70
101,medium,13,08:14:39,08:14:44,08:24:56,COMPLETED,35541.0,10199.7,5.84,617.75
115,medium,14,08:20:28,08:20:32,08:25:33,COMPLETED,34894.0,5022.4,4.36,305.56
152,easy,12,08:24:58,08:25:02,08:26:04,COMPLETED,31945.0,1025.1,4.89,66.25
104,easy,11,08:25:52,08:25:58,08:26:04,COMPLETED,30283.0,105.6,6.08,12.25
135,easy,12,08:26:03,08:26:04,08:26:34,COMPLETED,37214.0,512.6,1.25,31.86
30,easy,12,08:25:32,08:25:33,08:26:41,COMPLETED,32980.0,1126.9,1.56,69.03
78,easy,11,08:26:47,08:26:47,08:26:53,COMPLETED,27199.0,106.2,0.21,6.42
68,hard,15,08:17:33,08:17:37,08:27:43,COMPLETED,34146.0,10086.8,4.87,610.00
14,easy,11,08:28:00,08:28:01,08:28:07,COMPLETED,20366.0,106.6,1.60,7.89
136,easy,11,08:28:53,08:28:57,08:29:03,COMPLETED,29418.0,110.6,4.28,10.61
53,easy,11,08:29:03,08:29:03,08:29:16,COMPLETED,21804.0,212.6,0.61,13.18
27,medium,13,08:24:18,08:24:20,08:30:05,COMPLETED,31219.0,5763.7,2.03,347.69
70,hard,15,08:11:46,08:11:47,08:30:11,COMPLETED,32698.0,18412.2,1.29,1105.95
131,medium,14,08:29:20,08:29:22,08:30:24,COMPLETED,30553.0,1036.4,2.41,64.42
95,medium,14,08:26:57,08:26:59,08:30:30,COMPLETED,35806.0,3519.4,2.63,213.64
84,hard,15,08:14:32,08:14:32,08:30:55,COMPLETED,30106.0,16384.1,0.52,983.36
166,easy,12,08:30:53,08:30:55,08:31:07,COMPLETED,29162.0,208.9,2.36,14.81
26,medium,14,08:28:42,08:28:44,08:32:09,COMPLETED,34029.0,3415.2,2.90,207.65
86,medium,14,08:11:31,08:11:35,08:32:28,COMPLETED,29949.0,20889.4,4.05,1257.34
71,easy,12,08:32:21,08:32:22,08:32:34,COMPLETED,24610.0,210.8,1.06,13.57
17,medium,14,08:27:52,08:27:55,08:32:53,COMPLETED,32045.0,4963.2,3.30,301.02
16,easy,12,08:31:51,08:31:57,08:32:53,COMPLETED,32863.0,935.0,6.02,62.02
3,easy,12,08:33:10,08:33:11,08:33:29,COMPLETED,29877.0,309.3,1.34,19.81
128,easy,11,08:33:13,08:33:17,08:33:29,COMPLETED,29287.0,207.0,4.50,16.81
144,easy,11,08:33:40,08:33:42,08:33:54,COMPLETED,27789.0,206.2,2.05,14.32
66,easy,11,08:33:56,08:34:00,08:34:06,COMPLETED,27211.0,104.4,4.45,10.61
145,easy,11,08:34:37,08:34:37,08:34:43,COMPLETED,26697.0,104.6,0.20,6.39
111,medium,13,08:31:35,08:31:38,08:34:49,COMPLETED,31005.0,3185.3,3.47,194.51
7,medium,13,08:23:40,08:23:43,08:35:07,COMPLETED,32798.0,11410.1,3.34,687.88
13,easy,11,08:35:00,08:35:01,08:35:13,COMPLETED,35274.0,206.0,1.73,14.00
120,hard,15,08:06:30,08:06:34,08:35:32,COMPLETED,30859.0,28959.5,4.75,1742.30
130,medium,13,08:31:59,08:32:03,08:35:44,COMPLETED,28752.0,3687.5,4.36,225.49
74,easy,11,08:36:25,08:36:27,08:36:39,COMPLETED,20892.0,206.3,2.19,14.42
153,easy,12,08:37:04,08:37:10,08:37:34,COMPLETED,26612.0,410.9,6.02,30.57
59,medium,13,08:37:20,08:37:22,08:38:23,COMPLETED,32149.0,1026.3,2.31,63.72
105,easy,11,08:38:31,08:38:36,08:38:42,COMPLETED,31203.0,107.6,5.10,11.44
29,easy,11,08:39:32,08:39:37,08:39:56,COMPLETED,27115.0,317.4,5.94,24.79
81,medium,13,08:36:37,08:36:39,08:40:03,COMPLETED,25685.0,3395.7,2.42,206.02
79,medium,13,08:37:13,08:37:16,08:40:09,COMPLETED,32882.0,2887.3,3.16,176.25
47,easy,11,08:40:57,08:40:58,08:41:04,COMPLETED,26334.0,104.7,1.81,7.98
48,easy,12,08:40:31,08:40:34,08:41:42,COMPLETED,30571.0,1141.0,3.00,71.27
123,easy,12,08:41:17,08:41:17,08:41:48,COMPLETED,27072.0,525.8,0.25,31.52
168,easy,11,08:41:57,08:42:01,08:42:13,COMPLETED,34508.0,211.7,4.06,16.58
112,easy,11,08:42:32,08:42:32,08:42:38,COMPLETED,24765.0,107.8,0.33,6.77
80,easy,11,08:42:32,08:42:32,08:42:44,COMPLETED,24475.0,211.8,0.33,12.93
89,hard,15,08:17:56,08:17:57,08:42:51,COMPLETED,35829.0,24903.5,1.00,1495.08
154,easy,12,08:41:18,08:41:23,08:43:34,COMPLETED,31998.0,2186.7,5.56,136.60
64,easy,11,08:43:38,08:43:40,08:43:53,COMPLETED,24192.0,211.6,2.83,15.35
146,medium,13,08:43:40,08:43:40,08:44:42,COMPLETED,23255.0,1034.5,0.83,62.88
63,easy,12,08:44:06,08:44:11,08:44:42,COMPLETED,27711.0,519.4,5.86,36.88
150,easy,12,08:44:15,08:44:18,08:44:55,COMPLETED,29985.0,622.3,3.07,40.22
113,easy,12,08:45:17,08:45:19,08:45:44,COMPLETED,24525.0,413.6,2.97,27.63
134,medium,14,08:42:16,08:42:19,08:45:50,COMPLETED,33129.0,3518.8,3.81,214.81
141,medium,13,08:39:37,08:39:37,08:46:03,COMPLETED,32461.0,6419.8,0.94,386.18
85,medium,13,08:46:06,08:46:09,08:47:04,COMPLETED,25608.0,929.1,3.36,58.96
164,medium,13,08:44:15,08:44:18,08:47:17,COMPLETED,25634.0,2988.2,3.07,182.30
142,easy,12,08:46:44,08:46:46,08:48:06,COMPLETED,30269.0,1337.0,2.40,82.48
58,medium,14,08:03:48,08:03:50,08:48:24,COMPLETED,35807.0,44576.6,2.42,2677.00
56,easy,12,08:48:08,08:48:12,08:49:08,COMPLETED,36417.0,929.7,4.65,60.26
94,easy,11,08:48:50,08:48:55,08:49:08,COMPLETED,26719.0,211.0,5.74,18.26
127,hard,15,08:02:26,08:02:31,08:49:33,COMPLETED,32057.0,47023.9,5.69,2827.11
143,easy,11,08:49:12,08:49:14,08:49:33,COMPLETED,28314.0,312.2,2.49,21.11
116,easy,11,08:49:12,08:49:14,08:49:39,COMPLETED,29322.0,415.9,2.49,27.30
62,easy,11,08:50:18,08:50:22,08:50:47,COMPLETED,28596.0,414.5,4.47,29.18
43,easy,11,08:51:06,08:51:11,08:51:18,COMPLETED,29249.0,105.5,5.86,12.05
11,medium,13,08:44:54,08:44:55,08:52:19,COMPLETED,27936.0,7408.8,1.22,445.63
35,easy,11,08:51:55,08:52:01,08:52:19,COMPLETED,27603.0,312.4,6.08,24.63
65,easy,11,08:52:43,08:52:44,08:52:56,COMPLETED,33787.0,208.3,1.33,13.67
23,medium,14,08:33:20,08:33:23,08:54:47,COMPLETED,34245.0,21405.5,3.65,1287.78
8,medium,14,08:39:33,08:39:37,08:54:47,COMPLETED,28540.0,15167.3,4.94,914.78
162,easy,12,08:54:18,08:54:23,08:55:00,COMPLETED,32010.0,628.9,5.01,42.52
167,easy,11,08:54:43,08:54:47,08:55:00,COMPLETED,23649.0,216.6,4.78,17.52
67,hard,15,08:28:14,08:28:14,08:55:31,COMPLETED,30413.0,27295.0,0.02,1637.66
55,medium,14,08:44:55,08:44:55,08:55:37,COMPLETED,35292.0,10711.8,0.22,642.83
107,easy,11,08:55:17,08:55:19,08:55:37,COMPLETED,26571.0,313.0,2.28,20.83
100,medium,14,08:38:53,08:38:54,08:55:44,COMPLETED,32938.0,16824.3,1.77,1011.11
137,medium,13,08:44:58,08:45:01,08:56:08,COMPLETED,33343.0,11127.8,3.46,670.98
132,medium,13,08:57:38,08:57:42,08:58:00,COMPLETED,27113.0,313.1,4.11,22.67
97,hard,15,08:27:49,08:27:49,08:58:13,COMPLETED,27397.0,30400.1,0.15,1824.09
98,medium,14,08:46:56,08:46:58,08:58:25,COMPLETED,34984.0,11446.3,2.75,689.43
118,medium,14,08:48:52,08:48:55,08:58:25,COMPLETED,27022.0,9495.4,3.74,573.43
121,easy,12,08:58:46,08:58:50,08:59:02,COMPLETED,29117.0,208.4,4.08,16.45
46,easy,11,08:58:49,08:58:50,08:59:14,COMPLETED,41004.0,413.0,1.08,25.77
2,hard,15,08:13:08,08:13:12,09:00:28,COMPLETED,26736.0,47261.7,4.89,2840.56
77,medium,14,08:57:58,08:58:00,09:00:28,COMPLETED,36393.0,2467.2,2.67,150.56
156,medium,14,08:36:39,08:36:39,09:01:11,COMPLETED,28770.0,24538.2,0.42,1472.70
256,easy,11,09:01:04,09:01:05,09:01:17,COMPLETED,29695.0,209.4,1.48,13.86
293,easy,11,09:02:00,09:02:01,09:02:13,COMPLETED,28616.0,210.1,1.03,13.38
276,easy,11,09:03:06,09:03:09,09:03:16,COMPLETED,27775.0,109.5,3.74,10.12
109,hard,15,08:26:32,08:26:34,09:03:59,COMPLETED,31695.0,37418.6,2.86,2247.91
185,medium,14,09:01:13,09:01:17,09:04:12,COMPLETED,27740.0,2914.0,4.86,179.51
234,easy,12,09:03:52,09:03:53,09:04:12,COMPLETED,29858.0,320.8,1.49,20.51
245,easy,11,09:04:08,09:04:12,09:04:25,COMPLETED,27639.0,212.6,4.51,17.11
124,medium,14,08:19:49,08:19:49,09:04:56,COMPLETED,34887.0,45118.5,0.15,2707.20
292,easy,11,09:05:54,09:05:58,09:06:11,COMPLETED,23451.0,218.5,4.46,17.31
281,easy,12,09:05:57,09:05:58,09:06:30,COMPLETED,27725.0,531.2,1.46,33.19
313,easy,11,09:06:27,09:06:30,09:06:36,COMPLETED,27085.0,107.7,3.19,9.54
239,medium,13,09:05:50,09:05:52,09:06:55,COMPLETED,28759.0,1054.7,2.26,65.27
197,easy,12,09:05:55,09:05:58,09:07:01,COMPLETED,30658.0,1055.1,3.46,66.61
204,easy,12,09:06:30,09:06:30,09:07:01,COMPLETED,25063.0,527.4,0.19,31.61
129,hard,15,08:44:35,08:44:36,09:07:14,COMPLETED,31438.0,22627.2,1.68,1359.21
272,medium,14,09:03:01,09:03:03,09:07:14,COMPLETED,35721.0,4185.1,2.36,253.21
49,hard,15,08:46:09,08:46:09,09:07:20,COMPLETED,32141.0,21187.5,0.36,1271.54
165,hard,15,08:03:40,08:03:44,09:07:45,COMPLETED,29153.0,64020.3,4.31,3845.54
220,easy,11,09:07:36,09:07:39,09:07:45,COMPLETED,22138.0,110.5,3.19,9.54
203,medium,13,09:04:18,09:04:18,09:08:29,COMPLETED,31347.0,4175.2,0.78,251.08
194,easy,11,09:08:36,09:08:41,09:08:47,COMPLETED,26586.0,106.0,5.52,11.72
259,easy,12,09:09:19,09:09:24,09:10:01,COMPLETED,33210.0,623.5,5.71,42.97
209,medium,13,09:08:18,09:08:22,09:10:08,COMPLETED,29180.0,1757.6,4.85,110.17
315,easy,11,09:09:54,09:09:55,09:10:08,COMPLETED,28015.0,210.3,1.73,14.17
161,hard,15,08:14:47,08:14:50,09:10:20,COMPLETED,31327.0,55492.8,3.99,3333.53
148,hard,15,08:52:25,08:52:25,09:10:20,COMPLETED,33097.0,17912.7,0.84,1075.53
312,medium,13,09:06:42,09:06:42,09:10:45,COMPLETED,32133.0,4044.1,0.73,243.19
332,easy,11,09:11:06,09:11:09,09:11:22,COMPLETED,32887.0,211.2,3.96,16.47
176,easy,11,09:11:13,09:11:16,09:11:28,COMPLETED,26945.0,210.7,3.17,15.66
280,medium,14,09:09:33,09:09:37,09:11:34,COMPLETED,32648.0,1965.4,4.08,121.85
208,easy,11,09:11:15,09:11:16,09:11:34,COMPLETED,27135.0,313.7,1.17,19.85
295,easy,12,09:11:46,09:11:47,09:11:59,COMPLETED,25690.0,210.5,1.23,13.71
171,medium,13,09:11:51,09:11:53,09:12:36,COMPLETED,30831.0,725.3,2.44,45.85
274,easy,12,09:10:44,09:10:45,09:12:43,COMPLETED,32235.0,1967.5,1.19,119.05
198,medium,13,09:01:41,09:01:42,09:13:01,COMPLETED,23716.0,11323.2,1.52,680.69
224,easy,12,09:09:40,09:09:43,09:13:08,COMPLETED,36799.0,3415.2,3.29,208.02
316,easy,11,09:13:01,09:13:01,09:13:08,COMPLETED,23663.0,108.3,0.69,7.02
327,easy,12,09:12:50,09:12:55,09:13:26,COMPLETED,26239.0,526.2,5.47,36.74
321,medium,14,09:08:13,09:08:16,09:13:51,COMPLETED,31797.0,5589.6,3.64,338.82
217,medium,13,09:11:00,09:11:03,09:15:26,COMPLETED,26419.0,4379.3,3.75,266.19
248,easy,12,09:14:44,09:14:48,09:15:32,COMPLETED,23363.0,750.4,4.05,48.63
201,easy,11,09:15:23,09:15:26,09:15:39,COMPLETED,24435.0,220.7,3.19,16.15
193,easy,11,09:15:43,09:15:45,09:16:10,COMPLETED,26270.0,420.6,2.48,27.54
247,easy,11,09:16:31,09:16:35,09:16:48,COMPLETED,29779.0,219.1,4.54,17.26
324,easy,11,09:17:19,09:17:20,09:17:57,COMPLETED,32339.0,630.9,1.05,38.56
222,easy,12,09:15:30,09:15:32,09:18:16,COMPLETED,24918.0,2737.0,2.63,166.57
296,easy,12,09:17:33,09:17:38,09:18:16,COMPLETED,26280.0,635.0,5.82,43.57
50,medium,14,08:56:23,08:56:27,09:18:48,COMPLETED,36915.0,22346.1,4.68,1345.36
325,easy,12,09:18:19,09:18:22,09:19:00,COMPLETED,29550.0,635.6,3.96,41.93
82,hard,15,08:59:36,08:59:39,09:19:19,COMPLETED,29201.0,19672.0,3.38,1183.61
233,medium,13,09:15:06,09:15:07,09:19:38,COMPLETED,26227.0,4522.4,1.08,272.26
282,medium,13,09:14:13,09:14:16,09:20:09,COMPLETED,36235.0,5877.2,3.84,356.33
210,easy,12,09:21:00,09:21:05,09:21:17,COMPLETED,28382.0,211.6,5.09,17.61
235,easy,12,09:21:08,09:21:11,09:21:17,COMPLETED,24680.0,107.7,3.34,9.61
309,medium,13,09:11:50,09:11:53,09:21:36,COMPLETED,33617.0,9715.0,3.44,586.25
221,medium,14,09:02:32,09:02:32,09:21:42,COMPLETED,28840.0,19173.4,0.15,1150.46
329,easy,12,09:21:08,09:21:11,09:21:42,COMPLETED,22161.0,521.0,3.34,34.46
240,medium,13,09:21:24,09:21:30,09:22:25,COMPLETED,31412.0,933.2,6.01,61.82
278,easy,12,09:22:46,09:22:50,09:23:15,COMPLETED,33237.0,417.6,4.63,29.52
186,medium,13,09:00:41,09:00:47,09:23:40,COMPLETED,22446.0,22889.4,6.00,1379.28
187,medium,14,09:23:07,09:23:09,09:24:23,COMPLETED,29824.0,1246.8,2.25,76.66
260,easy,11,09:25:20,09:25:20,09:25:52,COMPLETED,21583.0,532.5,0.98,32.73
232,easy,11,09:25:23,09:25:27,09:26:05,COMPLETED,32872.0,642.6,4.40,42.43
44,hard,15,08:44:27,08:44:30,09:26:12,COMPLETED,34191.0,41694.1,3.49,2505.05
170,medium,13,09:09:45,09:09:49,09:26:12,COMPLETED,35529.0,16379.3,4.52,987.05
288,easy,11,09:26:17,09:26:18,09:26:24,COMPLETED,25738.0,112.3,1.47,7.85
140,hard,15,08:00:16,08:00:18,09:26:56,COMPLETED,32139.0,86644.6,2.10,5200.75
253,easy,12,09:25:31,09:25:33,09:26:56,COMPLETED,32264.0,1387.3,2.86,85.75
303,easy,12,09:26:36,09:26:37,09:27:03,COMPLETED,30451.0,432.1,1.58,27.17
311,easy,12,09:27:46,09:27:47,09:28:19,COMPLETED,24416.0,543.8,1.28,33.45
244,easy,11,09:28:16,09:28:19,09:28:25,COMPLETED,21482.0,115.1,3.45,10.00
175,easy,11,09:28:09,09:28:12,09:28:45,COMPLETED,26663.0,545.6,3.87,36.25
308,hard,15,09:20:47,09:20:52,09:29:35,COMPLETED,32426.0,8723.9,5.65,528.81
169,hard,15,08:53:03,08:53:09,09:31:04,COMPLETED,36171.0,37921.6,6.02,2281.27
188,medium,14,09:03:16,09:03:16,09:31:41,COMPLETED,34946.0,28432.3,0.12,1705.98
179,medium,13,09:27:33,09:27:34,09:31:48,COMPLETED,30521.0,4232.1,1.52,255.25
299,easy,12,09:31:28,09:31:29,09:31:48,COMPLETED,28036.0,318.9,1.37,20.25
257,easy,11,09:31:31,09:31:35,09:32:13,COMPLETED,28014.0,633.6,4.66,42.39
5,medium,14,08:55:33,08:55:37,09:32:19,COMPLETED,30601.0,36699.3,4.83,2206.72
147,hard,15,08:10:49,08:10:52,09:32:38,COMPLETED,35070.0,81770.7,3.26,4909.50
184,medium,13,09:17:05,09:17:07,09:32:44,COMPLETED,36783.0,15626.1,2.34,939.75
181,hard,15,09:12:56,09:13:01,09:32:57,COMPLETED,32817.0,19927.8,5.69,1201.27
73,medium,14,08:48:50,08:48:55,09:33:47,COMPLETED,32048.0,44858.5,5.74,2697.22
242,hard,15,09:12:09,09:12:12,09:34:18,COMPLETED,33283.0,22111.7,3.08,1329.70
230,medium,13,09:31:06,09:31:10,09:34:18,COMPLETED,27518.0,3139.7,4.52,192.70
243,medium,13,09:33:55,09:33:59,09:34:37,COMPLETED,29003.0,631.3,4.76,42.43
215,easy,12,09:33:23,09:33:28,09:34:43,COMPLETED,30586.0,1257.0,5.47,80.68
323,easy,12,09:35:01,09:35:02,09:35:15,COMPLETED,22928.0,213.5,1.47,14.06
218,easy,11,09:35:08,09:35:08,09:35:15,COMPLETED,21603.0,109.1,0.75,7.06
286,hard,15,09:31:11,09:31:16,09:35:52,COMPLETED,36904.0,4604.4,5.79,281.75
190,medium,14,09:28:28,09:28:32,09:36:18,COMPLETED,20973.0,7771.0,4.40,470.42
291,medium,14,09:23:07,09:23:09,09:36:37,COMPLETED,29271.0,13473.5,2.25,810.50
238,medium,14,09:24:24,09:24:30,09:36:43,COMPLETED,33664.0,12233.5,6.12,739.93
213,hard,15,09:21:51,09:21:54,09:37:09,COMPLETED,29838.0,15240.4,3.86,918.10
246,medium,14,09:24:10,09:24:11,09:37:40,COMPLETED,29063.0,13498.1,1.21,810.92
261,medium,13,09:32:03,09:32:07,09:37:47,COMPLETED,26132.0,5675.8,4.06,344.33
227,medium,14,09:30:28,09:30:32,09:37:53,COMPLETED,22314.0,7349.8,4.99,445.73
189,easy,11,09:38:05,09:38:06,09:38:12,COMPLETED,23954.0,113.0,1.46,7.92
263,medium,14,09:34:55,09:34:56,09:38:44,COMPLETED,28445.0,3809.3,1.20,229.34
252,easy,11,09:38:41,09:38:44,09:38:50,COMPLETED,25341.0,112.5,3.34,9.83
290,easy,11,09:38:49,09:38:50,09:39:09,COMPLETED,29345.0,322.6,1.83,20.75
195,medium,13,09:34:46,09:34:49,09:39:22,COMPLETED,32857.0,4549.7,3.93,276.60
157,hard,15,08:53:12,08:53:15,09:40:38,COMPLETED,36116.0,47387.8,3.21,2846.40
318,hard,15,09:27:51,09:27:53,09:41:22,COMPLETED,32030.0,13486.9,2.74,811.80
174,hard,15,09:13:03,09:13:08,09:42:06,COMPLETED,32374.0,28974.5,5.02,1743.36
328,medium,14,09:32:43,09:32:44,09:42:18,COMPLETED,35065.0,9573.3,1.75,575.92
223,medium,14,09:28:11,09:28:12,09:43:40,COMPLETED,36533.0,15455.9,1.87,929.17
267,easy,11,09:44:17,09:44:17,09:44:30,COMPLETED,27007.0,214.6,0.90,13.49
96,medium,14,08:15:23,08:15:27,09:45:14,COMPLETED,38489.0,89781.0,4.78,5391.57
172,easy,11,09:44:58,09:45:01,09:45:14,COMPLETED,30682.0,216.9,3.88,16.57
338,easy,12,09:45:08,09:45:08,09:45:27,COMPLETED,28816.0,320.6,0.23,19.24
275,easy,11,09:45:18,09:45:20,09:45:52,COMPLETED,24152.0,527.9,2.94,34.37
206,medium,14,09:26:00,09:26:05,09:45:58,COMPLETED,28587.0,19888.7,5.43,1198.65
202,easy,11,09:45:46,09:45:46,09:46:04,COMPLETED,25273.0,318.6,0.06,18.92
322,easy,11,09:45:29,09:45:33,09:46:29,COMPLETED,28396.0,946.2,4.51,60.99
155,medium,14,08:13:15,08:13:19,09:46:36,COMPLETED,36015.0,93287.9,4.02,5601.31
178,medium,14,09:43:07,09:43:08,09:47:01,COMPLETED,37325.0,3891.3,1.81,234.97
334,medium,14,09:43:28,09:43:33,09:47:01,COMPLETED,33614.0,3474.3,5.87,213.97
255,medium,13,09:44:52,09:44:55,09:47:08,COMPLETED,31747.0,2219.3,3.55,136.46
254,easy,12,09:45:11,09:45:14,09:47:33,COMPLETED,38055.0,2324.7,3.57,142.69
319,easy,12,09:46:50,09:46:55,09:47:40,COMPLETED,23812.0,751.6,5.47,50.11
219,medium,13,09:46:41,09:46:42,09:47:46,COMPLETED,25405.0,1072.6,1.61,65.63
163,hard,15,08:55:21,08:55:25,09:48:24,COMPLETED,40945.0,52985.0,4.46,3183.53
229,easy,11,09:48:39,09:48:43,09:48:50,COMPLETED,17941.0,111.5,4.52,11.00
270,medium,13,09:44:00,09:44:05,09:49:15,COMPLETED,32762.0,5174.7,5.30,315.46
287,easy,11,09:48:59,09:49:02,09:49:21,COMPLETED,29471.0,329.1,3.60,22.86
289,medium,14,09:42:09,09:42:12,09:49:28,COMPLETED,22955.0,7267.9,3.64,439.40
265,easy,12,09:49:16,09:49:21,09:49:34,COMPLETED,31027.0,219.2,5.86,18.81
182,medium,14,09:36:07,09:36:11,09:49:59,COMPLETED,35146.0,13798.0,4.92,832.66
205,medium,13,09:42:03,09:42:06,09:49:59,COMPLETED,38998.0,7891.4,3.36,476.66
228,easy,11,09:50:02,09:50:05,09:50:18,COMPLETED,32055.0,211.0,3.90,16.35
191,hard,15,09:31:35,09:31:35,09:51:07,COMPLETED,32414.0,19540.6,0.66,1172.98
262,easy,11,09:51:07,09:51:07,09:51:14,COMPLETED,27659.0,107.5,0.98,7.24
339,easy,11,09:51:33,09:51:39,09:51:52,COMPLETED,27095.0,222.9,6.28,19.15
298,easy,12,09:51:41,09:51:45,09:51:58,COMPLETED,18508.0,222.1,4.72,17.72
277,easy,11,09:52:32,09:52:36,09:52:55,COMPLETED,25454.0,318.7,4.61,23.44
266,hard,15,09:15:13,09:15:13,09:53:14,COMPLETED,37365.0,38014.4,0.48,2281.27
214,easy,12,09:52:15,09:52:17,09:53:14,COMPLETED,28397.0,950.2,2.52,59.27
326,easy,11,09:53:15,09:53:20,09:53:33,COMPLETED,29909.0,212.2,5.56,18.05
25,hard,15,08:41:45,08:41:48,09:53:39,COMPLETED,28740.0,71846.9,3.52,4314.32
273,easy,12,09:53:48,09:53:51,09:54:04,COMPLETED,27340.0,213.2,3.82,16.37
317,easy,11,09:55:06,09:55:06,09:55:13,COMPLETED,22400.0,107.8,0.78,7.04
196,medium,13,09:51:51,09:51:52,09:55:50,COMPLETED,33392.0,3972.1,1.15,239.38
301,easy,11,09:55:33,09:55:37,09:55:50,COMPLETED,27234.0,211.2,4.91,17.38
320,hard,15,09:16:46,09:16:48,09:56:21,COMPLETED,22677.0,39557.1,2.26,2375.57
335,easy,12,09:56:14,09:56:15,09:57:42,COMPLETED,26679.0,1461.8,1.29,88.80
60,medium,14,08:35:43,08:35:44,09:57:49,COMPLETED,43275.0,82075.9,1.49,4926.04
304,medium,14,09:33:57,09:33:59,09:58:26,COMPLETED,30208.0,24446.7,2.76,1469.46
173,easy,11,09:58:23,09:58:26,09:58:32,COMPLETED,22925.0,109.2,3.46,9.77
200,medium,14,09:45:00,09:45:01,09:58:39,COMPLETED,34570.0,13621.7,1.88,819.05
300,hard,15,09:43:44,09:43:46,09:58:51,COMPLETED,32252.0,15088.7,2.46,907.55
180,easy,11,09:58:51,09:58:51,09:58:57,COMPLETED,26716.0,109.2,0.55,6.87
231,easy,12,09:56:50,09:56:52,09:59:10,COMPLETED,27134.0,2296.3,2.80,140.36
216,medium,14,09:47:39,09:47:40,09:59:22,COMPLETED,31854.0,11715.4,1.11,703.89
236,easy,12,09:59:12,09:59:16,10:00:37,COMPLETED,29680.0,1357.6,4.61,85.83
333,medium,14,09:39:08,09:39:09,10:00:56,COMPLETED,28494.0,21783.2,1.75,1308.60
456,easy,12,10:00:35,10:00:37,10:00:56,COMPLETED,31750.0,317.1,2.83,21.60
271,hard,15,09:29:50,09:29:54,10:02:17,COMPLETED,33206.0,32379.4,4.94,1947.62
379,easy,12,10:01:45,10:01:46,10:02:17,COMPLETED,27142.0,523.6,1.44,32.62
412,easy,11,10:02:30,10:02:30,10:02:36,COMPLETED,21877.0,108.7,0.20,6.50
484,easy,12,10:02:19,10:02:23,10:03:01,COMPLETED,29475.0,630.4,4.88,42.44
92,medium,13,08:56:51,08:56:52,10:03:45,COMPLETED,41538.0,66886.2,1.66,4014.82
496,easy,12,10:01:54,10:01:58,10:03:52,COMPLETED,34323.0,1891.2,4.91,118.05
269,medium,14,09:56:21,09:56:21,10:04:55,COMPLETED,33258.0,8568.0,0.57,514.29
433,easy,12,10:04:39,10:04:42,10:05:14,COMPLETED,29601.0,536.1,3.50,35.46
225,medium,14,09:41:39,09:41:41,10:05:33,COMPLETED,27739.0,23862.7,2.48,1434.12
441,easy,11,10:04:55,10:04:55,10:05:33,COMPLETED,30504.0,633.9,0.29,38.12
337,medium,14,09:51:17,09:51:20,10:05:45,COMPLETED,26247.0,14425.2,3.45,868.78
241,medium,13,09:59:29,09:59:29,10:05:45,COMPLETED,28018.0,6281.7,0.10,376.78
183,medium,14,09:33:15,09:33:15,10:06:04,COMPLETED,28557.0,32810.0,0.96,1969.47
258,hard,15,09:56:02,09:56:02,10:06:35,COMPLETED,30253.0,10547.7,0.81,633.47
207,medium,14,09:31:22,09:31:23,10:06:47,COMPLETED,36634.0,35416.0,1.07,2125.94
348,easy,12,10:06:30,10:06:35,10:06:54,COMPLETED,34592.0,315.3,5.47,24.15
177,hard,15,09:42:44,09:42:50,10:07:00,COMPLETED,29758.0,24174.4,6.10,1456.41
411,easy,12,10:05:37,10:05:39,10:07:00,COMPLETED,26095.0,1354.6,2.36,83.41
393,medium,13,10:05:43,10:05:45,10:07:00,COMPLETED,26477.0,1247.8,2.78,77.41
364,easy,11,10:06:52,10:06:54,10:07:00,COMPLETED,27630.0,108.5,2.15,8.41
366,easy,12,10:07:54,10:07:56,10:08:39,COMPLETED,26529.0,727.4,2.28,45.76
360,medium,13,10:07:04,10:07:06,10:09:48,COMPLETED,29249.0,2694.9,2.68,164.21
438,medium,14,10:07:04,10:07:06,10:10:37,COMPLETED,29338.0,3520.1,2.68,213.75
457,easy,11,10:10:46,10:10:50,10:11:09,COMPLETED,22822.0,324.3,4.35,23.40
466,easy,12,10:10:39,10:10:43,10:11:15,COMPLETED,27283.0,536.5,4.96,36.87
211,medium,13,09:37:02,09:37:02,10:11:47,COMPLETED,31222.0,34750.6,0.80,2085.66
285,hard,15,09:25:53,09:25:58,10:11:54,COMPLETED,36124.0,45921.2,5.97,2761.03
388,medium,14,10:01:02,10:01:02,10:12:31,COMPLETED,33192.0,11487.8,0.88,689.90
465,easy,12,10:11:28,10:11:28,10:12:50,COMPLETED,35682.0,1377.3,0.66,82.95
382,easy,12,10:11:49,10:11:54,10:13:03,COMPLETED,34601.0,1163.8,5.03,74.57
386,medium,14,10:00:02,10:00:06,10:13:22,COMPLETED,23924.0,13270.5,4.53,800.52
455,medium,13,10:12:38,10:12:38,10:14:12,COMPLETED,31413.0,1577.1,0.24,94.59
439,easy,11,10:14:36,10:14:37,10:14:50,COMPLETED,28120.0,216.9,1.80,14.52
419,easy,11,10:14:51,10:14:56,10:15:09,COMPLETED,23944.0,214.9,5.86,18.56
416,easy,12,10:15:59,10:15:59,10:16:37,COMPLETED,29422.0,638.7,0.53,38.55
380,easy,12,10:16:44,10:16:50,10:16:56,COMPLETED,19917.0,109.2,6.23,12.57
480,easy,11,10:16:48,10:16:50,10:16:56,COMPLETED,27767.0,108.5,2.23,8.57
310,hard,15,09:25:12,09:25:14,10:17:15,COMPLETED,31215.0,52014.7,2.51,3123.30
452,easy,12,10:16:25,10:16:31,10:17:21,COMPLETED,27700.0,843.0,6.13,56.54
481,easy,12,10:17:09,10:17:09,10:17:52,COMPLETED,27342.0,729.0,0.06,43.62
476,easy,12,10:17:37,10:17:40,10:17:52,COMPLETED,30654.0,210.9,3.14,15.62
407,medium,14,10:00:10,10:00:12,10:18:05,COMPLETED,32320.0,17872.7,2.81,1075.04
284,hard,15,09:52:51,09:52:55,10:18:48,COMPLETED,31612.0,25886.2,4.44,1557.49
492,easy,12,10:18:26,10:18:29,10:18:54,COMPLETED,33605.0,417.9,3.79,28.70
349,easy,11,10:18:57,10:19:00,10:19:07,COMPLETED,28346.0,107.4,3.91,10.17
429,easy,11,10:18:58,10:19:00,10:19:19,COMPLETED,24570.0,313.4,2.91,21.56
504,easy,12,10:17:35,10:17:40,10:19:32,COMPLETED,22135.0,1867.2,5.14,117.00
446,easy,11,10:19:20,10:19:25,10:19:32,COMPLETED,28910.0,107.0,5.77,12.00
464,medium,13,10:12:46,10:12:50,10:19:50,COMPLETED,25976.0,6997.8,4.95,424.62
375,easy,11,10:19:50,10:19:50,10:20:15,COMPLETED,35096.0,417.9,0.62,25.48
385,medium,13,10:18:38,10:18:42,10:21:23,COMPLETED,33433.0,2697.0,4.21,165.87
479,easy,12,10:21:13,10:21:17,10:21:23,COMPLETED,14906.0,107.6,4.61,10.87
423,easy,12,10:20:53,10:20:58,10:22:01,COMPLETED,31495.0,1039.3,5.97,68.11
294,medium,14,09:26:03,09:26:05,10:22:13,COMPLETED,32658.0,56139.2,2.43,3370.66
418,easy,12,10:22:08,10:22:13,10:22:58,COMPLETED,31163.0,745.8,5.66,50.10
426,easy,11,10:23:38,10:23:41,10:23:48,COMPLETED,19746.0,109.6,3.98,10.22
381,easy,12,10:22:46,10:22:51,10:24:39,COMPLETED,29888.0,1795.6,5.63,113.07
377,easy,11,10:23:55,10:24:00,10:24:57,COMPLETED,32226.0,954.3,5.90,62.97
459,easy,12,10:21:24,10:21:30,10:25:04,COMPLETED,30367.0,3571.2,6.09,220.19
363,easy,12,10:23:17,10:23:23,10:25:42,COMPLETED,28646.0,2322.1,6.17,145.09
336,hard,15,09:51:46,09:51:52,10:25:48,COMPLETED,29923.0,33944.9,6.15,2042.57
389,easy,11,10:25:37,10:25:42,10:25:48,COMPLETED,27015.0,115.7,5.09,11.57
477,easy,11,10:26:05,10:26:07,10:26:14,COMPLETED,26981.0,114.3,2.74,9.28
404,easy,11,10:26:06,10:26:07,10:26:14,COMPLETED,24486.0,113.7,1.74,8.28
421,hard,15,10:03:15,10:03:20,10:26:45,COMPLETED,29434.0,23427.6,5.42,1410.87
250,hard,15,09:24:22,09:24:23,10:27:42,COMPLETED,34298.0,63318.2,1.66,3800.55
486,easy,12,10:26:37,10:26:39,10:27:42,COMPLETED,30987.0,1056.8,2.58,65.55
399,easy,11,10:27:37,10:27:42,10:27:49,COMPLETED,27887.0,114.0,5.55,12.06
373,easy,12,10:27:36,10:27:36,10:28:01,COMPLETED,26912.0,432.4,0.11,25.77
468,easy,12,10:27:57,10:28:01,10:28:26,COMPLETED,27302.0,421.0,4.77,29.84
436,medium,14,10:13:29,10:13:35,10:28:39,COMPLETED,22278.0,15072.0,6.16,910.34
435,easy,11,10:28:27,10:28:33,10:28:45,COMPLETED,25975.0,211.6,6.07,18.57
502,medium,13,10:26:29,10:26:33,10:29:22,COMPLETED,30871.0,2828.9,4.21,173.76
383,easy,11,10:29:26,10:29:28,10:29:35,COMPLETED,28860.0,108.1,2.99,9.24
350,easy,12,10:28:07,10:28:08,10:30:00,COMPLETED,29020.0,1872.3,1.09,113.25
448,easy,11,10:30:21,10:30:25,10:30:37,COMPLETED,28274.0,210.8,4.09,16.55
449,easy,11,10:30:46,10:30:49,10:30:56,COMPLETED,25617.0,108.1,3.96,10.24
402,easy,12,10:30:57,10:31:02,10:31:21,COMPLETED,25288.0,317.1,5.47,24.27
376,easy,11,10:30:59,10:31:02,10:31:27,COMPLETED,33553.0,421.5,3.47,28.53
487,easy,12,10:29:36,10:29:41,10:31:46,COMPLETED,35876.0,2082.8,5.50,130.24
347,hard,15,10:20:34,10:20:34,10:33:01,COMPLETED,36925.0,12455.8,0.18,747.38
428,easy,11,10:32:29,10:32:29,10:33:07,COMPLETED,31329.0,635.7,0.98,38.61
394,easy,11,10:32:44,10:32:48,10:33:07,COMPLETED,25255.0,323.7,4.76,23.61
454,easy,12,10:33:06,10:33:07,10:33:14,COMPLETED,24938.0,115.1,1.61,8.24
401,easy,11,10:33:04,10:33:07,10:33:20,COMPLETED,31662.0,222.9,3.61,16.66
499,easy,12,10:32:14,10:32:17,10:33:39,COMPLETED,32662.0,1374.7,3.44,85.59
415,easy,12,10:31:45,10:31:46,10:34:18,COMPLETED,29852.0,2537.4,1.24,153.17
351,medium,13,10:31:23,10:31:27,10:34:37,COMPLETED,38732.0,3164.8,4.53,194.23
355,easy,12,10:34:27,10:34:30,10:35:08,COMPLETED,31939.0,639.2,3.78,41.94
345,medium,13,10:34:06,10:34:11,10:35:21,COMPLETED,27053.0,1169.5,5.60,75.43
474,easy,11,10:35:23,10:35:27,10:35:40,COMPLETED,27146.0,217.1,4.83,17.52
498,easy,12,10:33:43,10:33:45,10:36:18,COMPLETED,22634.0,2548.6,2.96,155.56
249,hard,15,09:37:27,09:37:28,10:36:24,COMPLETED,42302.0,58951.9,1.10,3537.97
362,easy,11,10:36:26,10:36:31,10:36:38,COMPLETED,25270.0,115.1,5.53,12.11
485,easy,12,10:36:08,10:36:12,10:36:44,COMPLETED,20721.0,545.0,4.28,36.59
374,easy,12,10:36:25,10:36:31,10:36:44,COMPLETED,30389.0,224.7,6.53,19.59
413,easy,11,10:36:51,10:36:51,10:37:10,COMPLETED,28009.0,327.0,0.06,19.23
391,easy,11,10:37:02,10:37:03,10:37:10,COMPLETED,28233.0,117.0,1.70,8.23
453,medium,14,10:25:44,10:25:48,10:37:16,COMPLETED,27101.0,11474.5,4.57,692.76
458,easy,12,10:37:04,10:37:10,10:37:29,COMPLETED,31805.0,326.9,6.23,25.53
307,hard,15,09:44:09,09:44:11,10:38:07,COMPLETED,30031.0,53931.5,2.61,3238.34
264,hard,15,09:30:45,09:30:45,10:38:20,COMPLETED,34027.0,67580.4,0.54,4055.25
192,medium,14,09:12:42,09:12:43,10:38:39,COMPLETED,37577.0,85936.3,1.05,5157.14
495,medium,14,10:25:33,10:25:35,10:39:48,COMPLETED,30049.0,14213.6,2.64,855.31
343,easy,11,10:40:22,10:40:25,10:40:44,COMPLETED,25558.0,316.2,3.71,22.48
356,easy,12,10:40:17,10:40:19,10:40:56,COMPLETED,25699.0,629.2,2.46,39.96
279,medium,14,09:59:52,09:59:54,10:43:01,COMPLETED,40305.0,43129.5,2.02,2589.66
420,medium,14,10:33:57,10:33:58,10:43:01,COMPLETED,30930.0,9051.9,1.76,544.66
434,easy,11,10:43:17,10:43:20,10:43:32,COMPLETED,29112.0,212.2,3.40,15.89
482,medium,13,10:43:54,10:43:57,10:44:23,COMPLETED,34057.0,429.4,3.98,29.37
372,easy,12,10:45:04,10:45:08,10:45:14,COMPLETED,27245.0,111.7,4.37,10.66
483,easy,12,10:44:45,10:44:48,10:45:21,COMPLETED,25751.0,543.5,3.88,36.12
442,medium,13,10:25:12,10:25:16,10:45:46,COMPLETED,37890.0,20501.2,4.71,1234.58
37,hard,15,08:42:47,08:42:51,10:45:52,COMPLETED,32813.0,123034.1,4.08,7385.93
467,easy,12,10:45:35,10:45:40,10:45:59,COMPLETED,31677.0,331.6,5.20,24.55
397,medium,13,10:38:11,10:38:13,10:46:44,COMPLETED,24361.0,8522.0,2.75,513.88
384,easy,11,10:46:24,10:46:25,10:47:23,COMPLETED,32980.0,962.8,1.48,59.01
331,medium,14,09:59:53,09:59:54,10:47:42,COMPLETED,30442.0,47806.9,1.02,2869.24
409,easy,11,10:47:33,10:47:35,10:47:42,COMPLETED,19360.0,118.0,2.71,9.24
344,easy,11,10:47:53,10:47:55,10:48:01,COMPLETED,17236.0,115.5,2.24,8.77
387,easy,12,10:47:41,10:47:42,10:48:40,COMPLETED,25848.0,975.0,1.24,59.34
497,easy,12,10:48:33,10:48:33,10:50:47,COMPLETED,31524.0,2237.9,0.81,134.83
370,medium,13,10:46:42,10:46:44,10:51:06,COMPLETED,33557.0,4367.0,2.88,264.66
440,easy,11,10:51:09,10:51:12,10:51:38,COMPLETED,26484.0,423.2,3.94,29.08
509,medium,14,10:38:31,10:38:32,10:51:44,COMPLETED,31013.0,13194.0,1.90,793.36
471,easy,11,10:51:23,10:51:25,10:51:56,COMPLETED,31102.0,527.5,2.50,33.90
461,hard,15,10:27:22,10:27:23,10:52:03,COMPLETED,34615.0,24664.4,1.48,1481.17
494,easy,11,10:51:59,10:52:03,10:52:22,COMPLETED,27713.0,317.9,4.17,23.00
430,hard,15,10:32:11,10:32:11,10:52:34,COMPLETED,32073.0,20391.7,0.15,1223.52
398,medium,14,10:19:38,10:19:38,10:52:53,COMPLETED,33691.0,33253.9,0.21,1995.27
354,medium,13,10:48:48,10:48:53,10:52:53,COMPLETED,25786.0,4009.0,5.06,245.27
408,easy,11,10:52:49,10:52:53,10:53:05,COMPLETED,27423.0,215.4,4.27,16.92
463,easy,11,10:53:24,10:53:24,10:53:31,COMPLETED,24952.0,108.9,0.73,7.03
488,medium,14,10:48:10,10:48:14,10:54:33,COMPLETED,34102.0,6321.9,4.64,383.69
378,easy,11,10:54:33,10:54:33,10:54:40,COMPLETED,26547.0,110.0,0.69,7.00
340,easy,11,10:54:39,10:54:40,10:54:52,COMPLETED,21999.0,214.8,1.00,13.60
314,hard,15,09:08:27,09:08:29,10:55:11,COMPLETED,38774.0,106707.5,2.08,6404.55
506,easy,12,10:53:37,10:53:37,10:55:17,COMPLETED,26850.0,1679.2,0.29,100.83
365,easy,11,10:55:18,10:55:24,10:55:36,COMPLETED,37427.0,216.6,6.09,18.80
395,easy,12,10:54:48,10:54:52,10:56:14,COMPLETED,23875.0,1375.8,4.60,86.65
470,medium,14,10:35:15,10:35:15,10:56:21,COMPLETED,37828.0,21106.8,0.17,1266.24
503,medium,13,10:40:13,10:40:13,10:56:27,COMPLETED,43875.0,16248.7,0.15,974.83
400,easy,12,10:45:58,10:45:59,10:56:47,COMPLETED,41845.0,10794.0,1.55,649.00
469,easy,12,10:54:03,10:54:08,10:56:53,COMPLETED,44714.0,2752.9,5.56,170.27
490,medium,13,10:31:06,10:31:08,10:56:59,COMPLETED,40822.0,25854.0,2.75,1553.87
489,hard,15,10:07:53,10:07:56,10:58:17,COMPLETED,35443.0,50352.8,3.28,3024.31
405,easy,12,10:57:18,10:57:19,10:58:23,COMPLETED,28495.0,1083.4,1.01,65.78
403,easy,11,10:58:25,10:58:30,10:58:42,COMPLETED,23944.0,217.6,5.06,17.91
478,easy,12,10:58:25,10:58:30,10:58:49,COMPLETED,21812.0,322.2,5.06,24.22
451,easy,12,10:58:04,10:58:04,10:59:01,COMPLETED,30755.0,961.8,0.33,57.80
406,easy,11,10:58:31,10:58:36,10:59:08,COMPLETED,33831.0,532.3,5.46,37.09
357,medium,13,10:45:10,10:45:14,10:59:39,COMPLETED,42563.0,14418.2,4.66,869.53
341,medium,13,10:56:12,10:56:14,10:59:45,COMPLETED,30581.0,3524.3,2.65,213.89
353,medium,13,10:57:39,10:57:44,11:00:17,COMPLETED,31287.0,2548.2,5.88,158.38
432,medium,13,10:55:01,10:55:05,11:00:23,COMPLETED,29660.0,5317.4,4.17,322.93
443,medium,13,10:54:59,10:55:05,11:00:36,COMPLETED,31596.0,5533.3,6.17,337.86
543,easy,12,11:00:06,11:00:11,11:00:56,COMPLETED,26650.0,759.3,5.03,50.18
472,medium,13,10:55:26,10:55:30,11:01:27,COMPLETED,29006.0,5962.2,4.47,361.99
635,easy,11,11:00:59,11:01:02,11:01:27,COMPLETED,22644.0,427.7,3.64,28.99
342,medium,13,10:55:36,10:55:36,11:01:34,COMPLETED,29668.0,5962.3,0.80,358.33
612,easy,11,11:01:47,11:01:53,11:02:05,COMPLETED,33620.0,216.3,6.18,18.86
514,easy,11,11:02:51,11:02:56,11:03:15,COMPLETED,25220.0,319.3,5.22,24.12
525,easy,12,11:02:58,11:03:02,11:03:15,COMPLETED,31636.0,214.2,4.54,17.12
445,hard,15,10:58:33,10:58:36,11:03:34,COMPLETED,30893.0,4963.5,3.46,301.04
577,easy,11,11:03:59,11:03:59,11:04:11,COMPLETED,24347.0,214.8,0.27,12.88
501,hard,15,10:45:46,10:45:46,11:04:43,COMPLETED,31886.0,18949.6,0.58,1137.38
268,hard,15,09:18:28,09:18:29,11:05:08,COMPLETED,31381.0,106653.6,1.37,6400.54
18,hard,15,08:39:17,08:39:19,11:05:21,COMPLETED,33446.0,146027.7,2.53,8764.18
369,medium,14,10:55:26,10:55:30,11:05:27,COMPLETED,29767.0,9954.2,4.47,601.51
424,medium,14,10:57:43,10:57:44,11:05:27,COMPLETED,30613.0,7712.8,1.88,464.51
444,medium,14,10:43:39,10:43:39,11:05:33,COMPLETED,30652.0,21913.4,0.15,1314.82
491,hard,15,10:59:02,10:59:08,11:06:05,COMPLETED,34188.0,6955.2,6.09,423.20
519,easy,11,11:06:17,11:06:17,11:06:36,COMPLETED,26619.0,322.9,0.77,19.87
649,easy,11,11:06:10,11:06:11,11:06:49,COMPLETED,33672.0,638.3,1.47,39.52
593,easy,12,11:06:13,11:06:17,11:06:49,COMPLETED,23754.0,533.6,4.77,36.52
554,easy,11,11:06:59,11:07:02,11:07:08,COMPLETED,24176.0,109.5,3.08,9.39
526,easy,11,11:07:11,11:07:14,11:07:20,COMPLETED,19950.0,109.6,3.67,9.99
657,medium,13,11:06:36,11:06:36,11:07:33,COMPLETED,30428.0,950.1,0.87,57.56
578,hard,15,11:03:54,11:03:59,11:07:52,COMPLETED,30981.0,3891.1,5.27,238.46
460,medium,13,10:57:09,10:57:12,11:07:58,COMPLETED,38931.0,10775.0,3.49,649.78
678,medium,13,11:06:18,11:06:24,11:07:58,COMPLETED,32456.0,1582.5,6.13,100.78
659,medium,13,11:03:46,11:03:46,11:08:30,COMPLETED,27336.0,4732.5,0.70,284.39
582,medium,13,11:05:35,11:05:40,11:10:36,COMPLETED,26079.0,4941.5,5.08,301.31
603,easy,11,11:10:06,11:10:11,11:10:36,COMPLETED,27767.0,427.0,5.02,30.31
516,medium,13,11:10:29,11:10:29,11:11:01,COMPLETED,26451.0,530.6,0.95,32.52
667,medium,13,11:08:18,11:08:24,11:11:32,COMPLETED,27631.0,3151.8,6.00,194.87
511,medium,13,11:05:44,11:05:46,11:12:04,COMPLETED,31066.0,6307.9,2.40,380.38
669,easy,11,11:12:13,11:12:17,11:12:23,COMPLETED,21697.0,116.3,4.39,10.96
580,easy,11,11:13:01,11:13:02,11:13:08,COMPLETED,23863.0,112.2,1.30,7.60
410,medium,14,10:08:52,10:08:52,11:13:27,COMPLETED,39139.0,64598.9,0.18,3875.80
358,medium,14,10:57:47,10:57:51,11:13:47,COMPLETED,37008.0,15934.0,4.49,960.24
590,easy,11,11:13:59,11:14:00,11:14:12,COMPLETED,23368.0,221.9,1.02,13.76
513,medium,14,11:01:27,11:01:27,11:14:25,COMPLETED,31575.0,12966.5,0.99,778.74
623,easy,11,11:14:23,11:14:25,11:14:38,COMPLETED,22157.0,216.5,2.74,15.42
527,easy,12,11:13:27,11:13:27,11:15:03,COMPLETED,28930.0,1599.9,0.80,96.64
565,easy,12,11:14:48,11:14:51,11:15:09,COMPLETED,26209.0,320.3,3.04,21.94
572,easy,11,11:15:17,11:15:22,11:15:35,COMPLETED,24068.0,216.7,5.62,18.29
598,medium,14,11:09:35,11:09:39,11:16:00,COMPLETED,32558.0,6351.8,4.62,385.51
447,medium,13,10:11:22,10:11:22,11:16:25,COMPLETED,32076.0,65060.6,0.21,3903.77
614,easy,11,11:15:31,11:15:35,11:16:25,COMPLETED,28195.0,846.2,4.29,54.77
670,medium,13,11:15:22,11:15:22,11:16:50,COMPLETED,30854.0,1475.5,0.62,88.92
676,medium,13,11:10:39,11:10:42,11:17:22,COMPLETED,28541.0,6668.5,3.66,403.50
671,medium,13,11:13:20,11:13:21,11:17:22,COMPLETED,35111.0,4021.7,1.50,242.50
475,hard,15,10:44:15,10:44:16,11:17:47,COMPLETED,34599.0,33515.6,1.90,2012.70
630,medium,14,11:17:19,11:17:22,11:18:31,COMPLETED,21696.0,1157.8,3.50,72.70
517,easy,11,11:18:40,11:18:44,11:19:03,COMPLETED,26707.0,319.0,4.27,23.13
361,hard,15,10:45:47,10:45:52,11:19:15,COMPLETED,34102.0,33385.3,5.93,2008.70
675,medium,13,11:02:25,11:02:31,11:19:22,COMPLETED,24939.0,16857.6,6.02,1017.30
655,medium,14,11:15:04,11:15:09,11:20:20,COMPLETED,33512.0,5177.3,5.94,316.22
538,easy,11,11:20:18,11:20:20,11:20:26,COMPLETED,27170.0,113.3,2.22,8.68
510,easy,12,11:20:10,11:20:13,11:20:39,COMPLETED,25163.0,431.3,3.65,29.36
564,easy,12,11:19:39,11:19:41,11:20:45,COMPLETED,33444.0,1073.5,2.44,66.68
648,easy,12,11:20:20,11:20:20,11:20:51,COMPLETED,25263.0,533.2,0.22,31.99
569,easy,11,11:20:55,11:20:58,11:21:04,COMPLETED,23480.0,110.4,3.30,9.63
557,medium,13,11:19:48,11:19:48,11:21:17,COMPLETED,22792.0,1499.4,0.07,89.65
584,easy,12,11:20:09,11:20:13,11:21:17,COMPLETED,30267.0,1073.7,4.65,68.65
566,easy,11,11:21:26,11:21:30,11:21:50,COMPLETED,30011.0,336.0,4.62,24.28
512,easy,12,11:20:21,11:20:26,11:22:16,COMPLETED,30324.0,1837.3,5.68,115.31
559,easy,11,11:22:16,11:22:16,11:22:36,COMPLETED,24897.0,334.1,0.31,20.05
545,easy,12,11:19:35,11:19:41,11:23:01,COMPLETED,28135.0,3349.6,6.44,206.99
534,easy,11,11:22:43,11:22:48,11:23:08,COMPLETED,26814.0,336.2,5.89,25.53
579,easy,12,11:21:26,11:21:30,11:23:15,COMPLETED,24788.0,1745.4,4.62,109.10
532,medium,13,11:21:06,11:21:10,11:23:27,COMPLETED,23609.0,2289.5,4.94,141.97
367,medium,14,10:34:06,10:34:11,11:24:25,COMPLETED,36402.0,50242.3,5.60,3019.96
575,medium,14,11:19:11,11:19:15,11:25:11,COMPLETED,25849.0,5934.7,4.70,360.38
427,medium,14,10:44:49,10:44:55,11:25:17,COMPLETED,34126.0,40378.7,6.42,2428.93
652,medium,14,11:19:29,11:19:34,11:25:30,COMPLETED,30225.0,5934.9,5.90,361.71
621,easy,11,11:24:53,11:24:58,11:25:30,COMPLETED,29578.0,543.5,5.46,37.71
650,medium,14,11:13:25,11:13:27,11:25:49,COMPLETED,32483.0,12368.2,2.80,744.70
607,medium,14,11:20:09,11:20:13,11:26:21,COMPLETED,33490.0,6130.7,4.65,372.27
212,hard,15,09:11:49,09:11:53,11:26:33,COMPLETED,30466.0,134675.6,4.44,8084.94
611,medium,14,11:24:13,11:24:13,11:26:40,COMPLETED,27262.0,2457.0,0.08,147.28
505,medium,13,10:54:06,10:54:08,11:27:30,COMPLETED,42574.0,33370.0,2.56,2004.67
567,easy,12,11:21:31,11:21:37,11:27:36,COMPLETED,28739.0,5998.1,6.33,365.97
553,medium,13,11:06:14,11:06:17,11:27:43,COMPLETED,40106.0,21427.4,3.77,1289.28
615,easy,11,11:28:21,11:28:21,11:28:27,COMPLETED,30626.0,110.0,0.03,6.36
642,medium,14,11:25:17,11:25:17,11:29:42,COMPLETED,25699.0,4419.4,0.93,265.83
555,medium,13,11:24:09,11:24:13,11:29:55,COMPLETED,33668.0,5709.5,4.08,346.41
396,hard,15,10:00:17,10:00:19,11:30:26,COMPLETED,31486.0,90135.5,2.11,5409.94
629,easy,11,11:30:24,11:30:26,11:30:33,COMPLETED,26556.0,115.3,2.94,9.69
462,hard,15,10:40:30,10:40:31,11:30:39,COMPLETED,34309.0,50135.9,1.98,3009.98
544,medium,13,11:23:42,11:23:47,11:31:31,COMPLETED,31231.0,7740.8,5.41,469.60
626,easy,11,11:31:21,11:31:24,11:31:31,COMPLETED,26294.0,115.6,3.92,10.60
613,medium,14,11:24:52,11:24:52,11:32:16,COMPLETED,32053.0,7414.2,0.06,444.60
251,hard,15,09:06:25,09:06:30,11:32:29,COMPLETED,34936.0,145989.0,5.19,8764.49
371,medium,13,10:59:38,10:59:39,11:32:29,COMPLETED,27391.0,32837.2,1.53,1971.49
588,medium,14,11:00:09,11:00:11,11:32:49,COMPLETED,27281.0,32638.4,2.03,1960.11
520,medium,14,11:22:23,11:22:23,11:32:49,COMPLETED,36275.0,10441.9,0.01,626.11
674,medium,13,11:31:20,11:31:24,11:32:49,COMPLETED,27647.0,1411.9,4.92,89.11
651,easy,12,11:31:44,11:31:44,11:32:55,COMPLETED,27098.0,1194.8,0.42,71.71
568,medium,14,11:21:37,11:21:37,11:33:08,COMPLETED,32726.0,11523.4,0.33,691.58
609,easy,11,11:33:11,11:33:14,11:33:21,COMPLETED,28631.0,113.5,3.86,10.16
647,easy,11,11:33:21,11:33:21,11:33:27,COMPLETED,29675.0,113.5,0.16,6.72
586,medium,14,11:13:57,11:14:00,11:35:09,COMPLETED,25558.0,21167.8,3.02,1272.83
666,easy,11,11:34:55,11:34:56,11:35:09,COMPLETED,23414.0,223.3,1.89,14.83
608,medium,13,11:35:06,11:35:09,11:35:35,COMPLETED,23766.0,435.5,3.83,29.54
507,medium,14,10:24:14,10:24:19,11:35:42,COMPLETED,32165.0,71369.8,5.94,4288.01
541,medium,14,11:25:26,11:25:30,11:35:42,COMPLETED,31752.0,10194.4,4.71,616.01
368,hard,15,10:49:15,10:49:18,11:36:07,COMPLETED,26694.0,46821.3,3.69,2812.76
536,hard,15,11:12:01,11:12:04,11:36:33,COMPLETED,30575.0,24485.0,3.38,1472.34
551,easy,11,11:36:17,11:36:20,11:36:33,COMPLETED,28742.0,214.4,3.73,16.34
617,easy,12,11:27:53,11:27:55,11:36:45,COMPLETED,27333.0,8837.3,2.86,532.91
606,easy,11,11:36:38,11:36:39,11:36:58,COMPLETED,29833.0,319.6,1.62,20.49
556,easy,12,11:36:46,11:36:52,11:37:29,COMPLETED,26998.0,631.3,6.17,43.82
632,easy,11,11:36:48,11:36:52,11:37:36,COMPLETED,26983.0,735.0,4.17,48.08
658,medium,13,11:30:17,11:30:20,11:37:42,COMPLETED,30657.0,7366.5,3.55,445.34
561,easy,11,11:37:43,11:37:48,11:37:54,COMPLETED,25257.0,109.0,5.61,11.91
663,easy,11,11:38:09,11:38:13,11:38:20,COMPLETED,24283.0,108.9,4.73,11.03
640,easy,11,11:38:04,11:38:07,11:38:38,COMPLETED,28422.0,527.1,3.41,34.81
574,easy,11,11:38:31,11:38:32,11:38:38,COMPLETED,19856.0,108.8,1.53,7.81
618,hard,15,11:28:32,11:28:33,11:38:51,COMPLETED,31308.0,10298.2,1.66,619.31
625,easy,12,11:38:52,11:38:57,11:39:16,COMPLETED,26795.0,316.6,5.61,24.38
660,easy,12,11:39:23,11:39:28,11:39:41,COMPLETED,28640.0,213.8,5.87,18.43
437,hard,15,10:42:57,10:43:01,11:39:47,COMPLETED,35691.0,56770.5,4.66,3410.74
594,easy,11,11:39:37,11:39:41,11:39:47,COMPLETED,28335.0,110.0,4.43,10.74
546,hard,15,11:03:34,11:03:34,11:40:06,COMPLETED,30706.0,36543.6,0.04,2192.53
422,hard,15,10:16:06,10:16:12,11:40:19,COMPLETED,35129.0,84116.1,6.22,5053.10
661,easy,12,11:39:31,11:39:35,11:40:19,COMPLETED,27114.0,736.8,4.15,48.10
523,easy,12,11:40:13,11:40:19,11:40:56,COMPLETED,25248.0,629.1,6.10,43.62
533,easy,12,11:40:36,11:40:37,11:41:09,COMPLETED,28938.0,524.6,1.86,33.11
633,easy,11,11:41:29,11:41:34,11:41:40,COMPLETED,28491.0,114.0,5.49,11.96
622,medium,14,11:30:22,11:30:26,11:41:53,COMPLETED,27169.0,11450.4,4.94,691.65
473,hard,15,10:11:08,10:11:09,11:42:06,COMPLETED,26202.0,90952.9,1.40,5458.48
644,easy,12,11:41:47,11:41:47,11:42:51,COMPLETED,31334.0,1074.9,0.37,64.49
601,medium,13,11:39:44,11:39:47,11:43:16,COMPLETED,28036.0,3490.2,3.74,212.80
531,easy,12,11:43:21,11:43:23,11:43:42,COMPLETED,26902.0,323.8,2.21,21.27
537,easy,11,11:44:15,11:44:20,11:44:26,COMPLETED,21424.0,114.8,5.50,11.99
542,easy,11,11:44:27,11:44:33,11:44:46,COMPLETED,28991.0,218.6,6.43,19.26
643,easy,11,11:44:37,11:44:39,11:44:46,COMPLETED,26723.0,110.0,2.97,9.26
562,easy,11,11:44:47,11:44:52,11:45:05,COMPLETED,22687.0,218.7,5.59,18.32
540,easy,11,11:45:48,11:45:50,11:46:03,COMPLETED,26271.0,223.7,2.14,15.03
431,hard,15,10:20:18,10:20:21,11:46:47,COMPLETED,29138.0,86429.7,3.72,5189.40
359,medium,14,10:58:33,10:58:36,11:47:06,COMPLETED,28253.0,48505.1,3.46,2913.63
552,easy,11,11:47:13,11:47:13,11:47:25,COMPLETED,26168.0,217.9,0.06,12.70
585,easy,11,11:47:28,11:47:32,11:47:38,COMPLETED,24274.0,110.7,4.18,10.53
668,medium,13,11:42:08,11:42:12,11:47:57,COMPLETED,32140.0,5746.1,4.90,349.41
597,easy,12,11:47:53,11:47:57,11:48:22,COMPLETED,30759.0,421.3,4.41,29.46
605,hard,15,11:15:13,11:15:16,11:49:00,COMPLETED,31687.0,33732.7,3.29,2027.06
515,medium,14,11:42:36,11:42:38,11:49:31,COMPLETED,25318.0,6885.8,2.44,415.48
634,easy,12,11:48:54,11:49:00,11:49:31,COMPLETED,30242.0,527.9,6.06,37.48
673,medium,13,11:46:53,11:46:53,11:50:27,COMPLETED,29206.0,3570.6,0.85,214.86
563,medium,13,11:49:59,11:50:02,11:50:27,COMPLETED,32299.0,423.1,3.74,28.86
576,easy,12,11:50:20,11:50:21,11:50:40,COMPLETED,29631.0,318.9,1.54,20.47
346,hard,15,10:58:24,10:58:30,11:52:08,COMPLETED,27702.0,53637.7,6.06,3224.22
646,hard,15,11:08:56,11:09:01,11:53:11,COMPLETED,38447.0,44161.2,5.86,2655.31
528,easy,11,11:53:17,11:53:17,11:53:31,COMPLETED,28896.0,228.9,0.79,14.10
500,hard,15,10:56:21,10:56:21,11:54:03,COMPLETED,32246.0,57704.9,0.24,3462.28
529,hard,15,11:14:10,11:14:12,11:54:09,COMPLETED,31678.0,39956.3,2.76,2399.85
616,medium,13,11:53:18,11:53:24,11:54:29,COMPLETED,30992.0,1085.2,6.45,71.40
548,medium,13,11:53:18,11:53:24,11:54:42,COMPLETED,25457.0,1297.4,6.45,84.04
417,medium,14,10:35:25,10:35:27,11:54:54,COMPLETED,29072.0,79451.8,2.83,4769.87
620,hard,15,11:32:35,11:32:36,11:55:07,COMPLETED,32249.0,22533.9,1.01,1352.85
595,easy,12,11:52:09,11:52:14,11:55:07,COMPLETED,34854.0,2897.3,5.49,178.85
628,easy,11,11:54:30,11:54:35,11:55:07,COMPLETED,35724.0,545.9,5.69,37.85
560,easy,12,11:54:35,11:54:35,11:55:33,COMPLETED,28629.0,978.4,0.69,58.93
610,easy,12,11:53:57,11:54:03,11:55:40,COMPLETED,26027.0,1626.6,6.28,103.50
518,medium,14,11:08:19,11:08:24,11:55:59,COMPLETED,23485.0,47598.1,5.00,2860.59
631,easy,11,11:55:57,11:55:59,11:56:12,COMPLETED,23308.0,219.9,2.59,15.50
645,medium,14,11:38:48,11:38:51,11:56:18,COMPLETED,27529.0,17461.8,3.31,1050.82
425,hard,15,10:30:05,10:30:06,11:56:44,COMPLETED,33643.0,86633.5,1.46,5199.22
637,medium,14,11:16:53,11:16:57,11:57:10,COMPLETED,34862.0,40217.8,4.22,2417.09
677,easy,11,11:57:40,11:57:41,11:58:01,COMPLETED,25676.0,321.8,1.95,21.01
591,easy,12,11:56:40,11:56:44,11:58:46,COMPLETED,32778.0,2035.8,4.22,126.08
530,easy,12,11:58:17,11:58:20,11:58:58,COMPLETED,21232.0,646.4,3.26,41.79
583,medium,13,11:57:43,11:57:48,12:00:39,COMPLETED,23190.0,2863.8,5.25,176.77
777,easy,11,12:00:26,12:00:27,12:00:46,COMPLETED,34352.0,322.8,1.07,20.15
549,easy,12,11:58:51,11:58:52,12:00:58,COMPLETED,25743.0,2109.2,1.43,127.74
573,medium,14,11:59:41,11:59:42,12:01:17,COMPLETED,33415.0,1583.7,1.87,96.62
762,easy,11,12:01:10,12:01:11,12:01:23,COMPLETED,28095.0,216.5,1.30,13.95
596,medium,14,11:45:57,11:46:03,12:01:42,COMPLETED,29350.0,15668.5,6.03,945.95
726,easy,12,12:01:22,12:01:23,12:01:55,COMPLETED,26623.0,534.4,1.95,33.66
798,easy,11,12:01:48,12:01:49,12:02:02,COMPLETED,26543.0,217.9,1.29,14.05
570,medium,14,11:49:17,11:49:18,12:02:14,COMPLETED,32734.0,12934.2,1.89,777.70
846,easy,11,12:03:11,12:03:11,12:04:01,COMPLETED,22178.0,843.5,0.49,50.84
653,hard,15,11:41:15,11:41:15,12:04:39,COMPLETED,27574.0,23407.4,0.36,1404.66
763,medium,13,12:00:35,12:00:39,12:04:45,COMPLETED,32520.0,4108.4,4.77,250.97
772,medium,13,12:03:46,12:03:49,12:05:11,COMPLETED,30243.0,1383.0,3.21,85.68
761,easy,11,12:05:11,12:05:11,12:05:18,COMPLETED,19067.0,116.7,0.68,7.25
524,hard,15,11:42:35,11:42:38,12:05:37,COMPLETED,32612.0,22986.6,3.44,1382.39
600,medium,13,11:54:17,11:54:22,12:05:50,COMPLETED,40012.0,11462.3,5.75,693.17
696,medium,14,12:04:03,12:04:08,12:06:22,COMPLETED,29581.0,2239.4,5.14,139.25
599,hard,15,11:17:02,11:17:03,12:06:41,COMPLETED,28950.0,49635.1,1.55,2979.48
835,medium,13,12:00:12,12:00:14,12:06:41,COMPLETED,27662.0,6457.2,2.46,389.48
832,easy,12,12:07:13,12:07:13,12:07:39,COMPLETED,35394.0,435.2,0.89,26.58
679,hard,15,11:48:36,11:48:41,12:08:18,COMPLETED,32603.0,19621.4,5.20,1182.14
795,easy,11,12:08:32,12:08:37,12:08:44,COMPLETED,19187.0,115.0,5.77,12.10
782,easy,12,12:08:03,12:08:05,12:09:16,COMPLETED,25812.0,1194.8,2.18,73.33
724,easy,12,12:08:30,12:08:31,12:09:16,COMPLETED,21481.0,761.8,1.21,46.33
848,easy,11,12:08:14,12:08:18,12:09:22,COMPLETED,31423.0,1087.8,4.14,68.98
521,medium,13,11:54:21,11:54:22,12:09:35,COMPLETED,34435.0,15218.3,1.75,914.76
641,medium,13,11:55:58,11:55:59,12:09:42,COMPLETED,34122.0,13710.9,1.59,824.04
793,easy,12,12:08:44,12:08:44,12:10:01,COMPLETED,29676.0,1289.0,0.10,77.20
624,medium,13,11:50:16,11:50:21,12:10:20,COMPLETED,37619.0,19979.0,5.54,1204.11
723,easy,11,12:10:03,12:10:07,12:10:26,COMPLETED,26958.0,320.2,4.48,23.40
759,easy,12,12:10:29,12:10:32,12:10:45,COMPLETED,23460.0,213.8,3.73,16.30
789,easy,12,12:11:10,12:11:10,12:11:23,COMPLETED,32394.0,215.2,0.41,13.07
820,easy,11,12:11:15,12:11:16,12:11:23,COMPLETED,23455.0,110.1,1.73,8.07
592,hard,15,11:43:59,11:44:01,12:11:35,COMPLETED,34868.0,27575.5,2.30,1656.63
715,easy,12,12:10:04,12:10:07,12:12:07,COMPLETED,28881.0,2001.4,3.48,123.31
815,easy,12,12:11:44,12:11:48,12:12:07,COMPLETED,27423.0,319.6,4.47,23.31
682,medium,13,12:10:24,12:10:26,12:13:54,COMPLETED,34081.0,3466.6,2.40,210.16
522,hard,15,11:24:25,11:24:25,12:14:31,COMPLETED,33648.0,50101.6,0.96,3006.95
698,easy,11,12:15:09,12:15:09,12:15:22,COMPLETED,25106.0,215.6,0.87,13.56
770,easy,11,12:15:09,12:15:09,12:15:22,COMPLETED,27013.0,215.5,0.87,13.56
839,easy,11,12:15:04,12:15:09,12:15:28,COMPLETED,29992.0,324.1,5.87,24.89
735,easy,11,12:15:26,12:15:28,12:15:35,COMPLETED,23962.0,113.0,2.89,9.36
806,easy,11,12:16:04,12:16:06,12:16:19,COMPLETED,26672.0,215.7,2.89,15.55
305,hard,15,09:35:45,09:35:46,12:16:25,COMPLETED,25464.0,160661.7,1.28,9640.85
783,medium,14,12:02:34,12:02:39,12:16:25,COMPLETED,30618.0,13771.2,5.90,831.85
814,medium,13,12:11:34,12:11:35,12:16:25,COMPLETED,25769.0,4843.1,1.63,291.85
728,easy,11,12:15:45,12:15:47,12:16:25,COMPLETED,35637.0,637.8,3.00,40.85
684,easy,11,12:16:37,12:16:38,12:16:51,COMPLETED,26670.0,215.8,1.58,14.24
740,easy,11,12:16:41,12:16:44,12:16:51,COMPLETED,22300.0,110.6,3.91,10.24
547,medium,14,11:48:35,11:48:41,12:17:03,COMPLETED,40963.0,28381.9,6.20,1708.97
833,medium,13,12:04:07,12:04:08,12:17:16,COMPLETED,29021.0,13143.0,1.14,789.55
803,easy,12,12:16:20,12:16:25,12:17:41,COMPLETED,26570.0,1268.6,5.85,81.75
571,medium,14,11:56:09,11:56:12,12:18:00,COMPLETED,20802.0,21806.0,3.50,1311.69
717,easy,12,12:13:40,12:13:41,12:18:00,COMPLETED,30052.0,4322.7,1.57,260.69
755,easy,11,12:18:46,12:18:50,12:19:03,COMPLETED,26867.0,215.9,4.92,17.56
775,medium,13,12:16:22,12:16:25,12:19:16,COMPLETED,36854.0,2842.1,3.85,174.20
744,medium,14,12:13:55,12:14:00,12:19:28,COMPLETED,30023.0,5476.4,5.45,333.76
760,easy,12,12:14:59,12:15:03,12:19:47,COMPLETED,31083.0,4740.3,4.47,288.66
665,hard,15,11:54:46,11:54:48,12:20:06,COMPLETED,29829.0,25305.6,2.35,1520.49
808,easy,11,12:20:21,12:20:25,12:20:31,COMPLETED,25454.0,110.9,4.37,10.72
817,easy,12,12:17:34,12:17:35,12:20:38,COMPLETED,29960.0,3047.7,1.42,184.05
662,medium,14,11:48:35,11:48:41,12:21:15,COMPLETED,31819.0,32578.9,6.20,1960.78
818,easy,11,12:21:25,12:21:28,12:21:34,COMPLETED,23618.0,112.4,3.53,9.85
686,medium,13,12:19:28,12:19:28,12:22:45,COMPLETED,35884.0,3286.3,0.76,197.62
237,hard,15,09:38:56,09:38:57,12:23:04,COMPLETED,29479.0,164124.0,1.12,9848.52
752,easy,11,12:23:08,12:23:10,12:23:17,COMPLETED,23555.0,114.5,2.81,9.31
751,easy,11,12:23:14,12:23:17,12:23:30,COMPLETED,27015.0,216.6,3.31,16.06
819,easy,12,12:23:18,12:23:23,12:23:36,COMPLETED,27918.0,214.5,5.73,18.34
745,hard,15,12:16:56,12:16:57,12:23:42,COMPLETED,30393.0,6754.8,1.57,406.63
712,medium,13,12:22:06,12:22:06,12:24:07,COMPLETED,24716.0,2021.2,0.69,121.67
697,medium,14,12:06:05,12:06:09,12:24:13,COMPLETED,32959.0,18079.4,4.46,1089.00
713,medium,13,12:21:14,12:21:15,12:25:42,COMPLETED,26952.0,4448.1,1.78,268.40
199,hard,15,09:56:46,09:56:46,12:26:26,COMPLETED,42721.0,149665.5,0.52,8980.40
306,hard,15,09:01:04,09:01:05,12:26:38,COMPLETED,33700.0,205558.2,1.48,12334.96
837,easy,11,12:26:42,12:26:45,12:26:57,COMPLETED,27096.0,214.2,3.29,15.88
827,easy,11,12:26:36,12:26:38,12:27:16,COMPLETED,26653.0,634.6,2.96,40.76
805,easy,11,12:27:09,12:27:10,12:27:16,COMPLETED,26608.0,110.3,1.44,7.76
786,medium,13,12:24:20,12:24:20,12:27:29,COMPLETED,31676.0,3155.2,0.34,189.36
690,easy,12,12:27:44,12:27:48,12:28:07,COMPLETED,27083.0,318.9,4.27,23.14
800,medium,13,12:25:06,12:25:10,12:28:26,COMPLETED,33634.0,3272.6,4.78,200.62
829,medium,13,12:24:09,12:24:13,12:28:33,COMPLETED,32235.0,4329.1,5.00,264.24
680,easy,11,12:28:08,12:28:13,12:28:33,COMPLETED,33961.0,339.6,5.43,25.24
838,medium,14,12:18:50,12:18:50,12:28:39,COMPLETED,28977.0,9821.8,0.92,589.89
830,easy,12,12:28:27,12:28:33,12:28:39,COMPLETED,28899.0,118.9,6.24,12.89
825,easy,12,12:28:22,12:28:26,12:28:59,COMPLETED,30997.0,553.2,4.62,37.39
771,hard,15,12:19:03,12:19:03,12:29:38,COMPLETED,30987.0,10581.4,0.56,635.18
699,easy,12,12:29:17,12:29:18,12:29:38,COMPLETED,19657.0,326.4,1.92,21.18
535,medium,14,11:56:18,11:56:18,12:30:29,COMPLETED,27981.0,34179.1,0.82,2051.33
784,easy,11,12:30:43,12:30:48,12:30:55,COMPLETED,22926.0,115.8,5.64,12.17
727,hard,15,12:12:34,12:12:38,12:31:08,COMPLETED,34527.0,18491.6,4.78,1114.04
841,medium,14,12:06:50,12:06:54,12:31:52,COMPLETED,25339.0,24973.8,4.39,1502.64
769,easy,12,12:31:09,12:31:14,12:31:52,COMPLETED,28282.0,646.1,5.37,43.64
683,easy,11,12:31:54,12:31:59,12:32:12,COMPLETED,21917.0,223.9,5.17,18.19
708,easy,11,12:31:59,12:31:59,12:32:18,COMPLETED,26571.0,328.3,0.17,19.67
779,easy,11,12:32:01,12:32:05,12:32:18,COMPLETED,27377.0,219.3,4.83,17.67
788,easy,11,12:32:08,12:32:12,12:32:25,COMPLETED,28323.0,220.6,4.19,17.02
807,medium,13,12:17:45,12:17:48,12:33:22,COMPLETED,31687.0,15583.7,3.05,937.74
743,easy,11,12:34:14,12:34:14,12:34:26,COMPLETED,32811.0,219.2,0.15,12.98
747,easy,11,12:34:20,12:34:20,12:34:33,COMPLETED,26877.0,218.1,0.55,13.35
729,easy,12,12:34:02,12:34:07,12:34:58,COMPLETED,33876.0,853.5,5.66,56.62
799,medium,13,12:28:42,12:28:46,12:35:30,COMPLETED,30278.0,6733.7,4.43,408.21
722,medium,13,12:34:44,12:34:45,12:35:49,COMPLETED,26369.0,1056.2,1.95,65.06
725,easy,12,12:33:12,12:33:16,12:36:20,COMPLETED,33508.0,3078.1,4.18,188.59
842,easy,12,12:36:06,12:36:07,12:36:20,COMPLETED,22823.0,216.4,1.90,14.59
719,easy,12,12:36:06,12:36:07,12:36:45,COMPLETED,22381.0,635.1,1.90,39.74
689,easy,11,12:36:56,12:36:58,12:37:04,COMPLETED,30914.0,109.7,2.29,8.62
797,medium,14,12:31:07,12:31:08,12:37:55,COMPLETED,37694.0,6789.3,1.04,408.09
794,easy,11,12:37:08,12:37:10,12:37:55,COMPLETED,27683.0,742.3,2.90,47.09
746,easy,12,12:37:42,12:37:42,12:38:07,COMPLETED,33125.0,427.1,0.43,25.79
714,easy,11,12:37:49,12:37:55,12:38:20,COMPLETED,22655.0,426.7,6.09,31.43
733,easy,11,12:38:12,12:38:14,12:38:20,COMPLETED,26130.0,110.3,2.09,8.43
558,hard,15,11:30:38,11:30:39,12:38:58,COMPLETED,35272.0,68304.2,1.98,4100.13
701,easy,12,12:37:21,12:37:23,12:39:04,COMPLETED,22617.0,1685.6,2.55,103.43
749,medium,14,12:24:47,12:24:51,12:39:29,COMPLETED,30045.0,14634.8,4.82,882.66
778,easy,12,12:39:13,12:39:16,12:39:29,COMPLETED,24835.0,216.9,3.98,16.66
756,medium,14,12:37:16,12:37:17,12:39:36,COMPLETED,36361.0,2318.4,1.22,140.03
730,easy,11,12:39:17,12:39:23,12:40:01,COMPLETED,21896.0,645.9,6.34,44.67
809,medium,14,12:34:49,12:34:52,12:40:20,COMPLETED,23607.0,5486.6,3.27,331.97
589,medium,14,11:52:18,11:52:20,12:40:59,COMPLETED,33325.0,48647.4,2.81,2921.53
731,easy,11,12:40:49,12:40:53,12:40:59,COMPLETED,26036.0,112.6,4.03,10.53
750,easy,11,12:41:03,12:41:05,12:41:12,COMPLETED,22366.0,112.7,2.83,9.36
707,easy,12,12:40:51,12:40:53,12:41:44,COMPLETED,41331.0,865.2,2.03,53.67
822,easy,11,12:42:20,12:42:23,12:42:29,COMPLETED,22528.0,117.7,3.26,9.83
826,easy,11,12:43:37,12:43:40,12:43:53,COMPLETED,26889.0,223.5,3.41,16.55
619,medium,14,11:13:56,11:14:00,12:44:12,COMPLETED,43762.0,90211.0,4.02,5416.59
604,hard,15,11:16:10,11:16:13,12:44:51,COMPLETED,28093.0,88637.5,3.11,5321.22
710,easy,12,12:44:56,12:44:57,12:45:10,COMPLETED,31004.0,230.5,1.72,15.00
721,easy,12,12:45:04,12:45:04,12:45:17,COMPLETED,24200.0,231.1,0.31,13.62
840,medium,13,12:45:04,12:45:04,12:45:49,COMPLETED,28599.0,759.3,0.31,45.69
787,easy,11,12:45:55,12:45:56,12:46:02,COMPLETED,17370.0,110.8,1.01,7.40
843,easy,11,12:45:52,12:45:56,12:46:08,COMPLETED,31052.0,216.7,4.01,16.73
709,easy,12,12:45:06,12:45:10,12:46:33,COMPLETED,29868.0,1386.9,5.00,87.93
834,medium,13,12:44:27,12:44:31,12:46:46,COMPLETED,34595.0,2250.3,4.80,139.54
801,easy,12,12:45:16,12:45:17,12:46:46,COMPLETED,36612.0,1486.9,1.62,90.54
694,medium,13,12:33:06,12:33:09,12:48:08,COMPLETED,32636.0,14984.6,3.61,902.42
773,medium,13,12:37:46,12:37:48,12:48:14,COMPLETED,28308.0,10437.3,2.76,628.78
732,hard,15,12:06:49,12:06:54,12:48:33,COMPLETED,38676.0,41659.0,5.39,2504.75
802,easy,11,12:48:51,12:48:52,12:49:11,COMPLETED,27309.0,321.5,1.75,20.75
681,easy,12,12:49:14,12:49:18,12:49:49,COMPLETED,32206.0,531.4,4.07,35.66
821,medium,14,12:40:15,12:40:20,12:50:27,COMPLETED,33106.0,10118.7,5.97,612.78
703,easy,11,12:50:05,12:50:08,12:50:27,COMPLETED,25567.0,327.5,3.56,22.78
627,hard,15,11:21:05,11:21:10,12:50:47,COMPLETED,28366.0,89604.6,5.94,5382.09
687,easy,11,12:50:56,12:51:00,12:51:06,COMPLETED,26892.0,112.8,4.08,10.59
844,easy,12,12:50:55,12:51:00,12:51:25,COMPLETED,26107.0,437.6,5.08,30.95
766,medium,13,12:41:27,12:41:31,12:52:30,COMPLETED,28096.0,10988.1,4.71,663.65
790,medium,14,12:47:38,12:47:43,12:52:56,COMPLETED,33110.0,5232.1,5.17,318.52
785,easy,12,12:52:06,12:52:11,12:52:56,COMPLETED,24311.0,766.2,5.29,50.52
791,hard,15,12:15:32,12:15:35,12:53:09,COMPLETED,28123.0,37581.8,3.36,2257.95
812,easy,12,12:51:41,12:51:45,12:53:09,COMPLETED,27702.0,1419.4,4.35,88.95
849,medium,14,12:43:13,12:43:14,12:54:21,COMPLETED,35385.0,11118.9,1.52,668.43
804,easy,12,12:53:28,12:53:29,12:54:21,COMPLETED,26129.0,869.6,1.52,53.43
736,easy,11,12:54:08,12:54:08,12:54:27,COMPLETED,29646.0,329.9,0.26,19.77
753,easy,11,12:54:44,12:54:47,12:55:32,COMPLETED,28352.0,763.8,3.07,48.42
816,medium,13,12:54:00,12:54:01,12:56:05,COMPLETED,26499.0,2063.5,1.64,125.17
811,medium,14,12:49:27,12:49:30,12:56:50,COMPLETED,32790.0,7331.6,3.70,443.34
764,easy,12,12:55:45,12:55:45,12:57:21,COMPLETED,32692.0,1612.7,0.54,96.96
688,easy,11,12:57:44,12:57:47,12:58:12,COMPLETED,25049.0,429.0,3.36,28.74
781,medium,14,12:53:24,12:53:29,12:58:31,COMPLETED,35090.0,5043.3,5.52,307.71
720,easy,11,12:59:49,12:59:53,13:00:06,COMPLETED,27285.0,217.6,4.84,17.57
706,easy,11,12:59:53,13:00:12,13:00:19,COMPLETED,27839.0,112.1,19.93,26.36
748,easy,12,12:59:59,13:00:25,13:00:38,COMPLETED,24358.0,216.0,26.68,39.34
695,medium,14,12:50:20,12:50:21,13:00:51,COMPLETED,29890.0,10500.8,1.24,631.03
1004,easy,11,13:00:49,13:00:57,13:01:28,COMPLETED,27857.0,532.7,8.36,39.98
767,hard,15,12:28:11,12:28:13,13:01:54,COMPLETED,34562.0,33689.6,2.43,2023.65
693,hard,15,12:51:20,12:51:25,13:02:33,COMPLETED,32270.0,11141.8,5.95,673.94
855,easy,12,13:01:11,13:02:01,13:03:06,COMPLETED,30741.0,1093.0,50.20,115.30
854,easy,11,13:01:39,13:03:12,13:03:25,COMPLETED,25747.0,220.4,93.84,106.76
894,medium,13,13:01:13,13:02:40,13:05:00,COMPLETED,28612.0,2340.2,87.62,227.64
962,easy,12,13:00:31,13:00:44,13:05:13,COMPLETED,27532.0,4492.0,13.67,282.69
859,easy,12,13:02:00,13:05:20,13:05:46,COMPLETED,29534.0,444.0,200.25,226.39
836,medium,14,12:48:39,12:48:40,13:07:10,COMPLETED,25311.0,18514.8,1.12,1111.61
831,hard,15,12:56:29,12:56:31,13:07:23,COMPLETED,28629.0,10885.8,2.12,654.80
1017,easy,12,13:02:42,13:07:17,13:07:37,COMPLETED,25884.0,335.5,275.16,295.00
1001,medium,13,13:01:49,13:03:32,13:07:56,COMPLETED,26449.0,4404.9,103.08,367.09
758,hard,15,12:12:15,12:12:19,13:08:27,COMPLETED,31464.0,56136.3,4.93,3372.93
757,hard,15,12:51:24,12:51:25,13:08:34,COMPLETED,29283.0,17143.6,1.95,1030.30
965,easy,11,13:05:31,13:08:34,13:08:47,COMPLETED,27678.0,217.5,183.30,196.05
704,medium,14,12:52:57,12:53:03,13:09:06,COMPLETED,32594.0,16049.4,6.33,969.05
934,easy,11,13:05:59,13:08:53,13:09:06,COMPLETED,24531.0,216.6,174.38,187.05
1013,easy,11,13:06:34,13:09:12,13:09:31,COMPLETED,26005.0,321.9,158.39,177.44
983,easy,12,13:06:52,13:09:37,13:10:09,COMPLETED,19553.0,533.3,165.77,197.45
905,easy,11,13:06:58,13:10:15,13:10:22,COMPLETED,25003.0,111.0,197.79,204.15
906,easy,11,13:07:37,13:10:28,13:11:06,COMPLETED,28637.0,638.1,171.48,209.47
1005,easy,11,13:07:56,13:11:12,13:12:09,COMPLETED,31553.0,953.7,196.80,253.71
857,medium,13,13:04:10,13:08:02,13:12:22,COMPLETED,31105.0,4338.3,232.42,492.42
981,easy,11,13:09:12,13:12:28,13:12:41,COMPLETED,22587.0,221.1,196.76,209.52
739,medium,14,12:24:06,12:24:07,13:14:31,COMPLETED,27405.0,50404.1,1.67,3025.75
774,hard,15,12:10:49,12:10:51,13:15:30,COMPLETED,29844.0,64649.1,2.58,3881.29
988,easy,12,13:11:00,13:15:36,13:15:50,COMPLETED,28264.0,226.1,276.83,290.10
702,hard,15,12:43:40,12:43:40,13:15:56,COMPLETED,27128.0,32269.3,0.41,1936.42
957,easy,12,13:12:28,13:15:56,13:16:22,COMPLETED,28434.0,438.3,208.42,234.22
992,easy,12,13:13:04,13:16:02,13:17:27,COMPLETED,26913.0,1422.7,178.78,263.64
993,easy,11,13:13:41,13:17:34,13:17:40,COMPLETED,28000.0,111.5,233.20,239.57
639,hard,15,11:40:09,11:40:12,13:18:12,COMPLETED,35617.0,98002.6,3.79,5883.77
919,easy,12,13:13:26,13:16:28,13:18:39,COMPLETED,36979.0,2180.5,182.76,313.11
705,medium,14,12:52:43,12:52:43,13:19:04,COMPLETED,31602.0,26359.0,0.65,1581.96
923,easy,11,13:14:10,13:18:45,13:19:04,COMPLETED,24415.0,326.9,275.66,294.96
961,easy,11,13:14:54,13:19:11,13:19:24,COMPLETED,30640.0,217.7,257.31,270.04
508,hard,15,10:41:58,10:41:59,13:19:36,COMPLETED,35510.0,157624.7,1.33,9458.75
929,easy,12,13:14:08,13:18:19,13:19:43,COMPLETED,28030.0,1400.7,251.39,335.09
390,hard,15,10:45:52,10:45:52,13:19:49,COMPLETED,36898.0,153942.6,0.93,9237.47
955,easy,12,13:15:12,13:19:30,13:19:49,COMPLETED,32498.0,324.0,258.40,277.47
918,easy,12,13:15:30,13:19:43,13:20:02,COMPLETED,27847.0,324.4,253.09,272.27
879,easy,12,13:15:07,13:19:11,13:20:08,COMPLETED,26800.0,959.5,244.31,301.59
954,easy,12,13:16:18,13:19:55,13:20:08,COMPLETED,24741.0,217.7,217.88,230.59
869,easy,12,13:16:50,13:20:08,13:20:14,COMPLETED,26533.0,112.8,198.59,204.98
539,hard,15,11:27:14,11:27:18,13:20:27,COMPLETED,33804.0,113164.6,4.01,6793.80
950,easy,12,13:16:45,13:19:55,13:20:27,COMPLETED,24819.0,536.8,190.88,222.80
943,easy,11,13:17:17,13:20:14,13:20:53,COMPLETED,26140.0,643.3,177.98,216.27
1002,medium,14,13:01:52,13:05:07,13:20:59,COMPLETED,32839.0,15881.4,195.08,1147.65
941,easy,12,13:17:36,13:20:34,13:21:06,COMPLETED,34891.0,537.1,178.17,210.09
865,medium,13,13:10:24,13:14:38,13:21:12,COMPLETED,35148.0,6578.8,254.08,648.48
948,easy,11,13:18:06,13:21:06,13:21:18,COMPLETED,25133.0,219.1,180.09,192.89
1008,easy,12,13:17:45,13:20:59,13:21:25,COMPLETED,21423.0,432.5,194.65,220.27
889,easy,11,13:18:22,13:21:18,13:21:38,COMPLETED,27501.0,324.9,176.89,196.03
989,easy,12,13:18:25,13:21:25,13:21:38,COMPLETED,31543.0,218.9,180.27,193.03
888,easy,12,13:18:45,13:21:31,13:21:57,COMPLETED,24451.0,432.6,166.64,192.25
824,medium,14,12:22:31,12:22:32,13:22:10,COMPLETED,38075.0,59627.2,1.52,3579.02
874,easy,12,13:20:26,13:22:03,13:22:35,COMPLETED,37253.0,536.2,97.64,129.43
936,medium,13,13:15:33,13:19:49,13:22:41,COMPLETED,33911.0,2878.3,256.47,428.85
692,medium,14,12:42:15,12:42:16,13:22:54,COMPLETED,28829.0,40631.1,1.93,2439.61
734,medium,14,12:41:18,12:41:18,13:23:00,COMPLETED,37006.0,41709.2,0.63,2502.96
947,easy,11,13:20:38,13:22:16,13:23:13,COMPLETED,35537.0,960.7,98.35,155.71
985,easy,12,13:20:40,13:22:41,13:23:20,COMPLETED,27995.0,641.8,121.85,160.04
968,easy,12,13:21:51,13:23:00,13:23:20,COMPLETED,25438.0,323.7,69.96,89.04
866,easy,11,13:22:48,13:23:26,13:23:39,COMPLETED,29415.0,216.3,38.41,51.12
1006,easy,11,13:22:27,13:23:26,13:23:51,COMPLETED,28054.0,428.7,59.41,84.83
1018,easy,12,13:21:58,13:23:07,13:23:58,COMPLETED,29495.0,852.6,69.35,120.16
891,medium,13,13:19:09,13:21:44,13:24:04,COMPLETED,25410.0,2341.0,155.43,295.55
946,easy,11,13:22:51,13:23:45,13:24:04,COMPLETED,30959.0,324.7,54.45,73.55
450,hard,15,10:46:15,10:46:18,13:24:36,COMPLETED,28734.0,158290.3,3.98,9501.35
864,medium,13,13:22:23,13:23:20,13:24:42,COMPLETED,24858.0,1381.9,57.04,139.67
1003,easy,12,13:25:34,13:25:39,13:26:42,COMPLETED,37847.0,1062.7,5.45,68.86
863,medium,14,13:05:58,13:08:40,13:27:40,COMPLETED,34746.0,18992.9,162.69,1302.04
953,hard,15,13:20:43,13:22:48,13:28:11,COMPLETED,25717.0,5394.8,125.24,448.65
742,hard,15,12:59:52,12:59:53,13:33:05,COMPLETED,27390.0,33195.7,1.84,1993.40
226,hard,15,09:42:15,09:42:18,13:33:37,COMPLETED,38914.0,231302.9,3.92,13882.06
917,easy,11,13:28:09,13:33:43,13:33:49,COMPLETED,27417.0,111.0,334.40,340.75
716,hard,15,12:09:13,12:09:16,13:33:56,COMPLETED,33907.0,84665.4,3.33,5083.08
828,medium,14,12:54:51,12:54:53,13:34:34,COMPLETED,27413.0,39677.5,2.67,2383.13
581,hard,15,11:36:13,11:36:14,13:34:53,COMPLETED,33438.0,118650.4,1.21,7120.17
852,easy,11,13:30:04,13:34:40,13:34:53,COMPLETED,23575.0,216.6,276.49,289.17
890,medium,14,13:25:48,13:25:52,13:35:05,COMPLETED,28779.0,9233.9,4.15,557.92
883,easy,12,13:30:14,13:34:59,13:35:12,COMPLETED,28233.0,218.3,285.51,298.26
862,easy,11,13:30:33,13:34:59,13:35:12,COMPLETED,28751.0,217.9,266.51,279.26
877,easy,11,13:30:46,13:35:12,13:35:18,COMPLETED,28985.0,112.9,266.26,272.65
969,easy,11,13:31:04,13:35:18,13:35:25,COMPLETED,25665.0,113.1,254.65,261.07
938,easy,11,13:31:15,13:35:18,13:35:25,COMPLETED,27033.0,112.6,243.65,250.07
1011,medium,13,13:20:06,13:21:44,13:35:31,COMPLETED,36018.0,13788.8,98.43,925.47
935,medium,13,13:29:50,13:34:02,13:36:15,COMPLETED,31017.0,2228.6,252.48,385.91
850,medium,14,13:25:06,13:25:07,13:37:06,COMPLETED,31538.0,11985.0,1.88,720.58
878,easy,12,13:32:46,13:37:13,13:37:19,COMPLETED,24171.0,118.8,267.08,273.69
979,medium,13,13:31:30,13:35:25,13:38:05,COMPLETED,34441.0,2675.0,235.07,395.09
930,easy,12,13:34:14,13:37:26,13:38:11,COMPLETED,29128.0,762.7,192.25,237.66
920,easy,12,13:34:32,13:38:18,13:38:43,COMPLETED,26902.0,437.2,226.04,251.77
870,easy,11,13:35:28,13:38:50,13:38:57,COMPLETED,24633.0,120.2,202.32,209.03
998,medium,14,13:03:46,13:07:43,13:39:10,COMPLETED,27623.0,31451.4,237.33,2124.17
913,easy,11,13:35:32,13:39:03,13:39:16,COMPLETED,25044.0,226.0,211.58,224.57
986,easy,11,13:35:51,13:39:16,13:39:29,COMPLETED,29423.0,229.5,205.57,218.82
909,easy,11,13:36:03,13:39:23,13:39:36,COMPLETED,25161.0,230.8,200.19,213.40
967,hard,15,13:23:13,13:24:04,13:42:37,COMPLETED,31131.0,18553.4,51.55,1164.33
960,medium,13,13:27:59,13:33:11,13:42:37,COMPLETED,34515.0,9434.7,312.75,878.33
765,medium,14,12:41:22,12:41:25,13:43:03,COMPLETED,29176.0,61644.0,3.15,3701.65
949,easy,12,13:36:40,13:42:43,13:43:41,COMPLETED,30080.0,970.5,363.93,421.95
550,hard,15,11:44:40,11:44:46,13:44:45,COMPLETED,32909.0,119985.5,6.26,7205.32
887,easy,12,13:36:18,13:42:43,13:45:23,COMPLETED,25290.0,2660.2,385.93,545.25
904,medium,13,13:36:12,13:39:36,13:46:13,COMPLETED,36425.0,6628.6,204.40,601.84
1016,easy,12,13:37:41,13:46:20,13:46:26,COMPLETED,24551.0,111.0,519.17,525.53
664,hard,15,11:50:34,11:50:34,13:46:32,COMPLETED,25769.0,115980.0,0.17,6958.86
792,hard,15,12:16:20,12:16:25,13:46:39,COMPLETED,32123.0,90225.3,5.85,5419.23
990,easy,11,13:38:09,13:46:32,13:46:51,COMPLETED,25100.0,323.1,503.86,522.95
997,medium,13,13:37:14,13:43:48,13:46:58,COMPLETED,27665.0,3172.3,394.29,584.28
1019,easy,11,13:38:59,13:47:04,13:47:17,COMPLETED,22010.0,216.5,485.68,498.36
895,easy,11,13:38:28,13:46:58,13:47:30,COMPLETED,23901.0,535.9,510.28,542.07
915,easy,12,13:39:15,13:47:23,13:47:36,COMPLETED,29875.0,218.6,488.69,501.46
912,easy,12,13:37:36,13:45:29,13:48:08,COMPLETED,23587.0,2647.3,473.59,632.13
901,easy,12,13:39:45,13:47:36,13:48:08,COMPLETED,31993.0,533.2,471.46,503.13
881,medium,13,13:36:42,13:43:09,13:48:20,COMPLETED,29595.0,5189.9,387.98,698.92
885,easy,11,13:40:29,13:48:14,13:48:27,COMPLETED,22207.0,226.2,465.48,478.47
922,easy,11,13:41:52,13:48:34,13:48:53,COMPLETED,23992.0,336.6,402.11,421.80
1014,medium,13,13:37:17,13:44:51,13:49:00,COMPLETED,31489.0,4154.7,454.65,703.35
908,easy,12,13:40:02,13:47:42,13:49:07,COMPLETED,29512.0,1408.3,460.84,545.01
999,easy,11,13:42:07,13:49:00,13:49:26,COMPLETED,28911.0,441.2,413.35,439.49
861,easy,11,13:42:14,13:49:07,13:49:32,COMPLETED,27141.0,441.0,413.01,438.86
898,easy,12,13:41:44,13:48:27,13:49:39,COMPLETED,25353.0,1208.9,403.47,475.53
867,easy,12,13:38:25,13:46:45,13:49:46,COMPLETED,26931.0,3012.9,500.60,681.05
973,easy,12,13:42:27,13:49:32,13:49:52,COMPLETED,24891.0,335.3,425.86,445.43
1012,easy,12,13:43:26,13:49:52,13:50:38,COMPLETED,23501.0,768.1,386.43,432.02
952,easy,12,13:44:09,13:49:59,13:52:14,COMPLETED,37456.0,2272.9,350.05,485.92
754,hard,15,12:00:05,12:00:08,13:52:46,COMPLETED,27478.0,112650.2,3.10,6761.97
672,hard,15,11:32:33,11:32:36,13:53:06,COMPLETED,28147.0,140506.6,3.01,8433.30
1015,medium,14,13:38:22,13:46:39,13:53:45,COMPLETED,23851.0,7113.2,497.23,923.60
858,medium,13,13:45:25,13:52:21,13:53:52,COMPLETED,25632.0,1519.9,416.48,507.11
975,easy,11,13:46:29,13:53:52,13:54:24,COMPLETED,25058.0,542.3,443.11,475.34
942,medium,14,13:31:40,13:35:31,13:54:37,COMPLETED,30268.0,19098.8,231.47,1377.10
964,easy,12,13:47:05,13:54:30,13:54:56,COMPLETED,30113.0,430.2,445.68,471.19
875,hard,15,13:28:37,13:33:56,13:55:40,COMPLETED,24218.0,21743.3,319.08,1623.44
956,easy,12,13:47:03,13:53:58,13:55:53,COMPLETED,33823.0,1912.4,415.74,530.20
1000,easy,11,13:47:19,13:55:02,13:55:59,COMPLETED,20829.0,956.0,463.53,520.53
871,easy,11,13:48:13,13:56:05,13:56:12,COMPLETED,24364.0,111.9,472.92,479.28
994,medium,14,13:48:01,13:55:59,13:56:31,COMPLETED,30294.0,537.8,478.53,510.44
914,medium,13,13:42:17,13:49:13,13:56:37,COMPLETED,34585.0,7413.3,416.38,860.84
924,easy,11,13:47:35,13:55:46,13:57:15,COMPLETED,34172.0,1491.4,491.77,580.97
932,medium,13,13:48:18,13:56:37,13:57:15,COMPLETED,34797.0,640.7,499.84,537.97
977,hard,15,13:26:43,13:26:49,13:57:47,COMPLETED,37010.0,30977.3,6.25,1864.67
987,easy,12,13:49:32,13:57:22,13:58:06,COMPLETED,21844.0,743.7,470.30,514.66
980,hard,15,13:03:32,13:07:30,13:59:42,COMPLETED,37841.0,52198.6,238.37,3370.01
886,medium,13,13:45:17,13:50:44,14:00:21,COMPLETED,30544.0,9613.1,327.57,904.03
984,easy,12,13:50:45,13:58:12,14:00:34,COMPLETED,29276.0,2356.4,448.00,589.09
638,hard,15,11:35:26,11:35:28,14:00:40,COMPLETED,36345.0,145191.9,3.00,8714.42
899,easy,11,13:52:33,14:00:27,14:01:06,COMPLETED,27076.0,652.0,474.46,513.09
921,easy,12,13:53:47,14:00:46,14:02:23,COMPLETED,32813.0,1624.3,419.78,516.95
900,easy,12,13:50:52,13:59:48,14:02:36,COMPLETED,29382.0,2806.3,536.56,704.63
951,medium,14,13:53:14,14:00:40,14:02:36,COMPLETED,28535.0,1942.3,446.42,562.63
813,hard,15,12:32:26,12:32:31,14:04:52,COMPLETED,38845.0,92358.7,5.47,5546.80
926,medium,14,13:54:56,14:02:42,14:05:18,COMPLETED,31402.0,2605.4,466.98,622.99
945,medium,14,13:32:40,13:36:22,14:06:53,COMPLETED,28838.0,30531.5,222.24,2053.90
972,medium,14,13:54:44,14:01:12,14:07:50,COMPLETED,30257.0,6642.4,388.65,786.91
995,medium,14,13:56:36,14:07:00,14:07:57,COMPLETED,26128.0,956.1,624.24,681.24
897,easy,12,13:56:17,14:05:25,14:08:03,COMPLETED,34975.0,2644.3,548.35,706.63
963,easy,11,13:56:43,14:07:57,14:08:03,COMPLETED,23449.0,113.0,674.24,680.63
1007,hard,15,13:18:20,13:21:12,14:08:10,COMPLETED,35059.0,46964.1,172.48,2990.05
636,hard,15,11:08:17,11:08:17,14:08:16,COMPLETED,36800.0,179981.5,0.68,10799.47
896,easy,12,13:56:55,14:08:03,14:08:16,COMPLETED,24243.0,219.8,668.63,681.47
860,easy,11,13:57:08,14:08:10,14:08:16,COMPLETED,23403.0,113.0,662.05,668.47
1010,easy,11,13:57:48,14:08:16,14:08:22,COMPLETED,21790.0,113.8,628.47,634.87
927,easy,12,13:57:29,14:08:10,14:08:35,COMPLETED,27937.0,433.1,641.05,666.71
873,easy,12,13:58:22,14:08:29,14:09:07,COMPLETED,27216.0,642.4,607.34,645.57
976,easy,11,13:59:08,14:09:13,14:09:32,COMPLETED,24754.0,321.5,605.91,624.89
966,easy,11,13:59:21,14:09:39,14:09:51,COMPLETED,24939.0,217.2,618.23,630.93
925,easy,12,13:57:58,14:08:22,14:10:04,COMPLETED,32228.0,1702.6,624.87,726.69
958,easy,12,13:59:57,14:09:58,14:10:36,COMPLETED,27646.0,647.7,601.28,639.83
1079,medium,13,14:02:17,14:10:43,14:11:35,COMPLETED,26054.0,877.9,506.17,558.33
1146,easy,12,14:02:26,14:11:41,14:12:52,COMPLETED,27079.0,1176.0,555.89,626.15
910,medium,14,13:48:15,13:56:18,14:13:42,COMPLETED,34047.0,17406.2,483.66,1527.78
939,medium,14,13:58:09,14:08:22,14:14:01,COMPLETED,34911.0,5652.2,613.87,952.79
1116,easy,12,14:03:16,14:13:49,14:14:08,COMPLETED,27604.0,327.5,633.11,652.11
1121,medium,13,14:04:01,14:14:08,14:15:19,COMPLETED,28123.0,1200.0,607.11,678.81
1157,easy,12,14:04:16,14:15:26,14:16:11,COMPLETED,20284.0,763.3,670.15,715.42
1176,easy,11,14:04:19,14:16:17,14:16:30,COMPLETED,26963.0,221.4,718.98,731.96
1081,easy,11,14:04:47,14:16:37,14:16:56,COMPLETED,28803.0,322.8,710.30,729.36
937,hard,15,13:14:00,13:17:46,14:22:39,COMPLETED,31878.0,64877.4,226.91,4119.18
1145,easy,12,14:05:18,14:22:45,14:23:11,COMPLETED,29225.0,441.1,1047.81,1073.77
1177,easy,11,14:05:21,14:23:18,14:23:31,COMPLETED,30282.0,219.9,1077.32,1090.00
940,hard,15,13:45:32,13:52:53,14:23:56,COMPLETED,34391.0,31062.3,441.51,2304.95
931,hard,15,13:43:22,13:49:46,14:24:03,COMPLETED,30407.0,34296.6,384.05,2441.37
1080,easy,11,14:05:54,14:24:03,14:24:16,COMPLETED,28593.0,229.2,1089.37,1102.61
1083,easy,11,14:06:03,14:24:10,14:24:42,COMPLETED,31353.0,551.4,1087.01,1119.59
1061,easy,12,14:07:18,14:24:23,14:24:49,COMPLETED,32773.0,443.3,1025.18,1051.15
1144,easy,11,14:07:20,14:24:49,14:25:34,COMPLETED,42362.0,759.5,1049.15,1094.43
1152,medium,13,14:05:39,14:23:37,14:25:47,COMPLETED,23977.0,2171.6,1078.55,1208.36
1032,easy,11,14:08:46,14:25:53,14:26:13,COMPLETED,26576.0,332.0,1027.90,1047.33
978,medium,14,13:34:31,13:38:11,14:27:11,COMPLETED,29738.0,49005.7,220.66,3160.80
1063,easy,11,14:11:49,14:27:18,14:27:44,COMPLETED,22529.0,438.0,929.12,955.10
796,hard,15,12:48:58,12:48:59,14:28:22,COMPLETED,28917.0,99386.3,1.08,5964.13
1085,easy,11,14:12:29,14:28:28,14:28:47,COMPLETED,22656.0,321.3,959.46,978.44
297,hard,15,09:34:03,09:34:06,14:29:25,COMPLETED,39467.0,295321.4,3.14,17722.39
392,hard,15,10:41:44,10:41:46,14:29:38,COMPLETED,29330.0,227855.5,2.85,13674.12
1023,medium,13,14:12:33,14:28:53,14:30:29,COMPLETED,30555.0,1594.2,980.76,1076.11
1169,easy,12,14:13:14,14:29:44,14:30:35,COMPLETED,23037.0,854.7,990.51,1041.45
944,hard,15,13:55:38,14:02:42,14:30:54,COMPLETED,29158.0,28195.9,424.98,2116.55
1119,medium,13,14:08:39,14:25:40,14:31:07,COMPLETED,26640.0,5448.4,1021.75,1348.33
1059,easy,12,14:13:39,14:30:41,14:31:20,COMPLETED,29456.0,644.2,1022.83,1061.14
1151,medium,14,14:00:18,14:10:11,14:31:51,COMPLETED,31086.0,21683.5,593.07,1893.81
1020,easy,11,14:14:20,14:31:13,14:32:29,COMPLETED,28718.0,1274.5,1013.72,1089.85
1033,medium,13,14:14:56,14:31:26,14:32:49,COMPLETED,28273.0,1379.8,990.51,1073.01
1056,medium,13,14:15:18,14:31:58,14:33:33,COMPLETED,34703.0,1593.7,1000.15,1095.47
1089,easy,12,14:16:04,14:32:36,14:33:58,COMPLETED,29466.0,1382.6,992.23,1074.84
1027,medium,14,14:16:39,14:33:39,14:35:21,COMPLETED,35154.0,1693.5,1020.81,1122.12
1101,medium,14,14:02:50,14:12:58,14:35:46,COMPLETED,31979.0,22804.1,608.47,1976.42
1069,easy,11,14:17:14,14:35:52,14:36:05,COMPLETED,31034.0,216.2,1118.81,1131.48
711,hard,15,12:48:06,12:48:08,14:36:30,COMPLETED,32195.0,108374.5,2.42,6504.78
856,hard,15,13:42:36,13:49:39,14:36:37,COMPLETED,31970.0,46963.8,423.53,3241.11
1090,medium,14,14:13:19,14:30:35,14:38:44,COMPLETED,34179.0,8156.0,1036.45,1525.54
1105,easy,11,14:17:36,14:38:50,14:38:57,COMPLETED,22717.0,117.7,1274.87,1281.60
1049,medium,14,14:17:13,14:35:27,14:39:29,COMPLETED,29357.0,4045.8,1094.45,1336.69
1131,medium,14,14:12:40,14:29:31,14:39:42,COMPLETED,27808.0,10193.8,1011.72,1622.89
1124,medium,14,14:16:24,14:32:55,14:40:02,COMPLETED,32504.0,7128.9,991.33,1418.57
1141,easy,11,14:17:45,14:39:36,14:40:02,COMPLETED,26054.0,448.1,1311.27,1337.57
996,hard,15,13:08:27,13:12:16,14:40:09,COMPLETED,36267.0,87894.1,229.05,5502.21
1064,medium,13,14:18:12,14:40:09,14:40:54,COMPLETED,24849.0,761.6,1317.21,1362.60
1165,easy,11,14:19:19,14:41:00,14:41:13,COMPLETED,26158.0,216.4,1301.94,1314.61
1039,easy,11,14:19:36,14:41:19,14:41:32,COMPLETED,19282.0,216.3,1303.95,1316.61
893,hard,15,13:27:55,13:28:17,14:41:45,COMPLETED,30755.0,73458.5,22.98,4430.31
1120,easy,12,14:18:47,14:40:16,14:42:10,COMPLETED,26364.0,1914.8,1289.03,1403.63
880,medium,14,13:54:46,14:02:30,14:42:16,COMPLETED,32565.0,39782.5,464.27,2850.96
1110,medium,13,14:19:48,14:41:38,14:42:16,COMPLETED,33234.0,639.4,1310.95,1348.96
1106,easy,11,14:20:30,14:42:23,14:43:07,COMPLETED,27572.0,743.3,1313.34,1357.63
1029,easy,12,14:20:31,14:42:23,14:43:13,COMPLETED,22850.0,848.9,1312.34,1362.97
1091,easy,11,14:20:44,14:43:13,14:43:33,COMPLETED,21447.0,322.5,1349.97,1369.02
1178,easy,12,14:20:28,14:42:16,14:43:45,COMPLETED,20078.0,1485.9,1308.96,1397.76
1040,easy,11,14:21:20,14:43:39,14:43:45,COMPLETED,25909.0,113.3,1339.36,1345.76
1184,medium,13,14:16:44,14:34:05,14:44:43,COMPLETED,28884.0,10634.9,1041.23,1679.05
1082,easy,12,14:21:16,14:43:20,14:44:43,COMPLETED,26032.0,1383.9,1324.35,1407.05
776,medium,13,12:48:21,12:48:21,14:45:53,COMPLETED,44731.0,117535.4,0.08,7052.01
1034,easy,12,14:22:31,14:45:59,14:46:45,COMPLETED,20245.0,773.2,1408.55,1454.23
1095,easy,12,14:21:24,14:43:52,14:47:11,COMPLETED,21941.0,3321.3,1348.25,1547.06
928,hard,15,13:59:03,14:08:42,14:47:43,COMPLETED,34060.0,39025.2,579.13,2920.28
1128,easy,12,14:21:49,14:44:49,14:48:02,COMPLETED,28415.0,3232.4,1380.42,1573.89
1057,easy,12,14:22:33,14:46:52,14:48:48,COMPLETED,31501.0,1944.7,1459.00,1575.20
851,medium,14,13:06:25,13:09:12,14:48:54,COMPLETED,36179.0,99710.0,167.39,6149.75
1045,easy,12,14:23:32,14:48:09,14:49:14,COMPLETED,31185.0,1088.9,1477.44,1542.26
847,medium,14,12:27:24,12:27:29,14:49:27,COMPLETED,45439.0,141970.4,5.36,8523.43
1182,easy,12,14:24:00,14:49:01,14:49:34,COMPLETED,29988.0,555.3,1501.28,1534.01
1142,easy,11,14:25:04,14:49:34,14:50:06,COMPLETED,35865.0,550.7,1470.01,1502.76
1026,medium,14,14:17:45,14:39:49,14:51:43,COMPLETED,26106.0,11912.1,1324.45,2038.86
738,hard,15,12:02:09,12:02:14,14:52:03,COMPLETED,30970.0,169809.3,5.70,10194.19
1155,medium,14,14:18:18,14:40:09,14:52:09,COMPLETED,32952.0,12009.3,1311.21,2031.56
853,hard,15,13:58:03,14:08:22,14:52:47,COMPLETED,30825.0,44416.2,619.87,3284.55
1086,medium,14,14:23:54,14:48:54,14:53:13,COMPLETED,31191.0,4310.8,1500.75,1759.13
1044,easy,11,14:27:40,14:52:54,14:53:13,COMPLETED,26708.0,321.7,1514.15,1533.13
1149,medium,13,14:26:29,14:50:13,14:53:25,COMPLETED,30214.0,3218.8,1424.09,1616.94
1109,easy,11,14:27:09,14:52:15,14:53:38,COMPLETED,33117.0,1384.4,1506.93,1589.63
933,hard,15,13:50:38,13:57:53,14:54:16,COMPLETED,30280.0,56381.0,436.00,3818.67
1164,easy,12,14:28:52,14:54:22,14:56:04,COMPLETED,36858.0,1690.4,1531.00,1632.12
1153,hard,15,14:22:07,14:44:49,14:56:10,COMPLETED,28121.0,11354.5,1362.42,2043.44
1154,easy,11,14:29:06,14:56:16,14:56:42,COMPLETED,28095.0,426.7,1630.82,1656.12
1187,hard,15,14:26:50,14:52:09,14:56:48,COMPLETED,29630.0,4653.8,1519.56,1798.45
1050,easy,12,14:28:43,14:53:45,14:56:54,COMPLETED,35030.0,3169.9,1502.04,1691.84
1070,easy,11,14:29:37,14:56:48,14:56:54,COMPLETED,25374.0,113.7,1631.45,1637.84
1189,hard,15,14:17:31,14:36:37,14:57:20,COMPLETED,30738.0,20730.7,1146.11,2389.56
1037,medium,13,14:30:13,14:56:54,15:00:40,COMPLETED,37118.0,3775.2,1601.84,1827.87
1130,easy,12,14:31:25,15:00:47,15:01:58,COMPLETED,23614.0,1191.8,1762.43,1833.63
1067,medium,14,14:30:56,14:57:01,15:02:31,COMPLETED,32102.0,5505.1,1565.30,1895.11
685,hard,15,12:29:59,12:30:03,15:02:44,COMPLETED,39522.0,152681.0,4.64,9165.34
1180,medium,14,14:14:15,14:31:00,15:02:50,COMPLETED,30964.0,31841.8,1005.91,2915.95
971,hard,15,13:31:47,13:35:31,15:03:10,COMPLETED,39375.0,87649.7,224.47,5483.35
1173,medium,14,14:31:14,14:57:01,15:03:10,COMPLETED,31346.0,6155.3,1547.30,1916.35
1053,easy,11,14:33:10,15:03:16,15:03:29,COMPLETED,27722.0,216.8,1806.70,1819.41
1035,easy,11,14:33:24,15:03:35,15:03:54,COMPLETED,29921.0,321.5,1811.74,1830.72
1133,easy,12,14:31:29,15:02:04,15:04:07,COMPLETED,30655.0,2046.8,1835.96,1958.44
1162,easy,11,14:33:27,15:04:01,15:04:13,COMPLETED,27967.0,219.9,1834.06,1846.83
1118,easy,12,14:33:50,15:04:13,15:04:33,COMPLETED,29463.0,326.0,1823.83,1843.04
718,hard,15,12:42:02,12:42:04,15:04:52,COMPLETED,32151.0,142803.1,2.03,8570.14
959,hard,15,13:01:06,13:01:35,15:05:42,COMPLETED,39490.0,124124.1,29.35,7476.70
1104,easy,12,14:34:09,15:04:20,15:06:20,COMPLETED,33947.0,2014.2,1811.28,1931.78
1047,easy,12,14:34:13,15:04:39,15:06:27,COMPLETED,26291.0,1802.5,1826.43,1934.18
1159,medium,13,14:28:23,14:53:32,15:07:24,COMPLETED,44005.0,13869.7,1509.27,2341.20
1077,easy,11,14:34:55,15:06:27,15:07:43,COMPLETED,33270.0,1271.7,1892.18,1968.19
1055,easy,11,14:35:10,15:07:30,15:08:15,COMPLETED,31192.0,750.3,1940.53,1985.11
1156,medium,14,14:29:02,14:56:10,15:08:54,COMPLETED,34166.0,12733.5,1628.44,2392.03
1172,medium,14,14:31:17,14:57:27,15:12:13,COMPLETED,28819.0,14785.9,1570.12,2456.84
1054,medium,14,14:08:16,14:24:55,15:16:27,COMPLETED,31318.0,51535.1,999.82,4091.71
1094,medium,13,14:36:22,15:12:20,15:17:31,COMPLETED,26622.0,5184.6,2158.39,2469.17
700,hard,15,12:59:52,12:59:53,15:18:21,COMPLETED,32644.0,138466.9,1.84,8309.81
1163,easy,12,14:37:02,15:18:28,15:18:59,COMPLETED,34213.0,535.0,2486.18,2517.93
1072,medium,14,14:20:14,14:41:51,15:24:28,COMPLETED,29293.0,42617.9,1297.65,3854.24
1103,medium,14,14:34:22,15:04:58,15:25:07,COMPLETED,33455.0,20156.5,1836.47,3045.54
1174,hard,15,14:34:56,15:06:33,15:25:07,COMPLETED,31791.0,18571.0,1897.62,3011.54
974,hard,15,13:56:00,14:04:59,15:25:20,COMPLETED,39428.0,80359.1,539.35,5360.63
872,hard,15,13:17:17,13:20:21,15:26:11,COMPLETED,24849.0,125838.7,184.41,7734.62
1132,hard,15,14:24:14,14:49:20,15:26:11,COMPLETED,35902.0,36850.3,1506.84,3717.62
1188,easy,12,14:38:37,15:25:27,15:26:11,COMPLETED,31271.0,746.4,2810.17,2854.62
1060,easy,11,14:39:42,15:26:17,15:26:30,COMPLETED,22367.0,216.4,2795.98,2808.70
1183,easy,12,14:39:12,15:26:17,15:26:43,COMPLETED,23618.0,429.6,2825.98,2851.40
1078,medium,14,14:36:19,15:09:00,15:27:15,COMPLETED,33397.0,18247.4,1961.57,3056.09
916,hard,15,13:09:42,13:12:48,15:27:59,COMPLETED,31067.0,135191.2,186.07,8297.44
1066,easy,11,14:41:15,15:28:05,15:28:24,COMPLETED,21769.0,321.7,2810.77,2829.77
1126,medium,14,14:26:28,14:49:40,15:28:50,COMPLETED,33514.0,39160.8,1392.65,3742.08
1073,medium,13,14:40:12,15:26:37,15:28:50,COMPLETED,22793.0,2222.8,2785.03,2918.08
1021,easy,11,14:42:24,15:28:56,15:29:28,COMPLETED,29209.0,534.0,2792.43,2824.17
1113,medium,13,14:40:50,15:26:49,15:30:44,COMPLETED,31811.0,3920.1,2759.79,2994.52
810,hard,15,12:14:18,12:14:19,15:30:57,COMPLETED,34339.0,196642.3,1.30,11799.69
1111,easy,11,14:45:02,15:31:04,15:31:10,COMPLETED,22960.0,119.0,2762.28,2768.90
1097,easy,12,14:45:02,15:31:17,15:31:49,COMPLETED,27479.0,548.7,2775.46,2807.90
1158,hard,15,14:21:44,14:43:52,15:32:28,COMPLETED,30648.0,48608.7,1328.25,4244.48
1123,hard,15,14:33:19,15:03:16,15:32:41,COMPLETED,32993.0,29421.7,1797.70,3562.66
845,hard,15,12:44:41,12:44:44,15:32:48,COMPLETED,28504.0,168064.2,3.61,10087.22
1170,medium,14,14:32:35,15:02:37,15:33:07,COMPLETED,32013.0,30511.9,1802.67,3632.97
1075,easy,12,14:45:39,15:32:35,15:33:07,COMPLETED,23301.0,559.5,2816.06,2848.97
1048,easy,11,14:46:51,15:33:14,15:33:52,COMPLETED,29314.0,644.9,2783.70,2821.92
1046,easy,12,14:45:27,15:31:56,15:34:05,COMPLETED,29295.0,2166.2,2789.43,2918.90
1167,medium,14,14:37:25,15:24:34,15:34:51,COMPLETED,29407.0,10282.4,2829.93,3446.64
1102,easy,11,14:47:39,15:33:59,15:34:51,COMPLETED,18671.0,874.6,2780.47,2832.64
1041,hard,15,14:17:43,14:39:03,15:35:10,COMPLETED,31912.0,56116.6,1280.96,4647.67
1112,medium,13,14:44:57,15:30:51,15:36:15,COMPLETED,28959.0,5407.2,2754.07,3078.06
1129,easy,11,14:50:58,15:36:21,15:36:28,COMPLETED,17858.0,115.5,2723.61,2730.22
1181,medium,14,14:48:12,15:34:57,15:36:59,COMPLETED,28068.0,2036.4,2805.97,2927.85
911,hard,15,13:45:33,13:53:12,15:37:31,COMPLETED,28712.0,104312.0,459.92,6718.51
1051,medium,14,14:47:48,15:34:12,15:37:31,COMPLETED,31547.0,3322.0,2784.48,2983.51
1043,easy,11,14:53:42,15:37:37,15:38:03,COMPLETED,32428.0,430.5,2635.84,2661.31
1042,medium,13,14:42:14,15:28:31,15:38:41,COMPLETED,29048.0,10176.9,2777.10,3387.44
1125,easy,11,14:55:30,15:38:47,15:39:13,COMPLETED,25247.0,426.8,2597.79,2623.10
1099,medium,14,14:37:44,15:25:13,15:39:25,COMPLETED,28117.0,14201.3,2849.94,3701.78
1150,medium,14,14:36:29,15:17:37,15:39:51,COMPLETED,34939.0,22230.2,2468.51,3802.10
1185,medium,14,14:35:29,15:07:49,15:39:57,COMPLETED,29970.0,32136.3,1940.52,3868.42
1136,medium,13,14:46:01,15:33:14,15:39:57,COMPLETED,30671.0,6717.8,2833.70,3236.42
1168,easy,12,14:56:30,15:40:03,15:40:35,COMPLETED,25458.0,533.8,2613.82,2645.49
1076,hard,15,14:17:33,14:36:43,15:40:48,COMPLETED,34393.0,64082.5,1150.49,4995.27
1096,easy,12,14:56:53,15:40:41,15:41:07,COMPLETED,30820.0,428.3,2628.89,2654.29
1161,medium,13,14:56:25,15:39:57,15:41:19,COMPLETED,32202.0,1384.3,2612.42,2695.00
1107,easy,11,14:57:20,15:41:13,15:41:32,COMPLETED,29679.0,327.5,2633.62,2652.98
882,hard,15,13:41:07,13:48:14,15:41:39,COMPLETED,27149.0,113416.9,427.48,7232.31
1166,easy,11,14:57:52,15:41:26,15:41:45,COMPLETED,25687.0,326.3,2614.55,2633.79
1160,medium,14,14:04:03,14:14:14,15:41:52,COMPLETED,36016.0,87625.7,611.81,5869.16
1137,easy,11,14:58:33,15:41:52,15:42:11,COMPLETED,26803.0,324.5,2599.16,2618.33
1098,easy,12,14:57:57,15:41:39,15:42:30,COMPLETED,25984.0,856.4,2622.31,2673.39
1031,medium,14,14:36:29,15:16:34,15:43:14,COMPLETED,32950.0,26681.5,2405.07,4005.76
1084,easy,12,14:58:26,15:41:45,15:43:14,COMPLETED,28593.0,1487.9,2599.79,2688.76
1068,easy,11,14:59:26,15:43:21,15:43:27,COMPLETED,27515.0,111.0,2635.10,2641.50
970,hard,15,13:36:17,13:39:43,15:43:59,COMPLETED,31375.0,124269.4,206.09,7662.14
1025,hard,15,14:45:46,15:32:48,15:43:59,COMPLETED,35157.0,11186.0,2822.22,3493.14
1114,easy,12,14:59:30,15:43:33,15:43:59,COMPLETED,32428.0,427.3,2643.83,2669.14
1216,easy,11,15:00:42,15:44:05,15:44:30,COMPLETED,34169.0,428.0,2603.49,2628.87
1028,medium,13,14:49:39,15:34:57,15:44:37,COMPLETED,30114.0,9658.1,2718.97,3298.20
1058,medium,14,14:54:48,15:38:09,15:44:37,COMPLETED,31290.0,6463.7,2601.71,2989.20
1214,easy,11,15:01:15,15:44:37,15:44:43,COMPLETED,32642.0,112.8,2602.20,2608.60
1134,medium,14,14:42:46,15:29:34,15:44:56,COMPLETED,31051.0,15369.3,2808.50,3730.38
1303,easy,11,15:01:24,15:44:43,15:44:56,COMPLETED,31450.0,219.5,2599.60,2612.38
1306,medium,13,15:01:04,15:44:05,15:45:02,COMPLETED,25745.0,960.7,2581.49,2638.81
1313,easy,11,15:02:19,15:45:02,15:45:21,COMPLETED,23495.0,323.0,2563.81,2582.90
1259,easy,11,15:03:40,15:45:09,15:45:21,COMPLETED,28069.0,216.6,2489.22,2501.90
1227,easy,11,15:03:53,15:45:28,15:45:34,COMPLETED,28024.0,111.0,2495.23,2501.62
892,hard,15,13:23:12,13:23:58,15:47:48,COMPLETED,39459.0,143844.4,46.16,8676.63
1311,medium,13,15:01:47,15:44:43,15:48:46,COMPLETED,33611.0,4060.6,2576.60,2819.81
1207,medium,13,15:03:34,15:45:02,15:48:46,COMPLETED,32204.0,3741.3,2488.81,2712.81
1195,easy,12,15:06:08,15:48:53,15:49:06,COMPLETED,24213.0,230.3,2565.39,2578.61
1171,medium,13,14:59:13,15:42:36,15:49:32,COMPLETED,29762.0,6934.6,2603.73,3019.51
352,hard,15,10:22:49,10:22:51,15:50:04,COMPLETED,32546.0,327210.1,2.63,19635.28
1266,easy,12,15:05:37,15:48:53,15:50:16,COMPLETED,32063.0,1398.0,2596.39,2679.99
1281,easy,11,15:06:41,15:50:10,15:50:42,COMPLETED,36398.0,534.4,2609.61,2641.37
1088,medium,14,14:51:18,15:36:34,15:52:55,COMPLETED,31334.0,16350.6,2716.57,3697.34
1265,medium,14,15:01:13,15:44:05,15:52:55,COMPLETED,32534.0,8835.4,2572.49,3102.34
1312,easy,12,15:08:23,15:53:01,15:53:33,COMPLETED,26248.0,532.8,2678.74,2710.41
1135,hard,15,14:32:40,15:02:57,15:54:17,COMPLETED,34792.0,51337.3,1817.61,4897.66
1349,easy,11,15:09:03,15:54:23,15:54:42,COMPLETED,27305.0,325.1,2720.99,2739.99
1117,hard,15,14:35:46,15:08:21,15:54:49,COMPLETED,26980.0,46472.5,1955.58,4743.54
1256,easy,12,15:08:38,15:53:01,15:54:56,COMPLETED,28678.0,1912.1,2663.74,2778.18
1065,medium,14,14:39:51,15:26:17,15:55:02,COMPLETED,33565.0,28749.1,2786.98,4511.56
1323,easy,11,15:09:04,15:54:49,15:55:09,COMPLETED,21315.0,337.4,2745.54,2765.21
1254,medium,13,15:09:37,15:55:15,15:56:01,COMPLETED,29641.0,768.6,2738.85,2784.47
1322,medium,13,15:08:54,15:53:39,15:57:18,COMPLETED,29787.0,3660.6,2685.74,2904.90
1330,easy,12,15:10:20,15:57:25,15:57:45,COMPLETED,27677.0,332.3,2825.45,2845.09
1100,medium,14,14:32:38,15:02:50,15:59:21,COMPLETED,31102.0,56517.0,1812.95,5203.80
1186,hard,15,14:23:07,14:47:49,16:00:19,COMPLETED,29857.0,72506.4,1482.82,5832.95
1030,medium,14,14:54:12,15:37:37,16:00:19,COMPLETED,32984.0,22707.3,2605.84,3967.95
1297,easy,11,15:11:21,16:00:26,16:00:39,COMPLETED,24994.0,221.4,2945.52,2958.26
654,hard,15,11:58:05,11:58:07,16:00:52,COMPLETED,32983.0,242754.4,2.29,14567.48
1052,hard,15,14:22:38,14:47:17,16:00:52,COMPLETED,35922.0,73584.9,1479.60,5894.48
1191,easy,11,15:12:16,16:00:58,16:01:05,COMPLETED,25273.0,112.8,2922.91,2929.34
902,medium,14,13:32:13,13:35:37,16:01:18,COMPLETED,30832.0,145671.4,204.91,8945.09
903,hard,15,13:47:08,13:54:43,16:02:02,COMPLETED,39077.0,127316.7,455.51,8094.40
1270,medium,13,15:06:16,15:49:13,16:02:40,COMPLETED,35309.0,13453.6,2577.36,3384.34
1071,hard,15,14:50:10,15:35:17,16:02:46,COMPLETED,31003.0,27494.8,2707.20,4356.67
1336,easy,11,15:14:44,16:02:46,16:02:53,COMPLETED,24074.0,112.0,2882.67,2889.05
1240,medium,13,15:09:34,15:55:02,16:02:59,COMPLETED,26394.0,7952.5,2728.56,3205.42
1236,medium,14,15:06:50,15:50:23,16:03:05,COMPLETED,32563.0,12712.3,2613.33,3375.79
1321,easy,12,15:13:30,16:02:08,16:03:05,COMPLETED,26422.0,956.6,2918.74,2975.79
1328,easy,11,15:15:15,16:02:53,16:03:12,COMPLETED,22684.0,325.0,2858.05,2877.17
1295,easy,11,15:16:54,16:03:18,16:03:37,COMPLETED,25576.0,321.6,2784.59,2803.58
1324,easy,11,15:17:15,16:03:43,16:03:56,COMPLETED,27079.0,216.2,2788.91,2801.57
1261,medium,14,15:10:01,15:56:08,16:04:28,COMPLETED,34839.0,8341.1,2767.01,3267.23
1291,easy,11,15:16:00,16:03:12,16:04:34,COMPLETED,34783.0,1378.7,2832.17,2914.56
1352,medium,13,15:16:16,16:03:12,16:05:06,COMPLETED,30209.0,1906.1,2816.17,2930.29
741,hard,15,12:28:09,12:28:13,16:05:18,COMPLETED,33286.0,217092.1,4.43,13029.99
1175,hard,15,14:42:34,15:28:56,16:05:18,COMPLETED,36662.0,36378.0,2782.43,4964.99
1302,easy,12,15:17:19,16:04:02,16:05:25,COMPLETED,30128.0,1380.5,2803.90,2886.33
1277,easy,12,15:18:26,16:05:25,16:05:50,COMPLETED,17529.0,433.5,2819.33,2844.89
1233,easy,11,15:18:44,16:05:31,16:06:04,COMPLETED,33388.0,546.6,2807.78,2840.06
1022,medium,14,14:58:40,15:41:58,16:06:10,COMPLETED,28115.0,24207.9,2598.56,4050.62
1279,medium,14,15:12:10,16:00:45,16:06:17,COMPLETED,32931.0,5532.1,2915.85,3247.27
302,hard,15,09:08:23,09:08:29,16:06:23,COMPLETED,38879.0,417916.1,6.08,25080.92
1340,easy,11,15:19:04,16:05:57,16:06:30,COMPLETED,30552.0,557.1,2813.45,2846.55
1309,easy,11,15:20:07,16:06:23,16:06:43,COMPLETED,27125.0,335.0,2776.92,2796.54
1320,easy,12,15:20:09,16:06:30,16:06:43,COMPLETED,24591.0,225.2,2781.55,2794.54
1287,medium,13,15:11:36,16:00:26,16:07:54,COMPLETED,26108.0,7477.2,2930.52,3378.70
1143,hard,15,14:09:10,14:26:19,16:08:14,COMPLETED,30462.0,101908.3,1029.86,7144.18
1194,easy,12,15:20:44,16:06:36,16:08:20,COMPLETED,24270.0,1739.5,2752.92,2856.72
1201,easy,12,15:21:05,16:06:50,16:08:20,COMPLETED,24205.0,1520.1,2745.10,2835.72
691,hard,15,12:58:30,12:58:31,16:08:40,COMPLETED,36800.0,190144.9,1.71,11410.28
1255,medium,13,15:19:50,16:06:10,16:08:40,COMPLETED,27318.0,2503.1,2780.62,2930.28
1242,easy,12,15:21:31,16:08:01,16:08:40,COMPLETED,35892.0,658.6,2790.35,2829.28
1202,easy,11,15:21:36,16:08:27,16:08:40,COMPLETED,25884.0,225.2,2811.40,2824.28
1318,easy,11,15:22:12,16:08:46,16:08:53,COMPLETED,23523.0,116.7,2794.96,2801.83
1338,easy,12,15:21:33,16:08:20,16:09:32,COMPLETED,40237.0,1205.3,2807.72,2879.57
1224,easy,12,15:22:39,16:09:00,16:09:39,COMPLETED,31186.0,659.4,2781.17,2820.12
1253,hard,15,15:09:20,15:54:56,16:09:58,COMPLETED,30161.0,15044.8,2736.18,3638.66
1238,easy,12,15:23:35,16:10:04,16:11:16,COMPLETED,33541.0,1197.7,2789.99,2861.36
1200,easy,11,15:23:42,16:11:22,16:11:29,COMPLETED,22188.0,110.9,2860.89,2867.24
1148,hard,15,14:45:56,15:32:54,16:11:35,COMPLETED,31142.0,38681.3,2818.87,5139.57
1353,easy,12,15:22:39,16:09:39,16:12:20,COMPLETED,36060.0,2697.0,2820.12,2981.66
1264,hard,15,15:02:05,15:44:50,16:12:26,COMPLETED,26263.0,27620.1,2565.02,4221.99
1217,easy,12,15:23:42,16:11:35,16:12:39,COMPLETED,19724.0,1076.2,2873.57,2937.81
1248,easy,12,15:25:50,16:12:33,16:13:30,COMPLETED,30842.0,957.8,2803.39,2860.54
1208,easy,12,15:25:38,16:12:26,16:13:36,COMPLETED,21359.0,1171.4,2808.99,2878.89
1108,medium,14,14:58:57,15:42:17,16:14:33,COMPLETED,33196.0,32273.4,2600.66,4536.89
1262,medium,13,15:26:51,16:13:36,16:14:53,COMPLETED,30919.0,1274.1,2805.89,2882.03
1299,medium,14,15:24:19,16:11:41,16:15:12,COMPLETED,27329.0,3506.5,2842.94,3053.04
1305,easy,11,15:30:16,16:14:59,16:15:12,COMPLETED,24920.0,216.5,2683.37,2696.04
1339,easy,12,15:28:00,16:14:40,16:15:18,COMPLETED,22656.0,642.0,2800.23,2838.38
1220,medium,14,15:22:51,16:09:45,16:15:37,COMPLETED,28592.0,5866.5,2814.78,3166.49
1222,medium,13,15:13:08,16:01:24,16:16:15,COMPLETED,37191.0,14854.2,2896.42,3787.44
1347,medium,13,15:30:21,16:15:18,16:16:21,COMPLETED,28634.0,1063.0,2697.38,2760.78
1210,easy,12,15:30:57,16:15:43,16:16:21,COMPLETED,30269.0,640.0,2686.82,2724.78
1218,easy,11,15:31:28,16:16:21,16:16:40,COMPLETED,24038.0,325.7,2693.78,2712.99
1198,easy,11,15:32:20,16:16:28,16:16:40,COMPLETED,27984.0,217.4,2648.26,2660.99
1300,medium,13,15:22:04,16:08:46,16:17:00,COMPLETED,39935.0,8222.9,2802.96,3296.17
1268,easy,11,15:33:02,16:16:47,16:17:06,COMPLETED,25349.0,326.6,2625.37,2644.50
1308,easy,11,15:33:06,16:17:13,16:17:32,COMPLETED,25494.0,323.1,2647.07,2666.13
1293,easy,12,15:32:32,16:16:47,16:17:44,COMPLETED,29308.0,962.6,2655.37,2712.83
1319,easy,12,15:33:21,16:17:38,16:17:57,COMPLETED,29308.0,323.2,2657.48,2676.54
1213,easy,11,15:33:54,16:17:51,16:18:10,COMPLETED,23920.0,323.6,2637.17,2656.28
1289,easy,11,15:33:58,16:18:03,16:18:35,COMPLETED,34314.0,534.0,2645.90,2677.64
1193,easy,11,15:35:14,16:18:41,16:19:00,COMPLETED,31321.0,325.1,2607.98,2626.96
1314,medium,13,15:27:56,16:13:43,16:20:37,COMPLETED,25877.0,6911.9,2747.31,3161.75
1348,medium,14,15:15:54,16:02:59,16:21:03,COMPLETED,33203.0,18064.3,2825.42,3909.06
1237,medium,14,15:30:50,16:15:24,16:21:16,COMPLETED,30191.0,5858.7,2674.78,3026.02
1285,easy,12,15:36:40,16:21:09,16:21:16,COMPLETED,24175.0,115.9,2669.39,2676.02
1292,medium,13,15:35:04,16:18:16,16:21:28,COMPLETED,31680.0,3207.8,2592.62,2784.76
1241,easy,12,15:37:00,16:21:22,16:23:22,COMPLETED,32198.0,2011.3,2662.36,2782.69
1344,easy,12,15:38:19,16:23:29,16:24:13,COMPLETED,30238.0,746.3,2710.08,2754.50
1257,medium,13,15:37:01,16:21:22,16:25:10,COMPLETED,38068.0,3807.1,2661.36,2889.54
1228,medium,13,15:37:53,16:21:35,16:25:42,COMPLETED,32750.0,4122.1,2622.14,2869.17
1179,medium,14,14:56:00,15:39:19,16:26:01,COMPLETED,34399.0,46698.5,2599.43,5401.18
1122,medium,14,14:26:30,14:51:50,16:26:32,COMPLETED,36350.0,94710.9,1520.27,7202.81
1251,easy,11,15:39:15,16:26:39,16:26:51,COMPLETED,28629.0,216.5,2844.14,2856.82
1243,medium,14,15:32:15,16:16:28,16:27:48,COMPLETED,36576.0,11345.3,2653.26,3333.70
1282,medium,13,15:40:12,16:26:58,16:28:53,COMPLETED,24772.0,1926.3,2806.15,2921.17
283,hard,15,09:24:37,09:24:42,16:29:12,COMPLETED,31560.0,424501.5,5.84,25475.91
1190,medium,13,15:33:04,16:17:06,16:29:32,COMPLETED,30371.0,12439.2,2642.50,3388.40
1329,easy,11,15:40:55,16:29:38,16:29:45,COMPLETED,29226.0,112.3,2923.97,2930.33
1283,medium,13,15:38:32,16:25:16,16:30:24,COMPLETED,32482.0,5131.3,2804.88,3112.28
1203,medium,13,15:41:00,16:29:51,16:30:37,COMPLETED,26317.0,771.9,2931.74,2977.47
1342,easy,12,15:40:23,16:27:55,16:30:44,COMPLETED,29315.0,2827.7,2852.04,3021.11
1062,hard,15,14:59:24,15:43:21,16:30:57,COMPLETED,37797.0,47605.4,2637.10,5493.15
1284,medium,13,15:38:57,16:25:48,16:31:10,COMPLETED,28706.0,5371.4,2811.50,3133.33
1357,easy,12,15:42:31,16:30:50,16:31:23,COMPLETED,32616.0,547.2,2899.78,2932.24
1354,easy,11,15:43:00,16:31:03,16:31:23,COMPLETED,27796.0,332.2,2883.71,2903.24
1197,medium,14,15:10:45,15:59:28,16:31:29,COMPLETED,30148.0,32034.0,2923.14,4844.69
1280,easy,12,15:42:03,16:30:44,16:31:29,COMPLETED,25722.0,771.2,2921.11,2966.69
1196,hard,15,15:17:24,16:04:34,16:31:43,COMPLETED,37257.0,27148.8,2830.56,4459.14
1247,easy,11,15:43:30,16:31:29,16:31:43,COMPLETED,26460.0,231.7,2879.69,2893.14
1310,medium,13,15:43:10,16:31:29,16:32:09,COMPLETED,22495.0,671.9,2899.69,2939.53
1229,easy,12,15:44:44,16:31:49,16:32:35,COMPLETED,29633.0,771.7,2825.74,2871.55
1245,hard,15,15:12:17,16:00:58,16:32:54,COMPLETED,38012.0,31935.0,2921.91,4837.85
1356,easy,11,15:45:22,16:32:42,16:32:54,COMPLETED,28985.0,217.8,2840.11,2852.85
1074,hard,15,14:12:03,14:27:50,16:33:20,COMPLETED,28980.0,125508.0,947.44,8477.74
1038,hard,15,14:51:33,15:37:06,16:33:33,COMPLETED,32291.0,56465.7,2733.19,6120.91
1359,easy,12,15:45:31,16:33:01,16:33:40,COMPLETED,37346.0,663.6,2850.20,2889.42
1346,easy,11,15:46:31,16:33:40,16:34:00,COMPLETED,26726.0,335.4,2829.42,2849.19
1231,easy,12,15:46:56,16:33:47,16:34:25,COMPLETED,31033.0,648.0,2811.08,2849.66
1260,easy,12,15:41:54,16:30:30,16:34:31,COMPLETED,34142.0,4025.5,2916.84,3157.99
1269,hard,15,15:12:36,16:01:11,16:34:38,COMPLETED,28869.0,33450.3,2915.71,4922.47
1334,easy,11,15:48:39,16:34:38,16:34:44,COMPLETED,22562.0,113.2,2759.47,2765.92
1315,easy,11,15:47:58,16:34:31,16:35:03,COMPLETED,28161.0,537.9,2793.99,2825.97
1333,easy,12,15:48:57,16:34:44,16:35:16,COMPLETED,26672.0,534.0,2747.92,2779.67
1209,medium,14,15:43:07,16:31:16,16:35:48,COMPLETED,33264.0,4528.9,2889.88,3161.35
1296,easy,12,15:49:32,16:35:10,16:35:48,COMPLETED,24879.0,639.5,2738.30,2776.35
1226,medium,13,15:44:59,16:32:16,16:36:01,COMPLETED,28008.0,3754.5,2837.08,3062.07
1273,medium,14,15:44:50,16:31:49,16:36:26,COMPLETED,33209.0,4613.7,2819.74,3096.40
1276,easy,12,15:49:50,16:35:22,16:36:32,COMPLETED,23388.0,1167.8,2732.99,2802.72
1244,easy,12,15:46:01,16:33:27,16:36:58,COMPLETED,19016.0,3517.9,2846.30,3057.11
1215,easy,12,15:50:57,16:36:39,16:37:42,COMPLETED,27499.0,1060.6,2742.11,2805.36
1267,hard,15,15:06:18,15:49:38,16:38:01,COMPLETED,31911.0,48379.0,2600.88,5503.44
1332,easy,11,15:52:21,16:38:07,16:38:20,COMPLETED,26598.0,216.3,2746.78,2759.46
1271,easy,12,15:51:38,16:37:48,16:38:45,COMPLETED,28306.0,955.1,2770.78,2827.79
1341,easy,12,15:49:54,16:36:07,16:39:56,COMPLETED,30692.0,3826.6,2773.42,3002.44
1249,easy,11,15:55:08,16:40:03,16:40:15,COMPLETED,26257.0,217.2,2695.10,2707.83
1199,easy,11,15:55:12,16:40:22,16:40:28,COMPLETED,26812.0,114.8,2710.16,2716.52
1206,easy,12,15:55:08,16:38:52,16:40:48,COMPLETED,33188.0,1940.7,2624.12,2740.23
1230,medium,13,15:44:37,16:31:36,16:42:05,COMPLETED,32416.0,10491.2,2819.45,3448.57
1272,easy,12,15:56:13,16:42:12,16:42:37,COMPLETED,30941.0,437.5,2759.13,2784.88
1252,medium,13,15:55:24,16:40:54,16:42:44,COMPLETED,26434.0,1841.2,2730.59,2840.43
1337,easy,12,15:56:16,16:42:44,16:43:23,COMPLETED,21413.0,655.5,2788.43,2827.27
1355,hard,15,15:22:00,16:08:46,16:43:29,COMPLETED,31162.0,34719.1,2806.96,4889.81
1351,hard,15,15:15:57,16:03:05,16:43:42,COMPLETED,35955.0,40618.7,2828.79,5265.62
1204,easy,11,15:56:32,16:43:29,16:43:42,COMPLETED,24154.0,222.5,2817.81,2830.62
1205,medium,14,15:51:18,16:37:04,16:44:53,COMPLETED,34297.0,7827.6,2746.44,3215.64
1331,medium,14,15:49:53,16:35:54,16:45:00,COMPLETED,28415.0,9100.0,2761.69,3307.18
1234,medium,14,15:35:22,16:19:07,16:45:06,COMPLETED,31207.0,25993.1,2625.53,4184.83
1221,medium,14,15:52:32,16:38:26,16:46:16,COMPLETED,32320.0,7835.2,2754.79,3224.58
1225,medium,13,15:49:13,16:34:51,16:46:42,COMPLETED,32307.0,11850.5,2738.29,3449.06
1274,medium,14,15:56:42,16:43:49,16:46:42,COMPLETED,26202.0,2885.7,2827.21,3000.06
1480,easy,11,16:00:36,16:46:48,16:47:13,COMPLETED,29016.0,429.7,2772.40,2797.84
1481,medium,13,16:00:52,16:47:20,16:47:45,COMPLETED,32126.0,426.8,2788.22,2813.52
1211,medium,14,15:49:52,16:35:54,16:48:04,COMPLETED,36348.0,12167.9,2762.69,3492.51
1370,medium,13,16:00:49,16:46:48,16:48:10,COMPLETED,28624.0,1378.8,2759.40,2841.84
1350,medium,14,15:25:52,16:12:46,16:48:23,COMPLETED,33260.0,35627.1,2814.18,4951.60
1447,easy,11,16:02:18,16:48:10,16:48:23,COMPLETED,28207.0,217.8,2752.84,2765.60
1092,medium,14,14:56:31,15:40:03,16:48:36,COMPLETED,35852.0,68543.4,2612.82,6725.33
1366,medium,13,16:02:53,16:48:17,16:49:33,COMPLETED,31778.0,1273.6,2724.22,2800.32
1478,easy,12,16:04:22,16:48:42,16:49:58,COMPLETED,33915.0,1271.9,2660.67,2736.68
1235,medium,14,15:56:28,16:42:51,16:50:05,COMPLETED,33461.0,7236.7,2783.12,3217.01
1386,easy,12,16:05:03,16:49:39,16:50:11,COMPLETED,29566.0,534.1,2676.69,2708.40
1223,medium,14,15:57:32,16:45:00,16:50:30,COMPLETED,35352.0,5509.6,2848.18,3178.48
1525,medium,13,16:04:09,16:48:29,16:51:08,COMPLETED,25964.0,2646.2,2660.93,2819.46
1360,easy,11,16:05:59,16:50:36,16:51:52,COMPLETED,39472.0,1270.3,2677.85,2753.77
1405,easy,12,16:05:53,16:50:11,16:52:49,COMPLETED,36795.0,2644.7,2658.40,2816.72
1275,medium,14,15:40:25,16:28:59,16:54:37,COMPLETED,33616.0,25629.0,2914.78,4452.30
1488,easy,11,16:06:36,16:54:43,16:54:56,COMPLETED,19704.0,216.3,2887.64,2900.31
1466,easy,11,16:06:59,16:55:02,16:55:21,COMPLETED,37887.0,322.1,2883.64,2902.64
1413,medium,13,16:06:04,16:51:14,16:55:34,COMPLETED,26696.0,4330.7,2710.80,2970.34
868,hard,15,13:17:02,13:20:14,16:57:11,COMPLETED,38303.0,216942.6,192.98,13209.41
1263,medium,14,15:09:35,15:55:09,16:57:17,COMPLETED,39199.0,62151.5,2734.21,6462.96
1246,medium,14,15:44:20,16:31:36,16:57:24,COMPLETED,27188.0,25810.7,2836.45,4384.61
1452,easy,12,16:08:12,16:57:24,16:57:50,COMPLETED,24688.0,440.0,2952.61,2978.72
1393,easy,12,16:08:19,16:57:31,16:57:57,COMPLETED,27582.0,435.3,2952.30,2978.05
1437,easy,11,16:09:01,16:58:03,16:58:16,COMPLETED,18364.0,219.8,2942.45,2955.33
1499,easy,11,16:09:05,16:58:22,16:58:29,COMPLETED,26411.0,111.1,2957.66,2964.02
1317,medium,14,15:06:51,15:50:48,16:58:48,COMPLETED,34407.0,67991.1,2637.71,6717.02
1474,easy,12,16:07:44,16:55:40,16:59:07,COMPLETED,35761.0,3444.8,2876.68,3083.03
1410,easy,11,16:10:12,16:59:13,16:59:26,COMPLETED,27644.0,218.1,2941.41,2954.16
1294,hard,15,15:47:18,16:34:06,16:59:38,COMPLETED,35603.0,25542.8,2808.58,4340.89
1389,easy,11,16:10:48,16:59:32,16:59:38,COMPLETED,22350.0,112.4,2924.52,2930.89
1409,easy,11,16:12:08,16:59:45,16:59:51,COMPLETED,26957.0,112.5,2857.29,2863.75
1504,medium,13,16:00:02,16:46:22,17:00:48,COMPLETED,28964.0,14432.6,2780.97,3646.69
1398,easy,11,16:12:56,17:00:55,17:01:07,COMPLETED,26742.0,217.8,2879.02,2891.76
1516,easy,12,16:12:01,16:59:45,17:01:14,COMPLETED,29002.0,1485.9,2864.29,2953.11
1396,easy,11,16:13:15,17:01:14,17:01:45,COMPLETED,24793.0,533.8,2879.11,2910.78
1459,medium,13,16:08:35,16:57:57,17:01:58,COMPLETED,30423.0,4030.3,2962.05,3203.59
1192,medium,13,15:57:42,16:45:06,17:02:04,COMPLETED,32423.0,16972.7,2844.83,3862.92
1527,easy,12,16:13:20,17:01:20,17:02:36,COMPLETED,24099.0,1273.1,2880.48,2956.58
1087,hard,15,14:38:07,15:25:13,17:02:49,COMPLETED,30843.0,97589.2,2826.94,8682.26
1471,easy,12,16:09:35,16:58:54,17:02:49,COMPLETED,25974.0,3920.1,2959.36,3194.26
1127,hard,15,14:27:46,14:53:19,17:02:55,COMPLETED,29767.0,129605.4,1533.47,9309.61
1363,easy,11,16:13:30,17:02:42,17:03:08,COMPLETED,29945.0,432.7,2952.91,2978.40
1387,easy,11,16:13:52,17:02:55,17:03:14,COMPLETED,27794.0,327.5,2943.61,2962.92
1361,easy,11,16:15:21,17:03:02,17:03:21,COMPLETED,34540.0,326.5,2861.03,2880.29
1395,easy,11,16:16:22,17:03:27,17:03:47,COMPLETED,34435.0,335.6,2825.66,2845.27
1358,medium,14,15:40:55,16:29:19,17:04:45,COMPLETED,30357.0,35448.0,2904.29,5030.85
982,hard,15,13:49:06,13:56:44,17:04:58,COMPLETED,34334.0,188244.6,458.28,11752.85
1518,medium,13,16:16:21,17:03:14,17:04:58,COMPLETED,31517.0,1740.0,2813.92,2917.85
1383,easy,12,16:17:30,17:04:52,17:05:18,COMPLETED,27866.0,444.0,2842.42,2868.69
1286,hard,15,15:38:28,16:24:19,17:06:16,COMPLETED,27333.0,41955.9,2751.89,5268.94
1476,medium,13,16:13:23,17:02:04,17:08:19,COMPLETED,30338.0,6250.7,2921.92,3296.51
1451,easy,12,16:18:46,17:06:23,17:09:30,COMPLETED,25447.0,3130.8,2857.48,3044.97
1364,medium,13,16:16:41,17:03:53,17:10:15,COMPLETED,35353.0,6365.5,2832.83,3214.49
1427,easy,11,16:20:07,17:10:21,17:10:34,COMPLETED,25625.0,216.6,3014.82,3027.50
1377,medium,13,16:16:22,17:03:21,17:10:47,COMPLETED,29947.0,7436.4,2819.29,3265.20
1438,easy,12,16:20:35,17:10:40,17:10:59,COMPLETED,17305.0,322.9,3005.84,3024.91
768,hard,15,12:26:14,12:26:20,17:11:25,COMPLETED,35635.0,285087.7,6.08,17111.30
1385,medium,13,16:21:32,17:10:53,17:12:34,COMPLETED,27153.0,1693.7,2961.53,3062.85
1392,medium,13,16:13:23,17:01:52,17:13:06,COMPLETED,31071.0,11246.9,2909.17,3583.68
1138,hard,15,14:27:46,14:53:19,17:13:38,COMPLETED,26297.0,140317.8,1533.47,9952.51
1423,easy,12,16:23:19,17:12:41,17:14:03,COMPLETED,28337.0,1382.9,2962.19,3044.86
1024,hard,15,14:56:07,15:39:32,17:14:10,COMPLETED,38725.0,94638.4,2605.12,8283.20
1391,easy,11,16:23:55,17:13:44,17:14:10,COMPLETED,27598.0,429.9,2989.84,3015.20
1467,medium,14,16:06:34,16:52:56,17:14:16,COMPLETED,35773.0,21347.4,2782.13,4062.65
1462,easy,12,16:23:43,17:13:13,17:14:23,COMPLETED,29572.0,1172.3,2970.07,3040.08
1473,medium,14,16:18:46,17:08:26,17:14:29,COMPLETED,30829.0,6061.4,2980.06,3343.45
1434,easy,12,16:24:23,17:14:16,17:15:15,COMPLETED,28823.0,981.1,2993.65,3052.07
1445,medium,13,16:24:50,17:14:23,17:15:15,COMPLETED,30918.0,875.3,2973.08,3025.07
1373,medium,13,16:24:55,17:14:29,17:16:52,COMPLETED,27843.0,2389.4,2974.45,3117.34
1508,easy,12,16:24:17,17:14:16,17:17:24,COMPLETED,29969.0,3145.7,2999.65,3187.90
1429,easy,12,16:25:03,17:15:21,17:17:44,COMPLETED,27433.0,2379.8,3018.65,3161.14
1399,easy,12,16:26:04,17:17:50,17:18:16,COMPLETED,24589.0,448.1,3106.50,3132.86
1307,medium,14,15:35:31,16:20:44,17:20:26,COMPLETED,38954.0,59701.9,2713.08,6295.02
1524,medium,14,16:07:25,16:55:27,17:22:13,COMPLETED,37602.0,26767.7,2882.99,4488.83
1450,medium,14,16:14:55,17:02:55,17:22:32,COMPLETED,34544.0,19624.4,2880.61,4057.84
1436,easy,12,16:26:30,17:22:20,17:22:39,COMPLETED,23870.0,323.5,3350.16,3369.22
1288,medium,14,15:39:05,16:26:07,17:24:33,COMPLETED,30570.0,58430.3,2822.52,6328.16
1526,medium,13,16:26:47,17:22:45,17:24:52,COMPLETED,30011.0,2114.7,3358.60,3485.18
1417,easy,11,16:27:18,17:24:58,17:25:11,COMPLETED,30141.0,216.0,3460.51,3473.17
1513,easy,11,16:27:18,17:25:17,17:25:30,COMPLETED,25872.0,227.2,3479.50,3492.64
1368,medium,13,16:27:07,17:24:39,17:27:18,COMPLETED,32188.0,2658.7,3452.50,3611.71
1511,hard,15,16:26:40,17:22:39,17:27:31,COMPLETED,22898.0,4875.4,3359.22,3651.45
1485,hard,15,16:18:13,17:05:25,17:27:44,COMPLETED,29823.0,22321.8,2832.10,4171.14
1502,easy,12,16:28:14,17:27:37,17:27:50,COMPLETED,24845.0,222.0,3563.79,3576.50
1421,medium,14,16:23:04,17:11:31,17:27:57,COMPLETED,29362.0,16434.2,2907.62,3893.15
1412,easy,11,16:28:46,17:27:50,17:27:57,COMPLETED,25227.0,121.3,3544.50,3551.15
1411,medium,14,16:09:27,16:58:35,17:28:17,COMPLETED,27595.0,29697.8,2948.35,4730.01
1505,easy,12,16:30:00,17:28:23,17:29:15,COMPLETED,24276.0,870.6,3503.34,3555.28
1433,easy,12,16:29:27,17:28:03,17:29:47,COMPLETED,28266.0,1738.1,3516.83,3620.66
1380,easy,12,16:30:18,17:29:54,17:30:45,COMPLETED,28906.0,869.3,3576.18,3627.91
1250,hard,15,15:03:50,15:45:28,17:32:28,COMPLETED,27939.0,107001.7,2498.23,8918.23
1426,easy,11,16:30:38,17:32:34,17:32:41,COMPLETED,31059.0,112.2,3716.59,3723.02
1506,easy,12,16:30:52,17:32:47,17:33:44,COMPLETED,31943.0,954.1,3715.35,3772.29
1490,easy,12,16:30:11,17:29:21,17:33:56,COMPLETED,33044.0,4594.5,3550.60,3825.98
1496,easy,11,16:30:54,17:33:50,17:33:56,COMPLETED,26838.0,111.4,3776.61,3782.98
1420,easy,11,16:30:54,17:34:03,17:34:16,COMPLETED,24194.0,216.8,3789.31,3802.02
1519,hard,15,16:27:32,17:25:37,17:34:53,COMPLETED,28547.0,9284.2,3485.18,4041.95
1406,easy,11,16:33:08,17:35:00,17:35:12,COMPLETED,30090.0,216.4,3712.28,3724.96
587,hard,15,11:53:16,11:53:17,17:36:54,COMPLETED,38426.0,343608.1,1.79,20618.26
1290,hard,15,15:20:02,16:06:17,17:38:24,COMPLETED,29863.0,92129.0,2775.27,8302.80
1495,medium,13,16:33:24,17:38:31,17:39:35,COMPLETED,32067.0,1084.4,3907.35,3971.91
1515,easy,11,16:33:27,17:39:42,17:39:49,COMPLETED,30453.0,118.8,3975.46,3982.08
1401,easy,11,16:33:42,17:39:55,17:40:08,COMPLETED,24107.0,220.9,3973.62,3986.38
1345,hard,15,15:04:37,15:45:40,17:45:53,COMPLETED,33896.0,120215.9,2463.96,9676.80
1375,medium,13,16:33:45,17:40:14,17:45:53,COMPLETED,27274.0,5653.4,3989.92,4328.80
1443,medium,14,16:32:42,17:34:22,17:47:16,COMPLETED,34913.0,12900.8,3700.35,4474.12
1510,medium,14,16:24:10,17:14:10,17:47:35,COMPLETED,32698.0,33419.0,3000.20,5005.11
1418,hard,15,16:22:24,17:11:06,17:48:13,COMPLETED,39824.0,37128.3,2922.24,5149.57
1521,medium,13,16:35:46,17:47:41,17:48:46,COMPLETED,23788.0,1089.9,4315.44,4380.24
1316,hard,15,15:17:58,16:05:12,17:49:25,COMPLETED,30590.0,104210.5,2834.62,9087.13
1415,easy,11,16:36:42,17:49:31,17:49:50,COMPLETED,22647.0,328.0,4369.46,4388.64
1232,hard,15,15:18:06,16:05:25,17:50:49,COMPLETED,30394.0,105401.0,2839.33,9163.19
1463,easy,12,16:34:43,17:46:00,17:50:49,COMPLETED,23021.0,4825.9,4277.14,4566.19
1425,medium,13,16:36:49,17:49:57,17:51:15,COMPLETED,28220.0,1306.5,4388.17,4466.26
1528,easy,11,16:37:06,17:50:55,17:51:28,COMPLETED,23580.0,549.0,4429.78,4462.24
1407,easy,12,16:38:01,17:51:21,17:51:47,COMPLETED,27717.0,446.2,4400.59,4426.89
1422,medium,14,16:35:05,17:46:00,17:51:54,COMPLETED,36993.0,5914.1,4255.14,4609.42
1036,hard,15,14:41:08,15:27:21,17:52:07,COMPLETED,32969.0,144773.2,2773.51,11459.74
1431,easy,11,16:39:31,17:52:14,17:52:20,COMPLETED,25637.0,112.0,4363.31,4369.71
1503,hard,15,16:29:02,17:27:57,17:52:27,COMPLETED,28064.0,24506.6,3535.15,5005.05
1416,easy,12,16:39:29,17:52:01,17:52:33,COMPLETED,30122.0,552.5,4352.12,4384.69
1367,medium,14,16:38:06,17:51:34,17:52:40,COMPLETED,35948.0,1100.8,4408.79,4474.32
823,hard,15,12:01:53,12:01:55,17:53:06,COMPLETED,29309.0,351175.8,2.66,21073.13
1382,easy,12,16:42:47,17:52:33,17:53:06,COMPLETED,28050.0,549.3,4186.69,4219.13
1440,easy,11,16:43:43,17:53:12,17:53:19,COMPLETED,25290.0,119.3,4169.70,4176.47
1517,easy,12,16:41:57,17:52:27,17:53:32,COMPLETED,26110.0,1100.7,4230.05,4295.62
1479,easy,11,16:43:42,17:53:12,17:53:32,COMPLETED,24896.0,340.8,4170.70,4190.62
1394,easy,12,16:44:17,17:53:39,17:54:05,COMPLETED,30256.0,433.7,4162.20,4188.01
1379,easy,12,16:43:52,17:53:25,17:56:11,COMPLETED,29433.0,2761.8,4174.00,4339.40
1489,medium,13,16:42:52,17:52:46,17:58:11,COMPLETED,28792.0,5413.6,4194.88,4519.40
1365,easy,11,16:44:51,17:58:17,17:58:30,COMPLETED,25371.0,216.3,4406.74,4419.42
1414,easy,12,16:44:28,17:56:17,17:58:43,COMPLETED,26969.0,2427.6,4309.75,4455.10
1461,medium,14,16:36:23,17:48:20,17:59:02,COMPLETED,27816.0,10709.7,4317.12,4959.38
1512,easy,12,16:44:56,17:58:36,17:59:27,COMPLETED,29601.0,859.5,4420.74,4471.98
1376,easy,12,16:45:13,17:58:49,17:59:34,COMPLETED,21440.0,755.1,4416.43,4461.35
1482,easy,11,16:46:33,17:59:40,17:59:53,COMPLETED,28051.0,216.8,4387.79,4400.48
149,hard,15,08:57:50,08:57:54,18:00:00,UNFINISHED,-1,-1,-1
330,hard,15,09:19:40,09:19:44,18:00:00,UNFINISHED,-1,-1,-1
414,hard,15,10:35:56,10:35:59,18:00:00,UNFINISHED,-1,-1,-1
493,hard,15,10:36:22,10:36:24,18:00:00,UNFINISHED,-1,-1,-1
656,hard,15,11:12:26,11:12:30,18:00:00,UNFINISHED,-1,-1,-1
602,hard,15,11:53:27,11:53:31,18:00:00,UNFINISHED,-1,-1,-1
737,hard,15,12:27:33,12:27:35,18:00:00,UNFINISHED,-1,-1,-1
780,hard,15,12:34:52,12:34:52,18:00:00,UNFINISHED,-1,-1,-1
884,hard,15,13:02:34,13:05:52,18:00:00,UNFINISHED,-1,-1,-1
876,hard,15,13:17:32,13:20:34,18:00:00,UNFINISHED,-1,-1,-1
907,hard,15,13:26:41,13:26:42,18:00:00,UNFINISHED,-1,-1,-1
991,hard,15,13:27:03,13:27:46,18:00:00,UNFINISHED,-1,-1,-1
1009,hard,15,13:49:19,13:57:22,18:00:00,UNFINISHED,-1,-1,-1
1140,hard,15,14:05:17,14:17:02,18:00:00,UNFINISHED,-1,-1,-1
1139,medium,14,14:17:29,14:36:11,18:00:00,UNFINISHED,-1,-1,-1
1093,hard,15,14:34:48,15:05:49,18:00:00,UNFINISHED,-1,-1,-1
1115,hard,15,14:37:12,15:19:06,18:00:00,UNFINISHED,-1,-1,-1
1147,hard,15,14:56:59,15:40:54,18:00:00,UNFINISHED,-1,-1,-1
1212,hard,15,15:05:24,15:47:55,18:00:00,UNFINISHED,-1,-1,-1
1301,hard,15,15:10:43,15:57:51,18:00:00,UNFINISHED,-1,-1,-1
1335,hard,15,15:17:30,16:04:40,18:00:00,UNFINISHED,-1,-1,-1
1298,hard,15,15:21:02,16:06:50,18:00:00,UNFINISHED,-1,-1,-1
1325,hard,15,15:21:50,16:08:27,18:00:00,UNFINISHED,-1,-1,-1
1326,hard,15,15:22:24,16:08:46,18:00:00,UNFINISHED,-1,-1,-1
1343,hard,15,15:30:16,16:15:18,18:00:00,UNFINISHED,-1,-1,-1
1258,hard,15,15:45:42,16:33:01,18:00:00,UNFINISHED,-1,-1,-1
1327,hard,15,15:50:09,16:36:32,18:00:00,UNFINISHED,-1,-1,-1
1239,hard,15,15:55:14,16:40:35,18:00:00,UNFINISHED,-1,-1,-1
1304,hard,15,15:56:34,16:43:36,18:00:00,UNFINISHED,-1,-1,-1
1278,hard,15,15:56:56,16:43:49,18:00:00,UNFINISHED,-1,-1,-1
1219,hard,15,15:59:41,16:45:13,18:00:00,UNFINISHED,-1,-1,-1
1468,medium,14,16:01:41,16:47:51,18:00:00,UNFINISHED,-1,-1,-1
1465,medium,14,16:03:14,16:48:29,18:00:00,UNFINISHED,-1,-1,-1
1441,medium,14,16:05:42,16:50:05,18:00:00,UNFINISHED,-1,-1,-1
1408,hard,15,16:05:57,16:50:17,18:00:00,UNFINISHED,-1,-1,-1
1430,hard,15,16:06:22,16:51:59,18:00:00,UNFINISHED,-1,-1,-1
1374,hard,15,16:07:56,16:57:17,18:00:00,UNFINISHED,-1,-1,-1
1522,hard,15,16:12:08,16:59:58,18:00:00,UNFINISHED,-1,-1,-1
1428,hard,15,16:13:28,17:02:11,18:00:00,UNFINISHED,-1,-1,-1
1442,hard,15,16:17:52,17:05:05,18:00:00,UNFINISHED,-1,-1,-1
1456,hard,15,16:17:52,17:05:05,18:00:00,UNFINISHED,-1,-1,-1
1424,medium,14,16:19:15,17:09:37,18:00:00,UNFINISHED,-1,-1,-1
1381,hard,15,16:24:59,17:14:35,18:00:00,UNFINISHED,-1,-1,-1
1484,hard,15,16:25:05,17:15:21,18:00:00,UNFINISHED,-1,-1,-1
1507,medium,14,16:25:09,17:16:58,18:00:00,UNFINISHED,-1,-1,-1
1487,hard,15,16:25:45,17:17:31,18:00:00,UNFINISHED,-1,-1,-1
1400,hard,15,16:26:21,17:18:23,18:00:00,UNFINISHED,-1,-1,-1
1523,hard,15,16:26:24,17:20:32,18:00:00,UNFINISHED,-1,-1,-1
1520,medium,14,16:27:57,17:27:25,18:00:00,UNFINISHED,-1,-1,-1
1371,medium,13,16:29:58,17:28:03,18:00:00,UNFINISHED,-1,-1,-1
1469,medium,14,16:30:37,17:30:52,18:00:00,UNFINISHED,-1,-1,-1
1378,hard,15,16:30:56,17:34:03,18:00:00,UNFINISHED,-1,-1,-1
1372,medium,14,16:33:16,17:35:19,18:00:00,UNFINISHED,-1,-1,-1
1390,hard,15,16:33:18,17:37:00,18:00:00,UNFINISHED,-1,-1,-1
1458,hard,15,16:35:11,17:47:22,18:00:00,UNFINISHED,-1,-1,-1
1439,medium,14,16:36:23,17:48:52,18:00:00,UNFINISHED,-1,-1,-1
1444,medium,14,16:37:18,17:50:55,18:00:00,UNFINISHED,-1,-1,-1
1384,hard,15,16:39:07,17:51:54,18:00:00,UNFINISHED,-1,-1,-1
1492,medium,14,16:42:51,17:52:40,18:00:00,UNFINISHED,-1,-1,-1
1432,hard,15,16:44:16,17:53:39,18:00:00,UNFINISHED,-1,-1,-1
1404,medium,14,16:44:27,17:54:11,18:00:00,UNFINISHED,-1,-1,-1
1477,easy,12,16:45:19,17:59:08,18:00:00,UNFINISHED,-1,-1,-1
1501,medium,13,16:45:38,17:59:34,18:00:00,UNFINISHED,-1,-1,-1
1514,easy,12,16:46:40,17:59:59,18:00:00,UNFINISHED,-1,-1,-1
1491,hard,15,16:46:57,-,-,IGNORED,-1,-1
1493,easy,12,16:47:31,-,-,IGNORED,-1,-1
1435,hard,15,16:47:47,-,-,IGNORED,-1,-1
1402,medium,13,16:47:47,-,-,IGNORED,-1,-1
1483,hard,15,16:48:08,-,-,IGNORED,-1,-1
1500,medium,14,16:48:14,-,-,IGNORED,-1,-1
1529,medium,13,16:49:09,-,-,IGNORED,-1,-1
1475,easy,11,16:49:24,-,-,IGNORED,-1,-1
1453,medium,14,16:49:24,-,-,IGNORED,-1,-1
1457,medium,14,16:49:25,-,-,IGNORED,-1,-1
1509,medium,14,16:49:39,-,-,IGNORED,-1,-1
1448,medium,13,16:50:26,-,-,IGNORED,-1,-1
1455,easy,12,16:50:27,-,-,IGNORED,-1,-1
1470,medium,13,16:51:44,-,-,IGNORED,-1,-1
1403,easy,11,16:51:55,-,-,IGNORED,-1,-1
1388,easy,12,16:52:29,-,-,IGNORED,-1,-1
1362,easy,12,16:52:42,-,-,IGNORED,-1,-1
1449,easy,12,16:53:04,-,-,IGNORED,-1,-1
1397,easy,12,16:53:30,-,-,IGNORED,-1,-1
1494,medium,13,16:53:58,-,-,IGNORED,-1,-1
1486,easy,12,16:54:07,-,-,IGNORED,-1,-1
1498,easy,12,16:54:24,-,-,IGNORED,-1,-1
1464,easy,12,16:54:50,-,-,IGNORED,-1,-1
1446,medium,14,16:55:15,-,-,IGNORED,-1,-1
1472,easy,12,16:55:52,-,-,IGNORED,-1,-1
1369,hard,15,16:57:42,-,-,IGNORED,-1,-1
1454,medium,13,16:58:08,-,-,IGNORED,-1,-1
1497,easy,11,16:59:15,-,-,IGNORED,-1,-1
1460,hard,15,16:59:44,-,-,IGNORED,-1,-1
1419,hard,15,16:59:59,-,-,IGNORED,-1,-1
