task_id,difficulty,n,arrival_sim,start_sim,end_sim,status,cost,real_duration_sec,waiting_time_mili_sec,time_in_system_mili_sec
118,easy,11,08:00:11,08:00:12,08:01:06,COMPLETED,23831.0,911.6,1.09,55.77
13,easy,11,08:00:49,08:00:54,08:01:12,COMPLETED,19243.0,303.8,5.60,23.81
149,easy,11,08:02:32,08:02:37,08:02:55,COMPLETED,29838.0,303.0,5.12,23.24
108,easy,12,08:00:59,08:01:00,08:03:19,COMPLETED,24075.0,2315.9,1.68,140.62
45,medium,13,08:03:22,08:03:25,08:04:08,COMPLETED,27214.0,708.0,3.67,46.09
8,easy,12,08:04:05,08:04:08,08:04:20,COMPLETED,28495.0,203.0,3.09,15.23
51,medium,13,08:03:37,08:03:37,08:04:26,COMPLETED,20947.0,809.3,0.76,49.29
39,medium,13,08:04:30,08:04:32,08:06:21,COMPLETED,34139.0,1824.0,2.39,111.76
55,easy,12,08:06:08,08:06:09,08:06:33,COMPLETED,31442.0,410.9,1.40,25.99
79,medium,13,08:02:30,08:02:31,08:06:40,COMPLETED,37519.0,4151.4,1.06,250.12
2,easy,12,08:05:17,08:05:20,08:06:40,COMPLETED,32011.0,1322.9,3.84,83.12
27,easy,11,08:07:36,08:07:40,08:07:59,COMPLETED,28043.0,308.3,4.86,23.30
91,medium,13,08:05:54,08:05:57,08:08:54,COMPLETED,29469.0,2950.5,3.23,180.10
77,easy,12,08:06:18,08:06:21,08:09:37,COMPLETED,23589.0,3258.0,3.76,199.18
143,easy,11,08:09:22,08:09:24,08:10:02,COMPLETED,24641.0,621.5,2.90,40.11
129,easy,11,08:09:45,08:09:49,08:10:08,COMPLETED,29706.0,312.6,4.54,23.24
57,easy,12,08:09:38,08:09:43,08:10:14,COMPLETED,36218.0,518.4,5.33,36.34
54,easy,12,08:09:14,08:09:18,08:10:20,COMPLETED,29017.0,1032.2,4.60,66.50
68,easy,11,08:09:49,08:09:49,08:10:20,COMPLETED,25265.0,514.1,0.54,31.50
20,easy,12,08:09:46,08:09:49,08:10:38,COMPLETED,29644.0,824.3,3.54,52.78
148,easy,11,08:10:37,08:10:38,08:10:51,COMPLETED,32938.0,207.3,1.78,14.27
47,easy,11,08:11:30,08:11:33,08:11:46,COMPLETED,21618.0,204.4,3.90,16.10
84,easy,12,08:11:10,08:11:15,08:11:52,COMPLETED,26593.0,611.1,5.58,42.19
104,easy,12,08:11:10,08:11:15,08:12:04,COMPLETED,26974.0,812.8,5.58,54.34
53,medium,14,08:04:26,08:04:26,08:14:11,COMPLETED,32044.0,9760.9,0.29,585.91
112,medium,14,08:13:11,08:13:11,08:14:24,COMPLETED,29345.0,1217.0,0.13,73.10
80,easy,12,08:15:29,08:15:30,08:15:36,COMPLETED,26831.0,102.9,1.87,7.98
22,medium,14,08:03:37,08:03:37,08:15:49,COMPLETED,33086.0,12190.8,0.76,732.13
133,easy,11,08:15:49,08:15:49,08:15:55,COMPLETED,26844.0,103.2,0.13,6.29
23,easy,11,08:15:45,08:15:49,08:16:13,COMPLETED,23537.0,409.5,4.13,28.61
33,easy,11,08:16:18,08:16:19,08:16:25,COMPLETED,22327.0,105.0,1.75,7.95
107,easy,12,08:16:33,08:16:38,08:17:02,COMPLETED,22825.0,410.0,5.15,29.67
99,easy,11,08:17:06,08:17:08,08:17:21,COMPLETED,25888.0,206.6,2.79,15.09
64,easy,12,08:17:25,08:17:27,08:17:51,COMPLETED,24117.0,410.4,2.23,26.74
12,easy,11,08:18:45,08:18:46,08:18:59,COMPLETED,23811.0,209.7,1.70,14.08
16,easy,11,08:18:53,08:18:59,08:19:05,COMPLETED,23983.0,106.4,6.08,12.36
65,easy,12,08:19:50,08:19:54,08:20:18,COMPLETED,30348.0,411.9,4.24,28.81
4,easy,12,08:22:07,08:22:09,08:22:57,COMPLETED,26054.0,817.2,2.04,51.00
59,easy,12,08:22:17,08:22:21,08:23:10,COMPLETED,31418.0,817.6,4.30,53.25
123,medium,13,08:22:18,08:22:21,08:24:11,COMPLETED,32621.0,1833.6,3.30,113.29
28,hard,15,08:02:54,08:02:55,08:24:54,COMPLETED,32763.0,21980.5,1.24,1320.07
7,easy,11,08:24:37,08:24:41,08:25:00,COMPLETED,35003.0,308.2,4.78,23.19
131,medium,14,08:06:08,08:06:09,08:25:06,COMPLETED,27630.0,18946.9,1.40,1138.30
3,easy,11,08:24:38,08:24:41,08:25:12,COMPLETED,26683.0,511.2,3.78,34.41
69,medium,14,08:21:40,08:21:44,08:25:18,COMPLETED,26482.0,3569.3,4.50,218.52
137,easy,11,08:25:56,08:26:01,08:26:19,COMPLETED,24595.0,306.6,5.20,23.51
38,medium,14,08:07:49,08:07:53,08:26:31,COMPLETED,30399.0,18643.0,4.13,1122.70
60,medium,14,08:22:59,08:23:04,08:26:43,COMPLETED,30813.0,3664.4,5.11,224.87
89,easy,11,08:26:41,08:26:43,08:27:32,COMPLETED,25038.0,817.4,2.87,51.72
116,easy,12,08:27:01,08:27:02,08:27:38,COMPLETED,29282.0,615.2,1.18,37.98
86,easy,11,08:27:40,08:27:45,08:27:51,COMPLETED,19624.0,104.5,5.13,11.27
34,easy,12,08:27:49,08:27:51,08:28:15,COMPLETED,26885.0,409.2,2.27,26.74
140,medium,13,08:27:27,08:27:32,08:28:21,COMPLETED,25316.0,819.9,5.72,54.84
58,medium,14,08:17:45,08:17:45,08:28:58,COMPLETED,34230.0,11217.4,0.53,673.53
122,easy,12,08:28:48,08:28:52,08:29:16,COMPLETED,30330.0,409.9,4.33,28.85
42,easy,11,08:29:25,08:29:29,08:29:47,COMPLETED,28423.0,306.9,4.05,22.38
138,medium,14,08:27:36,08:27:38,08:29:53,COMPLETED,28705.0,2243.6,2.98,137.49
87,easy,11,08:29:48,08:29:53,08:29:59,COMPLETED,26411.0,103.8,5.49,11.64
102,easy,11,08:30:45,08:30:48,08:30:54,COMPLETED,16985.0,104.1,3.38,9.52
109,easy,11,08:32:46,08:32:50,08:33:03,COMPLETED,24985.0,211.5,4.60,17.13
85,easy,11,08:33:11,08:33:15,08:33:21,COMPLETED,29260.0,108.8,4.52,10.79
36,medium,13,08:32:51,08:32:56,08:34:17,COMPLETED,29671.0,1344.6,5.86,86.31
146,medium,14,08:19:00,08:19:05,08:34:42,COMPLETED,35260.0,15612.3,5.36,942.03
74,easy,11,08:35:07,08:35:12,08:35:18,COMPLETED,21852.0,104.6,5.68,11.85
61,easy,12,08:35:27,08:35:31,08:35:49,COMPLETED,28697.0,308.3,4.09,22.47
145,medium,13,08:34:20,08:34:23,08:35:55,COMPLETED,31477.0,1535.3,3.60,95.61
76,medium,14,08:25:17,08:25:18,08:37:15,COMPLETED,29539.0,11942.9,1.52,718.04
10,medium,14,08:33:20,08:33:21,08:37:15,COMPLETED,30534.0,3889.2,1.79,235.04
21,medium,13,08:28:44,08:28:46,08:37:51,COMPLETED,39366.0,9092.3,2.20,547.68
15,medium,14,08:21:34,08:21:38,08:40:12,COMPLETED,32128.0,18566.4,4.27,1118.16
139,easy,12,08:39:47,08:39:47,08:40:43,COMPLETED,26014.0,926.3,0.62,56.09
95,easy,12,08:40:09,08:40:12,08:41:38,COMPLETED,29282.0,1444.0,3.16,89.64
101,hard,15,08:08:52,08:08:54,08:42:15,COMPLETED,27342.0,33363.9,2.10,2003.90
63,medium,13,08:38:58,08:38:58,08:42:28,COMPLETED,32368.0,3493.5,0.76,210.23
136,easy,12,08:42:53,08:42:53,08:43:05,COMPLETED,22411.0,209.4,0.06,12.60
105,easy,11,08:43:29,08:43:30,08:43:36,COMPLETED,34579.0,107.8,1.32,7.61
9,medium,13,08:42:44,08:42:46,08:44:44,COMPLETED,26492.0,1968.5,2.77,120.76
134,easy,11,08:44:50,08:44:50,08:45:09,COMPLETED,31332.0,317.0,0.94,19.78
0,easy,11,08:44:31,08:44:32,08:45:16,COMPLETED,36767.0,731.3,1.25,45.02
115,easy,12,08:44:22,08:44:25,08:45:22,COMPLETED,34490.0,940.5,3.92,60.17
113,hard,15,08:31:59,08:32:01,08:45:28,COMPLETED,32606.0,13447.7,2.62,809.40
83,medium,13,08:41:57,08:41:57,08:45:28,COMPLETED,27911.0,3523.4,0.19,211.40
75,medium,13,08:42:53,08:42:53,08:45:46,COMPLETED,26438.0,2899.7,0.06,173.89
128,easy,11,08:45:59,08:45:59,08:46:05,COMPLETED,21235.0,109.0,0.26,6.54
6,medium,14,08:36:54,08:36:56,08:46:24,COMPLETED,28434.0,9462.0,2.67,570.25
24,easy,11,08:46:10,08:46:11,08:46:24,COMPLETED,28844.0,210.0,1.87,14.25
50,hard,15,08:31:59,08:32:01,08:46:36,COMPLETED,29692.0,14586.7,2.62,877.68
142,easy,11,08:47:02,08:47:07,08:47:13,COMPLETED,26978.0,104.6,5.29,11.45
46,easy,11,08:47:24,08:47:25,08:47:31,COMPLETED,25149.0,104.2,1.70,7.85
1,easy,12,08:46:34,08:46:36,08:48:08,COMPLETED,35294.0,1532.5,2.68,94.48
132,easy,11,08:48:03,08:48:08,08:48:14,COMPLETED,25107.0,105.0,5.48,11.67
97,easy,11,08:48:28,08:48:33,08:48:39,COMPLETED,29553.0,105.6,5.18,11.37
62,easy,12,08:48:47,08:48:52,08:49:41,COMPLETED,27784.0,821.2,5.20,54.35
14,easy,12,08:48:41,08:48:46,08:49:47,COMPLETED,26558.0,1026.9,5.02,66.50
66,easy,12,08:48:26,08:48:26,08:50:30,COMPLETED,25720.0,2059.5,0.93,124.48
29,easy,11,08:50:33,08:50:36,08:50:42,COMPLETED,25606.0,105.5,3.63,9.84
110,easy,11,08:50:33,08:50:36,08:51:19,COMPLETED,36237.0,718.8,3.63,46.64
119,easy,11,08:51:16,08:51:19,08:51:25,COMPLETED,27214.0,105.1,3.64,9.83
56,easy,11,08:52:09,08:52:09,08:52:16,COMPLETED,21399.0,109.7,0.59,7.03
30,easy,12,08:51:58,08:52:03,08:52:22,COMPLETED,23610.0,320.9,5.07,24.21
103,easy,11,08:52:09,08:52:09,08:52:22,COMPLETED,30228.0,211.4,0.59,13.21
144,easy,11,08:52:00,08:52:03,08:52:34,COMPLETED,31784.0,526.7,3.07,34.59
44,easy,11,08:52:02,08:52:03,08:52:46,COMPLETED,22202.0,732.4,1.07,44.95
82,easy,12,08:51:37,08:51:38,08:52:59,COMPLETED,33476.0,1360.6,1.18,82.62
72,easy,12,08:53:07,08:53:12,08:53:24,COMPLETED,23047.0,211.5,5.10,17.57
127,easy,12,08:46:04,08:46:05,08:53:36,COMPLETED,30612.0,7528.2,1.54,452.99
130,easy,12,08:52:48,08:52:53,08:53:49,COMPLETED,30291.0,944.7,5.23,61.71
35,easy,12,08:53:31,08:53:36,08:54:08,COMPLETED,28835.0,526.0,5.99,37.41
71,medium,14,08:45:01,08:45:03,08:54:26,COMPLETED,30650.0,9392.0,2.45,565.88
125,easy,11,08:54:47,08:54:51,08:54:57,COMPLETED,22306.0,106.6,4.69,10.91
26,easy,11,08:55:11,08:55:16,08:55:22,COMPLETED,25190.0,109.1,5.51,11.85
52,easy,12,08:55:24,08:55:29,08:55:47,COMPLETED,26674.0,316.3,5.11,23.86
96,medium,14,08:24:04,08:24:05,08:56:00,COMPLETED,35617.0,31920.2,1.15,1916.28
32,easy,12,08:56:16,08:56:18,08:56:25,COMPLETED,21770.0,109.5,2.98,9.33
114,easy,12,08:56:34,08:56:37,08:56:44,COMPLETED,22682.0,108.5,3.82,10.17
93,easy,11,08:56:38,08:56:44,08:56:56,COMPLETED,30636.0,211.2,6.17,18.62
43,easy,12,08:57:19,08:57:21,08:57:33,COMPLETED,23781.0,210.7,2.44,14.89
18,medium,14,08:42:04,08:42:09,08:57:52,COMPLETED,37185.0,15714.0,5.63,948.40
40,easy,12,08:51:46,08:51:50,08:58:04,COMPLETED,39768.0,6236.6,4.64,378.71
147,medium,14,08:53:43,08:53:43,08:58:53,COMPLETED,34580.0,5176.7,0.37,310.84
126,easy,11,08:58:37,08:58:41,08:58:53,COMPLETED,26571.0,208.2,4.52,16.84
98,medium,14,08:40:04,08:40:06,08:59:06,COMPLETED,35702.0,19003.4,2.01,1142.15
111,easy,12,08:59:12,08:59:12,08:59:37,COMPLETED,30099.0,414.6,0.29,25.05
25,medium,13,08:40:22,08:40:24,09:00:01,COMPLETED,27806.0,19620.1,2.51,1179.65
272,easy,12,09:00:11,09:00:13,09:00:38,COMPLETED,25500.0,412.6,2.99,27.61
48,medium,13,08:55:35,08:55:35,09:00:57,COMPLETED,29657.0,5362.7,0.44,322.09
267,easy,11,09:00:41,09:00:44,09:00:57,COMPLETED,25034.0,208.0,3.77,16.09
164,easy,12,09:02:58,09:03:00,09:03:12,COMPLETED,26661.0,213.6,2.12,14.68
173,medium,14,09:01:04,09:01:09,09:04:02,COMPLETED,28051.0,2894.8,5.40,178.68
270,easy,11,09:03:52,09:03:56,09:04:02,COMPLETED,23849.0,113.5,4.32,10.68
163,medium,13,09:02:59,09:03:00,09:04:52,COMPLETED,35246.0,1882.7,1.12,113.92
205,easy,12,09:03:57,09:04:02,09:05:24,COMPLETED,24333.0,1363.5,5.68,87.38
135,medium,14,08:59:30,08:59:30,09:06:08,COMPLETED,34351.0,6625.5,0.82,398.19
235,easy,12,09:05:35,09:05:36,09:06:20,COMPLETED,32685.0,735.6,1.73,45.73
281,medium,14,09:04:40,09:04:40,09:06:58,COMPLETED,31617.0,2299.1,0.41,138.14
279,easy,11,09:06:59,09:07:04,09:07:10,COMPLETED,26356.0,106.0,5.42,11.63
169,easy,12,09:05:40,09:05:43,09:07:41,COMPLETED,31820.0,1981.0,3.09,121.76
230,easy,12,09:07:37,09:07:41,09:08:00,COMPLETED,31599.0,314.3,4.76,23.38
67,medium,14,08:59:18,08:59:18,09:10:10,COMPLETED,26963.0,10863.5,0.45,652.21
260,easy,12,09:09:31,09:09:33,09:11:05,COMPLETED,23562.0,1542.9,2.22,94.61
41,medium,13,08:48:24,08:48:26,09:11:30,COMPLETED,34211.0,23056.4,2.93,1386.30
73,medium,14,08:48:39,08:48:39,09:12:32,COMPLETED,31194.0,23880.5,0.37,1433.10
117,hard,15,08:59:16,08:59:18,09:12:32,COMPLETED,35024.0,13229.8,2.45,796.10
293,easy,12,09:12:09,09:12:13,09:12:56,COMPLETED,28952.0,725.5,4.50,47.85
290,medium,14,09:09:00,09:09:02,09:14:05,COMPLETED,27229.0,5045.3,2.41,305.00
276,medium,14,09:04:16,09:04:21,09:14:48,COMPLETED,23989.0,10452.8,5.67,632.66
192,easy,12,09:14:09,09:14:11,09:15:07,COMPLETED,28584.0,942.2,2.18,58.50
244,easy,12,09:14:57,09:15:01,09:15:13,COMPLETED,24302.0,212.2,4.30,16.77
188,easy,12,09:14:51,09:14:54,09:15:57,COMPLETED,30398.0,1043.2,3.94,66.35
100,medium,14,08:48:28,08:48:33,09:16:16,COMPLETED,32835.0,27719.0,5.18,1668.11
195,easy,12,09:15:59,09:16:03,09:16:22,COMPLETED,23470.0,321.4,4.56,23.53
210,easy,12,09:16:22,09:16:22,09:16:35,COMPLETED,25205.0,213.4,0.53,13.16
204,easy,11,09:17:22,09:17:24,09:17:43,COMPLETED,33732.0,317.0,2.82,21.48
250,easy,11,09:17:47,09:17:49,09:17:56,COMPLETED,24816.0,110.4,2.89,9.26
191,easy,11,09:18:00,09:18:02,09:18:08,COMPLETED,23324.0,110.4,2.55,9.00
212,easy,12,09:17:07,09:17:12,09:18:15,COMPLETED,32873.0,1052.1,5.37,68.30
120,medium,14,08:30:38,08:30:42,09:18:27,COMPLETED,32001.0,47760.9,4.25,2869.81
285,medium,13,09:17:43,09:17:43,09:18:27,COMPLETED,32714.0,743.4,0.48,44.81
70,medium,14,08:41:01,08:41:01,09:18:34,COMPLETED,25072.0,37544.3,0.58,2253.15
294,easy,12,09:17:57,09:18:02,09:18:34,COMPLETED,28578.0,531.2,5.55,37.15
170,medium,14,09:03:58,09:04:02,09:18:52,COMPLETED,27673.0,14836.1,4.68,894.80
193,easy,11,09:18:14,09:18:15,09:19:11,COMPLETED,32522.0,939.0,1.30,57.42
299,easy,12,09:19:35,09:19:36,09:20:13,COMPLETED,27039.0,619.7,1.51,38.56
194,easy,11,09:20:30,09:20:32,09:20:38,COMPLETED,21437.0,105.5,2.03,8.22
256,medium,13,09:21:12,09:21:15,09:22:22,COMPLETED,30173.0,1132.0,3.11,70.87
236,hard,15,09:13:38,09:13:40,09:22:59,COMPLETED,29408.0,9334.6,2.00,561.97
232,medium,13,09:21:10,09:21:15,09:23:06,COMPLETED,28400.0,1853.4,5.11,116.14
288,easy,11,09:23:14,09:23:18,09:23:24,COMPLETED,22405.0,106.1,4.55,10.76
19,hard,15,08:31:10,08:31:12,09:23:37,COMPLETED,29946.0,52405.6,2.83,3147.10
197,easy,12,09:24:56,09:24:57,09:25:10,COMPLETED,24535.0,213.1,1.66,14.27
261,medium,14,09:22:21,09:22:22,09:25:22,COMPLETED,29743.0,2999.0,1.87,181.63
269,easy,11,09:25:19,09:25:22,09:25:35,COMPLETED,27617.0,210.5,3.63,16.06
268,easy,11,09:25:45,09:25:47,09:26:06,COMPLETED,28230.0,322.2,2.56,21.66
92,hard,15,08:49:52,08:49:53,09:26:25,COMPLETED,33921.0,36530.5,1.66,2193.39
221,medium,14,09:19:23,09:19:23,09:26:44,COMPLETED,27093.0,7342.1,0.90,441.16
17,hard,15,08:49:00,08:49:04,09:27:09,COMPLETED,30557.0,38076.5,4.50,2289.03
283,medium,14,09:25:46,09:25:47,09:27:15,COMPLETED,28581.0,1464.4,1.56,89.21
273,easy,12,09:27:38,09:27:40,09:28:17,COMPLETED,28836.0,631.7,2.26,39.93
206,easy,12,09:28:31,09:28:36,09:28:42,COMPLETED,25834.0,106.1,5.61,11.83
209,easy,12,09:28:09,09:28:11,09:29:01,COMPLETED,33108.0,838.0,2.59,52.61
262,easy,12,09:28:55,09:28:55,09:29:20,COMPLETED,27280.0,426.3,0.26,25.70
264,medium,13,09:22:53,09:22:53,09:29:26,COMPLETED,35250.0,6555.2,0.76,393.88
190,medium,14,09:25:53,09:25:54,09:29:39,COMPLETED,28575.0,3762.8,1.02,226.45
291,easy,11,09:29:08,09:29:14,09:30:04,COMPLETED,40846.0,843.3,6.16,56.54
234,easy,11,09:29:38,09:29:39,09:30:04,COMPLETED,32921.0,422.6,1.45,26.54
207,medium,13,09:22:07,09:22:10,09:30:29,COMPLETED,31025.0,8321.0,3.51,502.58
201,medium,14,09:12:07,09:12:07,09:31:06,COMPLETED,32748.0,18994.9,0.25,1139.88
280,easy,12,09:30:50,09:30:54,09:31:06,COMPLETED,29171.0,209.6,4.46,16.88
219,easy,11,09:31:00,09:31:00,09:31:13,COMPLETED,29614.0,209.1,0.68,13.08
187,easy,12,09:29:10,09:29:14,09:32:20,COMPLETED,31001.0,3113.0,4.16,190.91
49,hard,15,08:52:52,08:52:53,09:32:57,COMPLETED,36570.0,40076.4,1.23,2405.86
238,medium,14,09:23:09,09:23:12,09:34:17,COMPLETED,30692.0,11094.8,3.35,668.93
278,easy,12,09:33:34,09:33:34,09:34:36,COMPLETED,23448.0,1032.5,0.75,62.52
156,easy,11,09:34:30,09:34:30,09:34:55,COMPLETED,28872.0,415.9,0.31,25.12
216,easy,12,09:34:39,09:34:42,09:35:07,COMPLETED,29141.0,415.8,3.75,28.52
152,easy,12,09:34:59,09:35:01,09:35:26,COMPLETED,22911.0,416.0,2.30,27.05
259,medium,13,09:34:22,09:34:24,09:35:32,COMPLETED,24153.0,1140.3,2.10,70.30
226,easy,11,09:35:23,09:35:26,09:35:32,COMPLETED,22866.0,123.4,3.05,9.30
121,hard,15,08:28:52,08:28:52,09:35:39,COMPLETED,33719.0,66786.8,0.33,4007.49
185,easy,11,09:35:29,09:35:32,09:35:39,COMPLETED,25275.0,124.2,3.30,10.49
287,easy,12,09:34:07,09:34:11,09:35:45,COMPLETED,23022.0,1569.9,4.73,98.79
162,medium,13,09:30:20,09:30:23,09:36:29,COMPLETED,36358.0,6101.8,3.25,369.24
295,easy,12,09:35:59,09:36:04,09:36:29,COMPLETED,28922.0,418.3,5.31,30.24
165,easy,12,09:36:14,09:36:16,09:36:53,COMPLETED,32389.0,622.4,2.80,39.97
168,medium,13,09:36:44,09:36:47,09:37:43,COMPLETED,30097.0,931.2,3.77,59.42
231,medium,13,09:35:39,09:35:39,09:37:49,COMPLETED,28110.0,2172.0,0.49,130.68
229,medium,13,09:36:00,09:36:04,09:37:49,COMPLETED,27193.0,1758.0,4.31,109.68
208,medium,14,09:35:55,09:35:58,09:37:55,COMPLETED,31515.0,1965.8,3.11,120.87
298,medium,14,09:31:20,09:31:25,09:38:32,COMPLETED,25353.0,7127.9,5.40,432.96
271,easy,12,09:38:17,09:38:20,09:38:32,COMPLETED,27577.0,209.2,3.57,15.96
181,easy,12,09:37:41,09:37:43,09:38:51,COMPLETED,28806.0,1136.2,2.42,70.45
158,medium,14,09:16:13,09:16:16,09:39:34,COMPLETED,33792.0,23312.7,3.11,1401.77
289,easy,11,09:39:18,09:39:22,09:39:40,COMPLETED,29840.0,314.3,4.31,22.99
282,medium,14,09:30:42,09:30:42,09:39:47,COMPLETED,32881.0,9086.9,0.09,545.20
199,easy,12,09:39:26,09:39:28,09:39:47,COMPLETED,28548.0,313.9,2.53,21.20
200,medium,13,09:37:51,09:37:55,09:39:53,COMPLETED,25909.0,1962.9,4.87,122.38
227,easy,12,09:40:25,09:40:30,09:40:55,COMPLETED,28723.0,416.4,5.61,30.43
154,easy,11,09:41:01,09:41:01,09:41:07,COMPLETED,28051.0,106.0,0.63,6.84
297,easy,11,09:41:45,09:41:51,09:42:03,COMPLETED,24514.0,210.9,6.15,18.55
90,hard,15,08:12:14,08:12:16,09:43:05,COMPLETED,33082.0,90824.9,2.49,5451.95
175,medium,14,09:34:33,09:34:36,09:43:05,COMPLETED,25809.0,8492.7,3.52,512.95
239,easy,12,09:43:20,09:43:24,09:44:01,COMPLETED,24024.0,620.2,4.44,41.49
292,medium,13,09:40:36,09:40:36,09:44:32,COMPLETED,26980.0,3930.3,0.84,236.45
254,hard,15,09:11:19,09:11:24,09:44:51,COMPLETED,36011.0,33451.8,5.11,2012.09
189,medium,13,09:44:09,09:44:13,09:44:51,COMPLETED,23591.0,624.8,4.83,42.09
241,easy,12,09:44:17,09:44:20,09:45:03,COMPLETED,28977.0,727.6,3.02,46.55
178,easy,11,09:45:37,09:45:40,09:45:46,COMPLETED,21611.0,106.0,3.55,9.76
179,easy,11,09:46:22,09:46:23,09:46:30,COMPLETED,24015.0,107.2,1.79,8.01
225,easy,12,09:46:27,09:46:30,09:46:36,COMPLETED,26746.0,106.6,3.01,9.25
284,easy,11,09:47:05,09:47:07,09:47:19,COMPLETED,29012.0,209.0,2.09,14.47
228,easy,12,09:44:45,09:44:51,09:47:25,COMPLETED,23081.0,2578.4,6.09,160.65
203,medium,14,09:40:05,09:40:05,09:48:15,COMPLETED,27558.0,8157.3,0.86,490.09
94,hard,15,08:10:35,08:10:38,09:49:04,COMPLETED,35844.0,98432.6,3.78,5909.70
11,hard,15,08:09:18,08:09:18,09:49:17,COMPLETED,29403.0,99978.2,0.60,5999.25
150,easy,12,09:48:40,09:48:46,09:49:17,COMPLETED,24131.0,527.0,6.07,37.25
161,easy,11,09:49:18,09:49:23,09:49:49,COMPLETED,22540.0,425.6,5.76,31.02
141,hard,15,08:14:38,08:14:42,09:51:10,COMPLETED,30667.0,96472.6,4.30,5792.63
248,medium,14,09:49:10,09:49:11,09:51:16,COMPLETED,27823.0,2102.9,1.02,126.94
166,easy,12,09:50:31,09:50:32,09:51:16,COMPLETED,29961.0,738.8,1.83,45.94
78,hard,15,08:28:51,08:28:52,09:53:23,COMPLETED,38536.0,84512.5,1.33,5072.10
124,medium,14,08:54:48,08:54:51,09:53:29,COMPLETED,37814.0,58626.8,3.69,3521.31
252,easy,12,09:53:10,09:53:10,09:53:41,COMPLETED,24184.0,529.1,0.35,31.80
186,easy,11,09:53:43,09:53:48,09:54:00,COMPLETED,27445.0,220.0,5.14,17.97
277,medium,13,09:52:53,09:52:57,09:54:07,COMPLETED,32925.0,1167.7,4.64,74.41
159,hard,15,09:23:06,09:23:06,09:54:32,COMPLETED,26946.0,31438.7,0.14,1886.40
222,easy,11,09:54:24,09:54:26,09:54:32,COMPLETED,23405.0,107.1,2.17,8.40
224,easy,12,09:53:52,09:53:54,09:55:03,COMPLETED,24358.0,1158.0,2.56,71.69
265,easy,12,09:53:58,09:54:00,09:55:10,COMPLETED,28127.0,1155.4,2.97,72.09
196,easy,11,09:55:07,09:55:10,09:55:16,COMPLETED,27282.0,106.9,3.09,9.34
275,medium,13,09:52:42,09:52:44,09:55:22,COMPLETED,28950.0,2630.3,2.89,160.53
153,medium,13,09:50:29,09:50:32,09:56:12,COMPLETED,26720.0,5657.3,3.83,343.08
249,easy,12,09:55:54,09:55:59,09:56:30,COMPLETED,29028.0,522.1,5.63,36.79
242,easy,11,09:56:52,09:56:55,09:57:33,COMPLETED,29725.0,625.3,3.71,41.05
263,easy,12,09:58:01,09:58:04,09:58:16,COMPLETED,28357.0,212.9,3.06,15.59
220,easy,12,09:58:56,09:59:00,09:59:19,COMPLETED,26639.0,316.6,4.27,23.06
184,easy,11,09:58:06,09:58:10,09:59:25,COMPLETED,30378.0,1253.2,4.30,79.30
81,hard,15,08:08:12,08:08:17,09:59:44,COMPLETED,35694.0,111441.3,5.55,6692.02
233,easy,12,09:58:31,09:58:35,09:59:56,COMPLETED,27784.0,1356.6,4.29,85.49
440,easy,11,10:00:03,10:00:08,10:00:21,COMPLETED,26349.0,212.2,5.93,18.45
243,hard,15,09:02:17,09:02:23,10:01:24,COMPLETED,37682.0,59023.6,6.08,3547.46
157,medium,14,09:49:14,09:49:17,10:01:24,COMPLETED,31043.0,12122.5,3.25,730.46
160,medium,14,09:58:10,09:58:10,10:01:37,COMPLETED,26634.0,3448.8,0.30,207.06
434,easy,11,10:01:12,10:01:18,10:01:37,COMPLETED,25466.0,319.3,6.17,25.06
155,medium,14,09:56:13,09:56:18,10:02:27,COMPLETED,24961.0,6154.7,5.33,374.36
251,medium,14,09:59:34,09:59:37,10:02:33,COMPLETED,29596.0,2937.9,3.75,179.72
247,medium,14,09:52:06,09:52:07,10:02:46,COMPLETED,35152.0,10655.4,1.33,640.41
223,medium,13,09:58:14,09:58:16,10:02:46,COMPLETED,33218.0,4503.2,2.59,272.41
380,easy,11,10:02:49,10:02:52,10:02:59,COMPLETED,28329.0,110.5,3.87,10.31
171,hard,15,09:56:10,09:56:12,10:03:30,COMPLETED,35433.0,7308.8,2.08,440.47
373,easy,12,10:05:36,10:05:42,10:06:13,COMPLETED,29377.0,531.5,6.10,37.78
211,hard,15,09:37:32,09:37:37,10:06:20,COMPLETED,33085.0,28715.4,5.20,1728.03
366,easy,12,10:07:00,10:07:03,10:07:28,COMPLETED,23389.0,420.2,3.60,28.58
336,easy,11,10:07:13,10:07:16,10:07:28,COMPLETED,26021.0,212.8,3.07,15.58
310,easy,11,10:06:46,10:06:51,10:07:34,COMPLETED,36288.0,731.5,5.17,48.87
377,easy,11,10:07:20,10:07:22,10:07:34,COMPLETED,21692.0,212.7,2.32,14.87
202,hard,15,09:51:03,09:51:04,10:07:47,COMPLETED,41669.0,16717.4,1.38,1004.30
301,easy,12,10:08:29,10:08:30,10:08:37,COMPLETED,32457.0,108.0,1.78,8.07
317,easy,12,10:08:29,10:08:30,10:09:08,COMPLETED,28302.0,626.0,1.78,39.19
406,easy,11,10:09:18,10:09:20,10:09:51,COMPLETED,29938.0,522.5,2.71,33.85
361,easy,12,10:08:51,10:08:55,10:10:16,COMPLETED,32231.0,1355.9,4.70,85.85
198,medium,13,09:39:53,09:39:53,10:10:41,COMPLETED,28226.0,30808.1,0.38,1848.79
335,medium,14,10:00:22,10:00:27,10:11:06,COMPLETED,30149.0,10656.6,5.69,644.81
330,easy,11,10:10:45,10:10:48,10:11:19,COMPLETED,29151.0,532.2,3.05,34.58
362,easy,11,10:11:16,10:11:19,10:11:38,COMPLETED,29647.0,321.4,3.58,22.65
151,medium,14,09:51:27,09:51:29,10:11:44,COMPLETED,34222.0,20257.1,2.58,1217.89
177,medium,14,09:55:01,09:55:03,10:11:57,COMPLETED,27173.0,16900.6,2.69,1016.37
315,easy,12,10:11:48,10:11:51,10:12:16,COMPLETED,25044.0,431.1,3.12,28.64
300,medium,13,10:07:01,10:07:03,10:12:23,COMPLETED,34496.0,5329.7,2.60,322.04
339,medium,13,10:10:47,10:10:48,10:12:35,COMPLETED,31261.0,1801.0,1.05,108.90
363,easy,11,10:13:17,10:13:20,10:13:39,COMPLETED,35182.0,321.2,3.27,22.19
422,easy,12,10:13:21,10:13:26,10:13:58,COMPLETED,32908.0,535.4,5.55,37.32
344,easy,11,10:14:39,10:14:43,10:14:49,COMPLETED,28059.0,111.3,4.02,10.32
329,medium,14,10:12:22,10:12:23,10:17:03,COMPLETED,39306.0,4675.0,1.04,281.22
253,medium,14,09:56:38,09:56:43,10:17:22,COMPLETED,25867.0,20657.0,5.21,1244.47
215,hard,15,09:40:44,09:40:49,10:18:25,COMPLETED,29232.0,37600.5,5.22,2261.18
257,medium,14,09:59:07,09:59:12,10:18:37,COMPLETED,36952.0,19416.7,5.79,1170.66
383,easy,12,10:17:38,10:17:41,10:18:50,COMPLETED,40774.0,1150.6,3.33,72.13
405,medium,14,10:08:23,10:08:24,10:18:56,COMPLETED,32139.0,10533.4,1.54,633.38
404,medium,14,10:12:34,10:12:35,10:20:05,COMPLETED,34655.0,7492.7,1.90,451.15
347,easy,12,10:09:12,10:09:14,10:20:11,COMPLETED,42926.0,10955.5,2.41,659.55
304,medium,14,10:14:32,10:14:36,10:20:24,COMPLETED,25352.0,5797.2,4.45,352.11
352,easy,11,10:20:05,10:20:05,10:20:24,COMPLETED,27092.0,318.7,0.15,19.11
381,easy,11,10:20:10,10:20:11,10:20:36,COMPLETED,33675.0,420.6,1.55,26.61
375,medium,14,10:15:39,10:15:40,10:21:13,COMPLETED,34310.0,5564.8,1.38,334.99
398,easy,12,10:21:11,10:21:13,10:21:32,COMPLETED,32094.0,318.5,2.99,21.90
423,medium,13,10:19:27,10:19:27,10:22:35,COMPLETED,28842.0,3134.7,0.66,188.41
449,medium,13,10:21:24,10:21:26,10:22:48,COMPLETED,32938.0,1362.3,2.55,84.06
341,easy,11,10:23:22,10:23:25,10:23:32,COMPLETED,27365.0,116.9,3.88,10.32
316,easy,11,10:23:30,10:23:32,10:23:38,COMPLETED,29671.0,116.3,2.32,8.96
411,hard,15,10:09:52,10:09:58,10:24:04,COMPLETED,29538.0,14109.7,6.08,852.40
311,medium,13,10:20:04,10:20:05,10:24:04,COMPLETED,17741.0,3993.5,1.15,240.40
214,hard,15,09:48:11,09:48:15,10:24:10,COMPLETED,35429.0,35934.1,4.09,2159.84
415,easy,11,10:24:05,10:24:10,10:24:17,COMPLETED,21919.0,112.0,5.84,12.36
318,easy,12,10:23:40,10:23:45,10:24:23,COMPLETED,23705.0,642.9,5.37,43.59
37,hard,15,08:59:17,08:59:18,10:25:20,COMPLETED,28531.0,86037.7,1.45,5163.69
328,easy,12,10:25:02,10:25:07,10:25:39,COMPLETED,31428.0,536.2,5.87,37.70
322,easy,12,10:25:16,10:25:20,10:25:52,COMPLETED,28329.0,532.6,4.69,36.44
357,medium,13,10:26:15,10:26:17,10:26:49,COMPLETED,25357.0,531.4,2.70,34.22
340,easy,11,10:27:04,10:27:08,10:27:21,COMPLETED,29187.0,224.6,4.35,17.45
286,medium,14,09:36:19,09:36:23,10:27:46,COMPLETED,30804.0,51398.5,4.03,3087.83
370,easy,11,10:28:57,10:29:02,10:29:08,COMPLETED,29766.0,108.5,5.54,11.82
424,easy,12,10:27:14,10:27:14,10:29:15,COMPLETED,27666.0,2007.6,0.84,121.08
360,medium,13,10:23:31,10:23:32,10:29:33,COMPLETED,30047.0,6027.2,1.32,362.89
305,medium,14,10:28:01,10:28:05,10:29:52,COMPLETED,30672.0,1784.7,4.83,111.65
444,easy,12,10:29:24,10:29:27,10:30:05,COMPLETED,23816.0,629.8,3.58,41.18
5,hard,15,08:59:26,08:59:30,10:30:11,COMPLETED,37574.0,90677.2,4.82,5445.43
421,medium,14,10:11:55,10:11:57,10:30:48,COMPLETED,32012.0,18860.0,2.37,1133.84
345,medium,13,10:26:51,10:26:55,10:31:20,COMPLETED,29464.0,4412.3,4.62,269.13
353,easy,11,10:31:05,10:31:07,10:31:45,COMPLETED,35330.0,631.8,2.57,40.20
447,medium,13,10:08:00,10:08:05,10:31:51,COMPLETED,43388.0,23763.0,5.90,1431.52
399,easy,11,10:32:16,10:32:16,10:32:29,COMPLETED,29067.0,214.0,0.51,13.07
407,easy,11,10:33:07,10:33:12,10:33:18,COMPLETED,25102.0,108.3,5.72,11.99
348,easy,11,10:33:58,10:34:03,10:34:09,COMPLETED,20578.0,114.3,5.31,11.81
401,easy,11,10:34:29,10:34:35,10:34:48,COMPLETED,26598.0,222.8,6.30,19.09
326,easy,12,10:31:39,10:31:45,10:35:00,COMPLETED,23235.0,3268.3,6.20,201.96
183,hard,15,09:27:02,09:27:02,10:36:17,COMPLETED,31093.0,69248.6,0.84,4155.55
392,easy,12,10:35:48,10:35:52,10:36:17,COMPLETED,31800.0,435.0,4.02,29.55
400,easy,12,10:36:05,10:36:11,10:36:36,COMPLETED,29123.0,433.7,6.04,31.79
365,easy,11,10:36:33,10:36:36,10:36:43,COMPLETED,23215.0,111.9,3.79,10.11
354,hard,15,10:13:13,10:13:13,10:37:40,COMPLETED,35603.0,24450.3,0.82,1467.62
323,easy,12,10:36:16,10:36:17,10:37:40,COMPLETED,34893.0,1390.9,1.55,84.62
327,easy,12,10:37:16,10:37:21,10:37:53,COMPLETED,30211.0,538.9,5.47,37.44
217,hard,15,09:31:37,09:31:37,10:37:59,COMPLETED,38667.0,66369.7,0.74,3982.85
427,easy,12,10:37:04,10:37:08,10:38:12,COMPLETED,26096.0,1071.6,4.55,68.56
333,easy,11,10:38:00,10:38:06,10:38:12,COMPLETED,28160.0,110.2,6.25,12.56
426,easy,11,10:38:33,10:38:37,10:38:50,COMPLETED,28225.0,220.3,4.98,17.83
448,easy,11,10:40:03,10:40:06,10:40:19,COMPLETED,28436.0,214.5,3.72,16.30
393,medium,13,10:35:38,10:35:39,10:40:25,COMPLETED,36202.0,4778.6,1.14,287.61
403,medium,14,10:38:11,10:38:12,10:40:25,COMPLETED,25204.0,2221.6,1.56,134.61
430,medium,14,10:34:17,10:34:22,10:41:34,COMPLETED,32398.0,7202.4,5.48,437.39
358,easy,11,10:41:31,10:41:34,10:41:46,COMPLETED,24038.0,212.7,3.39,15.93
176,hard,15,09:28:01,09:28:05,10:43:08,COMPLETED,24673.0,75054.9,4.24,4507.41
445,medium,14,10:26:57,10:27:01,10:43:14,COMPLETED,28932.0,16219.6,4.89,977.81
396,easy,11,10:43:09,10:43:14,10:43:27,COMPLETED,31628.0,215.3,5.81,18.45
296,hard,15,09:49:32,09:49:36,10:43:33,COMPLETED,31558.0,53958.4,4.34,3241.76
438,easy,12,10:43:07,10:43:08,10:43:52,COMPLETED,31514.0,739.6,1.41,45.59
350,easy,12,10:42:11,10:42:11,10:43:58,COMPLETED,25998.0,1786.9,0.89,107.86
433,easy,12,10:43:00,10:43:02,10:44:11,COMPLETED,24190.0,1160.5,2.06,71.46
303,hard,15,10:29:37,10:29:40,10:44:24,COMPLETED,26819.0,14734.7,3.14,887.01
379,easy,12,10:42:16,10:42:18,10:44:24,COMPLETED,29173.0,2101.9,2.17,128.01
410,easy,12,10:44:05,10:44:05,10:44:30,COMPLETED,26733.0,423.7,0.16,25.33
258,hard,15,09:47:56,09:47:56,10:44:49,COMPLETED,34914.0,56878.5,0.45,3413.08
332,easy,12,10:43:07,10:43:08,10:44:49,COMPLETED,37555.0,1682.4,1.41,102.08
306,medium,13,10:39:04,10:39:09,10:45:07,COMPLETED,32454.0,5969.6,5.93,363.88
313,easy,12,10:45:11,10:45:14,10:45:39,COMPLETED,22475.0,421.4,3.15,28.18
432,easy,11,10:45:39,10:45:39,10:45:45,COMPLETED,25220.0,108.3,0.18,6.47
312,easy,12,10:45:06,10:45:07,10:45:57,COMPLETED,31844.0,837.4,1.88,51.92
429,easy,11,10:46:02,10:46:04,10:46:22,COMPLETED,28727.0,315.1,2.15,20.87
364,easy,12,10:46:43,10:46:47,10:47:25,COMPLETED,23373.0,629.2,4.81,42.34
390,easy,11,10:47:12,10:47:12,10:47:25,COMPLETED,24082.0,212.3,0.84,13.34
419,hard,15,10:00:40,10:00:40,10:47:31,COMPLETED,29033.0,46858.5,0.18,2811.60
182,hard,15,09:44:19,09:44:20,10:47:50,COMPLETED,31212.0,63506.9,1.02,3811.38
413,easy,11,10:47:46,10:47:50,10:47:56,COMPLETED,23316.0,108.7,4.38,10.68
412,easy,11,10:48:10,10:48:15,10:48:21,COMPLETED,26834.0,109.9,5.43,11.73
382,easy,11,10:48:20,10:48:21,10:48:28,COMPLETED,24283.0,109.1,1.73,8.06
355,easy,12,10:47:37,10:47:37,10:48:34,COMPLETED,31310.0,944.6,0.84,57.30
418,medium,14,10:24:33,10:24:36,10:48:46,COMPLETED,24940.0,24176.1,3.34,1453.77
446,easy,12,10:49:35,10:49:36,10:49:55,COMPLETED,23161.0,318.1,1.65,20.38
307,easy,12,10:50:06,10:50:07,10:50:14,COMPLETED,24297.0,108.4,1.99,8.27
394,easy,12,10:50:52,10:50:52,10:51:05,COMPLETED,25272.0,218.5,0.48,13.21
367,easy,12,10:51:50,10:51:56,10:52:15,COMPLETED,31304.0,328.0,6.02,25.33
266,medium,14,09:37:04,09:37:06,10:52:28,COMPLETED,36992.0,75364.7,2.34,4524.15
106,hard,15,08:48:21,08:48:26,10:53:12,COMPLETED,40140.0,124755.4,5.93,7491.18
167,medium,14,09:57:22,09:57:26,10:53:18,COMPLETED,30714.0,55863.0,4.80,3356.51
391,hard,15,10:05:41,10:05:42,10:53:49,COMPLETED,36556.0,48129.6,1.10,2888.82
334,hard,15,10:24:59,10:25:01,10:54:33,COMPLETED,27706.0,29538.2,2.57,1774.73
417,easy,12,10:53:46,10:53:49,10:55:11,COMPLETED,26102.0,1365.0,3.82,85.49
414,easy,11,10:55:02,10:55:05,10:55:17,COMPLETED,25143.0,214.0,3.17,15.76
443,medium,13,10:52:54,10:52:59,10:55:30,COMPLETED,31738.0,2514.7,5.65,156.28
359,easy,12,10:54:19,10:54:21,10:55:55,COMPLETED,25080.0,1575.3,2.18,96.44
431,easy,11,10:55:48,10:55:49,10:55:55,COMPLETED,21123.0,109.9,1.13,7.44
314,medium,13,10:53:37,10:53:37,10:56:01,COMPLETED,23017.0,2411.3,0.29,144.74
386,easy,12,10:56:36,10:56:39,10:57:10,COMPLETED,29515.0,527.1,3.20,34.65
395,medium,13,10:53:54,10:53:56,10:57:35,COMPLETED,30426.0,3662.0,2.14,221.64
428,easy,12,10:57:51,10:57:54,10:58:51,COMPLETED,30512.0,963.8,3.39,60.90
437,medium,13,10:56:50,10:56:51,10:59:04,COMPLETED,31922.0,2215.8,1.83,134.55
372,hard,15,10:42:45,10:42:49,10:59:23,COMPLETED,36505.0,16571.4,4.45,998.47
343,easy,11,10:59:37,10:59:42,11:00:01,COMPLETED,30366.0,323.8,5.63,24.77
351,easy,11,10:57:51,10:57:54,11:00:08,COMPLETED,36683.0,2232.3,3.39,137.09
436,easy,12,10:59:32,10:59:36,11:00:14,COMPLETED,27715.0,642.4,4.15,42.37
385,easy,12,10:59:36,10:59:36,11:00:14,COMPLETED,28455.0,641.0,0.15,38.37
589,easy,11,11:00:11,11:00:14,11:00:27,COMPLETED,29253.0,215.5,3.37,16.03
409,medium,13,10:58:15,10:58:19,11:00:33,COMPLETED,32841.0,2232.0,4.65,138.33
572,easy,11,11:00:44,11:00:45,11:00:52,COMPLETED,25575.0,115.4,1.99,8.53
582,easy,11,11:01:09,11:01:11,11:01:18,COMPLETED,33482.0,115.1,2.64,9.13
517,easy,11,11:01:31,11:01:37,11:01:56,COMPLETED,27936.0,331.4,6.06,25.44
346,medium,13,10:58:44,10:58:45,11:02:09,COMPLETED,23167.0,3405.2,1.36,205.40
356,medium,14,10:53:06,10:53:12,11:02:15,COMPLETED,35927.0,9064.6,6.18,549.72
523,easy,11,11:02:05,11:02:09,11:02:15,COMPLETED,21171.0,112.6,4.40,10.72
594,easy,12,11:01:37,11:01:37,11:02:41,COMPLETED,24293.0,1081.4,0.06,64.81
565,easy,11,11:02:27,11:02:28,11:02:41,COMPLETED,27790.0,221.8,1.75,14.81
599,medium,13,11:02:16,11:02:22,11:03:01,COMPLETED,26156.0,653.9,6.21,45.22
468,easy,11,11:02:29,11:02:35,11:03:01,COMPLETED,24907.0,436.3,6.28,32.22
545,easy,11,11:02:52,11:02:54,11:03:07,COMPLETED,27662.0,216.9,2.64,15.49
493,easy,11,11:02:48,11:02:48,11:03:32,COMPLETED,32737.0,751.8,0.09,44.75
539,easy,11,11:03:17,11:03:20,11:03:32,COMPLETED,23610.0,220.0,3.06,15.75
442,hard,15,10:38:40,10:38:44,11:06:16,COMPLETED,33025.0,27538.5,4.41,1656.55
573,medium,13,11:03:11,11:03:13,11:06:35,COMPLETED,26529.0,3366.0,2.77,204.47
389,medium,13,10:59:34,10:59:36,11:07:13,COMPLETED,34805.0,7622.2,2.15,459.29
451,medium,13,11:05:59,11:06:03,11:08:28,COMPLETED,27307.0,2419.8,4.85,149.74
541,easy,12,11:07:34,11:07:38,11:08:35,COMPLETED,30059.0,949.5,4.48,61.09
549,easy,12,11:08:33,11:08:35,11:08:54,COMPLETED,30216.0,325.4,2.09,21.18
595,easy,12,11:08:44,11:08:47,11:09:06,COMPLETED,27572.0,326.9,3.77,22.97
534,medium,14,11:01:56,11:01:56,11:09:19,COMPLETED,31916.0,7399.4,0.44,443.90
522,easy,12,11:08:34,11:08:35,11:09:26,COMPLETED,28299.0,861.7,1.09,52.55
588,easy,12,11:09:24,11:09:26,11:09:58,COMPLETED,26340.0,539.2,2.55,34.47
397,hard,15,10:51:46,10:51:49,11:10:43,COMPLETED,23221.0,18895.9,3.74,1137.17
454,easy,12,11:07:57,11:07:57,11:10:56,COMPLETED,29368.0,2986.8,0.34,179.08
338,hard,15,10:15:14,10:15:14,11:13:35,COMPLETED,27192.0,58356.0,0.74,3501.94
552,medium,13,11:03:38,11:03:39,11:13:42,COMPLETED,36648.0,10058.0,1.30,604.42
384,hard,15,10:31:21,10:31:26,11:14:27,COMPLETED,30861.0,43015.8,5.41,2586.06
488,medium,14,11:05:53,11:05:57,11:14:52,COMPLETED,30582.0,8926.2,4.50,539.83
324,hard,15,10:29:23,10:29:27,11:15:05,COMPLETED,35349.0,45635.7,4.58,2742.60
567,easy,11,11:14:26,11:14:27,11:15:05,COMPLETED,30963.0,646.8,1.06,39.60
452,easy,12,11:14:38,11:14:40,11:15:11,COMPLETED,22693.0,534.7,2.07,33.90
499,easy,12,11:14:50,11:14:52,11:15:49,COMPLETED,24408.0,950.6,2.83,59.55
579,easy,12,11:15:39,11:15:43,11:15:55,COMPLETED,22337.0,215.7,4.23,16.91
453,easy,11,11:16:09,11:16:14,11:16:52,COMPLETED,28674.0,636.3,5.80,43.72
566,easy,11,11:16:42,11:16:46,11:16:52,COMPLETED,22309.0,110.4,4.40,10.72
369,hard,15,10:50:27,10:50:33,11:17:05,COMPLETED,32426.0,26538.7,6.24,1598.37
586,easy,12,11:16:22,11:16:27,11:17:05,COMPLETED,22459.0,636.1,5.49,43.37
543,medium,13,11:16:22,11:16:27,11:17:30,COMPLETED,32038.0,1056.9,5.49,68.64
546,easy,11,11:17:07,11:17:11,11:17:55,COMPLETED,31502.0,737.9,4.71,48.73
321,medium,14,10:49:52,10:49:55,11:18:14,COMPLETED,35449.0,28323.8,3.38,1702.59
521,easy,11,11:18:13,11:18:14,11:18:27,COMPLETED,23693.0,214.4,1.59,14.19
563,medium,13,11:16:14,11:16:14,11:19:04,COMPLETED,31494.0,2836.1,0.80,170.78
456,medium,13,11:18:00,11:18:02,11:20:39,COMPLETED,28632.0,2630.6,2.01,159.59
569,easy,12,11:19:36,11:19:36,11:20:45,COMPLETED,31777.0,1169.5,0.12,69.88
455,hard,15,11:09:18,11:09:19,11:22:09,COMPLETED,34120.0,12828.7,1.90,771.27
519,medium,14,11:06:05,11:06:10,11:22:22,COMPLETED,29577.0,16203.6,5.19,977.07
245,hard,15,09:12:03,09:12:07,11:23:32,COMPLETED,38570.0,131421.0,4.25,7889.43
557,medium,14,11:06:21,11:06:22,11:23:45,COMPLETED,25569.0,17380.4,1.87,1044.37
533,medium,14,11:04:57,11:05:01,11:24:36,COMPLETED,24422.0,19591.3,4.10,1179.39
590,medium,13,11:20:06,11:20:07,11:24:55,COMPLETED,30111.0,4803.8,1.49,289.33
547,easy,11,11:24:59,11:25:01,11:25:08,COMPLETED,29216.0,113.8,2.79,9.16
528,easy,11,11:25:01,11:25:01,11:25:08,COMPLETED,24509.0,114.0,0.79,7.16
532,easy,12,11:24:56,11:25:01,11:25:21,COMPLETED,26154.0,333.7,5.79,25.27
591,easy,11,11:25:10,11:25:14,11:25:21,COMPLETED,26608.0,118.6,4.73,11.27
376,medium,14,10:49:03,10:49:05,11:25:27,COMPLETED,30236.0,36376.3,2.47,2184.89
578,easy,12,11:25:34,11:25:34,11:25:53,COMPLETED,23645.0,333.7,0.16,19.62
475,medium,14,11:12:19,11:12:19,11:26:19,COMPLETED,33588.0,14009.9,0.01,840.37
180,medium,14,09:46:01,09:46:05,11:27:22,COMPLETED,38883.0,101284.2,4.25,6081.22
497,easy,11,11:26:58,11:27:03,11:27:28,COMPLETED,31970.0,424.3,5.34,30.54
562,easy,11,11:27:22,11:27:22,11:27:34,COMPLETED,30867.0,214.6,0.22,12.83
490,easy,11,11:27:43,11:27:47,11:28:12,COMPLETED,18895.0,424.2,4.38,29.56
459,easy,11,11:28:41,11:28:43,11:29:15,COMPLETED,36050.0,527.5,2.94,34.32
481,hard,15,11:02:52,11:02:54,11:29:53,COMPLETED,33295.0,26977.1,2.64,1621.05
504,medium,14,11:27:52,11:27:53,11:29:53,COMPLETED,32220.0,1994.6,1.68,121.05
554,medium,13,11:25:56,11:26:00,11:29:59,COMPLETED,29061.0,3989.5,4.25,243.39
408,hard,15,10:56:03,10:56:07,11:30:11,COMPLETED,30037.0,34068.3,4.99,2048.93
371,medium,14,10:10:42,10:10:48,11:30:55,COMPLETED,36390.0,80129.9,6.05,4813.77
510,medium,13,11:29:37,11:29:40,11:31:02,COMPLETED,29909.0,1364.5,3.40,85.04
467,easy,11,11:31:09,11:31:14,11:31:27,COMPLETED,24129.0,222.8,5.61,18.38
484,easy,11,11:31:24,11:31:27,11:31:34,COMPLETED,26997.0,117.8,3.38,10.04
568,medium,13,11:26:15,11:26:19,11:32:44,COMPLETED,35774.0,6426.4,4.37,389.53
516,medium,13,11:31:16,11:31:20,11:32:44,COMPLETED,36111.0,1401.4,4.92,88.53
496,medium,14,11:22:13,11:22:15,11:33:10,COMPLETED,29236.0,10912.1,2.75,657.12
540,easy,12,11:31:24,11:31:27,11:33:16,COMPLETED,36097.0,1825.2,3.38,112.57
450,medium,14,11:14:44,11:14:46,11:33:35,COMPLETED,36890.0,18825.2,2.51,1131.65
319,hard,15,10:38:09,10:38:12,11:33:42,COMPLETED,33317.0,55498.0,3.56,3333.15
558,easy,11,11:34:20,11:34:20,11:34:52,COMPLETED,32134.0,540.0,0.51,32.50
542,easy,11,11:34:36,11:34:39,11:34:52,COMPLETED,22787.0,219.7,3.79,16.50
535,easy,12,11:34:22,11:34:27,11:34:59,COMPLETED,32467.0,537.6,5.03,37.00
471,easy,11,11:34:56,11:34:59,11:35:11,COMPLETED,35257.0,222.8,3.00,15.86
592,medium,14,11:25:53,11:25:53,11:35:24,COMPLETED,31970.0,9524.9,0.62,571.85
469,easy,11,11:35:54,11:35:56,11:36:03,COMPLETED,25939.0,116.1,2.77,9.32
512,easy,12,11:36:14,11:36:16,11:36:41,COMPLETED,22422.0,430.9,2.01,27.44
577,easy,12,11:36:34,11:36:35,11:37:26,COMPLETED,29021.0,854.2,1.13,52.14
483,medium,13,11:35:06,11:35:11,11:37:32,COMPLETED,35262.0,2346.4,5.86,146.41
507,medium,14,11:33:40,11:33:42,11:38:16,COMPLETED,32356.0,4571.7,2.15,276.23
462,easy,11,11:37:58,11:38:03,11:38:16,COMPLETED,31624.0,213.5,5.68,18.23
498,medium,14,11:29:48,11:29:53,11:38:28,COMPLETED,38352.0,8599.4,5.05,520.80
470,easy,12,11:36:12,11:36:16,11:39:12,COMPLETED,21736.0,2945.7,4.01,180.52
518,easy,11,11:39:27,11:39:31,11:39:50,COMPLETED,25789.0,319.7,4.31,23.10
435,hard,15,10:45:14,10:45:14,11:40:02,COMPLETED,31983.0,54812.5,0.15,3288.83
460,easy,12,11:39:55,11:39:56,11:40:15,COMPLETED,33518.0,317.5,1.54,20.35
505,easy,12,11:39:48,11:39:50,11:40:27,COMPLETED,26589.0,633.9,2.10,39.91
514,easy,12,11:40:21,11:40:21,11:40:34,COMPLETED,23694.0,214.3,0.61,13.23
476,easy,11,11:40:39,11:40:40,11:40:53,COMPLETED,26258.0,213.0,1.50,14.05
458,hard,15,11:25:52,11:25:53,11:41:43,COMPLETED,28672.0,15832.5,1.62,951.36
478,easy,12,11:40:22,11:40:27,11:41:49,COMPLETED,27111.0,1366.2,5.91,87.64
508,easy,12,11:41:31,11:41:37,11:41:55,COMPLETED,25922.0,318.6,6.04,24.92
174,hard,15,09:12:00,09:12:01,11:42:27,COMPLETED,36637.0,150441.4,1.04,9027.46
495,medium,13,11:40:55,11:40:59,11:43:37,COMPLETED,27957.0,2643.4,4.32,162.68
574,easy,12,11:43:53,11:43:56,11:44:22,COMPLETED,25180.0,437.1,3.78,29.60
402,medium,14,10:14:40,10:14:43,11:44:54,COMPLETED,40122.0,90193.4,3.02,5414.53
559,easy,12,11:44:24,11:44:29,11:45:07,COMPLETED,27795.0,646.6,5.06,43.43
581,easy,11,11:45:53,11:45:58,11:46:11,COMPLETED,25337.0,217.6,5.83,18.62
531,medium,14,11:44:01,11:44:03,11:47:22,COMPLETED,28070.0,3324.6,2.31,201.55
255,hard,15,09:47:57,09:48:02,11:47:47,COMPLETED,32845.0,119756.0,5.67,7190.98
509,easy,11,11:47:33,11:47:35,11:48:07,COMPLETED,28442.0,542.8,2.14,34.26
524,medium,13,11:47:15,11:47:15,11:48:13,COMPLETED,31974.0,969.1,0.97,58.79
537,medium,14,11:41:08,11:41:11,11:48:51,COMPLETED,32145.0,7668.9,3.89,463.79
553,medium,14,11:42:34,11:42:40,11:48:51,COMPLETED,28640.0,6198.2,6.14,377.79
560,medium,13,11:45:38,11:45:39,11:49:48,COMPLETED,28020.0,4159.6,1.46,250.80
570,medium,14,11:12:10,11:12:12,11:51:23,COMPLETED,34930.0,39179.0,2.69,2353.27
473,easy,12,11:51:25,11:51:29,11:51:48,COMPLETED,30518.0,321.6,4.59,23.60
544,medium,13,11:46:22,11:46:24,11:52:01,COMPLETED,28549.0,5618.5,2.34,339.22
511,medium,14,11:45:46,11:45:52,11:52:51,COMPLETED,30029.0,6994.5,6.32,425.76
551,easy,11,11:52:24,11:52:26,11:52:51,COMPLETED,26627.0,426.7,2.46,27.76
368,hard,15,10:38:42,10:38:44,11:53:10,COMPLETED,33979.0,74440.9,2.41,4468.77
480,easy,11,11:53:33,11:53:36,11:53:42,COMPLETED,19548.0,111.0,3.13,9.52
597,medium,13,11:51:15,11:51:16,11:53:48,COMPLETED,24187.0,2539.1,1.92,153.85
457,easy,12,11:53:43,11:53:48,11:54:20,COMPLETED,29891.0,533.8,5.85,37.60
529,easy,12,11:53:31,11:53:36,11:55:11,COMPLETED,26676.0,1591.5,5.13,100.32
525,medium,13,11:47:06,11:47:09,11:55:17,COMPLETED,24352.0,8141.4,3.41,491.66
500,medium,14,11:52:22,11:52:26,11:55:36,COMPLETED,34014.0,3175.8,4.46,194.68
561,easy,12,11:53:27,11:53:29,11:56:59,COMPLETED,31232.0,3495.5,2.75,212.20
587,easy,11,11:56:43,11:57:05,11:57:18,COMPLETED,30435.0,216.3,22.53,35.20
502,medium,14,11:48:56,11:48:58,11:57:24,COMPLETED,29588.0,8444.9,2.13,508.53
465,medium,13,11:54:56,11:54:58,11:57:24,COMPLETED,27566.0,2437.9,2.58,148.53
526,hard,15,11:12:59,11:13:04,11:57:43,COMPLETED,32958.0,44661.6,5.01,2684.56
487,easy,12,11:56:14,11:56:14,11:58:08,COMPLETED,28462.0,1905.7,0.79,114.87
585,easy,12,11:56:36,11:56:40,11:58:34,COMPLETED,33493.0,1903.6,4.19,118.13
506,easy,11,11:56:55,11:57:24,11:58:34,COMPLETED,28188.0,1165.0,29.53,99.13
246,hard,15,09:15:57,09:15:57,11:59:12,COMPLETED,30776.0,163246.3,0.35,9795.08
583,easy,12,11:58:41,11:58:46,11:59:18,COMPLETED,25067.0,542.5,5.75,37.61
503,medium,14,11:52:52,11:52:58,11:59:38,COMPLETED,28685.0,6670.6,6.13,406.12
530,medium,13,11:58:20,11:58:21,11:59:38,COMPLETED,21900.0,1282.0,1.48,78.12
489,easy,12,11:59:18,11:59:18,11:59:57,COMPLETED,27094.0,654.0,0.61,39.64
513,easy,12,11:59:15,11:59:18,12:00:10,COMPLETED,30518.0,866.2,3.61,55.31
720,easy,12,12:00:16,12:00:16,12:01:07,COMPLETED,30598.0,860.7,0.62,51.92
548,medium,14,11:54:57,11:54:58,12:01:46,COMPLETED,26451.0,6796.4,1.58,409.11
679,easy,11,12:02:08,12:02:11,12:02:17,COMPLETED,27335.0,110.9,3.45,9.80
466,medium,13,11:45:42,11:45:45,12:02:49,COMPLETED,34792.0,17062.4,3.96,1027.44
331,hard,15,10:56:35,10:56:39,12:03:14,COMPLETED,33509.0,66594.8,4.20,3999.77
325,hard,15,10:02:12,10:02:14,12:03:33,COMPLETED,33734.0,121318.5,2.76,7281.81
602,easy,12,12:03:21,12:03:21,12:03:40,COMPLETED,21272.0,323.0,0.09,19.17
690,easy,12,12:02:48,12:02:49,12:03:59,COMPLETED,35289.0,1165.6,1.44,71.10
378,hard,15,10:20:08,10:20:11,12:04:05,COMPLETED,37341.0,103898.6,3.55,6237.40
491,medium,13,11:59:46,11:59:51,12:04:55,COMPLETED,28222.0,5081.9,5.04,309.70
575,medium,13,11:21:44,11:21:50,12:05:20,COMPLETED,43041.0,43516.4,6.08,2616.92
708,easy,11,12:05:26,12:05:27,12:05:33,COMPLETED,24849.0,109.9,1.22,7.58
485,medium,14,11:56:40,11:56:40,12:06:11,COMPLETED,31718.0,9522.6,0.19,571.30
685,medium,14,12:01:10,12:01:14,12:06:11,COMPLETED,22955.0,4955.6,4.29,301.30
659,easy,12,12:05:22,12:05:27,12:06:36,COMPLETED,30995.0,1161.5,5.22,74.58
644,easy,11,12:07:54,12:07:58,12:08:17,COMPLETED,34935.0,326.5,4.56,23.85
726,easy,11,12:08:11,12:08:11,12:08:17,COMPLETED,23923.0,110.7,0.53,6.85
538,hard,15,11:07:36,11:07:38,12:09:20,COMPLETED,32231.0,61707.7,2.48,3704.83
479,medium,14,11:59:43,11:59:44,12:09:46,COMPLETED,26833.0,10035.0,1.44,603.30
694,easy,11,12:09:30,12:09:33,12:09:52,COMPLETED,33685.0,323.0,3.47,22.59
699,medium,13,12:06:06,12:06:11,12:10:17,COMPLETED,20851.0,4111.2,5.30,251.73
618,easy,12,12:09:10,12:09:14,12:12:29,COMPLETED,24810.0,3264.0,4.48,199.90
302,hard,15,10:47:38,10:47:44,12:12:55,COMPLETED,32358.0,85189.4,6.10,5117.37
695,easy,12,12:12:21,12:12:23,12:13:07,COMPLETED,28882.0,744.0,2.56,46.92
463,hard,15,11:57:07,11:57:30,12:13:14,COMPLETED,28553.0,15725.8,23.91,967.22
654,medium,13,12:10:52,12:10:55,12:13:45,COMPLETED,29688.0,2840.0,3.69,173.83
714,medium,14,12:01:24,12:01:26,12:14:04,COMPLETED,31595.0,12634.2,2.96,760.73
746,easy,12,12:13:22,12:13:26,12:14:04,COMPLETED,33051.0,637.3,4.81,42.73
738,easy,11,12:13:47,12:13:52,12:14:30,COMPLETED,33816.0,637.5,5.13,43.08
631,easy,12,12:14:18,12:14:23,12:14:42,COMPLETED,21057.0,320.5,5.76,24.73
747,medium,13,12:13:35,12:13:39,12:15:01,COMPLETED,29942.0,1371.9,4.48,86.54
425,hard,15,10:15:39,10:15:40,12:15:07,COMPLETED,28948.0,119458.2,1.38,7168.83
416,hard,15,10:21:25,10:21:26,12:15:07,COMPLETED,26628.0,113690.0,1.55,6822.83
707,easy,11,12:15:29,12:15:33,12:15:39,COMPLETED,25847.0,110.7,4.05,10.41
550,medium,14,11:53:43,11:53:48,12:16:17,COMPLETED,34251.0,22475.8,5.85,1354.19
646,easy,12,12:16:00,12:16:04,12:16:17,COMPLETED,28675.0,216.4,4.52,17.19
596,hard,15,11:49:04,11:49:04,12:16:23,COMPLETED,34079.0,27320.9,0.50,1639.54
641,easy,12,12:16:26,12:16:29,12:16:42,COMPLETED,25704.0,214.0,3.83,16.42
730,easy,11,12:16:32,12:16:36,12:16:42,COMPLETED,27465.0,109.4,4.13,10.42
649,easy,12,12:15:02,12:15:07,12:17:26,COMPLETED,27576.0,2310.3,5.83,144.21
607,easy,12,12:17:34,12:17:38,12:17:45,COMPLETED,21160.0,110.9,4.77,11.13
584,hard,15,11:21:06,11:21:11,12:18:04,COMPLETED,35326.0,56875.7,5.64,3418.06
652,easy,11,12:18:06,12:18:10,12:18:16,COMPLETED,32605.0,109.7,4.34,10.67
741,easy,12,12:17:54,12:17:57,12:19:14,COMPLETED,27143.0,1280.3,3.76,80.13
388,hard,15,10:46:00,10:46:04,12:19:26,COMPLETED,30196.0,93381.1,4.15,5606.94
501,medium,14,11:25:21,11:25:21,12:19:33,COMPLETED,37083.0,54202.5,0.27,3252.20
681,medium,13,12:12:03,12:12:04,12:19:39,COMPLETED,32628.0,7588.8,1.70,456.66
627,medium,13,12:13:17,12:13:20,12:20:11,COMPLETED,32650.0,6854.9,3.51,414.46
684,medium,13,12:16:03,12:16:04,12:20:49,COMPLETED,31683.0,4760.6,1.52,286.77
675,easy,11,12:21:20,12:21:21,12:21:28,COMPLETED,30233.0,111.9,1.66,8.14
709,easy,12,12:20:27,12:20:30,12:22:20,COMPLETED,28285.0,1836.6,3.48,113.32
616,easy,12,12:21:49,12:21:54,12:22:26,COMPLETED,25944.0,545.7,5.35,37.79
668,easy,12,12:21:48,12:21:54,12:22:39,COMPLETED,30477.0,759.6,6.35,51.66
374,hard,15,10:53:28,10:53:31,12:23:11,COMPLETED,32971.0,89680.5,3.00,5383.68
662,easy,12,12:23:36,12:23:37,12:23:43,COMPLETED,30320.0,113.7,1.50,7.86
691,easy,12,12:23:44,12:23:50,12:24:09,COMPLETED,22773.0,331.8,6.36,25.87
704,medium,13,12:22:58,12:22:58,12:24:35,COMPLETED,26657.0,1606.9,0.90,97.07
656,easy,12,12:25:42,12:25:44,12:26:15,COMPLETED,23652.0,528.6,2.01,33.41
712,medium,14,12:18:07,12:18:10,12:26:46,COMPLETED,36155.0,8611.5,3.34,519.80
682,easy,11,12:26:47,12:26:53,12:26:59,COMPLETED,26099.0,110.1,6.14,12.46
710,easy,11,12:27:21,12:27:24,12:27:49,COMPLETED,30509.0,426.5,3.63,28.83
337,hard,15,10:48:53,10:48:53,12:28:15,COMPLETED,33901.0,99373.3,0.00,5962.25
711,medium,13,12:20:49,12:20:49,12:28:28,COMPLETED,29062.0,7642.0,0.77,459.02
674,easy,11,12:28:23,12:28:28,12:28:40,COMPLETED,28161.0,217.0,5.02,17.76
474,medium,14,11:49:11,11:49:17,12:28:47,COMPLETED,35335.0,39500.1,6.23,2376.07
645,easy,12,12:28:14,12:28:15,12:28:59,COMPLETED,26792.0,745.3,1.25,45.70
727,medium,13,12:28:08,12:28:08,12:29:18,COMPLETED,27125.0,1168.5,0.88,70.72
638,medium,13,12:28:16,12:28:21,12:29:25,COMPLETED,28586.0,1061.3,5.67,69.03
728,easy,11,12:29:19,12:29:25,12:29:31,COMPLETED,26622.0,114.0,6.03,12.40
601,medium,14,12:25:44,12:25:44,12:29:51,COMPLETED,27071.0,4126.0,0.01,247.10
477,hard,15,11:48:35,11:48:39,12:30:04,COMPLETED,33451.0,41422.8,4.08,2489.22
737,easy,12,12:27:29,12:27:30,12:30:23,COMPLETED,25664.0,2885.4,1.94,174.69
642,easy,12,12:29:01,12:29:06,12:31:02,COMPLETED,35226.0,1942.6,5.00,121.34
670,easy,12,12:29:46,12:29:51,12:31:02,COMPLETED,30220.0,1192.1,5.10,76.34
640,easy,12,12:29:12,12:29:12,12:31:21,COMPLETED,21423.0,2161.5,0.38,129.62
683,medium,13,12:27:04,12:27:05,12:32:00,COMPLETED,32256.0,4918.5,1.78,296.35
609,easy,12,12:31:42,12:31:47,12:32:13,COMPLETED,26527.0,440.2,5.31,31.46
680,easy,11,12:32:46,12:32:51,12:32:58,COMPLETED,21239.0,119.3,5.91,12.60
571,medium,14,11:51:36,11:51:42,12:33:50,COMPLETED,35232.0,42137.1,6.26,2534.31
731,medium,13,12:22:04,12:22:07,12:34:03,COMPLETED,32480.0,11937.6,3.24,719.16
718,medium,13,12:28:48,12:28:53,12:34:03,COMPLETED,29130.0,5170.4,5.37,315.16
536,medium,14,11:25:38,11:25:40,12:34:09,COMPLETED,38757.0,68486.0,2.68,4111.70
650,easy,12,12:32:48,12:32:51,12:34:47,COMPLETED,25197.0,1937.8,3.91,119.94
686,easy,11,12:34:53,12:34:54,12:35:00,COMPLETED,25716.0,117.0,1.31,7.89
622,easy,11,12:35:16,12:35:20,12:35:26,COMPLETED,26245.0,112.2,4.39,10.75
692,medium,13,12:16:11,12:16:17,12:35:39,COMPLETED,31303.0,19376.4,6.19,1168.55
608,easy,11,12:35:26,12:35:26,12:35:39,COMPLETED,25765.0,218.6,0.75,13.55
603,easy,12,12:35:07,12:35:07,12:35:52,COMPLETED,24975.0,752.7,0.38,45.27
651,easy,11,12:36:17,12:36:17,12:36:30,COMPLETED,19081.0,216.6,0.43,13.08
749,medium,14,12:32:14,12:32:19,12:37:01,COMPLETED,29277.0,4702.7,5.76,287.67
667,easy,11,12:36:24,12:36:30,12:37:01,COMPLETED,27070.0,531.3,6.08,37.67
705,easy,12,12:36:53,12:36:55,12:37:07,COMPLETED,20403.0,215.6,2.33,14.99
742,easy,12,12:37:55,12:37:58,12:38:11,COMPLETED,33294.0,217.4,3.45,16.17
629,easy,12,12:34:05,12:34:09,12:38:36,COMPLETED,26646.0,4450.9,4.70,271.41
620,easy,11,12:38:33,12:38:36,12:38:55,COMPLETED,26970.0,322.6,3.41,22.45
658,easy,11,12:38:53,12:38:55,12:39:14,COMPLETED,35477.0,320.9,2.45,21.42
647,easy,12,12:38:58,12:39:01,12:39:14,COMPLETED,23920.0,215.3,3.80,16.42
748,hard,15,12:24:40,12:24:41,12:39:46,COMPLETED,33083.0,15081.7,1.35,906.04
610,easy,11,12:39:34,12:39:39,12:39:58,COMPLETED,28552.0,321.6,5.64,24.63
663,easy,12,12:39:57,12:39:58,12:40:30,COMPLETED,26553.0,539.8,1.63,33.54
665,easy,12,12:40:12,12:40:17,12:41:35,COMPLETED,25677.0,1302.3,5.60,83.10
734,medium,14,12:27:47,12:27:49,12:41:41,COMPLETED,30764.0,13871.6,2.83,834.80
743,medium,13,12:39:34,12:39:39,12:41:41,COMPLETED,24244.0,2043.0,5.64,127.80
715,medium,14,12:27:44,12:27:49,12:41:48,COMPLETED,30405.0,13978.7,5.83,844.34
635,medium,13,12:41:02,12:41:02,12:42:39,COMPLETED,22161.0,1622.1,0.64,97.52
739,hard,15,12:35:22,12:35:26,12:43:05,COMPLETED,32085.0,7649.4,4.75,463.31
615,easy,12,12:41:16,12:41:22,12:43:31,COMPLETED,27233.0,2159.8,6.00,135.18
729,medium,13,12:30:23,12:30:23,12:43:37,COMPLETED,38938.0,13241.4,0.69,794.68
617,easy,12,12:41:52,12:41:54,12:43:37,COMPLETED,35035.0,1726.7,2.66,105.68
687,easy,11,12:43:33,12:43:37,12:43:57,COMPLETED,33640.0,330.6,4.68,24.08
676,easy,11,12:44:24,12:44:29,12:44:35,COMPLETED,25721.0,119.1,5.07,11.75
735,easy,11,12:44:27,12:44:29,12:44:35,COMPLETED,29437.0,118.3,2.07,8.75
673,easy,12,12:43:59,12:44:03,12:44:48,COMPLETED,24736.0,760.7,4.56,49.75
713,easy,11,12:45:10,12:45:14,12:45:20,COMPLETED,22171.0,116.6,4.44,10.98
556,hard,15,11:46:41,11:46:43,12:45:59,COMPLETED,28957.0,59262.3,2.87,3558.46
624,easy,11,12:46:31,12:46:31,12:46:37,COMPLETED,22689.0,110.3,0.64,6.98
736,medium,14,12:43:06,12:43:11,12:47:03,COMPLETED,32895.0,3860.4,5.81,237.13
580,hard,15,11:46:36,11:46:37,12:47:15,COMPLETED,29942.0,60644.1,1.32,3639.83
677,easy,11,12:47:00,12:47:03,12:47:22,COMPLETED,28842.0,321.1,3.13,22.13
613,easy,11,12:47:06,12:47:09,12:47:22,COMPLETED,23534.0,215.6,3.49,16.13
666,easy,11,12:47:40,12:47:41,12:47:53,COMPLETED,25527.0,215.1,1.12,13.76
564,medium,14,11:42:34,11:42:40,12:49:47,COMPLETED,40130.0,67118.1,6.14,4033.17
648,hard,15,12:23:19,12:23:24,12:50:12,COMPLETED,33924.0,26803.6,5.56,1613.56
688,easy,12,12:49:36,12:49:40,12:50:50,COMPLETED,30203.0,1164.5,4.84,74.43
733,easy,11,12:51:03,12:51:03,12:51:09,COMPLETED,18613.0,110.2,0.02,6.35
604,medium,14,12:47:34,12:47:34,12:51:54,COMPLETED,33813.0,4333.0,0.72,260.27
721,medium,14,12:42:43,12:42:46,12:52:07,COMPLETED,26817.0,9361.3,3.04,564.27
636,hard,15,12:26:56,12:26:59,12:52:39,COMPLETED,26252.0,25675.1,3.46,1543.46
703,easy,12,12:52:34,12:52:39,12:52:59,COMPLETED,29673.0,332.6,5.46,25.14
614,easy,12,12:52:30,12:52:32,12:53:05,COMPLETED,27855.0,551.9,2.86,35.45
520,hard,15,11:43:03,11:43:05,12:53:24,COMPLETED,30210.0,70328.0,2.47,4221.96
723,easy,12,12:53:09,12:53:12,12:53:50,COMPLETED,34617.0,641.2,3.04,41.35
744,easy,12,12:53:29,12:53:31,12:54:34,COMPLETED,33685.0,1063.1,2.34,65.78
632,easy,12,12:53:56,12:53:56,12:54:41,COMPLETED,27811.0,748.2,0.67,45.17
612,easy,11,12:54:24,12:54:28,12:54:47,COMPLETED,23338.0,325.6,4.36,23.61
625,hard,15,12:22:42,12:22:45,12:54:53,COMPLETED,30284.0,32135.6,3.96,1931.93
724,easy,12,12:48:32,12:48:37,12:54:53,COMPLETED,35549.0,6273.2,5.79,381.93
643,hard,15,12:36:30,12:36:30,12:55:06,COMPLETED,22363.0,18612.8,0.08,1116.54
461,medium,14,11:19:29,11:19:29,12:55:19,COMPLETED,32268.0,95835.3,0.82,5750.64
701,medium,13,12:55:11,12:55:13,12:55:51,COMPLETED,21496.0,655.0,2.05,40.89
600,easy,11,12:56:41,12:56:43,12:57:03,COMPLETED,26030.0,337.8,2.65,22.41
745,medium,14,12:55:19,12:55:19,12:58:57,COMPLETED,29458.0,3644.1,0.64,218.96
698,easy,11,12:58:15,12:59:04,12:59:17,COMPLETED,27881.0,219.4,49.35,62.15
722,medium,14,12:50:06,12:50:06,13:01:11,COMPLETED,31199.0,11088.6,0.19,665.25
719,medium,14,12:58:29,12:59:23,13:03:11,COMPLETED,33961.0,3810.2,54.55,282.70
634,medium,13,12:53:08,12:53:12,13:03:43,COMPLETED,28859.0,10531.3,4.04,635.65
605,easy,11,12:58:57,13:03:18,13:03:43,COMPLETED,26557.0,429.7,261.20,286.65
630,medium,13,12:51:15,12:51:15,13:04:15,COMPLETED,31581.0,12999.0,0.66,780.33
881,easy,11,13:02:23,13:04:21,13:04:28,COMPLETED,29438.0,111.0,118.69,125.05
848,easy,12,13:01:11,13:03:50,13:05:37,COMPLETED,29786.0,1797.7,159.00,266.55
775,easy,12,13:03:04,13:04:34,13:05:50,COMPLETED,36256.0,1272.1,90.37,166.36
527,hard,15,11:42:17,11:42:20,13:05:56,COMPLETED,32412.0,83599.4,3.96,5019.74
895,easy,12,13:05:01,13:05:56,13:06:03,COMPLETED,24401.0,113.6,55.74,62.14
678,medium,14,12:56:01,12:56:04,13:06:16,COMPLETED,32010.0,10190.7,3.87,615.01
849,easy,12,13:00:37,13:03:50,13:06:16,COMPLETED,28052.0,2439.4,193.00,339.01
893,easy,11,13:05:59,13:06:22,13:06:41,COMPLETED,29237.0,322.7,23.41,42.48
852,medium,13,13:03:10,13:05:43,13:06:47,COMPLETED,29200.0,1071.1,153.94,217.85
671,medium,13,12:56:51,12:56:56,13:07:57,COMPLETED,30748.0,11018.9,5.76,666.63
750,easy,12,13:07:34,13:07:38,13:08:16,COMPLETED,35185.0,640.6,4.57,42.70
872,medium,14,13:05:02,13:06:03,13:08:29,COMPLETED,27848.0,2445.5,61.14,207.41
637,medium,14,12:45:16,12:45:20,13:08:55,COMPLETED,27553.0,23577.6,4.98,1419.41
672,medium,13,12:54:35,12:54:41,13:09:21,COMPLETED,36329.0,14671.5,6.17,886.21
810,easy,12,13:08:59,13:09:01,13:09:33,COMPLETED,29053.0,543.3,2.78,34.88
639,hard,15,12:46:06,12:46:12,13:09:40,COMPLETED,30146.0,23477.0,6.21,1414.43
606,hard,15,12:29:00,12:29:06,13:09:53,COMPLETED,33378.0,40800.7,6.00,2453.76
798,easy,12,13:09:24,13:09:27,13:09:53,COMPLETED,24223.0,446.0,3.53,29.76
787,easy,11,13:09:45,13:09:47,13:09:53,COMPLETED,23547.0,120.0,2.04,8.76
172,hard,15,09:56:20,09:56:24,13:10:51,COMPLETED,41454.0,194450.2,4.56,11671.53
626,hard,15,12:53:09,12:53:12,13:10:57,COMPLETED,33076.0,17765.8,3.04,1068.84
657,hard,15,12:56:30,12:56:30,13:11:04,COMPLETED,28955.0,14560.9,0.73,874.14
725,hard,15,12:45:41,12:45:46,13:11:29,COMPLETED,28813.0,25712.8,5.82,1548.38
308,hard,15,10:46:48,10:46:54,13:11:41,COMPLETED,36925.0,144799.6,6.07,8693.97
847,medium,13,13:11:53,13:11:54,13:13:16,COMPLETED,25176.0,1368.6,1.55,83.39
869,medium,14,13:06:06,13:06:47,13:15:22,COMPLETED,26494.0,8579.3,41.85,556.36
800,easy,11,13:15:08,13:15:09,13:15:22,COMPLETED,29615.0,215.4,1.73,14.36
888,easy,11,13:15:59,13:16:00,13:16:06,COMPLETED,22393.0,114.2,1.39,7.81
819,easy,12,13:07:45,13:08:03,13:16:13,COMPLETED,34418.0,8162.8,18.96,508.33
861,easy,11,13:16:31,13:16:32,13:16:38,COMPLETED,21959.0,116.2,1.57,7.96
700,hard,15,12:21:37,12:21:41,13:16:45,COMPLETED,29636.0,55072.8,4.46,3308.59
758,easy,11,13:15:57,13:16:00,13:16:52,COMPLETED,32540.0,866.2,3.39,55.08
779,easy,11,13:16:35,13:16:38,13:16:58,COMPLETED,27152.0,328.3,3.96,23.39
791,easy,11,13:17:01,13:17:04,13:17:11,COMPLETED,26791.0,118.6,3.69,10.27
788,easy,12,13:14:48,13:14:50,13:17:24,COMPLETED,25803.0,2561.2,2.77,156.17
890,easy,12,13:13:34,13:13:35,13:17:36,COMPLETED,33861.0,4035.1,1.25,242.93
790,easy,12,13:17:46,13:17:49,13:18:15,COMPLETED,31213.0,441.6,3.86,29.82
693,medium,14,12:40:11,12:40:11,13:19:26,COMPLETED,28005.0,39267.8,0.26,2355.89
774,easy,12,13:18:17,13:18:22,13:19:33,COMPLETED,22896.0,1189.9,5.42,76.55
766,easy,11,13:20:01,13:20:06,13:20:38,COMPLETED,35314.0,541.6,5.08,37.30
598,hard,15,11:08:42,11:08:47,13:20:57,COMPLETED,40875.0,132169.5,5.77,7935.79
896,easy,12,13:19:45,13:19:46,13:21:30,COMPLETED,27148.0,1740.2,1.45,105.35
813,easy,12,13:20:08,13:20:44,13:21:49,COMPLETED,24388.0,1094.5,36.64,101.84
783,easy,12,13:20:17,13:21:04,13:21:49,COMPLETED,23454.0,766.5,47.34,92.84
702,hard,15,12:21:30,12:21:34,13:22:09,COMPLETED,27408.0,60571.3,4.95,3639.09
897,medium,13,13:19:24,13:19:26,13:22:09,COMPLETED,30156.0,2708.0,2.89,165.09
753,easy,11,13:21:54,13:22:15,13:22:21,COMPLETED,26952.0,113.8,21.43,27.89
240,hard,15,09:04:56,09:04:59,13:22:28,COMPLETED,36068.0,257483.8,3.27,15452.28
859,easy,11,13:21:22,13:21:36,13:22:28,COMPLETED,28278.836461911225,861.5,14.94,66.28
797,easy,11,13:22:53,13:22:53,13:22:59,COMPLETED,25896.0,110.8,0.62,6.97
628,hard,15,12:22:06,12:22:07,13:23:18,COMPLETED,31572.0,61194.2,1.24,3672.89
765,easy,12,13:21:37,13:21:56,13:23:31,COMPLETED,33229.0,1590.2,19.38,114.50
851,easy,12,13:21:38,13:21:56,13:23:37,COMPLETED,28010.0,1694.7,18.38,119.83
874,easy,11,13:23:46,13:23:50,13:23:56,COMPLETED,28777.0,111.5,4.60,10.96
809,easy,11,13:23:48,13:23:50,13:24:03,COMPLETED,25968.0,217.2,2.60,15.33
664,hard,15,12:30:47,12:30:49,13:24:53,COMPLETED,33642.0,54077.5,2.44,3246.94
803,medium,14,13:17:09,13:17:11,13:25:44,COMPLETED,37151.0,8557.2,2.27,515.47
825,easy,11,13:25:09,13:25:12,13:26:03,COMPLETED,28296.0,846.4,3.89,54.38
853,medium,14,13:21:59,13:22:15,13:26:41,COMPLETED,28565.0,4433.5,16.43,282.16
767,easy,11,13:26:35,13:26:41,13:27:06,COMPLETED,33202.0,429.4,6.16,31.46
781,easy,11,13:27:31,13:27:32,13:27:51,COMPLETED,26305.0,333.1,1.36,20.94
886,easy,12,13:27:26,13:27:32,13:28:04,COMPLETED,30229.0,549.5,6.36,38.96
661,medium,14,12:53:22,12:53:24,13:28:17,COMPLETED,29517.0,34886.4,2.96,2095.84
717,hard,15,12:29:39,12:29:44,13:29:02,COMPLETED,34193.0,59314.8,5.38,3563.94
768,easy,12,13:28:57,13:29:02,13:29:22,COMPLETED,24445.0,331.6,5.94,25.35
854,easy,11,13:29:30,13:29:35,13:29:41,COMPLETED,28335.0,115.5,5.36,11.96
885,medium,14,13:18:10,13:18:15,13:30:39,COMPLETED,30457.0,12406.5,5.82,749.81
834,easy,12,13:30:41,13:30:46,13:31:12,COMPLETED,25589.0,441.5,5.35,31.26
763,medium,13,13:20:01,13:20:06,13:31:18,COMPLETED,28453.0,11217.7,5.08,677.90
349,hard,15,10:09:11,10:09:14,13:31:51,COMPLETED,28387.0,202616.4,3.41,12160.22
796,easy,11,13:31:41,13:31:44,13:31:51,COMPLETED,26488.0,118.2,3.78,10.22
486,hard,15,11:33:59,11:34:01,13:32:29,COMPLETED,21985.0,118477.5,2.44,7110.84
870,easy,11,13:32:29,13:32:29,13:32:43,COMPLETED,24253.0,230.3,0.84,14.16
865,easy,11,13:32:44,13:32:49,13:32:56,COMPLETED,26527.0,117.8,5.72,12.49
689,hard,15,12:58:50,13:01:17,13:34:06,COMPLETED,37591.0,32820.3,147.59,2116.62
799,medium,13,13:32:20,13:32:23,13:34:25,COMPLETED,33398.0,2040.5,3.49,125.63
802,medium,14,13:31:30,13:31:31,13:35:03,COMPLETED,28705.0,3536.1,1.69,213.55
846,easy,12,13:33:50,13:34:31,13:36:57,COMPLETED,24158.0,2429.5,41.95,187.35
776,medium,14,13:27:20,13:27:25,13:37:29,COMPLETED,28433.0,10059.8,5.74,609.08
891,easy,12,13:34:24,13:35:09,13:38:13,COMPLETED,35071.0,3063.7,45.92,229.37
807,medium,13,13:24:36,13:24:41,13:38:39,COMPLETED,33239.0,13977.1,5.18,843.42
760,medium,14,13:09:45,13:09:47,13:41:53,COMPLETED,26153.0,32120.2,2.04,1928.93
697,hard,15,12:29:40,12:29:44,13:42:06,COMPLETED,34494.0,72376.5,4.38,4346.85
754,easy,12,13:37:37,13:38:45,13:42:06,COMPLETED,27581.0,3356.6,68.98,269.85
871,easy,11,13:38:04,13:42:13,13:42:20,COMPLETED,26956.0,120.7,249.40,256.14
860,medium,14,13:30:56,13:30:59,13:42:46,COMPLETED,28073.0,11792.4,3.18,710.29
811,easy,12,13:37:45,13:42:00,13:42:52,COMPLETED,31942.0,882.6,255.47,307.85
773,hard,15,13:26:49,13:26:53,13:44:09,COMPLETED,31046.0,17274.6,4.82,1040.91
814,easy,12,13:39:07,13:42:59,13:44:23,COMPLETED,37707.0,1402.1,232.50,316.07
762,easy,11,13:39:22,13:44:16,13:44:29,COMPLETED,23429.0,227.5,294.46,307.68
863,easy,12,13:39:22,13:44:29,13:45:51,COMPLETED,27251.0,1376.1,307.68,389.94
856,medium,14,13:41:57,13:44:36,13:47:01,COMPLETED,28709.0,2428.1,159.14,304.53
732,hard,15,12:26:42,12:26:46,13:47:14,COMPLETED,26246.0,80459.2,4.80,4832.23
801,easy,11,13:42:28,13:47:20,13:47:33,COMPLETED,26184.0,217.0,292.55,305.27
784,easy,12,13:42:05,13:45:58,13:48:30,COMPLETED,30570.0,2536.5,233.28,385.18
342,hard,15,10:34:46,10:34:48,13:48:49,COMPLETED,36688.0,194020.2,2.09,11643.26
482,hard,15,11:38:20,11:38:22,13:48:49,COMPLETED,34521.0,130447.5,2.51,7829.26
850,easy,12,13:42:30,13:47:39,13:48:55,COMPLETED,36555.0,1273.1,309.60,385.61
892,easy,11,13:43:49,13:48:36,13:49:08,COMPLETED,32656.0,536.1,287.51,319.39
751,easy,11,13:45:40,13:49:14,13:49:27,COMPLETED,29828.0,221.1,214.71,227.44
816,medium,13,13:28:43,13:28:43,13:49:34,COMPLETED,32974.0,20848.8,0.58,1251.02
884,medium,13,13:44:00,13:48:55,13:49:47,COMPLETED,28604.0,869.6,295.61,347.31
761,easy,12,13:46:41,13:49:34,13:50:06,COMPLETED,33421.0,554.2,173.02,205.80
866,easy,12,13:46:49,13:49:40,13:50:13,COMPLETED,26063.0,554.4,171.68,204.34
764,easy,12,13:47:31,13:50:13,13:50:39,COMPLETED,29267.0,442.9,162.34,188.40
817,easy,12,13:17:14,13:17:17,13:50:52,COMPLETED,36411.0,33585.5,3.84,2018.63
792,easy,11,13:48:00,13:50:59,13:51:25,COMPLETED,31099.0,441.4,179.21,205.17
660,hard,15,12:41:33,12:41:35,13:51:51,COMPLETED,31166.0,70270.3,2.10,4218.08
833,hard,15,13:07:59,13:08:23,13:52:04,COMPLETED,29455.0,43685.5,24.04,2645.01
821,easy,11,13:48:18,13:51:57,13:52:10,COMPLETED,21696.0,221.6,219.65,232.33
864,medium,13,13:47:41,13:50:20,13:52:16,COMPLETED,27840.0,1958.9,159.00,275.99
883,easy,12,13:49:13,13:52:16,13:52:56,COMPLETED,23933.0,664.9,183.99,223.40
785,medium,13,13:48:03,13:51:31,13:53:22,COMPLETED,31251.0,1852.6,208.74,319.42
827,medium,13,13:35:45,13:38:19,13:53:28,COMPLETED,35550.0,15161.5,154.78,1063.97
633,hard,15,12:37:32,12:37:33,13:53:35,COMPLETED,33609.0,76044.1,1.14,4563.61
880,easy,12,13:49:18,13:53:02,13:53:48,COMPLETED,27510.0,764.9,224.94,270.35
492,hard,15,11:48:33,11:48:39,13:54:01,COMPLETED,30615.0,125375.6,6.08,7528.46
868,easy,11,13:49:52,13:53:41,13:54:01,COMPLETED,35307.0,333.5,229.98,249.46
862,easy,11,13:50:12,13:53:54,13:54:01,COMPLETED,26768.0,118.7,222.90,229.46
756,easy,11,13:50:27,13:54:08,13:54:40,COMPLETED,31907.0,549.2,221.06,253.51
836,medium,13,13:47:59,13:50:45,13:55:38,COMPLETED,32043.0,4878.9,166.97,459.43
777,easy,12,13:51:30,13:55:44,13:56:35,COMPLETED,35084.0,849.1,254.77,305.41
873,medium,13,13:49:26,13:53:28,13:56:41,COMPLETED,36315.0,3218.6,242.97,435.74
755,easy,12,13:50:54,13:54:47,13:56:48,COMPLETED,30531.0,2023.6,233.07,354.14
858,easy,12,13:51:34,13:56:41,13:57:07,COMPLETED,34661.0,429.3,307.74,333.20
878,medium,13,13:49:08,13:52:10,13:57:13,COMPLETED,31421.0,5058.9,182.33,485.53
824,easy,12,13:52:18,13:56:48,13:57:19,COMPLETED,26552.0,536.0,270.14,301.93
899,easy,12,13:53:07,13:57:26,13:57:58,COMPLETED,31455.0,536.0,259.35,291.19
439,hard,15,10:07:28,10:07:28,13:58:04,COMPLETED,28685.0,230600.8,0.58,13836.54
840,medium,14,13:29:40,13:29:41,13:58:10,COMPLETED,29716.0,28487.1,1.96,1710.95
818,hard,15,13:05:32,13:06:09,13:58:23,COMPLETED,30578.0,52237.5,37.59,3171.68
845,easy,11,13:55:34,13:58:17,13:58:36,COMPLETED,23319.0,325.6,163.32,182.45
494,hard,15,11:15:56,11:16:02,13:59:01,COMPLETED,34883.0,162996.4,6.20,9785.90
841,easy,12,13:55:41,13:58:30,13:59:01,COMPLETED,25054.0,537.3,169.05,200.90
815,medium,13,13:32:35,13:32:36,13:59:08,COMPLETED,36950.0,26535.5,1.49,1593.32
877,easy,12,13:52:31,13:56:54,13:59:14,COMPLETED,27766.0,2343.3,263.52,403.76
812,easy,11,13:56:49,13:59:08,13:59:40,COMPLETED,28403.0,537.0,139.32,171.29
837,hard,15,13:52:55,13:57:19,14:00:18,COMPLETED,25830.0,2979.3,264.93,443.36
829,medium,13,13:53:45,13:58:04,14:00:31,COMPLETED,36121.0,2448.8,259.54,406.16
842,medium,13,13:47:10,13:49:53,14:00:37,COMPLETED,33613.0,10732.3,163.86,807.52
808,easy,12,13:57:24,13:59:46,14:01:09,COMPLETED,26614.0,1390.8,142.62,225.79
887,easy,12,13:57:47,14:00:24,14:01:16,COMPLETED,31441.0,865.9,157.75,209.11
786,easy,11,13:58:38,14:01:22,14:01:42,COMPLETED,25642.0,330.8,164.77,184.32
780,easy,11,13:58:55,14:01:48,14:02:01,COMPLETED,26775.0,220.4,173.65,186.56
778,medium,13,13:56:51,13:59:14,14:02:14,COMPLETED,25924.0,2999.7,143.76,323.29
894,easy,11,13:59:30,14:02:20,14:02:33,COMPLETED,31178.0,217.4,170.82,183.56
882,easy,12,13:59:34,14:02:39,14:02:46,COMPLETED,27074.0,112.3,185.89,192.25
857,medium,14,13:25:03,13:25:06,14:03:43,COMPLETED,33584.0,38617.9,3.55,2320.42
795,hard,15,13:27:59,13:28:04,14:04:28,COMPLETED,34481.0,36398.3,5.96,2189.56
962,easy,12,14:00:08,14:03:49,14:04:48,COMPLETED,26176.0,982.4,221.79,280.21
770,medium,14,13:55:49,13:58:42,14:05:07,COMPLETED,21875.0,6419.8,173.89,558.65
757,easy,12,13:57:07,13:59:21,14:06:12,COMPLETED,28465.0,6859.9,134.19,545.36
772,medium,13,13:52:50,13:57:13,14:06:18,COMPLETED,32904.0,9097.7,263.53,808.89
1019,medium,14,14:00:42,14:04:54,14:07:10,COMPLETED,34716.0,2261.6,252.78,388.18
576,hard,15,11:35:02,11:35:05,14:07:41,COMPLETED,28452.0,152609.3,3.32,9159.81
973,easy,12,14:01:45,14:07:16,14:08:07,COMPLETED,31172.0,848.4,331.52,382.12
828,hard,15,13:50:47,13:54:08,14:08:32,COMPLETED,26469.0,14410.1,201.06,1065.44
820,medium,13,13:59:49,14:02:52,14:09:54,COMPLETED,28571.0,7037.9,183.66,605.66
653,hard,15,12:35:31,12:35:33,14:11:10,COMPLETED,29348.0,95627.9,2.16,5739.72
831,hard,15,13:31:09,13:31:12,14:11:10,COMPLETED,44620.0,39977.7,3.26,2401.72
806,medium,14,13:35:35,13:37:35,14:11:23,COMPLETED,42468.0,33805.6,120.41,2148.56
967,medium,13,14:00:33,14:04:35,14:11:42,COMPLETED,31505.0,7131.9,242.10,669.69
1006,medium,13,14:01:51,14:07:48,14:11:42,COMPLETED,25994.0,3915.3,357.14,591.69
1028,easy,11,14:04:52,14:11:29,14:11:42,COMPLETED,21958.0,220.2,397.90,410.69
1005,easy,12,14:04:58,14:11:49,14:12:14,COMPLETED,27118.0,430.5,411.14,436.67
826,hard,15,13:12:33,13:12:38,14:15:55,COMPLETED,33850.0,63289.0,5.63,3802.82
923,medium,14,14:01:33,14:06:18,14:16:27,COMPLETED,31213.0,10149.8,285.89,894.60
793,medium,14,13:58:15,14:00:43,14:16:59,COMPLETED,34515.0,16262.3,148.89,1124.38
1020,medium,14,14:01:05,14:05:14,14:19:21,COMPLETED,35539.0,14119.4,249.19,1096.09
947,hard,15,14:02:12,14:08:13,14:22:05,COMPLETED,27675.0,13876.1,361.45,1193.73
835,hard,15,13:12:32,13:12:32,14:23:15,COMPLETED,33971.0,70719.8,0.30,4243.35
940,medium,13,14:07:24,14:19:27,14:23:28,COMPLETED,31918.0,4016.7,723.45,964.10
1002,easy,11,14:08:19,14:23:21,14:23:28,COMPLETED,27463.0,113.2,902.69,909.10
1033,easy,11,14:08:30,14:23:34,14:23:40,COMPLETED,27874.0,112.7,904.50,910.95
975,medium,13,14:06:22,14:16:02,14:23:47,COMPLETED,32382.0,7759.5,580.16,1045.34
1041,medium,13,14:02:58,14:10:00,14:24:00,COMPLETED,35756.0,13991.7,422.99,1262.21
999,easy,11,14:08:23,14:23:34,14:24:31,COMPLETED,20526.0,963.0,911.50,968.94
1027,easy,12,14:08:40,14:23:47,14:24:31,COMPLETED,25749.0,749.2,907.34,951.94
945,easy,12,14:09:16,14:24:06,14:24:31,COMPLETED,28541.0,429.0,890.58,915.94
839,medium,14,13:24:46,13:24:47,14:24:44,COMPLETED,23307.0,59959.0,1.55,3598.81
1004,easy,11,14:10:10,14:24:38,14:24:44,COMPLETED,25210.0,116.1,868.34,874.81
794,hard,15,13:33:17,13:34:12,14:24:51,COMPLETED,31615.0,50649.0,55.96,3094.41
930,easy,11,14:10:11,14:24:38,14:25:24,COMPLETED,22848.0,770.0,867.34,913.16
1013,easy,11,14:10:49,14:24:51,14:25:30,COMPLETED,38141.0,663.1,842.41,881.71
696,medium,14,12:51:27,12:51:28,14:25:37,COMPLETED,31669.0,94155.9,1.32,5650.35
789,medium,13,13:55:32,13:58:10,14:26:29,COMPLETED,26824.0,28311.5,158.95,1857.18
988,easy,11,14:12:15,14:26:35,14:26:48,COMPLETED,31230.0,225.2,860.90,873.91
996,easy,12,14:12:06,14:25:44,14:27:21,COMPLETED,30789.0,1632.6,818.02,915.45
964,easy,11,14:12:28,14:27:28,14:27:47,COMPLETED,27635.0,336.6,900.04,919.73
987,medium,13,14:10:29,14:24:51,14:28:33,COMPLETED,25254.0,3702.5,862.41,1084.10
901,hard,15,14:08:45,14:23:53,14:28:46,COMPLETED,27901.0,4883.5,908.79,1201.27
905,medium,13,14:12:20,14:26:55,14:29:05,COMPLETED,24849.0,2181.7,875.46,1005.86
958,easy,12,14:13:04,14:27:54,14:30:04,COMPLETED,31399.0,2169.8,890.27,1020.14
993,easy,12,14:16:25,14:30:10,14:30:43,COMPLETED,33345.0,550.4,825.50,858.02
218,hard,15,09:38:52,09:38:57,14:31:02,COMPLETED,30437.0,292081.6,5.62,17530.50
1018,easy,11,14:17:08,14:31:08,14:31:21,COMPLETED,25021.0,216.5,840.84,853.51
830,hard,15,13:49:44,13:53:35,14:31:34,COMPLETED,23935.0,37980.6,231.61,2510.25
951,medium,13,14:14:14,14:28:39,14:31:59,COMPLETED,28579.0,3337.2,865.65,1065.59
907,easy,11,14:18:28,14:32:05,14:32:18,COMPLETED,30015.0,217.4,817.93,830.67
931,easy,12,14:15:57,14:29:12,14:32:31,COMPLETED,35193.0,3321.1,795.44,994.38
976,easy,11,14:18:51,14:32:25,14:32:37,COMPLETED,27295.951814964537,218.4,814.01,826.76
989,easy,12,14:19:22,14:32:44,14:33:34,COMPLETED,26989.0,850.7,802.14,852.88
1024,medium,13,14:16:34,14:30:49,14:36:52,COMPLETED,20864.0,6053.8,855.57,1218.51
965,medium,13,14:11:04,14:24:58,14:37:18,COMPLETED,28171.0,12343.3,834.17,1574.50
823,medium,14,13:42:16,13:47:07,14:38:36,COMPLETED,26784.0,51475.5,291.85,3380.10
908,easy,12,14:20:05,14:37:24,14:38:42,COMPLETED,28583.0,1306.9,1039.84,1117.64
935,hard,15,14:05:29,14:11:49,14:39:15,COMPLETED,21595.0,27441.3,380.14,2026.29
920,medium,14,14:10:05,14:24:38,14:39:34,COMPLETED,29922.0,14948.2,873.34,1769.80
970,easy,11,14:21:06,14:39:21,14:39:47,COMPLETED,26218.0,443.5,1095.85,1121.97
898,hard,15,13:38:07,13:42:13,14:40:20,COMPLETED,30453.0,58114.7,246.40,3733.22
213,hard,15,09:56:00,09:56:05,14:40:59,COMPLETED,29112.0,284887.2,5.85,17099.02
876,hard,15,13:58:22,14:01:16,14:42:35,COMPLETED,34890.0,41325.4,174.11,2653.44
960,medium,14,14:11:24,14:25:30,14:42:41,COMPLETED,26723.0,17189.0,846.71,1877.77
994,easy,11,14:22:26,14:42:41,14:42:54,COMPLETED,22484.0,217.4,1215.77,1228.52
593,hard,15,11:31:07,11:31:08,14:44:54,COMPLETED,31503.0,193779.2,1.31,11627.99
939,medium,14,14:21:16,14:39:41,14:45:32,COMPLETED,31244.0,5864.6,1105.36,1456.96
900,medium,13,14:22:16,14:40:26,14:46:04,COMPLETED,26715.0,5638.2,1090.57,1428.58
902,easy,12,14:25:46,14:46:10,14:46:17,COMPLETED,22009.0,111.3,1224.91,1231.28
903,medium,13,14:15:21,14:28:52,14:46:42,COMPLETED,27593.0,17831.8,811.92,1881.59
1010,easy,12,14:20:01,14:33:41,14:47:01,COMPLETED,31581.0,13347.7,820.21,1620.61
904,hard,15,14:06:52,14:17:05,14:47:40,COMPLETED,38117.0,30588.6,613.72,2448.67
1000,medium,14,14:24:53,14:45:39,14:47:40,COMPLETED,27878.0,2031.6,1246.29,1367.67
1043,easy,11,14:26:06,14:47:08,14:47:53,COMPLETED,31279.0,771.0,1262.20,1307.96
961,easy,12,14:27:42,14:48:00,14:48:26,COMPLETED,30412.0,437.1,1218.52,1244.24
832,hard,15,13:56:15,13:59:08,14:48:32,COMPLETED,33402.0,49411.2,173.32,3137.78
942,medium,14,14:01:40,14:06:25,14:48:32,COMPLETED,35515.0,42124.9,285.52,2812.78
1021,medium,13,14:22:23,14:41:05,14:48:45,COMPLETED,26920.0,7679.1,1122.57,1582.88
909,easy,11,14:28:34,14:48:39,14:49:05,COMPLETED,26807.0,444.3,1205.21,1231.58
937,easy,12,14:28:44,14:48:39,14:49:11,COMPLETED,35353.0,554.0,1195.21,1227.91
928,easy,12,14:26:49,14:47:47,14:49:18,COMPLETED,30423.0,1532.3,1258.26,1349.61
943,easy,12,14:29:52,14:49:18,14:50:04,COMPLETED,26396.0,761.8,1166.61,1212.02
915,easy,11,14:32:04,14:50:10,14:51:21,COMPLETED,30693.0,1196.8,1086.35,1157.65
981,easy,11,14:32:05,14:51:28,14:51:41,COMPLETED,25703.0,220.2,1163.20,1176.09
1008,medium,14,14:30:32,14:49:25,14:52:39,COMPLETED,35154.0,3243.3,1133.28,1327.38
983,medium,13,14:27:17,14:47:47,14:54:15,COMPLETED,33168.0,6472.2,1230.26,1618.39
237,hard,15,09:44:30,09:44:32,14:54:47,COMPLETED,35107.0,310243.1,2.45,18617.02
1040,easy,12,14:33:12,14:54:53,14:55:06,COMPLETED,30569.0,217.0,1301.36,1314.08
966,easy,11,14:33:12,14:55:12,14:55:31,COMPLETED,28171.0,321.7,1320.41,1339.40
1037,medium,14,14:20:03,14:36:58,14:55:44,COMPLETED,36628.0,18758.1,1015.84,2141.09
972,medium,13,14:21:35,14:39:54,14:56:59,COMPLETED,27007.0,17096.5,1099.51,2124.99
926,medium,14,14:32:40,14:52:45,14:58:16,COMPLETED,32739.0,5510.7,1205.93,1536.10
843,hard,15,13:31:48,13:31:51,14:58:29,COMPLETED,30280.0,86637.5,3.22,5201.26
1003,easy,11,14:34:06,14:58:22,14:58:29,COMPLETED,27594.0,119.1,1456.65,1463.26
963,easy,11,14:34:34,14:58:35,14:58:42,COMPLETED,25950.0,112.1,1441.84,1448.24
1001,easy,11,14:34:49,14:58:35,14:58:48,COMPLETED,21561.0,221.7,1426.84,1439.60
804,medium,14,13:59:18,14:02:07,14:59:08,COMPLETED,31801.0,57008.8,169.91,3590.15
1014,easy,12,14:36:02,14:58:55,14:59:21,COMPLETED,21280.0,441.5,1373.23,1399.20
949,medium,14,14:32:25,14:51:47,14:59:27,COMPLETED,31616.0,7681.4,1162.44,1622.78
938,easy,11,14:36:34,14:59:14,14:59:27,COMPLETED,23041.0,228.5,1360.69,1373.78
387,hard,15,10:21:51,10:21:51,15:01:23,COMPLETED,35248.0,279532.0,0.64,16772.53
274,hard,15,09:45:15,09:45:15,15:01:36,COMPLETED,35497.0,316344.2,0.87,18981.48
922,easy,12,14:39:03,15:01:29,15:01:43,COMPLETED,22555.0,229.4,1346.87,1360.05
655,hard,15,12:31:59,12:32:00,15:03:50,COMPLETED,26715.0,151838.6,1.35,9111.59
1032,hard,15,14:35:55,14:58:48,15:03:56,COMPLETED,31286.0,5144.5,1373.60,1681.93
1031,medium,14,14:23:47,14:43:00,15:04:03,COMPLETED,38567.0,21046.2,1153.85,2416.34
924,easy,11,14:40:59,15:03:56,15:04:09,COMPLETED,20701.0,218.8,1377.93,1390.73
913,medium,14,14:33:41,14:55:50,15:05:19,COMPLETED,30586.0,9485.1,1329.43,1898.27
977,easy,11,14:42:37,15:05:25,15:06:22,COMPLETED,28872.0,953.9,1368.60,1425.46
979,medium,14,14:41:46,15:04:16,15:08:42,COMPLETED,28754.0,4436.8,1350.10,1616.00
917,medium,14,14:33:03,14:54:21,15:08:54,COMPLETED,32419.0,14554.5,1278.73,2151.69
1011,medium,13,14:42:52,15:06:28,15:09:26,COMPLETED,30846.0,2968.0,1416.87,1594.44
1022,easy,12,14:43:19,15:08:48,15:10:11,COMPLETED,30284.0,1395.0,1529.33,1612.55
1009,medium,14,14:07:45,14:22:12,15:10:56,COMPLETED,29534.0,48750.7,867.11,3791.83
906,medium,13,14:41:16,15:04:03,15:11:03,COMPLETED,36073.0,7009.7,1367.34,1787.32
1045,medium,14,14:17:41,14:31:27,15:11:10,COMPLETED,30424.0,39709.4,826.85,3209.00
1016,easy,12,14:43:51,15:10:18,15:11:35,COMPLETED,32878.0,1303.2,1587.09,1664.81
1038,easy,11,14:45:40,15:11:16,15:11:42,COMPLETED,35052.0,438.5,1536.64,1562.35
925,medium,13,14:43:49,15:09:33,15:12:40,COMPLETED,32497.0,3140.5,1544.01,1731.98
1042,hard,15,14:20:43,14:38:49,15:13:45,COMPLETED,36508.0,34949.5,1086.30,3182.94
769,hard,15,13:45:22,13:49:02,15:14:05,COMPLETED,33592.0,85061.9,220.02,5323.58
950,medium,13,14:24:20,14:45:01,15:14:31,COMPLETED,38214.0,29509.8,1241.36,3011.60
1015,easy,11,14:48:34,15:14:11,15:14:38,COMPLETED,18243.0,443.1,1537.96,1564.14
959,medium,13,14:46:03,15:11:48,15:15:23,COMPLETED,29856.0,3581.5,1546.00,1760.26
995,easy,12,14:48:39,15:14:38,15:15:23,COMPLETED,29336.0,763.8,1559.14,1604.26
933,medium,13,14:43:26,15:09:01,15:15:55,COMPLETED,28391.0,6909.5,1535.09,1949.38
982,medium,14,14:46:36,15:13:52,15:16:08,COMPLETED,26737.0,2265.2,1636.48,1772.11
944,easy,11,14:50:33,15:16:14,15:16:27,COMPLETED,22410.0,216.6,1541.44,1554.12
921,medium,13,14:46:08,15:12:47,15:16:52,COMPLETED,31238.0,4090.7,1599.51,1844.62
1007,easy,12,14:50:01,15:15:30,15:17:11,COMPLETED,27801.0,1701.4,1529.01,1630.79
969,easy,12,14:50:48,15:16:59,15:17:24,COMPLETED,27632.0,430.5,1571.02,1596.53
955,medium,13,14:50:34,15:16:33,15:19:24,COMPLETED,26517.0,2859.0,1559.47,1730.71
1046,easy,12,14:50:53,15:17:18,15:19:37,COMPLETED,23754.0,2325.1,1585.18,1724.40
320,hard,15,10:37:09,10:37:14,15:19:50,COMPLETED,36146.0,282586.3,5.98,16961.13
1034,medium,13,14:51:00,15:17:30,15:19:56,COMPLETED,27980.0,2433.3,1590.88,1736.50
916,hard,15,14:29:25,14:49:11,15:20:28,COMPLETED,30955.0,31280.5,1186.91,3063.49
1035,easy,12,14:53:33,15:20:34,15:21:06,COMPLETED,27426.0,536.0,1621.87,1653.68
1047,medium,14,14:51:51,15:19:43,15:21:13,COMPLETED,35507.0,1495.3,1672.72,1762.06
844,hard,15,13:49:18,13:52:23,15:21:19,COMPLETED,38825.0,88934.9,185.60,5521.49
941,medium,13,14:51:42,15:19:31,15:21:19,COMPLETED,28842.0,1814.3,1669.04,1777.49
985,easy,11,14:54:53,15:21:19,15:21:32,COMPLETED,27310.0,219.1,1586.49,1599.34
621,hard,15,12:58:11,12:58:13,15:22:16,COMPLETED,39835.0,144052.6,2.53,8645.60
997,easy,11,14:55:52,15:22:22,15:22:35,COMPLETED,24419.0,217.4,1590.93,1603.59
1030,medium,14,14:55:03,15:21:25,15:24:16,COMPLETED,26122.0,2854.3,1582.95,1753.92
1036,easy,11,14:56:59,15:24:23,15:24:29,COMPLETED,20919.0,111.0,1644.24,1650.60
1017,medium,14,14:37:48,14:59:34,15:24:48,COMPLETED,41777.0,25239.7,1306.45,2820.60
879,hard,15,13:39:02,13:42:52,15:25:39,COMPLETED,35218.0,102773.8,230.85,6397.16
918,medium,13,14:55:42,15:21:38,15:25:39,COMPLETED,24492.0,4013.3,1556.67,1797.16
1025,easy,11,14:58:48,15:25:45,15:25:58,COMPLETED,26332.0,216.7,1617.50,1630.20
986,hard,15,14:23:06,14:42:48,15:26:04,COMPLETED,27195.0,43277.1,1182.15,3778.54
971,easy,12,14:58:55,15:25:45,15:26:17,COMPLETED,24035.0,533.6,1610.50,1642.27
1165,easy,11,15:00:41,15:26:04,15:26:23,COMPLETED,27921.0,325.6,1523.54,1542.59
1050,easy,11,15:01:03,15:26:10,15:26:23,COMPLETED,24154.0,219.6,1507.92,1520.59
1137,easy,12,15:01:45,15:26:30,15:27:15,COMPLETED,28271.0,766.5,1485.12,1530.69
991,hard,15,14:49:09,15:15:30,15:27:22,COMPLETED,32973.0,11879.3,1581.01,2293.25
919,easy,12,14:58:44,15:24:54,15:27:28,COMPLETED,33188.0,2574.7,1570.93,1724.86
623,hard,15,12:08:24,12:08:24,15:27:55,COMPLETED,36220.0,199518.7,0.20,11971.24
1194,easy,11,15:02:21,15:27:35,15:27:55,COMPLETED,35705.0,335.7,1514.49,1534.24
1148,easy,12,15:01:27,15:26:30,15:28:21,COMPLETED,28645.0,1859.6,1503.12,1614.39
441,medium,14,10:12:07,10:12:10,15:29:24,COMPLETED,41587.0,317243.3,3.31,19037.89
912,medium,14,14:49:06,15:14:44,15:30:09,COMPLETED,31117.0,15414.5,1538.59,2463.21
1189,medium,13,15:02:39,15:28:01,15:30:09,COMPLETED,25642.0,2130.8,1522.66,1650.21
948,medium,14,14:52:03,15:19:56,15:30:53,COMPLETED,32486.0,10956.5,1673.50,2330.60
1056,easy,11,15:05:29,15:30:59,15:31:25,COMPLETED,23509.0,429.1,1530.98,1556.41
1012,medium,13,14:56:32,15:22:42,15:31:38,COMPLETED,33250.0,8939.4,1570.00,2106.11
1144,medium,13,15:01:56,15:27:22,15:31:50,COMPLETED,32563.0,4480.2,1526.25,1794.80
1196,medium,13,15:05:52,15:31:31,15:31:57,COMPLETED,26789.0,428.6,1539.75,1565.12
1151,easy,11,15:06:22,15:31:57,15:32:16,COMPLETED,22014.0,323.4,1535.12,1554.23
1129,easy,11,15:06:55,15:32:03,15:32:16,COMPLETED,23361.0,217.4,1508.50,1521.23
1078,easy,12,15:06:07,15:31:44,15:32:41,COMPLETED,28180.0,957.2,1537.44,1594.57
1120,medium,13,15:05:18,15:30:15,15:33:25,COMPLETED,28878.0,3176.0,1497.56,1687.86
1074,medium,14,15:07:10,15:32:22,15:33:44,COMPLETED,27715.0,1377.8,1512.57,1594.91
1163,easy,12,15:07:15,15:32:22,15:33:44,COMPLETED,32320.0,1377.4,1507.57,1589.91
1175,easy,12,15:07:26,15:33:51,15:34:04,COMPLETED,21930.0,222.8,1585.29,1598.17
1122,easy,11,15:07:39,15:33:51,15:34:04,COMPLETED,24221.0,222.7,1572.29,1585.17
1164,easy,11,15:07:48,15:34:10,15:34:17,COMPLETED,31394.0,119.4,1582.73,1589.42
1088,easy,12,15:02:14,15:27:28,15:34:30,COMPLETED,30795.0,7032.0,1514.86,1936.52
1084,easy,11,15:08:32,15:34:23,15:34:30,COMPLETED,26035.0,115.1,1551.92,1558.52
1132,easy,11,15:08:36,15:34:36,15:34:49,COMPLETED,24588.0,224.0,1560.86,1573.81
984,medium,14,14:40:10,15:01:49,15:36:20,COMPLETED,34181.0,34513.3,1299.69,3370.12
1139,medium,13,15:09:26,15:34:36,15:36:46,COMPLETED,34239.0,2159.7,1510.86,1640.03
1142,easy,11,15:10:17,15:36:26,15:36:52,COMPLETED,33798.0,442.3,1569.68,1595.61
1039,medium,14,14:25:53,14:46:48,15:37:05,COMPLETED,32256.0,50283.5,1255.92,4272.63
1136,medium,14,15:04:33,15:29:31,15:37:31,COMPLETED,33088.0,8015.0,1498.22,1978.79
1173,easy,11,15:11:21,15:37:38,15:37:44,COMPLETED,25847.0,120.4,1577.20,1583.90
1053,easy,11,15:11:32,15:37:51,15:38:17,COMPLETED,31978.0,438.5,1579.46,1605.26
953,medium,14,14:57:43,15:24:35,15:38:30,COMPLETED,27039.0,13915.5,1612.93,2447.43
1140,easy,12,15:10:53,15:36:52,15:38:49,COMPLETED,25614.0,1962.2,1559.61,1676.86
1198,medium,13,15:05:17,15:30:15,15:39:03,COMPLETED,32554.0,8798.4,1498.56,2026.02
1065,easy,11,15:12:49,15:38:56,15:39:15,COMPLETED,23749.0,333.9,1567.42,1586.95
1123,easy,12,15:12:29,15:38:36,15:39:41,COMPLETED,28217.0,1086.4,1568.00,1632.88
1097,medium,14,15:08:17,15:34:10,15:41:55,COMPLETED,22331.0,7745.9,1553.73,2018.25
1162,easy,12,15:13:38,15:39:22,15:42:20,COMPLETED,29740.0,2973.6,1544.51,1722.64
1147,medium,13,15:14:04,15:39:48,15:42:20,COMPLETED,29288.0,2545.4,1544.22,1696.64
1107,easy,12,15:15:43,15:42:26,15:44:46,COMPLETED,30242.0,2327.4,1603.97,1743.30
1172,medium,13,15:11:08,15:36:59,15:44:52,COMPLETED,25525.0,7899.8,1551.26,2024.68
822,medium,14,13:35:25,13:37:03,15:45:38,COMPLETED,30709.0,128575.0,98.76,7813.06
1145,easy,11,15:17:28,15:44:52,15:45:44,COMPLETED,28194.0,876.2,1644.68,1696.65
1155,easy,11,15:18:04,15:45:44,15:45:57,COMPLETED,30431.0,225.7,1660.65,1673.71
1092,hard,15,15:07:18,15:33:32,15:49:56,COMPLETED,33332.0,16414.5,1574.20,2558.64
1029,hard,15,14:41:21,15:04:09,15:50:16,COMPLETED,32833.0,46113.1,1368.73,4135.30
1116,medium,13,15:04:06,15:28:27,15:50:16,COMPLETED,32122.0,21813.7,1461.75,2770.30
1072,easy,11,15:20:21,15:50:03,15:50:22,COMPLETED,30097.0,335.3,1782.18,1801.65
1131,easy,11,15:20:48,15:50:22,15:50:35,COMPLETED,25959.0,230.2,1774.65,1787.98
1126,easy,11,15:21:55,15:50:22,15:50:42,COMPLETED,28606.0,339.6,1707.65,1727.52
1071,easy,12,15:22:03,15:50:42,15:52:17,COMPLETED,27443.0,1595.7,1719.52,1814.98
1052,medium,14,15:22:03,15:50:29,15:52:24,COMPLETED,24804.0,1921.5,1706.35,1821.31
1157,medium,14,15:09:59,15:34:56,15:53:02,COMPLETED,32214.0,18103.5,1497.36,2583.32
1121,easy,12,15:22:48,15:52:30,15:53:02,COMPLETED,30058.0,532.7,1782.68,1814.32
911,hard,15,14:54:31,15:21:13,15:53:34,COMPLETED,31602.0,32352.9,1602.06,3543.00
1191,easy,12,15:23:50,15:53:40,15:54:05,COMPLETED,23632.0,426.9,1790.33,1815.65
1146,medium,13,15:22:56,15:53:08,15:54:11,COMPLETED,28756.0,1060.9,1812.66,1875.97
1089,medium,13,15:22:22,15:50:49,15:54:43,COMPLETED,25607.0,3913.1,1707.18,1941.69
1118,easy,12,15:24:43,15:54:18,15:55:27,COMPLETED,24490.0,1164.8,1775.35,1844.93
1087,easy,12,15:24:50,15:54:50,15:55:34,COMPLETED,24434.0,743.5,1800.02,1844.27
1186,medium,13,15:24:17,15:54:11,15:56:31,COMPLETED,27940.0,2336.1,1794.97,1934.62
1094,hard,15,15:07:15,15:32:47,15:58:21,COMPLETED,37003.0,25562.3,1532.90,3066.20
1160,medium,13,15:26:54,15:55:34,15:58:54,COMPLETED,30604.0,3334.9,1720.27,1920.07
1068,easy,12,15:28:00,15:58:27,15:59:19,COMPLETED,31839.0,874.9,1827.78,1879.98
1134,easy,12,15:27:38,15:56:38,15:59:32,COMPLETED,33377.0,2916.0,1740.22,1914.67
1183,hard,15,15:13:18,15:39:09,16:00:05,COMPLETED,33283.0,20931.6,1551.57,2807.03
1197,easy,12,15:28:34,15:59:00,16:00:30,COMPLETED,21241.0,1508.9,1826.40,1916.65
1135,easy,11,15:28:35,15:59:26,16:01:08,COMPLETED,36156.0,1718.3,1851.31,1953.93
1049,hard,15,14:44:10,15:11:03,16:01:22,COMPLETED,31860.0,50318.4,1613.32,4632.09
1085,easy,12,15:30:52,16:01:15,16:01:34,COMPLETED,24949.0,333.9,1823.48,1842.98
1185,easy,12,15:31:08,16:01:41,16:02:32,COMPLETED,34417.0,859.4,1833.56,1884.81
952,medium,14,14:45:33,15:11:10,16:02:51,COMPLETED,29839.0,51702.9,1537.00,4638.98
1156,easy,12,15:30:57,16:01:28,16:02:51,COMPLETED,32257.0,1394.5,1831.63,1914.98
1064,easy,11,15:31:52,16:02:58,16:03:17,COMPLETED,33070.0,321.3,1866.33,1885.35
1103,medium,14,15:17:48,15:44:59,16:03:30,COMPLETED,29156.0,18516.2,1631.33,2742.04
1143,medium,13,15:31:31,16:02:39,16:03:36,COMPLETED,22426.0,959.3,1868.15,1925.38
1124,easy,11,15:31:58,16:03:23,16:03:42,COMPLETED,24726.0,323.7,1885.68,1904.76
1073,easy,11,15:32:09,16:03:42,16:03:55,COMPLETED,25008.0,217.4,1893.76,1906.50
1090,easy,11,15:32:22,16:03:49,16:04:14,COMPLETED,23066.0,427.8,1887.13,1912.49
1069,easy,12,15:32:04,16:03:36,16:04:20,COMPLETED,29393.0,746.5,1892.38,1936.83
759,hard,15,13:19:34,13:19:39,16:04:52,COMPLETED,32863.0,165212.1,5.86,9918.50
1093,easy,11,15:33:09,16:04:20,16:05:05,COMPLETED,27539.0,744.3,1871.83,1916.18
954,medium,14,14:53:26,15:20:02,16:06:02,COMPLETED,40569.0,45988.9,1596.92,4356.05
1153,easy,11,15:35:16,16:06:08,16:06:21,COMPLETED,24418.0,217.4,1852.37,1865.11
1063,easy,11,15:35:22,16:06:27,16:06:40,COMPLETED,34245.0,216.5,1865.44,1878.13
1192,medium,14,15:03:23,15:28:01,16:07:43,COMPLETED,33239.0,39702.1,1478.66,3860.62
936,medium,14,14:33:31,14:55:37,16:08:40,COMPLETED,37773.0,73050.6,1326.73,5709.58
1086,easy,11,15:35:57,16:07:50,16:08:40,COMPLETED,28580.0,848.1,1913.02,1963.58
1190,medium,13,15:34:33,16:04:58,16:08:59,COMPLETED,33523.0,4018.5,1825.83,2066.64
1077,easy,11,15:36:51,16:08:46,16:08:59,COMPLETED,25710.0,217.2,1915.93,1928.64
1066,easy,11,15:38:22,16:09:05,16:09:25,COMPLETED,26413.0,326.9,1843.99,1863.30
1166,medium,14,15:35:55,16:06:46,16:09:38,COMPLETED,32599.0,2871.5,1851.46,2023.26
1101,medium,13,15:37:23,16:08:46,16:09:51,COMPLETED,26310.0,1082.3,1883.93,1948.43
927,medium,14,14:50:17,15:16:01,16:09:57,COMPLETED,31603.0,53944.5,1544.75,4780.98
1111,medium,13,15:23:43,15:53:08,16:09:57,COMPLETED,30704.0,16830.6,1765.66,2774.98
1026,hard,15,14:28:33,14:48:32,16:10:17,COMPLETED,29180.0,81751.9,1199.78,6104.59
1023,medium,14,14:37:29,14:59:27,16:10:17,COMPLETED,31311.0,70836.1,1318.78,5568.59
1079,easy,11,15:41:16,16:10:04,16:10:17,COMPLETED,25044.0,224.4,1728.67,1741.59
1057,easy,11,15:43:03,16:10:24,16:10:37,COMPLETED,22262.0,226.3,1641.21,1654.49
1193,easy,12,15:40:55,16:09:57,16:11:09,COMPLETED,33654.0,1200.7,1742.98,1814.54
1099,medium,14,15:19:29,15:45:51,16:11:22,COMPLETED,28204.0,25529.0,1582.33,3113.70
1161,easy,11,15:45:37,16:11:29,16:11:42,COMPLETED,19953.0,222.9,1552.26,1565.33
1179,easy,11,15:45:56,16:11:48,16:11:55,COMPLETED,23346.0,111.1,1552.66,1559.02
1105,easy,12,15:46:34,16:12:01,16:13:36,COMPLETED,22092.0,1590.3,1527.35,1622.46
752,hard,15,13:38:22,13:42:26,16:13:49,COMPLETED,38307.0,151375.8,244.70,9327.15
1095,hard,15,15:28:58,15:59:39,16:14:01,COMPLETED,31607.0,14380.5,1841.24,2703.84
1058,easy,11,15:47:04,16:13:55,16:14:08,COMPLETED,28580.0,217.3,1611.48,1624.18
932,medium,14,14:28:55,14:48:52,16:14:20,COMPLETED,37847.0,85477.3,1197.47,6325.92
910,hard,15,14:17:49,14:31:40,16:14:33,COMPLETED,35796.0,102888.6,831.58,7004.73
1180,easy,11,15:46:50,16:13:42,16:14:59,COMPLETED,33803.0,1278.1,1612.79,1689.19
1127,easy,12,15:47:41,16:14:27,16:15:11,COMPLETED,32731.0,748.0,1606.31,1650.90
1055,easy,12,15:47:19,16:14:08,16:15:49,COMPLETED,34117.0,1698.9,1609.18,1710.82
805,hard,15,13:58:10,14:00:37,16:15:56,COMPLETED,33467.0,135313.2,147.52,8266.15
1149,easy,11,15:49:08,16:16:02,16:16:15,COMPLETED,28428.0,216.0,1614.54,1627.20
1178,easy,11,15:49:57,16:16:21,16:16:27,COMPLETED,23494.0,111.1,1584.52,1590.88
1104,easy,11,15:50:36,16:16:34,16:16:53,COMPLETED,29132.0,321.6,1558.21,1577.20
1199,hard,15,15:43:24,16:10:24,16:17:05,COMPLETED,27272.0,6700.3,1620.21,2021.91
1108,easy,12,15:48:56,16:15:56,16:17:05,COMPLETED,28719.0,1170.5,1620.15,1689.91
1080,easy,11,15:50:48,16:17:12,16:17:18,COMPLETED,25337.0,111.5,1584.42,1590.80
1098,easy,11,15:50:49,16:17:12,16:17:18,COMPLETED,26217.0,111.1,1583.42,1589.80
1170,easy,12,15:51:04,16:17:25,16:18:03,COMPLETED,25635.0,637.1,1581.14,1619.10
1061,medium,14,15:40:44,16:09:44,16:18:15,COMPLETED,28292.0,8523.3,1740.81,2251.80
1051,medium,13,15:47:26,16:14:14,16:19:01,COMPLETED,27315.0,4785.6,1608.55,1895.42
1091,hard,15,15:22:44,15:52:24,16:19:33,COMPLETED,29080.0,27161.6,1780.31,3409.66
1152,easy,11,15:51:16,16:19:07,16:19:40,COMPLETED,35251.0,546.5,1671.74,1704.20
1188,easy,11,15:52:27,16:19:40,16:19:46,COMPLETED,27048.0,117.2,1633.20,1639.57
1169,medium,14,15:50:44,16:16:59,16:20:38,COMPLETED,32926.0,3659.9,1575.53,1794.84
1109,medium,13,15:53:20,16:20:45,16:21:36,COMPLETED,29074.0,862.6,1645.17,1696.40
1059,easy,12,15:53:24,16:21:42,16:22:47,COMPLETED,29957.0,1083.9,1698.97,1763.57
1081,easy,12,15:51:12,16:18:22,16:23:06,COMPLETED,38805.0,4751.9,1630.35,1914.91
740,hard,15,12:49:02,12:49:02,16:23:13,COMPLETED,34499.0,214179.1,0.97,12851.53
1159,medium,13,15:53:18,16:19:53,16:23:13,COMPLETED,32864.0,3347.7,1595.28,1795.53
1062,easy,11,15:53:48,16:22:54,16:23:13,COMPLETED,25448.0,335.6,1746.04,1765.53
1083,hard,15,15:29:34,16:00:11,16:23:20,COMPLETED,29932.0,23152.2,1837.59,3226.22
1150,easy,11,15:54:29,16:23:20,16:23:26,COMPLETED,22267.0,117.4,1731.22,1737.85
1112,easy,11,15:53:53,16:23:13,16:23:33,COMPLETED,30119.0,342.0,1760.53,1780.48
1075,easy,11,15:54:28,16:23:20,16:23:40,COMPLETED,20133.0,339.8,1732.22,1752.13
1117,medium,14,15:55:41,16:23:46,16:25:34,COMPLETED,28311.0,1806.6,1685.77,1793.79
1096,medium,13,15:43:31,16:10:24,16:27:16,COMPLETED,32008.0,16865.6,1613.21,2625.07
1070,easy,12,15:55:42,16:25:41,16:27:16,COMPLETED,29086.0,1586.5,1799.20,1894.07
1100,medium,14,15:54:40,16:23:26,16:27:22,COMPLETED,26345.0,3932.1,1726.85,1962.41
1182,hard,15,15:38:31,16:09:05,16:28:00,COMPLETED,31840.0,18910.3,1834.99,2969.48
956,hard,15,14:03:15,14:11:17,16:28:25,COMPLETED,34883.0,137146.7,482.10,8710.79
1195,easy,12,15:58:36,16:28:06,16:28:25,COMPLETED,26160.0,321.8,1770.81,1789.79
1232,easy,11,16:00:17,16:28:32,16:28:44,COMPLETED,30730.0,216.0,1695.14,1707.83
1106,easy,12,15:57:58,16:27:28,16:29:03,COMPLETED,25182.0,1588.4,1770.82,1865.83
1323,easy,11,16:00:41,16:29:10,16:29:16,COMPLETED,26697.0,112.3,1709.17,1715.60
1247,easy,11,16:00:50,16:29:22,16:29:35,COMPLETED,24770.0,216.4,1712.93,1725.60
1130,hard,15,15:27:17,15:55:40,16:29:54,COMPLETED,29781.0,34236.8,1703.65,3757.66
1133,hard,15,15:01:26,15:26:23,16:30:13,COMPLETED,33585.0,63837.2,1497.59,5327.66
1213,easy,11,16:01:32,16:30:00,16:30:26,COMPLETED,32537.0,427.4,1709.00,1734.34
1334,medium,13,16:02:10,16:30:19,16:33:23,COMPLETED,28540.0,3060.2,1689.99,1873.30
1257,easy,12,16:03:14,16:33:29,16:34:20,COMPLETED,29386.0,847.7,1815.63,1866.18
771,hard,15,13:05:59,13:06:22,16:34:51,COMPLETED,43755.0,208492.5,23.41,12532.82
309,hard,15,10:52:01,10:52:02,16:34:58,COMPLETED,41778.0,342934.6,1.43,20577.38
1227,easy,11,16:03:15,16:34:26,16:35:04,COMPLETED,31681.0,649.5,1871.51,1909.88
1128,hard,15,15:44:10,16:11:16,16:35:11,COMPLETED,30942.0,23932.2,1626.09,3061.54
1244,easy,11,16:03:26,16:35:04,16:35:11,COMPLETED,23231.0,121.7,1898.88,1905.54
1300,easy,11,16:04:09,16:35:18,16:35:24,COMPLETED,24788.0,119.0,1869.24,1875.95
1239,easy,12,16:03:48,16:35:11,16:35:50,COMPLETED,26410.0,658.0,1883.54,1922.73
1273,easy,12,16:04:19,16:35:31,16:36:48,COMPLETED,31934.0,1297.8,1872.50,1949.93
1279,easy,11,16:04:35,16:36:55,16:37:14,COMPLETED,30024.0,326.3,1940.40,1959.69
1060,medium,14,15:54:13,16:23:20,16:37:27,COMPLETED,28407.0,14127.6,1747.22,2594.59
1324,easy,11,16:04:56,16:37:33,16:37:40,COMPLETED,23811.0,111.9,1957.98,1964.39
1283,easy,11,16:05:24,16:37:46,16:38:05,COMPLETED,21880.0,322.4,1942.72,1961.76
1305,easy,12,16:05:58,16:38:12,16:38:24,COMPLETED,29626.0,216.6,1934.10,1946.79
1067,medium,14,15:52:40,16:19:46,16:39:21,COMPLETED,32003.0,19591.2,1626.57,2801.80
1200,medium,13,16:00:59,16:29:41,16:40:06,COMPLETED,35085.0,10406.6,1722.94,2347.05
1322,easy,11,16:06:41,16:40:12,16:40:31,COMPLETED,29590.0,322.3,2011.39,2030.36
1226,easy,12,16:06:35,16:39:28,16:41:22,COMPLETED,26946.0,1903.3,1973.13,2087.03
1346,easy,12,16:07:48,16:40:37,16:41:28,COMPLETED,23461.0,849.4,1969.75,2020.35
1316,easy,12,16:08:40,16:41:34,16:41:47,COMPLETED,24883.0,218.0,1974.75,1987.53
1259,easy,12,16:07:49,16:41:28,16:41:53,COMPLETED,22780.0,431.0,2019.35,2044.85
1167,medium,14,15:31:36,16:02:58,16:42:19,COMPLETED,28042.0,39354.7,1882.33,4243.29
1331,easy,12,16:06:02,16:38:31,16:42:19,COMPLETED,28692.0,3811.9,1949.12,2177.29
1343,easy,12,16:10:28,16:42:25,16:42:51,COMPLETED,26547.0,436.8,1917.88,1943.59
1263,easy,12,16:09:23,16:42:00,16:42:58,COMPLETED,31914.0,971.6,1957.24,2015.16
1308,easy,12,16:10:36,16:42:58,16:43:24,COMPLETED,28019.0,443.3,1942.16,1968.21
1181,medium,14,15:34:41,16:05:11,16:43:30,COMPLETED,30344.0,38326.7,1830.52,4129.81
1277,easy,12,16:11:11,16:43:37,16:43:50,COMPLETED,20558.0,223.7,1946.30,1959.22
1110,hard,15,15:14:16,15:42:01,16:44:48,COMPLETED,36121.0,62784.7,1665.64,5432.45
1294,medium,13,16:11:03,16:43:30,16:45:27,COMPLETED,31987.0,1951.4,1947.81,2064.41
1125,medium,14,15:48:04,16:15:05,16:46:12,COMPLETED,35743.0,31123.5,1621.52,3488.73
1225,easy,11,16:12:31,16:45:33,16:46:12,COMPLETED,28116.0,651.5,1982.95,2021.73
1158,hard,15,15:48:00,16:14:40,16:46:25,COMPLETED,27347.0,31766.4,1600.12,3505.76
1282,medium,14,16:08:41,16:41:53,16:46:38,COMPLETED,33320.0,4758.7,1992.85,2277.90
1274,easy,12,16:12:50,16:46:19,16:47:04,COMPLETED,27782.0,771.2,2009.07,2054.88
1338,easy,12,16:14:00,16:46:45,16:47:04,COMPLETED,27745.0,332.1,1965.47,1984.88
1211,easy,11,16:14:03,16:47:11,16:47:18,COMPLETED,24373.0,118.7,1988.44,1995.15
1207,easy,12,16:13:55,16:46:19,16:47:37,COMPLETED,33132.0,1313.4,1944.07,2022.48
1285,easy,11,16:15:01,16:47:24,16:47:37,COMPLETED,19478.0,223.9,1943.60,1956.48
1325,medium,14,16:11:59,16:44:54,16:47:44,COMPLETED,35367.0,2828.1,1975.99,2145.07
1344,easy,11,16:15:30,16:47:50,16:47:57,COMPLETED,29870.0,118.8,1940.72,1947.33
1184,medium,14,15:51:09,16:18:09,16:49:07,COMPLETED,38743.0,30978.7,1620.43,3478.91
1219,medium,14,16:03:19,16:34:58,16:49:52,COMPLETED,34586.0,14901.2,1899.38,2793.21
1168,medium,14,15:48:49,16:15:18,16:51:08,COMPLETED,34500.0,35837.8,1589.22,3739.28
1295,medium,13,16:16:47,16:49:14,16:52:05,COMPLETED,29657.0,2855.4,1947.26,2118.30
1302,medium,13,16:15:06,16:47:44,16:52:11,COMPLETED,32797.0,4464.7,1958.07,2225.63
998,medium,14,14:55:17,15:21:25,16:52:55,COMPLETED,35295.0,91502.6,1568.95,7058.99
1276,medium,13,16:18:04,16:49:58,16:53:02,COMPLETED,26343.0,3068.5,1914.54,2098.31
1266,medium,13,16:19:47,16:52:11,16:53:02,COMPLETED,29306.0,850.8,1944.63,1995.31
867,hard,15,13:32:54,13:33:02,16:53:08,COMPLETED,32201.0,200101.1,8.82,12014.70
1293,easy,12,16:21:28,16:53:08,16:53:34,COMPLETED,25988.0,433.1,1900.70,1926.24
1260,medium,13,16:15:28,16:47:44,16:53:40,COMPLETED,34252.0,5951.9,1936.07,2292.78
1249,medium,13,16:20:38,16:53:08,16:54:19,COMPLETED,23104.0,1185.7,1950.70,2021.40
992,hard,15,14:06:26,14:16:33,16:55:30,COMPLETED,32441.0,158942.9,607.97,10144.36
1119,hard,15,15:29:49,16:00:36,16:55:30,COMPLETED,27097.0,54895.2,1847.97,5141.36
1299,medium,14,16:22:23,16:53:15,16:57:00,COMPLETED,33194.0,3767.8,1852.16,2077.76
1264,medium,14,16:10:57,16:43:04,16:57:26,COMPLETED,35510.0,14372.8,1927.58,2789.54
1290,medium,13,16:23:30,16:57:07,16:57:26,COMPLETED,26909.0,329.1,2017.31,2036.54
1291,easy,12,16:24:07,16:57:33,16:58:18,COMPLETED,25070.0,767.7,2006.08,2051.73
1242,medium,13,16:23:34,16:57:33,16:59:17,COMPLETED,24936.0,1741.0,2039.08,2143.21
1315,easy,12,16:25:27,16:59:23,17:00:14,COMPLETED,29473.0,853.3,2036.58,2087.48
1348,medium,13,16:25:05,16:58:25,17:00:52,COMPLETED,24857.0,2459.2,2000.27,2147.52
1254,easy,12,16:26:03,17:00:58,17:01:17,COMPLETED,29397.0,321.8,2095.86,2114.83
1339,medium,14,16:11:32,16:43:56,17:01:49,COMPLETED,34717.0,17882.7,1944.76,3017.48
1337,easy,12,16:25:55,17:00:20,17:02:08,COMPLETED,36897.0,1799.6,2065.82,2173.50
1314,medium,13,16:23:27,16:55:36,17:02:14,COMPLETED,35648.0,6637.1,1929.95,2327.83
1246,easy,12,16:27:22,17:02:14,17:02:46,COMPLETED,26028.0,533.6,2092.83,2124.54
1288,easy,11,16:28:40,17:02:52,17:03:11,COMPLETED,25030.0,321.5,2052.87,2071.85
1216,medium,13,16:00:30,16:28:51,17:03:30,COMPLETED,36477.0,34665.6,1701.16,3780.88
1333,hard,15,16:23:10,16:53:47,17:04:02,COMPLETED,27602.0,10257.0,1837.37,2452.52
1297,easy,11,16:28:59,17:03:37,17:04:08,COMPLETED,24459.0,532.9,2078.22,2109.85
1342,medium,13,16:27:07,17:01:55,17:06:43,COMPLETED,27249.0,4796.1,2088.81,2376.06
1269,easy,12,16:30:31,17:06:49,17:07:09,COMPLETED,25845.0,333.0,2178.65,2198.07
1313,hard,15,16:23:25,16:55:36,17:07:41,COMPLETED,30596.0,12082.1,1931.95,2656.45
1236,medium,14,16:22:31,16:53:40,17:08:39,COMPLETED,30205.0,14990.2,1869.78,2768.76
1212,easy,11,16:31:00,17:08:46,17:08:52,COMPLETED,18106.0,115.4,2266.30,2272.93
1329,easy,11,16:32:07,17:08:59,17:09:12,COMPLETED,19356.0,224.4,2212.25,2225.35
1345,medium,14,16:03:56,16:35:18,17:09:50,COMPLETED,30075.0,34549.4,1882.24,3954.83
1176,hard,15,15:39:16,16:09:31,17:11:01,COMPLETED,29688.0,61498.2,1815.64,5505.36
1250,easy,12,16:30:18,17:04:08,17:11:07,COMPLETED,33016.0,6986.2,2030.85,2449.70
1271,easy,11,16:33:39,17:11:14,17:11:33,COMPLETED,23921.0,321.6,2255.07,2274.07
978,hard,15,14:20:18,14:38:42,17:13:27,COMPLETED,36238.0,154743.4,1104.64,10389.12
1332,easy,12,16:33:14,17:09:57,17:13:27,COMPLETED,36445.0,3501.0,2203.39,2413.12
1281,hard,15,16:16:17,16:48:03,17:13:52,COMPLETED,33296.0,25814.1,1906.90,3455.51
1220,easy,12,16:35:22,17:13:58,17:15:14,COMPLETED,30632.0,1268.9,2316.84,2392.67
1298,medium,13,16:33:51,17:13:33,17:17:53,COMPLETED,24442.0,4343.5,2382.49,2642.61
1270,easy,12,16:35:44,17:15:20,17:18:06,COMPLETED,26556.0,2771.0,2377.00,2542.76
1141,hard,15,15:19:45,15:46:04,17:18:39,COMPLETED,28415.0,92590.3,1579.24,7134.41
1317,easy,11,16:35:59,17:18:45,17:18:58,COMPLETED,28871.0,224.2,2566.95,2579.91
1248,easy,12,16:36:46,17:19:05,17:19:37,COMPLETED,20657.0,549.1,2539.44,2571.88
1326,medium,14,16:20:23,16:53:02,17:20:03,COMPLETED,27944.0,27031.6,1959.31,3580.82
1347,easy,11,16:37:20,17:20:10,17:20:17,COMPLETED,27850.0,119.3,2570.37,2577.02
974,medium,14,14:45:58,15:11:42,17:20:23,COMPLETED,40871.0,128689.9,1544.35,9265.57
1237,medium,14,16:14:12,16:47:11,17:21:15,COMPLETED,31170.0,34066.9,1979.44,4023.16
1209,hard,15,16:32:47,17:09:18,17:21:47,COMPLETED,32058.0,12486.4,2191.75,2940.67
1221,medium,13,16:37:35,17:20:23,17:22:00,COMPLETED,27422.0,1619.7,2568.57,2665.39
990,hard,15,14:38:44,14:59:34,17:22:38,COMPLETED,29386.0,143068.8,1250.45,9834.54
1252,easy,11,16:38:37,17:22:06,17:22:57,COMPLETED,15596.0,850.7,2609.80,2660.55
1303,hard,15,16:20:15,16:52:18,17:24:00,COMPLETED,30026.0,31716.7,1923.01,3825.79
1312,easy,11,16:41:35,17:24:07,17:24:26,COMPLETED,25572.0,321.4,2552.12,2571.10
1114,medium,14,15:57:03,16:27:22,17:25:29,COMPLETED,37811.0,58118.8,1819.41,5306.36
1054,hard,15,15:15:25,15:42:26,17:26:01,COMPLETED,34916.0,103571.7,1621.97,7836.11
1284,medium,13,16:38:28,17:21:54,17:27:23,COMPLETED,31148.0,5504.0,2606.02,2935.80
1349,medium,13,16:43:05,17:26:07,17:28:54,COMPLETED,28256.0,2785.5,2582.47,2749.23
464,hard,15,11:39:45,11:39:50,17:29:00,COMPLETED,39254.0,349177.9,5.10,20955.64
1319,medium,13,16:43:30,17:27:30,17:30:05,COMPLETED,20057.0,2589.4,2640.35,2795.42
1280,medium,13,16:45:52,17:30:11,17:30:50,COMPLETED,29380.0,651.2,2659.75,2698.33
1177,medium,14,15:41:10,16:10:04,17:31:03,COMPLETED,39428.0,80979.9,1734.67,6593.22
875,hard,15,13:50:41,13:54:08,17:31:48,COMPLETED,32410.0,217681.1,207.06,13267.83
1205,easy,11,16:46:19,17:31:55,17:32:08,COMPLETED,29413.0,221.4,2736.38,2749.37
1243,easy,12,16:46:29,17:32:14,17:32:47,COMPLETED,25149.0,550.3,2745.70,2778.17
1335,easy,11,16:47:14,17:32:53,17:33:00,COMPLETED,20541.0,116.8,2739.76,2746.41
1289,medium,14,16:41:06,17:23:03,17:34:22,COMPLETED,35622.0,11316.0,2517.88,3196.57
1245,hard,15,16:26:37,17:01:24,17:34:28,COMPLETED,35820.0,33082.6,2087.19,4071.90
1330,easy,12,16:48:21,17:34:35,17:34:54,COMPLETED,28994.0,323.7,2774.28,2793.38
1340,easy,12,16:47:24,17:33:06,17:36:10,COMPLETED,34119.0,3063.4,2742.80,2926.31
1292,easy,12,16:49:03,17:35:00,17:36:48,COMPLETED,26945.0,1800.2,2757.73,2865.38
1286,easy,12,16:49:07,17:36:16,17:37:39,COMPLETED,32794.0,1381.7,2829.65,2912.25
1208,medium,14,16:35:54,17:18:13,17:37:51,COMPLETED,33824.0,19649.2,2539.31,3717.94
1230,easy,11,16:49:14,17:37:45,17:38:23,COMPLETED,26166.0,642.9,2911.58,2949.70
1310,easy,11,16:49:19,17:37:58,17:38:23,COMPLETED,30682.0,429.9,2919.40,2944.70
914,hard,15,14:18:57,14:32:37,17:38:55,COMPLETED,26597.0,186298.7,820.76,11998.58
1268,medium,14,16:35:47,17:18:00,17:39:14,COMPLETED,37079.0,21244.4,2533.16,3807.59
1253,easy,12,16:49:45,17:39:01,17:39:39,COMPLETED,21261.0,638.0,2956.93,2994.91
1204,easy,12,16:50:52,17:39:20,17:40:05,COMPLETED,32499.0,744.2,2908.92,2953.27
1321,easy,12,16:51:55,17:40:11,17:40:30,COMPLETED,29226.0,321.9,2896.60,2915.60
1296,easy,12,16:49:40,17:38:30,17:40:36,COMPLETED,27392.0,2117.9,2930.22,3056.95
1256,easy,11,16:52:48,17:40:36,17:41:14,COMPLETED,29362.0,639.2,2868.95,2906.96
1241,medium,13,16:49:13,17:36:54,17:41:52,COMPLETED,32104.0,4974.2,2861.77,3159.94
1272,easy,11,16:53:05,17:41:59,17:42:24,COMPLETED,28821.0,427.3,2934.27,2959.59
1320,medium,13,16:51:55,17:39:46,17:42:30,COMPLETED,26082.0,2750.5,2871.24,3035.93
1223,hard,15,16:45:54,17:30:56,17:43:02,COMPLETED,27805.0,12100.3,2702.86,3428.61
1262,easy,12,16:52:53,17:41:21,17:43:15,COMPLETED,32258.0,1904.2,2908.33,3022.29
1328,medium,14,16:33:46,17:11:39,17:43:21,COMPLETED,35112.0,31708.1,2273.40,4175.62
1265,easy,12,16:55:16,17:43:21,17:44:38,COMPLETED,27488.0,1293.6,2885.62,2962.73
1235,medium,13,16:53:08,17:42:30,17:45:17,COMPLETED,29994.0,2785.3,2962.93,3129.76
1218,medium,13,16:56:08,17:43:27,17:45:17,COMPLETED,27078.0,1834.6,2839.99,2949.76
1222,easy,11,16:56:40,17:45:24,17:45:37,COMPLETED,27425.0,223.6,2924.09,2937.02
1240,easy,12,16:57:49,17:45:43,17:46:02,COMPLETED,30446.0,323.1,2874.56,2893.60
1238,easy,12,16:57:34,17:45:24,17:46:21,COMPLETED,27415.0,964.5,2870.09,2927.70
1228,medium,13,16:47:52,17:34:28,17:46:40,COMPLETED,29011.0,12201.7,2796.90,3528.73
1233,easy,12,16:58:38,17:46:08,17:46:47,COMPLETED,25856.0,640.7,2850.97,2889.06
1203,easy,11,16:59:59,17:46:47,17:47:12,COMPLETED,33173.0,426.9,2808.06,2833.37
838,hard,15,13:18:05,13:18:09,17:47:43,COMPLETED,41466.0,269579.3,4.26,16178.95
1251,medium,13,16:59:04,17:46:28,17:49:37,COMPLETED,28486.0,3162.3,2844.03,3033.48
1341,hard,15,16:34:26,17:13:33,17:51:24,COMPLETED,25365.0,37861.2,2347.49,4618.84
1311,medium,13,16:53:58,17:42:37,17:52:16,COMPLETED,35578.0,9654.9,2919.31,3498.15
1318,medium,13,16:39:30,17:22:44,17:53:01,COMPLETED,26737.0,30275.8,2594.87,4411.03
1202,hard,15,16:49:44,17:38:30,17:55:08,COMPLETED,29127.0,16648.4,2926.22,3924.74
31,hard,15,08:03:42,08:03:43,18:00:00,UNFINISHED,-1,-1,-1
88,hard,15,08:18:05,08:18:10,18:00:00,UNFINISHED,-1,-1,-1
420,hard,15,10:34:14,10:34:16,18:00:00,UNFINISHED,-1,-1,-1
472,hard,15,11:11:02,11:11:02,18:00:00,UNFINISHED,-1,-1,-1
515,hard,15,11:47:31,11:47:35,18:00:00,UNFINISHED,-1,-1,-1
555,hard,15,11:51:26,11:51:29,18:00:00,UNFINISHED,-1,-1,-1
611,hard,15,12:00:42,12:00:48,18:00:00,UNFINISHED,-1,-1,-1
619,hard,15,12:14:11,12:14:11,18:00:00,UNFINISHED,-1,-1,-1
669,hard,15,12:51:44,12:51:47,18:00:00,UNFINISHED,-1,-1,-1
716,hard,15,12:52:39,12:52:39,18:00:00,UNFINISHED,-1,-1,-1
706,hard,15,12:57:22,12:57:22,18:00:00,UNFINISHED,-1,-1,-1
855,hard,15,13:18:17,13:18:22,18:00:00,UNFINISHED,-1,-1,-1
782,hard,15,13:18:59,13:19:01,18:00:00,UNFINISHED,-1,-1,-1
889,hard,15,13:44:48,13:48:55,18:00:00,UNFINISHED,-1,-1,-1
1048,hard,15,14:02:39,14:08:38,18:00:00,UNFINISHED,-1,-1,-1
929,hard,15,14:03:28,14:11:17,18:00:00,UNFINISHED,-1,-1,-1
968,hard,15,14:04:56,14:11:49,18:00:00,UNFINISHED,-1,-1,-1
934,hard,15,14:05:51,14:12:21,18:00:00,UNFINISHED,-1,-1,-1
946,hard,15,14:11:54,14:25:37,18:00:00,UNFINISHED,-1,-1,-1
1044,hard,15,14:25:50,14:46:23,18:00:00,UNFINISHED,-1,-1,-1
980,hard,15,14:34:02,14:57:06,18:00:00,UNFINISHED,-1,-1,-1
957,hard,15,14:39:25,15:01:43,18:00:00,UNFINISHED,-1,-1,-1
1138,hard,15,15:11:09,15:37:12,18:00:00,UNFINISHED,-1,-1,-1
1076,hard,15,15:12:11,15:38:23,18:00:00,UNFINISHED,-1,-1,-1
1115,hard,15,15:32:28,16:04:01,18:00:00,UNFINISHED,-1,-1,-1
1187,hard,15,15:33:14,16:04:27,18:00:00,UNFINISHED,-1,-1,-1
1102,hard,15,15:43:53,16:10:43,18:00:00,UNFINISHED,-1,-1,-1
1154,hard,15,15:51:01,16:17:25,18:00:00,UNFINISHED,-1,-1,-1
1171,hard,15,15:55:02,16:23:33,18:00:00,UNFINISHED,-1,-1,-1
1082,hard,15,15:55:36,16:23:40,18:00:00,UNFINISHED,-1,-1,-1
1113,hard,15,15:57:33,16:27:22,18:00:00,UNFINISHED,-1,-1,-1
1174,hard,15,15:59:33,16:28:32,18:00:00,UNFINISHED,-1,-1,-1
1206,hard,15,16:02:51,16:30:32,18:00:00,UNFINISHED,-1,-1,-1
1217,hard,15,16:04:20,16:35:57,18:00:00,UNFINISHED,-1,-1,-1
1210,hard,15,16:04:51,16:37:21,18:00:00,UNFINISHED,-1,-1,-1
1327,hard,15,16:10:27,16:42:25,18:00:00,UNFINISHED,-1,-1,-1
1229,medium,14,16:13:56,16:46:32,18:00:00,UNFINISHED,-1,-1,-1
1309,hard,15,16:19:10,16:51:14,18:00:00,UNFINISHED,-1,-1,-1
1258,hard,15,16:23:24,16:54:25,18:00:00,UNFINISHED,-1,-1,-1
1201,hard,15,16:28:07,17:02:21,18:00:00,UNFINISHED,-1,-1,-1
1301,hard,15,16:28:56,17:03:18,18:00:00,UNFINISHED,-1,-1,-1
1214,medium,14,16:30:21,17:04:15,18:00:00,UNFINISHED,-1,-1,-1
1267,hard,15,16:30:40,17:07:15,18:00:00,UNFINISHED,-1,-1,-1
1306,hard,15,16:30:43,17:07:47,18:00:00,UNFINISHED,-1,-1,-1
1215,hard,15,16:33:24,17:11:07,18:00:00,UNFINISHED,-1,-1,-1
1275,hard,15,16:37:13,17:19:44,18:00:00,UNFINISHED,-1,-1,-1
1304,hard,15,16:37:39,17:20:29,18:00:00,UNFINISHED,-1,-1,-1
1224,hard,15,16:38:05,17:21:21,18:00:00,UNFINISHED,-1,-1,-1
1261,medium,14,16:41:44,17:24:32,18:00:00,UNFINISHED,-1,-1,-1
1231,hard,15,16:42:37,17:25:35,18:00:00,UNFINISHED,-1,-1,-1
1278,hard,15,16:44:00,17:29:00,18:00:00,UNFINISHED,-1,-1,-1
1336,hard,15,16:44:24,17:29:07,18:00:00,UNFINISHED,-1,-1,-1
1307,hard,15,16:46:17,17:31:09,18:00:00,UNFINISHED,-1,-1,-1
1255,medium,14,16:52:49,17:40:43,18:00:00,UNFINISHED,-1,-1,-1
1234,medium,14,16:54:28,17:43:08,18:00:00,UNFINISHED,-1,-1,-1
1287,hard,15,16:56:25,17:44:45,18:00:00,UNFINISHED,-1,-1,-1
