task_id,difficulty,n,arrival_sim,start_sim,end_sim,status,cost,real_duration_sec,waiting_time_mili_sec,time_in_system_mili_sec
62,easy,11,08:00:16,08:00:18,08:01:00,COMPLETED,25556.0,711.1,2.10,44.75
14,easy,12,08:00:34,08:00:36,08:01:12,COMPLETED,25152.0,605.0,2.57,38.82
33,easy,11,08:01:19,08:01:24,08:02:01,COMPLETED,20702.0,606.0,5.92,42.26
80,easy,12,08:01:11,08:01:12,08:02:13,COMPLETED,25745.0,1010.0,1.82,62.40
20,easy,12,08:02:05,08:02:07,08:02:13,COMPLETED,27264.0,102.0,2.32,8.40
108,easy,11,08:01:43,08:01:43,08:02:25,COMPLETED,27911.0,707.2,0.05,42.49
140,medium,13,08:01:41,08:01:43,08:03:25,COMPLETED,36341.0,1715.4,2.05,104.96
160,easy,12,08:03:16,08:03:19,08:03:32,COMPLETED,20704.0,203.0,3.87,16.02
118,easy,12,08:04:18,08:04:20,08:05:27,COMPLETED,33669.0,1111.6,2.41,69.07
86,medium,13,08:04:14,08:04:14,08:05:33,COMPLETED,27059.0,1313.7,0.29,79.12
58,easy,11,08:05:44,08:05:45,08:05:57,COMPLETED,29393.0,205.7,1.33,13.68
150,easy,11,08:06:42,08:06:46,08:06:58,COMPLETED,32254.0,209.6,4.24,16.73
82,easy,12,08:06:46,08:06:46,08:07:23,COMPLETED,25339.0,615.1,0.24,37.16
51,medium,13,08:07:26,08:07:29,08:08:06,COMPLETED,29081.0,613.6,3.31,40.08
162,easy,11,08:07:55,08:07:59,08:08:30,COMPLETED,31593.0,510.9,4.87,35.44
159,easy,12,08:06:49,08:06:52,08:08:42,COMPLETED,29206.0,1836.3,3.52,113.67
83,medium,13,08:02:36,08:02:37,08:09:25,COMPLETED,36482.0,6796.8,1.60,409.37
148,easy,11,08:08:59,08:09:00,08:09:31,COMPLETED,25358.0,510.7,1.90,32.50
138,easy,11,08:09:45,08:09:49,08:09:55,COMPLETED,29273.0,104.5,4.73,10.92
31,easy,11,08:09:56,08:10:02,08:10:14,COMPLETED,31866.0,207.2,6.06,18.32
4,easy,11,08:10:20,08:10:20,08:10:26,COMPLETED,27411.0,102.4,0.54,6.63
10,easy,11,08:10:14,08:10:14,08:10:44,COMPLETED,30418.0,510.4,0.32,30.90
26,medium,14,08:02:20,08:02:25,08:11:33,COMPLETED,27720.0,9135.7,5.49,553.58
120,easy,11,08:11:19,08:11:21,08:11:33,COMPLETED,27314.0,205.4,2.37,14.58
146,easy,11,08:11:20,08:11:21,08:11:33,COMPLETED,23339.0,204.9,1.37,13.58
1,easy,12,08:10:45,08:10:50,08:12:28,COMPLETED,24601.0,1623.3,5.98,103.34
165,easy,11,08:12:17,08:12:22,08:12:28,COMPLETED,26034.0,103.1,5.22,11.34
42,easy,11,08:12:55,08:12:58,08:13:16,COMPLETED,31262.0,305.2,3.70,21.99
121,medium,13,08:11:04,08:11:09,08:13:23,COMPLETED,28744.0,2232.2,5.19,139.08
84,easy,12,08:07:04,08:07:04,08:13:41,COMPLETED,32648.0,6608.6,0.88,397.34
67,medium,14,08:05:41,08:05:45,08:14:36,COMPLETED,37473.0,8849.2,4.33,535.20
30,easy,11,08:14:22,08:14:23,08:14:36,COMPLETED,23849.0,206.8,1.89,14.20
76,easy,12,08:11:31,08:11:33,08:14:42,COMPLETED,25782.0,3147.5,2.58,191.39
101,easy,11,08:14:29,08:14:30,08:14:54,COMPLETED,34615.0,409.7,1.06,25.57
5,easy,12,08:14:33,08:14:36,08:15:25,COMPLETED,29678.0,814.9,3.20,52.03
15,easy,12,08:14:59,08:15:00,08:15:25,COMPLETED,26810.0,407.4,1.68,26.03
2,easy,11,08:15:31,08:15:31,08:15:43,COMPLETED,18543.0,203.8,0.15,12.32
16,medium,13,08:12:53,08:12:58,08:15:49,COMPLETED,28378.0,2846.3,5.70,176.40
18,easy,11,08:16:11,08:16:13,08:16:26,COMPLETED,23600.0,207.0,2.92,15.24
87,medium,13,08:11:34,08:11:39,08:17:33,COMPLETED,31287.0,5897.2,5.73,359.53
0,easy,12,08:17:23,08:17:27,08:17:51,COMPLETED,26904.0,412.1,4.29,28.93
113,medium,13,08:14:21,08:14:23,08:18:10,COMPLETED,30747.0,3776.7,2.89,229.42
9,easy,11,08:17:58,08:17:58,08:18:10,COMPLETED,29281.0,207.9,0.08,12.42
147,easy,12,08:17:40,08:17:45,08:18:35,COMPLETED,28488.0,825.5,5.73,55.03
168,medium,13,08:16:07,08:16:07,08:19:18,COMPLETED,27623.0,3172.8,0.64,191.03
115,easy,12,08:18:28,08:18:28,08:19:36,COMPLETED,35416.0,1128.6,0.81,68.44
75,easy,12,08:19:10,08:19:11,08:19:48,COMPLETED,28062.0,618.2,1.80,38.70
164,easy,12,08:19:51,08:19:54,08:20:07,COMPLETED,26705.0,207.3,3.94,16.28
123,easy,12,08:20:24,08:20:25,08:21:27,COMPLETED,28585.0,1026.4,1.62,63.09
155,medium,13,08:18:29,08:18:35,08:21:57,COMPLETED,34186.0,3379.6,6.03,208.74
79,easy,12,08:21:32,08:21:33,08:21:57,COMPLETED,22540.0,409.8,1.26,25.74
45,medium,13,08:17:19,08:17:21,08:22:03,COMPLETED,26760.0,4714.3,2.08,284.88
43,medium,14,08:16:03,08:16:07,08:22:10,COMPLETED,32678.0,6040.0,4.64,367.00
153,easy,11,08:22:56,08:22:58,08:23:10,COMPLETED,24415.0,205.8,2.67,15.00
111,easy,11,08:23:04,08:23:04,08:23:10,COMPLETED,24417.0,104.0,0.85,7.00
97,easy,11,08:22:56,08:22:58,08:23:17,COMPLETED,31924.0,308.5,2.67,21.11
63,medium,13,08:20:33,08:20:37,08:24:24,COMPLETED,25753.0,3770.0,4.87,231.01
53,easy,11,08:24:29,08:24:30,08:24:42,COMPLETED,25808.0,205.6,1.12,13.40
55,easy,11,08:24:31,08:24:36,08:24:48,COMPLETED,29689.0,206.2,5.28,17.54
41,easy,11,08:24:48,08:24:48,08:25:00,COMPLETED,24254.0,205.0,0.54,12.76
103,easy,12,08:25:59,08:26:01,08:26:26,COMPLETED,29688.0,408.6,2.58,27.02
39,easy,11,08:27:02,08:27:02,08:27:20,COMPLETED,23258.0,307.0,0.58,18.95
88,easy,11,08:27:36,08:27:39,08:28:22,COMPLETED,28059.0,714.2,3.29,46.04
109,easy,11,08:28:36,08:28:40,08:28:52,COMPLETED,24930.0,209.0,4.54,16.93
167,medium,14,08:27:01,08:27:02,08:30:01,COMPLETED,34775.0,2979.6,1.58,180.21
12,easy,11,08:29:13,08:29:17,08:30:07,COMPLETED,35253.0,831.5,4.73,54.44
116,easy,11,08:29:42,08:29:42,08:30:13,COMPLETED,32026.0,523.1,0.46,31.69
46,easy,12,08:29:46,08:29:48,08:30:32,COMPLETED,26534.0,726.3,2.74,46.11
119,easy,12,08:28:43,08:28:46,08:30:50,COMPLETED,32185.0,2070.3,3.69,127.74
134,medium,14,08:18:18,08:18:22,08:31:03,COMPLETED,32528.0,12676.3,4.70,765.12
54,easy,11,08:30:59,08:31:03,08:31:09,COMPLETED,25999.0,106.1,4.12,10.40
61,medium,13,08:28:23,08:28:28,08:31:27,COMPLETED,35774.0,2999.1,5.17,184.82
72,easy,11,08:31:26,08:31:27,08:31:34,COMPLETED,22121.0,107.3,1.82,8.20
104,easy,12,08:31:24,08:31:27,08:31:40,COMPLETED,33252.0,211.7,3.82,16.38
35,easy,11,08:32:22,08:32:23,08:33:00,COMPLETED,32669.0,621.3,1.30,38.49
23,easy,11,08:33:29,08:33:31,08:33:55,COMPLETED,34534.0,411.1,2.07,26.64
52,medium,13,08:32:24,08:32:29,08:34:38,COMPLETED,28721.0,2149.0,5.63,134.49
166,medium,14,08:33:06,08:33:06,08:34:56,COMPLETED,28320.0,1839.2,0.63,110.89
25,easy,12,08:33:39,08:33:43,08:35:51,COMPLETED,29464.0,2143.1,4.33,132.83
93,medium,14,08:00:52,08:00:54,08:38:24,COMPLETED,34282.0,37501.7,2.68,2252.74
91,easy,12,08:38:05,08:38:06,08:38:55,COMPLETED,20728.0,828.5,1.15,50.71
65,easy,11,08:38:16,08:38:18,08:39:01,COMPLETED,27736.0,725.4,2.58,45.94
28,easy,12,08:38:24,08:38:24,08:39:45,COMPLETED,28970.0,1345.7,0.74,81.31
44,hard,15,08:26:28,08:26:32,08:39:51,COMPLETED,22907.0,13326.1,4.12,803.55
68,easy,12,08:38:32,08:38:37,08:39:51,COMPLETED,28890.0,1244.4,5.08,79.55
96,easy,11,08:40:14,08:40:16,08:40:22,COMPLETED,28121.0,107.2,2.23,8.47
102,easy,11,08:40:14,08:40:16,08:40:22,COMPLETED,18126.0,107.2,2.23,8.47
38,hard,15,08:29:07,08:29:11,08:41:05,COMPLETED,32641.0,11909.4,4.45,718.90
74,medium,14,08:34:46,08:34:50,08:41:30,COMPLETED,28103.0,6668.9,4.72,404.78
89,easy,11,08:41:21,08:41:24,08:41:49,COMPLETED,33226.0,415.4,3.48,28.25
143,easy,11,08:42:17,08:42:20,08:42:51,COMPLETED,23046.0,522.6,3.24,34.29
169,easy,11,08:42:35,08:42:38,08:42:51,COMPLETED,26821.0,225.7,3.78,16.29
99,easy,12,08:43:32,08:43:35,08:44:18,COMPLETED,32484.0,724.2,3.55,46.94
32,easy,12,08:44:07,08:44:12,08:44:37,COMPLETED,22354.0,414.0,5.75,30.38
64,easy,11,08:44:44,08:44:49,08:45:08,COMPLETED,22087.0,314.1,5.83,24.45
114,easy,12,08:44:34,08:44:37,08:45:20,COMPLETED,25176.0,726.7,3.38,46.89
7,medium,13,08:44:32,08:44:37,08:46:10,COMPLETED,29152.0,1551.9,5.38,98.28
78,easy,12,08:45:04,08:45:08,08:46:16,COMPLETED,23284.0,1137.3,4.45,72.55
34,easy,11,08:46:10,08:46:10,08:46:22,COMPLETED,29778.0,210.1,0.28,12.77
22,easy,12,08:42:09,08:42:13,08:46:41,COMPLETED,36751.0,4460.8,4.94,272.43
70,easy,11,08:46:28,08:46:28,08:46:41,COMPLETED,26131.0,210.8,0.95,13.43
77,medium,13,08:39:18,08:39:20,08:46:53,COMPLETED,33095.0,7558.9,2.47,455.92
69,easy,11,08:46:39,08:46:41,08:46:53,COMPLETED,21647.0,210.9,2.43,14.92
105,easy,12,08:46:26,08:46:28,08:47:00,COMPLETED,25832.0,521.2,2.95,34.12
57,medium,14,08:37:42,08:37:47,08:47:37,COMPLETED,28752.0,9824.6,5.74,595.14
107,medium,13,08:46:46,08:46:47,08:47:55,COMPLETED,25909.0,1135.0,1.69,69.64
129,medium,14,08:19:46,08:19:48,08:49:21,COMPLETED,34130.0,29555.1,2.70,1775.97
156,hard,15,08:13:44,08:13:47,08:49:34,COMPLETED,35715.0,35781.7,3.44,2150.32
117,easy,11,08:49:43,08:49:46,08:49:59,COMPLETED,30762.0,208.8,3.66,16.05
125,easy,12,08:50:40,08:50:42,08:51:06,COMPLETED,23948.0,414.2,2.19,26.89
36,easy,11,08:50:20,08:50:23,08:51:13,COMPLETED,26208.0,825.5,3.68,53.06
131,medium,14,08:42:46,08:42:51,08:52:20,COMPLETED,30653.0,9495.5,5.29,574.94
6,easy,11,08:52:14,08:52:14,08:52:33,COMPLETED,30044.0,312.5,0.74,19.34
13,easy,11,08:52:21,08:52:27,08:52:33,COMPLETED,26138.0,106.4,6.12,12.34
142,hard,15,08:43:25,08:43:29,08:53:10,COMPLETED,37020.0,9689.7,4.20,585.46
128,easy,11,08:52:58,08:52:58,08:53:10,COMPLETED,32563.0,210.5,0.04,12.46
152,easy,12,08:52:49,08:52:51,08:53:22,COMPLETED,27417.0,520.5,2.83,33.86
145,easy,12,08:53:09,08:53:10,08:53:22,COMPLETED,24949.0,210.2,1.46,13.86
92,easy,11,08:53:01,08:53:04,08:53:41,COMPLETED,26567.0,623.8,3.24,40.47
21,easy,11,08:53:33,08:53:35,08:53:47,COMPLETED,30340.0,210.7,2.26,14.71
29,medium,13,08:45:23,08:45:27,08:54:00,COMPLETED,33487.0,8553.4,4.07,517.11
124,easy,12,08:53:57,08:54:00,08:54:24,COMPLETED,17706.0,416.3,3.11,27.94
141,easy,11,08:54:38,08:54:43,08:54:49,COMPLETED,18604.0,110.9,5.57,11.96
133,medium,14,08:39:55,08:39:57,08:55:34,COMPLETED,31312.0,15608.2,2.78,939.04
19,hard,15,08:24:25,08:24:30,08:56:24,COMPLETED,34577.0,31907.2,5.12,1919.47
122,hard,15,08:41:34,08:41:36,08:57:08,COMPLETED,34941.0,15525.7,2.91,934.20
48,medium,13,08:53:47,08:53:47,08:57:08,COMPLETED,32395.0,3348.1,0.71,201.20
50,easy,12,08:57:02,08:57:08,08:57:20,COMPLETED,29654.0,214.8,6.20,18.91
27,easy,12,08:56:44,08:56:49,08:58:10,COMPLETED,27735.0,1354.0,5.44,86.46
132,easy,12,08:58:06,08:58:10,08:58:41,COMPLETED,28600.0,522.8,4.46,35.66
3,medium,13,08:56:55,08:56:55,08:58:54,COMPLETED,33711.0,1975.6,0.72,119.07
151,medium,13,08:47:06,08:47:06,08:59:00,COMPLETED,32014.0,11902.1,0.29,714.30
71,medium,14,08:54:50,08:54:56,08:59:18,COMPLETED,26759.0,4381.9,6.26,268.99
98,medium,13,08:55:33,08:55:34,09:00:14,COMPLETED,34281.0,4680.4,1.04,281.72
112,medium,14,08:51:53,08:51:56,09:00:20,COMPLETED,30404.0,8414.7,3.16,507.92
94,medium,14,08:48:08,08:48:14,09:01:10,COMPLETED,30629.0,12940.5,6.13,782.45
137,medium,14,08:55:13,08:55:14,09:01:16,COMPLETED,30363.0,6030.0,1.98,363.64
154,medium,13,08:58:29,08:58:29,09:02:00,COMPLETED,26138.0,3517.6,0.16,211.12
47,medium,13,08:58:27,08:58:29,09:02:06,COMPLETED,34627.0,3621.9,2.16,219.33
8,medium,14,08:55:02,08:55:02,09:02:18,COMPLETED,28924.0,7271.6,0.55,436.73
185,easy,12,09:01:51,09:01:53,09:02:24,COMPLETED,25998.0,520.9,2.87,33.95
215,easy,12,09:01:35,09:01:35,09:02:31,COMPLETED,27173.0,935.9,0.23,56.15
158,hard,15,08:27:30,08:27:33,09:04:04,COMPLETED,36720.0,36525.7,3.15,2194.60
260,easy,12,09:04:17,09:04:17,09:04:41,COMPLETED,27813.0,415.9,0.15,24.95
176,easy,11,09:04:44,09:04:48,09:05:00,COMPLETED,28701.0,208.7,4.12,16.49
130,medium,14,08:45:03,08:45:08,09:05:06,COMPLETED,28797.0,19972.8,5.45,1203.67
264,easy,12,09:05:03,09:05:06,09:05:12,COMPLETED,25115.0,108.5,3.67,9.93
24,medium,14,08:40:46,08:40:47,09:05:37,COMPLETED,34268.0,24844.4,1.25,1491.86
255,easy,11,09:05:55,09:05:56,09:06:09,COMPLETED,23524.0,217.5,1.50,14.32
303,easy,12,09:05:59,09:06:02,09:06:15,COMPLETED,23334.0,213.3,4.00,16.62
294,medium,14,09:01:31,09:01:35,09:06:21,COMPLETED,36934.0,4780.6,4.23,290.83
173,easy,12,09:07:09,09:07:11,09:08:01,COMPLETED,28964.0,834.3,2.88,52.70
17,hard,15,08:46:24,08:46:28,09:08:07,COMPLETED,29179.0,21653.2,4.95,1303.98
211,medium,13,09:01:00,09:01:04,09:08:26,COMPLETED,21636.0,7377.8,4.22,446.73
267,medium,13,09:06:33,09:06:34,09:09:59,COMPLETED,33428.0,3415.4,1.35,206.08
338,easy,11,09:10:07,09:10:11,09:10:17,COMPLETED,22159.0,106.2,4.57,10.79
230,easy,12,09:09:55,09:09:59,09:10:23,COMPLETED,27929.0,417.2,4.08,28.97
100,medium,14,08:38:47,08:38:49,09:10:54,COMPLETED,35160.0,32091.3,2.41,1927.84
308,easy,12,09:09:58,09:09:59,09:11:07,COMPLETED,29712.0,1136.5,1.08,69.18
245,easy,11,09:10:04,09:10:05,09:11:19,COMPLETED,33711.0,1239.3,1.33,75.51
73,medium,14,08:26:04,08:26:07,09:11:25,COMPLETED,42311.0,45301.2,3.74,2721.76
271,easy,11,09:11:14,09:11:19,09:11:50,COMPLETED,19276.0,520.6,5.51,36.58
300,easy,12,09:11:15,09:11:19,09:11:50,COMPLETED,15556.0,520.3,4.51,35.58
219,easy,11,09:11:33,09:11:38,09:12:02,COMPLETED,23819.0,417.2,5.09,29.99
256,easy,12,09:11:37,09:11:38,09:12:21,COMPLETED,34012.0,725.6,1.09,44.55
110,medium,14,08:19:57,08:20:01,09:13:23,COMPLETED,36380.0,53372.0,4.06,3206.36
205,easy,12,09:11:32,09:11:38,09:13:23,COMPLETED,36866.0,1756.9,6.09,111.36
226,easy,12,09:13:03,09:13:04,09:13:35,COMPLETED,32420.0,520.6,1.65,32.75
207,medium,14,09:08:38,09:08:39,09:13:48,COMPLETED,28988.0,5155.8,1.08,310.22
327,easy,12,09:13:24,09:13:29,09:13:54,COMPLETED,24809.0,421.7,5.54,30.51
66,hard,15,08:24:39,08:24:42,09:14:07,COMPLETED,31784.0,49413.4,3.40,2968.12
328,easy,11,09:14:21,09:14:25,09:14:32,COMPLETED,25496.0,109.4,4.75,11.08
201,medium,13,09:13:54,09:13:54,09:15:34,COMPLETED,27209.0,1664.8,0.51,100.18
234,easy,11,09:16:04,09:16:05,09:16:11,COMPLETED,23214.0,109.7,1.31,7.66
90,medium,13,08:33:57,08:34:01,09:16:42,COMPLETED,31649.0,42684.5,4.77,2565.80
339,easy,11,09:17:28,09:17:32,09:17:38,COMPLETED,27203.0,112.2,4.50,10.87
106,hard,15,08:46:08,08:46:10,09:17:51,COMPLETED,35325.0,31689.6,2.28,1903.53
196,easy,11,09:18:04,09:18:04,09:18:16,COMPLETED,31590.0,213.8,0.09,12.74
306,easy,11,09:18:12,09:18:16,09:18:29,COMPLETED,33052.0,210.4,4.74,17.11
187,easy,12,09:19:02,09:19:06,09:19:37,COMPLETED,26234.0,520.6,4.51,35.61
274,easy,11,09:19:54,09:19:56,09:20:08,COMPLETED,29321.0,209.3,2.14,14.55
204,easy,11,09:20:15,09:20:20,09:20:33,COMPLETED,26984.0,208.7,5.88,18.26
60,hard,15,08:05:39,08:05:39,09:20:39,COMPLETED,36923.0,75004.4,0.18,4500.43
323,easy,11,09:20:54,09:20:58,09:21:04,COMPLETED,22078.0,106.8,4.02,10.27
182,easy,11,09:20:56,09:20:58,09:21:10,COMPLETED,26397.0,209.2,2.02,14.46
251,easy,12,09:20:41,09:20:45,09:21:22,COMPLETED,31494.0,621.8,4.60,41.80
315,medium,13,09:17:20,09:17:26,09:21:28,COMPLETED,32385.0,4046.6,6.31,248.98
229,easy,12,09:20:40,09:20:45,09:21:28,COMPLETED,22789.0,725.6,5.60,48.98
336,medium,13,09:17:33,09:17:38,09:21:41,COMPLETED,30381.0,4044.5,5.87,248.38
95,hard,15,08:21:05,08:21:08,09:22:06,COMPLETED,29728.0,60960.7,3.54,3661.16
191,easy,11,09:22:26,09:22:30,09:22:43,COMPLETED,34118.0,209.2,4.99,17.40
290,easy,11,09:21:36,09:21:41,09:23:01,COMPLETED,35876.0,1345.4,5.38,85.90
236,easy,11,09:22:57,09:23:01,09:23:08,COMPLETED,26412.0,107.6,4.90,11.16
262,easy,11,09:23:10,09:23:14,09:23:20,COMPLETED,19277.0,108.2,4.38,10.64
227,easy,11,09:23:16,09:23:20,09:23:26,COMPLETED,21192.0,107.3,4.64,10.91
200,medium,13,09:21:59,09:21:59,09:23:33,COMPLETED,23873.0,1554.8,0.96,94.10
284,medium,13,09:22:07,09:22:12,09:23:33,COMPLETED,27546.0,1348.1,5.37,86.10
269,easy,12,09:23:36,09:23:39,09:24:10,COMPLETED,28280.0,520.1,3.29,34.34
192,easy,12,09:23:50,09:23:51,09:24:47,COMPLETED,33971.0,940.3,1.72,57.94
242,easy,11,09:24:32,09:24:35,09:24:47,COMPLETED,29609.0,213.3,3.36,15.94
254,medium,13,09:10:35,09:10:36,09:24:54,COMPLETED,36044.0,14299.7,1.31,859.19
195,medium,14,09:17:19,09:17:19,09:25:19,COMPLETED,34525.0,7989.4,0.97,480.07
175,medium,14,09:21:34,09:21:35,09:25:31,COMPLETED,38143.0,3944.4,1.16,237.68
237,medium,14,09:23:08,09:23:08,09:25:44,COMPLETED,27792.0,2603.7,0.16,156.14
208,easy,12,09:25:54,09:25:56,09:26:09,COMPLETED,30026.0,213.9,2.69,15.29
157,medium,14,08:59:17,08:59:18,09:26:34,COMPLETED,30825.0,27253.9,1.99,1637.13
324,easy,12,09:22:59,09:23:01,09:26:34,COMPLETED,32406.0,3538.9,2.90,215.13
209,hard,15,09:18:04,09:18:04,09:26:40,COMPLETED,34274.0,8604.6,0.09,516.31
329,medium,13,09:24:43,09:24:47,09:26:40,COMPLETED,31090.0,1876.0,4.94,117.31
223,easy,11,09:26:37,09:26:40,09:26:52,COMPLETED,23583.0,209.1,3.31,15.72
180,easy,12,09:26:43,09:26:46,09:27:05,COMPLETED,23368.0,312.3,3.52,22.08
312,easy,12,09:26:53,09:26:58,09:27:23,COMPLETED,30627.0,414.2,5.89,30.58
56,medium,14,08:54:10,08:54:12,09:27:29,COMPLETED,33412.0,33289.0,2.51,1999.77
163,medium,14,08:55:00,08:55:02,09:28:00,COMPLETED,39296.0,32967.4,2.55,1980.51
282,medium,13,09:27:03,09:27:05,09:28:00,COMPLETED,22087.0,926.3,2.08,57.51
11,hard,15,08:40:15,08:40:16,09:28:06,COMPLETED,34025.0,47840.0,1.23,2871.68
333,easy,12,09:21:45,09:21:47,09:28:12,COMPLETED,29303.0,6422.1,2.60,387.82
288,easy,11,09:29:57,09:29:57,09:30:03,COMPLETED,24628.0,108.8,0.73,6.90
214,easy,11,09:30:05,09:30:10,09:30:16,COMPLETED,27456.0,107.0,5.30,11.52
275,easy,11,09:30:47,09:30:47,09:30:53,COMPLETED,26836.0,105.9,0.50,6.72
206,easy,11,09:31:03,09:31:06,09:31:12,COMPLETED,21887.0,106.4,3.05,9.27
59,medium,14,08:56:09,08:56:11,09:31:49,COMPLETED,33672.0,35629.7,2.75,2140.45
202,easy,11,09:31:43,09:31:43,09:32:01,COMPLETED,28852.0,312.6,0.22,18.82
309,hard,15,09:24:00,09:24:04,09:32:32,COMPLETED,33179.0,8476.8,4.11,512.62
257,easy,12,09:32:43,09:32:44,09:33:03,COMPLETED,23079.0,311.4,1.93,20.47
326,medium,14,09:23:40,09:23:45,09:33:21,COMPLETED,29254.0,9610.5,5.51,582.00
261,easy,12,09:33:17,09:33:21,09:33:46,COMPLETED,30033.0,414.0,5.00,29.66
331,easy,12,09:33:06,09:33:09,09:33:52,COMPLETED,28491.0,722.7,3.64,46.87
318,easy,11,09:34:04,09:34:05,09:34:23,COMPLETED,25041.0,310.7,1.18,19.68
199,easy,11,09:34:32,09:34:35,09:34:48,COMPLETED,24359.0,209.1,3.98,16.38
330,easy,12,09:30:27,09:30:29,09:34:54,COMPLETED,40367.0,4427.4,2.03,267.56
179,hard,15,09:30:20,09:30:22,09:35:06,COMPLETED,27286.0,4736.7,2.77,286.86
301,medium,14,09:29:24,09:29:26,09:35:37,COMPLETED,30230.0,6185.6,2.83,373.80
170,medium,14,09:31:19,09:31:24,09:36:52,COMPLETED,24630.0,5467.6,5.61,333.47
174,medium,13,09:34:39,09:34:42,09:36:58,COMPLETED,33076.0,2280.2,3.18,139.78
253,medium,13,09:33:43,09:33:46,09:37:17,COMPLETED,25334.0,3517.7,3.66,214.52
233,medium,13,09:31:36,09:31:37,09:37:30,COMPLETED,30087.0,5887.4,1.00,354.14
313,medium,14,09:31:24,09:31:24,09:37:55,COMPLETED,27528.0,6509.1,0.61,391.02
247,medium,14,09:35:16,09:35:19,09:38:57,COMPLETED,30660.0,3643.1,3.17,221.44
292,easy,12,09:37:36,09:37:36,09:38:57,COMPLETED,28381.0,1358.7,0.30,81.44
213,easy,11,09:38:49,09:38:51,09:38:57,COMPLETED,24530.0,112.7,2.11,8.44
307,easy,12,09:38:55,09:38:57,09:39:10,COMPLETED,25230.0,214.7,2.44,15.14
189,easy,11,09:40:02,09:40:05,09:40:18,COMPLETED,30066.0,217.8,3.98,16.57
317,easy,12,09:40:35,09:40:37,09:40:44,COMPLETED,27583.0,109.4,2.75,9.11
241,easy,11,09:40:42,09:40:44,09:40:50,COMPLETED,26315.0,106.5,2.11,8.36
235,easy,11,09:40:44,09:40:44,09:40:50,COMPLETED,21595.0,106.2,0.11,6.36
40,hard,15,08:44:46,08:44:49,09:41:09,COMPLETED,32082.0,56325.3,3.83,3383.24
225,easy,11,09:41:49,09:41:52,09:41:59,COMPLETED,22963.0,106.4,3.81,10.03
270,easy,12,09:41:00,09:41:02,09:42:17,COMPLETED,30260.0,1246.7,2.79,77.54
276,easy,11,09:43:13,09:43:13,09:43:25,COMPLETED,26486.0,210.7,0.22,12.67
244,easy,12,09:41:07,09:41:09,09:43:50,COMPLETED,37388.0,2690.3,2.24,163.52
293,easy,11,09:44:07,09:44:09,09:44:27,COMPLETED,25377.0,312.1,2.05,20.62
126,hard,15,08:13:31,08:13:35,09:44:40,COMPLETED,36643.0,91081.3,4.23,5469.08
332,medium,13,09:41:44,09:41:46,09:44:46,COMPLETED,27830.0,2998.3,2.57,182.27
335,easy,12,09:45:39,09:45:42,09:45:54,COMPLETED,23926.0,210.5,3.19,15.68
240,easy,12,09:45:19,09:45:23,09:46:00,COMPLETED,25700.0,625.7,4.51,41.89
304,medium,14,09:44:45,09:44:46,09:46:31,COMPLETED,25353.0,1765.0,1.27,106.88
218,medium,13,09:45:42,09:45:42,09:46:44,COMPLETED,22849.0,1042.8,0.19,62.54
177,medium,13,09:45:12,09:45:17,09:46:50,COMPLETED,33117.0,1564.1,5.28,98.88
224,easy,12,09:46:27,09:46:31,09:46:50,COMPLETED,22838.0,320.7,4.88,23.88
289,hard,15,09:43:40,09:43:44,09:47:16,COMPLETED,29227.0,3532.2,4.27,216.06
259,medium,14,09:43:43,09:43:44,09:47:59,COMPLETED,29050.0,4262.1,1.27,256.77
299,medium,14,09:35:50,09:35:50,09:48:12,COMPLETED,32746.0,12369.7,0.30,742.32
184,medium,13,09:45:39,09:45:42,09:48:56,COMPLETED,32896.0,3241.8,3.19,197.44
280,easy,12,09:48:25,09:48:31,09:48:56,COMPLETED,28522.0,425.8,6.21,31.44
321,easy,11,09:49:05,09:49:09,09:49:15,COMPLETED,25600.0,113.4,4.14,10.54
85,hard,15,08:58:11,08:58:16,09:49:47,COMPLETED,27733.0,51508.6,5.72,3096.14
183,easy,11,09:50:06,09:50:06,09:50:12,COMPLETED,27694.0,110.0,0.07,6.35
248,easy,11,09:50:17,09:50:18,09:50:56,COMPLETED,27540.0,638.4,1.71,39.74
265,medium,14,09:46:53,09:46:57,09:51:09,COMPLETED,35733.0,4207.3,4.21,256.39
316,easy,11,09:50:51,09:50:56,09:51:09,COMPLETED,21689.0,217.1,5.74,18.39
250,easy,12,09:50:26,09:50:31,09:51:34,COMPLETED,23680.0,1061.3,5.14,68.52
278,medium,14,09:38:41,09:38:44,09:51:53,COMPLETED,24962.0,13149.3,3.77,792.62
291,easy,11,09:53:10,09:53:14,09:53:21,COMPLETED,21942.0,107.4,5.00,11.24
188,medium,14,09:50:42,09:50:43,09:53:39,COMPLETED,36949.0,2936.5,1.94,177.95
197,easy,12,09:54:04,09:54:04,09:54:23,COMPLETED,23546.0,317.3,0.75,19.60
231,easy,11,09:54:07,09:54:11,09:54:29,COMPLETED,24151.0,317.1,4.00,22.84
322,easy,11,09:54:16,09:54:17,09:55:01,COMPLETED,31458.0,733.2,1.34,45.12
283,easy,11,09:55:03,09:55:07,09:55:19,COMPLETED,27251.0,212.5,4.37,16.90
314,medium,14,09:40:57,09:41:02,09:55:44,COMPLETED,30098.0,14702.2,5.79,887.77
310,medium,14,09:47:51,09:47:53,09:56:09,COMPLETED,31653.0,8271.2,2.54,498.66
325,medium,13,09:53:24,09:53:27,09:56:15,COMPLETED,25898.0,2810.3,3.46,171.90
311,easy,12,09:54:24,09:54:29,09:56:15,COMPLETED,20363.0,1771.1,5.84,111.90
249,medium,13,09:48:28,09:48:31,09:56:28,COMPLETED,29580.0,7954.3,3.21,480.42
210,medium,13,09:49:15,09:49:15,09:56:34,COMPLETED,26848.0,7322.4,0.54,439.64
273,easy,11,09:56:17,09:56:22,09:56:34,COMPLETED,29839.0,213.4,5.13,17.64
194,easy,12,09:56:32,09:56:34,09:56:40,COMPLETED,24317.0,108.5,2.64,8.97
172,medium,13,09:48:29,09:48:31,09:57:30,COMPLETED,29909.0,8996.9,2.21,541.97
178,easy,11,09:57:11,09:57:12,09:57:30,COMPLETED,26654.0,317.9,1.18,19.97
186,easy,12,09:57:23,09:57:24,09:58:14,COMPLETED,22657.0,841.3,1.68,51.82
296,medium,13,09:57:45,09:57:49,09:59:17,COMPLETED,30348.0,1464.2,4.71,92.28
239,easy,11,09:59:46,09:59:48,10:00:13,COMPLETED,30958.0,420.8,2.63,27.65
320,medium,13,09:57:25,09:57:30,10:00:57,COMPLETED,27891.0,3445.6,5.97,212.51
446,easy,12,10:00:43,10:00:44,10:01:16,COMPLETED,31018.0,525.8,1.96,33.27
386,easy,11,10:00:33,10:00:38,10:01:35,COMPLETED,35403.0,944.7,5.67,62.07
379,easy,11,10:01:18,10:01:22,10:01:41,COMPLETED,28793.0,318.0,4.53,23.38
360,medium,13,10:00:22,10:00:26,10:01:53,COMPLETED,31786.0,1466.3,4.13,91.88
171,medium,13,09:59:03,09:59:04,10:02:00,COMPLETED,30683.0,2926.7,1.75,177.15
252,easy,12,09:59:30,09:59:36,10:02:12,COMPLETED,36549.0,2612.6,6.09,162.63
181,medium,13,09:54:07,09:54:11,10:02:50,COMPLETED,33285.0,8655.4,4.00,523.16
302,medium,14,09:54:50,09:54:54,10:03:27,COMPLETED,30547.0,8549.4,4.84,517.64
428,easy,12,10:02:40,10:02:43,10:03:27,COMPLETED,29081.0,733.9,3.85,47.64
495,medium,13,10:01:29,10:01:35,10:04:05,COMPLETED,30559.0,2518.7,6.07,156.75
286,medium,14,09:56:32,09:56:34,10:04:12,COMPLETED,31026.0,7631.3,2.64,460.27
421,medium,13,10:02:58,10:03:02,10:04:37,COMPLETED,33851.0,1588.7,4.65,99.76
452,easy,12,10:03:59,10:03:59,10:04:44,COMPLETED,27534.0,749.8,0.25,45.01
457,easy,12,10:03:50,10:03:52,10:04:56,COMPLETED,21956.0,1068.4,2.67,66.57
463,easy,12,10:04:45,10:04:50,10:05:27,COMPLETED,29846.0,629.6,5.27,42.69
144,hard,15,08:06:53,08:06:58,10:06:05,COMPLETED,28626.0,119110.7,5.73,7152.33
501,easy,11,10:06:13,10:06:17,10:06:30,COMPLETED,33364.0,213.4,4.95,17.61
49,hard,15,08:53:41,08:53:41,10:06:36,COMPLETED,28099.0,72923.7,0.47,4375.85
476,easy,11,10:06:18,10:06:24,10:06:49,COMPLETED,25383.0,421.1,6.33,31.37
409,easy,11,10:06:39,10:06:43,10:07:01,COMPLETED,29639.0,316.2,4.09,22.85
277,medium,14,09:49:54,09:49:59,10:08:04,COMPLETED,33632.0,18077.1,5.65,1090.04
279,medium,13,09:40:21,09:40:25,10:08:10,COMPLETED,41496.0,27756.3,4.11,1669.39
493,easy,11,10:08:02,10:08:04,10:08:16,COMPLETED,22829.0,213.5,2.04,14.62
246,hard,15,09:13:10,09:13:10,10:08:22,COMPLETED,27575.0,55201.1,0.87,3312.88
503,easy,11,10:08:45,10:08:47,10:08:54,COMPLETED,23479.0,108.3,2.80,9.10
203,hard,15,09:09:07,09:09:09,10:10:02,COMPLETED,24531.0,60880.6,2.85,3655.63
502,easy,12,10:09:49,10:09:50,10:10:46,COMPLETED,25684.0,935.7,1.16,57.10
352,easy,11,10:11:29,10:11:29,10:11:36,COMPLETED,28232.0,113.9,0.81,7.22
448,easy,11,10:11:35,10:11:36,10:11:42,COMPLETED,30488.0,111.9,1.22,7.70
354,easy,11,10:12:13,10:12:14,10:12:20,COMPLETED,19366.0,115.5,1.25,7.67
441,easy,12,10:13:18,10:13:23,10:13:29,COMPLETED,33650.0,109.9,5.74,11.99
190,hard,15,09:56:33,09:56:34,10:13:55,COMPLETED,32196.0,17348.4,1.64,1042.37
447,easy,12,10:13:57,10:14:01,10:14:20,COMPLETED,24109.0,324.3,4.74,23.88
232,hard,15,09:39:16,09:39:16,10:14:27,COMPLETED,37664.0,35182.9,0.36,2111.24
281,medium,14,09:59:16,09:59:17,10:14:27,COMPLETED,30344.0,15168.4,1.28,911.24
220,hard,15,09:51:54,09:51:59,10:14:39,COMPLETED,30492.0,22668.3,5.83,1365.66
475,medium,13,10:08:30,10:08:35,10:15:04,COMPLETED,28645.0,6498.3,5.30,394.91
485,easy,11,10:15:07,10:15:11,10:15:43,COMPLETED,34055.0,539.2,4.25,36.20
439,medium,13,10:15:13,10:15:17,10:15:49,COMPLETED,28366.0,537.4,4.72,36.67
420,easy,12,10:16:29,10:16:33,10:16:52,COMPLETED,29177.0,319.6,4.52,23.33
415,medium,13,10:16:03,10:16:08,10:16:58,COMPLETED,29125.0,843.9,5.43,55.74
356,hard,15,10:04:01,10:04:05,10:17:30,COMPLETED,32746.0,13409.4,4.75,809.14
435,easy,11,10:17:09,10:17:11,10:17:30,COMPLETED,25129.0,315.8,2.41,21.14
369,easy,12,10:17:33,10:17:36,10:18:01,COMPLETED,30121.0,418.3,3.38,28.24
451,medium,13,10:15:39,10:15:43,10:18:13,COMPLETED,33814.0,2511.2,4.20,154.70
334,hard,15,09:43:02,09:43:06,10:18:38,COMPLETED,30862.0,35527.9,4.97,2136.54
419,medium,14,10:12:20,10:12:20,10:19:09,COMPLETED,31944.0,6817.0,0.67,409.59
423,easy,11,10:20:30,10:20:30,10:20:48,COMPLETED,28907.0,315.4,0.16,18.85
161,hard,15,08:04:00,08:04:02,10:21:13,COMPLETED,32893.0,137192.9,2.19,8233.75
411,easy,12,10:20:52,10:20:55,10:21:44,COMPLETED,25851.0,830.4,3.11,52.75
479,medium,14,10:02:15,10:02:18,10:22:40,COMPLETED,29844.0,20370.7,3.88,1225.87
127,hard,15,08:04:09,08:04:14,10:22:59,COMPLETED,26252.0,138758.9,5.29,8330.66
509,easy,11,10:22:50,10:22:53,10:22:59,COMPLETED,24568.0,112.8,3.40,9.66
494,easy,11,10:22:58,10:22:59,10:23:06,COMPLETED,30221.0,114.4,1.66,8.22
474,hard,15,10:18:01,10:18:01,10:23:31,COMPLETED,34070.0,5510.6,0.24,330.62
487,easy,12,10:22:57,10:22:59,10:24:21,COMPLETED,28559.0,1378.8,2.66,84.98
433,easy,11,10:24:15,10:24:15,10:24:21,COMPLETED,25860.0,114.4,0.57,6.98
348,medium,13,10:23:02,10:23:06,10:24:34,COMPLETED,29491.0,1478.6,4.22,92.66
221,hard,15,09:59:12,09:59:17,10:25:06,COMPLETED,37510.0,25818.9,5.28,1554.25
353,easy,11,10:24:53,10:24:53,10:25:06,COMPLETED,27659.0,215.4,0.54,13.25
390,medium,13,10:26:36,10:26:40,10:27:11,COMPLETED,23771.0,528.2,4.40,35.82
455,easy,12,10:26:18,10:26:21,10:27:18,COMPLETED,27279.0,951.4,3.34,60.13
412,easy,12,10:26:29,10:26:33,10:27:18,COMPLETED,31829.0,741.2,5.00,49.13
445,easy,12,10:27:02,10:27:05,10:27:37,COMPLETED,25621.0,530.1,3.59,35.11
193,medium,14,09:44:31,09:44:33,10:27:49,COMPLETED,30875.0,43265.6,2.81,2598.62
368,easy,11,10:28:55,10:28:58,10:29:04,COMPLETED,26516.0,106.7,3.25,9.48
430,easy,12,10:27:11,10:27:11,10:29:16,COMPLETED,29122.0,2087.3,0.82,125.86
464,easy,11,10:29:53,10:29:53,10:30:00,COMPLETED,28141.0,106.7,0.98,7.21
380,easy,11,10:30:19,10:30:25,10:30:37,COMPLETED,27540.0,216.4,6.06,18.82
364,easy,12,10:30:13,10:30:18,10:30:50,COMPLETED,31760.0,529.4,5.81,37.35
497,easy,11,10:30:50,10:30:50,10:30:56,COMPLETED,24933.0,108.4,0.35,6.61
392,easy,12,10:30:28,10:30:31,10:31:09,COMPLETED,31084.0,632.9,3.39,41.16
418,easy,11,10:31:00,10:31:02,10:31:15,COMPLETED,23337.0,211.5,2.88,15.41
486,hard,15,10:20:08,10:20:11,10:31:27,COMPLETED,29879.0,11274.7,3.51,679.84
389,easy,12,10:30:42,10:30:44,10:31:27,COMPLETED,20432.0,732.5,2.09,45.84
467,medium,14,10:30:09,10:30:12,10:31:34,COMPLETED,25060.0,1360.8,3.58,85.06
395,easy,12,10:32:37,10:32:42,10:33:01,COMPLETED,28950.0,317.1,5.57,24.37
198,hard,15,09:46:27,09:46:31,10:33:20,COMPLETED,34025.0,46805.4,4.88,2813.12
355,easy,12,10:30:25,10:30:25,10:33:26,COMPLETED,27996.0,3023.6,0.06,181.34
341,easy,11,10:33:28,10:33:32,10:33:38,COMPLETED,27975.0,108.4,4.59,10.87
358,medium,14,10:06:12,10:06:17,10:33:51,COMPLETED,29845.0,27561.0,5.95,1659.39
404,medium,13,10:32:38,10:32:42,10:33:51,COMPLETED,31443.0,1152.2,4.57,73.39
488,medium,14,10:12:16,10:12:20,10:34:04,COMPLETED,31807.0,21726.2,4.67,1308.09
484,easy,12,10:35:07,10:35:07,10:35:19,COMPLETED,32622.0,216.7,0.23,12.87
319,hard,15,09:35:25,09:35:25,10:36:04,COMPLETED,28998.0,60647.0,0.36,3639.07
491,easy,12,10:36:00,10:36:04,10:36:16,COMPLETED,33692.0,210.9,4.07,16.53
468,medium,13,10:32:25,10:32:30,10:38:08,COMPLETED,27410.0,5654.5,5.02,343.99
431,easy,12,10:37:14,10:37:18,10:38:08,COMPLETED,26228.0,845.2,4.68,54.99
480,medium,13,10:34:26,10:34:29,10:38:21,COMPLETED,25315.0,3879.1,3.35,235.78
496,easy,11,10:38:11,10:38:15,10:38:34,COMPLETED,31959.0,323.6,4.45,23.40
216,hard,15,09:45:19,09:45:23,10:38:40,COMPLETED,31616.0,53294.2,4.51,3201.92
424,easy,11,10:38:37,10:38:40,10:38:47,COMPLETED,18578.0,114.2,3.92,10.43
372,easy,11,10:39:02,10:39:06,10:39:12,COMPLETED,22456.0,117.4,4.48,10.92
350,easy,11,10:39:12,10:39:12,10:39:19,COMPLETED,29325.0,115.8,0.92,7.60
465,medium,13,10:37:28,10:37:31,10:40:10,COMPLETED,28981.0,2652.0,3.27,162.16
508,medium,14,10:15:15,10:15:17,10:40:16,COMPLETED,26122.0,24980.1,2.72,1501.46
481,easy,11,10:39:07,10:39:12,10:40:16,COMPLETED,33716.0,1063.0,5.92,69.46
388,easy,12,10:38:30,10:38:34,10:40:28,COMPLETED,31818.0,1913.0,4.40,118.99
365,easy,11,10:40:34,10:40:35,10:40:41,COMPLETED,28527.0,108.3,1.24,7.51
263,hard,15,09:38:21,09:38:25,10:40:47,COMPLETED,30852.0,62364.1,4.98,3746.76
376,easy,12,10:40:13,10:40:16,10:40:47,COMPLETED,25584.0,525.7,3.46,34.76
459,easy,12,10:37:38,10:37:43,10:41:37,COMPLETED,32756.0,3902.2,5.80,239.75
405,easy,12,10:41:12,10:41:12,10:41:56,COMPLETED,27428.0,733.6,0.66,44.47
400,easy,12,10:41:28,10:41:31,10:42:21,COMPLETED,35280.0,837.1,3.46,53.43
387,medium,13,10:40:07,10:40:10,10:42:27,COMPLETED,25564.0,2296.7,3.16,140.72
498,easy,11,10:42:09,10:42:15,10:42:40,COMPLETED,26981.0,422.7,6.15,31.26
391,easy,12,10:42:21,10:42:21,10:42:46,COMPLETED,30126.0,422.1,0.43,25.54
403,medium,13,10:41:23,10:41:25,10:43:42,COMPLETED,36710.0,2297.8,2.15,139.86
406,easy,11,10:44:11,10:44:14,10:44:45,COMPLETED,31516.0,526.7,3.02,34.39
492,medium,13,10:38:54,10:39:00,10:45:04,COMPLETED,31152.0,6076.4,6.03,370.30
382,medium,13,10:43:02,10:43:05,10:45:04,COMPLETED,22913.0,1990.5,3.27,122.30
458,easy,11,10:44:38,10:44:39,10:45:42,COMPLETED,36160.0,1068.3,1.05,64.50
425,easy,12,10:45:38,10:45:42,10:45:55,COMPLETED,27857.0,227.7,4.50,17.77
366,easy,12,10:45:40,10:45:42,10:46:08,COMPLETED,28141.0,436.7,2.50,28.49
461,easy,11,10:45:47,10:45:49,10:46:14,COMPLETED,26679.0,431.4,2.27,27.84
374,easy,12,10:45:40,10:45:42,10:46:21,COMPLETED,26233.0,647.0,2.50,41.19
363,easy,11,10:46:05,10:46:08,10:46:21,COMPLETED,22957.0,218.5,3.49,16.19
362,easy,11,10:45:40,10:45:42,10:46:33,COMPLETED,25411.0,859.8,2.50,53.89
454,medium,13,10:46:06,10:46:08,10:47:44,COMPLETED,29711.0,1597.0,2.49,98.13
370,easy,11,10:47:51,10:47:56,10:48:09,COMPLETED,24559.0,224.4,5.64,18.58
504,easy,12,10:48:22,10:48:22,10:49:07,COMPLETED,27924.0,760.4,0.60,45.66
499,medium,13,10:47:18,10:47:18,10:49:46,COMPLETED,30161.0,2471.1,0.56,148.30
483,easy,11,10:49:27,10:49:33,10:49:46,COMPLETED,17359.0,225.7,6.39,19.30
410,easy,12,10:47:54,10:47:56,10:49:53,COMPLETED,30394.0,1945.2,2.64,119.01
359,easy,12,10:49:21,10:49:26,10:49:53,COMPLETED,19069.0,443.8,5.99,32.01
432,medium,13,10:32:26,10:32:30,10:49:59,COMPLETED,34075.0,17497.5,4.02,1053.68
399,easy,12,10:49:26,10:49:26,10:49:59,COMPLETED,25577.0,551.4,0.99,33.68
268,hard,15,09:55:42,09:55:44,10:50:06,COMPLETED,31757.0,54357.7,2.77,3264.15
462,hard,15,10:34:05,10:34:10,10:50:18,COMPLETED,34545.0,16146.0,5.33,973.85
500,easy,12,10:44:11,10:44:14,10:51:04,COMPLETED,33230.0,6841.8,3.02,413.37
394,medium,13,10:49:06,10:49:07,10:51:16,COMPLETED,30151.0,2158.5,1.66,130.94
417,easy,12,10:50:49,10:50:51,10:51:23,COMPLETED,24691.0,538.5,2.12,34.23
470,medium,13,10:48:04,10:48:09,10:52:01,COMPLETED,28315.0,3860.9,5.58,237.02
478,easy,11,10:52:27,10:52:32,10:52:45,COMPLETED,24312.0,215.2,5.45,18.09
381,medium,14,10:36:59,10:36:59,10:53:10,COMPLETED,28449.0,16176.0,0.93,971.33
436,medium,14,10:51:34,10:51:35,10:53:10,COMPLETED,32177.0,1579.9,1.80,96.33
397,easy,12,10:52:28,10:52:32,10:53:41,COMPLETED,32478.0,1161.0,4.45,73.88
343,medium,13,10:52:57,10:52:57,10:53:54,COMPLETED,26572.0,950.7,0.69,57.48
450,easy,11,10:54:26,10:54:26,10:54:45,COMPLETED,29160.0,325.8,0.03,19.27
434,easy,12,10:54:17,10:54:19,10:55:04,COMPLETED,24807.0,751.5,2.64,47.37
361,easy,11,10:55:02,10:55:04,10:55:10,COMPLETED,30078.0,112.5,2.37,8.78
351,easy,12,10:55:08,10:55:10,10:55:36,COMPLETED,26063.0,427.3,2.78,28.11
427,easy,12,10:54:36,10:54:38,10:55:48,COMPLETED,27793.0,1171.8,2.86,72.84
429,easy,12,10:55:29,10:55:29,10:55:48,COMPLETED,22042.0,324.1,0.76,19.84
477,medium,13,10:51:43,10:51:48,10:56:21,COMPLETED,30669.0,4555.7,5.43,278.35
287,hard,15,09:56:53,09:56:53,10:56:40,COMPLETED,33332.0,59790.7,0.43,3587.68
489,easy,12,10:56:38,10:56:40,10:57:45,COMPLETED,33248.0,1085.9,2.68,67.34
393,easy,11,10:57:35,10:57:51,10:57:58,COMPLETED,22156.0,118.4,16.90,23.49
456,easy,12,10:56:54,10:57:00,10:58:05,COMPLETED,30657.0,1084.7,6.31,71.05
437,easy,11,10:58:27,10:58:30,10:58:50,COMPLETED,23114.0,337.3,3.88,23.64
453,hard,15,10:41:20,10:41:25,10:59:03,COMPLETED,33608.0,17647.3,5.15,1063.82
346,easy,12,10:58:42,10:58:57,11:00:27,COMPLETED,28598.0,1521.7,15.18,105.99
396,medium,13,10:55:02,10:55:04,11:01:00,COMPLETED,31674.0,5936.9,2.37,358.33
422,easy,12,10:59:47,10:59:48,11:01:06,COMPLETED,32725.0,1305.4,1.77,79.68
426,easy,12,10:59:54,11:01:06,11:02:11,COMPLETED,26627.0,1091.3,72.68,137.85
546,easy,12,11:00:41,11:02:18,11:03:21,COMPLETED,27732.0,1058.8,97.19,160.42
340,medium,14,10:54:27,10:54:32,11:03:27,COMPLETED,27189.0,8927.3,5.45,540.75
473,medium,14,10:54:18,10:54:19,11:03:34,COMPLETED,32365.0,9250.2,1.64,556.15
628,easy,11,11:00:48,11:03:27,11:03:34,COMPLETED,18685.0,117.7,159.75,166.15
482,hard,15,10:29:11,10:29:16,11:03:40,COMPLETED,34168.0,34403.5,5.86,2069.86
643,easy,11,11:01:06,11:03:40,11:03:47,COMPLETED,24442.0,112.9,154.86,161.27
656,easy,12,11:01:42,11:03:53,11:04:00,COMPLETED,27580.0,111.2,131.71,138.07
599,easy,11,11:00:52,11:03:34,11:04:44,COMPLETED,36219.0,1174.3,162.15,232.32
398,medium,14,10:50:41,10:50:44,11:04:50,COMPLETED,28417.0,14106.1,3.55,849.65
650,easy,11,11:02:51,11:04:57,11:05:03,COMPLETED,28978.0,113.4,126.04,132.49
624,medium,13,11:00:29,11:01:13,11:05:16,COMPLETED,26147.0,4056.4,44.14,287.25
646,easy,11,11:03:06,11:05:22,11:05:41,COMPLETED,24489.0,324.7,136.58,155.68
460,hard,15,10:34:39,10:34:41,11:06:00,COMPLETED,29057.0,31317.5,2.84,1881.76
591,easy,11,11:03:18,11:06:07,11:06:13,COMPLETED,27013.0,112.0,169.10,175.52
670,easy,11,11:03:16,11:05:48,11:06:19,COMPLETED,27866.0,535.1,152.09,183.85
564,medium,13,11:03:52,11:06:19,11:08:14,COMPLETED,26860.0,1908.9,147.85,262.08
217,hard,15,09:48:47,09:48:50,11:08:26,COMPLETED,26703.0,79610.9,3.20,4779.77
373,hard,15,10:32:16,10:32:17,11:08:39,COMPLETED,29229.0,36367.5,1.54,2183.45
295,hard,15,09:20:41,09:20:45,11:08:45,COMPLETED,36869.0,108003.7,4.60,6484.79
305,medium,14,09:56:47,09:56:47,11:08:58,COMPLETED,40875.0,72190.5,0.18,4331.53
632,easy,11,11:05:18,11:08:45,11:09:04,COMPLETED,27974.0,323.5,207.79,226.86
666,easy,12,11:04:59,11:08:33,11:09:17,COMPLETED,33260.0,747.0,214.11,258.61
678,easy,12,11:05:40,11:08:52,11:09:17,COMPLETED,26706.0,429.5,192.17,217.61
511,medium,13,11:02:55,11:05:09,11:09:30,COMPLETED,28071.0,4346.1,134.87,395.36
663,easy,11,11:07:20,11:09:23,11:09:43,COMPLETED,25494.0,323.6,123.97,143.12
506,hard,15,10:47:18,10:47:18,11:09:55,COMPLETED,31175.0,22624.5,0.56,1357.88
345,medium,14,10:55:55,10:55:55,11:10:34,COMPLETED,30669.0,14651.5,0.23,879.10
556,easy,12,11:06:15,11:09:11,11:10:34,COMPLETED,31004.0,1385.9,176.24,259.10
518,easy,11,11:08:00,11:10:40,11:10:59,COMPLETED,28984.0,322.3,160.43,179.49
597,easy,12,11:08:08,11:11:05,11:11:12,COMPLETED,25679.0,111.1,177.83,184.19
258,hard,15,09:19:38,09:19:43,11:11:24,COMPLETED,34505.0,111686.2,5.78,6706.89
673,medium,13,11:04:30,11:08:20,11:11:50,COMPLETED,32408.0,3505.3,230.41,440.42
466,medium,14,10:27:47,10:27:49,11:12:15,COMPLETED,33692.0,44440.3,2.62,2668.93
443,medium,13,10:43:13,10:43:17,11:13:00,COMPLETED,34110.0,29711.2,4.86,1787.30
540,medium,14,11:01:05,11:03:40,11:13:13,COMPLETED,32118.0,9549.8,155.86,728.45
367,medium,14,10:55:31,10:55:42,11:13:20,COMPLETED,39093.0,17634.0,11.45,1069.00
668,easy,11,11:11:38,11:13:26,11:13:39,COMPLETED,24308.0,219.3,108.64,121.49
610,easy,11,11:12:02,11:13:45,11:13:58,COMPLETED,22610.0,224.0,103.82,116.77
660,medium,13,11:07:48,11:09:49,11:14:57,COMPLETED,26505.0,5134.0,121.46,429.09
449,hard,15,10:32:03,10:32:05,11:15:22,COMPLETED,36283.0,43295.5,2.08,2599.67
625,easy,11,11:13:27,11:15:29,11:15:54,COMPLETED,28457.0,433.1,122.05,147.66
490,medium,14,10:52:05,10:52:07,11:16:26,COMPLETED,35894.0,24320.7,2.31,1461.37
573,medium,13,11:13:25,11:15:03,11:16:32,COMPLETED,34240.0,1490.7,98.60,187.70
535,easy,12,11:13:52,11:16:39,11:17:29,COMPLETED,27358.0,848.3,167.08,217.68
602,medium,13,11:08:39,11:11:18,11:18:07,COMPLETED,27789.0,6822.9,159.52,568.63
407,hard,15,10:44:36,10:44:39,11:18:13,COMPLETED,36781.0,33584.8,3.05,2017.96
552,medium,14,11:01:32,11:03:47,11:18:45,COMPLETED,34315.0,14976.3,135.27,1033.63
605,easy,12,11:14:52,11:18:51,11:19:17,COMPLETED,28052.0,426.6,239.96,265.25
581,medium,13,11:07:40,11:09:36,11:19:29,COMPLETED,26940.0,9891.1,116.71,709.93
533,easy,11,11:15:45,11:19:23,11:19:36,COMPLETED,28904.0,217.3,218.58,231.27
651,medium,13,11:11:07,11:13:20,11:19:42,COMPLETED,36953.0,6382.6,133.00,515.65
671,medium,13,11:04:09,11:06:26,11:20:52,COMPLETED,40927.0,14448.3,137.22,1003.90
401,hard,15,10:54:21,10:54:26,11:21:05,COMPLETED,36216.0,26665.3,5.03,1604.62
594,medium,13,11:18:36,11:19:49,11:21:05,COMPLETED,30685.0,1285.2,73.03,149.62
662,easy,11,11:19:13,11:21:12,11:21:44,COMPLETED,26552.0,544.8,119.19,151.39
595,easy,11,11:19:22,11:21:50,11:21:57,COMPLETED,25959.0,118.2,148.94,155.55
544,easy,11,11:20:32,11:22:04,11:22:23,COMPLETED,21971.0,331.3,92.07,111.45
612,medium,13,11:15:49,11:19:36,11:23:02,COMPLETED,39225.0,3441.8,227.27,433.46
653,easy,12,11:21:08,11:23:08,11:23:21,COMPLETED,24044.0,227.2,120.82,133.91
621,medium,14,11:14:36,11:18:13,11:23:47,COMPLETED,27540.0,5575.1,217.96,551.98
534,easy,12,11:20:41,11:22:29,11:24:33,COMPLETED,34513.0,2066.9,109.00,232.54
568,easy,11,11:21:43,11:24:40,11:24:52,COMPLETED,27945.0,222.0,177.07,189.74
349,hard,15,10:43:30,10:43:30,11:26:36,COMPLETED,32915.0,43099.7,0.35,2586.10
615,medium,14,11:17:21,11:19:42,11:26:36,COMPLETED,25132.0,6899.1,141.65,555.10
563,medium,14,11:02:26,11:04:06,11:27:33,COMPLETED,38658.0,23457.9,100.40,1507.66
672,easy,12,11:21:50,11:24:59,11:27:40,COMPLETED,27967.0,2682.0,189.45,350.02
416,medium,13,10:51:39,10:51:42,11:28:11,COMPLETED,37226.0,36498.9,3.12,2192.76
565,easy,11,11:23:00,11:27:40,11:28:18,COMPLETED,25175.0,644.4,280.02,318.24
629,easy,12,11:23:37,11:28:18,11:28:50,COMPLETED,28236.0,539.3,281.24,313.28
623,medium,13,11:23:41,11:28:24,11:30:00,COMPLETED,33530.0,1596.3,283.73,379.15
528,easy,11,11:23:50,11:28:56,11:30:06,COMPLETED,28943.0,1171.4,306.64,376.55
667,easy,11,11:24:40,11:30:06,11:30:19,COMPLETED,24291.0,218.6,326.55,339.36
554,medium,13,11:13:51,11:16:32,11:31:54,COMPLETED,25502.0,15365.4,161.70,1083.37
516,medium,14,11:14:49,11:18:20,11:32:07,COMPLETED,30075.0,13785.4,211.33,1038.04
636,easy,12,11:25:46,11:32:13,11:32:39,COMPLETED,23796.0,436.8,387.58,413.49
442,hard,15,10:48:25,10:48:29,11:33:24,COMPLETED,31192.0,44928.0,4.12,2699.55
590,medium,14,11:21:23,11:23:28,11:33:50,COMPLETED,29939.0,10383.2,125.49,747.92
607,easy,12,11:26:29,11:33:57,11:34:10,COMPLETED,23539.0,223.5,448.65,461.76
577,easy,12,11:26:35,11:34:17,11:35:02,COMPLETED,24008.0,758.1,462.08,507.08
548,easy,12,11:27:32,11:35:08,11:36:00,COMPLETED,23153.0,867.9,456.60,508.37
438,hard,15,10:56:44,10:56:47,11:36:13,COMPLETED,28646.0,39436.0,3.14,2369.12
619,easy,11,11:27:38,11:36:19,11:36:38,COMPLETED,32466.0,322.1,521.46,540.48
515,easy,11,11:28:01,11:36:44,11:36:51,COMPLETED,26445.0,111.1,523.81,530.18
585,easy,12,11:28:08,11:36:57,11:37:10,COMPLETED,24450.0,216.4,529.51,542.19
586,easy,12,11:28:24,11:37:16,11:37:54,COMPLETED,29813.0,639.1,532.51,570.56
674,medium,14,11:10:14,11:13:06,11:38:00,COMPLETED,30497.0,24905.5,172.84,1666.89
589,easy,12,11:27:34,11:36:06,11:38:19,COMPLETED,30381.0,2226.0,512.71,645.98
649,easy,11,11:29:02,11:38:26,11:38:38,COMPLETED,20036.0,216.5,564.31,576.98
526,medium,14,11:21:27,11:23:54,11:39:10,COMPLETED,30246.0,15271.9,147.55,1063.61
371,hard,15,10:49:34,10:49:39,11:39:29,COMPLETED,29223.0,49831.3,5.96,2995.69
665,medium,13,11:25:31,11:32:00,11:39:29,COMPLETED,30288.0,7488.2,389.69,838.69
677,easy,12,11:29:20,11:39:16,11:40:26,COMPLETED,32654.0,1168.8,596.96,666.73
647,easy,12,11:29:23,11:39:36,11:41:11,COMPLETED,23542.0,1590.4,613.04,708.14
598,easy,12,11:30:04,11:41:17,11:41:36,COMPLETED,30534.0,324.5,673.54,692.68
645,medium,13,11:29:03,11:38:45,11:41:49,COMPLETED,28242.0,3074.4,582.32,766.44
512,easy,11,11:31:19,11:41:55,11:42:14,COMPLETED,29168.0,321.9,636.83,655.83
522,medium,13,11:29:20,11:39:36,11:43:31,COMPLETED,26946.0,3928.4,616.04,851.23
510,medium,14,11:08:46,11:12:22,11:44:03,COMPLETED,26391.0,31694.4,216.31,2117.61
655,medium,13,11:26:05,11:32:45,11:44:22,COMPLETED,28022.0,11624.1,400.81,1097.82
661,easy,11,11:32:14,11:44:10,11:44:29,COMPLETED,30973.0,325.9,716.14,735.36
551,medium,14,11:30:25,11:41:43,11:45:40,COMPLETED,34065.0,3969.4,678.03,915.70
514,medium,14,11:28:35,11:38:00,11:46:00,COMPLETED,25083.0,7996.2,565.89,1045.26
532,easy,12,11:32:50,11:44:35,11:46:13,COMPLETED,28296.0,1631.3,705.73,803.11
604,easy,11,11:34:22,11:46:19,11:46:26,COMPLETED,28769.0,118.3,717.67,724.29
149,hard,15,08:43:30,08:43:35,11:46:39,COMPLETED,30835.0,183064.4,5.55,10989.39
644,easy,12,11:32:54,11:45:47,11:46:45,COMPLETED,24415.0,988.4,773.27,831.97
531,easy,11,11:34:30,11:46:32,11:46:45,COMPLETED,34779.0,230.1,722.82,735.97
630,easy,11,11:34:38,11:46:45,11:46:59,COMPLETED,27743.0,233.4,727.97,741.39
562,easy,11,11:34:40,11:46:52,11:46:59,COMPLETED,26958.0,122.7,732.67,739.39
529,easy,12,11:32:17,11:44:29,11:47:06,COMPLETED,32379.0,2618.9,732.36,889.09
550,easy,11,11:35:12,11:46:52,11:47:06,COMPLETED,28332.0,229.4,700.67,714.09
527,easy,11,11:35:30,11:47:06,11:47:25,COMPLETED,28395.0,330.5,696.09,715.44
561,easy,11,11:36:35,11:47:12,11:47:25,COMPLETED,30476.0,223.8,637.55,650.44
588,easy,12,11:37:56,11:47:32,11:47:44,COMPLETED,22112.0,220.8,576.02,588.76
635,medium,13,11:31:39,11:43:37,11:47:57,COMPLETED,31285.0,4343.5,718.80,978.95
545,easy,11,11:38:47,11:47:51,11:48:11,COMPLETED,24288.0,337.6,544.31,564.08
519,medium,14,11:24:56,11:30:12,11:48:37,COMPLETED,30641.0,18410.6,316.95,1421.24
537,easy,11,11:40:11,11:48:43,11:48:50,COMPLETED,24929.0,115.7,512.67,519.30
243,hard,15,09:10:02,09:10:05,11:49:09,COMPLETED,34713.0,159074.6,3.33,9547.77
444,hard,15,10:47:52,10:47:56,11:52:06,COMPLETED,32739.0,64169.5,4.64,3854.78
413,hard,15,10:46:10,10:46:14,11:52:44,COMPLETED,26580.0,66503.7,4.84,3994.94
642,hard,15,11:18:44,11:20:59,11:52:44,COMPLETED,31514.0,31765.6,135.25,2040.94
609,easy,11,11:43:44,11:52:51,11:52:57,COMPLETED,21770.0,111.0,547.29,553.70
520,easy,12,11:40:41,11:52:13,11:53:04,COMPLETED,26869.0,854.2,692.11,743.02
560,easy,11,11:43:31,11:52:51,11:53:16,COMPLETED,23540.0,429.4,560.29,585.76
347,medium,14,10:58:32,10:58:37,11:56:21,COMPLETED,34558.0,57744.2,5.52,3469.97
613,hard,15,11:12:27,11:14:05,11:56:21,COMPLETED,26579.0,42282.6,98.30,2634.97
580,hard,15,11:07:52,11:10:02,11:56:28,COMPLETED,28621.0,46444.6,130.27,2916.41
600,easy,11,11:45:10,11:56:28,11:56:35,COMPLETED,26313.0,120.8,678.41,685.19
285,hard,15,09:49:44,09:49:47,11:56:54,COMPLETED,36491.0,127125.6,3.14,7630.57
631,medium,14,11:40:23,11:49:16,11:58:37,COMPLETED,32851.0,9370.4,533.12,1094.90
471,hard,15,10:39:12,10:39:12,11:58:44,COMPLETED,32571.0,79527.3,0.92,4772.44
626,easy,12,11:47:16,11:58:44,11:59:23,COMPLETED,26073.0,656.4,688.44,727.31
337,hard,15,09:57:57,09:58:02,11:59:36,COMPLETED,31710.0,121572.4,5.26,7299.49
606,easy,12,11:45:34,11:56:35,11:59:56,COMPLETED,29357.0,3355.1,661.19,862.03
648,easy,12,11:47:48,11:59:43,12:00:15,COMPLETED,28120.0,548.3,715.04,747.45
603,medium,13,11:14:22,11:17:36,12:01:31,COMPLETED,43386.0,43932.7,194.01,2829.79
639,easy,12,11:49:04,12:01:38,12:02:16,COMPLETED,27571.0,641.5,754.11,792.26
611,medium,13,11:47:45,11:59:29,12:02:22,COMPLETED,26249.0,2884.9,704.88,877.63
617,easy,11,11:49:31,12:02:22,12:02:35,COMPLETED,24246.0,218.2,771.63,784.37
675,medium,13,11:49:39,12:02:41,12:03:07,COMPLETED,28642.0,428.3,782.76,808.15
679,medium,14,11:44:49,11:56:28,12:03:26,COMPLETED,37769.0,6967.5,699.41,1117.20
542,medium,13,11:49:55,12:03:13,12:03:26,COMPLETED,25055.0,217.3,798.48,811.20
641,easy,12,11:51:11,12:03:32,12:03:45,COMPLETED,22674.0,216.9,741.54,754.28
669,medium,13,11:31:35,11:42:21,12:04:23,COMPLETED,32378.0,22037.8,646.17,1968.22
555,medium,13,11:51:31,12:03:51,12:04:54,COMPLETED,29069.0,1060.1,740.61,803.90
601,medium,14,11:47:44,11:58:51,12:06:11,COMPLETED,26884.0,7352.0,667.10,1107.78
523,medium,14,11:44:47,11:53:23,12:06:18,COMPLETED,29946.0,12925.3,516.08,1291.28
582,easy,12,11:52:18,12:06:18,12:06:50,COMPLETED,26260.0,542.6,840.28,872.54
344,hard,15,10:19:45,10:19:46,12:06:56,COMPLETED,34693.0,107172.3,1.72,6431.86
549,easy,11,11:52:19,12:06:24,12:07:16,COMPLETED,34101.0,871.8,845.71,897.50
633,easy,11,11:52:40,12:07:03,12:07:23,COMPLETED,29864.0,331.7,863.51,883.07
517,easy,11,11:53:45,12:07:29,12:07:35,COMPLETED,28028.0,114.2,824.44,830.80
572,medium,14,11:21:57,11:26:42,12:07:42,COMPLETED,44362.0,41001.3,285.67,2745.33
536,easy,11,11:54:49,12:07:48,12:08:01,COMPLETED,32927.0,219.5,779.99,792.85
513,easy,11,11:54:05,12:07:42,12:08:08,COMPLETED,32635.0,441.3,817.33,843.18
634,easy,12,11:51:37,12:04:29,12:08:14,COMPLETED,28432.0,3766.0,772.56,997.86
616,medium,13,11:50:57,12:03:32,12:09:52,COMPLETED,26560.0,6332.6,755.54,1135.01
578,medium,14,11:49:35,12:02:29,12:10:17,COMPLETED,31850.0,7825.2,774.02,1242.99
81,hard,15,08:53:20,08:53:22,12:10:31,COMPLETED,25692.0,197141.3,2.86,11831.27
579,easy,11,11:56:26,12:10:24,12:10:44,COMPLETED,28507.0,335.8,838.63,858.49
658,easy,11,11:56:47,12:10:37,12:10:57,COMPLETED,26302.0,334.4,830.90,850.43
587,easy,11,11:57:28,12:10:50,12:11:04,COMPLETED,26664.0,226.6,802.82,816.03
620,easy,12,11:57:49,12:11:04,12:11:10,COMPLETED,24610.0,113.9,795.03,801.45
657,easy,12,11:58:47,12:11:10,12:11:16,COMPLETED,19762.0,117.4,743.45,749.91
575,medium,14,11:39:45,11:48:17,12:11:55,COMPLETED,30189.0,23641.1,512.64,1930.87
557,medium,13,11:56:22,12:09:58,12:12:14,COMPLETED,26743.0,2276.3,816.59,952.88
593,easy,12,11:59:53,12:12:21,12:12:46,COMPLETED,31468.0,428.4,748.21,773.56
574,easy,12,11:59:14,12:12:02,12:12:59,COMPLETED,25679.0,958.1,768.21,825.35
342,hard,15,10:39:55,10:39:57,12:13:37,COMPLETED,34839.0,93671.2,2.40,5622.59
553,easy,12,11:58:54,12:11:23,12:14:15,COMPLETED,28249.0,2872.3,749.55,921.52
732,easy,12,12:00:02,12:13:05,12:14:21,COMPLETED,27938.0,1276.5,783.73,859.94
571,medium,13,11:58:50,12:11:16,12:14:28,COMPLETED,34088.0,3196.7,746.91,938.36
747,easy,11,12:01:01,12:14:28,12:14:53,COMPLETED,31884.0,430.6,807.36,832.83
843,easy,12,12:01:18,12:15:00,12:15:51,COMPLETED,21656.0,852.6,822.24,873.04
818,medium,14,12:01:05,12:14:34,12:15:57,COMPLETED,32141.0,1384.4,809.76,892.42
837,easy,11,12:02:09,12:15:57,12:16:35,COMPLETED,29213.0,644.1,828.42,866.61
622,medium,14,11:34:05,11:46:06,12:17:26,COMPLETED,37994.0,31335.1,721.75,2601.62
583,medium,13,11:56:09,12:08:21,12:18:04,COMPLETED,30256.0,9722.2,732.62,1315.68
687,easy,12,12:03:08,12:17:33,12:18:30,COMPLETED,31852.0,955.0,865.01,922.01
638,medium,13,11:52:37,12:06:56,12:19:39,COMPLETED,38657.0,12723.2,859.86,1622.97
800,easy,12,12:03:14,12:18:11,12:20:05,COMPLETED,35317.0,1912.8,897.01,1011.43
524,medium,14,11:55:10,12:08:08,12:20:18,COMPLETED,26898.0,12172.2,778.18,1508.26
784,easy,11,12:04:56,12:20:11,12:20:30,COMPLETED,34483.0,324.0,915.82,934.95
810,easy,12,12:05:58,12:20:37,12:21:40,COMPLETED,32678.0,1058.6,879.29,942.49
705,easy,11,12:06:40,12:21:46,12:22:31,COMPLETED,31237.0,746.2,906.83,951.07
627,hard,15,11:25:18,11:30:25,12:23:29,COMPLETED,34950.0,53065.8,307.69,3491.34
640,hard,15,11:05:52,11:09:04,12:23:42,COMPLETED,33419.0,74631.0,192.86,4670.48
797,easy,12,12:07:07,12:23:35,12:23:55,COMPLETED,27477.0,329.7,988.88,1008.37
717,medium,13,12:07:01,12:22:37,12:24:21,COMPLETED,24752.0,1735.2,936.64,1040.25
541,hard,15,11:45:47,11:56:41,12:25:12,COMPLETED,36430.0,28511.1,654.80,2365.25
212,hard,15,09:14:52,09:14:57,12:27:06,COMPLETED,29608.0,192155.4,5.04,11534.32
685,medium,13,12:00:45,12:14:21,12:28:41,COMPLETED,27616.0,14326.0,816.94,1676.24
664,hard,15,11:07:57,11:10:40,12:28:53,COMPLETED,38600.0,78227.3,163.43,4856.93
718,easy,11,12:09:22,12:29:00,12:29:06,COMPLETED,27246.0,111.0,1178.26,1184.61
538,hard,15,11:39:06,11:48:04,12:29:12,COMPLETED,29400.0,41145.2,538.50,3006.95
778,easy,12,12:10:17,12:29:19,12:29:57,COMPLETED,30995.0,643.4,1142.35,1180.45
385,hard,15,10:49:42,10:49:46,12:30:42,COMPLETED,35102.0,100939.9,4.30,6060.54
700,easy,11,12:10:40,12:30:49,12:30:55,COMPLETED,28182.0,114.3,1209.07,1215.43
779,easy,11,12:11:34,12:31:01,12:31:15,COMPLETED,24176.0,229.3,1167.97,1181.15
408,hard,15,10:35:26,10:35:26,12:31:34,COMPLETED,31933.0,116145.9,0.29,6968.95
692,medium,13,12:08:51,12:27:12,12:31:47,COMPLETED,30452.0,4593.4,1101.71,1376.99
842,easy,11,12:11:40,12:31:21,12:31:47,COMPLETED,24007.0,442.6,1181.78,1207.99
652,medium,14,11:53:12,12:07:23,12:31:54,COMPLETED,29359.0,24527.8,851.07,2322.36
756,easy,11,12:12:32,12:31:41,12:31:54,COMPLETED,21157.0,224.2,1149.39,1162.36
808,easy,12,12:13:07,12:31:54,12:32:13,COMPLETED,32269.0,328.8,1127.36,1146.79
826,easy,11,12:14:35,12:32:00,12:32:13,COMPLETED,25207.0,220.8,1045.88,1058.79
720,easy,11,12:14:59,12:32:20,12:32:33,COMPLETED,30413.0,224.6,1041.20,1054.19
693,medium,13,12:15:51,12:32:39,12:33:44,COMPLETED,32651.0,1089.4,1008.73,1073.58
766,easy,11,12:16:10,12:33:51,12:34:03,COMPLETED,22480.0,216.4,1061.14,1073.82
796,medium,14,12:08:43,12:25:18,12:34:23,COMPLETED,28438.0,9085.7,995.57,1540.27
713,medium,13,12:14:25,12:32:00,12:35:02,COMPLETED,24329.0,3030.7,1055.88,1237.44
711,easy,12,12:17:07,12:35:08,12:35:21,COMPLETED,22174.0,222.9,1081.76,1094.64
802,medium,13,12:16:35,12:34:10,12:35:47,COMPLETED,34703.0,1630.1,1055.15,1152.47
659,medium,14,11:19:16,11:21:12,12:37:42,COMPLETED,34632.0,76497.6,116.19,4706.00
596,hard,15,11:47:59,12:00:02,12:38:07,COMPLETED,32032.0,38082.3,723.58,3008.32
757,easy,12,12:18:48,12:38:13,12:38:45,COMPLETED,27561.0,532.5,1165.64,1197.29
791,easy,12,12:16:36,12:34:29,12:39:04,COMPLETED,27205.0,4580.3,1073.81,1348.34
724,medium,13,12:19:01,12:39:10,12:41:17,COMPLETED,29402.0,2114.6,1209.67,1336.25
825,easy,12,12:19:36,12:41:23,12:42:39,COMPLETED,29382.0,1271.5,1307.58,1383.56
505,medium,14,10:53:28,10:53:29,12:43:37,COMPLETED,40724.0,110133.7,1.26,6609.18
773,medium,14,12:10:23,12:30:03,12:43:49,COMPLETED,33324.0,13769.4,1180.99,2006.90
782,medium,13,12:20:13,12:42:45,12:43:49,COMPLETED,32611.0,1072.0,1352.89,1416.90
539,medium,14,11:13:48,11:16:01,12:45:20,COMPLETED,29300.0,89323.4,133.07,5492.25
762,easy,11,12:21:24,12:45:26,12:45:33,COMPLETED,26229.0,113.1,1442.79,1449.26
521,hard,15,11:28:48,11:38:07,12:45:52,COMPLETED,30526.0,67752.4,559.27,4624.27
768,easy,12,12:21:35,12:45:58,12:46:11,COMPLETED,26395.0,216.6,1463.60,1476.27
414,hard,15,10:37:12,10:37:12,12:47:20,COMPLETED,31905.0,130142.4,0.38,7808.84
730,medium,13,12:17:14,12:35:28,12:47:39,COMPLETED,35854.0,12200.5,1094.17,1825.93
703,easy,11,12:22:35,12:47:27,12:47:52,COMPLETED,26123.0,430.5,1492.20,1517.63
847,easy,12,12:21:53,12:46:17,12:48:18,COMPLETED,27712.0,2012.7,1464.62,1585.07
746,easy,12,12:23:21,12:47:46,12:49:59,COMPLETED,25955.0,2223.2,1465.27,1598.37
739,medium,14,12:04:54,12:19:46,12:50:24,COMPLETED,30232.0,30642.8,892.33,2730.68
298,hard,15,09:28:30,09:28:31,12:50:37,COMPLETED,31884.0,202103.3,1.19,12127.36
816,medium,13,12:23:24,12:48:24,12:52:31,COMPLETED,30558.0,4126.2,1500.41,1747.48
759,easy,12,12:23:21,12:47:59,12:54:14,COMPLETED,35676.0,6268.4,1478.06,1853.69
814,hard,15,12:21:30,12:45:39,12:54:21,COMPLETED,22078.0,8699.2,1449.60,1971.24
809,hard,15,12:08:03,12:23:49,12:54:27,COMPLETED,31670.0,30650.7,946.02,2784.61
844,medium,13,12:18:59,12:38:51,12:55:06,COMPLETED,33882.0,16259.3,1192.62,2167.73
760,medium,14,12:00:20,12:13:43,12:55:13,COMPLETED,31070.0,41496.7,803.91,3293.29
822,medium,14,12:08:15,12:24:01,12:55:51,COMPLETED,30849.0,31844.2,946.70,2856.98
794,easy,12,12:26:07,12:55:13,12:56:04,COMPLETED,24104.0,867.2,1746.29,1797.89
701,medium,13,12:20:47,12:43:56,12:56:11,COMPLETED,33107.0,12261.6,1389.23,2124.37
775,medium,13,12:25:53,12:54:27,12:58:27,COMPLETED,33055.0,3997.0,1714.61,1954.16
707,medium,14,12:09:34,12:29:12,12:58:52,COMPLETED,29975.0,29662.7,1178.95,2958.48
695,easy,12,12:28:12,12:58:33,12:59:30,COMPLETED,24056.0,953.9,1821.48,1878.42
558,hard,15,11:48:16,12:00:21,13:00:21,COMPLETED,29472.0,59987.5,725.99,4325.06
735,easy,12,12:28:58,12:59:36,13:00:21,COMPLETED,28900.0,743.9,1838.75,1883.06
815,easy,12,12:29:20,13:00:27,13:01:37,COMPLETED,25583.0,1168.7,1867.40,1937.17
698,medium,14,12:12:40,12:31:54,13:01:49,COMPLETED,29081.0,29931.2,1154.36,2949.98
790,easy,11,12:29:57,13:01:56,13:02:09,COMPLETED,29809.0,217.3,1919.37,1932.03
834,medium,13,12:27:18,12:56:11,13:02:40,COMPLETED,28461.0,6493.7,1733.37,2122.72
637,hard,15,11:40:20,11:48:56,13:03:31,COMPLETED,32382.0,74593.4,516.63,4991.96
839,easy,12,12:30:21,13:03:38,13:04:56,COMPLETED,25586.0,1300.7,1997.52,2075.06
770,hard,15,12:15:48,12:32:20,13:05:27,COMPLETED,31597.0,33130.5,992.20,2979.91
530,hard,15,11:52:14,12:05:01,13:06:00,COMPLETED,31913.0,60985.3,767.24,4426.19
402,hard,15,10:50:56,10:50:57,13:07:50,COMPLETED,36344.0,136876.4,1.78,8214.22
801,medium,13,12:27:31,12:56:18,13:08:03,COMPLETED,37264.0,11762.4,1727.06,2432.38
836,easy,12,12:31:14,13:07:56,13:08:16,COMPLETED,23623.0,337.0,2202.77,2222.51
838,easy,11,12:31:44,13:08:23,13:08:48,COMPLETED,32569.0,436.8,2199.04,2224.75
803,easy,11,12:31:36,13:08:09,13:09:08,COMPLETED,33956.0,980.4,2193.92,2252.44
845,medium,13,12:32:24,13:09:14,13:09:27,COMPLETED,27756.0,226.7,2210.77,2223.86
696,easy,11,12:31:55,13:08:55,13:09:40,COMPLETED,33242.0,763.6,2220.29,2265.82
749,easy,11,12:33:09,13:09:34,13:09:59,COMPLETED,34668.0,428.3,2185.42,2210.81
383,hard,15,10:39:58,10:40:03,13:11:15,COMPLETED,34357.0,151198.1,5.88,9077.70
765,medium,14,12:24:56,12:50:43,13:11:22,COMPLETED,31909.0,20643.5,1547.69,2786.02
715,easy,12,12:33:30,13:11:22,13:11:34,COMPLETED,24097.0,217.0,2272.02,2284.75
722,easy,11,12:33:30,13:11:28,13:11:41,COMPLETED,28685.0,217.0,2278.40,2291.08
734,medium,13,12:33:10,13:09:47,13:11:47,COMPLETED,28932.0,2010.6,2197.14,2317.45
819,medium,14,12:29:58,13:02:15,13:12:12,COMPLETED,30202.0,9960.8,1937.43,2534.81
824,easy,12,12:34:13,13:11:47,13:12:25,COMPLETED,29085.0,640.1,2254.45,2292.49
799,easy,11,12:35:13,13:12:19,13:12:25,COMPLETED,25526.0,112.4,2226.14,2232.49
748,easy,11,12:35:46,13:12:31,13:12:38,COMPLETED,28519.0,110.9,2205.91,2212.30
676,hard,15,11:26:28,11:33:31,13:12:50,COMPLETED,28434.0,99333.5,423.11,6382.99
741,medium,13,12:30:58,13:06:06,13:13:29,COMPLETED,28446.0,7381.4,2108.52,2551.05
440,hard,15,10:47:10,10:47:12,13:14:13,COMPLETED,32947.0,147024.9,2.07,8823.49
738,medium,13,12:35:45,13:12:31,13:14:32,COMPLETED,30054.0,2022.5,2206.91,2327.80
686,medium,13,12:30:57,13:05:34,13:14:52,COMPLETED,21710.0,9310.5,2077.24,2635.43
567,medium,14,11:43:54,11:53:10,13:15:18,COMPLETED,30576.0,82131.4,556.40,5484.14
764,medium,13,12:37:50,13:14:19,13:16:29,COMPLETED,30219.0,2160.5,2189.86,2319.01
710,easy,11,12:39:51,13:16:35,13:17:01,COMPLETED,26622.0,433.1,2204.56,2230.23
704,medium,13,12:36:34,13:12:44,13:18:12,COMPLETED,32450.0,5469.2,2170.63,2498.51
787,medium,14,12:33:26,13:10:06,13:18:38,COMPLETED,24679.0,8540.3,2200.15,2712.29
832,easy,11,12:40:59,13:18:44,13:19:04,COMPLETED,23935.0,331.9,2265.63,2285.06
821,easy,11,12:41:13,13:19:10,13:19:23,COMPLETED,21237.0,225.6,2277.59,2290.67
743,easy,12,12:41:33,13:19:30,13:19:36,COMPLETED,19927.0,119.4,2277.14,2283.79
805,easy,11,12:41:36,13:19:43,13:20:02,COMPLETED,33812.0,328.8,2287.36,2306.59
752,medium,14,12:38:22,13:15:24,13:20:28,COMPLETED,33039.0,5074.5,2222.47,2526.46
525,hard,15,11:23:17,11:27:46,13:20:54,COMPLETED,30336.0,113131.6,269.41,7057.19
706,medium,14,12:34:38,13:11:53,13:21:13,COMPLETED,30811.0,9327.0,2235.82,2795.18
783,medium,14,12:17:53,12:37:48,13:21:19,COMPLETED,38201.0,43523.8,1195.33,3806.51
712,easy,11,12:43:06,13:21:25,13:21:38,COMPLETED,29358.0,217.7,2299.91,2312.66
714,medium,13,12:40:15,13:17:07,13:21:51,COMPLETED,37626.0,4734.6,2212.56,2496.35
781,easy,11,12:43:10,13:21:57,13:22:10,COMPLETED,25563.0,219.2,2327.71,2340.51
804,easy,12,12:43:03,13:21:19,13:22:48,COMPLETED,30003.0,1489.5,2296.51,2385.58
694,medium,14,12:25:59,12:54:34,13:23:07,COMPLETED,31628.0,28560.7,1715.24,3428.64
831,easy,12,12:43:18,13:22:16,13:23:26,COMPLETED,28339.0,1167.7,2338.89,2408.66
833,medium,14,12:36:44,13:12:57,13:23:32,COMPLETED,32618.0,10598.7,2173.36,2809.00
733,medium,13,12:43:08,13:21:44,13:23:52,COMPLETED,31727.0,2123.4,2316.99,2444.11
795,hard,15,12:08:42,12:24:27,13:23:58,COMPLETED,29323.0,59513.8,945.82,4516.43
813,easy,12,12:43:39,13:23:14,13:24:17,COMPLETED,27337.0,1062.5,2375.00,2438.47
742,easy,12,12:44:11,13:23:39,13:24:36,COMPLETED,24395.0,956.6,2368.37,2425.47
731,easy,11,12:45:08,13:23:58,13:24:36,COMPLETED,32832.0,639.1,2330.43,2368.47
777,easy,11,12:45:50,13:24:42,13:24:55,COMPLETED,24475.0,216.9,2332.81,2345.52
763,easy,12,12:45:17,13:24:04,13:26:11,COMPLETED,23581.0,2120.2,2327.80,2454.66
798,easy,11,12:47:25,13:26:18,13:26:30,COMPLETED,25110.0,216.6,2333.06,2345.76
682,medium,14,12:42:36,13:20:34,13:26:56,COMPLETED,29460.0,6358.7,2279.00,2660.20
835,easy,11,12:47:29,13:26:37,13:26:56,COMPLETED,29539.0,325.0,2348.08,2367.20
384,hard,15,10:59:48,11:00:34,13:27:02,COMPLETED,31189.0,146470.5,46.54,8834.61
754,medium,13,12:46:11,13:24:42,13:27:09,COMPLETED,30543.0,2442.1,2311.81,2458.03
709,easy,11,12:48:05,13:27:09,13:27:21,COMPLETED,32789.0,217.4,2344.03,2356.78
792,easy,11,12:47:42,13:27:02,13:27:28,COMPLETED,29652.0,430.3,2360.61,2386.10
740,easy,12,12:50:13,13:27:15,13:27:40,COMPLETED,31482.0,429.3,2222.42,2247.87
755,easy,11,12:51:38,13:27:34,13:27:47,COMPLETED,24298.0,219.3,2156.47,2169.22
689,easy,12,12:47:54,13:27:02,13:27:53,COMPLETED,26460.0,855.6,2348.61,2399.66
827,medium,13,12:38:13,13:14:39,13:28:00,COMPLETED,27782.0,13350.1,2186.33,2987.03
728,easy,11,12:52:12,13:27:53,13:28:00,COMPLETED,21134.0,112.7,2141.66,2148.03
708,easy,11,12:53:34,13:28:06,13:28:31,COMPLETED,27259.0,430.1,2072.46,2097.96
820,medium,13,12:50:44,13:27:28,13:29:16,COMPLETED,26935.0,1808.1,2204.10,2312.30
654,hard,15,11:55:32,12:08:14,13:29:22,COMPLETED,33450.0,81132.5,762.86,5630.63
750,hard,15,12:28:55,12:58:58,13:29:29,COMPLETED,29285.0,30508.4,1803.82,3634.00
377,hard,15,10:53:22,10:53:22,13:31:49,COMPLETED,32982.0,158440.8,0.93,9507.23
848,medium,13,12:46:58,13:25:01,13:31:55,COMPLETED,31673.0,6903.7,2283.85,2697.77
780,easy,11,12:55:28,13:31:55,13:32:08,COMPLETED,28843.0,223.9,2187.77,2200.72
737,easy,11,12:55:41,13:32:15,13:32:28,COMPLETED,22456.0,226.9,2194.26,2207.38
691,easy,12,12:56:07,13:32:34,13:32:47,COMPLETED,28600.0,219.4,2187.92,2200.58
697,easy,11,12:56:24,13:32:54,13:33:07,COMPLETED,25367.0,224.2,2190.12,2203.28
716,medium,14,12:53:11,13:28:00,13:33:45,COMPLETED,31740.0,5767.1,2089.03,2434.65
357,hard,15,10:31:00,10:31:02,13:33:52,COMPLETED,38551.0,182823.0,2.88,10972.15
680,easy,12,12:57:03,13:33:58,13:34:23,COMPLETED,30649.0,426.5,2215.53,2240.82
683,medium,13,12:54:27,13:29:29,13:35:20,COMPLETED,28488.0,5868.4,2102.00,2453.82
702,easy,12,12:56:53,13:33:52,13:35:46,COMPLETED,29687.0,1904.7,2219.15,2333.14
681,easy,12,12:57:45,13:35:52,13:37:08,COMPLETED,31300.0,1268.2,2287.46,2363.25
726,hard,15,12:25:10,12:52:38,13:37:58,COMPLETED,36329.0,45350.3,1648.04,4368.83
751,easy,12,12:58:29,13:37:14,13:38:17,COMPLETED,23074.0,1059.7,2325.58,2388.86
767,medium,14,12:43:25,13:22:54,13:39:02,COMPLETED,27026.0,16132.6,2369.91,3337.60
829,hard,15,12:25:33,12:54:21,13:39:08,COMPLETED,29250.0,44800.3,1728.24,4415.97
699,medium,14,12:55:25,13:29:35,13:39:28,COMPLETED,37998.0,9892.1,2050.47,2643.54
785,easy,12,12:59:14,13:39:08,13:39:35,COMPLETED,29333.0,441.0,2394.97,2421.10
918,easy,11,13:01:27,13:39:41,13:39:48,COMPLETED,27529.0,116.1,2294.47,2301.03
727,hard,15,12:53:18,13:28:06,13:40:14,COMPLETED,30569.0,12131.7,2088.46,2816.11
823,easy,11,12:59:40,13:39:15,13:40:39,COMPLETED,25155.0,1412.7,2375.43,2459.90
914,easy,12,13:03:31,13:40:46,13:41:05,COMPLETED,28777.0,330.5,2235.23,2254.72
736,medium,13,12:57:13,13:35:27,13:41:44,COMPLETED,36034.0,6295.8,2294.16,2671.50
812,medium,13,12:55:40,13:32:02,13:41:50,COMPLETED,34685.0,9818.9,2182.14,2770.97
719,easy,12,12:59:51,13:39:35,13:42:03,COMPLETED,31420.0,2482.5,2384.10,2532.75
979,easy,11,13:03:47,13:41:57,13:42:10,COMPLETED,26800.0,219.4,2290.34,2303.10
891,easy,11,13:04:06,13:42:16,13:42:29,COMPLETED,22389.0,224.3,2290.53,2303.48
725,hard,15,12:37:39,13:13:35,13:42:36,COMPLETED,34890.0,29016.8,2156.47,3897.03
927,easy,12,13:03:39,13:41:12,13:42:42,COMPLETED,27541.0,1518.8,2253.09,2343.66
925,easy,12,13:04:15,13:42:36,13:43:28,COMPLETED,30172.0,875.1,2301.03,2353.24
1017,easy,12,13:05:15,13:42:49,13:43:40,COMPLETED,26826.0,869.3,2254.26,2305.94
910,easy,11,13:05:17,13:43:34,13:43:53,COMPLETED,31830.0,326.3,2297.57,2316.83
943,medium,13,13:03:42,13:41:50,13:44:45,COMPLETED,35340.0,2917.0,2288.97,2463.50
1012,easy,12,13:05:47,13:44:00,13:44:52,COMPLETED,25447.0,874.6,2293.19,2345.06
900,easy,12,13:07:22,13:44:52,13:45:49,COMPLETED,26175.0,964.2,2250.06,2307.59
968,easy,11,13:07:40,13:45:55,13:46:27,COMPLETED,30950.0,537.3,2295.96,2327.84
950,medium,13,13:07:39,13:44:58,13:46:34,COMPLETED,29977.0,1597.6,2239.72,2335.22
909,medium,13,13:08:02,13:46:34,13:47:06,COMPLETED,28233.0,535.5,2312.22,2344.01
887,medium,13,13:08:29,13:46:40,13:47:12,COMPLETED,24594.0,535.8,2291.61,2323.39
1014,easy,11,13:10:24,13:47:18,13:47:25,COMPLETED,24392.0,111.2,2214.79,2221.14
913,medium,13,13:10:29,13:47:31,13:48:34,COMPLETED,29055.0,1061.2,2222.49,2285.83
769,medium,14,12:42:52,13:21:00,13:49:06,COMPLETED,35761.0,28107.8,2288.52,3974.71
786,hard,15,12:30:25,13:05:02,13:51:32,COMPLETED,37424.0,46504.6,2077.60,4867.66
1019,medium,13,13:11:03,13:49:13,13:51:51,COMPLETED,29609.0,2648.4,2290.10,2448.70
954,easy,12,13:11:18,13:51:38,13:52:42,COMPLETED,23391.0,1067.5,2421.00,2484.67
744,medium,14,12:51:54,13:27:47,13:54:20,COMPLETED,28614.0,26554.4,2153.22,3746.09
944,easy,12,13:11:39,13:54:26,13:56:28,COMPLETED,24383.0,2042.5,2567.65,2689.90
901,medium,14,13:03:52,13:42:10,13:59:19,COMPLETED,33291.0,17164.9,2298.10,3327.72
993,easy,11,13:12:38,13:59:26,13:59:38,COMPLETED,23954.0,216.3,2808.05,2820.72
949,easy,12,13:13:26,13:59:45,14:00:16,COMPLETED,29752.0,532.2,2779.06,2810.68
919,hard,15,13:05:47,13:43:47,14:00:48,COMPLETED,28204.0,17019.2,2280.48,3301.33
745,hard,15,12:42:15,13:20:09,14:02:05,COMPLETED,31419.0,41946.1,2274.13,4790.53
684,medium,14,12:21:18,12:43:56,14:02:38,COMPLETED,36002.0,78703.3,1358.23,6080.18
920,medium,13,13:14:00,14:00:54,14:02:44,COMPLETED,32493.0,1844.1,2814.69,2924.72
922,medium,14,13:10:47,13:48:41,14:03:04,COMPLETED,27964.0,14390.1,2274.20,3137.34
874,easy,12,13:14:50,14:02:44,14:03:04,COMPLETED,32666.0,331.9,2874.72,2894.34
793,hard,15,12:23:39,12:50:31,14:03:30,COMPLETED,29893.0,72990.1,1612.01,5991.15
907,easy,11,13:15:35,14:03:10,14:03:36,COMPLETED,31064.0,441.2,2855.67,2881.57
830,hard,15,12:23:28,12:50:05,14:03:56,COMPLETED,28848.0,73849.5,1597.70,6028.33
941,easy,12,13:16:17,14:03:43,14:04:09,COMPLETED,31931.0,452.3,2846.20,2872.84
880,easy,12,13:16:21,14:04:03,14:04:16,COMPLETED,22595.0,229.4,2862.23,2875.40
817,hard,15,12:56:41,13:33:13,14:04:36,COMPLETED,30807.0,31379.9,2192.60,4075.03
928,easy,12,13:16:39,14:04:23,14:05:33,COMPLETED,30621.0,1181.2,2864.05,2934.63
998,easy,11,13:18:05,14:05:39,14:05:59,COMPLETED,23380.0,328.5,2854.96,2874.14
869,medium,14,13:11:37,13:52:49,14:07:03,COMPLETED,28205.0,14249.6,2472.09,3326.61
772,medium,13,12:59:12,13:38:24,14:08:13,COMPLETED,43411.0,29827.9,2352.19,4141.60
547,hard,15,11:45:57,11:57:01,14:08:19,COMPLETED,33566.0,131317.5,664.13,8542.98
995,medium,13,13:09:33,13:47:12,14:08:26,COMPLETED,38803.0,21238.4,2259.39,3533.40
966,easy,11,13:21:52,14:08:26,14:08:45,COMPLETED,24590.0,322.3,2794.40,2813.45
965,easy,11,13:21:58,14:08:32,14:08:51,COMPLETED,19922.0,322.4,2794.78,2813.77
885,easy,12,13:22:35,14:08:51,14:09:42,COMPLETED,27990.0,848.5,2776.77,2827.38
840,medium,13,12:43:49,13:23:32,14:09:55,COMPLETED,26477.0,46371.5,2384.00,5166.09
899,easy,11,13:23:03,14:09:48,14:10:01,COMPLETED,22025.0,218.3,2805.72,2818.41
934,medium,14,13:15:51,14:03:10,14:10:58,COMPLETED,31526.0,7799.9,2839.67,3307.49
729,hard,15,12:05:47,12:20:24,14:11:04,COMPLETED,29435.0,110674.6,877.59,7517.82
924,medium,13,13:16:58,14:04:42,14:12:08,COMPLETED,38231.0,7433.4,2864.58,3310.13
908,medium,13,13:24:25,14:11:04,14:13:45,COMPLETED,29957.0,2681.4,2799.82,2960.22
967,easy,12,13:24:06,14:10:01,14:14:24,COMPLETED,36309.0,4386.3,2755.41,3018.11
690,hard,15,12:20:22,12:43:43,14:15:09,COMPLETED,27809.0,91432.7,1401.51,6887.21
872,medium,13,13:24:28,14:11:11,14:15:15,COMPLETED,29821.0,4084.5,2803.28,3047.75
828,hard,15,12:03:01,12:16:42,14:15:22,COMPLETED,35325.0,118677.0,821.11,7941.41
978,easy,12,13:25:55,14:14:30,14:15:22,COMPLETED,30034.0,872.6,2915.66,2967.41
870,medium,14,13:02:27,13:39:54,14:16:07,COMPLETED,36815.0,36229.8,2247.47,4420.92
921,easy,12,13:26:19,14:15:22,14:16:40,COMPLETED,27508.0,1302.2,2943.41,3021.27
858,medium,14,13:27:14,14:15:29,14:17:12,COMPLETED,32111.0,1735.7,2895.07,2998.73
917,medium,14,13:05:12,13:42:42,14:17:45,COMPLETED,30844.0,35045.9,2250.66,4353.07
902,easy,11,13:29:56,14:17:19,14:17:51,COMPLETED,21630.0,548.2,2843.29,2875.62
776,hard,15,12:04:50,12:18:36,14:17:58,COMPLETED,28364.0,119367.5,826.34,7988.21
688,medium,13,12:53:35,13:28:38,14:18:04,COMPLETED,36191.0,49444.7,2103.34,5069.58
916,medium,13,13:29:31,14:16:46,14:18:30,COMPLETED,30493.0,1737.7,2835.59,2939.52
957,easy,12,13:25:59,14:15:15,14:18:36,COMPLETED,27563.0,3358.9,2956.75,3157.91
859,medium,13,13:27:35,14:15:29,14:19:02,COMPLETED,30925.0,3558.4,2874.07,3087.39
994,easy,11,13:32:18,14:18:36,14:19:02,COMPLETED,35305.0,429.9,2778.91,2804.39
936,easy,12,13:33:07,14:18:43,14:19:02,COMPLETED,21479.0,322.6,2736.36,2755.39
930,easy,12,13:30:56,14:17:51,14:19:08,COMPLETED,28719.0,1291.7,2815.62,2892.74
866,easy,12,13:31:23,14:18:04,14:19:08,COMPLETED,25094.0,1076.2,2801.58,2865.74
1001,medium,14,13:15:56,14:03:36,14:19:15,COMPLETED,31390.0,15648.7,2860.57,3799.19
946,easy,12,13:31:08,14:17:58,14:19:15,COMPLETED,22487.0,1289.2,2810.21,2887.19
996,easy,11,13:33:07,14:19:08,14:19:34,COMPLETED,29332.0,432.3,2761.74,2787.33
961,easy,12,13:35:10,14:19:15,14:19:34,COMPLETED,24216.0,324.7,2645.19,2664.33
952,easy,11,13:35:54,14:19:40,14:19:53,COMPLETED,25474.0,217.4,2626.76,2639.50
981,easy,12,13:33:27,14:19:08,14:19:59,COMPLETED,30627.0,856.1,2741.74,2792.83
911,easy,12,13:36:07,14:19:40,14:20:12,COMPLETED,29401.0,534.4,2613.76,2645.57
614,hard,15,11:06:49,11:09:23,14:20:37,COMPLETED,36759.0,191233.1,154.97,11628.87
875,easy,12,13:31:43,14:18:11,14:20:37,COMPLETED,29883.0,2448.3,2788.26,2934.87
881,medium,13,13:25:29,14:13:51,14:20:56,COMPLETED,32267.0,7090.2,2902.77,3327.92
1005,easy,11,13:36:37,14:21:03,14:21:28,COMPLETED,28148.0,426.4,2666.26,2691.54
977,easy,12,13:36:34,14:20:44,14:21:41,COMPLETED,26507.0,956.6,2650.21,2707.28
959,easy,11,13:37:10,14:21:47,14:22:00,COMPLETED,27890.0,216.1,2677.69,2690.35
931,medium,14,13:20:13,14:07:10,14:23:22,COMPLETED,29112.0,16213.3,2817.17,3789.59
878,easy,11,13:37:29,14:23:29,14:23:48,COMPLETED,28952.0,331.5,2760.13,2779.54
894,medium,13,13:34:03,14:19:08,14:23:55,COMPLETED,29854.0,4779.2,2705.74,2992.05
868,medium,13,13:35:33,14:19:21,14:24:21,COMPLETED,30295.0,4995.2,2628.61,2928.10
857,easy,12,13:37:55,14:24:01,14:24:47,COMPLETED,35723.0,765.5,2766.67,2812.06
948,easy,11,13:38:30,14:24:27,14:25:00,COMPLETED,27270.0,550.6,2757.42,2790.01
761,hard,15,12:58:50,13:38:05,14:25:19,COMPLETED,20431.0,47243.3,2355.20,5189.61
852,easy,12,13:39:05,14:25:06,14:25:45,COMPLETED,27201.0,655.0,2761.51,2800.31
945,medium,13,13:37:41,14:23:55,14:25:58,COMPLETED,22479.0,2062.0,2774.05,2897.49
1018,hard,15,13:12:28,13:56:35,14:27:34,COMPLETED,29680.0,30998.9,2647.23,4506.96
806,hard,15,12:57:09,13:34:30,14:28:58,COMPLETED,31159.0,54483.8,2241.15,5509.81
851,easy,11,13:39:41,14:29:05,14:29:31,COMPLETED,28437.0,441.2,2964.43,2990.55
865,easy,11,13:39:46,14:29:37,14:29:44,COMPLETED,24693.0,111.0,2991.94,2998.30
576,hard,15,11:29:26,11:40:33,14:30:03,COMPLETED,28423.0,169504.7,667.12,10837.31
873,easy,12,13:36:14,14:20:18,14:30:03,COMPLETED,35453.0,9744.8,2644.90,3229.31
1003,easy,11,13:40:25,14:30:09,14:30:22,COMPLETED,32860.0,216.6,2984.65,2997.34
272,hard,15,09:59:04,09:59:04,14:30:53,COMPLETED,37565.0,271820.4,0.75,16309.96
1000,hard,15,13:16:37,14:04:16,14:31:12,COMPLETED,24744.0,26946.7,2859.40,4475.98
864,easy,12,13:40:33,14:30:09,14:31:12,COMPLETED,23831.0,1060.4,2976.65,3039.98
883,easy,11,13:41:03,14:31:19,14:31:32,COMPLETED,18657.0,216.7,3016.34,3029.03
37,hard,15,08:54:11,08:54:12,14:31:38,COMPLETED,41383.0,337431.3,1.51,20247.37
990,easy,11,13:41:23,14:31:44,14:31:57,COMPLETED,20272.0,216.2,3021.74,3034.41
850,easy,11,13:41:25,14:32:03,14:32:22,COMPLETED,28308.0,321.8,3038.74,3057.73
862,medium,14,13:35:02,14:19:15,14:32:41,COMPLETED,30126.0,13446.7,2653.19,3459.77
987,medium,13,13:39:28,14:26:04,14:32:54,COMPLETED,29939.0,6831.8,2796.81,3206.46
999,easy,11,13:41:53,14:32:48,14:32:54,COMPLETED,25534.0,111.2,3055.10,3061.46
935,easy,12,13:41:50,14:32:29,14:33:13,COMPLETED,28589.0,746.7,3039.07,3083.51
970,easy,11,13:42:32,14:33:00,14:33:13,COMPLETED,25399.0,218.4,3028.79,3041.51
906,easy,12,13:43:42,14:33:19,14:33:32,COMPLETED,28001.0,216.5,2977.93,2990.61
886,easy,11,13:44:02,14:33:19,14:33:38,COMPLETED,24348.0,321.9,2957.93,2976.95
983,easy,12,13:44:36,14:33:45,14:34:04,COMPLETED,26313.0,322.5,2949.31,2968.32
758,hard,15,12:38:21,13:14:58,14:35:07,COMPLETED,38404.0,80151.9,2197.97,7006.92
985,medium,13,13:40:59,14:31:00,14:35:07,COMPLETED,32432.0,4132.1,3001.29,3248.92
989,easy,11,13:45:18,14:35:14,14:35:20,COMPLETED,20135.0,111.5,2996.27,3002.66
912,easy,12,13:45:28,14:35:14,14:35:45,COMPLETED,25110.0,532.8,2986.27,3017.98
1009,medium,13,13:39:40,14:27:41,14:36:23,COMPLETED,41620.0,8715.7,2881.29,3403.96
991,medium,13,13:41:04,14:31:19,14:36:36,COMPLETED,29350.0,5294.0,3015.34,3332.71
1004,easy,12,13:46:04,14:36:30,14:37:40,COMPLETED,21497.0,1171.6,3026.30,3096.30
972,easy,11,13:46:32,14:37:46,14:38:05,COMPLETED,23118.0,321.7,3074.63,3093.61
940,hard,15,13:13:27,14:00:23,14:38:50,COMPLETED,33009.0,38452.9,2816.01,5123.00
297,hard,15,09:57:01,09:57:05,14:39:15,COMPLETED,37251.0,282157.2,4.92,16934.31
904,medium,14,13:45:58,14:35:52,14:39:15,COMPLETED,31101.0,3388.5,2994.31,3197.31
1015,easy,11,13:47:34,14:39:21,14:40:05,COMPLETED,23356.0,745.7,3107.65,3151.94
932,medium,14,13:40:35,14:30:28,14:41:43,COMPLETED,33970.0,11247.7,2993.67,3668.02
854,easy,12,13:48:37,14:41:49,14:42:02,COMPLETED,23581.0,221.7,3192.67,3205.62
861,medium,14,13:48:03,14:40:12,14:42:34,COMPLETED,30616.0,2376.5,3129.48,3271.57
971,hard,15,13:39:47,14:29:50,14:44:22,COMPLETED,32416.0,14537.4,3003.62,3875.61
608,hard,15,11:35:39,11:47:06,14:45:06,COMPLETED,40435.0,178014.9,687.09,11367.96
882,easy,11,13:49:23,14:45:13,14:45:25,COMPLETED,31557.0,216.2,3350.29,3362.96
986,easy,11,13:50:03,14:45:32,14:45:38,COMPLETED,25418.0,111.2,3329.28,3335.65
956,easy,11,13:50:12,14:45:44,14:45:51,COMPLETED,21566.0,111.1,3332.98,3339.34
884,medium,14,13:36:38,14:21:34,14:45:57,COMPLETED,28374.0,24384.3,2696.87,4159.66
856,easy,11,13:50:41,14:46:04,14:46:42,COMPLETED,33948.0,638.7,3323.03,3361.05
905,medium,14,13:43:42,14:33:00,14:47:58,COMPLETED,30893.0,14960.7,2958.79,3856.07
774,hard,15,12:29:27,13:00:27,14:51:35,COMPLETED,30623.0,111143.9,1860.40,8528.96
222,hard,15,09:40:17,09:40:18,14:53:11,COMPLETED,32284.0,312879.5,1.57,18774.27
896,easy,11,13:52:12,14:53:17,14:53:24,COMPLETED,23539.0,118.5,3665.86,3672.48
566,medium,14,11:38:11,11:47:32,14:54:09,COMPLETED,31694.0,186627.7,561.02,11758.63
976,easy,12,13:52:25,14:54:15,14:56:41,COMPLETED,29352.0,2432.0,3710.97,3856.53
969,medium,14,13:44:59,14:34:10,14:58:22,COMPLETED,31984.0,24206.7,2951.69,4403.86
860,medium,14,13:49:16,14:42:41,14:58:29,COMPLETED,32960.0,15806.4,3205.11,4153.19
1002,medium,14,13:47:08,14:38:56,14:59:52,COMPLETED,36221.0,20941.0,3108.33,4364.37
788,hard,15,12:17:21,12:35:54,15:00:44,COMPLETED,36240.0,144842.4,1113.02,9803.38
1010,easy,11,13:54:04,15:00:50,15:01:23,COMPLETED,25159.0,542.3,4006.93,4039.17
898,easy,11,13:54:07,15:01:29,15:01:36,COMPLETED,31055.0,118.2,4042.50,4049.09
877,hard,15,13:24:18,14:10:07,15:05:15,COMPLETED,32072.0,55122.8,2749.85,6057.04
926,easy,12,13:54:53,15:05:21,15:05:34,COMPLETED,26925.0,217.7,4228.37,4241.08
592,hard,15,11:43:49,11:53:04,15:06:05,COMPLETED,30945.0,193032.8,555.02,12136.86
947,easy,12,13:47:26,14:39:21,15:07:34,COMPLETED,44012.0,28223.7,3115.65,4808.83
937,easy,12,13:55:56,15:07:41,15:08:06,COMPLETED,29006.0,427.2,4305.17,4330.50
895,medium,13,13:54:44,15:01:42,15:08:44,COMPLETED,33586.0,7037.1,4018.64,4440.57
1013,medium,13,13:56:03,15:08:12,15:09:09,COMPLETED,25688.0,956.4,4329.82,4386.90
997,easy,12,13:56:08,15:08:50,15:09:09,COMPLETED,20306.0,321.8,4362.91,4381.90
953,easy,12,13:56:52,15:09:16,15:09:28,COMPLETED,29124.0,216.7,4344.24,4356.94
1007,hard,15,13:46:53,14:38:11,15:10:19,COMPLETED,36345.0,32135.1,3078.96,5006.68
853,easy,12,13:57:09,15:09:16,15:10:19,COMPLETED,31174.0,1065.5,4327.24,4390.68
964,easy,12,13:58:31,15:10:26,15:10:58,COMPLETED,24732.0,549.3,4315.26,4347.77
933,easy,11,13:59:04,15:11:05,15:11:56,COMPLETED,29548.0,862.8,4321.35,4372.59
855,easy,11,13:59:41,15:12:03,15:12:09,COMPLETED,29365.0,118.3,4342.15,4348.78
923,medium,13,13:45:54,14:35:26,15:12:16,COMPLETED,30470.0,36827.4,2972.99,5182.30
980,easy,12,13:57:20,15:09:35,15:12:16,COMPLETED,24321.0,2690.9,4335.27,4496.30
939,easy,12,13:54:01,14:59:58,15:14:44,COMPLETED,38947.0,14773.2,3957.92,4843.85
1166,easy,12,14:01:24,15:14:51,15:16:08,COMPLETED,30264.0,1297.4,4407.41,4484.80
984,hard,15,13:51:31,14:48:04,15:18:15,COMPLETED,26430.0,30187.0,3393.60,5204.57
1080,easy,12,14:01:35,15:18:21,15:19:25,COMPLETED,32276.0,1061.5,4606.90,4670.23
915,medium,13,13:53:57,14:58:29,15:19:38,COMPLETED,34756.0,21151.4,3872.19,5141.01
867,hard,15,13:44:09,14:33:38,15:19:50,COMPLETED,35106.0,46200.3,2969.95,5741.69
1016,hard,15,13:36:11,14:19:59,15:20:41,COMPLETED,28163.0,60694.8,2628.83,6270.33
1185,medium,13,14:00:42,15:12:22,15:23:16,COMPLETED,29278.0,10893.6,4300.76,4954.02
876,medium,14,13:54:00,14:58:35,15:25:38,COMPLETED,31312.0,27054.2,3875.56,5498.39
1038,easy,11,14:03:31,15:25:44,15:25:51,COMPLETED,24705.0,119.0,4933.95,4940.58
863,hard,15,13:41:13,14:31:38,15:26:17,COMPLETED,31589.0,54654.5,3025.37,6304.29
962,hard,15,13:51:37,14:51:42,15:27:15,COMPLETED,29496.0,35567.9,3605.29,5738.86
888,hard,15,13:49:19,14:44:28,15:29:41,COMPLETED,30644.0,45218.8,3309.94,6022.85
1157,easy,11,14:05:44,15:29:48,15:30:00,COMPLETED,19863.0,216.3,5044.18,5056.85
1107,easy,12,14:04:56,15:25:58,15:30:19,COMPLETED,42308.0,4367.0,4862.13,5123.86
1011,hard,15,13:39:28,14:25:51,15:30:51,COMPLETED,32679.0,64997.9,2783.87,6683.50
1170,medium,13,14:03:22,15:23:22,15:31:04,COMPLETED,35073.0,7700.6,4800.56,5262.26
1099,easy,11,14:05:59,15:30:57,15:31:23,COMPLETED,25798.0,430.2,5098.87,5124.38
1122,easy,11,14:06:04,15:31:10,15:31:23,COMPLETED,26050.0,217.4,5106.65,5119.38
1160,easy,11,14:06:17,15:31:29,15:31:42,COMPLETED,21464.0,218.6,5112.71,5125.49
1045,easy,11,14:06:44,15:31:29,15:31:42,COMPLETED,23234.0,218.3,5085.71,5098.49
1188,easy,11,14:07:17,15:31:48,15:31:55,COMPLETED,34334.0,112.3,5071.87,5078.29
1117,easy,11,14:07:29,15:31:48,15:32:59,COMPLETED,32889.0,1177.2,5059.87,5130.06
1040,easy,11,14:07:42,15:33:05,15:33:11,COMPLETED,21740.0,114.3,5123.59,5129.94
960,medium,14,13:52:16,14:53:31,15:34:55,COMPLETED,37737.0,41411.9,3675.02,6159.34
1084,medium,13,14:05:49,15:30:26,15:35:15,COMPLETED,31800.0,4821.1,5077.19,5366.02
938,medium,14,13:58:16,15:10:26,15:36:58,COMPLETED,32678.0,26538.8,4330.26,5922.20
1027,easy,12,14:08:29,15:35:21,15:37:04,COMPLETED,28055.0,1730.5,5212.50,5315.74
1109,easy,12,14:08:01,15:35:01,15:37:24,COMPLETED,28152.0,2378.1,5220.91,5363.30
1133,easy,11,14:09:06,15:37:30,15:38:09,COMPLETED,30112.0,652.8,5304.63,5343.31
1073,easy,11,14:09:33,15:38:15,15:38:29,COMPLETED,28849.0,224.7,5322.86,5336.01
955,hard,15,13:46:14,14:36:43,15:38:35,COMPLETED,27053.0,61875.7,3029.09,6741.37
1150,easy,12,14:09:51,15:38:35,15:39:38,COMPLETED,19875.0,1061.8,5324.37,5387.78
1059,easy,11,14:10:38,15:39:45,15:40:10,COMPLETED,32023.0,426.9,5347.12,5372.43
723,hard,15,12:33:43,13:11:41,15:40:23,COMPLETED,36352.0,148702.9,2278.08,11200.12
1069,easy,11,14:12:05,15:40:29,15:40:35,COMPLETED,24947.0,111.7,5304.47,5310.86
1097,easy,12,14:12:19,15:40:42,15:40:54,COMPLETED,25213.0,216.8,5303.20,5315.87
1100,medium,13,14:02:14,15:19:44,15:41:01,COMPLETED,29158.0,21286.8,4650.33,5927.23
1155,easy,12,14:12:31,15:41:07,15:42:23,COMPLETED,30805.0,1268.2,5316.62,5392.40
1096,medium,13,14:12:48,15:42:29,15:44:36,COMPLETED,31689.0,2120.6,5381.74,5508.67
1116,easy,11,14:13:57,15:44:42,15:44:55,COMPLETED,24980.0,217.1,5446.00,5458.67
1154,medium,14,14:07:37,15:32:01,15:45:21,COMPLETED,25929.0,13328.0,5064.63,5864.04
1085,medium,13,14:10:12,15:38:41,15:45:40,COMPLETED,37037.0,6976.4,5309.76,5728.06
1028,hard,15,14:08:49,15:37:04,15:46:37,COMPLETED,25617.0,9542.7,5295.74,5868.03
1187,easy,12,14:14:44,15:45:27,15:46:43,COMPLETED,27871.0,1272.2,5443.37,5519.36
136,hard,15,08:44:02,08:44:06,15:48:30,COMPLETED,35251.0,424406.6,4.56,25468.95
811,hard,15,12:29:33,13:01:43,15:49:48,COMPLETED,37241.0,168077.0,1930.56,12015.01
1039,medium,14,14:02:59,15:19:57,15:50:07,COMPLETED,35204.0,30177.4,4618.10,6428.44
1071,easy,11,14:16:05,15:49:54,15:50:07,COMPLETED,23207.0,221.1,5629.55,5642.44
1078,easy,12,14:15:49,15:48:37,15:50:33,COMPLETED,32896.0,1942.5,5568.27,5684.51
1088,easy,12,14:16:52,15:50:13,15:51:05,COMPLETED,30009.0,871.8,5601.84,5653.79
1061,medium,13,14:15:36,15:46:43,15:51:18,COMPLETED,34501.0,4591.4,5467.36,5742.57
1121,medium,13,14:11:19,15:40:16,15:52:28,COMPLETED,32165.0,12200.8,5337.76,6069.54
1063,easy,12,14:19:40,15:51:24,15:52:41,COMPLETED,28624.0,1277.1,5504.89,5581.23
1139,easy,12,14:20:00,15:52:47,15:53:06,COMPLETED,29821.0,321.5,5567.56,5586.54
1141,medium,14,14:17:50,15:50:39,15:55:12,COMPLETED,27425.0,4557.7,5569.86,5842.99
879,hard,15,13:11:20,13:51:58,15:56:41,COMPLETED,32483.0,124734.3,2438.04,9921.97
1148,easy,12,14:20:56,15:56:48,15:57:01,COMPLETED,28014.0,217.6,5752.30,5765.03
1029,medium,13,14:15:36,15:46:49,15:57:39,COMPLETED,32533.0,10826.0,5473.74,6123.03
1095,easy,12,14:21:20,15:57:07,15:58:49,COMPLETED,23758.0,1718.2,5747.38,5849.96
1090,medium,13,14:22:58,15:58:56,16:00:38,COMPLETED,27192.0,1706.3,5758.53,5860.59
1043,medium,14,14:19:51,15:52:34,16:01:29,COMPLETED,26128.0,8913.2,5563.87,6098.38
1075,medium,13,14:17:20,15:50:13,16:02:01,COMPLETED,40349.0,11793.4,5573.84,6281.03
1159,easy,12,14:22:27,15:57:45,16:02:39,COMPLETED,28425.0,4916.8,5718.35,6013.00
1068,medium,14,14:22:59,16:00:44,16:03:18,COMPLETED,30078.0,2557.1,5865.93,6019.07
1081,medium,13,14:24:09,16:02:46,16:03:56,COMPLETED,27592.0,1165.3,5917.41,5987.02
929,hard,15,13:14:01,14:02:12,16:04:59,COMPLETED,35281.0,122789.7,2891.07,10258.33
1162,easy,12,14:25:19,16:03:24,16:05:43,COMPLETED,26924.0,2327.0,5885.40,6024.73
569,hard,15,11:08:44,11:11:56,16:06:59,COMPLETED,30857.0,295049.4,192.79,17895.69
973,hard,15,13:54:58,15:05:40,16:07:18,COMPLETED,32977.0,61640.1,4242.46,7940.68
1115,hard,15,14:24:07,16:01:35,16:07:25,COMPLETED,36407.0,5827.3,5848.71,6198.01
1149,easy,12,14:27:38,16:07:31,16:08:35,COMPLETED,25994.0,1082.5,5993.40,6057.85
1104,medium,13,14:19:30,15:51:12,16:09:14,COMPLETED,33424.0,18051.2,5502.19,6585.00
1156,easy,11,14:27:56,16:09:21,16:09:59,COMPLETED,34870.0,652.7,6085.33,6124.00
1006,hard,15,13:55:09,15:06:12,16:10:19,COMPLETED,33634.0,64128.1,4263.37,8110.71
1066,medium,14,14:20:42,15:55:19,16:11:17,COMPLETED,34350.0,15980.1,5677.37,6635.74
1051,easy,11,14:29:37,16:11:24,16:11:30,COMPLETED,19787.0,114.2,6107.29,6113.64
238,hard,15,09:47:03,09:47:03,16:11:50,COMPLETED,39164.0,384779.8,0.56,23087.30
1049,easy,12,14:29:04,16:10:26,16:11:50,COMPLETED,28438.0,1409.4,6082.27,6166.30
1074,medium,13,14:27:54,16:08:42,16:12:23,COMPLETED,28903.0,3685.1,6048.39,6269.22
1083,easy,12,14:28:23,16:10:06,16:12:35,COMPLETED,25368.0,2494.2,6103.52,6252.90
1052,easy,11,14:32:46,16:12:42,16:12:48,COMPLETED,28900.0,118.9,5996.22,6002.84
988,hard,15,13:22:59,14:08:58,16:13:02,COMPLETED,32792.0,124066.4,2759.16,10203.01
1060,medium,14,14:00:24,15:12:16,16:13:02,COMPLETED,30023.0,60765.2,4312.30,7958.01
1047,easy,12,14:31:59,16:12:29,16:13:15,COMPLETED,26857.0,766.9,6030.54,6076.07
1176,easy,11,14:32:57,16:13:08,16:13:21,COMPLETED,23745.0,231.6,6011.34,6024.62
1033,easy,12,14:31:41,16:11:56,16:13:47,COMPLETED,30150.0,1849.8,6015.89,6126.65
1145,easy,12,14:33:45,16:13:28,16:13:47,COMPLETED,26032.0,328.5,5983.30,6002.65
1093,hard,15,14:05:46,15:30:07,16:14:00,COMPLETED,40993.0,43890.8,5061.19,7694.42
1181,easy,11,14:34:08,16:14:06,16:14:25,COMPLETED,26733.0,322.1,5998.75,6017.77
1079,easy,11,14:35:06,16:14:32,16:14:51,COMPLETED,31139.0,321.4,5966.10,5985.08
1123,easy,11,14:33:59,16:13:54,16:15:03,COMPLETED,36582.0,1167.9,5995.03,6064.77
1021,medium,14,14:07:51,15:33:18,16:16:25,COMPLETED,38129.0,43127.9,5127.49,7714.96
1086,medium,13,14:35:10,16:14:57,16:16:32,COMPLETED,26629.0,1588.3,5987.40,6082.30
1106,easy,11,14:37:19,16:16:38,16:16:57,COMPLETED,28783.0,321.7,5959.74,5978.74
1035,easy,11,14:37:56,16:17:04,16:17:16,COMPLETED,29969.0,217.6,5948.07,5960.82
1175,easy,12,14:38:11,16:17:23,16:19:42,COMPLETED,24938.0,2339.2,5952.15,6091.89
1056,medium,14,14:36:03,16:16:32,16:19:49,COMPLETED,29252.0,3297.5,6029.30,6226.54
1037,easy,11,14:38:44,16:19:56,16:20:09,COMPLETED,24292.0,225.5,6072.20,6085.37
1132,medium,14,14:29:52,16:11:56,16:20:41,COMPLETED,30490.0,8751.6,6124.89,6649.54
1143,medium,13,14:34:04,16:13:54,16:20:54,COMPLETED,31840.0,7011.1,5990.03,6410.45
1062,medium,13,14:32:47,16:12:55,16:21:20,COMPLETED,38767.0,8419.9,6008.40,6513.16
1034,easy,12,14:39:09,16:20:15,16:21:52,COMPLETED,28780.0,1626.4,6066.76,6163.86
1032,easy,11,14:39:22,16:21:26,16:22:05,COMPLETED,29342.0,659.4,6124.70,6163.77
1024,medium,13,14:39:27,16:21:59,16:24:27,COMPLETED,35677.0,2483.9,6152.42,6300.96
1064,medium,13,14:38:37,16:19:49,16:24:34,COMPLETED,27445.0,4758.4,6072.54,6357.51
228,hard,15,09:37:22,09:37:23,16:24:47,COMPLETED,36918.0,407399.5,1.79,24445.75
982,hard,15,13:18:37,14:06:05,16:25:13,COMPLETED,36023.0,139125.0,2848.71,11196.09
1134,easy,12,14:39:46,16:24:34,16:25:13,COMPLETED,30920.0,648.3,6288.51,6327.09
1094,hard,15,14:27:09,16:05:50,16:25:38,COMPLETED,29208.0,19810.9,5921.06,7109.46
1158,easy,11,14:40:37,16:25:44,16:25:57,COMPLETED,24542.0,216.9,6307.80,6320.50
1108,easy,12,14:40:31,16:25:19,16:26:16,COMPLETED,27638.0,955.5,6288.44,6345.51
1131,medium,13,14:40:41,16:26:22,16:27:00,COMPLETED,31912.0,636.9,6341.84,6379.75
1173,medium,14,14:09:03,15:37:11,16:27:32,COMPLETED,40514.0,50354.4,5288.39,8309.41
892,hard,15,13:21:42,14:08:19,16:27:38,COMPLETED,30402.0,139316.9,2797.98,11156.80
1008,hard,15,13:28:09,14:16:14,16:27:45,COMPLETED,38686.0,131516.1,2885.46,10776.24
1186,easy,11,14:40:42,16:27:07,16:27:45,COMPLETED,29542.0,642.3,6385.08,6423.24
1076,hard,15,14:00:32,15:12:22,16:27:51,COMPLETED,35535.0,75485.5,4310.76,8839.65
1055,easy,11,14:41:43,16:27:51,16:28:04,COMPLETED,31310.0,217.9,6368.65,6381.41
1171,easy,12,14:42:02,16:27:58,16:28:04,COMPLETED,31386.0,113.1,6356.06,6362.41
1152,medium,13,14:40:20,16:25:19,16:28:42,COMPLETED,27458.0,3389.3,6299.44,6502.52
1146,easy,12,14:41:22,16:27:45,16:28:55,COMPLETED,30030.0,1170.9,6383.24,6453.21
1174,easy,12,14:42:00,16:27:51,16:29:39,COMPLETED,32792.0,1802.7,6351.65,6459.57
1147,medium,13,14:42:08,16:28:10,16:29:39,COMPLETED,27562.0,1483.4,6362.88,6451.57
1136,easy,12,14:43:19,16:29:45,16:29:52,COMPLETED,24356.0,112.7,6386.91,6393.30
1053,easy,11,14:43:40,16:29:45,16:30:05,COMPLETED,28956.0,323.8,6365.91,6385.08
1102,medium,13,14:42:46,16:28:48,16:30:11,COMPLETED,32305.0,1382.5,6362.85,6445.41
975,hard,15,13:48:53,14:42:09,16:30:50,COMPLETED,32245.0,108689.9,3196.00,9717.25
1114,easy,12,14:45:09,16:30:17,16:31:35,COMPLETED,23956.0,1304.6,6308.85,6386.74
1120,medium,13,14:42:26,16:28:10,16:31:48,COMPLETED,26638.0,3635.8,6344.88,6562.56
1036,easy,11,14:45:38,16:31:42,16:32:01,COMPLETED,24888.0,334.9,6364.17,6383.76
1119,medium,14,14:27:06,16:05:05,16:32:40,COMPLETED,42528.0,27585.0,5879.65,7534.37
1168,hard,15,14:20:20,15:53:12,16:33:58,COMPLETED,31343.0,40759.8,5572.87,8018.06
1189,hard,15,14:29:44,16:11:37,16:34:17,COMPLETED,32311.0,22678.9,6113.18,7473.54
1144,hard,15,14:33:06,16:13:08,16:34:17,COMPLETED,35289.0,21158.6,6002.34,7271.54
942,hard,15,13:38:55,14:24:53,16:34:44,COMPLETED,35290.0,129844.2,2758.66,10549.08
1129,easy,12,14:46:54,16:34:24,16:34:44,COMPLETED,30120.0,336.7,6450.13,6470.08
1142,easy,12,14:47:34,16:34:50,16:35:09,COMPLETED,26136.0,333.0,6436.50,6455.97
1110,easy,12,14:47:35,16:34:50,16:35:09,COMPLETED,29456.0,332.1,6435.50,6454.97
1077,medium,13,14:40:49,16:27:38,16:35:16,COMPLETED,31092.0,7638.6,6409.80,6867.56
1164,easy,12,14:48:23,16:35:16,16:36:39,COMPLETED,25066.0,1392.3,6413.56,6496.90
1089,easy,11,14:48:30,16:36:46,16:37:11,COMPLETED,31015.0,426.7,6496.23,6521.53
1112,easy,11,14:49:29,16:37:17,16:37:36,COMPLETED,30320.0,322.0,6468.85,6487.87
992,hard,15,13:15:12,14:02:51,16:38:02,COMPLETED,32021.0,155181.6,2859.40,12170.19
1124,easy,12,14:50:19,16:38:08,16:38:21,COMPLETED,22069.0,218.5,6469.52,6482.26
1126,medium,13,14:50:20,16:38:27,16:40:34,COMPLETED,30639.0,2113.9,6487.66,6614.19
1030,medium,14,14:14:21,15:45:02,16:41:18,COMPLETED,36432.0,56279.9,5441.05,8817.67
951,hard,15,13:36:12,14:20:06,16:41:57,COMPLETED,32380.0,141859.4,2634.20,11145.56
1103,medium,14,14:43:06,16:29:01,16:44:12,COMPLETED,25422.0,15196.6,6355.54,7266.92
1058,hard,15,14:01:44,15:19:31,16:44:58,COMPLETED,24613.0,85447.6,4667.61,9794.31
1054,medium,14,14:39:21,16:21:00,16:47:58,COMPLETED,30909.0,26963.0,6099.78,7717.35
1172,medium,13,14:53:43,16:44:19,16:48:17,COMPLETED,33567.0,3969.3,6636.48,6874.35
1048,easy,11,14:53:58,16:48:23,16:48:42,COMPLETED,23553.0,321.3,6865.68,6884.65
1128,easy,11,14:55:15,16:48:48,16:49:14,COMPLETED,28127.0,426.6,6813.98,6839.28
1050,medium,14,14:46:34,16:34:04,16:49:39,COMPLETED,38239.0,15586.7,6450.68,7385.62
1098,medium,13,14:53:52,16:48:04,16:50:11,COMPLETED,33638.0,2114.9,6852.68,6979.29
897,medium,14,13:53:43,14:56:47,16:51:01,COMPLETED,29363.0,114235.3,3784.92,10638.90
1082,medium,13,14:56:11,16:49:45,16:51:01,COMPLETED,28201.0,1270.6,6814.97,6890.90
584,hard,15,11:37:36,11:47:12,16:52:17,COMPLETED,27845.0,305090.7,576.55,18881.95
1163,medium,13,14:53:46,16:45:04,16:55:46,COMPLETED,26036.0,10710.6,6678.67,7320.98
1023,easy,12,14:57:42,16:55:53,16:56:31,COMPLETED,22142.0,640.3,7091.37,7129.48
1135,medium,14,14:12:25,15:41:01,16:56:44,COMPLETED,26439.0,75718.5,5316.23,9859.17
1169,hard,15,14:50:33,16:40:40,16:56:44,COMPLETED,34096.0,16065.7,6607.52,7571.17
1031,easy,12,14:58:41,16:56:37,16:57:15,COMPLETED,33863.0,638.8,7076.81,7114.84
1153,easy,12,14:59:07,16:56:50,16:57:22,COMPLETED,24984.0,534.9,7063.53,7095.17
1065,easy,11,14:59:41,16:57:22,16:57:41,COMPLETED,20743.0,324.7,7061.17,7080.36
1151,medium,13,14:59:39,16:56:50,17:00:54,COMPLETED,29475.0,4062.7,7031.53,7275.04
1118,medium,14,14:59:42,16:57:28,17:01:13,COMPLETED,29883.0,3746.0,7066.66,7291.09
1113,easy,11,14:59:58,17:01:00,17:01:19,COMPLETED,31515.0,324.9,7262.37,7281.46
1281,easy,12,15:00:43,17:01:25,17:01:38,COMPLETED,23386.0,218.5,7242.90,7255.65
849,hard,15,12:54:06,13:29:22,17:01:45,COMPLETED,32860.0,212376.4,2116.63,14859.04
1125,hard,15,14:26:06,16:04:02,17:02:29,COMPLETED,32840.0,58455.9,5876.36,9383.53
1092,medium,13,14:53:22,16:41:24,17:03:26,COMPLETED,27065.0,22029.0,6482.99,7804.48
1178,medium,13,14:48:06,16:35:16,17:03:51,COMPLETED,38336.0,28592.2,6430.56,8145.85
1271,easy,11,15:04:53,17:03:58,17:04:04,COMPLETED,21859.0,111.1,7145.19,7151.55
1309,easy,11,15:04:08,17:03:32,17:04:17,COMPLETED,29078.0,746.9,7164.81,7209.28
1341,easy,12,15:01:17,17:02:35,17:04:42,COMPLETED,30534.0,2121.0,7278.90,7405.80
1318,easy,12,15:05:15,17:04:10,17:04:42,COMPLETED,27496.0,538.6,7135.87,7167.80
1302,medium,13,15:01:12,17:01:51,17:04:49,COMPLETED,24819.0,2969.4,7239.49,7417.22
1072,medium,14,14:44:25,16:29:58,17:05:08,COMPLETED,30708.0,35166.3,6333.71,8443.47
1044,medium,14,14:55:51,16:49:20,17:05:27,COMPLETED,34666.0,16121.3,6809.60,7776.55
1255,easy,11,15:05:59,17:05:14,17:05:27,COMPLETED,29418.0,219.0,7155.84,7168.55
1276,easy,11,15:06:02,17:05:34,17:05:59,COMPLETED,22948.0,429.9,7172.01,7197.50
1191,medium,13,15:01:08,17:01:45,17:08:32,COMPLETED,34531.0,6804.1,7237.04,7644.97
1091,medium,14,14:05:01,15:26:23,17:08:39,COMPLETED,38524.0,102264.4,4882.82,11018.34
1346,easy,11,15:08:20,17:08:46,17:09:18,COMPLETED,27417.0,544.6,7226.01,7258.20
1252,medium,13,15:07:43,17:08:39,17:09:24,COMPLETED,19278.0,766.3,7256.34,7301.73
1201,easy,12,15:08:20,17:09:24,17:09:31,COMPLETED,28358.0,121.2,7264.73,7271.38
1234,medium,14,15:07:14,17:06:05,17:12:51,COMPLETED,26615.0,6763.1,7131.83,7537.32
1331,easy,12,15:10:28,17:12:57,17:13:22,COMPLETED,23987.0,427.1,7349.66,7374.95
1272,medium,13,15:08:59,17:09:38,17:14:01,COMPLETED,31170.0,4389.7,7239.05,7502.13
1184,medium,14,14:56:42,16:51:08,17:14:45,COMPLETED,33197.0,23623.4,6866.23,8283.39
1325,easy,12,15:11:47,17:14:51,17:15:29,COMPLETED,28006.0,637.0,7384.72,7422.63
1026,medium,14,14:57:27,16:52:24,17:15:35,COMPLETED,27312.0,23198.5,6897.36,8288.96
1259,easy,12,15:11:55,17:15:35,17:16:07,COMPLETED,29046.0,532.7,7420.96,7452.63
1301,easy,12,15:12:00,17:15:42,17:16:20,COMPLETED,31905.0,638.5,7422.34,7460.32
1327,easy,11,15:12:04,17:16:13,17:16:20,COMPLETED,25712.0,111.9,7449.96,7456.32
1137,hard,15,14:33:31,16:13:21,17:17:04,COMPLETED,31229.0,63725.2,5990.62,9813.82
618,hard,15,11:02:34,11:04:50,17:17:11,COMPLETED,42888.0,372347.1,136.65,22477.39
1322,easy,12,15:12:05,17:16:26,17:17:17,COMPLETED,30096.0,856.7,7461.70,7512.76
1211,easy,11,15:12:52,17:17:17,17:17:30,COMPLETED,29485.0,225.2,7465.76,7478.77
1244,easy,11,15:12:56,17:17:24,17:17:37,COMPLETED,21893.0,229.9,7468.13,7481.33
1241,easy,11,15:12:58,17:17:37,17:17:43,COMPLETED,24162.0,120.6,7479.33,7485.99
1197,easy,11,15:13:47,17:17:50,17:18:22,COMPLETED,28247.0,543.3,7443.63,7475.72
1274,easy,12,15:12:24,17:16:26,17:18:54,COMPLETED,30436.0,2475.1,7442.70,7590.95
1359,easy,11,15:14:19,17:18:29,17:19:07,COMPLETED,35801.0,652.1,7450.27,7488.91
1323,easy,11,15:14:25,17:19:14,17:19:21,COMPLETED,26000.0,118.5,7489.45,7496.08
1289,medium,13,15:14:19,17:19:01,17:20:13,COMPLETED,27405.0,1209.5,7482.28,7554.37
375,hard,15,10:42:36,10:42:40,17:21:30,COMPLETED,33786.0,398846.4,4.26,23934.98
1233,medium,13,15:10:34,17:13:29,17:22:16,COMPLETED,31109.0,8788.8,7375.31,7902.18
1270,medium,13,15:12:43,17:17:11,17:22:29,COMPLETED,25289.0,5306.8,7468.39,7786.34
1223,easy,11,15:16:44,17:22:22,17:22:29,COMPLETED,28706.0,119.1,7538.73,7545.34
1290,medium,14,15:05:24,17:04:23,17:24:18,COMPLETED,37785.0,19911.0,7139.66,8334.08
1329,easy,11,15:18:16,17:24:24,17:24:56,COMPLETED,30562.0,536.0,7568.41,7600.21
1312,medium,13,15:16:07,17:21:37,17:25:34,COMPLETED,29819.0,3952.8,7530.54,7767.43
1130,medium,14,14:46:34,16:32:46,17:25:40,COMPLETED,36807.0,52901.2,6372.95,9546.75
1229,medium,13,15:18:20,17:25:02,17:26:56,COMPLETED,29266.0,1907.1,7602.60,7716.72
1161,hard,15,14:46:21,16:31:55,17:27:09,COMPLETED,35694.0,55241.6,6334.16,9648.41
1243,easy,12,15:18:42,17:27:03,17:27:28,COMPLETED,31664.0,429.4,7701.06,7726.52
1305,easy,12,15:18:41,17:25:47,17:28:06,COMPLETED,32805.0,2327.1,7626.16,7765.50
1242,easy,11,15:21:16,17:28:12,17:28:25,COMPLETED,22583.0,226.5,7616.82,7629.92
1282,easy,12,15:21:33,17:28:32,17:28:45,COMPLETED,25870.0,223.9,7619.46,7632.59
1315,easy,12,15:21:35,17:28:51,17:29:37,COMPLETED,27165.0,761.6,7636.92,7682.12
1263,easy,11,15:22:23,17:29:43,17:29:56,COMPLETED,23844.0,222.5,7640.66,7653.51
1344,medium,14,15:11:08,17:14:07,17:31:39,COMPLETED,33526.0,17547.9,7379.46,8431.79
1277,easy,12,15:22:42,17:30:03,17:31:46,COMPLETED,32584.0,1733.8,7641.05,7744.46
1257,easy,12,15:22:47,17:31:46,17:32:06,COMPLETED,27374.0,333.5,7739.46,7759.18
1285,easy,11,15:25:08,17:32:12,17:32:19,COMPLETED,24942.0,118.5,7624.50,7631.11
1314,medium,14,15:05:28,17:04:49,17:32:25,COMPLETED,38896.0,27612.7,7161.22,8817.65
1179,hard,15,14:27:19,16:07:06,17:33:10,COMPLETED,33283.0,86083.4,5987.01,11151.77
1200,easy,12,15:25:36,17:32:32,17:33:10,COMPLETED,26333.0,654.3,7616.07,7654.77
1295,easy,12,15:27:17,17:33:17,17:33:30,COMPLETED,25922.0,226.9,7560.37,7573.57
1356,hard,15,15:15:27,17:19:27,17:33:56,COMPLETED,28956.0,14488.9,7440.60,8309.52
1238,easy,11,15:27:04,17:33:17,17:34:03,COMPLETED,31123.0,770.4,7573.37,7619.04
1311,easy,11,15:27:20,17:33:37,17:34:03,COMPLETED,33174.0,441.9,7577.11,7603.04
1247,easy,11,15:28:32,17:34:09,17:34:22,COMPLETED,23526.0,217.2,7537.68,7550.41
1222,easy,12,15:28:10,17:34:03,17:34:35,COMPLETED,25398.0,540.2,7553.04,7585.14
1165,medium,14,14:50:19,16:37:43,17:35:32,COMPLETED,29270.0,57817.9,6444.19,9913.06
1304,medium,13,15:29:31,17:34:41,17:35:57,COMPLETED,26323.0,1272.1,7510.49,7586.50
1127,hard,15,14:56:32,16:50:17,17:36:03,COMPLETED,26605.0,45775.4,6825.62,9571.85
1070,medium,14,14:46:33,16:32:08,17:37:00,COMPLETED,28531.0,64878.6,6335.31,10227.84
1249,easy,12,15:31:11,17:37:07,17:37:26,COMPLETED,26720.0,321.6,7556.16,7575.16
1190,easy,11,15:31:45,17:37:32,17:37:38,COMPLETED,21784.0,110.9,7547.48,7553.83
1317,easy,12,15:30:53,17:36:10,17:38:23,COMPLETED,27892.0,2218.1,7517.29,7650.07
1210,hard,15,15:16:58,17:22:35,17:38:48,COMPLETED,30559.0,16211.8,7537.92,8510.39
1111,hard,15,14:59:53,16:57:47,17:39:20,COMPLETED,31738.0,41546.7,7074.69,9567.27
1239,medium,13,15:29:36,17:35:38,17:39:33,COMPLETED,28490.0,3921.8,7562.40,7797.23
1339,medium,13,15:31:54,17:38:29,17:39:46,COMPLETED,30651.0,1290.5,7595.41,7672.36
1303,easy,12,15:33:07,17:39:52,17:41:36,COMPLETED,29562.0,1734.7,7605.90,7709.49
1182,hard,15,14:14:48,15:45:46,17:42:47,COMPLETED,27932.0,117026.0,5458.39,12479.69
1284,medium,13,15:31:47,17:37:45,17:42:47,COMPLETED,27051.0,5050.9,7558.16,7860.69
1240,easy,11,15:33:36,17:42:54,17:43:00,COMPLETED,24124.0,119.9,7758.28,7764.98
1254,medium,14,15:32:18,17:39:26,17:43:27,COMPLETED,31723.0,4017.7,7628.60,7869.19
1041,hard,15,14:05:39,15:27:22,17:43:53,COMPLETED,24506.0,136512.2,4903.56,13094.06
1310,medium,14,15:31:57,17:38:54,17:44:12,COMPLETED,33584.0,5305.0,7617.71,7935.55
1101,hard,15,14:45:10,16:30:56,17:44:51,COMPLETED,38683.0,73921.6,6346.58,10781.59
1258,easy,12,15:34:39,17:44:58,17:45:30,COMPLETED,29547.0,540.6,7819.14,7851.27
1198,medium,13,15:32:23,17:39:39,17:46:27,COMPLETED,37072.0,6794.8,7636.78,8044.21
1232,medium,14,15:24:30,17:31:53,17:46:39,COMPLETED,35100.0,14784.3,7643.14,8529.94
1216,medium,14,15:29:57,17:36:03,17:46:58,COMPLETED,33532.0,10923.8,7566.85,8221.97
889,hard,15,13:37:22,14:22:06,17:47:05,COMPLETED,33829.0,204980.4,2684.68,14983.36
1265,medium,13,15:34:42,17:45:36,17:47:05,COMPLETED,26369.0,1485.0,7854.60,7943.36
1230,medium,13,15:35:52,17:47:11,17:47:37,COMPLETED,28425.0,426.8,7879.74,7905.05
1226,medium,14,15:25:20,17:32:25,17:47:43,COMPLETED,32623.0,15300.2,7625.65,8543.38
903,medium,14,13:02:58,13:40:20,17:47:56,COMPLETED,39974.0,247596.3,2242.44,17098.12
1020,medium,14,14:57:14,16:51:08,17:49:50,COMPLETED,34579.0,58699.8,6834.23,10356.07
1291,medium,14,15:34:06,17:43:07,17:50:21,COMPLETED,28038.0,7243.8,7741.53,8175.91
1308,easy,11,15:37:45,17:50:28,17:50:41,COMPLETED,29435.0,222.2,7963.23,7976.10
1296,easy,12,15:36:56,17:47:43,17:50:54,COMPLETED,29137.0,3188.3,7847.38,8038.21
1348,easy,12,15:37:39,17:48:02,17:51:13,COMPLETED,33235.0,3198.5,7823.47,8014.90
1204,easy,12,15:38:50,17:51:20,17:51:33,COMPLETED,26053.0,224.9,7950.44,7963.63
1267,easy,11,15:38:12,17:51:00,17:51:46,COMPLETED,28039.0,768.7,7968.73,8014.56
1287,easy,11,15:39:14,17:51:52,17:51:59,COMPLETED,23264.0,115.1,7958.88,7965.49
1183,hard,15,14:44:59,16:30:11,17:52:12,COMPLETED,30482.0,82017.5,6312.41,11233.19
1194,easy,11,15:39:57,17:52:18,17:52:38,COMPLETED,23274.0,335.2,7941.74,7961.34
1087,hard,15,14:53:27,16:42:04,17:52:44,COMPLETED,27782.0,70685.9,6517.10,10757.90
1264,easy,11,15:40:00,17:52:44,17:52:58,COMPLETED,29177.0,230.2,7964.90,7978.22
1250,easy,12,15:40:02,17:52:51,17:53:11,COMPLETED,24119.0,337.4,7969.51,7989.47
1199,medium,14,15:33:24,17:41:43,17:54:02,COMPLETED,34982.0,12338.2,7699.03,8438.89
1220,medium,14,15:37:45,17:49:56,17:54:41,COMPLETED,31477.0,4766.2,7931.40,8216.91
1335,medium,13,15:37:20,17:47:49,17:54:55,COMPLETED,31466.0,7092.4,7829.76,8255.03
1334,easy,12,15:41:06,17:53:17,17:54:55,COMPLETED,26494.0,1625.8,7931.79,8029.03
1307,medium,14,15:08:49,17:09:31,17:55:53,COMPLETED,26379.0,46376.2,7242.38,10024.64
1195,easy,12,15:41:47,17:55:01,17:56:00,COMPLETED,24718.0,988.1,7994.37,8053.18
1340,medium,14,15:40:38,17:53:04,17:56:06,COMPLETED,36017.0,3042.7,7946.77,8128.80
1345,medium,13,15:36:31,17:47:11,17:56:13,COMPLETED,29106.0,9037.1,7840.74,8382.42
1206,easy,12,15:42:13,17:56:06,17:56:13,COMPLETED,23635.0,121.6,8033.80,8040.42
1337,medium,14,15:34:59,17:46:46,17:56:20,COMPLETED,32196.0,9569.9,7907.28,8481.15
1316,medium,14,15:35:12,17:47:05,17:56:45,COMPLETED,26190.0,9673.6,7913.36,8493.52
1225,easy,12,15:41:35,17:55:01,17:56:51,COMPLETED,28344.0,1846.8,8006.37,8116.85
1203,medium,13,15:42:36,17:56:20,17:56:51,COMPLETED,24680.0,533.9,8024.15,8055.85
1332,easy,12,15:43:47,17:56:58,17:57:17,COMPLETED,34006.0,326.7,7991.25,8010.36
1300,easy,11,15:44:34,17:57:23,17:57:36,COMPLETED,29406.0,216.9,7969.90,7982.61
1358,easy,11,15:44:46,17:57:42,17:57:49,COMPLETED,26952.0,112.0,7976.94,7983.30
1324,easy,11,15:45:04,17:57:55,17:58:08,COMPLETED,27739.0,216.3,7971.69,7984.36
1228,medium,13,15:39:09,17:51:39,17:58:21,COMPLETED,27146.0,6688.9,7950.96,8352.05
1279,easy,11,15:45:10,17:58:14,17:58:40,COMPLETED,23079.0,427.9,7984.69,8010.06
1342,easy,11,15:45:18,17:58:27,17:58:40,COMPLETED,24554.0,216.7,7989.38,8002.06
1294,easy,11,15:46:30,17:58:46,17:58:59,COMPLETED,24986.0,216.2,7936.40,7949.11
139,hard,15,08:44:41,08:44:43,18:00:00,UNFINISHED,-1,-1,-1
135,hard,15,08:52:01,08:52:02,18:00:00,UNFINISHED,-1,-1,-1
266,hard,15,09:30:00,09:30:03,18:00:00,UNFINISHED,-1,-1,-1
469,hard,15,10:20:09,10:20:11,18:00:00,UNFINISHED,-1,-1,-1
507,hard,15,10:37:19,10:37:24,18:00:00,UNFINISHED,-1,-1,-1
378,hard,15,10:50:45,10:50:51,18:00:00,UNFINISHED,-1,-1,-1
472,hard,15,10:52:54,10:52:57,18:00:00,UNFINISHED,-1,-1,-1
559,hard,15,11:08:44,11:11:31,18:00:00,UNFINISHED,-1,-1,-1
543,hard,15,11:22:28,11:26:42,18:00:00,UNFINISHED,-1,-1,-1
570,hard,15,11:59:55,12:12:52,18:00:00,UNFINISHED,-1,-1,-1
771,hard,15,12:02:56,12:16:03,18:00:00,UNFINISHED,-1,-1,-1
841,hard,15,12:08:56,12:28:47,18:00:00,UNFINISHED,-1,-1,-1
807,hard,15,12:27:00,12:55:19,18:00:00,UNFINISHED,-1,-1,-1
846,hard,15,12:27:17,12:55:58,18:00:00,UNFINISHED,-1,-1,-1
753,hard,15,12:30:16,13:02:47,18:00:00,UNFINISHED,-1,-1,-1
721,hard,15,12:40:37,13:18:18,18:00:00,UNFINISHED,-1,-1,-1
789,hard,15,12:45:24,13:24:23,18:00:00,UNFINISHED,-1,-1,-1
974,hard,15,13:24:55,14:12:14,18:00:00,UNFINISHED,-1,-1,-1
958,hard,15,13:35:29,14:19:21,18:00:00,UNFINISHED,-1,-1,-1
893,medium,14,13:36:23,14:20:44,18:00:00,UNFINISHED,-1,-1,-1
871,hard,15,13:39:22,14:25:25,18:00:00,UNFINISHED,-1,-1,-1
890,hard,15,13:50:20,14:45:57,18:00:00,UNFINISHED,-1,-1,-1
963,hard,15,13:51:16,14:46:48,18:00:00,UNFINISHED,-1,-1,-1
1022,hard,15,14:01:35,15:16:15,18:00:00,UNFINISHED,-1,-1,-1
1067,hard,15,14:03:12,15:20:47,18:00:00,UNFINISHED,-1,-1,-1
1180,hard,15,14:24:09,16:02:07,18:00:00,UNFINISHED,-1,-1,-1
1177,hard,15,14:27:31,16:07:25,18:00:00,UNFINISHED,-1,-1,-1
1025,hard,15,14:35:33,16:15:10,18:00:00,UNFINISHED,-1,-1,-1
1140,hard,15,14:39:10,16:20:48,18:00:00,UNFINISHED,-1,-1,-1
1138,hard,15,14:39:32,16:22:12,18:00:00,UNFINISHED,-1,-1,-1
1105,hard,15,14:39:48,16:24:41,18:00:00,UNFINISHED,-1,-1,-1
1057,hard,15,14:40:17,16:24:54,18:00:00,UNFINISHED,-1,-1,-1
1042,hard,15,14:40:37,16:26:03,18:00:00,UNFINISHED,-1,-1,-1
1046,hard,15,14:46:45,16:34:24,18:00:00,UNFINISHED,-1,-1,-1
1167,hard,15,14:48:25,16:35:23,18:00:00,UNFINISHED,-1,-1,-1
1212,hard,15,15:00:17,17:01:19,18:00:00,UNFINISHED,-1,-1,-1
1217,medium,14,15:05:40,17:04:49,18:00:00,UNFINISHED,-1,-1,-1
1275,hard,15,15:05:48,17:04:55,18:00:00,UNFINISHED,-1,-1,-1
1280,hard,15,15:06:31,17:05:34,18:00:00,UNFINISHED,-1,-1,-1
1215,hard,15,15:13:46,17:17:43,18:00:00,UNFINISHED,-1,-1,-1
1319,hard,15,15:15:39,17:20:19,18:00:00,UNFINISHED,-1,-1,-1
1260,hard,15,15:18:02,17:22:35,18:00:00,UNFINISHED,-1,-1,-1
1209,medium,14,15:18:27,17:25:40,18:00:00,UNFINISHED,-1,-1,-1
1193,medium,14,15:20:07,17:27:15,18:00:00,UNFINISHED,-1,-1,-1
1245,hard,15,15:20:08,17:27:34,18:00:00,UNFINISHED,-1,-1,-1
1214,hard,15,15:28:20,17:34:09,18:00:00,UNFINISHED,-1,-1,-1
1353,medium,14,15:28:59,17:34:28,18:00:00,UNFINISHED,-1,-1,-1
1293,medium,14,15:33:58,17:42:54,18:00:00,UNFINISHED,-1,-1,-1
1227,medium,14,15:34:06,17:43:33,18:00:00,UNFINISHED,-1,-1,-1
1218,hard,15,15:34:14,17:43:59,18:00:00,UNFINISHED,-1,-1,-1
1207,medium,14,15:34:14,17:44:19,18:00:00,UNFINISHED,-1,-1,-1
1213,medium,14,15:34:44,17:46:33,18:00:00,UNFINISHED,-1,-1,-1
1208,hard,15,15:38:11,17:50:47,18:00:00,UNFINISHED,-1,-1,-1
1246,hard,15,15:39:23,17:52:05,18:00:00,UNFINISHED,-1,-1,-1
1351,medium,14,15:41:18,17:54:09,18:00:00,UNFINISHED,-1,-1,-1
1236,medium,13,15:41:22,17:54:48,18:00:00,UNFINISHED,-1,-1,-1
1338,medium,14,15:42:12,17:56:00,18:00:00,UNFINISHED,-1,-1,-1
1261,medium,14,15:42:31,17:56:13,18:00:00,UNFINISHED,-1,-1,-1
1299,medium,14,15:42:35,17:56:20,18:00:00,UNFINISHED,-1,-1,-1
1237,medium,14,15:42:52,17:56:26,18:00:00,UNFINISHED,-1,-1,-1
1286,hard,15,15:43:34,17:56:51,18:00:00,UNFINISHED,-1,-1,-1
1354,hard,15,15:44:32,17:56:58,18:00:00,UNFINISHED,-1,-1,-1
1268,medium,14,15:45:20,17:58:46,18:00:00,UNFINISHED,-1,-1,-1
1202,hard,15,15:46:51,17:59:05,18:00:00,UNFINISHED,-1,-1,-1
1235,easy,12,15:47:06,-,-,IGNORED,-1,-1
1278,easy,12,15:47:16,-,-,IGNORED,-1,-1
1283,hard,15,15:47:46,-,-,IGNORED,-1,-1
1326,hard,15,15:47:49,-,-,IGNORED,-1,-1
1352,easy,12,15:47:54,-,-,IGNORED,-1,-1
1313,medium,14,15:48:28,-,-,IGNORED,-1,-1
1306,easy,11,15:48:37,-,-,IGNORED,-1,-1
1298,easy,12,15:48:46,-,-,IGNORED,-1,-1
1253,medium,14,15:49:15,-,-,IGNORED,-1,-1
1320,easy,12,15:49:32,-,-,IGNORED,-1,-1
1297,easy,12,15:49:33,-,-,IGNORED,-1,-1
1321,easy,12,15:49:57,-,-,IGNORED,-1,-1
1269,medium,13,15:50:18,-,-,IGNORED,-1,-1
1347,easy,12,15:51:33,-,-,IGNORED,-1,-1
1336,medium,13,15:51:39,-,-,IGNORED,-1,-1
1224,medium,13,15:51:44,-,-,IGNORED,-1,-1
1349,medium,14,15:52:42,-,-,IGNORED,-1,-1
1248,easy,11,15:53:10,-,-,IGNORED,-1,-1
1266,easy,12,15:53:48,-,-,IGNORED,-1,-1
1256,easy,11,15:53:55,-,-,IGNORED,-1,-1
1288,easy,12,15:54:02,-,-,IGNORED,-1,-1
1196,easy,12,15:54:38,-,-,IGNORED,-1,-1
1328,easy,11,15:55:10,-,-,IGNORED,-1,-1
1333,medium,13,15:55:14,-,-,IGNORED,-1,-1
1262,easy,12,15:55:39,-,-,IGNORED,-1,-1
1251,medium,13,15:55:39,-,-,IGNORED,-1,-1
1350,hard,15,15:56:22,-,-,IGNORED,-1,-1
1205,medium,13,15:56:54,-,-,IGNORED,-1,-1
1330,hard,15,15:57:04,-,-,IGNORED,-1,-1
1292,easy,12,15:57:19,-,-,IGNORED,-1,-1
1231,easy,12,15:57:47,-,-,IGNORED,-1,-1
1355,medium,14,15:58:24,-,-,IGNORED,-1,-1
1343,easy,11,15:58:36,-,-,IGNORED,-1,-1
1192,easy,12,15:58:47,-,-,IGNORED,-1,-1
1219,medium,14,15:59:25,-,-,IGNORED,-1,-1
1357,easy,12,15:59:36,-,-,IGNORED,-1,-1
1221,medium,13,15:59:51,-,-,IGNORED,-1,-1
1273,medium,14,15:59:52,-,-,IGNORED,-1,-1
1437,easy,12,16:00:03,-,-,IGNORED,-1,-1
1417,easy,11,16:00:58,-,-,IGNORED,-1,-1
1410,medium,14,16:01:00,-,-,IGNORED,-1,-1
1442,medium,13,16:01:02,-,-,IGNORED,-1,-1
1501,easy,11,16:01:12,-,-,IGNORED,-1,-1
1473,easy,11,16:01:26,-,-,IGNORED,-1,-1
1464,easy,12,16:01:29,-,-,IGNORED,-1,-1
1444,easy,11,16:02:13,-,-,IGNORED,-1,-1
1377,medium,14,16:02:14,-,-,IGNORED,-1,-1
1481,easy,12,16:02:34,-,-,IGNORED,-1,-1
1504,medium,13,16:02:46,-,-,IGNORED,-1,-1
1457,medium,13,16:03:29,-,-,IGNORED,-1,-1
1422,medium,13,16:03:42,-,-,IGNORED,-1,-1
1402,easy,12,16:03:57,-,-,IGNORED,-1,-1
1497,medium,13,16:04:19,-,-,IGNORED,-1,-1
1372,easy,12,16:04:27,-,-,IGNORED,-1,-1
1382,medium,13,16:04:44,-,-,IGNORED,-1,-1
1415,easy,11,16:04:58,-,-,IGNORED,-1,-1
1403,medium,14,16:06:01,-,-,IGNORED,-1,-1
1428,easy,11,16:06:04,-,-,IGNORED,-1,-1
1486,easy,11,16:06:56,-,-,IGNORED,-1,-1
1460,hard,15,16:07:20,-,-,IGNORED,-1,-1
1526,medium,13,16:07:24,-,-,IGNORED,-1,-1
1409,easy,12,16:07:40,-,-,IGNORED,-1,-1
1512,hard,15,16:07:44,-,-,IGNORED,-1,-1
1482,medium,14,16:07:56,-,-,IGNORED,-1,-1
1374,hard,15,16:08:04,-,-,IGNORED,-1,-1
1485,hard,15,16:08:06,-,-,IGNORED,-1,-1
1362,medium,14,16:08:48,-,-,IGNORED,-1,-1
1401,medium,13,16:09:11,-,-,IGNORED,-1,-1
1500,medium,13,16:10:25,-,-,IGNORED,-1,-1
1474,hard,15,16:11:09,-,-,IGNORED,-1,-1
1454,medium,13,16:11:09,-,-,IGNORED,-1,-1
1388,medium,13,16:11:21,-,-,IGNORED,-1,-1
1438,hard,15,16:11:31,-,-,IGNORED,-1,-1
1395,easy,11,16:12:18,-,-,IGNORED,-1,-1
1452,medium,14,16:12:23,-,-,IGNORED,-1,-1
1446,easy,11,16:12:27,-,-,IGNORED,-1,-1
1421,easy,12,16:12:53,-,-,IGNORED,-1,-1
1408,easy,12,16:13:15,-,-,IGNORED,-1,-1
1494,easy,11,16:13:24,-,-,IGNORED,-1,-1
1483,easy,12,16:13:28,-,-,IGNORED,-1,-1
1432,medium,13,16:13:38,-,-,IGNORED,-1,-1
1447,easy,11,16:13:43,-,-,IGNORED,-1,-1
1450,medium,13,16:14:10,-,-,IGNORED,-1,-1
1430,easy,12,16:14:46,-,-,IGNORED,-1,-1
1397,hard,15,16:16:37,-,-,IGNORED,-1,-1
1468,medium,14,16:16:44,-,-,IGNORED,-1,-1
1527,easy,11,16:17:18,-,-,IGNORED,-1,-1
1440,medium,14,16:17:20,-,-,IGNORED,-1,-1
1478,easy,12,16:17:20,-,-,IGNORED,-1,-1
1360,easy,12,16:17:53,-,-,IGNORED,-1,-1
1396,easy,12,16:18:09,-,-,IGNORED,-1,-1
1461,medium,14,16:18:18,-,-,IGNORED,-1,-1
1390,medium,14,16:18:28,-,-,IGNORED,-1,-1
1459,medium,14,16:18:28,-,-,IGNORED,-1,-1
1472,medium,14,16:18:55,-,-,IGNORED,-1,-1
1488,easy,11,16:19:24,-,-,IGNORED,-1,-1
1523,hard,15,16:20:10,-,-,IGNORED,-1,-1
1514,medium,13,16:20:21,-,-,IGNORED,-1,-1
1361,medium,13,16:20:29,-,-,IGNORED,-1,-1
1381,medium,14,16:20:37,-,-,IGNORED,-1,-1
1367,hard,15,16:20:41,-,-,IGNORED,-1,-1
1429,easy,12,16:20:55,-,-,IGNORED,-1,-1
1506,easy,11,16:21:05,-,-,IGNORED,-1,-1
1453,easy,12,16:21:34,-,-,IGNORED,-1,-1
1495,medium,14,16:21:40,-,-,IGNORED,-1,-1
1405,medium,13,16:23:12,-,-,IGNORED,-1,-1
1400,easy,12,16:23:18,-,-,IGNORED,-1,-1
1431,easy,11,16:23:34,-,-,IGNORED,-1,-1
1443,medium,13,16:23:37,-,-,IGNORED,-1,-1
1385,easy,11,16:23:47,-,-,IGNORED,-1,-1
1419,medium,14,16:23:50,-,-,IGNORED,-1,-1
1436,medium,13,16:25:06,-,-,IGNORED,-1,-1
1496,medium,13,16:26:06,-,-,IGNORED,-1,-1
1507,hard,15,16:26:53,-,-,IGNORED,-1,-1
1407,easy,12,16:26:56,-,-,IGNORED,-1,-1
1467,medium,13,16:26:58,-,-,IGNORED,-1,-1
1399,easy,11,16:28:05,-,-,IGNORED,-1,-1
1524,easy,11,16:28:19,-,-,IGNORED,-1,-1
1439,easy,11,16:28:19,-,-,IGNORED,-1,-1
1466,easy,11,16:28:40,-,-,IGNORED,-1,-1
1508,easy,12,16:28:48,-,-,IGNORED,-1,-1
1489,easy,11,16:29:35,-,-,IGNORED,-1,-1
1411,easy,11,16:29:50,-,-,IGNORED,-1,-1
1465,easy,11,16:29:58,-,-,IGNORED,-1,-1
1505,easy,11,16:30:01,-,-,IGNORED,-1,-1
1368,medium,13,16:30:17,-,-,IGNORED,-1,-1
1379,easy,11,16:30:31,-,-,IGNORED,-1,-1
1441,easy,12,16:30:38,-,-,IGNORED,-1,-1
1471,medium,13,16:31:46,-,-,IGNORED,-1,-1
1511,easy,12,16:32:20,-,-,IGNORED,-1,-1
1386,easy,11,16:33:03,-,-,IGNORED,-1,-1
1448,easy,12,16:33:08,-,-,IGNORED,-1,-1
1519,easy,12,16:34:03,-,-,IGNORED,-1,-1
1509,easy,12,16:34:06,-,-,IGNORED,-1,-1
1529,easy,12,16:34:34,-,-,IGNORED,-1,-1
1503,hard,15,16:35:33,-,-,IGNORED,-1,-1
1518,medium,13,16:35:48,-,-,IGNORED,-1,-1
1515,hard,15,16:36:05,-,-,IGNORED,-1,-1
1434,easy,11,16:36:31,-,-,IGNORED,-1,-1
1418,medium,13,16:38:07,-,-,IGNORED,-1,-1
1492,medium,14,16:38:17,-,-,IGNORED,-1,-1
1375,medium,13,16:38:31,-,-,IGNORED,-1,-1
1498,medium,13,16:38:47,-,-,IGNORED,-1,-1
1470,easy,12,16:39:36,-,-,IGNORED,-1,-1
1510,medium,14,16:40:10,-,-,IGNORED,-1,-1
1480,medium,14,16:40:29,-,-,IGNORED,-1,-1
1383,hard,15,16:40:40,-,-,IGNORED,-1,-1
1516,medium,13,16:40:44,-,-,IGNORED,-1,-1
1366,medium,14,16:40:57,-,-,IGNORED,-1,-1
1445,easy,12,16:41:20,-,-,IGNORED,-1,-1
1477,medium,14,16:41:31,-,-,IGNORED,-1,-1
1449,hard,15,16:41:37,-,-,IGNORED,-1,-1
1487,medium,13,16:41:44,-,-,IGNORED,-1,-1
1369,hard,15,16:41:55,-,-,IGNORED,-1,-1
1521,easy,11,16:42:04,-,-,IGNORED,-1,-1
1363,easy,12,16:42:19,-,-,IGNORED,-1,-1
1528,easy,11,16:42:35,-,-,IGNORED,-1,-1
1435,easy,11,16:42:46,-,-,IGNORED,-1,-1
1371,hard,15,16:43:19,-,-,IGNORED,-1,-1
1398,easy,12,16:43:40,-,-,IGNORED,-1,-1
1392,easy,12,16:44:08,-,-,IGNORED,-1,-1
1384,easy,11,16:44:17,-,-,IGNORED,-1,-1
1387,medium,13,16:44:21,-,-,IGNORED,-1,-1
1404,easy,12,16:44:26,-,-,IGNORED,-1,-1
1513,hard,15,16:45:25,-,-,IGNORED,-1,-1
1364,easy,11,16:45:39,-,-,IGNORED,-1,-1
1425,medium,13,16:46:09,-,-,IGNORED,-1,-1
1420,easy,11,16:46:39,-,-,IGNORED,-1,-1
1370,hard,15,16:47:05,-,-,IGNORED,-1,-1
1491,medium,14,16:47:31,-,-,IGNORED,-1,-1
1469,hard,15,16:48:22,-,-,IGNORED,-1,-1
1463,easy,12,16:48:24,-,-,IGNORED,-1,-1
1490,easy,11,16:48:45,-,-,IGNORED,-1,-1
1462,hard,15,16:48:47,-,-,IGNORED,-1,-1
1517,hard,15,16:48:55,-,-,IGNORED,-1,-1
1389,hard,15,16:49:09,-,-,IGNORED,-1,-1
1378,medium,14,16:49:17,-,-,IGNORED,-1,-1
1427,easy,12,16:49:55,-,-,IGNORED,-1,-1
1380,easy,11,16:50:03,-,-,IGNORED,-1,-1
1391,hard,15,16:50:36,-,-,IGNORED,-1,-1
1493,easy,11,16:51:02,-,-,IGNORED,-1,-1
1502,easy,11,16:51:08,-,-,IGNORED,-1,-1
1365,hard,15,16:51:21,-,-,IGNORED,-1,-1
1424,easy,12,16:51:38,-,-,IGNORED,-1,-1
1393,easy,12,16:52:27,-,-,IGNORED,-1,-1
1525,hard,15,16:52:40,-,-,IGNORED,-1,-1
1414,medium,14,16:53:20,-,-,IGNORED,-1,-1
1406,medium,13,16:53:53,-,-,IGNORED,-1,-1
1522,easy,12,16:53:58,-,-,IGNORED,-1,-1
1412,medium,14,16:54:36,-,-,IGNORED,-1,-1
1433,medium,13,16:55:35,-,-,IGNORED,-1,-1
1376,medium,14,16:55:39,-,-,IGNORED,-1,-1
1413,easy,11,16:56:11,-,-,IGNORED,-1,-1
1458,medium,13,16:56:14,-,-,IGNORED,-1,-1
1475,medium,13,16:56:16,-,-,IGNORED,-1,-1
1476,medium,14,16:56:25,-,-,IGNORED,-1,-1
1455,medium,13,16:56:43,-,-,IGNORED,-1,-1
1426,easy,11,16:56:44,-,-,IGNORED,-1,-1
1520,easy,11,16:56:46,-,-,IGNORED,-1,-1
1479,easy,12,16:57:22,-,-,IGNORED,-1,-1
1456,medium,13,16:57:40,-,-,IGNORED,-1,-1
1394,easy,12,16:58:00,-,-,IGNORED,-1,-1
1499,medium,14,16:58:09,-,-,IGNORED,-1,-1
1423,easy,12,16:58:15,-,-,IGNORED,-1,-1
1451,hard,15,16:58:33,-,-,IGNORED,-1,-1
1416,easy,11,16:59:03,-,-,IGNORED,-1,-1
1373,easy,11,16:59:32,-,-,IGNORED,-1,-1
1484,easy,11,16:59:44,-,-,IGNORED,-1,-1
