task_id,difficulty,n,arrival_sim,start_sim,end_sim,status,cost,real_duration_sec,waiting_time_mili_sec,time_in_system_mili_sec
104,medium,13,08:03:18,08:03:19,08:04:26,COMPLETED,29515.0,1117.6,1.57,68.57
61,medium,14,08:01:53,08:01:55,08:04:38,COMPLETED,29790.0,2729.5,2.00,165.74
64,easy,11,08:04:49,08:04:50,08:05:27,COMPLETED,29858.0,609.7,1.88,38.48
101,easy,12,08:05:09,08:05:09,08:07:05,COMPLETED,34347.0,1943.8,0.17,116.76
33,medium,14,08:00:34,08:00:36,08:07:54,COMPLETED,24725.0,7305.8,2.54,440.83
121,easy,12,08:07:11,08:07:11,08:07:54,COMPLETED,20577.0,719.5,0.86,43.83
135,easy,12,08:07:53,08:07:54,08:08:19,COMPLETED,23828.0,412.3,1.83,26.46
137,easy,12,08:08:06,08:08:07,08:08:37,COMPLETED,27336.0,513.3,1.14,31.83
68,medium,13,08:06:51,08:06:53,08:10:33,COMPLETED,24090.0,3677.0,2.42,222.99
67,easy,12,08:10:11,08:10:15,08:10:58,COMPLETED,23843.0,713.6,4.63,47.36
57,medium,14,08:09:16,08:09:20,08:11:10,COMPLETED,35098.0,1835.4,4.58,114.61
114,easy,12,08:12:15,08:12:17,08:12:36,COMPLETED,26323.0,308.0,2.63,21.02
65,medium,14,08:04:46,08:04:50,08:13:55,COMPLETED,30373.0,9075.0,4.88,549.34
62,easy,11,08:13:42,08:13:43,08:14:44,COMPLETED,33503.0,1026.8,1.05,62.44
35,easy,12,08:14:29,08:14:31,08:14:50,COMPLETED,31478.0,316.2,2.96,21.78
111,medium,14,08:12:20,08:12:23,08:15:03,COMPLETED,34421.0,2658.4,3.77,163.10
77,medium,13,08:11:10,08:11:10,08:15:21,COMPLETED,29878.0,4184.6,0.61,251.61
40,medium,14,08:02:29,08:02:31,08:15:52,COMPLETED,31335.0,13353.2,2.23,803.38
129,medium,13,08:15:41,08:15:46,08:16:10,COMPLETED,24372.0,415.5,5.13,29.92
109,hard,15,08:06:01,08:06:04,08:17:30,COMPLETED,29283.0,11445.9,3.31,689.91
81,easy,12,08:17:02,08:17:06,08:17:30,COMPLETED,32770.0,416.8,4.17,28.91
23,hard,15,08:06:29,08:06:34,08:18:20,COMPLETED,34517.0,11760.7,5.94,711.55
14,easy,11,08:18:04,08:18:08,08:18:26,COMPLETED,36454.0,314.5,4.04,22.69
122,easy,12,08:18:07,08:18:08,08:19:04,COMPLETED,32494.0,937.0,1.04,57.16
149,easy,11,08:18:43,08:18:45,08:19:34,COMPLETED,23911.0,825.6,2.44,51.88
15,medium,13,08:13:39,08:13:43,08:19:47,COMPLETED,33609.0,6069.3,4.05,368.14
6,easy,12,08:17:25,08:17:30,08:20:36,COMPLETED,29297.0,3089.7,5.91,191.16
127,easy,11,08:20:49,08:20:54,08:21:00,COMPLETED,21665.0,107.6,5.62,11.84
69,easy,11,08:20:57,08:21:00,08:21:19,COMPLETED,27193.0,312.2,3.84,22.39
32,easy,11,08:21:35,08:21:37,08:21:50,COMPLETED,25903.0,209.1,2.98,15.38
98,medium,13,08:18:11,08:18:14,08:22:21,COMPLETED,34028.0,4116.0,3.25,250.13
48,medium,13,08:21:35,08:21:37,08:22:27,COMPLETED,31557.0,823.0,2.98,52.28
85,medium,13,08:20:28,08:20:29,08:22:33,COMPLETED,28941.0,2058.9,1.98,125.42
136,medium,13,08:17:45,08:17:49,08:22:57,COMPLETED,37408.0,5142.2,4.48,312.92
100,easy,12,08:24:25,08:24:29,08:24:54,COMPLETED,27599.0,411.9,4.72,29.32
119,easy,12,08:24:56,08:25:00,08:25:12,COMPLETED,26999.0,207.5,4.46,16.78
7,hard,15,08:00:03,08:00:06,08:26:39,COMPLETED,31695.0,26549.6,3.08,1596.02
2,hard,15,08:18:04,08:18:08,08:27:28,COMPLETED,33148.0,9341.7,4.04,564.47
13,easy,12,08:27:12,08:27:16,08:27:28,COMPLETED,27091.0,208.7,4.06,16.47
82,easy,11,08:27:49,08:27:53,08:27:59,COMPLETED,20933.0,106.6,4.21,10.42
55,medium,13,08:16:02,08:16:04,08:29:01,COMPLETED,35834.0,12942.9,2.67,779.14
3,easy,12,08:27:42,08:27:46,08:29:19,COMPLETED,31023.0,1548.6,4.91,97.72
78,easy,12,08:28:44,08:28:48,08:29:38,COMPLETED,32826.0,825.4,4.80,54.15
72,easy,11,08:29:41,08:29:44,08:30:15,COMPLETED,38427.0,514.8,3.36,34.08
125,easy,11,08:30:12,08:30:15,08:30:39,COMPLETED,28542.0,415.5,3.08,27.88
97,medium,13,08:30:22,08:30:27,08:32:12,COMPLETED,29083.0,1749.3,5.40,110.25
36,medium,14,08:10:59,08:11:04,08:32:49,COMPLETED,29562.0,21744.8,5.48,1310.11
50,easy,12,08:32:37,08:32:42,08:32:55,COMPLETED,26372.0,208.1,5.88,18.26
66,easy,11,08:32:42,08:32:42,08:33:01,COMPLETED,24190.0,309.5,0.88,19.40
93,medium,13,08:32:39,08:32:42,08:33:50,COMPLETED,33365.0,1129.4,3.88,71.58
86,medium,13,08:33:09,08:33:13,08:33:56,COMPLETED,26581.0,719.6,4.70,47.72
52,easy,12,08:33:56,08:33:56,08:34:15,COMPLETED,28976.0,310.0,0.72,19.16
89,easy,12,08:33:44,08:33:44,08:34:21,COMPLETED,30034.0,618.3,0.40,37.35
141,easy,12,08:34:13,08:34:15,08:34:58,COMPLETED,29882.0,722.0,2.16,45.37
139,easy,11,08:34:40,08:34:46,08:35:04,COMPLETED,30331.0,310.6,6.00,24.52
143,easy,11,08:35:06,08:35:10,08:35:23,COMPLETED,31677.0,207.9,4.67,17.02
108,medium,13,08:33:05,08:33:07,08:36:36,COMPLETED,31937.0,3488.4,2.54,211.73
29,easy,11,08:36:29,08:36:30,08:36:49,COMPLETED,28974.0,312.2,1.55,20.11
87,easy,11,08:37:07,08:37:07,08:37:20,COMPLETED,24772.0,209.4,0.64,13.07
130,easy,11,08:36:55,08:36:55,08:37:32,COMPLETED,27659.0,619.7,0.31,37.36
118,easy,11,08:38:56,08:38:58,08:39:04,COMPLETED,30207.0,105.4,2.25,8.44
76,medium,13,08:39:20,08:39:22,08:40:12,COMPLETED,33086.0,825.0,2.86,52.23
20,easy,12,08:39:52,08:39:53,08:40:12,COMPLETED,28135.0,312.8,1.61,20.23
47,easy,12,08:39:57,08:39:59,08:40:12,COMPLETED,24390.0,209.6,2.82,15.23
74,easy,11,08:40:18,08:40:18,08:40:30,COMPLETED,27453.0,207.8,0.41,12.78
30,hard,15,08:18:21,08:18:26,08:41:38,COMPLETED,29804.0,23197.3,5.69,1397.47
79,easy,12,08:41:21,08:41:26,08:41:38,COMPLETED,22508.0,208.6,5.12,17.47
115,easy,11,08:41:43,08:41:44,08:41:57,COMPLETED,24891.0,208.8,1.65,14.03
49,hard,15,08:05:29,08:05:33,08:43:30,COMPLETED,29320.0,37952.0,4.55,2281.65
105,medium,13,08:42:35,08:42:40,08:44:39,COMPLETED,28812.0,1980.8,5.54,124.25
92,easy,12,08:44:13,08:44:14,08:44:51,COMPLETED,29135.0,626.0,1.28,38.64
26,medium,14,08:42:24,08:42:27,08:45:04,COMPLETED,29502.0,2605.4,3.90,160.06
22,easy,12,08:44:48,08:44:51,08:45:22,COMPLETED,28451.0,519.0,3.64,34.61
112,easy,12,08:45:37,08:45:41,08:45:59,COMPLETED,32976.0,312.0,4.15,22.72
126,easy,12,08:43:48,08:43:49,08:46:05,COMPLETED,21603.0,2280.0,1.28,137.90
37,easy,12,08:45:27,08:45:28,08:46:24,COMPLETED,27869.0,930.6,1.80,57.49
10,easy,12,08:46:05,08:46:05,08:46:30,COMPLETED,23956.0,416.0,0.90,25.69
16,easy,11,08:46:12,08:46:12,08:46:49,COMPLETED,24260.0,621.4,0.12,37.26
94,medium,13,08:20:34,08:20:36,08:46:55,COMPLETED,35750.0,26322.8,2.16,1581.43
21,easy,12,08:46:51,08:46:55,08:47:13,COMPLETED,31295.0,310.8,4.43,22.94
59,easy,12,08:47:36,08:47:38,08:48:15,COMPLETED,22619.0,618.0,2.54,39.47
107,easy,12,08:48:30,08:48:34,08:48:46,COMPLETED,27509.0,208.8,4.01,16.40
71,easy,11,08:48:26,08:48:27,08:48:52,COMPLETED,24760.0,416.2,1.79,26.57
91,hard,15,08:10:03,08:10:03,08:49:23,COMPLETED,30004.0,39336.3,0.34,2360.54
140,medium,14,08:49:03,08:49:04,08:50:13,COMPLETED,25422.0,1140.9,1.96,70.20
144,easy,11,08:51:14,08:51:15,08:51:21,COMPLETED,28418.0,107.5,1.58,7.78
132,medium,14,08:48:52,08:48:52,08:51:28,COMPLETED,30821.0,2597.3,0.57,156.07
146,easy,11,08:51:25,08:51:28,08:51:34,COMPLETED,26791.0,110.7,3.07,9.47
63,easy,12,08:52:24,08:52:24,08:52:50,COMPLETED,22251.0,424.3,0.72,26.01
70,hard,15,08:18:29,08:18:33,08:53:15,COMPLETED,33650.0,34701.8,4.01,2086.07
9,hard,15,08:20:54,08:20:54,08:53:33,COMPLETED,34906.0,32653.0,0.62,1959.65
134,easy,11,08:53:29,08:53:33,08:53:52,COMPLETED,24103.0,325.9,4.65,23.83
19,medium,14,08:00:32,08:00:36,08:54:05,COMPLETED,31353.0,53483.3,4.54,3213.51
42,hard,15,08:05:41,08:05:45,08:54:30,COMPLETED,34385.0,48744.5,4.91,2929.53
58,medium,14,08:51:40,08:51:40,08:54:43,COMPLETED,22084.0,3041.1,0.76,183.08
34,hard,15,08:04:12,08:04:14,08:55:32,COMPLETED,31819.0,51312.2,2.29,3080.99
12,easy,12,08:55:10,08:55:14,08:56:04,COMPLETED,29616.0,842.4,4.00,54.34
90,easy,12,08:55:44,08:55:45,08:56:04,COMPLETED,34143.0,315.5,1.65,20.34
145,medium,14,08:34:31,08:34:33,08:56:35,COMPLETED,33204.0,22029.2,2.71,1324.39
5,easy,12,08:55:26,08:55:26,08:56:41,COMPLETED,28070.0,1251.9,0.63,75.58
110,easy,12,08:56:25,08:56:29,08:57:06,COMPLETED,28457.0,624.9,4.16,41.50
133,easy,12,08:56:22,08:56:22,08:57:25,COMPLETED,28167.0,1038.4,0.93,63.09
123,easy,11,08:56:47,08:56:47,08:57:31,COMPLETED,24894.0,727.8,0.81,44.28
51,easy,11,08:56:52,08:56:54,08:57:37,COMPLETED,42494.0,726.4,2.04,45.53
120,easy,11,08:57:14,08:57:18,08:57:43,COMPLETED,27599.0,416.9,4.86,29.72
54,easy,11,08:57:29,08:57:31,08:57:43,COMPLETED,19463.0,210.1,2.28,14.72
84,easy,12,08:56:03,08:56:04,08:58:20,COMPLETED,29845.0,2276.4,1.34,137.74
80,easy,11,08:58:17,08:58:20,08:58:33,COMPLETED,21890.0,209.6,3.74,16.12
102,hard,15,08:34:42,08:34:46,08:58:58,COMPLETED,24280.0,24201.7,4.00,1456.03
56,medium,14,08:40:17,08:40:18,08:58:58,COMPLETED,28753.0,18662.9,1.41,1121.03
27,easy,11,08:58:37,08:58:39,08:58:58,COMPLETED,36967.0,314.9,2.35,21.03
131,easy,12,08:58:43,08:58:45,08:58:58,COMPLETED,24917.0,211.8,2.59,15.03
18,easy,12,08:58:35,08:58:39,08:59:04,COMPLETED,21384.0,419.5,4.35,29.33
46,medium,13,08:38:45,08:38:45,08:59:16,COMPLETED,32908.0,20515.7,0.94,1231.79
128,easy,12,08:58:55,08:58:58,08:59:16,COMPLETED,27245.0,315.9,3.03,21.79
113,easy,12,08:59:20,08:59:23,08:59:47,COMPLETED,26404.0,418.6,3.01,27.95
172,easy,11,09:00:00,09:00:00,09:00:12,COMPLETED,25782.0,209.4,0.35,12.78
99,medium,14,08:14:43,08:14:44,09:00:31,COMPLETED,30395.0,45782.5,1.44,2748.32
31,medium,13,08:58:48,08:58:51,09:00:37,COMPLETED,33744.0,1765.7,3.81,109.56
236,easy,11,09:00:31,09:00:31,09:00:49,COMPLETED,24133.0,313.5,0.32,18.97
88,medium,13,08:59:33,08:59:35,09:01:02,COMPLETED,33158.0,1450.1,2.48,89.32
142,hard,15,08:51:49,08:51:53,09:01:08,COMPLETED,30045.0,9262.2,4.15,559.58
39,hard,15,08:21:23,08:21:25,09:01:33,COMPLETED,32452.0,40136.9,2.62,2410.75
38,medium,14,08:21:19,08:21:19,09:01:52,COMPLETED,32550.0,40554.4,0.39,2433.62
17,medium,13,08:59:26,08:59:29,09:02:11,COMPLETED,34023.0,2709.5,3.24,165.60
147,medium,14,08:45:51,08:45:53,09:02:24,COMPLETED,30810.0,16514.1,2.51,993.28
156,easy,12,09:01:56,09:01:58,09:02:24,COMPLETED,26835.0,426.9,2.82,28.28
151,easy,11,09:02:14,09:02:17,09:02:36,COMPLETED,34569.0,318.1,3.91,22.74
75,hard,15,08:40:02,08:40:06,09:03:07,COMPLETED,35595.0,23031.0,4.02,1385.77
263,easy,12,09:01:46,09:01:46,09:03:07,COMPLETED,31710.0,1363.7,0.22,81.77
276,medium,13,09:03:11,09:03:14,09:04:16,COMPLETED,30897.0,1044.5,3.10,65.51
44,easy,12,08:55:33,08:55:39,09:04:35,COMPLETED,33541.0,8935.2,6.29,542.24
83,hard,15,08:48:33,08:48:34,09:04:47,COMPLETED,36957.0,16230.5,1.01,974.76
176,easy,12,09:03:27,09:03:32,09:05:31,COMPLETED,27444.0,1979.5,5.89,124.44
298,easy,12,09:05:04,09:05:06,09:06:08,COMPLETED,31680.0,1042.8,2.41,64.77
277,easy,11,09:06:16,09:06:21,09:06:58,COMPLETED,35941.0,630.4,5.20,42.79
216,easy,12,09:07:06,09:07:11,09:07:48,COMPLETED,29341.0,624.1,5.28,42.50
295,easy,11,09:07:40,09:07:42,09:07:48,COMPLETED,23590.0,108.2,2.25,8.50
165,medium,13,09:04:41,09:04:41,09:08:25,COMPLETED,28169.0,3738.3,0.55,224.71
180,easy,11,09:07:44,09:07:48,09:08:25,COMPLETED,30347.0,622.9,4.50,41.71
279,medium,13,09:00:36,09:00:37,09:08:38,COMPLETED,25196.0,8011.2,1.56,482.07
288,easy,12,09:08:02,09:08:07,09:08:44,COMPLETED,26350.0,622.6,5.10,42.31
286,easy,11,09:08:50,09:08:50,09:08:56,COMPLETED,24289.0,106.2,0.48,6.69
4,medium,14,08:27:04,08:27:09,09:09:21,COMPLETED,32704.0,42193.3,5.87,2537.43
103,hard,15,08:59:08,08:59:10,09:09:46,COMPLETED,32774.0,10594.2,2.55,638.11
200,medium,13,09:07:18,09:07:23,09:10:04,COMPLETED,27713.0,2686.8,5.65,166.68
273,medium,13,09:08:32,09:08:38,09:10:23,COMPLETED,31409.0,1754.9,6.07,111.23
244,easy,11,09:10:41,09:10:41,09:10:47,COMPLETED,28712.0,106.3,0.71,6.92
166,easy,11,09:11:02,09:11:06,09:11:12,COMPLETED,25881.0,107.0,4.54,10.78
294,medium,13,09:04:57,09:05:00,09:11:43,COMPLETED,32471.0,6726.9,3.18,406.67
257,medium,13,09:09:07,09:09:09,09:11:49,COMPLETED,24929.0,2682.5,2.04,162.85
163,easy,12,09:09:50,09:09:52,09:12:08,COMPLETED,37748.0,2273.9,2.28,138.60
222,easy,11,09:11:59,09:12:02,09:12:08,COMPLETED,22710.0,109.2,3.23,9.60
248,easy,12,09:11:51,09:11:56,09:12:14,COMPLETED,30269.0,317.0,5.03,23.82
41,hard,15,08:05:39,08:05:39,09:12:58,COMPLETED,32744.0,67313.1,0.73,4039.49
53,hard,15,08:42:43,08:42:46,09:13:11,COMPLETED,26408.0,30402.5,3.93,1828.03
73,hard,15,08:03:29,08:03:31,09:13:17,COMPLETED,31442.0,69757.9,2.72,4188.19
262,easy,11,09:13:47,09:13:48,09:13:54,COMPLETED,27950.0,110.3,1.44,7.82
265,easy,12,09:11:32,09:11:37,09:14:01,COMPLETED,30780.0,2396.7,5.45,149.10
261,easy,12,09:12:46,09:12:52,09:14:07,COMPLETED,33483.0,1256.8,6.11,81.31
207,easy,11,09:14:21,09:14:25,09:14:38,COMPLETED,23461.0,214.1,4.96,17.58
269,easy,12,09:10:49,09:10:54,09:15:03,COMPLETED,30517.0,4159.7,5.11,254.49
117,hard,15,08:58:29,08:58:33,09:15:09,COMPLETED,27922.0,16612.1,4.12,1000.77
268,medium,14,09:06:13,09:06:15,09:15:15,COMPLETED,34456.0,9018.3,2.00,542.93
196,easy,11,09:15:28,09:15:28,09:15:41,COMPLETED,25914.0,213.1,0.42,13.01
192,easy,11,09:16:24,09:16:24,09:16:37,COMPLETED,26566.0,211.8,0.55,13.06
223,easy,11,09:17:06,09:17:08,09:17:20,COMPLETED,25844.0,213.1,2.26,14.81
150,easy,12,09:16:51,09:16:55,09:18:17,COMPLETED,27287.0,1361.6,4.68,86.17
154,easy,12,09:17:36,09:17:39,09:19:00,COMPLETED,31869.0,1352.6,3.50,84.51
174,easy,12,09:17:58,09:17:58,09:19:00,COMPLETED,30184.0,1038.0,0.39,62.51
275,easy,11,09:19:04,09:19:06,09:19:19,COMPLETED,24644.0,209.7,2.70,15.10
1,medium,14,08:52:15,08:52:18,09:19:25,COMPLETED,29732.0,27119.4,3.30,1630.36
256,easy,12,09:19:13,09:19:19,09:19:37,COMPLETED,30682.0,313.4,6.10,24.75
208,easy,11,09:20:34,09:20:39,09:20:51,COMPLETED,23596.0,209.8,5.49,17.92
179,easy,12,09:20:35,09:20:39,09:20:58,COMPLETED,26336.0,312.3,4.49,23.11
106,medium,14,08:59:31,08:59:35,09:21:16,COMPLETED,35578.0,21687.8,4.48,1305.67
138,hard,15,08:51:57,08:51:59,09:21:22,COMPLETED,32397.0,29392.4,2.38,1765.86
292,easy,12,09:21:04,09:21:04,09:21:29,COMPLETED,26200.0,415.0,0.29,25.04
285,easy,12,09:18:34,09:18:35,09:21:35,COMPLETED,31707.0,2993.1,1.78,181.21
161,medium,13,09:19:19,09:19:19,09:22:24,COMPLETED,34119.0,3092.2,0.10,185.53
227,easy,12,09:19:23,09:19:25,09:22:30,COMPLETED,28902.0,3091.4,2.36,187.70
96,hard,15,08:51:39,08:51:40,09:23:20,COMPLETED,34355.0,31660.3,1.76,1901.28
237,easy,11,09:24:10,09:24:16,09:24:28,COMPLETED,33044.0,209.9,6.09,18.51
296,medium,13,09:13:29,09:13:29,09:25:24,COMPLETED,31949.0,11907.6,0.56,715.03
218,easy,12,09:25:09,09:25:11,09:25:24,COMPLETED,25463.0,208.5,2.68,15.03
183,hard,15,09:19:03,09:19:06,09:25:30,COMPLETED,29348.0,6394.6,3.70,387.20
124,hard,15,08:41:43,08:41:44,09:25:36,COMPLETED,34785.0,43865.4,1.65,2633.43
253,medium,13,09:25:29,09:25:30,09:26:32,COMPLETED,25893.0,1046.5,1.20,63.85
185,medium,13,09:25:52,09:25:55,09:26:57,COMPLETED,25720.0,1046.5,3.31,65.87
213,easy,12,09:26:13,09:26:14,09:27:04,COMPLETED,26225.0,836.1,1.13,51.16
219,easy,11,09:27:11,09:27:16,09:27:29,COMPLETED,28733.0,215.4,5.56,18.26
209,medium,13,09:27:13,09:27:16,09:28:00,COMPLETED,26333.0,736.0,3.56,47.58
228,easy,11,09:28:17,09:28:19,09:28:25,COMPLETED,23382.0,106.0,2.24,8.48
169,easy,11,09:28:35,09:28:37,09:28:44,COMPLETED,28518.0,106.3,2.82,9.07
231,medium,14,09:16:35,09:16:37,09:30:10,COMPLETED,32656.0,13563.7,2.06,815.81
249,medium,13,09:29:01,09:29:02,09:30:23,COMPLETED,36275.0,1345.2,1.59,82.20
186,easy,12,09:29:01,09:29:02,09:30:35,COMPLETED,23470.0,1552.2,1.59,94.60
271,easy,12,09:28:03,09:28:06,09:30:54,COMPLETED,23669.0,2790.2,3.87,171.13
187,medium,13,09:28:32,09:28:37,09:31:00,COMPLETED,28237.0,2378.8,5.82,148.34
240,easy,11,09:30:58,09:31:00,09:31:06,COMPLETED,20311.0,107.0,2.34,8.59
43,hard,15,08:56:49,08:56:54,09:31:18,COMPLETED,28264.0,34416.3,5.04,2069.96
250,easy,12,09:26:51,09:26:51,09:31:43,COMPLETED,39922.0,4872.1,0.53,292.71
194,hard,15,09:13:33,09:13:35,09:32:39,COMPLETED,34409.0,19055.4,2.99,1146.21
280,easy,11,09:32:53,09:32:57,09:33:04,COMPLETED,29862.0,106.1,4.76,11.02
267,medium,13,09:22:03,09:22:06,09:33:22,COMPLETED,33958.0,11278.0,3.04,679.61
168,easy,11,09:33:16,09:33:16,09:33:22,COMPLETED,26243.0,106.4,0.38,6.61
293,easy,12,09:35:06,09:35:07,09:35:13,COMPLETED,29191.0,107.7,1.73,7.94
290,easy,12,09:35:57,09:35:57,09:36:10,COMPLETED,24618.0,212.7,0.98,13.46
116,medium,14,08:59:59,09:00:00,09:36:29,COMPLETED,34597.0,36483.7,1.35,2190.31
260,medium,13,09:35:33,09:35:39,09:36:29,COMPLETED,31236.0,839.8,6.09,56.31
201,medium,14,09:27:43,09:27:48,09:36:41,COMPLETED,25449.0,8898.7,5.02,538.78
242,easy,11,09:36:14,09:36:16,09:36:41,COMPLETED,26784.0,420.1,2.77,27.78
214,easy,11,09:36:40,09:36:41,09:36:48,COMPLETED,28843.0,107.9,1.78,8.01
171,medium,13,09:37:18,09:37:19,09:37:38,COMPLETED,29093.0,317.1,1.26,20.05
229,easy,11,09:37:54,09:37:56,09:38:15,COMPLETED,29011.0,314.1,2.92,21.69
217,easy,12,09:37:46,09:37:50,09:38:34,COMPLETED,23013.0,734.2,4.57,48.38
283,easy,11,09:38:52,09:38:53,09:39:11,COMPLETED,30528.0,317.3,1.16,19.96
175,hard,15,09:25:34,09:25:36,09:41:35,COMPLETED,32286.0,15979.3,2.43,961.08
272,easy,11,09:41:28,09:41:28,09:41:35,COMPLETED,30431.0,106.9,0.86,7.08
210,easy,12,09:41:20,09:41:22,09:41:59,COMPLETED,28468.0,623.5,2.59,39.79
195,easy,12,09:41:12,09:41:16,09:42:12,COMPLETED,24434.0,933.2,4.35,60.19
287,medium,14,09:39:21,09:39:24,09:43:01,COMPLETED,28692.0,3624.2,3.48,220.71
193,medium,14,09:32:53,09:32:57,09:43:20,COMPLETED,27932.0,10378.8,4.76,627.36
282,easy,12,09:42:58,09:43:01,09:43:20,COMPLETED,21167.0,313.9,3.71,22.36
8,medium,14,08:30:10,08:30:15,09:43:45,COMPLETED,33034.0,73500.8,5.08,4415.06
225,hard,15,09:22:46,09:22:49,09:43:51,COMPLETED,32136.0,21037.1,3.17,1265.29
162,easy,11,09:43:44,09:43:45,09:43:51,COMPLETED,31896.0,106.8,1.06,7.29
178,medium,13,09:34:40,09:34:42,09:44:22,COMPLETED,40155.0,9658.0,2.89,582.18
205,medium,13,09:44:17,09:44:22,09:46:01,COMPLETED,24249.0,1661.9,5.18,104.68
247,easy,11,09:45:42,09:45:42,09:46:07,COMPLETED,28907.0,420.4,0.96,25.96
157,medium,14,09:43:56,09:43:57,09:46:32,COMPLETED,32673.0,2592.1,1.49,156.86
158,medium,13,09:45:31,09:45:36,09:46:39,COMPLETED,32631.0,1043.1,5.72,68.08
215,hard,15,09:22:56,09:23:01,09:46:57,COMPLETED,28921.0,23937.7,5.55,1441.73
243,easy,12,09:46:15,09:46:20,09:47:10,COMPLETED,31225.0,831.4,5.41,55.12
278,medium,13,09:01:16,09:01:21,09:47:16,COMPLETED,39862.0,45920.2,5.17,2760.33
259,hard,15,09:23:00,09:23:01,09:47:16,COMPLETED,32534.0,24246.4,1.55,1456.33
234,medium,14,09:35:29,09:35:32,09:48:12,COMPLETED,34513.0,12659.7,3.71,763.16
264,easy,12,09:49:14,09:49:14,09:49:51,COMPLETED,28474.0,628.8,0.09,37.60
190,easy,11,09:49:37,09:49:39,09:49:51,COMPLETED,26950.0,214.1,2.01,14.60
0,hard,15,08:49:14,08:49:17,09:50:54,COMPLETED,35019.0,61615.7,3.32,3700.10
291,easy,11,09:50:45,09:50:47,09:51:00,COMPLETED,23646.0,217.8,2.83,15.56
246,medium,13,09:47:41,09:47:41,09:51:19,COMPLETED,32533.0,3644.3,0.12,218.62
203,medium,14,09:44:20,09:44:22,09:51:32,COMPLETED,27268.0,7169.8,2.18,432.20
189,easy,12,09:51:09,09:51:13,09:51:44,COMPLETED,32315.0,534.6,4.15,35.92
235,medium,13,09:49:27,09:49:32,09:51:51,COMPLETED,30146.0,2314.4,5.72,144.28
281,easy,12,09:49:57,09:49:57,09:51:51,COMPLETED,25399.0,1895.3,0.88,114.28
299,easy,11,09:52:10,09:52:10,09:52:16,COMPLETED,21810.0,112.7,0.45,6.88
181,medium,13,09:50:31,09:50:35,09:53:07,COMPLETED,33457.0,2532.9,4.33,156.10
241,easy,11,09:52:58,09:53:00,09:53:32,COMPLETED,21570.0,523.8,2.83,34.07
284,easy,11,09:54:03,09:54:03,09:54:15,COMPLETED,23590.0,210.9,0.06,12.53
155,easy,12,09:54:42,09:54:46,09:55:29,COMPLETED,26102.0,727.8,4.52,48.00
254,easy,11,09:56:22,09:56:26,09:56:32,COMPLETED,28297.0,108.0,4.02,10.27
199,medium,13,09:55:37,09:55:42,09:56:38,COMPLETED,30702.0,937.9,5.52,61.52
245,easy,12,09:55:34,09:55:36,09:56:51,COMPLETED,30433.0,1252.3,2.21,77.07
182,medium,14,09:49:42,09:49:45,09:57:03,COMPLETED,33758.0,7308.4,3.30,441.64
160,easy,11,09:57:08,09:57:09,09:57:22,COMPLETED,31029.0,210.9,1.86,14.32
220,easy,12,09:57:28,09:57:28,09:57:41,COMPLETED,29828.0,211.1,0.54,13.00
159,medium,14,09:44:51,09:44:53,09:58:12,COMPLETED,24744.0,13315.9,2.20,801.02
289,medium,14,09:49:52,09:49:57,09:58:37,COMPLETED,33554.0,8659.5,5.88,525.08
238,medium,13,09:42:42,09:42:43,09:59:39,COMPLETED,31720.0,16950.5,1.13,1017.96
211,medium,14,09:47:47,09:47:47,09:59:39,COMPLETED,33550.0,11881.5,0.35,712.96
206,medium,13,09:58:31,09:58:37,09:59:46,COMPLETED,22830.0,1159.5,6.08,75.34
270,easy,11,09:59:47,09:59:52,10:00:11,COMPLETED,24257.0,322.0,5.70,24.56
357,easy,11,10:00:32,10:00:36,10:00:43,COMPLETED,25363.0,111.5,4.91,11.29
232,medium,13,09:52:00,09:52:03,10:00:49,COMPLETED,32752.0,8769.6,4.00,529.65
382,easy,11,10:00:49,10:00:49,10:01:02,COMPLETED,28617.0,219.3,0.65,13.59
343,easy,11,10:01:09,10:01:15,10:01:21,COMPLETED,25245.0,109.3,6.22,12.50
302,easy,12,10:00:44,10:00:49,10:01:27,COMPLETED,20386.0,639.4,5.65,43.82
360,easy,12,10:02:31,10:02:37,10:02:50,COMPLETED,25641.0,220.7,6.24,19.28
444,easy,11,10:02:41,10:02:43,10:02:56,COMPLETED,25783.0,217.0,2.70,15.51
188,hard,15,09:08:18,09:08:19,10:03:08,COMPLETED,28371.0,54828.0,1.48,3290.96
388,easy,12,10:01:20,10:01:21,10:03:21,COMPLETED,28756.0,2009.8,1.50,121.76
379,easy,12,10:01:49,10:01:52,10:03:21,COMPLETED,25125.0,1485.6,3.99,92.76
274,medium,14,09:49:30,09:49:32,10:03:34,COMPLETED,42636.0,14033.5,2.72,844.62
300,easy,11,10:04:02,10:04:05,10:04:12,COMPLETED,27102.0,112.4,3.97,10.40
198,medium,14,09:47:34,09:47:34,10:04:25,COMPLETED,24687.0,16839.6,0.89,1011.07
313,medium,13,10:01:50,10:01:52,10:06:29,COMPLETED,35525.0,4610.4,2.99,279.54
438,easy,12,10:05:52,10:05:52,10:06:29,COMPLETED,26235.0,625.8,0.20,37.54
170,hard,15,09:50:48,09:50:54,10:06:48,COMPLETED,26247.0,15904.5,6.10,960.24
311,easy,11,10:07:36,10:07:37,10:07:44,COMPLETED,29190.0,107.6,1.86,8.15
230,medium,14,09:48:11,09:48:12,10:08:02,COMPLETED,27323.0,19847.7,1.16,1191.84
202,hard,15,09:46:04,09:46:07,10:08:09,COMPLETED,30389.0,22021.4,3.96,1325.11
370,easy,11,10:07:59,10:08:02,10:08:09,COMPLETED,27995.0,108.1,3.84,10.11
173,medium,13,09:56:34,09:56:38,10:08:21,COMPLETED,32990.0,11719.3,4.52,707.54
410,easy,12,10:07:35,10:07:37,10:08:21,COMPLETED,31574.0,731.4,2.86,46.54
221,medium,14,09:14:41,09:14:44,10:08:58,COMPLETED,32600.0,54233.0,3.85,3257.76
352,easy,11,10:09:00,10:09:05,10:09:17,COMPLETED,22203.0,211.3,5.02,17.51
395,easy,11,10:09:09,10:09:11,10:09:17,COMPLETED,23777.0,107.4,2.27,8.51
331,easy,12,10:08:42,10:08:46,10:09:30,COMPLETED,36862.0,731.9,4.33,48.06
60,hard,15,08:34:26,08:34:27,10:10:13,COMPLETED,35605.0,95771.3,1.53,5747.78
350,easy,12,10:10:24,10:10:26,10:10:39,COMPLETED,28067.0,219.0,2.26,15.11
226,hard,15,09:16:27,09:16:30,10:11:16,COMPLETED,31628.0,54767.3,3.87,3289.79
385,medium,13,10:10:29,10:10:32,10:11:16,COMPLETED,29866.0,741.1,3.66,47.79
233,hard,15,09:45:53,09:45:55,10:11:54,COMPLETED,27661.0,25987.6,2.44,1561.52
378,easy,12,10:11:06,10:11:10,10:12:13,COMPLETED,31955.0,1051.9,4.57,67.39
402,easy,11,10:12:55,10:12:57,10:13:29,COMPLETED,30406.0,528.9,2.66,34.22
371,easy,11,10:13:57,10:14:00,10:14:19,COMPLETED,30716.0,321.0,3.60,22.56
304,medium,13,10:12:44,10:12:45,10:15:34,COMPLETED,32587.0,2838.3,1.06,170.97
337,easy,11,10:15:30,10:15:34,10:15:47,COMPLETED,22088.0,218.3,4.97,17.79
380,medium,13,10:13:30,10:13:35,10:16:00,COMPLETED,23411.0,2418.8,5.42,150.34
401,easy,11,10:15:47,10:15:47,10:16:06,COMPLETED,31688.0,317.4,0.79,19.60
317,medium,14,10:11:43,10:11:48,10:17:14,COMPLETED,31722.0,5446.7,5.29,331.92
212,hard,15,09:01:04,09:01:08,10:17:33,COMPLETED,39116.0,76416.8,4.58,4589.54
364,medium,13,10:15:13,10:15:16,10:17:52,COMPLETED,30779.0,2605.3,3.05,159.20
11,hard,15,08:35:38,08:35:41,10:17:58,COMPLETED,30110.0,102283.4,3.44,6140.41
415,medium,13,10:05:11,10:05:14,10:18:04,COMPLETED,37072.0,12833.5,3.79,773.65
321,medium,13,10:12:16,10:12:19,10:18:10,COMPLETED,32369.0,5855.2,3.74,354.86
351,easy,11,10:18:34,10:18:35,10:18:48,COMPLETED,19898.0,210.6,1.65,14.10
417,easy,12,10:18:41,10:18:41,10:18:54,COMPLETED,19633.0,210.2,0.88,13.32
422,medium,13,10:14:29,10:14:32,10:19:31,COMPLETED,36771.0,4994.0,3.10,302.56
377,hard,15,10:00:06,10:00:11,10:19:37,COMPLETED,32655.0,19439.2,5.56,1171.80
439,hard,15,10:01:11,10:01:15,10:19:37,COMPLETED,33521.0,18377.9,4.22,1106.80
308,easy,11,10:19:02,10:19:06,10:19:44,COMPLETED,31066.0,624.6,4.70,42.01
252,hard,15,09:56:49,09:56:51,10:19:56,COMPLETED,29885.0,23091.4,2.07,1387.37
436,hard,15,10:11:41,10:11:41,10:20:02,COMPLETED,33853.0,8348.2,0.89,501.65
420,easy,11,10:19:53,10:19:56,10:20:08,COMPLETED,25155.0,211.7,3.37,15.84
424,easy,11,10:20:09,10:20:15,10:20:21,COMPLETED,24604.0,107.6,6.11,12.35
386,easy,12,10:20:06,10:20:08,10:20:58,COMPLETED,35519.0,837.3,2.84,52.74
428,easy,11,10:21:19,10:21:23,10:21:30,COMPLETED,29283.0,110.6,4.84,11.07
258,medium,14,09:13:24,09:13:29,10:21:42,COMPLETED,33877.0,68223.0,5.56,4098.72
322,medium,13,10:19:56,10:19:56,10:21:42,COMPLETED,28513.0,1780.9,0.37,106.72
394,medium,14,10:06:41,10:06:41,10:21:49,COMPLETED,31435.0,15125.5,0.98,908.36
435,easy,11,10:20:11,10:20:15,10:21:55,COMPLETED,20475.0,1679.7,4.11,104.58
335,easy,11,10:21:54,10:21:55,10:22:01,COMPLETED,26605.0,111.5,1.58,8.00
184,hard,15,09:44:30,09:44:34,10:22:14,COMPLETED,30411.0,37667.6,4.64,2264.59
425,easy,12,10:21:37,10:21:42,10:22:20,COMPLETED,28408.0,638.9,5.72,43.81
255,hard,15,09:29:26,09:29:27,10:23:04,COMPLETED,34847.0,53622.8,1.41,3218.63
353,medium,13,10:20:17,10:20:21,10:23:04,COMPLETED,34124.0,2727.8,4.35,167.63
307,medium,13,10:03:23,10:03:28,10:24:01,COMPLETED,24254.0,20549.9,5.19,1238.01
361,medium,13,10:22:46,10:22:52,10:24:19,COMPLETED,22753.0,1464.6,6.06,93.80
358,easy,11,10:24:29,10:24:32,10:24:38,COMPLETED,23667.0,108.4,3.12,9.48
365,medium,14,10:18:05,10:18:10,10:24:50,COMPLETED,29878.0,6673.4,5.86,405.89
392,easy,12,10:25:07,10:25:09,10:26:06,COMPLETED,24787.0,944.7,3.00,59.53
448,easy,12,10:25:39,10:25:41,10:26:06,COMPLETED,24298.0,423.7,2.27,27.53
432,easy,11,10:25:57,10:26:00,10:26:12,COMPLETED,17770.0,209.7,3.30,15.72
333,medium,14,10:12:32,10:12:32,10:26:31,COMPLETED,33760.0,13987.6,0.46,839.40
349,medium,14,10:05:02,10:05:02,10:27:46,COMPLETED,33122.0,22731.3,0.34,1364.11
340,medium,13,10:27:18,10:27:21,10:28:41,COMPLETED,29417.0,1344.0,3.32,83.81
407,easy,11,10:28:26,10:28:29,10:28:41,COMPLETED,27911.0,209.6,3.42,15.81
303,medium,13,10:24:49,10:24:50,10:28:54,COMPLETED,31370.0,4057.0,1.89,245.18
381,medium,13,10:27:58,10:27:58,10:30:14,COMPLETED,31464.0,2273.5,0.46,136.72
443,easy,12,10:30:08,10:30:08,10:30:27,COMPLETED,23980.0,314.4,0.47,19.15
325,easy,11,10:31:10,10:31:10,10:31:16,COMPLETED,28455.0,108.7,0.62,6.89
319,medium,13,10:26:29,10:26:31,10:31:35,COMPLETED,32618.0,5071.2,2.40,306.54
449,easy,12,10:32:21,10:32:25,10:33:09,COMPLETED,31614.0,730.6,4.76,48.41
405,easy,11,10:33:01,10:33:03,10:33:15,COMPLETED,23019.0,211.3,2.14,14.63
431,easy,12,10:30:16,10:30:20,10:33:46,COMPLETED,31904.0,3432.8,4.92,210.72
400,medium,14,10:19:21,10:19:25,10:33:52,COMPLETED,26695.0,14462.7,4.30,871.94
445,medium,13,10:32:04,10:32:06,10:33:52,COMPLETED,26894.0,1774.8,2.64,108.94
419,easy,11,10:33:27,10:33:28,10:33:52,COMPLETED,24467.0,418.8,1.02,25.94
306,easy,12,10:33:40,10:33:40,10:34:55,COMPLETED,33902.0,1257.0,0.47,75.60
376,hard,15,10:31:12,10:31:16,10:35:08,COMPLETED,29472.0,3858.5,4.89,236.14
442,easy,11,10:35:35,10:35:39,10:35:46,COMPLETED,27883.0,113.0,4.72,11.19
342,easy,11,10:36:11,10:36:11,10:36:17,COMPLETED,23745.0,115.8,0.23,6.75
297,hard,15,09:42:18,09:42:18,10:36:24,COMPLETED,31128.0,54099.9,0.37,3246.24
316,medium,14,10:29:31,10:29:31,10:37:02,COMPLETED,29873.0,7518.3,0.32,451.18
426,easy,12,10:36:28,10:36:30,10:37:08,COMPLETED,26460.0,634.9,2.62,40.53
430,easy,12,10:36:11,10:36:11,10:37:33,COMPLETED,29809.0,1374.2,0.23,82.48
334,medium,13,10:35:19,10:35:20,10:37:46,COMPLETED,31284.0,2425.4,1.75,147.00
356,medium,14,10:05:57,10:05:58,10:38:04,COMPLETED,31313.0,32111.6,1.46,1927.85
391,easy,11,10:38:05,10:38:11,10:38:17,COMPLETED,23814.0,108.0,6.34,12.63
398,medium,14,10:34:49,10:34:49,10:38:30,COMPLETED,29250.0,3684.6,0.19,221.07
359,easy,11,10:38:49,10:38:54,10:39:01,COMPLETED,23103.0,107.4,5.88,12.15
354,medium,13,10:38:50,10:38:54,10:39:32,COMPLETED,24631.0,624.3,4.88,42.20
197,hard,15,09:45:58,09:46:01,10:40:03,COMPLETED,36503.0,54028.1,3.68,3245.29
328,easy,11,10:40:35,10:40:40,10:40:52,COMPLETED,28417.0,210.8,5.52,17.98
397,medium,13,10:36:17,10:36:17,10:40:59,COMPLETED,31473.0,4693.1,0.75,282.19
427,medium,13,10:39:36,10:39:38,10:41:54,COMPLETED,30873.0,2279.1,2.41,138.96
366,easy,12,10:41:48,10:41:48,10:42:13,COMPLETED,28432.0,418.6,0.72,25.66
447,easy,11,10:42:00,10:42:01,10:42:13,COMPLETED,18133.0,211.0,1.20,13.66
309,easy,11,10:42:35,10:42:38,10:42:51,COMPLETED,24680.0,211.6,3.60,16.10
305,easy,12,10:42:36,10:42:38,10:42:51,COMPLETED,23935.0,211.2,2.60,15.10
399,easy,12,10:42:18,10:42:19,10:43:35,COMPLETED,26272.0,1258.8,1.88,77.18
406,easy,11,10:43:48,10:43:54,10:44:06,COMPLETED,27054.0,217.1,6.08,18.84
440,easy,11,10:44:23,10:44:25,10:44:32,COMPLETED,25419.0,115.5,2.62,9.04
301,easy,11,10:44:36,10:44:38,10:44:51,COMPLETED,25163.0,215.4,2.60,15.19
312,medium,14,10:39:12,10:39:13,10:46:00,COMPLETED,36552.0,6794.3,1.54,408.94
318,easy,12,10:44:54,10:44:57,10:46:07,COMPLETED,29695.0,1171.4,3.56,73.33
362,medium,14,10:33:56,10:33:59,10:46:32,COMPLETED,31566.0,12566.2,3.17,756.90
412,easy,12,10:46:24,10:46:26,10:46:39,COMPLETED,21609.0,219.9,2.43,15.29
404,easy,12,10:44:26,10:44:32,10:46:45,COMPLETED,24246.0,2230.0,6.04,139.66
330,easy,12,10:47:00,10:47:04,10:47:23,COMPLETED,33875.0,326.4,4.41,23.68
408,medium,13,10:46:11,10:46:13,10:47:42,COMPLETED,28624.0,1483.1,2.90,91.55
345,easy,12,10:47:31,10:47:36,10:48:07,COMPLETED,27788.0,534.3,5.27,36.99
413,easy,11,10:47:57,10:48:01,10:48:07,COMPLETED,25606.0,114.0,4.53,10.99
332,easy,11,10:48:20,10:48:20,10:48:33,COMPLETED,22632.0,218.6,0.76,13.56
446,easy,12,10:43:16,10:43:16,10:48:39,COMPLETED,33723.0,5402.8,0.08,323.97
418,medium,14,10:03:04,10:03:08,10:49:30,COMPLETED,34395.0,46365.2,4.96,2786.78
314,easy,11,10:49:19,10:49:24,10:49:37,COMPLETED,24097.0,214.2,5.49,18.03
323,easy,11,10:49:32,10:49:37,10:49:43,COMPLETED,25334.0,109.3,5.03,11.37
338,medium,14,10:45:03,10:45:03,10:49:55,COMPLETED,27536.0,4867.3,0.99,292.85
363,medium,14,10:43:39,10:43:41,10:50:58,COMPLETED,31224.0,7283.1,2.45,439.26
204,hard,15,09:28:17,09:28:19,10:51:35,COMPLETED,35613.0,83274.0,2.24,4998.62
387,medium,13,10:48:15,10:48:20,10:51:35,COMPLETED,26127.0,3251.3,5.76,200.62
368,medium,14,10:48:51,10:48:52,10:52:31,COMPLETED,32613.0,3651.2,1.70,220.59
355,easy,11,10:53:24,10:53:27,10:53:40,COMPLETED,23530.0,212.2,3.48,16.01
373,easy,12,10:53:32,10:53:33,10:53:40,COMPLETED,24314.0,108.0,1.76,8.01
339,medium,14,10:37:23,10:37:27,10:53:58,COMPLETED,34577.0,16526.4,4.24,995.67
177,hard,15,09:09:47,09:09:52,10:54:04,COMPLETED,38410.0,104211.2,5.28,6257.90
239,hard,15,09:40:04,09:40:08,10:54:11,COMPLETED,35499.0,74054.8,4.07,4447.24
324,hard,15,10:39:53,10:39:57,10:54:30,COMPLETED,27677.0,14551.8,4.05,877.01
347,medium,13,10:54:07,10:54:11,10:55:01,COMPLETED,24943.0,836.2,4.24,54.18
390,easy,12,10:50:37,10:50:39,10:57:11,COMPLETED,40637.0,6536.8,2.48,394.51
414,easy,11,10:57:26,10:57:30,10:57:36,COMPLETED,21640.0,107.5,4.22,10.47
326,easy,11,10:57:54,10:57:55,10:58:01,COMPLETED,27268.0,108.5,1.10,7.39
434,easy,12,10:57:51,10:57:55,10:58:07,COMPLETED,26716.0,213.9,4.10,16.68
367,medium,13,10:57:17,10:57:17,10:58:32,COMPLETED,33185.0,1251.3,0.72,75.61
346,medium,13,10:55:45,10:55:50,10:58:51,COMPLETED,32265.0,3010.2,5.86,186.24
411,easy,12,10:57:20,10:57:23,10:59:03,COMPLETED,29222.0,1666.5,3.96,103.71
393,easy,12,10:58:46,10:58:51,10:59:22,COMPLETED,25558.0,524.5,5.24,36.49
577,easy,12,11:00:27,11:00:31,11:00:50,COMPLETED,28366.0,322.8,4.66,23.84
492,medium,13,11:01:26,11:01:28,11:02:25,COMPLETED,29230.0,947.5,2.58,59.23
551,easy,12,11:01:10,11:01:15,11:03:33,COMPLETED,35823.0,2303.0,5.92,143.91
567,easy,11,11:03:57,11:03:58,11:04:05,COMPLETED,29208.0,108.5,1.90,8.19
528,easy,12,11:04:13,11:04:17,11:04:55,COMPLETED,29191.0,630.6,4.71,42.35
416,hard,15,10:34:31,10:34:36,11:05:20,COMPLETED,33573.0,30733.3,5.49,1849.37
327,hard,15,10:39:08,10:39:13,11:05:39,COMPLETED,22441.0,26431.0,5.54,1591.23
441,medium,14,10:58:02,10:58:07,11:05:58,COMPLETED,29897.0,7843.8,5.68,476.09
487,medium,14,11:04:13,11:04:17,11:06:29,COMPLETED,27003.0,2201.7,4.71,136.57
384,hard,15,10:24:50,10:24:50,11:06:35,COMPLETED,30952.0,41749.9,0.89,2505.86
369,medium,14,10:16:54,10:16:56,11:07:32,COMPLETED,38572.0,50602.2,2.27,3038.33
329,medium,14,10:30:39,10:30:39,11:08:03,COMPLETED,36101.0,37409.2,0.54,2244.89
557,easy,12,11:05:29,11:05:32,11:08:23,COMPLETED,36777.0,2846.1,3.89,174.09
494,easy,12,11:08:56,11:09:01,11:09:27,COMPLETED,21103.0,434.7,5.92,31.53
495,easy,12,11:08:38,11:08:42,11:09:34,COMPLETED,28801.0,864.2,4.59,56.06
423,hard,15,10:23:37,10:23:42,11:10:06,COMPLETED,26484.0,46404.8,5.23,2789.28
470,easy,11,11:09:40,11:09:40,11:10:06,COMPLETED,21923.0,438.2,0.52,26.28
514,easy,12,11:06:20,11:06:23,11:10:12,COMPLETED,36039.0,3833.2,3.27,232.86
463,easy,11,11:10:04,11:10:06,11:10:19,COMPLETED,27472.0,223.2,2.28,15.39
409,medium,14,10:48:26,10:48:27,11:10:32,COMPLETED,31266.0,22086.8,1.09,1326.16
535,easy,12,11:08:39,11:08:42,11:10:44,COMPLETED,36955.0,2041.0,3.59,125.85
375,hard,15,10:49:35,10:49:37,11:11:22,COMPLETED,32115.0,21767.5,2.03,1307.88
348,hard,15,10:38:00,10:38:04,11:11:42,COMPLETED,29913.0,33625.3,4.85,2022.17
586,medium,14,11:05:09,11:05:14,11:11:48,COMPLETED,31172.0,6582.7,5.08,399.60
589,medium,13,11:08:35,11:08:36,11:11:48,COMPLETED,31409.0,3216.5,1.11,193.60
488,easy,12,11:12:06,11:12:07,11:12:39,COMPLETED,27957.0,537.0,1.85,33.70
552,easy,12,11:12:28,11:12:33,11:13:11,COMPLETED,23686.0,644.7,5.39,43.70
564,easy,11,11:13:15,11:13:18,11:13:24,COMPLETED,26123.0,113.4,3.12,9.65
556,easy,12,11:11:45,11:11:48,11:14:08,COMPLETED,33371.0,2340.3,3.60,143.69
536,easy,12,11:14:00,11:14:02,11:14:21,COMPLETED,22442.0,322.1,2.32,21.40
510,medium,14,11:02:29,11:02:31,11:14:27,COMPLETED,25705.0,11939.8,2.48,718.68
506,easy,12,11:14:03,11:14:08,11:14:33,COMPLETED,27918.0,426.1,5.69,30.99
581,medium,13,11:09:16,11:09:21,11:14:52,COMPLETED,32304.0,5531.2,5.21,336.84
562,easy,11,11:15:49,11:15:49,11:16:01,COMPLETED,27012.0,213.5,0.38,12.95
561,easy,11,11:16:34,11:16:39,11:16:52,COMPLETED,28725.0,214.0,5.59,18.18
25,hard,15,08:53:38,08:53:40,11:16:58,COMPLETED,29438.0,143307.1,2.06,8600.46
383,hard,15,10:28:10,10:28:10,11:17:42,COMPLETED,30834.0,49525.2,0.83,2972.29
429,medium,14,10:47:02,10:47:04,11:18:13,COMPLETED,44304.0,31152.6,2.41,1871.55
437,medium,14,10:47:12,10:47:17,11:18:13,COMPLETED,31765.0,30940.4,5.25,1861.55
559,medium,14,11:12:24,11:12:27,11:18:45,COMPLETED,30321.0,6309.5,3.10,381.44
532,easy,11,11:18:41,11:18:45,11:18:57,COMPLETED,30321.0,213.2,4.44,17.00
458,medium,13,11:16:22,11:16:26,11:19:42,COMPLETED,30124.0,3264.7,4.99,200.51
493,medium,13,11:20:00,11:20:01,11:21:11,COMPLETED,33301.0,1172.4,1.55,71.52
516,medium,14,11:10:58,11:11:03,11:21:49,COMPLETED,30296.0,10777.0,5.60,651.79
519,easy,11,11:19:00,11:19:04,11:22:27,COMPLETED,31162.0,3399.5,4.25,207.87
531,easy,11,11:24:00,11:24:03,11:24:54,COMPLETED,33444.0,852.9,3.57,54.40
593,easy,12,11:24:49,11:24:54,11:25:07,COMPLETED,31267.0,216.9,5.40,18.08
511,medium,14,11:16:18,11:16:20,11:25:32,COMPLETED,27033.0,9199.4,2.70,554.44
513,easy,11,11:25:06,11:25:07,11:25:57,COMPLETED,32077.0,846.6,1.08,51.63
512,medium,13,11:13:56,11:13:56,11:26:35,COMPLETED,30730.0,12659.1,0.02,759.37
497,easy,11,11:25:16,11:25:19,11:26:35,COMPLETED,33588.63946349958,1265.1,3.73,79.37
482,easy,12,11:26:29,11:26:29,11:26:47,COMPLETED,34077.0,319.4,0.04,18.93
534,hard,15,11:15:05,11:15:05,11:27:57,COMPLETED,30096.0,12863.4,0.41,772.03
191,hard,15,09:29:00,09:29:02,11:28:15,COMPLETED,30935.0,119222.0,2.59,7155.83
496,medium,14,11:24:51,11:24:54,11:28:15,COMPLETED,29785.0,3361.2,3.40,204.83
575,easy,11,11:29:53,11:29:56,11:30:03,COMPLETED,29273.0,117.6,3.89,10.32
544,easy,12,11:29:58,11:30:03,11:30:10,COMPLETED,31067.0,117.0,5.32,12.08
573,easy,11,11:29:56,11:29:56,11:30:22,COMPLETED,24365.0,432.5,0.89,26.65
486,medium,14,11:16:25,11:16:26,11:30:28,COMPLETED,29306.0,14036.0,1.99,843.96
537,medium,14,11:08:22,11:08:23,11:30:41,COMPLETED,34995.0,22309.2,1.09,1339.58
540,easy,12,11:29:51,11:29:56,11:31:07,COMPLETED,25117.0,1175.4,5.89,76.01
167,hard,15,09:16:34,09:16:37,11:31:38,COMPLETED,40204.0,135033.5,3.06,8105.00
597,easy,11,11:32:03,11:32:04,11:32:17,COMPLETED,29891.0,221.1,1.61,14.61
473,medium,14,11:03:02,11:03:02,11:32:49,COMPLETED,33669.0,29789.7,0.69,1787.82
560,easy,12,11:31:39,11:31:45,11:32:49,COMPLETED,23503.0,1079.9,6.51,70.82
460,medium,13,11:23:46,11:23:50,11:32:56,COMPLETED,28671.0,9100.1,4.72,550.37
522,easy,12,11:30:28,11:30:28,11:33:09,COMPLETED,26739.0,2675.8,0.96,161.26
374,hard,15,10:42:24,10:42:26,11:33:34,COMPLETED,31148.0,51139.2,2.15,3070.41
471,easy,11,11:32:39,11:32:43,11:33:40,COMPLETED,31809.0,963.1,4.22,61.69
456,easy,11,11:34:36,11:34:37,11:34:43,COMPLETED,26910.0,109.7,1.45,7.77
549,easy,12,11:35:17,11:35:21,11:35:34,COMPLETED,30031.0,221.4,4.88,17.90
529,medium,14,11:08:18,11:08:23,11:35:41,COMPLETED,37341.0,27304.1,5.09,1643.20
570,easy,12,11:35:55,11:36:00,11:36:12,COMPLETED,23090.0,214.3,5.02,17.61
502,medium,14,11:29:40,11:29:43,11:36:56,COMPLETED,36955.0,7215.8,3.84,436.56
480,easy,11,11:37:08,11:37:09,11:37:21,COMPLETED,28665.0,216.9,1.17,13.95
538,medium,13,11:31:44,11:31:45,11:37:53,COMPLETED,30350.0,6137.5,1.51,369.57
499,easy,11,11:37:30,11:37:34,11:37:59,COMPLETED,26748.0,425.6,4.57,29.88
474,easy,12,11:37:06,11:37:09,11:38:06,COMPLETED,27741.0,955.0,3.17,60.17
485,easy,11,11:38:23,11:38:25,11:38:31,COMPLETED,27622.0,110.5,2.11,8.51
520,easy,11,11:38:24,11:38:25,11:38:37,COMPLETED,28351.0,215.1,1.11,13.81
498,easy,12,11:38:21,11:38:25,11:38:56,COMPLETED,27833.0,532.9,4.11,35.75
475,medium,14,11:27:14,11:27:19,11:39:15,COMPLETED,33637.0,11943.2,5.29,721.67
554,easy,12,11:37:29,11:37:34,11:39:15,COMPLETED,28801.0,1689.6,5.57,106.67
509,easy,12,11:38:47,11:38:50,11:39:34,COMPLETED,34314.0,741.7,3.38,47.60
595,easy,12,11:37:10,11:37:15,11:40:18,COMPLETED,38172.0,3058.3,5.52,188.77
452,easy,12,11:39:19,11:39:21,11:40:18,COMPLETED,27164.0,950.6,2.97,59.77
464,easy,11,11:40:08,11:40:12,11:40:18,COMPLETED,31151.0,110.6,4.43,10.77
341,medium,14,10:46:04,10:46:07,11:40:50,COMPLETED,33827.0,54721.2,3.33,3286.44
539,medium,13,11:38:18,11:38:18,11:41:28,COMPLETED,29736.0,3174.2,0.78,190.83
310,medium,14,10:29:08,10:29:12,11:41:35,COMPLETED,33698.0,72381.4,4.73,4347.31
542,hard,15,11:01:56,11:02:00,11:41:35,COMPLETED,28319.0,39593.8,4.11,2379.31
476,easy,11,11:42:34,11:42:39,11:42:52,COMPLETED,27985.0,219.1,5.90,18.73
572,easy,12,11:42:47,11:42:52,11:43:11,COMPLETED,30106.0,330.3,5.73,24.99
455,easy,12,11:42:31,11:42:33,11:43:31,COMPLETED,28354.0,978.1,2.34,60.48
558,easy,12,11:43:08,11:43:11,11:43:31,COMPLETED,21870.0,334.7,3.99,23.48
504,easy,11,11:43:40,11:43:44,11:43:51,COMPLETED,30758.0,114.0,4.71,11.29
599,hard,15,11:22:45,11:22:47,11:44:23,COMPLETED,31631.0,21610.1,2.03,1298.35
594,medium,14,11:15:36,11:15:36,11:44:55,COMPLETED,31385.0,29315.8,0.79,1759.49
457,easy,12,11:43:36,11:43:38,11:45:01,COMPLETED,25182.0,1404.8,2.11,85.99
566,easy,11,11:45:19,11:45:21,11:45:27,COMPLETED,21647.0,110.8,2.65,8.98
548,easy,11,11:46:02,11:46:06,11:46:12,COMPLETED,24415.0,114.5,4.31,10.69
453,medium,14,11:37:11,11:37:15,11:46:38,COMPLETED,35101.0,9388.8,4.52,567.60
224,hard,15,09:41:56,09:41:59,11:46:57,COMPLETED,36021.0,124965.7,3.79,7501.69
591,hard,15,11:33:36,11:33:40,11:47:03,COMPLETED,32816.0,13391.6,4.69,807.98
553,hard,15,11:06:06,11:06:10,11:48:19,COMPLETED,27191.0,42153.1,4.67,2533.69
550,easy,12,11:48:25,11:48:26,11:48:38,COMPLETED,26620.0,215.4,1.04,13.67
576,medium,14,11:35:11,11:35:15,11:48:57,COMPLETED,30567.0,13708.3,4.43,826.67
530,medium,14,11:41:41,11:41:42,11:48:57,COMPLETED,30354.0,7265.3,1.00,436.67
472,easy,12,11:48:54,11:48:57,11:49:16,COMPLETED,28110.0,321.6,3.67,22.67
563,medium,14,11:47:56,11:48:00,11:50:07,COMPLETED,34887.0,2111.2,4.76,131.16
153,hard,15,09:37:54,09:37:56,11:50:44,COMPLETED,36685.0,132802.6,2.92,7971.00
585,easy,12,11:50:02,11:50:07,11:50:44,COMPLETED,28180.0,636.4,5.16,43.00
483,medium,14,11:48:47,11:48:51,11:50:57,COMPLETED,29552.0,2111.3,4.27,130.71
489,easy,12,11:50:58,11:51:04,11:51:29,COMPLETED,28897.0,425.8,6.04,31.29
547,hard,15,11:39:18,11:39:21,11:52:26,COMPLETED,30861.0,13084.8,3.97,788.65
574,easy,11,11:53:32,11:53:37,11:54:03,COMPLETED,34270.0,431.3,5.86,31.41
477,medium,14,11:18:34,11:18:38,11:54:29,COMPLETED,35699.0,35842.3,4.94,2155.25
500,medium,13,11:49:50,11:49:54,11:54:29,COMPLETED,24667.0,4587.8,4.45,279.25
517,easy,11,11:54:32,11:54:35,11:54:42,COMPLETED,24098.0,118.1,3.81,10.39
569,easy,11,11:54:45,11:54:48,11:55:08,COMPLETED,29404.0,333.5,3.94,23.47
518,easy,12,11:55:23,11:55:28,11:55:53,COMPLETED,28573.0,434.0,5.05,30.62
546,medium,14,11:41:30,11:41:35,11:56:25,COMPLETED,32947.0,14850.6,5.31,895.94
450,easy,12,11:53:59,11:54:03,11:56:25,COMPLETED,31564.0,2385.4,4.41,146.94
465,easy,12,11:56:22,11:56:25,11:56:58,COMPLETED,30488.0,549.4,3.94,36.42
507,medium,13,11:52:33,11:52:33,11:57:37,COMPLETED,30373.0,5073.0,0.25,304.16
459,medium,13,11:09:02,11:09:08,11:58:02,COMPLETED,28735.0,48907.5,6.43,2940.70
527,easy,12,11:58:30,11:58:34,11:58:59,COMPLETED,26895.0,428.4,4.40,29.85
526,medium,14,11:47:30,11:47:35,12:00:22,COMPLETED,27519.0,12779.5,5.55,772.04
714,easy,11,12:00:17,12:00:22,12:00:28,COMPLETED,27244.0,112.6,5.04,11.43
578,easy,12,11:58:01,11:58:02,12:00:34,COMPLETED,33312.0,2541.7,1.70,153.82
525,medium,13,11:42:14,11:42:14,12:00:41,COMPLETED,40738.0,18456.5,0.09,1107.25
571,medium,13,11:57:25,11:57:30,12:01:31,COMPLETED,28609.0,4026.9,5.56,246.85
469,medium,14,11:23:49,11:23:50,12:01:50,COMPLETED,27517.0,38003.9,1.72,2281.91
543,easy,12,11:58:45,11:58:47,12:03:06,COMPLETED,27737.0,4334.8,2.18,261.95
606,easy,11,12:02:46,12:02:47,12:03:06,COMPLETED,23878.0,324.1,1.85,20.95
652,easy,11,12:02:56,12:03:00,12:03:06,COMPLETED,26852.0,113.0,4.54,10.95
679,easy,12,12:02:48,12:02:54,12:03:13,COMPLETED,23708.0,324.7,6.19,25.35
45,hard,15,08:32:33,08:32:36,12:03:19,COMPLETED,33873.0,210717.0,3.71,12646.70
451,medium,14,11:44:06,11:44:10,12:04:03,COMPLETED,28849.0,19897.4,4.32,1197.89
587,medium,14,11:45:08,11:45:08,12:04:10,COMPLETED,35824.0,19034.2,0.46,1142.29
672,easy,11,12:03:59,12:04:03,12:04:10,COMPLETED,29533.0,111.9,4.89,11.29
541,hard,15,11:08:44,11:08:48,12:04:22,COMPLETED,29647.0,55569.7,4.92,3338.97
524,medium,14,11:48:46,11:48:51,12:04:35,COMPLETED,31452.0,15742.8,5.27,949.62
634,easy,12,12:04:03,12:04:03,12:04:35,COMPLETED,22231.0,532.8,0.89,32.62
592,medium,13,11:56:07,11:56:13,12:04:54,COMPLETED,25292.0,8696.1,6.10,527.58
590,medium,14,11:26:04,11:26:10,12:05:32,COMPLETED,35122.0,39376.7,6.18,2368.64
661,medium,13,12:04:11,12:04:16,12:05:32,COMPLETED,32883.0,1271.4,5.64,81.64
484,medium,14,11:00:40,11:00:44,12:06:10,COMPLETED,32573.0,65434.8,4.40,3930.39
675,easy,12,12:05:21,12:05:26,12:06:10,COMPLETED,20378.0,740.5,5.25,49.39
95,hard,15,08:10:11,08:10:15,12:06:16,COMPLETED,42148.0,236018.2,4.63,14165.71
726,easy,11,12:06:41,12:06:41,12:07:00,COMPLETED,28224.0,323.2,0.87,19.95
663,easy,12,12:05:39,12:05:45,12:07:13,COMPLETED,24784.0,1478.6,6.24,94.70
685,easy,11,12:07:05,12:07:07,12:07:13,COMPLETED,26741.0,110.4,2.31,8.70
654,easy,11,12:07:30,12:07:32,12:07:39,COMPLETED,29133.0,111.5,2.62,9.00
613,easy,12,12:07:01,12:07:07,12:07:57,COMPLETED,27584.0,849.1,6.31,56.95
643,easy,11,12:07:56,12:07:57,12:08:04,COMPLETED,23201.0,110.6,1.95,8.29
657,easy,12,12:06:11,12:06:16,12:08:35,COMPLETED,31797.0,2326.3,5.71,144.93
662,easy,11,12:08:27,12:08:29,12:08:42,COMPLETED,28131.0,217.6,2.54,15.34
565,hard,15,11:48:17,11:48:19,12:09:33,COMPLETED,35776.0,21234.7,2.69,1276.39
723,easy,12,12:09:15,12:09:20,12:09:33,COMPLETED,28404.0,222.3,5.58,18.39
466,medium,14,11:49:58,11:50:00,12:10:25,COMPLETED,24517.0,20409.9,2.81,1227.21
596,medium,14,11:33:13,11:33:15,12:10:50,COMPLETED,28153.0,37590.1,2.55,2257.78
582,hard,15,11:24:52,11:24:54,12:11:22,COMPLETED,31643.0,46469.1,2.40,2790.43
683,easy,11,12:11:03,12:11:03,12:11:22,COMPLETED,27137.0,322.9,0.39,19.43
501,medium,14,11:41:33,11:41:35,12:12:56,COMPLETED,33716.0,31361.3,2.31,1883.93
629,medium,14,12:04:45,12:04:48,12:13:22,COMPLETED,30545.0,8569.7,3.21,517.14
396,hard,15,10:32:18,10:32:19,12:13:41,COMPLETED,34306.0,101363.7,1.36,6083.11
736,medium,13,12:09:19,12:09:20,12:13:47,COMPLETED,34437.0,4451.2,1.58,268.44
733,easy,11,12:13:31,12:13:34,12:13:47,COMPLETED,27146.0,216.7,3.74,16.44
696,medium,14,12:03:11,12:03:13,12:14:31,COMPLETED,29537.0,11304.6,2.35,680.41
545,hard,15,11:39:40,11:39:40,12:15:09,COMPLETED,32961.0,35475.1,0.92,2129.25
686,easy,11,12:15:23,12:15:28,12:15:40,COMPLETED,23842.0,214.5,5.24,17.85
716,easy,12,12:15:57,12:15:59,12:16:44,COMPLETED,30215.0,756.2,2.69,47.53
670,easy,12,12:16:52,12:16:57,12:17:04,COMPLETED,28831.0,111.5,5.60,12.00
738,easy,11,12:16:44,12:16:44,12:17:10,COMPLETED,24352.0,436.7,0.53,26.32
622,medium,13,12:11:46,12:11:47,12:17:48,COMPLETED,23962.0,6025.8,1.60,362.89
704,medium,14,12:13:08,12:13:09,12:17:55,COMPLETED,31342.0,4768.1,1.51,287.21
604,easy,11,12:17:35,12:17:35,12:18:01,COMPLETED,27056.0,434.1,0.89,26.69
623,easy,12,12:18:12,12:18:14,12:18:40,COMPLETED,30397.0,433.7,2.28,28.04
707,easy,11,12:18:44,12:18:46,12:18:52,COMPLETED,23000.0,116.8,2.34,8.91
372,hard,15,10:31:58,10:32:00,12:20:03,COMPLETED,33321.0,108059.1,2.29,6485.74
508,medium,13,11:50:40,11:50:44,12:20:10,COMPLETED,29789.0,29424.6,5.00,1770.23
748,medium,13,12:19:22,12:19:25,12:20:35,COMPLETED,26200.0,1185.3,3.17,73.65
632,easy,11,12:20:35,12:20:35,12:20:42,COMPLETED,27187.0,120.3,0.65,7.36
635,medium,13,12:19:57,12:19:57,12:21:14,COMPLETED,29548.0,1296.2,0.15,77.66
740,medium,13,12:14:36,12:14:37,12:21:20,COMPLETED,33230.0,6729.8,1.70,404.96
621,easy,12,12:21:45,12:21:46,12:22:12,COMPLETED,22994.0,432.7,1.96,27.59
709,medium,14,12:11:17,12:11:22,12:22:18,COMPLETED,31234.0,10945.7,5.43,661.95
727,medium,13,12:14:17,12:14:18,12:22:37,COMPLETED,33999.0,8322.1,1.82,500.88
665,medium,13,12:16:22,12:16:25,12:22:44,COMPLETED,35589.0,6322.5,3.12,382.23
720,easy,11,12:22:56,12:22:56,12:23:03,COMPLETED,27246.0,110.0,0.86,7.19
618,easy,12,12:21:16,12:21:20,12:23:09,COMPLETED,31013.0,1813.7,4.96,113.49
687,easy,12,12:22:20,12:22:25,12:23:15,COMPLETED,28210.0,847.1,5.26,55.83
605,easy,11,12:23:05,12:23:09,12:23:22,COMPLETED,22156.0,215.9,4.49,17.12
609,medium,13,12:18:27,12:18:27,12:23:47,COMPLETED,33477.0,5340.2,0.25,320.38
655,easy,12,12:24:26,12:24:31,12:24:37,COMPLETED,32542.0,111.2,5.35,11.68
691,easy,11,12:25:02,12:25:03,12:25:15,COMPLETED,24587.0,217.8,1.01,13.69
668,easy,12,12:22:46,12:22:50,12:25:28,COMPLETED,26016.0,2635.2,4.53,162.39
644,easy,11,12:24:49,12:24:50,12:25:34,COMPLETED,28352.0,744.0,1.33,45.69
700,easy,12,12:24:37,12:24:37,12:25:40,COMPLETED,36389.0,1059.5,0.68,64.00
664,hard,15,12:14:47,12:14:50,12:25:47,COMPLETED,24354.0,10953.7,3.29,660.28
712,medium,14,12:18:55,12:18:59,12:26:37,COMPLETED,25921.0,7643.9,4.39,462.78
656,easy,11,12:26:04,12:26:06,12:26:37,COMPLETED,29186.0,531.6,2.14,33.78
624,easy,11,12:26:39,12:26:44,12:26:56,COMPLETED,25450.0,216.0,5.10,17.78
639,easy,11,12:26:49,12:26:50,12:27:03,COMPLETED,30934.0,215.7,1.46,14.10
729,easy,12,12:26:01,12:26:06,12:27:22,COMPLETED,30059.0,1274.8,5.14,81.17
734,easy,12,12:26:42,12:26:44,12:27:22,COMPLETED,35210.0,642.1,2.10,40.17
638,medium,13,12:27:01,12:27:03,12:27:34,COMPLETED,22665.0,535.5,2.10,33.97
703,easy,12,12:25:50,12:25:53,12:27:47,COMPLETED,30381.0,1906.0,3.57,117.52
462,hard,15,11:03:37,11:03:40,12:28:06,COMPLETED,41237.0,84448.4,3.15,5069.91
695,easy,12,12:27:55,12:28:00,12:29:17,COMPLETED,31791.0,1282.5,5.38,82.02
601,easy,12,12:29:11,12:29:17,12:29:36,COMPLETED,29835.0,324.0,6.02,25.04
315,hard,15,10:59:04,10:59:10,12:29:42,COMPLETED,33081.0,90545.3,6.00,5438.50
636,easy,11,12:30:07,12:30:08,12:30:20,COMPLETED,30601.0,214.3,1.27,13.87
468,hard,15,11:08:50,11:08:55,12:30:39,COMPLETED,37322.0,81740.3,5.43,4909.73
731,easy,11,12:30:54,12:30:58,12:31:05,COMPLETED,29129.0,114.6,4.59,11.14
671,medium,14,12:12:06,12:12:06,12:31:17,COMPLETED,37333.0,19195.5,0.55,1151.92
651,medium,14,12:00:30,12:00:34,12:31:37,COMPLETED,33255.0,31044.4,4.82,1867.20
688,easy,11,12:32:21,12:32:21,12:32:34,COMPLETED,26661.0,220.6,0.51,13.34
647,easy,11,12:32:55,12:33:00,12:33:06,COMPLETED,21616.0,115.9,5.25,11.78
616,medium,13,12:32:00,12:32:02,12:33:26,COMPLETED,28206.0,1397.7,2.43,86.03
603,easy,12,12:32:49,12:32:53,12:34:16,COMPLETED,34251.0,1383.9,4.64,87.51
164,hard,15,09:42:29,09:42:30,12:35:44,COMPLETED,31927.0,173228.5,1.74,10395.42
608,easy,12,12:36:08,12:36:09,12:36:41,COMPLETED,29578.0,532.0,1.63,33.21
611,easy,11,12:36:15,12:36:15,12:36:41,COMPLETED,22606.0,427.0,0.95,26.21
681,medium,13,12:32:23,12:32:28,12:37:06,COMPLETED,35021.0,4646.1,5.04,283.50
722,easy,12,12:35:54,12:35:56,12:37:06,COMPLETED,28245.0,1164.2,2.98,72.50
640,medium,14,12:09:35,12:09:39,12:37:25,COMPLETED,35181.0,27762.2,4.97,1670.52
637,medium,13,12:30:37,12:30:39,12:37:44,COMPLETED,27741.0,7082.5,2.73,427.44
719,medium,13,12:35:59,12:36:03,12:38:03,COMPLETED,31302.0,2003.9,4.30,124.28
715,easy,12,12:37:06,12:37:06,12:38:03,COMPLETED,32398.0,950.4,0.50,57.28
602,medium,14,12:10:09,12:10:12,12:38:59,COMPLETED,36655.0,28799.5,3.09,1730.88
619,easy,11,12:39:16,12:39:18,12:39:31,COMPLETED,27845.0,224.5,2.74,15.63
628,medium,14,12:38:30,12:38:34,12:39:57,COMPLETED,34728.0,1386.3,4.65,87.41
612,easy,11,12:39:28,12:39:31,12:39:57,COMPLETED,25431.0,437.5,3.63,29.41
746,easy,11,12:40:28,12:40:29,12:40:42,COMPLETED,27962.0,221.2,1.48,14.32
614,easy,12,12:39:59,12:40:03,12:40:55,COMPLETED,28508.0,864.2,4.92,56.35
749,medium,14,12:32:48,12:32:53,12:41:34,COMPLETED,29788.0,8682.7,5.64,526.23
617,medium,14,12:35:23,12:35:25,12:42:12,COMPLETED,34596.0,6788.6,2.48,409.56
713,easy,11,12:42:33,12:42:37,12:42:50,COMPLETED,31092.0,217.6,4.72,17.49
667,hard,15,12:08:12,12:08:16,12:43:21,COMPLETED,26857.0,35088.0,4.88,2109.97
320,hard,15,10:57:57,10:58:01,12:44:00,COMPLETED,40068.0,105981.4,4.39,6363.16
607,easy,12,12:41:12,12:41:14,12:44:00,COMPLETED,26787.0,2763.6,2.80,168.16
433,hard,15,10:47:32,10:47:36,12:45:28,COMPLETED,36410.0,117876.8,4.27,7076.81
660,easy,12,12:45:15,12:45:16,12:45:41,COMPLETED,30073.0,425.8,1.18,26.45
744,easy,11,12:44:42,12:44:44,12:46:25,COMPLETED,28308.0,1684.7,2.68,103.53
684,easy,11,12:46:26,12:46:31,12:46:44,COMPLETED,35353.0,216.5,5.83,18.48
568,medium,13,11:57:20,11:57:23,12:47:41,COMPLETED,36164.0,50296.9,3.94,3021.60
692,medium,14,12:25:14,12:25:15,12:47:41,COMPLETED,30593.0,22435.3,1.69,1347.60
645,easy,12,12:47:20,12:47:22,12:47:47,COMPLETED,30234.0,426.6,2.65,27.93
724,medium,13,12:47:45,12:47:47,12:48:32,COMPLETED,26709.0,744.7,2.93,47.32
620,medium,14,12:41:45,12:41:47,12:48:38,COMPLETED,24564.0,6860.0,2.29,413.65
648,easy,12,12:47:49,12:47:54,12:48:51,COMPLETED,29150.0,957.3,5.28,62.36
732,easy,12,12:48:40,12:48:44,12:48:57,COMPLETED,23872.0,218.7,4.97,17.77
653,easy,11,12:48:49,12:48:51,12:49:23,COMPLETED,39814.0,536.1,2.36,34.06
583,hard,15,11:25:24,11:25:26,12:49:29,COMPLETED,33631.0,84060.2,2.12,5045.58
728,medium,13,12:45:44,12:45:47,12:50:08,COMPLETED,26884.0,4349.6,3.76,264.44
721,easy,11,12:50:02,12:50:02,12:50:08,COMPLETED,23330.0,113.0,0.02,6.44
152,hard,15,09:02:03,09:02:05,12:50:40,COMPLETED,34081.0,228592.4,2.21,13717.71
747,medium,14,12:30:23,12:30:27,12:51:32,COMPLETED,27771.0,21091.2,4.15,1269.21
717,medium,13,12:48:08,12:48:13,12:51:32,COMPLETED,33907.0,3325.4,5.26,204.21
584,hard,15,11:20:34,11:20:39,12:52:43,COMPLETED,34988.0,92062.7,5.72,5529.36
630,hard,15,12:20:05,12:20:10,12:53:09,COMPLETED,34798.0,32986.3,5.23,1984.13
674,hard,15,12:38:36,12:38:40,12:53:28,COMPLETED,31194.0,14795.6,4.99,892.41
641,medium,13,12:51:31,12:51:32,12:54:07,COMPLETED,31022.0,2596.8,1.21,156.60
711,easy,12,12:53:11,12:53:15,12:54:27,COMPLETED,26855.0,1202.1,4.66,76.18
718,easy,12,12:53:44,12:53:47,12:54:27,COMPLETED,30394.0,665.9,3.86,43.18
615,easy,11,12:54:17,12:54:20,12:54:33,COMPLETED,27608.0,229.0,3.61,16.89
705,easy,12,12:54:26,12:54:27,12:55:31,COMPLETED,23760.0,1084.5,1.18,65.78
598,hard,15,11:34:06,11:34:12,12:55:38,COMPLETED,32415.0,81436.1,6.24,4892.31
725,medium,13,12:53:44,12:53:47,12:55:38,COMPLETED,32304.0,1844.1,3.86,114.31
481,hard,15,11:47:56,11:48:00,12:55:57,COMPLETED,35428.0,67944.1,4.76,4081.29
741,easy,12,12:54:34,12:54:40,12:56:09,COMPLETED,27938.0,1496.2,6.40,95.90
626,easy,12,12:55:39,12:55:44,12:56:28,COMPLETED,35070.0,741.6,5.64,49.86
745,medium,14,12:50:33,12:50:34,12:56:35,COMPLETED,28506.0,6021.7,1.11,362.17
690,easy,11,12:56:13,12:56:16,12:56:35,COMPLETED,27061.0,320.9,3.21,22.17
454,hard,15,11:13:41,11:13:43,12:58:16,COMPLETED,37250.0,104543.6,2.48,6275.02
708,medium,13,12:55:04,12:55:05,12:58:35,COMPLETED,32200.0,3488.8,1.96,211.02
710,easy,11,12:58:26,12:58:28,12:58:47,COMPLETED,24136.0,321.9,2.67,21.71
673,easy,11,12:58:36,12:58:41,12:58:47,COMPLETED,29280.0,111.2,5.33,11.71
682,medium,13,12:55:30,12:55:31,12:59:00,COMPLETED,25176.0,3481.7,1.78,210.37
467,medium,14,11:53:48,11:53:50,12:59:25,COMPLETED,30687.0,65582.4,2.76,3937.59
490,medium,14,11:55:16,11:55:21,12:59:50,COMPLETED,35226.0,64491.4,5.47,3874.78
625,medium,13,12:56:51,12:56:54,13:00:03,COMPLETED,29599.0,3160.4,3.05,192.42
491,hard,15,11:04:11,11:04:11,13:00:47,COMPLETED,37349.0,116611.0,0.43,6996.88
689,medium,14,12:47:55,12:48:00,13:00:54,COMPLETED,32476.0,12906.2,5.62,779.49
886,easy,12,13:00:44,13:00:47,13:01:01,COMPLETED,27133.0,225.7,3.88,17.15
678,medium,14,12:46:59,12:47:03,13:01:20,COMPLETED,28876.0,14283.5,4.52,861.18
887,easy,11,13:03:23,13:03:28,13:03:41,COMPLETED,31365.0,223.2,5.38,18.43
739,medium,14,12:15:20,12:15:21,13:04:13,COMPLETED,27948.0,48864.0,1.89,2933.60
805,easy,12,13:02:12,13:02:17,13:04:39,COMPLETED,33848.0,2365.3,5.84,147.22
773,easy,11,13:04:35,13:04:39,13:04:45,COMPLETED,22810.0,119.0,4.22,10.83
855,easy,11,13:04:42,13:04:45,13:05:05,COMPLETED,22020.0,331.4,3.83,23.25
790,easy,11,13:05:14,13:05:18,13:05:31,COMPLETED,23125.0,226.4,4.13,17.26
677,medium,14,12:57:36,12:57:38,13:05:44,COMPLETED,29498.0,8107.1,2.22,488.26
856,easy,11,13:05:14,13:05:18,13:05:50,COMPLETED,32489.0,546.7,4.13,36.76
421,hard,15,10:17:40,10:17:45,13:06:03,COMPLETED,30534.0,168290.7,5.95,10103.33
555,hard,15,11:50:51,11:50:51,13:06:09,COMPLETED,27645.0,75310.2,0.37,4518.82
743,medium,14,12:37:03,12:37:06,13:06:29,COMPLETED,27724.0,29381.7,3.50,1766.16
876,easy,11,13:06:37,13:06:41,13:06:54,COMPLETED,23605.0,215.8,4.88,17.55
882,easy,11,13:08:04,13:08:10,13:08:16,COMPLETED,21756.0,110.5,6.08,12.44
515,hard,15,11:21:48,11:21:49,13:08:22,COMPLETED,29689.0,106551.5,1.79,6394.77
885,medium,13,13:07:08,13:07:13,13:08:29,COMPLETED,30512.0,1266.6,5.39,81.14
627,medium,14,12:53:59,12:54:01,13:08:35,COMPLETED,23052.0,14577.0,2.02,876.43
659,medium,14,12:59:48,12:59:50,13:08:54,COMPLETED,32144.0,9062.0,2.78,546.28
730,hard,15,12:29:42,12:29:42,13:09:06,COMPLETED,29106.0,39409.4,0.50,2364.95
699,medium,14,12:23:21,12:23:22,13:09:32,COMPLETED,26091.0,46167.5,1.12,2771.05
766,medium,13,13:03:50,13:03:54,13:09:38,COMPLETED,31037.0,5741.8,4.08,348.33
680,medium,14,12:46:31,12:46:31,13:10:34,COMPLETED,27421.0,24053.1,0.83,1443.89
650,medium,14,12:48:56,12:48:57,13:10:34,COMPLETED,30901.0,21621.9,1.77,1298.89
865,medium,13,13:07:17,13:07:19,13:10:41,COMPLETED,27263.0,3361.6,2.71,204.18
706,medium,14,12:47:13,12:47:16,13:11:18,COMPLETED,36818.0,24046.6,3.25,1445.87
809,medium,13,13:08:04,13:08:10,13:11:56,COMPLETED,31444.0,3778.9,6.08,232.50
793,easy,12,13:12:07,13:12:09,13:12:28,COMPLETED,29455.0,318.9,2.15,21.07
815,easy,12,13:12:04,13:12:09,13:12:40,COMPLETED,24651.0,528.6,5.15,36.61
786,medium,14,13:00:54,13:00:54,13:12:46,COMPLETED,24818.0,11876.6,0.49,712.89
896,easy,11,13:11:55,13:11:56,13:12:46,COMPLETED,29349.566898091292,844.2,1.50,51.89
505,hard,15,11:58:30,11:58:34,13:14:33,COMPLETED,28126.0,75982.2,4.40,4563.19
761,medium,13,13:14:06,13:14:08,13:15:29,COMPLETED,31738.0,1367.4,2.14,83.95
658,hard,15,12:52:00,12:52:04,13:15:36,COMPLETED,31093.0,23534.6,4.33,1416.24
823,easy,12,13:15:17,13:15:17,13:16:20,COMPLETED,31652.0,1051.1,0.28,63.15
841,easy,11,13:17:37,13:17:42,13:17:48,COMPLETED,29627.0,119.1,5.36,11.98
864,medium,13,13:17:37,13:17:42,13:19:05,COMPLETED,34641.0,1395.2,5.36,88.71
771,easy,11,13:19:59,13:20:03,13:20:28,COMPLETED,24830.0,424.1,4.07,29.25
669,hard,15,12:06:54,12:06:54,13:20:34,COMPLETED,30342.0,73668.4,0.55,4420.54
336,hard,15,10:28:07,10:28:10,13:21:25,COMPLETED,35258.0,173237.9,3.83,10398.01
880,easy,12,13:21:08,13:21:12,13:21:43,COMPLETED,26583.0,532.4,4.27,35.94
752,easy,12,13:21:13,13:21:18,13:22:15,COMPLETED,27212.0,952.1,5.65,62.46
834,easy,11,13:22:12,13:22:15,13:22:21,COMPLETED,26324.0,110.7,3.46,9.82
523,hard,15,11:46:42,11:46:45,13:22:34,COMPLETED,31427.0,95825.0,3.00,5752.41
843,easy,11,13:22:41,13:22:46,13:23:06,COMPLETED,23114.0,325.6,5.98,25.25
878,easy,11,13:22:54,13:22:59,13:23:18,COMPLETED,27037.0,320.6,5.90,24.85
796,medium,14,13:14:44,13:14:45,13:24:09,COMPLETED,25966.0,9396.3,1.76,565.31
779,medium,13,13:22:45,13:22:46,13:24:09,COMPLETED,32036.0,1375.4,1.98,84.31
701,medium,14,12:57:24,12:57:25,13:24:21,COMPLETED,31242.0,26941.9,1.55,1617.90
870,medium,13,13:21:02,13:21:05,13:24:21,COMPLETED,27147.0,3270.5,3.94,199.90
858,medium,14,13:09:35,13:09:38,13:24:59,COMPLETED,35767.0,15358.3,3.33,924.59
817,easy,12,13:19:11,13:19:12,13:25:05,COMPLETED,33967.0,5901.6,1.22,354.92
849,easy,12,13:24:57,13:24:59,13:25:12,COMPLETED,25837.0,217.9,2.59,15.40
826,medium,14,13:09:44,13:09:44,13:25:44,COMPLETED,32683.0,16007.5,0.66,960.66
787,easy,11,13:25:41,13:25:44,13:25:51,COMPLETED,27683.0,114.6,3.66,10.25
600,medium,14,12:46:44,12:46:44,13:26:29,COMPLETED,33578.0,39753.4,0.48,2385.54
631,hard,15,12:33:53,12:33:57,13:26:48,COMPLETED,25898.0,52850.3,4.56,3175.48
702,hard,15,12:44:39,12:44:44,13:28:24,COMPLETED,34199.0,43663.9,5.68,2625.37
804,easy,11,13:28:17,13:28:17,13:28:24,COMPLETED,22945.0,114.0,0.70,7.37
889,easy,12,13:28:16,13:28:17,13:28:43,COMPLETED,24576.0,437.0,1.70,27.52
890,medium,14,13:10:58,13:10:59,13:29:41,COMPLETED,31880.0,18695.0,1.98,1123.34
831,easy,12,13:29:18,13:29:21,13:29:41,COMPLETED,25586.0,331.2,3.93,23.34
847,easy,12,13:29:42,13:29:47,13:30:06,COMPLETED,23279.0,327.4,5.85,24.97
768,easy,11,13:30:01,13:30:06,13:30:13,COMPLETED,27715.0,116.3,5.97,12.55
759,easy,11,13:31:29,13:31:29,13:31:41,COMPLETED,26675.0,215.4,0.08,12.79
859,easy,12,13:31:28,13:31:29,13:32:06,COMPLETED,30446.0,633.7,1.08,38.85
789,easy,11,13:32:17,13:32:19,13:32:25,COMPLETED,23397.0,111.1,2.38,8.79
792,easy,11,13:32:17,13:32:19,13:32:25,COMPLETED,27480.0,111.0,2.38,8.79
833,medium,14,13:27:07,13:27:07,13:32:51,COMPLETED,30583.0,5727.1,0.68,344.04
698,medium,14,12:49:43,12:49:49,13:33:28,COMPLETED,23189.0,43664.2,6.11,2625.82
828,medium,14,13:08:55,13:09:00,13:33:47,COMPLETED,33472.0,24790.6,5.58,1492.75
794,medium,13,13:25:30,13:25:31,13:34:06,COMPLETED,29367.0,8591.3,1.57,516.83
824,easy,12,13:33:59,13:34:00,13:34:44,COMPLETED,27363.0,738.3,1.43,45.53
812,medium,13,13:31:30,13:31:35,13:35:28,COMPLETED,28627.0,3887.3,5.42,238.42
891,easy,12,13:33:58,13:34:00,13:35:28,COMPLETED,28523.0,1470.9,2.43,90.42
763,easy,12,13:33:59,13:34:00,13:35:28,COMPLETED,29017.0,1470.2,1.43,89.42
857,medium,14,13:00:19,13:00:22,13:35:47,COMPLETED,32637.0,35420.3,3.31,2128.35
751,easy,11,13:36:18,13:36:19,13:36:32,COMPLETED,28643.0,218.2,1.60,14.25
829,easy,11,13:36:00,13:36:00,13:36:38,COMPLETED,24615.0,649.6,0.23,38.75
853,easy,12,13:36:24,13:36:25,13:36:38,COMPLETED,22050.0,222.4,1.93,14.75
753,medium,13,13:33:44,13:33:47,13:36:45,COMPLETED,31110.0,2965.6,3.75,181.30
895,easy,12,13:35:51,13:35:53,13:37:23,COMPLETED,26802.0,1509.9,2.67,92.74
861,easy,12,13:36:08,13:36:13,13:37:36,COMPLETED,21829.0,1398.7,5.29,88.79
862,easy,12,13:37:23,13:37:23,13:37:56,COMPLETED,29401.0,546.1,0.74,33.21
884,medium,14,13:07:24,13:07:26,13:38:08,COMPLETED,35712.0,30718.6,2.02,1844.87
784,easy,11,13:37:56,13:37:56,13:38:21,COMPLETED,24100.0,435.3,0.21,25.78
461,hard,15,11:02:49,11:02:50,13:38:47,COMPLETED,27821.0,155958.7,1.20,9358.67
854,medium,13,13:34:11,13:34:13,13:39:51,COMPLETED,27615.0,5645.8,2.12,340.52
800,easy,12,13:39:41,13:39:45,13:39:51,COMPLETED,24344.0,112.1,4.21,10.52
845,medium,13,13:38:02,13:38:02,13:40:10,COMPLETED,33942.0,2147.6,0.55,128.87
869,easy,12,13:38:17,13:38:21,13:40:17,COMPLETED,27948.0,1938.8,4.78,120.48
894,easy,12,13:40:06,13:40:10,13:40:30,COMPLETED,27140.0,336.4,4.87,24.52
819,easy,11,13:40:13,13:40:17,13:40:30,COMPLETED,26571.0,226.7,4.48,17.52
850,medium,13,13:39:49,13:39:51,13:40:43,COMPLETED,22866.0,874.9,2.52,54.58
797,easy,12,13:40:26,13:40:30,13:40:43,COMPLETED,25463.0,225.6,4.52,17.58
810,easy,11,13:40:47,13:40:50,13:41:09,COMPLETED,36010.0,327.1,3.10,22.39
780,medium,14,13:36:52,13:36:58,13:41:15,COMPLETED,28312.0,4301.5,6.20,263.77
803,easy,11,13:41:03,13:41:09,13:41:15,COMPLETED,21253.0,116.2,6.39,12.77
802,easy,11,13:41:57,13:42:01,13:42:07,COMPLETED,25517.0,110.8,4.02,10.40
898,medium,13,13:37:42,13:37:43,13:42:38,COMPLETED,35676.0,4931.3,1.28,296.92
816,easy,11,13:43:38,13:43:41,13:44:13,COMPLETED,29580.0,531.4,3.98,35.59
737,medium,14,12:58:21,12:58:22,13:44:45,COMPLETED,29693.0,46382.1,1.33,2784.11
772,medium,14,13:22:52,13:22:53,13:44:45,COMPLETED,28811.0,21862.8,1.56,1313.11
580,medium,14,11:28:47,11:28:47,13:45:10,COMPLETED,26845.0,136386.4,0.18,8183.31
827,easy,12,13:44:57,13:44:57,13:45:41,COMPLETED,22796.0,738.6,0.70,44.75
799,medium,14,13:41:11,13:41:15,13:46:45,COMPLETED,31086.0,5492.2,4.77,334.04
877,easy,11,13:46:25,13:46:26,13:46:45,COMPLETED,29190.0,321.6,1.02,20.04
521,hard,15,11:47:19,11:47:22,13:47:16,COMPLETED,27977.0,119898.7,3.90,7197.73
837,medium,13,13:44:37,13:44:38,13:47:42,COMPLETED,27815.0,3061.0,1.77,185.17
756,easy,11,13:47:25,13:47:29,13:47:42,COMPLETED,32732.0,216.6,4.47,17.17
775,easy,12,13:48:03,13:48:07,13:48:14,COMPLETED,33479.0,120.3,4.49,11.11
777,medium,13,13:46:05,13:46:06,13:48:20,COMPLETED,30835.0,2236.6,1.95,135.76
897,easy,11,13:48:11,13:48:14,13:48:20,COMPLETED,27424.0,119.3,3.11,9.76
776,easy,12,13:48:56,13:48:59,13:49:32,COMPLETED,31307.0,548.7,3.67,36.07
836,easy,12,13:49:21,13:49:25,13:49:58,COMPLETED,27153.0,549.2,4.48,37.08
863,easy,11,13:49:42,13:49:44,13:49:58,COMPLETED,27819.0,225.0,2.95,16.08
867,medium,14,13:47:59,13:48:01,13:50:30,COMPLETED,34573.0,2495.3,2.13,151.57
888,medium,14,13:43:33,13:43:35,13:50:49,COMPLETED,30777.0,7242.4,2.62,436.73
839,hard,15,13:33:37,13:33:41,13:51:15,COMPLETED,30945.0,17578.2,4.39,1058.88
801,medium,13,13:46:52,13:46:57,13:51:15,COMPLETED,31391.0,4308.2,5.67,263.88
835,easy,12,13:50:43,13:50:43,13:51:15,COMPLETED,21392.0,547.3,0.37,32.88
852,hard,15,13:48:32,13:48:33,13:51:22,COMPLETED,28965.0,2816.4,1.68,170.23
822,medium,13,13:47:26,13:47:29,13:52:20,COMPLETED,35846.0,4854.2,3.47,294.52
755,easy,11,13:52:12,13:52:13,13:52:26,COMPLETED,25475.0,225.1,1.90,14.84
757,medium,13,13:49:14,13:49:18,13:52:59,COMPLETED,34533.0,3680.7,4.89,225.47
770,easy,12,13:52:22,13:52:26,13:52:59,COMPLETED,31724.0,548.7,4.84,37.47
842,easy,11,13:53:33,13:53:37,13:53:50,COMPLETED,24327.0,217.0,4.48,17.12
610,hard,15,12:40:15,12:40:16,13:53:56,COMPLETED,31359.0,73664.2,1.79,4421.54
821,easy,11,13:54:25,13:54:28,13:54:47,COMPLETED,23511.0,321.1,3.07,22.03
403,hard,15,10:24:59,10:25:03,13:55:05,COMPLETED,33763.0,210040.7,4.59,12606.95
848,medium,14,13:46:23,13:46:26,13:55:43,COMPLETED,27359.0,9302.6,3.02,560.89
838,easy,12,13:55:41,13:55:43,13:56:09,COMPLETED,28128.0,426.9,2.89,28.17
830,medium,13,13:51:09,13:51:09,13:56:28,COMPLETED,30038.0,5320.1,0.29,319.25
808,easy,11,13:56:16,13:56:21,13:56:28,COMPLETED,30135.0,112.1,5.83,12.25
754,easy,11,13:57:11,13:57:12,13:57:50,COMPLETED,29696.0,637.9,1.59,39.52
778,easy,12,13:57:40,13:57:56,13:59:07,COMPLETED,25007.0,1186.8,16.88,87.73
844,hard,15,13:41:07,13:41:09,13:59:27,COMPLETED,32815.0,18303.4,2.39,1100.27
813,medium,13,13:42:26,13:42:26,14:03:19,COMPLETED,33127.0,20892.8,0.26,1253.59
795,medium,14,13:53:49,13:53:50,14:03:19,COMPLETED,25009.0,9495.4,1.12,570.59
762,hard,15,13:40:21,13:40:24,14:04:55,COMPLETED,30603.0,24525.6,3.19,1474.51
28,hard,15,08:15:00,08:15:03,14:05:27,COMPLETED,39551.0,350401.9,3.10,21027.19
1043,easy,11,14:00:10,14:05:33,14:05:39,COMPLETED,25370.0,110.9,323.53,329.88
818,medium,14,13:39:38,13:39:38,14:05:52,COMPLETED,31494.0,26231.6,0.89,1574.57
947,easy,11,14:00:42,14:05:46,14:05:52,COMPLETED,28458.0,111.3,304.21,310.57
769,medium,13,13:56:18,13:56:21,14:06:24,COMPLETED,39154.0,10047.7,3.83,606.45
923,easy,12,14:01:12,14:05:58,14:06:30,COMPLETED,30144.0,537.1,286.91,318.80
750,medium,14,13:53:46,13:53:50,14:06:56,COMPLETED,31412.0,13106.5,4.12,790.26
916,easy,12,14:01:30,14:06:30,14:07:02,COMPLETED,23209.0,535.6,300.80,332.60
944,easy,11,14:03:00,14:07:02,14:07:21,COMPLETED,29538.0,322.4,242.60,261.64
832,easy,12,13:59:52,14:05:01,14:07:53,COMPLETED,30946.0,2862.1,309.84,481.28
1031,easy,11,14:03:33,14:07:27,14:08:24,COMPLETED,32124.0,953.8,234.97,291.90
693,hard,15,12:04:08,12:04:10,14:08:43,COMPLETED,30138.0,124561.5,2.29,7475.91
932,easy,12,14:04:04,14:08:50,14:09:09,COMPLETED,30272.0,322.1,286.24,305.27
791,medium,13,13:59:50,14:03:25,14:09:47,COMPLETED,34348.0,6367.9,215.94,597.64
963,medium,13,14:04:20,14:09:15,14:09:47,COMPLETED,32553.0,543.3,295.59,327.64
920,easy,12,14:03:48,14:08:31,14:09:54,COMPLETED,30020.0,1389.6,283.24,366.23
676,hard,15,12:40:59,12:41:01,14:10:20,COMPLETED,30915.0,89309.6,2.84,5361.26
930,medium,13,14:03:01,14:07:08,14:10:20,COMPLETED,27015.0,3196.6,247.97,439.26
148,hard,15,08:10:00,08:10:03,14:10:33,COMPLETED,32856.0,360503.9,3.34,21633.56
979,easy,11,14:05:45,14:10:26,14:10:46,COMPLETED,26143.0,333.2,281.85,301.63
1015,medium,13,14:05:12,14:10:00,14:10:52,COMPLETED,30438.0,882.0,288.64,340.96
936,easy,11,14:06:50,14:10:52,14:11:06,COMPLETED,30379.0,229.0,242.96,256.26
1021,medium,14,14:04:44,14:09:54,14:11:19,COMPLETED,24640.0,1418.5,310.23,395.09
1037,easy,11,14:07:29,14:11:12,14:11:25,COMPLETED,24685.0,221.9,223.74,236.42
959,easy,12,14:07:21,14:10:59,14:12:11,COMPLETED,34444.0,1198.1,218.63,290.03
931,medium,13,14:05:21,14:10:26,14:12:43,COMPLETED,22396.0,2284.9,305.85,442.47
969,medium,13,14:06:42,14:10:40,14:13:09,COMPLETED,28577.0,2497.8,238.02,387.40
868,medium,14,13:26:49,13:26:54,14:13:22,COMPLETED,32340.0,46468.4,5.75,2793.59
906,medium,13,14:08:06,14:12:17,14:13:22,COMPLETED,23856.0,1092.2,251.58,316.59
781,medium,14,13:55:36,13:55:37,14:13:35,COMPLETED,31872.0,17978.1,1.53,1079.85
1026,medium,13,14:00:59,14:05:58,14:13:55,COMPLETED,30841.0,7949.7,299.91,776.47
1028,easy,12,14:09:16,14:13:29,14:14:08,COMPLETED,29490.0,664.5,253.18,292.58
962,easy,12,14:09:48,14:14:15,14:14:47,COMPLETED,34192.0,548.2,267.19,299.59
1029,easy,12,14:09:18,14:13:42,14:14:54,COMPLETED,30800.0,1205.5,264.37,336.12
981,easy,11,14:10:11,14:14:54,14:15:00,COMPLETED,24553.0,120.9,283.12,289.77
948,easy,12,14:10:31,14:15:00,14:15:39,COMPLETED,27433.0,650.6,269.77,308.48
879,hard,15,13:35:33,13:35:34,14:15:52,COMPLETED,35957.0,40295.6,1.72,2419.26
925,medium,13,14:01:52,14:06:37,14:16:11,COMPLETED,28224.0,9574.5,285.21,859.38
1019,medium,13,14:09:12,14:13:29,14:16:24,COMPLETED,32308.0,2921.5,257.18,432.18
774,hard,15,13:03:03,13:03:09,14:16:49,COMPLETED,29374.0,73672.1,6.26,4426.49
874,medium,14,13:18:24,13:18:27,14:17:02,COMPLETED,29149.0,58583.6,3.30,3518.18
921,easy,11,14:13:09,14:16:55,14:17:02,COMPLETED,27278.0,111.4,226.81,233.18
1017,easy,12,14:13:31,14:17:08,14:17:21,COMPLETED,28969.0,220.3,217.52,230.41
1047,easy,12,14:13:42,14:17:08,14:18:24,COMPLETED,28622.0,1273.5,206.52,282.66
939,medium,14,14:09:31,14:14:01,14:18:56,COMPLETED,27270.0,4909.7,270.99,565.30
909,easy,12,14:13:59,14:18:30,14:18:56,COMPLETED,27624.0,427.1,272.00,297.30
851,hard,15,13:52:33,13:52:33,14:19:15,COMPLETED,25073.0,26701.4,0.48,1602.34
389,hard,15,10:21:29,10:21:30,14:21:15,COMPLETED,29974.0,239763.3,1.07,14386.85
967,medium,13,14:11:14,14:15:45,14:21:28,COMPLETED,35627.0,5716.2,271.84,614.55
840,medium,14,13:51:36,13:51:41,14:21:34,COMPLETED,28181.0,29893.4,5.51,1798.88
1049,medium,13,14:15:58,14:21:34,14:22:19,COMPLETED,29624.0,743.4,336.88,381.18
825,hard,15,13:22:43,13:22:46,14:22:50,COMPLETED,30016.0,60065.3,3.98,3607.81
871,hard,15,13:51:40,13:51:41,14:24:50,COMPLETED,30517.0,33158.4,1.51,1990.93
1018,easy,12,14:16:54,14:22:57,14:24:50,COMPLETED,29479.0,1901.7,363.14,476.93
697,hard,15,12:42:53,12:42:56,14:25:16,COMPLETED,37704.0,102326.1,3.79,6143.28
949,medium,13,14:16:15,14:21:41,14:25:16,COMPLETED,29005.0,3588.8,326.26,541.28
1040,medium,13,14:17:00,14:24:57,14:26:00,COMPLETED,22192.0,1060.9,477.27,540.67
904,medium,13,14:16:35,14:22:25,14:26:13,COMPLETED,28211.0,3805.4,350.51,578.34
1039,easy,11,14:18:19,14:26:06,14:26:13,COMPLETED,26710.0,115.1,467.99,474.34
966,medium,14,14:08:14,14:12:50,14:27:18,COMPLETED,32147.0,14480.8,276.02,1144.49
995,medium,13,14:16:58,14:24:57,14:27:31,COMPLETED,30238.0,2577.5,479.27,633.63
935,easy,12,14:19:15,14:26:19,14:27:57,COMPLETED,26100.0,1626.9,424.93,522.06
926,easy,12,14:20:57,14:28:03,14:28:41,COMPLETED,25878.0,643.6,426.70,464.97
945,medium,13,14:21:15,14:28:48,14:29:07,COMPLETED,23190.0,324.0,453.35,472.43
905,easy,12,14:23:05,14:29:13,14:30:42,COMPLETED,22312.0,1483.6,368.81,457.48
996,easy,11,14:23:11,14:30:48,14:31:07,COMPLETED,29465.0,324.6,457.86,476.99
811,hard,15,13:15:15,13:15:17,14:31:39,COMPLETED,29862.0,76375.3,2.28,4584.69
1033,easy,11,14:25:33,14:31:46,14:31:52,COMPLETED,31214.0,112.2,373.02,379.43
1034,medium,13,14:12:55,14:16:17,14:32:49,COMPLETED,35763.0,16529.9,202.78,1194.33
913,easy,11,14:25:44,14:31:58,14:32:49,COMPLETED,30177.0,847.9,374.77,425.33
985,easy,12,14:25:50,14:32:55,14:33:02,COMPLETED,26010.0,112.0,425.67,432.06
814,medium,14,13:55:02,13:55:05,14:33:33,COMPLETED,33066.0,38467.8,3.95,2311.72
758,hard,15,13:19:15,13:19:18,14:33:59,COMPLETED,33010.0,74682.9,3.73,4484.50
946,easy,11,14:28:34,14:34:06,14:34:19,COMPLETED,22642.0,223.3,332.04,345.14
917,easy,12,14:26:58,14:33:08,14:36:47,COMPLETED,35484.0,3659.7,370.42,589.63
968,medium,13,14:23:38,14:31:14,14:37:52,COMPLETED,34481.0,6640.7,456.36,854.31
907,easy,12,14:29:31,14:37:58,14:39:16,COMPLETED,31306.0,1295.2,507.87,585.24
956,easy,11,14:29:37,14:39:22,14:39:29,COMPLETED,32620.0,118.1,585.61,592.21
1014,hard,15,14:12:14,14:15:58,14:40:13,COMPLETED,29859.0,24255.2,224.64,1679.72
666,medium,14,12:20:34,12:20:35,14:40:20,COMPLETED,37501.0,139741.4,1.65,8386.05
1038,easy,12,14:30:45,14:40:20,14:40:32,COMPLETED,27039.0,216.9,575.05,587.77
983,easy,12,14:30:36,14:39:35,14:40:45,COMPLETED,28164.0,1166.9,539.73,609.46
971,easy,11,14:33:39,14:40:51,14:41:10,COMPLETED,28887.0,323.1,432.78,451.87
1001,easy,12,14:33:32,14:40:39,14:41:23,COMPLETED,26736.0,745.9,427.10,471.55
503,hard,15,11:28:15,11:28:15,14:42:07,COMPLETED,40270.0,193868.3,0.83,11632.89
943,easy,12,14:34:43,14:41:29,14:42:33,COMPLETED,14549.0,1060.3,406.88,470.20
1046,medium,14,14:31:17,14:40:26,14:43:17,COMPLETED,29854.0,2856.0,549.42,720.47
1010,hard,15,14:15:17,14:19:21,14:43:36,COMPLETED,29903.0,24252.3,244.69,1699.56
694,hard,15,12:40:46,12:40:48,14:44:20,COMPLETED,35286.0,123536.3,2.79,7414.90
1002,easy,11,14:35:40,14:44:27,14:44:59,COMPLETED,32835.0,546.1,527.24,559.47
901,hard,15,14:15:05,14:19:02,14:45:31,COMPLETED,30323.0,26492.3,237.64,1826.85
998,medium,14,14:35:01,14:43:23,14:46:30,COMPLETED,29402.0,3114.3,502.82,689.19
933,easy,11,14:36:46,14:46:36,14:46:43,COMPLETED,27434.0,115.4,590.74,597.15
806,hard,15,13:00:12,13:00:15,14:47:47,COMPLETED,32958.0,107528.4,4.00,6455.62
642,hard,15,12:52:09,12:52:10,14:48:00,COMPLETED,27571.0,115824.0,1.93,6951.30
965,easy,12,14:37:07,14:47:53,14:48:12,COMPLETED,32668.0,323.7,646.94,665.99
974,easy,11,14:37:26,14:48:06,14:48:32,COMPLETED,30977.0,428.7,640.63,666.07
934,easy,11,14:37:33,14:48:19,14:48:32,COMPLETED,23572.0,216.2,646.40,659.07
860,hard,15,13:08:19,13:08:22,14:48:57,COMPLETED,24895.0,100579.7,3.77,6038.41
964,easy,11,14:39:13,14:49:03,14:49:16,COMPLETED,25935.0,220.6,590.97,603.89
937,medium,14,14:18:23,14:26:19,14:49:23,COMPLETED,29375.0,23062.3,476.93,1860.23
952,medium,14,14:08:03,14:11:32,14:49:29,COMPLETED,30547.0,37968.3,209.10,2486.79
1008,easy,12,14:39:58,14:49:23,14:49:36,COMPLETED,24697.0,225.4,565.23,578.42
928,easy,11,14:41:46,14:49:29,14:49:42,COMPLETED,27252.0,226.9,463.79,476.80
1023,easy,11,14:43:14,14:49:42,14:49:55,COMPLETED,25366.0,226.5,388.80,401.85
958,medium,13,14:44:25,14:50:02,14:50:35,COMPLETED,30110.0,553.5,337.45,370.14
881,hard,15,13:37:49,13:37:49,14:50:54,COMPLETED,29748.0,73083.0,0.81,4385.67
579,hard,15,11:29:50,11:29:50,14:51:01,COMPLETED,34048.0,201178.3,0.37,12071.00
986,easy,12,14:44:49,14:51:07,14:52:55,COMPLETED,26647.0,1803.6,378.37,486.24
820,medium,14,13:58:34,13:59:33,14:53:08,COMPLETED,37407.0,53572.6,59.81,3274.00
1032,hard,15,14:13:55,14:17:27,14:53:20,COMPLETED,28893.0,35885.2,212.77,2365.69
994,medium,13,14:44:20,14:49:49,14:53:20,COMPLETED,26251.0,3525.5,329.46,540.69
900,medium,13,14:45:34,14:53:14,14:53:39,COMPLETED,24064.0,428.2,460.34,485.74
976,easy,12,14:45:58,14:53:27,14:53:52,COMPLETED,29367.0,428.2,449.04,474.43
941,easy,12,14:45:10,14:53:01,14:53:58,COMPLETED,27172.0,958.2,471.61,528.76
344,hard,15,10:49:04,10:49:05,14:54:11,COMPLETED,31900.0,245099.4,1.54,14707.48
1000,medium,13,14:47:07,14:54:05,14:54:30,COMPLETED,26669.0,427.3,418.14,443.47
1012,easy,11,14:47:11,14:54:17,14:54:30,COMPLETED,29022.0,216.3,426.81,439.47
1035,easy,12,14:44:32,14:50:41,14:54:36,COMPLETED,30047.0,3925.3,369.70,604.81
788,hard,15,13:04:51,13:04:52,14:55:33,COMPLETED,31810.0,110692.4,1.41,6642.89
912,easy,11,14:48:09,14:55:40,14:55:52,COMPLETED,28000.0,216.1,451.22,463.88
990,medium,14,14:38:58,14:48:38,14:56:05,COMPLETED,28581.0,7459.7,580.40,1027.58
927,medium,13,14:47:32,14:54:36,14:56:12,COMPLETED,30445.0,1594.3,424.81,520.11
1024,easy,11,14:49:29,14:56:12,14:56:31,COMPLETED,24694.0,329.9,403.11,422.38
989,easy,12,14:50:09,14:56:37,14:58:14,COMPLETED,25792.0,1622.2,388.96,485.85
950,medium,13,14:29:17,14:36:54,14:59:06,COMPLETED,34653.0,22220.0,457.03,1789.97
1022,medium,13,14:49:55,14:56:18,15:00:11,COMPLETED,24829.0,3893.4,383.51,616.62
915,medium,14,14:33:45,14:41:17,15:00:18,COMPLETED,34138.0,19020.7,452.20,1593.17
954,medium,13,14:47:54,14:54:43,15:00:24,COMPLETED,32024.0,5697.4,409.28,750.55
1042,easy,12,14:50:59,15:00:18,15:00:37,COMPLETED,27385.0,335.8,559.17,578.80
977,easy,12,14:51:26,15:00:24,15:01:03,COMPLETED,32827.0,657.5,538.55,577.71
978,easy,12,14:53:36,15:01:10,15:01:29,COMPLETED,23344.0,336.8,454.04,473.74
533,hard,15,11:41:36,11:41:42,15:01:42,COMPLETED,33801.0,200016.0,6.00,12006.90
940,easy,11,14:53:39,15:01:36,15:01:42,COMPLETED,23604.0,118.8,477.29,483.90
910,easy,12,14:47:07,14:53:58,15:01:56,COMPLETED,36423.0,7961.2,411.76,889.17
866,hard,15,13:58:21,13:59:14,15:02:15,COMPLETED,29033.0,63025.7,53.12,3834.53
1016,hard,15,14:46:52,14:53:46,15:03:44,COMPLETED,28034.0,9970.4,414.07,1012.03
1003,easy,11,14:57:06,15:03:50,15:04:09,COMPLETED,36942.0,322.7,404.36,423.42
975,easy,12,14:55:19,15:02:21,15:05:00,COMPLETED,35679.0,2640.5,422.86,581.00
903,easy,12,14:57:11,15:04:15,15:05:25,COMPLETED,31578.0,1164.7,424.75,494.32
973,easy,11,14:57:40,15:05:31,15:05:56,COMPLETED,29570.0,427.3,471.66,496.99
1009,medium,14,14:38:54,14:48:38,15:06:34,COMPLETED,26976.0,17946.1,584.40,1660.92
972,easy,12,14:57:17,15:05:06,15:06:53,COMPLETED,28788.0,1798.3,469.33,576.93
1011,medium,13,14:53:11,15:00:44,15:07:45,COMPLETED,33408.0,7019.4,453.38,874.09
997,medium,13,14:54:50,15:01:49,15:07:45,COMPLETED,25872.0,5935.4,419.46,775.09
942,easy,11,14:58:18,15:07:51,15:07:58,COMPLETED,23336.0,122.1,573.66,580.51
1036,easy,11,14:58:18,15:07:51,15:07:58,COMPLETED,31632.0,121.3,573.66,580.51
993,medium,13,14:58:08,15:07:00,15:08:18,COMPLETED,24946.0,1304.9,532.26,610.26
951,easy,11,14:58:35,15:08:05,15:08:31,COMPLETED,22593.0,442.1,570.07,596.19
798,hard,15,13:49:44,13:49:44,15:08:57,COMPLETED,36111.0,79203.2,0.95,4753.06
970,easy,11,14:59:21,15:08:37,15:08:57,COMPLETED,24590.0,331.3,556.73,576.06
938,easy,12,14:58:32,15:08:05,15:09:10,COMPLETED,31237.0,1087.5,573.07,638.03
991,hard,15,14:35:51,14:45:38,15:09:29,COMPLETED,34726.0,23858.0,587.39,2018.49
955,medium,14,14:19:39,14:27:25,15:11:32,COMPLETED,31556.0,44127.6,466.02,3113.49
1041,medium,14,14:46:34,14:53:27,15:12:04,COMPLETED,27862.0,18635.9,413.04,1530.85
1182,easy,11,15:01:19,15:12:11,15:12:43,COMPLETED,41803.0,545.4,652.38,684.63
1106,easy,12,15:01:32,15:12:50,15:13:22,COMPLETED,26735.0,551.3,678.15,710.72
846,medium,14,13:46:04,13:46:06,15:13:42,COMPLETED,36290.0,87587.0,2.95,5258.07
957,medium,14,14:34:44,14:42:14,15:13:48,COMPLETED,29974.0,31573.7,450.22,2344.40
1166,easy,11,15:02:14,15:13:48,15:14:13,COMPLETED,25704.0,429.6,694.40,719.88
902,easy,12,14:58:51,15:08:24,15:15:42,COMPLETED,28457.0,7303.5,573.59,1011.53
649,hard,15,12:38:37,12:38:40,15:17:17,COMPLETED,33381.0,158606.2,3.99,9520.34
1109,easy,12,15:01:11,15:09:36,15:17:23,COMPLETED,35081.0,7799.4,505.05,972.67
1104,easy,11,15:05:21,15:17:30,15:17:42,COMPLETED,25064.0,216.3,729.07,741.75
1156,easy,12,15:05:12,15:17:23,15:17:55,COMPLETED,22185.0,534.4,731.67,763.43
1155,easy,12,15:05:43,15:18:01,15:18:40,COMPLETED,27108.0,645.2,738.76,777.17
1095,medium,13,15:04:45,15:15:48,15:19:05,COMPLETED,27770.0,3292.7,663.87,860.94
918,hard,15,14:41:47,14:49:36,15:19:19,COMPLETED,26996.0,29717.7,469.42,2252.13
1115,easy,11,15:06:38,15:19:25,15:19:38,COMPLETED,26595.0,226.5,767.68,780.79
987,hard,15,14:27:26,14:33:40,15:21:21,COMPLETED,30768.0,47698.6,374.27,3235.85
1195,easy,12,15:04:28,15:14:20,15:21:41,COMPLETED,28274.0,7361.4,592.21,1033.43
1007,medium,14,14:48:57,14:55:59,15:22:13,COMPLETED,27572.0,26246.6,422.21,1996.69
1193,easy,11,15:07:34,15:22:20,15:22:45,COMPLETED,31648.0,438.6,886.12,911.87
1181,medium,14,15:02:03,15:13:29,15:23:31,COMPLETED,27672.0,10040.7,686.28,1288.28
1116,medium,13,15:05:26,15:17:49,15:24:55,COMPLETED,41979.0,7106.0,743.08,1169.15
1169,easy,11,15:09:08,15:25:01,15:25:20,COMPLETED,26894.0,321.6,953.50,972.48
1117,medium,13,15:08:17,15:22:52,15:25:39,COMPLETED,22150.0,2788.7,875.48,1042.49
1072,easy,12,15:09:21,15:25:26,15:26:11,COMPLETED,32730.0,744.2,965.81,1010.17
1121,medium,13,15:06:41,15:19:45,15:26:30,COMPLETED,33619.0,6751.6,784.32,1189.15
1083,easy,11,15:09:27,15:26:17,15:26:30,COMPLETED,29024.0,216.1,1010.50,1023.15
1128,medium,13,15:09:22,15:25:45,15:26:36,COMPLETED,32265.0,850.9,983.84,1034.48
1107,easy,11,15:09:44,15:26:36,15:26:49,COMPLETED,28299.0,218.6,1012.48,1025.30
807,hard,15,13:17:44,13:17:48,15:27:08,COMPLETED,31846.0,129323.0,4.98,7764.30
785,hard,15,13:41:37,13:41:41,15:27:27,COMPLETED,28463.0,105762.9,4.62,6350.29
1058,easy,12,15:09:44,15:26:36,15:28:11,COMPLETED,29536.0,1589.9,1012.48,1107.63
1157,easy,11,15:11:55,15:28:17,15:28:43,COMPLETED,26385.0,426.6,982.96,1008.25
764,hard,15,13:47:22,13:47:23,15:29:08,COMPLETED,26635.0,101760.1,1.09,6106.60
1189,medium,14,15:04:23,15:13:54,15:29:27,COMPLETED,40148.0,15551.3,571.78,1504.60
1013,medium,14,14:57:50,15:06:41,15:30:30,COMPLETED,29213.0,23833.8,531.25,1960.99
1130,medium,13,15:14:41,15:30:37,15:31:47,COMPLETED,23642.0,1168.0,956.40,1026.18
1197,easy,12,15:14:53,15:31:53,15:32:18,COMPLETED,23915.0,428.4,1020.51,1045.91
980,medium,14,14:55:01,15:02:02,15:32:37,COMPLETED,26660.0,30595.2,421.50,2256.97
1088,easy,12,15:14:03,15:29:33,15:32:50,COMPLETED,23582.0,3285.5,930.93,1127.73
1173,easy,12,15:15:25,15:32:25,15:32:50,COMPLETED,27534.0,430.7,1020.24,1045.73
1091,easy,11,15:17:16,15:32:44,15:32:57,COMPLETED,23675.0,218.9,928.34,941.10
1176,easy,12,15:18:06,15:32:57,15:34:00,COMPLETED,31698.0,1059.8,891.10,954.43
1184,easy,12,15:17:46,15:32:57,15:34:06,COMPLETED,33692.0,1167.0,911.10,980.76
1160,easy,11,15:18:13,15:33:03,15:34:13,COMPLETED,26996.0,1166.6,890.51,960.16
1137,easy,11,15:19:24,15:34:13,15:34:19,COMPLETED,28859.0,112.0,889.16,895.54
1076,medium,13,15:05:44,15:18:46,15:34:44,COMPLETED,32946.0,15977.8,782.50,1740.91
1114,easy,12,15:19:22,15:34:06,15:34:51,COMPLETED,27282.0,747.4,884.76,929.25
1075,easy,11,15:20:17,15:34:25,15:34:51,COMPLETED,33483.0,428.7,848.91,874.25
1070,easy,12,15:21:19,15:34:57,15:35:10,COMPLETED,29364.0,224.3,818.65,831.62
1066,medium,14,15:13:12,15:29:14,15:35:23,COMPLETED,34679.0,6155.3,962.93,1331.78
1143,easy,12,15:21:50,15:35:17,15:35:30,COMPLETED,26838.0,225.0,807.16,820.33
1048,medium,14,14:37:01,14:46:49,15:35:36,COMPLETED,37039.0,48788.5,588.70,3515.69
1062,medium,13,15:12:56,15:28:49,15:36:02,COMPLETED,35039.0,7224.4,953.58,1386.70
767,hard,15,13:14:32,13:14:33,15:36:15,COMPLETED,27932.0,141711.1,1.19,8503.78
1057,medium,13,15:24:00,15:35:43,15:36:41,COMPLETED,27311.0,981.6,703.25,761.56
1081,easy,12,15:24:43,15:36:48,15:37:07,COMPLETED,27909.0,328.2,725.22,744.62
911,hard,15,14:50:19,14:58:21,15:38:17,COMPLETED,33873.0,39937.4,482.33,2878.39
1069,easy,11,15:25:30,15:38:23,15:38:30,COMPLETED,21438.0,111.1,773.73,780.09
1110,medium,13,15:19:39,15:34:19,15:39:20,COMPLETED,33854.0,5024.6,880.54,1181.75
1045,medium,14,14:08:37,14:13:15,15:39:39,COMPLETED,34646.0,86398.7,278.96,5462.76
1180,medium,14,15:10:36,15:26:42,15:39:52,COMPLETED,30582.0,13162.7,966.94,1756.46
1060,easy,11,15:27:54,15:39:46,15:39:58,COMPLETED,32169.0,217.5,712.09,724.79
1113,medium,14,15:21:39,15:34:57,15:40:11,COMPLETED,36040.0,5234.9,798.65,1112.53
1190,easy,11,15:28:13,15:40:05,15:40:17,COMPLETED,28658.0,218.4,712.17,724.86
1127,easy,11,15:28:22,15:40:17,15:40:30,COMPLETED,30540.0,219.4,715.86,728.67
1178,easy,12,15:27:26,15:39:27,15:40:43,COMPLETED,33544.0,1277.2,721.08,797.42
1161,easy,12,15:27:55,15:39:58,15:40:43,COMPLETED,35375.0,749.0,723.79,768.42
1187,easy,11,15:30:38,15:40:49,15:40:56,COMPLETED,24987.0,110.8,611.76,618.14
1102,easy,12,15:30:25,15:40:37,15:41:15,COMPLETED,34435.0,639.7,612.06,650.14
1164,medium,14,15:06:23,15:19:12,15:42:37,COMPLETED,38382.0,23421.0,769.49,2174.53
1068,medium,13,15:25:29,15:37:13,15:42:37,COMPLETED,33179.0,5397.9,704.94,1028.53
1144,medium,14,15:20:38,15:34:51,15:43:36,COMPLETED,22872.0,8756.6,853.25,1378.22
1183,medium,13,15:32:07,15:42:43,15:43:42,COMPLETED,34086.0,987.8,636.86,695.80
1170,easy,11,15:32:52,15:43:49,15:44:08,COMPLETED,28715.0,327.9,657.26,676.43
1103,medium,14,15:31:06,15:41:02,15:44:21,COMPLETED,29340.0,3321.9,596.47,795.32
1078,medium,14,15:01:05,15:09:16,15:44:27,COMPLETED,33940.0,35198.8,491.36,2602.85
1163,medium,13,15:31:45,15:42:43,15:44:47,COMPLETED,31824.0,2069.7,658.86,782.53
929,hard,15,14:35:19,14:43:42,15:44:54,COMPLETED,33202.0,61193.6,503.93,4175.12
1059,easy,11,15:33:30,15:44:14,15:44:54,COMPLETED,31002.0,663.5,644.97,684.12
1129,easy,11,15:33:51,15:44:27,15:44:54,COMPLETED,31322.0,449.2,636.85,663.12
1080,medium,13,15:26:48,15:38:36,15:45:00,COMPLETED,31874.0,6413.8,708.42,1092.86
1147,easy,11,15:34:19,15:45:00,15:45:07,COMPLETED,20273.0,117.4,641.86,648.31
1027,hard,15,14:44:36,14:51:01,15:45:39,COMPLETED,31429.0,54650.2,385.00,3663.70
1167,hard,15,15:08:42,15:23:37,15:45:46,COMPLETED,29108.0,22146.3,895.81,2224.27
1133,medium,13,15:23:01,15:35:36,15:45:59,COMPLETED,40291.0,10384.0,755.69,1378.34
1119,medium,13,15:34:08,15:44:54,15:46:31,COMPLETED,24036.0,1638.8,646.12,744.00
1079,easy,11,15:36:24,15:45:52,15:46:38,COMPLETED,32023.0,769.3,568.73,614.56
1132,medium,13,15:34:03,15:44:34,15:46:44,COMPLETED,28500.0,2183.4,631.49,761.94
1123,easy,12,15:35:39,15:45:07,15:46:44,COMPLETED,32767.0,1637.3,568.31,665.94
1191,medium,13,15:35:50,15:45:13,15:46:58,COMPLETED,23859.0,1747.3,563.97,668.36
1142,easy,12,15:38:32,15:46:51,15:47:11,COMPLETED,27559.0,333.8,499.64,519.27
1168,easy,11,15:38:05,15:46:51,15:47:17,COMPLETED,32276.0,445.7,526.64,552.81
1093,medium,13,15:10:55,15:26:55,15:47:30,COMPLETED,32711.0,20592.5,960.63,2195.80
1135,easy,12,15:37:09,15:46:38,15:47:43,COMPLETED,33094.0,1098.4,569.56,634.99
1082,medium,13,15:35:23,15:45:00,15:48:10,COMPLETED,31740.0,3163.2,577.86,767.19
1120,easy,12,15:39:11,15:47:17,15:48:10,COMPLETED,33948.0,882.9,486.81,539.19
1111,easy,11,15:39:29,15:47:37,15:48:16,COMPLETED,28000.0,664.2,488.36,527.85
1084,easy,11,15:40:56,15:48:16,15:48:36,COMPLETED,25385.0,335.0,440.85,460.39
1051,medium,13,15:36:22,15:45:46,15:48:43,COMPLETED,34665.0,2952.7,564.27,741.05
1006,hard,15,14:50:44,14:59:13,15:49:08,COMPLETED,31471.0,49921.5,509.37,3504.48
1185,easy,11,15:41:33,15:48:43,15:49:14,COMPLETED,35412.56084867805,535.2,430.05,461.83
1141,easy,12,15:41:56,15:48:49,15:49:14,COMPLETED,31542.0,428.0,413.50,438.83
1171,easy,12,15:39:38,15:48:16,15:49:27,COMPLETED,25622.0,1183.7,518.85,589.59
1065,easy,11,15:43:06,15:49:21,15:49:27,COMPLETED,23510.0,111.6,375.20,381.59
1145,easy,11,15:42:11,15:49:14,15:49:40,COMPLETED,29016.0,434.5,423.83,449.62
1196,medium,13,15:37:17,15:46:44,15:49:53,COMPLETED,30496.0,3143.8,567.94,756.30
1020,medium,14,14:59:46,15:09:03,15:50:12,COMPLETED,34386.0,41147.8,557.65,3026.32
1179,easy,12,15:43:17,15:49:21,15:50:12,COMPLETED,22317.0,856.3,364.20,415.32
1148,easy,12,15:45:38,15:49:33,15:50:12,COMPLETED,24812.0,643.6,235.93,274.32
1177,medium,13,15:43:35,15:49:33,15:50:25,COMPLETED,32652.0,858.9,358.93,410.19
1151,easy,11,15:47:22,15:50:18,15:50:25,COMPLETED,29134.0,113.9,176.67,183.19
1112,easy,12,15:48:36,15:50:31,15:50:44,COMPLETED,22006.0,217.3,115.54,128.24
1194,easy,12,15:48:47,15:50:31,15:50:56,COMPLETED,23280.0,427.9,104.54,129.97
1198,easy,12,15:47:31,15:50:18,15:51:03,COMPLETED,25134.0,748.5,167.67,212.30
1089,easy,12,15:48:50,15:50:50,15:51:03,COMPLETED,29144.0,217.5,120.61,133.30
1096,easy,12,15:48:54,15:51:03,15:51:22,COMPLETED,22130.0,323.4,129.30,148.40
1172,easy,12,15:48:19,15:50:18,15:51:28,COMPLETED,32395.0,1171.7,119.67,189.74
1149,easy,12,15:49:13,15:51:09,15:51:28,COMPLETED,29882.0,323.4,116.69,135.74
1162,easy,11,15:50:00,15:51:35,15:51:41,COMPLETED,18566.0,111.4,95.12,101.50
1192,easy,11,15:50:41,15:51:35,15:51:47,COMPLETED,31903.0,217.0,54.12,66.83
1138,medium,14,15:22:13,15:35:30,15:51:54,COMPLETED,30413.0,16403.4,797.33,1781.21
1087,easy,11,15:50:44,15:51:47,15:51:54,COMPLETED,25891.0,113.5,63.83,70.21
1101,medium,14,15:39:16,15:47:24,15:52:00,COMPLETED,25042.0,4610.3,488.44,764.67
1100,medium,13,15:46:28,15:49:59,15:52:19,COMPLETED,29289.0,2342.9,211.63,351.88
1199,easy,12,15:45:50,15:49:46,15:52:26,COMPLETED,27521.0,2661.0,236.94,396.27
1140,medium,13,15:51:18,15:52:00,15:53:23,COMPLETED,30931.0,1381.4,42.67,125.27
1056,easy,12,15:41:23,15:48:23,15:53:42,COMPLETED,32174.0,5321.9,420.26,739.31
1186,medium,13,15:52:06,15:52:26,15:54:01,COMPLETED,29156.0,1595.8,20.27,115.51
1154,medium,13,15:36:27,15:46:05,15:54:47,COMPLETED,40120.0,8697.8,578.88,1100.22
1073,medium,13,15:24:14,15:36:09,15:55:00,COMPLETED,28453.0,18862.8,715.14,1846.54
1131,easy,12,15:53:36,15:54:08,15:55:00,COMPLETED,22695.0,883.1,32.08,84.54
1054,easy,11,15:53:57,15:54:53,15:55:00,COMPLETED,23313.0,119.7,56.92,63.54
1098,easy,12,15:52:33,15:53:29,15:55:07,COMPLETED,37043.0,1631.8,56.60,154.14
1090,medium,13,15:34:40,15:45:00,15:56:11,COMPLETED,33208.0,11188.3,620.86,1291.90
924,hard,15,14:34:54,14:42:39,15:58:19,COMPLETED,32957.0,75664.1,465.53,5005.22
1071,medium,13,15:56:07,15:58:25,15:59:23,COMPLETED,27527.0,977.8,138.55,196.93
1085,medium,13,15:55:54,15:56:18,15:59:43,COMPLETED,28826.0,3426.4,24.30,229.39
1097,easy,11,15:56:35,15:59:49,16:00:02,COMPLETED,26673.0,217.7,194.94,207.70
908,medium,14,14:15:36,14:21:22,16:00:46,COMPLETED,35299.0,99415.6,346.18,6310.97
1134,easy,11,15:57:00,16:00:53,16:01:05,COMPLETED,29763.0,216.8,233.30,246.00
1146,medium,14,15:54:24,15:55:07,16:01:37,COMPLETED,20485.0,6513.1,43.14,433.71
1136,medium,13,15:55:48,15:55:52,16:01:44,COMPLETED,28907.0,5869.2,4.22,356.04
1139,medium,13,15:57:16,16:01:12,16:02:47,COMPLETED,24861.0,1592.5,236.34,331.54
1053,medium,13,15:56:17,15:59:30,16:02:53,COMPLETED,28612.0,3400.4,193.25,396.93
1175,easy,11,15:58:28,16:02:53,16:03:00,COMPLETED,28111.0,112.8,265.93,272.32
1074,easy,11,15:59:28,16:03:06,16:03:13,COMPLETED,22994.0,110.9,218.72,225.08
1099,medium,14,15:52:21,15:52:32,16:03:19,COMPLETED,33049.0,10784.3,11.66,658.40
1126,easy,11,15:59:51,16:03:19,16:03:25,COMPLETED,24642.0,112.2,208.40,214.79
1267,easy,11,16:00:07,16:03:25,16:03:32,COMPLETED,23497.0,112.1,198.79,205.17
1105,hard,15,15:39:33,15:47:50,16:03:38,COMPLETED,32929.0,15804.8,497.54,1445.54
899,hard,15,13:21:19,13:21:25,16:03:51,COMPLETED,26561.0,162438.7,6.01,9752.27
1158,easy,12,15:58:38,16:03:00,16:04:10,COMPLETED,30964.0,1170.5,262.32,332.26
478,hard,15,11:32:22,11:32:23,16:04:22,COMPLETED,35209.0,271984.5,1.90,16320.95
1312,medium,13,16:00:59,16:03:38,16:04:22,COMPLETED,27346.0,745.1,159.54,203.95
1317,easy,12,16:02:13,16:03:57,16:04:29,COMPLETED,24790.0,534.1,104.60,136.29
1310,easy,11,16:02:30,16:04:29,16:04:48,COMPLETED,23898.0,323.3,119.29,138.35
1268,easy,12,16:03:22,16:04:29,16:04:48,COMPLETED,31344.0,322.9,67.29,86.35
1118,medium,14,15:07:17,15:21:47,16:04:54,COMPLETED,35367.0,43116.9,870.96,3457.73
1346,easy,11,16:04:24,16:04:54,16:05:20,COMPLETED,29122.0,428.3,30.73,56.13
1086,medium,13,15:57:47,16:01:44,16:05:45,COMPLETED,31002.0,4035.6,237.04,478.91
1269,medium,13,16:05:57,16:05:58,16:06:11,COMPLETED,30474.0,226.3,1.72,14.80
1030,medium,14,14:19:57,14:27:37,16:06:37,COMPLETED,33973.0,98999.0,460.96,6400.74
1320,easy,12,16:03:26,16:04:35,16:06:44,COMPLETED,34189.0,2147.9,69.69,198.09
1335,medium,13,16:04:38,16:04:54,16:07:09,COMPLETED,31872.0,2259.1,16.73,151.83
1225,medium,13,16:00:47,16:03:32,16:08:20,COMPLETED,30075.0,4820.0,165.17,453.92
1278,easy,12,16:08:04,16:08:08,16:08:27,COMPLETED,29595.0,331.0,4.05,23.45
1328,easy,12,16:08:31,16:08:33,16:08:53,COMPLETED,24687.0,329.3,2.95,22.24
1159,hard,15,15:00:20,15:09:03,16:10:16,COMPLETED,25158.0,61224.6,523.65,4196.95
1108,medium,14,15:58:02,16:01:50,16:10:23,COMPLETED,26710.0,8557.9,228.42,741.31
1321,easy,11,16:09:59,16:10:04,16:10:23,COMPLETED,29777.0,332.3,5.05,24.31
1313,easy,11,16:11:44,16:11:46,16:11:52,COMPLETED,27764.0,111.7,2.57,8.92
1276,medium,14,16:01:01,16:03:44,16:12:30,COMPLETED,34526.0,8772.1,163.92,689.98
1290,medium,13,16:07:39,16:07:42,16:12:30,COMPLETED,30171.0,4819.5,3.10,291.98
1044,hard,15,14:52:23,15:00:31,16:12:43,COMPLETED,27983.0,72211.0,488.21,4820.69
1319,easy,11,16:12:31,16:12:37,16:12:50,COMPLETED,25354.0,218.6,6.32,19.08
479,hard,15,11:45:13,11:45:15,16:13:02,COMPLETED,31526.0,267796.3,2.06,16069.81
1348,easy,12,16:12:56,16:12:56,16:13:02,COMPLETED,21409.0,111.9,0.46,6.81
1122,medium,14,15:51:24,15:52:00,16:13:28,COMPLETED,32226.0,21460.7,36.67,1324.12
1330,easy,11,16:13:50,16:13:53,16:13:59,COMPLETED,30017.0,112.3,3.47,9.88
1331,medium,13,16:14:38,16:14:38,16:15:09,COMPLETED,28940.0,533.7,0.05,31.76
1339,medium,13,16:14:05,16:14:06,16:15:16,COMPLETED,28012.0,1169.2,1.24,71.11
1210,easy,12,16:15:06,16:15:16,16:15:41,COMPLETED,23960.0,428.4,10.11,35.51
875,hard,15,13:32:14,13:32:19,16:16:07,COMPLETED,28728.0,163795.7,5.38,9833.02
1150,hard,15,15:24:16,15:36:22,16:17:18,COMPLETED,31180.0,40937.5,726.17,3182.15
1246,medium,13,16:15:00,16:15:03,16:17:44,COMPLETED,35047.0,2686.0,3.35,164.04
1216,easy,12,16:16:37,16:17:24,16:17:50,COMPLETED,29347.0,443.4,47.60,73.60
1004,hard,15,14:57:42,15:06:03,16:18:03,COMPLETED,32045.0,72013.6,501.32,4821.88
1209,easy,12,16:17:14,16:17:50,16:18:42,COMPLETED,30671.0,878.4,36.60,88.78
1242,easy,12,16:17:36,16:18:10,16:18:42,COMPLETED,24604.0,548.3,34.46,66.78
1224,medium,13,16:14:04,16:14:06,16:18:49,COMPLETED,25990.0,4731.5,2.24,285.39
1334,medium,13,16:15:33,16:15:35,16:18:56,COMPLETED,30214.0,3361.5,2.15,203.23
1237,medium,13,16:10:38,16:10:42,16:19:02,COMPLETED,31185.0,8342.1,4.80,504.93
1211,easy,11,16:17:28,16:17:57,16:19:02,COMPLETED,35818.0,1102.7,29.26,94.93
1255,easy,11,16:17:42,16:18:49,16:19:02,COMPLETED,29282.0,234.3,67.39,80.93
646,hard,15,12:36:36,12:36:41,16:19:28,COMPLETED,33870.0,222795.7,5.21,13372.88
1297,easy,12,16:19:04,16:19:09,16:20:20,COMPLETED,24044.0,1194.9,5.51,76.70
1260,medium,13,16:19:22,16:19:22,16:21:38,COMPLETED,33218.0,2275.6,0.49,136.55
1262,easy,12,16:19:26,16:19:35,16:21:57,COMPLETED,32943.0,2380.7,9.42,151.76
1244,easy,11,16:19:41,16:21:45,16:21:57,COMPLETED,30990.0,220.3,124.09,136.76
1077,medium,14,15:49:28,15:51:09,16:22:17,COMPLETED,31142.0,31131.3,101.69,1969.41
1206,easy,11,16:21:21,16:22:04,16:22:17,COMPLETED,26466.0,220.8,43.39,56.41
1283,easy,11,16:21:27,16:22:23,16:22:30,COMPLETED,26888.0,111.7,56.75,63.16
1202,easy,12,16:22:14,16:22:36,16:23:27,COMPLETED,32692.0,849.4,22.48,73.10
1238,easy,11,16:22:16,16:23:33,16:23:46,COMPLETED,23127.0,216.3,77.47,90.15
988,hard,15,14:26:17,14:32:55,16:23:58,COMPLETED,33223.0,111055.1,398.67,7061.89
1201,medium,13,16:21:06,16:22:04,16:24:11,COMPLETED,32695.0,2126.4,58.39,185.64
1272,easy,11,16:23:23,16:23:52,16:24:18,COMPLETED,30486.0,432.1,29.48,55.02
1322,easy,11,16:23:32,16:24:05,16:24:18,COMPLETED,26274.0,219.9,33.23,46.02
1188,medium,14,15:51:39,15:52:07,16:24:24,COMPLETED,33699.0,32292.5,28.13,1965.46
1061,medium,14,15:51:10,15:51:54,16:24:30,COMPLETED,36018.0,32614.2,44.21,2000.84
1340,easy,12,16:21:54,16:22:23,16:24:30,COMPLETED,34372.0,2123.3,29.75,156.84
1325,medium,14,16:11:52,16:11:52,16:25:02,COMPLETED,26543.0,13165.2,0.92,790.56
1221,easy,12,16:24:44,16:24:49,16:25:02,COMPLETED,21296.0,216.9,5.89,18.56
1286,easy,11,16:25:13,16:25:15,16:25:40,COMPLETED,37438.0,425.3,2.27,27.47
961,hard,15,14:03:34,14:07:59,16:26:18,COMPLETED,30236.0,138314.1,265.61,8564.32
1271,easy,11,16:26:39,16:26:43,16:26:50,COMPLETED,15615.0,110.8,4.65,11.01
1208,easy,12,16:27:08,16:27:09,16:28:00,COMPLETED,30503.0,868.5,1.01,52.62
1064,medium,14,15:31:23,15:41:21,16:28:13,COMPLETED,33717.0,46872.3,598.48,3410.54
1293,medium,13,16:16:31,16:16:32,16:28:13,COMPLETED,34261.0,11683.0,1.99,702.54
1343,easy,12,16:26:16,16:26:18,16:28:13,COMPLETED,26739.0,1929.2,2.32,117.54
1307,medium,14,16:17:42,16:18:49,16:28:32,COMPLETED,34936.0,9730.6,67.39,650.98
1345,easy,12,16:28:17,16:28:20,16:29:05,COMPLETED,26725.0,759.4,3.12,48.19
1243,easy,12,16:25:47,16:25:53,16:29:24,COMPLETED,32381.0,3535.0,6.11,217.73
1235,medium,14,16:07:21,16:07:22,16:31:00,COMPLETED,31382.0,23637.4,1.83,1419.79
1281,easy,11,16:30:36,16:30:41,16:31:07,COMPLETED,29825.0,430.2,5.69,31.19
1287,easy,11,16:31:00,16:31:00,16:31:19,COMPLETED,25834.0,324.4,0.79,19.95
1338,easy,12,16:31:38,16:31:39,16:32:05,COMPLETED,24707.0,437.9,1.41,27.22
1274,easy,12,16:31:27,16:31:32,16:32:18,COMPLETED,23546.0,764.5,5.77,51.13
1005,hard,15,14:17:19,14:25:22,16:33:03,COMPLETED,32985.0,127687.5,483.62,8144.68
1257,easy,12,16:31:44,16:32:11,16:33:10,COMPLETED,26538.0,984.5,27.77,86.23
1229,easy,12,16:32:08,16:32:24,16:33:16,COMPLETED,29420.0,876.1,16.71,68.91
1314,easy,11,16:32:33,16:33:23,16:33:36,COMPLETED,26495.0,217.2,50.31,63.04
1329,easy,11,16:32:32,16:33:16,16:34:07,COMPLETED,34800.0,851.9,44.91,95.72
1256,easy,11,16:32:54,16:33:42,16:34:14,COMPLETED,30624.0,533.7,48.37,80.05
1336,medium,13,16:32:31,16:33:10,16:34:39,COMPLETED,32082.0,1491.1,39.23,128.40
892,hard,15,13:36:05,13:36:06,16:34:52,COMPLETED,35208.0,178756.5,1.76,10727.10
1241,medium,13,16:31:38,16:31:39,16:34:52,COMPLETED,27861.0,3216.9,1.41,194.10
1305,easy,12,16:34:36,16:34:45,16:35:04,COMPLETED,28513.0,322.9,9.74,28.77
1324,easy,11,16:35:08,16:35:11,16:35:23,COMPLETED,22268.0,218.3,3.14,15.90
1214,easy,11,16:35:29,16:35:30,16:35:36,COMPLETED,25899.0,113.0,1.26,7.68
1298,medium,13,16:12:05,16:12:05,16:36:02,COMPLETED,39365.0,23945.7,0.61,1437.13
1295,medium,13,16:28:50,16:28:52,16:36:02,COMPLETED,24392.0,7169.0,2.26,432.13
1215,easy,11,16:35:46,16:35:49,16:36:08,COMPLETED,23668.0,324.5,3.46,22.47
1264,easy,11,16:35:57,16:36:14,16:36:27,COMPLETED,33505.0,217.2,17.97,30.65
1227,easy,12,16:35:46,16:36:08,16:36:53,COMPLETED,24376.0,749.4,22.47,67.13
1165,hard,15,15:06:50,15:21:28,16:37:05,COMPLETED,37893.0,75625.6,878.43,5415.82
1252,medium,14,16:14:05,16:14:06,16:37:05,COMPLETED,38903.0,22996.1,1.24,1380.82
1291,easy,11,16:36:52,16:37:12,16:37:31,COMPLETED,28210.0,322.0,20.18,39.20
1249,easy,12,16:35:52,16:36:08,16:37:37,COMPLETED,31280.0,1489.1,16.47,105.53
1239,easy,12,16:36:36,16:36:59,16:37:56,COMPLETED,25718.0,956.0,23.47,80.53
1326,easy,11,16:37:37,16:37:37,16:38:09,COMPLETED,28442.0,533.8,0.53,32.16
960,hard,15,14:35:49,14:45:06,16:38:28,COMPLETED,28122.0,113373.6,557.05,7359.36
1232,medium,14,16:29:25,16:29:31,16:38:41,COMPLETED,32159.0,9167.5,6.27,556.02
1213,hard,15,16:10:14,16:10:16,16:39:06,COMPLETED,29441.0,28827.0,2.95,1732.39
1332,medium,14,16:26:32,16:26:37,16:39:12,COMPLETED,25897.0,12593.7,5.30,760.70
1218,easy,12,16:38:41,16:38:41,16:39:12,COMPLETED,22134.0,533.0,0.02,31.70
1316,easy,11,16:38:21,16:38:21,16:39:19,COMPLETED,28195.0,956.9,0.96,58.01
1318,easy,12,16:37:01,16:37:12,16:39:44,COMPLETED,34078.0,2539.2,11.18,163.25
1259,easy,12,16:39:15,16:39:19,16:39:50,COMPLETED,27215.0,531.0,4.01,35.61
999,hard,15,14:28:41,14:34:25,16:40:09,COMPLETED,32206.0,125736.8,344.46,7888.55
765,medium,14,13:15:07,13:15:10,16:41:12,COMPLETED,38101.0,206029.6,3.87,12365.61
1223,easy,12,16:39:44,16:39:44,16:41:25,COMPLETED,29359.0,1687.5,0.25,101.19
1333,easy,12,16:40:28,16:40:28,16:41:37,COMPLETED,28365.0,1158.8,0.51,69.82
1261,easy,11,16:41:51,16:41:56,16:42:03,COMPLETED,24188.0,110.2,5.71,12.05
1270,easy,11,16:42:11,16:42:15,16:42:22,COMPLETED,25337.0,110.2,4.68,11.04
1204,hard,15,16:19:09,16:19:09,16:43:12,COMPLETED,33912.0,24052.7,0.51,1443.51
1311,easy,11,16:43:01,16:43:06,16:43:44,COMPLETED,37025.0,637.7,5.14,43.06
1349,easy,12,16:43:42,16:43:44,16:44:03,COMPLETED,27601.0,329.3,2.06,21.35
1323,easy,12,16:42:07,16:42:09,16:44:16,COMPLETED,28943.0,2123.5,2.35,129.20
1228,medium,14,16:35:33,16:35:36,16:44:22,COMPLETED,31565.0,8777.0,3.68,529.82
1299,easy,11,16:44:25,16:44:29,16:44:35,COMPLETED,18596.0,115.8,4.39,10.98
1217,medium,13,16:40:24,16:40:28,16:44:55,COMPLETED,27145.0,4450.4,4.51,271.14
1327,medium,14,16:19:32,16:20:27,16:45:01,COMPLETED,31995.0,24575.7,55.28,1529.59
1250,easy,11,16:44:55,16:44:55,16:45:20,COMPLETED,27766.0,435.0,0.14,25.81
1275,easy,11,16:45:45,16:45:46,16:45:59,COMPLETED,26451.0,223.3,1.73,14.79
1248,easy,11,16:46:11,16:46:12,16:46:25,COMPLETED,18552.0,218.4,1.49,14.11
1304,easy,11,16:47:00,16:47:03,16:47:09,COMPLETED,24456.0,110.0,3.04,9.36
1337,medium,14,16:27:30,16:27:34,16:48:05,COMPLETED,26138.0,20524.6,4.72,1235.98
1234,hard,15,16:30:30,16:30:35,16:48:05,COMPLETED,28882.0,17515.3,5.30,1055.98
1254,easy,12,16:47:26,16:47:28,16:48:12,COMPLETED,29086.0,738.8,2.22,46.29
872,hard,15,13:35:36,13:35:41,16:48:18,COMPLETED,31988.0,192626.3,5.04,11562.57
1300,medium,13,16:30:23,16:30:28,16:48:56,COMPLETED,31508.0,18462.7,5.69,1113.19
1303,medium,14,16:41:41,16:41:44,16:48:56,COMPLETED,32188.0,7206.4,3.11,435.19
1347,medium,13,16:49:11,16:49:15,16:49:46,COMPLETED,27424.0,527.2,4.07,35.44
1265,easy,11,16:49:58,16:49:58,16:50:05,COMPLETED,19717.0,110.3,0.99,7.30
1308,easy,11,16:49:59,16:50:05,16:50:24,COMPLETED,31357.0,319.0,6.30,25.16
1203,hard,15,16:10:20,16:10:23,16:51:02,COMPLETED,31594.0,40648.4,3.31,2442.03
1273,easy,11,16:50:47,16:50:49,16:51:08,COMPLETED,31461.0,320.6,2.39,21.35
1226,medium,14,16:35:27,16:35:30,16:51:40,COMPLETED,36960.0,16166.2,3.26,973.02
1284,easy,11,16:51:32,16:51:33,16:51:59,COMPLETED,22909.0,434.1,1.68,27.17
1233,easy,12,16:51:58,16:51:59,16:52:12,COMPLETED,25956.0,222.0,1.17,14.08
1025,hard,15,14:13:06,14:16:30,16:52:37,COMPLETED,37807.0,156123.6,204.51,9571.78
883,hard,15,13:58:39,14:03:25,16:52:44,COMPLETED,34474.0,169305.7,286.94,10445.23
1292,easy,12,16:51:16,16:51:20,16:54:51,COMPLETED,35280.0,3511.6,4.95,215.40
1220,medium,14,16:45:54,16:45:59,16:54:57,COMPLETED,26854.0,8968.6,5.79,543.67
1125,hard,15,15:38:54,15:47:04,16:55:42,COMPLETED,35856.0,68626.3,490.91,4608.28
1309,easy,11,16:55:26,16:55:29,16:55:42,COMPLETED,24388.0,224.3,3.25,16.28
1344,medium,14,16:44:15,16:44:16,16:56:01,COMPLETED,26242.0,11761.5,1.20,706.40
1231,easy,12,16:55:30,16:55:35,16:56:14,COMPLETED,21012.0,646.7,5.76,44.22
1247,easy,12,16:56:01,16:56:01,16:56:58,COMPLETED,26623.0,954.2,0.40,57.34
1240,medium,13,16:56:11,16:56:14,16:57:11,COMPLETED,25209.0,951.0,3.22,60.00
1301,hard,15,16:25:37,16:25:40,16:57:29,COMPLETED,27251.0,31828.1,3.47,1912.92
1253,easy,12,16:56:44,16:56:45,16:57:29,COMPLETED,28140.0,741.0,1.77,45.92
1205,easy,11,16:57:24,16:57:29,16:57:48,COMPLETED,27714.0,319.9,5.92,24.84
1341,medium,13,16:57:19,16:57:23,16:58:01,COMPLETED,30117.0,633.5,4.62,42.38
1266,easy,12,16:58:21,16:58:26,16:59:22,COMPLETED,28443.0,944.5,5.43,61.86
1258,easy,11,16:59:27,16:59:29,16:59:41,COMPLETED,24042.0,213.2,2.13,14.71
1052,hard,15,15:54:13,15:55:07,17:00:06,COMPLETED,34412.0,64997.2,54.14,3953.87
1263,easy,11,16:59:53,16:59:54,17:00:06,COMPLETED,26703.0,214.1,1.29,13.87
1315,hard,15,16:42:10,16:42:15,17:00:44,COMPLETED,34089.0,18483.4,5.68,1114.43
914,hard,15,14:47:46,14:54:36,17:01:03,COMPLETED,27348.0,126441.4,410.81,7997.24
1245,medium,14,16:58:34,16:58:39,17:01:34,COMPLETED,30226.0,2928.8,5.01,180.47
1207,medium,13,16:59:42,16:59:47,17:03:15,COMPLETED,30260.0,3458.8,5.99,213.29
1219,medium,14,16:34:14,16:34:20,17:03:53,COMPLETED,30327.0,29553.5,6.42,1779.46
1294,medium,14,16:48:52,16:48:56,17:09:15,COMPLETED,28615.0,20331.4,4.19,1223.88
1342,medium,14,16:29:52,16:29:56,17:10:36,COMPLETED,28145.0,40673.5,4.74,2444.98
953,hard,15,14:04:22,14:09:54,17:10:55,COMPLETED,31580.0,181025.6,332.23,11193.69
1200,hard,15,16:41:22,16:41:25,17:11:08,COMPLETED,38267.0,29720.4,3.19,1786.20
1285,medium,13,16:59:26,16:59:29,17:15:24,COMPLETED,38760.0,15921.0,3.13,958.19
1212,hard,15,16:33:35,16:34:14,17:15:43,COMPLETED,28701.0,41489.9,39.05,2528.14
1236,hard,15,16:19:10,16:19:15,17:26:08,COMPLETED,31265.0,66885.7,5.89,4018.76
1222,hard,15,16:54:36,16:54:38,17:27:17,COMPLETED,35219.0,32656.8,2.48,1961.61
1094,hard,15,15:30:37,15:40:49,17:27:55,COMPLETED,32844.0,107097.8,612.76,7038.52
782,hard,15,13:56:30,13:56:34,17:30:51,COMPLETED,34309.0,214278.7,4.59,12861.25
1050,medium,14,15:56:58,16:00:09,17:33:56,COMPLETED,33460.0,93799.5,191.03,5818.86
992,hard,15,14:11:06,14:15:07,17:34:15,COMPLETED,28220.0,199134.9,241.43,12189.44
1288,hard,15,16:56:14,16:56:14,17:38:11,COMPLETED,29632.0,41962.5,0.22,2517.75
1279,hard,15,16:24:04,16:24:18,17:39:20,COMPLETED,29908.0,75044.5,14.02,4516.54
1174,hard,15,15:54:05,15:55:07,17:42:15,COMPLETED,28601.0,107133.4,62.14,6490.00
1230,medium,14,16:56:56,16:56:58,17:45:07,COMPLETED,40446.0,48158.0,2.34,2891.64
735,hard,15,12:33:37,12:33:38,17:46:09,COMPLETED,29817.0,312515.1,1.59,18752.46
1282,hard,15,16:02:14,16:04:16,17:50:03,COMPLETED,30324.0,105781.2,122.59,6469.35
742,hard,15,12:05:16,12:05:19,17:53:14,COMPLETED,34351.0,347904.2,3.86,20878.05
760,hard,15,13:15:49,13:15:55,17:57:51,COMPLETED,36917.0,281944.8,6.05,16922.71
24,hard,15,08:20:58,08:21:00,18:00:00,UNFINISHED,-1,-1,-1
266,hard,15,09:46:39,09:46:39,18:00:00,UNFINISHED,-1,-1,-1
251,hard,15,09:59:17,09:59:21,18:00:00,UNFINISHED,-1,-1,-1
588,hard,15,11:12:10,11:12:14,18:00:00,UNFINISHED,-1,-1,-1
633,hard,15,12:45:25,12:45:28,18:00:00,UNFINISHED,-1,-1,-1
893,hard,15,13:43:14,13:43:16,18:00:00,UNFINISHED,-1,-1,-1
873,hard,15,13:50:02,13:50:04,18:00:00,UNFINISHED,-1,-1,-1
783,hard,15,13:56:05,13:56:09,18:00:00,UNFINISHED,-1,-1,-1
922,hard,15,14:08:00,14:11:25,18:00:00,UNFINISHED,-1,-1,-1
984,hard,15,14:14:05,14:19:02,18:00:00,UNFINISHED,-1,-1,-1
982,hard,15,14:17:30,14:25:22,18:00:00,UNFINISHED,-1,-1,-1
919,hard,15,14:54:53,15:01:49,18:00:00,UNFINISHED,-1,-1,-1
1067,hard,15,15:01:17,15:11:38,18:00:00,UNFINISHED,-1,-1,-1
1153,hard,15,15:11:25,15:27:14,18:00:00,UNFINISHED,-1,-1,-1
1055,hard,15,15:11:49,15:27:33,18:00:00,UNFINISHED,-1,-1,-1
1092,hard,15,15:28:34,15:40:24,18:00:00,UNFINISHED,-1,-1,-1
1063,hard,15,15:32:41,15:43:42,18:00:00,UNFINISHED,-1,-1,-1
1124,hard,15,15:49:29,15:51:28,18:00:00,UNFINISHED,-1,-1,-1
1152,hard,15,15:52:45,15:53:48,18:00:00,UNFINISHED,-1,-1,-1
1302,hard,15,16:10:46,16:10:49,18:00:00,UNFINISHED,-1,-1,-1
1289,hard,15,16:11:21,16:11:21,18:00:00,UNFINISHED,-1,-1,-1
1251,hard,15,16:16:18,16:16:19,18:00:00,UNFINISHED,-1,-1,-1
1277,hard,15,16:18:43,16:18:56,18:00:00,UNFINISHED,-1,-1,-1
1296,hard,15,16:36:05,16:36:34,18:00:00,UNFINISHED,-1,-1,-1
1306,hard,15,16:45:28,16:45:33,18:00:00,UNFINISHED,-1,-1,-1
1280,hard,15,16:54:58,16:55:03,18:00:00,UNFINISHED,-1,-1,-1
