task_id,difficulty,n,arrival_sim,start_sim,end_sim,status,cost,real_duration_sec,waiting_time_mili_sec,time_in_system_mili_sec
119,easy,12,08:00:38,08:00:42,08:01:31,COMPLETED,31955.0,823.3,4.15,53.54
158,easy,11,08:04:30,08:04:32,08:04:38,COMPLETED,25095.0,101.8,2.68,8.76
159,easy,11,08:04:23,08:04:26,08:05:02,COMPLETED,28054.60814305,605.8,3.59,39.92
55,easy,12,08:05:13,08:05:15,08:05:33,COMPLETED,27269.0,303.1,2.00,20.16
161,easy,11,08:05:45,08:05:45,08:05:57,COMPLETED,25544.0,203.7,0.30,12.44
109,easy,12,08:05:34,08:05:39,08:06:03,COMPLETED,29365.0,406.3,5.21,29.56
39,easy,11,08:06:08,08:06:09,08:06:15,COMPLETED,23017.0,102.2,1.63,7.73
115,easy,12,08:05:55,08:05:57,08:06:27,COMPLETED,26850.0,507.7,2.44,32.83
142,easy,12,08:06:24,08:06:27,08:06:39,COMPLETED,29843.0,203.4,3.83,15.97
2,easy,11,08:07:23,08:07:28,08:07:40,COMPLETED,24960.0,203.4,5.30,17.47
40,medium,13,08:01:46,08:01:49,08:08:16,COMPLETED,31792.0,6454.2,3.63,390.87
49,easy,12,08:07:56,08:07:58,08:08:22,COMPLETED,20884.0,406.0,2.68,26.96
32,easy,12,08:08:17,08:08:22,08:08:35,COMPLETED,26323.0,203.9,5.96,18.16
140,easy,12,08:08:29,08:08:29,08:09:05,COMPLETED,28099.0,608.7,0.07,36.56
54,medium,13,08:06:37,08:06:39,08:09:11,COMPLETED,24196.0,2528.7,2.97,154.63
138,easy,11,08:09:10,08:09:11,08:09:29,COMPLETED,30038.0,306.1,1.63,19.95
68,easy,11,08:09:14,08:09:17,08:09:36,COMPLETED,25257.0,305.4,3.74,22.03
93,medium,13,08:09:21,08:09:23,08:10:42,COMPLETED,28071.0,1316.6,2.85,81.76
165,medium,13,08:01:00,08:01:01,08:12:01,COMPLETED,23541.0,11007.2,1.30,661.72
71,medium,13,08:10:06,08:10:06,08:12:01,COMPLETED,26562.0,1924.4,0.31,115.72
62,easy,11,08:12:12,08:12:13,08:12:32,COMPLETED,29419.0,305.4,1.86,20.14
51,hard,15,08:08:40,08:08:41,08:12:50,COMPLETED,29998.0,4153.0,1.23,250.39
126,easy,12,08:11:34,08:11:37,08:12:50,COMPLETED,30602.0,1217.4,3.41,76.39
72,easy,12,08:13:57,08:13:57,08:14:27,COMPLETED,25665.0,512.7,0.14,30.83
43,medium,13,08:12:38,08:12:38,08:14:40,COMPLETED,30356.0,2033.9,0.22,122.17
84,easy,11,08:14:41,08:14:46,08:14:52,COMPLETED,21264.0,103.7,5.31,11.43
42,easy,12,08:15:32,08:15:35,08:15:53,COMPLETED,30874.0,307.5,3.25,21.59
89,easy,12,08:14:18,08:14:21,08:16:05,COMPLETED,30025.0,1738.8,3.61,107.83
147,easy,12,08:16:03,08:16:05,08:16:36,COMPLETED,28977.0,510.5,2.83,33.34
162,easy,11,08:16:07,08:16:11,08:16:36,COMPLETED,24781.0,408.1,5.00,29.34
83,medium,13,08:14:30,08:14:33,08:17:55,COMPLETED,29204.0,3360.3,3.97,205.55
117,easy,11,08:17:37,08:17:37,08:17:55,COMPLETED,23714.0,306.4,0.25,18.55
154,easy,11,08:17:58,08:18:01,08:18:19,COMPLETED,24794.0,306.2,3.65,21.96
37,easy,12,08:17:21,08:17:25,08:18:26,COMPLETED,22582.0,1017.8,4.04,65.05
88,medium,13,08:16:33,08:16:36,08:19:51,COMPLETED,29523.0,3247.7,3.34,198.15
95,easy,11,08:19:52,08:19:57,08:20:03,COMPLETED,27423.0,103.0,5.24,11.35
69,easy,12,08:20:17,08:20:21,08:20:33,COMPLETED,28486.0,205.0,4.58,16.81
44,easy,12,08:20:19,08:20:21,08:20:52,COMPLETED,25085.0,509.3,2.58,33.06
16,easy,11,08:21:02,08:21:04,08:21:10,COMPLETED,28847.0,104.9,2.29,8.43
157,medium,14,08:12:25,08:12:26,08:21:16,COMPLETED,33726.0,8846.2,1.03,531.63
111,easy,12,08:20:47,08:20:52,08:21:47,COMPLETED,29331.0,927.2,5.06,60.59
22,easy,12,08:21:25,08:21:29,08:21:47,COMPLETED,26306.0,312.2,4.03,22.59
135,medium,14,08:19:08,08:19:08,08:21:53,COMPLETED,29026.0,2757.4,0.57,165.80
96,easy,11,08:22:04,08:22:06,08:22:24,COMPLETED,31556.0,310.3,2.23,20.70
73,medium,13,08:21:48,08:21:53,08:22:30,COMPLETED,29322.0,620.1,5.80,42.88
56,easy,11,08:22:50,08:22:55,08:23:01,COMPLETED,24610.0,107.6,5.40,11.75
114,easy,11,08:22:59,08:23:01,08:23:13,COMPLETED,22760.0,208.1,2.75,15.00
60,medium,13,08:21:12,08:21:16,08:24:15,COMPLETED,31805.0,2988.9,4.63,183.85
1,medium,14,08:21:09,08:21:10,08:24:58,COMPLETED,29814.0,3808.5,1.43,229.85
131,easy,11,08:25:52,08:25:54,08:26:06,COMPLETED,27556.0,207.8,2.17,14.48
124,easy,11,08:25:57,08:26:00,08:26:12,COMPLETED,30185.0,208.6,3.33,15.68
59,easy,11,08:27:25,08:27:26,08:27:38,COMPLETED,28403.0,206.6,1.42,13.67
3,easy,12,08:27:09,08:27:14,08:27:57,COMPLETED,22762.0,718.9,5.02,48.07
79,medium,13,08:23:08,08:23:13,08:28:33,COMPLETED,30854.0,5331.4,6.00,325.74
80,easy,11,08:27:34,08:27:38,08:28:39,COMPLETED,23105.0,1022.7,4.67,65.94
86,easy,11,08:28:28,08:28:33,08:28:58,COMPLETED,33293.0,410.0,5.74,30.26
20,easy,12,08:29:12,08:29:16,08:29:47,COMPLETED,26335.0,514.2,4.61,35.36
12,medium,14,08:07:24,08:07:28,08:30:30,COMPLETED,32091.0,23032.7,4.30,1386.30
121,easy,11,08:29:48,08:29:53,08:30:30,COMPLETED,29261.0,615.5,5.50,42.30
45,easy,12,08:30:54,08:30:54,08:31:25,COMPLETED,29035.0,513.4,0.79,31.49
64,easy,12,08:30:58,08:31:00,08:31:25,COMPLETED,25440.0,410.9,2.96,27.49
152,medium,13,08:28:28,08:28:33,08:31:56,COMPLETED,25022.0,3373.7,5.74,208.08
106,medium,14,08:29:09,08:29:10,08:32:39,COMPLETED,30215.0,3480.2,1.47,210.15
6,medium,14,08:23:56,08:23:57,08:32:51,COMPLETED,30096.0,8908.8,1.18,535.48
47,medium,13,08:29:28,08:29:28,08:32:51,COMPLETED,31123.0,3381.3,0.90,203.48
30,easy,11,08:32:47,08:32:51,08:32:57,COMPLETED,26151.0,108.3,4.48,10.86
0,easy,12,08:32:25,08:32:26,08:33:34,COMPLETED,29785.0,1140.1,1.76,69.99
103,easy,11,08:33:26,08:33:28,08:33:34,COMPLETED,29045.0,108.8,2.59,8.99
31,medium,13,08:31:56,08:31:56,08:34:18,COMPLETED,27851.0,2374.7,0.08,142.47
130,easy,12,08:33:54,08:33:59,08:35:01,COMPLETED,26292.0,1037.2,5.83,67.86
19,easy,11,08:34:19,08:34:24,08:35:01,COMPLETED,32915.0,625.1,5.61,42.86
112,easy,12,08:34:50,08:34:55,08:35:51,COMPLETED,27045.0,942.5,5.54,61.91
27,easy,12,08:35:29,08:35:33,08:35:51,COMPLETED,27258.0,324.5,4.17,22.91
33,easy,12,08:33:25,08:33:28,08:36:04,COMPLETED,21758.0,2605.4,3.59,159.80
168,easy,12,08:35:21,08:35:26,08:36:29,COMPLETED,26951.0,1050.0,5.72,68.42
160,easy,11,08:36:38,08:36:42,08:37:00,COMPLETED,22741.0,315.6,4.11,22.93
105,medium,13,08:34:45,08:34:49,08:37:07,COMPLETED,33762.0,2299.6,4.38,142.18
4,easy,12,08:36:29,08:36:29,08:37:19,COMPLETED,25427.0,838.4,0.42,50.56
118,hard,15,08:29:21,08:29:22,08:38:33,COMPLETED,32019.0,9184.6,1.75,552.69
166,easy,12,08:38:57,08:38:58,08:39:16,COMPLETED,31226.0,309.3,1.49,19.92
169,medium,13,08:35:22,08:35:26,08:40:06,COMPLETED,28859.0,4658.6,4.72,284.23
107,easy,12,08:40:06,08:40:06,08:40:30,COMPLETED,27617.0,413.4,0.23,24.90
134,easy,11,08:40:22,08:40:24,08:40:30,COMPLETED,23987.0,105.9,2.69,8.90
136,medium,14,08:34:06,08:34:06,08:41:01,COMPLETED,34816.0,6928.4,0.03,415.65
53,easy,12,08:39:29,08:39:29,08:41:20,COMPLETED,34183.0,1848.6,0.21,111.07
29,easy,11,08:41:39,08:41:44,08:41:50,COMPLETED,21227.0,105.9,5.65,11.86
46,easy,12,08:40:45,08:40:49,08:42:03,COMPLETED,30307.0,1233.0,4.33,78.19
146,easy,12,08:42:08,08:42:09,08:42:21,COMPLETED,25001.0,207.0,1.34,13.65
110,medium,14,08:37:45,08:37:50,08:43:48,COMPLETED,30312.0,5963.7,5.49,363.03
104,easy,12,08:42:37,08:42:40,08:43:48,COMPLETED,33594.0,1139.1,3.04,71.03
153,medium,14,08:10:11,08:10:12,08:44:06,COMPLETED,40653.0,33912.5,1.42,2035.91
151,medium,13,08:42:49,08:42:52,08:44:32,COMPLETED,32689.0,1665.6,3.34,103.04
75,medium,14,08:23:24,08:23:26,08:44:44,COMPLETED,36216.0,21305.8,2.41,1280.66
23,easy,12,08:44:01,08:44:06,08:44:44,COMPLETED,25044.0,633.4,5.91,43.66
28,easy,12,08:44:01,08:44:06,08:45:22,COMPLETED,28201.0,1256.3,5.91,81.14
50,easy,11,08:43:49,08:43:54,08:45:40,COMPLETED,35152.0,1777.6,5.47,111.90
148,easy,11,08:44:30,08:44:32,08:45:47,COMPLETED,27278.0,1256.0,2.04,77.19
5,easy,12,08:45:53,08:45:53,08:46:30,COMPLETED,28665.0,627.9,0.52,37.96
101,easy,12,08:46:06,08:46:12,08:46:43,COMPLETED,28805.0,525.0,6.24,37.60
145,medium,13,08:44:38,08:44:38,08:46:55,COMPLETED,26115.0,2295.3,0.34,137.93
120,easy,12,08:46:37,08:46:37,08:47:39,COMPLETED,21784.0,1032.7,0.25,62.08
81,hard,15,08:21:21,08:21:22,08:47:51,COMPLETED,33598.0,26476.1,1.90,1590.41
7,hard,15,08:29:31,08:29:35,08:48:22,COMPLETED,29063.0,18788.9,4.06,1131.33
90,easy,11,08:47:12,08:47:14,08:48:28,COMPLETED,28891.0,1237.4,2.39,76.50
26,medium,14,08:02:29,08:02:31,08:48:53,COMPLETED,30537.0,46358.6,2.95,2784.36
122,easy,12,08:48:14,08:48:16,08:48:59,COMPLETED,32952.0,731.0,2.12,45.77
100,easy,11,08:49:24,08:49:24,08:49:37,COMPLETED,29403.0,211.6,0.62,13.21
113,medium,14,08:41:25,08:41:26,08:49:43,COMPLETED,30006.0,8290.3,1.21,498.52
10,easy,12,08:48:51,08:48:53,08:49:49,COMPLETED,25872.0,941.2,2.36,58.72
82,medium,14,08:35:39,08:35:39,08:50:02,COMPLETED,35239.0,14378.9,0.35,863.02
125,easy,12,08:48:29,08:48:34,08:50:45,COMPLETED,28264.0,2176.9,5.67,136.17
67,easy,11,08:50:37,08:50:38,08:50:57,COMPLETED,25616.0,311.6,1.98,20.54
133,medium,14,08:36:37,08:36:42,08:51:03,COMPLETED,31783.0,14361.2,5.11,866.71
11,easy,11,08:50:48,08:50:51,08:51:22,COMPLETED,32350.0,518.6,3.34,34.28
149,easy,11,08:51:17,08:51:22,08:51:28,COMPLETED,27524.0,106.2,5.28,11.49
141,easy,11,08:51:47,08:51:53,08:52:05,COMPLETED,24624.0,208.8,6.09,18.43
77,medium,14,08:49:24,08:49:24,08:52:42,COMPLETED,35424.0,3297.6,0.62,198.45
127,easy,12,08:52:03,08:52:05,08:52:42,COMPLETED,27014.0,619.7,2.43,39.45
150,hard,15,08:07:49,08:07:52,08:53:25,COMPLETED,28322.0,45550.8,3.58,2736.62
137,easy,11,08:53:33,08:53:37,08:53:50,COMPLETED,26340.0,208.8,4.97,17.36
163,easy,11,08:54:11,08:54:15,08:54:21,COMPLETED,25310.0,106.9,4.05,10.27
78,medium,13,08:50:06,08:50:08,08:55:17,COMPLETED,37642.0,5156.8,2.18,311.26
52,easy,11,08:55:35,08:55:36,08:55:42,COMPLETED,26661.0,108.3,1.30,7.52
57,easy,11,08:55:14,08:55:17,08:55:48,COMPLETED,26558.0,530.7,3.26,34.84
48,medium,14,08:53:26,08:53:31,08:56:14,COMPLETED,28929.0,2710.0,5.78,168.01
87,easy,12,08:57:00,08:57:04,08:57:17,COMPLETED,24035.0,219.8,4.53,17.34
74,easy,11,08:57:04,08:57:04,08:57:17,COMPLETED,25880.0,218.3,0.53,13.34
18,easy,12,08:57:16,08:57:17,08:57:42,COMPLETED,31950.0,428.7,1.34,26.77
102,medium,14,08:44:26,08:44:32,08:57:49,COMPLETED,34081.0,13285.9,6.04,803.10
108,medium,13,08:56:20,08:56:20,08:57:55,COMPLETED,27200.0,1585.1,0.48,95.31
34,medium,14,08:56:09,08:56:14,08:58:45,COMPLETED,24611.0,2531.9,5.01,156.77
92,medium,14,08:47:26,08:47:26,08:59:04,COMPLETED,31525.0,11633.2,0.73,698.55
14,medium,13,08:55:57,08:56:01,08:59:29,COMPLETED,30724.0,3475.7,4.42,212.73
139,easy,12,08:59:28,08:59:29,08:59:42,COMPLETED,27744.0,212.7,1.73,14.21
17,medium,13,08:54:18,08:54:21,09:00:01,COMPLETED,28492.0,5666.6,3.27,343.03
288,easy,11,09:00:10,09:00:13,09:00:20,COMPLETED,23901.0,110.9,3.67,10.04
116,medium,13,08:59:51,08:59:54,09:00:45,COMPLETED,29098.0,845.9,3.81,54.16
123,medium,13,08:59:18,08:59:23,09:00:57,COMPLETED,23507.0,1575.7,5.45,99.82
278,easy,12,09:01:16,09:01:16,09:02:12,COMPLETED,29614.0,937.4,0.44,56.50
328,easy,12,09:02:24,09:02:24,09:02:43,COMPLETED,28559.0,316.0,0.96,19.71
297,easy,12,09:02:29,09:02:31,09:03:39,COMPLETED,27611.0,1147.0,2.22,70.78
247,easy,12,09:03:00,09:03:02,09:04:48,COMPLETED,27674.0,1775.1,2.38,108.69
313,easy,11,09:04:51,09:04:54,09:05:01,COMPLETED,28691.0,108.0,3.95,10.22
300,easy,12,09:03:36,09:03:39,09:05:44,COMPLETED,34256.0,2091.6,3.78,128.87
38,medium,13,08:56:58,08:56:58,09:05:57,COMPLETED,42024.0,8996.1,0.12,539.75
266,easy,12,09:05:30,09:05:32,09:06:03,COMPLETED,26201.0,530.5,2.36,33.99
198,easy,11,09:06:34,09:06:35,09:06:48,COMPLETED,18564.0,220.9,1.73,14.73
246,medium,13,09:02:34,09:02:37,09:07:07,COMPLETED,26634.0,4511.0,3.47,273.80
296,easy,11,09:07:11,09:07:14,09:07:27,COMPLETED,28856.0,222.5,3.26,16.11
234,medium,13,09:06:21,09:06:22,09:08:05,COMPLETED,29134.0,1707.7,1.77,104.01
174,medium,13,09:04:00,09:04:04,09:08:11,COMPLETED,29340.0,4113.6,4.80,251.40
222,easy,11,09:08:03,09:08:05,09:08:17,COMPLETED,30646.0,217.7,2.01,14.70
322,easy,12,09:08:04,09:08:05,09:08:24,COMPLETED,25410.0,321.5,1.01,20.12
24,hard,15,08:15:00,08:15:04,09:08:36,COMPLETED,38007.0,53537.3,4.67,3216.86
217,easy,11,09:08:28,09:08:30,09:08:36,COMPLETED,28598.0,114.8,2.38,8.86
274,easy,12,09:08:40,09:08:43,09:08:56,COMPLETED,29356.0,216.7,3.31,16.06
98,medium,14,08:30:09,08:30:11,09:09:21,COMPLETED,30700.0,39155.6,2.89,2352.18
273,medium,14,09:07:26,09:07:27,09:09:52,COMPLETED,35503.0,2435.2,1.11,146.88
269,easy,12,09:09:22,09:09:27,09:09:52,COMPLETED,30440.0,430.8,5.42,30.88
244,medium,14,09:07:49,09:07:52,09:10:11,COMPLETED,26775.0,2330.3,3.41,142.88
263,easy,11,09:10:24,09:10:24,09:10:37,COMPLETED,26033.0,219.1,0.60,13.40
155,hard,15,08:38:47,08:38:52,09:10:43,COMPLETED,32665.0,31859.1,5.29,1916.79
91,medium,14,08:58:20,08:58:20,09:10:43,COMPLETED,33170.0,12390.7,0.49,743.79
36,medium,13,08:52:16,08:52:17,09:11:15,COMPLETED,36489.0,18961.8,1.79,1139.33
233,easy,12,09:10:50,09:10:50,09:11:15,COMPLETED,32890.0,427.7,0.02,25.33
156,hard,15,08:21:09,08:21:10,09:11:53,COMPLETED,32094.0,50719.3,1.43,3044.51
179,easy,12,09:11:27,09:11:28,09:11:53,COMPLETED,27921.0,429.9,1.07,26.51
298,easy,12,09:11:33,09:11:34,09:12:24,COMPLETED,26910.0,841.7,1.55,51.86
143,hard,15,08:43:43,08:43:48,09:13:02,COMPLETED,30403.0,29241.5,5.03,1759.42
264,easy,11,09:13:02,09:13:02,09:13:08,COMPLETED,23865.0,110.3,0.42,6.72
262,easy,12,09:13:08,09:13:08,09:14:05,COMPLETED,23812.0,945.2,0.72,57.25
201,easy,11,09:12:54,09:12:56,09:14:11,COMPLETED,33879.0,1261.1,2.06,77.51
223,easy,12,09:11:57,09:11:59,09:14:24,COMPLETED,31697.0,2404.6,2.91,147.04
267,easy,12,09:13:31,09:13:33,09:14:49,COMPLETED,30070.0,1256.1,2.94,78.08
326,easy,12,09:14:25,09:14:30,09:15:07,COMPLETED,33822.0,628.9,5.29,42.80
312,medium,14,09:12:30,09:12:31,09:15:26,COMPLETED,32661.0,2928.1,1.09,176.57
285,easy,11,09:15:16,09:15:20,09:15:51,COMPLETED,27098.0,525.1,4.29,35.52
276,easy,12,09:15:57,09:15:57,09:16:04,COMPLETED,25960.0,109.2,0.82,7.12
97,hard,15,08:15:52,08:15:53,09:16:47,COMPLETED,33610.0,60905.8,1.59,3655.81
277,easy,11,09:16:06,09:16:10,09:16:47,COMPLETED,30663.0,631.5,4.40,41.81
303,easy,12,09:16:43,09:16:47,09:17:06,COMPLETED,23884.0,321.5,4.81,23.85
190,easy,11,09:17:50,09:17:50,09:18:02,COMPLETED,31870.0,212.0,0.49,12.99
213,medium,14,09:13:07,09:13:08,09:18:21,COMPLETED,32400.0,5219.3,1.72,314.66
237,easy,11,09:18:28,09:18:34,09:18:52,COMPLETED,19825.0,316.1,6.13,24.88
336,easy,12,09:18:33,09:18:34,09:18:52,COMPLETED,27552.0,315.7,1.13,19.88
290,medium,14,09:04:23,09:04:23,09:19:05,COMPLETED,30508.0,14698.6,0.62,882.39
329,medium,13,09:13:23,09:13:27,09:19:11,COMPLETED,41929.0,5736.5,4.62,348.62
282,medium,14,09:12:55,09:12:56,09:19:17,COMPLETED,29114.0,6366.6,1.06,382.85
175,easy,11,09:19:16,09:19:17,09:19:30,COMPLETED,20884.0,212.8,1.85,14.40
321,easy,12,09:19:34,09:19:36,09:19:55,COMPLETED,26380.0,314.8,2.65,21.33
15,hard,15,08:42:52,08:42:52,09:20:13,COMPLETED,32198.0,37360.9,0.34,2241.98
21,hard,15,08:56:07,08:56:07,09:22:18,COMPLETED,37479.0,26179.5,0.79,1571.41
254,easy,12,09:22:13,09:22:18,09:22:43,COMPLETED,26831.0,425.1,5.41,30.69
181,easy,11,09:22:26,09:22:30,09:22:43,COMPLETED,28244.0,216.6,4.92,17.69
261,easy,12,09:21:45,09:21:47,09:23:15,COMPLETED,29764.0,1474.4,2.22,90.35
177,easy,12,09:22:55,09:22:56,09:23:34,COMPLETED,27783.0,640.5,1.22,39.45
311,easy,12,09:22:36,09:22:37,09:23:40,COMPLETED,30047.0,1064.5,1.40,64.68
199,medium,14,09:03:33,09:03:33,09:23:53,COMPLETED,36044.0,20339.6,0.48,1220.68
191,medium,14,09:23:38,09:23:40,09:24:37,COMPLETED,24956.0,954.5,2.68,59.69
308,medium,13,09:19:22,09:19:24,09:25:08,COMPLETED,25158.0,5747.9,2.14,346.82
94,hard,15,08:22:50,08:22:55,09:25:27,COMPLETED,33003.0,62534.0,5.40,3757.46
304,easy,11,09:25:53,09:25:58,09:26:04,COMPLETED,23432.0,107.6,5.64,11.90
231,easy,12,09:25:22,09:25:27,09:26:17,COMPLETED,28317.0,834.6,5.46,55.33
252,medium,14,09:21:59,09:21:59,09:26:29,COMPLETED,37067.0,4506.4,0.70,270.77
250,medium,14,09:11:52,09:11:53,09:26:36,COMPLETED,32026.0,14712.9,1.51,884.12
310,easy,11,09:27:56,09:27:56,09:28:03,COMPLETED,19322.0,108.1,0.99,7.25
257,medium,14,09:06:20,09:06:22,09:28:09,COMPLETED,33285.0,21781.1,2.77,1309.50
292,easy,12,09:27:14,09:27:19,09:28:28,COMPLETED,25216.0,1146.3,5.57,74.13
132,hard,15,08:10:39,08:10:42,09:28:59,COMPLETED,34072.0,78277.4,3.76,4700.39
294,easy,11,09:28:49,09:28:53,09:28:59,COMPLETED,23079.0,108.1,4.12,10.39
324,easy,11,09:28:44,09:28:46,09:29:11,COMPLETED,21938.0,420.9,2.85,27.90
251,easy,11,09:29:00,09:29:05,09:29:11,COMPLETED,28502.0,108.1,5.62,11.90
192,medium,13,09:23:38,09:23:40,09:29:42,COMPLETED,26524.0,6038.8,2.68,364.92
332,easy,11,09:29:44,09:29:49,09:30:01,COMPLETED,27963.0,212.2,5.14,17.62
291,easy,12,09:28:33,09:28:34,09:30:14,COMPLETED,31737.0,1668.2,1.39,101.26
196,easy,11,09:30:19,09:30:20,09:30:33,COMPLETED,28347.0,217.2,1.51,14.24
281,hard,15,09:01:55,09:01:59,09:31:17,COMPLETED,35615.0,29293.0,4.97,1762.36
253,easy,11,09:30:52,09:30:52,09:31:23,COMPLETED,28551.0,532.5,0.10,31.74
65,hard,15,08:55:04,08:55:04,09:31:30,COMPLETED,31759.0,36425.1,0.76,2186.10
197,easy,11,09:31:57,09:32:01,09:32:20,COMPLETED,25084.0,322.6,4.52,23.69
187,medium,13,09:30:08,09:30:14,09:32:26,COMPLETED,28332.0,2215.4,6.26,138.91
66,hard,15,08:46:03,08:46:05,09:32:39,COMPLETED,35073.0,46560.2,3.00,2796.51
338,easy,11,09:32:30,09:32:33,09:33:23,COMPLETED,28596.0,849.2,3.25,53.90
70,hard,15,08:51:05,08:51:09,09:34:20,COMPLETED,32127.0,43181.2,4.90,2595.56
180,easy,12,09:35:12,09:35:17,09:35:24,COMPLETED,23812.0,118.6,5.82,12.40
305,easy,11,09:35:21,09:35:24,09:35:30,COMPLETED,20742.0,112.0,3.40,9.99
301,medium,13,09:31:30,09:31:30,09:36:46,COMPLETED,36436.0,5284.3,0.10,316.95
327,easy,11,09:36:42,09:36:46,09:36:59,COMPLETED,31798.0,212.9,4.95,17.50
211,easy,12,09:35:19,09:35:24,09:37:30,COMPLETED,26138.0,2110.6,5.40,131.83
76,hard,15,08:17:13,08:17:18,09:37:49,COMPLETED,30581.0,80511.1,5.93,4836.57
241,medium,13,09:34:31,09:34:33,09:38:02,COMPLETED,33568.0,3481.1,2.40,211.08
235,medium,13,09:32:45,09:32:45,09:38:08,COMPLETED,27619.0,5377.1,0.88,323.33
221,medium,13,09:10:53,09:10:56,09:38:45,COMPLETED,33572.0,27827.1,3.45,1672.95
330,medium,14,09:27:05,09:27:07,09:38:45,COMPLETED,30814.0,11649.7,2.14,700.95
189,easy,11,09:38:36,09:38:39,09:38:45,COMPLETED,23982.0,110.1,3.61,9.95
242,easy,11,09:38:36,09:38:39,09:38:45,COMPLETED,17246.0,109.6,3.61,9.95
204,easy,12,09:32:59,09:33:04,09:38:52,COMPLETED,40421.0,5791.4,5.98,353.25
323,easy,12,09:38:51,09:38:52,09:39:17,COMPLETED,32146.0,421.6,1.25,26.28
331,easy,12,09:40:14,09:40:19,09:40:26,COMPLETED,23953.0,109.7,5.79,12.12
212,medium,14,09:39:01,09:39:04,09:41:10,COMPLETED,33119.0,2092.4,3.77,129.10
280,easy,11,09:41:11,09:41:16,09:41:22,COMPLETED,24295.0,118.0,5.36,11.96
337,medium,13,09:37:07,09:37:12,09:41:55,COMPLETED,28095.0,4725.8,5.05,288.40
194,medium,13,09:29:59,09:30:01,09:43:12,COMPLETED,28157.0,13179.8,2.62,793.07
271,easy,12,09:42:41,09:42:46,09:43:25,COMPLETED,26196.0,652.1,5.53,44.09
99,hard,15,08:53:35,08:53:37,09:43:38,COMPLETED,31189.0,50001.3,2.97,3003.00
178,easy,11,09:43:16,09:43:18,09:43:57,COMPLETED,29627.0,650.8,2.70,41.22
315,easy,11,09:43:25,09:43:25,09:44:03,COMPLETED,27185.0,650.1,0.09,38.82
318,easy,11,09:43:55,09:43:57,09:44:03,COMPLETED,22821.0,115.0,2.22,8.82
259,medium,14,09:33:09,09:33:11,09:44:16,COMPLETED,31498.0,11091.7,2.26,667.57
270,easy,12,09:41:27,09:41:29,09:44:29,COMPLETED,32191.0,3005.0,2.49,182.32
302,medium,13,09:43:18,09:43:18,09:44:35,COMPLETED,27721.0,1289.2,0.70,77.87
284,easy,12,09:44:29,09:44:29,09:44:54,COMPLETED,33156.0,433.3,0.32,25.93
249,easy,12,09:45:06,09:45:07,09:45:26,COMPLETED,24532.0,327.2,1.88,20.96
306,medium,13,09:40:28,09:40:32,09:45:33,COMPLETED,32709.0,5027.7,4.39,305.58
295,easy,11,09:45:56,09:45:58,09:46:11,COMPLETED,29654.0,222.2,2.89,15.99
227,medium,13,09:45:26,09:45:26,09:46:57,COMPLETED,29230.0,1506.9,0.96,91.08
256,easy,12,09:46:36,09:46:37,09:46:57,COMPLETED,27792.0,333.4,1.52,21.08
286,easy,11,09:46:46,09:46:50,09:46:57,COMPLETED,29835.0,119.9,4.35,11.08
333,easy,12,09:46:46,09:46:50,09:47:03,COMPLETED,20148.0,225.1,4.35,17.61
215,medium,13,09:38:32,09:38:33,09:47:16,COMPLETED,27791.0,8729.2,1.32,524.59
314,easy,11,09:47:05,09:47:10,09:47:16,COMPLETED,17950.0,118.9,5.04,11.59
299,hard,15,09:02:04,09:02:06,09:47:42,COMPLETED,34252.0,45598.7,2.25,2738.04
226,hard,15,09:11:55,09:11:59,09:47:48,COMPLETED,34775.0,35810.1,4.91,2153.37
320,medium,14,09:33:07,09:33:11,09:48:32,COMPLETED,25068.0,15353.5,4.26,925.30
232,easy,12,09:48:46,09:48:51,09:49:22,COMPLETED,28695.0,530.0,5.19,36.69
287,easy,11,09:49:06,09:49:10,09:49:22,COMPLETED,28948.0,216.7,4.00,16.69
236,medium,14,09:32:12,09:32:14,09:49:47,COMPLETED,28149.0,17563.3,2.24,1055.89
243,hard,15,09:41:20,09:41:22,09:50:19,COMPLETED,31371.0,8942.4,2.96,539.32
309,medium,13,09:47:42,09:47:42,09:50:56,COMPLETED,28492.0,3252.7,0.04,194.98
275,medium,13,09:48:12,09:48:13,09:51:09,COMPLETED,33628.0,2939.3,1.44,177.58
173,easy,12,09:49:57,09:50:00,09:51:09,COMPLETED,36426.0,1155.2,3.52,72.58
202,medium,14,09:37:04,09:37:05,09:51:28,COMPLETED,35806.0,14380.0,1.75,864.37
176,hard,15,09:01:21,09:01:22,09:51:59,COMPLETED,28700.0,50618.6,1.67,3038.68
13,hard,15,08:36:35,08:36:35,09:52:18,COMPLETED,31105.0,75712.3,0.79,4543.50
214,medium,14,09:06:45,09:06:48,09:52:37,COMPLETED,35826.0,45813.0,3.73,2752.33
193,hard,15,09:31:11,09:31:11,09:52:37,COMPLETED,31672.0,21441.8,0.03,1286.33
279,easy,11,09:52:31,09:52:31,09:52:37,COMPLETED,26404.0,110.1,0.04,6.33
230,easy,11,09:52:37,09:52:37,09:52:49,COMPLETED,30699.0,213.3,0.33,12.91
317,easy,11,09:52:37,09:52:37,09:52:49,COMPLETED,27971.0,213.1,0.33,12.91
183,medium,14,09:48:40,09:48:44,09:53:02,COMPLETED,29426.0,4295.6,4.88,262.41
228,medium,13,09:45:23,09:45:26,09:53:21,COMPLETED,35224.0,7919.1,3.96,478.72
170,easy,11,09:53:11,09:53:14,09:53:28,COMPLETED,23509.0,228.2,3.92,17.27
186,easy,12,09:50:57,09:51:03,09:53:47,COMPLETED,35692.0,2742.3,6.25,170.44
229,easy,11,09:54:50,09:54:50,09:54:57,COMPLETED,24576.0,114.5,0.53,7.04
195,medium,14,09:39:15,09:39:17,09:55:03,COMPLETED,28850.0,15773.6,2.28,948.44
206,easy,11,09:55:20,09:55:22,09:55:35,COMPLETED,25236.0,220.9,2.64,15.53
205,medium,14,09:20:22,09:20:26,09:55:41,COMPLETED,38879.0,35260.0,4.46,2119.95
319,hard,15,09:35:47,09:35:50,09:56:19,COMPLETED,33200.0,20490.8,3.00,1232.32
185,easy,12,09:56:40,09:56:44,09:57:28,COMPLETED,27578.0,739.0,4.27,48.26
316,easy,12,09:56:40,09:56:44,09:57:28,COMPLETED,26493.0,739.0,4.27,48.26
339,easy,11,09:56:55,09:56:56,09:57:34,COMPLETED,32992.0,639.1,1.86,39.70
248,easy,12,09:57:31,09:57:34,09:57:53,COMPLETED,29835.0,324.7,3.70,22.97
240,medium,13,09:56:45,09:56:50,09:58:00,COMPLETED,30045.0,1167.0,5.57,75.22
272,easy,11,09:58:18,09:58:19,09:58:25,COMPLETED,23140.0,114.0,1.44,7.90
268,easy,11,09:58:10,09:58:12,09:58:38,COMPLETED,25202.0,433.7,2.97,28.73
41,hard,15,08:54:06,08:54:08,09:58:57,COMPLETED,31552.0,64813.0,2.83,3891.54
245,easy,12,09:59:22,09:59:22,09:59:47,COMPLETED,34794.0,420.9,0.54,25.55
164,hard,15,08:43:40,08:43:41,10:00:43,COMPLETED,31512.0,77035.1,1.63,4623.67
375,easy,11,10:00:19,10:00:24,10:00:43,COMPLETED,32483.0,316.2,5.96,24.67
431,easy,11,10:00:42,10:00:43,10:00:49,COMPLETED,30949.0,108.3,1.67,7.96
480,easy,11,10:01:15,10:01:21,10:01:33,COMPLETED,25641.0,212.1,6.08,18.59
188,hard,15,09:18:58,09:18:59,10:02:29,COMPLETED,37589.0,43513.2,1.13,2611.82
506,easy,11,10:02:14,10:02:17,10:02:36,COMPLETED,31044.0,316.0,3.32,22.06
289,hard,15,09:35:46,09:35:50,10:03:07,COMPLETED,30686.0,27289.0,4.00,1641.23
417,easy,11,10:02:55,10:03:00,10:03:07,COMPLETED,23563.0,108.3,5.96,12.23
443,medium,14,10:01:32,10:01:33,10:03:32,COMPLETED,30570.0,1980.3,1.59,120.21
373,easy,12,10:03:10,10:03:13,10:03:32,COMPLETED,31410.0,316.0,3.48,22.21
445,easy,12,10:03:11,10:03:13,10:03:32,COMPLETED,26782.0,315.5,2.48,21.21
258,easy,12,09:53:13,09:53:14,10:04:09,COMPLETED,30697.0,10918.6,1.92,656.79
479,medium,13,10:01:15,10:01:21,10:04:35,COMPLETED,32814.0,3241.6,6.08,200.35
482,easy,11,10:04:26,10:04:28,10:04:35,COMPLETED,20806.0,111.9,2.89,9.35
436,easy,11,10:04:42,10:04:48,10:04:54,COMPLETED,30504.0,113.3,6.05,12.52
358,easy,12,10:04:38,10:04:41,10:06:16,COMPLETED,37151.0,1590.7,3.63,98.73
396,easy,11,10:06:35,10:06:35,10:06:48,COMPLETED,29034.0,218.0,0.99,13.72
216,medium,14,09:39:22,09:39:23,10:07:01,COMPLETED,31473.0,27636.6,1.58,1659.60
224,hard,15,09:46:04,09:46:05,10:07:01,COMPLETED,36988.0,20940.0,1.40,1257.60
218,hard,15,09:00:41,09:00:45,10:07:20,COMPLETED,30002.0,66591.2,4.16,3999.54
413,easy,11,10:07:14,10:07:14,10:07:20,COMPLETED,25267.0,108.9,0.28,6.54
486,easy,12,10:07:48,10:07:52,10:08:17,COMPLETED,21406.0,419.1,4.12,29.05
403,easy,11,10:08:23,10:08:23,10:08:29,COMPLETED,24250.0,108.7,0.29,6.56
382,medium,13,10:05:49,10:05:51,10:08:35,COMPLETED,29032.0,2743.1,2.44,166.83
172,hard,15,09:41:33,09:41:36,10:09:13,COMPLETED,27774.0,27629.0,3.06,1660.59
85,hard,15,08:52:56,08:53:00,10:09:39,COMPLETED,27642.0,76637.1,4.96,4603.13
446,easy,12,10:09:21,10:09:26,10:09:45,COMPLETED,28364.0,323.1,5.33,24.42
359,easy,11,10:09:55,10:09:58,10:10:04,COMPLETED,28290.0,108.6,3.06,9.36
208,hard,15,09:41:15,09:41:16,10:10:29,COMPLETED,31858.0,29218.3,1.36,1754.27
474,easy,12,10:09:40,10:09:45,10:10:35,COMPLETED,28164.0,843.6,5.42,55.80
394,easy,12,10:10:37,10:10:42,10:11:00,COMPLETED,29337.0,317.9,5.08,23.89
469,easy,11,10:10:45,10:10:48,10:11:00,COMPLETED,22502.0,213.3,3.38,15.89
466,medium,14,10:06:41,10:06:42,10:12:09,COMPLETED,32531.0,5459.1,1.44,328.81
459,medium,13,10:11:55,10:11:57,10:13:18,COMPLETED,25219.0,1362.7,2.24,83.81
61,hard,15,08:23:57,08:23:57,10:13:25,COMPLETED,41001.0,109464.7,0.18,6568.08
426,medium,13,10:12:29,10:12:34,10:13:31,COMPLETED,28539.0,948.0,5.83,62.47
478,medium,13,10:11:40,10:11:44,10:13:44,COMPLETED,31440.0,1993.0,4.69,124.08
473,medium,13,10:12:42,10:12:47,10:14:02,COMPLETED,26940.0,1263.5,5.36,80.87
509,medium,13,10:13:00,10:13:06,10:14:21,COMPLETED,27007.0,1264.5,6.18,81.79
348,medium,13,10:07:17,10:07:20,10:14:28,COMPLETED,32411.0,7129.7,3.54,431.10
423,easy,12,10:13:20,10:13:25,10:14:28,COMPLETED,32885.0,1055.4,5.08,68.10
485,easy,12,10:14:01,10:14:02,10:14:59,COMPLETED,22235.0,955.7,1.87,58.98
345,medium,13,10:10:25,10:10:29,10:15:06,COMPLETED,31378.0,4622.5,4.27,281.24
493,medium,14,10:01:37,10:01:39,10:15:12,COMPLETED,31289.0,13556.0,2.88,815.76
378,easy,12,10:09:51,10:09:51,10:15:12,COMPLETED,38208.0,5359.5,0.75,321.76
372,easy,12,10:14:30,10:14:34,10:15:25,COMPLETED,23087.0,860.7,4.46,55.85
400,easy,12,10:15:10,10:15:12,10:15:38,COMPLETED,29046.0,428.4,2.76,28.37
500,medium,14,10:08:53,10:08:54,10:16:54,COMPLETED,35610.0,8006.6,1.74,481.68
379,easy,12,10:15:41,10:15:44,10:16:54,COMPLETED,31908.0,1177.2,3.61,73.68
209,hard,15,09:06:37,09:06:42,10:17:01,COMPLETED,27291.0,70318.5,5.18,4224.30
385,medium,13,10:15:09,10:15:12,10:17:07,COMPLETED,32719.0,1922.0,3.76,118.61
354,easy,11,10:16:52,10:16:54,10:17:07,COMPLETED,23869.0,224.0,2.68,15.61
367,easy,11,10:16:52,10:16:54,10:17:07,COMPLETED,31486.0,223.1,2.68,15.61
414,easy,12,10:17:03,10:17:07,10:17:26,COMPLETED,25948.0,329.9,4.61,23.94
357,easy,12,10:17:14,10:17:14,10:17:33,COMPLETED,28883.0,328.9,0.21,19.47
476,easy,11,10:17:24,10:17:26,10:17:40,COMPLETED,29395.0,223.7,2.94,16.01
452,easy,12,10:18:12,10:18:18,10:18:50,COMPLETED,31536.0,538.3,6.17,38.23
472,medium,13,10:16:25,10:16:29,10:19:28,COMPLETED,36626.0,2989.3,4.18,183.33
481,easy,11,10:20:02,10:20:06,10:20:19,COMPLETED,25744.0,221.7,4.45,17.24
504,easy,11,10:20:15,10:20:19,10:20:25,COMPLETED,26593.0,113.9,4.24,10.81
433,medium,13,10:19:52,10:19:53,10:20:57,COMPLETED,26552.0,1068.8,1.56,65.44
399,medium,13,10:11:14,10:11:19,10:21:47,COMPLETED,26250.0,10470.2,5.66,633.59
442,medium,13,10:18:04,10:18:05,10:22:00,COMPLETED,29034.0,3919.3,1.34,236.24
499,easy,11,10:21:44,10:21:47,10:22:00,COMPLETED,22309.0,215.2,3.59,16.24
429,easy,11,10:21:58,10:22:00,10:22:19,COMPLETED,33156.0,318.9,2.24,21.13
422,easy,11,10:22:33,10:22:37,10:22:44,COMPLETED,21760.0,109.2,4.97,11.27
468,medium,13,10:21:05,10:21:09,10:22:50,COMPLETED,27697.0,1680.9,4.97,105.54
203,medium,14,09:54:03,09:54:06,10:23:47,COMPLETED,28144.0,29682.6,3.37,1784.18
484,medium,13,10:17:47,10:17:52,10:23:59,COMPLETED,37121.0,6121.3,5.65,372.71
344,hard,15,10:10:59,10:11:00,10:24:12,COMPLETED,33029.0,13192.6,1.89,793.23
447,medium,13,10:21:42,10:21:47,10:24:56,COMPLETED,28195.0,3147.4,5.59,194.18
325,hard,15,09:38:19,09:38:20,10:25:21,COMPLETED,31753.0,47010.4,1.81,2822.33
475,easy,12,10:25:43,10:25:46,10:26:24,COMPLETED,27308.0,637.2,3.42,41.41
351,easy,11,10:26:27,10:26:30,10:26:43,COMPLETED,25598.0,215.0,3.69,16.31
401,medium,14,10:11:40,10:11:44,10:27:14,COMPLETED,29605.0,15506.4,4.69,934.86
483,easy,12,10:26:46,10:26:49,10:27:27,COMPLETED,29606.0,636.5,3.61,41.50
390,medium,14,10:04:07,10:04:09,10:27:59,COMPLETED,34124.0,23824.1,2.79,1432.09
503,easy,12,10:27:43,10:27:46,10:28:30,COMPLETED,31752.0,738.6,3.43,47.49
184,hard,15,09:53:11,09:53:14,10:28:36,COMPLETED,33918.0,35364.7,3.92,2125.77
467,medium,13,10:26:05,10:26:05,10:28:49,COMPLETED,28541.0,2735.6,0.38,164.29
384,medium,13,10:26:51,10:26:55,10:28:49,COMPLETED,34156.0,1892.9,4.97,118.29
370,easy,11,10:28:50,10:28:55,10:29:01,COMPLETED,27738.0,108.8,5.57,11.85
494,medium,13,10:22:47,10:22:50,10:29:45,COMPLETED,28168.0,6922.0,3.54,418.66
340,medium,14,10:26:13,10:26:17,10:29:51,COMPLETED,27212.0,3569.3,4.99,218.92
460,easy,11,10:30:28,10:30:29,10:30:42,COMPLETED,24088.0,215.2,1.36,14.06
508,easy,12,10:27:49,10:27:52,10:30:48,COMPLETED,31382.0,2930.7,3.75,179.37
457,medium,14,10:10:42,10:10:42,10:30:54,COMPLETED,31334.0,20211.9,0.08,1212.63
451,easy,12,10:30:25,10:30:29,10:31:00,COMPLETED,28893.0,529.8,4.36,35.93
492,easy,11,10:30:37,10:30:42,10:31:19,COMPLETED,25114.0,630.6,5.06,42.67
283,medium,14,09:45:30,09:45:33,10:31:44,COMPLETED,38240.0,46192.5,3.58,2774.92
408,medium,13,10:30:50,10:30:54,10:32:16,COMPLETED,33543.0,1375.8,4.63,86.92
356,easy,12,10:31:46,10:31:51,10:32:55,COMPLETED,32852.0,1069.8,5.36,69.18
409,medium,14,10:17:33,10:17:33,10:33:39,COMPLETED,34792.0,16109.4,0.47,966.84
462,easy,12,10:33:30,10:33:33,10:33:58,COMPLETED,22485.0,429.1,3.41,28.70
9,hard,15,08:43:35,08:43:35,10:35:01,COMPLETED,32407.0,111438.9,0.40,6686.70
495,medium,13,10:33:57,10:33:58,10:35:33,COMPLETED,24544.0,1575.4,1.70,96.01
450,easy,12,10:34:37,10:34:42,10:35:51,COMPLETED,26184.0,1156.9,5.81,74.98
435,easy,12,10:35:36,10:35:39,10:36:04,COMPLETED,24044.0,425.7,3.27,28.53
448,easy,12,10:35:43,10:35:45,10:36:23,COMPLETED,31374.0,633.8,2.60,40.42
398,easy,11,10:36:03,10:36:04,10:36:23,COMPLETED,31444.0,319.2,1.53,20.42
420,medium,13,10:35:38,10:35:39,10:36:35,COMPLETED,24599.0,947.9,1.27,57.96
352,easy,11,10:37:07,10:37:07,10:37:19,COMPLETED,35189.0,214.3,0.26,12.87
470,medium,13,10:34:04,10:34:05,10:37:26,COMPLETED,34933.0,3352.5,1.21,202.14
360,easy,11,10:36:55,10:37:00,10:37:32,COMPLETED,33633.0,528.7,5.97,37.41
342,easy,12,10:37:28,10:37:32,10:37:45,COMPLETED,26622.0,214.6,4.41,17.05
380,easy,11,10:37:35,10:37:38,10:37:45,COMPLETED,25078.0,109.8,3.72,10.05
434,easy,12,10:35:18,10:35:20,10:37:51,COMPLETED,40377.0,2518.9,2.47,153.33
454,easy,12,10:37:35,10:37:38,10:38:22,COMPLETED,29470.0,736.0,3.72,47.63
371,medium,14,10:04:55,10:05:00,10:38:41,COMPLETED,33944.0,33678.8,5.90,2026.51
171,medium,14,09:35:03,09:35:05,10:38:47,COMPLETED,32659.0,63711.1,2.19,3824.77
463,medium,14,10:29:29,10:29:33,10:39:13,COMPLETED,26325.0,9671.6,4.12,584.07
347,medium,13,10:38:21,10:38:22,10:39:45,COMPLETED,27413.0,1386.6,1.63,84.39
415,medium,13,10:38:28,10:38:28,10:39:51,COMPLETED,23929.0,1389.4,0.96,83.90
455,medium,14,10:13:37,10:13:37,10:40:30,COMPLETED,31737.0,26876.4,0.75,1613.22
491,hard,15,10:39:28,10:39:32,10:40:30,COMPLETED,27072.0,966.8,4.46,62.22
438,easy,11,10:40:48,10:40:49,10:41:08,COMPLETED,34560.0,325.7,1.15,20.17
363,medium,13,10:32:12,10:32:16,10:41:27,COMPLETED,31824.0,9183.3,4.92,555.60
349,medium,14,10:24:06,10:24:12,10:41:34,COMPLETED,31646.0,17368.7,6.23,1048.04
425,hard,15,10:11:53,10:11:57,10:42:24,COMPLETED,31439.0,30465.8,4.24,1831.97
397,easy,12,10:42:10,10:42:12,10:42:50,COMPLETED,21404.0,648.5,2.19,40.57
502,easy,11,10:42:53,10:42:57,10:43:23,COMPLETED,28837.0,436.2,4.17,30.02
407,medium,14,10:23:05,10:23:09,10:43:35,COMPLETED,31061.0,20444.1,4.37,1230.73
402,medium,13,10:35:40,10:35:45,10:43:35,COMPLETED,31812.0,7841.4,5.60,475.73
458,easy,12,10:42:52,10:42:57,10:43:42,COMPLETED,30984.0,758.8,5.17,50.20
430,easy,11,10:43:44,10:43:48,10:44:01,COMPLETED,25953.0,219.3,4.75,17.54
456,hard,15,10:13:35,10:13:37,10:44:07,COMPLETED,36173.0,30507.7,2.75,1832.98
343,easy,11,10:44:09,10:44:14,10:44:27,COMPLETED,25932.0,222.7,5.41,18.39
489,easy,12,10:44:17,10:44:20,10:44:53,COMPLETED,30033.0,545.3,3.88,36.11
383,easy,12,10:43:37,10:43:42,10:44:59,COMPLETED,32290.0,1297.1,5.20,82.66
416,easy,11,10:44:40,10:44:40,10:44:59,COMPLETED,30339.0,331.0,0.22,19.66
405,easy,11,10:44:50,10:44:53,10:44:59,COMPLETED,22753.0,116.7,3.11,9.66
477,easy,11,10:46:17,10:46:21,10:46:52,COMPLETED,40000.0,530.8,4.32,35.86
207,hard,15,09:36:14,09:36:15,10:47:05,COMPLETED,27507.0,70836.0,1.44,4251.51
424,easy,11,10:47:32,10:47:36,10:47:49,COMPLETED,24364.0,215.1,4.95,17.56
238,hard,15,09:14:27,09:14:30,10:48:02,COMPLETED,33655.0,93531.5,3.29,5615.15
366,easy,12,10:45:50,10:45:50,10:48:33,COMPLETED,36577.0,2732.4,0.01,163.68
350,easy,12,10:47:46,10:47:49,10:48:33,COMPLETED,26261.0,740.5,3.56,47.68
387,medium,13,10:42:39,10:42:44,10:48:46,COMPLETED,32507.0,6043.0,5.04,367.32
341,easy,12,10:49:22,10:49:24,10:49:49,COMPLETED,29085.0,424.8,2.13,27.36
437,easy,12,10:48:13,10:48:14,10:50:08,COMPLETED,24310.0,1902.9,1.70,115.45
361,medium,13,10:39:18,10:39:19,10:50:27,COMPLETED,34113.0,11134.7,1.53,669.51
488,medium,14,10:41:53,10:41:53,10:50:40,COMPLETED,34534.0,8785.2,0.25,527.03
389,medium,13,10:47:36,10:47:36,10:50:52,COMPLETED,33217.0,3271.2,0.95,196.89
411,easy,12,10:51:36,10:51:37,10:52:02,COMPLETED,23593.0,429.2,1.44,26.95
58,hard,15,08:39:27,08:39:29,10:53:00,COMPLETED,34012.0,133518.8,2.21,8013.30
353,medium,14,10:22:08,10:22:12,10:53:19,COMPLETED,34857.0,31111.9,4.82,1871.28
335,medium,14,09:50:25,09:50:25,10:53:31,COMPLETED,29099.0,63111.1,0.59,3786.99
444,medium,14,10:41:02,10:41:08,10:53:44,COMPLETED,28778.0,12614.2,6.17,762.81
419,easy,11,10:53:34,10:53:38,10:53:44,COMPLETED,29369.0,109.6,4.53,10.81
346,medium,13,10:47:19,10:47:24,10:53:51,COMPLETED,25808.0,6453.2,5.36,392.12
497,easy,11,10:54:27,10:54:29,10:54:48,COMPLETED,28952.0,325.2,2.66,21.88
381,medium,13,10:53:22,10:53:25,10:55:08,COMPLETED,29876.0,1713.5,3.72,106.10
440,medium,13,10:54:27,10:54:29,10:55:21,COMPLETED,30117.0,859.3,2.66,54.00
441,easy,11,10:55:30,10:55:33,10:55:40,COMPLETED,22847.0,115.0,3.50,10.02
182,hard,15,09:03:40,09:03:46,10:56:05,COMPLETED,27800.0,112322.1,6.10,6745.37
464,easy,11,10:55:57,10:55:59,10:56:05,COMPLETED,25095.0,109.0,2.08,8.37
355,easy,11,10:56:21,10:56:24,10:56:49,COMPLETED,33182.0,425.3,3.19,28.39
219,hard,15,09:34:19,09:34:20,10:57:27,COMPLETED,36022.0,83110.0,1.56,4988.09
364,easy,11,10:59:05,10:59:07,10:59:13,COMPLETED,29674.0,109.9,2.39,8.69
465,medium,14,10:39:03,10:39:06,10:59:38,COMPLETED,29524.0,20540.2,3.53,1235.78
362,easy,12,10:59:10,10:59:13,10:59:38,COMPLETED,26936.0,422.6,3.69,28.78
427,medium,14,10:54:51,10:54:55,10:59:57,COMPLETED,29831.0,5042.5,4.31,306.61
395,medium,14,10:53:45,10:53:51,11:00:10,COMPLETED,28853.0,6323.2,6.12,385.25
369,medium,13,10:58:27,10:58:29,11:00:10,COMPLETED,28805.0,1678.5,2.84,103.25
631,easy,11,11:00:13,11:00:16,11:00:29,COMPLETED,24278.0,216.2,3.59,16.27
589,easy,12,11:01:18,11:01:19,11:01:26,COMPLETED,30838.0,110.7,1.67,8.04
498,medium,13,10:59:59,11:00:03,11:01:32,COMPLETED,32884.0,1477.5,4.93,93.34
669,medium,14,11:00:07,11:00:10,11:02:23,COMPLETED,29143.0,2222.6,3.25,136.29
601,easy,12,11:00:55,11:01:00,11:02:42,COMPLETED,31150.0,1707.3,5.71,107.66
613,easy,12,11:02:33,11:02:36,11:02:49,COMPLETED,26135.0,226.2,3.26,16.24
391,medium,14,10:59:45,10:59:45,11:03:34,COMPLETED,21130.0,3832.8,0.07,229.53
677,easy,11,11:03:29,11:03:34,11:03:47,COMPLETED,27586.0,224.4,5.53,18.54
501,hard,15,10:19:43,10:19:47,11:04:06,COMPLETED,27786.0,44332.3,4.27,2664.00
575,easy,12,11:02:28,11:02:29,11:04:13,COMPLETED,34398.0,1734.6,1.67,105.51
597,easy,11,11:04:50,11:04:51,11:05:17,COMPLETED,24519.0,434.3,1.95,27.72
583,easy,12,11:03:16,11:03:21,11:05:36,COMPLETED,26654.0,2260.6,5.56,140.77
678,easy,11,11:05:47,11:05:49,11:05:56,COMPLETED,26715.0,114.7,2.72,9.10
610,easy,12,11:00:39,11:00:41,11:06:02,COMPLETED,27409.0,5354.0,2.85,323.63
670,easy,11,11:06:15,11:06:15,11:06:22,COMPLETED,32922.0,118.1,0.48,7.11
507,hard,15,10:39:16,10:39:19,11:06:41,COMPLETED,29595.0,27370.2,3.53,1645.37
515,easy,12,11:05:57,11:06:02,11:07:00,COMPLETED,35914.0,972.6,5.63,63.73
529,easy,12,11:06:36,11:06:41,11:07:07,COMPLETED,24355.0,438.4,5.37,31.02
550,easy,12,11:07:03,11:07:07,11:07:13,COMPLETED,22241.0,119.2,4.02,10.74
406,medium,14,10:58:21,10:58:23,11:07:39,COMPLETED,32765.0,9263.4,2.55,558.14
656,medium,13,11:07:05,11:07:07,11:07:45,COMPLETED,21673.0,642.7,2.02,40.43
128,hard,15,08:58:01,08:58:01,11:07:58,COMPLETED,30553.0,129940.8,0.65,7797.05
555,medium,13,11:02:39,11:02:42,11:08:10,COMPLETED,28687.0,5469.9,3.66,331.60
604,easy,11,11:08:23,11:08:23,11:08:29,COMPLETED,25943.0,110.7,0.18,6.52
255,hard,15,09:04:03,09:04:04,11:09:00,COMPLETED,36745.0,124936.8,1.80,7497.99
418,hard,15,10:32:47,10:32:48,11:09:45,COMPLETED,32375.0,36943.0,1.70,2218.07
544,easy,11,11:09:42,11:09:45,11:09:57,COMPLETED,24763.0,215.9,3.07,15.77
293,medium,14,09:53:49,09:53:53,11:10:41,COMPLETED,33323.0,76799.2,4.86,4612.72
660,easy,12,11:10:31,11:10:35,11:10:48,COMPLETED,29972.0,214.5,4.40,17.01
676,easy,11,11:10:19,11:10:22,11:10:54,COMPLETED,31288.0,529.6,3.83,35.30
461,hard,15,10:49:30,10:49:30,11:11:00,COMPLETED,33268.0,21505.8,0.45,1290.63
518,easy,12,11:09:21,11:09:26,11:11:38,COMPLETED,33000.0,2205.9,5.09,137.20
432,medium,13,10:53:29,10:53:31,11:11:44,COMPLETED,35463.0,18210.9,2.99,1095.48
534,easy,12,11:12:09,11:12:09,11:12:15,COMPLETED,29538.0,110.7,0.56,6.86
594,easy,11,11:12:12,11:12:15,11:12:22,COMPLETED,31840.0,111.3,3.86,10.23
543,easy,11,11:13:06,11:13:06,11:13:19,COMPLETED,23490.0,224.7,0.74,13.71
545,easy,12,11:13:15,11:13:19,11:13:58,COMPLETED,31632.0,645.7,4.71,43.04
393,hard,15,10:26:09,10:26:11,11:14:30,COMPLETED,30806.0,48309.4,2.68,2901.03
661,medium,13,11:13:43,11:13:45,11:14:49,COMPLETED,24396.0,1073.7,2.19,66.22
63,hard,15,08:49:22,08:49:24,11:15:27,COMPLETED,33677.0,146051.6,2.62,8765.68
505,medium,13,10:45:23,10:45:24,11:16:18,COMPLETED,24613.0,30901.0,1.93,1855.67
386,hard,15,10:10:32,10:10:35,11:17:16,COMPLETED,39084.0,66680.3,3.80,4004.47
565,easy,11,11:17:38,11:17:42,11:17:48,COMPLETED,30260.0,113.5,4.22,10.78
558,medium,13,11:15:11,11:15:14,11:17:55,COMPLETED,32630.0,2672.9,3.92,164.06
307,hard,15,09:53:06,09:53:08,11:18:14,COMPLETED,38513.0,85094.9,2.65,5108.22
630,easy,12,11:17:30,11:17:35,11:18:14,COMPLETED,32397.0,651.0,5.60,44.22
516,medium,13,11:02:44,11:02:49,11:18:27,COMPLETED,34190.0,15637.0,5.24,943.22
590,easy,11,11:18:16,11:18:20,11:18:27,COMPLETED,20052.0,114.1,4.71,11.22
611,easy,12,11:17:33,11:17:35,11:18:46,COMPLETED,26754.0,1178.9,2.60,73.18
524,medium,14,11:09:25,11:09:26,11:19:11,COMPLETED,31377.0,9756.3,1.09,586.21
602,medium,13,11:18:38,11:18:39,11:19:17,COMPLETED,32027.0,633.2,1.84,39.59
595,medium,14,11:15:34,11:15:40,11:19:49,COMPLETED,28156.0,4149.4,6.38,255.09
628,easy,11,11:19:45,11:19:49,11:20:07,COMPLETED,30967.0,319.3,4.09,22.95
618,easy,11,11:20:02,11:20:07,11:20:14,COMPLETED,18607.0,109.9,5.95,12.28
574,easy,12,11:19:10,11:19:11,11:20:20,COMPLETED,32760.0,1158.8,1.21,70.56
666,easy,11,11:19:36,11:19:36,11:20:39,COMPLETED,33673.0,1052.5,0.49,63.35
596,easy,11,11:20:36,11:20:39,11:20:51,COMPLETED,30409.0,213.8,3.35,15.93
571,hard,15,11:11:47,11:11:50,11:22:13,COMPLETED,30992.0,10386.1,3.76,626.71
585,easy,12,11:21:21,11:21:23,11:22:13,COMPLETED,27274.0,845.9,2.21,52.71
520,easy,12,11:21:46,11:21:48,11:23:16,COMPLETED,28341.0,1471.8,2.41,90.40
547,easy,11,11:23:11,11:23:16,11:23:22,COMPLETED,19107.0,110.5,5.40,11.76
608,easy,12,11:23:05,11:23:10,11:23:29,COMPLETED,27672.0,320.6,5.08,24.06
659,easy,12,11:24:23,11:24:26,11:24:45,COMPLETED,24941.0,327.6,3.44,22.68
428,hard,15,10:52:48,10:52:53,11:24:58,COMPLETED,31425.0,32083.3,5.78,1930.55
607,easy,12,11:25:50,11:25:55,11:26:21,COMPLETED,31519.0,437.6,5.72,31.57
578,medium,13,11:21:58,11:22:01,11:27:06,COMPLETED,32031.0,5093.5,3.06,308.27
653,easy,11,11:26:49,11:26:53,11:27:06,COMPLETED,24644.0,222.3,4.38,17.27
421,medium,14,10:46:50,10:46:52,11:27:12,COMPLETED,30199.0,40335.7,2.86,2422.77
624,easy,12,11:26:58,11:26:59,11:27:12,COMPLETED,25427.0,225.1,1.71,14.77
632,medium,13,11:26:51,11:26:53,11:28:10,COMPLETED,31388.0,1288.9,2.38,79.31
621,easy,11,11:28:15,11:28:16,11:28:23,COMPLETED,21209.0,116.4,1.81,8.12
551,easy,11,11:28:22,11:28:23,11:28:36,COMPLETED,28240.0,224.4,1.12,14.19
675,easy,11,11:28:43,11:28:49,11:28:55,COMPLETED,28496.0,112.8,6.24,12.75
593,medium,14,11:19:21,11:19:23,11:29:02,COMPLETED,34539.0,9642.5,2.87,581.03
654,medium,14,11:16:54,11:16:57,11:29:47,COMPLETED,26751.0,12834.4,3.45,773.20
521,easy,11,11:29:22,11:29:27,11:29:53,COMPLETED,32770.0,436.8,5.77,31.61
532,easy,11,11:29:49,11:29:53,11:30:00,COMPLETED,25974.0,111.4,4.61,11.03
637,easy,12,11:31:01,11:31:03,11:31:15,COMPLETED,26077.0,214.9,2.09,14.71
513,easy,12,11:30:25,11:30:25,11:31:22,COMPLETED,28972.0,949.8,0.29,57.01
615,easy,12,11:30:15,11:30:18,11:31:34,COMPLETED,31970.0,1265.4,3.98,79.64
645,medium,14,11:23:16,11:23:16,11:31:40,COMPLETED,27398.0,8412.1,0.40,504.93
603,hard,15,11:01:51,11:01:51,11:32:24,COMPLETED,34039.0,30564.7,0.21,1833.88
586,medium,13,11:29:41,11:29:47,11:32:24,COMPLETED,28374.0,2633.2,6.20,163.88
579,easy,12,11:33:06,11:33:08,11:33:52,COMPLETED,30333.0,737.6,2.86,46.85
510,easy,12,11:34:02,11:34:05,11:34:36,COMPLETED,30798.0,529.0,3.42,34.90
512,easy,12,11:32:53,11:32:56,11:34:55,COMPLETED,32078.0,1997.4,3.28,122.78
564,easy,12,11:34:55,11:34:55,11:35:14,COMPLETED,30037.0,321.8,0.78,19.84
570,medium,13,11:27:29,11:27:31,11:35:27,COMPLETED,38842.0,7928.7,2.93,478.43
566,easy,11,11:35:41,11:35:46,11:36:11,COMPLETED,27691.0,423.8,5.25,30.41
592,easy,11,11:36:29,11:36:30,11:36:55,COMPLETED,27811.0,425.5,1.26,26.53
527,medium,13,11:34:50,11:34:55,11:37:20,COMPLETED,29158.0,2422.6,5.78,150.77
679,easy,11,11:38:44,11:38:49,11:39:14,COMPLETED,30268.0,429.3,5.29,30.74
572,easy,11,11:39:05,11:39:08,11:39:27,COMPLETED,31216.0,322.5,3.30,22.36
453,hard,15,10:37:47,10:37:51,11:39:46,COMPLETED,40049.0,61918.5,4.33,3719.32
537,easy,11,11:40:53,11:40:56,11:41:03,COMPLETED,23555.0,115.6,3.66,10.25
553,easy,12,11:40:48,11:40:49,11:41:22,COMPLETED,28933.0,549.3,1.96,34.53
569,easy,12,11:39:02,11:39:08,11:41:35,COMPLETED,27073.0,2464.4,6.30,153.75
523,medium,13,11:34:12,11:34:18,11:42:01,COMPLETED,24955.0,7732.8,6.02,469.51
410,hard,15,10:58:03,10:58:04,11:42:47,COMPLETED,34003.0,44710.1,1.75,2684.12
563,medium,13,11:42:39,11:42:40,11:43:12,COMPLETED,24560.0,535.9,1.68,33.54
640,medium,14,11:41:27,11:41:29,11:43:37,COMPLETED,22255.0,2149.8,2.06,130.81
546,easy,12,11:42:53,11:42:53,11:43:56,COMPLETED,27814.0,1059.8,0.57,63.86
642,medium,13,11:42:28,11:42:34,11:45:06,COMPLETED,24143.0,2538.2,6.32,158.33
655,hard,15,11:40:24,11:40:24,11:47:13,COMPLETED,32424.0,6822.7,0.05,409.11
559,medium,13,11:41:11,11:41:16,11:50:25,COMPLETED,23225.0,9171.3,5.13,554.98
627,hard,15,11:19:07,11:19:11,11:50:51,COMPLETED,33719.0,31682.0,4.21,1904.93
647,easy,11,11:47:06,11:50:58,11:51:04,COMPLETED,17392.0,118.6,232.26,238.89
609,medium,14,11:28:23,11:28:23,11:52:16,COMPLETED,32695.0,23884.8,0.12,1433.12
633,medium,13,11:47:33,11:51:11,11:52:29,COMPLETED,29307.0,1300.1,218.41,296.14
652,easy,12,11:47:36,11:52:22,11:52:48,COMPLETED,22851.0,443.9,286.48,312.60
539,easy,12,11:48:10,11:52:55,11:53:33,COMPLETED,29842.0,650.6,285.17,323.69
490,hard,15,10:18:11,10:18:11,11:53:59,COMPLETED,29310.0,95800.2,0.87,5748.73
658,medium,14,11:44:15,11:44:15,11:54:37,COMPLETED,25784.0,10372.7,0.80,622.87
636,hard,15,11:13:47,11:13:51,11:55:47,COMPLETED,35034.0,41933.7,4.71,2520.56
626,easy,11,11:49:09,11:55:53,11:56:25,COMPLETED,29166.0,532.9,404.88,436.55
561,medium,13,11:44:41,11:45:12,11:56:44,COMPLETED,33815.0,11538.8,31.66,723.67
657,hard,15,11:03:23,11:03:27,11:57:10,COMPLETED,26776.0,53705.9,4.93,3227.10
535,easy,11,11:49:41,11:56:51,11:57:22,COMPLETED,31515.0,536.3,430.04,461.93
600,easy,12,11:49:46,11:57:16,11:57:29,COMPLETED,23413.0,218.7,450.48,463.26
650,easy,11,11:49:47,11:57:29,11:57:35,COMPLETED,27876.0,112.0,462.26,468.64
541,medium,13,11:48:41,11:53:40,11:58:13,COMPLETED,27523.0,4560.9,299.23,572.61
376,hard,15,10:36:11,10:36:17,11:58:19,COMPLETED,35944.0,82049.6,6.11,4928.94
619,hard,15,11:37:17,11:37:20,11:59:10,COMPLETED,30317.0,21834.2,3.77,1313.61
528,medium,13,11:50:09,11:57:35,11:59:16,COMPLETED,23743.0,1693.7,446.64,547.94
531,easy,11,11:51:07,11:59:23,11:59:42,COMPLETED,31220.0,335.7,496.30,515.95
552,hard,15,11:00:44,11:00:48,11:59:49,COMPLETED,35129.0,59028.2,4.15,3545.49
672,easy,11,11:51:07,11:59:16,11:59:49,COMPLETED,28165.0,553.1,489.94,522.49
514,medium,14,11:43:36,11:43:37,12:00:34,COMPLETED,34627.0,16945.8,1.81,1018.32
629,easy,12,11:51:35,11:59:56,12:00:40,COMPLETED,27778.0,746.6,501.17,545.65
573,easy,12,11:51:26,11:59:56,12:01:06,COMPLETED,28654.0,1168.8,510.17,580.00
522,easy,12,11:51:49,12:00:40,12:01:12,COMPLETED,28312.0,533.7,531.65,563.33
576,medium,14,11:16:39,11:16:44,12:01:18,COMPLETED,33440.0,44572.0,5.62,2679.70
606,easy,12,11:52:20,12:01:12,12:01:37,COMPLETED,19627.0,431.2,532.33,557.87
639,easy,12,11:52:14,12:00:47,12:01:44,COMPLETED,26137.0,959.2,513.03,570.24
612,easy,11,11:52:40,12:01:44,12:02:09,COMPLETED,30538.0,434.0,544.24,569.79
540,medium,13,11:50:34,11:58:26,12:02:23,COMPLETED,24080.0,3952.8,472.32,709.02
449,medium,14,10:56:45,10:56:49,12:02:29,COMPLETED,28595.0,65673.3,4.39,3944.56
567,medium,14,11:50:14,11:57:42,12:02:29,COMPLETED,32062.0,4799.4,448.01,735.56
536,easy,12,11:51:17,11:59:49,12:02:29,COMPLETED,30045.0,2675.0,512.49,672.56
511,easy,11,11:53:15,12:02:36,12:02:49,COMPLETED,28044.0,227.2,561.05,574.29
648,easy,11,11:52:57,12:02:29,12:03:08,COMPLETED,32405.0,664.8,572.56,611.96
392,hard,15,10:56:36,10:56:36,12:03:15,COMPLETED,33467.0,66648.3,0.79,3999.52
568,easy,12,11:52:42,12:01:50,12:03:28,COMPLETED,29572.0,1636.2,548.62,646.52
533,medium,13,11:52:37,12:01:18,12:03:34,COMPLETED,28878.0,2278.5,521.70,657.84
664,easy,12,11:52:48,12:02:16,12:03:34,COMPLETED,33374.0,1318.7,568.33,646.84
519,easy,12,11:53:02,12:02:36,12:04:20,COMPLETED,19912.0,1746.1,574.05,678.33
641,easy,12,11:56:04,12:03:15,12:04:33,COMPLETED,28948.0,1306.7,431.52,509.60
644,medium,13,11:56:40,12:03:41,12:04:33,COMPLETED,26888.0,872.5,421.57,473.60
560,medium,13,11:55:42,12:02:55,12:04:52,COMPLETED,27744.0,1952.9,433.83,550.72
525,easy,12,11:57:38,12:04:39,12:04:59,COMPLETED,26069.0,323.7,421.99,441.07
665,hard,15,11:28:39,11:28:42,12:05:05,COMPLETED,35844.0,36382.3,3.65,2186.45
549,easy,11,11:58:21,12:04:59,12:05:05,COMPLETED,31974.0,112.3,398.07,404.45
538,easy,12,11:58:34,12:05:11,12:05:24,COMPLETED,23772.0,217.7,397.83,410.60
517,easy,12,11:58:11,12:04:39,12:05:37,COMPLETED,31405.0,960.2,388.99,446.32
649,easy,12,11:59:35,12:05:30,12:05:37,COMPLETED,28138.0,112.4,355.93,362.32
554,easy,11,11:59:37,12:05:43,12:06:02,COMPLETED,23054.0,323.3,366.69,385.78
667,easy,12,11:59:37,12:05:43,12:07:18,COMPLETED,37012.0,1586.7,366.69,461.64
548,medium,14,11:28:38,11:28:42,12:07:56,COMPLETED,32044.0,39234.9,4.65,2358.57
797,easy,12,12:00:14,12:07:24,12:08:02,COMPLETED,28172.0,638.1,430.97,468.90
643,medium,13,11:53:38,12:02:36,12:08:15,COMPLETED,35341.0,5662.1,538.05,877.67
729,easy,11,12:00:16,12:08:02,12:08:28,COMPLETED,30240.0,431.5,466.90,492.45
496,hard,15,10:22:29,10:22:31,12:09:31,COMPLETED,30510.0,107004.4,2.67,6422.82
599,medium,14,11:48:47,11:54:06,12:09:38,COMPLETED,29549.0,15537.3,319.27,1251.20
818,easy,12,12:00:58,12:09:38,12:10:16,COMPLETED,33632.0,640.3,520.20,558.22
743,easy,12,12:02:10,12:10:22,12:10:55,COMPLETED,22631.0,549.1,492.68,525.11
673,medium,14,11:07:51,11:07:51,12:11:08,COMPLETED,36177.0,63279.7,0.71,3797.25
704,medium,13,12:00:23,12:08:34,12:11:21,COMPLETED,31448.0,2782.4,491.83,658.46
741,easy,11,12:02:28,12:11:01,12:11:27,COMPLETED,27324.0,442.0,513.67,539.82
581,hard,15,11:19:08,11:19:11,12:11:46,COMPLETED,24877.0,52598.3,3.21,3158.89
785,medium,13,12:00:19,12:08:22,12:11:46,COMPLETED,28394.0,3422.6,483.03,687.89
695,easy,11,12:03:09,12:11:34,12:11:46,COMPLETED,22136.0,220.3,505.23,517.89
749,easy,12,12:03:36,12:11:53,12:13:05,COMPLETED,29004.0,1201.2,497.48,569.23
782,easy,11,12:03:49,12:11:53,12:13:11,COMPLETED,33148.0,1307.0,484.48,562.71
694,easy,12,12:05:50,12:13:18,12:13:43,COMPLETED,26208.0,437.2,448.15,473.99
777,medium,13,12:02:54,12:11:27,12:13:57,COMPLETED,30440.0,2495.2,513.82,663.06
735,medium,14,12:00:00,12:06:09,12:15:08,COMPLETED,28394.0,8999.2,369.12,908.57
738,medium,13,12:01:09,12:09:44,12:15:21,COMPLETED,34637.0,5623.3,515.60,852.54
804,easy,12,12:06:04,12:15:15,12:15:34,COMPLETED,24699.0,334.2,551.17,570.72
827,medium,13,12:03:36,12:11:53,12:15:41,COMPLETED,30933.0,3806.5,497.48,725.27
767,easy,11,12:06:13,12:15:28,12:15:41,COMPLETED,29756.0,231.6,555.09,568.27
703,easy,11,12:07:01,12:15:48,12:16:07,COMPLETED,26726.0,333.5,527.04,546.81
739,medium,13,12:04:28,12:13:11,12:16:33,COMPLETED,32254.0,3367.1,523.71,725.37
728,medium,13,12:02:32,12:11:14,12:17:11,COMPLETED,34118.0,5948.0,522.80,879.40
740,easy,11,12:07:54,12:17:17,12:17:36,COMPLETED,29022.0,321.5,563.74,582.72
748,easy,12,12:08:24,12:17:43,12:18:02,COMPLETED,30304.0,321.6,559.06,578.04
737,easy,12,12:06:16,12:15:41,12:18:08,COMPLETED,31880.0,2457.7,565.27,712.38
788,easy,11,12:08:32,12:18:14,12:18:21,COMPLETED,23679.0,111.1,582.80,589.16
830,easy,12,12:08:26,12:18:08,12:18:59,COMPLETED,28661.0,850.6,582.38,633.12
587,medium,14,11:50:26,11:58:19,12:19:05,COMPLETED,35948.0,20763.1,473.94,1719.45
577,hard,15,11:59:16,12:05:11,12:19:18,COMPLETED,24794.0,14109.7,355.83,1202.20
816,easy,11,12:11:29,12:19:24,12:19:37,COMPLETED,29072.0,218.3,475.53,488.28
834,easy,11,12:10:04,12:19:11,12:19:56,COMPLETED,23195.0,748.9,547.83,592.41
786,easy,12,12:11:34,12:19:43,12:20:15,COMPLETED,23169.0,537.6,489.65,521.55
635,hard,15,11:10:54,11:10:54,12:20:41,COMPLETED,34375.0,69782.3,0.30,4187.06
731,easy,12,12:08:59,12:18:27,12:20:41,COMPLETED,29559.0,2232.2,568.49,702.06
838,easy,11,12:12:04,12:20:21,12:21:00,COMPLETED,35374.0,642.8,497.94,536.18
807,hard,15,12:00:18,12:08:09,12:23:53,COMPLETED,26479.0,15745.3,471.29,1415.58
591,medium,13,11:49:08,11:54:44,12:24:19,COMPLETED,35364.0,29595.0,336.21,2111.53
730,easy,11,12:13:23,12:24:00,12:24:19,COMPLETED,30925.0,332.6,637.13,656.53
733,medium,13,12:07:34,12:16:39,12:24:32,COMPLETED,27076.0,7886.4,545.79,1018.51
25,hard,15,08:33:51,08:33:53,12:25:50,COMPLETED,27089.0,231949.1,2.58,13919.51
817,easy,12,12:13:58,12:25:56,12:26:22,COMPLETED,27452.0,435.5,718.83,744.61
773,easy,11,12:14:17,12:26:28,12:27:40,COMPLETED,29875.0,1193.6,731.99,803.24
713,easy,12,12:12:20,12:20:47,12:28:43,COMPLETED,28637.0,7946.6,507.46,983.97
634,hard,15,11:00:27,11:00:29,12:28:56,COMPLETED,31005.0,88458.6,2.27,5309.68
849,easy,11,12:15:14,12:28:50,12:28:56,COMPLETED,26596.0,111.3,816.31,822.68
708,medium,14,12:13:26,12:24:26,12:29:28,COMPLETED,29245.0,5041.4,660.12,962.32
663,medium,14,11:56:30,12:03:34,12:29:34,COMPLETED,33544.0,26001.0,424.84,1984.64
705,medium,14,12:11:49,12:20:02,12:30:06,COMPLETED,31104.0,10064.4,493.79,1097.39
686,easy,11,12:16:19,12:29:41,12:30:06,COMPLETED,24356.0,428.3,802.01,827.39
588,hard,15,11:32:24,11:32:24,12:30:25,COMPLETED,26670.0,58011.7,0.88,3481.43
815,medium,13,12:15:48,12:29:03,12:30:25,COMPLETED,31144.0,1378.0,795.01,877.43
689,easy,12,12:16:15,12:29:34,12:30:31,COMPLETED,30525.0,958.4,799.64,856.76
620,medium,14,11:58:32,12:05:05,12:30:38,COMPLETED,34428.0,25551.5,393.45,1926.20
732,easy,11,12:16:44,12:30:12,12:30:38,COMPLETED,33214.0,431.5,808.73,834.20
662,hard,15,11:01:34,11:01:38,12:30:51,COMPLETED,31178.0,89210.1,4.63,5357.08
557,hard,15,11:52:39,12:01:25,12:30:51,COMPLETED,33579.0,29437.3,526.13,2292.08
810,easy,12,12:17:20,12:30:38,12:30:51,COMPLETED,26700.0,221.4,798.20,811.08
751,easy,12,12:17:31,12:30:44,12:31:10,COMPLETED,37260.0,430.9,793.67,819.24
719,easy,11,12:20:24,12:30:57,12:31:16,COMPLETED,22500.0,322.2,633.52,652.57
674,medium,14,11:48:02,11:52:35,12:31:35,COMPLETED,33567.0,39007.4,273.46,2613.67
759,easy,11,12:16:55,12:30:31,12:31:35,COMPLETED,36587.0,1071.0,816.76,880.67
651,hard,15,11:56:06,12:03:21,12:31:54,COMPLETED,37010.0,28553.6,435.89,2148.88
745,easy,11,12:21:22,12:31:42,12:32:01,COMPLETED,26111.0,325.2,620.08,639.25
720,easy,11,12:21:27,12:32:01,12:32:07,COMPLETED,29399.0,112.0,634.25,640.63
765,medium,13,12:09:32,12:19:05,12:32:20,COMPLETED,32656.0,13253.8,573.45,1368.40
754,easy,11,12:22:03,12:32:07,12:32:26,COMPLETED,25125.0,326.2,604.63,623.80
726,easy,11,12:22:27,12:32:26,12:32:39,COMPLETED,35617.0,225.5,599.80,612.85
848,easy,11,12:23:22,12:32:33,12:32:52,COMPLETED,32424.0,333.6,551.24,570.96
668,medium,14,11:37:37,11:37:39,12:32:59,COMPLETED,37713.0,55328.3,2.78,3322.29
368,hard,15,10:32:38,10:32:42,12:33:31,COMPLETED,35939.0,120821.7,4.20,7253.36
763,easy,12,12:23:32,12:32:59,12:34:16,COMPLETED,32849.0,1297.6,567.29,644.64
822,easy,12,12:22:19,12:32:14,12:34:23,COMPLETED,29915.0,2162.1,595.00,724.20
778,medium,13,12:21:19,12:31:22,12:34:29,COMPLETED,30934.0,3123.4,603.95,790.78
684,easy,11,12:25:00,12:34:23,12:34:29,COMPLETED,17113.0,120.5,563.20,569.78
210,hard,15,09:06:36,09:06:42,12:34:36,COMPLETED,35874.0,207908.6,6.18,12480.48
526,hard,15,11:04:28,11:04:32,12:34:36,COMPLETED,36406.0,90068.6,4.70,5408.48
756,easy,11,12:25:40,12:34:43,12:34:56,COMPLETED,28519.0,224.6,543.04,556.01
412,hard,15,10:06:53,10:06:55,12:35:02,COMPLETED,39565.0,148127.7,2.13,8889.59
825,easy,11,12:25:48,12:34:43,12:35:09,COMPLETED,27269.0,445.9,535.04,561.24
789,medium,13,12:20:38,12:31:16,12:35:54,COMPLETED,31072.0,4641.1,638.57,916.62
721,easy,12,12:27:06,12:35:02,12:36:14,COMPLETED,30220.0,1198.3,476.59,548.01
680,easy,11,12:29:28,12:36:20,12:36:26,COMPLETED,31056.0,114.1,412.55,418.90
844,easy,11,12:30:10,12:36:33,12:36:40,COMPLETED,28421.0,118.4,383.44,390.04
716,medium,14,12:17:05,12:30:31,12:36:53,COMPLETED,31160.0,6363.3,806.76,1188.21
688,easy,12,12:28:08,12:36:01,12:37:18,COMPLETED,25480.0,1304.9,473.16,550.93
840,medium,13,12:27:54,12:35:15,12:37:31,COMPLETED,28176.0,2275.9,441.89,577.98
791,easy,12,12:30:11,12:36:46,12:37:51,COMPLETED,30180.0,1088.7,395.59,460.38
774,medium,14,12:30:44,12:36:59,12:39:02,COMPLETED,26506.0,2046.3,375.74,498.23
715,easy,11,12:31:35,12:39:08,12:39:21,COMPLETED,28521.0,216.5,453.56,466.25
814,medium,13,12:31:05,12:37:38,12:39:33,COMPLETED,28945.0,1929.3,393.52,508.95
764,easy,11,12:31:41,12:39:27,12:39:46,COMPLETED,23335.0,324.4,466.58,485.75
530,hard,15,11:16:19,11:16:25,12:40:37,COMPLETED,34967.0,84203.3,6.28,5058.38
707,hard,15,12:15:05,12:27:46,12:40:37,COMPLETED,32717.0,12849.5,761.64,1532.38
812,hard,15,12:21:23,12:31:42,12:40:50,COMPLETED,30102.0,9137.8,619.08,1167.13
750,medium,13,12:17:38,12:30:44,12:40:56,COMPLETED,29214.0,10201.7,786.67,1398.51
769,easy,11,12:34:05,12:40:43,12:41:09,COMPLETED,24351.0,433.2,398.71,424.36
706,easy,12,12:36:18,12:41:15,12:41:47,COMPLETED,31555.0,532.3,297.75,329.39
746,medium,13,12:35:52,12:40:56,12:42:00,COMPLETED,25491.0,1064.2,304.51,368.07
580,hard,15,11:42:19,11:42:21,12:42:25,COMPLETED,26450.0,60074.8,2.06,3606.38
795,medium,14,12:23:22,12:32:46,12:42:57,COMPLETED,27444.0,10182.1,564.38,1175.08
824,easy,12,12:36:49,12:41:53,12:42:57,COMPLETED,31648.0,1061.4,304.71,368.08
697,easy,11,12:37:09,12:42:31,12:43:03,COMPLETED,27268.0,534.1,322.78,354.43
799,medium,14,12:25:39,12:34:36,12:43:09,COMPLETED,33033.0,8561.8,537.48,1050.86
823,easy,11,12:37:19,12:43:03,12:43:09,COMPLETED,30454.0,113.1,344.43,350.86
709,easy,12,12:37:23,12:43:09,12:43:22,COMPLETED,25368.0,218.4,346.86,359.67
725,easy,11,12:38:27,12:43:16,12:43:29,COMPLETED,28492.0,217.2,289.28,302.00
832,hard,15,12:18:34,12:30:57,12:43:54,COMPLETED,27519.0,12950.7,743.52,1520.36
542,hard,15,11:41:27,11:41:29,12:44:07,COMPLETED,31907.0,62635.7,2.06,3760.06
556,hard,15,11:02:19,11:02:23,12:44:13,COMPLETED,36873.0,101838.4,4.29,6114.40
757,easy,12,12:39:51,12:44:19,12:44:45,COMPLETED,27553.0,428.2,268.86,294.22
842,easy,11,12:38:25,12:43:16,12:44:51,COMPLETED,36192.0,1594.0,291.28,386.58
808,easy,12,12:38:34,12:43:29,12:44:51,COMPLETED,22346.0,1382.2,295.00,377.58
696,easy,12,12:39:54,12:44:51,12:45:17,COMPLETED,30614.0,430.3,297.58,323.09
819,medium,13,12:40:42,12:44:57,12:45:36,COMPLETED,23626.0,640.3,255.98,294.11
792,medium,13,12:40:09,12:44:57,12:45:55,COMPLETED,27407.0,957.6,288.98,346.13
404,hard,15,10:48:41,10:48:46,12:46:52,COMPLETED,34615.0,118097.1,5.32,7091.04
790,easy,12,12:40:58,12:45:42,12:46:58,COMPLETED,25155.0,1271.3,284.46,360.38
682,easy,11,12:41:35,12:47:04,12:47:11,COMPLETED,23347.0,111.1,329.78,336.13
742,easy,11,12:41:46,12:47:17,12:47:30,COMPLETED,24269.0,216.5,331.47,344.14
770,medium,13,12:30:50,12:37:25,12:48:01,COMPLETED,25848.0,10608.4,395.52,1031.78
780,medium,14,12:37:17,12:43:03,12:48:20,COMPLETED,32830.0,5294.2,346.43,663.81
638,medium,14,11:30:31,11:30:31,12:48:46,COMPLETED,36844.0,78243.9,0.61,4695.13
828,medium,13,12:38:54,12:43:35,12:48:46,COMPLETED,32963.0,5184.0,281.39,592.13
847,easy,12,12:42:19,12:48:08,12:49:11,COMPLETED,26529.0,1062.9,349.12,412.59
365,hard,15,10:45:29,10:45:31,12:49:31,COMPLETED,34367.0,123998.3,2.22,7442.03
784,easy,12,12:43:17,12:49:17,12:50:16,COMPLETED,33231.0,976.4,360.94,419.05
698,easy,11,12:44:06,12:50:22,12:50:42,COMPLETED,27074.0,332.4,376.57,396.02
802,medium,14,12:13:31,12:24:39,12:51:01,COMPLETED,27965.0,26381.9,668.07,2250.67
727,medium,14,12:27:26,12:35:09,12:52:18,COMPLETED,29832.0,17154.9,463.24,1492.28
772,easy,12,12:45:07,12:52:24,12:53:09,COMPLETED,32055.0,749.5,437.66,482.27
762,easy,12,12:45:19,12:53:15,12:53:28,COMPLETED,31018.0,216.5,476.66,489.34
685,medium,14,12:43:58,12:49:37,12:54:06,COMPLETED,23757.0,4487.3,339.35,608.29
692,medium,13,12:45:07,12:51:08,12:54:44,COMPLETED,34958.0,3605.5,361.22,577.25
836,easy,12,12:45:26,12:54:12,12:56:06,COMPLETED,18742.0,1901.3,526.63,640.40
775,hard,15,12:25:40,12:34:36,12:56:19,COMPLETED,34516.0,21712.7,536.48,1839.12
800,medium,14,12:44:52,12:50:48,12:56:19,COMPLETED,32958.0,5514.4,356.56,687.12
220,hard,15,09:47:13,09:47:16,12:56:31,COMPLETED,29790.0,189255.1,3.59,11358.84
683,easy,11,12:48:14,12:56:25,12:56:31,COMPLETED,26543.0,111.0,491.46,497.84
760,easy,12,12:47:40,12:56:25,12:56:57,COMPLETED,37966.0,540.5,525.46,557.39
798,easy,12,12:47:28,12:56:12,12:59:58,COMPLETED,23121.0,3766.5,524.74,750.39
646,hard,15,11:43:39,11:43:44,13:00:11,COMPLETED,38347.0,76456.8,5.20,4592.37
714,easy,11,12:50:17,13:00:17,13:00:44,COMPLETED,27288.0,443.3,600.95,627.07
701,easy,12,12:50:31,13:00:50,13:01:35,COMPLETED,28929.0,757.3,619.58,664.72
846,medium,13,12:15:24,12:29:03,13:02:01,COMPLETED,43937.0,32978.9,819.01,2797.45
820,easy,11,12:51:30,13:02:08,13:02:21,COMPLETED,27299.0,226.6,638.01,651.12
693,easy,11,12:52:18,13:02:27,13:02:40,COMPLETED,24247.0,223.9,609.65,622.58
617,hard,15,11:21:40,11:21:42,13:03:25,COMPLETED,39253.0,101719.6,2.11,6105.17
837,hard,15,12:39:25,12:44:13,13:03:37,COMPLETED,31275.0,19413.3,288.40,1452.93
841,easy,12,12:52:46,13:02:47,13:03:37,COMPLETED,23672.0,852.9,601.13,651.93
813,easy,11,12:53:37,13:03:44,13:03:50,COMPLETED,25419.0,112.1,607.33,613.75
687,easy,11,12:53:50,13:03:57,13:04:28,COMPLETED,16585.0,533.0,607.09,638.71
833,easy,12,12:54:24,13:04:35,13:04:47,COMPLETED,25522.0,217.9,611.10,623.83
779,easy,12,12:54:45,13:04:54,13:05:38,COMPLETED,27057.0,746.8,609.19,653.64
801,easy,12,12:55:08,13:05:45,13:06:10,COMPLETED,21394.0,430.4,637.03,662.52
744,medium,13,12:48:19,12:56:38,13:07:57,COMPLETED,34717.0,11334.5,499.18,1178.98
681,medium,13,12:56:39,13:08:04,13:08:29,COMPLETED,30460.0,429.1,685.30,710.69
702,easy,12,12:56:51,13:08:36,13:09:39,COMPLETED,25232.0,1063.5,705.07,768.58
755,medium,14,12:24:16,12:33:05,13:10:11,COMPLETED,29530.0,37095.7,529.65,2755.21
835,hard,15,12:13:15,12:21:06,13:10:17,COMPLETED,27400.0,49186.6,471.55,3422.54
787,medium,14,12:16:53,12:30:12,13:10:23,COMPLETED,25545.0,40192.1,799.73,3210.91
734,easy,11,12:57:15,13:10:23,13:11:15,COMPLETED,33011.0,871.9,788.91,840.74
821,medium,13,12:57:04,13:09:45,13:11:35,COMPLETED,27967.0,1833.0,761.91,871.40
766,medium,14,12:52:48,13:03:31,13:11:41,COMPLETED,29383.0,8182.6,643.56,1133.96
747,easy,11,12:59:28,13:11:48,13:11:55,COMPLETED,27598.0,118.4,740.61,747.20
806,easy,11,12:59:50,13:12:01,13:12:59,COMPLETED,30187.0,976.7,731.75,789.86
826,medium,14,12:35:42,12:40:43,13:13:38,COMPLETED,33248.0,32926.5,301.71,2277.00
922,easy,11,13:00:10,13:13:06,13:13:38,COMPLETED,30554.0,552.3,776.40,809.00
794,hard,15,12:18:04,12:30:57,13:14:23,COMPLETED,32763.0,43442.7,773.52,3379.88
809,medium,14,12:45:23,12:53:34,13:15:01,COMPLETED,31634.0,21457.6,491.67,1778.89
829,medium,14,12:57:51,13:10:30,13:15:46,COMPLETED,30905.0,5265.0,759.57,1075.19
699,medium,14,12:58:18,13:11:22,13:17:27,COMPLETED,27824.0,6087.5,784.28,1149.26
1011,easy,11,13:01:39,13:17:33,13:17:39,COMPLETED,21192.0,112.6,954.59,960.99
917,easy,11,13:01:49,13:17:46,13:17:52,COMPLETED,23110.0,111.5,957.37,963.77
879,easy,11,13:01:54,13:17:59,13:18:18,COMPLETED,34215.0,322.5,965.09,984.12
903,easy,12,13:01:14,13:15:52,13:18:37,COMPLETED,35576.0,2748.6,878.53,1043.14
803,medium,13,12:57:13,13:10:17,13:19:22,COMPLETED,31840.0,9079.5,784.54,1329.04
1006,medium,13,13:00:32,13:13:45,13:19:41,COMPLETED,32361.0,5939.0,793.58,1149.47
947,easy,11,13:02:07,13:19:28,13:19:41,COMPLETED,30714.0,227.0,1041.37,1054.47
718,medium,13,12:59:25,13:11:41,13:20:26,COMPLETED,30227.0,8754.3,736.96,1261.78
605,hard,15,11:42:20,11:42:21,13:20:46,COMPLETED,29917.0,98422.4,1.06,5906.39
859,medium,13,13:01:54,13:18:24,13:20:46,COMPLETED,27947.0,2370.4,990.46,1132.39
926,easy,12,13:02:16,13:19:48,13:20:52,COMPLETED,33088.0,1089.9,1052.03,1116.74
853,easy,11,13:03:42,13:20:33,13:20:52,COMPLETED,31639.0,335.9,1011.31,1030.74
943,easy,11,13:05:43,13:20:59,13:21:12,COMPLETED,25393.0,220.2,916.53,929.25
690,medium,14,12:06:01,12:14:03,13:21:31,COMPLETED,39183.0,67475.4,482.60,4530.90
771,medium,14,12:55:30,13:06:16,13:21:31,COMPLETED,28366.0,15258.1,646.88,1561.90
894,easy,12,13:04:55,13:20:52,13:21:51,COMPLETED,24479.0,986.7,957.74,1016.49
957,easy,11,13:06:52,13:21:38,13:21:51,COMPLETED,21102.0,225.6,886.47,899.49
963,easy,12,13:07:05,13:21:58,13:23:47,COMPLETED,33784.0,1834.9,893.05,1002.69
899,easy,12,13:06:53,13:21:58,13:24:26,COMPLETED,33303.0,2481.8,905.05,1053.47
843,medium,14,12:12:34,12:20:47,13:24:39,COMPLETED,29293.0,63872.4,493.46,4325.61
888,medium,13,13:08:17,13:24:46,13:25:30,COMPLETED,29076.0,750.9,989.18,1033.93
883,medium,13,13:05:03,13:20:52,13:25:37,COMPLETED,25405.0,4745.7,949.74,1234.26
920,medium,14,13:06:53,13:21:38,13:25:43,COMPLETED,33660.0,4090.0,885.47,1130.64
1012,easy,11,13:08:34,13:25:43,13:25:50,COMPLETED,28666.0,111.9,1029.64,1036.01
805,hard,15,12:25:06,12:34:29,13:26:02,COMPLETED,37798.0,51552.2,563.78,3656.76
930,easy,11,13:09:15,13:25:56,13:26:15,COMPLETED,27878.0,324.6,1001.38,1020.51
997,easy,11,13:10:03,13:26:21,13:26:40,COMPLETED,31879.0,322.5,978.89,997.92
896,easy,11,13:10:21,13:26:47,13:26:59,COMPLETED,28395.0,216.4,986.27,998.94
891,medium,13,13:08:18,13:25:37,13:27:18,COMPLETED,33201.0,1699.9,1039.26,1140.94
940,hard,15,13:00:53,13:15:08,13:28:28,COMPLETED,26806.0,13345.5,855.22,1655.69
971,easy,12,13:10:53,13:27:25,13:29:19,COMPLETED,36355.0,1909.8,992.29,1106.53
869,easy,12,13:11:09,13:28:35,13:29:44,COMPLETED,30485.0,1170.8,1046.02,1115.93
914,easy,11,13:11:16,13:29:25,13:29:44,COMPLETED,29828.0,322.8,1089.92,1108.93
1007,easy,11,13:13:07,13:29:51,13:30:17,COMPLETED,32086.0,439.3,1004.31,1030.03
839,medium,14,12:48:39,12:56:38,13:32:06,COMPLETED,33583.0,35485.6,479.18,2607.98
898,easy,11,13:13:58,13:32:13,13:32:20,COMPLETED,29663.0,119.0,1095.52,1102.14
924,easy,12,13:13:10,13:30:23,13:32:39,COMPLETED,28563.0,2269.2,1033.76,1169.62
966,easy,12,13:14:27,13:32:45,13:33:37,COMPLETED,23098.0,869.4,1098.95,1150.61
711,hard,15,12:36:10,12:41:02,13:34:10,COMPLETED,29987.0,53126.5,292.94,3480.24
955,easy,11,13:15:15,13:34:16,13:34:23,COMPLETED,24746.0,115.8,1141.79,1148.21
831,medium,14,12:13:30,12:24:26,13:34:48,COMPLETED,30080.0,70384.9,656.12,4879.00
880,medium,14,13:14:35,13:33:44,13:36:06,COMPLETED,33841.0,2380.0,1149.15,1291.66
907,medium,13,13:14:09,13:32:26,13:36:19,COMPLETED,30626.0,3882.2,1097.70,1330.35
886,easy,12,13:16:19,13:34:55,13:36:25,COMPLETED,31213.0,1508.1,1116.54,1206.68
986,easy,12,13:17:17,13:36:25,13:37:10,COMPLETED,16776.0,744.9,1148.68,1193.02
949,easy,12,13:18:24,13:36:32,13:37:29,COMPLETED,24502.0,957.9,1088.07,1145.19
950,easy,11,13:18:29,13:37:16,13:37:42,COMPLETED,24022.0,431.5,1127.41,1153.00
1018,easy,12,13:16:59,13:36:12,13:38:26,COMPLETED,33572.0,2227.5,1153.99,1287.30
768,hard,15,12:48:43,12:57:03,13:39:17,COMPLETED,36172.0,42224.8,500.95,3034.18
850,medium,13,13:18:33,13:37:48,13:39:23,COMPLETED,27793.0,1594.0,1155.33,1250.57
994,hard,15,13:00:33,13:13:45,13:39:30,COMPLETED,33423.0,25744.2,792.58,2337.01
964,easy,11,13:18:39,13:39:23,13:39:36,COMPLETED,24521.0,219.2,1244.57,1257.38
996,easy,11,13:19:06,13:39:30,13:39:42,COMPLETED,18179.0,218.1,1224.01,1236.76
969,easy,11,13:19:17,13:39:36,13:39:42,COMPLETED,27005.0,112.1,1219.38,1225.76
956,hard,15,13:07:08,13:23:54,13:40:01,COMPLETED,30186.0,16130.9,1006.22,1973.83
937,easy,11,13:19:34,13:39:49,13:40:08,COMPLETED,27409.0,322.6,1215.14,1234.16
953,easy,12,13:15:21,13:34:29,13:40:14,COMPLETED,33857.0,5751.2,1148.78,1493.53
934,easy,11,13:19:45,13:40:08,13:40:58,COMPLETED,32486.0,852.0,1223.16,1273.81
977,easy,12,13:20:28,13:40:20,13:40:58,COMPLETED,25413.0,640.4,1192.90,1230.81
875,easy,11,13:21:03,13:41:05,13:41:18,COMPLETED,29342.0,222.8,1202.36,1215.24
993,easy,12,13:19:29,13:39:42,13:41:24,COMPLETED,32394.0,1710.1,1213.76,1315.78
948,easy,11,13:21:36,13:41:31,13:41:37,COMPLETED,18994.0,114.4,1195.44,1201.80
736,medium,14,12:42:42,12:48:27,13:42:29,COMPLETED,28359.0,54050.7,345.15,3587.96
857,medium,13,13:02:04,13:18:43,13:43:34,COMPLETED,23795.0,24858.9,999.47,2490.62
980,easy,12,13:22:30,13:43:41,13:44:07,COMPLETED,25957.0,441.2,1271.17,1297.34
870,easy,11,13:23:28,13:44:13,13:44:46,COMPLETED,35790.0,544.7,1245.68,1278.07
897,medium,14,13:20:06,13:40:14,13:46:29,COMPLETED,26772.0,6259.8,1208.53,1583.65
919,medium,13,13:19:37,13:39:49,13:46:55,COMPLETED,30876.0,7118.5,1212.14,1638.80
783,medium,14,12:37:07,12:42:06,13:48:18,COMPLETED,31489.0,66200.3,299.40,4271.24
959,medium,14,13:08:49,13:25:50,13:49:27,COMPLETED,30252.0,23636.1,1021.01,2438.92
991,medium,14,13:18:34,13:38:32,13:49:27,COMPLETED,25817.0,10925.8,1198.68,1853.92
998,medium,13,13:22:11,13:42:36,13:50:18,COMPLETED,39074.0,7709.1,1225.34,1687.60
893,hard,15,13:22:10,13:41:44,13:51:02,COMPLETED,30021.0,9315.9,1174.34,1732.98
968,easy,11,13:26:04,13:51:09,13:51:22,COMPLETED,26314.0,216.3,1505.37,1518.03
916,medium,14,13:06:01,13:21:18,13:52:06,COMPLETED,28448.0,30795.9,917.79,2765.32
854,medium,13,13:25:55,13:49:34,13:53:28,COMPLETED,31594.0,3909.2,1419.30,1653.55
985,easy,12,13:26:22,13:52:12,13:53:41,COMPLETED,31137.0,1483.7,1550.65,1639.35
906,easy,11,13:27:13,13:53:47,13:53:54,COMPLETED,29468.0,112.3,1594.70,1601.06
1009,easy,12,13:26:55,13:53:34,13:54:13,COMPLETED,31516.0,641.7,1599.94,1638.14
866,easy,11,13:28:06,13:54:00,13:54:32,COMPLETED,26699.0,532.9,1554.47,1586.15
781,hard,15,12:05:59,12:13:50,13:54:44,COMPLETED,29127.0,100909.1,471.42,6525.83
944,medium,14,13:26:08,13:51:28,13:54:44,COMPLETED,28993.0,3279.4,1520.37,1716.83
1017,easy,12,13:29:27,13:54:51,13:55:10,COMPLETED,29091.0,321.9,1524.17,1543.16
1003,easy,11,13:29:47,13:54:51,13:55:10,COMPLETED,28038.0,321.5,1504.17,1523.16
625,hard,15,11:39:27,11:39:27,13:55:16,COMPLETED,34531.0,135822.5,0.36,8149.52
973,easy,11,13:29:49,13:55:16,13:55:22,COMPLETED,20788.0,112.2,1527.52,1533.93
910,hard,15,13:10:22,13:27:06,13:56:26,COMPLETED,33528.0,29336.2,1004.28,2764.21
752,medium,14,12:31:34,12:37:57,13:56:38,COMPLETED,35953.0,78684.5,383.98,5104.91
1008,easy,11,13:31:46,13:56:32,13:56:38,COMPLETED,25818.0,111.3,1486.55,1492.91
932,easy,11,13:32:54,13:56:45,13:56:51,COMPLETED,22681.0,111.5,1431.25,1437.64
884,easy,11,13:33:22,13:56:57,13:57:23,COMPLETED,29377.0,428.8,1415.97,1441.40
913,easy,12,13:32:56,13:56:45,13:57:49,COMPLETED,23472.0,1071.6,1429.25,1493.10
722,hard,15,12:31:55,12:39:40,13:58:34,COMPLETED,30188.0,78910.7,465.32,5199.82
911,easy,12,13:34:14,13:58:41,13:59:13,COMPLETED,33066.0,542.2,1467.15,1499.18
967,hard,15,13:21:25,13:41:24,14:00:30,COMPLETED,34952.0,19093.2,1199.78,2345.11
1001,medium,14,13:21:08,13:41:05,14:00:49,COMPLETED,34900.0,19734.8,1197.36,2381.25
598,hard,15,11:40:44,11:40:49,14:00:55,COMPLETED,38012.0,140096.8,5.96,8411.58
942,medium,14,13:30:26,13:55:22,14:01:02,COMPLETED,26690.0,5656.6,1496.93,1836.01
938,medium,13,13:31:46,13:55:29,14:01:08,COMPLETED,31825.0,5656.9,1423.29,1762.39
863,easy,12,13:34:44,14:00:36,14:01:14,COMPLETED,22690.0,645.0,1552.47,1590.77
970,easy,12,13:36:11,14:00:55,14:01:21,COMPLETED,25440.0,433.1,1484.58,1510.22
984,easy,11,13:38:02,14:01:14,14:01:46,COMPLETED,26141.0,535.0,1392.77,1424.58
852,easy,11,13:38:15,14:01:27,14:01:52,COMPLETED,30088.0,428.7,1392.61,1417.91
945,easy,12,13:37:39,14:01:08,14:02:12,COMPLETED,20812.0,1066.7,1409.39,1473.07
918,easy,11,13:38:58,14:01:59,14:02:12,COMPLETED,27934.0,217.5,1381.37,1394.07
960,easy,12,13:38:02,14:01:21,14:02:18,COMPLETED,27895.0,960.3,1399.22,1456.44
871,easy,11,13:39:23,14:02:18,14:02:31,COMPLETED,26954.0,219.0,1375.44,1388.27
873,medium,13,13:36:11,14:01:02,14:03:09,COMPLETED,29015.0,2125.7,1491.01,1618.26
979,hard,15,13:23:51,13:47:02,14:03:28,COMPLETED,28239.0,16436.6,1391.38,2377.33
939,easy,12,13:39:13,14:02:18,14:03:41,COMPLETED,29939.0,1382.1,1385.44,1468.08
1000,easy,11,13:40:43,14:03:47,14:04:06,COMPLETED,30570.0,321.2,1384.41,1403.39
982,medium,13,13:39:52,14:02:24,14:05:22,COMPLETED,27578.0,2971.4,1352.88,1530.66
987,easy,12,13:40:28,14:03:34,14:06:07,COMPLETED,29742.0,2557.2,1386.68,1539.70
890,easy,11,13:42:03,14:06:14,14:06:20,COMPLETED,24351.0,118.9,1451.16,1457.79
915,medium,14,13:34:22,13:59:19,14:07:06,COMPLETED,24932.0,7777.4,1497.72,1964.05
954,easy,12,13:42:10,14:06:27,14:07:12,COMPLETED,27572.0,757.9,1457.34,1502.43
901,easy,12,13:40:04,14:03:15,14:07:31,COMPLETED,32224.0,4276.8,1391.59,1647.71
988,easy,12,13:42:19,14:07:12,14:07:57,COMPLETED,26180.0,765.7,1493.43,1538.87
856,easy,11,13:42:33,14:07:38,14:08:04,COMPLETED,27415.0,442.5,1505.27,1531.42
895,easy,11,13:43:40,14:08:10,14:08:17,COMPLETED,23435.0,112.9,1470.86,1477.29
874,easy,11,13:43:21,14:08:04,14:08:48,COMPLETED,37882.13052451504,750.9,1483.42,1527.96
958,medium,14,13:40:52,14:04:12,14:08:55,COMPLETED,28645.0,4719.2,1400.71,1683.53
972,easy,12,13:44:15,14:09:01,14:09:14,COMPLETED,25794.0,222.7,1486.90,1499.76
811,medium,14,12:41:13,12:46:58,14:09:27,COMPLETED,38395.0,82496.3,345.38,5294.90
999,easy,12,13:44:01,14:08:23,14:09:27,COMPLETED,24605.0,1079.3,1462.66,1526.90
876,easy,11,13:46:12,14:09:34,14:09:41,COMPLETED,28733.0,117.2,1402.47,1409.26
904,medium,13,13:46:13,14:09:47,14:11:48,COMPLETED,31741.0,2013.0,1414.66,1535.14
905,medium,14,13:25:58,13:50:24,14:12:32,COMPLETED,31771.0,22131.5,1466.95,2794.60
1014,easy,12,13:47:04,14:11:54,14:12:57,COMPLETED,27356.0,1062.4,1490.47,1553.91
889,medium,13,13:44:30,14:09:34,14:13:04,COMPLETED,32145.0,3501.8,1504.47,1714.24
855,hard,15,13:07:48,13:24:33,14:13:16,COMPLETED,29719.0,48736.5,1005.01,3928.97
887,easy,11,13:47:29,14:13:04,14:13:23,COMPLETED,30028.0,324.0,1535.24,1554.33
909,easy,12,13:47:30,14:13:10,14:13:29,COMPLETED,23924.0,324.5,1540.62,1559.72
860,medium,13,13:48:42,14:13:36,14:14:14,COMPLETED,25924.0,637.9,1494.12,1532.09
929,medium,13,13:42:28,14:07:18,14:14:20,COMPLETED,29597.0,7032.0,1490.85,1912.42
990,medium,13,13:44:26,14:09:21,14:14:20,COMPLETED,34543.0,4991.5,1495.30,1794.42
983,easy,12,13:47:31,14:13:23,14:14:33,COMPLETED,26667.0,1170.8,1552.33,1622.22
961,easy,11,13:48:44,14:14:20,14:14:33,COMPLETED,27803.0,219.7,1536.42,1549.22
471,hard,15,10:43:43,10:43:48,14:14:46,COMPLETED,37355.0,210957.0,5.75,12663.08
1019,easy,11,13:49:52,14:14:39,14:14:52,COMPLETED,28530.0,217.4,1487.65,1500.41
933,easy,11,13:49:41,14:14:39,14:15:17,COMPLETED,32782.0,642.3,1498.65,1536.87
946,easy,12,13:51:48,14:14:58,14:15:17,COMPLETED,26599.0,323.9,1390.78,1409.87
858,hard,15,13:29:10,13:54:38,14:15:24,COMPLETED,31323.0,20768.5,1528.48,2774.24
912,easy,12,13:48:24,14:13:29,14:15:37,COMPLETED,33360.0,2126.8,1505.72,1633.03
861,easy,12,13:52:49,14:15:24,14:15:37,COMPLETED,30638.0,218.0,1355.24,1368.03
868,easy,11,13:53:48,14:15:43,14:15:56,COMPLETED,24901.0,216.6,1315.41,1328.10
978,easy,12,13:53:36,14:15:30,14:16:02,COMPLETED,23679.0,534.9,1314.68,1346.43
865,easy,11,13:54:01,14:15:43,14:16:02,COMPLETED,31463.0,322.3,1302.41,1321.43
908,medium,13,13:54:16,14:16:02,14:16:21,COMPLETED,25438.0,326.9,1306.43,1325.53
935,easy,11,13:54:32,14:16:08,14:16:21,COMPLETED,28087.0,221.2,1296.81,1309.53
927,easy,12,13:51:51,14:15:24,14:17:00,COMPLETED,30103.0,1616.0,1413.24,1509.71
265,hard,15,09:27:32,09:27:32,14:17:07,COMPLETED,37978.0,289590.2,0.02,17375.28
981,easy,11,13:55:36,14:16:28,14:17:13,COMPLETED,27219.0,770.2,1252.13,1297.94
951,medium,13,13:48:49,14:14:26,14:18:24,COMPLETED,25964.0,3970.9,1537.84,1775.80
928,easy,11,13:57:49,14:18:31,14:18:44,COMPLETED,27793.0,227.7,1242.16,1255.34
975,easy,11,13:58:03,14:18:50,14:19:03,COMPLETED,26689.0,223.5,1247.87,1260.77
851,medium,13,13:50:18,14:14:52,14:19:16,COMPLETED,23427.0,4415.1,1474.41,1738.97
925,medium,13,13:55:10,14:16:08,14:19:16,COMPLETED,26785.0,3141.4,1258.81,1446.97
864,easy,12,13:58:14,14:19:10,14:19:23,COMPLETED,26818.0,224.9,1256.32,1269.38
992,easy,12,13:58:37,14:19:29,14:19:42,COMPLETED,25789.0,227.1,1252.86,1265.95
931,easy,12,13:58:16,14:19:23,14:20:09,COMPLETED,29947.0,769.0,1267.38,1313.04
923,medium,13,13:56:47,14:17:13,14:21:00,COMPLETED,22208.0,3785.2,1226.94,1453.77
872,easy,12,13:59:15,14:21:07,14:21:52,COMPLETED,33010.0,766.9,1312.10,1357.61
1010,easy,12,13:58:53,14:19:49,14:21:59,COMPLETED,39636.0,2170.0,1256.52,1386.16
976,medium,13,13:59:14,14:20:15,14:21:59,COMPLETED,26221.0,1736.4,1261.58,1365.16
1079,easy,11,14:00:02,14:22:05,14:22:18,COMPLETED,31423.0,222.3,1323.81,1336.80
334,hard,15,09:48:23,09:48:25,14:23:47,COMPLETED,29039.0,275361.6,2.99,16524.63
1171,easy,12,14:00:23,14:23:53,14:24:19,COMPLETED,26757.0,427.8,1410.96,1436.33
941,hard,15,13:23:39,13:44:52,14:25:22,COMPLETED,29394.0,40505.3,1273.39,3703.51
881,medium,14,13:28:25,13:54:19,14:27:10,COMPLETED,27807.0,32846.7,1554.47,3525.01
1063,easy,12,14:01:12,14:25:28,14:27:10,COMPLETED,26236.0,1692.7,1456.84,1558.01
877,medium,13,13:59:43,14:21:59,14:27:29,COMPLETED,34124.0,5507.5,1336.16,1666.17
885,medium,14,13:44:10,14:08:55,14:28:08,COMPLETED,32111.0,19212.6,1485.53,2638.04
1121,easy,12,14:01:27,14:27:16,14:29:45,COMPLETED,29966.0,2485.5,1549.43,1698.06
1110,easy,12,14:02:00,14:29:51,14:30:37,COMPLETED,37771.0,763.7,1671.66,1717.18
867,medium,13,13:24:56,13:48:24,14:30:43,COMPLETED,37047.0,42323.6,1408.57,3947.50
1124,easy,12,14:02:35,14:30:50,14:31:15,COMPLETED,28258.0,434.7,1695.19,1720.98
989,medium,13,13:58:20,14:19:23,14:31:22,COMPLETED,31992.0,11990.1,1263.38,1982.30
902,medium,14,13:56:42,14:17:07,14:31:54,COMPLETED,42636.0,14801.8,1225.28,2112.97
1021,easy,11,14:02:09,14:30:43,14:32:01,COMPLETED,24206.0,1310.3,1714.50,1792.51
1145,easy,12,14:03:29,14:32:01,14:32:14,COMPLETED,27427.0,222.0,1712.51,1725.54
1151,easy,11,14:03:49,14:32:20,14:32:33,COMPLETED,22765.0,224.7,1711.87,1724.87
439,hard,15,10:40:47,10:40:49,14:33:06,COMPLETED,38684.0,232288.4,2.15,13939.34
1028,easy,11,14:04:18,14:32:40,14:33:38,COMPLETED,32694.0,977.8,1702.39,1760.76
952,hard,15,13:18:31,13:37:35,14:33:57,COMPLETED,27651.0,56373.9,1144.58,4526.81
1169,easy,12,14:03:40,14:32:08,14:34:48,COMPLETED,21410.0,2677.0,1708.19,1868.48
1146,medium,13,14:00:01,14:22:05,14:35:01,COMPLETED,30991.0,12929.4,1324.81,2100.28
1062,easy,12,14:04:30,14:33:45,14:35:01,COMPLETED,25205.0,1275.9,1755.09,1831.28
1161,easy,11,14:05:09,14:35:07,14:35:14,COMPLETED,26737.0,111.5,1798.68,1805.07
1103,easy,11,14:05:16,14:35:07,14:35:20,COMPLETED,23811.0,217.3,1791.68,1804.40
1050,easy,11,14:05:44,14:35:20,14:35:26,COMPLETED,27740.0,112.9,1776.40,1782.78
1066,easy,11,14:05:06,14:34:54,14:35:58,COMPLETED,21223.0,1067.9,1788.85,1852.63
1075,easy,11,14:06:44,14:36:04,14:36:11,COMPLETED,21216.0,111.0,1760.96,1767.32
622,medium,14,11:46:23,11:50:32,14:36:55,COMPLETED,39122.0,166385.7,249.52,10232.55
1118,easy,11,14:07:09,14:37:01,14:37:27,COMPLETED,27430.0,428.7,1792.97,1818.31
1032,easy,11,14:07:13,14:37:33,14:37:40,COMPLETED,19734.0,111.0,1820.71,1827.07
1025,easy,11,14:07:23,14:37:46,14:37:59,COMPLETED,26885.0,218.0,1823.40,1836.13
761,hard,15,12:53:48,13:03:44,14:38:56,COMPLETED,33424.0,95209.5,596.33,6308.65
1183,medium,13,14:06:22,14:35:26,14:39:22,COMPLETED,22397.0,3938.8,1744.78,1980.65
1085,easy,11,14:08:12,14:39:29,14:39:48,COMPLETED,25193.0,334.0,1877.19,1896.81
1147,medium,13,14:00:19,14:22:25,14:40:08,COMPLETED,35967.0,17725.5,1326.28,2389.51
1138,medium,14,14:01:58,14:28:14,14:40:47,COMPLETED,34708.0,12553.2,1576.37,2329.14
1081,easy,12,14:08:36,14:40:14,14:40:47,COMPLETED,26899.0,546.1,1898.91,1931.14
1134,easy,12,14:07:46,14:39:03,14:41:33,COMPLETED,29636.0,2504.7,1877.22,2027.02
1127,easy,11,14:11:56,14:41:39,14:41:45,COMPLETED,23098.0,111.7,1783.57,1789.92
1056,easy,12,14:08:20,14:39:55,14:41:58,COMPLETED,25705.0,2068.7,1895.26,2018.90
1023,medium,14,14:06:24,14:35:33,14:42:05,COMPLETED,31821.0,6543.0,1749.21,2141.45
1044,easy,11,14:11:59,14:41:52,14:42:18,COMPLETED,34548.0,441.4,1793.30,1819.49
584,hard,15,11:33:28,11:33:33,14:42:24,COMPLETED,41094.0,188851.3,5.98,11336.82
1167,easy,12,14:12:08,14:42:05,14:42:24,COMPLETED,27998.0,334.5,1797.45,1816.82
1181,easy,11,14:12:17,14:42:11,14:42:24,COMPLETED,23790.0,228.8,1794.85,1807.82
921,medium,14,13:47:18,14:12:38,14:43:11,COMPLETED,36648.0,30545.2,1520.93,3353.28
936,hard,15,13:05:56,13:20:59,14:43:24,COMPLETED,32542.0,82414.0,903.53,5848.19
1175,medium,13,14:13:36,14:42:31,14:43:50,COMPLETED,35780.0,1306.2,1735.64,1814.04
1158,easy,12,14:13:54,14:43:17,14:44:02,COMPLETED,34431.0,757.4,1763.82,1808.76
1136,easy,12,14:12:25,14:42:24,14:44:28,COMPLETED,23917.0,2076.3,1799.82,1923.93
388,hard,15,10:40:11,10:40:11,14:45:19,COMPLETED,33147.0,245147.6,0.02,14708.80
1155,easy,12,14:15:43,14:44:35,14:45:19,COMPLETED,28519.0,745.1,1732.48,1776.80
1047,medium,14,14:14:15,14:43:30,14:45:45,COMPLETED,31422.0,2249.0,1755.61,1890.27
1107,easy,11,14:16:24,14:45:26,14:45:51,COMPLETED,33192.0,428.1,1742.22,1767.60
1090,easy,12,14:15:26,14:44:09,14:46:48,COMPLETED,27719.0,2661.9,1723.32,1882.76
1004,hard,15,13:34:00,13:57:55,14:47:14,COMPLETED,33207.0,49312.1,1435.64,4394.14
1125,medium,14,14:07:44,14:38:05,14:47:14,COMPLETED,37395.0,9149.5,1821.50,2370.14
1054,easy,11,14:17:45,14:47:20,14:47:33,COMPLETED,29757.0,218.4,1775.55,1788.33
1077,easy,12,14:17:03,14:46:55,14:47:46,COMPLETED,25290.0,856.8,1792.08,1843.15
1102,easy,11,14:18:14,14:47:52,14:48:05,COMPLETED,23586.0,217.8,1778.53,1791.22
1013,hard,15,13:25:20,13:49:34,14:48:11,COMPLETED,38506.0,58625.9,1454.30,4971.63
1064,easy,12,14:18:26,14:48:11,14:48:24,COMPLETED,27161.0,217.4,1785.63,1798.37
1070,easy,12,14:20:03,14:48:30,14:48:43,COMPLETED,29736.0,216.8,1707.70,1720.37
1093,easy,11,14:20:12,14:48:49,14:49:15,COMPLETED,29416.0,426.8,1717.73,1743.03
1162,easy,11,14:20:23,14:49:21,14:49:27,COMPLETED,23284.0,114.2,1738.36,1744.72
1073,medium,13,14:16:00,14:45:26,14:49:53,COMPLETED,32761.0,4461.3,1766.22,2033.43
1048,easy,12,14:22:37,14:49:59,14:50:38,COMPLETED,26050.0,655.4,1642.99,1681.81
1116,medium,13,14:17:22,14:47:20,14:50:51,COMPLETED,26751.0,3531.6,1798.55,2009.97
1109,easy,12,14:23:51,14:50:58,14:52:28,COMPLETED,29990.0,1514.9,1627.52,1717.90
8,hard,15,08:50:14,08:50:14,14:52:35,COMPLETED,27655.0,362353.6,0.37,21741.45
1061,medium,14,14:02:36,14:31:22,14:52:35,COMPLETED,23154.0,21227.9,1726.30,2999.45
1033,easy,11,14:24:46,14:52:35,14:52:42,COMPLETED,23392.0,123.0,1669.45,1676.15
1020,easy,11,14:26:02,14:52:48,14:53:01,COMPLETED,26641.0,225.7,1606.90,1619.92
1174,easy,11,14:25:24,14:52:42,14:53:08,COMPLETED,33023.0,447.1,1638.15,1664.48
1111,easy,12,14:24:58,14:52:42,14:53:47,COMPLETED,30543.0,1094.8,1664.15,1729.36
1117,easy,12,14:26:38,14:53:15,14:54:00,COMPLETED,27885.0,764.5,1597.12,1642.51
1080,easy,12,14:26:36,14:53:08,14:54:20,COMPLETED,32951.0,1206.0,1592.48,1664.35
1115,medium,14,14:09:24,14:40:53,14:54:33,COMPLETED,30012.0,13663.9,1889.72,2709.25
1114,easy,12,14:27:08,14:54:07,14:54:33,COMPLETED,24433.0,443.0,1619.04,1645.25
1139,easy,12,14:27:54,14:54:39,14:54:59,COMPLETED,30300.0,336.2,1605.67,1625.38
1149,easy,11,14:27:53,14:54:39,14:55:05,COMPLETED,20129.0,443.9,1606.67,1632.97
1142,easy,11,14:29:08,14:55:12,14:55:25,COMPLETED,33183.0,222.9,1564.34,1577.27
1086,medium,13,14:28:44,14:55:05,14:56:22,COMPLETED,32160.0,1286.9,1581.97,1658.88
487,hard,15,10:17:16,10:17:20,14:56:48,COMPLETED,40805.0,279462.8,4.49,16772.21
1078,medium,14,14:01:38,14:27:35,14:56:48,COMPLETED,28253.0,29212.6,1557.69,3310.21
1188,easy,11,14:29:37,14:56:29,14:56:54,COMPLETED,31984.0,428.6,1612.21,1637.55
1092,medium,13,14:29:19,14:55:31,14:58:04,COMPLETED,27686.0,2544.2,1572.76,1725.12
1153,medium,13,14:23:13,14:50:45,14:58:10,COMPLETED,29721.0,7423.5,1652.36,2097.46
1178,easy,12,14:30:33,14:58:16,14:58:23,COMPLETED,26970.0,111.2,1663.84,1670.20
1100,medium,13,14:30:04,14:57:00,14:58:29,COMPLETED,25672.0,1482.0,1616.97,1705.53
758,hard,15,12:07:02,12:16:14,14:59:20,COMPLETED,35462.0,163101.1,552.17,10338.15
1041,easy,12,14:27:37,14:54:26,14:59:39,COMPLETED,31014.0,5208.7,1609.90,1922.14
1065,medium,13,14:33:50,14:59:45,15:00:23,COMPLETED,28476.0,637.8,1555.48,1593.44
1157,medium,14,14:09:50,14:40:53,15:01:01,COMPLETED,28615.0,20137.3,1863.72,3071.68
1022,easy,12,14:30:54,14:58:29,15:01:08,COMPLETED,27243.0,2651.2,1655.53,1814.21
1166,easy,12,14:34:37,15:01:08,15:01:27,COMPLETED,27503.0,324.3,1591.21,1610.37
1112,hard,15,14:00:43,14:24:25,15:01:59,COMPLETED,31823.0,37559.7,1422.65,3676.01
1143,easy,11,14:34:58,15:01:14,15:02:18,COMPLETED,31301.0,1062.5,1576.66,1640.05
1057,easy,11,14:35:27,15:02:05,15:02:18,COMPLETED,24334.0,217.8,1598.36,1611.05
1098,medium,13,14:30:26,14:58:10,15:02:24,COMPLETED,32512.0,4239.2,1664.46,1918.46
1106,medium,14,14:12:36,14:42:31,15:03:27,COMPLETED,26118.0,20941.7,1795.64,3051.92
1097,medium,14,14:34:14,15:00:29,15:03:59,COMPLETED,28434.0,3501.1,1575.77,1785.56
1052,medium,14,14:16:54,14:45:57,15:04:25,COMPLETED,29479.0,18455.2,1743.98,2851.01
1105,easy,11,14:38:13,15:04:05,15:04:37,COMPLETED,26313.0,535.7,1552.88,1584.73
35,hard,15,08:08:48,08:08:53,15:08:21,COMPLETED,24189.0,419470.9,5.37,25173.61
1034,easy,11,14:39:08,15:08:27,15:08:40,COMPLETED,25302.0,216.7,1759.98,1772.69
1130,medium,13,14:37:58,15:02:30,15:08:47,COMPLETED,29726.0,6275.1,1472.86,1849.01
1168,easy,12,14:40:27,15:08:53,15:09:18,COMPLETED,28794.0,428.1,1706.41,1731.79
691,hard,15,12:32:53,12:39:53,15:10:15,COMPLETED,32135.0,150379.1,420.07,9442.73
1108,easy,12,14:40:42,15:10:22,15:10:34,COMPLETED,28985.0,216.9,1780.05,1792.77
1126,medium,13,14:35:53,15:02:24,15:11:12,COMPLETED,37043.0,8807.7,1591.46,2119.69
374,hard,15,10:06:57,10:07:01,15:11:19,COMPLETED,33108.0,304291.9,4.60,18262.02
1173,medium,14,14:26:40,14:53:53,15:11:25,COMPLETED,30740.0,17529.7,1633.90,2685.41
1076,hard,15,14:06:49,14:36:17,15:14:48,COMPLETED,30666.0,38521.3,1768.65,4079.72
1137,hard,15,14:16:46,14:45:51,15:15:26,COMPLETED,32419.0,29589.0,1745.60,3520.72
1083,medium,14,14:42:36,15:11:31,15:15:52,COMPLETED,26897.0,4343.2,1735.78,1996.09
1160,medium,13,14:41:16,15:11:19,15:17:02,COMPLETED,33832.0,5733.8,1803.02,2146.58
1091,medium,14,14:39:04,15:04:44,15:17:28,COMPLETED,26646.0,12750.5,1540.06,2304.63
1104,easy,12,14:43:09,15:15:58,15:17:41,COMPLETED,31559.0,1732.5,1969.41,2072.86
1119,medium,13,14:42:51,15:15:33,15:18:40,COMPLETED,29539.0,3125.9,1962.05,2149.28
1074,easy,11,14:44:17,15:18:46,15:19:05,COMPLETED,17842.0,323.0,2069.65,2088.72
995,medium,14,13:33:35,13:57:29,15:19:12,COMPLETED,40658.0,81708.8,1434.72,6337.05
616,hard,15,11:56:33,12:03:41,15:19:18,COMPLETED,33844.0,195616.1,428.57,12165.43
1135,easy,11,14:44:32,15:19:12,15:19:18,COMPLETED,24151.0,112.3,2080.05,2086.43
1101,easy,12,14:44:41,15:19:18,15:19:56,COMPLETED,27435.0,638.8,2077.43,2115.46
1095,medium,14,14:40:06,15:08:47,15:20:28,COMPLETED,32517.0,11690.5,1721.01,2422.18
1096,easy,12,14:44:04,15:17:48,15:20:40,COMPLETED,42369.0,2881.9,2024.42,2196.87
1089,medium,13,14:45:06,15:19:24,15:21:06,COMPLETED,24920.0,1697.0,2058.82,2160.38
1084,medium,14,14:38:23,15:04:31,15:22:09,COMPLETED,33460.0,17640.7,1568.38,2626.57
1088,easy,11,14:46:54,15:22:15,15:22:47,COMPLETED,27514.0,531.9,2121.89,2153.51
1053,easy,11,14:47:44,15:22:53,15:23:12,COMPLETED,33269.0,322.4,2109.83,2128.86
1043,medium,13,14:43:59,15:17:35,15:23:25,COMPLETED,35328.0,5845.7,2016.19,2366.60
1045,medium,14,14:32:44,14:59:26,15:24:41,COMPLETED,35092.0,25259.7,1602.47,3117.78
1144,easy,12,14:48:23,15:23:19,15:24:41,COMPLETED,26953.0,1382.3,2096.20,2178.78
1040,medium,13,14:48:36,15:24:48,15:26:12,COMPLETED,30409.0,1411.5,2172.17,2256.38
1039,medium,13,14:46:41,15:21:12,15:26:44,COMPLETED,32542.0,5541.0,2071.72,2403.69
1176,easy,12,14:49:06,15:26:51,15:28:08,COMPLETED,31640.0,1298.2,2265.25,2342.83
1133,medium,14,14:41:32,15:11:25,15:28:21,COMPLETED,36249.0,16946.4,1793.41,2809.77
582,hard,15,11:03:19,11:03:21,15:28:53,COMPLETED,32951.0,265540.5,2.56,15934.97
1177,hard,15,14:14:59,14:43:56,15:28:53,COMPLETED,29756.0,44964.0,1737.37,4434.97
1180,hard,15,14:35:14,15:01:33,15:31:03,COMPLETED,35784.0,29506.1,1579.70,3349.60
1082,easy,11,14:50:28,15:31:10,15:31:16,COMPLETED,22293.0,113.4,2442.27,2448.71
1150,medium,14,14:42:46,15:14:55,15:31:42,COMPLETED,27240.0,16788.6,1929.05,2936.12
1164,medium,14,14:50:04,15:29:00,15:31:54,COMPLETED,30741.0,2911.4,2336.35,2510.84
1071,easy,11,14:50:34,15:31:48,15:32:07,COMPLETED,25059.0,323.0,2474.46,2493.53
1172,easy,12,14:52:23,15:32:13,15:32:51,COMPLETED,28762.0,637.0,2390.87,2428.79
1046,medium,13,14:52:41,15:32:58,15:34:13,COMPLETED,24041.0,1269.5,2417.12,2492.98
1185,easy,12,14:53:05,15:34:20,15:34:51,COMPLETED,30013.0,532.9,2475.31,2506.98
1187,easy,11,14:53:25,15:34:58,15:35:11,COMPLETED,21295.0,216.8,2493.31,2506.01
845,hard,15,12:06:46,12:15:48,15:36:01,COMPLETED,35487.0,200229.3,542.04,12555.74
1024,easy,11,14:54:01,15:36:08,15:36:21,COMPLETED,27707.0,226.5,2527.06,2540.14
1069,medium,13,14:48:25,15:23:31,15:36:40,COMPLETED,33490.0,13150.9,2106.99,2895.61
1072,easy,11,14:54:07,15:36:47,15:36:53,COMPLETED,26528.0,115.4,2560.16,2566.59
1049,easy,11,14:54:17,15:37:00,15:37:06,COMPLETED,18831.0,116.7,2563.13,2569.77
1159,medium,14,14:31:21,14:58:35,15:38:43,COMPLETED,34019.0,40138.0,1634.92,4042.82
1179,easy,11,14:54:39,15:38:50,15:39:03,COMPLETED,24764.0,227.4,2651.39,2664.53
671,hard,15,11:29:34,11:29:34,15:41:31,COMPLETED,36980.0,251958.7,0.29,15117.74
1016,hard,15,13:03:35,13:19:48,15:41:31,COMPLETED,35545.0,141730.8,973.03,9476.74
1186,easy,12,14:56:33,15:41:38,15:42:10,COMPLETED,31843.0,542.3,2705.32,2737.64
1128,medium,14,14:55:56,15:41:38,15:42:16,COMPLETED,30026.0,650.8,2742.32,2780.97
1184,easy,11,14:56:39,15:42:16,15:42:23,COMPLETED,27190.0,113.1,2737.97,2744.40
1163,easy,11,14:58:16,15:42:29,15:42:42,COMPLETED,27904.0,217.3,2653.79,2666.53
1148,medium,14,14:40:36,15:09:25,15:42:48,COMPLETED,32278.0,33399.9,1729.13,3732.85
1099,easy,11,14:57:01,15:42:23,15:42:55,COMPLETED,25854.0,537.1,2722.40,2754.23
1027,easy,11,14:58:54,15:42:55,15:43:01,COMPLETED,21000.0,112.9,2641.23,2647.66
1026,easy,11,14:59:06,15:43:01,15:43:20,COMPLETED,30852.0,325.1,2635.66,2654.83
1030,easy,11,14:59:32,15:43:27,15:43:33,COMPLETED,22244.0,111.4,2635.19,2641.55
796,hard,15,12:42:15,12:47:36,15:43:52,COMPLETED,32705.0,176269.4,321.48,10897.57
1123,medium,14,14:50:30,15:31:23,15:44:49,COMPLETED,28113.0,13446.9,2453.11,3259.61
974,hard,15,13:12:41,13:29:51,15:45:08,COMPLETED,37602.0,135293.5,1030.31,9147.79
1222,easy,11,15:00:16,15:44:55,15:45:15,COMPLETED,22933.0,326.4,2680.00,2699.18
1129,hard,15,14:41:02,15:10:41,15:45:34,COMPLETED,39791.0,34891.2,1779.09,3872.31
1328,easy,11,15:01:09,15:45:40,15:45:47,COMPLETED,18694.0,111.6,2671.71,2678.11
1355,medium,13,15:00:10,15:43:58,15:46:06,COMPLETED,28507.0,2125.2,2628.90,2756.11
1294,easy,12,15:01:59,15:46:12,15:46:44,COMPLETED,24875.0,533.9,2653.45,2685.11
1323,easy,11,15:02:12,15:46:50,15:46:56,COMPLETED,22391.0,111.2,2678.51,2684.87
1305,easy,11,15:02:25,15:47:03,15:47:09,COMPLETED,29830.0,118.4,2678.20,2684.81
962,medium,14,13:48:52,14:14:26,15:47:35,COMPLETED,36554.0,93153.5,1534.84,7123.86
1189,hard,15,14:01:25,14:27:16,15:47:42,COMPLETED,34706.0,80436.3,1551.43,6377.40
1341,easy,11,15:03:05,15:47:42,15:48:01,COMPLETED,29326.0,331.2,2677.40,2696.78
1242,easy,11,15:03:18,15:48:08,15:48:27,COMPLETED,32026.0,333.6,2690.33,2709.86
1029,medium,14,14:54:58,15:39:10,15:50:11,COMPLETED,29330.0,11027.4,2652.07,3313.23
1094,medium,13,14:48:52,15:26:18,15:50:50,COMPLETED,42294.0,24529.4,2246.91,3718.30
1140,hard,15,14:44:51,15:19:24,15:52:40,COMPLETED,31528.0,33263.8,2073.82,4069.30
1330,medium,14,15:00:55,15:45:15,15:53:19,COMPLETED,31707.0,8071.3,2660.18,3144.19
1236,medium,14,15:02:33,15:47:16,15:54:03,COMPLETED,32913.0,6790.2,2683.35,3090.47
1316,easy,12,15:06:40,15:54:09,15:54:22,COMPLETED,22075.0,216.2,2849.82,2862.49
1087,hard,15,14:49:48,15:28:28,15:54:54,COMPLETED,24873.0,26435.4,2320.31,3906.18
1256,easy,11,15:07:27,15:54:28,15:55:00,COMPLETED,24704.0,535.5,2821.81,2853.56
1216,medium,13,15:07:28,15:55:00,15:55:32,COMPLETED,25968.0,534.5,2852.56,2884.33
1359,medium,13,15:06:04,15:53:25,15:55:45,COMPLETED,30529.0,2329.8,2841.52,2981.01
1299,medium,13,15:04:42,15:50:17,15:56:35,COMPLETED,34891.0,6301.3,2735.83,3113.58
1037,hard,15,14:43:42,15:17:09,15:56:41,COMPLETED,36418.0,39551.2,2007.13,4379.96
1317,easy,11,15:08:10,15:56:41,15:57:01,COMPLETED,26411.0,323.7,2911.96,2931.08
1353,easy,12,15:08:34,15:57:07,15:57:20,COMPLETED,25286.0,216.2,2913.41,2926.08
1212,easy,11,15:08:55,15:57:26,15:57:39,COMPLETED,27892.0,216.1,2911.41,2924.08
1293,medium,13,15:08:15,15:56:48,15:57:45,COMPLETED,24149.0,956.6,2913.34,2970.40
1120,hard,15,14:59:24,15:43:08,16:01:11,COMPLETED,35259.0,18068.2,2624.04,3707.69
1058,hard,15,14:54:31,15:37:13,16:03:53,COMPLETED,31714.0,26675.2,2562.16,4162.29
1291,medium,14,15:07:47,15:55:38,16:04:32,COMPLETED,35529.0,8895.9,2871.66,3405.13
1204,medium,13,15:03:16,15:47:48,16:06:06,COMPLETED,42248.0,18307.5,2672.79,3770.88
1322,easy,12,15:11:09,16:04:38,16:07:23,COMPLETED,29755.0,2748.3,3209.47,3374.07
1059,hard,15,14:46:00,15:20:34,16:07:54,COMPLETED,32760.0,47340.0,2074.51,4914.71
1310,medium,13,15:10:25,16:01:18,16:09:04,COMPLETED,24962.0,7773.7,3053.28,3519.40
1276,easy,12,15:11:43,16:08:01,16:09:10,COMPLETED,29039.0,1167.4,3378.04,3447.75
1264,medium,14,15:10:41,16:03:59,16:09:23,COMPLETED,33867.0,5399.1,3198.83,3522.48
1195,easy,11,15:11:50,16:09:10,16:09:29,COMPLETED,28772.0,324.3,3440.75,3459.82
1309,easy,11,15:11:54,16:09:17,16:09:29,COMPLETED,27181.0,218.4,3443.12,3455.82
1286,easy,11,15:12:05,16:09:29,16:09:36,COMPLETED,19633.0,114.9,3444.82,3451.25
1055,medium,14,14:04:30,14:33:12,16:10:01,COMPLETED,23027.0,96818.8,1722.88,7531.81
1141,medium,14,14:50:40,15:32:01,16:10:14,COMPLETED,30585.0,38227.6,2481.17,4774.62
1300,easy,11,15:14:04,16:10:08,16:10:27,COMPLETED,30157.0,322.7,3364.25,3383.31
1345,easy,11,15:14:08,16:10:20,16:10:27,COMPLETED,24424.0,111.4,3372.95,3379.31
1313,easy,12,15:13:13,16:09:36,16:10:33,COMPLETED,30595.0,962.0,3383.25,3440.65
1344,easy,12,15:14:53,16:10:33,16:10:46,COMPLETED,25048.0,218.1,3340.65,3353.42
1331,easy,11,15:16:02,16:10:40,16:10:46,COMPLETED,28537.0,111.6,3278.06,3284.42
1230,easy,11,15:16:12,16:10:52,16:11:05,COMPLETED,30916.0,215.9,3280.78,3293.47
1243,easy,12,15:12:08,16:09:36,16:11:24,COMPLETED,24276.0,1809.7,3448.25,3556.54
1271,easy,12,15:16:06,16:10:52,16:12:34,COMPLETED,30177.0,1694.8,3286.78,3388.17
1306,medium,13,15:15:04,16:10:33,16:12:46,COMPLETED,35884.0,2224.3,3329.65,3462.86
1223,easy,11,15:16:40,16:12:40,16:12:53,COMPLETED,27045.0,217.2,3360.50,3373.19
1209,easy,12,15:16:40,16:11:30,16:13:12,COMPLETED,28605.0,1695.3,3290.87,3392.23
717,hard,15,12:50:40,13:01:42,16:13:37,COMPLETED,29931.0,191928.0,662.05,12177.63
1301,easy,12,15:17:43,16:13:18,16:13:43,COMPLETED,22262.0,427.8,3335.63,3360.96
1248,easy,12,15:17:21,16:12:59,16:13:50,COMPLETED,30202.0,851.9,3338.57,3389.34
1281,easy,11,15:18:06,16:13:50,16:14:03,COMPLETED,27909.0,217.2,3344.34,3357.07
1196,easy,11,15:17:51,16:13:43,16:14:34,COMPLETED,24887.0,850.3,3352.96,3403.69
1255,medium,13,15:17:12,16:12:53,16:14:59,COMPLETED,32657.0,2121.3,3341.19,3467.99
1275,easy,11,15:19:06,16:14:41,16:15:06,COMPLETED,20277.0,435.4,3335.01,3360.53
200,hard,15,09:40:46,09:40:51,16:15:13,COMPLETED,46462.0,394367.8,5.27,23667.19
793,hard,15,12:42:48,12:48:52,16:15:33,COMPLETED,28249.0,206677.5,364.49,12765.00
1154,hard,15,14:48:37,15:24:48,16:16:12,COMPLETED,33810.0,51402.3,2171.17,5255.05
1215,easy,12,15:20:46,16:15:13,16:16:12,COMPLETED,26849.0,989.6,3267.19,3326.05
1283,medium,13,15:19:39,16:15:06,16:16:18,COMPLETED,25601.0,1208.8,3327.53,3399.62
1235,easy,11,15:21:37,16:16:18,16:16:51,COMPLETED,28570.0,550.4,3281.62,3314.15
1249,easy,11,15:21:48,16:16:25,16:16:51,COMPLETED,29314.0,443.1,3277.11,3303.15
1231,hard,15,15:04:44,15:50:56,16:17:23,COMPLETED,33492.0,26451.0,2772.86,4359.69
1213,easy,12,15:23:01,16:16:57,16:17:30,COMPLETED,24839.0,544.7,3236.74,3269.02
1327,easy,12,15:23:20,16:17:30,16:17:49,COMPLETED,25972.0,325.5,3250.02,3269.26
1042,hard,15,14:38:13,15:03:34,16:19:17,COMPLETED,25633.0,75730.3,1521.26,6064.88
1278,hard,15,15:11:38,16:07:29,16:19:24,COMPLETED,27484.0,11920.0,3351.40,4066.27
1273,easy,12,15:24:24,16:19:30,16:20:15,COMPLETED,29698.0,745.0,3306.69,3351.03
1197,easy,12,15:22:02,16:16:57,16:20:21,COMPLETED,31219.0,3401.3,3295.74,3499.42
1217,easy,12,15:24:02,16:17:55,16:20:27,COMPLETED,21056.0,2543.8,3233.59,3385.87
1335,medium,13,15:18:48,16:13:56,16:20:59,COMPLETED,37408.0,7051.7,3308.71,3731.56
1270,easy,12,15:24:41,16:20:27,16:21:37,COMPLETED,30597.0,1166.8,3346.87,3416.56
1350,easy,11,15:25:50,16:21:43,16:21:56,COMPLETED,23808.0,216.5,3353.93,3366.61
1122,hard,15,14:18:43,14:48:18,16:22:09,COMPLETED,39478.0,93857.5,1775.01,7406.31
1296,easy,12,15:24:49,16:20:34,16:22:09,COMPLETED,32225.0,1589.3,3345.26,3440.31
1332,easy,11,15:26:39,16:22:15,16:22:22,COMPLETED,27050.0,111.7,3336.65,3343.05
1227,medium,14,15:01:05,15:45:21,16:22:28,COMPLETED,28546.0,37117.5,2656.62,4883.38
1312,easy,12,15:25:46,16:21:05,16:22:28,COMPLETED,32836.0,1381.6,3319.88,3402.38
1246,easy,11,15:28:43,16:22:34,16:22:47,COMPLETED,23645.0,225.8,3231.82,3244.95
1238,medium,13,15:21:40,16:16:18,16:22:54,COMPLETED,29874.0,6602.5,3278.62,3674.47
1199,easy,12,15:29:58,16:23:00,16:23:13,COMPLETED,26344.0,221.1,3182.88,3195.80
1205,medium,13,15:28:25,16:22:34,16:24:11,COMPLETED,26565.0,1611.3,3249.82,3346.20
1334,medium,13,15:23:47,16:17:36,16:24:23,COMPLETED,30784.0,6793.1,3229.57,3636.89
1348,easy,12,15:24:27,16:20:21,16:24:30,COMPLETED,37736.0,4152.1,3354.42,3603.22
1266,easy,11,15:30:52,16:24:30,16:24:36,COMPLETED,26832.0,112.2,3218.22,3224.60
1290,easy,12,15:30:49,16:24:17,16:25:47,COMPLETED,29599.0,1508.4,3208.53,3298.56
1193,medium,13,15:31:01,16:24:36,16:25:54,COMPLETED,31373.0,1302.8,3215.60,3293.10
1272,medium,13,15:28:10,16:22:28,16:26:13,COMPLETED,33009.0,3764.0,3258.38,3483.75
1307,easy,12,15:34:28,16:26:20,16:28:10,COMPLETED,27468.0,1835.2,3112.31,3222.12
1260,easy,11,15:35:17,16:28:16,16:28:23,COMPLETED,32150.0,118.3,3179.45,3186.03
1182,medium,14,14:13:30,14:42:31,16:30:42,COMPLETED,32040.0,108188.8,1741.64,8232.97
1218,hard,15,15:04:25,15:48:34,16:31:08,COMPLETED,31663.0,42568.6,2649.39,5203.30
1274,easy,11,15:36:42,16:31:14,16:31:27,COMPLETED,23293.0,216.3,3272.64,3285.31
1319,easy,12,15:36:02,16:28:29,16:31:46,COMPLETED,32848.0,3283.3,3147.59,3344.30
144,hard,15,08:52:58,08:53:00,16:33:08,COMPLETED,37408.0,460127.2,2.96,27610.62
1340,easy,11,15:37:35,16:33:14,16:33:27,COMPLETED,23168.0,217.2,3339.99,3352.73
1295,medium,14,15:36:20,16:30:49,16:33:40,COMPLETED,27975.0,2858.1,3269.30,3440.41
1068,hard,15,14:04:48,14:34:04,16:33:59,COMPLETED,34923.0,119929.9,1756.15,8951.70
1347,easy,12,15:38:30,16:34:06,16:34:19,COMPLETED,23442.0,223.0,3336.27,3349.13
623,hard,15,11:49:30,11:56:31,16:34:51,COMPLETED,37291.0,278331.2,421.88,17121.69
1038,medium,14,14:49:49,15:29:00,16:34:51,COMPLETED,27042.0,65859.6,2351.35,6302.69
1351,easy,11,15:38:46,16:34:58,16:35:11,COMPLETED,24801.0,228.0,3372.14,3385.32
1337,easy,12,15:38:05,16:33:34,16:35:24,COMPLETED,29218.0,1845.1,3329.05,3439.29
1219,easy,11,15:39:27,16:35:30,16:35:37,COMPLETED,26692.0,118.5,3363.83,3370.45
167,hard,15,08:08:48,08:08:53,16:35:56,COMPLETED,31683.0,507057.7,5.37,30428.85
1262,medium,13,15:38:11,16:33:46,16:36:03,COMPLETED,24989.0,2286.3,3335.83,3472.42
1002,hard,15,13:29:57,13:55:16,16:36:10,COMPLETED,34552.0,160896.5,1519.52,11173.09
1357,easy,11,15:41:14,16:36:16,16:36:23,COMPLETED,25889.0,114.6,3302.74,3309.31
1191,easy,12,15:41:01,16:36:03,16:36:42,COMPLETED,33877.0,663.4,3302.42,3341.74
1251,medium,13,15:42:07,16:36:49,16:37:15,COMPLETED,23291.0,437.5,3282.29,3308.24
1201,easy,12,15:41:13,16:36:10,16:37:47,COMPLETED,22178.0,1634.7,3297.09,3394.69
1338,medium,13,15:40:58,16:35:43,16:38:13,COMPLETED,25913.0,2501.4,3285.99,3435.57
1289,easy,12,15:42:50,16:37:21,16:38:26,COMPLETED,30841.0,1092.3,3271.57,3336.75
1261,easy,11,15:45:31,16:38:33,16:39:18,COMPLETED,25456.0,766.9,3182.16,3227.66
892,medium,14,13:39:54,14:02:37,16:40:04,COMPLETED,41893.0,157441.4,1363.65,10810.05
1051,hard,15,14:18:02,14:47:39,16:40:16,COMPLETED,38126.0,112619.0,1777.72,8534.74
1233,medium,13,15:44:13,16:38:20,16:40:29,COMPLETED,33343.0,2159.6,3247.14,3376.43
1284,medium,14,15:37:10,16:31:52,16:40:42,COMPLETED,31756.0,8830.0,3282.63,3812.12
1336,easy,11,15:46:30,16:40:35,16:40:42,COMPLETED,31115.0,112.4,3245.76,3252.12
1314,easy,12,15:46:31,16:40:48,16:41:07,COMPLETED,23852.0,323.7,3257.52,3276.62
1324,medium,13,15:45:53,16:40:10,16:41:13,COMPLETED,30622.0,1065.6,3257.38,3320.98
1269,easy,12,15:46:08,16:40:23,16:41:26,COMPLETED,24194.0,1065.8,3255.08,3318.72
1352,easy,11,15:47:10,16:41:13,16:41:26,COMPLETED,26990.0,217.7,3243.98,3256.72
1247,easy,11,15:47:26,16:41:33,16:41:52,COMPLETED,27568.0,323.3,3247.07,3266.16
900,hard,15,13:00:36,13:14:30,16:42:17,COMPLETED,37792.0,207787.8,834.27,13301.46
1226,easy,12,15:48:18,16:42:23,16:42:42,COMPLETED,24924.0,321.3,3245.79,3264.77
1234,easy,11,15:49:23,16:42:49,16:43:27,COMPLETED,33749.0,638.8,3206.10,3244.12
1220,medium,13,15:39:00,16:34:58,16:44:24,COMPLETED,36231.0,9434.3,3358.14,3924.02
1190,hard,15,15:45:38,16:39:25,16:44:36,COMPLETED,31386.0,5196.1,3227.22,3538.72
1329,medium,13,15:46:56,16:40:48,16:44:36,COMPLETED,34504.0,3806.9,3232.52,3460.72
1268,easy,12,15:49:31,16:43:33,16:44:43,COMPLETED,29584.0,1166.3,3242.45,3312.05
1302,easy,12,15:49:56,16:44:43,16:44:55,COMPLETED,25138.0,217.1,3287.05,3299.82
1211,easy,11,15:50:04,16:45:02,16:45:15,COMPLETED,29485.0,219.4,3298.15,3311.01
1253,easy,12,15:49:48,16:44:30,16:46:38,COMPLETED,25159.0,2147.7,3282.36,3410.74
1031,medium,14,14:58:20,15:42:48,16:47:17,COMPLETED,34182.0,64485.7,2668.85,6537.72
1282,easy,12,15:50:31,16:46:45,16:47:50,COMPLETED,29272.0,1093.0,3374.29,3439.38
1259,medium,13,15:50:45,16:47:56,16:49:59,COMPLETED,22384.0,2051.5,3431.93,3554.52
1267,easy,12,15:51:13,16:50:06,16:50:31,COMPLETED,26714.0,439.5,3533.05,3558.93
1221,easy,12,15:51:59,16:50:38,16:50:51,COMPLETED,20974.0,224.8,3519.46,3532.35
1315,medium,14,15:50:04,16:44:49,16:51:42,COMPLETED,18318.0,6891.6,3285.47,3698.68
1342,medium,14,15:39:07,16:35:17,16:51:55,COMPLETED,34003.0,16630.2,3370.87,4368.40
1263,hard,15,15:18:56,16:14:09,16:52:14,COMPLETED,33572.0,38087.8,3313.40,5598.47
1288,easy,11,15:53:43,16:52:01,16:52:14,COMPLETED,28563.0,217.1,3498.76,3511.47
965,hard,15,13:55:40,14:16:28,16:52:39,COMPLETED,33414.0,156194.9,1248.13,10619.82
1206,easy,12,15:54:28,16:52:20,16:52:52,COMPLETED,23579.0,533.5,3472.80,3504.52
1194,easy,12,15:54:39,16:52:20,16:52:52,COMPLETED,31752.0,533.1,3461.80,3493.52
1303,easy,12,15:55:04,16:52:58,16:53:11,COMPLETED,26745.0,216.2,3474.86,3487.56
1225,easy,12,15:54:51,16:52:46,16:53:17,COMPLETED,23850.0,535.1,3475.16,3506.89
1308,medium,13,15:53:06,16:51:49,16:54:08,COMPLETED,24148.0,2329.9,3523.01,3662.51
1208,easy,12,15:55:19,16:53:24,16:54:52,COMPLETED,29272.0,1482.0,3485.30,3573.86
1237,hard,15,15:13:50,16:09:42,16:55:11,COMPLETED,32498.0,45490.5,3352.76,6081.99
1198,medium,14,15:38:30,16:34:25,16:55:18,COMPLETED,35195.0,20883.2,3355.69,4608.36
1229,easy,12,15:56:28,16:55:24,16:55:43,COMPLETED,26974.0,323.5,3536.80,3555.91
1203,medium,14,15:41:39,16:36:29,16:55:50,COMPLETED,30652.0,19348.2,3290.64,4451.25
1356,easy,11,15:56:57,16:55:56,16:56:09,COMPLETED,26530.0,217.7,3539.62,3552.30
1257,easy,11,15:56:58,16:56:15,16:56:41,COMPLETED,33820.0,437.7,3557.71,3583.48
1244,medium,13,15:55:41,16:55:18,16:56:48,COMPLETED,29745.0,1503.8,3577.36,3667.01
1277,hard,15,15:21:04,16:15:19,16:56:54,COMPLETED,31852.0,41587.4,3255.83,5750.65
1349,easy,12,15:57:23,16:56:54,16:57:53,COMPLETED,24359.0,981.9,3571.65,3630.22
1202,medium,13,15:55:35,16:54:59,16:57:59,COMPLETED,23583.0,3015.4,3564.25,3744.61
1200,easy,12,15:57:25,16:57:01,16:58:12,COMPLETED,22073.0,1198.6,3576.31,3647.73
1285,easy,12,15:57:26,16:57:59,16:58:19,COMPLETED,25023.0,337.7,3633.61,3653.29
1241,easy,11,15:59:04,16:58:25,16:58:32,COMPLETED,26973.0,117.8,3561.94,3568.52
1254,easy,12,15:58:01,16:58:06,16:59:43,COMPLETED,33234.0,1634.1,3605.24,3702.79
1410,easy,11,16:00:14,16:59:50,17:00:16,COMPLETED,26998.0,445.0,3576.34,3602.50
1250,medium,13,15:55:01,16:52:58,17:00:29,COMPLETED,28937.0,7522.4,3477.86,3928.74
1258,medium,14,15:55:21,16:54:14,17:00:29,COMPLETED,28986.0,6257.0,3533.84,3908.74
1318,medium,14,15:53:06,16:50:58,17:01:02,COMPLETED,30865.0,10080.5,3472.01,4076.41
1400,easy,12,16:03:38,17:01:08,17:01:21,COMPLETED,30050.0,220.5,3450.95,3463.64
1297,medium,13,15:59:36,16:58:39,17:01:41,COMPLETED,28913.0,3047.3,3543.06,3725.44
1471,easy,11,16:04:19,17:01:47,17:02:01,COMPLETED,26205.0,227.3,3448.97,3462.12
1423,easy,12,16:02:57,17:00:36,17:02:07,COMPLETED,26811.0,1530.7,3459.34,3550.65
1518,easy,12,16:04:08,17:01:28,17:02:33,COMPLETED,23845.0,1096.7,3440.22,3505.73
1304,hard,15,15:05:54,15:52:46,17:04:21,COMPLETED,32175.0,71579.2,2812.88,7107.47
1280,medium,14,15:57:15,16:56:48,17:04:21,COMPLETED,35213.0,7562.4,3573.01,4026.47
1401,easy,11,16:06:10,17:04:27,17:04:34,COMPLETED,25849.0,111.3,3497.81,3504.24
1521,medium,14,16:05:50,17:02:40,17:04:46,COMPLETED,27170.0,2119.5,3410.06,3536.93
1035,medium,14,14:20:29,14:49:34,17:04:53,COMPLETED,41077.0,135319.3,1745.25,9864.26
1417,easy,12,16:06:11,17:04:40,17:04:59,COMPLETED,30190.0,323.6,3509.57,3528.64
1409,easy,11,16:06:20,17:04:59,17:05:06,COMPLETED,27922.0,112.2,3519.64,3526.02
1156,hard,15,14:30:00,14:56:54,17:05:50,COMPLETED,31721.0,128931.2,1614.55,9350.36
1477,easy,11,16:08:40,17:05:56,17:06:09,COMPLETED,20868.0,218.1,3436.69,3449.42
1131,hard,15,14:59:33,15:43:39,17:06:28,COMPLETED,33124.0,82812.0,2646.90,7615.48
1207,hard,15,15:10:11,15:57:51,17:06:41,COMPLETED,30413.0,68826.9,2860.76,6990.20
1433,medium,13,16:05:56,17:04:27,17:07:06,COMPLETED,29451.0,2653.4,3511.81,3670.70
1435,easy,12,16:09:40,17:06:34,17:07:06,COMPLETED,28053.0,537.2,3414.82,3446.70
1466,medium,13,16:02:20,17:00:36,17:07:13,COMPLETED,35366.0,6618.6,3496.34,3893.08
1437,easy,11,16:10:42,17:07:13,17:07:32,COMPLETED,20948.0,329.8,3391.08,3410.43
1361,medium,13,16:07:12,17:05:06,17:07:51,COMPLETED,29006.0,2764.9,3474.02,3639.65
1460,medium,13,16:09:05,17:06:15,17:08:43,COMPLETED,24759.0,2460.0,3430.80,3578.12
1385,easy,12,16:10:25,17:06:47,17:08:43,COMPLETED,30542.0,1930.6,3382.58,3498.12
1513,easy,12,16:12:17,17:07:38,17:08:55,COMPLETED,28246.0,1286.5,3321.97,3398.85
1192,hard,15,15:47:31,16:41:33,17:09:21,COMPLETED,33298.0,27812.4,3242.07,4910.50
1474,medium,14,16:12:17,17:07:19,17:09:21,COMPLETED,25798.0,2041.4,3302.53,3424.50
1478,easy,12,16:13:37,17:08:49,17:09:28,COMPLETED,33107.0,649.5,3312.46,3351.08
1239,hard,15,15:28:46,16:22:54,17:09:41,COMPLETED,31034.0,46781.6,3248.47,6055.07
1406,easy,12,16:13:51,17:08:49,17:09:41,COMPLETED,30586.0,867.9,3298.46,3350.07
1461,easy,11,16:15:23,17:09:34,17:09:41,COMPLETED,15958.0,119.3,3251.47,3258.07
1373,easy,11,16:16:14,17:09:47,17:10:07,COMPLETED,29331.0,334.7,3213.68,3233.43
1527,easy,11,16:15:52,17:09:47,17:10:20,COMPLETED,32438.0,555.1,3235.68,3268.57
1311,medium,14,15:49:51,16:44:43,17:10:33,COMPLETED,31185.0,25845.6,3292.05,4842.57
1413,easy,12,16:08:23,17:05:12,17:10:46,COMPLETED,36725.0,5572.7,3409.40,3743.50
1502,easy,12,16:15:27,17:09:47,17:10:46,COMPLETED,24376.0,985.5,3260.68,3319.50
1443,easy,12,16:16:26,17:10:13,17:10:46,COMPLETED,30862.0,547.7,3227.95,3260.50
1407,medium,13,16:16:48,17:10:39,17:11:51,COMPLETED,30751.0,1199.2,3231.90,3303.38
1479,easy,12,16:17:00,17:10:52,17:12:49,COMPLETED,28116.0,1945.6,3232.85,3349.31
1379,easy,12,16:17:15,17:10:52,17:13:02,COMPLETED,31790.0,2161.7,3217.85,3347.23
1252,hard,15,15:30:15,16:23:20,17:13:15,COMPLETED,32295.0,49925.0,3185.18,6180.45
1287,medium,14,15:59:02,16:58:19,17:13:21,COMPLETED,34472.0,15052.2,3557.29,4459.87
1428,medium,13,16:13:14,17:07:57,17:13:35,COMPLETED,24581.0,5622.7,3283.98,3621.07
1389,easy,11,16:18:40,17:13:21,17:13:41,COMPLETED,30430.0,332.5,3281.87,3301.42
1463,easy,11,16:18:54,17:13:28,17:13:41,COMPLETED,22051.0,221.0,3274.58,3287.42
1459,easy,12,16:19:30,17:13:41,17:14:00,COMPLETED,24615.0,326.5,3251.42,3270.69
1113,hard,15,14:54:04,15:36:27,17:14:57,COMPLETED,32913.0,98500.5,2543.69,8453.59
1434,hard,15,16:05:43,17:02:14,17:15:03,COMPLETED,31806.0,12831.4,3391.33,4160.93
1515,easy,12,16:19:57,17:15:10,17:15:35,COMPLETED,20736.0,428.8,3313.32,3338.69
1524,easy,12,16:20:03,17:15:42,17:16:07,COMPLETED,27449.0,430.0,3339.07,3364.51
753,medium,14,12:45:52,12:54:50,17:16:13,COMPLETED,44094.0,261390.7,538.59,16221.90
1496,medium,13,16:19:39,17:14:07,17:17:11,COMPLETED,27972.0,3072.8,3268.05,3452.07
1298,medium,14,15:50:36,16:47:24,17:17:23,COMPLETED,28440.0,29995.4,3408.29,5207.81
1529,medium,13,16:19:37,17:13:47,17:17:49,COMPLETED,30321.0,4025.0,3250.87,3492.14
1427,easy,12,16:20:37,17:17:17,17:18:14,COMPLETED,35604.0,954.9,3400.46,3457.45
1525,easy,12,16:20:47,17:17:30,17:18:14,COMPLETED,29751.0,743.8,3403.14,3447.45
1451,medium,14,16:14:14,17:09:28,17:18:20,COMPLETED,34444.0,8887.8,3314.08,3846.80
1374,medium,13,16:16:43,17:10:27,17:20:02,COMPLETED,31178.0,9596.7,3224.12,3799.68
1358,hard,15,15:24:21,16:19:24,17:20:09,COMPLETED,33786.0,60750.0,3303.27,6948.01
1378,medium,13,16:19:33,17:13:47,17:20:09,COMPLETED,33833.0,6359.2,3254.87,3636.01
1522,medium,14,16:17:55,17:13:08,17:20:15,COMPLETED,31736.0,7118.3,3313.76,3740.50
1511,easy,11,16:22:29,17:20:15,17:20:34,COMPLETED,23773.0,324.3,3466.50,3485.69
1292,hard,15,15:09:33,15:57:45,17:20:41,COMPLETED,32263.0,82930.1,2892.40,7868.03
1492,easy,12,16:22:32,17:20:21,17:20:41,COMPLETED,28626.0,323.7,3469.95,3489.03
1430,easy,11,16:22:41,17:20:41,17:20:47,COMPLETED,26065.0,112.3,3480.03,3486.40
1403,easy,11,16:24:01,17:20:47,17:21:00,COMPLETED,29335.0,216.9,3406.40,3419.16
1505,easy,12,16:23:59,17:20:47,17:21:06,COMPLETED,21360.0,323.8,3408.40,3427.49
1486,easy,12,16:24:14,17:20:53,17:21:06,COMPLETED,25231.0,217.5,3399.80,3412.49
1325,hard,15,15:55:18,16:53:17,17:21:19,COMPLETED,37711.0,28026.3,3479.89,5161.27
1444,easy,12,16:21:44,17:20:09,17:21:19,COMPLETED,21488.0,1175.9,3505.01,3575.27
1465,easy,11,16:25:30,17:21:12,17:21:31,COMPLETED,31964.0,322.8,3342.88,3361.99
1420,easy,11,16:24:51,17:21:06,17:21:44,COMPLETED,28684.0,642.6,3375.49,3413.68
1411,easy,12,16:22:08,17:20:15,17:22:16,COMPLETED,34528.0,2019.4,3487.50,3608.38
1402,easy,12,16:28:49,17:22:22,17:22:35,COMPLETED,27268.0,216.2,3213.71,3226.38
1362,medium,14,16:06:12,17:04:53,17:22:48,COMPLETED,31230.0,17916.8,3521.26,4596.05
1343,medium,14,15:11:36,16:06:13,17:23:13,COMPLETED,39294.0,77002.4,3277.35,7897.36
1503,medium,13,16:21:40,17:18:20,17:23:32,COMPLETED,25228.0,5196.2,3400.80,3712.40
1415,easy,12,16:27:59,17:21:38,17:23:51,COMPLETED,30536.0,2223.8,3219.32,3352.42
1398,easy,11,16:29:24,17:23:38,17:23:51,COMPLETED,23320.0,217.4,3254.74,3267.42
1442,easy,12,16:29:17,17:23:19,17:24:10,COMPLETED,28366.0,853.8,3242.69,3293.63
1462,easy,12,16:29:41,17:23:57,17:24:10,COMPLETED,28823.0,218.8,3256.81,3269.63
1473,hard,15,16:27:23,17:21:25,17:24:16,COMPLETED,28836.0,2862.3,3242.61,3413.97
1426,medium,13,16:21:18,17:18:20,17:24:29,COMPLETED,31305.0,6155.1,3422.80,3791.84
1418,easy,11,16:30:46,17:24:23,17:24:29,COMPLETED,26073.0,112.0,3217.45,3223.84
1408,easy,11,16:30:33,17:24:16,17:24:42,COMPLETED,23509.0,431.7,3223.97,3249.57
1448,easy,11,16:30:58,17:24:36,17:24:42,COMPLETED,24355.0,111.7,3218.19,3224.57
1528,easy,12,16:30:44,17:24:16,17:24:55,COMPLETED,26119.0,643.0,3212.97,3251.30
1367,easy,12,16:31:06,17:24:36,17:25:08,COMPLETED,34178.0,537.7,3210.19,3242.20
1506,easy,11,16:32:19,17:24:48,17:25:08,COMPLETED,25955.0,326.0,3149.92,3169.20
1422,easy,12,16:29:54,17:23:57,17:25:27,COMPLETED,26642.0,1497.6,3243.81,3333.23
1449,medium,14,16:05:15,17:02:07,17:25:53,COMPLETED,33828.0,23766.9,3412.65,4838.31
1517,medium,14,16:28:54,17:22:54,17:26:25,COMPLETED,34691.0,3519.5,3240.38,3451.27
1369,easy,12,16:31:50,17:24:48,17:26:37,COMPLETED,39381.0,1823.7,3178.92,3287.99
1493,easy,11,16:34:48,17:26:44,17:26:57,COMPLETED,29673.0,216.7,3116.39,3129.08
1452,easy,12,16:34:29,17:26:31,17:27:35,COMPLETED,25784.0,1062.3,3122.60,3186.04
1454,medium,13,16:32:41,17:25:01,17:27:54,COMPLETED,27601.0,2878.2,3140.63,3313.05
1472,easy,11,16:35:28,17:27:41,17:28:06,COMPLETED,26430.0,428.6,3133.37,3158.73
1475,medium,14,16:19:50,17:15:03,17:28:38,COMPLETED,24127.0,13579.8,3313.93,4128.48
1399,hard,15,16:14:33,17:09:28,17:28:44,COMPLETED,33442.0,19283.0,3295.08,4451.82
1453,medium,13,16:36:18,17:28:51,17:29:22,COMPLETED,25312.0,533.8,3153.24,3184.89
1455,medium,13,16:34:51,17:27:03,17:29:29,COMPLETED,27188.0,2436.7,3132.42,3278.29
1456,medium,13,16:36:05,17:28:13,17:29:42,COMPLETED,30022.0,1486.5,3128.12,3217.01
1508,medium,14,16:20:15,17:16:13,17:31:16,COMPLETED,32835.0,15053.9,3358.90,4261.90
1436,medium,13,16:36:42,17:29:48,17:31:29,COMPLETED,32024.0,1692.3,3186.35,3287.59
1491,easy,12,16:37:05,17:31:23,17:32:08,COMPLETED,18993.0,760.8,3258.23,3303.34
1470,easy,11,16:37:07,17:31:35,17:32:21,COMPLETED,34033.0,765.4,3268.92,3314.33
1370,easy,11,16:37:11,17:32:27,17:32:40,COMPLETED,25888.0,221.0,3316.91,3329.81
1519,medium,14,16:36:17,17:28:44,17:33:45,COMPLETED,32311.0,5011.5,3147.82,3448.16
1512,medium,13,16:33:32,17:25:59,17:34:11,COMPLETED,27498.0,8192.7,3147.87,3639.16
1432,easy,11,16:38:22,17:33:51,17:34:23,COMPLETED,24088.0,546.1,3329.56,3361.83
1364,easy,11,16:39:06,17:34:30,17:34:36,COMPLETED,22125.0,112.0,3324.39,3330.80
1228,hard,15,15:32:02,16:26:00,17:34:43,COMPLETED,30387.0,68711.7,3238.83,7361.13
1441,easy,12,16:39:02,17:34:17,17:34:56,COMPLETED,28184.0,652.9,3315.48,3354.17
1498,easy,12,16:40:14,17:34:43,17:36:01,COMPLETED,33727.0,1306.8,3269.13,3347.02
1393,easy,12,16:40:25,17:34:49,17:36:07,COMPLETED,24916.0,1302.0,3264.81,3342.60
1482,easy,11,16:41:31,17:36:13,17:36:33,COMPLETED,36366.0,332.5,3282.96,3302.42
1450,hard,15,16:25:00,17:21:12,17:37:57,COMPLETED,32474.0,16750.0,3372.88,4377.64
1363,medium,13,16:41:33,17:36:39,17:38:03,COMPLETED,23236.0,1405.9,3306.96,3390.97
1321,hard,15,15:31:08,16:24:42,17:43:01,COMPLETED,31779.0,78312.0,3214.99,7913.45
1416,hard,15,16:28:10,17:21:51,17:43:34,COMPLETED,32435.0,21723.3,3221.10,4524.11
1414,easy,11,16:41:49,17:43:07,17:43:40,COMPLETED,27139.0,555.7,3678.99,3711.64
1484,medium,14,16:27:18,17:21:25,17:44:06,COMPLETED,31753.0,22693.7,3247.61,4608.99
1495,easy,12,16:41:55,17:43:40,17:44:51,COMPLETED,24089.0,1194.8,3705.64,3776.85
1440,easy,12,16:43:02,17:44:58,17:45:11,COMPLETED,26266.0,228.4,3716.40,3729.60
1485,hard,15,16:10:42,17:07:13,17:47:01,COMPLETED,32292.0,39816.9,3391.08,5779.78
1371,easy,12,16:43:21,17:47:08,17:47:53,COMPLETED,31673.0,759.8,3827.32,3872.37
260,hard,15,09:04:41,09:04:42,17:49:54,COMPLETED,27643.0,525210.7,1.36,31513.99
1383,medium,14,16:41:14,17:36:07,17:50:45,COMPLETED,29579.0,14638.7,3293.60,4171.64
1447,medium,14,16:41:39,17:38:03,17:51:17,COMPLETED,30639.0,13228.6,3384.97,4178.38
1424,easy,12,16:44:27,17:47:59,17:51:23,COMPLETED,39344.0,3403.1,3812.94,4016.75
1333,medium,14,15:56:28,16:55:50,17:53:49,COMPLETED,30368.0,57986.4,3562.25,7041.25
1412,medium,14,16:42:59,17:44:13,17:54:14,COMPLETED,31491.0,10030.4,3674.32,4275.69
1375,medium,13,16:44:41,17:50:01,17:55:51,COMPLETED,30826.0,5841.0,3920.32,4270.50
1497,easy,12,16:46:56,17:55:57,17:56:56,COMPLETED,27517.0,984.8,4141.82,4200.53
1265,medium,14,15:50:15,16:45:21,17:57:22,COMPLETED,34859.0,72018.7,3306.34,7627.29
1404,easy,11,16:47:21,17:57:02,17:57:22,COMPLETED,26687.0,327.7,4181.94,4201.29
1425,easy,11,16:47:48,17:57:28,17:57:35,COMPLETED,21877.0,114.9,4180.62,4187.06
878,hard,15,13:40:52,14:05:29,17:57:54,COMPLETED,33941.0,232427.1,1477.23,15422.72
1523,hard,15,16:17:31,17:12:55,17:59:31,COMPLETED,31432.0,46610.9,3324.63,6120.96
1468,medium,14,16:44:51,17:50:51,17:59:31,COMPLETED,33842.0,8674.7,3960.98,4480.96
129,hard,15,08:54:32,08:54:33,18:00:00,UNFINISHED,-1,-1,-1
239,hard,15,09:35:12,09:35:17,18:00:00,UNFINISHED,-1,-1,-1
225,hard,15,09:42:22,09:42:27,18:00:00,UNFINISHED,-1,-1,-1
377,hard,15,10:17:37,10:17:40,18:00:00,UNFINISHED,-1,-1,-1
562,hard,15,11:45:26,11:47:19,18:00:00,UNFINISHED,-1,-1,-1
614,hard,15,11:56:45,12:04:26,18:00:00,UNFINISHED,-1,-1,-1
724,hard,15,12:24:55,12:33:37,18:00:00,UNFINISHED,-1,-1,-1
700,hard,15,12:39:03,12:44:00,18:00:00,UNFINISHED,-1,-1,-1
712,hard,15,12:40:56,12:45:23,18:00:00,UNFINISHED,-1,-1,-1
723,hard,15,12:41:05,12:46:01,18:00:00,UNFINISHED,-1,-1,-1
776,hard,15,12:43:10,12:48:52,18:00:00,UNFINISHED,-1,-1,-1
710,hard,15,12:49:34,13:00:04,18:00:00,UNFINISHED,-1,-1,-1
1015,hard,15,13:10:01,13:26:09,18:00:00,UNFINISHED,-1,-1,-1
862,hard,15,13:23:50,13:46:36,18:00:00,UNFINISHED,-1,-1,-1
1005,hard,15,13:38:16,14:01:52,18:00:00,UNFINISHED,-1,-1,-1
882,hard,15,13:57:26,14:17:20,18:00:00,UNFINISHED,-1,-1,-1
1060,hard,15,14:03:15,14:31:28,18:00:00,UNFINISHED,-1,-1,-1
1036,hard,15,14:29:56,14:56:54,18:00:00,UNFINISHED,-1,-1,-1
1067,hard,15,14:35:42,15:02:24,18:00:00,UNFINISHED,-1,-1,-1
1165,hard,15,14:45:20,15:20:02,18:00:00,UNFINISHED,-1,-1,-1
1152,hard,15,14:46:01,15:20:47,18:00:00,UNFINISHED,-1,-1,-1
1170,hard,15,14:49:28,15:28:15,18:00:00,UNFINISHED,-1,-1,-1
1132,hard,15,14:53:38,15:35:17,18:00:00,UNFINISHED,-1,-1,-1
1224,medium,14,15:01:39,15:45:53,18:00:00,UNFINISHED,-1,-1,-1
1326,hard,15,15:07:29,15:55:06,18:00:00,UNFINISHED,-1,-1,-1
1279,hard,15,15:08:07,15:55:51,18:00:00,UNFINISHED,-1,-1,-1
1240,hard,15,15:16:17,16:11:11,18:00:00,UNFINISHED,-1,-1,-1
1354,hard,15,15:21:05,16:15:39,18:00:00,UNFINISHED,-1,-1,-1
1232,hard,15,15:26:00,16:22:02,18:00:00,UNFINISHED,-1,-1,-1
1210,hard,15,15:28:07,16:22:15,18:00:00,UNFINISHED,-1,-1,-1
1320,hard,15,15:31:49,16:25:54,18:00:00,UNFINISHED,-1,-1,-1
1346,hard,15,15:37:08,16:31:33,18:00:00,UNFINISHED,-1,-1,-1
1245,hard,15,15:43:41,16:37:54,18:00:00,UNFINISHED,-1,-1,-1
1339,hard,15,15:47:21,16:41:20,18:00:00,UNFINISHED,-1,-1,-1
1214,hard,15,15:47:54,16:41:58,18:00:00,UNFINISHED,-1,-1,-1
1457,hard,15,16:00:24,17:00:23,18:00:00,UNFINISHED,-1,-1,-1
1501,hard,15,16:14:09,17:09:02,18:00:00,UNFINISHED,-1,-1,-1
1446,hard,15,16:17:03,17:10:52,18:00:00,UNFINISHED,-1,-1,-1
1439,hard,15,16:17:29,17:11:57,18:00:00,UNFINISHED,-1,-1,-1
1396,hard,15,16:20:23,17:16:20,18:00:00,UNFINISHED,-1,-1,-1
1391,hard,15,16:20:50,17:17:55,18:00:00,UNFINISHED,-1,-1,-1
1405,hard,15,16:21:41,17:18:27,18:00:00,UNFINISHED,-1,-1,-1
1516,hard,15,16:28:49,17:22:41,18:00:00,UNFINISHED,-1,-1,-1
1419,medium,14,16:32:51,17:25:14,18:00:00,UNFINISHED,-1,-1,-1
1368,hard,15,16:33:09,17:25:14,18:00:00,UNFINISHED,-1,-1,-1
1510,hard,15,16:33:09,17:25:33,18:00:00,UNFINISHED,-1,-1,-1
1481,hard,15,16:35:36,17:28:00,18:00:00,UNFINISHED,-1,-1,-1
1429,hard,15,16:36:23,17:29:29,18:00:00,UNFINISHED,-1,-1,-1
1365,hard,15,16:36:37,17:29:35,18:00:00,UNFINISHED,-1,-1,-1
1390,medium,14,16:37:08,17:32:14,18:00:00,UNFINISHED,-1,-1,-1
1376,hard,15,16:37:16,17:32:47,18:00:00,UNFINISHED,-1,-1,-1
1499,hard,15,16:41:08,17:35:02,18:00:00,UNFINISHED,-1,-1,-1
1514,medium,14,16:41:44,17:38:10,18:00:00,UNFINISHED,-1,-1,-1
1490,hard,15,16:42:39,17:43:47,18:00:00,UNFINISHED,-1,-1,-1
1438,hard,15,16:43:17,17:45:18,18:00:00,UNFINISHED,-1,-1,-1
1469,medium,14,16:45:45,17:51:23,18:00:00,UNFINISHED,-1,-1,-1
1504,hard,15,16:45:48,17:51:30,18:00:00,UNFINISHED,-1,-1,-1
1382,hard,15,16:46:18,17:53:55,18:00:00,UNFINISHED,-1,-1,-1
1381,medium,14,16:46:37,17:54:21,18:00:00,UNFINISHED,-1,-1,-1
1480,hard,15,16:47:39,17:57:28,18:00:00,UNFINISHED,-1,-1,-1
1467,hard,15,16:48:10,17:57:41,18:00:00,UNFINISHED,-1,-1,-1
1431,hard,15,16:48:38,17:58:01,18:00:00,UNFINISHED,-1,-1,-1
1488,hard,15,16:49:11,17:59:38,18:00:00,UNFINISHED,-1,-1,-1
1464,easy,12,16:49:38,17:59:38,18:00:00,UNFINISHED,-1,-1,-1
1380,easy,11,16:49:54,-,-,IGNORED,-1,-1
1394,easy,11,16:51:03,-,-,IGNORED,-1,-1
1366,easy,12,16:51:06,-,-,IGNORED,-1,-1
1384,medium,14,16:51:22,-,-,IGNORED,-1,-1
1520,medium,13,16:51:54,-,-,IGNORED,-1,-1
1476,medium,13,16:52:35,-,-,IGNORED,-1,-1
1507,medium,13,16:52:49,-,-,IGNORED,-1,-1
1494,medium,14,16:53:44,-,-,IGNORED,-1,-1
1395,hard,15,16:54:18,-,-,IGNORED,-1,-1
1388,medium,14,16:55:19,-,-,IGNORED,-1,-1
1421,hard,15,16:55:46,-,-,IGNORED,-1,-1
1526,medium,13,16:56:03,-,-,IGNORED,-1,-1
1360,easy,11,16:56:10,-,-,IGNORED,-1,-1
1397,easy,11,16:56:14,-,-,IGNORED,-1,-1
1509,medium,13,16:56:38,-,-,IGNORED,-1,-1
1377,medium,13,16:56:38,-,-,IGNORED,-1,-1
1487,hard,15,16:57:12,-,-,IGNORED,-1,-1
1387,hard,15,16:57:20,-,-,IGNORED,-1,-1
1372,easy,12,16:57:24,-,-,IGNORED,-1,-1
1500,easy,11,16:57:37,-,-,IGNORED,-1,-1
1483,easy,12,16:57:59,-,-,IGNORED,-1,-1
1445,easy,11,16:58:38,-,-,IGNORED,-1,-1
1458,medium,14,16:58:53,-,-,IGNORED,-1,-1
1386,medium,13,16:59:00,-,-,IGNORED,-1,-1
1489,easy,11,16:59:29,-,-,IGNORED,-1,-1
1392,medium,13,16:59:43,-,-,IGNORED,-1,-1
