task_id,difficulty,n,arrival_sim,start_sim,end_sim,status,cost,real_duration_sec,waiting_time_mili_sec,time_in_system_mili_sec
126,easy,12,08:00:23,08:00:24,08:01:12,COMPLETED,23219.0,805.1,1.66,49.91
42,easy,12,08:02:21,08:02:25,08:02:55,COMPLETED,31171.0,507.6,4.28,34.72
108,easy,11,08:02:37,08:02:37,08:03:01,COMPLETED,20698.0,405.5,0.49,24.78
138,easy,12,08:03:02,08:03:07,08:03:26,COMPLETED,29230.0,306.4,5.86,24.19
102,medium,13,08:01:11,08:01:12,08:04:08,COMPLETED,29224.0,2932.3,1.91,177.81
22,easy,11,08:04:36,08:04:39,08:04:51,COMPLETED,24787.0,203.5,3.22,15.39
99,medium,14,08:03:06,08:03:07,08:05:15,COMPLETED,31156.0,2127.6,1.86,129.59
51,easy,12,08:03:40,08:03:44,08:05:15,COMPLETED,34716.0,1520.6,4.40,95.59
117,easy,12,08:06:25,08:06:28,08:06:58,COMPLETED,24166.0,507.1,3.15,33.54
139,easy,11,08:06:50,08:06:52,08:07:04,COMPLETED,22415.0,203.5,2.45,14.62
20,medium,13,08:05:28,08:05:33,08:07:22,COMPLETED,28512.0,1818.6,5.75,114.82
122,easy,11,08:07:40,08:07:41,08:07:59,COMPLETED,25897.0,305.8,1.04,19.34
0,easy,12,08:07:31,08:07:34,08:08:17,COMPLETED,28814.0,711.4,3.95,46.59
119,easy,11,08:08:53,08:08:54,08:09:06,COMPLETED,27579.0,204.2,1.02,13.21
24,easy,12,08:08:46,08:08:47,08:09:12,COMPLETED,21407.0,407.0,1.89,26.30
9,easy,11,08:08:46,08:08:47,08:09:18,COMPLETED,33621.0,509.0,1.89,32.37
10,easy,12,08:04:11,08:04:14,08:09:36,COMPLETED,37336.0,5363.1,3.92,325.68
34,easy,12,08:09:25,08:09:30,08:09:48,COMPLETED,27777.0,306.1,5.51,23.83
75,medium,13,08:09:26,08:09:30,08:10:43,COMPLETED,31460.0,1216.0,4.51,77.46
38,medium,13,08:09:27,08:09:30,08:11:07,COMPLETED,28517.0,1623.4,3.51,100.94
54,easy,12,08:10:56,08:11:01,08:11:26,COMPLETED,25850.0,413.0,5.73,30.35
61,easy,11,08:11:18,08:11:20,08:11:26,COMPLETED,24840.0,107.3,2.13,8.35
88,easy,11,08:11:59,08:12:03,08:12:21,COMPLETED,24667.0,311.2,4.42,22.97
15,easy,11,08:12:11,08:12:15,08:12:28,COMPLETED,27559.0,207.2,4.81,17.15
125,easy,12,08:11:57,08:11:57,08:12:34,COMPLETED,23653.0,618.5,0.28,37.26
33,medium,13,08:07:44,08:07:47,08:13:41,COMPLETED,33456.0,5915.3,3.15,357.99
32,easy,12,08:13:43,08:13:48,08:14:00,COMPLETED,24453.0,211.0,5.19,17.60
57,easy,11,08:13:53,08:13:54,08:14:00,COMPLETED,24666.0,107.6,1.44,7.60
31,medium,13,08:11:48,08:11:51,08:14:13,COMPLETED,26995.0,2366.0,3.14,145.03
4,medium,13,08:13:55,08:14:00,08:14:56,COMPLETED,26397.0,928.1,5.60,61.15
133,medium,14,08:12:52,08:12:52,08:15:51,COMPLETED,36143.0,2982.9,0.60,179.47
90,easy,11,08:15:57,08:15:57,08:16:03,COMPLETED,25965.0,104.8,0.66,6.80
110,easy,11,08:16:11,08:16:16,08:16:34,COMPLETED,24098.0,312.9,5.13,23.74
87,medium,14,08:07:14,08:07:16,08:17:23,COMPLETED,26238.0,10119.1,2.73,609.84
114,medium,13,08:17:16,08:17:17,08:17:48,COMPLETED,25042.0,516.5,1.64,32.49
36,easy,11,08:17:47,08:17:48,08:17:54,COMPLETED,26037.0,107.5,1.49,7.72
21,easy,12,08:17:11,08:17:11,08:18:00,COMPLETED,31271.0,827.0,0.49,49.97
83,easy,12,08:17:42,08:17:42,08:18:07,COMPLETED,29156.0,416.2,0.30,25.18
69,medium,14,08:10:01,08:10:07,08:18:13,COMPLETED,36657.0,8105.3,6.03,492.31
40,medium,13,08:13:14,08:13:17,08:18:13,COMPLETED,28148.0,4934.1,3.34,299.31
45,easy,11,08:17:54,08:17:54,08:18:19,COMPLETED,32232.0,412.8,0.72,25.45
12,easy,12,08:17:25,08:17:29,08:19:20,COMPLETED,32747.0,1849.6,4.96,115.86
6,easy,11,08:18:57,08:19:02,08:19:39,COMPLETED,25406.0,616.6,5.42,42.24
1,hard,15,08:08:11,08:08:11,08:19:57,COMPLETED,28039.0,11772.0,0.49,706.78
103,medium,14,08:18:32,08:18:37,08:19:57,COMPLETED,31384.0,1333.9,5.84,85.78
41,easy,12,08:18:29,08:18:31,08:20:16,COMPLETED,32497.0,1743.2,2.68,107.17
39,easy,12,08:18:47,08:18:50,08:20:59,COMPLETED,40236.0,2152.4,3.12,132.18
28,medium,13,08:17:51,08:17:54,08:21:17,COMPLETED,25824.0,3381.7,3.72,206.55
91,medium,13,08:19:36,08:19:39,08:21:17,COMPLETED,28483.0,1640.2,3.24,101.55
106,medium,13,08:20:19,08:20:22,08:21:42,COMPLETED,29492.0,1329.7,3.31,83.01
72,medium,13,08:20:51,08:20:53,08:22:30,COMPLETED,28526.0,1633.7,2.01,99.86
93,medium,14,08:04:39,08:04:39,08:23:14,COMPLETED,32659.0,18579.8,0.22,1115.00
52,easy,11,08:22:54,08:22:55,08:23:32,COMPLETED,25590.0,618.1,1.51,38.51
19,medium,13,08:11:28,08:11:32,08:24:40,COMPLETED,34327.0,13129.9,4.61,792.34
101,medium,13,08:14:39,08:14:43,08:24:40,COMPLETED,35541.0,9944.3,4.83,601.34
76,medium,14,08:17:15,08:17:17,08:25:11,COMPLETED,31523.0,7891.5,2.64,476.07
115,medium,14,08:20:28,08:20:28,08:26:00,COMPLETED,34894.0,5532.7,0.49,332.33
104,easy,11,08:25:52,08:25:53,08:26:00,COMPLETED,30283.0,108.8,1.99,8.33
30,easy,12,08:25:32,08:25:35,08:26:37,COMPLETED,32980.0,1035.2,3.53,65.39
135,easy,12,08:26:03,08:26:06,08:26:37,COMPLETED,37214.0,518.8,3.56,34.39
78,easy,11,08:26:47,08:26:49,08:26:55,COMPLETED,27199.0,104.4,2.85,8.98
70,hard,15,08:11:46,08:11:51,08:27:45,COMPLETED,32698.0,15901.3,5.14,959.15
14,easy,11,08:28:00,08:28:03,08:28:10,COMPLETED,20366.0,105.1,3.85,10.07
136,easy,11,08:28:53,08:28:59,08:29:05,COMPLETED,29418.0,105.4,6.04,12.21
53,easy,11,08:29:03,08:29:05,08:29:17,COMPLETED,21804.0,207.2,2.21,14.54
68,hard,15,08:17:33,08:17:36,08:29:29,COMPLETED,34146.0,11895.8,3.12,716.82
27,medium,13,08:24:18,08:24:21,08:29:54,COMPLETED,31219.0,5543.2,3.75,336.27
84,hard,15,08:14:32,08:14:37,08:30:06,COMPLETED,30106.0,15482.8,5.59,934.53
131,medium,14,08:29:20,08:29:23,08:30:30,COMPLETED,30553.0,1123.0,3.66,70.95
95,medium,14,08:26:57,08:27:02,08:30:43,COMPLETED,35806.0,3684.6,5.15,226.16
86,medium,14,08:11:31,08:11:32,08:31:44,COMPLETED,29949.0,20191.1,1.61,1213.14
17,medium,14,08:27:52,08:27:57,08:32:33,COMPLETED,32045.0,4592.3,5.60,281.08
26,medium,14,08:28:42,08:28:46,08:32:33,COMPLETED,34029.0,3773.5,4.76,231.08
71,easy,12,08:32:21,08:32:26,08:32:39,COMPLETED,24610.0,206.0,5.94,18.21
16,easy,12,08:31:51,08:31:56,08:32:57,COMPLETED,32863.0,1020.3,5.37,66.50
128,easy,11,08:33:13,08:33:15,08:33:28,COMPLETED,29287.0,206.4,2.81,15.13
3,easy,12,08:33:10,08:33:15,08:33:34,COMPLETED,29877.0,309.1,5.81,24.27
144,easy,11,08:33:40,08:33:40,08:33:46,COMPLETED,27789.0,103.7,0.39,6.53
66,easy,11,08:33:56,08:33:58,08:34:04,COMPLETED,27211.0,103.7,2.72,8.86
7,medium,13,08:23:40,08:23:44,08:34:29,COMPLETED,32798.0,10742.9,4.75,649.26
111,medium,13,08:31:35,08:31:37,08:34:47,COMPLETED,31005.0,3161.5,2.99,192.62
145,easy,11,08:34:37,08:34:41,08:34:47,COMPLETED,26697.0,103.7,4.49,10.62
13,easy,11,08:35:00,08:35:05,08:35:18,COMPLETED,35274.0,204.7,5.91,18.11
120,hard,15,08:06:30,08:06:34,08:35:36,COMPLETED,30859.0,29035.6,4.25,1746.37
130,medium,13,08:31:59,08:32:02,08:36:00,COMPLETED,28752.0,3971.7,3.51,241.74
74,easy,11,08:36:25,08:36:25,08:36:31,COMPLETED,20892.0,103.2,0.07,6.20
59,medium,13,08:37:20,08:37:26,08:38:14,COMPLETED,32149.0,813.7,6.02,54.77
105,easy,11,08:38:31,08:38:33,08:38:39,COMPLETED,31203.0,104.7,2.05,8.19
81,medium,13,08:36:37,08:36:37,08:39:22,COMPLETED,25685.0,2753.7,0.29,165.28
29,easy,11,08:39:32,08:39:34,08:39:53,COMPLETED,27115.0,310.1,2.66,21.19
79,medium,13,08:37:13,08:37:13,08:40:05,COMPLETED,32882.0,2861.9,0.82,172.46
47,easy,11,08:40:57,08:41:00,08:41:06,COMPLETED,26334.0,104.2,3.71,9.86
48,easy,12,08:40:31,08:40:36,08:41:37,COMPLETED,30571.0,1023.5,5.13,66.46
123,easy,12,08:41:17,08:41:19,08:41:43,COMPLETED,27072.0,409.9,2.09,26.58
80,easy,11,08:42:32,08:42:32,08:42:44,COMPLETED,24475.0,207.1,0.50,12.83
112,easy,11,08:42:32,08:42:32,08:42:44,COMPLETED,24765.0,206.7,0.50,12.83
89,hard,15,08:17:56,08:18:00,08:43:15,COMPLETED,35829.0,25241.7,4.97,1519.44
64,easy,11,08:43:38,08:43:39,08:43:52,COMPLETED,24192.0,206.8,1.87,14.18
63,easy,12,08:44:06,08:44:10,08:44:41,COMPLETED,27711.0,513.7,4.52,35.21
146,medium,13,08:43:40,08:43:46,08:44:53,COMPLETED,23255.0,1126.3,6.02,73.50
141,medium,13,08:39:37,08:39:40,08:45:24,COMPLETED,32461.0,5725.7,3.87,347.33
113,easy,12,08:45:17,08:45:18,08:45:37,COMPLETED,24525.0,318.0,1.15,20.11
134,medium,14,08:42:16,08:42:20,08:46:44,COMPLETED,33129.0,4412.4,4.25,268.87
85,medium,13,08:46:06,08:46:07,08:47:03,COMPLETED,25608.0,935.3,1.73,57.66
58,medium,14,08:03:48,08:03:50,08:47:53,COMPLETED,35807.0,44043.8,2.54,2645.16
142,easy,12,08:46:44,08:46:44,08:47:59,COMPLETED,30269.0,1243.8,0.87,75.31
56,easy,12,08:48:08,08:48:11,08:49:07,COMPLETED,36417.0,936.9,3.73,59.84
94,easy,11,08:48:50,08:48:55,08:49:07,COMPLETED,26719.0,212.4,5.11,17.84
143,easy,11,08:49:12,08:49:13,08:49:32,COMPLETED,28314.0,312.4,2.00,20.65
116,easy,11,08:49:12,08:49:13,08:49:38,COMPLETED,29322.0,417.0,2.00,26.80
127,hard,15,08:02:26,08:02:31,08:49:45,COMPLETED,32057.0,47228.1,5.41,2839.06
62,easy,11,08:50:18,08:50:22,08:50:40,COMPLETED,28596.0,313.7,4.15,22.85
43,easy,11,08:51:06,08:51:11,08:51:17,COMPLETED,29249.0,108.4,5.70,12.00
23,medium,14,08:33:20,08:33:21,08:51:55,COMPLETED,34245.0,18554.8,1.99,1115.09
35,easy,11,08:51:55,08:51:55,08:52:13,COMPLETED,27603.0,315.8,0.09,18.85
11,medium,13,08:44:54,08:44:59,08:52:26,COMPLETED,27936.0,7445.6,5.63,452.21
65,easy,11,08:52:43,08:52:44,08:52:57,COMPLETED,33787.0,207.9,1.67,14.01
8,medium,14,08:39:33,08:39:34,08:53:58,COMPLETED,28540.0,14394.6,1.66,865.31
67,hard,15,08:28:14,08:28:16,08:55:11,COMPLETED,30413.0,26927.1,2.19,1617.78
107,easy,11,08:55:17,08:55:17,08:55:36,COMPLETED,26571.0,309.1,0.91,19.31
137,medium,13,08:44:58,08:44:59,08:55:54,COMPLETED,33343.0,10917.7,1.63,656.71
100,medium,14,08:38:53,08:38:57,08:56:13,COMPLETED,32938.0,17258.1,4.62,1040.07
118,medium,14,08:48:52,08:48:55,08:56:31,COMPLETED,27022.0,7604.3,3.11,459.47
55,medium,14,08:44:55,08:44:59,08:57:02,COMPLETED,35292.0,12040.9,4.63,727.08
97,hard,15,08:27:49,08:27:51,08:57:32,COMPLETED,27397.0,29690.3,2.35,1783.69
98,medium,14,08:46:56,08:46:57,08:57:38,COMPLETED,34984.0,10695.2,1.33,642.91
132,medium,13,08:57:38,08:57:38,08:57:57,COMPLETED,27113.0,314.5,0.91,19.62
121,easy,12,08:58:46,08:58:47,08:58:59,COMPLETED,29117.0,210.3,1.04,13.50
46,easy,11,08:58:49,08:58:53,08:59:18,COMPLETED,41004.0,414.5,4.33,29.00
77,medium,14,08:57:58,08:58:03,08:59:55,COMPLETED,36393.0,1857.4,5.83,117.18
124,medium,14,08:19:49,08:19:51,09:00:13,COMPLETED,34887.0,40368.6,2.59,2424.65
2,hard,15,08:13:08,08:13:11,09:00:38,COMPLETED,26736.0,47453.1,3.09,2850.27
256,easy,11,09:01:04,09:01:09,09:01:27,COMPLETED,29695.0,314.3,5.11,23.80
109,hard,15,08:26:32,08:26:37,09:01:46,COMPLETED,31695.0,35150.7,5.39,2114.37
158,easy,11,09:01:33,09:01:34,09:01:46,COMPLETED,31597.0,208.8,1.02,13.37
293,easy,11,09:02:00,09:02:04,09:02:17,COMPLETED,28616.0,207.1,4.85,17.18
276,easy,11,09:03:06,09:03:06,09:03:13,COMPLETED,27775.0,106.6,0.63,7.00
234,easy,12,09:03:52,09:03:55,09:04:08,COMPLETED,29858.0,209.5,3.98,16.34
245,easy,11,09:04:08,09:04:08,09:04:14,COMPLETED,27639.0,106.5,0.34,6.59
185,medium,14,09:01:13,09:01:15,09:04:26,COMPLETED,27740.0,3196.1,2.29,193.95
49,hard,15,08:46:09,08:46:13,09:04:57,COMPLETED,32141.0,18730.6,4.90,1128.67
292,easy,11,09:05:54,09:05:59,09:06:11,COMPLETED,23451.0,209.8,5.13,17.57
281,easy,12,09:05:57,09:05:59,09:06:42,COMPLETED,27725.0,723.8,2.13,45.47
197,easy,12,09:05:55,09:05:59,09:06:48,COMPLETED,30658.0,827.1,4.13,53.67
239,medium,13,09:05:50,09:05:52,09:06:54,COMPLETED,28759.0,1033.4,2.93,64.83
204,easy,12,09:06:30,09:06:30,09:07:01,COMPLETED,25063.0,516.8,0.09,31.01
272,medium,14,09:03:01,09:03:06,09:07:13,COMPLETED,35721.0,4113.1,5.63,252.31
159,medium,13,09:05:50,09:05:52,09:07:37,COMPLETED,26626.0,1753.2,2.93,107.92
203,medium,13,09:04:18,09:04:20,09:07:44,COMPLETED,31347.0,3391.9,2.76,206.17
220,easy,11,09:07:36,09:07:37,09:07:44,COMPLETED,22138.0,106.2,1.92,8.17
151,medium,13,09:07:30,09:07:31,09:08:45,COMPLETED,34113.0,1236.3,1.73,75.73
194,easy,11,09:08:36,09:08:39,09:08:45,COMPLETED,26586.0,106.7,3.56,9.73
209,medium,13,09:08:18,09:08:20,09:09:47,COMPLETED,29180.0,1447.9,2.94,89.66
259,easy,12,09:09:19,09:09:22,09:09:47,COMPLETED,33210.0,414.1,3.99,28.66
129,hard,15,08:44:35,08:44:35,09:09:53,COMPLETED,31438.0,25314.6,0.05,1518.87
148,hard,15,08:52:25,08:52:26,09:10:12,COMPLETED,33097.0,17770.2,1.21,1067.34
280,medium,14,09:09:33,09:09:35,09:11:14,COMPLETED,32648.0,1650.7,2.29,101.05
176,easy,11,09:11:13,09:11:14,09:11:26,COMPLETED,26945.0,213.3,1.05,13.74
208,easy,11,09:11:15,09:11:20,09:11:39,COMPLETED,27135.0,311.8,5.42,24.02
295,easy,12,09:11:46,09:11:51,09:12:03,COMPLETED,25690.0,209.7,5.36,17.74
274,easy,12,09:10:44,09:10:49,09:12:16,COMPLETED,32235.0,1455.0,5.24,92.33
171,medium,13,09:11:51,09:11:51,09:12:28,COMPLETED,30831.0,626.6,0.36,37.82
198,medium,13,09:01:41,09:01:46,09:12:35,COMPLETED,23716.0,10813.8,5.37,654.07
224,easy,12,09:09:40,09:09:41,09:13:37,COMPLETED,36799.0,3936.2,1.47,237.47
217,medium,13,09:11:00,09:11:01,09:14:14,COMPLETED,26419.0,3226.4,1.53,194.83
248,easy,12,09:14:44,09:14:45,09:15:23,COMPLETED,23363.0,620.8,1.97,39.04
201,easy,11,09:15:23,09:15:23,09:15:41,COMPLETED,24435.0,312.4,0.04,18.64
193,easy,11,09:15:43,09:15:47,09:16:06,COMPLETED,26270.0,311.6,4.83,23.37
247,easy,11,09:16:31,09:16:31,09:16:37,COMPLETED,29779.0,106.5,0.02,6.25
222,easy,12,09:15:30,09:15:35,09:17:38,COMPLETED,24918.0,2061.8,5.43,128.92
160,easy,12,09:17:33,09:17:38,09:17:57,COMPLETED,24771.0,313.0,5.92,24.54
296,easy,12,09:17:33,09:17:38,09:17:57,COMPLETED,26280.0,312.7,5.92,24.54
233,medium,13,09:15:06,09:15:10,09:18:16,COMPLETED,26227.0,3093.3,4.65,190.10
221,medium,14,09:02:32,09:02:35,09:19:05,COMPLETED,28840.0,16497.8,3.65,993.44
50,medium,14,08:56:23,08:56:25,09:19:36,COMPLETED,36915.0,23182.8,2.31,1393.22
82,hard,15,08:59:36,08:59:36,09:20:38,COMPLETED,29201.0,21032.5,0.58,1262.40
210,easy,12,09:21:00,09:21:03,09:21:15,COMPLETED,28382.0,212.9,3.40,15.97
235,easy,12,09:21:08,09:21:09,09:21:15,COMPLETED,24680.0,109.8,1.59,7.97
282,medium,13,09:14:13,09:14:14,09:21:28,COMPLETED,36235.0,7229.7,1.83,435.43
170,medium,13,09:09:45,09:09:47,09:22:11,COMPLETED,35529.0,12405.1,2.66,746.87
240,medium,13,09:21:24,09:21:28,09:22:11,COMPLETED,31412.0,726.6,4.43,47.87
278,easy,12,09:22:46,09:22:48,09:23:13,COMPLETED,33237.0,418.1,2.83,27.68
186,medium,13,09:00:41,09:00:44,09:23:57,COMPLETED,22446.0,23218.4,3.39,1396.38
187,medium,14,09:23:07,09:23:07,09:24:28,COMPLETED,29824.0,1355.6,0.46,81.48
260,easy,11,09:25:20,09:25:24,09:25:56,COMPLETED,21583.0,531.9,4.83,36.54
232,easy,11,09:25:23,09:25:24,09:26:02,COMPLETED,32872.0,634.6,1.83,39.78
152,easy,12,09:24:58,09:24:59,09:26:15,COMPLETED,31945.0,1262.4,1.71,77.26
288,easy,11,09:26:17,09:26:21,09:26:27,COMPLETED,25738.0,106.6,4.51,10.73
188,medium,14,09:03:16,09:03:19,09:26:46,COMPLETED,34946.0,23453.4,3.14,1410.28
253,easy,12,09:25:31,09:25:31,09:26:52,COMPLETED,32264.0,1355.0,0.32,81.47
244,easy,11,09:28:16,09:28:19,09:28:25,COMPLETED,21482.0,106.8,3.18,9.41
175,easy,11,09:28:09,09:28:12,09:28:44,COMPLETED,26663.0,521.1,3.93,35.03
181,hard,15,09:12:56,09:13:00,09:30:16,COMPLETED,32817.0,17280.9,4.06,1040.82
184,medium,13,09:17:05,09:17:08,09:30:54,COMPLETED,36783.0,13770.5,3.06,829.10
73,medium,14,08:48:50,08:48:55,09:31:06,COMPLETED,32048.0,42194.8,5.11,2536.73
166,easy,12,09:30:53,09:30:54,09:31:13,COMPLETED,29162.0,322.1,1.10,20.05
179,medium,13,09:27:33,09:27:35,09:31:44,COMPLETED,30521.0,4155.3,2.67,251.75
299,easy,12,09:31:28,09:31:32,09:31:51,COMPLETED,28036.0,323.6,4.00,23.12
257,easy,11,09:31:31,09:31:32,09:32:03,COMPLETED,28014.0,536.0,1.00,32.79
147,hard,15,08:10:49,08:10:49,09:32:10,COMPLETED,35070.0,81345.7,0.55,4881.26
140,hard,15,08:00:16,08:00:18,09:32:54,COMPLETED,32139.0,92602.9,2.10,5558.25
96,medium,14,08:15:23,08:15:26,09:33:13,COMPLETED,38489.0,77771.3,3.87,4670.13
44,hard,15,08:44:27,08:44:28,09:33:19,COMPLETED,34191.0,48845.3,1.89,2932.47
291,medium,14,09:23:07,09:23:07,09:33:19,COMPLETED,29271.0,10204.5,0.46,612.47
230,medium,13,09:31:06,09:31:06,09:33:25,COMPLETED,27518.0,2326.1,0.73,139.94
5,medium,14,08:55:33,08:55:36,09:34:03,COMPLETED,30601.0,38456.5,3.31,2310.63
243,medium,13,09:33:55,09:33:57,09:34:22,COMPLETED,29003.0,421.5,2.40,27.38
215,easy,12,09:33:23,09:33:25,09:34:41,COMPLETED,30586.0,1257.4,2.94,78.21
213,hard,15,09:21:51,09:21:53,09:34:53,COMPLETED,29838.0,13010.5,2.35,782.81
242,hard,15,09:12:09,09:12:10,09:35:12,COMPLETED,33283.0,23050.3,1.01,1383.84
227,medium,14,09:30:28,09:30:29,09:35:12,COMPLETED,22314.0,4733.0,1.21,284.84
218,easy,11,09:35:08,09:35:12,09:35:19,COMPLETED,21603.0,112.1,4.84,11.30
238,medium,14,09:24:24,09:24:28,09:35:31,COMPLETED,33664.0,11057.4,4.48,667.78
190,medium,14,09:28:28,09:28:31,09:35:31,COMPLETED,20973.0,7006.8,3.62,423.78
286,hard,15,09:31:11,09:31:13,09:35:56,COMPLETED,36904.0,4734.0,2.05,285.88
246,medium,14,09:24:10,09:24:16,09:36:09,COMPLETED,29063.0,11893.9,6.09,719.44
174,hard,15,09:13:03,09:13:06,09:37:30,COMPLETED,32374.0,24403.9,3.36,1467.50
153,easy,12,09:37:04,09:37:05,09:37:30,COMPLETED,26612.0,415.9,1.72,26.50
261,medium,13,09:32:03,09:32:03,09:37:49,COMPLETED,26132.0,5756.9,0.79,346.08
195,medium,13,09:34:46,09:34:47,09:38:07,COMPLETED,32857.0,3339.2,1.42,201.61
189,easy,11,09:38:05,09:38:07,09:38:13,COMPLETED,23954.0,106.3,2.61,8.83
252,easy,11,09:38:41,09:38:44,09:38:50,COMPLETED,25341.0,106.7,3.67,9.87
263,medium,14,09:34:55,09:35:00,09:39:09,COMPLETED,28445.0,4157.3,5.17,254.48
290,easy,11,09:38:49,09:38:50,09:39:15,COMPLETED,29345.0,415.8,1.87,26.66
206,medium,14,09:26:00,09:26:02,09:41:06,COMPLETED,28587.0,15063.9,2.78,906.53
168,easy,11,09:41:57,09:42:02,09:42:14,COMPLETED,34508.0,211.7,5.15,17.61
154,easy,12,09:41:18,09:41:18,09:43:47,COMPLETED,31998.0,2485.5,0.89,149.87
25,hard,15,08:41:45,08:41:49,09:44:12,COMPLETED,28740.0,62382.8,4.71,3747.66
223,medium,14,09:28:11,09:28:12,09:44:31,COMPLETED,36533.0,16308.9,1.93,980.41
267,easy,11,09:44:17,09:44:18,09:44:31,COMPLETED,27007.0,211.4,1.86,14.41
150,easy,12,09:44:15,09:44:18,09:45:08,COMPLETED,29985.0,834.5,3.86,53.71
172,easy,11,09:44:58,09:45:02,09:45:14,COMPLETED,30682.0,213.1,4.43,16.98
275,easy,11,09:45:18,09:45:21,09:45:52,COMPLETED,24152.0,521.7,3.25,34.36
202,easy,11,09:45:46,09:45:46,09:46:04,COMPLETED,25273.0,314.9,0.11,18.78
191,hard,15,09:31:35,09:31:38,09:46:35,COMPLETED,32414.0,14961.1,3.29,900.84
178,medium,14,09:43:07,09:43:10,09:47:00,COMPLETED,37325.0,3838.5,3.65,233.77
255,medium,13,09:44:52,09:44:56,09:47:25,COMPLETED,31747.0,2493.6,4.19,153.61
254,easy,12,09:45:11,09:45:14,09:47:25,COMPLETED,38055.0,2180.8,3.98,134.61
270,medium,13,09:44:00,09:44:00,09:48:03,COMPLETED,32762.0,4052.4,0.25,243.12
164,medium,13,09:44:15,09:44:18,09:48:03,COMPLETED,25634.0,3742.2,3.86,228.12
219,medium,13,09:46:41,09:46:42,09:48:03,COMPLETED,25405.0,1356.4,1.09,82.12
229,easy,11,09:48:39,09:48:40,09:48:46,COMPLETED,17941.0,108.4,1.74,7.97
287,easy,11,09:48:59,09:48:59,09:49:18,COMPLETED,29471.0,321.8,0.59,19.53
265,easy,12,09:49:16,09:49:18,09:49:31,COMPLETED,31027.0,214.5,2.53,15.23
205,medium,13,09:42:03,09:42:08,09:49:37,COMPLETED,38998.0,7486.4,5.38,454.42
266,hard,15,09:15:13,09:15:16,09:49:43,COMPLETED,37365.0,34447.3,3.84,2070.61
228,easy,11,09:50:02,09:50:02,09:50:14,COMPLETED,32055.0,210.6,0.18,12.66
182,medium,14,09:36:07,09:36:09,09:50:27,COMPLETED,35146.0,14294.4,2.44,860.01
60,medium,14,08:35:43,08:35:48,09:50:33,COMPLETED,43275.0,74744.5,5.53,4490.18
289,medium,14,09:42:09,09:42:14,09:50:57,COMPLETED,22955.0,8722.4,5.61,528.83
262,easy,11,09:51:07,09:51:10,09:51:16,COMPLETED,27659.0,107.2,3.14,9.40
298,easy,12,09:51:41,09:51:41,09:51:53,COMPLETED,18508.0,209.1,0.07,12.41
277,easy,11,09:52:32,09:52:36,09:52:55,COMPLETED,25454.0,313.3,4.61,23.18
214,easy,12,09:52:15,09:52:18,09:53:07,COMPLETED,28397.0,828.9,3.10,52.60
273,easy,12,09:53:48,09:53:50,09:54:03,COMPLETED,27340.0,209.2,2.94,15.33
162,easy,12,09:54:18,09:54:21,09:54:52,COMPLETED,32010.0,518.6,3.85,34.81
167,easy,11,09:54:43,09:54:46,09:54:52,COMPLETED,23649.0,106.6,3.59,9.81
216,medium,14,09:47:39,09:47:44,09:55:23,COMPLETED,31854.0,7666.3,5.35,464.96
271,hard,15,09:29:50,09:29:52,09:55:36,COMPLETED,33206.0,25746.1,2.05,1546.68
196,medium,13,09:51:51,09:51:53,09:55:49,COMPLETED,33392.0,3934.3,2.41,238.24
200,medium,14,09:45:00,09:45:02,09:58:19,COMPLETED,34570.0,13292.6,2.43,799.80
173,easy,11,09:58:23,09:58:26,09:58:38,COMPLETED,22925.0,215.6,3.13,15.79
180,easy,11,09:58:51,09:58:51,09:58:57,COMPLETED,26716.0,109.9,0.38,6.77
231,easy,12,09:56:50,09:56:51,09:59:04,COMPLETED,27134.0,2206.1,1.71,134.01
236,easy,12,09:59:12,09:59:16,10:00:26,COMPLETED,29680.0,1160.7,4.64,74.02
379,easy,12,10:01:45,10:01:47,10:02:24,COMPLETED,27142.0,628.5,2.52,39.99
183,medium,14,09:33:15,09:33:19,10:02:37,COMPLETED,28557.0,29302.9,4.47,1762.55
412,easy,11,10:02:30,10:02:31,10:02:37,COMPLETED,21877.0,109.0,1.26,7.55
177,hard,15,09:42:44,09:42:45,10:04:04,COMPLETED,29758.0,21318.0,1.82,1280.75
92,medium,13,08:56:51,08:56:55,10:04:29,COMPLETED,41538.0,67562.7,4.91,4058.66
241,medium,13,09:59:29,09:59:29,10:05:06,COMPLETED,28018.0,5631.7,0.21,337.95
433,easy,12,10:04:39,10:04:42,10:05:13,COMPLETED,29601.0,521.6,3.07,34.18
441,easy,11,10:04:55,10:05:00,10:05:44,COMPLETED,30504.0,729.1,5.70,49.23
207,medium,14,09:31:22,09:31:25,10:05:56,COMPLETED,36634.0,34518.2,3.66,2074.67
313,easy,11,10:06:27,10:06:27,10:06:34,COMPLETED,27085.0,115.2,0.88,7.35
348,easy,12,10:06:30,10:06:34,10:06:53,COMPLETED,34592.0,327.7,4.35,23.58
156,medium,14,09:36:39,09:36:40,10:07:00,COMPLETED,28770.0,30326.1,1.64,1821.07
411,easy,12,10:05:37,10:05:37,10:07:00,COMPLETED,26095.0,1374.4,0.96,83.07
393,medium,13,10:05:43,10:05:44,10:07:00,COMPLETED,26477.0,1270.5,1.23,77.07
364,easy,11,10:06:52,10:06:53,10:07:00,COMPLETED,27630.0,115.1,1.58,8.07
225,medium,14,09:41:39,09:41:43,10:07:12,COMPLETED,27739.0,25492.4,4.58,1533.94
258,hard,15,09:56:02,09:56:08,10:07:12,COMPLETED,30253.0,11085.9,6.05,670.94
294,medium,14,09:26:03,09:26:09,10:07:56,COMPLETED,32658.0,41799.5,6.04,2513.80
269,medium,14,09:56:21,09:56:26,10:08:22,COMPLETED,33258.0,11930.5,5.60,721.25
211,medium,13,09:37:02,09:37:05,10:08:34,COMPLETED,31222.0,31489.5,3.72,1892.95
366,easy,12,10:07:54,10:07:56,10:08:41,COMPLETED,26529.0,746.1,2.80,47.31
360,medium,13,10:07:04,10:07:06,10:09:56,COMPLETED,29249.0,2839.0,2.54,172.52
315,easy,11,10:09:54,10:09:56,10:10:02,COMPLETED,28015.0,113.2,2.52,8.98
312,medium,13,10:06:42,10:06:47,10:10:28,COMPLETED,32133.0,3687.0,5.17,226.14
386,medium,14,10:00:02,10:00:06,10:10:46,COMPLETED,23924.0,10670.9,4.71,644.84
285,hard,15,09:25:53,09:25:56,10:10:53,COMPLETED,36124.0,44943.3,3.54,2700.07
332,easy,11,10:11:06,10:11:11,10:11:23,COMPLETED,32887.0,209.9,5.59,17.98
438,medium,14,10:07:04,10:07:06,10:11:54,COMPLETED,29338.0,4808.1,2.54,290.90
388,medium,14,10:01:02,10:01:03,10:12:50,COMPLETED,33192.0,11787.5,1.79,708.87
382,easy,12,10:11:49,10:11:54,10:13:09,COMPLETED,34601.0,1246.2,5.90,80.51
316,easy,11,10:13:01,10:13:03,10:13:09,COMPLETED,23663.0,106.9,2.28,8.51
327,easy,12,10:12:50,10:12:50,10:13:28,COMPLETED,26239.0,622.9,0.87,38.07
439,easy,11,10:14:36,10:14:36,10:14:48,COMPLETED,28120.0,209.7,0.06,12.47
407,medium,14,10:00:10,10:00:13,10:14:54,COMPLETED,32320.0,14694.9,3.14,884.67
419,easy,11,10:14:51,10:14:54,10:15:07,COMPLETED,23944.0,209.7,3.67,16.09
321,medium,14,10:08:13,10:08:15,10:15:19,COMPLETED,31797.0,7062.8,2.83,426.44
250,hard,15,09:24:22,09:24:22,10:15:25,COMPLETED,34298.0,51057.5,0.28,3063.66
165,hard,15,09:03:40,09:03:43,10:16:02,COMPLETED,29153.0,72319.3,3.67,4342.74
416,easy,12,10:15:59,10:16:02,10:16:46,COMPLETED,29422.0,725.9,3.74,47.06
380,easy,12,10:16:44,10:16:46,10:16:52,COMPLETED,19917.0,107.0,2.06,8.34
324,easy,11,10:17:19,10:17:23,10:17:41,COMPLETED,32339.0,314.1,4.17,22.84
284,hard,15,09:52:51,09:52:55,10:17:48,COMPLETED,31612.0,24883.3,4.18,1497.04
325,easy,12,10:18:19,10:18:19,10:18:44,COMPLETED,29550.0,419.7,0.35,25.40
349,easy,11,10:18:57,10:19:03,10:19:15,COMPLETED,28346.0,212.1,6.11,18.68
429,easy,11,10:18:58,10:19:03,10:19:28,COMPLETED,24570.0,418.5,5.11,30.10
446,easy,11,10:19:20,10:19:21,10:19:28,COMPLETED,28910.0,107.3,1.86,8.10
375,easy,11,10:19:50,10:19:53,10:20:18,COMPLETED,35096.0,423.1,3.08,28.24
385,medium,13,10:18:38,10:18:38,10:21:08,COMPLETED,33433.0,2510.5,0.20,150.43
329,easy,12,10:21:08,10:21:08,10:21:40,COMPLETED,22161.0,533.1,0.43,32.13
161,hard,15,09:14:47,09:14:52,10:21:52,COMPLETED,31327.0,67008.8,5.16,4025.65
423,easy,12,10:20:53,10:20:55,10:21:58,COMPLETED,31495.0,1051.9,2.96,65.87
421,hard,15,10:03:15,10:03:21,10:22:05,COMPLETED,29434.0,18735.2,6.10,1130.10
418,easy,12,10:22:08,10:22:11,10:22:48,COMPLETED,31163.0,627.2,3.30,40.56
309,medium,13,10:11:50,10:11:54,10:23:20,COMPLETED,33617.0,11427.8,4.90,690.26
426,easy,11,10:23:38,10:23:39,10:23:45,COMPLETED,19746.0,112.2,1.10,7.58
381,easy,12,10:22:46,10:22:48,10:24:35,COMPLETED,29888.0,1781.4,2.56,109.29
377,easy,11,10:23:55,10:23:58,10:24:53,COMPLETED,32226.0,932.6,3.07,58.85
192,medium,14,09:12:42,09:12:47,10:25:37,COMPLETED,37577.0,72829.5,5.54,4375.25
363,easy,12,10:23:17,10:23:20,10:25:37,COMPLETED,28646.0,2287.3,3.26,140.25
389,easy,11,10:25:37,10:25:37,10:25:43,COMPLETED,27015.0,107.8,0.25,6.55
404,easy,11,10:26:06,10:26:08,10:26:20,COMPLETED,24486.0,209.7,2.27,14.68
303,easy,12,10:26:36,10:26:39,10:27:04,COMPLETED,30451.0,415.8,3.22,28.00
399,easy,11,10:27:37,10:27:41,10:27:47,COMPLETED,27887.0,108.2,4.12,10.45
436,medium,14,10:13:29,10:13:34,10:27:53,COMPLETED,22278.0,14326.6,5.26,864.70
373,easy,12,10:27:36,10:27:41,10:28:06,COMPLETED,26912.0,419.5,5.12,30.13
311,easy,12,10:27:46,10:27:47,10:28:18,COMPLETED,24416.0,521.2,1.45,32.55
435,easy,11,10:28:27,10:28:30,10:28:43,COMPLETED,25975.0,212.8,3.94,16.41
383,easy,11,10:29:26,10:29:27,10:29:33,COMPLETED,28860.0,107.4,1.40,7.65
264,hard,15,09:30:45,09:30:47,10:29:52,COMPLETED,34027.0,59076.0,2.84,3547.36
350,easy,12,10:28:07,10:28:12,10:30:11,COMPLETED,29020.0,1984.6,5.33,124.14
448,easy,11,10:30:21,10:30:23,10:30:36,COMPLETED,28274.0,216.0,2.72,15.40
449,easy,11,10:30:46,10:30:49,10:30:55,COMPLETED,25617.0,106.6,3.01,9.23
402,easy,12,10:30:57,10:31:01,10:31:20,COMPLETED,25288.0,321.3,4.43,23.52
376,easy,11,10:30:59,10:31:01,10:31:26,COMPLETED,33553.0,426.7,2.43,27.75
308,hard,15,10:20:47,10:20:49,10:31:45,COMPLETED,32426.0,10937.9,2.58,658.66
347,hard,15,10:20:34,10:20:37,10:32:29,COMPLETED,36925.0,11882.2,3.05,715.79
428,easy,11,10:32:29,10:32:29,10:33:07,COMPLETED,31329.0,633.4,0.79,38.57
394,easy,11,10:32:44,10:32:48,10:33:07,COMPLETED,25255.0,319.5,4.54,23.57
401,easy,11,10:33:04,10:33:07,10:33:20,COMPLETED,31662.0,215.4,3.57,16.15
415,easy,12,10:31:45,10:31:45,10:33:39,COMPLETED,29852.0,1892.8,0.66,114.02
351,medium,13,10:31:23,10:31:26,10:34:10,COMPLETED,38732.0,2735.8,3.75,167.67
355,easy,12,10:34:27,10:34:29,10:35:07,COMPLETED,31939.0,629.3,2.60,40.13
345,medium,13,10:34:06,10:34:10,10:35:19,COMPLETED,27053.0,1151.7,4.67,73.59
323,easy,12,10:35:01,10:35:07,10:35:19,COMPLETED,22928.0,211.1,6.13,18.59
37,hard,15,08:42:47,08:42:50,10:36:09,COMPLETED,32813.0,113306.2,3.96,6802.32
362,easy,11,10:36:26,10:36:27,10:36:34,COMPLETED,25270.0,107.3,1.95,8.23
374,easy,12,10:36:25,10:36:27,10:36:40,COMPLETED,30389.0,211.7,2.95,15.46
391,easy,11,10:37:02,10:37:05,10:37:11,COMPLETED,28233.0,109.1,3.34,9.68
413,easy,11,10:36:51,10:36:52,10:37:17,COMPLETED,28009.0,420.3,1.89,26.91
169,hard,15,09:53:03,09:53:07,10:38:07,COMPLETED,36171.0,45000.5,4.60,2704.57
343,easy,11,10:40:22,10:40:25,10:40:38,COMPLETED,25558.0,218.9,3.22,16.03
356,easy,12,10:40:17,10:40:18,10:40:56,COMPLETED,25699.0,639.0,1.79,39.94
420,medium,14,10:33:57,10:33:57,10:41:53,COMPLETED,30930.0,7935.8,0.84,476.78
249,hard,15,09:37:27,09:37:30,10:42:56,COMPLETED,42302.0,65438.4,3.50,3929.76
279,medium,14,09:59:52,09:59:54,10:42:56,COMPLETED,40305.0,43046.2,2.06,2584.76
434,easy,11,10:43:17,10:43:22,10:43:35,COMPLETED,29112.0,220.4,5.11,18.02
328,medium,14,10:32:43,10:32:48,10:44:44,COMPLETED,35065.0,11943.1,5.54,721.87
372,easy,12,10:45:04,10:45:04,10:45:17,COMPLETED,27245.0,223.9,0.10,13.19
338,easy,12,10:45:08,10:45:10,10:45:23,COMPLETED,28816.0,223.3,2.55,15.60
318,hard,15,10:27:51,10:27:53,10:45:36,COMPLETED,32030.0,17717.6,2.70,1065.53
163,hard,15,09:55:21,09:55:23,10:46:20,COMPLETED,40945.0,50944.2,2.96,3059.56
442,medium,13,10:25:12,10:25:12,10:46:26,COMPLETED,37890.0,21242.1,0.44,1274.82
397,medium,13,10:38:11,10:38:13,10:46:33,COMPLETED,24361.0,8325.8,2.78,502.14
322,easy,11,10:45:29,10:45:30,10:46:33,COMPLETED,28396.0,1056.3,1.02,64.14
398,medium,14,10:19:38,10:19:40,10:46:58,COMPLETED,33691.0,27296.0,2.60,1640.26
334,medium,14,10:43:28,10:43:28,10:47:04,COMPLETED,33614.0,3602.3,0.53,216.51
384,easy,11,10:46:24,10:46:26,10:47:10,COMPLETED,32980.0,736.3,2.82,46.76
319,easy,12,10:46:50,10:46:51,10:47:29,COMPLETED,23812.0,629.4,1.98,39.50
409,easy,11,10:47:33,10:47:35,10:47:42,COMPLETED,19360.0,108.5,2.77,9.02
320,hard,15,10:16:46,10:16:46,10:47:48,COMPLETED,22677.0,31038.2,0.06,1862.31
344,easy,11,10:47:53,10:47:54,10:48:00,COMPLETED,17236.0,108.8,1.54,7.82
157,hard,15,09:53:12,09:53:13,10:48:38,COMPLETED,36116.0,55407.4,1.87,3326.26
387,easy,12,10:47:41,10:47:42,10:48:38,COMPLETED,25848.0,940.9,1.02,57.26
370,medium,13,10:46:42,10:46:45,10:50:24,COMPLETED,33557.0,3646.9,3.67,222.28
440,easy,11,10:51:09,10:51:14,10:51:39,COMPLETED,26484.0,421.9,5.10,30.17
339,easy,11,10:51:33,10:51:39,10:51:51,COMPLETED,27095.0,212.6,6.17,18.67
430,hard,15,10:32:11,10:32:17,10:53:00,COMPLETED,32073.0,20722.6,6.07,1249.32
354,medium,13,10:48:48,10:48:50,10:53:00,COMPLETED,25786.0,4163.9,2.70,252.32
408,easy,11,10:52:49,10:52:54,10:53:06,COMPLETED,27423.0,212.5,5.05,17.57
326,easy,11,10:53:15,10:53:19,10:53:31,COMPLETED,29909.0,211.3,4.04,16.51
378,easy,11,10:54:33,10:54:33,10:54:39,COMPLETED,26547.0,108.3,0.69,6.94
340,easy,11,10:54:39,10:54:39,10:54:52,COMPLETED,21999.0,212.3,0.94,13.44
317,easy,11,10:55:06,10:55:11,10:55:17,COMPLETED,22400.0,108.0,5.21,11.48
365,easy,11,10:55:18,10:55:23,10:55:42,COMPLETED,37427.0,318.4,5.71,24.59
301,easy,11,10:55:33,10:55:36,10:55:48,COMPLETED,27234.0,214.2,3.27,15.87
155,medium,14,09:13:15,09:13:18,10:56:13,COMPLETED,36015.0,102921.7,3.70,6178.92
395,easy,12,10:54:48,10:54:52,10:56:13,COMPLETED,23875.0,1363.5,4.44,85.92
400,easy,12,10:45:58,10:46:01,10:57:17,COMPLETED,41845.0,11265.1,3.80,679.47
304,medium,14,10:33:57,10:33:57,10:57:42,COMPLETED,30208.0,23755.8,0.84,1425.86
335,easy,12,10:56:14,10:56:20,10:57:49,COMPLETED,26679.0,1494.1,6.30,95.44
405,easy,12,10:57:18,10:57:23,10:58:28,COMPLETED,28495.0,1077.9,5.81,70.05
403,easy,11,10:58:25,10:58:28,10:58:40,COMPLETED,23944.0,217.5,3.05,15.93
406,easy,11,10:58:31,10:58:34,10:59:00,COMPLETED,33831.0,430.6,3.55,29.12
333,medium,14,10:39:08,10:39:09,10:59:06,COMPLETED,28494.0,19945.3,1.85,1198.44
341,medium,13,10:56:12,10:56:13,10:59:37,COMPLETED,30581.0,3400.6,1.92,205.71
432,medium,13,10:55:01,10:55:04,10:59:56,COMPLETED,29660.0,4865.8,3.92,295.64
353,medium,13,10:57:39,10:57:42,11:00:02,COMPLETED,31287.0,2339.5,3.86,144.00
300,hard,15,10:43:44,10:43:47,11:00:21,COMPLETED,32252.0,16569.3,3.89,997.91
443,medium,13,10:54:59,10:55:04,11:00:40,COMPLETED,31596.0,5601.0,5.92,341.75
543,easy,12,11:00:06,11:00:09,11:00:59,COMPLETED,26650.0,842.9,3.31,53.63
456,easy,12,11:00:35,11:00:40,11:01:05,COMPLETED,31750.0,423.5,5.75,30.93
357,medium,13,10:45:10,10:45:10,11:01:12,COMPLETED,42563.0,16028.2,0.55,962.18
342,medium,13,10:55:36,10:55:36,11:01:49,COMPLETED,29668.0,6226.4,0.27,373.71
251,hard,15,09:06:25,09:06:30,11:02:33,COMPLETED,34936.0,116056.5,5.09,6968.45
268,hard,15,09:18:28,09:18:28,11:02:33,COMPLETED,31381.0,104084.5,0.43,6245.45
484,easy,12,11:02:19,11:02:20,11:02:58,COMPLETED,29475.0,630.3,1.93,39.47
525,easy,12,11:02:58,11:02:58,11:03:11,COMPLETED,31636.0,212.8,0.47,13.02
514,easy,11,11:02:51,11:02:52,11:03:17,COMPLETED,25220.0,421.8,1.19,26.26
445,hard,15,10:58:33,10:58:34,11:03:42,COMPLETED,30893.0,5131.5,1.55,309.34
496,easy,12,11:01:54,11:01:55,11:03:48,COMPLETED,34323.0,1880.7,1.95,114.58
369,medium,14,10:55:26,10:55:29,11:03:54,COMPLETED,29767.0,8420.7,3.99,508.82
444,medium,14,10:43:39,10:43:41,11:04:01,COMPLETED,30652.0,20335.7,2.39,1222.35
577,easy,11,11:03:59,11:04:01,11:04:13,COMPLETED,24347.0,216.5,2.35,15.00
424,medium,14,10:57:43,10:57:49,11:05:04,COMPLETED,30613.0,7255.9,6.44,441.64
337,medium,14,10:51:17,10:51:20,11:05:55,COMPLETED,26247.0,14580.4,3.47,878.01
519,easy,11,11:06:17,11:06:20,11:06:39,COMPLETED,26619.0,320.9,3.70,22.75
593,easy,12,11:06:13,11:06:14,11:06:45,COMPLETED,23754.0,537.0,1.13,32.99
578,hard,15,11:03:54,11:03:54,11:07:11,COMPLETED,30981.0,3283.3,0.82,197.42
554,easy,11,11:06:59,11:07:04,11:07:11,COMPLETED,24176.0,115.1,5.98,12.42
526,easy,11,11:07:11,11:07:11,11:07:17,COMPLETED,19950.0,111.9,0.42,6.93
18,hard,15,08:39:17,08:39:22,11:07:36,COMPLETED,33446.0,148243.3,5.28,8899.87
212,hard,15,09:11:49,09:11:51,11:10:21,COMPLETED,30466.0,118497.1,2.36,7112.21
582,medium,13,11:05:35,11:05:36,11:10:33,COMPLETED,26079.0,4964.2,1.08,298.69
447,medium,13,10:11:22,10:11:23,11:10:39,COMPLETED,32076.0,59268.6,1.98,3557.98
516,medium,13,11:10:29,11:10:33,11:11:05,COMPLETED,26451.0,526.1,4.69,36.05
457,easy,11,11:10:46,11:10:46,11:11:05,COMPLETED,22822.0,316.2,0.31,19.05
358,medium,14,10:57:47,10:57:49,11:11:11,COMPLETED,37008.0,13366.2,2.44,804.30
466,easy,12,11:10:39,11:10:39,11:11:17,COMPLETED,27283.0,630.0,0.98,38.59
310,hard,15,10:25:12,10:25:12,11:11:54,COMPLETED,31215.0,46709.8,0.44,2802.95
511,medium,13,11:05:44,11:05:48,11:12:19,COMPLETED,31066.0,6525.2,4.55,395.90
513,medium,14,11:01:27,11:01:30,11:12:51,COMPLETED,31575.0,11338.9,3.91,684.03
465,easy,12,11:11:28,11:11:30,11:12:51,COMPLETED,35682.0,1353.8,2.05,83.03
580,easy,11,11:13:01,11:13:03,11:13:09,COMPLETED,23863.0,107.7,2.52,8.78
598,medium,14,11:09:35,11:09:37,11:13:47,COMPLETED,32558.0,4171.4,2.02,252.12
590,easy,11,11:13:59,11:13:59,11:14:12,COMPLETED,23368.0,213.0,0.56,13.12
455,medium,13,11:12:38,11:12:38,11:14:37,COMPLETED,31413.0,1979.9,0.55,119.12
527,easy,12,11:13:27,11:13:28,11:14:55,COMPLETED,28930.0,1462.2,1.42,88.91
565,easy,12,11:14:48,11:14:49,11:15:14,COMPLETED,26209.0,421.2,1.61,26.68
361,hard,15,10:45:47,10:45:49,11:15:20,COMPLETED,34102.0,29531.4,2.19,1773.90
572,easy,11,11:15:17,11:15:20,11:15:33,COMPLETED,24068.0,211.4,3.90,16.39
422,hard,15,10:16:06,10:16:09,11:16:16,COMPLETED,35129.0,60134.1,3.02,3610.99
427,medium,14,10:44:49,10:44:51,11:16:55,COMPLETED,34126.0,32065.2,2.28,1926.00
480,easy,11,11:16:48,11:16:48,11:17:01,COMPLETED,27767.0,218.9,0.56,13.39
452,easy,12,11:16:25,11:16:29,11:17:20,COMPLETED,27700.0,851.2,4.57,55.33
481,easy,12,11:17:09,11:17:14,11:17:45,COMPLETED,27342.0,534.3,5.07,36.94
476,easy,12,11:17:37,11:17:39,11:17:52,COMPLETED,30654.0,214.5,2.40,15.16
492,easy,12,11:18:26,11:18:29,11:18:55,COMPLETED,33605.0,429.7,3.91,29.50
504,easy,12,11:17:35,11:17:39,11:19:01,COMPLETED,22135.0,1375.6,4.40,86.73
517,easy,11,11:18:40,11:18:42,11:19:01,COMPLETED,26707.0,320.1,2.74,21.73
410,medium,14,10:08:52,10:08:53,11:19:45,COMPLETED,39139.0,70858.0,1.92,4253.33
464,medium,13,11:12:46,11:12:51,11:19:57,COMPLETED,25976.0,7116.9,5.03,431.87
510,easy,12,11:20:10,11:20:10,11:20:29,COMPLETED,25163.0,318.7,0.31,19.27
538,easy,11,11:20:18,11:20:22,11:20:29,COMPLETED,27170.0,110.0,4.89,11.27
564,easy,12,11:19:39,11:19:39,11:20:35,COMPLETED,33444.0,944.1,0.03,56.52
557,medium,13,11:19:48,11:19:51,11:20:41,COMPLETED,22792.0,839.2,3.62,53.75
584,easy,12,11:20:09,11:20:10,11:20:41,COMPLETED,30267.0,527.9,1.31,32.75
569,easy,11,11:20:55,11:21:00,11:21:06,COMPLETED,23480.0,110.4,5.55,11.81
479,easy,12,11:21:13,11:21:13,11:21:19,COMPLETED,14906.0,108.6,0.22,6.53
566,easy,11,11:21:26,11:21:32,11:21:50,COMPLETED,30011.0,317.8,6.03,24.89
367,medium,14,10:34:06,10:34:10,11:21:57,COMPLETED,36402.0,47775.0,4.67,2871.14
545,easy,12,11:19:35,11:19:39,11:22:03,COMPLETED,28135.0,2409.5,4.03,148.38
512,easy,12,11:20:21,11:20:22,11:22:09,COMPLETED,30324.0,1782.2,1.89,108.66
579,easy,12,11:21:26,11:21:32,11:22:28,COMPLETED,24788.0,943.7,6.03,62.45
559,easy,11,11:22:16,11:22:22,11:22:41,COMPLETED,24897.0,317.2,6.18,25.01
553,medium,13,11:06:14,11:06:14,11:23:05,COMPLETED,40106.0,16864.2,0.13,1011.94
532,medium,13,11:21:06,11:21:06,11:23:05,COMPLETED,23609.0,1988.7,0.81,119.94
534,easy,11,11:22:43,11:22:47,11:23:12,COMPLETED,26814.0,419.0,4.24,29.18
575,medium,14,11:19:11,11:19:14,11:24:45,COMPLETED,25849.0,5525.7,3.17,334.53
459,easy,12,11:21:24,11:21:25,11:25:04,COMPLETED,30367.0,3643.8,1.76,220.21
567,easy,12,11:21:31,11:21:32,11:25:22,COMPLETED,28739.0,3849.1,1.03,231.87
477,easy,11,11:26:05,11:26:06,11:26:13,COMPLETED,26981.0,113.3,1.58,8.03
486,easy,12,11:26:37,11:26:38,11:27:42,COMPLETED,30987.0,1068.4,1.86,65.67
555,medium,13,11:24:09,11:24:14,11:28:01,COMPLETED,33668.0,3798.5,5.32,232.77
368,hard,15,10:49:15,10:49:15,11:28:14,COMPLETED,26694.0,38986.9,0.69,2339.72
468,easy,12,11:27:57,11:28:01,11:28:21,COMPLETED,27302.0,329.1,4.77,24.16
371,medium,13,10:59:38,10:59:44,11:29:05,COMPLETED,27391.0,29360.5,6.02,1767.42
502,medium,13,11:26:29,11:26:32,11:29:18,COMPLETED,30871.0,2772.2,3.22,169.22
588,medium,14,11:00:09,11:00:09,11:29:37,COMPLETED,27281.0,29471.6,0.31,1768.33
396,hard,15,10:00:17,10:00:19,11:30:28,COMPLETED,31486.0,90145.3,2.57,5411.24
544,medium,13,11:23:42,11:23:43,11:30:47,COMPLETED,31231.0,7071.2,1.23,425.23
568,medium,14,11:21:37,11:21:38,11:31:44,COMPLETED,32726.0,10103.6,1.37,607.32
487,easy,12,11:29:36,11:29:37,11:31:44,COMPLETED,35876.0,2122.8,1.33,128.32
520,medium,14,11:22:23,11:22:28,11:32:46,COMPLETED,36275.0,10311.8,5.45,623.99
536,hard,15,11:12:01,11:12:01,11:32:53,COMPLETED,30575.0,20869.7,0.18,1252.23
499,easy,12,11:32:14,11:32:15,11:33:18,COMPLETED,32662.0,1043.2,1.86,64.22
454,easy,12,11:33:06,11:33:11,11:33:18,COMPLETED,24938.0,109.0,5.93,12.22
586,medium,14,11:13:57,11:13:59,11:33:43,COMPLETED,25558.0,19730.8,2.56,1186.18
431,hard,15,10:20:18,10:20:18,11:34:01,COMPLETED,29138.0,73730.0,0.24,4423.97
541,medium,14,11:25:26,11:25:29,11:34:57,COMPLETED,31752.0,9482.8,3.10,571.89
474,easy,11,11:35:23,11:35:29,11:35:41,COMPLETED,27146.0,211.5,6.02,18.51
498,easy,12,11:33:43,11:33:43,11:36:00,COMPLETED,22634.0,2285.3,0.18,137.11
551,easy,11,11:36:17,11:36:18,11:36:25,COMPLETED,28742.0,108.2,1.76,8.04
336,hard,15,10:51:46,10:51:51,11:36:31,COMPLETED,29923.0,44662.5,5.67,2685.32
485,easy,12,11:36:08,11:36:12,11:36:43,COMPLETED,20721.0,523.3,4.52,35.74
307,hard,15,10:44:09,10:44:13,11:36:56,COMPLETED,30031.0,52717.5,4.26,3167.22
556,easy,12,11:36:46,11:36:49,11:37:27,COMPLETED,26998.0,629.9,3.95,41.44
458,easy,12,11:37:04,11:37:08,11:37:27,COMPLETED,31805.0,318.5,4.68,23.44
495,medium,14,11:25:33,11:25:35,11:37:40,COMPLETED,30049.0,12083.1,2.37,727.12
437,hard,15,10:42:57,10:43:03,11:37:52,COMPLETED,35691.0,54833.7,6.02,3295.91
561,easy,11,11:37:43,11:37:46,11:37:52,COMPLETED,25257.0,113.1,3.46,9.91
546,hard,15,11:03:34,11:03:36,11:38:43,COMPLETED,30706.0,35118.7,2.07,2109.09
574,easy,11,11:38:31,11:38:36,11:38:43,COMPLETED,19856.0,107.1,5.81,12.09
529,hard,15,11:14:10,11:14:12,11:39:39,COMPLETED,31678.0,25460.7,2.12,1529.45
594,easy,11,11:39:37,11:39:39,11:39:52,COMPLETED,28335.0,217.4,2.45,15.21
453,medium,14,11:25:44,11:25:47,11:40:17,COMPLETED,27101.0,14498.1,3.86,873.29
523,easy,12,11:40:13,11:40:17,11:40:55,COMPLETED,25248.0,637.1,4.29,42.34
533,easy,12,11:40:36,11:40:36,11:41:07,COMPLETED,28938.0,533.0,0.28,31.98
461,hard,15,11:27:22,11:27:23,11:42:55,COMPLETED,34615.0,15529.3,1.59,933.11
531,easy,12,11:43:21,11:43:26,11:43:45,COMPLETED,26902.0,314.4,5.57,24.21
359,medium,14,10:58:33,10:58:34,11:43:57,COMPLETED,28253.0,45386.8,1.55,2724.68
482,medium,13,11:43:54,11:43:57,11:44:22,COMPLETED,34057.0,419.3,3.68,28.65
537,easy,11,11:44:15,11:44:16,11:44:22,COMPLETED,21424.0,107.5,1.37,7.65
542,easy,11,11:44:27,11:44:28,11:44:41,COMPLETED,28991.0,212.0,1.88,14.37
562,easy,11,11:44:47,11:44:47,11:45:06,COMPLETED,22687.0,314.9,0.63,19.37
483,easy,12,11:44:45,11:44:47,11:45:18,COMPLETED,25751.0,523.0,2.63,33.82
346,hard,15,10:58:24,10:58:28,11:45:37,COMPLETED,27702.0,47158.5,4.05,2833.44
417,medium,14,10:35:25,10:35:25,11:46:02,COMPLETED,29072.0,70611.7,0.81,4237.41
467,easy,12,11:45:35,11:45:37,11:46:02,COMPLETED,31677.0,420.3,2.44,27.41
540,easy,11,11:45:48,11:45:49,11:46:02,COMPLETED,26271.0,212.1,1.91,14.41
331,medium,14,10:59:53,10:59:56,11:46:08,COMPLETED,30442.0,46202.4,3.64,2775.70
552,easy,11,11:47:13,11:47:17,11:47:29,COMPLETED,26168.0,211.6,4.03,16.48
585,easy,11,11:47:28,11:47:29,11:47:35,COMPLETED,24274.0,107.9,1.48,7.76
597,easy,12,11:47:53,11:47:54,11:48:25,COMPLETED,30759.0,527.6,1.38,32.68
425,hard,15,10:30:05,10:30:11,11:48:32,COMPLETED,33643.0,78350.1,6.14,4707.09
470,medium,14,11:35:15,11:35:16,11:49:22,COMPLETED,37828.0,14101.3,1.56,847.33
515,medium,14,11:42:36,11:42:36,11:49:28,COMPLETED,25318.0,6882.6,0.02,412.81
563,medium,13,11:49:59,11:50:00,11:50:25,COMPLETED,32299.0,426.2,1.37,26.53
576,easy,12,11:50:20,11:50:25,11:50:44,COMPLETED,29631.0,324.6,5.53,24.65
497,easy,12,11:48:33,11:48:38,11:50:51,COMPLETED,31524.0,2217.9,5.30,138.05
509,medium,14,11:38:31,11:38:36,11:51:09,COMPLETED,31013.0,12556.1,5.81,758.96
314,hard,15,10:08:27,10:08:28,11:52:00,COMPLETED,38774.0,103531.9,1.61,6213.47
471,easy,11,11:51:23,11:51:28,11:52:00,COMPLETED,31102.0,531.4,5.87,37.47
494,easy,11,11:51:59,11:52:00,11:52:19,COMPLETED,27713.0,325.3,1.47,20.57
237,hard,15,09:38:56,09:38:57,11:52:26,COMPLETED,29479.0,133483.2,1.10,8010.04
528,easy,11,11:53:17,11:53:22,11:53:35,COMPLETED,28896.0,215.9,5.72,18.47
463,easy,11,11:53:24,11:53:29,11:53:35,COMPLETED,24952.0,111.2,5.02,11.47
548,medium,13,11:53:18,11:53:22,11:54:38,COMPLETED,25457.0,1270.5,4.72,80.76
595,easy,12,11:52:09,11:52:13,11:54:57,COMPLETED,34854.0,2742.4,4.12,168.49
518,medium,14,11:08:19,11:08:21,11:55:09,COMPLETED,23485.0,46814.1,2.18,2810.95
488,medium,14,11:48:10,11:48:13,11:55:09,COMPLETED,34102.0,6951.4,3.05,419.95
490,medium,13,11:31:06,11:31:06,11:55:16,COMPLETED,40822.0,24170.4,0.07,1450.20
506,easy,12,11:53:37,11:53:41,11:55:16,COMPLETED,26850.0,1577.8,4.72,99.20
560,easy,12,11:54:35,11:54:38,11:55:28,COMPLETED,28629.0,835.1,3.76,53.63
503,medium,13,11:40:13,11:40:17,11:55:41,COMPLETED,43875.0,15398.6,4.29,928.11
489,hard,15,11:07:53,11:07:55,11:56:55,COMPLETED,35443.0,48998.1,2.96,2942.77
469,easy,12,11:54:03,11:54:07,11:56:55,COMPLETED,44714.0,2814.8,4.10,172.77
451,easy,12,11:58:04,11:58:04,11:58:29,COMPLETED,30755.0,421.8,0.33,25.37
591,easy,12,11:56:40,11:56:43,11:58:48,COMPLETED,32778.0,2083.9,3.29,128.13
478,easy,12,11:58:25,11:58:29,11:58:48,COMPLETED,21812.0,316.3,4.37,23.13
570,medium,14,11:49:17,11:49:22,11:59:00,COMPLETED,32734.0,9641.1,5.33,583.64
530,easy,12,11:58:17,11:58:23,11:59:06,COMPLETED,21232.0,734.4,6.10,49.90
501,hard,15,11:45:46,11:45:49,11:59:25,COMPLETED,31886.0,13598.2,3.91,819.63
596,medium,14,11:45:57,11:46:02,11:59:56,COMPLETED,29350.0,13912.0,5.41,839.99
583,medium,13,11:57:43,11:57:45,12:00:28,COMPLETED,23190.0,2711.3,2.56,165.06
472,medium,13,11:55:26,11:55:28,12:00:40,COMPLETED,29006.0,5200.4,2.63,314.49
549,easy,12,11:58:51,11:58:54,12:01:05,COMPLETED,25743.0,2186.8,3.37,134.39
573,medium,14,11:59:41,11:59:44,12:01:11,COMPLETED,33415.0,1455.6,3.49,90.63
635,easy,11,12:00:59,12:00:59,12:01:24,COMPLETED,22644.0,420.3,0.11,25.10
524,hard,15,11:42:35,11:42:36,12:01:36,COMPLETED,32612.0,19010.7,1.02,1141.55
726,easy,12,12:01:22,12:01:24,12:01:55,COMPLETED,26623.0,522.1,2.10,33.20
612,easy,11,12:01:47,12:01:48,12:02:01,COMPLETED,33620.0,211.7,1.95,14.45
599,hard,15,11:17:02,11:17:07,12:02:32,COMPLETED,28950.0,45414.7,5.74,2730.52
491,hard,15,11:59:02,11:59:06,12:04:18,COMPLETED,34188.0,5189.4,4.90,316.09
521,medium,13,11:54:21,11:54:26,12:06:04,COMPLETED,34435.0,11636.8,5.27,703.32
696,medium,14,12:04:03,12:04:05,12:06:10,COMPLETED,29581.0,2090.7,2.63,127.55
460,medium,13,11:57:09,11:57:14,12:06:36,COMPLETED,38931.0,9368.9,5.47,567.21
649,easy,11,12:06:10,12:06:10,12:06:49,COMPLETED,33672.0,643.4,0.55,39.02
522,hard,15,11:24:25,11:24:26,12:07:20,COMPLETED,33648.0,42894.9,1.82,2575.43
475,hard,15,11:44:15,11:44:16,12:07:33,COMPLETED,34599.0,23280.5,1.37,1398.01
657,medium,13,12:06:36,12:06:36,12:07:33,COMPLETED,30428.0,952.9,0.21,57.01
659,medium,13,12:03:46,12:03:46,12:07:39,COMPLETED,27336.0,3877.6,0.99,233.44
678,medium,13,12:06:18,12:06:23,12:07:51,COMPLETED,32456.0,1477.6,5.43,93.91
592,hard,15,11:43:59,11:44:03,12:08:29,COMPLETED,34868.0,24421.4,4.94,1470.11
724,easy,12,12:08:30,12:08:35,12:09:25,COMPLETED,21481.0,831.9,5.31,55.01
723,easy,11,12:10:03,12:10:08,12:10:27,COMPLETED,26958.0,317.6,5.45,24.28
603,easy,11,12:10:06,12:10:08,12:10:33,COMPLETED,27767.0,420.4,2.45,27.55
667,medium,13,12:08:18,12:08:22,12:11:29,COMPLETED,27631.0,3114.0,4.86,191.57
715,easy,12,12:10:04,12:10:08,12:12:00,COMPLETED,28881.0,1871.2,4.45,116.60
669,easy,11,12:12:13,12:12:13,12:12:19,COMPLETED,21697.0,107.8,0.00,6.28
682,medium,13,12:10:24,12:10:27,12:13:35,COMPLETED,34081.0,3134.7,3.28,191.06
623,easy,11,12:14:23,12:14:25,12:14:38,COMPLETED,22157.0,218.5,2.86,15.63
547,medium,14,11:48:35,11:48:38,12:15:22,COMPLETED,40963.0,26746.5,3.30,1607.97
698,easy,11,12:15:09,12:15:10,12:15:22,COMPLETED,25106.0,215.0,1.35,13.97
735,easy,11,12:15:26,12:15:29,12:15:35,COMPLETED,23962.0,116.3,3.28,9.80
614,easy,11,12:15:31,12:15:35,12:16:20,COMPLETED,28195.0,755.5,4.80,49.76
728,easy,11,12:15:45,12:15:48,12:16:27,COMPLETED,35637.0,649.6,3.61,42.19
670,medium,13,12:15:22,12:15:22,12:16:33,COMPLETED,30854.0,1183.8,0.97,71.64
676,medium,13,12:10:39,12:10:39,12:16:46,COMPLETED,28541.0,6115.6,0.80,367.52
684,easy,11,12:16:37,12:16:40,12:16:52,COMPLETED,26670.0,219.4,3.04,15.82
740,easy,11,12:16:41,12:16:46,12:16:52,COMPLETED,22300.0,112.2,5.52,11.82
671,medium,13,12:13:20,12:13:22,12:17:05,COMPLETED,35111.0,3727.0,2.34,225.60
571,medium,14,11:56:09,11:56:12,12:17:31,COMPLETED,20802.0,21322.5,3.10,1282.22
717,easy,12,12:13:40,12:13:41,12:18:03,COMPLETED,30052.0,4365.4,1.44,263.07
630,medium,14,12:17:19,12:17:24,12:18:15,COMPLETED,21696.0,858.3,5.72,56.84
655,medium,14,12:15:04,12:15:04,12:19:24,COMPLETED,33512.0,4349.6,0.08,260.86
697,medium,14,12:06:05,12:06:10,12:19:37,COMPLETED,32959.0,13450.6,5.55,812.41
744,medium,14,12:13:55,12:14:00,12:19:37,COMPLETED,30023.0,5620.8,5.39,342.41
648,easy,12,12:20:20,12:20:21,12:20:52,COMPLETED,25263.0,525.6,1.17,32.46
686,medium,13,12:19:28,12:19:31,12:22:57,COMPLETED,35884.0,3442.0,3.10,209.41
675,medium,13,12:02:25,12:02:26,12:23:22,COMPLETED,24939.0,20937.7,1.29,1257.37
745,hard,15,12:16:56,12:16:59,12:23:28,COMPLETED,30393.0,6493.3,3.28,392.68
652,medium,14,12:19:29,12:19:31,12:23:34,COMPLETED,30225.0,4067.2,2.10,245.98
712,medium,13,12:22:06,12:22:07,12:24:06,COMPLETED,24716.0,1981.9,1.44,120.09
535,medium,14,11:56:18,11:56:18,12:24:12,COMPLETED,27981.0,27902.5,0.36,1674.38
199,hard,15,09:56:46,09:56:51,12:24:43,COMPLETED,42721.0,147864.2,5.71,8877.54
650,medium,14,12:13:25,12:13:28,12:24:56,COMPLETED,32483.0,11459.0,3.79,691.03
507,medium,14,11:24:14,11:24:14,12:25:02,COMPLETED,32165.0,60802.5,0.32,3648.43
462,hard,15,11:40:30,11:40:30,12:25:02,COMPLETED,34309.0,44541.7,0.04,2672.43
505,medium,13,11:54:06,11:54:07,12:25:08,COMPLETED,42574.0,31027.7,1.10,1862.71
621,easy,11,12:24:53,12:24:56,12:25:21,COMPLETED,29578.0,424.8,3.03,28.21
607,medium,14,12:20:09,12:20:14,12:25:46,COMPLETED,33490.0,5533.4,5.88,337.61
713,medium,13,12:21:14,12:21:17,12:25:46,COMPLETED,26952.0,4491.4,3.45,272.61
611,medium,14,12:24:13,12:24:18,12:26:37,COMPLETED,27262.0,2315.2,5.61,144.21
589,medium,14,11:52:18,11:52:19,12:27:02,COMPLETED,33325.0,34714.2,1.57,2084.26
690,easy,12,12:27:44,12:27:46,12:28:05,COMPLETED,27083.0,322.7,2.64,21.82
680,easy,11,12:28:08,12:28:12,12:28:24,COMPLETED,33961.0,215.6,4.05,16.75
615,easy,11,12:28:21,12:28:24,12:28:31,COMPLETED,30626.0,107.9,3.75,10.03
558,hard,15,11:30:38,11:30:40,12:28:37,COMPLETED,35272.0,57944.8,2.79,3479.25
727,hard,15,12:12:34,12:12:37,12:28:56,COMPLETED,34527.0,16311.2,3.94,982.39
642,medium,14,12:25:17,12:25:21,12:29:40,COMPLETED,25699.0,4328.1,4.21,263.72
699,easy,12,12:29:17,12:29:21,12:29:46,COMPLETED,19657.0,423.9,4.72,29.95
629,easy,11,12:30:24,12:30:24,12:30:31,COMPLETED,26556.0,108.0,0.77,7.09
613,medium,14,12:24:52,12:24:56,12:31:20,COMPLETED,32053.0,6417.5,4.03,388.80
626,easy,11,12:31:21,12:31:27,12:31:33,COMPLETED,26294.0,107.8,6.16,12.42
683,easy,11,12:31:54,12:31:58,12:32:10,COMPLETED,21917.0,212.9,4.34,16.88
708,easy,11,12:31:59,12:32:04,12:32:23,COMPLETED,26571.0,316.1,5.60,24.36
674,medium,13,12:31:20,12:31:20,12:32:35,COMPLETED,27647.0,1254.7,0.80,75.81
651,easy,12,12:31:44,12:31:45,12:32:48,COMPLETED,27098.0,1044.8,1.86,64.33
609,easy,11,12:33:11,12:33:13,12:33:19,COMPLETED,28631.0,109.4,2.27,8.57
647,easy,11,12:33:21,12:33:25,12:33:32,COMPLETED,29675.0,108.5,4.86,11.16
743,easy,11,12:34:14,12:34:15,12:34:28,COMPLETED,32811.0,213.3,1.80,14.38
747,easy,11,12:34:20,12:34:22,12:34:34,COMPLETED,26877.0,213.5,2.10,14.63
729,easy,12,12:34:02,12:34:03,12:34:53,COMPLETED,33876.0,839.6,1.29,51.45
666,easy,11,12:34:55,12:34:59,12:35:12,COMPLETED,23414.0,213.0,4.70,17.21
608,medium,13,12:35:06,12:35:12,12:35:37,COMPLETED,23766.0,432.1,6.21,31.73
617,easy,12,12:27:53,12:27:53,12:35:44,COMPLETED,27333.0,7857.9,0.05,471.19
722,medium,13,12:34:44,12:34:47,12:35:50,COMPLETED,26369.0,1063.7,3.18,66.65
749,medium,14,12:24:47,12:24:49,12:35:57,COMPLETED,30045.0,11125.8,2.77,670.05
618,hard,15,12:28:32,12:28:37,12:36:03,COMPLETED,31308.0,7441.2,5.25,451.45
725,easy,12,12:33:12,12:33:13,12:36:16,COMPLETED,33508.0,3050.2,1.27,184.08
473,hard,15,11:11:08,11:11:11,12:36:47,COMPLETED,26202.0,85603.5,3.30,5139.39
719,easy,12,12:36:06,12:36:09,12:36:47,COMPLETED,22381.0,632.7,3.83,41.39
606,easy,11,12:36:38,12:36:41,12:37:00,COMPLETED,29833.0,327.4,3.14,22.33
689,easy,11,12:36:56,12:37:00,12:37:06,COMPLETED,30914.0,113.9,4.33,10.84
632,easy,11,12:36:48,12:36:53,12:37:38,COMPLETED,26983.0,750.4,5.84,50.53
658,medium,13,12:30:17,12:30:18,12:37:57,COMPLETED,30657.0,7659.8,1.29,460.61
714,easy,11,12:37:49,12:37:51,12:38:03,COMPLETED,22655.0,216.9,2.17,14.99
746,easy,12,12:37:42,12:37:44,12:38:10,COMPLETED,33125.0,430.3,2.91,28.21
663,easy,11,12:38:09,12:38:10,12:38:16,COMPLETED,24283.0,112.2,1.21,7.79
733,easy,11,12:38:12,12:38:16,12:38:23,COMPLETED,26130.0,110.4,4.79,11.07
640,easy,11,12:38:04,12:38:10,12:38:42,COMPLETED,28422.0,537.4,6.21,38.14
701,easy,12,12:37:21,12:37:25,12:38:54,COMPLETED,22617.0,1492.2,4.81,93.94
625,easy,12,12:38:52,12:38:54,12:39:14,COMPLETED,26795.0,324.1,2.94,22.07
660,easy,12,12:39:23,12:39:26,12:39:39,COMPLETED,28640.0,217.5,3.75,16.61
730,easy,11,12:39:17,12:39:20,12:39:52,COMPLETED,21896.0,535.4,3.43,35.32
661,easy,12,12:39:31,12:39:33,12:40:17,COMPLETED,27114.0,746.4,2.18,46.64
731,easy,11,12:40:49,12:40:49,12:40:56,COMPLETED,26036.0,113.1,0.54,7.01
633,easy,11,12:41:29,12:41:33,12:41:40,COMPLETED,28491.0,108.4,4.88,11.17
707,easy,12,12:40:51,12:40:56,12:41:46,COMPLETED,41331.0,843.6,5.01,55.41
622,medium,14,12:30:22,12:30:24,12:42:17,COMPLETED,27169.0,11886.2,2.77,715.73
601,medium,13,12:39:44,12:39:45,12:43:07,COMPLETED,28036.0,3370.6,1.84,203.88
644,easy,12,12:41:47,12:41:52,12:43:14,COMPLETED,31334.0,1361.4,5.66,87.14
643,easy,11,12:44:37,12:44:41,12:44:47,COMPLETED,26723.0,110.0,4.52,10.85
500,hard,15,11:56:21,11:56:24,12:44:54,COMPLETED,32246.0,48494.1,3.62,2913.15
710,easy,12,12:44:56,12:45:00,12:45:13,COMPLETED,31004.0,213.6,4.42,17.01
721,easy,12,12:45:04,12:45:06,12:45:13,COMPLETED,24200.0,109.2,2.70,9.01
646,hard,15,12:08:56,12:09:00,12:45:25,COMPLETED,38447.0,36425.3,4.10,2189.50
709,easy,12,12:45:06,12:45:06,12:46:15,COMPLETED,29868.0,1150.3,0.70,69.37
694,medium,13,12:33:06,12:33:07,12:46:21,COMPLETED,32636.0,13251.4,1.01,795.79
605,hard,15,12:15:13,12:15:16,12:46:34,COMPLETED,31687.0,31299.2,3.61,1881.42
732,hard,15,12:06:49,12:06:49,12:47:50,COMPLETED,38676.0,41023.9,0.02,2461.28
668,medium,13,12:42:08,12:42:11,12:47:56,COMPLETED,32140.0,5759.0,3.45,348.68
634,easy,12,12:48:54,12:49:00,12:49:32,COMPLETED,30242.0,535.6,6.23,38.01
681,easy,12,12:49:14,12:49:19,12:49:51,COMPLETED,32206.0,537.2,5.14,37.16
673,medium,13,12:46:53,12:46:53,12:50:29,COMPLETED,29206.0,3610.8,0.39,216.65
703,easy,11,12:50:05,12:50:10,12:50:29,COMPLETED,25567.0,332.8,5.12,24.65
687,easy,11,12:50:56,12:51:01,12:51:07,COMPLETED,26892.0,114.4,5.45,11.95
620,hard,15,12:32:35,12:32:35,12:53:20,COMPLETED,32249.0,20751.7,0.81,1245.75
637,medium,14,12:16:53,12:16:59,12:54:29,COMPLETED,34862.0,37512.9,6.28,2256.93
616,medium,13,12:53:18,12:53:20,12:54:29,COMPLETED,30992.0,1157.3,2.75,71.93
736,easy,11,12:54:08,12:54:11,12:54:29,COMPLETED,29646.0,318.9,3.07,21.93
645,medium,14,12:38:48,12:38:48,12:54:36,COMPLETED,27529.0,15798.6,0.51,948.23
628,easy,11,12:54:30,12:54:36,12:55:01,COMPLETED,35724.0,422.8,6.23,31.34
610,easy,12,12:53:57,12:53:58,12:55:26,COMPLETED,26027.0,1470.0,1.47,89.43
631,easy,11,12:55:57,12:55:57,12:56:10,COMPLETED,23308.0,213.7,0.75,13.33
677,easy,11,12:57:40,12:57:44,12:58:03,COMPLETED,25676.0,328.8,4.38,23.86
688,easy,11,12:57:44,12:57:44,12:58:10,COMPLETED,25049.0,432.4,0.38,26.14
720,easy,11,12:59:49,12:59:52,13:00:05,COMPLETED,27285.0,228.8,3.29,16.71
706,easy,11,12:59:53,12:59:59,13:00:12,COMPLETED,27839.0,225.8,6.04,19.08
748,easy,12,12:59:59,12:59:59,13:00:18,COMPLETED,24358.0,332.6,0.04,19.66
695,medium,14,12:50:20,12:50:23,13:00:31,COMPLETED,29890.0,10145.5,3.15,611.43
777,easy,11,13:00:26,13:00:31,13:00:57,COMPLETED,34352.0,443.5,5.43,31.60
762,easy,11,13:01:10,13:01:10,13:01:23,COMPLETED,28095.0,226.3,0.64,13.89
693,hard,15,12:51:20,12:51:20,13:01:36,COMPLETED,32270.0,10272.4,0.73,616.74
854,easy,11,13:01:39,13:01:43,13:01:56,COMPLETED,25747.0,225.4,4.25,17.22
798,easy,11,13:01:48,13:01:49,13:02:02,COMPLETED,26543.0,224.6,1.66,14.83
855,easy,12,13:01:11,13:01:17,13:02:15,COMPLETED,30741.0,981.4,6.20,64.65
859,easy,12,13:02:00,13:02:02,13:02:35,COMPLETED,29534.0,548.4,2.83,35.08
653,hard,15,12:41:15,12:41:15,13:03:39,COMPLETED,27574.0,22413.6,0.07,1344.72
894,medium,13,13:01:13,13:01:17,13:03:39,COMPLETED,28612.0,2378.7,4.20,146.72
846,easy,11,13:03:11,13:03:13,13:03:52,COMPLETED,22178.0,645.7,2.91,41.38
763,medium,13,13:00:35,13:00:38,13:04:55,COMPLETED,32520.0,4295.9,3.04,260.47
600,medium,13,12:54:17,12:54:17,13:05:01,COMPLETED,40012.0,10745.1,0.37,644.86
772,medium,13,13:03:46,13:03:46,13:05:08,COMPLETED,30243.0,1373.2,0.05,82.16
761,easy,11,13:05:11,13:05:14,13:05:33,COMPLETED,19067.0,319.9,3.47,22.39
835,medium,13,13:00:12,13:00:12,13:07:26,COMPLETED,27662.0,7251.0,0.08,434.90
704,medium,14,12:52:57,12:53:01,13:07:39,COMPLETED,32594.0,14630.8,4.87,882.51
832,easy,12,13:07:13,13:07:14,13:07:39,COMPLETED,35394.0,425.9,1.26,26.51
679,hard,15,12:48:36,12:48:40,13:07:58,COMPLETED,32603.0,19292.9,4.94,1162.42
739,medium,14,12:24:06,12:24:06,13:08:11,COMPLETED,27405.0,44085.2,0.09,2645.06
857,medium,13,13:04:10,13:04:11,13:08:17,COMPLETED,31105.0,4107.1,1.27,247.41
795,easy,11,13:08:32,13:08:36,13:08:49,COMPLETED,19187.0,216.2,4.40,17.01
624,medium,13,12:50:16,12:50:16,13:08:55,COMPLETED,37619.0,18649.4,0.61,1119.41
782,easy,12,13:08:03,13:08:04,13:09:14,COMPLETED,25812.0,1166.3,1.72,71.38
848,easy,11,13:08:14,13:08:17,13:09:27,COMPLETED,31423.0,1165.4,3.41,73.06
793,easy,12,13:08:44,13:08:49,13:09:45,COMPLETED,29676.0,953.7,5.01,61.92
641,medium,13,12:55:58,12:56:04,13:10:04,COMPLETED,34122.0,14016.0,6.03,846.79
702,hard,15,12:43:40,12:43:45,13:10:17,COMPLETED,27128.0,26536.6,5.31,1597.34
759,easy,12,13:10:29,13:10:29,13:10:48,COMPLETED,23460.0,318.5,0.88,19.77
789,easy,12,13:11:10,13:11:13,13:11:26,COMPLETED,32394.0,216.5,3.92,16.63
820,easy,11,13:11:15,13:11:20,13:11:26,COMPLETED,23455.0,111.5,5.24,11.63
815,easy,12,13:11:44,13:11:45,13:12:04,COMPLETED,27423.0,319.4,1.58,20.48
390,hard,15,10:45:52,10:45:55,13:12:23,COMPLETED,36898.0,146465.2,3.51,8791.36
305,hard,15,10:35:45,10:35:50,13:13:01,COMPLETED,25464.0,157174.3,5.63,9436.04
716,hard,15,12:09:13,12:09:18,13:14:35,COMPLETED,33907.0,65288.6,5.74,3922.95
705,medium,14,12:52:43,12:52:43,13:15:07,COMPLETED,31602.0,22422.5,0.02,1344.86
839,easy,11,13:15:04,13:15:07,13:15:27,COMPLETED,29992.0,336.7,3.86,23.60
770,easy,11,13:15:09,13:15:14,13:15:34,COMPLETED,27013.0,335.6,5.58,25.12
879,easy,12,13:15:07,13:15:07,13:15:53,COMPLETED,26800.0,769.1,0.86,46.66
783,medium,14,13:02:34,13:02:35,13:16:00,COMPLETED,30618.0,13423.5,1.08,806.16
806,easy,11,13:16:04,13:16:06,13:16:19,COMPLETED,26672.0,216.0,2.63,15.28
865,medium,13,13:10:24,13:10:29,13:16:25,COMPLETED,35148.0,5935.3,5.88,361.61
869,easy,12,13:16:50,13:16:51,13:16:57,COMPLETED,26533.0,110.1,1.00,7.33
539,hard,15,11:27:14,11:27:17,13:17:22,COMPLETED,33804.0,110091.6,3.13,6608.54
814,medium,13,13:11:34,13:11:39,13:17:28,COMPLETED,25769.0,5831.9,5.21,354.89
803,easy,12,13:16:20,13:16:25,13:17:35,COMPLETED,26570.0,1164.3,5.61,75.19
833,medium,13,13:04:07,13:04:11,13:18:25,COMPLETED,29021.0,14244.3,4.27,858.66
889,easy,11,13:18:22,13:18:25,13:18:44,COMPLETED,27501.0,320.3,3.66,22.61
755,easy,11,13:18:46,13:18:50,13:18:57,COMPLETED,26867.0,110.7,4.91,11.30
888,easy,12,13:18:45,13:18:50,13:19:09,COMPLETED,24451.0,323.8,5.91,24.97
775,medium,13,13:16:22,13:16:25,13:19:35,COMPLETED,36854.0,3165.6,3.61,193.35
760,easy,12,13:14:59,13:15:01,13:19:54,COMPLETED,31083.0,4888.4,2.29,295.36
808,easy,11,13:20:21,13:20:25,13:20:32,COMPLETED,25454.0,111.1,4.83,11.17
817,easy,12,13:17:34,13:17:35,13:20:38,COMPLETED,29960.0,3059.2,1.19,184.53
874,easy,12,13:20:26,13:20:32,13:21:03,COMPLETED,37253.0,530.3,6.17,37.70
891,medium,13,13:19:09,13:19:09,13:21:22,COMPLETED,25410.0,2214.9,0.97,133.58
734,medium,14,12:41:18,12:41:21,13:21:28,COMPLETED,37006.0,40128.7,3.37,2410.89
818,easy,11,13:21:25,13:21:28,13:21:35,COMPLETED,23618.0,111.5,3.89,10.25
692,medium,14,12:42:15,12:42:17,13:22:20,COMPLETED,28829.0,40044.1,2.73,2405.09
866,easy,11,13:22:48,13:22:51,13:22:58,COMPLETED,29415.0,110.1,3.94,10.27
752,easy,11,13:23:08,13:23:11,13:23:17,COMPLETED,23555.0,120.1,3.02,9.59
662,medium,14,12:48:35,12:48:40,13:23:30,COMPLETED,31819.0,34836.2,5.94,2095.87
665,hard,15,12:54:46,12:54:48,13:23:37,COMPLETED,29829.0,28813.7,2.78,1731.37
751,easy,11,13:23:14,13:23:17,13:23:37,COMPLETED,27015.0,335.8,3.59,23.37
819,easy,12,13:23:18,13:23:24,13:23:37,COMPLETED,27918.0,226.2,6.29,19.37
864,medium,13,13:22:23,13:22:26,13:23:43,COMPLETED,24858.0,1294.3,3.69,80.91
863,medium,14,13:05:58,13:05:58,13:25:38,COMPLETED,34746.0,19662.2,0.55,1180.09
581,hard,15,11:36:13,11:36:18,13:25:50,COMPLETED,33438.0,109534.0,5.76,6577.67
786,medium,13,13:24:20,13:24:22,13:26:55,COMPLETED,31676.0,2555.4,2.34,155.38
837,easy,11,13:26:42,13:26:42,13:27:01,COMPLETED,27096.0,331.2,0.27,19.75
827,easy,11,13:26:36,13:26:42,13:27:14,COMPLETED,26653.0,550.3,6.27,38.74
805,easy,11,13:27:09,13:27:14,13:27:21,COMPLETED,26608.0,115.7,5.74,12.34
829,medium,13,13:24:09,13:24:09,13:28:12,COMPLETED,32235.0,4049.1,0.72,243.37
838,medium,14,13:18:50,13:18:50,13:28:25,COMPLETED,28977.0,9572.1,0.91,575.02
771,hard,15,13:19:03,13:19:03,13:28:37,COMPLETED,30987.0,9573.4,0.62,574.73
830,easy,12,13:28:27,13:28:31,13:28:37,COMPLETED,28899.0,112.1,4.38,10.73
825,easy,12,13:28:22,13:28:25,13:29:09,COMPLETED,30997.0,746.9,3.02,47.50
800,medium,13,13:25:06,13:25:06,13:29:28,COMPLETED,33634.0,4371.7,0.45,262.51
852,easy,11,13:30:04,13:30:06,13:30:19,COMPLETED,23575.0,217.2,2.35,15.01
883,easy,12,13:30:14,13:30:19,13:30:31,COMPLETED,28233.0,216.6,5.01,17.72
742,hard,15,12:59:52,12:59:52,13:30:38,COMPLETED,27390.0,30763.2,0.29,1846.03
841,medium,14,13:06:50,13:06:55,13:30:44,COMPLETED,25339.0,23823.0,5.30,1434.45
862,easy,11,13:30:33,13:30:38,13:30:50,COMPLETED,28751.0,218.2,5.03,17.80
784,easy,11,13:30:43,13:30:44,13:30:50,COMPLETED,22926.0,111.5,1.45,7.80
877,easy,11,13:30:46,13:30:50,13:30:57,COMPLETED,28985.0,110.7,4.80,11.16
769,easy,12,13:31:09,13:31:09,13:31:53,COMPLETED,28282.0,739.3,0.74,44.87
779,easy,11,13:32:01,13:32:06,13:32:25,COMPLETED,27377.0,322.4,5.46,24.53
788,easy,11,13:32:08,13:32:12,13:32:25,COMPLETED,28323.0,217.0,4.80,17.53
878,easy,12,13:32:46,13:32:50,13:32:57,COMPLETED,24171.0,110.2,4.82,11.15
226,hard,15,09:42:15,09:42:20,13:34:01,COMPLETED,38914.0,231675.9,5.88,13906.41
890,medium,14,13:25:48,13:25:50,13:34:52,COMPLETED,28779.0,9046.1,2.67,544.81
306,hard,15,10:01:04,10:01:10,13:35:18,COMPLETED,33700.0,214149.5,6.07,12854.99
870,easy,11,13:35:28,13:35:31,13:35:38,COMPLETED,24633.0,113.3,3.78,10.20
799,medium,13,13:28:42,13:28:44,13:36:04,COMPLETED,30278.0,7338.7,2.13,442.01
842,easy,12,13:36:06,13:36:10,13:36:29,COMPLETED,22823.0,330.5,4.53,23.89
807,medium,13,13:17:45,13:17:47,13:37:14,COMPLETED,31687.0,19455.7,2.86,1169.83
794,easy,11,13:37:08,13:37:08,13:37:40,COMPLETED,27683.0,546.9,0.46,32.77
850,medium,14,13:25:06,13:25:06,13:37:53,COMPLETED,31538.0,12792.1,0.45,767.75
797,medium,14,13:31:07,13:31:09,13:38:19,COMPLETED,37694.0,7169.8,2.74,432.52
887,easy,12,13:36:18,13:36:23,13:38:58,COMPLETED,25290.0,2587.9,5.32,160.16
895,easy,11,13:38:28,13:38:32,13:38:58,COMPLETED,23901.0,431.4,4.78,30.16
756,medium,14,13:37:16,13:37:21,13:39:36,COMPLETED,36361.0,2251.8,5.36,140.17
778,easy,12,13:39:13,13:39:17,13:39:42,COMPLETED,24835.0,425.7,4.26,29.52
619,medium,14,12:13:56,12:14:00,13:40:20,COMPLETED,43762.0,86332.0,4.39,5184.28
809,medium,14,13:34:49,13:34:52,13:40:32,COMPLETED,23607.0,5673.6,3.81,343.93
627,hard,15,12:21:05,12:21:11,13:40:39,COMPLETED,28366.0,79469.8,6.18,4774.28
885,easy,11,13:40:29,13:40:32,13:40:45,COMPLETED,22207.0,215.4,3.93,16.58
750,easy,11,13:41:03,13:41:04,13:41:17,COMPLETED,22366.0,215.4,1.42,14.06
867,easy,12,13:38:25,13:38:26,13:41:23,COMPLETED,26931.0,2959.8,1.08,178.37
881,medium,13,13:36:42,13:36:42,13:41:48,COMPLETED,29595.0,5102.2,0.86,306.65
550,hard,15,11:44:40,11:44:41,13:41:55,COMPLETED,32909.0,117229.2,1.37,7035.06
822,easy,11,13:42:20,13:42:20,13:42:26,COMPLETED,22528.0,110.8,0.20,6.61
898,easy,12,13:41:44,13:41:48,13:42:45,COMPLETED,25353.0,952.4,4.65,61.52
861,easy,11,13:42:14,13:42:20,13:42:45,COMPLETED,27141.0,426.9,6.20,31.52
826,easy,11,13:43:37,13:43:42,13:43:54,COMPLETED,26889.0,214.9,5.20,17.82
604,hard,15,12:16:10,12:16:14,13:44:33,COMPLETED,28093.0,88321.1,4.26,5303.38
840,medium,13,13:45:04,13:45:05,13:45:57,COMPLETED,28599.0,879.8,1.73,53.90
787,easy,11,13:45:55,13:45:57,13:46:04,COMPLETED,17370.0,115.3,2.90,9.61
843,easy,11,13:45:52,13:45:57,13:46:10,COMPLETED,31052.0,222.0,5.90,18.93
834,medium,13,13:44:27,13:44:27,13:46:42,COMPLETED,34595.0,2270.4,0.01,135.97
858,medium,13,13:45:25,13:45:25,13:46:42,COMPLETED,25632.0,1299.0,0.32,77.97
801,easy,12,13:45:16,13:45:18,13:46:49,COMPLETED,36612.0,1519.3,2.59,93.29
773,medium,13,13:37:46,13:37:47,13:47:34,COMPLETED,28308.0,9794.5,1.33,588.59
875,hard,15,13:28:37,13:28:37,13:48:19,COMPLETED,24218.0,19700.6,0.73,1182.49
871,easy,11,13:48:13,13:48:13,13:48:19,COMPLETED,24364.0,111.6,0.16,6.49
802,easy,11,13:48:51,13:48:51,13:49:05,COMPLETED,27309.0,223.6,0.90,14.04
821,medium,14,13:40:15,13:40:20,13:50:46,COMPLETED,33106.0,10446.3,5.28,631.82
766,medium,13,13:41:27,13:41:29,13:51:05,COMPLETED,28096.0,9605.9,2.71,578.77
844,easy,12,13:50:55,13:50:59,13:51:24,COMPLETED,26107.0,427.6,4.43,29.74
785,easy,12,13:52:06,13:52:08,13:52:46,COMPLETED,24311.0,639.2,2.94,40.95
790,medium,14,13:47:38,13:47:41,13:52:53,COMPLETED,33110.0,5208.8,3.11,315.33
899,easy,11,13:52:33,13:52:34,13:53:12,COMPLETED,27076.0,641.7,1.25,39.40
812,easy,12,13:51:41,13:51:43,13:53:18,COMPLETED,27702.0,1590.1,2.71,97.77
804,easy,12,13:53:28,13:53:31,13:54:15,COMPLETED,26129.0,744.0,3.50,47.85
392,hard,15,10:41:44,10:41:47,13:54:28,COMPLETED,29330.0,192686.0,3.35,11564.47
886,medium,13,13:45:17,13:45:18,13:54:47,COMPLETED,30544.0,9484.1,1.59,570.39
849,medium,14,13:43:13,13:43:16,13:55:26,COMPLETED,35385.0,12160.9,3.93,733.18
753,easy,11,13:54:44,13:54:47,13:55:32,COMPLETED,28352.0,762.9,3.39,48.71
816,medium,13,13:54:00,13:54:03,13:56:05,COMPLETED,26499.0,2035.4,3.20,125.05
811,medium,14,13:49:27,13:49:30,13:56:37,COMPLETED,32790.0,7117.5,3.58,430.19
791,hard,15,13:15:32,13:15:34,13:57:09,COMPLETED,28123.0,41600.7,2.12,2497.74
896,easy,12,13:56:55,13:56:56,13:57:16,COMPLETED,24243.0,336.3,1.68,21.42
860,easy,11,13:57:08,13:57:09,13:57:16,COMPLETED,23403.0,118.8,1.74,8.42
764,easy,12,13:55:45,13:55:45,13:57:29,COMPLETED,32692.0,1735.7,0.69,104.40
781,medium,14,13:53:24,13:53:25,13:57:48,COMPLETED,35090.0,4396.4,1.14,264.64
897,easy,12,13:56:17,13:56:17,13:58:53,COMPLETED,34975.0,2600.1,0.65,156.23
873,easy,12,13:58:22,13:58:27,13:59:06,COMPLETED,27216.0,657.4,5.24,44.21
1004,easy,11,14:00:49,14:00:49,14:01:20,COMPLETED,27857.0,536.9,0.06,31.99
767,hard,15,13:28:11,13:28:12,14:02:05,COMPLETED,34562.0,33883.9,1.37,2034.17
1017,easy,12,14:02:42,14:02:43,14:03:02,COMPLETED,25884.0,321.9,1.02,20.01
508,hard,15,11:41:58,11:41:58,14:03:39,COMPLETED,35510.0,141695.5,0.21,8501.89
962,easy,12,14:00:31,14:00:35,14:04:43,COMPLETED,27532.0,4122.0,4.99,252.04
965,easy,11,14:05:31,14:05:33,14:05:46,COMPLETED,27678.0,215.8,2.54,15.20
1001,medium,13,14:01:49,14:01:52,14:06:05,COMPLETED,26449.0,4217.2,3.48,256.19
934,easy,11,14:05:59,14:06:05,14:06:18,COMPLETED,24531.0,221.9,6.19,19.03
831,hard,15,13:56:29,13:56:30,14:06:50,COMPLETED,28629.0,10340.2,1.58,621.58
1013,easy,11,14:06:34,14:06:37,14:07:03,COMPLETED,26005.0,445.3,3.52,29.67
905,easy,11,14:06:58,14:07:03,14:07:10,COMPLETED,25003.0,118.5,5.67,12.31
983,easy,12,14:06:52,14:06:57,14:07:16,COMPLETED,19553.0,336.0,5.09,24.83
758,hard,15,13:12:15,13:12:17,14:07:48,COMPLETED,31464.0,55532.2,2.04,3333.71
836,medium,14,13:48:39,13:48:45,14:08:08,COMPLETED,25311.0,19386.8,6.33,1169.16
774,hard,15,13:10:49,13:10:55,14:08:21,COMPLETED,29844.0,57438.6,6.06,3452.12
906,easy,11,14:07:37,14:07:42,14:08:21,COMPLETED,28637.0,654.8,5.37,44.12
757,hard,15,13:51:24,13:51:24,14:08:34,COMPLETED,29283.0,17165.0,0.74,1030.25
1032,easy,11,14:08:46,14:08:47,14:09:00,COMPLETED,26576.0,220.8,1.18,14.16
1005,easy,11,14:07:56,14:08:01,14:09:12,COMPLETED,31553.0,1196.0,5.67,76.92
981,easy,11,14:09:12,14:09:12,14:09:25,COMPLETED,22587.0,222.3,0.92,13.82
988,easy,12,14:11:00,14:11:02,14:11:15,COMPLETED,28264.0,224.5,2.12,15.14
297,hard,15,09:34:03,09:34:03,14:12:50,COMPLETED,39467.0,278790.0,0.63,16728.00
957,easy,12,14:12:28,14:12:31,14:12:50,COMPLETED,28434.0,322.4,4.00,23.00
639,hard,15,12:40:09,12:40:11,14:13:47,COMPLETED,35617.0,93613.1,2.20,5618.88
993,easy,11,14:13:41,14:13:41,14:13:54,COMPLETED,28000.0,216.2,0.53,13.22
1023,medium,13,14:12:33,14:12:38,14:14:06,COMPLETED,30555.0,1479.9,5.32,93.86
992,easy,12,14:13:04,14:13:10,14:14:32,COMPLETED,26913.0,1374.8,6.02,88.24
923,easy,11,14:14:10,14:14:13,14:14:32,COMPLETED,24415.0,322.3,3.16,22.24
961,easy,11,14:14:54,14:14:57,14:15:10,COMPLETED,30640.0,216.0,3.43,16.10
1020,easy,11,14:14:20,14:14:25,14:15:22,COMPLETED,28718.0,953.0,5.89,62.76
919,easy,12,14:13:26,14:13:28,14:15:29,COMPLETED,36979.0,2008.7,2.90,123.11
929,easy,12,14:14:08,14:14:13,14:15:29,COMPLETED,28030.0,1271.6,5.16,81.11
955,easy,12,14:15:12,14:15:16,14:15:29,COMPLETED,32498.0,217.5,4.42,17.11
918,easy,12,14:15:30,14:15:35,14:15:54,COMPLETED,27847.0,322.1,5.50,24.56
1033,medium,13,14:14:56,14:14:57,14:16:13,COMPLETED,28273.0,1270.4,1.43,77.42
450,hard,15,11:46:15,11:46:21,14:16:26,COMPLETED,28734.0,150083.3,6.11,9011.07
954,easy,12,14:16:18,14:16:19,14:16:26,COMPLETED,24741.0,110.3,1.73,8.07
950,easy,12,14:16:45,14:16:51,14:17:16,COMPLETED,24819.0,426.4,6.24,31.49
943,easy,11,14:17:17,14:17:22,14:17:54,COMPLETED,26140.0,533.7,5.86,37.59
1008,easy,12,14:17:45,14:17:48,14:18:07,COMPLETED,21423.0,322.4,3.18,22.22
936,medium,13,14:15:33,14:15:35,14:18:19,COMPLETED,33911.0,2743.4,2.50,166.90
941,easy,12,14:17:36,14:17:41,14:18:19,COMPLETED,34891.0,639.0,5.85,43.90
948,easy,11,14:18:06,14:18:07,14:18:19,COMPLETED,25133.0,216.5,1.22,13.90
1027,medium,14,14:16:39,14:16:44,14:18:26,COMPLETED,35154.0,1694.5,5.92,107.23
989,easy,12,14:18:25,14:18:26,14:18:38,COMPLETED,31543.0,216.1,1.23,13.96
1002,medium,14,14:01:52,14:01:52,14:19:10,COMPLETED,32839.0,17302.3,0.48,1038.41
1039,easy,11,14:19:36,14:19:42,14:19:54,COMPLETED,19282.0,215.0,6.01,18.63
824,medium,14,13:22:31,13:22:33,14:20:13,COMPLETED,38075.0,57679.1,2.01,3462.58
1049,medium,14,14:17:13,14:17:16,14:21:04,COMPLETED,29357.0,3801.7,3.49,231.31
985,easy,12,14:20:40,14:20:45,14:21:16,COMPLETED,27995.0,534.2,5.22,36.97
1029,easy,12,14:20:31,14:20:32,14:21:23,COMPLETED,22850.0,852.4,1.48,52.30
947,easy,11,14:20:38,14:20:38,14:21:29,COMPLETED,35537.0,851.9,0.83,51.66
1040,easy,11,14:21:20,14:21:23,14:21:29,COMPLETED,25909.0,111.1,3.30,9.66
968,easy,12,14:21:51,14:21:54,14:22:07,COMPLETED,25438.0,216.8,3.83,16.56
1006,easy,11,14:22:27,14:22:32,14:22:51,COMPLETED,28054.0,323.8,5.73,24.84
1018,easy,12,14:21:58,14:22:01,14:22:58,COMPLETED,29495.0,955.0,3.16,60.19
1034,easy,12,14:22:31,14:22:32,14:23:10,COMPLETED,20245.0,640.6,1.73,39.79
946,easy,11,14:22:51,14:22:51,14:23:10,COMPLETED,30959.0,323.5,0.84,19.79
1045,easy,12,14:23:32,14:23:36,14:24:53,COMPLETED,31185.0,1288.9,4.59,81.63
953,hard,15,14:20:43,14:20:45,14:26:09,COMPLETED,25717.0,5405.2,2.22,326.31
1003,easy,12,14:25:34,14:25:37,14:26:21,COMPLETED,37847.0,739.8,3.80,47.90
856,hard,15,13:42:36,13:42:39,14:27:12,COMPLETED,31970.0,44560.3,3.19,2676.57
1044,easy,11,14:27:40,14:27:44,14:27:56,COMPLETED,26708.0,215.8,4.12,16.76
711,hard,15,12:48:06,12:48:09,14:28:15,COMPLETED,32195.0,100108.7,3.38,6009.82
1026,medium,14,14:17:45,14:17:48,14:28:15,COMPLETED,26106.0,10464.4,3.18,630.82
917,easy,11,14:28:09,14:28:09,14:28:15,COMPLETED,27417.0,112.3,0.44,6.82
828,medium,14,13:54:51,13:54:53,14:30:28,COMPLETED,27413.0,35582.7,2.81,2137.56
969,easy,11,14:31:04,14:31:06,14:31:13,COMPLETED,25665.0,117.8,2.85,9.46
938,easy,11,14:31:15,14:31:19,14:31:26,COMPLETED,27033.0,110.7,4.96,11.32
935,medium,13,14:29:50,14:29:50,14:31:38,COMPLETED,31017.0,1815.9,0.48,108.97
738,hard,15,12:02:09,12:02:13,14:33:22,COMPLETED,30970.0,151138.1,4.86,9073.10
1035,easy,11,14:33:24,14:33:28,14:33:41,COMPLETED,29921.0,216.2,4.44,17.10
1037,medium,13,14:30:13,14:30:15,14:33:53,COMPLETED,37118.0,3636.9,2.80,220.75
998,medium,14,14:03:46,14:03:46,14:34:12,COMPLETED,27623.0,30444.8,0.24,1826.71
1011,medium,13,14:20:06,14:20:07,14:34:25,COMPLETED,36018.0,14307.2,1.21,859.39
979,medium,13,14:31:30,14:31:32,14:34:31,COMPLETED,34441.0,2991.5,2.63,181.72
920,easy,12,14:34:32,14:34:38,14:34:57,COMPLETED,26902.0,327.2,6.19,25.33
930,easy,12,14:34:14,14:34:19,14:35:03,COMPLETED,29128.0,757.5,5.03,49.86
1047,easy,12,14:34:13,14:34:19,14:35:49,COMPLETED,26291.0,1511.3,6.03,96.42
913,easy,11,14:35:32,14:35:36,14:35:49,COMPLETED,25044.0,220.0,4.52,17.42
986,easy,11,14:35:51,14:35:55,14:36:08,COMPLETED,29423.0,224.6,4.75,17.81
909,easy,11,14:36:03,14:36:08,14:36:21,COMPLETED,25161.0,218.7,5.81,18.60
880,medium,14,13:54:46,13:54:47,14:37:06,COMPLETED,32565.0,42314.8,1.39,2540.11
949,easy,12,14:36:40,14:36:40,14:37:37,COMPLETED,30080.0,954.2,0.81,57.76
960,medium,13,14:27:59,14:28:03,14:38:03,COMPLETED,34515.0,10006.2,4.09,604.19
853,hard,15,13:58:03,13:58:07,14:38:47,COMPLETED,30825.0,40668.2,4.71,2444.59
1016,easy,12,14:37:41,14:38:53,14:39:06,COMPLETED,24551.0,216.1,72.96,85.62
990,easy,11,14:38:09,14:39:12,14:39:31,COMPLETED,25100.0,322.6,63.95,82.94
893,hard,15,13:27:55,13:27:59,14:40:28,COMPLETED,30755.0,72489.0,4.67,4353.85
912,easy,12,14:37:36,14:38:09,14:40:28,COMPLETED,23587.0,2326.7,33.55,172.85
997,medium,13,14:37:14,14:37:18,14:40:35,COMPLETED,27665.0,3279.5,4.76,201.18
1019,easy,11,14:38:59,14:40:35,14:40:41,COMPLETED,22010.0,112.3,96.18,102.58
915,easy,12,14:39:15,14:40:35,14:40:47,COMPLETED,29875.0,217.8,80.18,92.95
967,hard,15,14:23:13,14:23:17,14:41:00,COMPLETED,31131.0,17727.0,4.28,1067.63
901,easy,12,14:39:45,14:40:41,14:41:07,COMPLETED,31993.0,429.0,56.58,82.00
851,medium,14,13:06:25,13:06:30,14:42:11,COMPLETED,36179.0,95697.1,5.05,5746.53
792,hard,15,13:16:20,13:16:25,14:42:11,COMPLETED,32123.0,85771.8,5.61,5151.53
1014,medium,13,14:37:17,14:37:44,14:42:11,COMPLETED,31489.0,4468.3,27.09,294.53
922,easy,11,14:41:52,14:41:58,14:42:11,COMPLETED,23992.0,230.3,6.43,19.53
904,medium,13,14:36:12,14:36:15,14:42:24,COMPLETED,36425.0,6165.4,3.26,372.88
908,easy,12,14:40:02,14:40:47,14:42:24,COMPLETED,29512.0,1621.1,45.95,142.88
999,easy,11,14:42:07,14:42:11,14:42:31,COMPLETED,28911.0,333.8,4.53,24.26
973,easy,12,14:42:27,14:42:31,14:42:50,COMPLETED,24891.0,324.7,4.26,23.26
1021,easy,11,14:42:24,14:42:24,14:42:56,COMPLETED,29209.0,539.1,0.88,32.77
765,medium,14,13:41:22,13:41:23,14:43:16,COMPLETED,29176.0,61886.8,1.37,3714.30
1012,easy,12,14:43:26,14:43:29,14:44:08,COMPLETED,23501.0,652.5,3.36,42.20
664,hard,15,12:50:34,12:50:36,14:46:03,COMPLETED,25769.0,115465.0,2.12,6929.88
952,easy,12,14:44:09,14:44:14,14:46:23,COMPLETED,37456.0,2155.2,5.55,134.40
1015,medium,14,14:38:22,14:39:38,14:46:29,COMPLETED,23851.0,6868.8,76.33,487.93
975,easy,11,14:46:29,14:46:29,14:46:49,COMPLETED,25058.0,334.0,0.93,20.39
672,hard,15,12:32:33,12:32:35,14:47:15,COMPLETED,28147.0,134667.7,2.81,8082.76
1048,easy,11,14:46:51,14:46:56,14:47:28,COMPLETED,29314.0,550.8,5.02,37.66
964,easy,12,14:47:05,14:47:09,14:47:35,COMPLETED,30113.0,438.5,4.09,30.12
1046,easy,12,14:45:27,14:45:31,14:47:41,COMPLETED,29295.0,2165.3,4.92,134.53
980,hard,15,14:03:32,14:03:33,14:48:32,COMPLETED,37841.0,44979.8,1.55,2700.15
1000,easy,11,14:47:19,14:47:35,14:48:32,COMPLETED,20829.0,955.8,16.12,73.15
994,medium,14,14:48:01,14:48:06,14:48:44,COMPLETED,30294.0,638.8,5.86,43.89
956,easy,12,14:47:03,14:47:09,14:49:10,COMPLETED,33823.0,2023.2,6.09,127.14
914,medium,13,14:42:17,14:42:18,14:49:16,COMPLETED,34585.0,6973.4,1.31,419.53
932,medium,13,14:48:18,14:48:38,14:49:16,COMPLETED,34797.0,638.0,20.50,58.53
942,medium,14,14:31:40,14:31:45,14:49:35,COMPLETED,30268.0,17838.2,5.49,1075.51
924,easy,11,14:47:35,14:47:41,14:49:35,COMPLETED,34172.0,1905.5,6.53,120.51
987,easy,12,14:49:32,14:49:35,14:50:45,COMPLETED,21844.0,1166.4,3.51,73.08
754,hard,15,13:00:05,13:00:05,14:51:29,COMPLETED,27478.0,111399.0,0.71,6684.55
1042,medium,13,14:42:14,14:42:18,14:53:05,COMPLETED,29048.0,10789.3,4.31,651.28
984,easy,12,14:50:45,14:50:45,14:53:24,COMPLETED,29276.0,2674.1,0.08,159.86
900,easy,12,14:50:52,14:50:57,14:53:44,COMPLETED,29382.0,2783.4,5.90,172.57
718,hard,15,12:42:02,12:42:05,14:54:03,COMPLETED,32151.0,131976.1,3.16,7921.65
1043,easy,11,14:53:42,14:53:44,14:54:09,COMPLETED,32428.0,431.4,2.57,27.98
951,medium,14,14:53:14,14:53:18,14:55:08,COMPLETED,28535.0,1849.5,4.30,114.65
921,easy,12,14:53:47,14:53:50,14:55:28,COMPLETED,32813.0,1628.3,3.94,101.27
977,hard,15,14:26:43,14:26:47,14:56:19,COMPLETED,37010.0,29551.3,4.13,1776.92
685,hard,15,12:29:59,12:29:59,14:56:46,COMPLETED,39522.0,146780.4,0.51,8807.22
1025,hard,15,14:45:46,14:45:51,14:57:24,COMPLETED,35157.0,11566.3,5.22,698.72
926,medium,14,14:54:56,14:55:15,14:57:44,COMPLETED,31402.0,2492.9,19.36,168.43
963,easy,11,14:56:43,14:57:51,14:57:57,COMPLETED,23449.0,119.5,68.02,74.70
995,medium,14,14:56:36,14:57:31,14:58:30,COMPLETED,26128.0,989.0,55.34,114.36
1028,medium,13,14:49:39,14:49:41,14:58:36,COMPLETED,30114.0,8918.8,2.90,537.73
1010,easy,11,14:57:48,14:58:36,14:58:43,COMPLETED,21790.0,111.9,48.73,55.10
927,easy,12,14:57:29,14:58:04,14:58:49,COMPLETED,27937.0,759.7,35.23,80.48
352,hard,15,10:22:49,10:22:54,14:59:08,COMPLETED,32546.0,276227.9,5.99,16579.63
925,easy,12,14:57:58,14:58:43,15:00:43,COMPLETED,32228.0,2016.7,45.10,165.81
976,easy,11,14:59:08,15:00:50,15:01:02,COMPLETED,24754.0,216.1,102.14,114.80
966,easy,11,14:59:21,15:01:09,15:01:21,COMPLETED,24939.0,216.0,108.13,120.79
945,medium,14,14:32:40,14:32:43,15:02:06,COMPLETED,28838.0,29371.9,3.90,1766.02
958,easy,12,14:59:57,15:01:28,15:02:06,COMPLETED,27646.0,637.1,91.12,129.02
972,medium,14,14:54:44,14:54:49,15:02:12,COMPLETED,30257.0,7393.7,5.06,448.36
1079,medium,13,15:02:17,15:02:18,15:03:09,COMPLETED,26054.0,848.1,1.74,52.33
1146,easy,12,15:02:26,15:02:31,15:03:41,COMPLETED,27079.0,1171.0,5.41,75.18
1116,easy,12,15:03:16,15:03:47,15:04:00,COMPLETED,27604.0,220.1,31.71,44.63
1031,medium,14,14:36:29,14:36:34,15:04:06,COMPLETED,32950.0,27549.4,5.46,1657.95
939,medium,14,14:58:09,14:58:49,15:04:58,COMPLETED,34911.0,6161.1,40.48,409.87
1121,medium,13,15:04:01,15:04:06,15:05:24,COMPLETED,28123.0,1301.8,5.95,83.72
1176,easy,11,15:04:19,15:05:31,15:05:37,COMPLETED,26963.0,113.6,72.11,78.55
1157,easy,12,15:04:16,15:05:05,15:05:43,COMPLETED,20284.0,655.1,49.19,87.95
813,hard,15,13:32:26,13:32:31,15:05:50,COMPLETED,38845.0,93316.1,5.90,5604.56
910,medium,14,14:48:15,14:48:38,15:05:50,COMPLETED,34047.0,17210.3,23.50,1055.56
1081,easy,11,15:04:47,15:05:43,15:05:57,COMPLETED,28803.0,233.3,56.95,70.26
1177,easy,11,15:05:21,15:05:57,15:06:10,COMPLETED,30282.0,229.7,36.26,49.65
1145,easy,12,15:05:18,15:05:57,15:06:17,COMPLETED,29225.0,341.5,39.26,59.19
1080,easy,11,15:05:54,15:06:17,15:06:30,COMPLETED,28593.0,225.6,23.19,36.43
1195,easy,12,15:06:08,15:06:36,15:06:49,COMPLETED,24213.0,219.6,28.75,41.42
1007,hard,15,14:18:20,14:18:26,15:07:02,COMPLETED,35059.0,48608.6,6.23,2922.46
1083,easy,11,15:06:03,15:06:23,15:07:02,COMPLETED,31353.0,652.9,20.81,59.46
1061,easy,12,15:07:18,15:07:21,15:07:41,COMPLETED,32773.0,334.7,3.80,23.41
1152,medium,13,15:05:39,15:06:04,15:08:00,COMPLETED,23977.0,1956.4,25.02,141.90
1144,easy,11,15:07:20,15:07:21,15:08:13,COMPLETED,42362.0,869.6,1.80,53.79
636,hard,15,12:08:17,12:08:22,15:09:50,COMPLETED,36800.0,181463.5,5.86,10893.62
638,hard,15,12:35:26,12:35:31,15:11:00,COMPLETED,36345.0,155481.7,5.28,9334.14
1041,hard,15,14:17:43,14:17:48,15:11:44,COMPLETED,31912.0,53938.4,5.18,3241.32
1063,easy,11,15:11:49,15:11:50,15:12:16,COMPLETED,22529.0,429.2,1.64,27.02
1191,easy,11,15:12:16,15:12:16,15:12:22,COMPLETED,25273.0,111.8,0.02,6.43
1085,easy,11,15:12:29,15:12:35,15:13:00,COMPLETED,22656.0,427.0,6.07,31.39
700,hard,15,12:59:52,12:59:52,15:13:19,COMPLETED,32644.0,133450.8,0.29,8007.32
1169,easy,12,15:13:14,15:13:19,15:14:16,COMPLETED,23037.0,953.8,5.32,62.25
1119,medium,13,15:08:39,15:08:39,15:14:22,COMPLETED,26640.0,5724.9,0.41,343.58
1059,easy,12,15:13:39,15:14:22,15:15:01,COMPLETED,29456.0,651.5,43.58,82.14
872,hard,15,13:17:17,13:17:22,15:15:14,COMPLETED,24849.0,117864.1,5.54,7077.22
1030,medium,14,14:54:12,14:54:16,15:16:05,COMPLETED,32984.0,21827.7,4.51,1313.91
931,hard,15,14:43:22,14:43:22,15:16:24,COMPLETED,30407.0,33041.4,0.81,1982.89
940,hard,15,14:45:32,14:45:38,15:16:24,COMPLETED,34391.0,30780.6,6.50,1852.89
1056,medium,13,15:15:18,15:15:20,15:17:10,COMPLETED,34703.0,1835.1,2.76,112.58
1089,easy,12,15:16:04,15:16:05,15:17:10,COMPLETED,29466.0,1083.0,1.91,66.58
1069,easy,11,15:17:14,15:17:16,15:17:36,COMPLETED,31034.0,336.8,2.92,22.66
937,hard,15,14:14:00,14:14:00,15:19:26,COMPLETED,31878.0,65441.5,0.52,3926.86
1090,medium,14,15:13:19,15:13:25,15:21:53,COMPLETED,34179.0,8469.0,6.69,514.57
1105,easy,11,15:17:36,15:21:59,15:22:12,COMPLETED,22717.0,216.5,263.89,276.57
1022,medium,14,14:58:40,14:58:55,15:22:18,COMPLETED,28115.0,23389.1,15.85,1418.91
1131,medium,14,15:12:40,15:12:41,15:22:44,COMPLETED,27808.0,10055.6,1.41,604.43
1141,easy,11,15:17:45,15:22:18,15:22:50,COMPLETED,26054.0,538.0,273.91,305.82
1064,medium,13,15:18:12,15:22:25,15:23:09,COMPLETED,24849.0,748.8,253.31,297.94
944,hard,15,14:55:38,14:55:41,15:23:16,COMPLETED,29158.0,27591.8,3.02,1658.27
1165,easy,11,15:19:19,15:23:16,15:23:29,COMPLETED,26158.0,218.8,237.27,250.04
978,medium,14,14:34:31,14:34:31,15:23:41,COMPLETED,29738.0,49171.2,0.72,2950.83
1124,medium,14,15:16:24,15:16:24,15:23:41,COMPLETED,32504.0,7286.9,0.89,437.83
796,hard,15,13:48:58,13:48:58,15:23:48,COMPLETED,28917.0,94832.8,0.47,5690.18
1110,medium,13,15:19:48,15:23:22,15:23:54,COMPLETED,33234.0,539.8,214.65,246.69
1151,medium,14,15:00:18,15:02:12,15:24:13,COMPLETED,31086.0,22026.8,114.36,1435.76
1091,easy,11,15:20:44,15:24:01,15:24:13,COMPLETED,21447.0,216.5,197.08,209.76
1106,easy,11,15:20:30,15:23:48,15:24:39,COMPLETED,27572.0,852.8,198.18,249.11
1120,easy,12,15:18:47,15:22:57,15:24:51,COMPLETED,26364.0,1914.4,250.23,364.81
1178,easy,12,15:20:28,15:23:48,15:25:10,COMPLETED,20078.0,1381.7,200.18,282.81
1194,easy,12,15:20:44,15:23:54,15:25:36,COMPLETED,24270.0,1696.2,190.69,292.13
1082,easy,12,15:21:16,15:24:20,15:26:08,COMPLETED,26032.0,1803.6,184.09,292.01
1101,medium,14,15:02:50,15:03:15,15:26:27,COMPLETED,31979.0,23196.3,25.66,1417.23
1057,easy,12,15:22:33,15:25:42,15:27:17,COMPLETED,31501.0,1594.3,189.52,284.83
1095,easy,12,15:21:24,15:24:20,15:27:37,COMPLETED,21941.0,3286.1,176.09,373.02
1182,easy,12,15:24:00,15:27:43,15:28:08,COMPLETED,29988.0,427.5,223.35,248.70
1128,easy,12,15:21:49,15:24:58,15:28:40,COMPLETED,28415.0,3707.5,189.15,411.31
1184,medium,13,15:16:44,15:16:44,15:28:59,COMPLETED,28884.0,12250.8,0.54,735.35
1142,easy,11,15:25:04,15:28:46,15:29:12,COMPLETED,35865.0,428.3,222.65,248.03
882,hard,15,13:41:07,13:41:10,15:29:43,COMPLETED,27149.0,108551.0,3.73,6516.68
1149,medium,13,15:26:29,15:29:18,15:32:04,COMPLETED,30214.0,2768.2,169.38,335.10
1086,medium,14,15:23:54,15:27:24,15:32:10,COMPLETED,31191.0,4777.0,210.21,496.50
1109,easy,11,15:27:09,15:32:16,15:33:40,COMPLETED,33117.0,1404.6,307.87,391.78
1155,medium,14,15:18:18,15:22:50,15:35:22,COMPLETED,32952.0,12528.4,272.82,1024.15
1187,hard,15,15:26:50,15:32:10,15:37:03,COMPLETED,29630.0,4894.6,320.50,613.82
1153,hard,15,15:22:07,15:25:17,15:37:10,COMPLETED,28121.0,11890.6,190.14,903.22
1189,hard,15,15:17:31,15:17:43,15:37:16,COMPLETED,30738.0,19562.6,12.19,1185.65
928,hard,15,14:59:03,14:59:14,15:38:38,COMPLETED,34060.0,39400.6,11.98,2375.82
996,hard,15,14:08:27,14:08:27,15:38:45,COMPLETED,36267.0,90294.3,0.70,5418.15
1164,easy,12,15:28:52,15:37:23,15:38:57,COMPLETED,36858.0,1587.9,511.03,605.98
1070,easy,11,15:29:37,15:39:04,15:39:10,COMPLETED,25374.0,111.1,567.34,573.71
1154,easy,11,15:29:06,15:38:51,15:39:17,COMPLETED,28095.0,429.3,585.61,611.03
892,hard,15,13:23:12,13:23:17,15:40:08,COMPLETED,39459.0,136856.6,5.59,8216.90
1050,easy,12,15:28:43,15:37:16,15:40:08,COMPLETED,35030.0,2875.9,513.65,685.90
1130,easy,12,15:31:25,15:40:15,15:41:20,COMPLETED,23614.0,1086.3,530.24,595.02
1197,medium,14,15:10:45,15:10:47,15:41:39,COMPLETED,30148.0,30875.3,2.42,1854.72
1198,easy,11,15:32:20,15:41:46,15:41:52,COMPLETED,27984.0,115.5,566.05,572.48
1133,easy,12,15:31:29,15:41:26,15:43:23,COMPLETED,30655.0,1949.8,597.56,714.26
1196,hard,15,15:17:24,15:17:29,15:43:48,COMPLETED,37257.0,26319.6,6.00,1584.82
1067,medium,14,15:30:56,15:39:17,15:45:12,COMPLETED,32102.0,5935.7,501.03,856.87
1173,medium,14,15:31:14,15:39:23,15:45:19,COMPLETED,31346.0,5935.7,489.40,845.23
776,medium,13,13:48:21,13:48:25,15:45:25,COMPLETED,44731.0,116997.7,4.88,7024.60
1053,easy,11,15:33:10,15:45:25,15:45:38,COMPLETED,27722.0,218.5,735.60,748.36
1162,easy,11,15:33:27,15:45:44,15:45:57,COMPLETED,27967.0,216.9,737.74,750.41
1118,easy,12,15:33:50,15:46:03,15:46:16,COMPLETED,29463.0,218.1,733.78,746.55
1180,medium,14,15:14:15,15:14:28,15:46:29,COMPLETED,30964.0,32008.4,13.96,1934.25
933,hard,15,14:50:38,14:50:38,15:46:41,COMPLETED,30280.0,56058.0,0.66,3363.95
1104,easy,12,15:34:09,15:46:22,15:48:23,COMPLETED,33947.0,2009.0,733.89,854.14
1038,hard,15,14:51:33,14:51:35,15:49:20,COMPLETED,32291.0,57738.4,2.88,3467.02
1077,easy,11,15:34:55,15:48:29,15:49:58,COMPLETED,33270.0,1483.7,814.46,903.02
1159,medium,13,15:28:23,15:37:10,15:50:04,COMPLETED,44005.0,12914.1,527.22,1301.51
1193,easy,11,15:35:14,15:50:11,15:50:30,COMPLETED,31321.0,329.1,897.18,916.44
1055,easy,11,15:35:10,15:50:04,15:50:36,COMPLETED,31192.0,550.8,894.51,926.97
1156,medium,14,15:29:02,15:38:45,15:51:03,COMPLETED,34166.0,12307.1,583.15,1321.14
847,medium,14,13:27:24,13:27:27,15:52:14,COMPLETED,45439.0,144774.3,3.72,8690.03
1172,medium,14,15:31:17,15:40:15,15:54:16,COMPLETED,28819.0,14034.4,538.24,1379.91
1190,medium,13,15:33:04,15:45:19,15:57:16,COMPLETED,30371.0,11959.3,735.23,1452.48
1094,medium,13,15:36:22,15:52:20,15:57:22,COMPLETED,26622.0,5044.2,958.56,1260.87
1163,easy,12,15:37:02,15:57:22,15:58:00,COMPLETED,34213.0,641.1,1220.87,1258.98
971,hard,15,14:31:47,14:31:52,15:58:13,COMPLETED,39375.0,86363.6,5.07,5186.75
1054,medium,14,15:08:16,15:08:20,16:00:58,COMPLETED,31318.0,52636.3,4.10,3162.09
283,hard,15,09:24:37,09:24:41,16:03:06,COMPLETED,31560.0,398431.0,4.10,23909.93
959,hard,15,14:01:06,14:01:08,16:03:13,COMPLETED,39490.0,122091.9,2.24,7327.47
1183,easy,12,15:39:12,16:03:20,16:03:46,COMPLETED,23618.0,440.6,1448.18,1474.12
1060,easy,11,15:39:42,16:03:52,16:04:05,COMPLETED,22367.0,223.2,1450.67,1463.76
1188,easy,12,15:38:37,16:03:13,16:04:12,COMPLETED,31271.0,985.5,1476.47,1535.09
1132,hard,15,15:24:14,15:28:15,16:04:18,COMPLETED,35902.0,36064.7,241.02,2404.66
1072,medium,14,15:20:14,15:23:35,16:05:29,COMPLETED,29293.0,41911.6,201.43,2715.82
691,hard,15,12:58:30,12:58:35,16:05:55,COMPLETED,36800.0,187332.3,5.70,11245.54
741,hard,15,12:28:09,12:28:12,16:06:02,COMPLETED,33286.0,217835.0,3.05,13073.07
1066,easy,11,15:41:15,16:05:36,16:06:02,COMPLETED,21769.0,439.4,1461.36,1487.07
1073,medium,13,15:40:12,16:04:18,16:06:28,COMPLETED,22793.0,2171.2,1446.66,1576.46
1103,medium,14,15:34:22,15:46:35,16:06:41,COMPLETED,33455.0,20105.0,733.58,1939.62
1111,easy,11,15:45:02,16:06:35,16:06:41,COMPLETED,22960.0,116.4,1293.00,1299.62
1075,easy,12,15:45:39,16:06:48,16:07:13,COMPLETED,23301.0,432.8,1269.02,1294.72
1097,easy,12,15:45:02,16:06:48,16:07:20,COMPLETED,27479.0,540.3,1306.02,1338.05
1126,medium,14,15:26:28,15:29:05,16:07:32,COMPLETED,33514.0,38456.2,157.68,2464.86
1167,medium,14,15:37:25,15:58:07,16:08:04,COMPLETED,29407.0,9959.6,1242.37,1839.68
1174,hard,15,15:34:56,15:49:26,16:08:11,COMPLETED,31791.0,18749.4,870.35,1995.02
1113,medium,13,15:40:50,16:04:25,16:08:30,COMPLETED,31811.0,4089.3,1415.03,1660.08
1102,easy,11,15:47:39,16:07:39,16:08:36,COMPLETED,18671.0,960.0,1200.20,1257.47
1129,easy,11,15:50:58,16:08:42,16:08:49,COMPLETED,17858.0,111.0,1064.84,1071.20
1078,medium,14,15:36:19,15:51:09,16:08:55,COMPLETED,33397.0,17768.8,890.70,1956.53
1181,medium,14,15:48:12,16:08:17,16:10:30,COMPLETED,28068.0,2221.3,1205.41,1338.39
1199,easy,11,15:55:12,16:10:36,16:10:49,COMPLETED,26812.0,216.3,924.72,937.39
1112,medium,13,15:44:57,16:06:08,16:11:27,COMPLETED,28959.0,5312.5,1271.77,1590.34
1125,easy,11,15:55:30,16:10:55,16:11:40,COMPLETED,25247.0,743.7,925.73,970.03
1051,medium,14,15:47:48,16:08:11,16:11:52,COMPLETED,31547.0,3700.1,1223.02,1444.74
1170,medium,14,15:32:35,15:41:59,16:12:11,COMPLETED,32013.0,30217.0,564.02,2376.74
974,hard,15,14:56:00,14:56:26,16:12:18,COMPLETED,39428.0,75866.6,26.48,4578.22
1099,medium,14,15:37:44,15:58:20,16:12:31,COMPLETED,28117.0,14192.3,1236.13,2087.38
1168,easy,12,15:56:30,16:11:59,16:12:37,COMPLETED,25458.0,651.2,929.08,967.78
1096,easy,12,15:56:53,16:12:24,16:12:50,COMPLETED,30820.0,441.1,931.78,957.79
1107,easy,11,15:57:20,16:12:44,16:12:57,COMPLETED,29679.0,228.6,924.19,937.29
1161,medium,13,15:56:25,16:11:46,16:13:23,COMPLETED,32202.0,1628.5,921.38,1018.62
1166,easy,11,15:57:52,16:13:03,16:13:23,COMPLETED,25687.0,336.4,911.96,931.62
1158,hard,15,15:21:44,15:24:45,16:14:15,COMPLETED,30648.0,49497.7,181.44,3151.01
1123,hard,15,15:33:19,15:45:31,16:14:15,COMPLETED,32993.0,28723.8,732.97,2456.01
1136,medium,13,15:46:01,16:07:26,16:14:15,COMPLETED,30671.0,6817.2,1285.47,1694.01
1098,easy,12,15:57:57,16:13:30,16:14:21,COMPLETED,25984.0,869.4,933.18,984.61
1137,easy,11,15:58:33,16:14:21,16:14:41,COMPLETED,26803.0,337.5,948.61,968.38
1068,easy,11,15:59:26,16:14:47,16:14:54,COMPLETED,27515.0,118.7,921.92,928.54
1084,easy,12,15:58:26,16:13:30,16:15:14,COMPLETED,28593.0,1734.6,904.18,1008.01
1058,medium,14,15:54:48,16:09:01,16:15:20,COMPLETED,31290.0,6312.3,853.92,1232.34
1114,easy,12,15:59:30,16:15:01,16:15:33,COMPLETED,32428.0,543.0,931.09,963.17
1216,easy,11,16:00:42,16:15:20,16:15:39,COMPLETED,34169.0,333.9,878.34,897.73
1214,easy,11,16:01:15,16:15:46,16:15:53,COMPLETED,32642.0,120.2,871.43,878.11
1150,medium,14,15:36:29,15:54:23,16:16:06,COMPLETED,34939.0,21721.1,1074.44,2377.32
1303,easy,11,16:01:24,16:15:59,16:16:12,COMPLETED,31450.0,230.8,875.69,888.92
1306,medium,13,16:01:04,16:15:26,16:16:19,COMPLETED,25745.0,890.7,862.73,915.59
1313,easy,11,16:02:19,16:16:26,16:16:39,COMPLETED,23495.0,227.4,847.23,860.38
916,hard,15,14:09:42,14:09:45,16:18:54,COMPLETED,31067.0,129151.2,3.21,7752.19
1259,easy,11,16:03:40,16:19:00,16:19:06,COMPLETED,28069.0,111.0,920.52,926.88
1207,medium,13,16:03:34,16:16:45,16:20:10,COMPLETED,32204.0,3407.3,791.92,996.06
1134,medium,14,15:42:46,16:06:08,16:20:22,COMPLETED,31051.0,14236.6,1402.77,2256.74
1227,easy,11,16:03:53,16:20:16,16:20:22,COMPLETED,28024.0,111.3,983.39,989.74
1311,medium,13,16:01:47,16:16:12,16:20:41,COMPLETED,33611.0,4487.1,865.92,1134.80
1171,medium,13,15:59:13,16:14:21,16:20:48,COMPLETED,29762.0,6445.6,908.61,1295.21
1266,easy,12,16:05:37,16:20:48,16:21:57,COMPLETED,32063.0,1164.3,911.21,980.77
1076,hard,15,15:17:33,15:19:33,16:22:16,COMPLETED,34393.0,62729.4,120.20,3883.79
1185,medium,14,15:35:29,15:50:36,16:22:29,COMPLETED,29970.0,31878.8,907.97,2820.49
1281,easy,11,16:06:41,16:22:23,16:22:48,COMPLETED,36398.0,428.9,942.13,967.52
1088,medium,14,15:51:18,16:08:55,16:24:37,COMPLETED,31334.0,15709.9,1057.53,1999.74
1265,medium,14,16:01:13,16:15:39,16:24:50,COMPLETED,32534.0,9190.4,866.73,1417.90
1312,easy,12,16:08:23,16:24:44,16:25:03,COMPLETED,26248.0,327.8,981.27,1000.60
810,hard,15,13:14:18,13:14:22,16:25:49,COMPLETED,34339.0,191438.7,4.91,11491.12
1349,easy,11,16:09:03,16:25:55,16:26:15,COMPLETED,27305.0,328.3,1012.66,1032.06
1256,easy,12,16:08:38,16:24:57,16:26:34,COMPLETED,28678.0,1624.7,979.23,1076.42
1323,easy,11,16:09:04,16:26:21,16:26:40,COMPLETED,21315.0,328.2,1037.39,1056.74
1322,medium,13,16:08:54,16:25:09,16:28:30,COMPLETED,29787.0,3346.4,975.98,1176.27
911,hard,15,14:45:33,14:45:38,16:28:49,COMPLETED,28712.0,103190.8,5.50,6196.80
1160,medium,14,15:04:03,15:04:13,16:29:28,COMPLETED,36016.0,85250.5,10.62,5125.52
1254,medium,13,16:09:37,16:28:56,16:29:41,COMPLETED,29641.0,752.5,1159.35,1204.20
1192,medium,13,15:57:42,16:12:57,16:29:47,COMPLETED,32423.0,16843.0,915.29,1925.53
1330,easy,12,16:10:20,16:29:47,16:30:06,COMPLETED,27677.0,324.7,1167.53,1186.71
1297,easy,11,16:11:21,16:30:13,16:30:19,COMPLETED,24994.0,111.2,1132.04,1138.41
1024,hard,15,14:56:07,14:56:52,16:31:41,COMPLETED,38725.0,94816.4,45.77,5734.63
1065,medium,14,15:39:51,16:04:12,16:33:22,COMPLETED,33565.0,29180.1,1461.09,3211.70
1270,medium,13,16:06:16,16:20:54,16:33:54,COMPLETED,35309.0,12999.8,878.58,1658.32
845,hard,15,13:44:41,13:44:46,16:34:00,COMPLETED,28504.0,169240.1,5.37,10159.64
1240,medium,13,16:09:34,16:26:47,16:34:32,COMPLETED,26394.0,7762.4,1033.12,1498.55
1135,hard,15,15:32:40,15:43:55,16:34:38,COMPLETED,34792.0,50729.7,675.36,3718.93
1336,easy,11,16:14:44,16:34:45,16:34:51,COMPLETED,24074.0,115.5,1201.30,1207.93
1236,medium,14,16:06:50,16:22:35,16:35:04,COMPLETED,32563.0,12484.6,945.85,1694.65
1328,easy,11,16:15:15,16:34:58,16:35:11,COMPLETED,22684.0,218.6,1183.26,1196.00
1071,hard,15,15:50:10,16:08:36,16:35:36,COMPLETED,31003.0,27002.4,1106.47,2726.41
1321,easy,12,16:13:30,16:34:38,16:35:36,COMPLETED,26422.0,963.7,1268.93,1326.41
1324,easy,11,16:17:15,16:35:42,16:35:55,COMPLETED,27079.0,216.8,1107.80,1120.55
1295,easy,11,16:16:54,16:35:42,16:36:01,COMPLETED,25576.0,323.8,1128.80,1147.88
1117,hard,15,15:35:46,15:50:43,16:36:27,COMPLETED,26980.0,45729.8,897.61,3641.22
1291,easy,11,16:16:00,16:35:17,16:36:33,COMPLETED,34783.0,1274.8,1157.40,1233.56
1302,easy,12,16:17:19,16:36:01,16:37:11,COMPLETED,30128.0,1165.7,1122.88,1192.54
1261,medium,14,16:10:01,16:29:34,16:37:24,COMPLETED,34839.0,7827.4,1173.85,1643.23
1277,easy,12,16:18:26,16:37:17,16:37:43,COMPLETED,17529.0,427.8,1131.87,1157.23
1279,medium,14,16:12:10,16:31:47,16:37:55,COMPLETED,32931.0,6137.5,1177.96,1545.94
1233,easy,11,16:18:44,16:37:30,16:38:02,COMPLETED,33388.0,534.2,1126.57,1158.27
1340,easy,11,16:19:04,16:37:49,16:38:21,COMPLETED,30552.0,535.8,1125.56,1157.37
1287,medium,13,16:11:36,16:30:25,16:38:27,COMPLETED,26108.0,8038.4,1129.74,1611.74
1309,easy,11,16:20:07,16:38:27,16:38:46,COMPLETED,27125.0,323.7,1100.74,1119.83
1320,easy,12,16:20:09,16:38:34,16:38:46,COMPLETED,24591.0,217.8,1105.12,1117.83
654,hard,15,12:58:05,12:58:10,16:39:06,COMPLETED,32983.0,220932.0,5.14,13261.01
1100,medium,14,15:32:38,15:43:29,16:39:25,COMPLETED,31102.0,55927.7,651.59,4007.09
1242,easy,12,16:21:31,16:39:12,16:39:44,COMPLETED,35892.0,535.4,1061.36,1093.16
970,hard,15,14:36:17,14:36:21,16:39:50,COMPLETED,31375.0,123484.5,4.60,7413.52
1202,easy,11,16:21:36,16:39:50,16:40:03,COMPLETED,25884.0,219.6,1094.52,1107.26
1201,easy,12,16:21:05,16:38:53,16:40:09,COMPLETED,24205.0,1284.3,1068.21,1144.74
302,hard,15,10:08:23,10:08:28,16:40:29,COMPLETED,38879.0,392017.1,5.61,23526.61
1318,easy,11,16:22:12,16:40:16,16:40:29,COMPLETED,23523.0,230.0,1084.39,1097.61
1255,medium,13,16:19:50,16:38:02,16:40:42,COMPLETED,27318.0,2684.7,1092.27,1252.91
1338,easy,12,16:21:33,16:39:31,16:40:49,COMPLETED,40237.0,1305.7,1078.42,1156.44
1052,hard,15,15:22:38,15:26:14,16:41:08,COMPLETED,35922.0,74905.5,216.36,4710.48
1224,easy,12,16:22:39,16:40:36,16:41:08,COMPLETED,31186.0,544.6,1077.24,1109.48
1186,hard,15,15:23:07,15:26:33,16:41:21,COMPLETED,29857.0,74807.3,206.56,4694.78
1200,easy,11,16:23:42,16:41:15,16:41:21,COMPLETED,22188.0,119.0,1053.06,1059.78
1175,hard,15,15:42:34,16:06:02,16:42:07,COMPLETED,36662.0,36087.4,1408.07,3573.13
1238,easy,12,16:23:35,16:40:55,16:42:07,COMPLETED,33541.0,1194.4,1040.81,1112.13
1217,easy,12,16:23:42,16:41:15,16:42:13,COMPLETED,19724.0,980.2,1053.06,1111.51
1208,easy,12,16:25:38,16:41:28,16:42:26,COMPLETED,21359.0,970.6,950.31,1008.27
1253,hard,15,16:09:20,16:26:40,16:42:39,COMPLETED,30161.0,15975.5,1040.74,1999.06
1248,easy,12,16:25:50,16:42:13,16:43:04,COMPLETED,30842.0,852.8,983.51,1034.39
1339,easy,12,16:28:00,16:42:32,16:43:10,COMPLETED,22656.0,640.7,872.68,910.72
1305,easy,11,16:30:16,16:43:10,16:43:17,COMPLETED,24920.0,113.3,774.72,781.17
1262,medium,13,16:26:51,16:42:13,16:43:29,COMPLETED,30919.0,1277.6,922.51,998.92
1347,medium,13,16:30:21,16:43:17,16:44:01,COMPLETED,28634.0,747.0,776.17,820.69
1210,easy,12,16:30:57,16:43:36,16:44:20,COMPLETED,30269.0,747.2,759.25,803.78
1264,hard,15,16:02:05,16:16:19,16:44:33,COMPLETED,26263.0,28234.3,854.59,2548.46
1218,easy,11,16:31:28,16:44:08,16:44:33,COMPLETED,24038.0,429.1,760.03,785.46
1299,medium,14,16:24:19,16:41:28,16:44:46,COMPLETED,27329.0,3302.4,1029.31,1227.18
868,hard,15,13:17:02,13:17:03,16:45:05,COMPLETED,38303.0,208028.0,1.63,12483.26
1268,easy,11,16:33:02,16:44:39,16:45:05,COMPLETED,25349.0,429.1,697.80,723.26
1308,easy,11,16:33:06,16:44:52,16:45:18,COMPLETED,25494.0,430.2,706.51,732.03
1213,easy,11,16:33:54,16:45:11,16:45:24,COMPLETED,23920.0,217.2,677.62,690.36
1293,easy,12,16:32:32,16:44:39,16:45:37,COMPLETED,29308.0,959.9,727.80,785.11
1319,easy,12,16:33:21,16:45:11,16:45:37,COMPLETED,29308.0,430.0,710.62,736.11
1108,medium,14,15:58:57,16:14:21,16:46:02,COMPLETED,33196.0,31683.0,924.61,2825.51
1289,easy,11,16:33:58,16:45:24,16:46:02,COMPLETED,34314.0,641.0,686.36,724.51
1285,easy,12,16:36:40,16:46:08,16:46:15,COMPLETED,24175.0,112.1,568.85,575.28
1220,medium,14,16:22:51,16:40:49,16:46:27,COMPLETED,28592.0,5646.6,1078.44,1416.98
1300,medium,13,16:22:04,16:40:09,16:47:12,COMPLETED,39935.0,7048.1,1085.74,1508.37
1148,hard,15,15:45:56,16:07:20,16:47:37,COMPLETED,31142.0,40298.7,1284.05,3701.73
1241,easy,12,16:37:00,16:46:08,16:47:57,COMPLETED,32198.0,1815.9,548.85,657.37
1344,easy,12,16:38:19,16:47:18,16:48:03,COMPLETED,30238.0,763.4,539.73,584.92
1222,medium,13,16:13:08,16:34:07,16:48:36,COMPLETED,37191.0,14495.9,1259.03,2128.43
1292,medium,13,16:35:04,16:45:30,16:49:02,COMPLETED,31680.0,3530.1,626.72,838.23
1237,medium,14,16:30:50,16:43:23,16:49:08,COMPLETED,30191.0,5759.7,753.55,1098.59
1251,easy,11,16:39:15,16:49:08,16:49:15,COMPLETED,28629.0,121.3,593.59,600.26
1314,medium,13,16:27:56,16:42:19,16:49:28,COMPLETED,25877.0,7150.1,863.92,1292.50
1257,medium,13,16:37:01,16:46:21,16:50:20,COMPLETED,38068.0,3985.8,560.61,799.31
1228,medium,13,16:37:53,16:46:34,16:50:26,COMPLETED,32750.0,3880.8,521.31,753.86
1329,easy,11,16:40:55,16:50:26,16:50:33,COMPLETED,29226.0,111.6,571.86,578.22
1282,medium,13,16:40:12,16:49:15,16:50:45,COMPLETED,24772.0,1519.1,543.26,633.94
903,hard,15,14:47:08,14:47:22,16:51:05,COMPLETED,39077.0,123724.5,14.29,7437.59
1280,easy,12,16:42:03,16:50:52,16:51:18,COMPLETED,25722.0,445.9,529.48,555.74
1203,medium,13,16:41:00,16:50:33,16:51:25,COMPLETED,26317.0,877.0,573.22,625.29
1342,easy,12,16:40:23,16:49:21,16:51:44,COMPLETED,29315.0,2386.0,538.93,681.61
1247,easy,11,16:43:30,16:51:31,16:51:44,COMPLETED,26460.0,221.1,481.90,494.61
1310,medium,13,16:43:10,16:51:25,16:52:04,COMPLETED,22495.0,657.3,495.29,534.43
1143,hard,15,15:09:10,15:09:11,16:52:23,COMPLETED,30462.0,103198.7,1.75,6193.50
1348,medium,14,16:15:54,16:35:11,16:52:56,COMPLETED,33203.0,17756.8,1157.00,2222.07
1229,easy,12,16:44:44,16:52:10,16:52:56,COMPLETED,29633.0,764.0,446.77,492.07
1283,medium,13,16:38:32,16:48:03,16:53:02,COMPLETED,32482.0,4988.6,571.92,870.65
1284,medium,13,16:38:57,16:48:10,16:53:22,COMPLETED,28706.0,5199.2,553.59,865.12
1346,easy,11,16:46:31,16:53:28,16:53:41,COMPLETED,26726.0,224.5,417.67,430.72
1231,easy,12,16:46:56,16:53:48,16:54:13,COMPLETED,31033.0,426.8,412.16,437.46
1260,easy,12,16:41:54,16:50:39,16:55:04,COMPLETED,34142.0,4414.4,525.58,790.18
1209,medium,14,16:43:07,16:51:12,16:55:29,COMPLETED,33264.0,4295.5,485.14,742.55
1315,easy,11,16:47:58,16:55:10,16:55:42,COMPLETED,28161.0,535.3,432.51,464.31
1334,easy,11,16:48:39,16:55:35,16:55:42,COMPLETED,22562.0,111.7,416.95,423.31
1243,medium,14,16:32:15,16:44:27,16:56:07,COMPLETED,36576.0,11680.3,732.12,1432.69
1244,easy,12,16:46:01,16:53:09,16:56:20,COMPLETED,19016.0,3188.3,428.37,619.38
1333,easy,12,16:48:57,16:55:48,16:56:26,COMPLETED,26672.0,639.7,411.67,449.71
1226,medium,13,16:44:59,16:53:02,16:56:33,COMPLETED,28008.0,3512.6,483.65,694.09
1296,easy,12,16:49:32,16:56:14,16:56:45,COMPLETED,24879.0,534.9,402.03,433.83
1273,medium,14,16:44:50,16:52:30,16:56:58,COMPLETED,33209.0,4479.0,460.04,728.51
1276,easy,12,16:49:50,16:56:26,16:57:23,COMPLETED,23388.0,956.4,396.71,453.81
1179,medium,14,15:56:00,16:11:33,16:57:49,COMPLETED,34399.0,46259.6,933.68,3709.11
1215,easy,12,16:50:57,16:57:30,16:58:27,COMPLETED,27499.0,953.6,393.14,450.06
1271,easy,12,16:51:38,16:58:33,16:59:25,COMPLETED,28306.0,870.9,415.39,467.13
1332,easy,11,16:52:21,16:59:31,16:59:44,COMPLETED,26598.0,227.1,430.68,443.79
902,medium,14,14:32:13,14:32:18,17:00:23,COMPLETED,30832.0,148087.5,5.10,8890.22
1341,easy,12,16:49:54,16:56:52,17:00:23,COMPLETED,30692.0,3526.5,418.16,629.22
1249,easy,11,16:55:08,17:00:29,17:00:43,COMPLETED,26257.0,228.9,321.82,335.04
1062,hard,15,15:59:24,16:14:28,17:02:00,COMPLETED,37797.0,47537.4,904.43,3756.52
1230,medium,13,16:44:37,16:51:51,17:02:06,COMPLETED,32416.0,10268.7,434.20,1049.86
1122,medium,14,15:26:30,15:29:50,17:02:13,COMPLETED,36350.0,92397.5,200.00,5743.54
1206,easy,12,16:55:08,17:00:29,17:02:13,COMPLETED,33188.0,1737.2,321.82,425.54
1272,easy,12,16:56:13,17:02:13,17:02:46,COMPLETED,30941.0,556.5,360.54,393.46
1337,easy,12,16:56:16,17:02:20,17:02:59,COMPLETED,21413.0,663.8,364.24,403.57
1204,easy,11,16:56:32,17:02:52,17:03:12,COMPLETED,24154.0,329.6,381.00,400.47
1252,medium,13,16:55:24,17:02:06,17:03:51,COMPLETED,26434.0,1746.3,402.86,507.14
1331,medium,14,16:49:53,16:56:39,17:04:56,COMPLETED,28415.0,8284.7,406.47,903.21
1245,hard,15,16:12:17,16:33:29,17:05:09,COMPLETED,38012.0,31670.1,1272.02,3172.02
1036,hard,15,14:41:08,14:41:13,17:05:28,COMPLETED,32969.0,144248.1,5.34,8660.13
1274,medium,14,16:56:42,17:03:18,17:05:47,COMPLETED,26202.0,2479.6,396.81,545.24
1205,medium,14,16:51:18,16:57:55,17:05:53,COMPLETED,34297.0,7975.0,397.44,875.64
1269,hard,15,16:12:36,16:34:00,17:07:47,COMPLETED,28869.0,33781.7,1284.64,3311.34
1221,medium,14,16:52:32,16:59:51,17:07:53,COMPLETED,32320.0,8044.6,439.34,921.71
1225,medium,13,16:49:13,16:55:48,17:08:31,COMPLETED,32307.0,12722.1,395.67,1158.75
1211,medium,14,16:49:52,16:56:33,17:08:31,COMPLETED,36348.0,11982.6,401.09,1119.75
1235,medium,14,16:56:28,17:02:20,17:09:09,COMPLETED,33461.0,6825.7,352.24,761.58
1234,medium,14,16:35:22,16:45:43,17:09:34,COMPLETED,31207.0,23858.9,621.45,2052.78
1267,hard,15,16:06:18,16:22:04,17:09:47,COMPLETED,31911.0,47723.8,946.10,3809.34
1223,medium,14,16:57:32,17:05:02,17:10:06,COMPLETED,35352.0,5072.5,450.62,754.57
1275,medium,14,16:40:25,16:49:35,17:14:47,COMPLETED,33616.0,25214.2,550.06,2062.71
1074,hard,15,15:12:03,15:12:03,17:14:53,COMPLETED,28980.0,122847.4,0.29,7370.98
1246,medium,14,16:44:20,16:51:51,17:15:19,COMPLETED,27188.0,23479.2,451.20,1859.60
587,hard,15,11:53:16,11:53:16,17:16:04,COMPLETED,38426.0,322797.8,0.47,19368.31
1092,medium,14,15:56:31,16:12:18,17:16:54,COMPLETED,35852.0,64604.1,947.22,4823.33
1294,hard,15,16:47:18,16:54:19,17:18:46,COMPLETED,35603.0,24454.9,421.79,1888.88
1286,hard,15,16:38:28,16:47:44,17:31:02,COMPLETED,27333.0,43300.6,556.27,3154.11
1317,medium,14,16:06:51,16:22:54,17:31:08,COMPLETED,34407.0,68226.7,963.89,5057.36
1263,medium,14,16:09:35,16:28:36,17:31:20,COMPLETED,39199.0,62735.9,1141.83,4905.84
1127,hard,15,15:27:46,15:35:28,17:34:04,COMPLETED,29767.0,118603.1,462.61,7578.63
1087,hard,15,15:38:07,16:01:04,17:40:15,COMPLETED,30843.0,99192.7,1377.42,7328.88
982,hard,15,14:49:06,14:49:10,17:41:36,COMPLETED,34334.0,172443.3,4.14,10350.66
1288,medium,14,16:39:05,16:48:43,17:41:42,COMPLETED,30570.0,53000.8,578.00,3757.89
1307,medium,14,16:35:31,16:45:43,17:46:34,COMPLETED,38954.0,60855.9,612.45,4263.67
1138,hard,15,15:27:46,15:33:47,17:47:05,COMPLETED,26297.0,133309.8,361.18,8359.67
1290,hard,15,16:20:02,16:38:08,17:54:02,COMPLETED,29863.0,75905.0,1086.65,5640.81
876,hard,15,13:17:32,13:17:35,17:56:06,COMPLETED,34850.0,278525.3,3.19,16714.66
1250,hard,15,16:03:50,16:19:13,17:58:18,COMPLETED,27939.0,99083.1,923.21,6868.03
768,hard,15,13:26:14,13:26:16,17:59:33,COMPLETED,35635.0,273280.1,2.52,16399.23
149,hard,15,08:57:50,08:57:51,18:00:00,UNFINISHED,-1,-1,-1
330,hard,15,10:19:40,10:19:40,18:00:00,UNFINISHED,-1,-1,-1
414,hard,15,10:35:56,10:35:56,18:00:00,UNFINISHED,-1,-1,-1
493,hard,15,11:36:22,11:36:25,18:00:00,UNFINISHED,-1,-1,-1
656,hard,15,12:12:26,12:12:31,18:00:00,UNFINISHED,-1,-1,-1
737,hard,15,12:27:33,12:27:33,18:00:00,UNFINISHED,-1,-1,-1
602,hard,15,12:53:27,12:53:27,18:00:00,UNFINISHED,-1,-1,-1
823,hard,15,13:01:53,13:01:56,18:00:00,UNFINISHED,-1,-1,-1
884,hard,15,13:02:34,13:02:35,18:00:00,UNFINISHED,-1,-1,-1
780,hard,15,13:34:52,13:34:52,18:00:00,UNFINISHED,-1,-1,-1
907,hard,15,14:26:41,14:26:47,18:00:00,UNFINISHED,-1,-1,-1
991,hard,15,14:27:03,14:27:06,18:00:00,UNFINISHED,-1,-1,-1
1009,hard,15,14:49:19,14:49:22,18:00:00,UNFINISHED,-1,-1,-1
1140,hard,15,15:05:17,15:05:50,18:00:00,UNFINISHED,-1,-1,-1
1139,medium,14,15:17:29,15:17:29,18:00:00,UNFINISHED,-1,-1,-1
1093,hard,15,15:34:48,15:46:48,18:00:00,UNFINISHED,-1,-1,-1
1115,hard,15,15:37:12,15:57:29,18:00:00,UNFINISHED,-1,-1,-1
1147,hard,15,15:56:59,16:12:37,18:00:00,UNFINISHED,-1,-1,-1
1345,hard,15,16:04:37,16:20:29,18:00:00,UNFINISHED,-1,-1,-1
1212,hard,15,16:05:24,16:20:29,18:00:00,UNFINISHED,-1,-1,-1
1301,hard,15,16:10:43,16:29:53,18:00:00,UNFINISHED,-1,-1,-1
1335,hard,15,16:17:30,16:36:08,18:00:00,UNFINISHED,-1,-1,-1
1316,hard,15,16:17:58,16:36:33,18:00:00,UNFINISHED,-1,-1,-1
1232,hard,15,16:18:06,16:36:39,18:00:00,UNFINISHED,-1,-1,-1
1298,hard,15,16:21:02,16:38:53,18:00:00,UNFINISHED,-1,-1,-1
1325,hard,15,16:21:50,16:39:56,18:00:00,UNFINISHED,-1,-1,-1
1326,hard,15,16:22:24,16:40:36,18:00:00,UNFINISHED,-1,-1,-1
1343,hard,15,16:30:16,16:42:45,18:00:00,UNFINISHED,-1,-1,-1
1258,hard,15,16:45:42,16:53:02,18:00:00,UNFINISHED,-1,-1,-1
1327,hard,15,16:50:09,16:57:04,18:00:00,UNFINISHED,-1,-1,-1
1239,hard,15,16:55:14,17:00:49,18:00:00,UNFINISHED,-1,-1,-1
1304,hard,15,16:56:34,17:03:06,18:00:00,UNFINISHED,-1,-1,-1
1278,hard,15,16:56:56,17:03:57,18:00:00,UNFINISHED,-1,-1,-1
1219,hard,15,16:59:41,17:05:15,18:00:00,UNFINISHED,-1,-1,-1
