task_id,difficulty,n,arrival_sim,start_sim,end_sim,status,cost,real_duration_sec,waiting_time_mili_sec,time_in_system_mili_sec
156,easy,12,08:01:56,08:02:01,08:02:44,COMPLETED,26835.0,715.3,5.40,48.28
151,easy,11,08:02:14,08:02:19,08:03:02,COMPLETED,34569.0,712.0,5.78,48.47
104,medium,13,08:03:18,08:03:20,08:04:33,COMPLETED,29515.0,1213.2,2.61,75.37
61,medium,14,08:01:53,08:01:55,08:04:51,COMPLETED,29790.0,2940.2,2.29,178.61
64,easy,11,08:04:49,08:04:51,08:05:46,COMPLETED,29858.0,914.1,2.61,57.41
101,easy,12,08:05:09,08:05:09,08:07:30,COMPLETED,34347.0,2337.8,0.89,141.10
121,easy,12,08:07:11,08:07:11,08:07:48,COMPLETED,20577.0,611.7,0.77,37.39
33,medium,14,08:00:34,08:00:36,08:08:00,COMPLETED,24725.0,7398.9,2.59,446.62
135,easy,12,08:07:53,08:07:54,08:08:18,COMPLETED,23828.0,409.7,1.49,25.97
137,easy,12,08:08:06,08:08:06,08:08:25,COMPLETED,27336.0,308.5,0.73,19.11
165,medium,13,08:04:41,08:04:45,08:08:49,COMPLETED,28169.0,4070.0,4.49,248.64
68,medium,13,08:06:51,08:06:53,08:10:21,COMPLETED,24090.0,3477.3,2.45,210.96
57,medium,14,08:09:16,08:09:20,08:10:52,COMPLETED,35098.0,1543.5,4.19,96.73
67,easy,12,08:10:11,08:10:15,08:10:58,COMPLETED,23843.0,723.2,4.59,47.86
166,easy,11,08:11:02,08:11:05,08:11:11,COMPLETED,25881.0,109.2,3.04,9.41
163,easy,12,08:09:50,08:09:50,08:11:42,COMPLETED,37748.0,1859.1,0.81,112.24
114,easy,12,08:12:15,08:12:19,08:12:37,COMPLETED,26323.0,313.7,4.10,22.78
62,easy,11,08:13:42,08:13:45,08:14:28,COMPLETED,33503.0,720.8,3.43,46.58
65,medium,14,08:04:46,08:04:51,08:14:40,COMPLETED,30373.0,9821.4,5.61,594.86
77,medium,13,08:11:10,08:11:11,08:14:53,COMPLETED,29878.0,3696.6,1.41,223.13
35,easy,12,08:14:29,08:14:34,08:14:53,COMPLETED,31478.0,309.0,5.70,24.13
111,medium,14,08:12:20,08:12:25,08:14:59,COMPLETED,34421.0,2566.4,5.36,159.26
129,medium,13,08:15:41,08:15:42,08:16:06,COMPLETED,24372.0,410.2,1.01,25.48
109,hard,15,08:06:01,08:06:04,08:17:38,COMPLETED,29283.0,11564.1,3.69,697.41
81,easy,12,08:17:02,08:17:07,08:17:44,COMPLETED,32770.0,617.0,5.73,42.65
40,medium,14,08:02:29,08:02:32,08:18:21,COMPLETED,31335.0,15827.9,3.03,952.65
150,easy,12,08:16:51,08:16:55,08:18:46,COMPLETED,27287.0,1850.0,4.46,115.32
14,easy,11,08:18:04,08:18:09,08:18:58,COMPLETED,36454.0,825.5,5.23,54.68
154,easy,12,08:17:36,08:17:38,08:19:17,COMPLETED,31869.0,1647.3,2.41,101.12
149,easy,11,08:18:43,08:18:46,08:19:17,COMPLETED,23911.0,516.7,3.32,34.12
15,medium,13,08:13:39,08:13:39,08:19:35,COMPLETED,33609.0,5943.7,0.17,356.67
122,easy,12,08:18:07,08:18:09,08:19:35,COMPLETED,32494.0,1443.4,2.23,88.67
23,hard,15,08:06:29,08:06:29,08:20:00,COMPLETED,34517.0,13525.4,0.06,811.50
127,easy,11,08:20:49,08:20:50,08:20:56,COMPLETED,21665.0,108.2,1.32,7.50
6,easy,12,08:17:25,08:17:26,08:21:15,COMPLETED,29297.0,3822.5,1.12,230.31
69,easy,11,08:20:57,08:21:02,08:21:21,COMPLETED,27193.0,315.4,5.86,24.59
32,easy,11,08:21:35,08:21:40,08:21:46,COMPLETED,25903.0,109.6,5.27,11.72
161,medium,13,08:19:19,08:19:23,08:21:59,COMPLETED,34119.0,2599.1,4.36,160.12
48,medium,13,08:21:35,08:21:40,08:22:17,COMPLETED,31557.0,628.7,5.27,42.88
98,medium,13,08:18:11,08:18:15,08:22:24,COMPLETED,34028.0,4146.0,4.47,253.13
85,medium,13,08:20:28,08:20:31,08:22:30,COMPLETED,28941.0,1983.0,3.47,122.28
136,medium,13,08:17:45,08:17:50,08:23:01,COMPLETED,37408.0,5176.9,5.79,316.28
7,hard,15,08:00:03,08:00:06,08:24:21,COMPLETED,31695.0,24261.6,3.08,1458.75
100,easy,12,08:24:25,08:24:28,08:24:59,COMPLETED,27599.0,520.1,3.04,34.08
119,easy,12,08:24:56,08:24:59,08:25:11,COMPLETED,26999.0,208.9,3.08,15.49
13,easy,12,08:27:12,08:27:14,08:27:26,COMPLETED,27091.0,208.0,2.24,14.57
2,hard,15,08:18:04,08:18:09,08:27:51,COMPLETED,33148.0,9701.2,5.23,587.18
82,easy,11,08:27:49,08:27:51,08:27:57,COMPLETED,20933.0,106.0,2.18,8.38
169,easy,11,08:28:35,08:28:40,08:28:46,COMPLETED,28518.0,106.6,5.45,11.65
3,easy,12,08:27:42,08:27:44,08:29:11,COMPLETED,31023.0,1440.4,3.00,89.30
78,easy,12,08:28:44,08:28:46,08:29:29,COMPLETED,32826.0,719.8,2.65,45.72
72,easy,11,08:29:41,08:29:41,08:30:25,COMPLETED,38427.0,719.9,0.98,44.01
125,easy,11,08:30:12,08:30:12,08:30:31,COMPLETED,28542.0,312.2,0.66,19.22
55,medium,13,08:16:02,08:16:06,08:31:26,COMPLETED,35834.0,15342.2,4.48,924.88
97,medium,13,08:30:22,08:30:25,08:32:04,COMPLETED,29083.0,1652.3,3.01,102.03
36,medium,14,08:10:59,08:11:05,08:32:47,COMPLETED,29562.0,21713.4,6.04,1308.64
50,easy,12,08:32:37,08:32:41,08:32:54,COMPLETED,26372.0,215.1,4.23,17.03
66,easy,11,08:32:42,08:32:47,08:33:06,COMPLETED,24190.0,316.4,5.64,24.33
168,easy,11,08:33:16,08:33:18,08:33:25,COMPLETED,26243.0,109.6,2.99,9.35
86,medium,13,08:33:09,08:33:12,08:33:56,COMPLETED,26581.0,733.2,3.68,47.37
93,medium,13,08:32:39,08:32:41,08:34:21,COMPLETED,33365.0,1673.3,2.23,102.52
52,easy,12,08:33:56,08:33:56,08:34:21,COMPLETED,28976.0,423.5,0.37,25.52
89,easy,12,08:33:44,08:33:50,08:34:27,COMPLETED,30034.0,632.7,6.18,43.82
139,easy,11,08:34:40,08:34:40,08:34:59,COMPLETED,30331.0,317.3,0.42,19.21
141,easy,12,08:34:13,08:34:15,08:35:05,COMPLETED,29882.0,842.1,2.18,52.51
143,easy,11,08:35:06,08:35:11,08:35:24,COMPLETED,31677.0,209.2,5.77,18.19
29,easy,11,08:36:29,08:36:32,08:36:45,COMPLETED,28974.0,212.0,3.59,16.16
108,medium,13,08:33:05,08:33:06,08:36:57,COMPLETED,31937.0,3855.2,1.33,232.49
130,easy,11,08:36:55,08:36:57,08:37:40,COMPLETED,27659.0,721.4,2.49,45.63
87,easy,11,08:37:07,08:37:09,08:37:46,COMPLETED,24772.0,618.6,2.84,39.80
118,easy,11,08:38:56,08:39:00,08:39:06,COMPLETED,30207.0,105.7,4.69,10.89
76,medium,13,08:39:20,08:39:25,08:40:14,COMPLETED,33086.0,827.2,5.40,54.89
20,easy,12,08:39:52,08:39:56,08:40:14,COMPLETED,28135.0,313.5,4.23,22.89
47,easy,12,08:39:57,08:40:02,08:40:21,COMPLETED,24390.0,314.5,5.43,24.07
74,easy,11,08:40:18,08:40:21,08:40:33,COMPLETED,27453.0,208.9,3.07,15.50
79,easy,12,08:41:21,08:41:22,08:41:35,COMPLETED,22508.0,209.0,1.86,14.25
115,easy,11,08:41:43,08:41:47,08:42:00,COMPLETED,24891.0,215.5,4.70,17.37
30,hard,15,08:18:21,08:18:21,08:43:21,COMPLETED,29804.0,25006.4,0.65,1500.90
49,hard,15,08:05:29,08:05:34,08:43:28,COMPLETED,29320.0,37901.6,5.18,2279.24
162,easy,11,08:43:44,08:43:46,08:43:53,COMPLETED,31896.0,113.4,2.96,9.36
92,easy,12,08:44:13,08:44:18,08:44:50,COMPLETED,29135.0,527.3,5.73,37.14
22,easy,12,08:44:48,08:44:50,08:45:15,COMPLETED,28451.0,423.6,2.14,27.27
26,medium,14,08:42:24,08:42:25,08:45:27,COMPLETED,29502.0,3046.9,1.45,183.91
105,medium,13,08:42:35,08:42:38,08:45:27,COMPLETED,28812.0,2837.8,3.05,172.91
126,easy,12,08:43:48,08:43:53,08:46:06,COMPLETED,21603.0,2217.2,5.36,138.20
112,easy,12,08:45:37,08:45:40,08:46:06,COMPLETED,32976.0,427.5,3.78,29.20
158,medium,13,08:45:31,08:45:34,08:46:25,COMPLETED,32631.0,846.5,3.39,54.01
10,easy,12,08:46:05,08:46:06,08:46:31,COMPLETED,23956.0,421.5,1.20,26.22
94,medium,13,08:20:34,08:20:37,08:46:43,COMPLETED,35750.0,26100.1,3.78,1569.72
37,easy,12,08:45:27,08:45:27,08:46:49,COMPLETED,27869.0,1371.6,0.91,82.93
16,easy,11,08:46:12,08:46:12,08:46:49,COMPLETED,24260.0,629.8,0.46,37.93
157,medium,14,08:43:56,08:43:59,08:46:56,COMPLETED,32673.0,2947.3,3.82,180.29
21,easy,12,08:46:51,08:46:56,08:47:15,COMPLETED,31295.0,322.1,5.29,24.27
59,easy,12,08:47:36,08:47:40,08:48:23,COMPLETED,22619.0,724.6,4.39,47.70
107,easy,12,08:48:30,08:48:36,08:48:48,COMPLETED,27509.0,210.0,6.11,18.54
71,easy,11,08:48:26,08:48:29,08:48:54,COMPLETED,24760.0,417.7,3.89,28.74
140,medium,14,08:49:03,08:49:07,08:50:52,COMPLETED,25422.0,1759.1,4.16,109.52
34,hard,15,08:04:12,08:04:15,08:51:04,COMPLETED,31819.0,46830.0,3.15,2812.92
144,easy,11,08:51:14,08:51:17,08:51:23,COMPLETED,28418.0,107.0,3.34,9.58
146,easy,11,08:51:25,08:51:29,08:51:36,COMPLETED,26791.0,106.7,4.78,11.01
132,medium,14,08:48:52,08:48:54,08:52:13,COMPLETED,30821.0,3313.4,2.74,201.38
91,hard,15,08:10:03,08:10:03,08:52:25,COMPLETED,30004.0,42379.2,0.07,2542.84
63,easy,12,08:52:24,08:52:25,08:52:50,COMPLETED,22251.0,419.4,1.84,26.81
134,easy,11,08:53:29,08:53:34,08:53:52,COMPLETED,24103.0,314.6,5.20,23.89
9,hard,15,08:20:54,08:20:56,08:54:11,COMPLETED,34906.0,33250.8,2.50,1997.49
99,medium,14,08:14:43,08:14:46,08:54:54,COMPLETED,30395.0,40133.0,3.98,2411.92
155,easy,12,08:54:42,08:54:42,08:55:25,COMPLETED,26102.0,727.5,0.48,43.95
58,medium,14,08:51:40,08:51:42,08:55:44,COMPLETED,22084.0,4043.9,2.20,244.67
90,easy,12,08:55:44,08:55:44,08:56:03,COMPLETED,34143.0,315.2,0.67,19.35
19,medium,14,08:00:32,08:00:36,08:56:15,COMPLETED,31353.0,55653.5,4.59,3343.81
12,easy,12,08:55:10,08:55:13,08:56:15,COMPLETED,29616.0,1041.6,3.51,65.81
5,easy,12,08:55:26,08:55:32,08:56:47,COMPLETED,28070.0,1252.4,6.17,81.05
110,easy,12,08:56:25,08:56:28,08:57:12,COMPLETED,28457.0,733.9,3.32,47.12
133,easy,12,08:56:22,08:56:22,08:57:24,COMPLETED,28167.0,1046.6,0.05,62.66
123,easy,11,08:56:47,08:56:47,08:57:30,COMPLETED,24894.0,734.5,0.05,43.89
160,easy,11,08:57:08,08:57:12,08:57:30,COMPLETED,31029.0,317.2,4.12,22.89
70,hard,15,08:18:29,08:18:33,08:57:37,COMPLETED,33650.0,39054.4,4.98,2348.18
54,easy,11,08:57:29,08:57:30,08:57:43,COMPLETED,19463.0,212.8,1.89,14.46
51,easy,11,08:56:52,08:56:53,08:57:49,COMPLETED,42494.0,940.8,1.37,57.69
120,easy,11,08:57:14,08:57:18,08:57:49,COMPLETED,27599.0,524.7,4.40,35.69
80,easy,11,08:58:17,08:58:20,08:58:33,COMPLETED,21890.0,215.8,3.65,16.39
159,medium,14,08:44:51,08:44:56,08:58:52,COMPLETED,24744.0,13942.6,5.40,841.64
84,easy,12,08:56:03,08:56:03,08:58:52,COMPLETED,29845.0,2828.6,0.35,169.64
27,easy,11,08:58:37,08:58:39,08:58:59,COMPLETED,36967.0,330.3,2.64,22.15
18,easy,12,08:58:35,08:58:39,08:59:05,COMPLETED,21384.0,437.7,4.64,30.61
131,easy,12,08:58:43,08:58:46,08:59:05,COMPLETED,24917.0,329.8,3.15,22.61
128,easy,12,08:58:55,08:58:59,08:59:18,COMPLETED,27245.0,322.5,4.15,23.27
113,easy,12,08:59:20,08:59:24,08:59:50,COMPLETED,26404.0,431.2,4.55,30.13
56,medium,14,08:40:17,08:40:21,08:59:56,COMPLETED,28753.0,19592.5,4.07,1179.50
42,hard,15,08:05:41,08:05:46,09:00:03,COMPLETED,34385.0,54283.3,5.41,3262.17
172,easy,11,09:00:00,09:00:03,09:00:16,COMPLETED,25782.0,217.8,3.17,16.01
236,easy,11,09:00:31,09:00:34,09:00:53,COMPLETED,24133.0,319.1,3.95,22.77
102,hard,15,08:34:42,08:34:46,09:01:00,COMPLETED,24280.0,26227.1,4.61,1578.15
31,medium,13,08:58:48,08:58:52,09:01:12,COMPLETED,33744.0,2337.6,4.64,144.72
302,easy,12,09:00:44,09:00:47,09:01:25,COMPLETED,20386.0,632.3,3.48,41.23
88,medium,13,08:59:33,08:59:37,09:01:31,COMPLETED,33158.0,1904.9,4.25,118.46
46,medium,13,08:38:45,08:38:48,09:01:56,COMPLETED,32908.0,23135.4,3.35,1391.39
17,medium,13,08:59:26,08:59:30,09:02:40,COMPLETED,34023.0,3153.2,4.97,194.00
145,medium,14,08:34:31,08:34:34,09:02:46,COMPLETED,33204.0,28201.9,3.20,1695.23
142,hard,15,08:51:49,08:51:54,09:02:52,COMPLETED,30045.0,10966.0,5.65,663.48
44,easy,12,08:55:33,08:55:38,09:02:52,COMPLETED,33541.0,7237.1,5.41,439.48
263,easy,12,09:01:46,09:01:50,09:03:11,COMPLETED,31710.0,1353.6,4.11,85.10
75,hard,15,08:40:02,08:40:02,09:04:00,COMPLETED,35595.0,23974.2,0.43,1438.83
300,easy,11,09:04:02,09:04:07,09:04:13,COMPLETED,27102.0,107.4,5.09,11.32
276,medium,13,09:03:11,09:03:11,09:04:25,COMPLETED,30897.0,1247.7,0.10,74.78
147,medium,14,08:45:51,08:45:53,09:04:38,COMPLETED,30810.0,18747.5,2.44,1127.18
73,hard,15,08:03:29,08:03:32,09:04:44,COMPLETED,31442.0,61194.3,3.76,3675.41
83,hard,15,08:48:33,08:48:36,09:04:50,COMPLETED,36957.0,16242.8,3.11,977.61
176,easy,12,09:03:27,09:03:29,09:05:33,COMPLETED,27444.0,2072.9,2.78,126.99
298,easy,12,09:05:04,09:05:09,09:06:11,COMPLETED,31680.0,1033.9,5.22,67.09
313,medium,13,09:01:50,09:01:50,09:06:17,COMPLETED,35525.0,4460.0,0.11,267.28
277,easy,11,09:06:16,09:06:17,09:06:48,COMPLETED,35941.0,529.6,1.28,32.85
38,medium,14,08:21:19,08:21:21,09:06:55,COMPLETED,32550.0,45561.2,2.59,2736.19
311,easy,11,09:07:36,09:07:39,09:07:45,COMPLETED,29190.0,109.4,3.18,9.46
216,easy,12,09:07:06,09:07:07,09:07:51,COMPLETED,29341.0,736.1,1.81,45.79
295,easy,11,09:07:40,09:07:45,09:07:51,COMPLETED,23590.0,109.2,5.46,11.79
180,easy,11,09:07:44,09:07:45,09:08:16,COMPLETED,30347.0,524.7,1.46,32.70
288,easy,12,09:08:02,09:08:04,09:08:35,COMPLETED,26350.0,525.1,2.22,33.49
286,easy,11,09:08:50,09:08:54,09:09:00,COMPLETED,24289.0,107.0,4.21,10.45
279,medium,13,09:00:36,09:00:41,09:09:06,COMPLETED,25196.0,8426.2,5.22,510.65
331,easy,12,09:08:42,09:08:47,09:09:19,COMPLETED,36862.0,526.1,5.98,37.25
200,medium,13,09:07:18,09:07:20,09:10:22,COMPLETED,27713.0,3031.3,2.41,184.13
273,medium,13,09:08:32,09:08:35,09:10:22,COMPLETED,31409.0,1780.4,3.49,110.13
4,medium,14,08:27:04,08:27:08,09:10:47,COMPLETED,32704.0,43653.4,4.07,2623.08
244,easy,11,09:10:41,09:10:47,09:10:53,COMPLETED,28712.0,113.5,6.08,12.52
53,hard,15,08:42:43,08:42:44,09:11:31,COMPLETED,26408.0,28781.8,1.40,1728.18
222,easy,11,09:11:59,09:12:02,09:12:09,COMPLETED,22710.0,109.7,3.86,10.25
248,easy,12,09:11:51,09:11:56,09:12:15,COMPLETED,30269.0,318.1,5.57,24.47
257,medium,13,09:09:07,09:09:12,09:12:27,COMPLETED,24929.0,3253.4,5.86,200.91
103,hard,15,08:59:08,08:59:11,09:13:30,COMPLETED,32774.0,14304.4,4.00,862.07
294,medium,13,09:04:57,09:05:02,09:13:30,COMPLETED,32471.0,8455.3,5.98,513.07
262,easy,11,09:13:47,09:13:48,09:13:55,COMPLETED,27950.0,107.8,1.83,8.09
261,easy,12,09:12:46,09:12:46,09:14:19,COMPLETED,33483.0,1558.8,0.54,93.95
117,hard,15,08:58:29,08:58:33,09:14:38,COMPLETED,27922.0,16089.5,4.39,969.64
265,easy,12,09:11:32,09:11:37,09:14:38,COMPLETED,30780.0,3021.9,5.50,186.64
207,easy,11,09:14:21,09:14:26,09:14:38,COMPLETED,23461.0,211.1,5.20,17.64
39,hard,15,08:21:23,08:21:27,09:14:44,COMPLETED,32452.0,53285.8,4.82,3201.88
268,medium,14,09:06:13,09:06:17,09:14:44,COMPLETED,34456.0,8463.3,4.28,511.88
269,easy,12,09:10:49,09:10:53,09:15:09,COMPLETED,30517.0,4272.0,4.52,260.71
304,medium,13,09:12:44,09:12:46,09:15:34,COMPLETED,32587.0,2802.5,2.54,170.49
196,easy,11,09:15:28,09:15:28,09:15:34,COMPLETED,25914.0,107.7,0.26,6.49
337,easy,11,09:15:30,09:15:34,09:15:46,COMPLETED,22088.0,210.0,4.49,16.93
41,hard,15,08:05:39,08:05:40,09:16:30,COMPLETED,32744.0,70832.4,1.29,4251.16
192,easy,11,09:16:24,09:16:30,09:16:42,COMPLETED,26566.0,211.0,6.16,18.66
317,medium,14,09:11:43,09:11:43,09:17:20,COMPLETED,31722.0,5607.1,0.89,337.10
223,easy,11,09:17:06,09:17:07,09:17:20,COMPLETED,25844.0,216.9,1.41,14.10
321,medium,13,09:12:16,09:12:21,09:17:39,COMPLETED,32369.0,5292.4,5.68,323.01
174,easy,12,09:17:58,09:18:04,09:19:07,COMPLETED,30184.0,1059.5,6.04,69.08
275,easy,11,09:19:04,09:19:07,09:19:20,COMPLETED,24644.0,217.5,3.08,16.10
256,easy,12,09:19:13,09:19:13,09:19:38,COMPLETED,30682.0,424.6,0.69,25.88
308,easy,11,09:19:02,09:19:07,09:19:45,COMPLETED,31066.0,640.2,5.08,43.22
208,easy,11,09:20:34,09:20:35,09:20:41,COMPLETED,23596.0,113.6,1.48,7.99
179,easy,12,09:20:35,09:20:35,09:20:54,COMPLETED,26336.0,320.9,0.48,19.66
307,medium,13,09:03:23,09:03:23,09:21:07,COMPLETED,24254.0,17730.4,0.55,1064.05
285,easy,12,09:18:34,09:18:35,09:21:26,COMPLETED,31707.0,2847.2,1.59,172.11
292,easy,12,09:21:04,09:21:07,09:21:26,COMPLETED,26200.0,323.8,3.05,22.11
322,medium,13,09:19:56,09:19:57,09:21:38,COMPLETED,28513.0,1685.5,1.86,102.70
227,easy,12,09:19:23,09:19:26,09:21:51,COMPLETED,28902.0,2418.9,3.33,148.31
138,hard,15,08:51:57,08:52:00,09:22:03,COMPLETED,32397.0,30054.5,3.89,1806.89
335,easy,11,09:21:54,09:21:57,09:22:03,COMPLETED,26605.0,114.2,3.49,9.89
1,medium,14,08:52:15,08:52:19,09:22:35,COMPLETED,29732.0,30266.2,4.59,1820.43
237,easy,11,09:24:10,09:24:15,09:24:27,COMPLETED,33044.0,210.7,5.17,17.64
96,hard,15,08:51:39,08:51:42,09:25:10,COMPLETED,34355.0,33481.0,3.20,2011.95
333,medium,14,09:12:32,09:12:34,09:25:10,COMPLETED,33760.0,12616.8,2.12,758.95
296,medium,13,09:13:29,09:13:30,09:25:17,COMPLETED,31949.0,11786.8,1.07,708.20
218,easy,12,09:25:09,09:25:10,09:25:23,COMPLETED,25463.0,210.3,1.95,14.40
183,hard,15,09:19:03,09:19:07,09:26:00,COMPLETED,29348.0,6893.0,4.08,417.62
253,medium,13,09:25:29,09:25:29,09:26:37,COMPLETED,25893.0,1141.7,0.59,68.89
185,medium,13,09:25:52,09:25:54,09:26:56,COMPLETED,25720.0,1040.4,2.39,64.56
213,easy,12,09:26:13,09:26:13,09:27:02,COMPLETED,26225.0,833.4,0.02,49.85
106,medium,14,08:59:31,08:59:37,09:27:15,COMPLETED,35578.0,27635.8,6.25,1664.23
219,easy,11,09:27:11,09:27:15,09:27:27,COMPLETED,28733.0,211.1,4.23,16.73
209,medium,13,09:27:13,09:27:15,09:28:11,COMPLETED,26333.0,936.8,2.23,58.24
228,easy,11,09:28:17,09:28:17,09:28:23,COMPLETED,23382.0,107.6,0.52,6.84
231,medium,14,09:16:35,09:16:36,09:28:30,COMPLETED,32656.0,11895.7,1.43,715.04
303,medium,13,09:24:49,09:24:52,09:28:36,COMPLETED,31370.0,3734.4,3.37,227.25
249,medium,13,09:29:01,09:29:01,09:30:23,COMPLETED,36275.0,1374.8,0.29,82.61
186,easy,12,09:29:01,09:29:01,09:30:36,COMPLETED,23470.0,1585.4,0.29,95.21
271,easy,12,09:28:03,09:28:04,09:31:01,COMPLETED,23669.0,2950.2,1.97,178.61
187,medium,13,09:28:32,09:28:36,09:31:08,COMPLETED,28237.0,2533.6,4.25,156.09
240,easy,11,09:30:58,09:31:01,09:31:08,COMPLETED,20311.0,111.5,3.61,10.09
325,easy,11,09:31:10,09:31:14,09:31:20,COMPLETED,28455.0,112.7,4.33,10.78
319,medium,13,09:26:29,09:26:31,09:31:45,COMPLETED,32618.0,5241.8,2.63,316.87
194,hard,15,09:13:33,09:13:36,09:31:58,COMPLETED,34409.0,18372.8,3.38,1105.56
250,easy,12,09:26:51,09:26:56,09:32:17,COMPLETED,39922.0,5351.7,5.56,326.41
124,hard,15,08:41:43,08:41:47,09:32:48,COMPLETED,34785.0,51018.2,4.70,3065.77
280,easy,11,09:32:53,09:32:55,09:33:01,COMPLETED,29862.0,110.5,2.12,8.63
306,easy,12,09:33:40,09:33:45,09:34:48,COMPLETED,33902.0,1045.7,5.56,68.12
201,medium,14,09:27:43,09:27:46,09:34:54,COMPLETED,25449.0,7135.7,3.34,431.34
293,easy,12,09:35:06,09:35:06,09:35:19,COMPLETED,29191.0,212.2,0.74,13.18
290,easy,12,09:35:57,09:36:02,09:36:15,COMPLETED,24618.0,212.1,5.77,18.26
260,medium,13,09:35:33,09:35:37,09:36:27,COMPLETED,31236.0,833.3,4.93,54.74
242,easy,11,09:36:14,09:36:15,09:36:40,COMPLETED,26784.0,419.3,1.26,26.16
214,easy,11,09:36:40,09:36:40,09:36:46,COMPLETED,28843.0,107.8,0.16,6.44
316,medium,14,09:29:31,09:29:33,09:37:17,COMPLETED,29873.0,7741.9,2.13,466.48
267,medium,13,09:22:03,09:22:03,09:37:36,COMPLETED,33958.0,15539.2,0.89,933.16
334,medium,13,09:35:19,09:35:19,09:37:42,COMPLETED,31284.0,2389.5,0.18,143.37
171,medium,13,09:37:18,09:37:23,09:37:42,COMPLETED,29093.0,314.7,5.69,24.37
229,easy,11,09:37:54,09:37:54,09:38:13,COMPLETED,29011.0,313.4,0.84,19.46
217,easy,12,09:37:46,09:37:48,09:38:32,COMPLETED,23013.0,727.9,2.60,46.04
283,easy,11,09:38:52,09:38:56,09:39:15,COMPLETED,30528.0,315.8,4.87,23.56
43,hard,15,08:56:49,08:56:53,09:39:47,COMPLETED,28264.0,42901.2,4.37,2578.29
328,easy,11,09:40:35,09:40:37,09:40:50,COMPLETED,28417.0,215.5,2.95,15.68
272,easy,11,09:41:28,09:41:28,09:41:41,COMPLETED,30431.0,216.7,0.71,13.51
210,easy,12,09:41:20,09:41:22,09:42:00,COMPLETED,28468.0,644.0,2.24,40.44
215,hard,15,09:22:56,09:23:00,09:42:13,COMPLETED,28921.0,19215.6,4.52,1157.27
195,easy,12,09:41:12,09:41:15,09:42:13,COMPLETED,24434.0,964.4,3.77,61.27
116,medium,14,08:59:59,09:00:03,09:42:51,COMPLETED,34597.0,42806.3,4.17,2572.39
309,easy,11,09:42:35,09:42:38,09:42:51,COMPLETED,24680.0,222.3,3.54,16.39
305,easy,12,09:42:36,09:42:38,09:42:51,COMPLETED,23935.0,222.1,2.54,15.39
287,medium,14,09:39:21,09:39:21,09:43:17,COMPLETED,28692.0,3925.0,0.86,236.19
282,easy,12,09:42:58,09:43:04,09:43:23,COMPLETED,21167.0,323.3,6.35,25.42
193,medium,14,09:32:53,09:32:55,09:44:19,COMPLETED,27932.0,11419.9,2.12,686.97
312,medium,14,09:39:12,09:39:15,09:44:52,COMPLETED,36552.0,5612.6,3.56,340.15
301,easy,11,09:44:36,09:44:39,09:44:52,COMPLETED,25163.0,216.9,3.35,16.15
205,medium,13,09:44:17,09:44:19,09:46:07,COMPLETED,24249.0,1801.0,2.97,110.81
247,easy,11,09:45:42,09:45:42,09:46:07,COMPLETED,28907.0,422.0,0.75,25.81
175,hard,15,09:25:34,09:25:35,09:46:14,COMPLETED,32286.0,20640.2,1.81,1240.11
318,easy,12,09:44:54,09:44:58,09:46:14,COMPLETED,29695.0,1265.4,4.39,80.11
178,medium,13,09:34:40,09:34:41,09:46:32,COMPLETED,40155.0,11851.8,1.88,712.85
243,easy,12,09:46:15,09:46:20,09:47:04,COMPLETED,31225.0,733.7,5.36,49.10
330,easy,12,09:47:00,09:47:04,09:47:22,COMPLETED,33875.0,316.3,4.10,22.86
8,medium,14,08:30:10,08:30:12,09:48:00,COMPLETED,33034.0,77797.7,2.66,4670.48
332,easy,11,09:48:20,09:48:25,09:48:38,COMPLETED,22632.0,212.2,5.49,18.00
314,easy,11,09:49:19,09:49:21,09:49:28,COMPLETED,24097.0,110.1,2.72,9.03
338,medium,14,09:45:03,09:45:04,09:49:53,COMPLETED,27536.0,4811.9,1.82,290.31
323,easy,11,09:49:32,09:49:34,09:49:53,COMPLETED,25334.0,320.2,2.36,21.31
264,easy,12,09:49:14,09:49:15,09:49:59,COMPLETED,28474.0,741.6,1.42,45.65
190,easy,11,09:49:37,09:49:40,09:49:59,COMPLETED,26950.0,320.8,3.70,22.65
203,medium,14,09:44:20,09:44:26,09:50:12,COMPLETED,27268.0,5766.1,6.45,352.24
291,easy,11,09:50:45,09:50:50,09:51:09,COMPLETED,23646.0,327.0,5.10,24.23
246,medium,13,09:47:41,09:47:41,09:51:15,COMPLETED,32533.0,3573.8,0.60,214.77
225,hard,15,09:22:46,09:22:47,09:51:28,COMPLETED,32136.0,28681.3,1.83,1722.53
189,easy,12,09:51:09,09:51:09,09:51:34,COMPLETED,32315.0,436.1,0.23,25.99
235,medium,13,09:49:27,09:49:28,09:52:00,COMPLETED,30146.0,2550.6,1.03,153.59
281,easy,12,09:49:57,09:49:59,09:52:07,COMPLETED,25399.0,2132.4,2.65,130.17
259,hard,15,09:23:00,09:23:00,09:52:19,COMPLETED,32534.0,29325.4,0.52,1759.95
299,easy,11,09:52:10,09:52:13,09:52:19,COMPLETED,21810.0,112.2,3.66,9.95
234,medium,14,09:35:29,09:35:31,09:52:51,COMPLETED,34513.0,17335.3,2.69,1042.68
181,medium,13,09:50:31,09:50:31,09:53:10,COMPLETED,33457.0,2669.5,0.01,159.83
339,medium,14,09:37:23,09:37:23,09:53:23,COMPLETED,34577.0,16002.7,0.69,960.65
324,hard,15,09:39:53,09:39:53,09:53:30,COMPLETED,27677.0,13609.1,0.67,817.08
241,easy,11,09:52:58,09:53:04,09:53:36,COMPLETED,21570.0,537.0,6.32,38.33
284,easy,11,09:54:03,09:54:07,09:54:20,COMPLETED,23590.0,215.3,4.91,17.55
182,medium,14,09:49:42,09:49:47,09:56:14,COMPLETED,33758.0,6458.7,5.01,392.21
254,easy,11,09:56:22,09:56:26,09:56:33,COMPLETED,28297.0,112.1,4.98,11.45
245,easy,12,09:55:34,09:55:36,09:56:39,COMPLETED,30433.0,1062.0,2.27,65.73
199,medium,13,09:55:37,09:55:42,09:56:39,COMPLETED,30702.0,954.2,5.76,62.73
289,medium,14,09:49:52,09:49:53,09:56:58,COMPLETED,33554.0,7090.7,1.31,426.55
238,medium,13,09:42:42,09:42:44,09:57:17,COMPLETED,31720.0,14541.3,2.91,875.25
220,easy,12,09:57:28,09:57:29,09:57:42,COMPLETED,29828.0,211.9,1.71,14.21
326,easy,11,09:57:54,09:57:54,09:58:00,COMPLETED,27268.0,108.8,0.66,6.93
278,medium,13,09:01:16,09:01:18,09:59:03,COMPLETED,39862.0,57739.3,2.97,3467.25
206,medium,13,09:58:31,09:58:32,09:59:40,COMPLETED,22830.0,1148.0,1.09,69.76
270,easy,11,09:59:47,09:59:47,10:00:05,COMPLETED,24257.0,316.0,0.00,18.74
357,easy,11,10:00:32,10:00:36,10:00:43,COMPLETED,25363.0,109.9,4.94,11.24
382,easy,11,10:00:49,10:00:49,10:01:02,COMPLETED,28617.0,213.0,0.57,13.10
0,hard,15,08:49:14,08:49:19,10:01:14,COMPLETED,35019.0,71919.3,5.59,4320.61
232,medium,13,09:52:00,09:52:00,10:01:14,COMPLETED,32752.0,9238.1,0.59,554.61
343,easy,11,10:01:09,10:01:14,10:01:20,COMPLETED,25245.0,110.0,5.61,11.95
492,medium,13,10:01:26,10:01:27,10:02:23,COMPLETED,29230.0,945.1,1.24,57.71
211,medium,14,09:47:47,09:47:47,10:02:36,COMPLETED,33550.0,14810.1,0.90,889.22
329,medium,14,09:30:39,09:30:42,10:02:48,COMPLETED,36101.0,32107.7,3.58,1929.94
360,easy,12,10:02:31,10:02:36,10:02:48,COMPLETED,25641.0,216.1,5.22,17.94
444,easy,11,10:02:41,10:02:42,10:02:55,COMPLETED,25783.0,214.0,1.65,14.21
379,easy,12,10:01:49,10:01:52,10:03:20,COMPLETED,25125.0,1470.3,3.33,91.29
388,easy,12,10:01:20,10:01:20,10:03:26,COMPLETED,28756.0,2097.7,0.95,126.59
274,medium,14,09:49:30,09:49:34,10:05:06,COMPLETED,42636.0,15543.4,4.36,936.75
487,medium,14,10:04:13,10:04:16,10:06:28,COMPLETED,27003.0,2201.3,3.60,135.48
173,medium,13,09:56:34,09:56:39,10:06:34,COMPLETED,32990.0,9920.0,5.73,600.76
438,easy,12,10:05:52,10:05:56,10:06:34,COMPLETED,26235.0,634.1,4.98,42.76
327,hard,15,09:39:08,09:39:09,10:06:41,COMPLETED,22441.0,27532.0,1.30,1653.05
198,medium,14,09:47:34,09:47:35,10:08:09,COMPLETED,24687.0,20573.9,1.33,1235.58
370,easy,11,10:07:59,10:08:03,10:08:09,COMPLETED,27995.0,112.3,4.15,10.58
410,easy,12,10:07:35,10:07:37,10:08:22,COMPLETED,31574.0,747.9,2.56,47.21
230,medium,14,09:48:11,09:48:12,10:08:47,COMPLETED,27323.0,20576.6,1.96,1236.38
494,easy,12,10:08:56,10:08:59,10:09:19,COMPLETED,21103.0,323.3,4.00,23.10
352,easy,11,10:09:00,10:09:06,10:09:19,COMPLETED,22203.0,217.7,6.35,19.10
395,easy,11,10:09:09,10:09:12,10:09:19,COMPLETED,23777.0,111.6,3.73,10.10
495,easy,12,10:08:38,10:08:41,10:09:31,COMPLETED,28801.0,849.8,3.04,53.74
233,hard,15,09:45:53,09:45:55,10:10:03,COMPLETED,27661.0,24135.6,2.25,1450.25
470,easy,11,10:09:40,10:09:44,10:10:03,COMPLETED,21923.0,319.1,4.35,23.25
463,easy,11,10:10:04,10:10:09,10:10:22,COMPLETED,27472.0,213.2,5.52,18.07
350,easy,12,10:10:24,10:10:28,10:10:40,COMPLETED,28067.0,213.9,4.33,16.92
202,hard,15,09:46:04,09:46:07,10:10:53,COMPLETED,30389.0,24762.8,3.81,1489.44
170,hard,15,09:50:48,09:50:50,10:11:24,COMPLETED,26247.0,20580.1,2.10,1236.79
385,medium,13,10:10:29,10:10:34,10:11:24,COMPLETED,29866.0,840.3,5.63,55.79
221,medium,14,09:14:41,09:14:44,10:11:56,COMPLETED,32600.0,57188.1,3.88,3435.09
378,easy,12,10:11:06,10:11:12,10:12:21,COMPLETED,31955.0,1153.6,6.22,75.17
488,easy,12,10:12:06,10:12:08,10:12:40,COMPLETED,27957.0,528.5,2.59,34.03
402,easy,11,10:12:55,10:12:58,10:13:30,COMPLETED,30406.0,526.6,3.84,35.13
371,easy,11,10:13:57,10:14:01,10:14:20,COMPLETED,30716.0,318.4,4.58,23.45
506,easy,12,10:14:03,10:14:07,10:14:32,COMPLETED,27918.0,422.5,4.89,29.96
188,hard,15,09:08:18,09:08:23,10:15:10,COMPLETED,28371.0,66800.4,5.04,4012.99
60,hard,15,08:34:26,08:34:27,10:15:36,COMPLETED,35605.0,101145.9,1.82,6070.55
380,medium,13,10:13:30,10:13:30,10:16:01,COMPLETED,23411.0,2535.3,0.13,151.90
401,easy,11,10:15:47,10:15:49,10:16:01,COMPLETED,31688.0,221.0,2.05,14.90
364,medium,13,10:15:13,10:15:17,10:17:50,COMPLETED,30779.0,2557.3,4.26,157.33
351,easy,11,10:18:34,10:18:35,10:18:48,COMPLETED,19898.0,230.2,1.16,14.50
417,easy,12,10:18:41,10:18:41,10:18:55,COMPLETED,19633.0,222.8,0.94,14.06
255,hard,15,09:29:26,09:29:26,10:19:33,COMPLETED,34847.0,50110.2,0.66,3007.11
439,hard,15,10:01:11,10:01:14,10:19:39,COMPLETED,33521.0,18419.8,3.61,1108.58
458,medium,13,10:16:22,10:16:27,10:19:46,COMPLETED,30124.0,3318.0,5.36,204.06
420,easy,11,10:19:53,10:19:58,10:20:11,COMPLETED,25155.0,225.1,5.94,18.77
436,hard,15,10:11:41,10:11:43,10:20:25,COMPLETED,33853.0,8700.0,2.55,524.21
424,easy,11,10:20:09,10:20:11,10:20:25,COMPLETED,24604.0,230.1,2.77,16.21
422,medium,13,10:14:29,10:14:32,10:20:31,COMPLETED,36771.0,5985.4,3.96,362.72
386,easy,12,10:20:06,10:20:11,10:21:03,COMPLETED,35519.0,868.6,5.77,57.61
493,medium,13,10:20:00,10:20:05,10:21:09,COMPLETED,33301.0,1082.7,5.24,69.94
428,easy,11,10:21:19,10:21:22,10:21:35,COMPLETED,29283.0,215.6,3.51,16.10
252,hard,15,09:56:49,09:56:52,10:21:41,COMPLETED,29885.0,24823.7,3.26,1492.48
167,hard,15,08:16:34,08:16:37,10:22:06,COMPLETED,40204.0,125497.4,3.09,7532.91
184,hard,15,09:44:30,09:44:32,10:22:19,COMPLETED,30411.0,37779.0,2.90,2269.51
435,easy,11,10:20:11,10:20:11,10:22:19,COMPLETED,20475.0,2131.4,0.77,128.51
226,hard,15,09:16:27,09:16:30,10:22:25,COMPLETED,31628.0,65928.9,3.16,3958.86
425,easy,12,10:21:37,10:21:41,10:22:25,COMPLETED,28408.0,743.7,4.48,48.86
415,medium,13,10:05:11,10:05:13,10:22:44,COMPLETED,37072.0,17529.7,2.06,1053.69
377,hard,15,10:00:06,10:00:11,10:23:15,COMPLETED,32655.0,23067.8,5.98,1389.92
394,medium,14,10:06:41,10:06:41,10:23:47,COMPLETED,31435.0,17105.4,0.05,1026.15
353,medium,13,10:20:17,10:20:18,10:24:06,COMPLETED,34124.0,3795.8,1.52,229.07
358,easy,11,10:24:29,10:24:31,10:24:37,COMPLETED,23667.0,109.6,2.12,8.43
361,medium,13,10:22:46,10:22:50,10:24:43,COMPLETED,22753.0,1883.3,4.94,117.73
392,easy,12,10:25:07,10:25:08,10:26:05,COMPLETED,24787.0,948.0,1.85,58.29
497,easy,11,10:25:16,10:25:21,10:26:05,COMPLETED,33588.63946349958,739.8,5.39,49.29
448,easy,12,10:25:39,10:25:40,10:26:11,COMPLETED,24298.0,534.3,1.18,32.83
432,easy,11,10:25:57,10:25:58,10:26:11,COMPLETED,17770.0,221.6,1.98,14.83
365,medium,14,10:18:05,10:18:09,10:26:50,COMPLETED,29878.0,8680.0,4.57,525.06
482,easy,12,10:26:29,10:26:30,10:26:50,COMPLETED,34077.0,325.7,1.94,21.06
496,medium,14,10:24:51,10:24:56,10:27:59,COMPLETED,29785.0,3065.5,5.25,188.91
349,medium,14,10:05:02,10:05:06,10:28:25,COMPLETED,33122.0,23310.4,4.75,1403.19
340,medium,13,10:27:18,10:27:21,10:28:37,COMPLETED,29417.0,1273.8,3.62,79.82
11,hard,15,08:35:38,08:35:42,10:28:44,COMPLETED,30110.0,113022.8,4.79,6786.09
407,easy,11,10:28:26,10:28:31,10:28:44,COMPLETED,27911.0,217.1,5.51,18.09
258,medium,14,09:13:24,09:13:30,10:29:47,COMPLETED,33877.0,76297.1,6.07,4583.82
486,medium,14,10:16:25,10:16:27,10:30:13,COMPLETED,29306.0,13768.8,2.36,828.21
443,easy,12,10:30:08,10:30:13,10:30:32,COMPLETED,23980.0,328.0,5.21,24.60
381,medium,13,10:27:58,10:27:59,10:31:04,COMPLETED,31464.0,3082.2,1.91,186.48
212,hard,15,09:01:04,09:01:06,10:32:39,COMPLETED,39116.0,91557.8,2.41,5495.78
460,medium,13,10:23:46,10:23:47,10:32:39,COMPLETED,28671.0,8881.3,1.15,533.78
473,medium,14,10:03:02,10:03:07,10:33:11,COMPLETED,33669.0,30060.2,5.74,1809.23
449,easy,12,10:32:21,10:32:27,10:33:11,COMPLETED,31614.0,738.4,6.18,50.23
405,easy,11,10:33:01,10:33:04,10:33:17,COMPLETED,23019.0,213.9,3.92,16.52
431,easy,12,10:30:16,10:30:19,10:33:36,COMPLETED,31904.0,3280.9,3.70,200.34
471,easy,11,10:32:39,10:32:39,10:33:36,COMPLETED,31809.0,946.9,0.78,57.34
419,easy,11,10:33:27,10:33:30,10:34:01,COMPLETED,24467.0,527.3,3.04,34.40
445,medium,13,10:32:04,10:32:08,10:34:26,COMPLETED,26894.0,2306.9,4.25,142.44
456,easy,11,10:34:36,10:34:38,10:34:45,COMPLETED,26910.0,109.1,3.00,9.31
400,medium,14,10:19:21,10:19:26,10:34:57,COMPLETED,26695.0,15524.5,5.55,936.86
376,hard,15,10:31:12,10:31:17,10:35:10,COMPLETED,29472.0,3890.6,5.15,238.37
442,easy,11,10:35:35,10:35:35,10:35:41,COMPLETED,27883.0,108.9,0.40,6.70
502,medium,14,10:29:40,10:29:41,10:36:19,COMPLETED,36955.0,6637.4,1.29,399.25
342,easy,11,10:36:11,10:36:12,10:36:19,COMPLETED,23745.0,111.0,1.94,8.25
426,easy,12,10:36:28,10:36:31,10:37:03,COMPLETED,26460.0,526.7,3.88,35.19
480,easy,11,10:37:08,10:37:09,10:37:22,COMPLETED,28665.0,222.4,1.50,14.42
430,easy,12,10:36:11,10:36:12,10:37:35,COMPLETED,29809.0,1377.4,1.94,84.35
499,easy,11,10:37:30,10:37:35,10:37:48,COMPLETED,26748.0,219.0,5.35,18.08
474,easy,12,10:37:06,10:37:09,10:38:00,COMPLETED,27741.0,866.0,3.50,54.93
391,easy,11,10:38:05,10:38:07,10:38:14,COMPLETED,23814.0,112.8,2.53,9.05
485,easy,11,10:38:23,10:38:26,10:38:33,COMPLETED,27622.0,114.2,3.74,10.37
498,easy,12,10:38:21,10:38:26,10:38:52,COMPLETED,27833.0,438.0,5.74,31.39
359,easy,11,10:38:49,10:38:52,10:38:59,COMPLETED,23103.0,116.4,3.39,10.08
475,medium,14,10:27:14,10:27:15,10:39:18,COMPLETED,33637.0,12053.9,1.32,724.24
354,medium,13,10:38:50,10:38:52,10:39:31,COMPLETED,24631.0,650.8,2.39,41.24
509,easy,12,10:38:47,10:38:52,10:39:37,COMPLETED,34314.0,763.3,5.39,50.70
398,medium,14,10:34:49,10:34:51,10:39:50,COMPLETED,29250.0,4990.0,2.57,301.69
452,easy,12,10:39:19,10:39:24,10:40:16,COMPLETED,27164.0,864.8,5.70,57.19
464,easy,11,10:40:08,10:40:09,10:40:16,COMPLETED,31151.0,112.8,1.88,8.19
397,medium,13,10:36:17,10:36:19,10:41:13,COMPLETED,31473.0,4910.0,2.25,296.45
297,hard,15,09:42:18,09:42:19,10:42:04,COMPLETED,31128.0,59751.1,1.69,3586.63
427,medium,13,10:39:36,10:39:37,10:42:04,COMPLETED,30873.0,2453.6,1.70,148.63
366,easy,12,10:41:48,10:41:51,10:42:17,COMPLETED,28432.0,431.4,3.72,29.21
447,easy,11,10:42:00,10:42:04,10:42:17,COMPLETED,18133.0,217.0,4.63,17.21
310,medium,14,09:29:08,09:29:14,10:42:30,COMPLETED,33698.0,73267.7,6.20,4402.02
476,easy,11,10:42:34,10:42:36,10:42:43,COMPLETED,27985.0,115.3,2.59,9.19
356,medium,14,10:05:57,10:06:03,10:42:49,COMPLETED,31313.0,36775.2,6.33,2212.63
455,easy,12,10:42:31,10:42:36,10:43:34,COMPLETED,28354.0,961.1,5.59,63.02
399,easy,12,10:42:18,10:42:23,10:43:40,COMPLETED,26272.0,1281.3,5.74,82.29
504,easy,11,10:43:40,10:43:40,10:43:46,COMPLETED,30758.0,109.4,0.29,6.67
406,easy,11,10:43:48,10:43:52,10:44:05,COMPLETED,27054.0,213.7,4.94,17.49
440,easy,11,10:44:23,10:44:24,10:44:30,COMPLETED,25419.0,109.8,1.36,7.66
457,easy,12,10:43:36,10:43:40,10:45:02,COMPLETED,25182.0,1366.1,4.29,86.02
362,medium,14,10:33:56,10:34:01,10:45:14,COMPLETED,31566.0,11223.1,5.40,678.54
404,easy,12,10:44:26,10:44:30,10:46:54,COMPLETED,24246.0,2408.1,4.66,148.90
412,easy,12,10:46:24,10:46:29,10:46:54,COMPLETED,21609.0,423.1,5.79,30.90
453,medium,14,10:37:11,10:37:15,10:47:38,COMPLETED,35101.0,10389.1,4.83,627.97
413,easy,11,10:47:57,10:47:57,10:48:04,COMPLETED,25606.0,111.3,0.83,7.22
408,medium,13,10:46:11,10:46:17,10:48:10,COMPLETED,28624.0,1893.8,6.22,119.58
345,easy,12,10:47:31,10:47:32,10:48:16,COMPLETED,27788.0,746.8,1.63,45.90
472,easy,12,10:48:54,10:48:55,10:49:21,COMPLETED,28110.0,440.7,1.76,27.87
446,easy,12,10:43:16,10:43:21,10:49:41,COMPLETED,33723.0,6336.9,5.49,385.24
483,medium,14,10:48:47,10:48:49,10:50:53,COMPLETED,29552.0,2072.1,2.22,126.11
363,medium,14,10:43:39,10:43:40,10:50:59,COMPLETED,31224.0,7327.4,1.29,440.66
489,easy,12,10:50:58,10:50:59,10:51:25,COMPLETED,28897.0,437.6,1.66,27.46
153,hard,15,08:37:54,08:37:59,10:51:51,COMPLETED,36685.0,133872.0,5.12,8037.38
387,medium,13,10:48:15,10:48:16,10:51:51,COMPLETED,26127.0,3582.3,1.90,216.38
197,hard,15,09:45:58,09:46:01,10:52:29,COMPLETED,36503.0,66473.3,3.53,3991.79
368,medium,14,10:48:51,10:48:55,10:53:21,COMPLETED,32613.0,4432.1,4.76,270.28
355,easy,11,10:53:24,10:53:27,10:53:40,COMPLETED,23530.0,219.6,3.79,16.70
373,easy,12,10:53:32,10:53:34,10:53:47,COMPLETED,24314.0,218.4,2.37,15.00
477,medium,14,10:18:34,10:18:35,10:54:06,COMPLETED,35699.0,35526.6,1.16,2132.62
347,medium,13,10:54:07,10:54:13,10:55:22,COMPLETED,24943.0,1162.5,6.13,75.56
500,medium,13,10:49:50,10:49:54,10:55:35,COMPLETED,24667.0,5686.8,4.31,345.21
450,easy,12,10:53:59,10:54:00,10:56:00,COMPLETED,31564.0,2013.4,1.07,121.59
239,hard,15,09:40:04,09:40:06,10:57:16,COMPLETED,35499.0,77167.6,2.25,4632.24
418,medium,14,10:03:04,10:03:07,10:57:16,COMPLETED,34395.0,54142.9,3.74,3252.24
465,easy,12,10:56:22,10:56:25,10:57:16,COMPLETED,30488.0,845.4,3.82,54.24
459,medium,13,10:09:02,10:09:06,10:57:35,COMPLETED,28735.0,48484.6,4.35,2913.36
414,easy,11,10:57:26,10:57:29,10:57:41,COMPLETED,21640.0,215.3,3.03,15.67
507,medium,13,10:52:33,10:52:36,10:58:00,COMPLETED,30373.0,5409.0,3.30,327.59
390,easy,12,10:50:37,10:50:39,10:58:06,COMPLETED,40637.0,7455.1,2.88,449.90
434,easy,12,10:57:51,10:57:54,10:58:06,COMPLETED,26716.0,216.2,3.26,15.90
204,hard,15,09:28:17,09:28:17,10:58:19,COMPLETED,35613.0,90034.7,0.52,5402.54
367,medium,13,10:57:17,10:57:22,10:58:57,COMPLETED,33185.0,1584.0,5.57,100.35
411,easy,12,10:57:20,10:57:22,10:59:16,COMPLETED,29222.0,1900.2,2.57,116.21
393,easy,12,10:58:46,10:58:51,10:59:22,COMPLETED,25558.0,533.9,5.03,36.71
346,medium,13,10:55:45,10:55:47,11:00:26,COMPLETED,32265.0,4653.8,2.88,281.70
577,easy,12,11:00:27,11:00:33,11:00:52,COMPLETED,28366.0,331.3,6.17,25.70
469,medium,14,10:23:49,10:23:53,11:02:09,COMPLETED,27517.0,38274.2,4.47,2300.71
606,easy,11,11:02:46,11:02:48,11:03:01,COMPLETED,23878.0,227.7,2.28,15.40
451,medium,14,10:44:06,10:44:11,11:03:08,COMPLETED,28849.0,18939.8,5.79,1142.00
679,easy,12,11:02:48,11:02:48,11:03:08,COMPLETED,23708.0,331.9,0.28,20.00
652,easy,11,11:02:56,11:03:01,11:03:08,COMPLETED,26852.0,115.0,5.40,12.00
551,easy,12,11:01:10,11:01:11,11:03:33,COMPLETED,35823.0,2360.6,1.94,143.33
484,medium,14,10:00:40,10:00:43,11:03:39,COMPLETED,32573.0,62941.2,3.24,3779.62
567,easy,11,11:03:57,11:03:58,11:04:05,COMPLETED,29208.0,115.2,1.75,8.32
672,easy,11,11:03:59,11:04:05,11:04:11,COMPLETED,29533.0,114.3,6.32,12.70
634,easy,12,11:04:03,11:04:05,11:04:37,COMPLETED,22231.0,546.1,2.32,34.67
528,easy,12,11:04:13,11:04:18,11:04:50,COMPLETED,29191.0,546.3,5.23,37.48
661,medium,13,11:04:11,11:04:11,11:05:28,COMPLETED,32883.0,1292.5,0.70,77.94
416,hard,15,10:34:31,10:34:32,11:05:35,COMPLETED,33573.0,31047.2,1.71,1864.30
675,easy,12,11:05:21,11:05:22,11:06:06,COMPLETED,20378.0,744.5,1.56,45.90
663,easy,12,11:05:39,11:05:41,11:07:22,COMPLETED,24784.0,1692.1,2.70,103.96
654,easy,11,11:07:30,11:07:35,11:07:48,COMPLETED,29133.0,215.8,5.57,18.22
613,easy,12,11:07:01,11:07:03,11:07:54,COMPLETED,27584.0,847.4,2.99,53.54
643,easy,11,11:07:56,11:08:00,11:08:07,COMPLETED,23201.0,110.8,4.86,11.21
657,easy,12,11:06:11,11:06:13,11:08:38,COMPLETED,31797.0,2433.8,2.28,147.98
662,easy,11,11:08:27,11:08:32,11:08:45,COMPLETED,28131.0,218.6,5.59,18.36
557,easy,12,11:05:29,11:05:35,11:08:51,COMPLETED,36777.0,3279.7,6.30,202.74
441,medium,14,10:58:02,10:58:06,11:09:42,COMPLETED,29897.0,11597.9,4.90,700.54
369,medium,14,10:16:54,10:16:59,11:10:26,COMPLETED,38572.0,53459.7,5.41,3212.90
514,easy,12,11:06:20,11:06:25,11:10:52,COMPLETED,36039.0,4444.4,5.95,272.35
535,easy,12,11:08:39,11:08:51,11:11:11,COMPLETED,36955.0,2331.8,12.74,152.36
348,hard,15,10:38:00,10:38:00,11:11:55,COMPLETED,29913.0,33913.9,0.93,2035.62
466,medium,14,10:49:58,10:50:00,11:12:20,COMPLETED,24517.0,22335.9,2.97,1342.93
589,medium,13,11:08:35,11:08:45,11:12:20,COMPLETED,31409.0,3597.7,10.36,225.93
586,medium,14,11:05:09,11:05:09,11:12:33,COMPLETED,31172.0,7400.4,0.96,444.73
423,hard,15,10:23:37,10:23:40,11:13:18,COMPLETED,26484.0,49623.3,3.86,2981.15
629,medium,14,11:04:45,11:04:50,11:13:49,COMPLETED,30545.0,8995.2,5.48,544.96
556,easy,12,11:11:45,11:12:01,11:14:46,COMPLETED,33371.0,2753.0,16.95,181.84
552,easy,12,11:12:28,11:13:56,11:14:46,COMPLETED,23686.0,847.9,88.30,138.84
564,easy,11,11:13:15,11:14:53,11:14:59,COMPLETED,26123.0,111.7,98.19,104.59
581,medium,13,11:09:16,11:09:48,11:15:12,COMPLETED,32304.0,5394.7,32.87,356.28
501,medium,14,10:41:33,10:41:38,11:15:25,COMPLETED,33716.0,33770.3,5.95,2032.02
375,hard,15,10:49:35,10:49:41,11:15:25,COMPLETED,32115.0,25733.1,6.24,1550.02
536,easy,12,11:14:00,11:15:05,11:15:31,COMPLETED,22442.0,429.4,65.92,91.35
562,easy,11,11:15:49,11:15:50,11:16:09,COMPLETED,27012.0,329.0,1.40,20.59
409,medium,14,10:48:26,10:48:29,11:16:54,COMPLETED,31266.0,28417.0,3.96,1708.76
510,medium,14,11:02:29,11:02:35,11:16:54,COMPLETED,25705.0,14329.2,6.29,865.76
561,easy,11,11:16:34,11:17:01,11:17:13,COMPLETED,28725.0,216.8,27.17,39.89
670,easy,12,11:16:52,11:17:20,11:17:26,COMPLETED,28831.0,113.0,28.25,34.68
604,easy,11,11:17:35,11:17:39,11:18:04,COMPLETED,27056.0,430.9,4.44,29.94
623,easy,12,11:18:12,11:18:17,11:18:55,COMPLETED,30397.0,639.7,5.68,43.76
622,medium,13,11:11:46,11:12:27,11:19:46,COMPLETED,23962.0,7321.9,41.28,480.34
532,easy,11,11:18:41,11:19:52,11:20:05,COMPLETED,30321.0,216.3,71.69,84.36
559,medium,14,11:12:24,11:13:24,11:20:24,COMPLETED,30321.0,7002.6,60.47,480.36
429,medium,14,10:47:02,10:47:07,11:20:37,COMPLETED,44304.0,33496.1,5.45,2015.05
635,medium,13,11:19:57,11:20:30,11:22:11,COMPLETED,29548.0,1691.4,33.70,134.88
508,medium,13,10:50:40,10:50:46,11:22:30,COMPLETED,29789.0,31742.5,6.50,1910.88
516,medium,14,11:10:58,11:11:17,11:23:34,COMPLETED,30296.0,12280.8,19.69,756.14
164,hard,15,08:42:29,08:42:31,11:23:47,COMPLETED,31927.0,161260.1,2.82,9678.34
632,easy,11,11:20:35,11:23:40,11:23:47,COMPLETED,27187.0,120.1,185.68,192.34
665,medium,13,11:16:22,11:17:01,11:23:53,COMPLETED,35589.0,6886.5,39.17,451.92
609,medium,13,11:18:27,11:19:02,11:24:13,COMPLETED,33477.0,5199.2,35.09,346.52
621,easy,12,11:21:45,11:23:53,11:24:13,COMPLETED,22994.0,335.8,128.92,148.52
519,easy,11,11:19:00,11:20:11,11:24:20,COMPLETED,31162.0,4152.7,71.69,320.18
384,hard,15,10:24:50,10:24:56,11:24:39,COMPLETED,30952.0,59730.4,6.25,3589.88
605,easy,11,11:23:05,11:24:26,11:24:39,COMPLETED,22156.0,224.9,81.94,94.88
655,easy,12,11:24:26,11:24:46,11:24:59,COMPLETED,32542.0,225.7,20.48,33.53
177,hard,15,09:09:47,09:09:50,11:25:12,COMPLETED,38410.0,135367.7,3.50,8125.53
593,easy,12,11:24:49,11:25:06,11:25:18,COMPLETED,31267.0,221.3,17.16,29.86
531,easy,11,11:24:00,11:24:46,11:25:38,COMPLETED,33444.0,874.0,46.48,98.44
618,easy,12,11:21:16,11:23:53,11:25:44,COMPLETED,31013.0,1860.7,157.92,268.99
644,easy,11,11:24:49,11:25:18,11:25:58,COMPLETED,28352.0,664.5,29.86,69.25
511,medium,14,11:16:18,11:16:22,11:26:37,COMPLETED,27033.0,10244.3,4.67,619.01
513,easy,11,11:25:06,11:25:44,11:26:37,COMPLETED,32077.0,873.6,38.99,91.01
468,hard,15,10:08:50,10:08:53,11:26:43,COMPLETED,37322.0,77832.3,3.67,4673.45
320,hard,15,09:57:57,09:58:00,11:26:56,COMPLETED,40068.0,88923.1,3.93,5339.21
624,easy,11,11:26:39,11:26:43,11:27:02,COMPLETED,25450.0,331.2,4.45,23.77
639,easy,11,11:26:49,11:26:49,11:27:02,COMPLETED,30934.0,225.8,0.85,13.77
656,easy,11,11:26:04,11:26:43,11:27:15,COMPLETED,29186.0,546.3,39.45,71.74
668,easy,12,11:22:46,11:24:20,11:27:28,COMPLETED,26016.0,3148.0,94.18,282.76
664,hard,15,11:14:47,11:15:18,11:27:35,COMPLETED,24354.0,12283.5,31.61,768.22
638,medium,13,11:27:01,11:27:02,11:27:48,COMPLETED,22665.0,762.9,1.77,47.23
512,medium,13,11:13:56,11:14:53,11:28:07,COMPLETED,30730.0,13242.2,57.19,851.51
437,medium,14,10:47:12,10:47:13,11:28:13,COMPLETED,31765.0,41003.6,1.79,2461.84
601,easy,12,11:29:11,11:29:11,11:29:36,COMPLETED,29835.0,435.8,0.07,25.73
575,easy,11,11:29:53,11:29:55,11:30:02,COMPLETED,29273.0,112.3,2.84,9.28
573,easy,11,11:29:56,11:30:02,11:30:15,COMPLETED,24365.0,217.6,6.28,19.05
544,easy,12,11:29:58,11:30:02,11:30:15,COMPLETED,31067.0,217.3,4.28,17.05
636,easy,11,11:30:07,11:30:08,11:30:27,COMPLETED,30601.0,321.0,1.70,20.67
671,medium,14,11:12:06,11:12:27,11:30:40,COMPLETED,37333.0,18221.1,21.28,1114.33
540,easy,12,11:29:51,11:29:55,11:31:24,COMPLETED,25117.0,1481.9,4.84,93.53
597,easy,11,11:32:03,11:32:08,11:32:21,COMPLETED,29891.0,216.0,5.83,18.48
560,easy,12,11:31:39,11:31:43,11:32:46,COMPLETED,23503.0,1059.6,4.42,67.72
537,medium,14,11:08:22,11:08:26,11:32:53,COMPLETED,34995.0,24450.9,4.23,1471.04
651,medium,14,11:00:30,11:00:33,11:32:59,COMPLETED,33255.0,32439.3,3.17,1949.40
647,easy,11,11:32:55,11:32:59,11:33:05,COMPLETED,21616.0,111.1,4.40,10.78
534,hard,15,11:15:05,11:15:31,11:33:24,COMPLETED,30096.0,17893.0,26.35,1099.73
616,medium,13,11:32:00,11:32:02,11:33:37,COMPLETED,28206.0,1586.4,2.48,97.33
522,easy,12,11:30:28,11:30:33,11:33:49,COMPLETED,26739.0,3271.3,5.98,201.99
603,easy,12,11:32:49,11:32:53,11:34:15,COMPLETED,34251.0,1376.4,4.04,86.35
549,easy,12,11:35:17,11:35:19,11:35:32,COMPLETED,30031.0,225.3,2.17,15.21
570,easy,12,11:35:55,11:35:58,11:36:11,COMPLETED,23090.0,228.4,3.05,16.16
462,hard,15,10:03:37,10:03:39,11:36:17,COMPLETED,41237.0,92649.4,2.08,5560.81
608,easy,12,11:36:08,11:36:11,11:36:44,COMPLETED,29578.0,553.0,3.16,36.00
611,easy,11,11:36:15,11:36:17,11:36:50,COMPLETED,22606.0,551.0,2.81,35.38
383,hard,15,10:28:10,10:28:12,11:36:56,COMPLETED,30834.0,68742.6,2.56,4126.93
637,medium,13,11:30:37,11:30:40,11:38:27,COMPLETED,27741.0,7795.7,3.33,470.66
538,medium,13,11:31:44,11:31:49,11:38:27,COMPLETED,30350.0,6639.2,5.76,403.66
640,medium,14,11:09:35,11:10:33,11:38:34,COMPLETED,35181.0,28025.3,58.22,1739.24
520,easy,11,11:38:24,11:38:34,11:38:47,COMPLETED,28351.0,228.4,10.24,23.47
554,easy,12,11:37:29,11:37:29,11:39:19,COMPLETED,28801.0,1847.0,0.37,110.87
619,easy,11,11:39:16,11:39:26,11:39:52,COMPLETED,27845.0,436.5,10.24,36.12
595,easy,12,11:37:10,11:37:16,11:40:04,COMPLETED,38172.0,2810.9,6.46,174.84
628,medium,14,11:38:30,11:38:34,11:40:24,COMPLETED,34728.0,1838.5,4.24,114.19
612,easy,11,11:39:28,11:40:11,11:40:43,COMPLETED,25431.0,547.3,43.18,75.61
539,medium,13,11:38:18,11:38:21,11:41:40,COMPLETED,29736.0,3328.7,3.30,202.74
614,easy,12,11:39:59,11:40:50,11:41:40,COMPLETED,28508.0,849.9,51.07,101.74
602,medium,14,11:10:09,11:10:58,11:41:47,COMPLETED,36655.0,30811.0,49.68,1898.08
374,hard,15,10:42:24,10:42:30,11:42:06,COMPLETED,31148.0,59604.1,6.02,3582.16
529,medium,14,11:08:18,11:08:19,11:42:18,COMPLETED,37341.0,33987.6,1.87,2040.92
315,hard,15,09:59:04,09:59:09,11:43:09,COMPLETED,33081.0,104003.9,5.49,6245.66
617,medium,14,11:35:23,11:35:25,11:43:22,COMPLETED,34596.0,7950.3,2.61,479.34
667,hard,15,11:08:12,11:08:13,11:44:31,COMPLETED,26857.0,36308.8,1.53,2179.90
607,easy,12,11:41:12,11:41:53,11:44:57,COMPLETED,26787.0,3066.8,41.49,225.21
25,hard,15,08:53:38,08:53:40,11:45:09,COMPLETED,29438.0,171491.7,2.44,10291.91
572,easy,12,11:42:47,11:45:03,11:45:22,COMPLETED,30106.0,324.4,136.54,155.65
558,easy,12,11:43:08,11:45:16,11:45:35,COMPLETED,21870.0,324.0,128.25,147.39
542,hard,15,11:01:56,11:01:56,11:45:41,COMPLETED,28319.0,43749.2,0.98,2625.73
566,easy,11,11:45:19,11:45:48,11:45:54,COMPLETED,21647.0,118.7,29.12,35.72
660,easy,12,11:45:15,11:45:41,11:46:01,COMPLETED,30073.0,336.1,26.73,46.28
548,easy,11,11:46:02,11:46:07,11:46:14,COMPLETED,24415.0,115.4,5.94,12.57
594,medium,14,11:15:36,11:15:37,11:46:33,COMPLETED,31385.0,30941.2,1.73,1857.93
599,hard,15,11:22:45,11:24:20,11:46:53,COMPLETED,31631.0,22558.6,95.18,1448.44
341,medium,14,10:46:04,10:46:04,11:47:38,COMPLETED,33827.0,61571.8,0.67,3694.78
591,hard,15,11:33:36,11:33:37,11:48:43,COMPLETED,32816.0,15107.4,1.33,907.43
645,easy,12,11:47:20,11:48:49,11:49:09,COMPLETED,30234.0,333.1,89.99,109.46
576,medium,14,11:35:11,11:35:12,11:50:33,COMPLETED,30567.0,15356.8,1.57,922.62
191,hard,15,09:29:00,09:29:01,11:50:40,COMPLETED,30935.0,141650.7,1.29,8500.17
620,medium,14,11:41:45,11:43:28,11:50:40,COMPLETED,24564.0,7200.7,103.72,535.17
530,medium,14,11:41:41,11:43:15,11:51:06,COMPLETED,30354.0,7848.0,94.99,565.61
550,easy,12,11:48:25,11:51:12,11:51:19,COMPLETED,26620.0,119.0,167.94,174.57
648,easy,12,11:47:49,11:50:40,11:51:26,COMPLETED,29150.0,775.3,171.17,217.12
653,easy,11,11:48:49,11:51:32,11:52:04,COMPLETED,39814.0,535.8,163.75,195.56
563,medium,14,11:47:56,11:50:46,11:52:29,COMPLETED,34887.0,1722.7,170.86,273.93
585,easy,12,11:50:02,11:52:36,11:53:01,COMPLETED,28180.0,426.6,154.27,179.56
674,hard,15,11:38:36,11:38:40,11:53:39,COMPLETED,31194.0,14979.4,4.97,903.52
547,hard,15,11:39:18,11:39:58,11:54:04,COMPLETED,30861.0,14109.7,40.48,886.84
553,hard,15,11:06:06,11:06:06,11:54:49,COMPLETED,27191.0,48705.8,0.90,2923.11
630,hard,15,11:20:05,11:20:43,11:55:33,COMPLETED,34798.0,34835.9,38.38,2128.39
574,easy,11,11:53:32,11:55:39,11:56:11,COMPLETED,34270.0,532.9,127.72,159.39
641,medium,13,11:51:31,11:53:45,11:56:24,COMPLETED,31022.0,2642.0,134.86,293.09
615,easy,11,11:54:17,11:56:30,11:56:43,COMPLETED,27608.0,217.0,133.41,146.12
517,easy,11,11:54:32,11:56:49,11:57:02,COMPLETED,24098.0,224.0,137.45,150.38
569,easy,11,11:54:45,11:57:08,11:57:28,COMPLETED,29404.0,332.1,143.94,163.55
481,hard,15,10:47:56,10:47:57,11:58:07,COMPLETED,35428.0,70162.2,1.83,4211.45
518,easy,12,11:55:23,11:57:34,11:58:07,COMPLETED,28573.0,547.8,131.89,164.45
546,medium,14,11:41:30,11:42:12,11:58:32,COMPLETED,32947.0,16347.9,42.49,1022.99
626,easy,12,11:55:39,11:58:13,11:58:59,COMPLETED,35070.0,765.1,154.78,200.20
467,medium,14,10:53:48,10:53:53,11:59:05,COMPLETED,30687.0,65206.4,5.51,3917.74
678,medium,14,11:46:59,11:46:59,12:01:27,COMPLETED,28876.0,14472.3,0.84,868.94
491,hard,15,10:04:11,10:04:16,12:02:19,COMPLETED,37349.0,118047.9,5.60,7088.37
625,medium,13,11:56:51,11:58:39,12:02:19,COMPLETED,29599.0,3672.6,108.51,328.37
526,medium,14,11:47:30,11:49:16,12:02:25,COMPLETED,27519.0,13175.0,106.02,895.93
673,easy,11,11:58:36,12:02:32,12:02:45,COMPLETED,29280.0,226.8,236.67,249.79
527,easy,12,11:58:30,12:02:25,12:02:52,COMPLETED,26895.0,443.8,235.93,262.32
571,medium,13,11:57:25,11:59:12,12:03:05,COMPLETED,28609.0,3886.5,107.15,340.05
525,medium,13,11:42:14,11:44:38,12:03:17,COMPLETED,40738.0,18662.4,144.23,1263.75
224,hard,15,09:41:56,09:42:00,12:03:30,COMPLETED,36021.0,141501.9,4.44,8494.50
714,easy,11,12:00:17,12:03:24,12:03:30,COMPLETED,27244.0,113.3,187.08,193.50
454,hard,15,10:13:41,10:13:42,12:03:43,COMPLETED,37250.0,110011.3,1.76,6602.37
490,medium,14,10:55:16,10:55:16,12:05:05,COMPLETED,35226.0,69825.0,0.21,4189.61
578,easy,12,11:58:01,12:02:25,12:05:05,COMPLETED,33312.0,2666.0,264.93,424.61
587,medium,14,11:45:08,11:45:29,12:05:30,COMPLETED,35824.0,20035.8,21.03,1222.95
95,hard,15,08:10:11,08:10:15,12:05:50,COMPLETED,42148.0,235573.5,4.59,14139.09
805,easy,12,12:02:12,12:03:36,12:05:56,COMPLETED,33848.0,2329.5,84.91,224.41
773,easy,11,12:04:35,12:05:56,12:06:02,COMPLETED,22810.0,111.9,81.41,87.79
790,easy,11,12:05:14,12:06:09,12:06:21,COMPLETED,23125.0,216.3,55.15,67.83
524,medium,14,11:48:46,11:51:26,12:06:59,COMPLETED,31452.0,15565.6,160.12,1093.85
590,medium,14,11:26:04,11:26:04,12:07:06,COMPLETED,35122.0,41026.1,0.80,2462.17
543,easy,12,11:58:45,12:02:52,12:07:18,COMPLETED,27737.0,4447.9,247.32,513.94
685,easy,11,12:07:05,12:07:12,12:07:18,COMPLETED,26741.0,111.3,7.58,13.94
726,easy,11,12:06:41,12:07:06,12:07:25,COMPLETED,28224.0,323.4,25.17,44.28
592,medium,13,11:56:07,11:58:13,12:07:37,COMPLETED,25292.0,9405.3,126.78,690.90
723,easy,12,12:09:15,12:09:20,12:09:33,COMPLETED,28404.0,223.8,5.24,18.17
766,medium,13,12:03:50,12:05:11,12:09:39,COMPLETED,31037.0,4467.8,81.95,349.72
541,hard,15,11:08:44,11:08:58,12:09:46,COMPLETED,29647.0,60802.6,14.16,3662.13
677,medium,14,11:57:36,12:01:34,12:09:52,COMPLETED,29498.0,8308.2,238.27,736.52
627,medium,14,11:53:59,11:56:17,12:11:10,COMPLETED,23052.0,14881.7,138.72,1031.22
565,hard,15,11:48:17,11:50:46,12:11:16,COMPLETED,35776.0,20500.7,149.86,1379.78
683,easy,11,12:11:03,12:11:03,12:11:16,COMPLETED,27137.0,225.0,0.58,13.78
809,medium,13,12:08:04,12:08:09,12:12:14,COMPLETED,31444.0,4095.0,5.53,250.80
596,medium,14,11:33:13,11:33:18,12:12:21,COMPLETED,28153.0,39053.2,5.38,2348.32
793,easy,12,12:12:07,12:12:08,12:12:27,COMPLETED,29455.0,333.5,1.18,20.87
659,medium,14,11:59:48,12:02:58,12:12:40,COMPLETED,32144.0,9707.6,190.70,772.77
815,easy,12,12:12:04,12:12:08,12:12:53,COMPLETED,24651.0,763.8,4.18,49.74
736,medium,13,12:09:19,12:09:20,12:13:19,COMPLETED,34437.0,3991.6,1.24,240.38
582,hard,15,11:24:52,11:25:25,12:13:32,COMPLETED,31643.0,48116.9,33.48,2920.20
733,easy,11,12:13:31,12:13:32,12:13:38,COMPLETED,27146.0,117.1,1.20,7.79
761,medium,13,12:14:06,12:14:10,12:15:33,COMPLETED,31738.0,1376.3,4.72,87.03
786,medium,14,12:00:54,12:03:36,12:16:04,COMPLETED,24818.0,12467.2,162.91,910.67
650,medium,14,11:48:56,11:52:10,12:16:30,COMPLETED,30901.0,24321.8,194.92,1654.04
823,easy,12,12:15:17,12:15:20,12:16:30,COMPLETED,31652.0,1166.3,3.33,73.04
686,easy,11,12:15:23,12:16:11,12:16:30,COMPLETED,23842.0,321.9,48.05,67.04
738,easy,11,12:16:44,12:16:49,12:17:08,COMPLETED,24352.0,322.5,5.07,24.12
696,medium,14,12:03:11,12:05:11,12:17:20,COMPLETED,29537.0,12150.5,120.95,849.75
545,hard,15,11:39:40,11:40:30,12:17:27,COMPLETED,32961.0,36942.7,50.72,2267.09
716,easy,12,12:15:57,12:16:36,12:17:27,COMPLETED,30215.0,850.6,39.38,90.09
841,easy,11,12:17:37,12:17:39,12:17:52,COMPLETED,29627.0,216.5,2.81,15.51
704,medium,14,12:13:08,12:13:12,12:18:24,COMPLETED,31342.0,5192.0,4.84,316.12
658,hard,15,11:52:00,11:54:11,12:18:49,COMPLETED,31093.0,24640.6,131.16,1609.33
707,easy,11,12:18:44,12:18:49,12:18:55,COMPLETED,23000.0,112.9,5.33,11.73
771,easy,11,12:19:59,12:19:59,12:20:24,COMPLETED,24830.0,428.1,0.32,25.70
505,hard,15,10:58:30,10:58:32,12:20:37,COMPLETED,28126.0,82088.3,2.14,4927.34
748,medium,13,12:19:22,12:19:27,12:20:37,COMPLETED,26200.0,1166.8,5.65,75.34
752,easy,12,12:21:13,12:21:15,12:22:05,COMPLETED,27212.0,849.2,2.24,52.84
740,medium,13,12:14:36,12:14:36,12:22:12,COMPLETED,33230.0,7607.6,0.02,456.22
834,easy,11,12:22:12,12:22:12,12:22:18,COMPLETED,26324.0,111.1,0.22,6.60
843,easy,11,12:22:41,12:22:43,12:23:03,COMPLETED,23114.0,325.5,2.96,22.15
727,medium,13,12:14:17,12:14:17,12:23:34,COMPLETED,33999.0,9299.8,0.13,557.89
687,easy,12,12:22:20,12:22:24,12:23:34,COMPLETED,28210.0,1171.3,4.91,74.89
709,medium,14,12:11:17,12:11:23,12:23:41,COMPLETED,31234.0,12306.8,6.11,744.22
720,easy,11,12:22:56,12:23:41,12:23:53,COMPLETED,27246.0,216.6,45.22,57.93
396,hard,15,10:32:18,10:32:20,12:24:00,COMPLETED,34306.0,111658.2,2.83,6702.25
779,medium,13,12:22:45,12:22:50,12:24:25,COMPLETED,32036.0,1589.8,5.36,100.47
826,medium,14,12:09:44,12:09:46,12:24:31,COMPLETED,32683.0,14764.7,2.13,887.79
849,easy,12,12:24:57,12:24:57,12:25:10,COMPLETED,25837.0,229.7,0.03,13.31
817,easy,12,12:19:11,12:19:14,12:25:16,COMPLETED,33967.0,6042.6,3.79,365.87
669,hard,15,11:06:54,11:06:57,12:25:23,COMPLETED,30342.0,78433.2,3.59,4709.41
796,medium,14,12:14:44,12:14:48,12:25:23,COMPLETED,25966.0,10586.0,4.68,639.41
691,easy,11,12:25:02,12:25:03,12:25:23,COMPLETED,24587.0,338.4,1.65,21.41
700,easy,12,12:24:37,12:24:38,12:25:42,COMPLETED,36389.0,1088.7,1.10,65.88
787,easy,11,12:25:41,12:25:42,12:25:49,COMPLETED,27683.0,117.6,1.88,8.49
152,hard,15,08:02:03,08:02:07,12:26:02,COMPLETED,34081.0,263919.1,4.55,15839.59
712,medium,14,12:18:55,12:18:55,12:27:00,COMPLETED,25921.0,8082.9,0.73,485.47
729,easy,12,12:26:01,12:26:02,12:27:19,COMPLETED,30059.0,1288.1,1.59,78.44
703,easy,12,12:25:50,12:25:55,12:27:38,COMPLETED,30381.0,1714.7,5.98,108.56
734,easy,12,12:26:42,12:26:47,12:27:44,COMPLETED,35210.0,960.7,5.53,62.91
804,easy,11,12:28:17,12:28:22,12:28:29,COMPLETED,22945.0,112.2,5.79,12.18
45,hard,15,08:32:33,08:32:34,12:28:48,COMPLETED,33873.0,236221.7,1.88,14175.16
695,easy,12,12:27:55,12:27:57,12:29:38,COMPLETED,31791.0,1687.9,2.49,103.49
831,easy,12,12:29:18,12:29:19,12:29:38,COMPLETED,25586.0,319.8,1.59,20.49
631,hard,15,11:33:53,11:33:56,12:30:03,COMPLETED,25898.0,56127.2,3.31,3370.78
847,easy,12,12:29:42,12:29:44,12:30:10,COMPLETED,23279.0,426.0,2.80,28.13
768,easy,11,12:30:01,12:30:03,12:30:10,COMPLETED,27715.0,110.5,2.78,9.13
600,medium,14,11:46:44,11:46:46,12:30:41,COMPLETED,33578.0,43916.3,2.78,2637.67
731,easy,11,12:30:54,12:30:54,12:31:00,COMPLETED,29129.0,110.7,0.30,6.63
759,easy,11,12:31:29,12:31:32,12:31:44,COMPLETED,26675.0,215.1,3.21,15.84
789,easy,11,12:32:17,12:32:22,12:32:35,COMPLETED,23397.0,229.1,5.55,18.88
792,easy,11,12:32:17,12:32:22,12:32:35,COMPLETED,27480.0,227.8,5.55,18.88
688,easy,11,12:32:21,12:32:22,12:32:35,COMPLETED,26661.0,227.0,1.55,14.88
833,medium,14,12:27:07,12:27:13,12:32:42,COMPLETED,30583.0,5495.2,6.07,335.36
828,medium,14,12:08:55,12:09:00,12:33:21,COMPLETED,33472.0,24344.3,5.88,1466.35
372,hard,15,10:31:58,10:32:01,12:34:39,COMPLETED,33321.0,122623.9,3.75,7361.13
794,medium,13,12:25:30,12:25:30,12:34:39,COMPLETED,29367.0,9156.1,0.01,549.13
824,easy,12,12:33:59,12:34:00,12:34:45,COMPLETED,27363.0,761.2,1.17,46.44
336,hard,15,09:28:07,09:28:11,12:34:58,COMPLETED,35258.0,186786.3,4.24,11211.36
812,medium,13,12:31:30,12:31:32,12:35:36,COMPLETED,28627.0,4085.7,2.21,246.97
763,easy,12,12:33:59,12:34:00,12:35:36,COMPLETED,29017.0,1621.4,1.17,97.97
751,easy,11,12:36:18,12:36:22,12:36:28,COMPLETED,28643.0,110.3,4.14,10.47
829,easy,11,12:36:00,12:36:02,12:36:53,COMPLETED,24615.0,861.5,2.77,53.98
681,medium,13,12:32:23,12:32:29,12:37:07,COMPLETED,35021.0,4640.1,6.29,284.06
753,medium,13,12:33:44,12:33:47,12:37:07,COMPLETED,31110.0,3343.8,3.13,203.06
722,easy,12,12:35:54,12:35:56,12:37:07,COMPLETED,28245.0,1192.8,2.24,73.06
719,medium,13,12:35:59,12:36:02,12:37:46,COMPLETED,31302.0,1727.8,3.77,107.01
715,easy,12,12:37:06,12:37:07,12:37:59,COMPLETED,32398.0,870.6,1.06,53.09
784,easy,11,12:37:56,12:37:59,12:38:24,COMPLETED,24100.0,429.9,3.09,28.55
800,easy,12,12:39:41,12:39:46,12:39:58,COMPLETED,24344.0,216.3,5.32,17.94
845,medium,13,12:38:02,12:38:05,12:40:11,COMPLETED,33942.0,2107.5,3.43,129.61
819,easy,11,12:40:13,12:40:17,12:40:43,COMPLETED,26571.0,429.5,4.91,30.39
797,easy,12,12:40:26,12:40:30,12:40:43,COMPLETED,25463.0,218.0,4.62,17.39
746,easy,11,12:40:28,12:40:30,12:40:49,COMPLETED,27962.0,324.4,2.62,21.72
810,easy,11,12:40:47,12:40:49,12:41:08,COMPLETED,36010.0,324.2,2.72,21.84
780,medium,14,12:36:52,12:36:53,12:41:15,COMPLETED,28312.0,4360.4,1.98,263.26
803,easy,11,12:41:03,12:41:08,12:41:15,COMPLETED,21253.0,113.6,5.84,12.26
749,medium,14,12:32:48,12:32:48,12:41:46,COMPLETED,29788.0,8972.4,0.84,538.94
802,easy,11,12:41:57,12:41:59,12:42:05,COMPLETED,25517.0,110.7,2.54,8.89
713,easy,11,12:42:33,12:42:37,12:42:50,COMPLETED,31092.0,216.3,4.49,17.17
816,easy,11,12:43:38,12:43:41,12:44:07,COMPLETED,29580.0,439.6,3.38,29.28
799,medium,14,12:41:11,12:41:15,12:46:42,COMPLETED,31086.0,5454.4,4.26,331.04
772,medium,14,12:22:52,12:23:09,12:47:08,COMPLETED,28811.0,23981.8,17.53,1456.05
692,medium,14,12:25:14,12:25:16,12:47:08,COMPLETED,30593.0,21860.2,2.87,1314.05
837,medium,13,12:44:37,12:44:39,12:47:47,COMPLETED,27815.0,3135.4,2.48,190.24
827,easy,12,12:44:57,12:47:14,12:47:53,COMPLETED,22796.0,655.5,137.65,176.65
744,easy,11,12:44:42,12:46:48,12:48:32,COMPLETED,28308.0,1738.0,126.61,230.42
433,hard,15,10:47:32,10:47:32,12:48:38,COMPLETED,36410.0,121106.9,0.63,7266.96
684,easy,11,12:46:26,12:48:45,12:49:04,COMPLETED,35353.0,335.6,139.39,158.99
777,medium,13,12:46:05,12:48:00,12:50:46,COMPLETED,30835.0,2786.9,115.01,281.92
583,hard,15,11:25:24,11:25:51,12:51:24,COMPLETED,33631.0,85557.0,27.66,5161.00
839,hard,15,12:33:37,12:33:40,12:51:37,COMPLETED,30945.0,17956.0,3.57,1080.69
728,medium,13,12:45:44,12:47:14,12:51:37,COMPLETED,26884.0,4388.1,90.65,353.69
756,easy,11,12:47:25,12:51:44,12:51:56,COMPLETED,32732.0,218.6,259.08,271.89
461,hard,15,10:02:49,10:02:55,12:52:47,COMPLETED,27821.0,169873.8,6.21,10198.61
724,medium,13,12:47:45,12:52:53,12:53:31,COMPLETED,26709.0,637.0,308.94,346.86
568,medium,13,11:57:20,11:59:05,12:54:16,COMPLETED,36164.0,55175.5,105.74,3416.11
775,easy,12,12:48:03,12:54:22,12:54:35,COMPLETED,33479.0,221.7,379.45,392.23
801,medium,13,12:46:52,12:50:53,12:55:20,COMPLETED,31391.0,4465.2,241.27,508.74
732,easy,12,12:48:40,12:55:27,12:55:40,COMPLETED,23872.0,223.3,407.26,420.33
776,easy,12,12:48:56,12:55:46,12:56:18,COMPLETED,31307.0,543.1,410.68,442.76
822,medium,13,12:47:26,12:52:03,12:57:30,COMPLETED,35846.0,5455.5,277.28,604.11
836,easy,12,12:49:21,12:57:36,12:57:55,COMPLETED,27153.0,326.3,495.67,514.70
844,hard,15,12:41:07,12:41:08,12:58:21,COMPLETED,32815.0,17220.8,1.84,1034.74
717,medium,13,12:48:08,12:54:41,12:58:21,COMPLETED,33907.0,3674.4,393.80,613.74
721,easy,11,12:50:02,12:58:28,12:58:35,COMPLETED,23330.0,119.1,506.32,513.04
848,medium,14,12:46:23,12:48:38,12:58:54,COMPLETED,27359.0,10270.6,135.96,751.76
835,easy,12,12:50:43,12:59:01,12:59:33,COMPLETED,21392.0,546.8,498.30,530.57
610,hard,15,11:40:15,11:41:47,12:59:40,COMPLETED,31359.0,77889.3,92.08,4765.15
598,hard,15,11:34:06,11:34:08,13:00:06,COMPLETED,32415.0,85958.2,2.96,5160.33
747,medium,14,12:30:23,12:30:28,13:00:06,COMPLETED,27771.0,29627.3,5.99,1783.33
757,medium,13,12:49:14,12:56:25,13:00:19,COMPLETED,34533.0,3910.3,431.31,665.49
755,easy,11,12:52:12,13:00:12,13:00:32,COMPLETED,25475.0,334.8,480.77,500.38
770,easy,12,12:52:22,13:00:12,13:00:51,COMPLETED,31724.0,651.8,470.77,509.65
842,easy,11,12:53:33,13:00:38,13:00:51,COMPLETED,24327.0,217.5,425.92,438.65
718,easy,12,12:53:44,13:00:57,13:01:42,COMPLETED,30394.0,744.3,434.00,478.40
711,easy,12,12:53:11,13:00:26,13:01:48,COMPLETED,26855.0,1383.9,435.03,517.72
813,medium,13,12:42:26,12:42:31,13:02:58,COMPLETED,33127.0,20457.7,5.10,1232.32
725,medium,13,12:53:44,13:00:57,13:02:58,COMPLETED,32304.0,2010.6,434.00,554.32
821,easy,11,12:54:25,13:03:04,13:03:23,COMPLETED,23511.0,322.5,519.67,538.70
705,easy,12,12:54:26,13:03:04,13:04:20,COMPLETED,23760.0,1269.6,518.67,594.58
745,medium,14,12:50:33,12:58:41,13:04:45,COMPLETED,28506.0,6077.1,488.61,852.96
741,easy,12,12:54:34,13:03:30,13:04:52,COMPLETED,27938.0,1376.5,536.05,618.29
762,hard,15,12:40:21,12:40:24,13:04:58,COMPLETED,30603.0,24578.4,3.24,1477.68
830,medium,13,12:51:09,12:59:40,13:05:24,COMPLETED,30038.0,5736.2,511.15,855.05
818,medium,14,12:39:38,12:39:39,13:05:49,COMPLETED,31494.0,26166.3,1.97,1571.58
584,hard,15,11:20:34,11:22:37,13:06:02,COMPLETED,34988.0,103427.4,123.21,6328.77
838,easy,12,12:55:41,13:05:30,13:06:02,COMPLETED,28128.0,544.9,589.39,621.77
808,easy,11,12:56:16,13:06:09,13:06:15,COMPLETED,30135.0,114.5,593.11,599.50
690,easy,11,12:56:13,13:06:09,13:06:35,COMPLETED,27061.0,441.8,596.11,622.20
689,medium,14,12:47:55,12:53:38,13:07:01,COMPLETED,32476.0,13388.2,343.19,1146.10
555,hard,15,11:50:51,11:53:07,13:07:13,COMPLETED,27645.0,74104.3,136.89,4582.94
754,easy,11,12:57:11,13:07:07,13:07:33,COMPLETED,29696.0,442.0,596.58,622.60
739,medium,14,12:15:20,12:15:39,13:07:52,COMPLETED,27948.0,52228.6,19.37,3152.81
708,medium,13,12:55:04,13:04:52,13:08:25,COMPLETED,32200.0,3558.1,588.29,801.52
710,easy,11,12:58:26,13:08:31,13:08:44,COMPLETED,24136.0,224.0,605.85,618.99
682,medium,13,12:55:30,13:04:58,13:08:51,COMPLETED,25176.0,3886.8,568.68,801.32
778,easy,12,12:57:40,13:07:40,13:08:51,COMPLETED,25007.0,1196.9,600.15,671.32
743,medium,14,12:37:03,12:37:07,13:09:24,COMPLETED,27724.0,32286.8,4.06,1941.08
730,hard,15,12:29:42,12:29:44,13:10:48,COMPLETED,29106.0,41061.2,2.80,2466.15
947,easy,11,13:00:42,13:10:54,13:11:07,COMPLETED,28458.0,222.2,612.72,625.54
886,easy,12,13:00:44,13:11:14,13:11:27,COMPLETED,27133.0,226.8,630.10,643.20
795,medium,14,12:53:49,13:01:55,13:11:53,COMPLETED,25009.0,9974.6,486.09,1084.24
832,easy,12,12:59:52,13:08:58,13:11:59,COMPLETED,30946.0,3031.9,546.01,727.68
923,easy,12,13:01:12,13:11:33,13:11:59,COMPLETED,30144.0,438.3,621.75,647.68
515,hard,15,11:21:48,11:24:00,13:12:06,COMPLETED,29689.0,108096.6,132.43,6618.08
944,easy,11,13:03:00,13:12:06,13:12:18,COMPLETED,29538.0,218.8,546.08,558.88
916,easy,12,13:01:30,13:11:59,13:12:25,COMPLETED,23209.0,433.0,629.68,655.28
887,easy,11,13:03:23,13:12:25,13:12:38,COMPLETED,31365.0,218.4,542.28,555.08
920,easy,12,13:03:48,13:12:44,13:14:19,COMPLETED,30020.0,1585.6,536.41,631.18
791,medium,13,12:59:50,13:08:58,13:14:38,COMPLETED,34348.0,5675.0,548.01,888.24
676,hard,15,11:40:59,11:41:47,13:14:50,COMPLETED,30915.0,93065.3,48.08,5631.93
932,easy,12,13:04:04,13:14:25,13:14:50,COMPLETED,30272.0,429.2,621.57,646.93
963,medium,13,13:04:20,13:14:44,13:15:10,COMPLETED,32553.0,429.7,624.57,650.06
750,medium,14,12:53:46,13:01:48,13:15:22,COMPLETED,31412.0,13571.2,482.72,1296.75
930,medium,13,13:03:01,13:12:12,13:15:22,COMPLETED,27015.0,3176.3,551.48,741.75
855,easy,11,13:04:42,13:14:57,13:15:22,COMPLETED,22020.0,428.1,615.35,640.75
979,easy,11,13:05:45,13:15:29,13:15:48,COMPLETED,26143.0,321.6,584.10,603.16
769,medium,13,12:56:18,13:06:22,13:15:54,COMPLETED,39154.0,9545.1,604.06,1176.49
856,easy,11,13:05:14,13:15:29,13:15:54,COMPLETED,32489.0,428.9,615.10,640.49
1015,medium,13,13:05:12,13:15:16,13:16:07,COMPLETED,30438.0,852.5,604.38,655.25
936,easy,11,13:06:50,13:16:00,13:16:07,COMPLETED,30379.0,111.1,550.86,557.25
876,easy,11,13:06:37,13:15:54,13:16:13,COMPLETED,23605.0,324.3,557.49,576.59
680,medium,14,12:46:31,12:49:11,13:16:51,COMPLETED,27421.0,27672.7,160.57,1820.59
699,medium,14,12:23:21,12:23:41,13:17:04,COMPLETED,26091.0,53395.9,20.22,3223.73
959,easy,12,13:07:21,13:16:19,13:17:24,COMPLETED,34444.0,1079.7,538.99,603.29
931,medium,13,13:05:21,13:15:29,13:17:37,COMPLETED,22396.0,2139.4,608.10,736.23
885,medium,13,13:07:08,13:16:13,13:17:37,COMPLETED,30512.0,1398.9,545.59,629.23
882,easy,11,13:08:04,13:17:43,13:17:50,COMPLETED,21756.0,117.0,579.56,586.10
969,medium,13,13:06:42,13:16:00,13:18:35,COMPLETED,28577.0,2583.9,558.86,713.42
706,medium,14,12:47:13,12:51:31,13:18:48,COMPLETED,36818.0,27294.1,258.32,1895.63
906,medium,13,13:08:06,13:17:43,13:18:55,COMPLETED,23856.0,1198.9,577.56,649.17
865,medium,13,13:07:17,13:16:13,13:19:40,COMPLETED,27263.0,3454.0,536.59,743.39
1019,medium,13,13:09:12,13:18:55,13:21:30,COMPLETED,32308.0,2591.5,583.17,738.37
925,medium,13,13:01:52,13:12:06,13:21:55,COMPLETED,28224.0,9831.5,614.08,1203.71
981,easy,11,13:10:11,13:22:02,13:22:08,COMPLETED,24553.0,111.4,711.04,717.42
781,medium,14,12:55:36,13:05:05,13:22:14,COMPLETED,31872.0,17166.3,569.05,1598.75
962,easy,12,13:09:48,13:21:36,13:22:14,COMPLETED,34192.0,640.4,708.69,746.75
948,easy,12,13:10:31,13:22:14,13:23:05,COMPLETED,27433.0,852.3,703.75,754.57
825,hard,15,12:22:43,12:22:43,13:23:24,COMPLETED,30016.0,60681.4,0.96,3641.68
774,hard,15,12:03:03,12:03:49,13:24:21,COMPLETED,29374.0,80536.3,46.74,4878.78
896,easy,11,13:11:55,13:23:31,13:24:21,COMPLETED,29349.566898091292,851.3,696.07,746.78
921,easy,11,13:13:09,13:24:28,13:24:40,COMPLETED,27278.0,216.5,679.17,691.92
939,medium,14,13:09:31,13:19:01,13:24:47,COMPLETED,27270.0,5767.1,570.61,916.25
1017,easy,12,13:13:31,13:24:47,13:25:00,COMPLETED,28969.0,218.7,676.25,689.07
909,easy,12,13:13:59,13:24:53,13:25:25,COMPLETED,27624.0,533.1,654.70,686.39
523,hard,15,11:46:42,11:46:46,13:26:28,COMPLETED,31427.0,99699.1,4.78,5986.62
967,medium,13,13:11:14,13:23:11,13:29:13,COMPLETED,35627.0,6025.9,717.92,1079.19
840,medium,14,12:51:36,12:59:46,13:29:44,COMPLETED,28181.0,29970.3,490.83,2288.81
421,hard,15,10:17:40,10:17:43,13:31:00,COMPLETED,30534.0,193279.6,3.98,11600.72
966,medium,14,13:08:14,13:17:56,13:31:13,COMPLETED,32147.0,13284.7,582.62,1379.46
811,hard,15,12:15:15,12:15:20,13:31:26,COMPLETED,29862.0,76099.1,5.33,4571.14
1018,easy,12,13:16:54,13:31:19,13:33:07,COMPLETED,29479.0,1798.4,865.79,973.40
702,hard,15,12:44:39,12:44:39,13:33:13,COMPLETED,34199.0,48572.7,0.48,2914.73
949,medium,13,13:16:15,13:29:51,13:33:39,COMPLETED,29005.0,3810.1,816.21,1044.35
995,medium,13,13:16:58,13:31:32,13:33:58,COMPLETED,30238.0,2447.9,874.47,1020.97
904,medium,13,13:16:35,13:31:07,13:34:50,COMPLETED,28211.0,3731.3,872.05,1095.46
858,medium,14,13:09:35,13:19:46,13:35:09,COMPLETED,35767.0,15388.7,611.97,1534.89
864,medium,13,13:17:37,13:33:45,13:35:09,COMPLETED,34641.0,1408.5,968.89,1052.89
935,easy,12,13:19:15,13:35:16,13:36:45,COMPLETED,26100.0,1497.3,961.46,1051.00
926,easy,12,13:20:57,13:36:52,13:37:30,COMPLETED,25878.0,637.7,955.33,993.29
701,medium,14,12:57:24,13:07:20,13:37:42,COMPLETED,31242.0,30378.0,596.49,2418.97
758,hard,15,12:19:15,12:19:21,13:38:27,COMPLETED,33010.0,79103.0,6.22,4752.24
880,easy,12,13:21:08,13:37:49,13:38:33,COMPLETED,26583.0,744.1,1001.30,1045.59
945,medium,13,13:21:15,13:38:33,13:39:05,COMPLETED,23190.0,533.9,1038.59,1070.33
878,easy,11,13:22:54,13:39:11,13:39:37,COMPLETED,27037.0,430.1,977.66,1003.11
905,easy,12,13:23:05,13:39:43,13:41:05,COMPLETED,22312.0,1381.5,998.49,1080.88
870,medium,13,13:21:02,13:37:36,13:41:12,COMPLETED,27147.0,3607.0,994.62,1210.42
996,easy,11,13:23:11,13:41:12,13:41:31,COMPLETED,29465.0,334.0,1081.42,1100.96
666,medium,14,11:20:34,11:22:18,13:42:10,COMPLETED,37501.0,139879.1,104.21,8496.84
913,easy,11,13:25:44,13:41:38,13:42:24,COMPLETED,30177.0,764.0,954.51,1000.05
985,easy,12,13:25:50,13:42:17,13:42:24,COMPLETED,26010.0,116.1,987.40,994.05
890,medium,14,13:10:58,13:22:21,13:42:30,COMPLETED,31880.0,20159.4,683.14,1892.39
503,hard,15,10:28:15,10:28:18,13:44:01,COMPLETED,40270.0,195705.9,3.87,11746.15
814,medium,14,12:55:02,13:04:26,13:44:14,COMPLETED,33066.0,39789.7,564.92,2952.01
889,easy,12,13:28:16,13:44:20,13:44:46,COMPLETED,24576.0,443.7,964.55,990.68
946,easy,11,13:28:34,13:44:53,13:45:06,COMPLETED,22642.0,227.5,979.23,992.37
917,easy,12,13:26:58,13:42:36,13:45:58,COMPLETED,35484.0,3361.5,938.80,1140.02
968,medium,13,13:23:38,13:41:19,13:47:28,COMPLETED,34481.0,6160.1,1061.09,1430.41
907,easy,12,13:29:31,13:47:34,13:48:50,COMPLETED,31306.0,1270.8,1083.75,1159.69
1014,hard,15,13:12:14,13:24:28,13:49:03,COMPLETED,29859.0,24590.7,734.17,2209.38
956,easy,11,13:29:37,13:48:57,13:49:03,COMPLETED,32620.0,111.4,1160.02,1166.38
857,medium,14,13:00:19,13:09:30,13:49:22,COMPLETED,32637.0,39870.6,551.41,2943.46
1010,hard,15,13:15:17,13:26:34,13:49:28,COMPLETED,29903.0,22901.7,677.97,2051.79
698,medium,14,12:49:43,12:58:02,13:49:35,COMPLETED,23189.0,51551.3,499.30,3592.17
859,easy,12,13:31:28,13:49:09,13:49:47,COMPLETED,30446.0,640.6,1061.72,1099.91
971,easy,11,13:33:39,13:49:41,13:49:54,COMPLETED,28887.0,217.2,962.55,975.24
1001,easy,12,13:33:32,13:49:35,13:50:19,COMPLETED,26736.0,745.6,963.17,1007.59
983,easy,12,13:30:36,13:49:09,13:50:25,COMPLETED,28164.0,1275.9,1113.72,1189.94
943,easy,12,13:34:43,13:50:32,13:51:16,COMPLETED,14549.0,743.0,949.32,993.59
891,easy,12,13:33:58,13:50:00,13:51:29,COMPLETED,28523.0,1483.0,962.61,1051.29
901,hard,15,13:15:05,13:25:31,13:51:35,COMPLETED,30323.0,26069.6,626.72,2190.62
806,hard,15,12:00:12,12:03:11,13:53:24,COMPLETED,32958.0,110217.6,179.39,6792.28
884,medium,14,13:07:24,13:16:58,13:53:30,COMPLETED,35712.0,36549.6,574.13,2766.88
580,medium,14,11:28:47,11:28:51,13:54:28,COMPLETED,26845.0,145619.9,4.57,8741.67
998,medium,14,13:35:01,13:51:41,13:54:41,COMPLETED,29402.0,3005.5,1000.99,1180.84
1002,easy,11,13:35:40,13:54:48,13:55:20,COMPLETED,32835.0,544.8,1148.39,1180.58
952,medium,14,13:08:03,13:17:30,13:55:33,COMPLETED,30547.0,38053.3,567.83,2850.71
642,hard,15,11:52:09,11:54:55,13:56:19,COMPLETED,27571.0,121397.6,166.44,7450.19
854,medium,13,13:34:11,13:50:25,13:56:44,COMPLETED,27615.0,6321.4,974.94,1353.95
937,medium,14,13:18:23,13:34:05,13:57:56,COMPLETED,29375.0,23850.6,942.39,2373.07
895,easy,12,13:35:51,13:56:25,13:58:02,COMPLETED,26802.0,1626.1,1234.56,1331.54
853,easy,12,13:36:24,13:58:09,13:58:22,COMPLETED,22050.0,220.6,1305.18,1318.08
737,medium,14,12:58:21,13:07:59,13:58:41,COMPLETED,29693.0,50699.1,578.35,3620.13
933,easy,11,13:36:46,13:58:28,13:58:41,COMPLETED,27434.0,216.9,1302.45,1315.13
965,easy,12,13:37:07,13:58:47,13:59:06,COMPLETED,32668.0,322.1,1300.49,1319.52
861,easy,12,13:36:08,13:58:02,13:59:25,COMPLETED,21829.0,1388.4,1314.54,1397.53
974,easy,11,13:37:26,13:59:12,13:59:25,COMPLETED,30977.0,217.0,1306.85,1319.53
862,easy,12,13:37:23,13:58:47,13:59:31,COMPLETED,29401.0,745.3,1284.49,1328.89
934,easy,11,13:37:33,13:59:31,13:59:51,COMPLETED,23572.0,324.5,1318.89,1338.01
788,hard,15,12:04:51,12:06:02,14:00:48,COMPLETED,31810.0,114756.3,71.79,6957.07
869,easy,12,13:38:17,13:59:57,14:01:57,COMPLETED,27948.0,2008.0,1300.41,1420.57
820,medium,14,12:58:34,13:08:51,14:02:41,COMPLETED,37407.0,53844.9,617.32,3847.85
964,easy,11,13:39:13,14:02:48,14:03:00,COMPLETED,25935.0,216.3,1415.18,1427.85
850,medium,13,13:39:49,14:03:07,14:04:05,COMPLETED,22866.0,975.1,1398.18,1456.18
898,medium,13,13:37:42,13:59:31,14:04:11,COMPLETED,35676.0,4672.6,1309.89,1589.73
1008,easy,12,13:39:58,14:04:11,14:04:31,COMPLETED,24697.0,328.3,1453.73,1473.07
894,easy,12,13:40:06,14:04:18,14:04:43,COMPLETED,27140.0,430.6,1452.35,1477.89
928,easy,11,13:41:46,14:04:37,14:04:50,COMPLETED,27252.0,222.4,1371.46,1384.22
915,medium,14,13:33:45,13:49:54,14:07:57,COMPLETED,34138.0,18060.2,969.24,2052.44
521,hard,15,11:47:19,11:47:45,14:09:21,COMPLETED,27977.0,141604.3,26.33,8522.43
990,medium,14,13:38:58,14:02:03,14:09:21,COMPLETED,28581.0,7300.5,1385.92,1823.43
950,medium,13,13:29:17,13:46:04,14:09:28,COMPLETED,34653.0,23396.4,1007.55,2411.01
958,medium,13,13:44:25,14:09:28,14:09:53,COMPLETED,30110.0,430.0,1503.01,1528.56
941,easy,12,13:45:10,14:09:59,14:10:56,COMPLETED,27172.0,953.2,1489.88,1546.77
986,easy,12,13:44:49,14:09:34,14:11:09,COMPLETED,26647.0,1588.3,1485.46,1580.46
900,medium,13,13:45:34,14:11:03,14:11:22,COMPLETED,24064.0,322.3,1529.10,1548.14
976,easy,12,13:45:58,14:11:15,14:11:41,COMPLETED,29367.0,427.7,1517.78,1543.14
877,easy,11,13:46:25,14:11:28,14:11:41,COMPLETED,29190.0,216.6,1503.47,1516.14
1000,medium,13,13:47:07,14:11:47,14:12:12,COMPLETED,26669.0,426.3,1480.48,1505.80
994,medium,13,13:44:20,14:09:28,14:13:16,COMPLETED,26251.0,3810.2,1508.01,1736.27
1012,easy,11,13:47:11,14:13:22,14:13:35,COMPLETED,29022.0,218.1,1571.66,1584.40
846,medium,14,12:46:04,12:47:53,14:13:48,COMPLETED,36290.0,85911.2,109.65,5264.17
693,hard,15,12:04:08,12:05:37,14:14:52,COMPLETED,30138.0,129251.4,89.33,7844.33
927,medium,13,13:47:32,14:13:41,14:15:11,COMPLETED,30445.0,1508.7,1569.78,1659.82
888,medium,14,13:43:33,14:08:03,14:15:44,COMPLETED,30777.0,7679.7,1470.99,1931.31
912,easy,11,13:48:09,14:15:50,14:16:03,COMPLETED,28000.0,222.9,1661.85,1674.71
897,easy,11,13:48:11,14:16:10,14:16:23,COMPLETED,27424.0,226.8,1679.26,1692.36
867,medium,14,13:47:59,14:15:18,14:17:54,COMPLETED,34573.0,2602.5,1639.36,1795.00
955,medium,14,13:19:39,13:35:16,14:18:46,COMPLETED,31556.0,43497.4,937.46,3547.18
863,easy,11,13:49:42,14:18:52,14:19:05,COMPLETED,27819.0,223.5,1750.57,1763.67
991,hard,15,13:35:51,13:55:40,14:19:12,COMPLETED,34726.0,23537.9,1189.27,2601.00
852,hard,15,13:48:32,14:16:29,14:19:25,COMPLETED,28965.0,2931.9,1677.91,1853.32
798,hard,15,12:49:44,12:58:28,14:19:44,COMPLETED,36111.0,81279.1,524.32,5400.84
1009,medium,14,13:38:54,14:00:54,14:20:04,COMPLETED,26976.0,19173.3,1320.40,2470.39
954,medium,13,13:47:54,14:14:58,14:20:30,COMPLETED,32024.0,5530.0,1624.66,1956.18
910,easy,12,13:47:07,14:12:19,14:20:36,COMPLETED,36423.0,8295.3,1512.12,2009.52
989,easy,12,13:50:09,14:19:18,14:20:55,COMPLETED,25792.0,1620.6,1749.67,1846.63
977,easy,12,13:51:26,14:20:10,14:20:55,COMPLETED,32827.0,750.1,1724.93,1769.63
978,easy,12,13:53:36,14:21:01,14:21:21,COMPLETED,23344.0,324.5,1645.97,1665.12
940,easy,11,13:53:39,14:21:27,14:21:33,COMPLETED,23604.0,111.1,1668.50,1674.86
957,medium,14,13:34:44,13:51:22,14:21:46,COMPLETED,29974.0,30398.5,998.92,2822.61
1016,hard,15,13:46:52,14:11:47,14:22:05,COMPLETED,28034.0,10309.5,1495.48,2113.75
649,hard,15,11:38:37,11:38:54,14:24:18,COMPLETED,33381.0,165413.0,17.01,9941.71
975,easy,12,13:55:19,14:24:25,14:27:11,COMPLETED,35679.0,2771.8,1746.05,1912.05
997,medium,13,13:54:50,14:21:40,14:27:23,COMPLETED,25872.0,5730.7,1610.19,1953.74
1003,easy,11,13:57:06,14:27:17,14:27:49,COMPLETED,36942.0,533.3,1811.38,1843.07
1011,medium,13,13:53:11,14:21:01,14:28:01,COMPLETED,33408.0,7001.4,1670.97,2090.77
903,easy,12,13:57:11,14:27:30,14:28:33,COMPLETED,31578.0,1059.8,1819.07,1882.37
973,easy,11,13:57:40,14:28:08,14:28:33,COMPLETED,29570.0,426.5,1828.10,1853.37
785,hard,15,12:41:37,12:41:40,14:29:05,COMPLETED,28463.0,107410.8,3.60,6448.04
807,hard,15,12:17:44,12:17:46,14:29:18,COMPLETED,31846.0,131535.6,2.16,7894.20
942,easy,11,13:58:18,14:29:24,14:29:31,COMPLETED,23336.0,118.9,1866.53,1873.17
972,easy,12,13:57:17,14:27:55,14:29:37,COMPLETED,28788.0,1714.8,1838.41,1940.71
993,medium,13,13:58:08,14:29:11,14:30:23,COMPLETED,24946.0,1197.6,1863.60,1935.16
938,easy,12,13:58:32,14:29:44,14:30:55,COMPLETED,31237.0,1195.0,1872.37,1943.68
951,easy,11,13:58:35,14:30:29,14:30:55,COMPLETED,22593.0,443.3,1914.49,1940.68
764,hard,15,12:47:22,12:51:44,14:33:09,COMPLETED,26635.0,101418.8,262.08,6347.10
987,hard,15,13:27:26,13:44:07,14:33:15,COMPLETED,30768.0,49133.3,1001.66,3949.43
1043,easy,11,14:00:10,14:33:21,14:33:28,COMPLETED,25370.0,111.3,1991.80,1998.17
970,easy,11,13:59:21,14:33:15,14:33:34,COMPLETED,24590.0,327.9,2034.43,2053.51
868,medium,14,13:26:49,13:42:30,14:33:41,COMPLETED,32340.0,51182.4,941.39,4012.16
879,hard,15,13:35:33,13:53:37,14:34:25,COMPLETED,35957.0,40808.3,1084.24,3532.56
918,hard,15,13:41:47,14:04:50,14:34:38,COMPLETED,26996.0,29804.7,1383.22,3171.29
28,hard,15,08:15:00,08:15:05,14:35:16,COMPLETED,39551.0,380182.4,5.38,22816.31
1182,easy,11,14:01:19,14:35:22,14:35:47,COMPLETED,41803.0,426.9,2043.65,2068.95
1106,easy,12,14:01:32,14:35:54,14:36:19,COMPLETED,26735.0,426.7,2062.28,2087.58
767,hard,15,12:14:32,12:14:36,14:36:38,COMPLETED,27932.0,142044.2,4.02,8526.59
1166,easy,11,14:02:14,14:36:44,14:37:03,COMPLETED,25704.0,322.0,2070.93,2089.94
874,medium,14,13:18:24,13:34:57,14:37:29,COMPLETED,29149.0,62542.0,993.00,4745.36
403,hard,15,10:24:59,10:25:02,14:37:48,COMPLETED,33763.0,252763.9,3.57,15169.36
697,hard,15,12:42:53,12:42:56,14:37:54,COMPLETED,37704.0,114972.6,3.49,6901.70
1031,easy,11,14:03:33,14:37:10,14:38:01,COMPLETED,32124.0,852.5,2017.28,2068.08
902,easy,12,13:58:51,14:31:02,14:38:07,COMPLETED,28457.0,7093.3,1931.12,2356.47
1104,easy,11,14:05:21,14:38:13,14:38:26,COMPLETED,25064.0,216.3,1972.84,1985.52
1156,easy,12,14:05:12,14:38:07,14:38:39,COMPLETED,22185.0,534.0,1975.47,2007.21
1021,medium,14,14:04:44,14:37:54,14:38:58,COMPLETED,24640.0,1065.1,1990.70,2054.26
1155,easy,12,14:05:43,14:38:45,14:39:11,COMPLETED,27108.0,431.4,1982.54,2008.06
1095,medium,13,14:04:45,14:38:01,14:42:01,COMPLETED,27770.0,4016.7,1996.08,2236.74
1026,medium,13,14:00:59,14:33:41,14:42:14,COMPLETED,30841.0,8559.9,1962.16,2475.48
1109,easy,12,14:01:11,14:34:31,14:42:20,COMPLETED,35081.0,7825.0,2000.89,2469.82
1115,easy,11,14:06:38,14:42:08,14:42:20,COMPLETED,26595.0,222.5,2130.13,2142.82
148,hard,15,08:10:00,08:10:03,14:42:40,COMPLETED,32856.0,392627.4,3.07,23560.71
1037,easy,11,14:07:29,14:42:47,14:43:00,COMPLETED,24685.0,226.4,2118.04,2131.13
1007,medium,14,13:48:57,14:18:00,14:43:58,COMPLETED,27572.0,25969.6,1743.56,3301.43
1116,medium,13,14:05:26,14:38:32,14:45:47,COMPLETED,41979.0,7244.9,1986.85,2421.25
1117,medium,13,14:08:17,14:43:06,14:45:47,COMPLETED,22150.0,2682.1,2089.67,2250.25
1169,easy,11,14:09:08,14:45:53,14:46:06,COMPLETED,26894.0,217.8,2205.62,2218.42
389,hard,15,10:21:29,10:21:35,14:46:31,COMPLETED,29974.0,264944.5,6.10,15902.74
1181,medium,14,14:02:03,14:36:25,14:46:31,COMPLETED,27672.0,10101.9,2062.91,2668.74
1028,easy,12,14:09:16,14:46:12,14:46:57,COMPLETED,29490.0,744.1,2216.76,2261.11
1072,easy,12,14:09:21,14:46:38,14:47:22,COMPLETED,32730.0,743.4,2237.09,2281.44
1029,easy,12,14:09:18,14:46:38,14:47:41,COMPLETED,30800.0,1061.0,2240.09,2303.46
1128,medium,13,14:09:22,14:47:03,14:47:47,COMPLETED,32265.0,744.7,2261.45,2305.79
1083,easy,11,14:09:27,14:47:28,14:47:47,COMPLETED,29024.0,323.0,2281.77,2300.79
1107,easy,11,14:09:44,14:47:54,14:48:06,COMPLETED,28299.0,217.0,2290.17,2302.88
1121,medium,13,14:06:41,14:42:20,14:49:10,COMPLETED,33619.0,6829.9,2139.82,2549.29
851,hard,15,13:52:33,14:20:42,14:49:16,COMPLETED,25073.0,28567.6,1689.90,3403.68
1058,easy,12,14:09:44,14:47:47,14:49:29,COMPLETED,29536.0,1699.8,2283.79,2385.47
1157,easy,11,14:11:55,14:49:35,14:49:54,COMPLETED,26385.0,324.1,2260.84,2279.82
694,hard,15,12:40:46,12:40:49,14:52:16,COMPLETED,35286.0,131451.5,3.72,7890.74
1013,medium,14,13:57:50,14:28:39,14:52:42,COMPLETED,29213.0,24052.9,1849.71,3292.70
1189,medium,14,14:04:23,14:37:35,14:54:00,COMPLETED,40148.0,16412.2,1992.69,2977.15
1076,medium,13,14:05:44,14:39:04,14:54:39,COMPLETED,32946.0,15579.9,2000.66,2935.02
980,medium,14,13:55:01,14:22:12,14:54:45,COMPLETED,26660.0,32565.6,1631.14,3584.60
871,hard,15,13:51:40,14:20:36,14:55:05,COMPLETED,30517.0,34482.4,1736.52,3805.14
929,hard,15,13:35:19,13:53:30,14:55:24,COMPLETED,33202.0,61898.5,1091.88,4805.52
1047,easy,12,14:13:42,14:54:45,14:56:03,COMPLETED,28622.0,1301.2,2463.60,2541.31
1173,easy,12,14:15:25,14:56:09,14:56:35,COMPLETED,27534.0,429.8,2444.72,2470.20
1130,medium,13,14:14:41,14:55:31,14:56:41,COMPLETED,23642.0,1179.8,2450.10,2520.54
1049,medium,13,14:15:58,14:56:41,14:57:13,COMPLETED,29624.0,536.2,2443.54,2475.41
1091,easy,11,14:17:16,14:57:19,14:57:32,COMPLETED,23675.0,216.1,2403.74,2416.40
1040,medium,13,14:17:00,14:56:47,14:57:51,COMPLETED,22192.0,1064.3,2387.92,2451.41
1088,easy,12,14:14:03,14:55:11,14:58:16,COMPLETED,23582.0,3092.4,2468.67,2653.92
1184,easy,12,14:17:46,14:57:38,14:58:48,COMPLETED,33692.0,1168.9,2392.73,2462.56
1062,medium,13,14:12:56,14:52:23,14:59:01,COMPLETED,35039.0,6641.1,2367.06,2765.25
1176,easy,12,14:18:06,14:57:57,14:59:01,COMPLETED,31698.0,1062.5,2391.82,2455.25
1039,easy,11,14:18:19,14:58:54,14:59:01,COMPLETED,26710.0,111.5,2435.89,2442.25
1137,easy,11,14:19:24,14:59:07,14:59:14,COMPLETED,28859.0,111.0,2383.60,2390.01
1160,easy,11,14:18:13,14:58:23,14:59:26,COMPLETED,26996.0,1062.3,2410.25,2473.69
1114,easy,12,14:19:22,14:59:07,14:59:45,COMPLETED,27282.0,639.7,2385.60,2423.70
1075,easy,11,14:20:17,14:59:33,14:59:58,COMPLETED,33483.0,427.7,2356.02,2381.39
1070,easy,12,14:21:19,15:00:04,15:00:23,COMPLETED,29364.0,321.8,2325.72,2344.71
911,hard,15,13:50:19,14:19:31,15:00:49,COMPLETED,33873.0,41289.0,1752.89,4230.04
1066,medium,14,14:13:12,14:54:06,15:00:49,COMPLETED,34679.0,6713.4,2454.52,2857.04
1143,easy,12,14:21:50,15:00:55,15:01:08,COMPLETED,26838.0,223.1,2345.38,2358.28
478,hard,15,10:32:22,10:32:27,15:01:14,COMPLETED,35209.0,268794.3,5.18,16132.81
1180,medium,14,14:10:36,14:47:54,15:01:47,COMPLETED,30582.0,13888.7,2238.17,3071.28
1057,medium,13,14:24:00,15:01:21,15:02:06,COMPLETED,27311.0,760.1,2241.18,2286.46
1164,medium,14,14:06:23,14:39:17,15:02:45,COMPLETED,38382.0,23470.4,1974.46,3382.29
1081,easy,12,14:24:43,15:02:51,15:03:11,COMPLETED,27909.0,331.3,2288.86,2308.21
1110,medium,13,14:19:39,14:59:07,15:04:22,COMPLETED,33854.0,5254.7,2368.60,2683.51
860,hard,15,13:08:19,13:18:42,15:04:35,COMPLETED,24895.0,105897.1,623.01,6976.67
1069,easy,11,14:25:30,15:04:29,15:04:42,COMPLETED,21438.0,229.5,2339.05,2352.21
1033,easy,11,14:25:33,15:04:42,15:04:48,COMPLETED,31214.0,120.9,2349.21,2355.88
1113,medium,14,14:21:39,15:00:30,15:06:06,COMPLETED,36040.0,5614.0,2331.05,2667.44
1178,easy,12,14:27:26,15:04:55,15:06:12,COMPLETED,33544.0,1301.0,2249.52,2326.99
1060,easy,11,14:27:54,15:06:12,15:06:26,COMPLETED,32169.0,230.0,2298.99,2312.29
1127,easy,11,14:28:22,15:06:32,15:06:58,COMPLETED,30540.0,437.8,2290.84,2316.61
1078,medium,14,14:01:05,14:33:47,15:07:05,COMPLETED,33940.0,33298.5,1962.53,3960.15
1161,easy,12,14:27:55,15:06:19,15:07:11,COMPLETED,35375.0,871.7,2304.64,2356.60
1167,hard,15,14:08:42,14:45:53,15:07:17,COMPLETED,29108.0,21410.7,2231.62,3515.98
1034,medium,13,14:12:55,14:50:01,15:07:24,COMPLETED,35763.0,17389.0,2226.32,3269.37
1187,easy,11,14:30:38,15:07:24,15:07:37,COMPLETED,24987.0,217.8,2206.37,2219.13
1038,easy,12,14:30:45,15:07:30,15:07:43,COMPLETED,27039.0,217.7,2205.75,2218.46
1102,easy,12,14:30:25,15:07:11,15:07:49,COMPLETED,34435.0,643.2,2206.60,2244.85
1068,medium,13,14:25:29,15:03:17,15:08:21,COMPLETED,33179.0,5068.6,2268.78,2572.62
924,hard,15,13:34:54,13:51:35,15:08:53,COMPLETED,32957.0,77296.3,1001.62,5639.26
1144,medium,14,14:20:38,14:59:52,15:08:59,COMPLETED,22872.0,9131.7,2354.03,2901.59
1093,medium,13,14:10:55,14:48:13,15:09:18,COMPLETED,32711.0,21096.0,2238.22,3503.76
1170,easy,11,14:32:52,15:09:25,15:09:37,COMPLETED,28715.0,217.2,2193.09,2205.81
579,hard,15,11:29:50,11:29:55,15:09:44,COMPLETED,34048.0,219806.5,5.84,13194.15
908,medium,14,13:15:36,13:29:19,15:09:44,COMPLETED,35299.0,100413.2,823.52,6848.15
1183,medium,13,14:32:07,15:08:59,15:09:56,COMPLETED,34086.0,962.0,2212.59,2269.97
1129,easy,11,14:33:51,15:09:50,15:10:09,COMPLETED,31322.0,325.1,2159.53,2178.74
1006,hard,15,13:50:44,14:19:51,15:10:16,COMPLETED,31471.0,50414.3,1747.41,4772.07
1046,medium,14,14:31:17,15:07:49,15:10:22,COMPLETED,29854.0,2548.6,2192.85,2345.43
1059,easy,11,14:33:30,15:09:44,15:10:22,COMPLETED,31002.0,644.3,2174.15,2212.43
1147,easy,11,14:34:19,15:10:16,15:10:22,COMPLETED,20273.0,112.7,2157.07,2163.43
1080,medium,13,14:26:48,15:04:48,15:10:41,COMPLETED,31874.0,5883.3,2280.88,2633.58
1163,medium,13,14:31:45,15:08:27,15:10:41,COMPLETED,31824.0,2232.9,2202.95,2336.58
1103,medium,14,14:31:06,15:07:43,15:11:00,COMPLETED,29340.0,3291.5,2197.46,2394.69
1079,easy,11,14:36:24,15:10:47,15:11:13,COMPLETED,32023.0,428.1,2063.99,2089.38
1119,medium,13,14:34:08,15:10:03,15:11:26,COMPLETED,24036.0,1383.5,2155.36,2238.07
881,hard,15,13:37:49,13:59:38,15:11:32,COMPLETED,29748.0,71905.7,1309.29,5623.44
1133,medium,13,14:23:01,15:01:14,15:11:45,COMPLETED,40291.0,10510.6,2293.81,2924.19
1132,medium,13,14:34:03,15:09:50,15:11:51,COMPLETED,28500.0,2021.7,2147.53,2268.57
1142,easy,12,14:38:32,15:11:38,15:11:57,COMPLETED,27559.0,324.9,1986.82,2005.94
1123,easy,12,14:35:39,15:10:28,15:12:04,COMPLETED,32767.0,1600.4,2089.86,2185.35
1168,easy,11,14:38:05,15:11:32,15:12:04,COMPLETED,32276.0,542.6,2007.44,2039.35
1135,easy,12,14:37:09,15:11:19,15:12:17,COMPLETED,33094.0,973.4,2050.71,2108.65
1111,easy,11,14:39:29,15:12:11,15:12:43,COMPLETED,28000.0,550.5,1962.06,1994.59
1120,easy,12,14:39:11,15:11:57,15:12:56,COMPLETED,33948.0,988.3,1966.94,2025.75
533,hard,15,11:41:36,11:42:25,15:13:09,COMPLETED,33801.0,210742.4,49.31,12693.77
1084,easy,11,14:40:56,15:12:50,15:13:09,COMPLETED,25385.0,335.9,1914.16,1933.77
1171,easy,12,14:39:38,15:12:24,15:13:41,COMPLETED,25622.0,1304.7,1966.19,2043.97
1141,easy,12,14:41:56,15:13:16,15:13:41,COMPLETED,31542.0,435.2,1880.36,1905.97
1082,medium,13,14:35:23,15:10:28,15:13:48,COMPLETED,31740.0,3339.3,2105.86,2305.57
1051,medium,13,14:36:22,15:10:28,15:13:48,COMPLETED,34665.0,3338.9,2046.86,2246.57
1185,easy,11,14:41:33,15:13:16,15:13:48,COMPLETED,35412.56084867805,549.6,1903.36,1935.57
1065,easy,11,14:43:06,15:13:48,15:14:01,COMPLETED,23510.0,225.6,1842.57,1855.91
1145,easy,11,14:42:11,15:13:48,15:14:14,COMPLETED,29016.0,445.3,1897.57,1923.84
1023,easy,11,14:43:14,15:13:55,15:14:14,COMPLETED,25366.0,332.3,1841.40,1860.84
1179,easy,12,14:43:17,15:13:55,15:14:47,COMPLETED,22317.0,874.7,1838.40,1890.44
1177,medium,13,14:43:35,15:13:55,15:14:47,COMPLETED,32652.0,874.7,1820.40,1872.44
1148,easy,12,14:45:38,15:14:21,15:15:00,COMPLETED,24812.0,659.0,1723.40,1762.72
1151,easy,11,14:47:22,15:15:07,15:15:13,COMPLETED,29134.0,114.9,1665.06,1671.46
479,hard,15,10:45:13,10:45:14,15:15:45,COMPLETED,31526.0,270524.8,1.54,16232.98
1112,easy,12,14:48:36,15:15:52,15:16:05,COMPLETED,22006.0,225.9,1636.53,1649.59
1172,easy,12,14:48:19,15:15:19,15:16:18,COMPLETED,32395.0,987.6,1621.00,1679.75
1089,easy,12,14:48:50,15:16:12,15:16:31,COMPLETED,29144.0,338.7,1642.13,1661.96
1101,medium,14,14:39:16,15:12:04,15:16:44,COMPLETED,25042.0,4679.3,1968.35,2248.85
1096,easy,12,14:48:54,15:16:25,15:16:44,COMPLETED,22130.0,330.7,1651.31,1670.85
1149,easy,12,14:49:13,15:16:38,15:16:57,COMPLETED,29882.0,331.0,1645.49,1664.87
1138,medium,14,14:22:13,15:00:55,15:17:23,COMPLETED,30413.0,16481.3,2322.38,3310.94
1024,easy,11,14:49:29,15:17:04,15:17:23,COMPLETED,24694.0,334.3,1655.41,1674.94
1100,medium,13,14:46:28,15:14:54,15:17:30,COMPLETED,29289.0,2620.3,1706.03,1862.51
1162,easy,11,14:50:00,15:17:30,15:17:37,COMPLETED,18566.0,121.8,1650.51,1657.33
1087,easy,11,14:50:44,15:17:37,15:17:43,COMPLETED,25891.0,120.5,1613.33,1619.96
1042,easy,12,14:50:59,15:17:43,15:17:56,COMPLETED,27385.0,225.3,1604.96,1617.96
1035,easy,12,14:44:32,15:14:08,15:18:16,COMPLETED,30047.0,4142.6,1776.24,2024.48
1056,easy,12,14:41:23,15:13:03,15:18:35,COMPLETED,32174.0,5541.9,1900.32,2232.56
1140,medium,13,14:51:18,15:18:03,15:19:32,COMPLETED,30931.0,1487.3,1605.53,1694.48
1154,medium,13,14:36:27,15:10:47,15:19:45,COMPLETED,40120.0,8956.5,2060.99,2598.17
1073,medium,13,14:24:14,15:01:53,15:20:23,COMPLETED,28453.0,18495.9,2259.61,3369.16
1186,medium,13,14:52:06,15:19:38,15:21:07,COMPLETED,29156.0,1481.7,1652.81,1741.41
1022,medium,13,14:49:55,15:17:30,15:21:32,COMPLETED,24829.0,4041.4,1655.51,1897.73
1090,medium,13,14:34:40,15:10:22,15:21:39,COMPLETED,33208.0,11282.6,2142.43,2819.05
1131,easy,12,14:53:36,15:21:45,15:22:36,COMPLETED,22695.0,847.4,1689.49,1740.04
1054,easy,11,14:53:57,15:22:42,15:22:55,COMPLETED,23313.0,216.3,1725.36,1738.02
1098,easy,12,14:52:33,15:21:13,15:23:01,COMPLETED,37043.0,1799.6,1720.74,1828.36
1118,medium,14,14:07:17,14:42:27,15:24:38,COMPLETED,35367.0,42187.5,2110.52,4641.68
646,hard,15,11:36:36,11:36:37,15:24:51,COMPLETED,33870.0,228237.7,1.45,13695.65
961,hard,15,13:03:34,13:12:31,15:27:46,COMPLETED,30236.0,135243.5,537.71,8652.20
1105,hard,15,14:39:33,15:12:11,15:28:56,COMPLETED,32929.0,16762.7,1958.06,2963.67
1099,medium,14,14:52:21,15:19:51,15:29:53,COMPLETED,33049.0,10040.7,1650.51,2252.68
1071,medium,13,14:56:07,15:29:03,15:30:06,COMPLETED,27527.0,1062.1,1976.01,2039.41
1032,hard,15,14:13:55,14:54:52,15:30:19,COMPLETED,28893.0,35451.0,2457.27,4584.13
1097,easy,11,14:56:35,15:30:12,15:30:25,COMPLETED,26673.0,217.8,2017.76,2030.46
1134,easy,11,14:57:00,15:30:31,15:30:38,COMPLETED,29763.0,112.1,2011.87,2018.29
1136,medium,13,14:55:48,15:24:58,15:31:03,COMPLETED,28907.0,6096.4,1750.19,2115.61
1146,medium,14,14:54:24,15:24:45,15:31:10,COMPLETED,20485.0,6422.1,1821.01,2206.02
1085,medium,13,14:55:54,15:27:52,15:31:41,COMPLETED,28826.0,3824.0,1918.75,2147.86
1036,easy,11,14:58:18,15:31:48,15:31:54,COMPLETED,31632.0,111.1,2010.24,2016.60
1175,easy,11,14:58:28,15:32:00,15:32:07,COMPLETED,28111.0,111.1,2012.93,2019.28
1139,medium,13,14:57:16,15:30:44,15:32:13,COMPLETED,24861.0,1489.1,2008.62,2097.62
1074,easy,11,14:59:28,15:32:20,15:32:26,COMPLETED,22994.0,111.7,1972.01,1978.38
1053,medium,13,14:56:17,15:30:00,15:33:16,COMPLETED,28612.0,3288.9,2023.01,2220.00
866,hard,15,13:58:21,14:29:37,15:33:29,COMPLETED,29033.0,63869.8,1876.71,5708.75
1126,easy,11,14:59:51,15:33:23,15:33:29,COMPLETED,24642.0,111.3,2012.40,2018.75
1041,medium,14,14:46:34,15:14:54,15:33:36,COMPLETED,27862.0,18705.1,1700.03,2822.09
1158,easy,12,14:58:38,15:32:13,15:33:36,COMPLETED,30964.0,1381.5,2015.62,2098.09
1267,easy,11,15:00:07,15:33:36,15:33:42,COMPLETED,23497.0,113.8,2009.09,2015.54
988,hard,15,13:26:17,13:42:30,15:33:48,COMPLETED,33223.0,111312.0,973.39,7651.96
1317,easy,12,15:02:13,15:33:48,15:34:20,COMPLETED,24790.0,537.2,1895.96,1927.69
1312,medium,13,15:00:59,15:33:42,15:34:27,COMPLETED,27346.0,754.7,1963.54,2008.25
1310,easy,11,15:02:30,15:34:27,15:34:40,COMPLETED,23898.0,229.0,1917.25,1930.49
1268,easy,12,15:03:22,15:34:33,15:34:59,COMPLETED,31344.0,435.6,1871.89,1897.73
1086,medium,13,14:57:47,15:31:10,15:35:12,COMPLETED,31002.0,4050.8,2003.02,2245.60
1159,hard,15,14:00:20,14:33:34,15:35:32,COMPLETED,25158.0,61962.1,1994.51,5712.09
1346,easy,11,15:04:24,15:35:06,15:35:38,COMPLETED,29122.0,544.9,1842.06,1874.42
1320,easy,12,15:03:26,15:34:47,15:36:41,COMPLETED,34189.0,1916.6,1881.04,1995.74
1353,easy,12,15:05:17,15:35:44,15:36:54,COMPLETED,23401.0,1166.8,1827.79,1897.48
1269,medium,13,15:05:57,15:36:48,15:37:07,COMPLETED,30474.0,328.4,1851.08,1870.19
1193,easy,11,15:07:34,15:37:13,15:37:39,COMPLETED,31648.0,440.9,1779.84,1805.79
1335,medium,13,15:04:38,15:35:38,15:37:59,COMPLETED,31872.0,2356.4,1860.42,2001.43
1278,easy,12,15:08:04,15:38:05,15:38:25,COMPLETED,29595.0,329.7,1801.84,1821.09
1225,medium,13,15:00:47,15:33:36,15:38:31,COMPLETED,30075.0,4934.8,1969.09,2264.67
1321,easy,11,15:09:59,15:38:38,15:38:51,COMPLETED,29777.0,222.6,1719.31,1732.16
1328,easy,12,15:08:31,15:38:31,15:38:57,COMPLETED,24687.0,444.7,1800.67,1826.70
1004,hard,15,13:57:42,14:28:39,15:39:43,COMPLETED,32045.0,71062.6,1857.71,6121.22
1122,medium,14,14:51:24,15:18:22,15:39:56,COMPLETED,32226.0,21563.2,1618.88,2912.41
1108,medium,14,14:58:02,15:31:16,15:40:15,COMPLETED,26710.0,8997.2,1994.40,2533.91
344,hard,15,10:49:04,10:49:08,15:40:34,COMPLETED,31900.0,291435.0,4.89,17490.98
1313,easy,11,15:11:44,15:40:41,15:40:47,COMPLETED,27764.0,111.2,1737.31,1743.67
1150,hard,15,14:24:16,15:02:12,15:42:09,COMPLETED,31180.0,39954.4,2276.83,4673.89
1195,easy,12,15:04:28,15:35:19,15:42:48,COMPLETED,28274.0,7485.6,1851.17,2300.05
1276,medium,14,15:01:01,15:33:42,15:43:00,COMPLETED,34526.0,9306.8,1961.54,2519.74
1319,easy,11,15:12:31,15:42:54,15:43:07,COMPLETED,25354.0,217.3,1823.38,1836.08
1290,medium,13,15:07:39,15:37:46,15:43:13,COMPLETED,30171.0,5456.8,1807.34,2134.44
1348,easy,12,15:12:56,15:43:07,15:43:13,COMPLETED,21409.0,112.1,1811.08,1817.44
1330,easy,11,15:13:50,15:43:13,15:43:19,COMPLETED,30017.0,112.4,1763.44,1769.83
1339,medium,13,15:14:05,15:43:26,15:44:35,COMPLETED,28012.0,1167.2,1761.22,1830.91
1005,hard,15,13:17:19,13:33:13,15:45:01,COMPLETED,32985.0,131793.8,954.73,8862.27
1331,medium,13,15:14:38,15:44:42,15:45:20,COMPLETED,28940.0,641.3,1804.28,1842.46
1197,easy,12,15:14:53,15:45:07,15:45:33,COMPLETED,23915.0,433.5,1814.60,1840.19
765,medium,14,12:15:07,12:15:07,15:45:46,COMPLETED,38101.0,210643.8,0.68,12639.25
1210,easy,12,15:15:06,15:45:39,15:46:05,COMPLETED,23960.0,433.5,1833.67,1859.38
1224,medium,13,15:14:04,15:43:19,15:47:40,COMPLETED,25990.0,4343.7,1755.83,2016.16
1077,medium,14,14:49:28,15:16:51,15:48:11,COMPLETED,31142.0,31346.8,1643.18,3523.78
1237,medium,13,15:10:38,15:39:49,15:48:11,COMPLETED,31185.0,8371.4,1751.79,2253.78
1246,medium,13,15:15:00,15:45:26,15:48:11,COMPLETED,35047.0,2755.3,1826.79,1991.78
1216,easy,12,15:16:37,15:48:18,15:48:49,COMPLETED,29347.0,533.2,1901.15,1932.87
960,hard,15,13:35:49,13:55:27,15:49:08,COMPLETED,28122.0,113697.8,1178.11,7999.88
1209,easy,12,15:17:14,15:48:18,15:49:15,COMPLETED,30671.0,956.1,1864.15,1921.23
1334,medium,13,15:15:33,15:45:52,15:49:21,COMPLETED,30214.0,3488.1,1819.65,2028.61
1255,easy,11,15:17:42,15:49:21,15:49:40,COMPLETED,29282.0,322.3,1899.61,1918.65
1242,easy,12,15:17:36,15:49:15,15:49:46,COMPLETED,24604.0,534.7,1899.23,1930.98
1211,easy,11,15:17:28,15:48:56,15:49:53,COMPLETED,35818.0,959.0,1888.21,1945.35
1061,medium,14,14:51:10,15:17:50,15:50:25,COMPLETED,36018.0,32580.2,1600.61,3555.21
1297,easy,12,15:19:04,15:49:53,15:50:57,COMPLETED,24044.0,1070.9,1849.35,1913.02
1188,medium,14,14:51:39,15:18:41,15:51:36,COMPLETED,33699.0,32909.3,1622.90,3597.12
999,hard,15,13:28:41,13:45:12,15:51:42,COMPLETED,32206.0,126500.0,991.92,8581.68
1260,medium,13,15:19:22,15:51:03,15:53:31,COMPLETED,33218.0,2472.4,1901.67,2049.70
1244,easy,11,15:19:41,15:53:38,15:53:44,COMPLETED,30990.0,111.0,2037.05,2043.41
1325,medium,14,15:11:52,15:40:54,15:53:50,COMPLETED,26543.0,12950.5,1742.01,2518.74
1206,easy,11,15:21:21,15:53:57,15:54:09,COMPLETED,26466.0,216.6,1956.12,1968.81
1262,easy,12,15:19:26,15:51:42,15:54:16,COMPLETED,32943.0,2563.5,1936.68,2090.14
1283,easy,11,15:21:27,15:54:16,15:54:22,COMPLETED,26888.0,112.5,1969.14,1975.54
1201,medium,13,15:21:06,15:53:50,15:55:51,COMPLETED,32695.0,2014.2,1964.74,2085.25
1340,easy,12,15:21:54,15:54:28,15:56:42,COMPLETED,34372.0,2223.1,1954.92,2088.01
1064,medium,14,14:31:23,15:07:56,15:56:54,COMPLETED,33717.0,48977.2,2193.23,5131.70
1202,easy,12,15:22:14,15:55:57,15:57:01,COMPLETED,32692.0,1062.3,2023.63,2087.03
1238,easy,11,15:22:16,15:56:48,15:57:01,COMPLETED,23127.0,217.4,2072.34,2085.03
1322,easy,11,15:23:32,15:57:07,15:57:13,COMPLETED,26274.0,111.7,2015.41,2021.81
1272,easy,11,15:23:23,15:57:01,15:57:20,COMPLETED,30486.0,324.4,2018.03,2037.14
1221,easy,12,15:24:44,15:57:26,15:57:45,COMPLETED,21296.0,321.4,1962.53,1981.51
1286,easy,11,15:25:13,15:57:51,15:58:17,COMPLETED,37438.0,430.3,1958.84,1984.15
1235,medium,14,15:07:21,15:37:00,15:58:36,COMPLETED,31382.0,21606.8,1779.82,3075.79
1307,medium,14,15:17:42,15:49:27,15:58:50,COMPLETED,34936.0,9374.3,1905.99,2468.02
1048,medium,14,14:37:01,15:11:07,15:58:56,COMPLETED,37039.0,47833.2,2046.03,4915.55
1165,hard,15,14:06:50,14:42:27,15:59:09,COMPLETED,37893.0,76710.7,2137.52,6739.95
1271,easy,11,15:26:39,15:59:16,15:59:23,COMPLETED,15615.0,118.9,1957.50,1964.34
1293,medium,13,15:16:31,15:47:46,16:00:08,COMPLETED,34261.0,12375.1,1875.49,2617.59
1208,easy,12,15:27:08,15:59:29,16:00:15,COMPLETED,30503.0,766.6,1941.67,1987.14
1190,easy,11,15:28:13,16:00:21,16:00:41,COMPLETED,28658.0,333.1,1928.73,1948.14
1343,easy,12,15:26:16,15:58:56,16:00:47,COMPLETED,26739.0,1863.4,1960.55,2071.75
1345,easy,12,15:28:17,16:00:47,16:01:39,COMPLETED,26725.0,873.9,1950.75,2002.68
1243,easy,12,15:25:47,15:58:43,16:02:31,COMPLETED,32381.0,3814.9,1976.45,2204.88
1350,medium,13,15:29:05,16:01:46,16:03:16,COMPLETED,32720.0,1519.4,1961.24,2051.90
1298,medium,13,15:12:05,15:42:16,16:06:15,COMPLETED,39365.0,23997.1,1811.27,3250.87
1252,medium,14,15:14:05,15:43:19,16:06:22,COMPLETED,38903.0,23044.3,1754.83,3137.20
1295,medium,13,15:28:50,16:00:54,16:07:38,COMPLETED,24392.0,6732.9,1924.42,2328.11
1281,easy,11,15:30:36,16:07:44,16:08:03,COMPLETED,29825.0,322.6,2228.45,2247.47
1287,easy,11,15:31:00,16:08:09,16:08:35,COMPLETED,25834.0,426.6,2229.83,2255.12
1213,hard,15,15:10:14,15:38:57,16:09:06,COMPLETED,29441.0,30154.1,1723.70,3532.74
1027,hard,15,14:44:36,15:14:21,16:09:32,COMPLETED,31429.0,55184.5,1785.40,5096.17
1274,easy,12,15:31:27,16:08:41,16:09:32,COMPLETED,23546.0,854.4,2234.45,2285.17
1338,easy,12,15:31:38,16:09:13,16:09:45,COMPLETED,24707.0,542.4,2255.07,2287.13
1257,easy,12,15:31:44,16:09:38,16:10:43,COMPLETED,26538.0,1087.0,2274.76,2339.53
1229,easy,12,15:32:08,16:09:51,16:10:43,COMPLETED,29420.0,872.9,2263.68,2315.53
1045,medium,14,14:08:37,14:44:04,16:11:16,COMPLETED,34646.0,87187.9,2127.96,7359.11
1329,easy,11,15:32:32,16:10:50,16:11:28,COMPLETED,34800.0,653.4,2298.10,2336.82
1314,easy,11,15:32:33,16:11:22,16:11:41,COMPLETED,26495.0,331.1,2329.44,2348.81
1256,easy,11,15:32:54,16:11:35,16:12:01,COMPLETED,30624.0,441.8,2321.44,2347.46
1332,medium,14,15:26:32,15:59:03,16:12:21,COMPLETED,25897.0,13303.7,1951.33,2749.11
1232,medium,14,15:29:25,16:02:38,16:12:21,COMPLETED,32159.0,9719.9,1993.42,2576.11
1336,medium,13,15:32:31,16:10:50,16:12:21,COMPLETED,32082.0,1526.3,2299.10,2390.11
1241,medium,13,15:31:38,16:09:38,16:12:40,COMPLETED,27861.0,3042.4,2280.76,2462.83
1324,easy,11,15:35:08,16:12:27,16:12:40,COMPLETED,22268.0,225.6,2239.74,2252.83
1305,easy,12,15:34:36,16:12:27,16:12:54,COMPLETED,28513.0,444.8,2271.74,2298.14
1214,easy,11,15:35:29,16:12:47,16:13:00,COMPLETED,25899.0,223.0,2238.42,2251.47
1215,easy,11,15:35:46,16:13:06,16:13:26,COMPLETED,23668.0,329.4,2240.83,2260.17
1227,easy,12,15:35:46,16:13:00,16:13:45,COMPLETED,24376.0,757.1,2234.47,2279.58
1020,medium,14,14:59:46,15:32:32,16:13:51,COMPLETED,34386.0,41327.0,1966.73,4445.92
1264,easy,11,15:35:57,16:13:58,16:14:17,COMPLETED,33505.0,331.1,2281.58,2300.96
1204,hard,15,15:19:09,15:49:59,16:15:09,COMPLETED,33912.0,25175.1,1850.79,3360.92
1191,medium,13,15:35:50,16:13:32,16:15:16,COMPLETED,23859.0,1740.3,2262.62,2366.46
1327,medium,14,15:19:32,15:51:49,16:15:23,COMPLETED,31995.0,23568.2,1937.32,3351.12
1249,easy,12,15:35:52,16:13:51,16:15:35,COMPLETED,31280.0,1738.6,2279.92,2383.90
1291,easy,11,15:36:52,16:15:23,16:15:35,COMPLETED,28210.0,219.3,2311.12,2323.90
1239,easy,12,15:36:36,16:15:16,16:16:14,COMPLETED,25718.0,963.7,2320.46,2378.00
1326,easy,11,15:37:37,16:15:42,16:16:14,COMPLETED,28442.0,532.8,2285.31,2317.00
1316,easy,11,15:38:21,16:16:20,16:17:10,COMPLETED,28195.0,850.1,2279.34,2329.99
1218,easy,12,15:38:41,16:16:20,16:17:17,COMPLETED,22134.0,956.1,2259.34,2316.37
1259,easy,12,15:39:15,16:17:17,16:18:01,COMPLETED,27215.0,745.2,2282.37,2326.79
1318,easy,12,15:37:01,16:15:29,16:18:33,COMPLETED,34078.0,3070.1,2308.51,2492.42
1196,medium,13,15:37:17,16:15:42,16:18:39,COMPLETED,30496.0,2963.1,2305.31,2482.76
1223,easy,12,15:39:44,16:17:23,16:19:11,COMPLETED,29359.0,1799.8,2259.77,2367.46
1333,easy,12,15:40:28,16:18:39,16:20:02,COMPLETED,28365.0,1379.6,2291.76,2374.24
1261,easy,11,15:41:51,16:20:08,16:20:14,COMPLETED,24188.0,111.6,2297.57,2303.96
1203,hard,15,15:10:20,15:39:04,16:21:00,COMPLETED,31594.0,41932.5,1724.42,4240.03
953,hard,15,13:04:22,13:14:57,16:21:06,COMPLETED,31580.0,186155.6,635.35,11804.60
1337,medium,14,15:27:30,16:00:15,16:21:12,COMPLETED,26138.0,20968.7,1965.14,3222.96
1270,easy,11,15:42:11,16:21:19,16:21:25,COMPLETED,25337.0,115.9,2348.35,2354.95
1228,medium,14,15:35:33,16:12:47,16:21:32,COMPLETED,31565.0,8755.9,2234.42,2759.34
1311,easy,11,15:43:01,16:21:38,16:22:17,COMPLETED,37025.0,653.9,2318.00,2356.74
1357,easy,12,15:42:29,16:21:32,16:22:30,COMPLETED,24099.0,984.4,2343.34,2401.91
1323,easy,12,15:42:07,16:20:21,16:22:37,COMPLETED,28943.0,2281.2,2294.29,2430.47
1217,medium,13,15:40:24,16:18:08,16:22:44,COMPLETED,27145.0,4607.5,2264.12,2540.25
1349,easy,12,15:43:42,16:22:24,16:22:50,COMPLETED,27601.0,445.5,2322.27,2348.63
1299,easy,11,15:44:25,16:22:44,16:22:50,COMPLETED,18596.0,113.2,2299.25,2305.63
1125,hard,15,14:38:54,15:11:51,16:23:10,COMPLETED,35856.0,71314.0,1977.57,6256.15
1275,easy,11,15:45:45,16:22:57,16:23:10,COMPLETED,26451.0,225.9,2232.06,2245.15
1250,easy,11,15:44:55,16:22:50,16:23:16,COMPLETED,27766.0,445.7,2275.63,2301.72
1248,easy,11,15:46:11,16:23:23,16:23:42,COMPLETED,18552.0,329.0,2232.43,2251.87
1304,easy,11,15:47:00,16:23:49,16:23:55,COMPLETED,24456.0,117.2,2209.19,2215.73
1234,hard,15,15:30:30,16:06:28,16:24:15,COMPLETED,28882.0,17785.1,2158.64,3225.35
1254,easy,12,15:47:26,16:24:02,16:24:41,COMPLETED,29086.0,656.7,2196.27,2235.13
1198,easy,12,15:47:31,16:24:21,16:25:07,COMPLETED,25134.0,763.1,2210.90,2256.18
1194,easy,12,15:48:47,16:24:47,16:25:13,COMPLETED,23280.0,443.8,2160.72,2186.74
1347,medium,13,15:49:11,16:25:20,16:25:52,COMPLETED,27424.0,543.2,2169.41,2201.70
1199,easy,12,15:45:50,16:23:16,16:25:59,COMPLETED,27521.0,2714.3,2246.72,2409.02
899,hard,15,13:21:19,13:38:39,16:26:05,COMPLETED,26561.0,167431.9,1040.98,11086.63
1265,easy,11,15:49:58,16:25:59,16:26:05,COMPLETED,19717.0,121.3,2161.02,2167.63
1300,medium,13,15:30:23,16:06:22,16:26:12,COMPLETED,31508.0,19841.8,2159.20,3349.35
1308,easy,11,15:49:59,16:26:05,16:26:25,COMPLETED,31357.0,337.8,2166.63,2186.43
1192,easy,11,15:50:41,16:26:12,16:26:25,COMPLETED,31903.0,226.5,2131.35,2144.43
1273,easy,11,15:50:47,16:26:12,16:26:31,COMPLETED,31461.0,333.6,2125.35,2145.00
1359,medium,14,15:42:11,16:21:12,16:26:44,COMPLETED,26255.0,5535.6,2341.96,2673.83
1284,easy,11,15:51:32,16:26:31,16:27:03,COMPLETED,22909.0,535.9,2100.00,2131.91
1233,easy,12,15:51:58,16:26:51,16:27:10,COMPLETED,25956.0,323.5,2093.16,2112.23
1303,medium,14,15:41:41,16:19:17,16:27:29,COMPLETED,32188.0,8195.7,2256.80,2748.28
1309,easy,11,15:55:26,16:27:35,16:27:48,COMPLETED,24388.0,217.6,1929.62,1942.32
1231,easy,12,15:55:30,16:27:54,16:28:45,COMPLETED,21012.0,853.1,1944.71,1995.53
914,hard,15,13:47:46,14:13:54,16:28:58,COMPLETED,27348.0,135065.0,1568.54,9672.32
1247,easy,12,15:56:01,16:28:51,16:29:55,COMPLETED,26623.0,1062.4,1970.92,2034.36
1226,medium,14,15:35:27,16:12:27,16:30:01,COMPLETED,36960.0,17567.8,2220.74,3274.69
1292,easy,12,15:51:16,16:26:31,16:30:14,COMPLETED,35280.0,3712.1,2116.00,2338.46
1240,medium,13,15:56:11,16:29:04,16:30:14,COMPLETED,25209.0,1167.6,1973.71,2043.46
1253,easy,12,15:56:44,16:30:08,16:30:52,COMPLETED,28140.0,744.1,2004.07,2048.43
1355,easy,11,15:57:19,16:30:58,16:31:05,COMPLETED,23837.0,111.0,2019.76,2026.12
1301,hard,15,15:25:37,15:58:23,16:31:17,COMPLETED,27251.0,32905.7,1966.68,3940.81
1341,medium,13,15:57:19,16:30:20,16:31:30,COMPLETED,30117.0,1170.1,1981.79,2051.55
1205,easy,11,15:57:24,16:31:11,16:31:30,COMPLETED,27714.0,327.5,2027.45,2046.55
1044,hard,15,14:52:23,15:20:29,16:31:43,COMPLETED,27983.0,71242.2,1686.49,5960.87
1258,easy,11,15:59:27,16:31:50,16:32:03,COMPLETED,24042.0,227.3,1943.20,1956.31
1052,hard,15,14:54:13,15:23:07,16:32:16,COMPLETED,34412.0,69149.8,1734.76,5883.48
1266,easy,12,15:58:21,16:31:24,16:32:29,COMPLETED,28443.0,1097.4,1983.15,2048.52
1263,easy,11,15:59:53,16:32:23,16:32:36,COMPLETED,26703.0,226.8,1950.03,1963.06
1354,medium,14,15:51:36,16:26:38,16:33:27,COMPLETED,32275.0,6831.4,2102.46,2511.87
1500,easy,12,16:00:57,16:32:36,16:33:34,COMPLETED,28963.0,982.8,1899.06,1957.45
1473,easy,11,16:02:14,16:33:34,16:33:54,COMPLETED,28361.0,334.5,1880.45,1900.23
1421,easy,12,16:03:14,16:34:00,16:34:20,COMPLETED,22801.0,335.0,1846.56,1866.16
1428,easy,12,16:02:56,16:33:41,16:34:26,COMPLETED,33997.0,766.1,1845.08,1890.70
1245,medium,14,15:58:34,16:31:37,16:34:45,COMPLETED,30226.0,3154.6,1983.16,2171.97
1390,easy,11,16:03:33,16:34:52,16:35:05,COMPLETED,32646.0,225.6,1879.53,1892.56
1344,medium,14,15:44:15,16:22:37,16:35:25,COMPLETED,26242.0,12804.0,2302.47,3070.25
1406,easy,11,16:03:37,16:35:12,16:35:31,COMPLETED,27386.0,335.2,1895.11,1914.87
875,hard,15,13:32:14,13:49:28,16:35:44,COMPLETED,28728.0,166270.2,1034.79,11010.85
1484,medium,13,16:01:35,16:32:42,16:35:44,COMPLETED,29535.0,3044.8,1867.68,2049.85
1220,medium,14,15:45:54,16:23:16,16:35:51,COMPLETED,26854.0,12586.7,2242.72,2997.46
1207,medium,13,15:59:42,16:32:09,16:35:58,COMPLETED,30260.0,3810.4,1947.89,2176.14
1509,easy,11,16:04:19,16:35:38,16:35:58,COMPLETED,23534.0,338.4,1879.25,1899.14
1446,easy,11,16:05:40,16:35:51,16:36:04,COMPLETED,26830.0,226.0,1811.46,1824.60
1497,medium,13,16:03:22,16:34:26,16:36:11,COMPLETED,31606.0,1746.3,1864.70,1969.08
1502,easy,12,16:05:49,16:35:51,16:36:17,COMPLETED,27259.0,438.8,1802.46,1828.55
1444,easy,11,16:07:31,16:36:04,16:36:17,COMPLETED,25818.0,221.0,1713.60,1726.55
1360,easy,12,16:07:07,16:36:04,16:36:23,COMPLETED,24265.0,328.3,1737.60,1756.94
1440,easy,11,16:08:43,16:36:23,16:36:36,COMPLETED,26589.0,217.5,1660.94,1673.70
1401,easy,11,16:08:11,16:36:17,16:36:49,COMPLETED,29120.0,535.3,1686.55,1718.39
1453,easy,11,16:07:40,16:36:11,16:36:55,COMPLETED,33856.0,749.1,1711.08,1755.71
1471,easy,11,16:09:20,16:36:43,16:36:55,COMPLETED,29666.0,217.2,1643.03,1655.71
1382,easy,12,16:03:29,16:34:33,16:37:27,COMPLETED,30158.0,2910.9,1864.08,2038.47
1447,easy,12,16:09:49,16:37:02,16:37:59,COMPLETED,25984.0,954.4,1633.08,1690.09
1492,easy,12,16:09:51,16:37:33,16:38:56,COMPLETED,35193.0,1376.6,1662.80,1745.09
1362,easy,12,16:09:58,16:39:02,16:40:05,COMPLETED,23249.0,1058.5,1744.42,1807.61
1030,medium,14,14:19:57,14:59:20,16:40:56,COMPLETED,33973.0,101599.9,2363.33,8459.20
1315,hard,15,15:42:10,16:21:06,16:42:37,COMPLETED,34089.0,21517.0,2336.60,3627.38
1369,easy,12,16:10:08,16:41:02,16:42:37,COMPLETED,33284.0,1586.2,1854.54,1949.38
1352,hard,15,15:50:59,16:26:18,16:45:44,COMPLETED,32880.0,19436.2,2119.83,3285.76
1439,hard,15,16:06:42,16:35:58,16:45:51,COMPLETED,35821.0,9892.2,1756.14,2349.10
1380,easy,11,16:10:32,16:45:51,16:46:04,COMPLETED,26751.0,226.9,2119.10,2132.42
1365,easy,12,16:10:58,16:45:57,16:46:17,COMPLETED,30055.0,330.9,2099.78,2119.10
992,hard,15,13:11:06,13:22:21,16:47:28,COMPLETED,28220.0,205126.0,675.14,12982.62
1219,medium,14,15:34:14,16:12:08,16:48:01,COMPLETED,30327.0,35891.3,2274.00,4427.13
1472,easy,12,16:12:26,16:47:35,16:48:01,COMPLETED,28501.0,441.9,2109.17,2135.13
1294,medium,14,15:48:52,16:25:13,16:48:20,COMPLETED,28615.0,23124.6,2181.74,3568.92
1494,medium,13,16:10:23,16:42:43,16:48:27,COMPLETED,24534.0,5734.8,1940.73,2284.40
1420,easy,12,16:13:41,16:48:27,16:48:40,COMPLETED,22074.0,227.1,2086.40,2099.53
1468,easy,12,16:13:44,16:48:33,16:48:53,COMPLETED,22747.0,334.0,2089.91,2109.66
782,hard,15,12:56:30,13:06:41,16:49:06,COMPLETED,34309.0,222412.3,611.65,13956.34
1482,easy,12,16:14:08,16:48:47,16:49:12,COMPLETED,19012.0,432.3,2079.07,2104.67
1379,easy,11,16:15:34,16:49:19,16:49:31,COMPLETED,26872.0,216.7,2025.06,2037.74
1475,easy,11,16:15:05,16:49:12,16:49:44,COMPLETED,33777.0,535.0,2047.67,2079.47
1504,easy,11,16:15:47,16:49:38,16:49:50,COMPLETED,26398.0,217.5,2031.08,2043.80
1441,medium,13,16:11:21,16:46:10,16:50:03,COMPLETED,35768.0,3885.2,2089.75,2322.58
1461,medium,13,16:09:57,16:38:05,16:50:09,COMPLETED,33670.0,12080.5,1688.42,2412.92
1395,easy,12,16:09:24,16:36:55,16:50:35,COMPLETED,25918.0,13666.1,1651.71,2471.43
1200,hard,15,15:41:22,16:18:46,16:51:07,COMPLETED,38267.0,32352.0,2244.13,4185.04
1374,medium,13,16:12:07,16:46:23,16:51:07,COMPLETED,27743.0,4726.7,2056.71,2340.04
1389,easy,11,16:16:40,16:49:50,16:51:26,COMPLETED,32046.0,1593.7,1990.80,2086.11
1457,easy,11,16:17:45,16:51:13,16:51:26,COMPLETED,26655.0,217.4,2008.38,2021.11
1342,medium,14,15:29:52,16:03:23,16:51:38,COMPLETED,28145.0,48261.7,2011.46,4906.94
1483,easy,11,16:19:34,16:51:45,16:51:58,COMPLETED,30536.0,218.8,1931.31,1944.08
1506,medium,14,16:19:10,16:51:32,16:53:33,COMPLETED,25982.0,2014.4,1942.48,2063.10
1285,medium,13,15:59:26,16:31:37,16:53:58,COMPLETED,38760.0,22359.5,1931.16,3272.56
1480,medium,13,16:16:52,16:50:16,16:54:17,COMPLETED,30850.0,4027.0,2004.33,2245.68
1399,easy,12,16:19:57,16:54:04,16:54:30,COMPLETED,31695.0,428.5,2047.95,2073.36
1397,easy,11,16:20:28,16:54:24,16:54:36,COMPLETED,35549.0,217.4,2036.01,2048.70
1422,medium,14,16:08:57,16:36:23,16:54:43,COMPLETED,38025.0,18324.0,1646.94,2746.08
1496,easy,12,16:20:39,16:54:36,16:54:43,COMPLETED,21283.0,113.5,2037.70,2044.08
1503,easy,11,16:20:57,16:54:43,16:54:55,COMPLETED,24614.0,219.4,2026.08,2038.95
1513,medium,13,16:17:40,16:51:13,16:56:43,COMPLETED,26061.0,5507.9,2013.38,2343.57
1358,medium,14,15:21:46,15:54:22,16:57:53,COMPLETED,31644.0,63514.0,1956.54,5767.19
1363,easy,12,16:22:01,16:57:59,16:58:18,COMPLETED,21226.0,324.1,2158.54,2177.65
1464,easy,12,16:22:27,16:58:25,16:58:50,COMPLETED,30661.0,429.1,2158.02,2183.46
1398,medium,14,16:14:11,16:48:59,16:59:28,COMPLETED,29950.0,10477.9,2088.99,2717.41
1478,medium,14,16:17:55,16:51:32,17:00:39,COMPLETED,33664.0,9124.6,2017.48,2564.62
1236,hard,15,15:19:10,15:50:31,17:00:58,COMPLETED,31265.0,70460.8,1881.55,6108.99
1433,easy,12,16:23:12,17:00:46,17:01:24,COMPLETED,23963.0,653.2,2254.04,2292.81
1423,easy,12,16:24:43,17:01:05,17:01:37,COMPLETED,26034.0,544.5,2182.38,2214.70
892,hard,15,13:36:05,13:56:51,17:01:50,COMPLETED,35208.0,184987.3,1246.28,12345.46
1222,hard,15,15:54:36,16:27:10,17:01:50,COMPLETED,35219.0,34673.9,1954.23,4034.46
1450,medium,13,16:23:02,16:59:34,17:01:50,COMPLETED,29248.0,2267.1,2192.74,2328.46
1413,easy,11,16:26:07,17:01:56,17:02:03,COMPLETED,25596.0,118.5,2149.80,2156.61
1436,easy,11,16:26:56,17:02:09,17:02:22,COMPLETED,31086.0,216.1,2113.96,2126.62
1391,easy,12,16:26:10,17:01:56,17:02:28,COMPLETED,28583.0,539.8,2146.80,2178.95
1456,easy,12,16:26:52,17:01:56,17:02:48,COMPLETED,32280.0,855.9,2104.80,2156.05
1505,easy,11,16:27:38,17:02:28,17:03:07,COMPLETED,34297.0,640.0,2090.95,2129.06
1377,medium,13,16:21:31,16:54:49,17:03:13,COMPLETED,25388.0,8401.6,1998.54,2502.39
1094,hard,15,14:30:37,15:07:17,17:03:32,COMPLETED,32844.0,116242.6,2200.98,9175.42
1408,medium,13,16:21:31,16:55:02,17:04:23,COMPLETED,33854.0,9356.4,2011.28,2572.36
1426,easy,12,16:30:36,17:04:29,17:04:55,COMPLETED,24014.0,428.7,2033.75,2059.17
1445,medium,14,16:28:40,17:02:35,17:05:07,COMPLETED,32845.0,2547.4,2035.33,2187.88
1364,easy,12,16:31:00,17:05:14,17:05:26,COMPLETED,26603.0,217.3,2054.22,2066.95
1511,medium,13,16:28:46,17:02:54,17:07:53,COMPLETED,28621.0,4994.2,2048.38,2347.60
1410,hard,15,16:16:43,16:49:57,17:08:25,COMPLETED,33394.0,18481.5,1994.18,3102.66
1212,hard,15,15:33:35,16:11:48,17:09:36,COMPLETED,28701.0,57806.4,2293.35,5761.46
1383,easy,11,16:31:49,17:09:42,17:09:49,COMPLETED,22288.0,115.9,2273.99,2280.42
1495,easy,11,16:32:01,17:09:55,17:10:15,COMPLETED,30077.0,325.4,2275.00,2294.02
1425,medium,14,16:29:34,17:03:19,17:10:34,COMPLETED,26138.0,7258.8,2025.76,2460.84
1487,medium,14,16:28:55,17:03:13,17:11:39,COMPLETED,36664.0,8438.7,2058.39,2564.40
1469,medium,13,16:31:32,17:08:00,17:12:11,COMPLETED,30292.0,4198.4,2188.10,2439.68
1386,easy,12,16:32:11,17:10:41,17:12:37,COMPLETED,28202.0,1939.1,2310.37,2426.24
872,hard,15,13:35:36,13:54:35,17:12:43,COMPLETED,31988.0,198145.9,1139.23,13027.77
1407,easy,11,16:33:06,17:12:50,17:12:57,COMPLETED,20277.0,116.8,2384.42,2391.12
1463,hard,15,16:12:30,16:48:07,17:14:06,COMPLETED,39600.0,25987.2,2137.72,3696.74
1373,hard,15,16:21:22,16:54:49,17:14:06,COMPLETED,32408.0,19291.0,2007.54,3164.74
1512,easy,11,16:33:22,17:14:13,17:14:32,COMPLETED,19230.0,324.7,2451.08,2470.26
1528,medium,13,16:32:54,17:12:18,17:14:57,COMPLETED,30273.0,2663.4,2364.05,2523.57
1485,easy,11,16:35:23,17:15:03,17:15:16,COMPLETED,24363.0,216.2,2380.90,2393.56
1376,hard,15,16:10:13,16:42:43,17:17:42,COMPLETED,29888.0,34975.3,1950.73,4049.04
1174,hard,15,14:54:05,15:23:01,17:18:26,COMPLETED,28601.0,115429.2,1736.36,8661.88
1405,easy,12,16:36:00,17:18:33,17:19:31,COMPLETED,30011.0,975.3,2553.45,2611.48
1230,medium,14,15:56:56,16:30:20,17:21:08,COMPLETED,40446.0,50800.5,2004.79,5052.51
1372,easy,12,16:36:28,17:21:15,17:21:47,COMPLETED,30097.0,548.0,2687.06,2719.44
1288,hard,15,15:56:14,16:30:01,17:21:53,COMPLETED,29632.0,51878.3,2027.69,5139.99
1424,easy,11,16:37:01,17:22:00,17:22:07,COMPLETED,23140.0,114.8,2699.64,2706.02
1368,medium,14,16:10:03,16:40:11,17:22:20,COMPLETED,32068.0,42142.0,1808.95,4337.14
1459,easy,11,16:37:24,17:22:13,17:22:45,COMPLETED,27457.0,548.2,2689.57,2721.95
1442,easy,11,16:37:27,17:22:52,17:22:59,COMPLETED,24752.0,116.7,2725.52,2732.03
1279,hard,15,15:24:04,15:57:07,17:23:37,COMPLETED,29908.0,86513.3,1983.41,7174.00
883,hard,15,13:58:39,14:31:02,17:24:04,COMPLETED,34474.0,173035.3,1943.12,12325.16
1431,easy,11,16:38:15,17:23:44,17:24:16,COMPLETED,31406.0,543.2,2729.56,2761.85
1524,easy,11,16:38:39,17:24:10,17:24:16,COMPLETED,27856.0,111.4,2731.49,2737.85
1417,easy,12,16:39:29,17:24:23,17:25:13,COMPLETED,19668.0,848.3,2694.19,2744.77
1466,medium,13,16:36:55,17:21:53,17:26:10,COMPLETED,27875.0,4283.1,2698.99,2955.69
1435,medium,14,16:35:46,17:17:48,17:26:42,COMPLETED,29321.0,8903.8,2522.37,3056.31
1491,easy,12,16:40:20,17:26:48,17:27:07,COMPLETED,28519.0,321.8,2788.65,2807.64
1361,easy,11,16:40:29,17:27:13,17:28:04,COMPLETED,26162.0,851.5,2804.98,2855.77
1404,medium,14,16:30:08,17:03:38,17:28:49,COMPLETED,32984.0,25177.3,2010.77,3521.12
1437,easy,12,16:41:18,17:28:55,17:29:27,COMPLETED,30415.0,537.8,2857.54,2889.26
1460,medium,14,16:33:13,17:13:03,17:30:06,COMPLETED,37618.0,17058.8,2390.45,3413.57
1510,medium,13,16:37:42,17:23:05,17:30:19,COMPLETED,29054.0,7243.6,2723.56,3157.73
1448,easy,12,16:41:10,17:28:11,17:30:26,COMPLETED,35077.0,2259.9,2821.09,2956.28
1050,medium,14,14:56:58,15:30:25,17:30:39,COMPLETED,33460.0,120234.5,2007.46,9221.34
1392,easy,12,16:41:34,17:30:13,17:30:45,COMPLETED,23299.0,551.7,2919.11,2951.88
1394,medium,13,16:42:07,17:30:26,17:31:50,COMPLETED,27781.0,1408.4,2899.28,2983.28
1499,hard,15,16:31:11,17:05:33,17:32:48,COMPLETED,32563.0,27259.4,2062.28,3697.48
1490,medium,13,16:42:18,17:30:45,17:33:07,COMPLETED,29893.0,2373.1,2907.88,3049.78
1384,medium,14,16:37:25,17:22:26,17:33:14,COMPLETED,34483.0,10803.4,2701.68,3349.33
1454,easy,12,16:43:05,17:32:55,17:33:20,COMPLETED,27266.0,438.2,2990.03,3015.99
1451,easy,12,16:43:17,17:33:20,17:33:59,COMPLETED,33459.0,652.0,3003.99,3042.81
1366,easy,11,16:44:36,17:34:06,17:34:19,COMPLETED,22326.0,222.5,2970.13,2983.07
1477,medium,13,16:44:04,17:33:27,17:34:38,COMPLETED,31233.0,1192.6,2963.35,3034.61
1415,easy,11,16:44:43,17:34:25,17:34:51,COMPLETED,26605.0,442.7,2982.52,3008.58
1523,easy,11,16:45:38,17:34:58,17:35:04,COMPLETED,27000.0,114.6,2960.13,2966.55
1434,easy,12,16:44:56,17:34:44,17:35:17,COMPLETED,30366.0,545.9,2988.95,3021.41
1522,easy,11,16:45:55,17:35:11,17:36:01,COMPLETED,37281.0,849.6,2956.03,3006.71
1025,hard,15,14:13:06,14:52:49,17:36:27,COMPLETED,37807.0,163634.5,2383.05,12201.03
1055,hard,15,14:11:49,14:49:23,17:37:05,COMPLETED,34909.0,167702.0,2254.08,12316.10
760,hard,15,12:15:49,12:16:36,17:37:24,COMPLETED,36917.0,320796.6,47.38,19295.14
1520,easy,12,16:48:30,17:37:30,17:37:36,COMPLETED,22211.0,111.2,2940.46,2946.83
1411,medium,13,16:45:58,17:35:23,17:38:08,COMPLETED,28068.0,2750.5,2965.74,3130.47
1438,hard,15,16:30:44,17:05:01,17:39:36,COMPLETED,34419.0,34594.4,2057.49,4132.95
1432,medium,14,16:46:17,17:36:08,17:41:56,COMPLETED,27391.0,5818.0,2991.04,3339.83
1507,easy,12,16:50:24,17:39:43,17:42:22,COMPLETED,30411.0,2654.4,2959.28,3118.24
1400,easy,11,16:50:44,17:42:03,17:43:01,COMPLETED,30469.0,972.6,3079.17,3137.05
1282,hard,15,15:02:14,15:33:55,17:43:14,COMPLETED,30324.0,129315.5,1901.34,9660.17
1430,easy,12,16:51:40,17:43:20,17:44:05,COMPLETED,28168.0,764.3,3100.50,3145.86
633,hard,15,11:45:25,11:46:01,17:44:45,COMPLETED,34702.0,358729.8,36.28,21560.04
1481,hard,15,16:33:47,17:14:13,17:45:35,COMPLETED,32668.0,31380.8,2426.08,4308.75
1489,easy,11,16:52:37,17:45:42,17:45:54,COMPLETED,27831.0,216.3,3185.08,3197.76
1458,medium,14,16:52:00,17:44:12,17:48:52,COMPLETED,31704.0,4665.7,3132.41,3412.05
1403,easy,11,16:54:44,17:48:58,17:49:11,COMPLETED,24029.0,217.8,3254.39,3267.16
1529,easy,12,16:54:45,17:49:17,17:50:39,COMPLETED,24289.0,1373.3,3272.48,3354.58
1387,hard,15,16:43:14,17:33:14,17:51:23,COMPLETED,30453.0,18168.1,3000.33,4089.92
1521,easy,11,16:55:45,17:51:30,17:51:56,COMPLETED,26763.0,441.6,3345.54,3371.53
1470,easy,11,16:56:26,17:52:03,17:52:16,COMPLETED,24737.0,224.5,3337.08,3350.25
1508,medium,13,16:53:06,17:46:01,17:52:42,COMPLETED,33945.0,6697.9,3175.08,3576.21
1514,easy,11,16:58:13,17:52:49,17:52:55,COMPLETED,18679.0,114.2,3276.01,3282.37
984,hard,15,13:14:05,13:25:06,17:54:45,COMPLETED,32760.0,269650.1,661.40,16840.32
1443,medium,13,16:57:24,17:52:22,17:55:36,COMPLETED,29006.0,3242.4,3298.58,3492.83
1419,hard,15,16:12:56,16:48:07,17:58:04,COMPLETED,34406.0,69948.8,2111.72,6308.58
1527,easy,11,16:58:50,17:58:10,17:58:42,COMPLETED,25314.0,536.7,3560.95,3592.80
24,hard,15,08:20:58,08:21:02,18:00:00,UNFINISHED,-1,-1,-1
266,hard,15,09:46:39,09:46:39,18:00:00,UNFINISHED,-1,-1,-1
251,hard,15,09:59:17,09:59:22,18:00:00,UNFINISHED,-1,-1,-1
588,hard,15,11:12:10,11:12:40,18:00:00,UNFINISHED,-1,-1,-1
742,hard,15,12:05:16,12:06:28,18:00:00,UNFINISHED,-1,-1,-1
735,hard,15,12:33:37,12:33:40,18:00:00,UNFINISHED,-1,-1,-1
783,hard,15,12:56:05,13:05:56,18:00:00,UNFINISHED,-1,-1,-1
922,hard,15,13:08:00,13:17:11,18:00:00,UNFINISHED,-1,-1,-1
982,hard,15,13:17:30,13:33:20,18:00:00,UNFINISHED,-1,-1,-1
893,hard,15,13:43:14,14:04:56,18:00:00,UNFINISHED,-1,-1,-1
873,hard,15,13:50:02,14:19:12,18:00:00,UNFINISHED,-1,-1,-1
919,hard,15,13:54:53,14:21:52,18:00:00,UNFINISHED,-1,-1,-1
1067,hard,15,14:01:17,14:34:44,18:00:00,UNFINISHED,-1,-1,-1
1153,hard,15,14:11:25,14:49:16,18:00:00,UNFINISHED,-1,-1,-1
1092,hard,15,14:28:34,15:07:05,18:00:00,UNFINISHED,-1,-1,-1
1063,hard,15,14:32:41,15:09:06,18:00:00,UNFINISHED,-1,-1,-1
1124,hard,15,14:49:29,15:16:51,18:00:00,UNFINISHED,-1,-1,-1
1152,hard,15,14:52:45,15:21:39,18:00:00,UNFINISHED,-1,-1,-1
1302,hard,15,15:10:46,15:40:02,18:00:00,UNFINISHED,-1,-1,-1
1289,hard,15,15:11:21,15:40:22,18:00:00,UNFINISHED,-1,-1,-1
1251,hard,15,15:16:18,15:46:11,18:00:00,UNFINISHED,-1,-1,-1
1351,hard,15,15:16:37,15:48:18,18:00:00,UNFINISHED,-1,-1,-1
1277,hard,15,15:18:43,15:49:46,18:00:00,UNFINISHED,-1,-1,-1
1356,hard,15,15:24:31,15:57:20,18:00:00,UNFINISHED,-1,-1,-1
1296,hard,15,15:36:05,16:14:24,18:00:00,UNFINISHED,-1,-1,-1
1306,hard,15,15:45:28,16:22:57,18:00:00,UNFINISHED,-1,-1,-1
1280,hard,15,15:54:58,16:27:16,18:00:00,UNFINISHED,-1,-1,-1
1518,hard,15,16:04:12,16:35:31,18:00:00,UNFINISHED,-1,-1,-1
1519,hard,15,16:09:08,16:36:30,18:00:00,UNFINISHED,-1,-1,-1
1393,medium,14,16:09:31,16:37:02,18:00:00,UNFINISHED,-1,-1,-1
1370,medium,14,16:16:49,16:50:09,18:00:00,UNFINISHED,-1,-1,-1
1412,hard,15,16:17:38,16:50:41,18:00:00,UNFINISHED,-1,-1,-1
1488,hard,15,16:19:39,16:52:04,18:00:00,UNFINISHED,-1,-1,-1
1501,hard,15,16:19:50,16:53:39,18:00:00,UNFINISHED,-1,-1,-1
1479,hard,15,16:21:55,16:56:49,18:00:00,UNFINISHED,-1,-1,-1
1381,hard,15,16:22:51,16:58:56,18:00:00,UNFINISHED,-1,-1,-1
1486,hard,15,16:25:12,17:01:31,18:00:00,UNFINISHED,-1,-1,-1
1465,medium,14,16:26:02,17:01:44,18:00:00,UNFINISHED,-1,-1,-1
1367,hard,15,16:31:44,17:08:32,18:00:00,UNFINISHED,-1,-1,-1
1429,hard,15,16:32:03,17:10:21,18:00:00,UNFINISHED,-1,-1,-1
1375,medium,14,16:32:47,17:11:45,18:00:00,UNFINISHED,-1,-1,-1
1452,hard,15,16:33:01,17:12:43,18:00:00,UNFINISHED,-1,-1,-1
1515,hard,15,16:34:47,17:14:38,18:00:00,UNFINISHED,-1,-1,-1
1416,hard,15,16:35:25,17:15:22,18:00:00,UNFINISHED,-1,-1,-1
1378,hard,15,16:36:25,17:19:38,18:00:00,UNFINISHED,-1,-1,-1
1498,medium,14,16:39:50,17:24:23,18:00:00,UNFINISHED,-1,-1,-1
1462,hard,15,16:40:00,17:25:20,18:00:00,UNFINISHED,-1,-1,-1
1516,hard,15,16:40:20,17:26:17,18:00:00,UNFINISHED,-1,-1,-1
1476,medium,14,16:41:24,17:29:33,18:00:00,UNFINISHED,-1,-1,-1
1474,hard,15,16:42:16,17:30:32,18:00:00,UNFINISHED,-1,-1,-1
1409,hard,15,16:42:51,17:30:52,18:00:00,UNFINISHED,-1,-1,-1
1427,medium,14,16:43:03,17:31:56,18:00:00,UNFINISHED,-1,-1,-1
1371,hard,15,16:47:54,17:36:33,18:00:00,UNFINISHED,-1,-1,-1
1418,medium,14,16:47:57,17:37:11,18:00:00,UNFINISHED,-1,-1,-1
1414,hard,15,16:49:23,17:37:43,18:00:00,UNFINISHED,-1,-1,-1
1467,hard,15,16:49:36,17:38:14,18:00:00,UNFINISHED,-1,-1,-1
1385,medium,14,16:50:57,17:42:28,18:00:00,UNFINISHED,-1,-1,-1
1517,hard,15,16:51:02,17:43:07,18:00:00,UNFINISHED,-1,-1,-1
1402,hard,15,16:52:09,17:44:51,18:00:00,UNFINISHED,-1,-1,-1
1396,medium,14,16:54:58,17:50:45,18:00:00,UNFINISHED,-1,-1,-1
1493,hard,15,16:58:14,17:53:01,18:00:00,UNFINISHED,-1,-1,-1
1449,medium,14,16:58:23,17:54:51,18:00:00,UNFINISHED,-1,-1,-1
1455,hard,15,16:58:39,17:55:43,18:00:00,UNFINISHED,-1,-1,-1
1526,medium,14,16:59:00,17:58:49,18:00:00,UNFINISHED,-1,-1,-1
1525,medium,13,16:59:12,-,-,IGNORED,-1,-1
1388,easy,11,16:59:21,-,-,IGNORED,-1,-1
