task_id,difficulty,n,arrival_sim,start_sim,end_sim,status,cost,real_duration_sec,waiting_time_mili_sec,time_in_system_mili_sec
68,medium,13,08:00:54,08:00:54,08:01:55,COMPLETED,23271.0,1017.8,0.20,61.26
7,easy,12,08:01:35,08:01:37,08:01:55,COMPLETED,28920.0,304.3,2.03,20.26
124,easy,12,08:02:59,08:03:01,08:03:50,COMPLETED,19172.0,808.3,2.67,51.14
92,easy,11,08:03:34,08:03:37,08:03:50,COMPLETED,29907.0,204.0,3.99,16.14
106,medium,13,08:01:42,08:01:43,08:04:08,COMPLETED,30947.0,2421.7,1.10,146.39
113,medium,13,08:02:16,08:02:19,08:05:02,COMPLETED,31288.0,2727.4,3.38,166.97
14,easy,11,08:04:49,08:04:50,08:05:21,COMPLETED,26957.0,508.9,1.75,32.21
140,medium,14,08:01:43,08:01:43,08:05:33,COMPLETED,30876.0,3838.1,0.10,230.42
55,easy,12,08:04:58,08:05:02,08:05:33,COMPLETED,26470.0,508.4,4.97,35.42
19,easy,11,08:05:26,08:05:27,08:05:57,COMPLETED,27573.0,506.9,1.32,31.65
53,easy,12,08:05:20,08:05:21,08:06:21,COMPLETED,34149.0,1014.2,1.21,61.98
25,medium,13,08:02:38,08:02:43,08:06:34,COMPLETED,29926.0,3843.8,5.54,236.15
56,easy,11,08:07:36,08:07:40,08:08:05,COMPLETED,27839.0,412.3,4.94,29.60
47,medium,13,08:04:34,08:04:38,08:08:11,COMPLETED,35035.0,3553.3,4.61,217.74
5,easy,12,08:07:54,08:07:59,08:08:23,COMPLETED,21535.0,411.6,5.31,29.93
20,easy,11,08:08:39,08:08:42,08:09:00,COMPLETED,26165.0,306.3,3.23,21.52
38,easy,11,08:09:09,08:09:12,08:09:31,COMPLETED,27505.0,307.9,3.73,22.11
28,easy,12,08:09:29,08:09:31,08:10:01,COMPLETED,26181.0,514.1,2.11,32.76
109,medium,13,08:07:57,08:07:59,08:10:14,COMPLETED,30548.0,2246.7,2.31,137.13
82,easy,12,08:09:57,08:10:01,08:10:26,COMPLETED,30498.0,410.4,4.76,29.34
48,medium,14,08:05:56,08:05:57,08:10:50,COMPLETED,30090.0,4888.3,1.65,294.71
146,easy,12,08:10:50,08:10:50,08:11:15,COMPLETED,22624.0,410.9,0.71,25.36
112,easy,11,08:11:18,08:11:21,08:11:27,COMPLETED,24414.0,103.5,3.50,9.65
34,hard,15,08:05:59,08:06:03,08:11:39,COMPLETED,31277.0,5603.9,4.77,340.95
115,easy,12,08:11:19,08:11:21,08:11:58,COMPLETED,29129.0,613.7,2.50,39.26
22,easy,11,08:12:09,08:12:10,08:12:22,COMPLETED,27909.0,206.9,1.46,13.78
97,medium,13,08:12:41,08:12:41,08:13:29,COMPLETED,23096.0,812.2,0.16,48.82
36,easy,11,08:13:47,08:13:48,08:14:12,COMPLETED,28432.0,409.3,1.07,25.57
101,easy,12,08:13:52,08:13:54,08:14:12,COMPLETED,25620.0,307.3,2.21,20.57
131,medium,13,08:08:06,08:08:11,08:15:19,COMPLETED,32935.0,7130.1,5.74,433.52
71,easy,11,08:15:40,08:15:43,08:16:26,COMPLETED,31330.0,714.4,3.89,46.72
89,easy,11,08:16:05,08:16:08,08:16:26,COMPLETED,28472.0,308.2,3.32,21.72
96,easy,12,08:15:39,08:15:43,08:16:32,COMPLETED,29168.0,817.6,4.89,53.84
31,medium,13,08:14:47,08:14:49,08:16:38,COMPLETED,26924.0,1833.6,2.03,111.98
70,easy,11,08:16:14,08:16:14,08:16:38,COMPLETED,29638.0,409.8,0.48,24.98
83,easy,11,08:17:16,08:17:21,08:17:46,COMPLETED,32277.0,413.6,5.68,30.39
12,easy,11,08:18:42,08:18:42,08:18:48,COMPLETED,30634.0,108.4,0.23,6.54
91,medium,13,08:11:54,08:11:58,08:20:46,COMPLETED,32000.0,8797.8,4.26,532.03
122,medium,13,08:18:10,08:18:11,08:21:35,COMPLETED,26732.0,3409.6,1.04,205.46
148,easy,12,08:21:40,08:21:41,08:22:18,COMPLETED,20845.0,626.2,1.69,38.97
129,medium,13,08:22:12,08:22:12,08:22:43,COMPLETED,29265.0,522.0,0.66,31.78
136,medium,14,08:17:37,08:17:40,08:23:08,COMPLETED,33763.0,5478.6,3.14,331.72
93,medium,14,08:20:14,08:20:15,08:23:33,COMPLETED,27229.0,3311.4,1.11,199.67
135,easy,12,08:23:21,08:23:21,08:23:58,COMPLETED,36530.0,622.8,0.15,37.39
13,easy,12,08:24:42,08:24:47,08:25:05,COMPLETED,31613.0,309.7,5.55,24.00
127,medium,14,08:11:30,08:11:33,08:25:30,COMPLETED,29436.0,13947.7,3.74,840.56
77,easy,11,08:25:35,08:25:36,08:25:49,COMPLETED,18439.0,207.6,1.71,14.05
132,medium,14,08:17:53,08:17:58,08:26:44,COMPLETED,31700.0,8763.8,5.63,531.38
72,easy,11,08:26:38,08:26:38,08:26:56,COMPLETED,30762.0,311.6,0.20,18.77
74,easy,11,08:26:46,08:26:50,08:27:02,COMPLETED,22084.0,208.5,4.54,16.93
15,easy,12,08:26:19,08:26:19,08:27:09,COMPLETED,25229.0,824.0,0.71,50.08
69,easy,12,08:26:16,08:26:19,08:27:21,COMPLETED,27180.0,1029.8,3.71,65.36
85,hard,15,08:16:32,08:16:32,08:28:35,COMPLETED,31980.0,12040.3,0.84,723.15
84,medium,13,08:22:16,08:22:18,08:29:25,COMPLETED,31638.0,7105.4,2.97,429.15
90,easy,12,08:26:47,08:26:50,08:29:43,COMPLETED,31981.0,2892.8,3.54,176.94
40,easy,12,08:29:04,08:29:06,08:29:43,COMPLETED,26430.0,633.4,2.19,39.94
30,easy,12,08:29:04,08:29:06,08:30:02,COMPLETED,31206.0,948.4,2.19,58.88
118,easy,12,08:29:12,08:29:12,08:30:02,COMPLETED,29463.0,843.6,0.42,50.88
65,easy,12,08:29:55,08:29:56,08:30:15,COMPLETED,26699.0,315.3,1.53,20.32
110,medium,13,08:27:59,08:28:04,08:30:34,COMPLETED,29240.0,2496.7,5.32,155.02
27,easy,11,08:30:27,08:30:27,08:30:40,COMPLETED,32771.0,210.7,0.73,13.17
123,hard,15,08:16:58,08:17:03,08:32:32,COMPLETED,31089.0,15482.7,5.38,934.01
87,easy,11,08:32:29,08:32:32,08:32:38,COMPLETED,29619.0,114.2,3.01,9.54
80,medium,14,08:09:44,08:09:49,08:32:51,COMPLETED,36478.0,23030.0,5.51,1387.16
86,easy,11,08:32:34,08:32:38,08:32:51,COMPLETED,32908.0,216.2,4.54,17.16
42,easy,11,08:33:01,08:33:03,08:33:10,COMPLETED,22068.0,109.0,2.78,9.10
98,hard,15,08:18:21,08:18:23,08:33:53,COMPLETED,38190.0,15501.0,2.59,932.58
88,medium,13,08:31:05,08:31:05,08:34:18,COMPLETED,34086.0,3226.8,0.03,193.34
61,easy,11,08:33:43,08:33:47,08:34:24,COMPLETED,29704.0,628.5,4.22,41.71
125,easy,12,08:34:14,08:34:18,08:34:24,COMPLETED,17471.0,110.5,4.34,10.71
105,medium,13,08:32:30,08:32:32,08:34:31,COMPLETED,31414.0,1987.1,2.01,121.01
139,medium,13,08:28:20,08:28:22,08:34:37,COMPLETED,32739.0,6245.8,2.82,377.40
54,medium,13,08:28:35,08:28:35,08:35:20,COMPLETED,32065.0,6759.8,0.15,405.61
50,medium,14,08:29:11,08:29:12,08:35:26,COMPLETED,28402.0,6241.2,1.42,375.79
107,easy,11,08:35:36,08:35:39,08:36:09,COMPLETED,28350.0,513.6,3.05,33.70
100,easy,11,08:36:08,08:36:09,08:36:22,COMPLETED,22525.0,207.2,1.70,14.02
81,medium,13,08:36:29,08:36:34,08:37:17,COMPLETED,26751.0,719.6,5.33,48.39
52,easy,12,08:36:54,08:36:58,08:38:06,COMPLETED,25121.0,1128.8,4.92,72.51
32,easy,11,08:37:38,08:37:41,08:38:06,COMPLETED,28627.0,412.2,3.93,28.51
145,easy,12,08:38:21,08:38:24,08:38:55,COMPLETED,29383.0,516.4,3.99,34.83
46,easy,12,08:39:00,08:39:02,08:39:20,COMPLETED,28277.0,311.0,2.01,20.53
117,medium,14,08:32:50,08:32:51,08:39:26,COMPLETED,35919.0,6594.0,1.16,396.70
114,easy,11,08:38:40,08:38:43,08:39:32,COMPLETED,34678.0,824.9,3.46,52.86
1,medium,13,08:38:39,08:38:43,08:40:22,COMPLETED,26035.0,1650.5,4.46,103.26
63,easy,11,08:40:05,08:40:09,08:40:22,COMPLETED,29241.0,210.3,4.93,17.26
133,medium,13,08:36:27,08:36:28,08:41:18,COMPLETED,26674.0,4843.0,1.15,291.56
66,easy,12,08:41:36,08:41:37,08:41:43,COMPLETED,24847.0,106.1,1.27,7.50
130,easy,12,08:41:00,08:41:05,08:42:20,COMPLETED,26683.0,1253.6,5.97,80.99
76,easy,12,08:41:52,08:41:55,08:42:20,COMPLETED,26005.0,423.7,3.80,28.99
121,medium,14,08:23:02,08:23:02,08:42:27,COMPLETED,29069.0,19416.5,0.40,1165.26
37,easy,12,08:41:57,08:42:02,08:42:33,COMPLETED,24801.0,527.0,5.14,36.55
17,easy,11,08:42:20,08:42:20,08:42:33,COMPLETED,28671.0,213.6,0.99,13.55
137,medium,14,08:34:26,08:34:31,08:43:29,COMPLETED,32483.0,8978.8,5.01,543.64
104,easy,11,08:43:12,08:43:17,08:43:42,COMPLETED,33074.0,417.1,5.27,30.07
16,hard,15,08:36:31,08:36:34,08:43:48,COMPLETED,35451.0,7235.6,3.33,437.34
26,medium,14,08:30:37,08:30:40,08:44:13,COMPLETED,38321.0,13557.0,3.17,816.44
78,easy,11,08:44:53,08:44:56,08:45:03,COMPLETED,27946.0,105.9,3.92,10.14
59,medium,13,08:43:59,08:44:00,08:45:21,COMPLETED,24239.0,1350.0,1.82,82.70
41,medium,13,08:39:38,08:39:39,08:45:52,COMPLETED,35653.0,6225.3,1.02,374.44
11,easy,12,08:44:28,08:44:32,08:46:04,COMPLETED,30408.0,1547.4,4.10,96.79
3,easy,11,08:45:53,08:45:58,08:46:04,COMPLETED,24987.0,106.3,5.60,11.79
10,medium,13,08:46:07,08:46:11,08:46:29,COMPLETED,21122.0,311.9,4.00,22.52
33,medium,13,08:42:50,08:42:52,08:46:41,COMPLETED,32773.0,3826.6,2.39,231.92
149,easy,12,08:46:03,08:46:04,08:46:41,COMPLETED,25481.0,621.2,1.79,38.92
99,easy,11,08:46:27,08:46:29,08:46:41,COMPLETED,25820.0,209.2,2.52,14.92
2,medium,13,08:46:45,08:46:48,08:47:43,COMPLETED,21738.0,924.9,3.10,58.46
21,easy,11,08:47:47,08:47:49,08:47:55,COMPLETED,30764.0,107.0,2.62,8.83
62,easy,12,08:47:51,08:47:55,08:48:20,COMPLETED,23390.0,414.7,4.83,29.55
143,medium,13,08:42:34,08:42:39,08:49:59,COMPLETED,30795.0,7325.2,5.84,445.25
51,easy,11,08:49:46,08:49:46,08:50:05,COMPLETED,29693.0,312.0,0.86,19.42
134,hard,15,08:15:01,08:15:01,08:50:48,COMPLETED,32112.0,35788.6,0.23,2147.51
116,medium,14,08:39:02,08:39:02,08:52:02,COMPLETED,33519.0,13007.7,0.01,780.37
138,easy,12,08:52:19,08:52:20,08:52:39,COMPLETED,29772.0,311.0,1.86,20.34
23,easy,12,08:52:35,08:52:39,08:52:57,COMPLETED,29057.0,311.4,4.34,22.84
142,hard,15,08:15:20,08:15:25,08:53:10,COMPLETED,32601.0,37743.7,5.61,2270.19
43,easy,11,08:52:56,08:52:57,08:53:16,COMPLETED,28889.0,310.7,1.84,20.35
0,medium,13,08:50:17,08:50:17,08:53:22,COMPLETED,37744.0,3081.5,0.74,185.51
79,easy,12,08:52:01,08:52:02,08:53:28,COMPLETED,27626.0,1440.2,1.37,87.66
6,hard,15,08:28:14,08:28:16,08:53:59,COMPLETED,32892.0,25712.8,2.63,1545.32
111,medium,13,08:42:48,08:42:52,08:55:06,COMPLETED,34099.0,12240.3,4.39,738.72
60,medium,14,08:45:14,08:45:15,08:56:20,COMPLETED,32324.0,11081.2,1.51,666.29
8,easy,12,08:56:12,08:56:14,08:56:39,COMPLETED,23470.0,428.0,2.11,27.60
39,easy,11,08:56:37,08:56:39,08:56:45,COMPLETED,30307.0,105.9,2.60,8.82
108,medium,14,08:48:40,08:48:45,08:57:04,COMPLETED,35222.0,8325.0,5.20,504.42
102,easy,11,08:56:59,08:57:04,08:57:16,COMPLETED,32697.0,211.6,5.42,17.95
141,easy,11,08:58:21,08:58:24,08:58:55,COMPLETED,30816.0,517.0,3.88,34.88
119,easy,12,08:59:25,08:59:26,08:59:38,COMPLETED,29550.0,208.6,1.60,13.94
144,easy,12,08:58:20,08:58:24,08:59:51,COMPLETED,25983.0,1441.3,4.88,91.27
45,hard,15,08:04:01,08:04:02,09:00:15,COMPLETED,36678.0,56224.7,1.30,3374.76
58,medium,13,08:59:35,08:59:38,09:00:52,COMPLETED,30802.0,1229.8,3.94,77.52
95,hard,15,08:40:54,08:40:59,09:01:04,COMPLETED,29884.0,20088.2,5.71,1210.93
178,easy,11,09:00:58,09:00:58,09:01:11,COMPLETED,32427.0,206.9,0.77,13.07
207,easy,12,09:00:48,09:00:52,09:01:23,COMPLETED,26338.0,515.9,4.52,35.37
161,easy,12,09:01:17,09:01:17,09:02:00,COMPLETED,25353.0,716.0,0.20,43.06
254,easy,12,09:03:01,09:03:01,09:03:38,COMPLETED,29541.0,616.4,0.19,37.07
155,easy,12,09:03:20,09:03:25,09:04:14,COMPLETED,25220.0,821.3,5.72,54.89
285,medium,13,09:03:31,09:03:31,09:04:14,COMPLETED,27977.0,718.6,0.90,43.89
103,medium,14,08:44:51,08:44:56,09:04:58,COMPLETED,35807.0,20021.9,5.92,1207.11
164,easy,12,09:05:24,09:05:29,09:05:41,COMPLETED,31330.0,213.6,5.01,17.73
176,easy,12,09:05:26,09:05:29,09:05:41,COMPLETED,25830.0,212.2,3.01,15.73
249,easy,11,09:05:57,09:06:00,09:06:06,COMPLETED,22064.0,108.1,3.24,9.54
64,hard,15,08:23:43,08:23:46,09:07:02,COMPLETED,25309.0,43274.1,3.02,2599.35
231,medium,14,09:02:37,09:02:42,09:07:08,COMPLETED,35262.0,4433.8,5.81,271.61
205,easy,11,09:07:39,09:07:39,09:07:45,COMPLETED,19034.0,108.3,0.57,6.88
29,medium,14,08:38:07,08:38:12,09:08:22,COMPLETED,37692.0,30174.4,5.68,1815.92
211,medium,13,09:06:17,09:06:18,09:09:06,COMPLETED,28947.0,2792.8,1.92,169.31
168,easy,12,09:08:48,09:08:53,09:09:24,COMPLETED,39753.0,519.9,5.93,36.94
210,easy,11,09:09:00,09:09:00,09:09:24,COMPLETED,27169.0,417.8,0.10,24.94
57,hard,15,08:13:54,08:13:54,09:10:02,COMPLETED,33074.0,56132.0,0.21,3368.09
273,easy,12,09:08:20,09:08:22,09:10:02,COMPLETED,29857.0,1656.7,2.92,102.09
219,medium,13,09:05:43,09:05:47,09:10:57,COMPLETED,32185.0,5163.1,4.88,314.48
167,easy,11,09:10:59,09:11:03,09:11:40,COMPLETED,29049.0,615.6,4.70,41.53
195,easy,12,09:11:43,09:11:46,09:12:17,COMPLETED,20501.0,515.5,3.68,34.46
281,easy,11,09:12:22,09:12:23,09:12:36,COMPLETED,27782.0,208.2,1.65,14.01
248,easy,11,09:12:17,09:12:17,09:13:00,COMPLETED,30701.0,721.9,0.46,43.64
94,hard,15,08:10:47,08:10:50,09:13:06,COMPLETED,37591.0,62269.4,3.71,3739.80
187,easy,12,09:12:03,09:12:05,09:13:06,COMPLETED,28239.0,1031.2,2.11,63.80
243,medium,13,09:12:09,09:12:11,09:13:06,COMPLETED,27774.0,928.5,2.29,57.80
242,medium,13,09:10:56,09:10:57,09:13:13,COMPLETED,31688.0,2261.4,1.48,137.03
272,easy,11,09:13:02,09:13:06,09:13:13,COMPLETED,29134.0,106.6,4.80,11.03
160,medium,14,09:13:07,09:13:13,09:13:43,COMPLETED,29136.0,516.7,6.03,36.85
251,easy,12,09:13:41,09:13:43,09:14:02,COMPLETED,26259.0,311.9,2.85,21.37
235,medium,13,09:09:53,09:09:55,09:14:20,COMPLETED,21822.0,4417.6,2.89,267.85
238,easy,11,09:14:00,09:14:02,09:14:51,COMPLETED,33713.67373704739,822.6,2.37,51.53
218,easy,11,09:14:47,09:14:51,09:15:03,COMPLETED,29262.0,208.7,4.53,16.89
299,easy,11,09:14:59,09:15:03,09:15:16,COMPLETED,23768.0,210.1,4.89,17.32
191,medium,13,09:11:28,09:11:28,09:15:22,COMPLETED,25003.0,3906.8,0.21,234.52
184,easy,11,09:15:12,09:15:16,09:15:22,COMPLETED,29514.0,105.7,4.32,10.52
35,hard,15,08:23:48,08:23:52,09:15:53,COMPLETED,30184.0,52023.6,4.21,3125.53
277,medium,13,09:13:21,09:13:25,09:15:59,COMPLETED,29157.0,2576.4,4.36,158.77
292,easy,11,09:16:48,09:16:49,09:16:55,COMPLETED,21655.0,104.6,1.22,7.38
229,easy,11,09:17:00,09:17:01,09:17:13,COMPLETED,25437.0,210.0,1.52,13.92
172,easy,12,09:17:01,09:17:01,09:17:20,COMPLETED,29721.0,313.4,0.52,19.17
217,easy,12,09:17:42,09:17:44,09:18:09,COMPLETED,24581.0,416.2,2.97,27.83
291,medium,13,09:10:48,09:10:51,09:20:01,COMPLETED,32601.0,9163.6,3.30,553.03
296,medium,13,09:13:28,09:13:31,09:20:37,COMPLETED,29230.0,7109.6,3.53,429.94
265,medium,14,09:11:28,09:11:28,09:21:58,COMPLETED,30320.0,10505.7,0.21,630.50
212,easy,11,09:23:12,09:23:12,09:23:30,COMPLETED,23909.0,312.2,0.32,18.85
274,easy,12,09:23:59,09:24:01,09:24:32,COMPLETED,25736.0,519.4,2.74,33.79
288,easy,12,09:24:06,09:24:07,09:24:32,COMPLETED,33055.0,416.5,1.97,26.79
214,easy,12,09:25:52,09:25:53,09:26:36,COMPLETED,34207.0,726.0,1.22,44.55
208,hard,15,09:04:54,09:04:58,09:26:42,COMPLETED,34800.0,21747.4,4.11,1308.82
233,medium,13,09:24:21,09:24:26,09:26:55,COMPLETED,27215.0,2489.0,5.52,154.60
177,easy,11,09:26:33,09:26:36,09:27:01,COMPLETED,32751.0,427.3,3.55,28.94
179,easy,11,09:26:45,09:26:49,09:27:14,COMPLETED,36523.0,427.6,4.15,29.55
157,easy,12,09:27:45,09:27:45,09:27:52,COMPLETED,28665.0,111.3,0.98,7.38
295,easy,12,09:27:57,09:27:58,09:28:30,COMPLETED,35167.0,528.7,1.70,33.32
73,hard,15,08:02:59,08:03:01,09:28:36,COMPLETED,30322.0,85582.1,2.67,5137.56
262,easy,12,09:26:32,09:26:36,09:28:42,COMPLETED,23658.0,2110.9,4.55,130.93
260,easy,11,09:28:01,09:28:05,09:28:49,COMPLETED,26933.0,741.2,4.07,48.28
267,medium,14,09:23:06,09:23:06,09:29:08,COMPLETED,31087.0,6038.3,0.14,362.24
230,easy,11,09:28:52,09:28:55,09:29:08,COMPLETED,30587.0,216.0,3.60,16.24
271,medium,14,09:27:15,09:27:20,09:29:27,COMPLETED,35792.0,2108.1,5.85,132.08
240,medium,14,09:21:30,09:21:33,09:29:52,COMPLETED,31744.0,8307.6,3.90,502.17
246,easy,11,09:29:34,09:29:39,09:29:52,COMPLETED,27736.0,213.3,5.68,18.17
298,easy,11,09:29:42,09:29:45,09:29:52,COMPLETED,22694.0,109.8,3.93,10.17
204,easy,11,09:29:53,09:29:58,09:30:04,COMPLETED,26096.0,110.5,5.55,11.91
221,easy,12,09:30:15,09:30:17,09:30:42,COMPLETED,26211.0,428.1,2.48,27.81
253,medium,14,09:24:42,09:24:45,09:30:55,COMPLETED,33745.0,6176.3,3.15,373.50
166,easy,12,09:30:36,09:30:36,09:31:14,COMPLETED,30887.0,633.9,0.42,38.31
151,medium,14,09:23:57,09:24:01,09:31:26,COMPLETED,34045.0,7418.0,4.74,449.67
287,medium,13,09:28:16,09:28:17,09:31:26,COMPLETED,33439.0,3154.8,1.55,190.67
256,medium,13,09:30:40,09:30:42,09:31:26,COMPLETED,28090.0,734.0,2.81,46.67
201,easy,11,09:31:55,09:31:57,09:32:10,COMPLETED,26782.0,217.4,2.81,15.63
278,easy,12,09:31:56,09:31:57,09:32:16,COMPLETED,30566.0,323.2,1.81,20.92
268,easy,11,09:32:16,09:32:16,09:32:23,COMPLETED,27588.0,111.2,0.92,7.36
276,easy,11,09:33:56,09:33:56,09:34:02,COMPLETED,23456.0,106.1,0.00,6.25
190,medium,13,09:23:25,09:23:30,09:34:27,COMPLETED,29201.0,10939.1,5.85,662.05
165,hard,15,09:12:23,09:12:23,09:34:45,COMPLETED,28567.0,22367.1,0.65,1342.64
175,medium,14,09:23:39,09:23:43,09:35:16,COMPLETED,28291.0,11555.5,4.24,697.44
173,easy,12,09:35:20,09:35:22,09:35:28,COMPLETED,27814.0,106.7,2.64,8.87
152,easy,11,09:35:43,09:35:47,09:35:59,COMPLETED,21908.0,210.1,4.40,16.83
194,easy,11,09:36:35,09:36:36,09:36:49,COMPLETED,25866.0,210.2,1.94,14.36
222,easy,11,09:36:43,09:36:43,09:36:55,COMPLETED,27247.0,210.0,0.16,12.59
225,easy,11,09:36:45,09:36:49,09:36:55,COMPLETED,25689.0,106.8,4.36,10.59
286,medium,13,09:32:47,09:32:48,09:37:07,COMPLETED,31443.0,4334.0,1.10,260.95
186,medium,14,09:21:52,09:21:52,09:37:32,COMPLETED,33979.0,15676.3,0.32,940.79
193,easy,12,09:38:24,09:38:28,09:38:54,COMPLETED,33884.0,425.8,4.79,30.08
257,medium,13,09:34:09,09:34:14,09:39:50,COMPLETED,35367.0,5604.0,5.60,341.62
239,medium,13,09:36:20,09:36:24,09:39:50,COMPLETED,28708.0,3438.8,4.56,210.62
44,medium,14,08:18:15,08:18:17,09:39:56,COMPLETED,39136.0,81662.5,2.30,4901.98
280,medium,13,09:39:21,09:39:25,09:40:15,COMPLETED,27836.0,847.7,4.39,54.99
266,easy,12,09:38:11,09:38:16,09:40:34,COMPLETED,22322.0,2316.5,5.10,143.86
282,medium,13,09:38:28,09:38:28,09:40:59,COMPLETED,27083.0,2519.2,0.79,151.79
206,easy,11,09:40:58,09:40:59,09:41:06,COMPLETED,25462.0,108.6,1.79,8.09
171,easy,12,09:40:57,09:40:59,09:41:31,COMPLETED,22678.0,526.1,2.79,34.13
234,medium,13,09:39:42,09:39:44,09:41:49,COMPLETED,26823.0,2101.3,2.14,127.98
188,medium,13,09:33:11,09:33:12,09:42:08,COMPLETED,30894.0,8936.2,1.84,537.80
224,medium,13,09:40:09,09:40:09,09:42:27,COMPLETED,33243.0,2302.0,0.57,138.51
279,medium,13,09:38:25,09:38:28,09:42:33,COMPLETED,20169.0,4084.5,3.79,248.73
270,hard,15,09:05:31,09:05:35,09:42:39,COMPLETED,33447.0,37078.0,4.42,2228.97
215,easy,11,09:42:31,09:42:33,09:42:46,COMPLETED,30866.0,215.5,2.73,15.29
290,easy,11,09:43:54,09:43:54,09:44:00,COMPLETED,23661.0,107.3,0.73,6.96
232,hard,15,09:24:24,09:24:26,09:44:13,COMPLETED,27900.0,19782.0,2.52,1189.39
263,medium,14,09:43:48,09:43:48,09:45:09,COMPLETED,22963.0,1343.9,0.52,81.01
189,medium,13,09:32:00,09:32:04,09:45:52,COMPLETED,34603.0,13801.2,4.27,832.24
226,easy,12,09:44:48,09:44:50,09:46:35,COMPLETED,22678.0,1753.5,2.44,107.49
147,medium,14,08:04:56,08:04:56,09:47:12,COMPLETED,36906.0,102262.6,0.87,6136.61
196,medium,13,09:46:09,09:46:10,09:47:12,COMPLETED,29221.0,1033.5,1.76,63.61
203,easy,11,09:48:12,09:48:14,09:48:33,COMPLETED,29423.0,318.4,2.29,21.13
183,easy,11,09:49:29,09:49:35,09:49:47,COMPLETED,25271.0,210.5,6.09,18.55
236,easy,12,09:49:41,09:49:41,09:49:59,COMPLETED,29290.0,313.0,0.32,18.92
199,hard,15,09:48:24,09:48:26,09:51:51,COMPLETED,23726.0,3421.0,2.73,207.81
244,medium,13,09:42:44,09:42:46,09:52:16,COMPLETED,32931.0,9508.0,2.29,572.54
163,medium,14,09:46:55,09:47:00,09:52:16,COMPLETED,24706.0,5276.9,5.22,321.54
261,hard,15,09:43:32,09:43:36,09:52:54,COMPLETED,30735.0,9305.8,4.14,562.30
241,easy,11,09:52:57,09:53:00,09:53:19,COMPLETED,25671.0,320.3,3.53,22.56
297,medium,13,09:52:51,09:52:54,09:53:25,COMPLETED,30624.0,527.7,3.30,34.80
294,medium,13,09:49:26,09:49:28,09:54:21,COMPLETED,21486.0,4878.8,2.88,295.43
182,hard,15,09:00:27,09:00:27,09:54:40,COMPLETED,30736.0,54203.2,1.00,3253.08
252,medium,13,09:53:13,09:53:13,09:55:17,COMPLETED,21906.0,2072.8,0.20,124.42
158,easy,11,09:55:47,09:55:48,09:55:54,COMPLETED,32552.0,106.7,1.51,7.74
153,easy,12,09:55:27,09:55:29,09:56:00,COMPLETED,25528.0,521.5,2.83,33.94
275,hard,15,09:20:40,09:20:44,09:56:50,COMPLETED,32184.0,36107.6,4.17,2170.56
245,medium,13,09:54:39,09:54:40,09:57:15,COMPLETED,22772.0,2589.8,1.08,156.31
293,easy,11,09:57:42,09:57:46,09:57:52,COMPLETED,23197.0,107.9,4.40,10.67
185,easy,11,09:58:19,09:58:23,09:58:42,COMPLETED,23924.0,315.2,4.68,23.34
259,hard,15,09:18:30,09:18:34,09:59:13,COMPLETED,29370.0,40650.8,4.47,2443.46
283,easy,12,09:54:23,09:54:27,09:59:32,COMPLETED,43798.0,5075.9,4.66,309.07
200,medium,13,09:56:24,09:56:25,09:59:32,COMPLETED,35773.0,3109.2,1.68,188.07
209,easy,11,09:59:44,09:59:44,09:59:50,COMPLETED,25081.0,107.9,0.58,6.82
284,easy,12,09:59:02,09:59:07,10:00:09,COMPLETED,31187.0,1041.0,5.20,67.48
154,medium,14,09:40:57,09:40:59,10:00:28,COMPLETED,38777.0,19475.1,2.79,1171.19
352,easy,12,10:00:15,10:00:15,10:00:28,COMPLETED,21526.0,211.0,0.69,13.19
120,hard,15,08:16:55,08:16:57,10:00:40,COMPLETED,36009.0,103723.1,2.25,6225.61
220,medium,14,09:56:30,09:56:31,10:01:36,COMPLETED,33102.0,5077.7,1.91,306.37
169,hard,15,09:39:44,09:39:44,10:01:55,COMPLETED,33774.0,22181.7,0.14,1331.03
159,medium,13,09:57:25,09:57:27,10:01:55,COMPLETED,25854.0,4457.7,2.73,270.03
192,easy,12,09:59:47,09:59:50,10:02:07,COMPLETED,25944.0,2279.5,3.82,140.43
227,medium,13,09:57:34,09:57:40,10:02:19,COMPLETED,32028.0,4663.4,6.14,285.80
255,medium,14,09:58:38,09:58:42,10:03:15,COMPLETED,33017.0,4555.8,4.34,277.50
150,medium,14,09:36:14,09:36:18,10:05:01,COMPLETED,37879.0,28715.1,4.36,1727.17
181,medium,13,09:43:57,09:44:00,10:05:01,COMPLETED,36245.0,21005.7,3.96,1264.17
421,easy,11,10:04:52,10:04:54,10:05:13,COMPLETED,20778.0,317.4,2.90,21.68
379,easy,11,10:05:06,10:05:07,10:05:19,COMPLETED,29655.0,216.3,1.41,13.98
338,easy,12,10:05:10,10:05:13,10:05:19,COMPLETED,24467.0,112.6,3.68,9.98
388,easy,11,10:05:17,10:05:19,10:05:26,COMPLETED,24248.0,113.6,2.98,9.49
328,easy,12,10:02:34,10:02:38,10:05:39,COMPLETED,33092.0,3025.5,4.34,185.49
333,easy,11,10:05:31,10:05:32,10:05:39,COMPLETED,21286.0,115.8,1.85,8.49
387,easy,11,10:06:49,10:06:49,10:06:55,COMPLETED,19751.0,113.0,0.09,6.53
424,easy,12,10:07:05,10:07:08,10:07:27,COMPLETED,28039.0,322.4,3.25,22.40
363,medium,13,10:05:47,10:05:52,10:07:33,COMPLETED,31565.0,1692.5,5.27,106.63
404,easy,12,10:07:11,10:07:14,10:08:29,COMPLETED,28033.0,1253.7,3.69,78.67
383,medium,13,10:02:33,10:02:38,10:08:42,COMPLETED,34552.0,6067.4,5.34,369.20
351,easy,11,10:08:21,10:08:23,10:08:48,COMPLETED,31010.0,421.6,2.38,27.48
308,easy,12,10:08:19,10:08:23,10:09:26,COMPLETED,23683.0,1049.6,4.38,67.13
213,hard,15,09:38:36,09:38:41,10:09:32,COMPLETED,35084.0,30851.4,5.42,1856.40
439,easy,12,10:09:07,10:09:07,10:09:32,COMPLETED,31336.0,421.9,0.28,25.40
198,hard,15,09:33:55,09:33:56,10:10:09,COMPLETED,32557.0,36229.9,1.00,2174.71
449,easy,12,10:09:03,10:09:07,10:10:09,COMPLETED,29613.0,1043.8,4.28,66.71
373,easy,11,10:10:14,10:10:15,10:10:53,COMPLETED,22702.0,624.9,1.94,39.25
202,hard,15,09:53:35,09:53:38,10:11:05,COMPLETED,28901.0,17460.0,3.16,1050.66
350,medium,13,10:05:28,10:05:32,10:11:05,COMPLETED,32982.0,5548.2,4.85,337.66
381,easy,11,10:11:34,10:11:36,10:11:43,COMPLETED,28532.0,108.2,2.75,9.05
156,hard,15,09:43:28,09:43:29,10:12:26,COMPLETED,41622.0,28944.0,1.93,1738.49
409,medium,13,10:06:10,10:06:11,10:12:51,COMPLETED,24788.0,6668.6,1.36,401.29
223,medium,14,09:54:59,09:55:04,10:13:16,COMPLETED,26931.0,18192.5,5.96,1097.33
346,easy,12,10:13:18,10:13:22,10:13:41,COMPLETED,26122.0,326.1,4.68,23.94
247,hard,15,09:22:53,09:22:53,10:14:19,COMPLETED,32561.0,51434.2,0.82,3086.75
302,medium,13,10:13:35,10:13:35,10:14:26,COMPLETED,31882.0,846.9,0.41,51.13
386,easy,12,10:14:51,10:14:51,10:15:03,COMPLETED,31043.0,219.2,0.16,12.90
197,medium,14,09:57:18,09:57:21,10:15:16,COMPLETED,36768.0,17922.3,3.51,1078.68
445,easy,11,10:16:09,10:16:13,10:16:26,COMPLETED,28314.0,215.0,4.55,17.01
313,easy,11,10:16:20,10:16:26,10:16:32,COMPLETED,28863.0,115.3,6.01,12.49
303,easy,11,10:16:28,10:16:32,10:16:38,COMPLETED,20150.0,113.6,4.49,10.99
319,easy,11,10:16:49,10:16:51,10:17:04,COMPLETED,35879.0,219.9,2.78,15.54
327,easy,12,10:16:40,10:16:45,10:17:11,COMPLETED,28522.0,435.0,5.36,31.02
180,medium,14,09:54:10,09:54:15,10:18:01,COMPLETED,35857.0,23776.5,5.21,1431.65
321,easy,11,10:18:03,10:18:08,10:18:20,COMPLETED,30079.0,220.8,5.03,17.83
434,medium,14,10:11:21,10:11:24,10:19:42,COMPLETED,29900.0,8308.2,3.29,501.66
371,medium,14,10:05:27,10:05:32,10:19:48,COMPLETED,30991.0,14269.4,5.85,861.89
344,easy,12,10:21:16,10:21:16,10:21:22,COMPLETED,24170.0,107.9,0.12,6.39
437,easy,12,10:20:23,10:20:26,10:21:34,COMPLETED,29765.0,1147.6,3.20,71.84
396,medium,14,10:00:14,10:00:15,10:22:30,COMPLETED,33738.0,22254.2,1.69,1336.84
300,hard,15,10:08:55,10:09:00,10:24:35,COMPLETED,32427.0,15579.8,5.98,940.45
314,easy,11,10:24:33,10:24:35,10:24:48,COMPLETED,27317.0,219.7,2.45,15.29
403,easy,12,10:24:22,10:24:22,10:25:07,COMPLETED,23421.0,748.0,0.85,45.38
417,easy,11,10:25:34,10:25:39,10:25:45,COMPLETED,25417.0,109.1,5.31,11.61
359,easy,12,10:25:37,10:25:39,10:26:10,COMPLETED,21418.0,528.4,2.31,33.84
385,medium,14,10:06:35,10:06:36,10:26:48,COMPLETED,33683.0,20210.7,1.36,1213.78
394,hard,15,10:17:04,10:17:04,10:27:20,COMPLETED,32043.0,10267.8,0.54,616.45
301,medium,13,10:15:34,10:15:35,10:27:26,COMPLETED,26639.0,11853.1,1.75,712.68
342,easy,11,10:27:27,10:27:33,10:27:39,COMPLETED,23161.0,113.2,6.06,12.52
382,medium,14,10:15:27,10:15:29,10:27:52,COMPLETED,30440.0,12385.5,2.32,745.09
306,easy,11,10:28:06,10:28:11,10:28:24,COMPLETED,30655.0,218.9,5.33,18.13
419,easy,12,10:28:01,10:28:04,10:28:55,COMPLETED,29544.0,849.8,3.89,54.69
336,easy,12,10:29:10,10:29:14,10:29:33,COMPLETED,22438.0,320.5,4.69,23.66
389,medium,14,10:03:33,10:03:34,10:29:52,COMPLETED,31144.0,26316.5,1.16,1579.87
422,medium,13,10:17:09,10:17:11,10:29:59,COMPLETED,33945.0,12809.7,2.02,770.36
410,medium,13,10:17:12,10:17:17,10:30:05,COMPLETED,36438.0,12808.6,5.53,773.74
339,easy,12,10:29:52,10:29:52,10:30:05,COMPLETED,24666.0,221.3,0.87,13.74
418,easy,12,10:29:43,10:29:46,10:30:12,COMPLETED,32964.0,433.0,3.40,29.18
317,easy,12,10:29:06,10:29:08,10:31:39,COMPLETED,35962.0,2520.5,2.23,153.27
402,easy,12,10:31:33,10:31:33,10:31:39,COMPLETED,30713.0,107.9,0.02,6.27
442,medium,14,10:21:49,10:21:53,10:32:29,COMPLETED,32728.0,10594.8,4.50,640.03
316,medium,14,10:15:01,10:15:03,10:32:41,COMPLETED,31031.0,17628.5,2.90,1060.45
18,hard,15,08:23:44,08:23:46,10:33:18,COMPLETED,38300.0,129545.0,2.02,7774.72
374,easy,11,10:34:11,10:34:14,10:34:21,COMPLETED,18355.0,108.2,3.85,10.11
370,medium,13,10:30:54,10:30:55,10:34:39,COMPLETED,26820.0,3739.3,1.67,225.85
228,hard,15,09:23:29,09:23:30,10:35:55,COMPLETED,33277.0,72412.1,1.85,4346.55
420,easy,11,10:35:02,10:35:04,10:35:55,COMPLETED,33243.0,851.1,2.77,53.55
414,easy,11,10:36:01,10:36:01,10:36:33,COMPLETED,26885.0,534.3,0.90,32.61
426,medium,13,10:35:25,10:35:29,10:36:52,COMPLETED,22117.0,1383.7,4.88,87.56
356,hard,15,10:13:32,10:13:35,10:36:58,COMPLETED,33103.0,23396.8,3.41,1406.95
369,easy,11,10:37:36,10:37:37,10:37:43,COMPLETED,25432.0,111.7,1.15,7.61
311,medium,14,10:01:11,10:01:11,10:38:08,COMPLETED,31025.0,36959.4,0.55,2217.93
360,easy,11,10:39:11,10:39:12,10:39:24,COMPLETED,26480.0,215.3,1.30,13.97
390,medium,13,10:34:55,10:34:58,10:39:50,COMPLETED,29071.0,4870.8,3.48,295.34
405,easy,11,10:39:50,10:39:50,10:39:56,COMPLETED,30171.0,112.7,0.34,6.85
391,medium,13,10:37:43,10:37:43,10:40:21,COMPLETED,22785.0,2644.8,0.61,158.98
322,medium,13,10:34:53,10:34:58,10:41:25,COMPLETED,30462.0,6452.9,5.48,392.35
408,medium,14,10:38:47,10:38:53,10:41:50,COMPLETED,33479.0,2959.7,6.12,183.42
237,hard,15,09:20:42,09:20:44,10:42:09,COMPLETED,32523.0,81417.7,2.17,4887.26
366,easy,11,10:42:27,10:42:28,10:42:34,COMPLETED,24369.0,110.2,1.04,7.35
440,easy,11,10:42:33,10:42:34,10:42:40,COMPLETED,23893.0,109.8,1.35,7.69
400,easy,11,10:43:35,10:43:37,10:44:14,COMPLETED,31053.0,630.8,2.17,39.85
407,medium,13,10:43:00,10:43:05,10:44:52,COMPLETED,23927.0,1783.9,5.66,112.40
340,easy,11,10:44:35,10:44:39,10:45:11,COMPLETED,23729.0,525.8,4.88,36.21
428,easy,11,10:44:49,10:44:52,10:45:11,COMPLETED,28371.0,317.3,3.40,22.21
398,easy,12,10:45:23,10:45:23,10:45:48,COMPLETED,28916.0,421.7,0.68,25.76
395,easy,12,10:45:35,10:45:36,10:46:01,COMPLETED,33471.0,422.5,1.22,26.34
411,easy,11,10:45:49,10:45:55,10:46:07,COMPLETED,26151.0,213.4,6.02,18.60
170,hard,15,09:27:57,09:27:58,10:47:36,COMPLETED,37490.0,79635.7,1.70,4779.78
334,hard,15,10:19:24,10:19:30,10:47:43,COMPLETED,27806.0,28218.5,6.19,1699.09
365,easy,11,10:46:51,10:46:51,10:47:43,COMPLETED,29257.0,864.6,0.61,52.09
329,medium,13,10:46:40,10:46:45,10:48:40,COMPLETED,25055.0,1929.8,5.11,120.55
323,medium,13,10:11:21,10:11:24,10:48:53,COMPLETED,33547.0,37487.2,3.29,2252.33
305,easy,12,10:47:16,10:47:17,10:49:43,COMPLETED,35316.0,2445.8,1.28,147.76
318,easy,11,10:49:38,10:49:43,10:49:50,COMPLETED,25953.0,111.5,5.76,12.08
392,medium,14,10:39:22,10:39:24,10:50:09,COMPLETED,31450.0,10742.4,2.97,647.22
436,easy,11,10:49:29,10:49:31,10:50:15,COMPLETED,30242.0,745.5,2.27,46.63
309,medium,14,10:42:41,10:42:46,10:50:28,COMPLETED,30417.0,7700.1,5.97,467.40
376,easy,11,10:50:26,10:50:28,10:50:41,COMPLETED,21299.0,222.1,2.40,15.44
372,easy,12,10:49:40,10:49:43,10:50:54,COMPLETED,29525.0,1178.1,3.76,74.27
343,easy,11,10:51:49,10:51:51,10:51:57,COMPLETED,26801.0,111.1,2.09,8.40
438,medium,14,10:32:07,10:32:10,10:54:02,COMPLETED,28999.0,21880.1,3.36,1315.93
416,easy,12,10:53:41,10:53:44,10:54:02,COMPLETED,32332.0,320.2,3.06,21.93
433,easy,11,10:53:56,10:53:56,10:54:09,COMPLETED,22783.0,217.3,0.61,13.31
312,easy,12,10:54:02,10:54:02,10:54:59,COMPLETED,29623.0,949.5,0.93,57.68
4,hard,15,08:49:16,08:49:16,10:55:24,COMPLETED,29795.0,126146.6,0.02,7568.73
331,easy,12,10:55:58,10:56:02,10:56:40,COMPLETED,30217.0,636.1,4.46,42.36
413,medium,14,10:33:20,10:33:24,10:56:52,COMPLETED,29943.0,23468.8,4.94,1412.92
361,medium,14,10:23:31,10:23:32,10:56:59,COMPLETED,31820.0,33440.5,1.95,2008.21
320,easy,12,10:55:49,10:55:49,10:56:59,COMPLETED,34444.0,1161.5,0.78,70.21
332,medium,14,10:01:31,10:01:36,10:57:18,COMPLETED,29763.0,55698.1,5.37,3347.18
315,easy,12,10:57:08,10:57:11,10:58:33,COMPLETED,29094.0,1370.2,3.87,85.78
330,easy,12,10:55:48,10:55:49,10:58:46,COMPLETED,30707.0,2950.4,1.78,178.50
435,easy,12,10:57:42,10:57:43,10:58:52,COMPLETED,29762.0,1163.0,1.38,70.90
431,easy,11,10:58:45,10:58:46,10:58:59,COMPLETED,25821.0,217.6,1.50,14.20
393,medium,13,10:33:02,10:33:06,10:59:18,COMPLETED,32184.0,26202.6,4.28,1576.25
345,easy,12,10:58:20,10:58:21,10:59:18,COMPLETED,26958.0,956.8,1.16,58.25
354,medium,13,10:54:22,10:54:28,10:59:24,COMPLETED,32776.0,4942.5,6.33,302.62
384,easy,11,10:58:59,10:58:59,10:59:24,COMPLETED,23405.0,428.4,0.20,25.62
367,easy,12,10:59:27,10:59:30,10:59:37,COMPLETED,30349.0,116.6,3.98,10.52
377,medium,13,10:55:23,10:55:24,10:59:44,COMPLETED,32006.0,4327.9,1.73,261.02
337,easy,11,10:59:10,10:59:11,10:59:44,COMPLETED,29411.0,544.0,1.88,34.02
378,medium,13,10:57:20,10:57:24,10:59:50,COMPLETED,25882.0,2441.8,4.46,150.57
427,easy,11,10:59:22,10:59:24,10:59:50,COMPLETED,23066.0,440.4,2.62,28.57
425,easy,12,10:59:14,10:59:18,11:00:03,COMPLETED,30530.0,760.9,4.25,49.49
446,easy,12,10:58:53,10:58:59,11:00:16,COMPLETED,28857.0,1294.5,6.20,83.36
587,easy,12,11:00:14,11:00:16,11:00:22,COMPLETED,30887.0,118.9,2.36,8.93
358,medium,13,10:58:06,10:58:08,11:00:48,COMPLETED,30849.0,2679.3,2.55,162.90
584,easy,11,11:00:38,11:00:42,11:00:55,COMPLETED,25079.0,220.2,4.39,17.36
497,easy,11,11:00:47,11:00:48,11:01:14,COMPLETED,30936.0,432.5,1.90,27.50
348,medium,14,10:54:02,10:54:02,11:01:27,COMPLETED,29225.0,7412.7,0.93,445.39
508,easy,12,11:00:20,11:00:22,11:01:53,COMPLETED,25583.0,1514.0,2.93,93.36
589,easy,11,11:01:45,11:01:46,11:01:59,COMPLETED,24887.0,224.3,1.81,14.86
335,hard,15,10:17:34,10:17:36,11:02:12,COMPLETED,35569.0,44605.0,2.62,2678.74
457,easy,12,11:01:16,11:01:20,11:02:25,COMPLETED,33534.0,1081.0,4.97,69.59
325,hard,15,10:41:48,10:41:50,11:03:54,COMPLETED,32185.0,22071.5,2.42,1326.56
537,medium,13,11:02:26,11:02:31,11:04:19,COMPLETED,28066.0,1801.7,5.86,113.71
326,hard,15,10:35:42,10:35:42,11:04:32,COMPLETED,30068.0,28828.9,0.71,1730.31
465,medium,13,11:03:45,11:03:48,11:05:22,COMPLETED,28754.0,1574.7,3.26,97.50
538,easy,12,11:03:56,11:04:00,11:05:22,COMPLETED,26087.0,1365.3,4.84,86.50
534,medium,14,11:00:20,11:00:22,11:05:28,COMPLETED,27367.0,5101.0,2.93,308.79
341,medium,14,10:54:07,10:54:09,11:05:47,COMPLETED,31032.0,11641.9,2.31,700.64
406,hard,15,10:51:33,10:51:38,11:06:00,COMPLETED,31389.0,14370.0,5.29,867.27
443,medium,13,10:57:03,10:57:05,11:06:12,COMPLETED,32526.0,9125.5,2.55,549.83
558,easy,11,11:05:55,11:06:00,11:06:19,COMPLETED,35339.0,318.4,5.27,24.15
517,easy,11,11:06:07,11:06:12,11:06:19,COMPLETED,28556.0,109.4,5.83,12.15
397,medium,14,10:56:56,10:56:59,11:06:31,COMPLETED,30400.0,9544.2,3.21,575.66
126,hard,15,08:55:14,08:55:18,11:06:37,COMPLETED,33084.0,131316.4,4.97,7883.92
564,easy,11,11:07:20,11:07:21,11:07:34,COMPLETED,27224.0,216.5,1.62,14.32
493,easy,12,11:04:36,11:04:38,11:07:40,COMPLETED,30359.0,3037.9,2.60,184.65
559,medium,13,11:00:46,11:00:48,11:07:53,COMPLETED,29713.0,7074.7,2.90,427.16
485,easy,11,11:07:27,11:07:27,11:07:59,COMPLETED,22279.0,527.9,0.95,32.45
511,easy,12,11:07:48,11:07:53,11:08:43,COMPLETED,25574.0,839.6,5.16,55.30
519,medium,13,11:06:52,11:06:56,11:09:08,COMPLETED,31997.0,2201.6,4.62,136.42
455,easy,12,11:07:29,11:07:34,11:09:08,COMPLETED,25245.0,1573.6,5.32,99.42
347,hard,15,10:25:23,10:25:26,11:09:27,COMPLETED,28962.0,44014.9,3.52,2644.31
521,medium,13,11:08:17,11:08:18,11:09:58,COMPLETED,33373.0,1676.0,1.19,101.54
473,easy,11,11:11:05,11:11:07,11:11:26,COMPLETED,28594.0,319.3,2.58,21.50
554,easy,12,11:11:11,11:11:13,11:11:39,COMPLETED,30202.0,422.6,2.88,28.03
304,medium,13,10:54:17,10:54:21,11:12:10,COMPLETED,30028.0,17810.8,4.99,1073.43
530,easy,12,11:08:31,11:08:37,11:13:00,COMPLETED,28042.0,4397.2,6.00,269.63
448,medium,14,10:43:33,10:43:37,11:13:13,COMPLETED,36780.0,29602.8,4.17,1780.14
162,hard,15,09:22:25,09:22:29,11:13:57,COMPLETED,37018.0,111466.3,4.23,6692.15
483,medium,14,11:10:24,11:10:29,11:14:09,COMPLETED,35134.0,3668.0,5.89,225.70
471,easy,12,11:13:12,11:13:13,11:14:22,COMPLETED,22205.0,1157.1,1.14,70.30
461,medium,13,11:01:18,11:01:20,11:14:28,COMPLETED,30392.0,13131.9,2.97,790.60
324,medium,14,10:52:47,10:52:47,11:14:54,COMPLETED,30299.0,22109.0,0.92,1327.21
415,medium,14,10:47:22,10:47:23,11:15:32,COMPLETED,32724.0,28146.5,1.80,1690.36
585,medium,13,11:10:08,11:10:11,11:15:38,COMPLETED,32759.0,5466.7,3.08,330.79
423,medium,14,10:04:12,10:04:17,11:15:57,COMPLETED,33204.0,71673.9,5.50,4305.71
472,easy,11,11:15:48,11:15:51,11:16:04,COMPLETED,27862.0,221.4,3.41,16.24
598,easy,12,11:15:51,11:15:51,11:16:10,COMPLETED,28044.0,327.8,0.41,19.76
476,easy,12,11:15:53,11:15:57,11:16:42,COMPLETED,30534.0,749.7,4.71,49.49
477,easy,11,11:16:03,11:16:04,11:17:19,COMPLETED,26240.0,1265.9,1.24,76.99
555,easy,11,11:18:46,11:18:47,11:18:53,COMPLETED,27163.0,108.8,1.43,7.75
498,medium,13,11:11:46,11:11:51,11:19:18,COMPLETED,30760.0,7459.3,5.56,452.91
495,medium,13,11:18:56,11:19:00,11:19:43,COMPLETED,26187.0,735.5,4.02,47.92
353,medium,14,10:39:57,10:40:03,11:19:50,COMPLETED,37475.0,39786.1,6.13,2393.18
464,easy,11,11:20:01,11:20:02,11:20:15,COMPLETED,30352.0,216.3,1.67,14.31
451,easy,12,11:20:10,11:20:15,11:20:21,COMPLETED,29096.0,111.2,5.31,11.70
460,easy,12,11:20:11,11:20:15,11:20:46,COMPLETED,23418.0,528.6,4.31,35.78
478,easy,12,11:21:00,11:21:05,11:21:37,COMPLETED,23265.0,529.2,5.65,37.03
513,easy,11,11:22:40,11:22:41,11:23:00,COMPLETED,28105.0,329.0,1.04,20.48
489,easy,12,11:22:21,11:22:21,11:23:13,COMPLETED,28561.0,860.2,0.91,52.26
549,easy,11,11:22:15,11:22:15,11:23:25,COMPLETED,26756.0,1184.1,0.36,70.96
590,easy,12,11:23:40,11:23:45,11:24:05,COMPLETED,25213.0,333.4,5.42,25.12
593,medium,14,11:13:46,11:13:50,11:24:11,COMPLETED,31447.0,10350.0,4.82,625.46
502,medium,14,11:20:51,11:20:53,11:24:17,COMPLETED,33736.0,3421.0,2.11,206.98
567,hard,15,11:03:11,11:03:16,11:24:30,COMPLETED,37202.0,21242.5,5.61,1279.91
499,medium,13,11:18:46,11:18:47,11:25:15,COMPLETED,27861.0,6474.3,1.43,389.52
490,medium,14,11:18:12,11:18:16,11:25:47,COMPLETED,36750.0,7528.3,4.10,455.59
467,easy,11,11:25:29,11:25:34,11:26:06,COMPLETED,32768.0,542.2,5.74,37.83
540,easy,12,11:25:37,11:25:41,11:26:06,COMPLETED,29634.0,434.1,4.27,29.83
505,easy,12,11:25:55,11:26:00,11:26:19,COMPLETED,26981.0,328.5,5.32,24.77
501,easy,11,11:26:23,11:26:26,11:26:45,COMPLETED,27146.0,327.6,3.05,22.22
470,easy,12,11:26:33,11:26:38,11:26:51,COMPLETED,30516.0,225.2,5.67,18.77
547,medium,14,11:07:25,11:07:27,11:27:11,COMPLETED,35765.0,19728.5,2.95,1186.20
475,medium,14,11:20:18,11:20:21,11:27:11,COMPLETED,28163.0,6835.0,3.70,413.20
573,medium,13,11:21:32,11:21:37,11:27:24,COMPLETED,28236.0,5791.5,5.03,352.30
349,hard,15,10:55:54,10:55:56,11:27:30,COMPLETED,36756.0,31578.5,2.10,1896.58
486,medium,13,11:10:02,11:10:04,11:27:43,COMPLETED,29343.0,17649.1,2.80,1061.45
546,easy,11,11:28:18,11:28:21,11:28:40,COMPLETED,25523.0,318.2,3.28,22.13
526,easy,11,11:28:51,11:28:52,11:28:58,COMPLETED,24269.0,109.1,1.65,7.95
456,medium,13,11:26:55,11:26:58,11:29:05,COMPLETED,23433.0,2121.7,3.24,130.22
509,medium,13,11:28:23,11:28:27,11:29:05,COMPLETED,28037.0,633.3,4.57,42.22
491,easy,11,11:29:05,11:29:05,11:29:17,COMPLETED,29104.0,214.5,0.22,12.85
550,medium,14,11:08:28,11:08:30,11:29:42,COMPLETED,33246.0,21206.1,2.72,1274.89
563,easy,11,11:29:45,11:29:49,11:30:01,COMPLETED,24838.0,213.6,4.18,16.73
581,medium,13,11:27:07,11:27:11,11:30:20,COMPLETED,35060.0,3159.6,4.20,193.51
560,medium,13,11:29:26,11:29:30,11:30:20,COMPLETED,31943.0,840.7,4.36,54.51
462,easy,12,11:30:17,11:30:20,11:31:16,COMPLETED,30287.0,945.5,3.51,59.96
569,easy,11,11:31:08,11:31:10,11:31:16,COMPLETED,29826.0,110.1,2.66,8.96
551,medium,13,11:21:22,11:21:24,11:32:25,COMPLETED,34965.0,11026.2,2.46,663.82
452,easy,12,11:31:13,11:31:16,11:32:32,COMPLETED,30338.0,1256.2,3.96,79.11
595,easy,12,11:31:47,11:31:48,11:32:57,COMPLETED,25700.0,1151.8,1.28,70.14
430,medium,14,10:56:14,10:56:15,11:33:03,COMPLETED,23254.0,36809.9,1.10,2209.42
572,easy,11,11:33:00,11:33:03,11:33:35,COMPLETED,23664.0,547.6,3.42,35.87
310,hard,15,10:05:34,10:05:39,11:34:01,COMPLETED,32218.0,88371.4,5.49,5307.70
466,medium,14,11:24:01,11:24:05,11:34:14,COMPLETED,34071.0,10160.9,4.12,613.44
591,easy,12,11:33:13,11:33:16,11:34:14,COMPLETED,34143.0,974.2,3.30,61.44
570,medium,14,11:16:35,11:16:36,11:34:52,COMPLETED,31280.0,18280.5,1.20,1097.75
454,medium,14,11:20:06,11:20:08,11:35:05,COMPLETED,27471.0,14948.3,3.00,899.58
487,easy,11,11:34:46,11:34:46,11:35:05,COMPLETED,29793.0,329.5,0.24,19.58
565,easy,11,11:34:17,11:34:20,11:35:12,COMPLETED,35752.0,858.9,3.90,55.05
258,medium,14,09:57:40,09:57:40,11:35:43,COMPLETED,42069.0,98061.6,0.14,5883.82
566,easy,11,11:36:18,11:36:21,11:36:40,COMPLETED,30867.0,329.2,3.59,22.86
494,easy,12,11:36:46,11:36:47,11:37:00,COMPLETED,28007.0,220.8,1.40,14.27
557,easy,12,11:36:37,11:36:40,11:37:38,COMPLETED,27873.0,964.8,3.86,61.36
525,medium,14,11:22:41,11:22:41,11:37:44,COMPLETED,30618.0,15064.2,0.04,903.80
594,easy,12,11:37:14,11:37:19,11:38:03,COMPLETED,26689.0,747.0,5.43,49.88
556,hard,15,11:05:26,11:05:28,11:38:16,COMPLETED,35019.0,32802.7,2.79,1970.68
469,easy,12,11:37:52,11:37:57,11:38:16,COMPLETED,28909.0,328.0,5.42,24.68
492,hard,15,11:23:18,11:23:19,11:38:29,COMPLETED,37110.0,15170.5,1.56,911.50
541,medium,14,11:29:57,11:30:01,11:38:29,COMPLETED,22376.0,8468.6,4.73,512.50
542,easy,11,11:39:58,11:40:03,11:40:09,COMPLETED,18566.0,108.2,5.42,11.69
458,hard,15,11:17:57,11:17:57,11:40:22,COMPLETED,32079.0,22416.7,0.35,1345.15
380,hard,15,10:30:04,10:30:05,11:40:40,COMPLETED,35039.0,70587.5,1.74,4236.87
510,medium,13,11:33:36,11:33:42,11:40:40,COMPLETED,27267.0,6979.2,6.36,424.87
453,easy,12,11:40:21,11:40:22,11:40:47,COMPLETED,23872.0,420.9,1.15,26.17
362,medium,14,10:56:20,10:56:21,11:41:43,COMPLETED,31567.0,45363.6,1.46,2723.14
429,hard,15,10:04:19,10:04:23,11:42:20,COMPLETED,29631.0,97947.7,4.73,5881.50
355,medium,14,10:58:34,10:58:40,11:42:45,COMPLETED,40004.0,44091.0,6.13,2651.47
459,medium,13,11:39:43,11:39:44,11:42:45,COMPLETED,31446.0,3016.3,1.68,182.47
522,easy,12,11:42:14,11:42:14,11:43:16,COMPLETED,31537.0,1041.8,0.20,62.55
592,easy,11,11:43:09,11:43:10,11:43:22,COMPLETED,20244.0,211.2,1.30,13.78
580,easy,12,11:43:29,11:43:29,11:43:41,COMPLETED,31870.0,211.9,0.00,12.51
216,hard,15,09:42:22,09:42:27,11:44:18,COMPLETED,30990.0,121859.3,5.51,7316.98
496,easy,12,11:43:42,11:43:47,11:44:44,COMPLETED,27219.0,952.9,5.75,62.47
597,easy,12,11:44:27,11:44:31,11:44:44,COMPLETED,25234.0,221.2,4.69,17.47
507,easy,11,11:44:46,11:44:51,11:44:57,COMPLETED,25144.0,112.9,5.00,11.34
596,easy,11,11:44:53,11:44:57,11:45:03,COMPLETED,27888.0,113.4,4.34,10.83
524,easy,11,11:45:06,11:45:10,11:45:22,COMPLETED,28566.0,218.5,4.19,16.96
307,hard,15,10:33:34,10:33:37,11:45:35,COMPLETED,42595.0,71972.3,3.42,4321.67
545,easy,11,11:45:21,11:45:22,11:45:41,COMPLETED,29613.0,318.7,1.96,20.89
503,easy,11,11:46:20,11:46:26,11:46:32,COMPLETED,29559.0,116.1,6.12,12.76
500,easy,12,11:46:26,11:46:26,11:46:58,COMPLETED,25786.0,549.3,0.12,32.77
576,medium,13,11:41:03,11:41:05,11:47:05,COMPLETED,36445.0,5995.9,2.84,362.31
599,medium,14,11:44:44,11:44:44,11:47:17,COMPLETED,28760.0,2560.3,0.47,153.91
528,easy,12,11:46:21,11:46:26,11:47:24,COMPLETED,28362.0,970.5,5.12,63.14
488,medium,14,11:30:51,11:30:51,11:47:30,COMPLETED,35855.0,16648.6,0.87,999.50
480,medium,13,11:46:52,11:46:58,11:47:43,COMPLETED,32984.0,746.0,6.77,51.22
520,hard,15,11:22:00,11:22:02,11:48:08,COMPLETED,36361.0,26107.0,2.40,1568.57
562,easy,12,11:47:46,11:47:49,11:48:14,COMPLETED,21891.0,427.7,3.58,28.94
518,medium,14,11:33:06,11:33:09,11:49:43,COMPLETED,30707.0,16559.1,3.82,997.01
450,easy,11,11:49:37,11:49:43,11:49:49,COMPLETED,27302.0,116.9,6.01,12.48
571,easy,12,11:49:44,11:49:49,11:50:15,COMPLETED,24029.0,429.3,5.48,31.03
552,easy,12,11:49:47,11:49:49,11:50:39,COMPLETED,29762.0,843.8,2.48,52.99
533,easy,11,11:50:44,11:50:46,11:50:52,COMPLETED,25397.0,109.1,2.23,8.49
544,easy,12,11:50:58,11:50:58,11:51:11,COMPLETED,27798.0,211.1,0.82,13.30
514,easy,12,11:51:14,11:51:17,11:53:27,COMPLETED,25516.0,2174.4,3.51,133.78
568,easy,12,11:52:59,11:53:02,11:53:27,COMPLETED,22954.0,418.4,3.89,28.78
463,easy,11,11:53:40,11:53:40,11:53:46,COMPLETED,21006.0,107.6,0.25,6.50
574,easy,11,11:52:59,11:53:02,11:54:23,COMPLETED,38438.0,1351.5,3.89,84.83
548,easy,12,11:54:24,11:54:30,11:54:42,COMPLETED,28283.0,210.7,6.05,18.50
561,medium,14,11:48:30,11:48:33,11:55:38,COMPLETED,31909.0,7084.6,3.89,428.74
531,hard,15,11:18:33,11:18:34,11:56:48,COMPLETED,34698.0,38228.3,1.89,2295.36
536,easy,12,11:56:05,11:56:10,11:56:54,COMPLETED,28851.0,743.9,5.29,49.74
543,easy,12,11:50:51,11:50:52,11:57:00,COMPLETED,35875.0,6146.2,1.49,369.96
588,easy,11,11:56:47,11:56:48,11:57:07,COMPLETED,26377.0,321.7,1.36,20.34
516,medium,13,11:53:53,11:53:58,11:57:19,COMPLETED,26830.0,3353.9,5.92,206.93
583,medium,13,11:53:56,11:53:58,11:57:58,COMPLETED,33551.0,3988.1,2.92,242.08
512,easy,12,11:57:48,11:57:51,11:58:35,COMPLETED,27107.0,731.5,3.73,47.43
553,easy,11,11:59:15,11:59:18,11:59:25,COMPLETED,25747.0,108.3,3.95,10.20
481,medium,13,11:56:36,11:56:41,11:59:43,COMPLETED,27331.0,3036.0,5.89,187.89
399,hard,15,10:20:10,10:20:13,12:00:27,COMPLETED,36038.0,100239.6,3.72,6017.96
504,medium,14,11:33:28,11:33:29,12:00:27,COMPLETED,33631.0,26981.9,1.32,1619.96
619,easy,12,12:00:33,12:00:34,12:01:05,COMPLETED,26460.0,531.9,1.37,32.97
636,easy,11,12:01:17,12:01:18,12:01:37,COMPLETED,30744.0,319.0,1.65,20.60
654,easy,11,12:01:51,12:01:56,12:02:15,COMPLETED,35262.0,318.4,5.21,24.03
633,easy,11,12:02:14,12:02:15,12:02:33,COMPLETED,24471.0,318.4,1.03,19.83
641,medium,13,12:01:57,12:02:02,12:03:05,COMPLETED,30683.0,1047.2,5.50,68.07
700,easy,11,12:03:04,12:03:05,12:03:30,COMPLETED,29331.0,421.5,1.07,26.12
623,medium,13,12:02:28,12:02:33,12:04:26,COMPLETED,34322.0,1879.0,5.83,118.37
625,easy,12,12:04:04,12:04:07,12:04:45,COMPLETED,31662.0,627.1,3.60,41.04
289,hard,15,09:46:41,09:46:41,12:04:57,COMPLETED,40068.0,138264.1,0.67,8296.47
642,easy,12,12:04:10,12:04:13,12:07:02,COMPLETED,29934.0,2813.2,3.90,172.37
706,easy,11,12:07:33,12:07:34,12:07:40,COMPLETED,25757.0,113.6,1.02,7.39
474,medium,14,11:18:23,11:18:28,12:08:43,COMPLETED,34032.0,50255.0,5.61,3020.77
603,easy,12,12:09:06,12:09:09,12:09:28,COMPLETED,28269.0,329.7,3.02,22.45
685,easy,11,12:09:42,12:09:47,12:09:53,COMPLETED,26992.0,116.0,5.29,11.79
671,medium,13,12:07:06,12:07:08,12:11:04,COMPLETED,34986.0,3938.2,2.74,238.68
614,easy,11,12:10:40,12:10:45,12:11:04,COMPLETED,24020.0,331.4,5.24,24.68
479,hard,15,11:33:11,11:33:16,12:11:23,COMPLETED,30769.0,38126.3,5.30,2292.67
616,easy,12,12:10:58,12:10:58,12:11:42,COMPLETED,25177.0,753.7,0.17,44.89
643,easy,11,12:11:47,12:11:49,12:11:55,COMPLETED,22916.0,115.0,2.45,8.96
444,hard,15,10:41:16,10:41:18,12:12:34,COMPLETED,34420.0,91254.3,2.89,5478.05
697,medium,13,12:10:16,12:10:19,12:13:30,COMPLETED,34576.0,3186.0,3.62,194.58
620,easy,12,12:11:37,12:11:42,12:13:49,COMPLETED,23750.0,2110.5,5.89,132.30
412,hard,15,10:04:31,10:04:36,12:13:55,COMPLETED,40363.0,129323.6,5.19,7764.55
484,medium,14,11:42:11,11:42:14,12:14:51,COMPLETED,34648.0,32625.9,3.20,1960.58
375,hard,15,10:29:09,10:29:14,12:15:29,COMPLETED,28860.0,106240.0,5.69,6380.02
738,medium,13,12:08:04,12:08:05,12:15:29,COMPLETED,27892.0,7391.4,1.76,445.02
539,hard,15,11:57:33,11:57:38,12:16:56,COMPLETED,25146.0,19297.0,5.96,1163.64
622,easy,12,12:14:48,12:14:51,12:17:02,COMPLETED,24592.0,2192.6,3.58,134.89
680,medium,14,12:10:00,12:10:00,12:17:21,COMPLETED,35017.0,7358.9,0.31,441.71
719,easy,12,12:17:20,12:17:21,12:17:34,COMPLETED,24390.0,215.8,1.71,14.37
644,easy,11,12:17:40,12:17:40,12:17:47,COMPLETED,25198.0,109.4,0.68,7.02
673,easy,12,12:17:12,12:17:15,12:18:37,COMPLETED,33604.0,1366.4,3.42,85.18
715,easy,12,12:17:01,12:17:02,12:18:43,COMPLETED,31315.0,1680.2,1.89,102.44
747,easy,12,12:18:25,12:18:30,12:18:43,COMPLETED,28689.0,214.1,5.89,18.44
683,easy,11,12:18:44,12:18:49,12:18:56,COMPLETED,30084.0,109.1,5.76,12.08
532,hard,15,11:54:58,11:55:01,12:19:52,COMPLETED,34104.0,24856.2,3.11,1494.35
579,hard,15,11:58:14,11:58:16,12:20:11,COMPLETED,30715.0,21908.0,2.71,1317.06
746,easy,12,12:20:32,12:20:35,12:21:13,COMPLETED,31939.0,629.1,4.00,41.53
604,medium,14,12:09:12,12:09:15,12:21:32,COMPLETED,29070.0,12282.1,3.53,740.30
628,easy,11,12:21:19,12:21:19,12:21:32,COMPLETED,26352.0,212.6,0.78,13.30
609,medium,14,12:12:43,12:12:46,12:22:22,COMPLETED,29284.0,9597.5,3.59,579.26
601,easy,12,12:21:48,12:21:51,12:22:22,COMPLETED,32388.0,525.1,3.00,34.26
631,medium,13,12:19:21,12:19:21,12:22:40,COMPLETED,29518.0,3336.0,0.08,199.98
617,easy,11,12:22:39,12:22:40,12:22:53,COMPLETED,29153.0,211.9,1.98,14.49
653,medium,13,12:23:09,12:23:12,12:23:31,COMPLETED,28747.0,327.0,3.41,22.68
401,hard,15,10:10:23,10:10:28,12:23:44,COMPLETED,38450.0,133267.3,5.38,8001.36
630,easy,11,12:23:33,12:23:38,12:23:44,COMPLETED,23372.0,108.5,5.09,11.36
447,hard,15,10:48:17,10:48:21,12:23:57,COMPLETED,33470.0,95602.2,4.03,5740.09
734,easy,12,12:23:11,12:23:12,12:23:57,COMPLETED,32519.0,746.8,1.41,46.09
637,easy,11,12:24:42,12:24:47,12:25:07,COMPLETED,21133.0,331.5,5.88,25.42
624,medium,14,12:15:43,12:15:47,12:25:51,COMPLETED,27924.0,10065.3,4.82,608.53
650,medium,13,12:25:36,12:25:38,12:26:16,COMPLETED,28193.0,632.2,2.96,40.60
692,easy,12,12:25:49,12:25:51,12:26:16,COMPLETED,28452.0,423.0,2.53,27.60
725,easy,11,12:26:16,12:26:16,12:26:22,COMPLETED,31566.0,110.8,0.60,6.93
529,medium,14,11:11:55,11:11:57,12:27:13,COMPLETED,27743.0,75261.1,2.86,4518.43
686,easy,12,12:24:57,12:25:00,12:27:44,COMPLETED,29259.0,2733.9,3.93,167.75
711,medium,14,12:23:00,12:23:05,12:27:57,COMPLETED,29105.0,4860.1,5.94,297.33
710,medium,14,12:23:49,12:23:50,12:28:03,COMPLETED,31828.0,4220.1,1.63,254.64
652,easy,12,12:27:00,12:27:00,12:28:03,COMPLETED,31962.0,1052.3,0.76,63.64
662,easy,12,12:26:43,12:26:48,12:28:09,COMPLETED,32704.0,1366.7,5.15,86.93
688,easy,11,12:27:55,12:27:57,12:28:22,COMPLETED,27782.0,422.6,2.33,27.44
678,easy,12,12:27:51,12:27:51,12:28:34,COMPLETED,23335.0,736.8,0.03,44.00
677,medium,14,12:20:45,12:20:48,12:28:53,COMPLETED,31088.0,8091.2,3.50,488.79
535,medium,14,11:11:10,11:11:13,12:29:06,COMPLETED,30496.0,77875.7,3.88,4676.34
739,easy,11,12:28:43,12:28:47,12:29:06,COMPLETED,32559.0,318.0,4.49,23.34
687,medium,14,12:09:57,12:10:00,12:29:18,COMPLETED,29359.0,19311.1,3.31,1161.83
712,medium,14,12:25:22,12:25:26,12:30:08,COMPLETED,37412.0,4709.4,4.37,286.74
582,hard,15,11:09:08,11:09:08,12:30:40,COMPLETED,33493.0,81535.1,0.42,4892.38
646,easy,11,12:30:32,12:30:33,12:30:40,COMPLETED,25293.0,115.5,1.86,8.38
432,hard,15,10:50:24,10:50:28,12:30:53,COMPLETED,35393.0,100415.7,4.40,6029.23
727,medium,13,12:29:00,12:29:00,12:30:53,COMPLETED,31599.0,1892.8,0.05,113.23
675,easy,12,12:31:34,12:31:38,12:31:50,COMPLETED,28349.0,221.3,4.02,16.88
736,easy,12,12:31:18,12:31:18,12:31:57,COMPLETED,26489.0,648.1,0.66,39.34
607,easy,11,12:32:09,12:32:09,12:32:16,COMPLETED,25729.0,114.8,0.81,7.30
482,hard,15,11:39:54,11:39:57,12:32:54,COMPLETED,30709.0,52959.4,3.16,3180.45
674,medium,14,12:16:48,12:16:50,12:33:07,COMPLETED,29299.0,16287.5,2.37,979.38
681,easy,11,12:32:52,12:32:54,12:33:07,COMPLETED,36895.0,221.9,2.45,15.38
682,medium,13,12:30:09,12:30:14,12:33:13,COMPLETED,31207.0,2986.3,5.99,184.81
575,hard,15,11:58:57,11:59:00,12:33:51,COMPLETED,30718.0,34863.5,3.28,2094.98
735,easy,11,12:33:44,12:33:45,12:33:58,COMPLETED,27858.0,219.5,1.51,14.25
721,easy,11,12:33:54,12:33:58,12:34:04,COMPLETED,25374.0,115.2,4.25,10.73
733,easy,11,12:35:13,12:35:15,12:35:21,COMPLETED,26645.0,112.4,2.13,8.47
670,easy,11,12:35:17,12:35:21,12:35:40,COMPLETED,33012.0,328.6,4.47,23.72
627,easy,11,12:35:47,12:35:47,12:36:06,COMPLETED,31219.0,325.9,0.25,19.40
664,medium,13,12:35:03,12:35:08,12:36:12,COMPLETED,26893.0,1077.0,5.70,69.84
606,medium,13,12:33:21,12:33:26,12:36:32,COMPLETED,22379.0,3099.3,5.57,191.19
578,medium,14,11:57:31,11:57:32,12:36:45,COMPLETED,27949.0,39210.3,1.52,2354.03
611,easy,12,12:36:59,12:37:03,12:37:41,COMPLETED,32895.0,630.1,4.77,42.34
703,easy,12,12:37:44,12:37:47,12:38:50,COMPLETED,27829.0,1052.6,3.61,66.53
368,hard,15,10:41:54,10:41:56,12:39:46,COMPLETED,33559.0,117838.1,2.75,7072.96
748,easy,11,12:39:49,12:39:53,12:40:12,COMPLETED,29498.0,321.6,4.26,23.25
613,easy,11,12:39:55,12:39:59,12:40:24,COMPLETED,24237.0,426.6,4.61,29.91
655,medium,13,12:40:36,12:40:37,12:41:40,COMPLETED,32848.0,1054.2,1.49,64.49
648,medium,14,12:09:53,12:09:53,12:41:53,COMPLETED,31060.0,31991.8,0.79,1920.19
742,easy,12,12:41:16,12:41:21,12:41:59,COMPLETED,32508.0,640.4,5.46,43.47
717,easy,12,12:42:15,12:42:18,12:42:44,COMPLETED,18184.0,438.9,3.78,29.70
608,easy,11,12:42:38,12:42:38,12:42:44,COMPLETED,23863.0,116.0,0.21,6.70
645,medium,13,12:36:09,12:36:12,12:43:29,COMPLETED,29262.0,7279.1,3.84,440.38
657,medium,14,12:37:57,12:38:00,12:44:13,COMPLETED,25765.0,6229.4,3.20,376.68
726,medium,13,12:38:31,12:38:31,12:44:13,COMPLETED,33725.0,5706.2,0.61,342.68
602,easy,12,12:44:11,12:44:13,12:44:26,COMPLETED,27020.0,219.0,2.68,15.42
665,easy,12,12:38:08,12:38:12,12:44:32,COMPLETED,38193.0,6341.5,4.75,384.87
67,hard,15,08:06:20,08:06:21,12:44:51,COMPLETED,36979.0,278499.5,1.98,16711.93
506,medium,14,11:59:25,11:59:25,12:44:58,COMPLETED,25856.0,45552.9,0.20,2733.20
639,hard,15,12:29:34,12:29:37,12:45:10,COMPLETED,25814.0,15560.0,3.53,936.93
709,easy,11,12:44:53,12:44:58,12:45:10,COMPLETED,26620.0,216.9,5.20,17.93
600,easy,11,12:45:12,12:45:17,12:45:23,COMPLETED,27154.0,114.9,5.24,11.77
702,medium,14,12:34:31,12:34:36,12:45:30,COMPLETED,31834.0,10896.0,5.63,659.19
693,easy,12,12:45:51,12:45:55,12:46:02,COMPLETED,26011.0,114.6,4.60,11.25
669,hard,15,12:05:13,12:05:16,12:46:08,COMPLETED,27590.0,40877.9,3.11,2455.62
713,hard,15,12:09:02,12:09:02,12:46:21,COMPLETED,27262.0,37315.6,0.58,2239.43
696,hard,15,12:34:38,12:34:43,12:46:27,COMPLETED,33772.0,11746.7,5.09,709.68
729,easy,11,12:45:53,12:45:55,12:46:53,COMPLETED,30590.0,958.2,2.60,60.05
647,hard,15,12:24:46,12:24:47,12:46:59,COMPLETED,24043.0,22191.5,1.88,1333.30
722,easy,11,12:47:22,12:47:25,12:48:03,COMPLETED,35225.0,641.1,3.06,41.30
694,medium,14,12:16:21,12:16:25,12:48:40,COMPLETED,35958.0,32259.4,4.39,1939.77
741,hard,15,12:18:46,12:18:49,12:49:24,COMPLETED,32299.0,30581.9,3.76,1838.59
672,medium,14,12:48:40,12:48:40,12:49:37,COMPLETED,28235.0,945.8,0.77,57.22
740,easy,12,12:44:57,12:44:58,12:50:02,COMPLETED,25372.0,5071.1,1.20,305.32
640,easy,12,12:46:23,12:46:27,12:50:27,COMPLETED,29707.0,3998.0,4.68,244.36
468,hard,15,11:04:21,11:04:26,12:50:58,COMPLETED,30443.0,106546.1,5.00,6397.70
679,easy,11,12:50:48,12:50:52,12:51:17,COMPLETED,26260.0,421.9,4.41,29.49
695,easy,12,12:51:22,12:51:23,12:51:30,COMPLETED,27278.0,108.7,1.75,8.04
621,easy,12,12:51:40,12:51:42,12:52:20,COMPLETED,25178.0,628.7,2.53,40.02
626,medium,13,12:50:16,12:50:21,12:52:44,COMPLETED,29973.0,2402.4,5.05,148.97
745,easy,11,12:53:25,12:53:29,12:54:00,COMPLETED,24656.0,533.3,4.30,35.92
699,medium,14,12:41:29,12:41:34,12:54:26,COMPLETED,26076.0,12875.6,5.09,777.40
638,easy,12,12:54:26,12:54:26,12:54:32,COMPLETED,28357.0,111.1,0.40,6.70
684,easy,11,12:54:37,12:54:39,12:55:17,COMPLETED,38208.0,650.1,2.11,40.76
632,easy,12,12:54:51,12:54:52,12:55:17,COMPLETED,29078.0,435.8,1.01,26.76
691,hard,15,12:01:54,12:01:56,12:55:43,COMPLETED,29188.0,53789.6,2.21,3229.47
749,easy,12,12:55:52,12:55:56,12:56:02,COMPLETED,22876.0,109.0,4.33,10.64
660,easy,12,12:55:26,12:55:30,12:56:15,COMPLETED,31647.0,751.5,4.60,49.26
527,hard,15,11:36:03,11:36:08,12:56:21,COMPLETED,32560.0,80215.5,5.93,4818.75
658,hard,15,12:10:19,12:10:19,12:57:19,COMPLETED,27307.0,46994.2,0.62,2820.24
724,easy,12,12:54:54,12:54:58,12:57:25,COMPLETED,29929.0,2460.0,4.52,151.68
723,easy,12,12:56:22,12:56:28,12:57:25,COMPLETED,27026.0,966.6,6.17,63.68
666,easy,12,12:56:44,12:56:47,12:57:44,COMPLETED,31054.0,963.2,3.33,60.76
704,easy,11,12:57:21,12:57:25,12:57:44,COMPLETED,36499.0,324.8,4.68,23.76
676,medium,14,12:47:01,12:47:05,12:57:57,COMPLETED,33453.0,10870.3,4.72,656.65
708,medium,14,12:47:01,12:47:05,12:58:10,COMPLETED,26521.0,11082.0,4.72,669.44
605,medium,13,12:56:38,12:56:41,12:58:29,COMPLETED,32770.0,1811.9,3.05,111.44
689,easy,12,12:57:37,12:57:38,12:58:29,COMPLETED,26592.0,855.6,1.48,52.44
690,easy,12,12:56:44,12:56:47,12:58:48,COMPLETED,33549.0,2025.2,3.33,124.53
730,easy,11,12:59:01,12:59:01,12:59:07,COMPLETED,31330.0,112.0,0.26,6.77
701,easy,11,12:59:55,12:59:57,13:00:03,COMPLETED,22298.0,110.1,2.67,8.96
707,easy,12,12:59:59,13:00:03,13:00:22,COMPLETED,22130.0,316.2,4.96,23.76
784,easy,12,13:00:32,13:00:35,13:00:47,COMPLETED,20349.0,214.3,3.22,15.83
659,medium,14,12:54:57,12:54:58,13:01:12,COMPLETED,27074.0,6242.0,1.52,375.89
656,medium,13,12:59:58,13:00:03,13:01:37,COMPLETED,26949.0,1568.4,5.96,99.87
610,hard,15,12:45:17,12:45:17,13:02:15,COMPLETED,31176.0,16968.7,0.24,1018.29
765,easy,11,13:01:57,13:02:02,13:02:15,COMPLETED,26458.0,212.2,5.79,18.29
807,medium,13,13:01:06,13:01:06,13:02:40,COMPLETED,26384.0,1564.2,0.62,94.27
813,easy,11,13:02:49,13:02:52,13:02:59,COMPLETED,27924.0,109.2,3.73,10.07
714,hard,15,12:49:53,12:49:56,13:03:24,COMPLETED,31866.0,13470.5,3.04,811.09
881,medium,13,13:02:31,13:02:33,13:03:30,COMPLETED,35796.0,942.5,3.00,59.33
75,hard,15,08:09:33,08:09:37,13:04:01,COMPLETED,40780.0,294406.3,4.24,17668.55
846,easy,11,13:04:00,13:04:01,13:04:14,COMPLETED,28627.0,214.2,1.55,14.18
667,medium,13,12:35:04,12:35:08,13:04:20,COMPLETED,38880.0,29196.3,4.70,1756.43
651,medium,13,12:53:29,12:53:29,13:05:41,COMPLETED,32549.0,12213.6,0.30,732.98
250,hard,15,09:12:52,09:12:54,13:06:26,COMPLETED,34640.0,233533.8,2.46,14014.43
799,easy,11,13:06:58,13:06:58,13:07:04,COMPLETED,31768.0,113.9,0.15,6.61
845,easy,12,13:07:34,13:07:35,13:08:13,COMPLETED,23264.0,628.4,1.95,39.39
772,easy,11,13:08:30,13:08:32,13:08:57,COMPLETED,27342.0,420.0,2.14,27.12
790,easy,11,13:09:06,13:09:09,13:09:28,COMPLETED,29864.0,329.7,3.60,22.92
777,easy,11,13:08:10,13:08:13,13:09:35,COMPLETED,35519.0,1377.0,3.39,85.42
762,medium,13,13:01:11,13:01:12,13:09:42,COMPLETED,33910.0,8494.2,1.89,511.07
798,easy,11,13:09:38,13:09:42,13:09:55,COMPLETED,24310.0,222.7,4.07,17.16
794,easy,12,13:10:34,13:10:39,13:11:22,COMPLETED,35934.0,733.3,5.18,48.95
821,easy,11,13:11:16,13:11:16,13:11:22,COMPLETED,23053.0,109.2,0.65,6.95
834,medium,14,13:05:11,13:05:16,13:11:54,COMPLETED,25047.0,6630.4,5.58,403.21
829,medium,13,13:05:09,13:05:10,13:12:31,COMPLETED,35481.0,7360.6,1.27,442.71
795,easy,11,13:12:46,13:12:50,13:12:56,COMPLETED,26184.0,109.4,4.41,10.75
857,medium,13,13:02:50,13:02:52,13:13:03,COMPLETED,35319.0,10173.7,2.73,613.01
755,easy,12,13:09:46,13:09:48,13:13:03,COMPLETED,34325.0,3242.5,2.68,197.01
743,hard,15,12:47:49,12:47:50,13:13:34,COMPLETED,29483.0,25729.0,1.68,1545.23
817,easy,12,13:13:16,13:13:21,13:14:17,COMPLETED,36191.0,939.3,5.71,61.85
824,medium,14,13:03:10,13:03:11,13:14:55,COMPLETED,29446.0,11731.3,1.57,705.19
859,easy,11,13:14:53,13:14:55,13:15:14,COMPLETED,29723.0,318.5,2.19,21.04
809,easy,11,13:15:26,13:15:26,13:15:33,COMPLETED,31657.0,111.9,0.70,7.05
793,easy,12,13:15:08,13:15:14,13:15:45,COMPLETED,25835.0,535.5,6.04,37.82
773,easy,12,13:16:06,13:16:11,13:16:24,COMPLETED,26776.0,218.8,5.30,18.08
801,easy,12,13:16:14,13:16:17,13:16:30,COMPLETED,24127.0,219.7,3.61,16.48
892,easy,11,13:16:45,13:16:49,13:17:01,COMPLETED,16472.0,218.3,4.27,17.00
763,easy,12,13:16:49,13:16:49,13:17:01,COMPLETED,25246.0,218.3,0.27,13.00
174,hard,15,09:15:09,09:15:10,13:19:34,COMPLETED,37970.0,244415.9,1.09,14665.99
796,medium,14,13:09:38,13:09:42,13:20:19,COMPLETED,27673.0,10627.6,4.07,641.46
760,easy,12,13:19:49,13:19:54,13:21:17,COMPLETED,27604.0,1390.2,5.16,88.13
716,hard,15,12:35:20,12:35:21,13:21:55,COMPLETED,34900.0,46564.6,1.47,2795.19
629,medium,14,12:28:24,12:28:28,13:22:01,COMPLETED,37715.0,53549.4,4.71,3217.55
766,easy,12,13:20:32,13:20:32,13:22:07,COMPLETED,29209.0,1598.6,0.21,95.85
897,medium,14,13:00:32,13:00:35,13:22:26,COMPLETED,34253.0,21859.1,3.22,1314.65
761,hard,15,13:09:34,13:09:35,13:22:51,COMPLETED,27929.0,13274.4,1.42,797.72
850,easy,12,13:21:50,13:21:55,13:23:04,COMPLETED,36632.0,1154.1,5.19,74.21
862,medium,14,13:18:01,13:18:05,13:23:10,COMPLETED,29171.0,5084.5,4.58,309.47
823,easy,12,13:22:02,13:22:07,13:23:16,COMPLETED,28398.0,1151.6,5.85,74.71
364,hard,15,10:33:23,10:33:24,13:23:54,COMPLETED,35517.0,170489.0,1.94,10231.27
879,medium,13,13:23:45,13:23:47,13:25:09,COMPLETED,31168.0,1357.7,3.00,84.25
828,medium,13,13:22:44,13:22:45,13:25:34,COMPLETED,32681.0,2816.4,1.42,170.20
820,easy,12,13:24:52,13:24:56,13:26:05,COMPLETED,34672.0,1148.9,4.71,73.43
800,easy,11,13:26:16,13:26:17,13:26:24,COMPLETED,24628.0,110.0,1.92,8.35
814,easy,11,13:26:24,13:26:24,13:26:30,COMPLETED,28130.0,109.8,0.35,6.69
758,easy,12,13:26:12,13:26:17,13:27:02,COMPLETED,22086.0,743.9,5.92,50.32
819,easy,11,13:26:40,13:26:43,13:27:08,COMPLETED,27216.0,425.1,3.29,28.60
827,easy,12,13:24:44,13:24:44,13:27:14,COMPLETED,38529.0,2516.3,0.12,150.88
887,medium,14,13:12:46,13:12:50,13:27:33,COMPLETED,35677.0,14722.4,4.41,887.63
515,hard,15,11:46:47,11:46:51,13:27:52,COMPLETED,42611.0,101010.0,4.83,6065.36
769,easy,12,13:26:15,13:26:17,13:27:58,COMPLETED,22415.0,1680.9,2.92,103.66
878,medium,14,13:11:40,13:11:41,13:28:04,COMPLETED,35603.0,16390.0,1.69,984.91
856,medium,14,13:20:14,13:20:19,13:28:36,COMPLETED,28470.0,8280.7,5.46,502.11
789,medium,14,13:23:33,13:23:35,13:28:54,COMPLETED,32174.0,5325.4,2.50,321.82
778,medium,13,13:07:46,13:07:48,13:29:25,COMPLETED,31212.0,21628.0,2.44,1299.91
775,medium,13,13:26:39,13:26:43,13:29:38,COMPLETED,28087.0,2922.8,4.29,179.46
774,easy,12,13:29:23,13:29:25,13:30:09,COMPLETED,28314.0,731.0,2.91,46.58
780,medium,13,13:26:20,13:26:24,13:30:34,COMPLETED,27144.0,4171.7,4.35,254.46
822,easy,12,13:30:37,13:30:40,13:30:53,COMPLETED,27368.0,212.4,3.69,16.18
759,easy,12,13:30:52,13:30:53,13:31:12,COMPLETED,28915.0,317.5,1.18,20.01
797,easy,11,13:30:36,13:30:40,13:31:18,COMPLETED,27827.0,630.4,4.69,42.30
831,easy,12,13:30:47,13:30:53,13:31:18,COMPLETED,21670.0,422.5,6.18,31.30
805,medium,14,13:23:19,13:23:22,13:31:37,COMPLETED,33840.0,8238.2,3.99,498.04
880,easy,11,13:31:26,13:31:30,13:31:43,COMPLETED,23341.0,213.9,4.77,17.35
806,easy,12,13:31:06,13:31:12,13:32:02,COMPLETED,27800.0,844.5,6.01,56.35
855,easy,12,13:31:39,13:31:43,13:32:08,COMPLETED,31942.0,429.2,4.35,29.76
875,medium,13,13:31:49,13:31:49,13:32:53,COMPLETED,28459.0,1064.3,0.64,64.33
889,medium,13,13:31:32,13:31:37,13:32:59,COMPLETED,33242.0,1383.1,5.04,87.59
781,easy,11,13:32:42,13:32:47,13:32:59,COMPLETED,22965.0,217.0,5.07,17.59
866,easy,12,13:33:52,13:33:57,13:34:10,COMPLETED,27488.0,224.0,5.09,18.25
870,easy,12,13:33:55,13:33:57,13:34:10,COMPLETED,29668.0,222.8,2.09,15.25
893,easy,12,13:34:09,13:34:10,13:34:29,COMPLETED,34519.0,320.8,1.25,20.17
731,hard,15,12:24:43,12:24:47,13:34:35,COMPLETED,27332.0,69794.3,4.88,4192.53
853,easy,12,13:33:41,13:33:44,13:34:41,COMPLETED,27294.0,965.0,3.12,60.83
767,easy,12,13:34:22,13:34:22,13:34:48,COMPLETED,22048.0,424.4,0.83,26.08
728,hard,15,12:30:12,12:30:14,13:35:00,COMPLETED,36795.0,64760.3,2.99,3888.55
872,easy,12,13:34:26,13:34:29,13:35:00,COMPLETED,26318.0,526.7,3.17,34.55
844,medium,13,13:33:42,13:33:44,13:36:02,COMPLETED,26979.0,2313.2,2.12,140.82
837,medium,14,13:32:27,13:32:27,13:36:27,COMPLETED,29475.0,4000.3,0.89,240.71
586,hard,15,11:46:05,11:46:07,13:37:42,COMPLETED,24040.0,111590.4,2.04,6697.40
661,medium,14,12:49:35,12:49:37,13:37:48,COMPLETED,27928.0,48193.0,2.22,2893.67
885,easy,11,13:38:11,13:38:13,13:38:32,COMPLETED,26366.0,315.7,2.57,21.26
867,easy,12,13:38:27,13:38:32,13:38:57,COMPLETED,27569.0,419.9,5.26,30.19
788,medium,13,13:30:26,13:30:28,13:39:53,COMPLETED,31853.0,9429.2,2.21,567.76
804,easy,11,13:39:23,13:39:28,13:39:53,COMPLETED,23659.0,426.0,5.45,30.76
783,easy,11,13:39:42,13:39:47,13:40:06,COMPLETED,21621.0,323.7,5.43,24.41
847,medium,13,13:37:21,13:37:23,13:40:19,COMPLETED,31830.0,2932.5,2.66,178.29
705,hard,15,12:31:19,12:31:25,13:40:51,COMPLETED,30118.0,69435.5,6.17,4172.22
776,medium,13,13:40:01,13:40:06,13:41:16,COMPLETED,30844.0,1176.1,5.41,75.62
841,easy,12,13:41:42,13:41:42,13:41:54,COMPLETED,29035.0,221.9,0.08,12.92
811,hard,15,13:06:44,13:06:45,13:42:01,COMPLETED,39173.0,35273.0,1.40,2117.45
802,easy,11,13:41:59,13:42:01,13:42:07,COMPLETED,25647.0,116.5,2.45,8.97
757,medium,14,13:39:03,13:39:03,13:42:33,COMPLETED,32716.0,3503.5,0.48,210.41
894,easy,12,13:41:28,13:41:29,13:42:33,COMPLETED,29601.0,1071.5,1.45,65.41
839,easy,11,13:43:04,13:43:05,13:43:11,COMPLETED,25778.0,110.3,1.13,7.48
891,easy,11,13:43:21,13:43:24,13:43:30,COMPLETED,28303.0,114.3,3.11,9.58
826,medium,13,13:41:50,13:41:54,13:44:27,COMPLETED,29951.0,2556.3,4.92,157.96
849,easy,12,13:44:44,13:44:47,13:44:59,COMPLETED,21198.0,217.3,3.01,15.66
786,easy,12,13:43:58,13:44:02,13:45:19,COMPLETED,30975.0,1288.6,4.34,81.29
835,easy,11,13:45:07,13:45:12,13:45:19,COMPLETED,21324.0,118.5,5.65,12.29
751,easy,11,13:45:01,13:45:06,13:45:25,COMPLETED,33526.0,335.0,5.11,24.80
830,hard,15,13:15:06,13:15:07,13:46:09,COMPLETED,36001.0,31034.5,1.77,1863.71
791,medium,13,13:43:17,13:43:17,13:46:22,COMPLETED,29386.0,3078.7,0.78,185.21
612,hard,15,12:26:18,12:26:22,13:46:47,COMPLETED,31889.0,80408.4,4.93,4829.36
764,medium,14,13:38:52,13:38:57,13:46:53,COMPLETED,32788.0,7943.5,5.19,481.62
861,hard,15,13:25:45,13:25:46,13:48:02,COMPLETED,32074.0,22261.5,1.68,1337.18
808,easy,11,13:47:59,13:48:02,13:48:14,COMPLETED,26196.0,212.3,3.18,15.70
833,easy,12,13:49:03,13:49:04,13:49:17,COMPLETED,23311.0,212.1,1.56,14.07
787,easy,12,13:49:47,13:49:48,13:50:13,COMPLETED,27152.0,421.0,1.34,26.40
874,easy,12,13:49:46,13:49:48,13:50:25,COMPLETED,24665.0,630.7,2.34,39.95
818,easy,12,13:50:29,13:50:32,13:51:04,COMPLETED,29455.0,536.9,3.20,35.04
876,easy,12,13:50:51,13:50:51,13:51:10,COMPLETED,28109.0,327.7,0.19,19.47
698,hard,15,12:24:39,12:24:41,13:51:16,COMPLETED,45650.0,86594.0,2.41,5197.90
843,easy,12,13:46:20,13:46:22,13:51:29,COMPLETED,32979.0,5128.1,2.21,309.63
812,easy,12,13:49:40,13:49:42,13:52:01,COMPLETED,27229.0,2324.6,2.06,141.20
848,medium,13,13:35:12,13:35:13,13:52:45,COMPLETED,40497.0,17552.0,1.02,1053.86
863,medium,13,13:52:20,13:52:20,13:54:08,COMPLETED,27400.0,1810.0,0.22,108.47
851,easy,12,13:53:48,13:53:49,13:54:59,COMPLETED,27916.0,1175.3,1.22,71.38
873,easy,12,13:54:29,13:54:34,13:55:18,COMPLETED,26685.0,741.1,5.01,49.26
898,medium,14,13:26:14,13:26:17,13:55:50,COMPLETED,35371.0,29541.0,3.92,1776.20
782,easy,11,13:55:40,13:55:43,13:55:50,COMPLETED,25732.0,116.4,3.63,10.20
852,easy,11,13:55:43,13:55:43,13:55:50,COMPLETED,24777.0,115.4,0.63,7.20
803,easy,11,13:56:24,13:56:28,13:56:34,COMPLETED,26581.0,111.1,4.37,10.65
752,medium,13,13:53:13,13:53:17,13:56:47,COMPLETED,28985.0,3499.3,4.54,214.30
896,easy,11,13:56:50,13:56:53,13:57:12,COMPLETED,26074.0,319.5,3.54,22.47
771,easy,12,13:57:03,13:57:06,13:57:18,COMPLETED,30389.0,214.5,3.15,15.76
871,hard,15,13:18:04,13:18:05,13:57:50,COMPLETED,31548.0,39743.6,1.58,2386.08
895,hard,15,13:44:20,13:44:21,13:58:09,COMPLETED,34884.0,13798.0,1.46,829.07
888,easy,11,13:57:37,13:57:37,13:58:40,COMPLETED,33728.0,1054.6,0.55,63.61
810,easy,12,13:58:02,13:58:02,13:58:59,COMPLETED,28171.0,949.3,0.73,57.42
737,hard,15,12:17:36,12:17:40,13:59:18,COMPLETED,35087.0,101626.9,4.68,6102.24
792,medium,14,13:56:53,13:56:53,13:59:24,COMPLETED,33239.0,2518.9,0.54,151.51
877,easy,11,13:59:31,13:59:37,13:59:49,COMPLETED,28702.0,212.9,6.02,18.56
899,medium,13,13:48:34,13:48:39,14:00:02,COMPLETED,36626.0,11378.1,5.62,688.11
890,medium,13,13:58:04,13:58:09,14:00:58,COMPLETED,33324.0,2825.6,5.07,174.39
744,medium,14,12:46:02,12:46:02,14:01:42,COMPLETED,32568.0,75668.6,0.25,4540.25
949,easy,11,14:01:59,14:02:01,14:02:07,COMPLETED,21417.0,115.3,2.32,8.83
950,easy,12,14:01:52,14:01:54,14:02:33,COMPLETED,27993.0,652.5,2.82,41.56
756,medium,14,13:58:44,13:58:46,14:02:52,COMPLETED,28706.0,4107.0,2.88,248.87
969,easy,12,14:02:14,14:02:14,14:03:05,COMPLETED,28531.0,860.9,0.28,51.63
768,medium,14,13:43:58,13:44:02,14:03:18,COMPLETED,32072.0,19270.2,4.34,1160.34
840,hard,15,13:50:35,13:50:38,14:04:08,COMPLETED,33087.0,13510.6,3.49,813.95
903,easy,12,14:03:15,14:03:18,14:04:15,COMPLETED,31135.0,952.6,3.34,60.22
1036,easy,12,14:04:13,14:04:15,14:04:34,COMPLETED,28318.0,327.1,2.22,21.29
957,easy,12,14:04:33,14:04:34,14:04:47,COMPLETED,26782.0,223.2,1.29,14.29
836,hard,15,13:34:00,13:34:03,14:05:00,COMPLETED,23782.0,30943.0,3.66,1860.00
1016,easy,12,14:04:26,14:04:27,14:05:00,COMPLETED,28760.0,545.0,1.78,34.00
869,medium,14,13:44:50,13:44:53,14:06:35,COMPLETED,30630.0,21718.1,3.30,1305.94
945,easy,11,14:06:34,14:06:35,14:06:49,COMPLETED,18351.0,225.1,1.94,15.05
1033,easy,12,14:06:35,14:06:35,14:07:46,COMPLETED,25434.0,1180.3,0.94,71.60
832,hard,15,13:57:46,13:57:50,14:07:59,COMPLETED,30787.0,10155.8,4.08,613.21
911,easy,11,14:07:59,14:07:59,14:08:11,COMPLETED,28044.0,214.7,0.21,12.84
968,medium,13,14:04:35,14:04:40,14:09:33,COMPLETED,23520.0,4885.6,5.92,298.75
860,medium,14,13:42:18,13:42:20,14:09:52,COMPLETED,32786.0,27534.9,2.86,1654.80
939,easy,11,14:09:43,14:09:46,14:09:59,COMPLETED,23159.0,215.1,3.46,16.10
1035,easy,12,14:08:57,14:09:02,14:10:24,COMPLETED,26779.0,1373.6,5.08,87.23
978,easy,11,14:10:46,14:10:49,14:11:08,COMPLETED,23339.0,320.4,3.35,22.28
1047,easy,11,14:11:18,14:11:20,14:11:27,COMPLETED,16987.0,111.1,2.93,9.28
1012,medium,13,14:10:04,14:10:05,14:11:46,COMPLETED,29785.0,1684.5,1.39,102.18
663,hard,15,12:27:02,12:27:07,14:11:52,COMPLETED,34274.0,104758.2,5.07,6290.49
967,medium,13,14:10:59,14:11:01,14:12:17,COMPLETED,28094.0,1266.7,2.95,78.63
975,easy,11,14:12:11,14:12:11,14:12:24,COMPLETED,22385.0,216.5,0.32,13.01
1004,easy,12,14:12:17,14:12:17,14:12:55,COMPLETED,19366.0,638.0,0.63,38.65
754,medium,14,13:40:38,13:40:38,14:13:39,COMPLETED,32219.0,33024.8,0.38,1981.61
838,medium,13,13:53:39,13:53:42,14:14:12,COMPLETED,39271.0,20496.0,3.90,1233.39
1007,easy,12,14:12:39,14:12:42,14:14:18,COMPLETED,34454.0,1605.0,3.98,99.91
1013,easy,12,14:14:17,14:14:18,14:14:50,COMPLETED,25956.0,540.2,1.91,33.86
918,medium,13,14:12:33,14:12:36,14:14:57,COMPLETED,30327.0,2354.3,3.65,144.37
1030,medium,13,14:13:45,14:13:46,14:14:57,COMPLETED,36101.0,1195.7,1.22,72.37
910,easy,12,14:13:34,14:13:39,14:15:16,COMPLETED,28530.0,1630.1,5.61,102.90
1049,medium,14,14:03:01,14:03:05,14:15:29,COMPLETED,28955.0,12409.4,4.63,748.96
984,medium,13,14:14:53,14:14:57,14:15:36,COMPLETED,21020.0,656.4,4.37,43.30
1014,easy,12,14:11:23,14:11:27,14:16:46,COMPLETED,30095.0,5331.6,4.28,323.78
1008,easy,12,14:16:47,14:16:53,14:17:25,COMPLETED,16443.0,549.0,6.27,38.78
649,hard,15,12:37:45,12:37:47,14:18:42,COMPLETED,33642.0,100921.9,2.61,6057.82
883,hard,15,13:00:48,13:00:54,14:19:21,COMPLETED,36162.0,78455.7,6.11,4713.27
980,hard,15,14:05:57,14:05:57,14:19:33,COMPLETED,38640.0,13609.6,0.66,816.94
920,medium,13,14:19:16,14:19:21,14:19:40,COMPLETED,30056.0,324.4,5.27,24.37
816,hard,15,13:21:06,13:21:10,14:19:46,COMPLETED,32195.0,58603.8,4.65,3520.78
1010,easy,11,14:19:18,14:19:21,14:19:46,COMPLETED,24029.0,428.8,3.27,28.78
935,easy,11,14:19:40,14:19:40,14:19:46,COMPLETED,29258.0,111.7,0.37,6.78
931,medium,13,14:15:11,14:15:16,14:20:24,COMPLETED,28267.0,5129.3,5.90,313.39
1003,easy,11,14:21:17,14:21:21,14:21:40,COMPLETED,34981.0,320.7,4.14,23.11
951,easy,12,14:21:46,14:21:46,14:21:52,COMPLETED,26422.0,110.1,0.42,6.75
934,easy,11,14:23:22,14:23:27,14:23:39,COMPLETED,24840.0,217.3,5.16,17.89
988,easy,12,14:23:25,14:23:27,14:23:58,COMPLETED,24708.0,532.1,2.16,33.81
1006,medium,13,14:09:04,14:09:08,14:24:05,COMPLETED,32257.0,14949.4,4.45,901.17
908,medium,14,14:20:32,14:20:37,14:24:18,COMPLETED,29322.0,3692.8,5.05,226.10
24,hard,15,08:17:26,08:17:27,14:24:43,COMPLETED,33343.0,367268.0,1.81,22037.86
946,easy,11,14:24:31,14:24:31,14:24:50,COMPLETED,28727.0,329.5,0.18,19.38
936,easy,12,14:24:33,14:24:37,14:25:16,COMPLETED,23282.0,655.3,4.52,43.35
923,easy,11,14:24:45,14:24:50,14:25:16,COMPLETED,29922.0,441.4,5.38,31.35
914,easy,12,14:25:44,14:25:48,14:26:02,COMPLETED,30121.0,233.3,4.62,18.15
1042,easy,12,14:25:53,14:25:55,14:26:08,COMPLETED,23948.0,226.3,2.24,15.68
1046,easy,11,14:27:25,14:27:26,14:27:32,COMPLETED,26252.0,118.8,1.12,7.73
976,medium,13,14:24:08,14:24:11,14:28:18,COMPLETED,30869.0,4118.3,3.53,250.16
9,hard,15,08:23:35,08:23:39,14:28:50,COMPLETED,42596.0,365181.7,4.83,21915.72
944,medium,13,14:16:20,14:16:21,14:29:10,COMPLETED,29232.0,12820.7,1.13,770.00
906,medium,13,14:23:20,14:23:20,14:29:23,COMPLETED,35954.0,6044.1,0.75,363.02
886,hard,15,13:58:19,13:58:21,14:29:35,COMPLETED,30578.0,31239.4,2.73,1876.84
1040,easy,11,14:29:42,14:29:42,14:29:48,COMPLETED,21777.0,116.1,0.38,6.97
1000,easy,11,14:29:57,14:30:01,14:30:52,COMPLETED,35699.0,854.5,4.87,55.85
954,easy,11,14:30:19,14:30:21,14:30:52,COMPLETED,30500.0,533.9,2.14,33.85
842,hard,15,13:59:51,13:59:55,14:30:59,COMPLETED,31514.0,31059.9,4.82,1868.20
1041,medium,14,14:23:17,14:23:20,14:30:59,COMPLETED,30812.0,7646.2,3.75,462.20
1009,medium,14,14:24:18,14:24:18,14:31:05,COMPLETED,32564.0,6795.5,0.10,407.60
1017,easy,11,14:31:43,14:31:43,14:31:56,COMPLETED,31666.0,218.1,0.48,13.14
1015,easy,12,14:30:36,14:30:40,14:32:02,COMPLETED,24883.0,1378.3,4.19,86.61
854,hard,15,13:42:04,13:42:07,14:32:08,COMPLETED,35064.0,50018.0,3.97,3004.93
971,easy,12,14:30:48,14:30:59,14:32:21,COMPLETED,20400.0,1376.5,11.20,93.55
753,hard,15,13:57:44,13:57:50,14:32:27,COMPLETED,34017.0,34632.0,6.08,2083.86
912,easy,11,14:32:33,14:32:34,14:32:46,COMPLETED,28095.0,215.6,1.17,13.82
992,easy,12,14:30:23,14:30:27,14:33:11,COMPLETED,27529.0,2746.8,4.51,169.00
915,easy,11,14:31:51,14:31:56,14:33:18,COMPLETED,34190.0,1376.2,5.14,87.37
1045,hard,15,14:06:59,14:07:01,14:33:24,COMPLETED,41004.0,26382.1,2.99,1585.75
958,medium,13,14:33:30,14:33:31,14:34:15,COMPLETED,30862.0,741.7,1.07,45.28
995,easy,11,14:33:51,14:33:56,14:34:21,COMPLETED,25439.0,426.5,5.35,30.60
1038,medium,13,14:27:11,14:27:13,14:35:12,COMPLETED,29326.0,7988.3,2.01,481.12
921,easy,12,14:33:06,14:33:11,14:35:12,COMPLETED,32812.0,2007.3,6.00,126.12
979,easy,12,14:34:45,14:34:46,14:35:18,COMPLETED,22617.0,532.0,1.84,33.48
917,hard,15,14:14:04,14:14:05,14:35:31,COMPLETED,35779.0,21426.6,1.68,1287.10
933,medium,14,14:09:13,14:09:14,14:38:08,COMPLETED,32063.0,28899.7,1.76,1735.57
990,easy,12,14:37:28,14:37:30,14:38:14,COMPLETED,26578.0,741.8,2.66,46.88
1002,medium,14,14:34:16,14:34:21,14:38:33,COMPLETED,26033.0,4210.1,5.60,257.93
930,easy,12,14:38:24,14:38:27,14:39:11,COMPLETED,29203.0,743.7,3.55,47.80
913,hard,15,14:17:04,14:17:06,14:39:18,COMPLETED,24833.0,22201.7,2.30,1334.21
1037,easy,11,14:39:11,14:39:11,14:39:24,COMPLETED,23131.0,216.3,0.80,13.53
882,hard,15,13:56:21,13:56:22,14:39:37,COMPLETED,29263.0,43253.6,1.09,2596.12
996,easy,11,14:38:27,14:38:27,14:39:49,COMPLETED,32985.0,1374.3,0.55,82.78
1005,easy,12,14:39:11,14:39:11,14:39:49,COMPLETED,29869.0,637.9,0.80,38.78
1020,easy,12,14:36:22,14:36:27,14:40:34,COMPLETED,27741.0,4111.2,5.69,252.06
1023,easy,12,14:40:19,14:40:21,14:41:06,COMPLETED,31440.0,752.2,2.43,47.27
615,hard,15,12:45:51,12:45:55,14:41:12,COMPLETED,34769.0,115285.2,4.60,6921.59
987,easy,12,14:40:32,14:40:34,14:41:25,COMPLETED,28436.0,866.1,2.06,53.56
916,hard,15,14:08:16,14:08:18,14:41:38,COMPLETED,35579.0,33340.5,2.11,2002.38
998,medium,13,14:39:33,14:39:37,14:42:43,COMPLETED,30502.0,3104.4,4.12,190.14
981,easy,12,14:41:43,14:41:44,14:42:49,COMPLETED,29708.0,1083.9,1.68,66.43
943,easy,11,14:43:01,14:43:02,14:43:14,COMPLETED,22810.0,215.8,1.07,13.75
985,easy,12,14:39:03,14:39:05,14:43:27,COMPLETED,28655.0,4368.5,2.47,264.32
952,hard,15,14:09:32,14:09:33,14:44:24,COMPLETED,35872.0,34841.1,1.75,2092.02
1029,easy,12,14:44:17,14:44:17,14:45:08,COMPLETED,24001.0,847.0,0.67,51.22
907,medium,14,14:03:57,14:04:02,14:45:39,COMPLETED,36917.0,41621.6,5.66,2502.77
947,medium,13,14:44:03,14:44:04,14:46:11,COMPLETED,33344.0,2113.2,1.98,128.49
928,easy,11,14:45:58,14:45:58,14:46:11,COMPLETED,23143.0,216.9,0.78,13.49
1027,easy,12,14:45:50,14:45:52,14:46:17,COMPLETED,27507.0,427.5,2.43,27.82
941,medium,14,14:31:06,14:31:11,14:46:36,COMPLETED,28487.0,15416.2,5.92,930.64
720,hard,15,12:25:27,12:25:32,14:46:49,COMPLETED,34933.0,141277.6,5.67,8482.26
962,medium,13,14:45:16,14:45:20,14:47:27,COMPLETED,21609.0,2108.9,4.79,131.08
989,hard,15,14:21:08,14:21:08,14:47:33,COMPLETED,28641.0,26416.8,0.53,1585.36
965,medium,14,14:18:50,14:18:55,14:47:45,COMPLETED,24640.0,28840.5,5.72,1735.98
927,easy,12,14:47:02,14:47:08,14:47:45,COMPLETED,28538.0,635.0,6.17,43.98
900,easy,12,14:48:07,14:48:11,14:48:43,COMPLETED,27942.0,546.4,4.21,36.59
925,easy,12,14:49:27,14:49:28,14:49:53,COMPLETED,28191.0,437.6,1.26,26.99
1031,medium,13,14:39:52,14:39:56,14:50:19,COMPLETED,26708.0,10404.8,4.10,627.91
1024,medium,13,14:47:05,14:47:08,14:50:32,COMPLETED,29182.0,3419.5,3.17,208.00
1011,easy,12,14:50:25,14:50:26,14:50:46,COMPLETED,27618.0,333.2,1.49,21.09
926,easy,11,14:50:37,14:50:39,14:50:46,COMPLETED,31917.0,118.1,2.48,9.09
955,easy,12,14:50:00,14:50:00,14:51:11,COMPLETED,33104.0,1189.8,0.57,71.65
993,hard,15,14:27:02,14:27:06,14:52:35,COMPLETED,33007.0,25482.5,4.60,1533.22
441,medium,14,10:54:06,10:54:09,14:53:00,COMPLETED,37385.0,238857.2,3.31,14334.68
1018,easy,11,14:53:10,14:53:13,14:53:26,COMPLETED,24516.0,224.0,3.60,16.61
948,easy,12,14:53:34,14:53:39,14:54:05,COMPLETED,28355.0,437.4,5.53,31.49
982,easy,12,14:53:36,14:53:39,14:54:18,COMPLETED,33263.0,649.4,3.53,42.29
929,easy,11,14:54:22,14:54:24,14:54:31,COMPLETED,28610.0,111.1,2.62,9.03
964,medium,14,14:49:52,14:49:53,14:54:37,COMPLETED,35523.0,4727.1,1.99,285.37
825,medium,14,13:58:57,13:58:59,14:55:02,COMPLETED,27871.0,56053.6,2.42,3365.52
970,easy,11,14:55:15,14:55:15,14:55:27,COMPLETED,24137.0,214.0,0.07,12.64
904,easy,11,14:55:31,14:55:33,14:55:52,COMPLETED,23847.0,321.0,2.94,21.88
959,easy,11,14:55:41,14:55:46,14:55:52,COMPLETED,27269.0,111.3,5.55,11.88
909,easy,12,14:54:44,14:54:49,14:56:05,COMPLETED,32064.0,1264.2,5.93,81.53
999,hard,15,14:00:49,14:00:52,14:57:39,COMPLETED,31058.0,56799.3,3.09,3410.93
1043,medium,13,14:55:31,14:55:33,14:57:46,COMPLETED,22577.0,2209.3,2.94,135.23
884,hard,15,13:44:49,13:44:53,14:58:23,COMPLETED,34742.0,73513.4,4.30,4414.99
1028,easy,11,14:58:30,14:58:30,14:58:55,COMPLETED,24411.0,425.6,0.30,25.57
523,hard,15,11:59:51,11:59:56,14:59:08,COMPLETED,27447.0,179197.3,5.44,10757.19
977,easy,12,14:57:20,14:57:21,14:59:08,COMPLETED,30052.0,1792.1,1.02,108.19
919,medium,13,14:56:16,14:56:18,14:59:27,COMPLETED,27062.0,3157.3,2.11,191.20
991,medium,13,14:59:05,14:59:08,15:00:50,COMPLETED,25352.0,1713.2,3.19,105.73
1044,medium,13,14:50:25,14:50:26,15:01:03,COMPLETED,34668.0,10619.5,1.49,638.28
815,hard,15,13:06:06,13:06:07,15:02:14,COMPLETED,35297.0,116130.9,1.20,6968.76
1131,easy,12,15:01:59,15:02:01,15:02:14,COMPLETED,26310.0,229.0,2.72,15.76
1152,easy,11,15:01:27,15:01:29,15:02:21,COMPLETED,28825.0,879.4,2.17,54.51
1195,medium,13,15:01:53,15:01:55,15:02:21,COMPLETED,28313.0,447.1,2.06,28.51
1188,easy,11,15:02:13,15:02:14,15:02:34,COMPLETED,29937.0,330.3,1.76,21.34
1107,easy,12,15:02:10,15:02:14,15:02:47,COMPLETED,28095.0,546.5,4.76,37.10
1169,easy,11,15:02:29,15:02:34,15:02:47,COMPLETED,22522.0,220.9,5.34,18.10
1175,easy,11,15:02:48,15:02:53,15:03:06,COMPLETED,28272.0,226.8,5.64,18.78
1075,easy,12,15:03:27,15:03:32,15:03:58,COMPLETED,26671.0,437.5,5.78,31.72
972,medium,13,14:56:48,14:56:49,15:04:11,COMPLETED,31700.0,7367.7,1.53,443.36
1098,easy,12,15:04:18,15:04:24,15:05:02,COMPLETED,26862.0,653.0,6.00,44.71
932,medium,14,14:14:27,14:14:31,15:05:47,COMPLETED,34278.0,51263.5,4.77,3080.46
1097,medium,14,15:01:50,15:01:55,15:05:53,COMPLETED,27752.0,3983.7,5.06,243.78
1157,easy,11,15:06:41,15:06:44,15:06:56,COMPLETED,31172.0,216.6,3.31,15.98
1019,medium,14,14:56:55,14:56:55,15:07:34,COMPLETED,30327.0,10655.6,0.85,639.90
1185,easy,12,15:06:06,15:06:06,15:08:25,COMPLETED,36633.0,2320.2,0.44,139.38
1112,medium,13,15:07:23,15:07:28,15:10:06,COMPLETED,31625.0,2637.1,5.54,163.47
635,hard,15,12:34:03,12:34:04,15:10:12,COMPLETED,29818.0,156135.9,1.73,9369.81
1069,easy,11,15:10:38,15:10:38,15:10:45,COMPLETED,24291.0,115.5,0.68,7.08
1084,easy,12,15:10:13,15:10:19,15:11:17,COMPLETED,27091.0,977.8,6.33,64.61
1058,medium,13,15:11:10,15:11:10,15:11:24,COMPLETED,21629.0,229.6,0.97,14.05
1147,easy,11,15:11:20,15:11:24,15:11:30,COMPLETED,26761.0,120.8,4.05,10.80
1153,medium,13,15:05:21,15:05:22,15:11:50,COMPLETED,23531.0,6477.5,1.19,389.49
1039,hard,15,14:33:17,14:33:18,15:12:48,COMPLETED,29587.0,39503.2,1.37,2371.38
1170,medium,13,15:09:37,15:09:41,15:13:01,COMPLETED,24191.0,3337.2,4.06,204.01
1122,hard,15,15:02:51,15:02:53,15:13:32,COMPLETED,33666.0,10651.6,2.64,641.59
1137,easy,12,15:13:23,15:13:26,15:14:29,COMPLETED,32542.0,1061.5,3.24,66.56
1158,easy,11,15:14:02,15:14:04,15:14:42,COMPLETED,34449.0,645.5,2.22,40.49
924,hard,15,14:01:18,14:01:23,15:15:02,COMPLETED,27407.0,73646.5,5.40,4424.02
1183,medium,13,15:13:35,15:13:38,15:15:02,COMPLETED,31080.0,1393.0,3.91,87.02
1101,easy,12,15:14:00,15:14:04,15:15:27,COMPLETED,38425.0,1401.8,4.22,87.84
1127,easy,11,15:15:11,15:15:14,15:15:27,COMPLETED,22788.0,225.1,3.86,16.84
1074,easy,11,15:15:29,15:15:34,15:15:41,COMPLETED,32321.0,121.9,5.40,12.13
1052,easy,11,15:15:38,15:15:41,15:15:47,COMPLETED,28814.0,115.5,3.13,9.78
1087,hard,15,15:12:01,15:12:03,15:16:32,COMPLETED,32919.0,4495.3,2.36,271.80
1054,easy,11,15:17:51,15:17:54,15:18:01,COMPLETED,20703.0,111.6,3.97,10.34
1072,medium,13,15:06:54,15:06:56,15:18:45,COMPLETED,33407.0,11817.5,2.98,711.77
1167,easy,12,15:17:39,15:17:42,15:19:17,COMPLETED,24202.0,1590.5,3.27,98.40
1174,medium,13,15:10:27,15:10:32,15:19:30,COMPLETED,34110.0,8972.5,5.02,543.09
1134,easy,12,15:16:03,15:16:06,15:19:36,COMPLETED,25963.0,3498.0,3.88,213.44
1060,easy,11,15:19:06,15:19:36,15:19:42,COMPLETED,22717.0,112.1,30.44,36.82
264,hard,15,09:52:42,09:52:47,15:20:20,COMPLETED,38449.0,327549.1,5.93,19658.86
1194,medium,14,15:04:55,15:04:56,15:20:20,COMPLETED,24560.0,15417.2,1.09,925.86
902,medium,14,14:37:56,14:38:02,15:20:27,COMPLETED,25241.0,42420.0,6.24,2551.20
1066,easy,12,15:19:21,15:19:49,15:20:39,COMPLETED,25950.0,851.4,28.20,78.99
1050,easy,11,15:19:30,15:20:27,15:20:39,COMPLETED,28106.0,217.8,57.20,69.99
974,hard,15,14:28:12,14:28:24,15:20:52,COMPLETED,28977.0,52469.1,12.73,3160.68
1105,easy,12,15:19:22,15:20:27,15:20:59,COMPLETED,28689.0,536.8,65.20,97.06
1086,easy,12,15:20:51,15:20:52,15:21:05,COMPLETED,28793.0,218.2,1.68,14.44
1071,easy,12,15:19:39,15:20:33,15:21:24,COMPLETED,28491.0,855.9,54.61,105.68
1073,easy,12,15:20:52,15:20:59,15:21:31,COMPLETED,23512.0,538.3,7.06,39.01
1138,easy,12,15:21:05,15:21:05,15:21:31,COMPLETED,29063.0,432.3,0.44,26.01
1161,easy,11,15:22:13,15:22:16,15:22:23,COMPLETED,30189.0,120.2,3.32,10.05
1128,easy,11,15:22:43,15:22:48,15:23:08,COMPLETED,30469.0,331.1,5.96,25.43
1184,medium,13,15:21:06,15:21:11,15:23:14,COMPLETED,28508.0,2060.1,5.82,128.85
1091,easy,12,15:22:16,15:22:16,15:23:21,COMPLETED,22581.0,1094.2,0.32,65.49
1025,medium,13,14:54:19,14:54:24,15:23:28,COMPLETED,28363.0,29063.8,5.62,1749.13
1136,easy,11,15:23:36,15:23:41,15:24:07,COMPLETED,28311.0,440.4,5.17,31.29
868,hard,15,13:31:02,13:31:05,15:24:13,COMPLETED,24177.0,113133.6,3.73,6791.62
973,medium,14,14:25:51,14:25:55,15:27:33,COMPLETED,34288.0,61646.8,4.24,3702.93
1115,medium,13,15:25:18,15:25:18,15:27:33,COMPLETED,33203.0,2267.9,0.17,135.93
1164,easy,11,15:26:05,15:27:40,15:27:46,COMPLETED,24828.0,110.7,95.28,101.66
1001,hard,15,14:50:37,14:50:39,15:27:52,COMPLETED,29522.0,37228.3,2.48,2235.99
1145,medium,13,15:24:36,15:24:39,15:27:52,COMPLETED,25675.0,3229.9,3.64,196.99
983,hard,15,14:27:11,14:27:13,15:27:59,COMPLETED,31780.0,60777.8,2.01,3648.48
1111,easy,11,15:26:08,15:27:52,15:27:59,COMPLETED,26045.0,114.5,104.99,111.48
1166,hard,15,15:18:22,15:18:52,15:29:02,COMPLETED,30953.0,10182.7,30.10,640.81
1176,medium,14,15:27:47,15:28:05,15:30:18,COMPLETED,26378.0,2222.4,18.89,151.89
1080,easy,12,15:27:28,15:27:59,15:30:31,COMPLETED,25298.0,2541.3,31.48,183.69
1032,hard,15,14:19:32,14:19:33,15:30:38,COMPLETED,34886.0,71070.8,1.94,4266.04
1093,easy,11,15:29:39,15:29:40,15:30:38,COMPLETED,29698.0,959.7,1.81,59.04
1118,medium,13,15:28:11,15:28:12,15:31:16,COMPLETED,29797.0,3069.4,1.26,185.14
1056,easy,11,15:31:00,15:31:03,15:31:35,COMPLETED,30209.0,533.6,3.41,35.13
1125,hard,15,15:16:25,15:16:26,15:31:54,COMPLETED,35350.0,15464.2,1.45,929.07
997,hard,15,14:02:13,14:02:14,15:32:38,COMPLETED,33403.0,90401.0,1.28,5425.22
1114,hard,15,15:09:53,15:09:53,15:32:44,COMPLETED,30391.0,22851.6,0.78,1371.63
1168,easy,11,15:32:40,15:32:44,15:32:50,COMPLETED,26404.0,113.9,4.63,10.99
1076,easy,11,15:33:34,15:33:36,15:34:02,COMPLETED,22960.0,440.8,2.15,28.32
1070,easy,12,15:33:41,15:33:42,15:34:08,COMPLETED,24794.0,439.7,1.73,27.65
128,hard,15,08:46:10,08:46:11,15:34:34,COMPLETED,29666.0,408388.3,1.00,24504.31
1173,medium,14,15:01:03,15:01:03,15:34:47,COMPLETED,26899.0,33742.1,0.28,2024.52
1106,medium,13,15:21:40,15:21:43,15:35:26,COMPLETED,28595.0,13721.5,3.77,826.58
1053,easy,11,15:35:13,15:35:13,15:35:33,COMPLETED,24774.0,338.3,0.49,20.24
1068,easy,12,15:35:39,15:35:39,15:35:52,COMPLETED,28679.0,216.3,0.86,13.53
1100,easy,12,15:33:54,15:33:55,15:36:24,COMPLETED,32001.0,2492.0,1.72,150.73
1186,easy,12,15:35:14,15:35:19,15:36:50,COMPLETED,26946.0,1522.0,5.95,96.81
1065,medium,13,15:31:23,15:31:28,15:38:02,COMPLETED,31033.0,6561.9,5.77,399.02
1103,easy,12,15:34:40,15:34:40,15:39:06,COMPLETED,38470.0,4436.5,0.86,266.72
1150,easy,12,15:36:26,15:36:57,15:39:13,COMPLETED,28510.0,2268.4,31.35,167.12
1110,hard,15,15:16:20,15:16:20,15:39:25,COMPLETED,31050.0,23101.9,0.02,1385.92
1102,easy,11,15:38:10,15:39:19,15:39:38,COMPLETED,24464.0,323.7,69.50,88.61
1142,easy,11,15:38:56,15:39:44,15:39:51,COMPLETED,23115.0,111.0,48.95,55.31
1193,easy,12,15:36:21,15:36:31,15:40:48,COMPLETED,31243.0,4286.9,10.33,267.27
1135,medium,14,15:30:00,15:30:25,15:41:13,COMPLETED,30670.0,10809.1,25.28,673.57
1120,medium,14,15:26:54,15:27:59,15:41:19,COMPLETED,27917.0,13345.4,65.48,865.91
1081,medium,13,15:40:09,15:41:19,15:42:16,COMPLETED,27761.0,954.8,70.91,127.81
1082,medium,13,15:38:54,15:39:32,15:43:13,COMPLETED,23208.0,3698.3,38.25,259.86
1172,medium,13,15:39:22,15:39:57,15:43:32,COMPLETED,23650.0,3592.1,35.63,250.86
1156,easy,11,15:41:55,15:43:20,15:43:39,COMPLETED,30379.0,326.1,85.20,104.20
1199,easy,11,15:42:54,15:43:39,15:43:52,COMPLETED,27306.0,222.7,45.20,58.21
1117,medium,13,15:35:25,15:35:26,15:43:58,COMPLETED,32389.0,8538.8,1.58,513.60
1146,easy,11,15:43:06,15:43:58,15:44:24,COMPLETED,25611.0,431.6,52.60,78.18
1064,easy,11,15:43:54,15:44:04,15:44:56,COMPLETED,29146.0,856.2,10.98,62.06
1077,easy,12,15:43:59,15:44:30,15:45:02,COMPLETED,31725.0,536.7,31.53,63.39
1108,easy,11,15:44:40,15:45:02,15:45:21,COMPLETED,29360.0,322.8,22.39,41.45
1034,hard,15,14:48:12,14:48:17,15:45:40,COMPLETED,35736.0,57382.7,5.71,3448.53
1151,medium,13,15:43:01,15:43:45,15:47:21,COMPLETED,25561.0,3603.6,44.81,260.75
1096,easy,11,15:45:11,15:45:46,15:47:21,COMPLETED,43777.0,1586.2,35.88,130.75
940,hard,15,14:25:32,14:25:35,15:47:28,COMPLETED,33600.0,81874.6,3.79,4916.07
1116,medium,14,15:26:05,15:27:40,15:47:47,COMPLETED,35115.0,20119.1,95.28,1302.19
1133,hard,15,15:03:23,15:03:26,15:47:53,COMPLETED,34376.0,44457.6,3.23,2670.52
1090,easy,12,15:49:07,15:49:09,15:49:41,COMPLETED,29369.0,542.1,2.42,34.42
1123,medium,14,15:22:51,15:23:14,15:50:20,COMPLETED,39855.0,27097.2,23.85,1649.47
1095,medium,13,15:50:02,15:50:07,15:52:16,COMPLETED,25640.0,2148.9,5.54,134.17
1078,medium,14,15:19:53,15:20:46,15:53:25,COMPLETED,38887.0,32659.4,53.33,2012.68
1067,medium,14,15:45:31,15:47:28,15:53:32,COMPLETED,26627.0,6071.0,117.07,481.01
1159,medium,13,15:37:37,15:38:08,15:54:35,COMPLETED,28984.0,16450.3,31.58,1018.36
1171,hard,15,15:09:13,15:09:15,15:54:48,COMPLETED,32324.0,45540.5,2.81,2735.06
994,hard,15,14:47:38,14:47:39,15:54:54,COMPLETED,35637.0,67249.1,1.65,4036.39
1180,easy,12,15:53:20,15:54:41,15:55:13,COMPLETED,29778.0,535.4,81.69,113.49
1104,easy,12,15:51:09,15:52:22,15:55:19,COMPLETED,25372.0,2961.3,73.51,250.85
1099,easy,11,15:53:36,15:54:54,15:55:19,COMPLETED,29284.0,430.3,78.39,103.85
1154,easy,11,15:54:08,15:55:26,15:55:45,COMPLETED,23994.0,322.1,78.24,97.27
1190,medium,13,15:54:06,15:55:19,15:56:04,COMPLETED,29555.0,744.9,73.85,118.26
1059,easy,12,15:54:19,15:55:26,15:56:10,COMPLETED,27044.0,744.2,67.24,111.59
1140,easy,12,15:54:50,15:55:51,15:56:35,COMPLETED,27543.0,744.3,61.60,105.96
905,hard,15,14:41:56,14:41:57,15:57:20,COMPLETED,38902.0,75388.4,1.76,4524.84
1141,easy,11,15:56:45,15:57:27,15:57:46,COMPLETED,35771.0,334.2,42.40,61.94
1179,medium,13,15:53:49,15:55:00,15:58:19,COMPLETED,26500.0,3322.3,71.78,270.82
1130,easy,11,15:57:25,15:58:26,15:58:39,COMPLETED,25112.0,226.5,61.16,74.25
1051,medium,14,15:44:59,15:45:27,15:58:45,COMPLETED,33844.0,13308.8,28.79,826.79
1178,easy,12,15:57:13,15:57:53,15:58:58,COMPLETED,26533.0,1094.2,40.49,105.81
953,hard,15,14:21:24,14:21:27,15:59:37,COMPLETED,29235.0,98173.1,3.47,5893.66
1192,medium,13,15:53:05,15:53:38,15:59:56,COMPLETED,27980.0,6315.0,33.39,411.98
1119,medium,13,15:58:11,15:59:44,16:00:35,COMPLETED,21249.0,865.0,93.21,144.82
1189,medium,13,15:57:34,15:58:45,16:00:42,COMPLETED,32935.0,1948.7,71.79,188.14
1197,medium,13,15:57:34,15:58:52,16:00:42,COMPLETED,30546.0,1838.6,78.45,188.14
1162,easy,11,15:59:22,16:00:48,16:00:55,COMPLETED,26250.0,120.0,86.82,93.55
1182,easy,12,15:58:40,16:00:42,16:01:08,COMPLETED,26721.0,452.3,122.14,148.76
1124,easy,11,15:59:40,16:01:02,16:01:22,COMPLETED,29011.0,338.9,82.16,102.00
1061,easy,12,15:59:52,16:01:15,16:01:34,COMPLETED,27954.0,331.8,83.36,102.98
1305,easy,11,16:00:24,16:01:41,16:02:13,COMPLETED,22665.0,546.4,77.30,109.78
1121,medium,13,15:56:20,15:56:42,16:04:21,COMPLETED,39906.0,7664.1,22.29,481.80
1094,medium,14,15:41:44,15:42:23,16:04:47,COMPLETED,22137.0,22405.4,39.23,1383.28
1260,easy,12,16:00:53,16:04:28,16:05:44,COMPLETED,30121.0,1272.2,215.20,291.23
1177,hard,15,15:33:47,15:33:49,16:06:53,COMPLETED,30730.0,33083.0,2.12,1986.89
1181,medium,14,15:58:39,16:00:03,16:07:50,COMPLETED,28436.0,7795.5,84.35,551.80
1246,medium,14,16:00:58,16:04:53,16:07:50,COMPLETED,31008.0,2957.9,235.64,412.80
1331,easy,11,16:02:38,16:07:57,16:08:03,COMPLETED,22604.0,115.2,319.14,325.58
1083,hard,15,15:41:38,15:41:38,16:08:10,COMPLETED,32032.0,26528.7,0.90,1592.13
1218,medium,13,16:01:06,16:05:50,16:08:10,COMPLETED,30461.0,2336.5,284.56,424.13
1235,easy,11,16:03:21,16:08:16,16:08:30,COMPLETED,28093.0,231.2,295.81,309.22
1274,easy,12,16:04:14,16:08:36,16:08:43,COMPLETED,25574.0,119.3,262.74,269.38
1160,medium,14,15:30:46,15:30:50,16:09:02,COMPLETED,31138.0,38207.1,4.74,2296.81
1242,easy,12,16:04:14,16:08:16,16:09:35,COMPLETED,25461.0,1311.3,242.81,321.30
1245,easy,12,16:02:54,16:08:10,16:11:31,COMPLETED,36965.0,3367.6,316.13,517.67
1330,easy,11,16:05:33,16:11:38,16:11:44,COMPLETED,30243.0,118.8,365.26,371.87
1276,medium,13,16:04:44,16:09:09,16:11:51,COMPLETED,32015.0,2710.7,265.36,427.42
1290,medium,13,16:05:31,16:09:41,16:14:20,COMPLETED,27871.0,4653.1,250.62,529.50
1233,easy,12,16:06:54,16:14:26,16:15:17,COMPLETED,30888.0,847.4,452.85,503.39
1325,medium,13,16:07:10,16:15:23,16:16:39,COMPLETED,27291.0,1272.6,493.72,569.74
1191,medium,14,15:53:05,15:53:32,16:16:46,COMPLETED,29445.0,23240.3,27.01,1421.10
1132,hard,15,15:40:00,15:40:54,16:17:49,COMPLETED,33358.0,36924.8,54.59,2269.81
1269,easy,11,16:08:53,16:17:56,16:18:02,COMPLETED,26539.0,112.1,543.21,549.61
1026,hard,15,14:27:58,14:27:58,16:18:21,COMPLETED,30635.0,110386.1,0.57,6623.63
1258,easy,12,16:10:07,16:18:27,16:18:46,COMPLETED,29125.0,321.6,500.97,519.96
1321,medium,13,16:10:15,16:18:53,16:19:51,COMPLETED,30683.0,974.0,518.29,576.23
1220,easy,12,16:11:29,16:19:57,16:21:09,COMPLETED,28537.0,1196.3,508.77,580.04
960,medium,13,14:20:29,14:20:30,16:22:12,COMPLETED,48806.0,121703.5,1.72,7303.83
1281,medium,14,16:08:33,16:16:46,16:23:09,COMPLETED,29744.0,6402.9,493.10,876.99
1237,medium,14,16:00:39,16:02:20,16:23:22,COMPLETED,31392.0,21049.8,101.12,1363.72
1270,easy,12,16:12:01,16:23:16,16:23:48,COMPLETED,30786.0,547.3,675.32,707.64
1126,medium,14,15:55:48,15:56:16,16:25:38,COMPLETED,35673.0,29359.0,28.98,1790.27
1085,medium,14,15:57:42,15:59:05,16:26:09,COMPLETED,30697.0,27082.8,83.19,1707.92
1163,hard,15,15:25:57,15:26:03,16:26:22,COMPLETED,37248.0,60323.4,6.39,3625.61
1294,easy,11,16:13:02,16:26:28,16:26:35,COMPLETED,26449.0,111.4,806.97,813.34
1297,easy,11,16:13:27,16:26:41,16:27:00,COMPLETED,31164.0,321.4,794.68,813.65
1143,hard,15,15:15:34,15:15:34,16:28:23,COMPLETED,27478.0,72811.5,0.40,4369.03
634,hard,15,12:37:32,12:37:35,16:31:41,COMPLETED,28226.0,234103.2,3.05,14049.16
718,hard,15,12:24:18,12:24:22,16:31:54,COMPLETED,45060.0,247535.9,4.23,14856.35
1344,medium,13,16:15:01,16:28:29,16:31:54,COMPLETED,31545.0,3423.0,808.36,1013.35
1275,easy,11,16:15:33,16:32:00,16:32:07,COMPLETED,23476.0,112.4,987.77,994.21
1055,hard,15,15:18:56,15:19:23,16:33:50,COMPLETED,40264.0,74459.9,27.74,4495.00
1256,medium,13,16:09:59,16:18:08,16:33:50,COMPLETED,39637.0,15709.2,489.96,1432.00
1203,medium,13,16:16:52,16:33:57,16:34:43,COMPLETED,25566.0,766.2,1025.62,1071.17
1187,medium,14,15:44:54,15:45:08,16:34:56,COMPLETED,31539.0,49798.0,14.76,3002.33
1304,easy,12,16:18:07,16:35:02,16:35:28,COMPLETED,27483.0,430.8,1015.87,1041.42
1313,easy,11,16:18:20,16:35:34,16:35:54,COMPLETED,30868.0,335.2,1034.74,1054.38
1217,easy,11,16:18:42,16:36:00,16:36:14,COMPLETED,24897.0,227.4,1038.90,1052.05
1333,easy,12,16:18:46,16:36:20,16:36:33,COMPLETED,21787.0,225.6,1054.59,1067.75
357,hard,15,10:27:46,10:27:52,16:36:52,COMPLETED,37915.0,369013.7,6.09,22146.90
1311,medium,13,16:15:35,16:32:00,16:37:11,COMPLETED,34156.0,5190.6,985.77,1296.96
1301,medium,14,16:16:33,16:32:13,16:37:11,COMPLETED,30490.0,4978.5,940.54,1238.96
1205,easy,12,16:18:46,16:36:40,16:37:30,COMPLETED,31188.0,852.3,1074.15,1125.00
1144,hard,15,15:37:45,15:39:13,16:37:43,COMPLETED,36403.0,58512.4,88.12,3598.69
1279,hard,15,16:04:41,16:08:49,16:38:40,COMPLETED,32657.0,29853.2,248.94,2039.89
1322,medium,13,16:12:35,16:25:44,16:38:53,COMPLETED,40096.0,13155.9,789.61,1578.67
1347,easy,12,16:21:18,16:39:00,16:39:12,COMPLETED,23618.0,216.6,1062.05,1074.75
1088,medium,14,15:02:37,15:02:40,16:39:25,COMPLETED,39751.0,96747.7,3.71,5808.44
1079,medium,14,15:04:19,15:04:24,16:40:22,COMPLETED,40302.0,95974.3,5.00,5763.36
1202,easy,12,16:21:39,16:39:31,16:40:22,COMPLETED,32318.0,848.6,1072.76,1123.36
1283,easy,11,16:22:04,16:40:28,16:40:35,COMPLETED,24680.0,110.8,1104.70,1111.08
1213,easy,11,16:23:46,16:40:41,16:41:00,COMPLETED,27821.0,321.4,1015.41,1034.38
1243,easy,12,16:21:49,16:40:28,16:41:13,COMPLETED,27830.0,744.5,1119.70,1164.06
1221,medium,13,16:16:40,16:33:57,16:41:32,COMPLETED,32455.0,7579.2,1037.62,1492.07
1253,easy,11,16:24:42,16:41:38,16:41:51,COMPLETED,21370.0,223.2,1016.45,1029.31
1263,easy,12,16:24:17,16:41:06,16:42:23,COMPLETED,33403.0,1289.5,1009.72,1086.56
1312,medium,13,16:19:01,16:37:18,16:42:30,COMPLETED,27962.0,5206.8,1097.30,1409.14
1200,hard,15,16:12:12,16:23:29,16:42:43,COMPLETED,31697.0,19242.0,677.17,1831.44
1251,easy,12,16:25:01,16:42:36,16:43:09,COMPLETED,22475.0,544.1,1055.80,1088.10
1273,easy,12,16:25:01,16:42:30,16:43:22,COMPLETED,23848.0,874.1,1049.14,1101.09
1329,easy,12,16:25:21,16:43:15,16:43:28,COMPLETED,23125.0,229.6,1074.49,1087.65
1257,easy,11,16:26:23,16:43:35,16:44:01,COMPLETED,33744.0,441.0,1032.32,1058.26
1309,easy,11,16:26:25,16:44:07,16:44:14,COMPLETED,27051.0,115.6,1062.82,1069.43
1267,easy,11,16:26:37,16:44:20,16:44:33,COMPLETED,23934.0,226.7,1063.79,1076.90
1201,easy,12,16:24:44,16:41:57,16:44:46,COMPLETED,29201.0,2822.0,1033.88,1202.82
1254,medium,13,16:28:02,16:44:53,16:45:32,COMPLETED,25418.0,657.2,1011.25,1050.17
858,hard,15,13:31:47,13:31:49,16:46:11,COMPLETED,35462.0,194364.4,2.64,11664.41
1219,easy,12,16:29:44,16:45:38,16:46:11,COMPLETED,29170.0,553.8,954.71,987.41
1211,medium,14,16:25:10,16:42:49,16:46:24,COMPLETED,29678.0,3581.2,1059.81,1274.37
1230,medium,14,16:21:17,16:38:47,16:46:30,COMPLETED,32246.0,7734.6,1050.26,1513.73
1227,easy,11,16:30:19,16:46:17,16:46:30,COMPLETED,29127.0,223.7,958.98,971.73
1092,medium,14,15:59:15,16:00:48,16:47:29,COMPLETED,31629.0,46680.5,93.82,2894.33
1287,easy,12,16:30:20,16:46:17,16:47:29,COMPLETED,24010.0,1197.3,957.98,1029.33
1210,easy,11,16:32:10,16:47:35,16:47:42,COMPLETED,22748.0,120.3,925.92,932.64
1326,easy,11,16:33:01,16:47:35,16:47:49,COMPLETED,25595.0,228.1,874.92,888.19
1265,easy,11,16:33:29,16:47:49,16:47:55,COMPLETED,22399.0,116.2,860.19,866.74
1332,medium,13,16:08:48,16:16:52,16:48:02,COMPLETED,47041.0,31166.6,484.53,2354.21
1315,easy,12,16:31:29,16:46:37,16:48:08,COMPLETED,26340.0,1524.3,908.45,999.67
1306,easy,11,16:34:57,16:48:15,16:48:27,COMPLETED,26774.0,216.5,798.04,810.73
1264,easy,11,16:34:28,16:48:02,16:48:34,COMPLETED,28888.0,536.8,814.21,846.07
1345,easy,12,16:33:42,16:47:55,16:49:05,COMPLETED,28279.0,1172.5,853.74,923.80
1225,easy,12,16:25:29,16:43:28,16:49:31,COMPLETED,38249.0,6046.6,1079.65,1442.12
1293,easy,12,16:30:39,16:46:30,16:49:56,COMPLETED,40892.0,3435.8,951.73,1157.61
1335,easy,11,16:35:35,16:49:37,16:49:56,COMPLETED,28227.0,323.3,842.53,861.61
1244,easy,11,16:36:27,16:50:02,16:50:15,COMPLETED,30375.0,216.0,815.95,828.64
1285,easy,12,16:34:50,16:48:08,16:51:06,COMPLETED,28160.0,2965.5,798.67,976.33
1252,medium,13,16:35:34,16:49:12,16:51:12,COMPLETED,30152.0,2015.0,818.13,938.65
1240,medium,13,16:31:08,16:46:37,16:51:19,COMPLETED,30730.0,4699.7,929.45,1211.07
1318,hard,15,16:11:40,16:21:15,16:51:25,COMPLETED,29709.0,30169.7,575.59,2385.50
1262,easy,12,16:36:22,16:50:02,16:51:31,COMPLETED,34269.0,1487.9,820.95,909.90
1288,easy,11,16:37:40,16:51:12,16:51:31,COMPLETED,26601.0,326.6,812.65,831.90
1149,hard,15,15:46:23,15:47:34,16:52:22,COMPLETED,31632.0,64803.8,71.51,3959.56
1320,easy,12,16:38:59,16:51:31,16:53:13,COMPLETED,37237.0,1697.2,752.90,854.20
1302,easy,11,16:41:05,16:53:19,16:53:32,COMPLETED,23095.0,220.3,734.80,747.71
1255,hard,15,16:02:21,16:07:57,16:54:36,COMPLETED,24072.0,46652.7,336.14,3135.09
1208,easy,11,16:42:40,16:54:42,16:54:48,COMPLETED,26074.0,112.9,722.47,728.88
1198,hard,15,15:19:18,15:19:42,16:54:55,COMPLETED,28687.0,95211.0,24.82,5737.27
1319,easy,12,16:41:48,16:53:39,16:55:27,COMPLETED,24241.0,1804.2,711.05,819.01
577,hard,15,11:43:35,11:43:35,16:57:27,COMPLETED,31809.0,313870.2,0.26,18832.45
1277,medium,13,16:39:28,16:51:38,16:59:09,COMPLETED,33301.0,7526.1,730.27,1181.56
1336,easy,11,16:45:06,16:59:15,16:59:35,COMPLETED,28634.0,333.3,849.89,869.39
1226,easy,12,16:43:21,16:55:33,17:00:01,COMPLETED,29618.0,4478.3,732.33,1000.54
1307,medium,14,16:42:52,16:54:55,17:00:08,COMPLETED,33952.0,5224.1,723.27,1036.09
1259,easy,11,16:45:20,16:59:41,17:00:21,COMPLETED,28165.0,658.4,861.93,901.14
1341,medium,13,16:46:00,17:00:14,17:00:46,COMPLETED,29378.0,540.6,854.79,886.85
1272,easy,12,16:45:57,17:00:08,17:01:12,COMPLETED,34467.0,1077.4,851.09,915.45
986,hard,15,14:16:12,14:16:14,17:01:25,COMPLETED,28154.0,165173.6,2.82,9913.15
1328,medium,13,16:40:26,16:52:28,17:01:25,COMPLETED,28657.0,8943.3,722.90,1259.15
1282,medium,13,16:46:11,17:00:27,17:01:25,COMPLETED,26209.0,967.3,856.47,914.15
1339,easy,11,16:47:15,17:01:18,17:01:25,COMPLETED,23724.0,112.6,843.78,850.15
1337,medium,13,16:40:24,16:51:38,17:02:28,COMPLETED,24853.0,10842.5,674.27,1324.55
1280,easy,12,16:49:37,17:02:34,17:03:25,COMPLETED,27601.0,851.5,777.92,828.65
1057,hard,15,15:30:23,15:30:38,17:03:32,COMPLETED,30938.0,92903.6,15.04,5589.03
1323,easy,12,16:50:38,17:03:38,17:05:32,COMPLETED,33919.0,1908.6,780.49,894.66
1250,easy,12,16:48:13,17:01:31,17:05:39,COMPLETED,22198.0,4130.2,798.56,1046.03
1209,easy,11,16:51:29,17:05:45,17:06:36,COMPLETED,31862.0,867.5,856.42,907.96
1241,easy,12,16:51:00,17:05:39,17:07:09,COMPLETED,35543.0,1514.3,879.03,969.52
1224,medium,13,16:43:23,16:57:33,17:07:15,COMPLETED,35257.0,9707.9,850.80,1432.93
1291,hard,15,16:01:21,16:07:00,17:07:48,COMPLETED,28423.0,60809.7,339.22,3987.52
1299,easy,12,16:52:24,17:07:22,17:08:14,COMPLETED,25630.0,881.7,898.34,950.76
1317,easy,11,16:52:39,17:08:21,17:08:34,COMPLETED,29398.0,225.0,942.29,955.43
1349,medium,13,16:49:13,17:01:31,17:08:53,COMPLETED,29270.0,7372.3,738.56,1180.54
1340,easy,12,16:52:17,17:07:15,17:09:06,COMPLETED,30534.0,1856.7,898.93,1009.85
1247,easy,12,16:51:54,17:06:43,17:09:19,COMPLETED,30102.0,2614.9,889.51,1045.99
1234,easy,12,16:52:29,17:07:55,17:09:19,COMPLETED,32214.0,1422.5,926.07,1010.99
1308,easy,12,16:53:32,17:09:13,17:09:33,COMPLETED,28123.0,338.0,941.40,961.17
1261,easy,12,16:55:02,17:09:39,17:10:05,COMPLETED,23214.0,444.2,877.74,903.87
1222,medium,13,16:53:23,17:08:40,17:12:47,COMPLETED,38163.0,4108.2,917.82,1164.01
1229,medium,13,16:54:17,17:09:26,17:12:53,COMPLETED,30533.0,3452.2,909.47,1116.36
1239,easy,12,16:53:25,17:09:00,17:13:06,COMPLETED,31879.0,4107.9,935.07,1181.07
1316,easy,11,16:56:23,17:12:53,17:13:12,COMPLETED,24633.0,326.8,990.36,1009.63
1207,hard,15,16:12:15,16:23:55,17:13:31,COMPLETED,35053.0,49610.7,700.21,3676.66
1346,hard,15,16:21:37,16:39:19,17:13:31,COMPLETED,27240.0,34213.8,1062.08,3114.66
1271,easy,12,16:56:43,17:13:12,17:13:31,COMPLETED,29762.0,322.7,989.63,1008.66
1223,easy,11,16:57:25,17:13:38,17:13:44,COMPLETED,23867.0,112.9,973.02,979.49
1303,easy,11,16:56:57,17:13:19,17:14:03,COMPLETED,29072.0,747.3,982.00,1026.50
1232,easy,11,16:58:59,17:14:09,17:14:22,COMPLETED,23151.0,218.0,910.89,923.67
1296,easy,12,16:55:09,17:10:12,17:14:41,COMPLETED,35106.0,4492.1,903.43,1172.67
1238,easy,11,16:59:26,17:14:28,17:14:41,COMPLETED,22852.0,216.7,902.99,915.67
1266,medium,14,16:12:41,16:26:16,17:15:00,COMPLETED,28806.0,48744.0,815.25,3739.71
1248,medium,13,16:59:39,17:14:48,17:15:44,COMPLETED,33311.0,952.0,909.01,965.88
961,hard,15,14:50:21,14:50:26,17:16:16,COMPLETED,29843.0,145834.0,5.49,8755.42
1343,easy,12,16:57:49,17:13:38,17:16:16,COMPLETED,29595.0,2644.5,949.02,1107.42
1286,hard,15,16:18:57,16:36:59,17:16:41,COMPLETED,28406.0,39710.7,1082.23,3464.64
1268,medium,13,16:59:27,17:14:48,17:18:24,COMPLETED,33400.0,3608.6,921.01,1137.26
1214,medium,13,16:50:19,17:03:32,17:18:30,COMPLETED,31599.0,14979.5,793.03,1691.55
1324,medium,13,16:46:26,17:00:53,17:21:42,COMPLETED,33883.0,20833.5,867.26,2116.87
779,hard,15,13:18:47,13:18:50,17:23:30,COMPLETED,34398.0,244672.1,3.14,14683.44
1348,hard,15,16:17:37,16:34:49,17:25:35,COMPLETED,31759.0,50772.9,1032.73,4078.92
1228,medium,14,16:53:34,17:09:26,17:26:45,COMPLETED,34517.0,17313.6,952.47,1991.04
1206,hard,15,16:24:32,16:41:19,17:30:46,COMPLETED,35885.0,49451.0,1007.40,3974.13
1327,medium,14,16:56:35,17:12:59,17:34:10,COMPLETED,33471.0,21181.9,984.73,2255.24
1300,hard,15,16:35:30,16:48:40,17:39:23,COMPLETED,24449.0,50724.5,790.45,3833.71
1062,hard,15,15:35:40,15:35:58,17:42:33,COMPLETED,36011.0,126583.5,18.85,7613.65
1298,hard,15,16:48:57,17:01:31,17:44:21,COMPLETED,29458.0,42842.4,754.56,3324.78
1295,medium,13,16:14:09,16:27:06,17:45:12,COMPLETED,37896.0,78097.0,777.98,5463.52
1334,medium,14,16:43:18,16:55:01,17:45:38,COMPLETED,37738.0,50609.7,703.71,3740.02
1155,hard,15,15:59:54,16:01:28,17:53:03,COMPLETED,27067.0,111583.3,94.54,6789.30
1289,medium,14,16:58:16,17:13:38,17:56:06,COMPLETED,36419.0,42481.1,922.02,3470.60
1212,hard,15,16:38:04,16:51:25,17:59:19,COMPLETED,35643.0,67910.9,801.50,4875.95
49,hard,15,08:03:49,08:03:50,18:00:00,UNFINISHED,-1,-1,-1
269,hard,15,09:59:38,09:59:38,18:00:00,UNFINISHED,-1,-1,-1
618,hard,15,12:16:00,12:16:00,18:00:00,UNFINISHED,-1,-1,-1
668,hard,15,12:35:36,12:35:40,18:00:00,UNFINISHED,-1,-1,-1
732,hard,15,12:48:40,12:48:40,18:00:00,UNFINISHED,-1,-1,-1
864,hard,15,13:20:05,13:20:06,18:00:00,UNFINISHED,-1,-1,-1
865,hard,15,13:38:07,13:38:07,18:00:00,UNFINISHED,-1,-1,-1
770,hard,15,13:40:36,13:40:38,18:00:00,UNFINISHED,-1,-1,-1
785,hard,15,13:40:55,13:40:57,18:00:00,UNFINISHED,-1,-1,-1
750,hard,15,13:57:04,13:57:06,18:00:00,UNFINISHED,-1,-1,-1
922,hard,15,14:05:30,14:05:31,18:00:00,UNFINISHED,-1,-1,-1
938,hard,15,14:06:05,14:06:10,18:00:00,UNFINISHED,-1,-1,-1
963,hard,15,14:20:22,14:20:24,18:00:00,UNFINISHED,-1,-1,-1
966,hard,15,14:30:38,14:30:59,18:00:00,UNFINISHED,-1,-1,-1
956,hard,15,14:33:18,14:33:18,18:00:00,UNFINISHED,-1,-1,-1
1022,hard,15,14:41:29,14:41:32,18:00:00,UNFINISHED,-1,-1,-1
901,hard,15,14:48:04,14:48:04,18:00:00,UNFINISHED,-1,-1,-1
1048,hard,15,14:56:15,14:56:18,18:00:00,UNFINISHED,-1,-1,-1
937,hard,15,14:57:41,14:57:46,18:00:00,UNFINISHED,-1,-1,-1
942,hard,15,14:59:00,14:59:01,18:00:00,UNFINISHED,-1,-1,-1
1021,hard,15,14:59:11,14:59:14,18:00:00,UNFINISHED,-1,-1,-1
1165,hard,15,15:03:42,15:03:45,18:00:00,UNFINISHED,-1,-1,-1
1139,hard,15,15:11:42,15:11:43,18:00:00,UNFINISHED,-1,-1,-1
1129,hard,15,15:18:21,15:18:26,18:00:00,UNFINISHED,-1,-1,-1
1109,hard,15,15:23:19,15:23:21,18:00:00,UNFINISHED,-1,-1,-1
1148,hard,15,15:35:27,15:35:33,18:00:00,UNFINISHED,-1,-1,-1
1089,medium,14,15:45:50,15:47:28,18:00:00,UNFINISHED,-1,-1,-1
1113,medium,14,15:47:57,15:47:59,18:00:00,UNFINISHED,-1,-1,-1
1063,hard,15,15:50:55,15:50:59,18:00:00,UNFINISHED,-1,-1,-1
1196,hard,15,15:55:19,15:56:10,18:00:00,UNFINISHED,-1,-1,-1
1314,hard,15,16:05:34,16:11:51,18:00:00,UNFINISHED,-1,-1,-1
1204,hard,15,16:05:50,16:11:58,18:00:00,UNFINISHED,-1,-1,-1
1278,hard,15,16:11:54,16:22:19,18:00:00,UNFINISHED,-1,-1,-1
1216,hard,15,16:15:06,16:31:47,18:00:00,UNFINISHED,-1,-1,-1
1310,hard,15,16:19:16,16:37:18,18:00:00,UNFINISHED,-1,-1,-1
1236,hard,15,16:20:28,16:37:37,18:00:00,UNFINISHED,-1,-1,-1
1342,medium,14,16:20:45,16:37:50,18:00:00,UNFINISHED,-1,-1,-1
1249,hard,15,16:27:24,16:44:40,18:00:00,UNFINISHED,-1,-1,-1
1338,medium,14,16:35:19,16:48:34,18:00:00,UNFINISHED,-1,-1,-1
1215,hard,15,16:37:28,16:50:21,18:00:00,UNFINISHED,-1,-1,-1
1231,hard,15,16:38:03,16:51:19,18:00:00,UNFINISHED,-1,-1,-1
1292,hard,15,16:48:45,17:01:31,18:00:00,UNFINISHED,-1,-1,-1
1284,hard,15,16:58:44,17:13:50,18:00:00,UNFINISHED,-1,-1,-1
