task_id,difficulty,n,arrival_sim,start_sim,end_sim,status,cost,real_duration_sec,waiting_time_mili_sec,time_in_system_mili_sec
149,medium,13,08:00:19,08:00:24,08:01:25,COMPLETED,27795.0,1018.7,5.13,66.24
138,easy,12,08:00:24,08:00:24,08:01:31,COMPLETED,31745.0,1112.4,0.13,67.32
118,easy,12,08:00:34,08:00:36,08:01:49,COMPLETED,30252.0,1214.8,2.69,75.57
76,medium,13,08:00:39,08:00:42,08:01:49,COMPLETED,32337.0,1113.9,3.76,70.57
167,easy,11,08:01:40,08:01:43,08:01:49,COMPLETED,21223.0,103.1,3.43,9.57
140,easy,12,08:01:41,08:01:43,08:02:19,COMPLETED,24621.0,606.4,2.43,38.84
29,easy,12,08:03:32,08:03:32,08:04:08,COMPLETED,27187.0,607.8,0.38,36.81
46,medium,13,08:00:46,08:00:48,08:04:57,COMPLETED,33066.0,4142.8,2.83,251.39
131,easy,12,08:04:02,08:04:02,08:05:27,COMPLETED,37822.0,1417.7,0.66,85.68
8,easy,12,08:05:24,08:05:27,08:05:58,COMPLETED,21874.0,508.5,3.68,34.14
166,medium,14,08:01:57,08:02:01,08:06:40,COMPLETED,32419.0,4651.5,4.68,283.74
12,medium,13,08:04:28,08:04:33,08:06:58,COMPLETED,30477.0,2432.7,5.05,150.95
84,medium,13,08:05:46,08:05:52,08:07:41,COMPLETED,23426.0,1831.2,6.02,115.83
23,easy,12,08:07:10,08:07:11,08:07:47,COMPLETED,32142.0,613.9,1.18,37.97
100,medium,13,08:06:09,08:06:10,08:07:54,COMPLETED,27898.0,1728.8,1.35,105.04
75,easy,11,08:07:28,08:07:29,08:08:18,COMPLETED,30375.0,814.2,1.55,50.33
10,medium,13,08:08:41,08:08:42,08:09:55,COMPLETED,31200.0,1224.7,1.66,74.97
67,easy,11,08:09:49,08:09:49,08:10:02,COMPLETED,24299.0,210.0,0.77,13.22
25,easy,11,08:09:56,08:10:02,08:10:20,COMPLETED,30512.0,308.1,6.22,24.61
31,medium,14,08:06:31,08:06:34,08:10:26,COMPLETED,26519.0,3872.4,3.63,235.76
78,easy,12,08:10:01,08:10:02,08:11:09,COMPLETED,26535.0,1126.7,1.22,68.79
139,easy,12,08:10:24,08:10:26,08:11:58,COMPLETED,26264.0,1528.5,2.76,94.43
133,easy,11,08:12:16,08:12:16,08:12:28,COMPLETED,22989.0,204.7,0.63,12.84
45,easy,12,08:12:28,08:12:28,08:13:41,COMPLETED,31355.0,1216.9,0.84,73.80
43,easy,12,08:13:58,08:14:00,08:14:36,COMPLETED,22945.0,611.0,2.02,38.61
157,hard,15,08:08:29,08:08:30,08:14:42,COMPLETED,31800.0,6205.0,1.49,373.71
146,easy,11,08:14:56,08:15:00,08:15:19,COMPLETED,23549.0,308.2,5.00,23.38
87,medium,13,08:12:13,08:12:16,08:15:31,COMPLETED,25686.0,3250.6,3.63,198.62
98,easy,12,08:14:59,08:15:00,08:15:43,COMPLETED,28067.0,715.5,2.00,44.81
35,easy,12,08:15:18,08:15:19,08:16:02,COMPLETED,26554.0,715.6,1.38,44.25
121,easy,12,08:15:39,08:15:43,08:16:02,COMPLETED,23792.0,308.7,4.81,23.25
128,easy,12,08:14:25,08:14:30,08:16:14,COMPLETED,24234.0,1734.2,5.49,109.46
19,medium,14,08:09:52,08:09:55,08:16:20,COMPLETED,22786.0,6413.3,3.97,388.59
16,easy,12,08:16:17,08:16:20,08:16:32,COMPLETED,25540.0,206.8,3.59,15.92
15,medium,13,08:15:41,08:15:43,08:17:09,COMPLETED,28970.0,1431.8,2.81,88.71
82,medium,13,08:15:07,08:15:07,08:17:21,COMPLETED,31560.0,2246.6,0.16,134.90
63,easy,12,08:16:54,08:16:57,08:17:27,COMPLETED,33690.0,512.5,3.30,34.00
96,easy,12,08:17:02,08:17:03,08:17:46,COMPLETED,27649.0,712.7,1.51,44.25
101,easy,11,08:19:17,08:19:17,08:19:48,COMPLETED,30650.0,510.8,0.52,31.08
106,medium,14,08:04:37,08:04:39,08:20:18,COMPLETED,33116.0,15658.5,2.16,941.64
53,medium,13,08:19:32,08:19:35,08:20:18,COMPLETED,31333.0,715.0,3.83,46.64
27,easy,12,08:18:38,08:18:40,08:21:01,COMPLETED,27348.0,2342.7,2.99,143.41
165,medium,14,08:02:41,08:02:44,08:21:07,COMPLETED,32572.0,18394.5,3.01,1106.61
9,easy,12,08:20:19,08:20:24,08:21:19,COMPLETED,28159.0,920.7,5.75,60.89
111,easy,12,08:21:01,08:21:01,08:21:19,COMPLETED,26036.0,310.1,0.41,18.89
22,medium,13,08:14:37,08:14:42,08:21:26,COMPLETED,23971.0,6723.3,5.71,409.06
90,medium,13,08:20:22,08:20:24,08:21:32,COMPLETED,27815.0,1123.9,2.75,70.17
26,easy,12,08:21:04,08:21:07,08:21:38,COMPLETED,38519.0,512.0,3.61,34.27
17,easy,12,08:21:15,08:21:19,08:21:50,COMPLETED,29479.0,510.3,4.89,35.44
113,easy,11,08:22:13,08:22:14,08:22:21,COMPLETED,21967.0,105.7,1.95,8.16
86,easy,11,08:22:04,08:22:08,08:22:39,COMPLETED,35645.0,519.7,4.82,35.69
4,easy,11,08:22:34,08:22:39,08:22:46,COMPLETED,21806.0,107.8,5.69,12.07
40,easy,11,08:22:39,08:22:39,08:22:46,COMPLETED,26767.0,106.7,0.69,7.07
161,hard,15,08:09:11,08:09:13,08:22:58,COMPLETED,30723.0,13752.8,2.18,827.29
151,easy,12,08:21:58,08:22:02,08:23:16,COMPLETED,36525.0,1236.8,4.61,78.70
36,easy,12,08:23:28,08:23:28,08:23:59,COMPLETED,30268.0,515.0,0.98,31.65
42,easy,11,08:24:48,08:24:48,08:25:00,COMPLETED,26352.0,205.8,0.66,12.92
126,easy,12,08:20:32,08:20:37,08:25:49,COMPLETED,37359.0,5214.8,5.00,317.83
51,easy,12,08:26:00,08:26:02,08:26:20,COMPLETED,24375.0,307.5,2.06,20.42
124,easy,12,08:25:17,08:25:19,08:26:26,COMPLETED,31109.0,1123.2,2.21,69.53
132,easy,12,08:23:59,08:23:59,08:26:38,COMPLETED,33703.0,2652.2,0.65,159.73
117,hard,15,08:10:33,08:10:33,08:26:50,COMPLETED,34672.0,16299.0,0.07,977.91
137,easy,11,08:26:47,08:26:50,08:27:03,COMPLETED,24699.0,207.3,3.91,16.22
32,easy,11,08:26:50,08:26:50,08:27:58,COMPLETED,28433.0,1125.2,0.91,68.39
65,medium,13,08:15:53,08:15:56,08:28:10,COMPLETED,37937.0,12242.3,3.11,737.61
134,easy,11,08:27:45,08:27:46,08:28:41,COMPLETED,28844.0,918.6,1.12,56.15
119,medium,14,08:25:20,08:25:25,08:28:53,COMPLETED,34126.0,3467.9,5.34,213.36
155,medium,13,08:24:35,08:24:36,08:28:59,COMPLETED,32713.0,4385.1,1.42,264.47
122,medium,13,08:19:49,08:19:54,08:29:36,COMPLETED,31786.0,9699.9,5.20,587.11
5,easy,12,08:29:27,08:29:29,08:29:42,COMPLETED,29702.0,208.1,2.94,15.30
104,easy,12,08:27:35,08:27:39,08:29:54,COMPLETED,24874.0,2247.5,4.97,139.70
91,easy,11,08:29:46,08:29:48,08:30:00,COMPLETED,27356.0,208.7,2.46,14.88
141,easy,12,08:30:11,08:30:13,08:30:25,COMPLETED,29423.0,207.9,2.10,14.46
33,easy,11,08:31:23,08:31:26,08:31:32,COMPLETED,29917.0,107.0,3.64,9.91
93,medium,14,08:22:31,08:22:33,08:31:45,COMPLETED,34729.0,9197.4,2.46,554.24
114,easy,12,08:30:35,08:30:37,08:31:57,COMPLETED,23933.0,1331.5,2.73,82.51
54,easy,11,08:32:36,08:32:40,08:32:58,COMPLETED,31164.0,309.7,4.38,22.85
56,easy,11,08:33:15,08:33:17,08:33:23,COMPLETED,26766.0,104.8,2.26,8.42
20,easy,11,08:33:17,08:33:17,08:33:29,COMPLETED,30130.0,209.1,0.26,12.60
92,easy,11,08:33:26,08:33:29,08:34:00,COMPLETED,31344.0,519.0,3.60,34.67
145,easy,12,08:33:41,08:33:42,08:34:25,COMPLETED,26380.0,722.3,1.03,44.30
70,easy,12,08:33:52,08:33:54,08:34:31,COMPLETED,31435.0,618.5,2.41,39.42
69,medium,13,08:34:17,08:34:19,08:35:20,COMPLETED,26270.0,1027.3,2.04,63.56
85,easy,12,08:34:54,08:34:55,08:35:26,COMPLETED,34420.0,515.3,1.96,32.75
37,easy,11,08:36:27,08:36:27,08:36:33,COMPLETED,26420.0,105.3,0.84,6.98
74,easy,11,08:36:33,08:36:33,08:36:52,COMPLETED,26410.0,307.5,0.98,19.39
89,medium,14,08:28:16,08:28:16,08:37:22,COMPLETED,28276.0,9106.8,0.72,546.99
64,medium,14,08:03:58,08:04:02,08:37:29,COMPLETED,31377.0,33443.4,4.66,2011.22
73,easy,12,08:35:32,08:35:32,08:37:35,COMPLETED,34318.0,2043.9,0.92,123.44
2,medium,13,08:37:18,08:37:22,08:38:12,COMPLETED,27158.0,823.4,4.99,54.19
59,easy,12,08:38:07,08:38:12,08:38:55,COMPLETED,29980.0,719.7,5.19,48.29
6,medium,14,08:27:11,08:27:15,08:39:01,COMPLETED,27775.0,11766.4,4.50,710.43
24,easy,11,08:38:13,08:38:18,08:39:01,COMPLETED,20357.0,718.2,5.44,48.43
148,medium,13,08:37:37,08:37:41,08:39:25,COMPLETED,28438.0,1738.8,4.63,108.88
52,easy,12,08:38:38,08:38:42,08:39:25,COMPLETED,30517.0,717.0,4.97,47.88
125,medium,14,08:17:00,08:17:03,08:40:20,COMPLETED,32262.0,23289.9,3.51,1400.87
71,easy,11,08:40:29,08:40:33,08:40:39,COMPLETED,21492.0,105.4,4.09,10.35
94,medium,13,08:39:43,08:39:44,08:40:51,COMPLETED,29199.0,1127.4,1.21,68.69
97,easy,12,08:40:31,08:40:33,08:40:51,COMPLETED,28159.0,312.0,2.09,20.69
28,easy,11,08:40:53,08:40:57,08:41:04,COMPLETED,24622.0,106.4,4.96,11.24
123,easy,12,08:40:28,08:40:33,08:41:10,COMPLETED,33143.0,623.5,5.09,42.38
99,medium,13,08:36:29,08:36:33,08:41:28,COMPLETED,34409.0,4919.6,4.98,299.89
68,easy,12,08:41:45,08:41:47,08:42:00,COMPLETED,31839.0,211.9,2.64,15.22
156,easy,11,08:41:58,08:42:00,08:42:06,COMPLETED,20808.0,104.8,2.22,8.40
55,easy,12,08:41:46,08:41:47,08:42:12,COMPLETED,28918.0,419.1,1.64,26.53
11,easy,12,08:41:26,08:41:28,08:42:31,COMPLETED,31704.0,1044.7,2.89,65.40
135,medium,13,08:40:42,08:40:45,08:43:20,COMPLETED,31137.0,2590.0,3.49,158.76
57,medium,13,08:37:07,08:37:10,08:43:39,COMPLETED,32951.0,6477.5,3.74,392.32
3,medium,13,08:40:30,08:40:33,08:43:45,COMPLETED,32372.0,3206.2,3.09,195.45
162,medium,13,08:38:10,08:38:12,08:44:10,COMPLETED,28970.0,5971.7,2.19,360.43
144,medium,14,08:38:49,08:38:49,08:44:22,COMPLETED,32820.0,5562.7,0.13,333.82
39,medium,13,08:43:51,08:43:51,08:45:05,COMPLETED,30457.0,1237.7,0.57,74.92
41,medium,14,08:40:40,08:40:45,08:46:50,COMPLETED,25809.0,6087.8,5.49,370.69
77,easy,11,08:47:10,08:47:15,08:47:27,COMPLETED,21455.0,208.5,5.24,17.63
81,medium,14,08:43:49,08:43:51,08:47:33,COMPLETED,32609.0,3704.9,2.57,224.79
18,easy,11,08:47:58,08:47:58,08:48:04,COMPLETED,22542.0,104.9,0.36,6.53
83,medium,13,08:44:52,08:44:53,08:48:10,COMPLETED,32532.0,3285.4,1.65,198.67
142,easy,11,08:47:43,08:47:46,08:48:22,COMPLETED,35703.0,616.5,3.04,39.93
116,medium,14,08:27:03,08:27:03,08:48:35,COMPLETED,35935.0,21535.4,0.22,1292.24
103,easy,11,08:48:32,08:48:35,08:48:47,COMPLETED,26206.0,207.8,3.24,15.55
147,easy,11,08:48:59,08:48:59,08:49:12,COMPLETED,16997.0,207.9,0.93,13.29
129,easy,11,08:49:03,08:49:06,08:49:12,COMPLETED,22362.0,111.3,3.12,9.29
47,medium,13,08:47:44,08:47:46,08:50:14,COMPLETED,22943.0,2467.8,2.04,150.05
105,medium,13,08:48:26,08:48:29,08:50:50,COMPLETED,32122.0,2366.3,3.06,144.94
112,medium,13,08:50:22,08:50:26,08:50:50,COMPLETED,33499.0,412.6,4.32,28.94
169,medium,14,08:31:13,08:31:14,08:51:40,COMPLETED,30657.0,20429.3,1.32,1227.02
50,medium,14,08:48:46,08:48:47,08:51:46,COMPLETED,32917.0,2980.2,1.55,180.21
127,medium,14,08:44:23,08:44:28,08:51:52,COMPLETED,31875.0,7393.7,5.94,449.44
34,easy,11,08:50:43,08:50:44,08:52:04,COMPLETED,27427.0,1337.8,1.76,81.85
38,easy,11,08:52:05,08:52:11,08:52:17,COMPLETED,21332.0,108.0,6.07,12.37
109,easy,11,08:52:36,08:52:42,08:52:54,COMPLETED,30988.0,208.9,6.08,18.45
0,medium,13,08:48:53,08:48:53,08:53:13,COMPLETED,30434.0,4324.5,0.74,260.16
163,easy,11,08:54:48,08:54:51,08:54:58,COMPLETED,24231.0,108.1,3.95,10.12
143,medium,13,08:52:57,08:53:00,08:55:10,COMPLETED,32391.0,2174.3,3.65,133.93
66,easy,11,08:54:59,08:55:04,08:55:10,COMPLETED,18326.0,111.3,5.48,11.93
153,medium,13,08:52:50,08:52:54,08:55:17,COMPLETED,34023.0,2382.4,4.45,147.22
108,easy,11,08:55:04,08:55:04,08:55:17,COMPLETED,29789.0,214.3,0.48,13.22
160,medium,13,08:53:34,08:53:37,08:55:54,COMPLETED,27823.0,2277.5,3.77,140.32
110,hard,15,08:38:36,08:38:36,08:56:19,COMPLETED,28375.0,17709.2,0.81,1063.26
88,easy,12,08:56:04,08:56:06,08:56:19,COMPLETED,20453.0,214.2,2.62,15.26
95,medium,13,08:56:40,08:56:44,08:57:02,COMPLETED,32497.0,318.7,4.04,22.95
120,medium,13,08:42:07,08:42:12,08:57:52,COMPLETED,26426.0,15671.0,5.53,945.69
21,easy,12,08:57:36,08:57:40,08:58:23,COMPLETED,28057.0,727.2,4.13,47.65
30,easy,12,08:56:55,08:56:56,08:58:35,COMPLETED,30359.0,1658.0,1.62,100.99
159,medium,13,08:58:29,08:58:29,09:00:20,COMPLETED,31376.0,1845.3,0.80,111.40
107,hard,15,08:42:07,08:42:12,09:00:26,COMPLETED,32003.0,18234.7,5.53,1099.56
136,medium,13,08:59:31,08:59:31,09:00:44,COMPLETED,24105.0,1231.8,0.21,74.00
290,medium,13,09:00:05,09:00:08,09:00:51,COMPLETED,27392.0,721.5,3.07,46.15
314,easy,12,09:00:47,09:00:51,09:01:15,COMPLETED,34590.0,413.6,4.15,28.88
80,medium,14,08:23:43,08:23:47,09:01:46,COMPLETED,24289.0,37988.7,4.43,2283.66
220,easy,12,09:01:53,09:01:59,09:02:17,COMPLETED,26524.0,311.0,6.04,24.54
188,medium,13,09:01:41,09:01:46,09:02:36,COMPLETED,26948.0,826.6,5.66,55.11
215,easy,11,09:02:25,09:02:29,09:03:19,COMPLETED,32649.0,834.5,4.87,54.71
287,easy,12,09:03:09,09:03:13,09:03:26,COMPLETED,23987.0,214.6,4.38,17.02
79,medium,14,08:31:40,08:31:45,09:03:44,COMPLETED,26185.0,31993.7,5.24,1924.69
310,medium,13,09:02:39,09:02:42,09:03:57,COMPLETED,26288.0,1258.2,3.29,78.47
306,easy,11,09:03:39,09:03:44,09:03:57,COMPLETED,28920.0,219.0,5.69,18.47
273,medium,13,09:02:52,09:02:54,09:04:03,COMPLETED,37067.0,1157.2,2.72,71.91
336,easy,11,09:03:47,09:03:51,09:04:10,COMPLETED,27815.0,321.0,4.06,23.21
239,easy,11,09:03:47,09:03:51,09:04:41,COMPLETED,37736.0,844.8,4.06,54.34
234,easy,11,09:04:06,09:04:10,09:04:54,COMPLETED,35094.0,735.5,4.21,48.12
196,easy,12,09:04:31,09:04:34,09:05:06,COMPLETED,25313.0,531.7,3.90,35.59
249,easy,12,09:04:40,09:04:41,09:05:37,COMPLETED,32892.0,942.3,1.34,57.75
48,medium,14,08:57:47,08:57:52,09:06:02,COMPLETED,32068.0,8163.7,5.69,495.38
264,medium,14,09:00:53,09:00:57,09:06:45,COMPLETED,30755.0,5804.3,4.39,352.54
245,easy,11,09:06:38,09:06:39,09:06:51,COMPLETED,22208.0,208.6,1.35,13.71
316,medium,13,09:05:10,09:05:12,09:07:10,COMPLETED,27132.0,1957.1,2.87,120.17
150,medium,14,08:52:18,08:52:23,09:07:40,COMPLETED,35244.0,15291.4,5.59,922.96
227,easy,11,09:07:40,09:07:40,09:07:59,COMPLETED,23417.0,314.8,0.96,19.63
244,medium,14,09:02:28,09:02:29,09:08:43,COMPLETED,30073.0,6234.5,1.87,375.56
189,easy,11,09:08:40,09:08:43,09:08:50,COMPLETED,18586.0,111.8,3.56,10.12
1,medium,14,08:46:53,08:46:56,09:09:21,COMPLETED,36482.0,22407.6,3.82,1348.17
253,easy,12,09:08:08,09:08:12,09:09:21,COMPLETED,29386.0,1154.1,4.11,73.17
214,easy,12,09:08:47,09:08:50,09:09:27,COMPLETED,35043.0,623.7,3.12,40.41
282,easy,12,09:08:20,09:08:24,09:09:33,COMPLETED,23860.0,1151.6,4.68,73.57
197,easy,11,09:09:17,09:09:21,09:09:39,COMPLETED,23713.0,313.2,4.17,22.83
58,medium,14,08:56:43,08:56:44,09:09:52,COMPLETED,38702.0,13134.9,1.04,789.14
250,easy,12,09:08:27,09:08:31,09:09:58,COMPLETED,29042.0,1456.6,4.03,91.31
315,medium,13,09:09:29,09:09:33,09:10:29,COMPLETED,31900.0,927.3,4.57,60.08
276,easy,12,09:10:18,09:10:22,09:11:24,COMPLETED,25423.0,1032.3,4.89,66.61
324,medium,13,09:05:16,09:05:19,09:11:43,COMPLETED,25964.0,6401.2,3.22,387.19
191,easy,12,09:10:45,09:10:47,09:11:49,COMPLETED,37010.0,1034.3,2.52,64.38
192,easy,11,09:11:49,09:11:49,09:11:55,COMPLETED,21121.0,106.3,0.38,6.62
200,easy,11,09:11:45,09:11:49,09:12:01,COMPLETED,24288.0,209.6,4.38,16.83
284,medium,13,09:12:28,09:12:32,09:12:51,COMPLETED,26950.0,311.4,4.54,23.09
297,easy,12,09:12:39,09:12:44,09:13:09,COMPLETED,27357.0,413.0,5.90,30.55
248,easy,11,09:14:20,09:14:23,09:14:42,COMPLETED,20795.0,321.8,3.37,22.45
230,easy,12,09:14:21,09:14:23,09:14:42,COMPLETED,27026.0,320.9,2.37,21.45
266,easy,11,09:14:46,09:14:48,09:14:55,COMPLETED,21826.0,108.5,2.77,9.05
308,easy,11,09:15:34,09:15:38,09:15:44,COMPLETED,29194.0,105.8,4.68,10.89
205,easy,12,09:11:24,09:11:24,09:16:28,COMPLETED,36370.0,5064.3,0.61,304.34
277,easy,11,09:16:39,09:16:40,09:16:47,COMPLETED,28713.0,111.2,1.86,8.30
295,easy,12,09:16:39,09:16:40,09:16:53,COMPLETED,25261.0,214.5,1.86,14.59
292,easy,11,09:16:59,09:16:59,09:17:12,COMPLETED,29117.0,213.4,0.87,13.50
303,easy,12,09:17:44,09:17:49,09:18:27,COMPLETED,26914.0,631.7,5.68,43.35
219,easy,11,09:19:20,09:19:23,09:19:42,COMPLETED,36071.0,317.6,3.27,22.08
229,medium,13,09:17:12,09:17:12,09:20:25,COMPLETED,31259.0,3223.8,0.50,193.78
242,easy,11,09:20:34,09:20:38,09:20:50,COMPLETED,26705.0,210.2,4.11,16.55
327,medium,14,09:07:26,09:07:28,09:21:09,COMPLETED,32076.0,13678.1,2.61,823.18
183,medium,14,09:11:52,09:11:55,09:21:27,COMPLETED,31656.0,9538.8,3.62,575.78
179,easy,11,09:21:00,09:21:02,09:21:34,COMPLETED,32719.0,521.9,2.92,34.02
187,medium,13,09:17:56,09:17:56,09:21:46,COMPLETED,26749.0,3842.4,0.03,230.45
237,easy,11,09:22:50,09:22:54,09:23:00,COMPLETED,27777.0,106.7,4.48,10.71
328,easy,12,09:21:30,09:21:34,09:23:06,COMPLETED,33448.0,1550.7,4.02,96.90
274,medium,13,09:22:39,09:22:42,09:23:31,COMPLETED,30466.0,834.7,3.05,52.88
175,easy,11,09:23:22,09:23:25,09:23:31,COMPLETED,26906.0,109.0,3.58,9.88
281,easy,12,09:20:40,09:20:44,09:23:44,COMPLETED,25159.0,3004.8,4.31,184.43
313,easy,12,09:23:17,09:23:19,09:23:44,COMPLETED,32007.0,422.1,2.33,27.43
184,easy,12,09:23:09,09:23:13,09:23:56,COMPLETED,25225.0,733.6,4.10,47.90
280,hard,15,09:04:34,09:04:34,09:24:03,COMPLETED,32091.0,19471.7,0.90,1169.16
278,easy,11,09:23:21,09:23:25,09:24:03,COMPLETED,28240.0,630.4,4.58,42.16
172,medium,14,09:05:14,09:05:19,09:24:15,COMPLETED,29922.0,18942.8,5.22,1141.68
221,easy,11,09:23:27,09:23:31,09:24:15,COMPLETED,39683.0,732.8,4.88,48.68
204,easy,12,09:24:06,09:24:09,09:24:34,COMPLETED,27457.0,416.8,3.45,28.29
271,medium,13,09:23:52,09:23:56,09:24:52,COMPLETED,27753.0,935.0,4.90,60.84
338,easy,12,09:25:19,09:25:23,09:25:36,COMPLETED,24880.0,210.6,4.75,17.14
304,medium,14,09:23:28,09:23:31,09:26:25,COMPLETED,30294.0,2900.9,3.88,177.72
207,easy,11,09:27:19,09:27:21,09:27:27,COMPLETED,16681.0,106.6,2.61,8.83
283,easy,11,09:28:21,09:28:23,09:28:42,COMPLETED,31116.0,315.4,2.60,21.34
223,medium,14,09:24:01,09:24:03,09:28:48,COMPLETED,34152.0,4759.1,2.16,287.56
337,easy,11,09:28:26,09:28:29,09:28:48,COMPLETED,27629.0,315.0,3.85,22.56
318,easy,12,09:28:30,09:28:36,09:28:54,COMPLETED,18479.0,314.2,6.10,24.77
213,medium,14,09:14:28,09:14:29,09:29:13,COMPLETED,34575.0,14730.0,1.80,885.39
198,medium,13,09:30:38,09:30:40,09:31:11,COMPLETED,24560.0,528.6,2.29,33.74
177,easy,11,09:31:12,09:31:18,09:31:24,COMPLETED,23813.0,110.3,6.09,12.39
232,easy,11,09:32:33,09:32:34,09:32:46,COMPLETED,23345.0,220.2,1.09,13.95
296,medium,13,09:20:04,09:20:07,09:33:37,COMPLETED,36626.0,13502.7,3.15,813.12
257,easy,12,09:33:33,09:33:37,09:34:02,COMPLETED,29236.0,421.2,4.12,29.13
246,easy,11,09:34:02,09:34:02,09:34:08,COMPLETED,25985.0,109.0,0.13,6.42
62,hard,15,08:47:20,08:47:21,09:35:10,COMPLETED,34364.0,47823.1,1.43,2870.76
317,easy,12,09:32:05,09:32:08,09:35:41,COMPLETED,34616.0,3553.9,3.75,216.89
325,easy,12,09:34:37,09:34:39,09:36:25,COMPLETED,25390.0,1768.5,2.61,108.50
209,easy,12,09:36:14,09:36:19,09:36:31,COMPLETED,25624.0,212.8,5.23,17.75
208,hard,15,09:21:01,09:21:02,09:37:27,COMPLETED,30155.0,16418.6,1.92,986.93
309,easy,11,09:37:04,09:37:09,09:37:53,COMPLETED,32408.0,735.1,5.14,49.00
312,easy,12,09:37:06,09:37:09,09:38:05,COMPLETED,22745.0,942.4,3.14,59.51
339,easy,12,09:34:08,09:34:08,09:38:24,COMPLETED,33828.0,4268.9,0.42,256.23
44,hard,15,08:01:07,08:01:07,09:38:49,COMPLETED,26388.0,97710.0,0.05,5862.63
252,easy,11,09:38:57,09:39:02,09:39:21,COMPLETED,35983.0,322.4,5.22,24.17
170,easy,11,09:39:40,09:39:40,09:39:52,COMPLETED,27848.0,219.3,0.19,12.99
270,easy,11,09:39:43,09:39:46,09:39:52,COMPLETED,23120.0,115.6,3.45,9.99
72,hard,15,08:14:08,08:14:12,09:40:24,COMPLETED,31583.0,86210.4,4.21,5176.81
321,medium,13,09:39:29,09:39:33,09:40:24,COMPLETED,33562.0,851.7,4.94,55.81
178,easy,11,09:41:16,09:41:21,09:41:46,COMPLETED,38865.0,432.0,5.28,30.73
330,easy,11,09:41:43,09:41:46,09:41:53,COMPLETED,30024.0,114.8,3.73,10.25
185,medium,14,09:27:47,09:27:52,09:42:18,COMPLETED,28770.0,14437.8,5.63,871.75
180,medium,14,09:36:11,09:36:12,09:42:18,COMPLETED,35295.0,6099.6,1.97,367.75
322,easy,12,09:42:05,09:42:05,09:42:31,COMPLETED,33619.0,428.1,0.86,26.33
231,easy,11,09:42:40,09:42:44,09:43:09,COMPLETED,29907.0,428.8,4.03,29.36
294,easy,11,09:43:06,09:43:09,09:43:47,COMPLETED,25581.0,645.4,3.36,41.73
268,medium,13,09:36:27,09:36:31,09:44:50,COMPLETED,35297.0,8318.4,4.75,503.67
293,easy,11,09:44:40,09:44:44,09:44:56,COMPLETED,27951.0,212.3,4.39,16.92
61,hard,15,08:50:01,08:50:01,09:46:12,COMPLETED,33501.0,56173.9,0.72,3371.10
224,easy,12,09:45:22,09:45:28,09:46:12,COMPLETED,27322.0,737.1,6.10,50.10
300,easy,12,09:45:37,09:45:40,09:46:12,COMPLETED,29968.0,526.4,3.72,35.10
298,easy,12,09:44:06,09:44:06,09:46:18,COMPLETED,31760.0,2200.0,0.58,132.38
275,hard,15,09:29:03,09:29:07,09:46:30,COMPLETED,28697.0,17398.2,4.16,1047.91
279,easy,12,09:46:01,09:46:05,09:46:30,COMPLETED,24017.0,422.8,4.77,29.91
331,easy,12,09:46:34,09:46:37,09:47:27,COMPLETED,25494.0,836.1,3.17,53.07
164,hard,15,08:57:29,08:57:33,09:48:16,COMPLETED,30566.0,50718.4,4.95,3047.95
203,easy,11,09:48:37,09:48:41,09:48:48,COMPLETED,27527.0,108.6,4.97,11.25
181,easy,12,09:48:14,09:48:16,09:49:00,COMPLETED,26613.0,735.6,2.95,46.80
267,medium,13,09:46:24,09:46:24,09:49:07,COMPLETED,29062.0,2712.3,0.63,163.13
263,easy,11,09:49:11,09:49:13,09:49:19,COMPLETED,31200.0,112.0,2.41,8.82
291,easy,11,09:49:25,09:49:26,09:49:32,COMPLETED,29809.0,114.5,1.23,7.72
168,hard,15,08:54:56,08:54:58,09:49:58,COMPLETED,36040.0,55006.5,2.12,3302.38
216,easy,12,09:49:56,09:49:58,09:50:24,COMPLETED,27241.0,434.4,2.38,28.19
217,easy,11,09:49:56,09:49:58,09:50:49,COMPLETED,34467.0,853.0,2.38,53.36
255,easy,12,09:50:08,09:50:11,09:50:49,COMPLETED,25067.0,639.4,3.15,41.36
173,easy,11,09:50:34,09:50:36,09:51:02,COMPLETED,31661.0,428.3,2.73,28.04
265,medium,13,09:43:22,09:43:22,09:51:08,COMPLETED,30707.0,7775.8,0.21,466.48
235,easy,11,09:51:39,09:51:40,09:51:46,COMPLETED,29387.0,114.4,1.43,7.94
258,medium,14,09:50:43,09:50:43,09:51:59,COMPLETED,31602.0,1284.3,0.05,76.71
320,medium,14,09:49:41,09:49:45,09:52:06,COMPLETED,29989.0,2350.9,4.52,145.16
226,easy,12,09:51:34,09:51:34,09:52:06,COMPLETED,25348.0,541.7,0.13,32.16
206,medium,14,09:39:44,09:39:46,09:52:50,COMPLETED,29767.0,13073.4,2.45,786.55
60,hard,15,08:06:01,08:06:04,09:53:54,COMPLETED,27706.0,107834.9,3.23,6473.22
329,easy,11,09:54:50,09:54:51,09:55:04,COMPLETED,26118.0,222.8,1.52,14.52
236,easy,11,09:54:52,09:54:58,09:55:10,COMPLETED,25704.0,224.6,6.01,18.95
272,easy,12,09:53:48,09:53:54,09:55:42,COMPLETED,29438.0,1814.4,6.22,114.87
193,medium,14,09:54:00,09:54:00,09:56:14,COMPLETED,28132.0,2229.8,0.56,134.13
225,medium,13,09:54:02,09:54:06,09:57:10,COMPLETED,31786.0,3062.2,4.83,188.33
286,hard,15,09:43:20,09:43:22,09:57:47,COMPLETED,32815.0,14430.6,2.21,867.88
332,easy,11,09:57:50,09:57:54,09:58:00,COMPLETED,26075.0,109.0,4.14,10.44
199,medium,13,09:58:33,09:58:38,09:59:03,COMPLETED,32156.0,423.4,5.14,30.30
210,easy,11,09:58:29,09:58:31,09:59:09,COMPLETED,35727.0,632.8,2.84,40.57
335,easy,12,09:59:33,09:59:34,09:59:47,COMPLETED,19461.0,215.0,1.63,14.29
390,easy,12,10:00:00,10:00:06,10:00:18,COMPLETED,25381.0,214.4,6.17,18.77
299,medium,13,09:55:55,09:55:55,10:00:25,COMPLETED,30250.0,4500.6,0.36,270.06
302,easy,12,09:59:49,09:59:53,10:00:25,COMPLETED,25128.0,531.5,4.56,36.06
365,easy,11,10:00:23,10:00:25,10:00:37,COMPLETED,27454.0,219.5,2.06,14.75
233,medium,14,09:11:13,09:11:18,10:00:50,COMPLETED,27320.0,49542.1,5.37,2977.75
247,medium,14,09:54:21,09:54:26,10:01:29,COMPLETED,32103.0,7059.0,5.05,428.24
301,medium,13,09:56:53,09:56:57,10:01:48,COMPLETED,37801.0,4849.0,4.81,295.39
285,medium,14,09:42:02,09:42:05,10:01:54,COMPLETED,26952.0,19820.6,3.86,1192.84
171,medium,13,09:59:36,09:59:40,10:02:33,COMPLETED,24111.0,2876.3,4.97,177.06
452,easy,11,10:02:29,10:02:33,10:02:45,COMPLETED,24046.0,219.4,4.06,17.00
269,medium,13,09:45:36,09:45:40,10:02:58,COMPLETED,28133.0,17305.8,4.72,1042.78
431,easy,11,10:02:52,10:02:52,10:03:11,COMPLETED,26679.0,333.4,0.25,19.85
441,easy,12,10:03:45,10:03:50,10:04:22,COMPLETED,22952.0,541.8,5.15,37.45
182,medium,14,09:42:38,09:42:44,10:04:35,COMPLETED,34137.0,21859.3,6.03,1317.21
254,hard,15,09:34:22,09:34:27,10:04:41,COMPLETED,30655.0,30250.2,5.13,1819.87
388,easy,12,10:03:45,10:03:50,10:04:41,COMPLETED,26655.0,869.5,5.15,56.87
425,easy,12,10:04:03,10:04:03,10:04:48,COMPLETED,34578.0,761.7,0.07,45.39
403,easy,12,10:04:33,10:04:35,10:05:01,COMPLETED,35527.0,441.0,2.21,28.27
478,easy,11,10:05:16,10:05:20,10:05:45,COMPLETED,31907.0,431.4,4.20,29.93
398,easy,11,10:05:22,10:05:26,10:05:45,COMPLETED,26916.0,322.2,4.87,23.93
462,easy,11,10:06:15,10:06:17,10:06:37,COMPLETED,27834.0,330.7,2.69,22.21
333,medium,14,09:32:03,09:32:08,10:06:49,COMPLETED,34374.0,34690.4,5.75,2087.00
343,easy,11,10:06:15,10:06:17,10:06:49,COMPLETED,25227.0,543.4,2.69,35.00
504,medium,14,10:03:14,10:03:18,10:08:43,COMPLETED,37765.0,5418.2,4.32,329.19
419,easy,11,10:08:32,10:08:36,10:08:55,COMPLETED,30808.0,319.3,4.87,23.76
416,medium,13,10:07:59,10:07:59,10:09:39,COMPLETED,29992.0,1679.8,0.12,100.66
176,hard,15,09:31:48,09:31:49,10:09:45,COMPLETED,31593.0,37941.4,1.50,2277.94
376,medium,13,10:05:15,10:05:20,10:09:45,COMPLETED,27856.0,4433.1,5.20,270.94
483,easy,12,10:09:54,10:09:58,10:10:04,COMPLETED,27831.0,110.4,4.59,10.91
381,easy,11,10:10:03,10:10:04,10:10:17,COMPLETED,28846.0,215.7,1.91,14.55
326,hard,15,09:29:18,09:29:19,10:11:14,COMPLETED,26877.0,41909.3,1.71,2516.13
477,easy,11,10:11:03,10:11:07,10:11:14,COMPLETED,23842.0,110.2,4.80,11.13
7,hard,15,08:44:44,08:44:47,10:12:04,COMPLETED,27771.0,87281.3,3.49,5240.33
427,easy,11,10:11:58,10:11:58,10:12:10,COMPLETED,36786.0,216.4,0.03,12.61
464,easy,12,10:11:51,10:11:51,10:12:17,COMPLETED,29220.0,428.9,0.73,26.05
445,medium,13,10:09:50,10:09:52,10:12:23,COMPLETED,32593.0,2525.1,2.24,153.50
373,easy,11,10:13:38,10:13:39,10:13:46,COMPLETED,24682.0,109.7,1.95,8.28
405,easy,12,10:13:04,10:13:07,10:13:58,COMPLETED,24986.0,853.6,3.97,54.96
344,easy,11,10:14:30,10:14:30,10:14:36,COMPLETED,28907.0,109.5,0.62,6.93
370,easy,11,10:14:39,10:14:43,10:14:55,COMPLETED,26358.0,215.4,4.21,16.89
350,easy,11,10:15:19,10:15:20,10:15:39,COMPLETED,29108.0,320.4,1.93,20.91
354,easy,12,10:14:40,10:14:43,10:15:46,COMPLETED,29742.0,1053.2,3.21,66.19
389,easy,11,10:16:22,10:16:24,10:16:49,COMPLETED,33041.0,432.3,2.29,27.80
261,hard,15,09:08:39,09:08:43,10:17:02,COMPLETED,34018.0,68319.7,4.56,4103.69
358,hard,15,10:14:01,10:14:05,10:19:47,COMPLETED,30001.0,5709.0,4.22,346.35
426,medium,13,10:19:20,10:19:22,10:19:47,COMPLETED,24571.0,430.4,2.05,27.35
347,easy,12,10:19:28,10:19:28,10:19:53,COMPLETED,25070.0,430.3,0.37,25.93
385,easy,12,10:19:31,10:19:34,10:20:19,COMPLETED,23195.0,744.6,3.71,48.04
507,easy,12,10:18:29,10:18:31,10:20:25,COMPLETED,34358.0,1901.3,2.68,116.42
408,easy,12,10:19:07,10:19:09,10:21:34,COMPLETED,25492.0,2425.7,2.41,147.74
506,easy,12,10:22:11,10:22:12,10:22:50,COMPLETED,32087.0,641.4,1.68,39.84
491,easy,11,10:22:32,10:22:38,10:22:57,COMPLETED,21841.0,326.9,6.07,25.21
509,easy,11,10:23:23,10:23:23,10:23:36,COMPLETED,34643.0,221.8,0.21,13.20
382,medium,13,10:22:39,10:22:44,10:24:15,COMPLETED,23815.0,1520.6,5.47,96.20
115,hard,15,08:00:49,08:00:54,10:24:21,COMPLETED,38975.0,143449.3,5.91,8612.76
456,easy,11,10:23:48,10:23:48,10:24:21,COMPLETED,23209.0,557.8,0.91,33.76
482,medium,13,10:21:51,10:21:53,10:25:20,COMPLETED,37401.0,3448.1,2.68,209.33
359,medium,13,10:24:23,10:24:28,10:28:01,COMPLETED,28896.0,3567.5,5.43,218.95
415,medium,14,10:17:44,10:17:47,10:28:34,COMPLETED,35033.0,10791.9,3.32,650.54
497,medium,13,10:24:19,10:24:21,10:31:32,COMPLETED,29649.0,7178.3,2.76,433.13
438,medium,14,10:03:51,10:03:56,10:32:10,COMPLETED,22911.0,28230.3,5.49,1699.11
469,medium,13,10:21:15,10:21:15,10:33:38,COMPLETED,33938.0,12384.8,0.72,743.55
443,easy,12,10:27:06,10:33:44,10:33:57,COMPLETED,30502.0,221.3,398.89,411.81
288,medium,14,09:30:35,09:30:40,10:34:48,COMPLETED,28636.0,64141.3,5.29,3853.66
401,medium,14,10:19:06,10:19:09,10:35:13,COMPLETED,31490.0,16080.0,3.41,967.97
158,hard,15,08:43:50,08:43:51,10:35:39,COMPLETED,36664.0,111794.3,1.57,6709.30
218,hard,15,09:58:01,09:58:06,10:35:58,COMPLETED,35098.0,37862.9,5.70,2277.31
202,medium,14,09:47:23,09:47:27,10:36:23,COMPLETED,43359.0,48944.7,4.07,2940.62
487,easy,11,10:29:36,10:36:29,10:36:48,COMPLETED,19672.0,321.7,413.95,432.95
379,medium,14,10:22:15,10:22:19,10:37:07,COMPLETED,25113.0,14819.3,4.04,892.95
448,medium,13,10:28:06,10:35:20,10:37:07,COMPLETED,28287.0,1799.1,434.31,541.95
380,easy,11,10:29:38,10:36:55,10:37:14,COMPLETED,26792.0,323.4,437.28,456.29
446,easy,11,10:29:53,10:37:14,10:37:27,COMPLETED,26799.0,217.3,441.29,454.08
430,easy,12,10:30:11,10:37:20,10:37:46,COMPLETED,27747.0,427.7,429.72,455.07
498,easy,12,10:29:50,10:37:14,10:38:24,COMPLETED,33235.0,1166.8,444.29,514.01
495,easy,12,10:31:26,10:38:30,10:38:43,COMPLETED,30399.0,216.3,424.34,437.01
406,medium,13,10:29:01,10:36:04,10:42:59,COMPLETED,26737.0,6921.4,423.64,838.62
411,medium,14,10:03:22,10:03:24,10:43:05,COMPLETED,29445.0,39688.9,2.85,2383.97
492,easy,11,10:32:18,10:43:12,10:43:50,COMPLETED,21205.0,637.3,654.34,692.28
461,easy,12,10:32:52,10:43:56,10:44:28,COMPLETED,28745.0,532.1,664.61,696.22
471,medium,14,10:21:47,10:21:47,10:45:25,COMPLETED,32819.0,23636.1,0.31,1418.30
360,medium,13,10:31:39,10:38:49,10:46:34,COMPLETED,30992.0,7763.7,430.34,895.87
241,hard,15,09:57:18,09:57:22,10:47:26,COMPLETED,28854.0,50057.9,4.86,3008.00
355,medium,13,10:31:44,10:43:05,10:47:26,COMPLETED,35653.0,4343.7,681.97,942.00
174,hard,15,09:27:07,09:27:09,10:48:24,COMPLETED,27497.0,81259.2,2.17,4877.56
420,medium,14,10:30:28,10:37:33,10:50:53,COMPLETED,36562.0,13344.8,425.40,1225.63
361,medium,13,10:25:43,10:28:40,10:51:06,COMPLETED,30277.0,22435.8,177.95,1523.80
436,easy,12,10:36:30,10:51:13,10:51:45,COMPLETED,32179.0,551.6,883.23,915.95
399,medium,13,10:33:57,10:45:31,10:52:11,COMPLETED,34911.0,6676.9,694.63,1094.78
479,medium,13,10:36:07,10:48:31,10:52:50,COMPLETED,34779.0,4336.6,744.11,1003.81
393,medium,14,10:34:39,10:47:32,10:54:33,COMPLETED,31485.0,7013.9,773.65,1194.19
465,medium,14,10:30:53,10:37:52,10:55:04,COMPLETED,29760.0,17212.7,419.41,1451.88
474,medium,14,10:26:23,10:32:16,10:55:49,COMPLETED,34295.0,23549.2,353.44,1766.14
190,hard,15,09:31:46,09:31:49,10:56:08,COMPLETED,31907.0,84312.2,3.50,5062.14
434,easy,11,10:40:26,10:56:14,10:56:20,COMPLETED,26739.0,110.9,948.47,954.82
222,hard,15,09:21:23,09:21:27,10:56:27,COMPLETED,28027.0,94991.6,4.78,5704.15
421,medium,13,10:39:51,10:55:11,10:57:05,COMPLETED,25587.0,1906.4,920.24,1034.28
357,medium,13,10:40:27,10:56:27,10:58:34,COMPLETED,28585.0,2127.4,960.15,1087.30
500,medium,14,10:34:37,10:46:41,10:58:53,COMPLETED,34061.0,12215.9,724.20,1456.73
424,medium,14,10:40:51,10:57:11,10:59:52,COMPLETED,29459.0,2682.8,980.67,1141.13
319,hard,15,09:50:06,09:50:11,11:00:11,COMPLETED,35400.0,70011.2,5.15,4205.61
251,medium,14,09:55:06,09:55:10,11:00:31,COMPLETED,36174.0,65338.5,4.95,3925.05
457,easy,12,10:42:39,11:00:37,11:00:57,COMPLETED,27120.0,336.4,1078.60,1098.27
463,hard,15,10:42:02,10:59:58,11:02:08,COMPLETED,26127.0,2170.7,1076.69,1206.44
410,medium,13,10:21:45,10:21:47,11:02:34,COMPLETED,28260.0,40793.8,2.31,2449.62
351,medium,14,10:24:00,10:24:02,11:02:41,COMPLETED,28951.0,38659.7,2.04,2321.17
486,easy,11,10:42:59,11:02:41,11:02:47,COMPLETED,26827.0,120.9,1182.17,1188.83
409,hard,15,10:01:17,10:01:22,11:03:13,COMPLETED,26937.0,61856.0,5.74,3716.88
484,easy,12,10:42:45,11:02:15,11:03:33,COMPLETED,25129.0,1313.3,1170.00,1248.31
14,hard,15,08:48:52,08:48:53,11:04:12,COMPLETED,33887.0,135315.3,1.74,8120.60
384,medium,13,10:41:42,10:59:00,11:04:19,COMPLETED,29137.0,5324.5,1038.29,1357.16
499,easy,11,10:43:39,11:03:20,11:04:19,COMPLETED,20002.0,990.1,1181.44,1240.16
439,easy,11,10:44:00,11:04:19,11:04:38,COMPLETED,28831.0,330.1,1219.16,1238.68
340,medium,14,10:20:20,10:20:25,11:05:10,COMPLETED,38159.0,44751.2,5.42,2690.31
102,hard,15,08:56:07,08:56:12,11:05:29,COMPLETED,36059.0,129273.9,5.91,7762.32
429,medium,13,10:44:48,11:04:25,11:05:29,COMPLETED,23331.0,1061.5,1177.90,1241.32
459,easy,11,10:44:58,11:05:16,11:05:29,COMPLETED,25595.0,216.7,1218.65,1231.32
346,easy,12,10:44:54,11:04:45,11:05:35,COMPLETED,35811.0,851.1,1191.01,1241.67
243,hard,15,09:00:46,09:00:51,11:05:42,COMPLETED,37490.0,124850.6,5.15,7496.12
341,easy,11,10:45:18,11:05:35,11:05:42,COMPLETED,30395.0,113.6,1217.67,1224.12
342,easy,11,10:45:53,11:05:35,11:05:42,COMPLETED,24503.0,113.2,1182.67,1189.12
396,easy,11,10:46:03,11:05:35,11:05:48,COMPLETED,24592.0,220.4,1172.67,1185.53
375,easy,11,10:46:11,11:05:42,11:05:48,COMPLETED,21803.0,114.5,1171.12,1177.53
451,easy,12,10:44:00,11:04:25,11:06:07,COMPLETED,24215.0,1704.6,1225.90,1327.84
453,hard,15,10:27:29,10:34:04,11:06:14,COMPLETED,27518.0,32171.8,395.19,2325.23
508,medium,14,10:43:24,11:02:54,11:06:27,COMPLETED,32374.0,3548.2,1170.48,1383.07
447,easy,11,10:48:18,11:06:33,11:06:39,COMPLETED,26950.0,112.0,1095.45,1101.81
413,easy,11,10:48:37,11:06:46,11:06:58,COMPLETED,27169.0,218.7,1089.19,1101.97
485,easy,12,10:46:53,11:05:55,11:07:37,COMPLETED,27169.0,1703.9,1142.03,1244.02
442,easy,12,10:46:40,11:05:48,11:07:43,COMPLETED,28874.0,1918.6,1148.53,1263.35
455,easy,12,10:49:24,11:07:43,11:07:56,COMPLETED,26778.0,217.5,1099.35,1112.11
260,hard,15,09:42:57,09:43:02,11:09:24,COMPLETED,24648.0,86364.6,5.88,5187.63
391,easy,11,10:50:26,11:09:31,11:09:50,COMPLETED,30217.0,333.2,1145.12,1164.82
488,easy,12,10:46:38,11:05:48,11:10:22,COMPLETED,31477.0,4579.5,1150.53,1424.95
397,medium,14,10:28:41,10:35:45,11:12:19,COMPLETED,33319.0,36568.8,424.63,2618.43
366,easy,11,10:51:13,11:12:25,11:12:32,COMPLETED,29480.0,115.4,1272.98,1279.60
372,medium,14,10:33:40,10:44:34,11:12:52,COMPLETED,28784.0,28297.7,654.56,2352.08
493,easy,11,10:51:57,11:12:38,11:13:05,COMPLETED,25960.0,443.3,1241.93,1268.24
368,medium,13,10:49:38,11:07:49,11:13:11,COMPLETED,28641.0,5373.5,1091.75,1413.56
367,hard,15,10:21:50,10:21:53,11:14:35,COMPLETED,38148.0,52708.7,3.68,3165.93
374,medium,13,10:50:36,11:09:57,11:14:42,COMPLETED,29462.0,4760.9,1161.15,1446.47
154,hard,15,08:37:18,08:37:22,11:14:55,COMPLETED,32911.0,157542.3,4.99,9457.55
256,medium,14,09:45:29,09:45:34,11:15:01,COMPLETED,33639.0,89460.9,5.40,5372.93
383,easy,11,10:53:16,11:15:01,11:15:27,COMPLETED,20321.0,428.3,1305.93,1331.30
259,hard,15,09:58:07,09:58:12,11:15:40,COMPLETED,29247.0,77452.0,5.99,4653.01
386,medium,13,10:46:44,11:05:48,11:16:30,COMPLETED,30345.0,10706.7,1144.53,1786.75
454,medium,13,10:54:05,11:15:46,11:16:49,COMPLETED,26088.0,1064.0,1301.38,1364.92
490,easy,12,10:54:15,11:16:56,11:17:08,COMPLETED,23307.0,216.7,1361.25,1373.95
501,medium,14,10:41:27,10:58:40,11:17:15,COMPLETED,41157.0,18579.1,1033.85,2148.28
364,easy,12,10:55:15,11:17:21,11:17:40,COMPLETED,27886.0,322.6,1326.71,1345.72
496,easy,12,10:53:11,11:14:48,11:17:53,COMPLETED,30718.0,3081.9,1297.85,1482.46
212,hard,15,09:48:53,09:48:54,11:17:59,COMPLETED,35977.0,89090.9,1.50,5346.82
352,medium,13,10:55:55,11:17:47,11:18:06,COMPLETED,26548.0,324.5,1312.09,1331.21
414,easy,11,10:56:51,11:17:59,11:18:06,COMPLETED,27772.0,112.6,1268.82,1275.21
362,medium,14,10:40:22,10:55:55,11:18:25,COMPLETED,29813.0,22501.1,933.47,2283.34
481,medium,13,10:52:07,11:12:58,11:18:50,COMPLETED,33498.0,5871.0,1251.64,1603.64
444,easy,12,10:54:09,11:16:37,11:18:56,COMPLETED,35894.0,2337.2,1348.10,1487.98
435,easy,12,10:58:26,11:18:31,11:19:16,COMPLETED,25725.0,745.2,1205.66,1250.07
480,easy,12,10:58:46,11:19:22,11:19:35,COMPLETED,30126.0,218.7,1236.41,1249.17
387,easy,12,10:58:43,11:19:03,11:20:06,COMPLETED,27285.0,1064.4,1220.39,1283.95
378,easy,12,10:59:13,11:19:41,11:20:06,COMPLETED,24836.0,428.4,1228.56,1253.95
503,medium,13,10:53:18,11:15:08,11:20:32,COMPLETED,26355.0,5404.6,1310.32,1634.32
467,medium,13,10:54:30,11:17:15,11:20:45,COMPLETED,27656.0,3500.1,1365.28,1575.02
651,easy,12,11:00:16,11:20:13,11:20:45,COMPLETED,29949.0,534.0,1197.28,1229.02
526,easy,11,11:01:26,11:20:51,11:20:57,COMPLETED,23468.0,111.3,1165.35,1171.74
671,easy,11,11:00:22,11:20:13,11:21:10,COMPLETED,31236.0,960.0,1191.28,1248.42
612,easy,12,11:01:27,11:20:51,11:21:30,COMPLETED,26631.0,653.7,1164.35,1203.11
418,easy,12,10:58:04,11:18:12,11:21:36,COMPLETED,32585.0,3405.8,1208.61,1412.67
460,medium,14,10:50:47,11:10:29,11:21:43,COMPLETED,30742.0,11232.6,1182.38,1856.04
562,medium,13,11:01:51,11:21:04,11:21:56,COMPLETED,26663.0,873.9,1153.06,1205.03
402,medium,14,10:42:41,11:01:03,11:22:02,COMPLETED,29465.0,20985.8,1102.83,2361.58
561,easy,11,11:04:02,11:22:09,11:22:28,COMPLETED,35935.0,332.8,1087.10,1106.44
637,easy,12,11:03:00,11:21:43,11:22:48,COMPLETED,24027.0,1095.1,1123.04,1188.02
349,hard,15,10:25:11,10:25:26,11:23:01,COMPLETED,34550.0,57581.4,15.65,3470.28
412,hard,15,10:21:55,10:22:00,11:23:20,COMPLETED,32333.0,61347.5,5.04,3685.74
371,hard,15,10:37:12,10:51:52,11:23:27,COMPLETED,36270.0,31585.3,880.36,2775.08
581,easy,11,11:07:09,11:23:27,11:23:40,COMPLETED,29021.0,226.7,978.08,991.39
432,medium,14,10:57:11,11:18:06,11:23:59,COMPLETED,35158.0,5896.9,1255.21,1608.59
677,easy,11,11:07:52,11:24:06,11:24:45,COMPLETED,29144.0,660.4,974.15,1013.28
543,medium,13,11:08:08,11:24:51,11:26:09,COMPLETED,26538.0,1298.7,1003.82,1081.25
520,medium,13,11:02:01,11:21:16,11:27:26,COMPLETED,32191.0,6155.2,1155.99,1525.01
635,easy,11,11:08:16,11:27:32,11:27:45,COMPLETED,25239.0,217.7,1156.38,1169.15
623,easy,11,11:08:58,11:27:51,11:27:57,COMPLETED,25143.0,112.2,1133.47,1139.84
566,easy,12,11:09:12,11:28:04,11:28:54,COMPLETED,34274.0,850.2,1132.23,1182.93
544,medium,14,11:03:13,11:21:49,11:29:20,COMPLETED,28812.0,7518.6,1116.42,1567.26
353,medium,13,10:50:18,11:08:02,11:29:51,COMPLETED,32508.0,21829.1,1064.44,2373.91
665,easy,11,11:09:41,11:29:26,11:29:51,COMPLETED,22880.0,428.2,1185.60,1210.91
307,hard,15,09:16:34,09:16:34,11:31:08,COMPLETED,37363.0,134559.0,0.50,8074.01
572,easy,11,11:10:04,11:31:14,11:31:20,COMPLETED,25801.0,111.3,1270.36,1276.72
604,medium,14,11:05:23,11:23:07,11:32:05,COMPLETED,28209.0,8967.9,1064.83,1602.45
514,medium,13,11:10:44,11:32:11,11:32:50,COMPLETED,30276.0,657.7,1288.00,1326.95
404,hard,15,10:52:41,11:13:18,11:33:04,COMPLETED,31517.0,19770.9,1237.23,2423.11
588,medium,13,11:09:52,11:29:58,11:34:28,COMPLETED,28717.0,4506.8,1206.31,1476.18
650,medium,14,11:01:14,11:20:38,11:35:07,COMPLETED,31208.0,14481.1,1164.66,2033.12
505,medium,13,10:53:07,11:14:42,11:37:10,COMPLETED,40061.0,22474.2,1295.47,2643.55
348,medium,14,10:57:53,11:18:12,11:37:49,COMPLETED,35443.0,19624.3,1219.61,2396.78
201,hard,15,09:46:05,09:46:05,11:38:21,COMPLETED,29681.0,112264.0,0.77,6736.57
615,medium,13,11:11:14,11:35:13,11:38:21,COMPLETED,25326.0,3136.9,1439.66,1627.57
592,medium,14,11:08:11,11:26:15,11:39:05,COMPLETED,28743.0,12838.9,1084.78,1854.86
628,easy,12,11:12:04,11:37:56,11:39:12,COMPLETED,33862.0,1272.5,1552.18,1628.19
567,medium,14,11:10:02,11:29:58,11:39:37,COMPLETED,35996.0,9657.6,1196.31,1775.54
662,medium,14,11:04:51,11:22:35,11:39:43,COMPLETED,32748.0,17151.8,1064.10,2092.88
601,easy,11,11:13:43,11:39:43,11:40:09,COMPLETED,23526.0,430.5,1560.88,1586.41
633,easy,11,11:15:00,11:40:15,11:40:34,COMPLETED,26794.0,321.9,1515.74,1534.75
632,easy,12,11:14:19,11:39:50,11:40:53,COMPLETED,26477.0,1062.1,1531.32,1594.75
513,medium,13,11:11:12,11:34:34,11:41:38,COMPLETED,29555.0,7060.1,1402.79,1826.13
537,easy,12,11:15:00,11:41:00,11:41:50,COMPLETED,28383.0,850.6,1560.08,1610.82
598,easy,11,11:15:25,11:41:44,11:41:50,COMPLETED,26645.0,111.2,1579.46,1585.82
494,medium,14,10:48:41,11:07:05,11:42:16,COMPLETED,31888.0,35187.0,1104.35,3215.32
534,hard,15,11:10:19,11:31:27,11:42:22,COMPLETED,33739.0,10933.0,1268.06,1923.70
676,medium,13,11:16:38,11:42:22,11:43:26,COMPLETED,25962.0,1065.4,1544.70,1608.33
476,hard,15,10:14:49,10:14:49,11:43:32,COMPLETED,39312.0,88720.9,0.59,5323.66
679,easy,12,11:15:00,11:40:41,11:44:55,COMPLETED,37893.0,4238.2,1541.07,1795.08
533,medium,13,11:13:09,11:38:27,11:45:01,COMPLETED,35670.0,6563.1,1518.91,1912.41
433,medium,14,10:42:08,11:00:18,11:45:52,COMPLETED,40184.0,45570.7,1090.17,3824.23
586,easy,11,11:17:41,11:45:58,11:46:04,COMPLETED,20089.0,111.0,1697.56,1703.91
530,easy,12,11:17:19,11:43:39,11:46:42,COMPLETED,26608.0,3068.9,1580.09,1763.94
649,medium,13,11:13:21,11:39:12,11:47:39,COMPLETED,33725.0,8464.9,1551.19,2058.82
502,medium,14,10:58:40,11:18:56,11:47:46,COMPLETED,34997.0,28824.7,1216.98,2946.15
568,medium,13,11:17:10,11:43:32,11:47:52,COMPLETED,31807.0,4337.6,1582.66,1842.58
617,easy,12,11:18:23,11:46:49,11:47:58,COMPLETED,36967.0,1167.4,1706.27,1775.97
511,easy,11,11:18:48,11:47:46,11:48:05,COMPLETED,25222.0,326.0,1738.15,1757.35
644,easy,11,11:20:22,11:47:58,11:48:18,COMPLETED,28161.0,324.5,1656.97,1676.14
618,easy,11,11:21:29,11:48:11,11:48:18,COMPLETED,32911.0,111.7,1602.76,1609.14
627,medium,14,11:09:17,11:29:01,11:48:24,COMPLETED,35554.0,19392.5,1184.26,2347.48
661,hard,15,11:07:48,11:23:46,11:48:30,COMPLETED,30859.0,24744.5,958.72,2442.91
613,medium,13,11:16:26,11:41:57,11:48:57,COMPLETED,28685.0,7007.9,1531.15,1951.20
564,easy,12,11:20:49,11:48:05,11:48:57,COMPLETED,27808.0,873.4,1636.35,1688.20
626,easy,11,11:22:29,11:48:37,11:48:57,COMPLETED,28384.0,337.5,1568.57,1588.20
550,easy,12,11:19:30,11:47:52,11:49:03,COMPLETED,22823.0,1203.2,1702.58,1773.86
527,easy,11,11:22:59,11:49:03,11:49:17,COMPLETED,28074.0,233.0,1564.86,1578.48
675,easy,11,11:24:33,11:49:10,11:49:17,COMPLETED,32610.0,116.6,1477.88,1484.48
603,easy,11,11:24:36,11:49:23,11:49:37,COMPLETED,28854.0,231.1,1487.91,1501.25
423,medium,14,10:05:24,10:05:26,11:49:50,COMPLETED,32673.0,104390.3,2.87,6266.20
608,easy,12,11:25:08,11:49:43,11:51:07,COMPLETED,31208.0,1410.9,1475.84,1560.00
535,easy,12,11:25:29,11:51:14,11:52:24,COMPLETED,24174.0,1165.7,1545.55,1615.18
642,medium,13,11:23:15,11:49:03,11:53:21,COMPLETED,31069.0,4290.7,1548.86,1806.14
392,hard,15,10:02:19,10:02:20,11:55:40,COMPLETED,31173.0,113334.4,1.15,6801.12
428,hard,15,10:34:52,10:47:32,11:55:46,COMPLETED,33697.0,68232.4,760.65,4854.45
653,medium,13,11:25:47,11:53:27,11:55:59,COMPLETED,33361.0,2534.1,1660.47,1812.17
549,easy,11,11:25:59,11:55:46,11:56:05,COMPLETED,28120.0,324.1,1787.45,1806.56
596,easy,11,11:26:26,11:56:11,11:56:24,COMPLETED,21460.0,221.0,1785.93,1798.88
458,medium,14,10:04:01,10:04:03,11:58:21,COMPLETED,38502.0,114302.9,2.07,6860.08
607,medium,14,11:23:42,11:49:03,11:58:21,COMPLETED,26116.0,9291.9,1521.86,2079.08
634,easy,11,11:28:46,11:58:27,11:59:13,COMPLETED,29244.0,763.2,1781.67,1827.08
529,medium,14,11:28:23,11:56:31,12:01:03,COMPLETED,34724.0,4540.3,1688.22,1960.20
289,hard,15,09:29:10,09:29:13,12:01:48,COMPLETED,31225.0,152593.1,3.39,9158.86
395,hard,15,10:15:33,10:15:33,12:03:12,COMPLETED,35896.0,107643.9,0.49,6459.06
587,medium,14,11:22:14,11:48:30,12:04:02,COMPLETED,29898.0,15535.9,1576.91,2508.80
440,medium,14,10:43:06,11:02:47,12:04:21,COMPLETED,30964.0,61569.3,1181.83,4875.84
422,hard,15,10:24:59,10:25:00,12:05:37,COMPLETED,33216.0,100616.0,1.93,6038.77
489,medium,14,10:27:59,10:34:54,12:05:50,COMPLETED,32725.0,90926.5,415.99,5871.47
538,medium,14,11:26:15,11:55:52,12:06:03,COMPLETED,27415.0,10176.5,1777.82,2388.15
622,easy,11,11:33:20,12:05:56,12:06:15,COMPLETED,30989.0,322.8,1956.79,1975.86
553,medium,13,11:33:27,12:06:09,12:07:31,COMPLETED,28322.0,1379.3,1962.48,2044.74
524,easy,12,11:36:10,12:07:38,12:07:51,COMPLETED,24439.0,227.4,1888.29,1901.42
640,medium,13,11:35:25,12:06:22,12:08:36,COMPLETED,27844.0,2248.2,1857.19,1991.56
516,easy,12,11:36:33,12:08:43,12:09:15,COMPLETED,30461.0,548.9,1930.12,1962.51
186,hard,15,09:48:55,09:49:00,12:09:22,COMPLETED,30622.0,140358.7,5.80,8427.10
582,medium,14,11:30:36,11:59:19,12:10:07,COMPLETED,33693.0,10804.1,1723.60,2371.59
609,easy,12,11:36:33,12:09:22,12:10:07,COMPLETED,28007.0,763.3,1969.10,2014.59
449,hard,15,10:38:00,10:52:18,12:10:27,COMPLETED,30204.0,78150.6,858.33,5547.15
621,hard,15,11:18:04,11:46:11,12:10:27,COMPLETED,32112.0,24272.4,1687.25,3143.15
657,medium,14,11:10:46,11:32:57,12:10:46,COMPLETED,34164.0,37822.1,1331.50,3600.53
593,easy,11,11:36:52,12:10:13,12:10:53,COMPLETED,26711.0,662.6,2001.92,2041.08
563,easy,11,11:37:52,12:10:33,12:10:53,COMPLETED,26186.0,333.0,1961.75,1981.08
614,medium,13,11:38:20,12:10:33,12:11:13,COMPLETED,31265.0,661.8,1933.75,1973.01
611,hard,15,11:33:00,12:05:44,12:11:19,COMPLETED,28484.0,5596.0,1964.12,2299.56
565,easy,12,11:38:22,12:10:53,12:11:25,COMPLETED,19577.0,557.0,1951.08,1983.93
554,medium,13,11:26:16,11:56:05,12:12:17,COMPLETED,33265.0,16209.3,1789.56,2761.70
473,medium,14,10:54:02,11:15:33,12:13:03,COMPLETED,33782.0,57494.6,1291.66,4741.14
652,medium,13,11:32:38,12:04:09,12:13:03,COMPLETED,28043.0,8905.9,1891.15,2425.14
631,medium,13,11:39:44,12:10:59,12:13:03,COMPLETED,24458.0,2061.5,1875.78,1999.14
510,easy,11,11:41:45,12:13:09,12:13:16,COMPLETED,19864.0,114.9,1884.64,1891.40
407,hard,15,10:03:00,10:03:05,12:14:52,COMPLETED,46773.0,131781.0,5.22,7912.01
569,medium,13,11:40:35,12:11:32,12:14:52,COMPLETED,31699.0,3328.7,1857.59,2057.01
629,medium,13,11:40:58,12:13:09,12:16:07,COMPLETED,30122.0,2975.8,1931.64,2109.89
522,medium,14,11:31:54,12:01:55,12:16:14,COMPLETED,27063.0,14319.2,1801.41,2660.23
645,easy,11,11:43:03,12:16:14,12:16:20,COMPLETED,26439.0,112.9,1991.23,1997.66
49,hard,15,08:25:32,08:25:37,12:16:33,COMPLETED,36994.0,230930.4,5.58,13861.38
669,easy,11,11:44:32,12:16:39,12:16:52,COMPLETED,28342.0,216.4,1927.73,1940.41
532,easy,11,11:44:05,12:16:27,12:17:30,COMPLETED,23484.0,1060.3,1942.04,2005.35
630,hard,15,11:25:34,11:52:30,12:18:46,COMPLETED,29511.0,26271.5,1616.52,3192.41
589,medium,14,11:38:28,12:10:59,12:18:59,COMPLETED,29498.0,8001.9,1951.78,2431.41
528,easy,12,11:44:50,12:18:52,12:19:06,COMPLETED,28278.0,227.8,2042.99,2056.06
664,easy,12,11:42:49,12:14:58,12:19:12,COMPLETED,31357.0,4247.4,1929.35,2183.71
579,medium,14,11:47:19,12:19:19,12:22:11,COMPLETED,32006.0,2874.9,1920.32,2092.32
655,medium,13,11:45:39,12:19:06,12:24:01,COMPLETED,21855.0,4931.4,2007.06,2302.44
625,hard,15,11:36:18,12:07:57,12:24:08,COMPLETED,33232.0,16177.5,1899.98,2870.01
616,easy,11,11:47:43,12:24:14,12:24:21,COMPLETED,21818.0,115.2,2191.82,2198.42
624,easy,11,11:47:53,12:24:27,12:24:40,COMPLETED,25994.0,218.3,2194.77,2207.50
585,medium,14,11:16:13,11:41:57,12:24:53,COMPLETED,37272.0,42938.3,1544.15,4120.26
583,easy,12,11:48:20,12:24:46,12:25:12,COMPLETED,23415.0,429.0,2186.89,2212.33
539,easy,11,11:48:31,12:24:59,12:25:25,COMPLETED,35778.0,429.6,2188.60,2214.04
656,medium,14,11:17:26,11:45:01,12:25:50,COMPLETED,33246.0,40819.6,1655.41,4104.39
668,medium,14,11:41:02,12:13:09,12:25:50,COMPLETED,28031.0,12682.2,1927.64,2688.39
555,medium,14,11:43:04,12:16:20,12:26:09,COMPLETED,25561.0,9818.6,1996.66,2585.51
678,easy,12,11:49:22,12:25:56,12:26:22,COMPLETED,23277.0,429.4,2194.74,2220.20
660,easy,12,11:49:22,12:25:56,12:26:34,COMPLETED,28869.0,641.5,2194.74,2232.90
663,hard,15,11:07:39,11:23:33,12:27:38,COMPLETED,32806.0,64077.8,954.73,4799.21
130,hard,15,08:36:57,08:36:58,12:27:44,COMPLETED,29984.0,230769.5,1.49,13847.59
673,medium,13,11:44:34,12:16:58,12:27:57,COMPLETED,31179.0,10983.6,1944.73,2603.45
666,easy,12,11:51:14,12:27:44,12:28:10,COMPLETED,22010.0,432.6,2190.59,2216.26
574,medium,14,11:03:28,11:22:02,12:29:13,COMPLETED,37654.0,67183.5,1114.58,5145.43
557,easy,12,11:52:33,12:28:16,12:29:19,COMPLETED,29715.0,1060.2,2143.59,2206.80
521,easy,11,11:53:30,12:29:26,12:29:58,COMPLETED,28543.0,539.5,2156.23,2188.08
523,easy,11,11:54:03,12:30:04,12:30:17,COMPLETED,29337.0,227.2,2161.64,2174.77
584,medium,14,11:46:38,12:19:12,12:31:09,COMPLETED,32541.0,11954.9,1954.71,2671.66
576,easy,11,11:54:09,12:30:24,12:31:22,COMPLETED,32695.0,975.4,2175.32,2233.55
636,easy,11,11:54:11,12:31:16,12:31:22,COMPLETED,23750.0,112.6,2225.11,2231.55
670,easy,11,11:54:52,12:31:28,12:31:35,COMPLETED,20978.0,118.3,2196.89,2203.60
639,medium,14,11:42:11,12:14:58,12:32:21,COMPLETED,35926.0,17392.0,1967.35,3010.42
323,medium,14,09:25:38,09:25:42,12:32:28,COMPLETED,29243.0,186761.6,4.42,11210.03
515,easy,12,11:55:43,12:31:42,12:32:34,COMPLETED,29527.0,876.6,2159.13,2211.39
658,medium,14,11:48:49,12:25:18,12:32:53,COMPLETED,28910.0,7590.7,2189.66,2644.86
605,easy,11,11:56:54,12:32:40,12:33:06,COMPLETED,28942.0,438.0,2146.76,2172.56
570,easy,11,11:57:47,12:33:13,12:33:19,COMPLETED,20371.0,116.1,2126.10,2132.55
556,medium,14,11:12:49,11:38:27,12:33:45,COMPLETED,33217.0,55301.2,1538.91,4856.73
519,easy,12,11:57:20,12:33:00,12:34:18,COMPLETED,27770.0,1310.4,2140.18,2218.32
641,easy,11,11:58:14,12:34:24,12:34:44,COMPLETED,26278.0,329.8,2170.86,2190.09
558,medium,13,11:50:48,12:26:41,12:34:57,COMPLETED,27753.0,8275.8,2153.32,2649.43
578,easy,11,11:58:26,12:35:03,12:35:49,COMPLETED,29997.0,763.1,2197.97,2243.25
571,hard,15,11:41:46,12:13:22,12:36:40,COMPLETED,30131.0,23297.4,1896.73,3294.35
672,medium,13,11:58:02,12:33:26,12:37:56,COMPLETED,30986.0,4510.6,2124.10,2394.26
545,easy,12,11:58:27,12:35:55,12:38:21,COMPLETED,28978.0,2438.6,2248.80,2394.83
602,easy,11,11:58:47,12:38:02,12:38:21,COMPLETED,24019.0,322.2,2355.82,2374.83
531,medium,14,11:50:36,12:26:28,12:38:53,COMPLETED,30433.0,12420.5,2152.53,2897.48
610,easy,12,11:59:05,12:38:28,12:39:50,COMPLETED,34748.0,1380.8,2363.17,2445.70
577,medium,13,11:58:44,12:36:46,12:39:57,COMPLETED,32902.0,3179.6,2282.69,2473.09
518,medium,13,11:49:15,12:25:31,12:40:03,COMPLETED,34779.0,14540.8,2176.40,3048.51
774,easy,11,12:00:06,12:40:09,12:40:16,COMPLETED,25293.0,113.0,2403.95,2410.38
560,medium,14,11:36:42,12:09:28,12:40:48,COMPLETED,27601.0,31327.6,1966.74,3846.19
654,easy,12,11:59:17,12:38:59,12:41:13,COMPLETED,29750.0,2235.2,2382.86,2516.61
573,medium,13,11:59:59,12:40:03,12:41:59,COMPLETED,25623.0,1935.5,2404.51,2520.33
846,easy,12,12:00:29,12:40:54,12:42:12,COMPLETED,29700.0,1299.9,2425.52,2503.06
305,hard,15,09:27:40,09:27:40,12:42:38,COMPLETED,37462.0,194965.9,0.22,11698.08
311,hard,15,09:59:16,09:59:22,12:42:44,COMPLETED,36543.0,163377.5,6.08,9808.64
600,medium,14,11:53:14,12:29:19,12:43:10,COMPLETED,30106.0,13848.5,2165.80,2996.28
798,easy,12,12:02:31,12:43:16,12:44:02,COMPLETED,28412.0,762.8,2445.85,2491.12
542,hard,15,11:40:44,12:12:24,12:45:51,COMPLETED,33384.0,33459.0,1900.27,3907.60
689,easy,11,12:03:40,12:45:57,12:46:04,COMPLETED,22827.0,111.4,2537.93,2544.30
810,medium,13,12:00:41,12:42:05,12:46:16,COMPLETED,38636.0,4196.5,2484.68,2735.99
551,medium,14,11:58:19,12:34:50,12:46:49,COMPLETED,25467.0,11986.9,2191.69,2910.66
648,hard,15,11:28:34,11:58:27,12:47:08,COMPLETED,29051.0,48691.0,1793.67,4714.87
832,medium,13,12:00:59,12:42:18,12:47:15,COMPLETED,34692.0,4954.2,2479.56,2776.40
733,medium,13,12:04:00,12:46:10,12:47:15,COMPLETED,30816.0,1087.0,2530.64,2595.40
720,easy,11,12:04:39,12:47:15,12:47:28,COMPLETED,33243.0,220.9,2556.40,2569.31
683,easy,11,12:04:43,12:47:21,12:47:34,COMPLETED,23194.0,220.0,2558.90,2571.69
590,hard,15,11:47:21,12:22:17,12:48:12,COMPLETED,31037.0,25919.7,2096.86,3651.83
809,medium,13,12:01:21,12:42:44,12:48:38,COMPLETED,29150.0,5897.1,2483.64,2837.20
815,medium,13,12:04:14,12:46:55,12:48:44,COMPLETED,28232.0,1814.6,2561.99,2670.53
752,easy,11,12:08:51,12:48:50,12:49:03,COMPLETED,22079.0,216.3,2399.91,2412.59
783,easy,12,12:08:39,12:48:44,12:49:41,COMPLETED,31610.0,954.8,2405.53,2462.51
703,easy,12,12:08:54,12:49:09,12:50:19,COMPLETED,27475.0,1165.1,2415.92,2485.52
194,medium,14,09:25:35,09:25:36,12:50:51,COMPLETED,37124.0,205250.9,1.14,12316.15
840,medium,14,12:08:22,12:48:19,12:51:10,COMPLETED,29283.0,2854.4,2397.19,2568.16
736,easy,11,12:09:35,12:50:57,12:51:16,COMPLETED,29113.0,322.7,2482.48,2501.49
789,medium,14,12:03:32,12:44:08,12:51:29,COMPLETED,29462.0,7348.5,2436.66,2877.26
536,medium,14,11:59:35,12:39:57,12:52:26,COMPLETED,25797.0,12490.9,2422.09,3171.29
847,medium,14,12:10:06,12:51:16,12:52:51,COMPLETED,26141.0,1590.6,2470.49,2565.63
702,easy,11,12:11:08,12:52:57,12:53:04,COMPLETED,26691.0,111.3,2509.97,2516.33
548,medium,14,11:31:49,12:01:09,12:53:48,COMPLETED,26869.0,52653.1,1760.70,4919.71
839,medium,13,12:11:05,12:52:32,12:53:48,COMPLETED,25858.0,1273.4,2487.62,2563.71
790,medium,13,12:10:37,12:51:35,12:53:55,COMPLETED,28794.0,2329.7,2458.65,2598.06
731,easy,12,12:12:02,12:54:01,12:54:52,COMPLETED,29086.0,849.1,2519.47,2570.10
541,hard,15,11:50:16,12:26:15,12:54:58,COMPLETED,26235.0,28714.2,2159.84,3882.45
377,hard,15,10:36:25,10:51:00,12:55:04,COMPLETED,33476.0,124079.0,875.19,8319.82
394,hard,15,10:47:38,11:06:20,12:55:11,COMPLETED,27698.0,108844.9,1122.65,7653.20
599,hard,15,11:51:40,12:27:51,12:55:23,COMPLETED,31248.0,27551.7,2171.03,3823.94
580,hard,15,11:11:32,11:37:17,12:55:55,COMPLETED,34039.0,78643.2,1545.10,6263.57
726,medium,13,12:10:33,12:51:22,12:56:01,COMPLETED,27119.0,4655.4,2449.88,2728.90
211,hard,15,09:17:06,09:17:06,12:56:14,COMPLETED,40773.0,219141.8,0.14,13148.62
768,easy,12,12:12:21,12:54:58,12:56:14,COMPLETED,32316.0,1274.4,2557.45,2633.62
699,easy,11,12:13:01,12:55:17,12:56:14,COMPLETED,26013.0,956.2,2536.57,2593.62
780,easy,12,12:14:45,12:56:20,12:56:33,COMPLETED,27544.0,217.1,2495.97,2508.69
724,easy,11,12:15:07,12:56:20,12:56:40,COMPLETED,23567.0,322.7,2473.97,2493.03
240,hard,15,09:24:20,09:24:21,12:57:49,COMPLETED,26976.0,213464.4,1.89,12809.70
831,medium,13,12:14:41,12:56:08,12:57:49,COMPLETED,28434.0,1696.1,2487.27,2588.70
767,medium,13,12:12:43,12:55:11,12:58:02,COMPLETED,29104.0,2867.2,2548.20,2719.79
835,easy,11,12:16:11,12:57:56,12:58:02,COMPLETED,24771.0,120.4,2505.08,2511.79
739,easy,11,12:16:46,12:58:09,12:58:28,COMPLETED,26551.0,334.9,2483.35,2502.98
756,easy,11,12:17:05,12:58:35,12:58:41,COMPLETED,21736.0,114.5,2490.57,2496.93
575,hard,15,11:32:34,12:03:18,12:58:48,COMPLETED,34189.0,55507.7,1844.40,5174.48
787,easy,12,12:14:35,12:56:01,12:59:01,COMPLETED,37498.0,3005.8,2486.90,2666.76
750,medium,14,12:09:03,12:49:47,13:00:12,COMPLETED,32433.0,10416.0,2444.86,3069.53
801,easy,11,12:17:32,13:00:18,13:00:25,COMPLETED,25107.0,115.6,2566.91,2573.33
745,easy,12,12:17:25,12:58:55,13:00:38,COMPLETED,24032.0,1723.9,2490.14,2593.29
692,easy,11,12:17:49,13:00:31,13:00:44,COMPLETED,25422.0,218.3,2562.88,2575.62
784,medium,14,12:11:55,12:53:55,13:01:47,COMPLETED,29476.0,7884.6,2520.06,2992.88
753,easy,11,12:17:56,13:00:51,13:01:47,COMPLETED,28176.0,954.0,2575.01,2631.88
690,medium,13,12:15:40,12:56:40,13:03:41,COMPLETED,24008.0,7031.9,2460.03,2881.68
705,easy,11,12:18:42,13:03:48,13:04:13,COMPLETED,29690.0,426.5,2706.01,2731.30
734,medium,13,12:18:32,13:01:54,13:04:25,COMPLETED,36623.0,2532.8,2602.28,2753.99
715,medium,14,12:16:03,12:56:46,13:04:38,COMPLETED,32630.0,7876.2,2443.41,2915.72
796,medium,13,12:15:17,12:56:20,13:04:57,COMPLETED,33868.0,8615.7,2463.97,2980.71
591,hard,15,11:39:59,12:11:19,13:05:10,COMPLETED,31815.0,53850.0,1880.56,5111.40
729,easy,11,12:19:23,13:05:04,13:05:16,COMPLETED,26570.0,217.5,2741.05,2753.73
714,easy,12,12:19:31,13:05:23,13:06:47,COMPLETED,26354.0,1408.8,2752.13,2836.15
667,medium,14,11:21:30,11:48:24,13:07:32,COMPLETED,31260.0,79144.0,1614.48,6362.99
345,hard,15,10:38:42,10:52:57,13:08:11,COMPLETED,29977.0,135238.4,855.36,8969.58
751,medium,13,12:16:38,12:58:09,13:08:57,COMPLETED,31009.0,10806.1,2491.35,3139.27
792,easy,12,12:20:55,13:08:18,13:09:16,COMPLETED,28076.0,985.4,2843.09,2901.91
760,hard,15,12:00:40,12:41:20,13:09:36,COMPLETED,37202.0,28274.3,2440.02,4136.11
525,medium,14,11:47:32,12:24:08,13:10:02,COMPLETED,29595.0,45906.3,2196.01,4950.13
828,hard,15,12:13:40,12:55:30,13:10:08,COMPLETED,32452.0,14648.6,2510.27,3388.67
806,easy,11,12:22:15,13:09:42,13:10:15,COMPLETED,30991.0,553.2,2847.75,2880.34
754,medium,13,12:21:53,13:09:03,13:11:52,COMPLETED,30247.0,2807.2,2830.85,2999.00
704,medium,14,12:18:48,13:04:32,13:12:29,COMPLETED,32468.0,7965.9,2744.32,3221.95
619,hard,15,11:32:46,12:04:28,13:13:20,COMPLETED,30525.0,68876.2,1902.17,6034.60
769,easy,12,12:23:49,13:13:26,13:13:39,COMPLETED,36562.0,216.3,2977.93,2990.60
823,medium,14,12:17:29,12:59:08,13:14:36,COMPLETED,35031.0,15473.9,2499.34,3427.53
740,medium,13,12:22:32,13:10:08,13:14:36,COMPLETED,24906.0,4469.3,2856.67,3124.53
772,easy,12,12:24:13,13:13:45,13:15:14,COMPLETED,22953.0,1481.1,2972.94,3061.51
708,easy,12,12:24:30,13:14:42,13:15:27,COMPLETED,28242.0,743.7,3012.87,3057.19
824,easy,12,12:24:48,13:15:20,13:16:24,COMPLETED,28537.0,1058.8,3032.83,3096.06
763,easy,11,12:25:03,13:15:33,13:16:24,COMPLETED,28770.0,847.5,3030.53,3081.06
757,medium,14,12:16:19,12:57:56,13:16:30,COMPLETED,25855.0,18576.5,2497.08,3611.40
779,easy,12,12:26:15,13:16:36,13:16:56,COMPLETED,26291.0,335.5,3021.97,3041.59
766,medium,13,12:22:03,13:09:23,13:18:40,COMPLETED,29249.0,9293.7,2840.24,3397.37
805,medium,14,12:22:34,13:10:22,13:19:12,COMPLETED,33470.0,8854.1,2868.00,3398.99
833,easy,11,12:28:13,13:19:19,13:19:32,COMPLETED,29325.0,223.4,3066.32,3079.19
709,medium,13,12:27:01,13:17:03,13:19:51,COMPLETED,34351.0,2821.0,3002.14,3170.92
843,hard,15,12:05:12,12:47:21,13:19:58,COMPLETED,38277.0,32616.1,2529.90,4486.47
694,easy,11,12:29:32,13:19:38,13:19:58,COMPLETED,26504.0,339.2,3006.76,3026.47
803,easy,11,12:29:57,13:20:05,13:20:31,COMPLETED,31824.0,441.6,3008.16,3034.24
680,easy,12,12:27:44,13:18:46,13:21:36,COMPLETED,27066.0,2831.4,3062.96,3232.36
822,easy,12,12:30:07,13:20:37,13:23:25,COMPLETED,31515.0,2803.9,3030.79,3198.72
697,medium,14,12:19:27,13:05:16,13:23:38,COMPLETED,43074.0,18366.3,2749.73,3851.42
776,easy,11,12:31:10,13:23:32,13:23:38,COMPLETED,24910.0,112.2,3142.06,3148.42
466,hard,15,10:07:10,10:07:15,13:23:51,COMPLETED,37226.0,196601.2,5.18,11801.21
688,medium,13,12:30:19,13:21:42,13:23:51,COMPLETED,26682.0,2143.4,3083.91,3212.21
841,easy,11,12:31:25,13:23:44,13:24:03,COMPLETED,33411.0,324.7,3139.81,3158.97
730,easy,11,12:32:18,13:23:57,13:24:03,COMPLETED,29991.0,113.0,3099.55,3105.97
777,easy,12,12:31:22,13:23:44,13:24:23,COMPLETED,28362.0,645.0,3142.81,3181.17
262,hard,15,09:02:40,09:02:42,13:24:48,COMPLETED,29906.0,262105.8,2.29,15728.66
722,easy,12,12:32:15,13:23:57,13:26:04,COMPLETED,24048.0,2125.0,3102.55,3229.74
844,easy,11,12:35:13,13:26:11,13:26:17,COMPLETED,24568.0,111.2,3058.10,3064.45
710,easy,11,12:35:16,13:26:23,13:26:42,COMPLETED,18356.0,321.6,3067.79,3086.79
700,hard,15,12:11:08,12:53:10,13:27:01,COMPLETED,28526.0,33857.7,2522.67,4553.88
755,easy,11,12:35:18,13:26:49,13:27:14,COMPLETED,28676.0,430.6,3091.11,3116.66
813,easy,11,12:35:46,13:27:20,13:28:18,COMPLETED,36926.0,973.1,3094.98,3152.87
797,hard,15,12:09:18,12:50:25,13:28:51,COMPLETED,29456.0,38431.5,2467.85,4773.55
842,medium,14,12:35:45,13:27:08,13:29:04,COMPLETED,30738.0,1945.3,3083.28,3199.49
845,easy,12,12:36:21,13:28:25,13:29:30,COMPLETED,28249.0,1084.1,3124.41,3189.10
825,easy,12,12:36:33,13:28:57,13:29:36,COMPLETED,25392.0,649.7,3144.88,3183.50
812,easy,12,12:32:56,13:24:29,13:30:01,COMPLETED,36908.0,5543.8,3093.56,3425.91
747,medium,13,12:37:21,13:29:42,13:32:23,COMPLETED,31489.0,2681.1,3141.91,3302.21
472,hard,15,10:15:28,10:15:33,13:34:07,COMPLETED,31604.0,198560.2,5.49,11919.06
674,hard,15,11:58:06,12:33:52,13:36:38,COMPLETED,28308.0,62778.6,2146.28,5912.84
716,medium,14,12:18:02,13:01:54,13:36:51,COMPLETED,41117.0,34957.5,2632.28,4729.52
681,medium,14,12:32:19,13:24:10,13:36:57,COMPLETED,32855.0,12796.2,3111.39,3878.85
749,easy,11,12:39:28,13:37:04,13:37:16,COMPLETED,23919.0,216.1,3456.23,3468.89
684,easy,11,12:40:03,13:37:23,13:37:42,COMPLETED,29803.0,322.3,3440.22,3459.26
711,medium,14,12:32:45,13:24:10,13:38:07,COMPLETED,33275.0,13957.3,3085.39,3922.57
793,easy,11,12:41:08,13:38:13,13:38:45,COMPLETED,23841.0,532.7,3425.96,3457.62
706,hard,15,12:04:13,12:46:23,13:41:14,COMPLETED,34381.0,54843.9,2530.55,5821.02
838,medium,14,12:36:59,13:29:11,13:43:10,COMPLETED,35327.0,13998.1,3132.06,3971.51
727,medium,14,12:25:39,13:16:30,13:43:17,COMPLETED,30106.0,26782.2,3051.40,4658.06
816,medium,14,12:37:00,13:29:36,13:44:08,COMPLETED,29499.0,14544.9,3156.50,4028.93
719,medium,13,12:43:51,13:43:23,13:45:06,COMPLETED,33149.0,1728.5,3572.45,3675.86
821,easy,11,12:44:38,13:45:13,13:46:29,COMPLETED,35350.0,1270.7,3635.20,3711.13
682,medium,14,12:44:34,13:44:15,13:48:16,COMPLETED,26220.0,4030.1,3581.26,3822.72
775,hard,15,12:12:31,12:55:04,13:49:45,COMPLETED,34079.0,54679.2,2553.82,5834.38
804,medium,14,12:38:33,13:36:57,13:49:45,COMPLETED,33405.0,12797.3,3504.85,4272.38
758,medium,13,12:45:37,13:48:23,13:50:10,COMPLETED,28894.0,1805.9,3766.11,3873.97
764,medium,13,12:46:25,13:50:17,13:52:07,COMPLETED,35548.0,1846.2,3832.52,3942.73
701,easy,12,12:46:28,13:52:14,13:53:32,COMPLETED,28179.0,1308.6,3946.34,4024.35
685,easy,11,12:46:33,13:53:38,13:53:58,COMPLETED,28939.0,334.1,4025.90,4045.63
693,hard,15,12:38:13,13:32:29,13:54:24,COMPLETED,27691.0,21917.8,3256.82,4571.63
691,easy,11,12:46:46,13:54:04,13:55:29,COMPLETED,27609.0,1422.2,4038.97,4123.76
728,easy,11,12:47:32,13:55:36,13:55:42,COMPLETED,24250.0,112.2,4084.36,4090.78
356,hard,15,10:40:32,10:56:33,13:58:02,COMPLETED,34930.0,181487.6,961.57,11850.76
778,medium,13,12:47:58,13:55:49,14:00:02,COMPLETED,25375.0,4234.3,4071.11,4324.88
687,hard,15,12:22:48,13:12:36,14:00:21,COMPLETED,32913.0,47763.5,2988.36,5853.87
836,easy,12,12:48:43,13:58:09,14:01:57,COMPLETED,30552.0,3807.5,4166.09,4394.24
547,hard,15,11:13:33,11:39:18,14:02:16,COMPLETED,34671.0,142964.8,1545.57,10123.34
762,medium,14,12:18:46,13:04:19,14:05:13,COMPLETED,32185.0,60902.7,2733.62,6387.56
718,medium,14,12:45:42,13:49:51,14:07:14,COMPLETED,28995.0,17386.4,3849.74,4892.58
450,hard,15,10:52:39,11:13:11,14:12:01,COMPLETED,30644.0,178840.2,1232.56,11962.91
811,hard,15,12:17:15,12:58:48,14:12:14,COMPLETED,29983.0,73438.0,2493.48,6899.59
686,easy,11,12:51:54,14:12:08,14:12:20,COMPLETED,23517.0,217.2,4814.23,4826.92
830,medium,14,12:50:22,14:02:22,14:12:39,COMPLETED,32064.0,10292.0,4320.73,4937.97
517,hard,15,11:37:16,12:10:13,14:13:17,COMPLETED,37989.0,123068.0,1977.92,9361.99
802,easy,11,12:53:12,14:13:24,14:13:36,COMPLETED,19058.0,216.6,4812.31,4824.99
785,easy,11,12:53:24,14:13:43,14:14:02,COMPLETED,27970.0,321.5,4819.33,4838.31
820,easy,11,12:53:31,14:14:08,14:14:34,COMPLETED,36850.0,439.3,4837.65,4863.51
606,hard,15,11:16:50,11:42:29,14:16:05,COMPLETED,28946.0,153602.3,1539.12,10755.12
695,easy,12,12:52:12,14:12:20,14:16:11,COMPLETED,32742.0,3856.4,4808.92,5039.67
834,easy,11,12:54:03,14:16:11,14:16:57,COMPLETED,23416.0,765.5,4928.67,4974.09
788,easy,12,12:55:40,14:17:03,14:17:49,COMPLETED,35050.0,766.2,4883.66,4929.24
713,easy,11,12:56:07,14:17:55,14:18:28,COMPLETED,24666.0,549.9,4908.67,4941.16
717,medium,13,12:53:58,14:14:41,14:20:11,COMPLETED,30652.0,5522.0,4843.05,5173.85
725,easy,11,12:57:09,14:20:18,14:20:43,COMPLETED,28021.0,428.7,4989.43,5014.84
737,medium,13,12:57:09,14:20:50,14:21:15,COMPLETED,30429.0,426.6,5021.18,5046.47
738,easy,12,12:57:31,14:21:21,14:21:53,COMPLETED,23490.0,532.0,5030.80,5062.41
770,easy,11,12:57:39,14:21:59,14:22:06,COMPLETED,22557.0,111.2,5060.74,5067.11
559,hard,15,11:56:26,12:32:28,14:25:35,COMPLETED,37078.0,113121.2,2162.03,8949.09
826,hard,15,12:25:17,13:16:30,14:25:41,COMPLETED,27767.0,69194.0,3073.40,7224.63
723,easy,11,12:57:49,14:25:41,14:25:48,COMPLETED,31790.0,119.9,5272.63,5279.25
732,easy,11,12:58:50,14:25:48,14:25:54,COMPLETED,28404.0,116.1,5218.25,5224.88
894,easy,11,13:00:07,14:26:01,14:26:14,COMPLETED,32067.0,221.7,5154.25,5167.19
818,medium,13,12:59:38,14:25:54,14:26:53,COMPLETED,31850.0,981.1,5176.88,5235.25
759,medium,14,12:56:57,14:18:34,14:30:45,COMPLETED,27431.0,12189.5,4897.71,5628.71
195,hard,15,09:49:10,09:49:13,14:31:11,COMPLETED,33719.0,281962.2,3.41,16921.11
771,hard,15,12:38:12,13:30:08,14:31:23,COMPLETED,35456.0,61263.7,3116.24,6791.83
1018,easy,12,13:00:37,14:26:59,14:31:49,COMPLETED,35148.0,4831.7,5182.80,5472.33
871,easy,11,13:01:45,14:31:55,14:32:21,COMPLETED,33167.0,430.0,5410.74,5436.16
643,hard,15,11:52:20,12:28:03,14:33:11,COMPLETED,32388.0,125137.0,2143.84,9651.92
369,hard,15,10:08:27,10:08:30,14:35:56,COMPLETED,37906.0,267437.5,3.56,16049.75
849,hard,15,12:38:15,13:34:13,14:36:28,COMPLETED,28308.0,62258.7,3358.38,7093.59
795,hard,15,12:40:33,13:37:48,14:37:01,COMPLETED,30578.0,59214.8,3435.58,6988.27
552,hard,15,11:56:27,12:32:34,14:37:33,COMPLETED,29091.0,124983.9,2167.39,9666.32
1013,medium,14,13:02:14,14:32:27,14:37:59,COMPLETED,28918.0,5537.3,5413.57,5745.34
781,hard,15,12:52:35,14:12:27,14:38:12,COMPLETED,26110.0,25760.2,4792.30,6337.50
966,medium,13,13:03:24,14:36:03,14:38:12,COMPLETED,31685.0,2164.4,5559.15,5688.50
939,easy,12,13:05:33,14:37:07,14:38:12,COMPLETED,23648.0,1090.8,5494.61,5559.50
869,medium,13,13:07:43,14:38:19,14:39:50,COMPLETED,27734.0,1524.1,5436.10,5527.15
877,easy,11,13:08:20,14:39:56,14:40:35,COMPLETED,22948.867947113005,653.9,5496.74,5535.49
786,medium,14,12:46:57,13:54:30,14:40:55,COMPLETED,34919.0,46407.9,4053.97,6838.09
1003,easy,12,13:09:06,14:40:42,14:41:08,COMPLETED,29570.0,445.4,5496.03,5522.26
696,hard,15,12:45:30,13:46:35,14:42:06,COMPLETED,30256.0,55525.9,3665.47,6996.69
1019,easy,11,13:09:55,14:42:13,14:42:19,COMPLETED,20520.0,114.9,5538.23,5544.83
872,medium,13,13:00:22,14:26:20,14:46:01,COMPLETED,28559.0,19682.8,5158.58,6339.30
1000,medium,13,13:10:10,14:42:26,14:46:58,COMPLETED,31393.0,4542.0,5536.15,5808.34
782,hard,15,12:38:30,13:36:45,14:47:04,COMPLETED,32428.0,70329.5,3495.17,7714.71
934,medium,13,13:09:34,14:41:14,14:47:43,COMPLETED,25661.0,6480.5,5500.80,5889.15
944,easy,12,13:10:32,14:47:11,14:47:43,COMPLETED,28877.0,543.2,5799.10,5831.15
947,easy,12,13:11:45,14:47:49,14:48:28,COMPLETED,32878.0,651.2,5764.73,5803.39
888,medium,13,13:08:01,14:38:19,14:48:34,COMPLETED,35790.0,10263.2,5418.10,6033.83
957,easy,12,13:12:05,14:48:34,14:48:54,COMPLETED,25918.0,333.9,5789.83,5809.36
983,easy,12,13:11:51,14:47:49,14:49:07,COMPLETED,24649.0,1304.4,5758.73,5836.53
977,easy,11,13:13:07,14:49:00,14:49:20,COMPLETED,21966.0,338.9,5753.91,5773.76
819,hard,15,12:20:24,13:07:39,14:49:27,COMPLETED,27534.0,101806.4,2835.32,8943.31
746,hard,15,12:19:17,13:04:45,14:49:47,COMPLETED,35662.0,105037.3,2728.04,9030.04
931,easy,12,13:12:29,14:48:41,14:49:47,COMPLETED,29348.0,1105.8,5772.20,5838.04
980,easy,12,13:13:54,14:49:53,14:50:31,COMPLETED,27204.0,647.8,5759.61,5797.96
910,easy,12,13:15:16,14:50:38,14:51:17,COMPLETED,28794.0,664.1,5722.53,5761.87
698,hard,15,12:24:34,13:14:42,14:51:37,COMPLETED,32398.0,96911.6,3008.87,8823.35
968,medium,13,13:10:21,14:47:04,14:52:09,COMPLETED,27165.0,5090.7,5803.71,6108.62
978,easy,12,13:15:54,14:51:24,14:52:16,COMPLETED,21476.0,870.6,5730.43,5782.25
1007,medium,14,13:14:14,14:49:53,14:52:48,COMPLETED,31115.0,2927.8,5739.61,5914.83
905,easy,11,13:17:22,14:52:22,14:52:48,COMPLETED,27231.0,444.4,5700.71,5726.83
921,easy,12,13:15:57,14:51:43,14:52:55,COMPLETED,35550.0,1202.5,5746.89,5818.41
864,easy,11,13:17:53,14:53:02,14:53:15,COMPLETED,28907.0,223.7,5709.11,5722.01
595,hard,15,11:11:07,11:33:10,14:53:28,COMPLETED,27233.0,200294.3,1323.66,13341.24
1002,easy,11,13:17:55,14:53:21,14:53:59,COMPLETED,27463.0,642.9,5726.58,5764.85
911,easy,12,13:13:33,14:49:34,14:55:09,COMPLETED,38736.0,5594.1,5761.04,6096.41
979,easy,11,13:19:01,14:55:15,14:55:22,COMPLETED,23721.0,112.7,5774.74,5781.15
986,medium,13,13:10:13,14:46:07,14:55:34,COMPLETED,28289.0,9460.4,5754.64,6321.96
945,medium,14,13:13:17,14:49:14,14:56:06,COMPLETED,29165.0,6879.2,5757.15,6169.63
862,easy,11,13:19:07,14:55:28,14:56:19,COMPLETED,28588.0,852.3,5781.53,5832.32
748,medium,14,12:50:11,14:02:03,14:56:25,COMPLETED,36467.0,54373.3,4312.58,7574.71
974,easy,11,13:20:22,14:56:25,14:56:57,COMPLETED,26688.0,533.9,5763.71,5795.45
904,medium,13,13:19:49,14:55:41,14:57:29,COMPLETED,26285.0,1800.8,5752.32,5860.08
915,easy,12,13:21:10,14:57:03,14:57:48,COMPLETED,29969.0,743.6,5753.78,5798.09
932,medium,14,13:07:08,14:37:39,14:58:00,COMPLETED,31811.0,20357.3,5431.64,6652.84
854,medium,13,13:20:58,14:56:32,14:59:17,COMPLETED,32747.0,2771.2,5734.10,5899.90
1012,easy,12,13:21:32,14:58:07,14:59:37,COMPLETED,25874.0,1514.9,5795.17,5885.60
948,medium,13,13:21:47,14:59:24,14:59:44,COMPLETED,29801.0,337.1,5857.45,5877.10
870,medium,13,13:19:49,14:56:12,14:59:57,COMPLETED,29152.0,3745.7,5783.97,6008.40
1001,easy,11,13:22:05,14:59:50,14:59:57,COMPLETED,23346.0,116.7,5865.73,5872.40
992,medium,13,13:23:03,15:00:03,15:00:55,COMPLETED,26172.0,873.5,5820.76,5872.78
994,easy,11,13:23:12,15:01:02,15:01:08,COMPLETED,25568.0,114.8,5870.30,5876.88
913,easy,11,13:23:17,15:01:15,15:01:28,COMPLETED,30291.0,228.1,5878.23,5891.38
858,medium,13,13:16:22,14:52:16,15:09:39,COMPLETED,25552.0,17399.4,5754.25,6797.94
970,easy,12,13:23:37,15:09:46,15:10:55,COMPLETED,30359.0,1164.5,6369.28,6438.84
895,hard,15,13:01:30,14:31:17,15:12:05,COMPLETED,33065.0,40802.3,5387.44,7835.35
800,hard,15,12:29:34,13:19:58,15:13:08,COMPLETED,36693.0,113171.5,3024.47,9814.60
937,medium,14,13:21:19,14:57:54,15:13:21,COMPLETED,35366.0,15452.6,5795.43,6722.29
860,medium,13,13:23:42,15:11:02,15:14:24,COMPLETED,28569.0,3379.1,6440.17,6642.55
1011,easy,12,13:24:45,15:13:27,15:14:30,COMPLETED,31660.0,1061.0,6522.65,6585.96
866,easy,12,13:25:25,15:14:37,15:15:15,COMPLETED,28978.0,642.3,6552.34,6590.37
933,medium,13,13:25:56,15:15:21,15:16:00,COMPLETED,25259.0,651.1,6565.92,6604.68
837,medium,14,12:51:00,14:07:20,15:16:07,COMPLETED,27328.0,68775.1,4580.99,8707.01
900,medium,13,13:21:57,14:59:44,15:16:13,COMPLETED,37152.0,16502.7,5867.10,6856.71
882,easy,11,13:26:11,15:16:07,15:16:13,COMPLETED,29201.0,122.0,6596.01,6602.71
896,medium,14,13:24:34,15:13:14,15:16:33,COMPLETED,31495.0,3319.8,6520.93,6719.64
987,easy,11,13:26:57,15:16:20,15:16:33,COMPLETED,25393.0,228.5,6563.39,6576.64
893,easy,12,13:26:36,15:16:20,15:17:37,COMPLETED,28420.0,1292.1,6584.39,6661.62
1016,easy,12,13:27:18,15:17:43,15:17:56,COMPLETED,31441.0,216.0,6625.96,6638.61
13,hard,15,08:18:20,08:18:22,15:18:09,COMPLETED,39913.0,419776.7,2.72,25189.31
1006,medium,13,13:24:58,15:14:30,15:18:28,COMPLETED,29730.0,3960.9,6572.96,6810.32
991,medium,14,13:24:24,15:12:11,15:18:41,COMPLETED,33525.0,6494.8,6467.68,6857.02
867,easy,12,13:27:42,15:18:34,15:19:19,COMPLETED,25199.0,744.6,6652.67,6697.04
735,medium,14,12:46:14,13:49:51,15:19:25,COMPLETED,31660.0,89563.8,3817.74,9191.37
962,medium,13,13:29:00,15:18:47,15:20:03,COMPLETED,26158.0,1270.7,6587.43,6663.37
995,easy,12,13:30:44,15:19:31,15:20:03,COMPLETED,27767.0,532.2,6527.76,6559.37
859,easy,12,13:30:36,15:19:25,15:20:22,COMPLETED,29353.0,956.6,6529.37,6586.42
988,easy,11,13:31:19,15:20:09,15:20:22,COMPLETED,26178.0,217.2,6530.72,6543.42
993,medium,13,13:27:09,15:16:40,15:20:35,COMPLETED,32221.0,3921.7,6571.23,6806.24
954,easy,11,13:31:29,15:20:28,15:20:41,COMPLETED,29891.0,220.5,6539.81,6552.63
851,medium,14,13:31:44,15:20:28,15:21:19,COMPLETED,28934.0,854.2,6524.81,6575.81
856,easy,11,13:33:17,15:21:26,15:21:38,COMPLETED,23055.0,216.2,6489.14,6501.81
961,easy,11,13:33:25,15:21:45,15:21:57,COMPLETED,29646.0,216.4,6500.14,6512.81
917,medium,14,13:27:00,15:16:40,15:22:55,COMPLETED,29658.0,6261.4,6580.23,6955.59
925,hard,15,13:17:31,14:52:55,15:24:06,COMPLETED,31257.0,31192.3,5724.41,7595.64
929,easy,12,13:34:03,15:23:01,15:25:04,COMPLETED,39486.0,2055.0,6538.98,6661.98
909,medium,13,13:33:51,15:22:04,15:25:11,COMPLETED,30390.0,3129.0,6493.15,6680.32
955,easy,12,13:34:11,15:24:13,15:25:11,COMPLETED,32752.0,978.9,6602.20,6660.32
899,hard,15,13:21:12,14:57:35,15:25:44,COMPLETED,28531.0,28150.5,5783.41,7472.03
865,easy,12,13:34:19,15:25:11,15:25:44,COMPLETED,28101.0,553.6,6652.32,6685.03
1010,easy,11,13:37:27,15:25:50,15:25:57,COMPLETED,23214.0,118.5,6503.59,6510.31
916,easy,12,13:38:27,15:26:03,15:26:29,COMPLETED,24499.0,441.4,6456.81,6482.94
967,easy,12,13:38:34,15:26:36,15:27:01,COMPLETED,33345.0,436.3,6482.32,6507.98
985,medium,14,13:03:05,14:33:18,15:28:32,COMPLETED,30102.0,55243.6,5413.31,8727.58
850,easy,11,13:38:54,15:28:39,15:29:04,COMPLETED,33051.0,427.8,6585.14,6610.49
926,medium,14,13:32:05,15:20:41,15:30:45,COMPLETED,35513.0,10074.5,6516.63,7120.83
861,medium,13,13:38:45,15:27:08,15:30:52,COMPLETED,23575.0,3733.0,6503.54,6727.16
953,medium,13,13:34:52,15:25:17,15:31:17,COMPLETED,31346.0,5996.9,6625.99,6985.60
873,medium,13,13:39:19,15:30:52,15:31:23,COMPLETED,30799.0,535.3,6693.16,6724.93
964,easy,12,13:40:06,15:31:23,15:31:36,COMPLETED,29416.0,218.9,6677.93,6690.77
999,easy,11,13:40:31,15:31:43,15:32:08,COMPLETED,33561.0,427.7,6672.10,6697.46
878,medium,13,13:27:27,15:18:02,15:32:14,COMPLETED,27682.0,14202.6,6635.94,7487.78
886,easy,11,13:40:37,15:32:21,15:32:27,COMPLETED,24167.0,111.2,6704.17,6710.53
857,easy,12,13:40:35,15:32:14,15:33:11,COMPLETED,25577.0,956.8,6699.78,6756.85
827,hard,15,12:43:47,13:43:17,15:33:37,COMPLETED,32190.0,110341.9,3570.06,10190.28
949,medium,14,13:01:09,14:30:52,15:34:48,COMPLETED,38302.0,63946.3,5383.13,9219.72
973,medium,14,13:26:21,15:16:13,15:34:55,COMPLETED,28595.0,18694.7,6592.71,7714.05
941,easy,11,13:43:50,15:34:55,15:35:07,COMPLETED,18982.0,218.9,6665.05,6677.88
1017,medium,14,13:30:46,15:20:09,15:35:33,COMPLETED,33666.0,15396.1,6563.72,7487.22
918,easy,12,13:44:36,15:35:14,15:35:39,COMPLETED,32742.0,428.4,6638.21,6663.56
889,easy,12,13:41:49,15:33:43,15:35:52,COMPLETED,28288.0,2146.1,6714.84,6843.31
891,easy,11,13:45:16,15:35:39,15:35:52,COMPLETED,25536.0,217.8,6623.56,6636.31
960,easy,12,13:45:45,15:35:45,15:36:11,COMPLETED,35149.0,428.6,6600.94,6626.37
799,hard,15,12:05:52,12:47:41,15:37:15,COMPLETED,22423.0,169574.4,2509.14,12683.39
875,easy,12,13:46:18,15:35:58,15:37:21,COMPLETED,28686.0,1397.2,6580.66,6663.94
907,medium,14,13:40:38,15:32:33,15:40:08,COMPLETED,27810.0,7583.9,6715.86,7170.59
914,medium,14,13:46:53,15:37:28,15:40:27,COMPLETED,33145.0,2990.9,6635.58,6814.68
942,easy,11,13:48:12,15:40:34,15:40:59,COMPLETED,30643.0,429.3,6742.07,6767.47
761,hard,15,12:49:42,14:00:28,15:41:24,COMPLETED,29463.0,100945.4,4246.30,10302.86
936,hard,15,13:05:10,14:36:35,15:41:31,COMPLETED,35340.0,64939.1,5485.13,9381.19
976,medium,13,13:46:24,15:36:17,15:41:31,COMPLETED,32261.0,5231.6,6593.69,6907.19
884,easy,12,13:48:35,15:41:05,15:41:50,COMPLETED,28786.0,746.4,6750.85,6795.35
981,medium,13,13:48:00,15:40:14,15:43:12,COMPLETED,31627.0,2963.7,6734.95,6912.49
924,easy,11,13:50:08,15:43:18,15:43:25,COMPLETED,31485.0,111.9,6790.82,6797.22
902,easy,11,13:50:24,15:43:31,15:43:50,COMPLETED,22654.0,321.7,6787.56,6806.54
956,hard,15,13:40:12,15:31:30,15:44:15,COMPLETED,31329.0,12764.7,6678.31,7443.92
928,easy,11,13:51:06,15:43:56,15:44:28,COMPLETED,31040.0,534.0,6770.88,6802.62
897,easy,11,13:51:38,15:44:22,15:44:28,COMPLETED,27969.0,111.4,6764.26,6770.62
998,medium,14,13:45:48,15:35:58,15:47:41,COMPLETED,28576.0,11723.4,6610.66,7313.59
972,medium,14,13:07:36,14:38:19,15:48:01,COMPLETED,33884.0,69705.1,5443.10,9625.08
863,hard,15,13:22:18,15:00:03,15:48:01,COMPLETED,37097.0,47962.1,5865.76,8743.08
982,easy,12,13:51:52,15:47:48,15:48:20,COMPLETED,28590.0,547.8,6956.16,6988.56
659,hard,15,11:17:38,11:45:07,15:48:33,COMPLETED,41002.0,243434.3,1649.80,16255.72
997,easy,11,13:52:31,15:48:27,15:48:33,COMPLETED,29015.0,119.8,6956.10,6962.72
912,easy,11,13:52:34,15:48:41,15:48:54,COMPLETED,28518.0,228.7,6967.51,6980.81
901,easy,12,13:52:26,15:48:07,15:49:07,COMPLETED,33812.0,1005.7,6941.66,7001.74
898,easy,12,13:51:58,15:48:07,15:49:27,COMPLETED,24311.0,1328.7,6969.66,7049.04
881,easy,12,13:53:03,15:49:14,15:49:33,COMPLETED,24806.0,328.4,6971.07,6990.43
876,easy,11,13:54:04,15:49:39,15:49:46,COMPLETED,23997.0,115.4,6935.81,6942.42
940,easy,12,13:52:32,15:48:41,15:50:05,COMPLETED,32863.0,1417.3,6969.51,7053.91
951,easy,11,13:54:12,15:50:12,15:51:03,COMPLETED,33101.0,861.1,6960.62,7011.99
721,hard,15,12:05:19,12:47:34,15:51:54,COMPLETED,31642.0,184335.6,2535.69,13595.72
952,easy,11,13:54:19,15:52:01,15:52:13,COMPLETED,26108.0,219.0,7062.05,7074.82
950,medium,13,13:51:44,15:44:34,15:52:20,COMPLETED,30260.0,7760.7,6770.97,7236.22
996,easy,11,13:54:35,15:52:20,15:52:45,COMPLETED,29435.0,430.8,7065.22,7090.70
829,medium,14,12:34:37,13:24:55,15:52:52,COMPLETED,23959.0,147954.6,3018.02,11895.11
920,medium,14,13:44:07,15:35:01,15:53:04,COMPLETED,35940.0,18060.1,6654.50,7737.87
794,medium,14,12:22:33,13:10:15,15:54:52,COMPLETED,39767.0,164619.6,2862.34,12739.40
938,medium,14,13:51:49,15:44:34,15:54:52,COMPLETED,28529.0,10293.6,6765.97,7383.40
848,hard,15,12:43:09,13:38:51,15:55:43,COMPLETED,33475.0,136858.8,3342.95,11554.24
853,easy,12,13:56:38,15:54:58,15:55:43,COMPLETED,29773.0,750.3,7100.74,7145.24
984,medium,13,13:57:49,15:55:49,15:56:54,COMPLETED,34144.0,1084.8,7080.83,7145.48
880,easy,12,13:57:44,15:55:49,15:57:13,COMPLETED,34922.0,1406.2,7085.83,7169.72
908,easy,11,13:58:39,15:57:01,15:57:20,COMPLETED,23975.0,330.2,7102.05,7121.25
883,easy,12,13:58:40,15:57:20,15:57:46,COMPLETED,31276.0,442.8,7120.25,7146.32
1009,medium,14,13:49:03,15:41:37,15:57:59,COMPLETED,31873.0,16370.7,6754.63,7736.50
1015,medium,14,13:55:45,15:52:52,15:59:10,COMPLETED,31506.0,6315.2,7027.11,7405.75
887,medium,13,13:54:09,15:49:52,16:00:22,COMPLETED,30409.0,10494.9,6943.75,7573.19
334,hard,15,09:20:42,09:20:44,16:01:26,COMPLETED,34579.0,400707.9,2.31,24044.81
919,medium,14,13:55:57,15:52:58,16:01:39,COMPLETED,31349.0,8695.8,7021.49,7542.79
963,medium,14,13:56:21,15:53:11,16:02:43,COMPLETED,24491.0,9538.3,7010.20,7582.23
712,medium,14,12:01:59,12:42:51,16:03:08,COMPLETED,33784.0,200294.7,2452.05,14469.63
1122,easy,11,14:00:19,16:02:49,16:03:08,COMPLETED,27705.0,323.1,7350.56,7369.63
946,medium,13,13:59:00,15:58:06,16:03:14,COMPLETED,29976.0,5154.1,7146.07,7454.97
1077,easy,11,14:00:36,16:03:14,16:03:21,COMPLETED,17573.0,113.3,7358.97,7365.37
807,medium,14,12:52:37,14:12:46,16:04:50,COMPLETED,33040.0,112064.8,4809.30,11533.05
791,hard,15,12:43:30,13:41:20,16:06:18,COMPLETED,31547.0,144971.2,3470.35,12168.50
808,hard,15,12:29:44,13:20:05,16:07:22,COMPLETED,25286.0,167297.1,3021.16,13058.79
1124,easy,12,14:01:32,16:07:29,16:08:01,COMPLETED,22178.0,546.8,7557.33,7589.84
1046,easy,11,14:02:27,16:08:08,16:08:21,COMPLETED,29891.0,219.8,7541.17,7554.03
238,hard,15,09:03:54,09:03:57,16:08:40,COMPLETED,43114.0,424718.4,3.47,25486.56
546,hard,15,11:40:20,12:11:25,16:08:40,COMPLETED,35702.0,237245.7,1865.93,16100.56
1078,easy,12,14:03:13,16:08:27,16:08:53,COMPLETED,26399.0,446.5,7514.38,7540.66
1121,easy,11,14:03:43,16:08:46,16:08:53,COMPLETED,30254.0,120.6,7503.99,7510.66
943,hard,15,13:56:24,15:54:58,16:09:06,COMPLETED,35330.0,14143.5,7114.74,7962.96
1096,medium,14,14:01:15,16:06:24,16:09:20,COMPLETED,30307.0,2929.8,7509.83,7685.13
1037,easy,12,14:05:25,16:09:13,16:09:26,COMPLETED,25756.0,230.0,7428.49,7441.69
959,medium,13,13:54:45,15:52:26,16:09:39,COMPLETED,32576.0,17225.0,7061.68,8094.95
1169,easy,12,14:04:09,16:09:00,16:09:46,COMPLETED,31139.0,771.9,7491.28,7537.27
989,medium,14,13:18:05,14:53:34,16:09:52,COMPLETED,28068.0,76306.3,5729.57,10307.73
1158,easy,11,14:06:19,16:09:46,16:10:05,COMPLETED,27437.0,334.0,7407.27,7426.79
852,medium,14,13:59:02,15:59:17,16:10:12,COMPLETED,27874.0,10929.2,7215.10,7870.38
1080,easy,12,14:05:38,16:09:26,16:10:12,COMPLETED,26504.0,771.0,7428.69,7474.38
1188,easy,12,14:05:45,16:09:33,16:10:12,COMPLETED,28133.0,660.5,7428.35,7467.38
1156,easy,11,14:08:12,16:10:19,16:10:25,COMPLETED,23917.0,115.3,7327.05,7333.45
1093,easy,11,14:09:21,16:10:19,16:10:25,COMPLETED,22716.0,115.0,7258.05,7264.45
1112,easy,12,14:06:25,16:09:52,16:10:45,COMPLETED,32434.0,883.9,7407.73,7460.28
1020,easy,11,14:09:38,16:10:32,16:11:18,COMPLETED,33992.0,771.3,7254.04,7300.03
1157,medium,13,14:08:01,16:10:12,16:12:48,COMPLETED,27602.0,2606.3,7331.38,7487.41
1069,medium,13,14:00:10,16:01:46,16:13:07,COMPLETED,33076.0,11357.3,7296.35,7977.49
1164,easy,11,14:10:41,16:12:54,16:13:07,COMPLETED,26660.0,217.6,7333.82,7346.49
927,medium,14,13:46:36,15:37:21,16:13:20,COMPLETED,30702.0,35976.8,6645.94,8804.32
1095,easy,12,14:11:13,16:13:13,16:13:39,COMPLETED,32188.0,430.0,7320.90,7346.45
1014,hard,15,13:07:34,14:38:05,16:14:04,COMPLETED,36157.0,95983.6,5431.89,11190.78
1109,easy,11,14:13:06,16:14:11,16:14:17,COMPLETED,26970.0,112.1,7265.12,7271.54
935,medium,13,13:59:04,16:00:28,16:14:30,COMPLETED,29134.0,14032.6,7284.54,8126.26
1061,easy,12,14:11:07,16:13:13,16:14:43,COMPLETED,33592.0,1491.2,7326.90,7416.00
1183,easy,12,14:13:35,16:14:23,16:14:43,COMPLETED,28044.0,325.7,7248.87,7268.00
1052,easy,12,14:11:15,16:13:26,16:14:55,COMPLETED,22087.0,1490.2,7331.71,7420.82
1136,easy,11,14:14:43,16:15:02,16:15:14,COMPLETED,25671.0,217.5,7219.17,7231.86
930,hard,15,13:01:35,14:31:30,16:17:08,COMPLETED,30022.0,105647.1,5395.22,11733.92
1035,medium,13,14:14:34,16:14:49,16:17:34,COMPLETED,31008.0,2750.9,7215.44,7380.23
1090,medium,13,14:14:54,16:15:21,16:17:34,COMPLETED,20874.0,2221.6,7227.25,7360.23
1151,easy,11,14:15:18,16:17:15,16:17:53,COMPLETED,35253.0,640.0,7317.25,7355.27
1150,easy,11,14:15:39,16:17:40,16:17:53,COMPLETED,25359.0,217.8,7321.58,7334.27
1026,easy,11,14:16:20,16:17:59,16:18:25,COMPLETED,27085.0,427.6,7299.70,7325.09
1181,easy,12,14:15:25,16:17:40,16:18:31,COMPLETED,28130.0,853.0,7335.58,7386.42
814,hard,15,12:11:50,12:53:55,16:18:44,COMPLETED,30464.0,204820.0,2525.06,14814.16
1107,easy,12,14:16:55,16:18:37,16:19:09,COMPLETED,21198.0,533.0,7302.79,7334.47
1053,easy,12,14:16:20,16:17:59,16:20:06,COMPLETED,39815.0,2119.8,7299.70,7426.59
965,medium,14,13:49:53,15:41:56,16:20:12,COMPLETED,34643.0,38275.2,6723.67,9019.93
1148,easy,11,14:17:48,16:20:12,16:20:31,COMPLETED,34207.0,322.7,7344.93,7364.00
1073,medium,14,14:10:02,16:10:51,16:20:38,COMPLETED,33739.0,9779.5,7249.85,7836.33
1154,easy,11,14:17:56,16:20:19,16:21:10,COMPLETED,33602.0,851.7,7343.32,7394.13
906,hard,15,13:09:14,14:41:01,16:21:41,COMPLETED,35085.0,100671.3,5507.63,11547.78
1153,easy,11,14:18:58,16:21:48,16:22:00,COMPLETED,23296.0,217.0,7370.11,7382.82
1178,medium,13,14:18:28,16:20:44,16:22:32,COMPLETED,32785.0,1800.9,7336.70,7444.45
1174,easy,12,14:20:25,16:22:38,16:22:51,COMPLETED,24230.0,217.0,7333.79,7346.46
1152,easy,12,14:20:26,16:22:57,16:23:16,COMPLETED,25576.0,322.7,7351.83,7370.89
1032,easy,12,14:19:17,16:22:07,16:23:36,COMPLETED,28450.0,1490.9,7370.15,7459.09
1180,medium,13,14:16:52,16:18:31,16:24:40,COMPLETED,28827.0,6162.4,7299.42,7668.88
1128,easy,11,14:20:47,16:24:47,16:25:00,COMPLETED,21227.0,227.7,7440.21,7453.39
990,medium,14,13:58:47,15:57:26,16:25:06,COMPLETED,36250.0,27674.1,7119.92,8779.92
1114,easy,11,14:21:24,16:25:06,16:25:33,COMPLETED,26248.0,448.4,7422.92,7449.45
1115,hard,15,14:00:59,16:03:27,16:25:46,COMPLETED,33825.0,22312.7,7348.81,8687.31
646,hard,15,11:21:58,11:48:24,16:26:43,COMPLETED,43750.0,278318.1,1586.48,18285.53
1149,easy,12,14:22:10,16:25:39,16:27:27,COMPLETED,22362.0,1804.6,7409.88,7517.86
1116,medium,13,14:20:39,16:23:23,16:27:53,COMPLETED,34535.0,4505.4,7364.22,7634.20
475,hard,15,10:06:54,10:06:56,16:28:06,COMPLETED,31436.0,381161.6,2.33,22872.00
1042,easy,11,14:25:05,16:27:59,16:28:12,COMPLETED,23374.0,219.1,7374.60,7387.36
1108,medium,13,14:21:39,16:25:13,16:30:57,COMPLETED,31287.0,5732.2,7414.58,7758.05
620,hard,15,11:24:52,11:49:23,16:34:10,COMPLETED,38726.0,284776.8,1471.91,18558.52
1033,medium,13,14:23:08,16:26:49,16:34:29,COMPLETED,39392.0,7672.7,7421.91,7881.99
1119,medium,13,14:20:46,16:23:42,16:34:36,COMPLETED,31300.0,10903.5,7376.66,8030.32
638,hard,15,11:58:52,12:38:28,16:35:02,COMPLETED,29125.0,236576.5,2376.17,16570.63
1008,hard,15,13:58:57,15:57:52,16:35:22,COMPLETED,31875.0,37493.5,7135.87,9385.31
1057,easy,11,14:26:36,16:35:09,16:35:35,COMPLETED,31721.0,439.0,7713.20,7739.03
1071,easy,12,14:26:52,16:35:28,16:36:33,COMPLETED,29888.0,1083.0,7716.64,7781.09
1030,easy,12,14:27:15,16:35:41,16:36:39,COMPLETED,36114.0,978.1,7706.60,7764.67
1005,medium,14,13:53:38,15:49:33,16:36:52,COMPLETED,30258.0,47330.3,6955.43,9794.95
1184,easy,11,14:27:23,16:36:46,16:36:59,COMPLETED,25828.0,227.7,7763.34,7776.49
1145,easy,12,14:27:35,16:36:59,16:37:25,COMPLETED,31523.0,431.4,7764.49,7790.08
1125,easy,12,14:27:44,16:37:06,16:37:31,COMPLETED,23801.0,429.0,7762.05,7787.41
1168,medium,14,14:04:01,16:09:00,16:37:56,COMPLETED,29848.0,28947.8,7499.28,9235.94
1138,medium,13,14:27:21,16:36:39,16:37:56,COMPLETED,29292.0,1292.9,7758.67,7835.94
1166,easy,12,14:28:58,16:38:03,16:39:57,COMPLETED,27376.0,1904.3,7745.29,7859.23
1175,medium,13,14:25:09,16:28:18,16:40:22,COMPLETED,36043.0,12070.7,7389.78,8113.74
1147,easy,11,14:29:38,16:40:29,16:40:35,COMPLETED,21157.0,111.8,7851.09,7857.44
707,medium,14,12:20:23,13:06:53,16:40:54,COMPLETED,28940.0,214015.3,2790.69,15631.53
1162,medium,14,14:00:41,16:03:14,16:41:07,COMPLETED,37743.0,37873.9,7353.97,9626.23
1103,easy,11,14:31:13,16:41:00,16:41:19,COMPLETED,23570.0,323.8,7787.87,7806.94
1118,easy,12,14:31:13,16:41:26,16:41:51,COMPLETED,29515.0,426.8,7813.33,7838.64
1082,easy,11,14:31:34,16:41:57,16:42:10,COMPLETED,25949.0,220.1,7823.96,7836.67
1039,easy,11,14:31:35,16:42:17,16:42:49,COMPLETED,28998.0,541.6,7842.21,7874.41
1022,medium,14,14:26:28,16:34:42,16:42:55,COMPLETED,39654.0,8222.1,7694.98,8187.73
765,hard,15,12:22:38,13:11:58,16:44:12,COMPLETED,37879.0,212242.3,2960.33,15694.79
1062,medium,13,14:29:04,16:40:03,16:44:57,COMPLETED,29061.0,4896.0,7859.62,8153.04
1141,easy,11,14:32:15,16:45:03,16:45:48,COMPLETED,38313.0,753.1,7968.43,8013.10
1102,easy,12,14:32:05,16:44:19,16:47:43,COMPLETED,26748.0,3417.1,7934.12,8138.85
1105,easy,11,14:32:51,16:47:50,16:48:03,COMPLETED,25574.0,226.3,8099.18,8112.25
1177,medium,13,14:28:21,16:37:31,16:48:22,COMPLETED,26754.0,10855.5,7750.41,8401.47
874,medium,14,13:48:54,15:41:31,16:49:00,COMPLETED,36836.0,67492.1,6757.19,10806.53
1023,easy,12,14:32:49,16:45:54,16:49:32,COMPLETED,35507.0,3635.3,7985.65,8203.43
1098,easy,11,14:34:21,16:49:38,16:50:04,COMPLETED,33134.0,428.5,8117.82,8143.23
1049,easy,11,14:33:44,16:49:06,16:50:29,COMPLETED,33722.0,1381.8,8122.93,8205.54
969,hard,15,13:48:56,15:41:37,16:50:48,COMPLETED,32870.0,69184.7,6761.63,10912.56
1027,easy,11,14:35:12,16:50:35,16:50:54,COMPLETED,31723.0,322.9,8123.87,8142.89
1094,easy,11,14:35:27,16:50:54,16:51:01,COMPLETED,27465.0,112.7,8127.89,8134.27
1142,medium,14,14:35:43,16:51:01,16:52:17,COMPLETED,23652.0,1274.6,8118.27,8194.39
1091,easy,12,14:36:12,16:52:23,16:53:14,COMPLETED,29908.0,859.3,8171.78,8222.83
1025,easy,11,14:36:26,16:53:21,16:53:28,COMPLETED,21220.0,115.9,8215.38,8222.03
1146,medium,14,14:25:28,16:34:17,16:56:28,COMPLETED,27056.0,22204.5,7729.07,9060.93
892,medium,14,13:54:13,15:51:10,16:56:42,COMPLETED,42757.0,65532.4,7017.31,10949.08
1076,easy,11,14:37:47,16:56:35,16:57:01,COMPLETED,31229.0,442.3,8328.48,8354.51
1167,easy,12,14:39:08,16:57:08,16:57:21,COMPLETED,20406.0,228.1,8280.07,8293.25
1087,medium,13,14:31:13,16:41:13,16:59:17,COMPLETED,37818.0,18075.2,7800.59,8884.83
1067,hard,15,14:17:42,16:19:15,16:59:36,COMPLETED,34028.0,40354.4,7293.80,9714.85
868,medium,14,13:41:41,15:33:18,17:00:27,COMPLETED,33382.0,87158.9,6697.23,11926.61
1163,easy,11,14:40:10,17:00:33,17:00:46,COMPLETED,25170.0,216.5,8423.95,8436.64
742,hard,15,12:48:53,14:00:09,17:01:31,COMPLETED,28966.0,181364.8,4276.21,15158.01
1063,medium,14,14:10:13,16:11:24,17:01:37,COMPLETED,30113.0,50220.2,7271.36,10284.34
1155,medium,13,14:40:46,17:00:52,17:01:50,COMPLETED,32004.0,957.2,8406.97,8464.10
1172,easy,12,14:41:34,17:01:37,17:01:50,COMPLETED,29046.0,217.9,8403.34,8416.10
1186,easy,12,14:42:58,17:01:56,17:02:47,COMPLETED,27719.0,849.3,8338.44,8389.13
1054,medium,14,14:37:11,16:53:34,17:03:12,COMPLETED,28809.0,9640.1,8183.36,8761.49
1132,easy,11,14:43:37,17:03:18,17:03:31,COMPLETED,24328.0,216.5,8381.82,8394.50
228,hard,15,09:21:50,09:21:52,17:04:03,COMPLETED,30785.0,462175.5,2.64,27733.15
1130,easy,12,14:43:29,17:02:53,17:04:09,COMPLETED,28356.0,1272.8,8364.47,8440.50
1079,easy,11,14:45:04,17:04:15,17:04:28,COMPLETED,28650.0,220.3,8351.87,8364.58
903,hard,15,13:23:21,15:01:34,17:04:48,COMPLETED,30526.0,123226.2,5893.96,13287.36
1034,medium,13,14:46:30,17:04:54,17:05:14,COMPLETED,21510.0,333.3,8304.90,8324.53
1089,medium,13,14:36:08,16:51:07,17:05:20,COMPLETED,29850.0,14230.0,8099.69,8952.93
1159,easy,11,14:47:04,17:05:20,17:05:27,COMPLETED,22759.0,122.6,8296.93,8303.61
1129,hard,15,14:18:11,16:20:38,17:06:51,COMPLETED,36464.0,46232.1,7347.33,10120.93
1110,easy,12,14:42:51,17:01:56,17:07:43,COMPLETED,25434.0,5795.3,8345.44,8692.62
1187,medium,13,14:47:16,17:05:27,17:07:56,COMPLETED,22679.0,2492.2,8291.61,8440.65
1144,medium,14,14:39:53,16:59:43,17:08:09,COMPLETED,31430.0,8452.4,8390.18,8896.88
1117,easy,12,14:48:16,17:08:03,17:08:23,COMPLETED,28325.0,338.3,8387.22,8407.02
1137,easy,11,14:48:34,17:08:29,17:08:36,COMPLETED,24064.0,118.5,8395.57,8402.18
1140,easy,11,14:48:19,17:08:16,17:08:42,COMPLETED,29926.0,448.5,8397.43,8423.72
1031,medium,14,14:44:10,17:03:37,17:08:49,COMPLETED,27991.0,5201.5,8367.84,8679.39
1083,easy,12,14:47:29,17:05:34,17:08:49,COMPLETED,29533.0,3260.5,8285.36,8480.39
975,hard,15,13:53:01,15:49:01,17:08:56,COMPLETED,35916.0,79914.8,6960.37,11755.06
1050,easy,12,14:49:03,17:08:49,17:09:08,COMPLETED,26450.0,332.8,8386.39,8405.87
1120,easy,11,14:49:05,17:08:56,17:09:15,COMPLETED,32604.0,329.5,8391.06,8410.43
1085,easy,11,14:50:58,17:09:21,17:09:34,COMPLETED,27017.0,226.7,8303.88,8316.99
1021,easy,12,14:51:01,17:09:41,17:10:01,COMPLETED,26353.0,336.0,8320.52,8340.18
958,hard,15,13:27:34,15:18:15,17:10:20,COMPLETED,30043.0,112085.7,6641.64,13366.66
1024,medium,13,14:49:02,17:08:42,17:10:27,COMPLETED,24337.0,1744.4,8380.72,8485.05
1097,medium,13,14:52:24,17:10:33,17:12:08,COMPLETED,25077.0,1586.2,8289.44,8384.30
1113,hard,15,14:00:44,16:03:21,17:12:21,COMPLETED,30770.0,68997.4,7357.37,11497.08
1084,easy,12,14:51:42,17:10:07,17:13:49,COMPLETED,25036.0,3702.8,8305.73,8527.53
1055,easy,12,14:52:32,17:12:14,17:13:49,COMPLETED,23501.0,1588.2,8382.63,8477.53
1133,easy,11,14:53:53,17:13:55,17:14:08,COMPLETED,32010.0,216.7,8402.96,8415.66
1004,hard,15,13:40:01,15:30:58,17:14:21,COMPLETED,36686.0,103382.7,6657.55,12860.39
1081,easy,11,14:54:47,17:14:14,17:14:27,COMPLETED,26914.0,218.1,8367.99,8380.74
855,medium,14,13:35:32,15:25:50,17:14:53,COMPLETED,35603.0,109043.7,6618.59,13161.10
1028,medium,14,14:38:57,16:56:48,17:15:18,COMPLETED,34747.0,18506.1,8271.53,9381.68
1036,easy,11,14:56:16,17:14:59,17:15:18,COMPLETED,22410.0,325.9,8323.43,8342.68
1043,easy,11,14:56:27,17:15:25,17:15:31,COMPLETED,28194.0,116.3,8338.01,8344.48
1111,medium,13,14:47:33,17:06:58,17:15:51,COMPLETED,28312.0,8881.9,8365.50,8898.17
1185,medium,14,14:33:20,16:48:28,17:15:57,COMPLETED,33968.0,27482.7,8108.80,9757.50
1134,easy,12,14:56:31,17:15:25,17:16:03,COMPLETED,26838.0,656.6,8334.01,8372.87
1065,easy,11,14:56:51,17:15:57,17:16:10,COMPLETED,29583.0,225.9,8346.50,8359.53
1092,easy,11,14:56:51,17:16:03,17:16:10,COMPLETED,27846.0,120.2,8352.87,8359.53
1060,easy,11,14:58:11,17:16:17,17:16:23,COMPLETED,16396.0,119.4,8286.13,8292.77
1040,easy,11,14:58:19,17:16:17,17:16:23,COMPLETED,20881.0,118.6,8278.13,8284.77
817,hard,15,12:00:26,12:40:22,17:16:37,COMPLETED,33292.0,276240.5,2396.76,18971.07
1041,easy,11,14:59:33,17:16:43,17:17:03,COMPLETED,24061.0,335.5,8230.63,8250.47
1189,medium,14,14:42:25,17:01:43,17:17:29,COMPLETED,31545.0,15765.4,8358.73,9304.28
1160,medium,14,14:57:08,17:16:10,17:18:27,COMPLETED,26149.0,2289.4,8342.53,8479.60
1285,easy,12,15:01:19,17:17:35,17:18:27,COMPLETED,26929.0,868.6,8176.81,8228.60
1045,medium,13,14:58:54,17:16:30,17:19:19,COMPLETED,32917.0,2819.8,8256.38,8425.27
1047,medium,13,14:47:59,17:07:50,17:19:25,COMPLETED,30700.0,11599.8,8391.24,9086.70
1086,medium,13,14:34:50,16:50:10,17:19:58,COMPLETED,29734.0,29807.6,8120.56,9908.64
1282,easy,11,15:03:48,17:20:05,17:20:37,COMPLETED,27629.0,542.0,8177.22,8209.42
1192,easy,11,15:04:03,17:20:43,17:21:09,COMPLETED,23470.0,444.7,8200.76,8226.80
1029,medium,14,14:44:45,17:04:09,17:23:41,COMPLETED,25219.0,19544.4,8364.50,9536.93
1252,medium,13,15:04:17,17:21:16,17:23:48,COMPLETED,25382.0,2536.7,8219.50,8371.27
1056,hard,15,14:29:38,16:40:41,17:23:54,COMPLETED,27270.0,43219.2,7863.82,10456.74
1274,easy,12,15:04:43,17:24:01,17:24:32,COMPLETED,28835.0,535.3,8358.11,8389.87
1072,medium,14,14:06:49,16:09:59,17:25:23,COMPLETED,38316.0,75410.3,7390.18,11914.64
1327,medium,14,15:03:26,17:19:25,17:27:11,COMPLETED,28487.0,7768.7,8159.70,8625.55
1337,medium,13,15:04:24,17:23:48,17:27:11,COMPLETED,25949.0,3393.0,8364.27,8567.55
1075,hard,15,14:25:16,16:31:03,17:27:49,COMPLETED,32614.0,56771.5,7547.60,10953.68
1218,easy,12,15:05:28,17:27:17,17:28:08,COMPLETED,34532.0,852.2,8509.89,8560.77
1316,easy,12,15:05:37,17:27:56,17:28:08,COMPLETED,22378.0,217.0,8539.07,8551.77
1171,medium,14,14:03:50,16:08:46,17:28:21,COMPLETED,26031.0,79575.8,7496.99,12271.51
1293,easy,11,15:06:15,17:28:15,17:28:46,COMPLETED,29151.0,533.8,8520.11,8551.83
1066,medium,13,14:39:45,16:57:27,17:32:48,COMPLETED,39943.0,35347.4,8262.80,10383.35
1165,medium,14,14:39:46,16:59:24,17:32:54,COMPLETED,23035.0,33517.3,8378.17,10388.79
1104,hard,15,14:52:51,17:12:27,17:33:01,COMPLETED,30103.0,20572.3,8376.42,9610.44
1307,easy,12,15:07:39,17:33:01,17:33:07,COMPLETED,27473.0,117.4,8722.44,8728.89
1344,medium,14,15:04:43,17:23:54,17:33:14,COMPLETED,29274.0,9339.3,8351.74,8911.53
1315,easy,11,15:08:13,17:33:07,17:33:14,COMPLETED,25050.0,122.0,8694.89,8701.53
1286,medium,13,15:07:08,17:28:53,17:33:27,COMPLETED,30425.0,4588.0,8505.17,8779.97
1123,medium,14,14:50:34,17:09:02,17:34:00,COMPLETED,30043.0,24974.6,8308.45,9806.72
1240,medium,14,15:04:51,17:24:39,17:34:39,COMPLETED,25167.0,10001.8,8388.26,8988.07
1182,hard,15,14:28:43,16:38:03,17:34:58,COMPLETED,31358.0,56918.8,7760.29,11175.21
1126,hard,15,14:11:45,16:13:45,17:35:30,COMPLETED,36063.0,81739.5,7320.78,12225.02
1342,medium,13,15:09:08,17:33:34,17:35:49,COMPLETED,25224.0,2247.4,8666.52,8801.03
1288,easy,11,15:10:07,17:35:36,17:35:49,COMPLETED,26925.0,217.4,8729.36,8742.03
1303,easy,12,15:10:21,17:35:55,17:36:14,COMPLETED,21938.0,325.8,8734.43,8753.62
1294,easy,12,15:10:46,17:35:55,17:36:14,COMPLETED,31630.0,325.3,8709.43,8728.62
1176,hard,15,14:49:34,17:08:56,17:36:40,COMPLETED,37327.0,27738.0,8362.06,10026.16
1233,easy,12,15:11:33,17:36:46,17:36:59,COMPLETED,23188.0,218.9,8713.54,8726.33
1331,easy,12,15:10:49,17:36:21,17:38:40,COMPLETED,31328.0,2335.8,8732.02,8871.88
1202,easy,12,15:09:37,17:34:45,17:39:18,COMPLETED,34507.0,4563.1,8708.44,8981.91
1309,medium,14,15:01:56,17:18:33,17:40:04,COMPLETED,39830.0,21508.3,8197.95,9488.06
1251,easy,11,15:12:56,17:40:10,17:40:23,COMPLETED,24227.0,228.1,8834.62,8847.76
1211,easy,12,15:13:52,17:40:30,17:40:49,COMPLETED,27993.0,330.5,8798.34,8817.81
1289,medium,13,15:11:27,17:36:21,17:40:56,COMPLETED,29941.0,4595.4,8694.02,8969.21
1214,easy,11,15:15:31,17:41:02,17:41:15,COMPLETED,33287.0,223.3,8731.86,8744.75
1139,medium,14,14:08:25,16:10:19,17:43:05,COMPLETED,35807.0,92777.4,7314.05,12880.53
1225,medium,14,15:04:51,17:25:30,17:44:22,COMPLETED,28034.0,18882.7,8439.05,9571.78
1135,hard,15,14:23:31,16:27:34,17:46:29,COMPLETED,33987.0,78924.4,7443.19,12178.50
1339,medium,14,15:15:50,17:43:12,17:46:54,COMPLETED,29379.0,3717.3,8842.07,9064.81
1272,easy,12,15:16:13,17:46:35,17:47:13,COMPLETED,27608.0,638.5,9022.83,9060.84
1349,easy,12,15:17:16,17:47:01,17:48:04,COMPLETED,30959.0,1059.2,8985.14,9048.39
1241,easy,11,15:18:37,17:48:10,17:48:36,COMPLETED,24953.0,427.5,8973.73,8999.07
1208,easy,11,15:18:41,17:48:42,17:49:01,COMPLETED,23785.0,322.3,9001.40,9020.40
1179,hard,15,14:01:11,16:04:56,17:49:07,COMPLETED,27539.0,104193.0,7425.38,13676.76
1308,easy,11,15:19:53,17:49:07,17:49:14,COMPLETED,26209.0,113.7,8954.76,8961.20
1216,medium,13,15:20:10,17:49:20,17:50:36,COMPLETED,31467.0,1272.4,8950.62,9026.66
1292,easy,12,15:20:09,17:49:14,17:51:08,COMPLETED,34087.0,1916.2,8945.20,9059.65
1215,medium,13,15:16:06,17:44:29,17:51:28,COMPLETED,31695.0,6996.0,8903.11,9322.37
1245,easy,11,15:20:46,17:51:34,17:51:47,COMPLETED,24561.0,224.1,9048.94,9061.99
1173,hard,15,14:54:16,17:13:55,17:52:07,COMPLETED,30821.0,38195.6,8379.96,10671.41
1279,easy,12,15:21:02,17:51:54,17:52:13,COMPLETED,25311.0,331.4,9052.42,9071.97
1332,medium,14,15:08:56,17:33:21,17:52:32,COMPLETED,30898.0,19198.2,8665.27,9817.00
1348,easy,11,15:22:05,17:52:20,17:52:32,COMPLETED,26606.0,216.3,9015.34,9028.00
1070,hard,15,14:25:05,16:28:12,17:52:45,COMPLETED,32792.0,84564.9,7387.36,12461.00
1295,hard,15,15:04:54,17:27:17,17:52:45,COMPLETED,31806.0,25475.4,8543.89,10072.00
1229,medium,13,15:20:17,17:50:42,17:52:52,COMPLETED,31798.0,2171.3,9025.99,9155.60
1205,easy,12,15:22:19,17:52:39,17:52:52,COMPLETED,29066.0,231.7,9020.34,9033.60
1353,easy,11,15:23:27,17:52:52,17:53:12,COMPLETED,23350.601156965626,340.1,8965.60,8985.59
1313,easy,11,15:23:59,17:53:19,17:53:38,COMPLETED,26759.0,332.7,8960.15,8979.80
1318,medium,13,15:23:57,17:52:59,17:54:30,COMPLETED,23608.0,1519.0,8942.39,9033.13
1227,medium,13,15:22:47,17:52:52,17:54:49,COMPLETED,31286.0,1961.8,9005.60,9122.82
1325,medium,13,15:25:01,17:54:56,17:56:46,COMPLETED,29329.0,1839.3,8995.38,9105.25
1207,medium,14,15:20:24,17:51:15,17:57:05,COMPLETED,29091.0,5845.0,9051.22,9401.60
1197,hard,15,15:03:26,17:19:32,17:57:37,COMPLETED,34326.0,38089.5,8166.38,10451.50
1256,easy,12,15:25:11,17:57:11,17:57:43,COMPLETED,28979.0,537.0,9120.99,9152.87
1250,easy,11,15:25:37,17:57:43,17:57:56,COMPLETED,25452.0,217.3,9126.87,9139.61
152,hard,15,08:56:32,08:56:37,18:00:00,UNFINISHED,-1,-1,-1
468,hard,15,10:25:37,10:28:08,18:00:00,UNFINISHED,-1,-1,-1
470,hard,15,10:25:47,10:31:38,18:00:00,UNFINISHED,-1,-1,-1
437,hard,15,10:39:46,10:54:39,18:00:00,UNFINISHED,-1,-1,-1
400,hard,15,10:43:50,11:03:39,18:00:00,UNFINISHED,-1,-1,-1
417,hard,15,10:46:48,11:05:55,18:00:00,UNFINISHED,-1,-1,-1
363,hard,15,10:46:58,11:06:14,18:00:00,UNFINISHED,-1,-1,-1
597,hard,15,11:02:53,11:21:36,18:00:00,UNFINISHED,-1,-1,-1
594,hard,15,11:05:05,11:22:54,18:00:00,UNFINISHED,-1,-1,-1
647,hard,15,11:25:26,11:49:56,18:00:00,UNFINISHED,-1,-1,-1
512,hard,15,11:44:37,12:17:36,18:00:00,UNFINISHED,-1,-1,-1
540,hard,15,11:54:19,12:31:28,18:00:00,UNFINISHED,-1,-1,-1
744,hard,15,12:17:55,13:00:44,18:00:00,UNFINISHED,-1,-1,-1
741,hard,15,12:50:36,14:05:19,18:00:00,UNFINISHED,-1,-1,-1
773,hard,15,12:54:08,14:16:18,18:00:00,UNFINISHED,-1,-1,-1
743,hard,15,12:57:41,14:22:12,18:00:00,UNFINISHED,-1,-1,-1
885,hard,15,13:13:23,14:49:27,18:00:00,UNFINISHED,-1,-1,-1
971,hard,15,13:17:23,14:52:55,18:00:00,UNFINISHED,-1,-1,-1
923,hard,15,13:18:10,14:54:06,18:00:00,UNFINISHED,-1,-1,-1
890,hard,15,13:32:38,15:20:48,18:00:00,UNFINISHED,-1,-1,-1
879,hard,15,13:34:22,15:25:17,18:00:00,UNFINISHED,-1,-1,-1
922,hard,15,13:39:05,15:29:10,18:00:00,UNFINISHED,-1,-1,-1
1099,medium,14,14:00:08,16:01:33,18:00:00,UNFINISHED,-1,-1,-1
1048,hard,15,14:10:00,16:10:32,18:00:00,UNFINISHED,-1,-1,-1
1074,hard,15,14:13:52,16:14:36,18:00:00,UNFINISHED,-1,-1,-1
1101,hard,15,14:14:32,16:14:49,18:00:00,UNFINISHED,-1,-1,-1
1131,hard,15,14:17:19,16:18:50,18:00:00,UNFINISHED,-1,-1,-1
1088,hard,15,14:18:31,16:21:16,18:00:00,UNFINISHED,-1,-1,-1
1106,medium,14,14:23:02,16:25:52,18:00:00,UNFINISHED,-1,-1,-1
1051,hard,15,14:26:15,16:34:36,18:00:00,UNFINISHED,-1,-1,-1
1068,medium,14,14:28:21,16:37:37,18:00:00,UNFINISHED,-1,-1,-1
1038,medium,14,14:31:40,16:42:55,18:00:00,UNFINISHED,-1,-1,-1
1058,hard,15,14:31:44,16:43:02,18:00:00,UNFINISHED,-1,-1,-1
1161,hard,15,14:33:13,16:48:09,18:00:00,UNFINISHED,-1,-1,-1
1044,hard,15,14:46:08,17:04:35,18:00:00,UNFINISHED,-1,-1,-1
1064,hard,15,14:50:47,17:09:15,18:00:00,UNFINISHED,-1,-1,-1
1143,hard,15,14:52:13,17:10:27,18:00:00,UNFINISHED,-1,-1,-1
1170,hard,15,14:55:14,17:14:27,18:00:00,UNFINISHED,-1,-1,-1
1100,hard,15,14:55:32,17:14:34,18:00:00,UNFINISHED,-1,-1,-1
1127,hard,15,14:56:37,17:15:38,18:00:00,UNFINISHED,-1,-1,-1
1059,medium,14,14:58:28,17:16:30,18:00:00,UNFINISHED,-1,-1,-1
1340,hard,15,15:00:04,17:17:09,18:00:00,UNFINISHED,-1,-1,-1
1257,hard,15,15:02:53,17:18:33,18:00:00,UNFINISHED,-1,-1,-1
1255,medium,14,15:06:34,17:28:15,18:00:00,UNFINISHED,-1,-1,-1
1345,hard,15,15:06:38,17:28:27,18:00:00,UNFINISHED,-1,-1,-1
1311,hard,15,15:07:09,17:32:54,18:00:00,UNFINISHED,-1,-1,-1
1210,medium,14,15:08:29,17:33:14,18:00:00,UNFINISHED,-1,-1,-1
1269,medium,14,15:08:52,17:33:21,18:00:00,UNFINISHED,-1,-1,-1
1343,hard,15,15:09:23,17:34:07,18:00:00,UNFINISHED,-1,-1,-1
1266,hard,15,15:09:46,17:35:04,18:00:00,UNFINISHED,-1,-1,-1
1312,hard,15,15:12:27,17:37:05,18:00:00,UNFINISHED,-1,-1,-1
1194,hard,15,15:12:35,17:38:47,18:00:00,UNFINISHED,-1,-1,-1
1314,hard,15,15:12:36,17:39:25,18:00:00,UNFINISHED,-1,-1,-1
1323,hard,15,15:13:53,17:40:56,18:00:00,UNFINISHED,-1,-1,-1
1258,hard,15,15:15:43,17:41:22,18:00:00,UNFINISHED,-1,-1,-1
1259,hard,15,15:18:28,17:47:20,18:00:00,UNFINISHED,-1,-1,-1
1212,hard,15,15:21:16,17:52:13,18:00:00,UNFINISHED,-1,-1,-1
1330,medium,14,15:22:05,17:52:39,18:00:00,UNFINISHED,-1,-1,-1
1273,hard,15,15:23:31,17:52:59,18:00:00,UNFINISHED,-1,-1,-1
1246,hard,15,15:24:01,17:53:45,18:00:00,UNFINISHED,-1,-1,-1
1352,medium,14,15:24:19,17:54:36,18:00:00,UNFINISHED,-1,-1,-1
1333,hard,15,15:25:05,17:56:52,18:00:00,UNFINISHED,-1,-1,-1
1320,easy,12,15:26:19,17:57:50,18:00:00,UNFINISHED,-1,-1,-1
1351,hard,15,15:26:21,17:58:02,18:00:00,UNFINISHED,-1,-1,-1
1230,medium,14,15:26:41,-,-,IGNORED,-1,-1
1248,easy,11,15:26:48,-,-,IGNORED,-1,-1
1221,easy,11,15:26:56,-,-,IGNORED,-1,-1
1304,easy,12,15:27:02,-,-,IGNORED,-1,-1
1284,easy,12,15:27:34,-,-,IGNORED,-1,-1
1222,easy,12,15:27:40,-,-,IGNORED,-1,-1
1249,easy,11,15:28:15,-,-,IGNORED,-1,-1
1268,medium,14,15:28:43,-,-,IGNORED,-1,-1
1319,medium,13,15:28:59,-,-,IGNORED,-1,-1
1287,easy,11,15:29:01,-,-,IGNORED,-1,-1
1260,hard,15,15:30:01,-,-,IGNORED,-1,-1
1277,medium,13,15:30:36,-,-,IGNORED,-1,-1
1270,easy,12,15:30:39,-,-,IGNORED,-1,-1
1190,hard,15,15:30:58,-,-,IGNORED,-1,-1
1359,easy,11,15:31:28,-,-,IGNORED,-1,-1
1254,easy,12,15:31:47,-,-,IGNORED,-1,-1
1302,easy,11,15:32:45,-,-,IGNORED,-1,-1
1329,easy,12,15:32:53,-,-,IGNORED,-1,-1
1358,easy,12,15:33:10,-,-,IGNORED,-1,-1
1350,easy,12,15:33:29,-,-,IGNORED,-1,-1
1234,medium,14,15:33:39,-,-,IGNORED,-1,-1
1193,medium,14,15:33:55,-,-,IGNORED,-1,-1
1238,easy,11,15:33:59,-,-,IGNORED,-1,-1
1243,hard,15,15:34:32,-,-,IGNORED,-1,-1
1347,medium,14,15:35:27,-,-,IGNORED,-1,-1
1328,easy,12,15:35:30,-,-,IGNORED,-1,-1
1299,medium,13,15:35:53,-,-,IGNORED,-1,-1
1239,hard,15,15:35:57,-,-,IGNORED,-1,-1
1209,easy,11,15:36:41,-,-,IGNORED,-1,-1
1296,easy,12,15:37:18,-,-,IGNORED,-1,-1
1232,easy,11,15:37:31,-,-,IGNORED,-1,-1
1281,easy,12,15:38:18,-,-,IGNORED,-1,-1
1231,hard,15,15:38:21,-,-,IGNORED,-1,-1
1244,medium,14,15:38:27,-,-,IGNORED,-1,-1
1213,easy,12,15:38:38,-,-,IGNORED,-1,-1
1220,easy,12,15:38:40,-,-,IGNORED,-1,-1
1338,easy,12,15:38:46,-,-,IGNORED,-1,-1
1356,medium,13,15:38:49,-,-,IGNORED,-1,-1
1278,medium,13,15:39:02,-,-,IGNORED,-1,-1
1267,medium,14,15:39:11,-,-,IGNORED,-1,-1
1301,hard,15,15:39:50,-,-,IGNORED,-1,-1
1346,medium,14,15:39:52,-,-,IGNORED,-1,-1
1191,hard,15,15:39:57,-,-,IGNORED,-1,-1
1291,medium,13,15:39:58,-,-,IGNORED,-1,-1
1217,easy,12,15:40:18,-,-,IGNORED,-1,-1
1198,hard,15,15:41:16,-,-,IGNORED,-1,-1
1206,medium,13,15:42:51,-,-,IGNORED,-1,-1
1298,easy,12,15:43:01,-,-,IGNORED,-1,-1
1305,hard,15,15:43:03,-,-,IGNORED,-1,-1
1283,easy,11,15:43:32,-,-,IGNORED,-1,-1
1306,easy,12,15:44:13,-,-,IGNORED,-1,-1
1253,easy,11,15:44:22,-,-,IGNORED,-1,-1
1195,easy,11,15:45:12,-,-,IGNORED,-1,-1
1235,medium,14,15:45:13,-,-,IGNORED,-1,-1
1204,medium,14,15:46:07,-,-,IGNORED,-1,-1
1201,easy,11,15:46:15,-,-,IGNORED,-1,-1
1263,easy,11,15:46:48,-,-,IGNORED,-1,-1
1336,medium,14,15:46:56,-,-,IGNORED,-1,-1
1242,hard,15,15:47:04,-,-,IGNORED,-1,-1
1262,easy,12,15:48:45,-,-,IGNORED,-1,-1
1355,medium,14,15:48:45,-,-,IGNORED,-1,-1
1247,easy,12,15:48:55,-,-,IGNORED,-1,-1
1196,easy,12,15:49:41,-,-,IGNORED,-1,-1
1321,hard,15,15:49:49,-,-,IGNORED,-1,-1
1228,easy,12,15:49:55,-,-,IGNORED,-1,-1
1261,medium,14,15:50:28,-,-,IGNORED,-1,-1
1275,easy,11,15:50:48,-,-,IGNORED,-1,-1
1341,easy,11,15:51:05,-,-,IGNORED,-1,-1
1264,medium,13,15:51:27,-,-,IGNORED,-1,-1
1226,medium,13,15:52:14,-,-,IGNORED,-1,-1
1276,medium,13,15:52:23,-,-,IGNORED,-1,-1
1334,hard,15,15:52:25,-,-,IGNORED,-1,-1
1290,hard,15,15:52:41,-,-,IGNORED,-1,-1
1310,easy,12,15:52:42,-,-,IGNORED,-1,-1
1297,easy,12,15:52:47,-,-,IGNORED,-1,-1
1236,easy,12,15:52:47,-,-,IGNORED,-1,-1
1335,easy,11,15:53:02,-,-,IGNORED,-1,-1
1324,easy,12,15:53:13,-,-,IGNORED,-1,-1
1326,easy,11,15:53:20,-,-,IGNORED,-1,-1
1223,medium,13,15:54:48,-,-,IGNORED,-1,-1
1199,easy,12,15:55:02,-,-,IGNORED,-1,-1
1200,easy,11,15:55:31,-,-,IGNORED,-1,-1
1354,easy,11,15:55:46,-,-,IGNORED,-1,-1
1203,hard,15,15:56:01,-,-,IGNORED,-1,-1
1271,easy,11,15:56:21,-,-,IGNORED,-1,-1
1280,easy,11,15:56:36,-,-,IGNORED,-1,-1
1265,easy,11,15:57:06,-,-,IGNORED,-1,-1
1322,easy,11,15:58:05,-,-,IGNORED,-1,-1
1300,easy,12,15:58:33,-,-,IGNORED,-1,-1
1224,hard,15,15:58:38,-,-,IGNORED,-1,-1
1317,easy,11,15:58:42,-,-,IGNORED,-1,-1
1357,easy,12,15:58:44,-,-,IGNORED,-1,-1
1219,hard,15,15:59:25,-,-,IGNORED,-1,-1
1237,easy,12,15:59:28,-,-,IGNORED,-1,-1
1502,easy,11,16:00:02,-,-,IGNORED,-1,-1
1431,easy,11,16:00:26,-,-,IGNORED,-1,-1
1425,easy,12,16:00:51,-,-,IGNORED,-1,-1
1439,hard,15,16:01:05,-,-,IGNORED,-1,-1
1421,easy,12,16:01:06,-,-,IGNORED,-1,-1
1470,easy,12,16:02:53,-,-,IGNORED,-1,-1
1442,medium,14,16:03:04,-,-,IGNORED,-1,-1
1522,easy,11,16:03:24,-,-,IGNORED,-1,-1
1408,hard,15,16:03:28,-,-,IGNORED,-1,-1
1430,medium,13,16:04:15,-,-,IGNORED,-1,-1
1434,easy,12,16:04:48,-,-,IGNORED,-1,-1
1509,hard,15,16:05:00,-,-,IGNORED,-1,-1
1419,easy,12,16:05:20,-,-,IGNORED,-1,-1
1448,easy,12,16:05:37,-,-,IGNORED,-1,-1
1364,hard,15,16:06:18,-,-,IGNORED,-1,-1
1406,hard,15,16:06:24,-,-,IGNORED,-1,-1
1379,easy,11,16:06:29,-,-,IGNORED,-1,-1
1510,easy,11,16:07:28,-,-,IGNORED,-1,-1
1380,easy,12,16:07:52,-,-,IGNORED,-1,-1
1373,easy,12,16:08:25,-,-,IGNORED,-1,-1
1444,easy,11,16:08:28,-,-,IGNORED,-1,-1
1388,medium,14,16:08:50,-,-,IGNORED,-1,-1
1417,hard,15,16:08:56,-,-,IGNORED,-1,-1
1412,medium,14,16:09:25,-,-,IGNORED,-1,-1
1390,hard,15,16:09:27,-,-,IGNORED,-1,-1
1466,hard,15,16:10:47,-,-,IGNORED,-1,-1
1374,easy,11,16:11:01,-,-,IGNORED,-1,-1
1362,easy,12,16:11:43,-,-,IGNORED,-1,-1
1485,easy,12,16:11:45,-,-,IGNORED,-1,-1
1521,medium,13,16:12:07,-,-,IGNORED,-1,-1
1499,medium,14,16:12:23,-,-,IGNORED,-1,-1
1458,easy,11,16:13:00,-,-,IGNORED,-1,-1
1396,easy,11,16:13:21,-,-,IGNORED,-1,-1
1525,easy,11,16:13:53,-,-,IGNORED,-1,-1
1481,hard,15,16:14:26,-,-,IGNORED,-1,-1
1463,hard,15,16:14:39,-,-,IGNORED,-1,-1
1504,hard,15,16:14:54,-,-,IGNORED,-1,-1
1452,easy,12,16:14:57,-,-,IGNORED,-1,-1
1395,easy,11,16:15:21,-,-,IGNORED,-1,-1
1413,easy,11,16:15:49,-,-,IGNORED,-1,-1
1478,hard,15,16:16:18,-,-,IGNORED,-1,-1
1415,easy,12,16:16:28,-,-,IGNORED,-1,-1
1500,medium,14,16:16:47,-,-,IGNORED,-1,-1
1418,easy,12,16:16:51,-,-,IGNORED,-1,-1
1453,medium,13,16:17:04,-,-,IGNORED,-1,-1
1416,easy,11,16:17:13,-,-,IGNORED,-1,-1
1385,easy,12,16:17:31,-,-,IGNORED,-1,-1
1386,easy,12,16:18:03,-,-,IGNORED,-1,-1
1483,easy,11,16:18:40,-,-,IGNORED,-1,-1
1526,hard,15,16:19:39,-,-,IGNORED,-1,-1
1491,easy,12,16:19:45,-,-,IGNORED,-1,-1
1493,easy,11,16:20:19,-,-,IGNORED,-1,-1
1424,easy,11,16:21:14,-,-,IGNORED,-1,-1
1382,easy,12,16:21:40,-,-,IGNORED,-1,-1
1398,medium,13,16:22:29,-,-,IGNORED,-1,-1
1488,easy,12,16:22:46,-,-,IGNORED,-1,-1
1410,hard,15,16:22:59,-,-,IGNORED,-1,-1
1422,medium,14,16:23:00,-,-,IGNORED,-1,-1
1471,easy,11,16:23:06,-,-,IGNORED,-1,-1
1414,medium,14,16:23:07,-,-,IGNORED,-1,-1
1405,hard,15,16:23:18,-,-,IGNORED,-1,-1
1456,easy,11,16:23:36,-,-,IGNORED,-1,-1
1524,easy,11,16:25:19,-,-,IGNORED,-1,-1
1428,medium,13,16:26:29,-,-,IGNORED,-1,-1
1489,medium,13,16:26:34,-,-,IGNORED,-1,-1
1497,medium,13,16:26:38,-,-,IGNORED,-1,-1
1451,hard,15,16:26:42,-,-,IGNORED,-1,-1
1450,medium,13,16:26:45,-,-,IGNORED,-1,-1
1496,medium,14,16:26:54,-,-,IGNORED,-1,-1
1467,easy,11,16:27:11,-,-,IGNORED,-1,-1
1464,hard,15,16:27:25,-,-,IGNORED,-1,-1
1529,easy,11,16:27:30,-,-,IGNORED,-1,-1
1378,easy,12,16:27:32,-,-,IGNORED,-1,-1
1372,medium,14,16:28:00,-,-,IGNORED,-1,-1
1446,easy,11,16:28:00,-,-,IGNORED,-1,-1
1441,easy,12,16:28:56,-,-,IGNORED,-1,-1
1371,easy,11,16:28:57,-,-,IGNORED,-1,-1
1440,medium,14,16:29:41,-,-,IGNORED,-1,-1
1394,easy,12,16:30:05,-,-,IGNORED,-1,-1
1429,medium,13,16:30:07,-,-,IGNORED,-1,-1
1508,hard,15,16:30:20,-,-,IGNORED,-1,-1
1462,easy,12,16:30:37,-,-,IGNORED,-1,-1
1501,easy,12,16:30:45,-,-,IGNORED,-1,-1
1498,easy,11,16:31:05,-,-,IGNORED,-1,-1
1484,hard,15,16:31:07,-,-,IGNORED,-1,-1
1384,easy,11,16:31:08,-,-,IGNORED,-1,-1
1477,medium,13,16:32:04,-,-,IGNORED,-1,-1
1399,easy,12,16:32:11,-,-,IGNORED,-1,-1
1527,hard,15,16:32:17,-,-,IGNORED,-1,-1
1383,easy,12,16:32:50,-,-,IGNORED,-1,-1
1392,medium,13,16:33:16,-,-,IGNORED,-1,-1
1401,easy,12,16:33:21,-,-,IGNORED,-1,-1
1381,easy,12,16:33:24,-,-,IGNORED,-1,-1
1375,hard,15,16:33:45,-,-,IGNORED,-1,-1
1361,easy,12,16:34:02,-,-,IGNORED,-1,-1
1377,medium,13,16:34:29,-,-,IGNORED,-1,-1
1400,easy,12,16:34:39,-,-,IGNORED,-1,-1
1436,hard,15,16:34:55,-,-,IGNORED,-1,-1
1472,hard,15,16:35:01,-,-,IGNORED,-1,-1
1507,easy,12,16:35:10,-,-,IGNORED,-1,-1
1505,medium,13,16:35:37,-,-,IGNORED,-1,-1
1443,easy,11,16:36:24,-,-,IGNORED,-1,-1
1495,easy,12,16:36:36,-,-,IGNORED,-1,-1
1366,medium,14,16:37:15,-,-,IGNORED,-1,-1
1503,medium,14,16:37:51,-,-,IGNORED,-1,-1
1403,easy,11,16:38:23,-,-,IGNORED,-1,-1
1438,easy,12,16:38:26,-,-,IGNORED,-1,-1
1514,medium,13,16:39:10,-,-,IGNORED,-1,-1
1447,hard,15,16:39:12,-,-,IGNORED,-1,-1
1409,easy,12,16:39:14,-,-,IGNORED,-1,-1
1367,easy,12,16:39:17,-,-,IGNORED,-1,-1
1437,easy,12,16:39:25,-,-,IGNORED,-1,-1
1480,easy,12,16:39:42,-,-,IGNORED,-1,-1
1513,medium,14,16:39:48,-,-,IGNORED,-1,-1
1474,easy,12,16:39:50,-,-,IGNORED,-1,-1
1460,easy,12,16:40:21,-,-,IGNORED,-1,-1
1360,hard,15,16:40:22,-,-,IGNORED,-1,-1
1368,hard,15,16:40:41,-,-,IGNORED,-1,-1
1518,hard,15,16:41:30,-,-,IGNORED,-1,-1
1520,medium,14,16:41:59,-,-,IGNORED,-1,-1
1433,medium,13,16:42:41,-,-,IGNORED,-1,-1
1407,easy,12,16:42:43,-,-,IGNORED,-1,-1
1423,easy,12,16:43:01,-,-,IGNORED,-1,-1
1387,medium,13,16:43:18,-,-,IGNORED,-1,-1
1455,medium,14,16:44:35,-,-,IGNORED,-1,-1
1397,hard,15,16:45:25,-,-,IGNORED,-1,-1
1465,hard,15,16:45:46,-,-,IGNORED,-1,-1
1506,medium,13,16:46:21,-,-,IGNORED,-1,-1
1420,medium,14,16:46:23,-,-,IGNORED,-1,-1
1486,hard,15,16:46:53,-,-,IGNORED,-1,-1
1475,easy,11,16:47:04,-,-,IGNORED,-1,-1
1487,easy,11,16:47:42,-,-,IGNORED,-1,-1
1515,easy,12,16:48:11,-,-,IGNORED,-1,-1
1365,medium,13,16:48:19,-,-,IGNORED,-1,-1
1426,easy,11,16:49:27,-,-,IGNORED,-1,-1
1511,hard,15,16:49:55,-,-,IGNORED,-1,-1
1402,easy,12,16:49:58,-,-,IGNORED,-1,-1
1519,hard,15,16:50:06,-,-,IGNORED,-1,-1
1492,easy,11,16:50:13,-,-,IGNORED,-1,-1
1427,easy,12,16:50:16,-,-,IGNORED,-1,-1
1468,hard,15,16:50:54,-,-,IGNORED,-1,-1
1370,medium,13,16:51:08,-,-,IGNORED,-1,-1
1369,medium,13,16:51:37,-,-,IGNORED,-1,-1
1512,medium,14,16:52:24,-,-,IGNORED,-1,-1
1411,medium,13,16:52:42,-,-,IGNORED,-1,-1
1479,hard,15,16:52:44,-,-,IGNORED,-1,-1
1494,medium,14,16:52:46,-,-,IGNORED,-1,-1
1517,easy,12,16:52:53,-,-,IGNORED,-1,-1
1391,medium,14,16:53:06,-,-,IGNORED,-1,-1
1528,easy,11,16:53:26,-,-,IGNORED,-1,-1
1432,hard,15,16:53:29,-,-,IGNORED,-1,-1
1449,medium,14,16:53:37,-,-,IGNORED,-1,-1
1482,easy,11,16:54:19,-,-,IGNORED,-1,-1
1404,easy,12,16:54:31,-,-,IGNORED,-1,-1
1445,easy,11,16:55:05,-,-,IGNORED,-1,-1
1457,medium,14,16:55:16,-,-,IGNORED,-1,-1
1363,easy,12,16:55:21,-,-,IGNORED,-1,-1
1473,medium,14,16:55:22,-,-,IGNORED,-1,-1
1516,medium,14,16:55:31,-,-,IGNORED,-1,-1
1461,easy,11,16:55:45,-,-,IGNORED,-1,-1
1459,easy,12,16:57:13,-,-,IGNORED,-1,-1
1393,easy,11,16:57:30,-,-,IGNORED,-1,-1
1376,medium,14,16:57:36,-,-,IGNORED,-1,-1
1435,easy,11,16:57:50,-,-,IGNORED,-1,-1
1389,medium,13,16:58:13,-,-,IGNORED,-1,-1
1523,medium,14,16:59:04,-,-,IGNORED,-1,-1
1454,hard,15,16:59:04,-,-,IGNORED,-1,-1
1490,easy,11,16:59:27,-,-,IGNORED,-1,-1
1469,easy,11,16:59:40,-,-,IGNORED,-1,-1
1476,medium,14,16:59:55,-,-,IGNORED,-1,-1
