task_id,difficulty,n,arrival_sim,start_sim,end_sim,status,cost,real_duration_sec,waiting_time_mili_sec,time_in_system_mili_sec
77,easy,11,08:01:35,08:01:36,08:02:18,COMPLETED,24666.0,707.0,1.66,44.00
20,medium,13,08:01:17,08:01:18,08:02:25,COMPLETED,30396.0,1115.8,1.23,68.12
102,easy,11,08:02:21,08:02:25,08:02:37,COMPLETED,27444.0,203.4,4.12,16.25
78,medium,13,08:02:04,08:02:06,08:03:25,COMPLETED,27543.0,1314.2,2.88,81.72
116,easy,12,08:02:39,08:02:43,08:03:55,COMPLETED,28190.0,1211.7,4.35,76.99
87,easy,11,08:03:54,08:03:55,08:04:02,COMPLETED,24957.0,102.5,1.99,8.10
120,easy,12,08:03:01,08:03:01,08:05:08,COMPLETED,29552.0,2118.6,0.51,127.60
143,easy,11,08:04:36,08:04:38,08:05:50,COMPLETED,31006.0,1210.4,2.35,74.94
154,easy,11,08:05:23,08:05:26,08:05:50,COMPLETED,27879.0,404.3,3.73,27.94
6,easy,11,08:07:35,08:07:39,08:07:58,COMPLETED,23562.0,305.4,4.85,23.12
107,medium,13,08:03:30,08:03:31,08:08:40,COMPLETED,30791.0,5152.7,1.78,310.80
110,easy,12,08:08:24,08:08:28,08:08:47,COMPLETED,25203.0,310.2,4.47,23.03
69,hard,15,08:02:17,08:02:18,08:08:59,COMPLETED,31598.0,6670.5,2.00,402.21
159,easy,12,08:09:36,08:09:41,08:10:06,COMPLETED,28684.0,408.8,5.66,30.13
7,easy,12,08:09:40,08:09:41,08:10:55,COMPLETED,30903.0,1222.1,1.66,75.03
80,medium,13,08:10:30,08:10:30,08:11:01,COMPLETED,25635.0,513.4,0.44,31.16
157,medium,14,08:07:54,08:07:58,08:11:25,COMPLETED,35884.0,3459.9,4.12,211.62
149,easy,11,08:11:20,08:11:25,08:11:37,COMPLETED,28707.0,205.3,5.62,17.86
105,medium,13,08:10:27,08:10:30,08:11:56,COMPLETED,34719.0,1429.7,3.44,89.17
152,medium,13,08:08:39,08:08:40,08:12:38,COMPLETED,31491.0,3969.5,1.80,239.89
18,easy,11,08:12:37,08:12:38,08:13:03,COMPLETED,24814.0,407.0,1.89,26.25
61,easy,11,08:13:53,08:13:57,08:14:10,COMPLETED,28941.0,205.9,4.94,17.22
119,easy,11,08:14:00,08:14:04,08:14:22,COMPLETED,30221.0,306.5,4.07,22.40
146,medium,13,08:12:18,08:12:20,08:14:58,COMPLETED,31670.0,2637.0,2.63,160.80
58,easy,12,08:15:06,08:15:10,08:15:35,COMPLETED,27500.0,408.3,4.94,29.34
158,medium,13,08:10:38,08:10:42,08:17:00,COMPLETED,30730.0,6298.6,4.74,382.63
55,medium,13,08:15:49,08:15:53,08:17:12,COMPLETED,28528.0,1321.5,4.63,83.86
4,hard,15,08:10:57,08:11:01,08:18:08,COMPLETED,31399.0,7118.7,4.16,431.11
121,easy,11,08:17:42,08:17:43,08:18:20,COMPLETED,31263.0,622.4,1.50,38.54
141,easy,12,08:18:27,08:18:33,08:18:51,COMPLETED,22226.0,313.7,6.07,24.80
76,medium,13,08:17:35,08:17:37,08:19:10,COMPLETED,26468.0,1548.8,2.32,95.17
122,easy,12,08:18:15,08:18:20,08:19:16,COMPLETED,25884.0,932.1,5.54,61.34
114,easy,12,08:18:34,08:18:39,08:19:22,COMPLETED,26302.0,720.8,5.36,48.54
73,easy,11,08:19:10,08:19:10,08:19:22,COMPLETED,27510.0,207.6,0.17,12.54
163,medium,14,08:18:08,08:18:08,08:20:24,COMPLETED,33285.0,2268.0,0.11,136.07
106,easy,12,08:19:54,08:19:59,08:20:24,COMPLETED,26228.0,416.1,5.27,30.07
111,medium,13,08:17:15,08:17:18,08:21:00,COMPLETED,36211.0,3698.3,3.94,225.79
147,easy,11,08:21:12,08:21:13,08:21:19,COMPLETED,19578.0,106.6,1.21,7.45
97,easy,11,08:22:05,08:22:08,08:22:14,COMPLETED,31268.0,104.5,3.83,9.97
84,easy,12,08:20:00,08:20:05,08:22:21,COMPLETED,28655.0,2261.3,5.50,141.12
131,easy,12,08:21:02,08:21:06,08:22:21,COMPLETED,29487.0,1236.9,4.88,79.12
112,medium,13,08:21:33,08:21:37,08:22:27,COMPLETED,25986.0,825.0,4.87,54.24
45,medium,13,08:21:45,08:21:50,08:23:22,COMPLETED,32864.0,1537.7,5.26,97.46
75,medium,14,08:13:35,08:13:39,08:23:52,COMPLETED,33633.0,10220.8,4.68,617.89
94,easy,12,08:23:04,08:23:10,08:24:41,COMPLETED,30499.0,1528.7,6.11,97.73
117,medium,13,08:24:14,08:24:17,08:24:47,COMPLETED,26950.0,511.3,3.28,33.88
66,easy,11,08:24:39,08:24:41,08:25:00,COMPLETED,25002.0,307.9,2.73,21.13
137,medium,14,08:15:25,08:15:29,08:25:12,COMPLETED,32756.0,9719.3,4.21,587.32
29,medium,13,08:21:02,08:21:06,08:25:36,COMPLETED,28307.0,4500.8,4.88,274.87
68,easy,12,08:24:48,08:24:53,08:26:25,COMPLETED,24445.0,1531.3,5.99,97.80
91,easy,11,08:26:15,08:26:19,08:26:38,COMPLETED,26053.0,309.3,4.64,23.10
10,easy,12,08:26:09,08:26:13,08:27:02,COMPLETED,30807.0,819.9,4.50,53.61
128,medium,13,08:17:33,08:17:37,08:27:27,COMPLETED,32064.0,9830.3,4.32,594.09
24,hard,15,08:15:35,08:15:35,08:27:45,COMPLETED,32996.0,12170.5,0.34,730.51
53,easy,11,08:27:29,08:27:33,08:27:45,COMPLETED,29250.0,206.9,4.21,16.51
104,medium,13,08:24:29,08:24:29,08:28:03,COMPLETED,24520.0,3574.4,0.50,214.91
90,easy,11,08:27:56,08:27:57,08:28:10,COMPLETED,33650.0,207.1,1.75,14.04
39,easy,11,08:28:09,08:28:10,08:28:16,COMPLETED,21835.0,105.6,1.04,7.21
15,medium,13,08:25:24,08:25:24,08:28:53,COMPLETED,31719.0,3474.7,0.52,209.00
52,easy,12,08:30:19,08:30:24,08:30:42,COMPLETED,20727.0,309.5,5.56,23.99
1,easy,12,08:30:29,08:30:30,08:31:01,COMPLETED,28047.0,513.3,1.73,32.38
54,easy,11,08:30:40,08:30:42,08:31:01,COMPLETED,33370.0,309.1,2.99,21.38
26,medium,14,08:26:27,08:26:31,08:31:13,COMPLETED,35975.0,4696.9,4.92,286.66
22,easy,11,08:31:35,08:31:38,08:31:50,COMPLETED,27321.0,206.5,3.10,15.43
0,easy,12,08:31:38,08:31:38,08:32:21,COMPLETED,25356.0,715.8,0.10,43.01
70,hard,15,08:02:36,08:02:37,08:32:27,COMPLETED,32079.0,29831.6,1.25,1791.13
11,medium,14,08:11:45,08:11:50,08:32:39,COMPLETED,35792.0,20822.9,5.06,1254.37
17,medium,13,08:27:33,08:27:33,08:33:03,COMPLETED,29973.0,5511.1,0.21,330.85
63,easy,12,08:32:35,08:32:39,08:33:22,COMPLETED,30651.0,717.6,4.37,47.30
165,easy,11,08:33:08,08:33:09,08:33:22,COMPLETED,27695.0,207.3,1.97,14.30
59,easy,11,08:33:48,08:33:52,08:33:59,COMPLETED,26315.0,109.6,4.91,11.16
47,medium,13,08:33:17,08:33:22,08:34:23,COMPLETED,18509.0,1031.0,5.30,67.00
79,easy,11,08:34:24,08:34:30,08:34:42,COMPLETED,24374.0,214.0,6.21,18.76
167,easy,12,08:30:58,08:31:01,08:34:49,COMPLETED,22289.0,3798.0,3.38,231.13
126,medium,13,08:34:50,08:34:55,08:35:44,COMPLETED,30334.0,828.9,5.36,54.97
95,easy,12,08:35:33,08:35:38,08:35:57,COMPLETED,23204.0,311.8,5.67,24.25
93,medium,14,08:25:27,08:25:30,08:36:28,COMPLETED,37306.0,10956.3,3.72,661.04
30,easy,11,08:36:51,08:36:52,08:37:04,COMPLETED,24817.0,207.5,1.53,13.81
89,easy,11,08:37:04,08:37:04,08:37:23,COMPLETED,26298.0,310.8,0.81,19.30
129,easy,11,08:37:22,08:37:23,08:37:35,COMPLETED,21588.0,208.3,1.30,13.68
72,medium,13,08:36:17,08:36:21,08:37:54,COMPLETED,30862.0,1539.5,4.86,97.12
148,easy,12,08:37:46,08:37:47,08:38:06,COMPLETED,24252.0,310.8,1.95,20.48
133,easy,12,08:37:56,08:38:00,08:38:19,COMPLETED,29333.0,316.3,4.27,23.08
103,medium,13,08:33:14,08:33:16,08:38:25,COMPLETED,26241.0,5154.4,2.15,311.29
132,medium,14,08:33:06,08:33:09,08:39:32,COMPLETED,30036.0,6381.6,3.97,386.79
168,easy,12,08:40:41,08:40:46,08:41:04,COMPLETED,31959.0,309.5,5.38,23.83
108,easy,11,08:41:30,08:41:35,08:41:42,COMPLETED,25095.0,106.9,5.91,12.10
164,medium,13,08:40:37,08:40:40,08:42:00,COMPLETED,25824.0,1344.1,3.19,83.72
139,easy,12,08:41:11,08:41:17,08:42:25,COMPLETED,28401.0,1140.9,6.16,74.40
144,medium,14,08:37:06,08:37:11,08:44:10,COMPLETED,31412.0,6999.0,5.01,424.83
142,easy,12,08:44:13,08:44:17,08:44:42,COMPLETED,22450.0,421.7,4.01,29.02
169,easy,12,08:44:24,08:44:29,08:44:48,COMPLETED,30908.0,317.3,5.46,24.37
36,medium,14,08:33:55,08:33:59,08:45:13,COMPLETED,26124.0,11235.9,4.16,678.06
74,medium,14,08:38:13,08:38:19,08:45:13,COMPLETED,33974.0,6905.6,6.08,420.06
44,easy,12,08:45:18,08:45:19,08:45:50,COMPLETED,28322.0,522.2,1.49,32.52
99,medium,14,08:12:07,08:12:08,08:46:15,COMPLETED,36431.0,34123.9,1.37,2048.67
145,easy,12,08:46:13,08:46:15,08:46:46,COMPLETED,24687.0,522.9,2.67,33.81
16,easy,11,08:47:13,08:47:17,08:47:24,COMPLETED,28281.0,112.6,4.85,11.35
127,medium,14,08:25:22,08:25:24,08:47:36,COMPLETED,31691.0,22206.2,2.52,1334.88
136,easy,12,08:47:42,08:47:43,08:48:07,COMPLETED,29204.0,413.5,1.05,25.72
46,easy,12,08:48:00,08:48:01,08:48:13,COMPLETED,23832.0,208.4,1.52,13.89
5,medium,14,08:45:47,08:45:50,08:50:11,COMPLETED,32067.0,4346.8,3.52,264.21
13,easy,11,08:49:54,08:49:58,08:50:11,COMPLETED,33933.0,209.9,4.79,17.21
123,medium,13,08:48:36,08:48:38,08:50:48,COMPLETED,32675.0,2166.7,2.56,132.43
88,easy,11,08:50:18,08:50:23,08:50:48,COMPLETED,34932.0,416.2,5.63,30.43
135,easy,12,08:49:38,08:49:40,08:50:54,COMPLETED,32710.0,1241.8,2.26,76.62
150,medium,14,08:29:46,08:29:47,08:51:13,COMPLETED,31641.0,21421.0,1.90,1287.10
32,easy,11,08:51:21,08:51:25,08:51:31,COMPLETED,24469.0,107.9,4.42,10.67
92,easy,12,08:50:03,08:50:05,08:51:37,COMPLETED,27602.0,1553.0,2.00,94.93
82,easy,11,08:51:26,08:51:31,08:52:08,COMPLETED,32712.0,624.8,5.67,42.97
37,medium,14,08:45:52,08:45:56,08:52:15,COMPLETED,27634.0,6307.2,4.89,383.21
160,easy,12,08:51:36,08:51:37,08:52:21,COMPLETED,21103.0,728.0,1.93,45.40
3,easy,12,08:51:34,08:51:37,08:52:27,COMPLETED,25614.0,835.5,3.93,53.71
23,easy,12,08:51:37,08:51:37,08:52:27,COMPLETED,26698.0,835.0,0.93,50.71
38,easy,11,08:52:24,08:52:27,08:52:34,COMPLETED,19863.0,111.4,3.71,10.16
21,easy,12,08:52:04,08:52:08,08:52:40,COMPLETED,28938.0,530.3,4.97,36.44
12,easy,12,08:53:45,08:53:49,08:54:27,COMPLETED,28300.0,633.2,4.33,42.11
166,easy,12,08:53:47,08:53:49,08:54:27,COMPLETED,31013.0,632.1,2.33,40.11
42,medium,13,08:53:41,08:53:42,08:54:52,COMPLETED,28627.0,1156.2,1.96,71.07
64,easy,12,08:55:16,08:55:17,08:55:42,COMPLETED,26570.0,426.1,1.08,26.38
162,hard,15,08:37:27,08:37:29,08:56:45,COMPLETED,30055.0,19267.5,2.50,1158.40
35,easy,12,08:56:13,08:56:13,08:57:10,COMPLETED,25782.0,947.3,0.89,57.43
51,medium,14,08:45:21,08:45:25,08:57:54,COMPLETED,31331.0,12490.3,4.66,753.89
27,medium,13,08:55:46,08:55:48,08:57:54,COMPLETED,35835.0,2108.3,2.71,128.89
151,medium,14,08:15:09,08:15:10,08:58:20,COMPLETED,35153.0,43154.7,1.94,2591.20
118,easy,12,08:57:27,08:57:29,08:58:26,COMPLETED,30126.0,952.6,2.60,59.56
161,medium,13,08:57:30,08:57:36,08:58:57,COMPLETED,28771.0,1361.6,6.10,87.62
40,hard,15,08:01:44,08:01:48,08:59:35,COMPLETED,32290.0,57772.0,4.76,3471.01
9,medium,13,08:57:31,08:57:36,08:59:59,COMPLETED,27877.0,2400.2,5.10,148.98
130,easy,12,08:59:05,08:59:10,08:59:59,COMPLETED,32211.0,835.0,5.07,54.98
155,easy,11,08:59:39,08:59:41,08:59:59,COMPLETED,30271.0,314.9,2.30,20.98
34,easy,11,08:59:35,08:59:35,09:00:06,COMPLETED,31159.0,522.5,0.01,31.22
184,easy,11,09:00:12,09:00:12,09:00:18,COMPLETED,24836.0,107.2,0.43,6.67
48,medium,13,08:59:30,08:59:35,09:00:31,COMPLETED,22935.0,937.6,5.01,61.07
241,easy,11,09:00:47,09:00:49,09:00:56,COMPLETED,20595.0,107.5,2.75,9.01
57,medium,14,08:34:39,08:34:42,09:01:27,COMPLETED,30170.0,26740.6,3.76,1608.13
43,medium,14,08:58:59,08:59:03,09:02:10,COMPLETED,29899.0,3115.9,4.83,191.61
86,medium,14,08:26:44,08:26:44,09:02:23,COMPLETED,32093.0,35647.2,0.23,2139.02
31,hard,15,08:48:17,08:48:20,09:02:23,COMPLETED,30915.0,14051.3,3.05,846.02
199,medium,13,09:00:36,09:00:37,09:03:12,COMPLETED,37340.0,2594.0,1.29,156.80
250,easy,12,09:02:56,09:03:00,09:03:12,COMPLETED,23257.0,211.6,4.31,16.80
96,medium,14,08:31:34,08:31:38,09:03:19,COMPLETED,35123.0,31683.1,4.10,1905.03
8,medium,14,08:47:17,08:47:17,09:03:37,COMPLETED,31567.0,16329.2,0.85,980.62
98,hard,15,08:53:27,08:53:30,09:04:33,COMPLETED,31594.0,11053.5,3.42,666.51
323,easy,11,09:04:05,09:04:08,09:04:33,COMPLETED,25802.0,418.2,3.58,28.51
302,easy,12,09:04:15,09:04:21,09:05:55,COMPLETED,24898.0,1577.5,6.04,100.30
81,hard,15,08:26:30,08:26:31,09:06:08,COMPLETED,28710.0,39604.4,1.92,2378.18
338,medium,13,09:05:18,09:05:23,09:06:08,COMPLETED,29541.0,741.4,5.92,50.18
270,easy,12,09:05:55,09:05:55,09:06:08,COMPLETED,24192.0,219.0,0.30,13.18
49,medium,14,08:57:23,08:57:23,09:06:20,COMPLETED,31836.0,8964.6,0.11,537.77
71,hard,15,08:51:21,08:51:25,09:07:04,COMPLETED,30106.0,15655.0,4.42,943.63
235,easy,11,09:07:04,09:07:04,09:07:10,COMPLETED,22253.0,107.4,0.63,6.88
211,easy,11,09:07:20,09:07:23,09:07:29,COMPLETED,31039.0,106.9,3.28,9.55
233,medium,13,09:01:39,09:01:39,09:07:35,COMPLETED,38230.0,5939.3,0.54,356.76
212,easy,11,09:07:44,09:07:48,09:07:54,COMPLETED,26671.0,106.9,4.19,10.46
115,medium,14,08:55:35,08:55:35,09:08:06,COMPLETED,33826.0,12517.2,0.99,751.92
197,easy,11,09:08:00,09:08:00,09:08:13,COMPLETED,29139.0,212.1,0.67,13.13
246,medium,14,09:03:47,09:03:49,09:08:19,COMPLETED,32306.0,4493.1,2.99,272.43
185,medium,13,09:07:38,09:07:41,09:08:25,COMPLETED,31961.0,730.9,3.96,47.65
313,easy,11,09:08:28,09:08:31,09:08:38,COMPLETED,24980.0,109.6,3.85,10.12
193,easy,12,09:08:12,09:08:13,09:09:03,COMPLETED,29309.0,838.4,1.13,51.30
322,easy,12,09:08:47,09:08:50,09:09:41,COMPLETED,29450.0,845.0,3.66,54.15
208,easy,11,09:09:23,09:09:28,09:09:53,COMPLETED,36592.0,425.3,5.28,30.61
238,easy,12,09:10:03,09:10:06,09:10:49,COMPLETED,16739.0,730.1,3.06,46.67
100,hard,15,08:24:07,08:24:11,09:11:20,COMPLETED,26453.0,47160.5,4.15,2833.75
316,easy,12,09:11:25,09:11:26,09:11:51,COMPLETED,31066.0,417.6,1.95,26.80
281,easy,12,09:11:46,09:11:51,09:11:58,COMPLETED,26300.0,107.8,5.80,12.05
234,easy,12,09:11:33,09:11:33,09:12:29,COMPLETED,24575.0,937.7,0.18,56.22
222,easy,12,09:12:27,09:12:29,09:13:12,COMPLETED,31321.0,730.1,2.22,45.78
301,easy,11,09:12:30,09:12:35,09:13:12,COMPLETED,30140.0,626.1,5.48,42.78
244,easy,11,09:13:25,09:13:25,09:13:37,COMPLETED,28118.0,212.9,0.33,12.91
255,easy,12,09:13:11,09:13:12,09:13:50,COMPLETED,30366.0,630.9,1.78,39.42
311,medium,14,09:07:43,09:07:48,09:14:09,COMPLETED,32994.0,6351.2,5.19,386.10
124,hard,15,08:43:16,08:43:21,09:14:21,COMPLETED,31582.0,31005.6,5.30,1865.58
278,medium,13,09:06:47,09:06:52,09:14:34,COMPLETED,29849.0,7701.3,5.18,467.00
252,easy,12,09:14:37,09:14:40,09:14:53,COMPLETED,26489.0,220.1,3.37,16.27
217,easy,11,09:15:11,09:15:12,09:15:25,COMPLETED,28198.0,216.0,1.45,14.08
286,medium,14,09:14:59,09:14:59,09:15:50,COMPLETED,32588.0,846.8,0.64,51.21
179,easy,12,09:13:40,09:13:44,09:16:03,COMPLETED,25942.0,2325.1,4.14,143.21
268,easy,12,09:15:55,09:15:56,09:16:28,COMPLETED,18251.0,542.4,1.60,33.96
260,easy,12,09:15:51,09:15:56,09:16:35,COMPLETED,31319.0,654.6,5.60,44.37
204,easy,11,09:16:34,09:16:35,09:16:41,COMPLETED,26141.0,112.0,1.37,7.96
251,easy,12,09:16:17,09:16:22,09:16:54,COMPLETED,27298.0,539.8,5.44,37.52
314,easy,11,09:16:33,09:16:35,09:17:07,COMPLETED,27551.0,537.5,2.37,34.28
60,hard,15,08:38:24,08:38:25,09:17:52,COMPLETED,29863.0,39451.9,1.29,2368.31
194,medium,13,09:14:55,09:14:59,09:17:52,COMPLETED,26162.0,2883.4,4.64,177.31
308,easy,12,09:17:13,09:17:13,09:18:05,COMPLETED,25962.0,864.0,0.70,52.16
215,hard,15,09:04:48,09:04:52,09:18:11,COMPLETED,30739.0,13324.8,4.35,803.61
259,easy,12,09:17:42,09:17:45,09:18:18,COMPLETED,26344.0,541.7,3.80,36.04
200,easy,12,09:18:24,09:18:24,09:18:49,COMPLETED,25445.0,429.8,0.34,25.64
186,medium,13,09:16:54,09:16:54,09:19:47,COMPLETED,32053.0,2887.0,0.52,173.42
216,easy,12,09:19:50,09:19:53,09:20:19,COMPLETED,28977.0,431.3,3.89,29.36
283,hard,15,09:06:01,09:06:01,09:20:38,COMPLETED,31040.0,14617.5,0.76,877.64
335,medium,13,09:17:27,09:17:32,09:20:44,COMPLETED,37879.0,3204.3,5.91,197.97
253,easy,12,09:20:52,09:20:57,09:21:03,COMPLETED,21787.0,108.7,5.46,11.75
242,medium,13,09:09:31,09:09:34,09:21:10,COMPLETED,28580.0,11589.7,3.78,699.01
196,easy,12,09:20:25,09:20:25,09:21:35,COMPLETED,26663.0,1157.2,0.82,70.03
236,easy,11,09:21:19,09:21:22,09:21:47,COMPLETED,30878.0,422.5,3.52,28.55
189,easy,11,09:21:45,09:21:47,09:21:53,COMPLETED,23643.0,109.6,2.55,8.90
213,medium,13,09:18:44,09:18:49,09:22:31,COMPLETED,23678.0,3697.9,5.64,227.31
192,easy,11,09:22:32,09:22:37,09:22:50,COMPLETED,23773.0,212.2,5.56,18.07
293,easy,11,09:22:52,09:22:56,09:23:02,COMPLETED,33771.0,108.1,4.31,10.58
291,easy,12,09:24:14,09:24:17,09:24:30,COMPLETED,29368.0,212.9,3.52,16.06
56,medium,14,08:45:10,08:45:13,09:24:42,COMPLETED,37858.0,39492.4,3.06,2372.56
156,medium,14,08:51:50,08:51:50,09:25:13,COMPLETED,30843.0,33391.7,0.40,2003.79
83,hard,15,08:49:04,08:49:09,09:25:20,COMPLETED,23980.0,36180.0,5.40,2176.11
257,easy,11,09:25:11,09:25:13,09:25:20,COMPLETED,33617.0,110.3,2.79,9.11
181,medium,14,09:13:17,09:13:19,09:25:38,COMPLETED,32338.0,12335.5,2.07,741.97
2,hard,15,08:56:01,08:56:01,09:25:45,COMPLETED,29151.0,29733.8,0.48,1784.36
41,hard,15,08:34:27,08:34:30,09:26:10,COMPLETED,27303.0,51675.6,3.21,3103.75
138,hard,15,08:53:13,08:53:17,09:26:29,COMPLETED,33498.0,33197.5,4.89,1996.69
274,medium,14,09:14:37,09:14:40,09:26:29,COMPLETED,32999.0,11822.6,3.37,712.69
226,easy,11,09:27:13,09:27:13,09:27:26,COMPLETED,28854.0,220.1,0.57,13.33
231,easy,12,09:27:25,09:27:26,09:28:10,COMPLETED,37312.0,748.9,1.33,45.85
276,easy,11,09:28:04,09:28:04,09:28:23,COMPLETED,25063.0,320.6,0.59,19.62
292,easy,11,09:28:13,09:28:17,09:28:23,COMPLETED,21622.0,108.3,4.35,10.62
261,easy,12,09:28:07,09:28:10,09:28:29,COMPLETED,26878.0,320.3,3.85,22.87
180,hard,15,09:19:15,09:19:15,09:28:48,COMPLETED,31788.0,9559.4,0.23,573.63
109,hard,15,08:55:53,08:55:55,09:29:33,COMPLETED,34811.0,33632.8,2.10,2020.00
210,easy,11,09:29:11,09:29:13,09:29:39,COMPLETED,26918.0,426.1,2.86,28.23
305,easy,12,09:28:49,09:28:54,09:29:58,COMPLETED,28606.0,1058.4,5.86,69.14
284,easy,11,09:29:56,09:29:58,09:30:04,COMPLETED,20342.0,107.6,2.14,8.40
227,medium,13,09:23:55,09:23:58,09:31:14,COMPLETED,29007.0,7260.1,3.78,439.10
256,easy,11,09:31:19,09:31:20,09:31:51,COMPLETED,24631.0,528.9,1.48,32.99
275,easy,11,09:33:05,09:33:06,09:33:19,COMPLETED,28998.0,212.4,1.69,14.22
229,easy,12,09:33:30,09:33:31,09:34:40,COMPLETED,19119.0,1151.6,1.75,70.63
285,easy,11,09:33:46,09:33:50,09:34:40,COMPLETED,29633.0,837.4,4.67,54.63
221,medium,14,09:33:32,09:33:38,09:35:24,COMPLETED,28408.0,1775.2,6.15,112.44
329,easy,11,09:35:37,09:35:43,09:35:55,COMPLETED,28913.0,213.9,6.16,18.72
266,easy,12,09:35:44,09:35:49,09:36:08,COMPLETED,23900.0,317.8,5.43,24.26
297,easy,11,09:35:53,09:35:55,09:36:08,COMPLETED,22625.0,213.3,2.72,15.26
331,easy,12,09:36:33,09:36:33,09:36:52,COMPLETED,28395.0,323.6,0.29,19.41
201,easy,12,09:35:10,09:35:11,09:37:11,COMPLETED,32720.0,1996.2,1.92,121.32
289,easy,11,09:37:06,09:37:11,09:37:17,COMPLETED,26567.0,113.8,5.32,11.76
327,easy,11,09:36:56,09:36:58,09:37:30,COMPLETED,30630.0,532.9,2.74,34.51
330,medium,13,09:36:51,09:36:52,09:38:08,COMPLETED,25940.0,1265.1,1.41,77.08
324,medium,14,09:33:27,09:33:31,09:38:33,COMPLETED,34261.0,5027.6,4.75,306.16
247,medium,14,09:16:48,09:16:48,09:39:23,COMPLETED,35491.0,22591.5,0.21,1355.51
310,easy,12,09:37:22,09:37:24,09:39:29,COMPLETED,24658.0,2099.3,2.18,127.91
332,easy,11,09:39:18,09:39:23,09:40:20,COMPLETED,27263.0,948.0,5.51,62.09
178,easy,12,09:39:20,09:39:23,09:40:51,COMPLETED,22724.0,1471.0,3.51,91.56
300,easy,11,09:40:40,09:40:45,09:40:51,COMPLETED,27846.0,110.4,5.21,11.56
223,medium,13,09:38:27,09:38:33,09:40:57,COMPLETED,27974.0,2415.6,6.16,150.86
306,easy,11,09:40:45,09:40:45,09:41:10,COMPLETED,26467.0,423.1,0.21,25.39
140,hard,15,08:58:27,08:58:32,09:42:57,COMPLETED,34320.0,44412.8,5.81,2670.42
203,medium,14,09:36:11,09:36:14,09:43:03,COMPLETED,26040.0,6828.3,3.53,412.89
188,easy,12,09:43:43,09:43:48,09:44:33,COMPLETED,30240.0,753.6,5.48,50.43
277,easy,12,09:44:04,09:44:07,09:44:33,COMPLETED,27084.0,433.9,3.68,29.43
209,medium,13,09:44:23,09:44:27,09:45:30,COMPLETED,22685.0,1055.3,4.09,67.15
170,medium,13,09:43:51,09:43:55,09:45:36,COMPLETED,24809.0,1693.0,4.12,105.44
299,easy,11,09:45:39,09:45:42,09:45:49,COMPLETED,25176.0,110.2,3.73,10.07
195,easy,12,09:36:53,09:36:58,09:45:55,COMPLETED,46435.0,8949.0,5.74,542.37
225,medium,14,09:01:00,09:01:02,09:46:14,COMPLETED,40719.0,45202.3,2.23,2714.26
326,medium,14,09:36:42,09:36:45,09:46:39,COMPLETED,33838.0,9895.9,3.91,597.47
303,medium,14,09:30:39,09:30:42,09:47:10,COMPLETED,37696.0,16477.2,3.34,991.80
337,medium,13,09:47:54,09:47:54,09:48:57,COMPLETED,28987.0,1051.9,0.64,63.56
269,easy,12,09:48:34,09:48:38,09:49:10,COMPLETED,30498.0,528.3,4.68,36.11
176,medium,13,09:43:47,09:43:48,09:50:38,COMPLETED,24945.0,6846.1,1.48,411.95
175,easy,12,09:49:48,09:49:54,09:50:38,COMPLETED,32259.0,755.8,6.09,50.95
280,easy,12,09:49:44,09:49:47,09:51:11,COMPLETED,32213.0,1401.0,3.74,87.37
187,easy,12,09:50:46,09:50:51,09:51:24,COMPLETED,24319.0,549.1,5.92,38.31
228,easy,11,09:52:15,09:52:15,09:52:22,COMPLETED,25324.0,117.6,0.53,7.13
263,easy,12,09:51:21,09:51:24,09:53:06,COMPLETED,31446.0,1715.9,3.31,105.97
232,hard,15,09:16:53,09:16:54,09:53:13,COMPLETED,27013.0,36314.7,1.52,2180.31
334,easy,12,09:53:01,09:53:06,09:54:04,COMPLETED,31727.0,964.3,5.97,63.50
336,hard,15,09:37:15,09:37:17,09:54:10,COMPLETED,33527.0,16889.3,2.76,1015.86
249,medium,14,09:15:54,09:15:56,09:55:15,COMPLETED,33896.0,39309.7,2.60,2361.12
207,easy,12,09:55:15,09:55:15,09:55:21,COMPLETED,28497.0,114.1,0.12,6.45
294,easy,11,09:55:17,09:55:21,09:55:28,COMPLETED,30646.0,122.4,4.45,11.02
333,medium,13,09:40:20,09:40:20,09:55:41,COMPLETED,36816.0,15359.1,0.09,921.39
328,easy,11,09:55:25,09:55:28,09:55:47,COMPLETED,23939.0,338.8,3.02,22.73
237,easy,11,09:55:47,09:55:47,09:56:01,COMPLETED,27449.0,227.2,0.73,14.01
319,easy,11,09:55:36,09:55:41,09:56:07,COMPLETED,28008.0,441.2,5.39,31.54
240,easy,12,09:55:45,09:55:47,09:56:20,COMPLETED,28919.0,545.8,2.73,35.17
239,medium,14,09:27:50,09:27:51,09:56:58,COMPLETED,37690.0,29106.3,1.82,1748.09
279,easy,12,09:56:51,09:56:51,09:57:10,COMPLETED,27991.0,321.7,0.69,19.72
218,medium,14,09:50:28,09:50:32,09:57:17,COMPLETED,33401.0,6747.8,4.38,409.02
304,hard,15,09:12:00,09:12:04,09:57:29,COMPLETED,35034.0,45423.3,4.30,2729.59
85,hard,15,08:37:59,08:38:00,09:57:48,COMPLETED,34435.0,79803.2,1.27,4789.46
173,easy,12,09:57:36,09:57:42,09:58:07,COMPLETED,26956.0,423.0,6.15,31.27
321,easy,12,09:58:14,09:58:19,09:58:38,COMPLETED,26784.0,323.9,5.81,24.96
14,hard,15,08:41:05,08:41:10,09:58:51,COMPLETED,25084.0,77677.1,5.98,4666.56
248,hard,15,09:42:17,09:42:19,10:00:13,COMPLETED,29428.0,17905.4,2.36,1076.49
191,easy,12,09:58:31,09:58:32,10:00:32,COMPLETED,33388.0,2002.1,1.54,121.42
245,easy,12,09:59:52,09:59:54,10:00:32,COMPLETED,23133.0,637.3,2.46,40.42
424,easy,12,10:00:45,10:00:45,10:01:10,COMPLETED,25951.0,433.3,0.09,25.62
262,medium,14,09:39:15,09:39:17,10:01:36,COMPLETED,36978.0,22325.6,2.13,1341.49
467,easy,12,10:00:38,10:00:38,10:01:42,COMPLETED,34642.0,1074.7,0.73,64.80
325,medium,14,09:07:19,09:07:23,10:02:54,COMPLETED,19442.0,55525.2,4.28,3335.47
448,easy,11,10:02:52,10:02:54,10:03:01,COMPLETED,25261.0,119.5,2.47,9.18
375,easy,11,10:02:47,10:02:47,10:03:07,COMPLETED,26553.0,337.0,0.83,20.69
454,easy,11,10:02:59,10:03:01,10:03:07,COMPLETED,22693.0,114.8,2.18,8.69
50,hard,15,08:34:28,08:34:30,10:05:10,COMPLETED,32375.0,90666.0,2.21,5442.22
315,medium,14,09:56:14,09:56:20,10:05:10,COMPLETED,25895.0,8842.3,6.17,536.22
471,medium,13,10:01:03,10:01:03,10:05:10,COMPLETED,28379.0,4113.8,1.00,247.22
379,easy,12,10:05:24,10:05:29,10:05:43,COMPLETED,21334.0,230.6,5.71,19.06
363,medium,13,10:05:33,10:05:36,10:05:56,COMPLETED,25973.0,338.1,3.43,23.23
190,hard,15,09:45:55,09:45:55,10:06:54,COMPLETED,25160.0,20986.3,0.37,1259.25
341,easy,12,10:05:46,10:05:49,10:07:07,COMPLETED,27429.0,1301.7,3.62,81.38
405,easy,11,10:07:10,10:07:13,10:07:20,COMPLETED,23491.0,112.8,3.77,10.19
398,medium,14,10:01:14,10:01:17,10:07:51,COMPLETED,27545.0,6582.8,3.13,397.85
499,medium,13,10:06:21,10:06:22,10:07:51,COMPLETED,25907.0,1500.8,1.11,90.85
172,medium,14,09:53:28,09:53:32,10:08:04,COMPLETED,31630.0,14537.7,4.50,876.55
177,medium,13,09:58:21,09:58:26,10:08:10,COMPLETED,38926.0,9748.7,5.17,589.88
466,easy,12,10:07:42,10:07:45,10:08:23,COMPLETED,30978.0,638.2,3.50,41.51
420,easy,11,10:08:54,10:08:55,10:09:07,COMPLETED,31652.0,216.6,1.05,13.70
296,medium,14,09:47:55,09:48:01,10:09:14,COMPLETED,35375.0,21221.0,6.01,1279.08
254,medium,14,09:59:42,09:59:48,10:09:14,COMPLETED,31658.0,9436.3,6.14,572.08
443,easy,11,10:09:04,10:09:07,10:09:20,COMPLETED,30602.0,217.7,3.70,16.40
273,hard,15,09:18:15,09:18:18,10:10:04,COMPLETED,31770.0,51783.8,3.04,3109.95
65,hard,15,08:28:15,08:28:16,10:10:11,COMPLETED,33834.0,101918.3,1.21,6116.28
230,hard,15,09:34:37,09:34:40,10:10:11,COMPLETED,35102.0,35513.5,3.63,2134.28
383,easy,12,10:09:30,10:09:33,10:10:17,COMPLETED,26493.0,746.8,3.09,47.61
452,medium,13,10:09:19,10:09:20,10:10:23,COMPLETED,26083.0,1063.5,1.40,64.93
380,easy,12,10:09:42,10:09:45,10:10:23,COMPLETED,27909.0,639.9,3.84,41.93
414,easy,12,10:09:42,10:09:45,10:10:23,COMPLETED,25125.0,639.3,3.84,41.93
438,medium,14,10:02:20,10:02:21,10:10:36,COMPLETED,28251.0,8251.9,1.66,496.55
219,medium,13,09:55:33,09:55:34,10:10:55,COMPLETED,33517.0,15345.3,1.86,922.39
465,hard,15,10:00:04,10:00:07,10:11:01,COMPLETED,30705.0,10912.9,3.15,657.69
485,easy,12,10:11:06,10:11:08,10:11:45,COMPLETED,25444.0,634.7,2.03,39.84
478,easy,12,10:12:04,10:12:04,10:12:23,COMPLETED,32042.0,318.6,0.67,19.56
453,easy,12,10:12:36,10:12:36,10:12:48,COMPLETED,26790.0,215.5,0.16,12.86
504,easy,12,10:12:56,10:13:01,10:13:14,COMPLETED,28293.0,215.1,5.45,18.07
364,easy,12,10:13:52,10:13:52,10:14:06,COMPLETED,30700.0,228.8,0.99,14.08
488,medium,14,10:12:28,10:12:29,10:14:12,COMPLETED,29262.0,1722.3,1.85,104.77
348,medium,13,10:07:45,10:07:58,10:14:19,COMPLETED,30845.0,6360.6,13.20,394.24
457,easy,12,10:12:39,10:12:42,10:14:57,COMPLETED,31439.0,2258.3,3.52,138.55
406,medium,13,10:14:18,10:14:19,10:15:49,COMPLETED,28596.0,1509.4,1.24,91.48
351,medium,14,10:09:35,10:09:39,10:16:08,COMPLETED,29288.0,6496.3,4.43,393.68
470,easy,12,10:16:04,10:16:08,10:16:40,COMPLETED,29230.0,544.5,4.68,36.91
33,hard,15,08:47:17,08:47:17,10:17:06,COMPLETED,29209.0,89816.2,0.85,5389.93
366,medium,13,10:16:55,10:17:00,10:18:11,COMPLETED,32630.0,1186.1,5.34,76.08
342,easy,12,10:17:36,10:17:39,10:18:55,COMPLETED,32124.0,1284.7,3.18,79.97
374,easy,12,10:18:30,10:18:30,10:18:55,COMPLETED,23560.0,428.3,0.55,25.97
290,medium,14,09:50:52,09:50:58,10:19:27,COMPLETED,28776.0,28492.3,6.25,1715.59
67,medium,14,08:57:28,08:57:29,10:19:52,COMPLETED,35897.0,82387.9,1.60,4944.91
441,easy,11,10:20:18,10:20:18,10:20:24,COMPLETED,27294.0,111.2,0.26,6.64
480,easy,12,10:18:26,10:18:30,10:20:49,COMPLETED,24182.0,2326.9,4.55,143.89
358,easy,12,10:18:56,10:19:02,10:21:02,COMPLETED,27977.0,2008.2,6.31,126.49
356,easy,11,10:21:22,10:21:27,10:21:34,COMPLETED,21588.0,111.5,5.77,12.12
429,easy,11,10:21:36,10:21:40,10:21:53,COMPLETED,27303.0,215.8,4.49,17.14
490,medium,13,10:06:59,10:07:00,10:22:12,COMPLETED,32579.0,15191.4,1.79,913.05
350,medium,13,10:13:37,10:13:39,10:22:43,COMPLETED,32241.0,9070.5,2.89,546.84
401,easy,12,10:21:02,10:21:02,10:22:50,COMPLETED,29972.0,1800.6,0.49,108.21
451,easy,12,10:22:37,10:22:37,10:22:50,COMPLETED,31202.0,219.0,0.42,13.21
506,easy,11,10:23:01,10:23:02,10:23:09,COMPLETED,21797.0,110.4,1.86,8.20
202,hard,15,09:58:31,09:58:32,10:23:21,COMPLETED,35723.0,24824.9,1.54,1490.88
411,easy,12,10:23:11,10:23:15,10:23:21,COMPLETED,28936.0,112.0,4.51,10.88
343,easy,11,10:23:36,10:23:40,10:23:47,COMPLETED,21065.0,119.9,5.00,11.60
267,hard,15,09:27:31,09:27:32,10:25:24,COMPLETED,28615.0,57866.7,1.83,3473.59
449,easy,12,10:25:19,10:25:24,10:25:37,COMPLETED,22917.0,220.1,5.59,18.50
183,hard,15,09:54:59,09:55:02,10:26:42,COMPLETED,30538.0,31668.8,3.15,1903.02
402,medium,13,10:26:12,10:26:16,10:27:27,COMPLETED,34852.0,1196.6,4.12,75.41
460,medium,14,10:20:10,10:20:11,10:27:40,COMPLETED,29455.0,7483.9,1.89,450.52
357,medium,14,10:23:41,10:23:47,10:28:25,COMPLETED,24286.0,4644.7,6.60,284.85
440,easy,12,10:26:58,10:27:47,10:28:25,COMPLETED,28390.0,655.3,49.06,87.85
436,easy,12,10:27:01,10:28:32,10:28:58,COMPLETED,27902.0,433.8,91.41,117.15
171,medium,13,09:19:31,09:19:34,10:29:23,COMPLETED,37585.0,69826.0,3.50,4192.89
432,easy,11,10:29:13,10:29:30,10:29:36,COMPLETED,22377.0,111.4,17.45,23.83
378,easy,11,10:29:16,10:29:43,10:30:02,COMPLETED,26732.0,321.7,27.16,46.16
492,medium,13,10:02:07,10:02:08,10:31:24,COMPLETED,30255.0,29266.2,1.59,1757.35
462,easy,12,10:29:48,10:31:30,10:33:24,COMPLETED,27631.0,1906.2,102.74,216.81
428,medium,14,10:04:23,10:04:24,10:34:27,COMPLETED,35844.0,30053.7,1.96,1804.97
372,medium,14,10:24:11,10:24:13,10:34:27,COMPLETED,26279.0,10249.7,2.31,616.97
421,easy,12,10:30:58,10:34:34,10:34:53,COMPLETED,27072.0,331.7,216.38,235.80
362,medium,14,10:20:26,10:20:30,10:36:11,COMPLETED,28268.0,15680.9,4.95,945.58
475,medium,13,10:26:40,10:27:33,10:36:17,COMPLETED,30937.0,8741.0,53.96,577.91
487,easy,11,10:31:50,10:36:17,10:36:31,COMPLETED,25071.0,232.8,267.91,281.24
501,hard,15,10:22:14,10:22:18,10:37:16,COMPLETED,31558.0,14977.7,4.37,902.63
500,medium,13,10:31:21,10:34:34,10:38:47,COMPLETED,34639.0,4218.6,193.38,446.28
307,hard,15,09:47:17,09:47:17,10:39:00,COMPLETED,32605.0,51723.2,0.06,3103.21
317,hard,15,09:30:20,09:30:23,10:39:39,COMPLETED,35960.0,69266.7,3.26,4159.07
508,easy,11,10:33:26,10:39:06,10:39:39,COMPLETED,30516.0,547.6,340.76,373.07
450,hard,15,10:08:36,10:08:36,10:45:40,COMPLETED,29510.0,37076.4,0.12,2224.50
426,hard,15,10:04:53,10:04:57,10:46:06,COMPLETED,35462.0,41152.2,4.09,2473.04
395,medium,13,10:32:49,10:37:23,10:47:02,COMPLETED,40341.0,9666.9,274.17,853.90
368,medium,14,10:14:02,10:14:06,10:47:09,COMPLETED,32326.0,33056.8,4.08,1987.25
413,easy,11,10:36:12,10:47:09,10:47:21,COMPLETED,33735.0,217.4,657.25,669.99
481,easy,11,10:36:13,10:47:15,10:47:41,COMPLETED,27444.0,428.6,662.62,688.02
410,easy,12,10:36:52,10:47:28,10:47:47,COMPLETED,23719.0,323.6,636.32,655.37
425,easy,11,10:37:01,10:47:47,10:48:00,COMPLETED,30525.0,219.2,646.37,659.16
417,easy,11,10:37:23,10:48:06,10:48:38,COMPLETED,26354.0,533.2,643.55,675.24
503,easy,11,10:38:04,10:48:44,10:48:57,COMPLETED,23044.0,216.4,640.57,653.24
384,medium,13,10:25:21,10:25:31,10:50:06,COMPLETED,36134.0,24598.8,10.06,1485.75
349,easy,11,10:39:00,10:50:13,10:50:19,COMPLETED,26928.0,111.0,673.08,679.44
446,easy,12,10:38:52,10:49:03,10:50:32,COMPLETED,31607.0,1480.7,611.58,700.12
407,medium,14,10:01:22,10:01:23,10:52:47,COMPLETED,35709.0,51393.0,1.79,3085.18
412,medium,13,10:39:11,10:50:25,10:53:06,COMPLETED,33682.0,2689.3,674.77,835.62
444,medium,14,10:31:51,10:36:24,10:53:13,COMPLETED,27324.0,16816.0,273.52,1282.19
352,medium,14,10:29:44,10:30:08,10:53:26,COMPLETED,35518.0,23297.7,24.49,1422.04
476,easy,11,10:40:53,10:53:13,10:53:26,COMPLETED,28481.0,220.8,740.19,753.04
389,easy,11,10:40:56,10:53:19,10:53:26,COMPLETED,24643.0,114.9,743.56,750.04
437,easy,11,10:41:14,10:53:32,10:53:38,COMPLETED,23472.0,113.0,738.48,744.95
430,easy,12,10:42:18,10:53:32,10:53:51,COMPLETED,25301.0,325.5,674.48,693.68
392,easy,12,10:41:51,10:53:32,10:54:10,COMPLETED,30842.0,644.3,701.48,739.89
439,medium,13,10:39:21,10:50:38,10:54:17,COMPLETED,31744.0,3651.8,677.45,896.23
477,easy,12,10:42:30,10:53:45,10:54:30,COMPLETED,24098.0,750.4,675.30,720.02
463,easy,12,10:42:44,10:54:23,10:55:20,COMPLETED,30768.0,954.6,699.61,756.58
423,medium,13,10:39:56,10:52:53,10:55:33,COMPLETED,28363.0,2666.7,777.57,937.28
468,easy,12,10:42:55,10:54:36,10:55:52,COMPLETED,27093.0,1270.4,701.36,777.29
418,easy,12,10:43:37,10:55:26,10:56:05,COMPLETED,34274.0,640.6,709.92,748.06
309,hard,15,09:27:46,09:27:51,10:56:49,COMPLETED,29891.0,88960.5,5.82,5343.36
243,hard,15,09:58:55,09:58:57,10:57:08,COMPLETED,30658.0,58177.9,2.88,3493.37
373,easy,11,10:45:00,10:56:55,10:57:08,COMPLETED,31536.0,217.4,715.68,728.37
455,easy,12,10:44:03,10:55:58,10:57:59,COMPLETED,29496.0,2012.8,715.62,836.09
377,easy,12,10:45:26,10:58:05,10:58:24,COMPLETED,27656.0,324.2,759.42,778.53
409,easy,12,10:45:11,10:57:14,11:00:13,COMPLETED,26394.0,2991.0,723.75,902.73
497,easy,11,10:46:25,11:00:20,11:00:33,COMPLETED,27575.0,226.6,835.30,848.40
264,hard,15,09:17:14,09:17:20,11:00:46,COMPLETED,33670.0,103436.5,6.19,6212.29
355,medium,14,10:42:39,10:54:17,11:00:52,COMPLETED,32492.0,6599.1,698.23,1093.61
340,easy,12,10:46:31,11:00:39,11:01:44,COMPLETED,34154.0,1084.8,848.94,913.44
344,easy,11,10:47:12,11:01:51,11:01:57,COMPLETED,25971.0,119.1,879.08,885.73
390,easy,11,10:47:48,11:02:04,11:02:49,COMPLETED,24762.0,757.5,856.27,901.23
318,hard,15,09:04:04,09:04:08,11:03:41,COMPLETED,36670.0,119548.1,4.58,7177.37
495,hard,15,10:25:04,10:25:04,11:03:41,COMPLETED,34169.0,38615.3,0.81,2317.37
493,medium,14,10:45:04,10:57:14,11:03:41,COMPLETED,35981.0,6452.4,730.75,1117.37
422,medium,14,10:42:35,10:53:58,11:03:47,COMPLETED,29909.0,9842.4,683.14,1272.96
431,easy,12,10:48:36,11:03:47,11:05:50,COMPLETED,33828.0,2038.3,911.96,1034.15
153,hard,15,08:52:37,08:52:40,11:06:02,COMPLETED,30017.0,133373.9,3.44,8005.84
360,medium,14,10:49:08,11:03:54,11:06:53,COMPLETED,30095.0,2981.6,886.79,1065.39
113,hard,15,08:07:22,08:07:27,11:07:06,COMPLETED,36550.0,179640.8,5.64,10784.08
394,hard,15,10:37:11,10:47:53,11:07:18,COMPLETED,33124.0,19422.6,642.76,1807.86
403,medium,14,10:45:54,10:58:30,11:07:37,COMPLETED,37857.0,9121.1,756.90,1303.86
502,medium,13,10:47:50,11:02:55,11:07:37,COMPLETED,33166.0,4707.0,905.77,1187.86
198,hard,15,09:39:00,09:39:04,11:07:57,COMPLETED,33655.0,88877.2,4.53,5337.04
399,hard,15,10:04:24,10:04:24,11:07:57,COMPLETED,28785.0,63536.1,0.96,3813.04
365,easy,11,10:52:38,11:08:03,11:08:16,COMPLETED,27816.0,219.0,925.45,938.23
507,easy,11,10:52:48,11:08:22,11:08:41,COMPLETED,28453.0,325.2,934.62,953.77
381,easy,11,10:53:02,11:08:48,11:09:00,COMPLETED,24232.0,218.1,946.16,958.88
220,medium,14,09:45:22,09:45:23,11:09:51,COMPLETED,27963.0,84467.2,1.83,5069.74
491,easy,12,10:54:27,11:09:07,11:10:11,COMPLETED,29505.0,1070.8,880.27,944.00
388,easy,11,10:55:36,11:10:17,11:10:36,COMPLETED,27402.0,327.6,881.57,900.74
393,medium,13,10:52:38,11:08:03,11:10:43,COMPLETED,26066.0,2672.1,925.45,1085.25
345,easy,12,10:55:27,11:09:58,11:10:43,COMPLETED,29132.0,762.6,871.11,916.25
391,easy,11,10:55:49,11:10:43,11:10:49,COMPLETED,25488.0,117.0,894.25,900.91
339,hard,15,09:16:44,09:16:48,11:11:15,COMPLETED,29705.0,114461.2,4.21,6871.72
367,medium,13,10:49:45,11:06:09,11:11:15,COMPLETED,30401.0,5117.9,984.18,1290.72
282,hard,15,09:32:55,09:33:00,11:11:29,COMPLETED,29960.0,98480.6,5.40,5914.07
354,medium,14,10:13:16,10:13:20,11:11:29,COMPLETED,24204.0,58149.7,4.38,3493.07
369,medium,14,10:44:02,10:55:39,11:11:48,COMPLETED,32369.0,16158.7,697.62,1666.87
396,easy,11,10:57:02,11:11:35,11:12:33,COMPLETED,28455.0,965.8,873.67,931.32
370,easy,12,10:57:10,11:11:55,11:12:33,COMPLETED,29136.0,639.4,885.27,923.32
346,medium,13,10:50:31,11:07:25,11:14:02,COMPLETED,36783.0,6628.2,1014.19,1411.46
464,medium,13,10:57:22,11:12:39,11:14:15,COMPLETED,29924.0,1604.5,917.66,1013.63
271,hard,15,09:56:57,09:56:58,11:14:54,COMPLETED,29345.0,77945.1,1.09,4677.61
62,hard,15,08:13:13,08:13:15,11:15:01,COMPLETED,41799.0,181764.5,2.39,10908.15
404,medium,14,10:56:57,11:11:22,11:15:20,COMPLETED,34732.0,3976.2,865.36,1103.56
408,easy,11,10:58:45,11:15:01,11:15:27,COMPLETED,26056.0,444.2,976.15,1002.16
434,medium,14,10:52:17,11:07:44,11:15:33,COMPLETED,32052.0,7832.4,927.25,1396.86
496,easy,12,10:58:35,11:14:09,11:15:33,COMPLETED,26498.0,1421.4,934.01,1018.86
663,easy,11,11:00:20,11:15:27,11:15:40,COMPLETED,25485.0,230.9,907.16,920.34
359,hard,15,10:56:00,11:10:49,11:15:53,COMPLETED,31606.0,5067.8,889.91,1193.72
479,medium,14,10:26:35,10:26:48,11:16:13,COMPLETED,30848.0,49414.5,13.56,2978.23
595,easy,11,11:04:18,11:16:19,11:16:26,COMPLETED,23019.0,111.4,721.65,728.02
498,hard,15,10:27:59,10:28:32,11:16:38,COMPLETED,35970.0,48105.9,33.41,2919.70
530,easy,12,11:04:54,11:16:45,11:17:10,COMPLETED,29623.0,428.3,711.03,736.43
473,medium,14,10:59:44,11:15:07,11:17:16,COMPLETED,28496.0,2154.6,923.80,1052.76
542,easy,11,11:05:06,11:17:16,11:17:23,COMPLETED,25870.0,112.5,730.76,737.13
546,easy,12,11:05:23,11:17:23,11:17:35,COMPLETED,24041.0,218.0,720.13,732.90
563,medium,13,11:02:30,11:15:40,11:18:45,COMPLETED,34510.0,3087.4,790.34,975.41
474,medium,14,10:30:41,10:33:31,11:19:04,COMPLETED,37667.0,45557.3,170.14,2903.41
619,easy,11,11:06:41,11:19:10,11:19:23,COMPLETED,25439.0,216.3,749.74,762.42
125,hard,15,08:48:59,08:49:03,11:19:55,COMPLETED,40565.0,150864.4,4.20,9056.04
582,medium,13,11:06:51,11:19:29,11:20:32,COMPLETED,34946.0,1059.0,758.74,821.98
456,medium,14,10:58:44,11:14:21,11:20:58,COMPLETED,31965.0,6610.2,937.96,1334.32
647,medium,13,11:05:38,11:18:51,11:20:58,COMPLETED,31635.0,2114.9,793.74,920.32
567,easy,12,11:08:34,11:21:04,11:21:23,COMPLETED,32674.0,327.8,750.67,769.86
397,medium,14,10:57:08,11:11:35,11:21:30,COMPLETED,25818.0,9916.5,867.67,1462.42
558,easy,11,11:08:24,11:21:04,11:21:30,COMPLETED,23036.0,435.6,760.67,786.42
662,easy,11,11:09:08,11:21:36,11:21:43,COMPLETED,27972.0,114.1,748.83,755.21
613,medium,14,11:04:37,11:16:32,11:22:22,COMPLETED,31649.0,5837.3,715.35,1065.30
568,medium,14,11:03:42,11:16:00,11:22:47,COMPLETED,28936.0,6804.1,738.05,1145.83
387,hard,15,10:46:48,11:00:59,11:23:01,COMPLETED,28574.0,22034.8,851.26,2173.01
617,easy,12,11:09:57,11:23:07,11:23:39,COMPLETED,22492.0,542.6,790.54,822.60
520,easy,11,11:10:14,11:23:46,11:24:38,COMPLETED,23442.0,874.8,812.13,864.10
505,medium,14,10:28:00,10:29:04,11:24:51,COMPLETED,26965.0,55780.1,64.48,3411.02
651,medium,14,11:05:35,11:17:42,11:24:57,COMPLETED,27262.0,7266.1,727.24,1162.58
509,hard,15,10:31:46,10:35:00,11:25:23,COMPLETED,30741.0,50395.6,194.34,3217.81
527,medium,13,11:09:41,11:22:54,11:25:30,COMPLETED,32925.0,2609.2,793.41,949.38
371,hard,15,10:33:42,10:39:45,11:25:37,COMPLETED,26773.0,45860.2,363.66,3115.04
671,easy,12,11:11:45,11:25:04,11:25:50,COMPLETED,23342.0,767.5,799.32,845.09
545,easy,12,11:12:38,11:25:56,11:26:54,COMPLETED,25824.0,978.7,798.41,856.64
660,medium,13,11:11:27,11:24:44,11:27:20,COMPLETED,32916.0,2612.0,797.66,953.89
670,medium,13,11:11:55,11:25:37,11:27:20,COMPLETED,30439.0,1740.1,822.04,925.89
484,hard,15,10:56:35,11:11:22,11:27:59,COMPLETED,35443.0,16620.5,887.36,1884.37
602,easy,12,11:13:18,11:28:05,11:28:37,COMPLETED,31063.0,532.2,887.70,919.33
174,hard,15,09:55:23,09:55:28,11:28:43,COMPLETED,40211.0,93262.9,5.02,5600.66
353,hard,15,10:35:53,10:46:12,11:28:43,COMPLETED,27639.0,42525.3,619.37,3170.66
631,medium,14,11:05:29,11:17:29,11:28:50,COMPLETED,33053.0,11347.0,720.54,1401.04
415,hard,15,10:12:00,10:12:04,11:29:02,COMPLETED,32030.0,76972.4,4.67,4622.86
657,easy,12,11:11:51,11:25:30,11:29:02,COMPLETED,28628.0,3547.4,819.38,1031.86
594,easy,12,11:14:01,11:28:50,11:29:02,COMPLETED,23019.0,220.6,889.04,901.86
672,easy,12,11:14:31,11:28:50,11:29:09,COMPLETED,21971.0,328.3,859.04,878.32
622,easy,12,11:13:32,11:28:43,11:29:15,COMPLETED,26235.0,541.6,911.66,943.84
518,easy,12,11:13:00,11:27:27,11:29:53,COMPLETED,25887.0,2443.4,867.51,1013.84
534,easy,11,11:16:49,11:29:15,11:30:00,COMPLETED,35651.0,745.3,746.84,791.17
625,easy,12,11:16:20,11:29:09,11:30:12,COMPLETED,26292.0,1065.6,769.32,832.99
628,easy,11,11:18:01,11:30:00,11:30:12,COMPLETED,29390.0,219.5,719.17,731.99
543,easy,12,11:18:01,11:30:06,11:30:32,COMPLETED,30458.0,432.4,725.60,751.19
513,easy,11,11:18:24,11:30:19,11:30:32,COMPLETED,19462.0,219.7,715.38,728.19
512,easy,11,11:19:23,11:30:38,11:30:51,COMPLETED,22152.0,218.5,675.59,688.36
643,easy,11,11:19:34,11:30:38,11:30:51,COMPLETED,33562.0,217.9,664.59,677.36
522,medium,14,11:08:37,11:21:30,11:31:04,COMPLETED,32961.0,9566.8,773.42,1347.15
557,easy,12,11:19:41,11:30:57,11:32:20,COMPLETED,25217.0,1377.8,676.74,759.09
205,hard,15,09:24:20,09:24:23,11:32:39,COMPLETED,39259.0,128261.9,3.79,7699.38
656,medium,13,11:19:53,11:30:57,11:33:11,COMPLETED,25149.0,2243.2,664.74,798.89
596,easy,11,11:21:30,11:33:18,11:33:44,COMPLETED,28797.0,444.7,708.44,734.58
419,hard,15,10:49:46,11:06:59,11:34:04,COMPLETED,35627.0,27079.4,1033.72,2658.30
612,easy,11,11:22:05,11:34:10,11:34:17,COMPLETED,27008.0,115.4,725.64,732.27
586,easy,11,11:22:13,11:34:23,11:34:36,COMPLETED,29586.0,222.5,730.59,743.45
532,medium,14,11:17:32,11:29:22,11:35:54,COMPLETED,28191.0,6538.9,710.20,1102.27
653,medium,13,11:21:47,11:33:51,11:35:54,COMPLETED,25165.0,2056.7,724.16,847.27
566,medium,14,11:12:06,11:25:43,11:36:00,COMPLETED,22839.0,10294.5,817.48,1434.60
549,medium,14,11:08:49,11:21:36,11:36:46,COMPLETED,35866.0,15162.8,767.83,1677.23
673,medium,14,11:21:15,11:32:45,11:37:18,COMPLETED,37184.0,4554.5,690.96,963.95
592,easy,11,11:24:55,11:37:25,11:37:31,COMPLETED,26201.0,112.1,750.28,756.70
664,easy,11,11:25:46,11:37:38,11:37:44,COMPLETED,22932.0,120.9,712.03,718.66
514,easy,11,11:26:05,11:37:51,11:37:57,COMPLETED,23712.0,112.2,706.32,712.76
573,medium,14,11:20:46,11:31:10,11:39:21,COMPLETED,27290.0,8183.9,624.52,1115.28
400,hard,15,10:47:57,11:03:47,11:40:50,COMPLETED,30189.0,37038.2,950.96,3173.07
609,medium,13,11:26:23,11:38:04,11:40:50,COMPLETED,27989.0,2772.2,701.09,867.07
489,hard,15,10:12:31,10:12:36,11:41:47,COMPLETED,37439.0,89185.8,5.16,5356.20
382,medium,14,10:48:11,11:03:47,11:41:47,COMPLETED,31547.0,37988.6,936.96,3216.20
547,medium,13,11:27:39,11:41:53,11:42:37,COMPLETED,28822.0,743.1,854.55,898.83
19,hard,15,08:18:20,08:18:20,11:43:41,COMPLETED,31410.0,205341.7,0.54,12321.11
641,medium,14,11:14:51,11:28:56,11:44:13,COMPLETED,33637.0,15287.3,845.45,1762.30
486,hard,15,10:05:28,10:05:29,11:45:43,COMPLETED,29530.0,100238.2,1.71,6015.98
624,hard,15,11:07:04,11:20:01,11:45:43,COMPLETED,28139.0,25714.7,777.37,2319.98
640,easy,11,11:29:13,11:45:50,11:46:09,COMPLETED,26466.0,330.2,997.40,1016.72
537,easy,11,11:31:24,11:46:16,11:46:29,COMPLETED,23441.0,227.6,892.26,905.37
606,medium,13,11:26:55,11:39:27,11:47:34,COMPLETED,34648.0,8114.7,752.61,1239.05
616,medium,14,11:18:51,11:30:19,11:47:40,COMPLETED,29454.0,17361.1,688.38,1729.60
312,medium,14,09:08:09,09:08:13,11:47:53,COMPLETED,39002.0,159679.8,4.13,9584.85
638,easy,12,11:32:41,11:48:00,11:48:39,COMPLETED,28264.0,662.5,919.39,958.60
572,medium,14,11:09:26,11:21:49,11:49:57,COMPLETED,29581.0,28131.8,743.75,2431.41
608,easy,12,11:32:37,11:47:47,11:50:22,COMPLETED,25808.0,2599.3,910.25,1065.84
658,easy,11,11:32:58,11:50:29,11:50:35,COMPLETED,24525.0,111.1,1051.25,1057.61
516,medium,14,11:32:06,11:47:40,11:50:41,COMPLETED,28052.0,3028.9,934.60,1115.94
655,medium,13,11:29:00,11:43:47,11:50:48,COMPLETED,32765.0,7017.7,887.65,1308.39
536,medium,14,11:29:07,11:44:19,11:51:20,COMPLETED,33770.0,7011.3,912.85,1333.20
632,easy,12,11:34:56,11:51:26,11:52:36,COMPLETED,31216.0,1167.5,990.59,1060.33
28,hard,15,08:55:27,08:55:29,11:52:49,COMPLETED,34587.0,177324.0,2.59,10642.02
590,easy,12,11:34:00,11:50:48,11:52:49,COMPLETED,29248.0,2015.5,1008.39,1129.02
629,easy,11,11:36:00,11:52:55,11:53:08,COMPLETED,25940.0,216.7,1015.36,1028.06
579,medium,13,11:36:30,11:52:55,11:53:33,COMPLETED,31878.0,638.0,985.36,1023.38
652,medium,13,11:31:44,11:46:35,11:53:39,COMPLETED,25622.0,7067.8,891.96,1315.71
519,medium,13,11:35:35,11:52:42,11:53:39,COMPLETED,27091.0,956.9,1027.66,1084.71
584,easy,11,11:37:47,11:53:46,11:53:58,COMPLETED,23633.0,217.6,959.10,971.81
511,easy,11,11:37:47,11:53:46,11:53:58,COMPLETED,17421.0,217.3,959.10,971.81
645,easy,12,11:39:09,11:54:05,11:54:11,COMPLETED,27741.0,111.2,896.20,902.61
564,medium,13,11:32:45,11:48:46,11:55:08,COMPLETED,27464.0,6377.4,961.19,1343.56
676,medium,14,11:15:44,11:29:09,11:55:21,COMPLETED,30732.0,26202.7,805.32,2377.27
523,easy,12,11:39:27,11:55:14,11:56:18,COMPLETED,26704.0,1058.9,947.89,1011.12
571,easy,12,11:39:44,11:56:24,11:57:27,COMPLETED,33721.0,1060.1,1000.45,1063.70
675,easy,12,11:40:30,11:57:34,11:58:12,COMPLETED,18762.0,637.4,1024.09,1062.02
578,medium,13,11:37:18,11:53:39,11:58:31,COMPLETED,29733.0,4860.4,981.71,1273.04
679,easy,11,11:41:00,11:58:37,11:58:43,COMPLETED,21676.0,111.2,1057.37,1063.73
597,easy,12,11:40:50,11:58:18,11:59:02,COMPLETED,35916.0,745.9,1048.35,1092.74
633,easy,11,11:41:06,11:58:50,11:59:02,COMPLETED,29843.0,217.7,1064.07,1076.74
531,easy,12,11:41:31,11:59:09,11:59:34,COMPLETED,25964.0,428.7,1058.16,1083.57
635,medium,13,11:42:14,11:59:09,12:00:25,COMPLETED,31044.0,1274.0,1015.16,1091.33
565,medium,14,11:36:59,11:53:14,12:01:10,COMPLETED,31427.0,7941.7,975.39,1451.43
621,medium,13,11:42:59,11:59:40,12:01:30,COMPLETED,27801.0,1824.9,1001.91,1111.12
580,easy,11,11:45:24,12:01:36,12:01:49,COMPLETED,13834.0,220.4,972.44,985.17
607,easy,11,11:45:04,12:01:16,12:02:02,COMPLETED,25443.0,760.6,972.97,1018.11
569,easy,12,11:45:28,12:01:55,12:02:08,COMPLETED,26881.0,225.7,987.71,1000.65
659,easy,12,11:45:41,12:02:15,12:02:34,COMPLETED,24049.0,328.2,994.30,1013.48
611,medium,14,11:07:27,11:20:39,12:02:54,COMPLETED,33724.0,42248.9,792.31,3327.03
551,medium,13,11:45:41,12:02:41,12:03:38,COMPLETED,35747.0,964.5,1020.02,1077.59
562,medium,13,11:27:54,11:42:44,12:03:44,COMPLETED,33997.0,21018.2,890.17,2150.93
639,medium,14,11:22:59,11:36:00,12:03:51,COMPLETED,27915.0,27849.5,781.60,2452.34
510,easy,11,11:46:32,12:03:57,12:04:48,COMPLETED,31146.0,849.0,1045.79,1096.35
560,easy,11,11:47:04,12:04:54,12:05:01,COMPLETED,30014.0,111.6,1070.76,1077.16
515,medium,13,11:27:02,11:40:56,12:05:07,COMPLETED,33183.0,24188.9,834.46,2285.48
570,medium,13,11:45:35,12:02:08,12:05:20,COMPLETED,23265.0,3198.1,993.65,1185.26
599,easy,11,11:47:35,12:05:07,12:05:20,COMPLETED,26015.0,218.2,1052.48,1065.26
637,easy,11,11:47:53,12:05:13,12:05:26,COMPLETED,24277.0,217.8,1040.91,1053.61
552,easy,11,11:48:21,12:05:26,12:05:51,COMPLETED,26368.0,427.9,1025.61,1050.99
550,medium,14,11:34:54,11:50:54,12:05:58,COMPLETED,29415.0,15064.3,960.77,1864.32
636,easy,11,11:48:51,12:05:58,12:06:11,COMPLETED,26842.0,217.3,1027.32,1040.06
649,easy,11,11:49:00,12:06:04,12:06:11,COMPLETED,24065.0,111.2,1024.70,1031.06
646,easy,11,11:49:21,12:06:17,12:06:23,COMPLETED,26589.0,110.9,1016.40,1022.78
674,easy,12,11:49:20,12:06:17,12:06:55,COMPLETED,20835.0,639.1,1017.40,1055.40
589,easy,11,11:50:40,12:07:01,12:07:14,COMPLETED,25708.0,216.2,981.77,994.44
525,medium,13,11:45:49,12:03:00,12:08:30,COMPLETED,31666.0,5510.2,1031.42,1361.64
556,medium,13,11:33:50,11:50:41,12:09:02,COMPLETED,35375.0,18357.0,1011.94,2112.94
591,easy,11,11:51:07,12:08:37,12:09:02,COMPLETED,32451.0,439.6,1050.09,1075.94
445,medium,14,10:57:40,11:12:39,12:09:09,COMPLETED,32881.0,56500.8,899.66,4289.51
610,hard,15,11:24:05,11:36:52,12:09:29,COMPLETED,26479.0,32610.0,767.77,2724.01
538,easy,11,11:52:31,12:09:15,12:09:35,COMPLETED,29425.0,332.5,1004.91,1024.53
535,medium,14,11:46:16,12:03:44,12:10:14,COMPLETED,28469.0,6499.5,1048.93,1438.46
386,hard,15,10:00:35,10:00:38,12:10:27,COMPLETED,39265.0,129815.9,3.73,7792.55
593,easy,11,11:53:14,12:10:21,12:10:27,COMPLETED,25939.0,117.7,1027.02,1033.55
559,medium,13,11:48:46,12:05:33,12:10:34,COMPLETED,26184.0,5024.0,1007.01,1308.12
575,medium,13,11:50:32,12:06:30,12:10:40,COMPLETED,30974.0,4182.6,958.12,1208.51
620,easy,11,11:54:18,12:10:40,12:10:53,COMPLETED,27483.0,229.2,982.51,995.79
677,easy,11,11:55:04,12:11:00,12:11:13,COMPLETED,24461.0,221.2,956.33,969.27
668,easy,11,11:55:35,12:11:19,12:11:26,COMPLETED,28584.0,116.4,944.63,951.23
669,easy,12,11:53:56,12:10:34,12:12:18,COMPLETED,26518.0,1740.2,998.12,1102.07
529,easy,12,11:55:57,12:11:32,12:14:40,COMPLETED,29269.0,3128.0,935.65,1123.03
601,hard,15,11:30:35,11:45:50,12:14:59,COMPLETED,29846.0,29147.0,915.40,2664.03
603,easy,12,11:56:16,12:14:46,12:15:05,COMPLETED,26974.0,322.3,1110.36,1129.36
615,easy,12,11:56:26,12:15:05,12:15:30,COMPLETED,30318.0,428.1,1119.36,1144.73
548,medium,14,11:27:51,11:41:53,12:16:02,COMPLETED,27256.0,34149.7,842.55,2891.37
533,medium,14,11:22:46,11:36:00,12:16:08,COMPLETED,34438.0,40139.5,794.60,3202.70
604,easy,11,11:57:35,12:16:15,12:16:21,COMPLETED,25117.0,112.6,1120.11,1126.50
287,hard,15,09:16:00,09:16:03,12:16:27,COMPLETED,36750.0,180413.0,3.21,10827.89
650,hard,15,11:16:47,11:29:09,12:16:47,COMPLETED,28340.0,47631.4,742.32,3600.09
561,medium,13,11:50:57,12:07:20,12:16:53,COMPLETED,29207.0,9550.5,983.77,1556.46
661,medium,14,11:54:52,12:10:47,12:16:59,COMPLETED,26645.0,6217.6,955.17,1327.90
459,hard,15,10:34:30,10:39:45,12:17:38,COMPLETED,30916.0,97875.9,315.66,6188.18
627,easy,11,11:59:01,12:17:06,12:17:38,COMPLETED,28312.0,536.6,1085.31,1117.18
376,hard,15,10:33:10,10:38:53,12:19:51,COMPLETED,40220.0,100976.3,343.60,6401.98
574,hard,15,11:27:37,11:40:56,12:19:51,COMPLETED,36376.0,38930.8,799.46,3134.98
634,easy,12,11:59:29,12:19:58,12:20:24,COMPLETED,25433.0,442.7,1229.56,1255.76
585,easy,12,11:59:23,12:19:58,12:20:37,COMPLETED,26022.0,656.0,1235.56,1274.62
521,easy,12,11:59:59,12:20:43,12:21:34,COMPLETED,24159.0,850.8,1244.95,1295.64
435,hard,15,10:25:13,10:25:17,12:22:12,COMPLETED,32832.0,116916.1,4.96,7019.83
702,medium,13,12:00:31,12:21:41,12:22:25,COMPLETED,28976.0,751.3,1270.02,1314.59
753,easy,11,12:00:53,12:22:32,12:22:57,COMPLETED,25985.0,438.0,1299.15,1324.94
528,easy,12,11:59:48,12:20:31,12:23:37,COMPLETED,31730.0,3108.1,1243.24,1429.24
600,medium,14,11:52:19,12:09:09,12:24:16,COMPLETED,27444.0,15112.5,1010.51,1917.07
710,easy,12,12:01:33,12:23:04,12:24:55,COMPLETED,33008.0,1853.2,1291.48,1402.17
442,medium,14,10:46:45,11:00:52,12:25:08,COMPLETED,34500.0,84265.0,847.61,5903.32
697,easy,11,12:02:34,12:25:14,12:25:27,COMPLETED,24536.0,223.9,1360.86,1373.99
820,easy,12,12:02:00,12:23:43,12:25:46,COMPLETED,28034.0,2058.2,1303.79,1426.99
803,easy,11,12:02:57,12:25:34,12:25:46,COMPLETED,21067.0,216.4,1357.32,1369.99
819,easy,12,12:02:59,12:25:53,12:26:18,COMPLETED,26755.0,428.4,1374.33,1399.72
721,medium,13,12:03:31,12:26:25,12:26:50,COMPLETED,29692.0,429.9,1374.06,1399.56
795,easy,11,12:03:23,12:25:53,12:26:56,COMPLETED,40125.0,1064.4,1350.33,1413.89
626,hard,15,11:11:40,11:24:57,12:27:41,COMPLETED,35126.0,62731.6,797.58,4561.32
665,medium,13,11:24:05,11:36:07,12:27:41,COMPLETED,39968.0,51570.9,722.26,3816.32
605,medium,14,11:57:57,12:16:34,12:28:51,COMPLETED,34003.0,12283.4,1117.33,1854.09
732,easy,12,12:02:02,12:24:22,12:28:57,COMPLETED,23463.0,4589.5,1340.40,1615.42
706,easy,12,12:03:50,12:27:03,12:29:10,COMPLETED,36395.0,2121.3,1393.26,1520.26
777,easy,12,12:04:49,12:28:57,12:30:51,COMPLETED,31719.0,1905.7,1448.42,1562.46
517,medium,14,11:59:22,12:17:44,12:30:57,COMPLETED,30343.0,13229.8,1102.53,1895.79
524,medium,14,11:59:15,12:17:44,12:32:41,COMPLETED,27243.0,14958.6,1109.53,2006.59
298,hard,15,09:47:53,09:47:54,12:32:48,COMPLETED,31661.0,164896.6,1.64,9895.16
770,medium,13,12:05:42,12:30:57,12:33:01,COMPLETED,27899.0,2069.6,1515.79,1639.54
761,easy,11,12:06:02,12:32:48,12:33:01,COMPLETED,19884.0,230.5,1606.16,1619.54
745,medium,13,12:04:25,12:27:47,12:33:34,COMPLETED,29256.0,5783.1,1402.66,1749.34
847,easy,12,12:06:43,12:33:08,12:33:53,COMPLETED,25290.0,763.8,1585.03,1630.67
734,easy,11,12:06:45,12:33:40,12:34:13,COMPLETED,26468.0,549.8,1615.72,1648.18
763,medium,13,12:06:59,12:34:19,12:34:58,COMPLETED,30397.0,661.0,1640.76,1679.92
727,medium,14,12:03:40,12:26:56,12:35:11,COMPLETED,30885.0,8257.4,1396.89,1891.86
746,easy,12,12:05:51,12:31:04,12:36:03,COMPLETED,33018.0,4996.4,1513.47,1812.80
748,easy,12,12:07:12,12:35:05,12:36:49,COMPLETED,37474.0,1739.0,1673.46,1777.31
739,easy,11,12:07:29,12:36:10,12:36:55,COMPLETED,29383.0,769.0,1721.35,1766.87
709,easy,12,12:07:19,12:35:18,12:37:21,COMPLETED,28751.0,2056.6,1679.44,1802.53
838,easy,11,12:07:44,12:36:55,12:37:27,COMPLETED,28685.0,539.2,1751.87,1783.88
693,easy,11,12:08:02,12:37:02,12:37:27,COMPLETED,25431.0,428.2,1740.55,1765.88
730,easy,12,12:06:52,12:33:59,12:37:34,COMPLETED,37056.0,3577.0,1628.00,1842.27
725,easy,11,12:08:50,12:37:34,12:37:47,COMPLETED,26956.0,217.1,1724.27,1737.03
796,medium,14,12:06:21,12:32:54,12:37:53,COMPLETED,34148.0,4979.3,1593.94,1892.37
738,easy,11,12:10:36,12:37:59,12:38:12,COMPLETED,31535.0,216.2,1643.75,1656.43
783,easy,12,12:08:43,12:37:27,12:38:50,COMPLETED,26894.0,1379.5,1724.88,1807.37
692,easy,12,12:10:30,12:37:53,12:39:15,COMPLETED,30446.0,1377.4,1643.37,1725.72
834,easy,11,12:11:34,12:39:22,12:39:41,COMPLETED,26723.0,321.8,1668.05,1687.04
555,hard,15,11:32:47,11:50:03,12:40:19,COMPLETED,29677.0,50256.6,1036.84,4052.06
809,medium,13,12:10:42,12:38:18,12:40:19,COMPLETED,24395.0,2010.5,1656.75,1777.06
583,hard,15,11:58:56,12:16:59,12:40:44,COMPLETED,31137.0,23747.0,1083.90,2508.47
773,easy,11,12:13:45,12:40:25,12:41:09,COMPLETED,31488.0,744.5,1600.41,1644.82
768,medium,14,12:04:42,12:27:47,12:42:32,COMPLETED,35074.0,14757.6,1385.66,2270.74
845,medium,13,12:11:23,12:38:56,12:43:37,COMPLETED,28405.0,4683.6,1653.70,1934.24
723,easy,12,12:14:35,12:42:39,12:44:16,COMPLETED,27773.0,1624.5,1684.28,1781.25
792,easy,11,12:14:38,12:43:43,12:44:16,COMPLETED,30267.0,549.7,1745.80,1778.25
630,hard,15,11:48:42,12:05:26,12:44:42,COMPLETED,32750.0,39268.9,1004.61,3360.53
711,easy,11,12:15:23,12:44:48,12:45:02,COMPLETED,25642.0,223.1,1765.95,1779.03
25,hard,15,08:08:26,08:08:28,12:45:08,COMPLETED,32655.0,276665.2,2.47,16602.36
808,medium,14,12:08:43,12:37:34,12:45:21,COMPLETED,32752.0,7794.2,1731.27,2198.66
841,easy,11,12:16:04,12:45:08,12:45:27,COMPLETED,22507.0,336.1,1744.36,1763.99
813,medium,13,12:12:57,12:39:47,12:45:41,COMPLETED,33627.0,5905.0,1610.38,1964.20
822,easy,12,12:15:21,12:44:22,12:45:41,COMPLETED,38879.0,1313.9,1741.82,1820.20
688,easy,11,12:17:59,12:45:47,12:46:01,COMPLETED,23750.0,228.1,1668.81,1682.01
683,easy,11,12:18:13,12:46:07,12:46:20,COMPLETED,27478.0,225.8,1674.55,1687.75
805,easy,12,12:17:36,12:45:27,12:46:33,COMPLETED,26710.0,1103.9,1671.99,1737.75
839,easy,11,12:19:25,12:46:40,12:46:59,COMPLETED,27407.0,328.0,1635.29,1654.67
817,medium,14,12:13:09,12:40:25,12:47:12,COMPLETED,36171.0,6790.6,1636.41,2043.37
775,easy,11,12:18:57,12:46:27,12:47:18,COMPLETED,35214.0,874.4,1650.13,1701.95
541,medium,14,11:21:09,11:32:26,12:47:25,COMPLETED,43052.0,74993.7,677.44,5176.67
780,easy,12,12:19:34,12:47:05,12:47:25,COMPLETED,29539.0,338.6,1651.99,1671.67
827,medium,13,12:17:45,12:45:34,12:47:32,COMPLETED,26202.0,1974.7,1669.57,1787.36
833,medium,13,12:16:10,12:45:15,12:47:45,COMPLETED,23387.0,2519.2,1745.02,1895.73
782,easy,12,12:20:25,12:47:32,12:47:45,COMPLETED,29474.0,231.4,1627.36,1640.73
698,easy,11,12:20:37,12:47:32,12:47:45,COMPLETED,27336.0,230.7,1615.36,1628.73
787,easy,11,12:22:19,12:47:52,12:47:58,COMPLETED,28300.0,116.6,1533.33,1539.85
482,medium,14,10:44:43,10:56:11,12:50:24,COMPLETED,28681.0,114226.6,688.39,7541.88
361,medium,13,10:32:37,10:36:37,12:52:56,COMPLETED,44258.0,136311.5,240.95,8419.54
832,medium,13,12:23:25,12:53:02,12:53:28,COMPLETED,27292.0,440.8,1777.87,1803.77
483,hard,15,10:21:32,10:21:34,12:55:44,COMPLETED,34257.0,154177.4,2.12,9252.62
494,hard,15,10:56:12,11:10:49,12:56:23,COMPLETED,36781.0,105558.3,877.91,7211.27
764,medium,13,12:24:04,12:55:51,12:56:36,COMPLETED,31645.0,762.9,1907.15,1952.43
469,hard,15,10:16:25,10:16:28,12:57:21,COMPLETED,42788.0,160899.4,3.08,9656.91
667,medium,14,11:39:09,11:54:17,12:57:21,COMPLETED,28818.0,63070.8,908.95,4692.91
758,easy,11,12:24:31,12:56:42,12:57:21,COMPLETED,33500.0,658.3,1931.98,1970.91
719,easy,11,12:24:54,12:57:28,12:57:41,COMPLETED,25195.0,220.9,1954.51,1967.30
811,hard,15,12:02:21,12:25:01,12:57:47,COMPLETED,28834.0,32772.8,1360.73,3326.85
695,medium,13,12:24:43,12:57:28,12:57:47,COMPLETED,23733.0,328.1,1965.51,1984.85
714,easy,11,12:25:57,12:57:47,12:58:00,COMPLETED,27990.0,225.7,1910.85,1923.92
772,easy,12,12:24:05,12:56:29,12:58:07,COMPLETED,29379.0,1636.7,1944.84,2042.45
717,easy,12,12:25:33,12:57:28,12:58:07,COMPLETED,26372.0,658.6,1915.51,1954.45
825,medium,13,12:21:21,12:47:39,12:58:27,COMPLETED,36992.0,10810.6,1578.14,2226.34
821,easy,11,12:28:36,12:58:07,12:58:27,COMPLETED,26393.0,340.2,1771.45,1791.34
731,hard,15,12:20:04,12:47:25,12:58:46,COMPLETED,29339.0,11360.7,1641.67,2322.89
797,easy,11,12:29:49,12:58:33,12:59:00,COMPLETED,26777.0,443.5,1724.93,1751.09
553,hard,15,11:57:48,12:16:27,12:59:25,COMPLETED,25669.0,42965.4,1119.89,3697.59
756,easy,12,12:29:47,12:58:14,12:59:38,COMPLETED,30903.0,1406.9,1707.15,1791.34
802,medium,13,12:28:59,12:58:14,12:59:57,COMPLETED,26908.0,1725.6,1755.15,1858.38
699,easy,12,12:30:35,12:58:53,12:59:57,COMPLETED,26710.0,1071.0,1698.45,1762.38
733,easy,12,12:30:52,12:59:44,13:00:03,COMPLETED,24506.0,324.9,1732.70,1751.75
708,easy,12,12:30:45,12:59:31,13:00:16,COMPLETED,21787.0,750.0,1726.98,1771.64
295,medium,14,09:14:13,09:14:15,13:00:23,COMPLETED,41557.0,226129.8,2.33,13570.03
807,easy,12,12:30:59,13:00:03,13:00:29,COMPLETED,24850.0,432.4,1744.75,1770.40
818,easy,12,12:33:06,13:00:10,13:00:54,COMPLETED,28693.0,747.8,1624.23,1668.81
433,medium,14,10:15:38,10:15:42,13:01:13,COMPLETED,36571.0,165517.5,4.92,9935.91
722,medium,13,12:33:34,13:00:29,13:02:23,COMPLETED,31699.0,1910.4,1615.40,1729.68
774,hard,15,12:23:13,12:50:31,13:05:52,COMPLETED,23537.0,15362.1,1638.21,2559.69
831,hard,15,12:09:31,12:37:40,13:07:33,COMPLETED,33062.0,29892.5,1689.66,3482.98
810,medium,13,12:14:46,12:44:22,13:08:05,COMPLETED,35300.0,23719.2,1776.82,3199.72
750,hard,15,12:23:25,12:53:35,13:09:02,COMPLETED,26946.0,15465.5,1810.34,2737.99
789,easy,11,12:36:22,13:09:09,13:09:28,COMPLETED,30521.0,322.2,1967.37,1986.38
686,easy,11,12:36:22,13:09:34,13:09:41,COMPLETED,22939.0,112.5,1992.73,1999.13
755,easy,12,12:36:20,13:08:12,13:09:47,COMPLETED,35353.0,1600.3,1912.11,2007.51
823,easy,11,12:36:25,13:09:47,13:09:54,COMPLETED,25450.0,120.9,2002.51,2009.17
554,hard,15,11:13:08,11:27:27,13:10:45,COMPLETED,33383.0,103305.7,859.51,7057.70
427,hard,15,10:49:37,11:05:56,13:12:22,COMPLETED,41509.0,126435.5,979.48,8565.53
654,hard,15,11:03:09,11:15:47,13:12:47,COMPLETED,35297.0,117014.8,758.08,7778.86
830,easy,12,12:37:43,13:12:28,13:13:06,COMPLETED,28603.0,638.8,2085.86,2123.87
757,medium,13,12:35:47,13:07:40,13:13:13,COMPLETED,30880.0,5553.3,1913.35,2246.21
416,hard,15,10:50:36,11:07:44,13:13:19,COMPLETED,39092.0,125591.3,1028.25,8563.60
385,medium,14,10:56:17,11:10:56,13:13:32,COMPLETED,34954.0,122602.5,879.30,8235.34
752,easy,12,12:38:06,13:13:19,13:13:45,COMPLETED,27963.0,430.1,2113.60,2139.11
744,easy,11,12:38:48,13:13:51,13:14:10,COMPLETED,24069.0,321.5,2103.44,2122.43
749,medium,14,12:34:29,13:01:20,13:14:42,COMPLETED,31346.0,13367.3,1611.26,2413.04
791,medium,13,12:38:45,13:13:38,13:16:48,COMPLETED,36450.0,3172.4,2093.75,2283.78
781,easy,12,12:40:11,13:16:55,13:17:27,COMPLETED,32278.0,544.6,2204.13,2236.24
804,medium,13,12:37:54,13:12:54,13:18:58,COMPLETED,30426.0,6072.5,2100.19,2464.09
814,medium,14,12:30:42,12:59:06,13:19:56,COMPLETED,27196.0,20839.3,1704.58,2954.65
848,medium,13,12:37:58,13:13:13,13:21:01,COMPLETED,30802.0,7808.5,2115.21,2583.27
766,medium,14,12:34:25,13:01:01,13:21:07,COMPLETED,26975.0,20119.7,1596.14,2802.82
843,medium,13,12:34:06,13:00:35,13:21:14,COMPLETED,26128.0,20650.9,1589.79,2828.46
778,easy,11,12:41:36,13:21:07,13:21:14,COMPLETED,30079.0,118.8,2371.82,2378.46
700,easy,12,12:41:39,13:21:14,13:21:20,COMPLETED,28166.0,115.0,2375.46,2381.99
526,hard,15,11:09:38,11:22:28,13:21:27,COMPLETED,37824.0,118981.6,770.66,7909.40
715,easy,11,12:44:07,13:21:20,13:21:27,COMPLETED,22947.0,113.4,2233.99,2240.40
751,easy,11,12:44:53,13:21:33,13:22:18,COMPLETED,29949.0,742.6,2200.87,2245.11
581,medium,14,11:38:54,11:54:05,13:22:24,COMPLETED,40476.0,88323.5,911.20,6210.45
694,medium,13,12:41:47,13:21:20,13:22:56,COMPLETED,30159.0,1590.2,2373.99,2469.12
728,easy,12,12:45:03,13:22:24,13:23:28,COMPLETED,25098.0,1066.4,2241.45,2305.15
623,hard,15,11:39:36,11:55:27,13:25:09,COMPLETED,23880.0,89698.8,951.60,6333.40
712,easy,11,12:46:50,13:25:15,13:25:22,COMPLETED,28179.0,112.8,2305.79,2312.21
785,easy,12,12:47:12,13:25:28,13:25:53,COMPLETED,27958.0,429.3,2296.59,2322.00
737,easy,12,12:45:06,13:22:30,13:26:13,COMPLETED,30716.0,3708.6,2244.84,2467.06
678,hard,15,11:56:59,12:15:37,13:26:57,COMPLETED,28481.0,71340.6,1118.07,5398.34
718,medium,13,12:46:37,13:23:34,13:27:48,COMPLETED,31420.0,4231.7,2217.48,2471.09
828,hard,15,12:40:03,13:14:48,13:28:45,COMPLETED,32428.0,13961.1,2085.38,2922.61
826,medium,13,12:48:57,13:27:54,13:28:45,COMPLETED,30889.0,862.3,2337.41,2388.61
458,hard,15,10:49:47,11:07:12,13:28:58,COMPLETED,29487.0,141777.0,1045.41,9551.89
771,easy,11,12:49:35,13:28:52,13:29:31,COMPLETED,29961.0,656.2,2357.19,2396.26
539,hard,15,11:22:23,11:34:42,13:31:07,COMPLETED,29811.0,116417.0,739.98,7724.91
707,easy,11,12:51:13,13:31:14,13:31:27,COMPLETED,24995.0,221.2,2401.24,2414.22
837,easy,11,12:52:04,13:31:33,13:31:46,COMPLETED,29248.0,223.3,2369.55,2382.45
577,medium,14,11:56:53,12:15:11,13:35:56,COMPLETED,32862.0,80743.6,1098.73,5943.20
644,hard,15,11:43:03,12:00:31,13:37:12,COMPLETED,34349.0,96674.4,1048.67,6849.04
689,easy,11,12:53:03,13:37:18,13:37:43,COMPLETED,32766.0,427.0,2655.37,2680.66
815,easy,12,12:52:33,13:36:02,13:37:56,COMPLETED,32802.0,1901.9,2609.58,2723.39
846,medium,13,12:51:09,13:29:37,13:38:21,COMPLETED,29820.0,8742.8,2308.59,2832.81
835,medium,14,12:35:15,13:02:30,13:38:28,COMPLETED,32860.0,35973.3,1635.07,3793.21
829,easy,11,12:55:10,13:38:28,13:39:06,COMPLETED,27032.0,638.1,2598.21,2636.20
729,easy,12,12:55:21,13:39:12,13:39:38,COMPLETED,27323.0,437.6,2631.53,2657.29
680,medium,14,12:49:44,13:28:52,13:40:04,COMPLETED,29532.0,11207.3,2348.19,3020.25
741,easy,11,12:55:37,13:39:44,13:40:30,COMPLETED,30261.0,758.0,2647.83,2693.01
576,hard,15,11:52:46,12:09:41,13:41:01,COMPLETED,33666.0,91334.4,1015.89,6495.77
759,easy,11,12:57:15,13:41:08,13:41:21,COMPLETED,21834.0,225.9,2633.32,2646.49
806,easy,11,12:57:17,13:41:27,13:42:32,COMPLETED,30301.0,1082.4,2650.91,2715.56
790,easy,11,12:57:25,13:42:38,13:43:05,COMPLETED,30402.0,446.2,2713.89,2740.15
769,hard,15,12:45:01,13:21:33,13:45:13,COMPLETED,34753.0,23674.1,2192.87,3612.95
794,medium,14,12:50:27,13:29:05,13:45:27,COMPLETED,39246.0,16366.0,2318.45,3300.10
690,easy,11,12:57:53,13:45:20,13:45:27,COMPLETED,20662.0,116.3,2847.48,2854.10
691,medium,13,12:48:29,13:26:19,13:47:33,COMPLETED,39906.0,21244.2,2270.39,3544.79
704,easy,11,12:58:23,13:47:40,13:48:36,COMPLETED,31136.0,952.9,2957.12,3013.99
849,medium,13,12:58:04,13:45:33,13:49:46,COMPLETED,30402.0,4227.4,2849.49,3102.80
726,medium,14,12:52:06,13:31:52,13:51:29,COMPLETED,30176.0,19617.3,2386.98,3563.70
735,medium,13,12:55:05,13:38:02,13:52:01,COMPLETED,25243.0,13991.7,2577.72,3416.77
736,easy,11,12:59:31,13:51:36,13:52:08,COMPLETED,27342.0,542.6,3125.11,3157.33
681,medium,14,12:05:28,12:29:16,13:52:14,COMPLETED,36453.0,82973.8,1428.58,6406.69
684,easy,12,12:58:52,13:49:53,13:52:34,COMPLETED,30054.0,2694.5,3061.17,3222.35
882,easy,11,13:00:15,13:52:21,13:52:40,COMPLETED,29524.0,336.0,3126.34,3145.91
964,easy,11,13:00:48,13:52:40,13:52:54,COMPLETED,27365.0,227.7,3112.91,3126.08
288,hard,15,09:00:35,09:00:37,13:53:07,COMPLETED,43141.0,292500.5,2.29,17552.30
986,easy,11,13:02:54,13:53:13,13:53:33,COMPLETED,31530.0,333.2,3019.63,3039.14
897,easy,12,13:03:11,13:53:39,13:54:05,COMPLETED,23994.0,443.1,3028.67,3054.76
800,medium,14,12:59:38,13:52:08,13:54:45,COMPLETED,34244.0,2616.1,3150.33,3307.01
765,hard,15,12:45:11,13:23:02,13:57:50,COMPLETED,37686.0,34806.6,2271.44,4359.60
980,easy,11,13:04:12,13:57:56,13:58:03,COMPLETED,23559.0,110.9,3224.93,3231.28
893,medium,14,13:00:54,13:52:47,13:58:16,COMPLETED,34706.0,5479.5,3113.55,3442.01
894,easy,11,13:05:20,13:58:09,13:58:22,COMPLETED,24393.0,218.3,3169.61,3182.36
978,easy,12,13:05:47,13:58:22,13:59:06,COMPLETED,22753.0,744.7,3155.36,3199.75
936,medium,13,13:06:14,13:58:28,14:01:00,COMPLETED,31081.0,2535.8,3134.74,3286.60
799,hard,15,12:44:14,13:21:27,14:01:13,COMPLETED,25421.0,39768.6,2233.40,4619.28
742,medium,14,12:58:26,13:48:43,14:01:13,COMPLETED,27348.0,12504.2,3017.32,3767.28
134,hard,15,08:59:16,08:59:16,14:03:09,COMPLETED,36712.0,303886.2,0.33,18233.49
687,hard,15,12:00:50,12:22:19,14:03:09,COMPLETED,31217.0,100841.1,1289.15,7339.49
801,medium,14,12:54:03,13:37:50,14:04:14,COMPLETED,24469.0,26408.7,2627.02,4211.17
1014,easy,12,13:08:38,14:03:15,14:04:20,COMPLETED,32345.0,1090.8,3277.83,3342.70
915,easy,12,13:08:55,14:03:15,14:04:33,COMPLETED,31341.0,1305.7,3260.83,3338.92
990,easy,12,13:09:16,14:04:40,14:04:52,COMPLETED,27316.0,218.2,3324.24,3336.96
989,medium,14,13:06:21,14:01:19,14:05:25,COMPLETED,27112.0,4106.7,3298.62,3544.53
258,hard,15,09:45:17,09:45:17,14:05:38,COMPLETED,40831.0,260355.9,0.46,15621.74
762,hard,15,12:14:09,12:40:50,14:06:11,COMPLETED,25322.0,85343.4,1601.80,6722.25
868,easy,12,13:10:16,14:05:45,14:06:11,COMPLETED,26292.0,439.4,3329.28,3355.25
960,easy,12,13:11:42,14:06:17,14:06:56,COMPLETED,22440.0,651.5,3275.67,3314.30
854,medium,13,13:09:31,14:05:32,14:07:35,COMPLETED,31014.0,2058.8,3361.11,3484.35
850,easy,12,13:11:56,14:07:41,14:08:19,COMPLETED,31761.0,637.2,3345.68,3383.61
949,medium,13,13:09:16,14:04:27,14:08:25,COMPLETED,32440.0,3982.6,3311.33,3549.94
933,easy,12,13:11:43,14:07:02,14:08:57,COMPLETED,28337.0,1918.7,3319.84,3434.67
972,easy,12,13:11:59,14:08:25,14:09:29,COMPLETED,30311.0,1061.7,3386.94,3450.32
844,hard,15,12:48:48,13:27:03,14:10:01,COMPLETED,32794.0,42959.3,2295.73,4873.05
965,easy,11,13:13:13,14:10:07,14:10:13,COMPLETED,25323.0,112.8,3414.40,3420.81
1003,medium,13,13:13:03,14:09:35,14:11:23,COMPLETED,28689.0,1803.9,3392.68,3500.61
760,hard,15,12:57:43,13:43:11,14:11:55,COMPLETED,31080.0,28730.2,2728.70,4452.28
957,easy,11,13:13:39,14:12:01,14:12:26,COMPLETED,35154.0,428.7,3502.61,3527.91
713,medium,14,12:37:41,13:10:52,14:12:33,COMPLETED,32964.0,61691.0,1991.24,5692.36
981,medium,14,13:10:26,14:06:17,14:12:33,COMPLETED,28657.0,6269.4,3351.67,3727.36
941,medium,14,13:03:49,13:54:12,14:13:17,COMPLETED,34639.0,19097.6,3023.29,4168.90
648,hard,15,11:02:18,11:15:40,14:13:24,COMPLETED,29031.0,177733.4,802.34,11466.24
959,medium,14,13:13:15,14:10:20,14:13:36,COMPLETED,35531.0,3284.1,3425.20,3621.97
913,easy,11,13:14:54,14:13:43,14:13:55,COMPLETED,25079.0,216.4,3529.30,3541.98
754,hard,15,12:39:39,13:14:16,14:14:15,COMPLETED,38675.0,59975.6,2077.75,5676.07
939,easy,12,13:14:14,14:12:33,14:14:15,COMPLETED,29977.0,1700.9,3499.36,3601.07
793,hard,15,12:06:29,12:33:08,14:14:27,COMPLETED,27998.0,101332.7,1599.03,7678.89
903,medium,13,13:14:34,14:13:30,14:14:27,COMPLETED,33967.0,959.6,3536.62,3593.89
861,easy,12,13:16:10,14:14:21,14:14:53,COMPLETED,21775.0,534.5,3491.47,3523.25
214,hard,15,09:02:43,09:02:47,14:15:05,COMPLETED,30735.0,312302.0,4.83,18742.94
856,easy,12,13:16:34,14:14:34,14:15:05,COMPLETED,30444.0,533.6,3480.23,3511.94
896,easy,11,13:16:45,14:14:59,14:15:05,COMPLETED,25125.0,111.5,3494.58,3500.94
983,easy,11,13:17:15,14:15:12,14:15:31,COMPLETED,35287.0,322.7,3477.29,3496.34
1008,medium,14,13:01:13,13:53:00,14:16:21,COMPLETED,28991.0,23359.6,3107.63,4508.99
917,easy,12,13:17:39,14:15:12,14:16:40,COMPLETED,26683.0,1482.2,3453.29,3541.99
767,hard,15,12:58:15,13:45:33,14:16:47,COMPLETED,27563.0,31234.2,2838.49,4712.32
974,easy,12,13:16:01,14:14:02,14:17:00,COMPLETED,35686.0,2967.1,3481.31,3659.06
955,easy,11,13:18:27,14:16:53,14:17:19,COMPLETED,26191.0,427.5,3506.70,3532.05
924,easy,12,13:18:20,14:16:47,14:17:25,COMPLETED,26407.0,640.1,3507.32,3545.38
962,easy,11,13:19:20,14:17:25,14:17:38,COMPLETED,30761.0,219.0,3485.38,3498.16
971,easy,12,13:18:37,14:17:06,14:17:44,COMPLETED,20817.0,642.2,3509.39,3547.55
925,medium,14,13:12:39,14:08:32,14:17:57,COMPLETED,31423.0,9421.4,3353.34,3918.33
918,easy,11,13:20:59,14:17:50,14:17:57,COMPLETED,22097.0,112.5,3411.96,3418.33
953,medium,14,13:06:19,14:01:06,14:18:03,COMPLETED,32368.0,16951.9,3287.92,4304.73
851,easy,11,13:20:14,14:17:31,14:18:03,COMPLETED,24200.0,539.2,3437.76,3469.73
968,easy,12,13:21:54,14:18:03,14:18:23,COMPLETED,28643.0,330.8,3369.73,3389.11
776,hard,15,12:14:13,12:41:16,14:18:36,COMPLETED,29172.0,97338.5,1623.15,7463.28
910,easy,12,13:21:48,14:18:03,14:18:36,COMPLETED,27373.0,550.9,3375.73,3408.28
985,easy,11,13:23:38,14:18:42,14:18:56,COMPLETED,23242.0,226.9,3304.85,3318.06
878,easy,12,13:22:07,14:18:10,14:19:09,COMPLETED,33241.0,988.0,3363.15,3422.00
929,easy,12,13:24:31,14:19:15,14:19:28,COMPLETED,24054.0,223.4,3284.55,3297.43
943,easy,12,13:24:11,14:19:02,14:20:58,COMPLETED,33347.0,1930.6,3291.59,3407.11
816,hard,15,12:30:52,13:00:03,14:22:58,COMPLETED,33090.0,82909.0,1751.75,6726.14
747,medium,13,12:55:54,13:40:10,14:22:58,COMPLETED,27046.0,42792.7,2656.80,5224.14
944,easy,12,13:23:29,14:18:42,14:23:17,COMPLETED,32094.0,4578.6,3313.85,3588.24
987,easy,12,13:27:56,14:23:23,14:23:36,COMPLETED,29282.0,216.7,3327.61,3340.31
995,medium,14,13:14:17,14:12:39,14:24:07,COMPLETED,32906.0,11472.0,3502.89,4190.95
720,hard,15,12:22:47,12:47:52,14:24:14,COMPLETED,33122.0,96368.6,1505.33,7287.32
1016,easy,12,13:28:07,14:23:42,14:24:27,COMPLETED,26304.0,745.9,3335.64,3380.08
993,easy,12,13:26:14,14:23:04,14:25:17,COMPLETED,32303.0,2223.5,3410.53,3543.67
887,medium,14,13:22:02,14:18:10,14:26:53,COMPLETED,27009.0,8730.5,3368.15,3891.71
938,medium,13,13:25:27,14:23:04,14:26:53,COMPLETED,28038.0,3824.8,3457.53,3686.71
182,medium,14,09:13:29,09:13:31,14:27:06,COMPLETED,45042.0,313581.7,2.61,18817.50
1009,easy,11,13:28:37,14:27:00,14:27:12,COMPLETED,26699.0,219.2,3503.06,3515.84
966,easy,11,13:28:38,14:27:00,14:27:12,COMPLETED,21537.0,218.9,3502.06,3514.84
977,medium,14,13:17:56,14:16:28,14:27:25,COMPLETED,25964.0,10960.7,3512.32,4169.70
881,easy,12,13:29:46,14:27:32,14:27:44,COMPLETED,30926.0,216.9,3466.03,3478.71
1001,easy,12,13:30:00,14:27:51,14:28:10,COMPLETED,24707.0,328.0,3471.07,3490.24
975,medium,13,13:29:29,14:27:19,14:31:48,COMPLETED,31779.0,4486.9,3470.26,3739.16
973,medium,14,13:28:09,14:24:14,14:32:45,COMPLETED,35097.0,8519.2,3365.32,3876.20
614,hard,15,11:52:32,12:09:35,14:35:42,COMPLETED,30802.0,146117.8,1023.53,9790.51
864,medium,13,13:28:09,14:24:33,14:36:20,COMPLETED,34898.0,11791.1,3384.42,4091.62
1019,medium,13,13:30:04,14:28:16,14:36:20,COMPLETED,31837.0,8068.9,3492.79,3976.62
999,easy,11,13:32:52,14:36:26,14:36:39,COMPLETED,25328.0,216.2,3814.96,3827.66
880,easy,11,13:33:24,14:36:45,14:36:58,COMPLETED,30083.0,224.1,3801.99,3814.96
740,hard,15,12:05:18,12:29:03,14:37:05,COMPLETED,37209.0,128031.6,1425.84,9107.49
988,medium,13,13:33:41,14:37:05,14:37:31,COMPLETED,29803.0,447.5,3804.49,3830.83
932,medium,13,13:31:10,14:32:51,14:37:45,COMPLETED,20879.0,4900.1,3701.54,3995.06
1007,easy,11,13:34:30,14:37:51,14:38:04,COMPLETED,28947.0,223.5,3801.62,3814.53
919,medium,13,13:34:20,14:37:38,14:39:02,COMPLETED,26385.0,1411.9,3798.39,3882.54
920,easy,11,13:34:48,14:39:09,14:39:28,COMPLETED,26630.0,333.1,3861.17,3880.85
969,easy,12,13:35:55,14:39:35,14:40:39,COMPLETED,34038.0,1075.4,3820.18,3884.40
950,hard,15,13:16:32,14:14:21,14:41:49,COMPLETED,27913.0,27470.3,3469.47,5117.44
911,medium,14,13:29:01,14:27:19,14:46:04,COMPLETED,31492.0,18751.3,3498.26,4623.07
877,easy,12,13:36:37,14:46:10,14:47:26,COMPLETED,28656.0,1270.0,4173.40,4249.29
937,medium,14,13:24:33,14:19:34,14:50:26,COMPLETED,31076.0,30870.5,3301.99,5153.81
540,hard,15,11:57:03,12:16:08,14:53:15,COMPLETED,34923.0,157107.8,1145.70,10572.03
947,medium,13,13:37:47,14:53:21,14:54:00,COMPLETED,25951.0,652.3,4534.58,4573.39
942,medium,14,13:14:23,14:12:39,14:56:32,COMPLETED,32956.0,43876.6,3496.89,6129.27
961,hard,15,13:36:24,14:40:45,14:56:57,COMPLETED,32072.0,16203.2,3861.73,4833.65
865,easy,12,13:38:20,14:56:38,14:56:57,COMPLETED,28782.0,321.7,4698.66,4717.65
871,hard,15,13:03:53,13:54:51,14:57:03,COMPLETED,29922.0,62215.1,3058.33,6790.98
855,hard,15,13:08:07,14:01:19,14:57:16,COMPLETED,28718.0,55954.5,3192.62,6549.75
888,easy,11,13:39:49,14:57:03,14:57:23,COMPLETED,28819.0,323.7,4634.98,4654.09
869,easy,12,13:40:28,14:57:10,14:57:23,COMPLETED,26699.0,218.1,4602.38,4615.09
824,hard,15,12:27:07,12:57:54,14:57:29,COMPLETED,34560.0,119589.6,1847.23,9022.50
945,medium,14,13:36:25,14:41:55,14:57:29,COMPLETED,40146.0,15566.7,3930.89,4864.50
472,hard,15,10:24:41,10:24:45,14:57:35,COMPLETED,29123.0,272846.6,4.29,16374.96
685,hard,15,12:35:40,13:05:59,14:57:42,COMPLETED,38832.0,111725.9,1819.02,8522.40
952,medium,13,13:38:44,14:57:03,14:57:42,COMPLETED,24712.0,646.4,4699.98,4738.40
904,easy,12,13:40:49,14:57:23,14:58:07,COMPLETED,31064.0,751.5,4594.09,4638.90
1004,easy,12,13:44:00,14:58:14,15:00:35,COMPLETED,23399.0,2360.5,4454.24,4595.55
788,hard,15,12:37:25,13:10:00,15:00:41,COMPLETED,33753.0,110687.6,1955.82,8596.89
588,hard,15,11:46:25,12:03:51,15:02:12,COMPLETED,33795.0,178354.6,1046.34,11747.51
998,easy,11,13:45:20,15:02:19,15:02:38,COMPLETED,23980.0,329.1,4619.05,4638.49
928,medium,13,13:43:09,14:57:35,15:02:57,COMPLETED,32898.0,5373.2,4466.96,4788.95
703,hard,15,12:33:10,13:00:23,15:03:56,COMPLETED,30483.0,123556.6,1633.03,9046.32
883,easy,11,13:45:54,15:04:02,15:04:22,COMPLETED,29100.0,328.4,4688.65,4708.05
994,medium,14,13:43:31,14:57:42,15:07:07,COMPLETED,29872.0,9425.2,4451.40,5016.60
954,medium,13,13:46:03,15:07:13,15:08:04,COMPLETED,30409.0,847.1,4870.98,4921.50
1011,easy,11,13:46:17,15:08:10,15:08:23,COMPLETED,31052.0,216.3,4913.82,4926.49
890,easy,12,13:46:26,15:08:29,15:09:20,COMPLETED,27606.0,847.4,4923.83,4974.37
1005,medium,14,13:45:49,15:03:04,15:09:51,COMPLETED,33198.0,6796.0,4635.51,5042.99
926,easy,12,13:47:04,15:09:58,15:10:17,COMPLETED,24421.0,325.3,4974.31,4993.53
934,medium,14,13:44:30,15:00:48,15:11:35,COMPLETED,30240.0,10789.4,4578.33,5225.20
879,easy,12,13:47:53,15:11:41,15:11:54,COMPLETED,24216.0,219.4,5028.77,5041.63
948,easy,12,13:47:07,15:10:23,15:12:20,COMPLETED,31993.0,1954.0,4996.86,5113.60
982,easy,12,13:48:39,15:12:27,15:12:46,COMPLETED,27207.0,325.5,5028.14,5047.18
860,easy,12,13:48:50,15:12:52,15:13:51,COMPLETED,25842.0,980.7,5042.72,5101.04
705,medium,14,12:29:56,12:58:33,15:13:57,COMPLETED,36861.0,135398.6,1717.93,9841.60
912,hard,15,13:32:22,14:35:48,15:14:10,COMPLETED,27015.0,38370.5,3806.90,6108.87
1017,easy,11,13:49:06,15:14:17,15:14:36,COMPLETED,29600.0,330.7,5111.25,5130.48
544,hard,15,11:56:03,12:12:24,15:18:13,COMPLETED,31851.0,185815.3,981.62,12130.47
963,hard,15,13:28:30,14:25:24,15:20:13,COMPLETED,25962.0,54833.6,3414.02,6703.83
1018,medium,13,13:49:32,15:18:19,15:20:39,COMPLETED,27187.0,2327.8,5327.80,5467.16
997,medium,14,13:49:26,15:14:43,15:20:45,COMPLETED,29574.0,6044.9,5117.14,5479.50
895,easy,11,13:49:42,15:20:45,15:20:58,COMPLETED,19835.0,217.5,5463.50,5476.25
899,easy,12,13:50:03,15:20:51,15:21:11,COMPLETED,29372.0,327.9,5448.88,5468.20
923,easy,12,13:51:25,15:21:04,15:21:36,COMPLETED,25895.0,541.8,5379.59,5411.67
916,easy,11,13:52:11,15:21:43,15:21:55,COMPLETED,25540.0,216.6,5372.15,5384.85
1000,easy,12,13:52:12,15:22:02,15:22:27,COMPLETED,23816.0,428.1,5390.17,5415.48
872,easy,12,13:52:06,15:21:17,15:22:33,COMPLETED,23295.0,1278.1,5351.59,5427.89
1013,medium,13,13:46:02,15:04:28,15:23:18,COMPLETED,25666.0,18836.1,4706.38,5836.28
867,hard,15,13:09:20,14:04:59,15:25:18,COMPLETED,32024.0,80319.3,3339.37,8158.38
889,hard,15,13:23:18,14:18:29,15:26:02,COMPLETED,38821.0,67552.0,3311.68,7364.62
1002,easy,11,13:54:07,15:26:08,15:26:34,COMPLETED,26815.0,427.3,5521.95,5547.29
866,hard,15,13:06:17,13:59:13,15:26:59,COMPLETED,33421.0,87786.2,3176.07,8443.00
862,easy,11,13:54:08,15:26:40,15:27:06,COMPLETED,25134.0,443.0,5552.62,5578.56
935,easy,12,13:53:26,15:25:24,15:27:13,COMPLETED,31281.0,1819.1,5518.71,5627.25
784,hard,15,12:40:24,13:17:33,15:28:43,COMPLETED,39821.0,131168.1,2229.86,10099.76
873,medium,14,13:49:40,15:20:20,15:28:56,COMPLETED,38274.0,8614.4,5440.16,5956.73
970,easy,11,13:55:52,15:28:50,15:28:56,COMPLETED,24312.0,112.6,5578.32,5584.73
1006,easy,11,13:56:19,15:29:03,15:29:28,COMPLETED,25249.0,427.8,5564.09,5589.47
956,medium,13,13:53:01,15:23:24,15:29:47,COMPLETED,30034.0,6385.7,5423.62,5806.48
858,easy,12,13:56:49,15:29:34,15:30:31,COMPLETED,29105.0,954.2,5565.80,5622.74
991,hard,15,13:14:27,14:13:24,15:32:13,COMPLETED,32243.0,78816.7,3537.24,8266.10
891,medium,13,13:52:35,15:22:40,15:33:54,COMPLETED,40374.0,11236.0,5405.31,6079.20
884,medium,13,13:58:00,15:32:19,15:35:29,COMPLETED,28091.0,3174.7,5659.43,5849.60
930,hard,15,13:45:44,15:02:44,15:38:03,COMPLETED,30639.0,35317.4,4620.82,6739.47
701,hard,15,12:23:08,12:48:05,15:40:32,COMPLETED,34679.0,172459.4,1497.39,11844.85
931,medium,14,13:54:34,15:27:13,15:40:51,COMPLETED,33329.0,13650.3,5559.25,6378.00
886,easy,11,13:59:45,15:40:58,15:41:04,COMPLETED,25166.0,112.3,6073.33,6079.72
587,hard,15,11:13:00,11:27:01,15:41:30,COMPLETED,32262.0,254482.7,841.18,16110.09
876,hard,15,13:20:24,14:17:44,15:41:42,COMPLETED,42181.0,83973.1,3440.55,8478.78
1080,easy,12,14:00:44,15:41:49,15:42:01,COMPLETED,25245.0,216.5,6065.11,6077.78
1131,easy,11,14:02:01,15:42:08,15:42:14,COMPLETED,22915.0,111.2,6007.12,6013.49
1015,medium,13,13:59:21,15:38:10,15:42:46,COMPLETED,37671.0,4607.0,5929.01,6205.14
898,medium,14,13:58:24,15:35:35,15:42:58,COMPLETED,32553.0,7386.3,5831.94,6274.83
1119,medium,13,14:02:43,15:43:05,15:46:22,COMPLETED,33746.0,3290.4,6022.17,6219.11
1185,medium,14,14:00:24,15:41:11,15:46:48,COMPLETED,33161.0,5627.5,6047.10,6384.26
1084,easy,12,14:02:40,15:42:52,15:47:33,COMPLETED,28150.0,4685.8,6012.48,6293.14
1120,easy,12,14:03:32,15:46:28,15:47:39,COMPLETED,32745.0,1194.4,6176.64,6247.69
1151,easy,12,14:05:07,15:47:39,15:47:53,COMPLETED,31303.0,230.1,6152.69,6166.00
921,easy,12,13:59:25,15:40:39,15:48:19,COMPLETED,35745.0,7673.4,6074.24,6534.16
1159,easy,12,14:05:33,15:48:25,15:48:45,COMPLETED,24773.0,330.2,6172.73,6192.08
1081,medium,13,14:05:11,15:47:46,15:48:58,COMPLETED,31490.0,1204.8,6155.38,6227.19
1035,easy,11,14:06:36,15:48:51,15:49:04,COMPLETED,27453.0,225.0,6135.57,6148.72
853,hard,15,13:52:23,15:22:33,15:49:17,COMPLETED,32716.0,26737.1,5410.89,7014.70
927,medium,13,13:55:34,15:27:19,15:49:17,COMPLETED,39663.0,21970.6,5505.92,6823.70
1093,easy,12,14:05:28,15:47:59,15:49:24,COMPLETED,27618.0,1423.3,6151.55,6236.29
852,medium,14,13:54:21,15:27:06,15:49:44,COMPLETED,26933.0,22633.6,5565.56,6923.17
1108,easy,12,14:06:41,15:49:04,15:49:50,COMPLETED,26188.0,775.9,6143.72,6189.72
1136,easy,12,14:09:00,15:49:31,15:50:23,COMPLETED,27491.0,875.1,6031.02,6083.05
1058,easy,11,14:10:37,15:50:29,15:50:42,COMPLETED,25328.0,223.5,5992.59,6005.70
1118,medium,13,14:05:02,15:46:54,15:50:49,COMPLETED,25676.0,3912.8,6112.82,6347.03
1144,easy,12,14:11:16,15:50:55,15:51:15,COMPLETED,26221.0,336.6,5979.69,5999.31
1044,medium,14,14:06:43,15:49:11,15:51:47,COMPLETED,24655.0,2616.1,6148.11,6304.80
724,hard,15,12:55:12,13:38:34,15:52:06,COMPLETED,29835.0,133538.9,2602.60,10614.81
1172,easy,12,14:11:47,15:51:21,15:52:57,COMPLETED,28081.0,1600.9,5974.93,6070.70
951,hard,15,13:34:07,14:37:12,15:54:19,COMPLETED,32908.0,77132.0,3785.12,8412.87
1102,easy,11,14:13:56,15:54:26,15:54:32,COMPLETED,26045.0,111.3,6030.20,6036.57
1186,medium,13,14:13:28,15:52:13,15:55:42,COMPLETED,34430.0,3487.2,5925.17,6134.10
870,medium,14,13:41:42,14:57:29,15:55:48,COMPLETED,33314.0,58318.7,4547.50,8046.43
840,hard,15,12:38:16,13:13:25,15:56:13,COMPLETED,37979.0,162798.6,2109.99,11877.80
1128,easy,12,14:15:33,15:55:54,15:56:13,COMPLETED,23869.0,322.1,6021.80,6040.80
1162,easy,11,14:15:43,15:56:20,15:56:39,COMPLETED,34127.0,324.6,6037.15,6056.18
1072,easy,12,14:15:02,15:55:48,15:57:50,COMPLETED,30320.0,2035.6,6046.43,6168.24
1027,medium,13,14:16:13,15:56:20,15:57:50,COMPLETED,28714.0,1506.7,6007.15,6097.24
1041,easy,11,14:16:58,15:57:56,15:58:03,COMPLETED,26662.0,115.2,6058.62,6065.33
1142,easy,12,14:16:59,15:58:09,15:58:22,COMPLETED,27912.0,223.5,6070.65,6083.70
1077,medium,14,14:13:39,15:53:04,15:59:14,COMPLETED,27926.0,6181.0,5965.02,6335.36
902,medium,14,13:56:43,15:29:03,16:00:25,COMPLETED,33058.0,31380.3,5540.09,7422.58
1012,hard,15,13:38:14,14:54:06,16:01:43,COMPLETED,31481.0,67614.2,4552.74,8609.28
1165,easy,11,14:18:28,16:01:49,16:02:16,COMPLETED,34028.0,441.4,6201.84,6228.02
1106,medium,13,14:16:37,15:57:56,16:03:45,COMPLETED,35127.0,5819.3,6079.62,6428.50
1052,medium,14,14:17:25,15:58:29,16:04:36,COMPLETED,26805.0,6122.0,6064.10,6431.14
1183,easy,12,14:18:45,16:04:42,16:05:45,COMPLETED,26098.0,1059.0,6357.47,6420.71
908,hard,15,13:42:24,14:57:35,16:06:11,COMPLETED,31301.0,68587.3,4511.96,8627.01
1020,easy,11,14:19:15,16:05:52,16:06:11,COMPLETED,28723.0,321.7,6397.03,6416.01
1085,easy,12,14:19:20,16:06:17,16:06:42,COMPLETED,24928.0,427.8,6417.36,6442.72
1040,medium,13,14:18:40,16:03:51,16:07:01,COMPLETED,23677.0,3169.9,6311.83,6501.73
1032,easy,11,14:21:12,16:07:08,16:07:39,COMPLETED,30406.0,533.8,6356.06,6387.76
874,hard,15,13:44:05,15:00:41,16:07:59,COMPLETED,30611.0,67292.7,4596.89,8634.10
1179,easy,11,14:21:40,16:08:05,16:08:12,COMPLETED,31877.0,118.5,6385.72,6392.34
1031,easy,12,14:21:39,16:07:46,16:08:44,COMPLETED,26772.0,988.2,6367.11,6425.87
1134,medium,13,14:21:51,16:08:18,16:08:44,COMPLETED,27463.0,442.9,6387.87,6413.87
1135,easy,11,14:22:28,16:08:51,16:08:57,COMPLETED,25369.0,112.3,6383.48,6389.86
946,hard,15,13:36:55,14:47:32,16:09:30,COMPLETED,33221.0,81963.5,4237.62,9155.26
836,hard,15,12:56:58,13:40:36,16:12:31,COMPLETED,38247.0,151918.3,2618.34,11733.25
1079,medium,14,14:22:58,16:09:36,16:12:44,COMPLETED,34004.0,3135.5,6398.59,6586.42
1187,hard,15,14:20:46,16:06:49,16:13:49,COMPLETED,29881.0,7012.8,6363.06,6783.54
1148,easy,11,14:22:59,16:12:37,16:13:49,COMPLETED,34088.0,1200.5,6578.82,6650.54
1177,medium,14,14:14:40,15:54:38,16:13:55,COMPLETED,34655.0,19289.1,5998.91,7155.87
1170,easy,11,14:23:22,16:13:55,16:14:15,COMPLETED,29540.0,323.9,6633.87,6653.00
1174,easy,12,14:23:58,16:13:55,16:14:27,COMPLETED,33469.0,535.3,6597.87,6629.74
1065,easy,12,14:24:39,16:14:34,16:15:24,COMPLETED,25757.0,847.7,6595.08,6645.64
1122,easy,12,14:23:02,16:12:50,16:15:30,COMPLETED,26765.0,2676.0,6588.75,6748.97
1176,medium,14,14:08:50,15:49:24,16:15:50,COMPLETED,37221.0,26431.4,6034.29,7620.03
1056,easy,12,14:24:40,16:15:30,16:15:56,COMPLETED,30600.0,428.9,6650.97,6676.36
1048,easy,11,14:24:52,16:15:37,16:15:56,COMPLETED,27381.0,322.7,6645.36,6664.36
1054,easy,11,14:25:00,16:15:56,16:16:02,COMPLETED,25098.0,112.6,6656.36,6662.74
743,hard,15,12:19:59,12:47:18,16:16:47,COMPLETED,31236.0,209469.9,1639.95,14208.07
1064,easy,12,14:24:26,16:14:21,16:16:53,COMPLETED,30110.0,2539.8,6595.35,6747.40
1105,easy,12,14:26:11,16:16:59,16:17:44,COMPLETED,24878.0,746.6,6648.79,6693.28
1123,medium,14,14:22:45,16:09:04,16:18:09,COMPLETED,36093.0,9093.3,6379.28,6924.61
1057,medium,13,14:27:10,16:18:15,16:18:34,COMPLETED,25053.0,321.5,6665.94,6684.93
1038,medium,14,14:25:35,16:16:02,16:18:41,COMPLETED,28299.0,2647.7,6627.74,6786.26
1043,medium,14,14:08:24,15:49:24,16:19:25,COMPLETED,34834.0,30034.7,6060.29,7861.99
1180,easy,12,14:27:35,16:18:47,16:19:25,COMPLETED,30346.0,648.3,6672.66,6710.99
1181,easy,11,14:27:17,16:18:41,16:19:39,COMPLETED,33345.84500321705,976.1,6684.26,6742.33
900,hard,15,13:09:14,14:04:20,16:19:45,COMPLETED,34539.0,135424.6,3306.70,11431.88
716,hard,15,12:22:51,12:47:52,16:20:57,COMPLETED,35282.0,213082.4,1501.33,14286.24
1094,easy,11,14:29:39,16:21:03,16:21:10,COMPLETED,18353.0,118.1,6684.80,6691.39
461,hard,15,10:35:10,10:45:46,16:21:23,COMPLETED,41718.0,335612.9,636.87,20773.55
1046,medium,13,14:28:17,16:19:32,16:21:30,COMPLETED,31163.0,1968.8,6675.59,6793.10
1121,easy,11,14:30:59,16:21:36,16:21:43,COMPLETED,23442.0,118.3,6637.81,6644.45
1127,easy,11,14:29:50,16:21:16,16:21:49,COMPLETED,27629.0,559.9,6686.93,6719.94
1129,easy,11,14:30:01,16:21:30,16:21:49,COMPLETED,21558.0,341.0,6689.10,6708.94
1010,hard,15,13:24:57,14:21:04,16:22:15,COMPLETED,26212.0,121194.6,3367.46,10638.98
1045,easy,12,14:32:45,16:21:56,16:22:15,COMPLETED,28265.0,327.1,6551.61,6570.98
875,medium,14,13:16:39,14:14:34,16:22:22,COMPLETED,41025.0,127806.6,3475.23,11143.36
1112,easy,12,14:33:42,16:22:29,16:22:48,COMPLETED,26165.0,333.3,6527.02,6546.63
1117,easy,12,14:31:55,16:21:56,16:22:55,COMPLETED,26004.0,984.0,6601.61,6660.05
1158,hard,15,14:09:05,15:49:50,16:23:08,COMPLETED,38225.0,33298.9,6045.72,8043.32
1028,easy,11,14:35:00,16:23:01,16:23:27,COMPLETED,34974.0,445.0,6481.72,6507.95
598,hard,15,11:53:20,12:10:34,16:23:41,COMPLETED,32833.0,253117.8,1034.12,16221.12
1059,easy,11,14:36:34,16:23:34,16:24:00,COMPLETED,23150.0,435.0,6420.47,6446.11
1140,medium,13,14:33:50,16:22:55,16:24:06,COMPLETED,30286.0,1202.9,6545.05,6616.62
1125,easy,11,14:37:00,16:23:47,16:24:06,COMPLETED,24210.0,330.5,6407.45,6426.62
996,medium,14,13:58:16,15:34:00,16:25:43,COMPLETED,27306.0,51721.3,5744.53,8847.62
1101,medium,13,14:18:36,16:02:22,16:26:02,COMPLETED,36145.0,23675.0,6226.35,7646.63
1067,medium,13,14:37:52,16:24:13,16:26:15,COMPLETED,37231.0,2037.5,6381.32,6503.36
1173,easy,11,14:38:47,16:26:21,16:26:40,COMPLETED,22258.0,324.1,6454.70,6473.79
1150,medium,13,14:31:08,16:21:49,16:26:53,COMPLETED,28627.0,5065.1,6641.94,6945.56
1110,easy,12,14:38:01,16:25:49,16:27:19,COMPLETED,25732.0,1489.9,6468.95,6558.06
1024,hard,15,14:20:39,16:06:17,16:27:56,COMPLETED,33031.0,21663.6,6338.36,7638.00
1175,easy,11,14:39:41,16:28:03,16:28:09,COMPLETED,22821.0,111.2,6502.33,6508.69
1060,easy,11,14:39:50,16:28:16,16:28:28,COMPLETED,25428.0,216.6,6506.02,6518.71
1157,easy,12,14:29:35,16:19:52,16:29:00,COMPLETED,34604.0,9135.8,6617.54,7165.44
1152,medium,13,14:29:28,16:19:45,16:29:57,COMPLETED,30007.0,10196.4,6617.88,7229.41
1132,hard,15,14:02:32,15:42:20,16:30:48,COMPLETED,33372.0,48458.2,5988.82,8896.12
1189,easy,11,14:42:11,16:30:54,16:31:26,COMPLETED,26914.0,532.2,6523.45,6555.06
1030,hard,15,14:10:00,15:49:57,16:31:32,COMPLETED,37069.0,41587.9,5997.36,8492.41
1036,easy,11,14:42:33,16:31:32,16:31:45,COMPLETED,29383.0,217.1,6539.41,6552.14
1116,easy,12,14:43:05,16:31:38,16:32:16,COMPLETED,27480.0,640.0,6513.78,6551.88
909,hard,15,13:13:38,14:11:29,16:33:07,COMPLETED,31119.0,141626.4,3471.94,11969.43
1130,medium,14,14:11:56,15:51:54,16:33:07,COMPLETED,33925.0,41225.1,5998.13,8471.43
1061,medium,14,14:37:44,16:24:13,16:33:26,COMPLETED,31753.0,9226.5,6389.32,6942.61
1096,easy,11,14:44:06,16:33:13,16:33:26,COMPLETED,25419.0,219.4,6547.77,6560.61
1051,easy,11,14:43:51,16:33:13,16:33:33,COMPLETED,33816.0,327.6,6562.77,6582.02
1133,medium,13,14:39:35,16:27:25,16:33:39,COMPLETED,30489.0,6240.0,6470.38,6844.46
1104,easy,11,14:44:56,16:33:39,16:33:52,COMPLETED,19203.0,218.3,6523.46,6536.26
1055,medium,14,14:40:12,16:29:06,16:34:30,COMPLETED,28831.0,5395.0,6534.77,6858.19
1115,easy,11,14:45:41,16:33:58,16:34:30,COMPLETED,29909.0,532.0,6497.59,6529.19
967,hard,15,13:28:09,14:24:20,16:34:36,COMPLETED,31247.0,130266.8,3371.71,11187.54
1156,easy,11,14:46:39,16:34:42,16:34:49,COMPLETED,27324.0,113.0,6483.95,6490.34
1075,easy,12,14:46:28,16:34:36,16:34:55,COMPLETED,22030.0,326.2,6488.54,6507.75
1033,easy,11,14:47:01,16:34:55,16:35:08,COMPLETED,27662.0,219.0,6474.75,6487.59
1153,medium,14,14:28:55,16:19:32,16:35:14,COMPLETED,36762.0,15708.6,6637.59,7579.92
1160,medium,13,14:47:24,16:35:02,16:35:21,COMPLETED,28965.0,324.9,6458.19,6477.32
1066,easy,12,14:47:45,16:35:14,16:36:05,COMPLETED,31834.0,851.1,6449.92,6500.69
1169,easy,12,14:48:17,16:36:12,16:36:50,COMPLETED,28546.0,645.7,6475.02,6513.25
979,medium,14,13:57:01,15:29:53,16:36:56,COMPLETED,33246.0,67056.6,5572.81,9595.80
1163,medium,13,14:48:12,16:35:27,16:37:22,COMPLETED,33619.0,1926.8,6435.72,6550.85
1049,easy,11,14:48:39,16:36:56,16:37:22,COMPLETED,34251.0,442.8,6497.80,6523.85
1088,medium,14,14:17:45,15:59:20,16:37:36,COMPLETED,37257.0,38257.4,6095.97,8391.11
1062,easy,12,14:49:20,16:37:29,16:37:49,COMPLETED,20175.0,337.8,6489.42,6509.30
1111,medium,14,14:45:13,16:33:45,16:38:27,COMPLETED,27905.0,4700.7,6512.86,6794.63
1078,easy,11,14:49:49,16:38:33,16:38:40,COMPLETED,27333.0,111.2,6524.96,6531.32
1109,easy,12,14:46:26,16:34:36,16:40:40,COMPLETED,31809.0,6077.3,6490.54,6854.84
1047,medium,14,14:44:14,16:33:33,16:41:37,COMPLETED,28124.0,8084.5,6559.02,7043.82
265,hard,15,09:13:02,09:13:06,16:42:09,COMPLETED,26859.0,449049.8,4.51,26947.48
1167,medium,13,14:41:06,16:30:03,16:42:34,COMPLETED,30016.0,12522.0,6537.75,7288.81
1063,easy,12,14:50:38,16:41:44,16:42:47,COMPLETED,24313.0,1060.8,6666.15,6729.50
1092,medium,14,14:24:20,16:14:02,16:43:25,COMPLETED,43561.0,29393.8,6582.33,8345.64
885,hard,15,13:37:00,14:50:33,16:43:51,COMPLETED,28837.0,113304.1,4413.35,11211.40
1095,easy,12,14:51:32,16:43:32,16:43:51,COMPLETED,28287.0,328.9,6720.19,6739.40
1124,easy,11,14:51:39,16:43:57,16:44:11,COMPLETED,28068.0,228.2,6738.97,6752.17
1099,easy,12,14:51:56,16:43:57,16:44:37,COMPLETED,26588.0,662.0,6721.97,6761.23
1074,easy,11,14:52:33,16:44:43,16:44:50,COMPLETED,28739.0,115.7,6730.82,6737.26
1089,easy,11,14:52:56,16:44:56,16:45:16,COMPLETED,28273.0,337.3,6720.80,6740.43
1184,easy,11,14:52:59,16:45:23,16:45:42,COMPLETED,33158.0,331.4,6744.08,6763.46
1076,hard,15,14:11:03,15:50:49,16:45:55,COMPLETED,33430.0,55114.6,5986.03,9292.63
1025,medium,13,14:51:28,16:42:53,16:46:02,COMPLETED,29362.0,3144.6,6685.83,6874.17
1071,medium,14,14:39:06,16:26:59,16:46:40,COMPLETED,32109.0,19688.0,6473.93,7654.84
1146,easy,12,14:54:16,16:45:49,16:47:06,COMPLETED,32739.0,1304.1,6693.01,6770.79
1022,medium,14,14:54:51,16:46:08,16:47:32,COMPLETED,27571.0,1409.9,6677.54,6761.61
1143,medium,14,14:50:40,16:42:15,16:48:49,COMPLETED,30182.0,6574.8,6695.81,7089.81
1073,medium,13,14:56:04,16:46:47,16:49:09,COMPLETED,31369.0,2376.4,6643.38,6785.49
1097,easy,12,14:57:00,16:48:56,16:49:28,COMPLETED,28853.0,546.6,6716.39,6748.86
1161,easy,11,14:57:17,16:49:35,16:49:47,COMPLETED,23405.0,217.7,6738.22,6750.99
859,hard,15,13:57:33,15:30:38,16:50:38,COMPLETED,33790.0,80013.0,5585.08,10385.67
1090,easy,11,14:57:19,16:50:45,16:51:10,COMPLETED,29233.0,429.9,6806.06,6831.50
1149,medium,13,14:56:47,16:47:13,16:51:23,COMPLETED,31895.0,4170.2,6626.32,6876.25
1087,easy,11,14:57:26,16:51:16,16:51:35,COMPLETED,22365.0,323.0,6830.89,6849.96
1068,easy,11,14:57:41,16:51:29,16:51:35,COMPLETED,24905.0,111.7,6828.58,6834.96
1145,hard,15,14:25:46,16:16:02,16:52:26,COMPLETED,25082.0,36399.8,6616.74,8800.57
1141,medium,14,14:49:06,16:37:29,16:53:23,COMPLETED,32557.0,15904.9,6503.42,7457.47
1107,easy,12,14:58:53,16:53:29,16:53:48,COMPLETED,29129.0,321.3,6876.81,6895.78
1166,hard,15,14:43:24,16:32:23,16:55:57,COMPLETED,30335.0,23570.2,6539.21,7953.14
1069,easy,11,14:59:23,16:56:03,16:56:29,COMPLETED,26287.0,442.0,7000.56,7026.69
1126,medium,13,14:57:06,16:49:16,16:59:30,COMPLETED,34258.0,10248.9,6730.02,7344.48
1302,easy,11,15:00:27,16:59:37,16:59:43,COMPLETED,25755.0,118.8,7150.05,7156.69
1091,medium,13,14:57:42,16:51:42,16:59:56,COMPLETED,26659.0,8250.0,6840.30,7334.84
1039,medium,14,14:58:01,16:51:42,17:01:25,COMPLETED,30031.0,9728.4,6821.30,7404.77
1147,medium,13,14:58:45,16:52:32,17:02:10,COMPLETED,34780.0,9625.7,6827.93,7405.18
1098,medium,14,14:49:56,16:38:46,17:04:16,COMPLETED,34711.0,25506.2,6530.65,8060.75
1164,hard,15,14:37:11,16:24:06,17:05:20,COMPLETED,30428.0,41229.5,6415.62,8889.07
1216,easy,11,15:03:20,17:05:26,17:05:46,COMPLETED,22694.0,334.0,7326.60,7346.14
1235,easy,12,15:02:41,17:04:23,17:05:52,COMPLETED,30655.0,1502.9,7302.10,7391.68
1197,easy,11,15:04:28,17:05:52,17:05:59,COMPLETED,23402.0,121.1,7284.68,7291.32
1083,hard,15,14:47:53,16:35:21,17:06:57,COMPLETED,27228.0,31616.3,6448.32,8344.92
101,hard,15,08:25:19,08:25:24,17:07:04,COMPLETED,33407.0,521666.9,5.52,31305.47
1281,easy,12,15:05:47,17:07:04,17:07:23,COMPLETED,26555.0,330.2,7277.47,7296.78
1262,easy,12,15:05:47,17:07:10,17:07:49,COMPLETED,33333.0,658.4,7283.93,7322.94
1137,hard,15,14:38:37,16:26:08,17:08:22,COMPLETED,30441.0,42234.1,6451.96,8985.76
1026,medium,13,14:59:58,16:56:36,17:08:29,COMPLETED,33441.0,11889.2,6998.12,7711.17
1241,medium,14,15:01:47,17:00:03,17:08:35,COMPLETED,29229.0,8545.1,7096.38,7608.54
1202,easy,12,15:06:04,17:07:56,17:09:01,COMPLETED,29377.0,1088.6,7312.48,7377.32
1225,easy,11,15:07:11,17:09:07,17:09:20,COMPLETED,29133.0,223.7,7316.87,7329.81
1217,easy,11,15:07:15,17:09:27,17:09:40,COMPLETED,30356.0,228.8,7332.33,7345.44
1349,easy,11,15:07:24,17:09:47,17:10:00,COMPLETED,24918.0,223.1,7343.11,7356.20
901,hard,15,13:31:05,14:31:54,17:11:23,COMPLETED,36078.0,159490.3,3649.57,13218.77
1325,medium,13,15:06:07,17:08:29,17:12:02,COMPLETED,34096.0,3552.8,7342.17,7555.05
1299,easy,12,15:08:08,17:12:08,17:12:21,COMPLETED,27222.0,216.1,7440.38,7453.04
1276,easy,12,15:07:07,17:08:42,17:13:17,COMPLETED,32064.0,4600.8,7295.17,7570.92
1348,medium,13,15:07:53,17:11:30,17:13:17,COMPLETED,25368.0,1797.6,7417.38,7524.92
1086,hard,15,14:39:52,16:28:35,17:13:30,COMPLETED,32078.0,44931.9,6523.04,9218.72
1232,easy,12,15:08:48,17:13:24,17:13:49,COMPLETED,26930.0,430.5,7476.26,7501.85
1239,medium,14,15:07:51,17:10:06,17:14:46,COMPLETED,36041.0,4674.5,7335.52,7615.71
1357,medium,14,15:08:08,17:12:27,17:15:05,COMPLETED,31423.0,2643.7,7459.37,7617.69
1191,easy,11,15:09:30,17:14:53,17:15:18,COMPLETED,30782.0,427.7,7523.04,7548.41
1288,medium,13,15:08:51,17:13:37,17:15:56,COMPLETED,26752.0,2329.2,7486.10,7625.53
1236,easy,12,15:09:38,17:15:12,17:15:56,COMPLETED,24613.0,747.3,7534.04,7578.53
1266,easy,12,15:09:54,17:15:24,17:16:28,COMPLETED,26965.0,1066.1,7530.73,7594.32
1253,easy,12,15:10:31,17:16:34,17:18:05,COMPLETED,34766.0,1514.5,7563.74,7654.10
1029,medium,14,14:44:25,16:33:33,17:18:11,COMPLETED,36813.0,44650.4,6548.02,9226.65
272,hard,15,09:34:47,09:34:53,17:18:18,COMPLETED,35498.0,463419.7,6.17,27811.30
1321,easy,12,15:10:03,17:16:02,17:18:18,COMPLETED,33808.0,2262.2,7559.90,7695.30
1326,medium,14,15:09:29,17:13:56,17:18:31,COMPLETED,33620.0,4590.1,7467.18,7742.11
1317,easy,12,15:10:52,17:18:18,17:18:37,COMPLETED,26375.0,332.5,7646.30,7665.67
1206,easy,12,15:10:47,17:18:11,17:18:50,COMPLETED,23999.0,661.5,7644.65,7683.92
906,hard,15,13:43:50,14:57:48,17:18:57,COMPLETED,41697.0,141147.8,4438.83,12907.42
1250,easy,12,15:10:20,17:16:02,17:19:10,COMPLETED,29802.0,3134.8,7542.90,7730.69
1285,easy,11,15:13:08,17:19:04,17:19:23,COMPLETED,28672.0,336.6,7556.07,7575.73
1256,easy,12,15:11:24,17:18:37,17:19:36,COMPLETED,26307.0,992.7,7633.67,7692.96
1336,easy,11,15:13:18,17:19:30,17:19:43,COMPLETED,30351.0,226.2,7572.32,7585.29
1290,medium,14,15:02:38,17:02:16,17:19:56,COMPLETED,29980.0,17672.4,7178.52,8238.55
1295,easy,12,15:13:15,17:19:17,17:19:56,COMPLETED,28861.0,663.9,7562.10,7601.55
1312,easy,12,15:11:19,17:18:24,17:20:02,COMPLETED,32316.0,1643.5,7625.67,7723.97
1269,easy,11,15:14:52,17:20:02,17:20:16,COMPLETED,21760.0,225.4,7510.97,7524.01
1190,easy,11,15:14:56,17:20:02,17:20:29,COMPLETED,34571.0,444.0,7506.97,7533.16
1249,easy,11,15:16:14,17:20:09,17:20:35,COMPLETED,34601.0,448.3,7435.39,7461.72
1221,easy,12,15:14:17,17:19:49,17:20:42,COMPLETED,23700.0,882.9,7532.95,7585.33
1212,easy,12,15:16:15,17:20:22,17:20:42,COMPLETED,26053.0,340.1,7447.55,7467.33
1343,easy,12,15:16:28,17:20:42,17:20:55,COMPLETED,30569.0,231.0,7454.33,7467.71
1230,easy,12,15:17:19,17:21:02,17:21:21,COMPLETED,24814.0,331.5,7423.24,7442.63
1070,medium,14,14:57:00,16:47:39,17:21:28,COMPLETED,37152.0,33824.0,6639.20,8668.18
1263,easy,12,15:18:15,17:21:28,17:21:47,COMPLETED,30398.0,326.4,7393.18,7412.47
1251,easy,12,15:19:00,17:21:34,17:22:00,COMPLETED,31660.0,436.0,7354.74,7380.41
1021,medium,14,14:26:43,16:17:50,17:22:13,COMPLETED,31361.0,64387.3,6667.61,10530.56
1304,easy,11,15:19:15,17:21:53,17:22:13,COMPLETED,27804.0,338.3,7358.80,7378.56
1287,easy,11,15:19:42,17:22:20,17:22:26,COMPLETED,25989.0,119.5,7358.14,7364.83
1282,easy,11,15:19:28,17:22:06,17:22:39,COMPLETED,34689.0,554.3,7358.96,7391.90
1240,easy,12,15:20:14,17:22:20,17:22:46,COMPLETED,23382.0,440.8,7326.14,7352.26
1338,easy,11,15:20:30,17:22:33,17:22:46,COMPLETED,33199.0,222.3,7323.37,7336.26
1194,easy,11,15:21:45,17:22:52,17:22:59,COMPLETED,23860.0,110.9,7267.74,7274.13
1214,easy,11,15:21:28,17:22:52,17:23:11,COMPLETED,31506.0,324.1,7284.74,7303.88
1313,easy,12,15:22:02,17:23:05,17:24:08,COMPLETED,25346.0,1061.1,7263.46,7326.83
1318,easy,12,15:21:19,17:22:46,17:24:46,COMPLETED,37222.0,2015.2,7287.26,7407.87
1226,medium,13,15:11:32,17:18:44,17:25:05,COMPLETED,35617.0,6365.4,7632.31,8013.90
1196,easy,12,15:23:25,17:24:53,17:25:18,COMPLETED,35721.0,429.7,7288.21,7313.67
1353,easy,11,15:24:29,17:25:25,17:25:31,COMPLETED,27952.0,111.5,7256.02,7262.38
1284,easy,11,15:24:39,17:25:37,17:25:44,COMPLETED,26029.0,111.1,7258.73,7265.09
1100,hard,15,14:25:46,16:16:09,17:26:28,COMPLETED,37067.0,70324.5,6623.15,10842.47
1277,hard,15,15:11:15,17:18:24,17:26:41,COMPLETED,31560.0,8278.9,7629.67,8126.14
1334,medium,13,15:05:49,17:07:30,17:26:53,COMPLETED,36538.0,19396.0,7301.33,8464.86
1201,medium,13,15:22:14,17:23:18,17:27:00,COMPLETED,29930.0,3704.8,7264.22,7486.18
1265,easy,12,15:17:03,17:20:49,17:27:06,COMPLETED,33155.0,6296.1,7426.02,7803.56
1243,easy,11,15:26:46,17:27:12,17:27:31,COMPLETED,25285.0,321.7,7226.94,7245.94
1037,medium,14,14:50:33,16:40:47,17:28:04,COMPLETED,37134.0,47286.0,6614.24,9451.07
1227,easy,11,15:27:20,17:28:10,17:28:23,COMPLETED,23532.0,219.9,7250.61,7263.50
1213,easy,12,15:27:05,17:27:38,17:28:36,COMPLETED,35079.0,978.0,7233.27,7291.46
1311,easy,11,15:27:51,17:28:29,17:28:43,COMPLETED,24428.0,229.6,7238.83,7252.00
1346,easy,11,15:28:00,17:28:43,17:28:49,COMPLETED,26707.0,121.0,7243.00,7249.67
1305,medium,13,15:26:04,17:26:47,17:29:15,COMPLETED,36215.0,2479.8,7243.47,7391.76
1320,easy,11,15:28:13,17:28:49,17:29:22,COMPLETED,29391.0,554.7,7236.67,7269.33
892,hard,15,13:28:59,14:27:12,17:30:07,COMPLETED,25979.0,182913.3,3493.84,14468.47
1272,medium,13,15:28:35,17:28:56,17:30:07,COMPLETED,28197.0,1194.7,7221.32,7292.47
1333,easy,11,15:28:36,17:29:22,17:30:07,COMPLETED,36397.0,761.7,7246.33,7291.47
922,hard,15,13:48:56,15:13:57,17:30:20,COMPLETED,30586.0,136391.5,5101.60,13284.88
1291,easy,11,15:29:43,17:30:14,17:30:20,COMPLETED,23808.0,119.4,7231.09,7237.88
1258,easy,11,15:30:08,17:30:27,17:30:33,COMPLETED,25956.0,115.0,7219.46,7225.86
1219,medium,13,15:12:28,17:18:57,17:30:40,COMPLETED,28149.0,11725.2,7589.42,8292.44
1359,easy,12,15:28:48,17:30:14,17:30:47,COMPLETED,32057.0,553.7,7286.09,7319.08
1329,easy,11,15:30:45,17:30:40,17:31:00,COMPLETED,20203.0,335.6,7195.44,7215.04
1319,easy,12,15:31:26,17:30:47,17:31:19,COMPLETED,27026.0,547.9,7161.08,7193.47
1242,medium,14,15:26:26,17:27:06,17:31:26,COMPLETED,25486.0,4333.5,7240.56,7500.02
1354,easy,11,15:31:42,17:31:26,17:31:32,COMPLETED,28884.0,123.1,7184.02,7190.65
1034,medium,14,14:33:02,16:22:22,17:32:05,COMPLETED,38497.0,69720.1,6560.36,10743.31
1310,medium,13,15:25:49,17:25:50,17:32:50,COMPLETED,32375.0,7008.6,7201.42,7621.52
1245,easy,12,15:33:54,17:31:39,17:33:16,COMPLETED,38554.0,1626.9,7065.47,7162.79
1053,medium,14,14:59:09,16:53:55,17:33:23,COMPLETED,29190.0,39474.1,6886.11,9254.12
1237,medium,13,15:31:33,17:31:06,17:33:23,COMPLETED,26661.0,2284.8,7173.61,7310.12
1298,easy,12,15:34:44,17:32:57,17:33:23,COMPLETED,27214.0,444.5,7093.05,7119.12
1050,hard,15,14:43:08,16:31:51,17:33:42,COMPLETED,33604.0,61859.2,6523.47,10234.85
1257,easy,12,15:34:48,17:33:29,17:33:49,COMPLETED,22075.0,329.5,7121.75,7141.18
1356,medium,13,15:31:32,17:30:53,17:33:55,COMPLETED,24485.0,3041.2,7161.45,7343.56
1315,medium,13,15:16:50,17:20:49,17:34:27,COMPLETED,27188.0,13644.7,7439.02,8257.45
1205,medium,13,15:26:16,17:27:00,17:34:27,COMPLETED,38276.0,7459.4,7244.18,7691.45
1267,medium,13,15:30:07,17:30:27,17:34:27,COMPLETED,29628.0,4005.3,7220.46,7460.45
1341,medium,13,15:34:50,17:33:29,17:34:33,COMPLETED,30349.0,1073.8,7119.75,7183.85
1350,easy,12,15:35:39,17:34:33,17:35:30,COMPLETED,28853.0,956.2,7134.85,7191.93
1292,medium,13,15:35:50,17:34:33,17:36:15,COMPLETED,25520.0,1694.7,7123.85,7225.24
1268,easy,12,15:36:46,17:35:37,17:36:15,COMPLETED,27503.0,639.4,7131.26,7169.24
1139,hard,15,14:52:15,16:44:17,17:38:40,COMPLETED,29652.0,54389.3,6722.72,9985.90
1208,medium,13,15:36:53,17:36:21,17:39:06,COMPLETED,30222.0,2748.4,7168.64,7333.22
1223,easy,11,15:37:36,17:38:47,17:39:12,COMPLETED,27849.0,429.5,7271.23,7296.59
1248,medium,13,15:34:13,17:32:11,17:41:51,COMPLETED,26838.0,9662.1,7078.86,7658.33
1345,easy,11,15:39:47,17:41:57,17:42:10,COMPLETED,26170.0,216.2,7330.66,7343.32
1203,easy,11,15:40:09,17:42:16,17:42:29,COMPLETED,24152.0,218.2,7327.65,7340.44
1154,hard,15,14:48:49,16:37:03,17:42:48,COMPLETED,29428.0,65752.3,6494.46,10439.43
1207,medium,14,15:35:12,17:33:49,17:42:54,COMPLETED,35660.0,9098.3,7117.18,7662.77
1178,medium,14,14:21:55,16:08:51,17:43:01,COMPLETED,31351.0,94164.4,6416.48,12066.15
1301,easy,11,15:41:39,17:43:01,17:43:07,COMPLETED,28193.0,112.3,7282.15,7288.54
1231,hard,15,15:28:45,17:29:29,17:43:20,COMPLETED,32154.0,13858.7,7244.01,8075.28
1297,easy,11,15:41:56,17:43:13,17:44:04,COMPLETED,29259.0,849.9,7277.92,7328.62
1323,easy,12,15:41:28,17:42:54,17:44:10,COMPLETED,24244.0,1275.3,7286.77,7362.95
1306,easy,11,15:42:23,17:44:10,17:44:23,COMPLETED,16630.0,217.7,7307.95,7320.71
1307,easy,12,15:39:34,17:39:19,17:44:36,COMPLETED,40172.0,5294.0,7185.04,7502.41
1309,hard,15,15:02:11,17:01:32,17:45:01,COMPLETED,31772.0,43496.8,7161.10,9770.71
1209,hard,15,15:13:27,17:19:43,17:45:01,COMPLETED,31526.0,25311.0,7576.29,9094.71
1215,medium,13,15:43:12,17:44:30,17:46:05,COMPLETED,29547.0,1605.5,7278.04,7373.90
1283,medium,14,15:34:45,17:33:23,17:46:19,COMPLETED,27370.0,12938.2,7118.12,7894.03
1342,medium,13,15:41:49,17:43:07,17:46:25,COMPLETED,26000.0,3309.1,7278.54,7476.56
1228,easy,11,15:44:56,17:46:12,17:46:38,COMPLETED,22039.0,440.0,7276.44,7302.53
1330,easy,11,15:45:37,17:46:32,17:46:38,COMPLETED,25512.0,111.8,7255.16,7261.53
1337,medium,13,15:42:36,17:44:17,17:46:44,COMPLETED,29370.0,2466.6,7301.33,7448.89
1300,easy,11,15:46:08,17:46:44,17:46:57,COMPLETED,28943.0,223.2,7236.89,7249.99
1238,medium,14,15:35:14,17:33:55,17:47:10,COMPLETED,25426.0,13256.6,7121.56,7916.71
1347,medium,13,15:43:58,17:45:08,17:47:10,COMPLETED,29424.0,2049.2,7270.06,7392.71
1335,easy,12,15:45:09,17:46:25,17:47:10,COMPLETED,26156.0,757.8,7276.56,7321.71
1279,easy,12,15:46:58,17:46:51,17:47:23,COMPLETED,26047.0,539.5,7193.39,7225.48
907,hard,15,13:48:22,15:12:00,17:47:48,COMPLETED,31760.0,155799.2,5018.95,14366.79
1339,easy,12,15:47:18,17:47:04,17:47:55,COMPLETED,34278.0,852.4,7186.32,7237.14
1260,easy,12,15:48:20,17:47:29,17:47:55,COMPLETED,27404.0,428.0,7149.82,7175.14
786,hard,15,12:59:56,13:52:14,17:48:14,COMPLETED,32499.0,235993.8,3138.69,17298.24
1255,easy,11,15:48:45,17:47:55,17:48:20,COMPLETED,23326.0,429.7,7150.14,7175.59
1200,easy,12,15:50:42,17:48:20,17:49:17,COMPLETED,32811.0,954.6,7058.59,7115.56
1327,easy,12,15:46:27,17:46:44,17:49:23,COMPLETED,34201.0,2654.7,7217.89,7376.89
1328,medium,13,15:52:02,17:49:30,17:49:55,COMPLETED,31102.0,426.5,7048.28,7073.56
1289,medium,13,15:40:41,17:42:35,17:50:01,COMPLETED,33662.0,7441.0,7314.77,7760.89
1314,easy,12,15:52:25,17:50:01,17:50:14,COMPLETED,27831.0,219.5,7056.89,7069.74
1296,medium,13,15:49:41,17:48:01,17:50:40,COMPLETED,23095.0,2650.4,7100.52,7259.22
1254,easy,12,15:53:32,17:50:21,17:51:24,COMPLETED,28219.0,1065.1,7009.09,7072.68
1280,easy,12,15:47:44,17:47:17,17:52:22,COMPLETED,33901.0,5094.5,7173.07,7478.29
1193,medium,13,15:51:38,17:48:26,17:52:41,COMPLETED,26883.0,4257.9,7008.96,7263.98
1308,easy,12,15:52:49,17:50:08,17:53:08,COMPLETED,30780.0,3001.7,7039.31,7219.13
347,hard,15,10:21:15,10:21:15,17:53:14,COMPLETED,31379.0,451989.8,0.14,27119.46
1229,medium,14,15:50:15,17:48:01,17:53:27,COMPLETED,36064.0,5436.0,7066.52,7392.46
1192,medium,14,15:43:53,17:44:42,17:54:12,COMPLETED,27114.0,9507.6,7249.73,7819.78
1293,hard,15,15:08:19,17:13:24,17:55:23,COMPLETED,28880.0,41995.4,7505.26,10024.68
1271,easy,11,15:55:41,17:55:30,17:55:36,COMPLETED,25857.0,119.0,7189.22,7195.87
1198,medium,14,15:39:20,17:39:12,17:55:56,COMPLETED,29377.0,16739.3,7192.59,8196.55
1322,hard,15,15:16:17,17:20:35,17:57:07,COMPLETED,33536.0,36539.9,7458.72,9650.81
1344,medium,14,15:22:21,17:24:15,17:57:40,COMPLETED,35106.0,33430.1,7314.16,9319.65
1259,easy,11,15:56:45,17:57:14,17:57:47,COMPLETED,33386.0,557.7,7229.35,7262.22
1273,medium,13,15:55:05,17:53:14,17:57:53,COMPLETED,26059.0,4662.0,7089.46,7368.86
1352,medium,13,15:55:05,17:52:48,17:58:06,COMPLETED,27568.0,5308.9,7063.52,7381.79
1199,easy,12,15:56:50,17:57:47,17:58:32,COMPLETED,28846.0,752.7,7257.22,7302.10
1222,medium,13,15:51:58,17:49:23,17:58:44,COMPLETED,26016.0,9353.5,7045.89,7606.83
1331,medium,13,15:57:21,17:58:13,17:59:03,COMPLETED,26726.0,851.6,7252.12,7302.88
1252,easy,12,15:59:22,17:58:51,17:59:48,COMPLETED,28533.0,955.4,7169.19,7226.20
206,hard,15,09:16:51,09:16:54,18:00:00,UNFINISHED,-1,-1,-1
320,hard,15,09:33:03,09:33:06,18:00:00,UNFINISHED,-1,-1,-1
224,hard,15,09:50:22,09:50:26,18:00:00,UNFINISHED,-1,-1,-1
447,hard,15,10:07:15,10:07:20,18:00:00,UNFINISHED,-1,-1,-1
618,hard,15,11:01:33,11:15:33,18:00:00,UNFINISHED,-1,-1,-1
666,hard,15,11:52:07,12:09:09,18:00:00,UNFINISHED,-1,-1,-1
642,hard,15,11:58:26,12:16:53,18:00:00,UNFINISHED,-1,-1,-1
812,hard,15,12:18:09,12:45:47,18:00:00,UNFINISHED,-1,-1,-1
696,hard,15,12:26:15,12:57:54,18:00:00,UNFINISHED,-1,-1,-1
842,hard,15,12:36:26,13:09:54,18:00:00,UNFINISHED,-1,-1,-1
798,hard,15,12:40:59,13:19:04,18:00:00,UNFINISHED,-1,-1,-1
682,hard,15,12:41:00,13:20:03,18:00:00,UNFINISHED,-1,-1,-1
779,hard,15,12:48:00,13:26:00,18:00:00,UNFINISHED,-1,-1,-1
863,hard,15,13:12:53,14:09:04,18:00:00,UNFINISHED,-1,-1,-1
905,hard,15,13:17:25,14:15:12,18:00:00,UNFINISHED,-1,-1,-1
940,hard,15,13:17:45,14:15:37,18:00:00,UNFINISHED,-1,-1,-1
976,hard,15,13:32:40,14:36:26,18:00:00,UNFINISHED,-1,-1,-1
992,hard,15,13:34:43,14:38:11,18:00:00,UNFINISHED,-1,-1,-1
914,hard,15,13:41:18,14:57:29,18:00:00,UNFINISHED,-1,-1,-1
984,hard,15,13:43:46,14:57:48,18:00:00,UNFINISHED,-1,-1,-1
857,hard,15,13:46:34,15:09:26,18:00:00,UNFINISHED,-1,-1,-1
958,hard,15,13:48:59,15:14:04,18:00:00,UNFINISHED,-1,-1,-1
1082,hard,15,14:00:24,15:41:36,18:00:00,UNFINISHED,-1,-1,-1
1113,hard,15,14:16:17,15:56:45,18:00:00,UNFINISHED,-1,-1,-1
1155,hard,15,14:18:26,16:00:32,18:00:00,UNFINISHED,-1,-1,-1
1171,hard,15,14:26:02,16:16:53,18:00:00,UNFINISHED,-1,-1,-1
1138,hard,15,14:33:15,16:22:22,18:00:00,UNFINISHED,-1,-1,-1
1182,hard,15,14:35:01,16:23:14,18:00:00,UNFINISHED,-1,-1,-1
1114,hard,15,14:39:03,16:26:47,18:00:00,UNFINISHED,-1,-1,-1
1168,hard,15,14:49:27,16:37:42,18:00:00,UNFINISHED,-1,-1,-1
1188,hard,15,14:49:36,16:37:55,18:00:00,UNFINISHED,-1,-1,-1
1103,hard,15,14:51:18,16:42:41,18:00:00,UNFINISHED,-1,-1,-1
1023,hard,15,14:54:18,16:46:02,18:00:00,UNFINISHED,-1,-1,-1
1042,medium,14,14:57:18,16:49:54,18:00:00,UNFINISHED,-1,-1,-1
1261,hard,15,15:00:33,16:59:50,18:00:00,UNFINISHED,-1,-1,-1
1278,hard,15,15:04:55,17:05:59,18:00:00,UNFINISHED,-1,-1,-1
1324,hard,15,15:05:33,17:06:06,18:00:00,UNFINISHED,-1,-1,-1
1210,hard,15,15:07:03,17:08:35,18:00:00,UNFINISHED,-1,-1,-1
1195,hard,15,15:24:28,17:25:12,18:00:00,UNFINISHED,-1,-1,-1
1220,medium,14,15:25:54,17:26:34,18:00:00,UNFINISHED,-1,-1,-1
1264,hard,15,15:28:46,17:30:14,18:00:00,UNFINISHED,-1,-1,-1
1358,hard,15,15:32:05,17:31:32,18:00:00,UNFINISHED,-1,-1,-1
1218,hard,15,15:34:53,17:33:29,18:00:00,UNFINISHED,-1,-1,-1
1234,hard,15,15:35:31,17:34:01,18:00:00,UNFINISHED,-1,-1,-1
1332,hard,15,15:35:55,17:34:33,18:00:00,UNFINISHED,-1,-1,-1
1351,hard,15,15:36:21,17:34:40,18:00:00,UNFINISHED,-1,-1,-1
1270,hard,15,15:37:31,17:36:21,18:00:00,UNFINISHED,-1,-1,-1
1340,hard,15,15:42:17,17:43:26,18:00:00,UNFINISHED,-1,-1,-1
1233,hard,15,15:44:07,17:45:08,18:00:00,UNFINISHED,-1,-1,-1
1294,medium,14,15:48:08,17:47:17,18:00:00,UNFINISHED,-1,-1,-1
1275,hard,15,15:48:14,17:47:17,18:00:00,UNFINISHED,-1,-1,-1
1274,hard,15,15:53:56,17:50:46,18:00:00,UNFINISHED,-1,-1,-1
1204,medium,13,15:54:04,17:51:31,18:00:00,UNFINISHED,-1,-1,-1
1286,medium,14,15:54:30,17:52:28,18:00:00,UNFINISHED,-1,-1,-1
1211,hard,15,15:55:08,17:53:20,18:00:00,UNFINISHED,-1,-1,-1
1247,hard,15,15:55:08,17:53:33,18:00:00,UNFINISHED,-1,-1,-1
1246,hard,15,15:55:40,17:54:19,18:00:00,UNFINISHED,-1,-1,-1
1244,medium,14,15:56:01,17:55:43,18:00:00,UNFINISHED,-1,-1,-1
1316,medium,14,15:56:04,17:56:03,18:00:00,UNFINISHED,-1,-1,-1
1303,medium,14,15:56:57,17:57:53,18:00:00,UNFINISHED,-1,-1,-1
1224,hard,15,15:56:58,17:58:00,18:00:00,UNFINISHED,-1,-1,-1
1355,hard,15,15:58:51,17:58:38,18:00:00,UNFINISHED,-1,-1,-1
1488,medium,14,16:00:00,17:59:10,18:00:00,UNFINISHED,-1,-1,-1
1498,easy,12,16:01:12,17:59:54,18:00:00,UNFINISHED,-1,-1,-1
1511,easy,11,16:02:18,-,-,IGNORED,-1,-1
1436,easy,11,16:03:13,-,-,IGNORED,-1,-1
1427,easy,11,16:03:17,-,-,IGNORED,-1,-1
1479,medium,14,16:03:52,-,-,IGNORED,-1,-1
1396,easy,11,16:04:39,-,-,IGNORED,-1,-1
1371,medium,14,16:04:45,-,-,IGNORED,-1,-1
1477,hard,15,16:04:47,-,-,IGNORED,-1,-1
1392,easy,11,16:04:56,-,-,IGNORED,-1,-1
1501,hard,15,16:05:05,-,-,IGNORED,-1,-1
1416,easy,11,16:05:08,-,-,IGNORED,-1,-1
1489,easy,11,16:05:18,-,-,IGNORED,-1,-1
1478,easy,11,16:05:25,-,-,IGNORED,-1,-1
1417,easy,12,16:05:43,-,-,IGNORED,-1,-1
1406,medium,13,16:06:26,-,-,IGNORED,-1,-1
1497,easy,11,16:06:36,-,-,IGNORED,-1,-1
1395,medium,13,16:07:09,-,-,IGNORED,-1,-1
1397,hard,15,16:08:02,-,-,IGNORED,-1,-1
1391,easy,12,16:08:04,-,-,IGNORED,-1,-1
1515,medium,14,16:08:24,-,-,IGNORED,-1,-1
1421,easy,12,16:08:24,-,-,IGNORED,-1,-1
1454,hard,15,16:09:22,-,-,IGNORED,-1,-1
1523,hard,15,16:09:53,-,-,IGNORED,-1,-1
1516,hard,15,16:10:00,-,-,IGNORED,-1,-1
1518,easy,11,16:10:11,-,-,IGNORED,-1,-1
1415,medium,14,16:10:19,-,-,IGNORED,-1,-1
1466,easy,11,16:10:33,-,-,IGNORED,-1,-1
1446,easy,11,16:11:29,-,-,IGNORED,-1,-1
1431,easy,11,16:11:38,-,-,IGNORED,-1,-1
1469,medium,13,16:12:27,-,-,IGNORED,-1,-1
1419,medium,14,16:12:41,-,-,IGNORED,-1,-1
1401,medium,14,16:13:30,-,-,IGNORED,-1,-1
1389,easy,12,16:13:35,-,-,IGNORED,-1,-1
1472,medium,14,16:13:58,-,-,IGNORED,-1,-1
1366,easy,11,16:16:51,-,-,IGNORED,-1,-1
1500,easy,11,16:17:14,-,-,IGNORED,-1,-1
1403,medium,14,16:17:17,-,-,IGNORED,-1,-1
1375,hard,15,16:17:24,-,-,IGNORED,-1,-1
1485,hard,15,16:17:35,-,-,IGNORED,-1,-1
1432,easy,11,16:18:01,-,-,IGNORED,-1,-1
1526,easy,12,16:18:38,-,-,IGNORED,-1,-1
1365,easy,12,16:18:53,-,-,IGNORED,-1,-1
1494,medium,14,16:19:03,-,-,IGNORED,-1,-1
1373,easy,12,16:19:08,-,-,IGNORED,-1,-1
1514,hard,15,16:20:15,-,-,IGNORED,-1,-1
1505,hard,15,16:21:22,-,-,IGNORED,-1,-1
1474,easy,12,16:21:52,-,-,IGNORED,-1,-1
1480,medium,13,16:22:07,-,-,IGNORED,-1,-1
1512,medium,14,16:22:42,-,-,IGNORED,-1,-1
1509,hard,15,16:22:48,-,-,IGNORED,-1,-1
1424,medium,14,16:23:09,-,-,IGNORED,-1,-1
1380,hard,15,16:23:33,-,-,IGNORED,-1,-1
1382,easy,12,16:23:35,-,-,IGNORED,-1,-1
1428,medium,13,16:24:08,-,-,IGNORED,-1,-1
1513,easy,12,16:24:28,-,-,IGNORED,-1,-1
1410,hard,15,16:24:45,-,-,IGNORED,-1,-1
1411,medium,14,16:25:28,-,-,IGNORED,-1,-1
1426,easy,12,16:25:55,-,-,IGNORED,-1,-1
1407,hard,15,16:25:58,-,-,IGNORED,-1,-1
1506,medium,14,16:26:15,-,-,IGNORED,-1,-1
1412,medium,13,16:26:42,-,-,IGNORED,-1,-1
1376,easy,12,16:26:51,-,-,IGNORED,-1,-1
1435,easy,12,16:27:00,-,-,IGNORED,-1,-1
1402,medium,14,16:27:08,-,-,IGNORED,-1,-1
1379,easy,12,16:27:38,-,-,IGNORED,-1,-1
1482,easy,12,16:27:49,-,-,IGNORED,-1,-1
1372,easy,12,16:28:30,-,-,IGNORED,-1,-1
1525,medium,14,16:28:32,-,-,IGNORED,-1,-1
1367,medium,13,16:28:37,-,-,IGNORED,-1,-1
1360,easy,11,16:29:13,-,-,IGNORED,-1,-1
1458,easy,11,16:29:17,-,-,IGNORED,-1,-1
1490,easy,12,16:29:35,-,-,IGNORED,-1,-1
1464,hard,15,16:29:38,-,-,IGNORED,-1,-1
1362,easy,12,16:29:42,-,-,IGNORED,-1,-1
1447,hard,15,16:30:19,-,-,IGNORED,-1,-1
1448,hard,15,16:30:36,-,-,IGNORED,-1,-1
1363,hard,15,16:30:52,-,-,IGNORED,-1,-1
1369,medium,13,16:30:57,-,-,IGNORED,-1,-1
1508,medium,14,16:31:15,-,-,IGNORED,-1,-1
1413,easy,12,16:31:33,-,-,IGNORED,-1,-1
1385,easy,12,16:32:07,-,-,IGNORED,-1,-1
1420,medium,13,16:32:15,-,-,IGNORED,-1,-1
1503,easy,11,16:32:24,-,-,IGNORED,-1,-1
1439,easy,12,16:32:41,-,-,IGNORED,-1,-1
1452,easy,11,16:32:42,-,-,IGNORED,-1,-1
1475,easy,11,16:32:53,-,-,IGNORED,-1,-1
1486,medium,13,16:33:21,-,-,IGNORED,-1,-1
1468,hard,15,16:33:22,-,-,IGNORED,-1,-1
1368,medium,14,16:33:59,-,-,IGNORED,-1,-1
1383,medium,13,16:34:00,-,-,IGNORED,-1,-1
1502,easy,12,16:34:09,-,-,IGNORED,-1,-1
1451,easy,12,16:34:36,-,-,IGNORED,-1,-1
1470,medium,13,16:34:46,-,-,IGNORED,-1,-1
1462,medium,13,16:36:08,-,-,IGNORED,-1,-1
1504,easy,12,16:36:16,-,-,IGNORED,-1,-1
1400,easy,11,16:36:42,-,-,IGNORED,-1,-1
1364,medium,13,16:36:46,-,-,IGNORED,-1,-1
1418,medium,13,16:37:00,-,-,IGNORED,-1,-1
1404,medium,13,16:37:38,-,-,IGNORED,-1,-1
1422,medium,13,16:37:39,-,-,IGNORED,-1,-1
1442,easy,11,16:37:56,-,-,IGNORED,-1,-1
1423,easy,11,16:38:11,-,-,IGNORED,-1,-1
1434,medium,13,16:38:31,-,-,IGNORED,-1,-1
1425,medium,14,16:38:54,-,-,IGNORED,-1,-1
1370,easy,11,16:39:10,-,-,IGNORED,-1,-1
1388,hard,15,16:39:23,-,-,IGNORED,-1,-1
1374,easy,12,16:40:48,-,-,IGNORED,-1,-1
1476,medium,14,16:40:50,-,-,IGNORED,-1,-1
1467,easy,11,16:40:52,-,-,IGNORED,-1,-1
1484,easy,11,16:40:55,-,-,IGNORED,-1,-1
1390,easy,11,16:41:48,-,-,IGNORED,-1,-1
1394,hard,15,16:41:56,-,-,IGNORED,-1,-1
1481,easy,12,16:42:06,-,-,IGNORED,-1,-1
1527,easy,12,16:42:21,-,-,IGNORED,-1,-1
1398,medium,13,16:42:31,-,-,IGNORED,-1,-1
1495,easy,12,16:43:21,-,-,IGNORED,-1,-1
1456,medium,13,16:43:38,-,-,IGNORED,-1,-1
1461,hard,15,16:45:00,-,-,IGNORED,-1,-1
1455,hard,15,16:45:49,-,-,IGNORED,-1,-1
1487,easy,12,16:46:13,-,-,IGNORED,-1,-1
1444,medium,14,16:46:28,-,-,IGNORED,-1,-1
1405,hard,15,16:46:38,-,-,IGNORED,-1,-1
1429,medium,14,16:46:52,-,-,IGNORED,-1,-1
1445,hard,15,16:47:00,-,-,IGNORED,-1,-1
1520,medium,13,16:47:32,-,-,IGNORED,-1,-1
1377,easy,11,16:48:01,-,-,IGNORED,-1,-1
1529,easy,11,16:48:36,-,-,IGNORED,-1,-1
1414,easy,12,16:48:39,-,-,IGNORED,-1,-1
1463,easy,11,16:48:39,-,-,IGNORED,-1,-1
1522,easy,11,16:48:45,-,-,IGNORED,-1,-1
1450,easy,12,16:49:05,-,-,IGNORED,-1,-1
1491,hard,15,16:49:47,-,-,IGNORED,-1,-1
1361,easy,12,16:49:50,-,-,IGNORED,-1,-1
1433,medium,13,16:49:50,-,-,IGNORED,-1,-1
1438,hard,15,16:50:21,-,-,IGNORED,-1,-1
1393,easy,12,16:50:38,-,-,IGNORED,-1,-1
1386,easy,12,16:50:41,-,-,IGNORED,-1,-1
1496,hard,15,16:51:32,-,-,IGNORED,-1,-1
1457,easy,12,16:52:06,-,-,IGNORED,-1,-1
1483,easy,11,16:52:10,-,-,IGNORED,-1,-1
1507,medium,14,16:52:18,-,-,IGNORED,-1,-1
1492,medium,13,16:52:55,-,-,IGNORED,-1,-1
1437,hard,15,16:53:01,-,-,IGNORED,-1,-1
1409,hard,15,16:53:14,-,-,IGNORED,-1,-1
1399,easy,12,16:53:20,-,-,IGNORED,-1,-1
1378,hard,15,16:53:26,-,-,IGNORED,-1,-1
1408,medium,13,16:53:36,-,-,IGNORED,-1,-1
1493,easy,12,16:54:00,-,-,IGNORED,-1,-1
1499,easy,11,16:54:06,-,-,IGNORED,-1,-1
1528,easy,11,16:54:21,-,-,IGNORED,-1,-1
1517,easy,12,16:54:24,-,-,IGNORED,-1,-1
1387,easy,11,16:55:07,-,-,IGNORED,-1,-1
1430,easy,12,16:55:09,-,-,IGNORED,-1,-1
1459,easy,12,16:55:14,-,-,IGNORED,-1,-1
1521,easy,12,16:55:27,-,-,IGNORED,-1,-1
1473,easy,11,16:55:46,-,-,IGNORED,-1,-1
1524,easy,12,16:55:46,-,-,IGNORED,-1,-1
1443,medium,14,16:55:54,-,-,IGNORED,-1,-1
1510,easy,12,16:55:57,-,-,IGNORED,-1,-1
1465,easy,12,16:56:50,-,-,IGNORED,-1,-1
1384,easy,12,16:57:26,-,-,IGNORED,-1,-1
1471,easy,12,16:58:06,-,-,IGNORED,-1,-1
1460,easy,12,16:58:10,-,-,IGNORED,-1,-1
1441,medium,14,16:58:18,-,-,IGNORED,-1,-1
1519,easy,11,16:58:31,-,-,IGNORED,-1,-1
1449,medium,14,16:58:33,-,-,IGNORED,-1,-1
1453,medium,13,16:58:49,-,-,IGNORED,-1,-1
1440,hard,15,16:59:20,-,-,IGNORED,-1,-1
1381,easy,11,16:59:24,-,-,IGNORED,-1,-1
