task_id,difficulty,n,arrival_sim,start_sim,end_sim,status,cost,real_duration_sec,waiting_time_mili_sec,time_in_system_mili_sec
8,medium,13,08:01:10,08:01:13,08:02:13,COMPLETED,26630.0,1012.4,3.23,63.93
24,medium,13,08:00:43,08:00:49,08:02:44,COMPLETED,28444.0,1923.6,6.01,121.41
6,easy,12,08:02:25,08:02:26,08:02:56,COMPLETED,26797.0,510.1,1.06,31.53
45,easy,11,08:02:29,08:02:32,08:03:14,COMPLETED,27402.0,710.9,3.21,45.84
39,medium,13,08:01:13,08:01:13,08:03:26,COMPLETED,26510.0,2228.0,0.23,133.97
35,easy,11,08:04:58,08:05:03,08:05:22,COMPLETED,28586.0,304.2,5.92,24.13
14,easy,11,08:05:42,08:05:46,08:05:52,COMPLETED,23604.0,102.4,4.33,10.44
141,easy,12,08:06:07,08:06:10,08:06:22,COMPLETED,32003.0,204.2,3.65,15.86
94,easy,12,08:06:15,08:06:16,08:06:41,COMPLETED,24470.0,405.9,1.75,26.07
159,medium,13,08:04:15,08:04:15,08:06:47,COMPLETED,26731.0,2529.5,0.39,152.14
95,medium,14,08:04:32,08:04:33,08:07:47,COMPLETED,30757.0,3235.7,1.55,195.67
86,easy,12,08:08:46,08:08:48,08:08:54,COMPLETED,28844.0,102.9,2.25,8.37
115,easy,11,08:09:53,08:09:55,08:10:13,COMPLETED,27487.0,309.1,2.20,20.51
89,easy,12,08:09:18,08:09:18,08:10:38,COMPLETED,24684.0,1329.6,0.63,80.32
81,easy,11,08:10:20,08:10:25,08:11:15,COMPLETED,20707.0,823.5,5.88,55.18
34,easy,12,08:10:29,08:10:32,08:11:15,COMPLETED,27694.0,720.8,3.08,46.18
160,medium,14,08:00:11,08:00:12,08:11:51,COMPLETED,28257.0,11663.5,1.14,700.92
11,easy,11,08:12:01,08:12:04,08:12:10,COMPLETED,25150.0,108.2,3.17,9.40
13,medium,13,08:10:58,08:11:02,08:12:35,COMPLETED,32220.0,1538.6,4.81,97.07
143,medium,14,08:08:21,08:08:24,08:12:53,COMPLETED,32324.0,4490.7,3.00,272.37
139,easy,12,08:12:05,08:12:10,08:13:05,COMPLETED,31383.0,921.6,5.40,60.59
19,easy,11,08:13:00,08:13:05,08:13:30,COMPLETED,36328.0,409.5,5.59,30.11
112,medium,13,08:13:09,08:13:11,08:13:54,COMPLETED,32978.0,719.1,2.73,45.60
163,easy,11,08:13:56,08:14:00,08:14:13,COMPLETED,19587.0,207.3,4.95,17.28
91,easy,12,08:15:12,08:15:14,08:15:33,COMPLETED,29976.0,314.7,2.50,21.01
47,easy,11,08:16:02,08:16:03,08:16:28,COMPLETED,25294.0,409.2,1.97,26.42
102,easy,12,08:15:30,08:15:33,08:16:34,COMPLETED,30837.0,1025.1,3.01,64.54
37,easy,11,08:16:45,08:16:46,08:16:52,COMPLETED,25602.0,104.6,1.75,7.89
135,medium,13,08:13:51,08:13:54,08:17:05,COMPLETED,28311.0,3176.7,3.60,194.15
136,easy,11,08:16:51,08:16:52,08:17:11,COMPLETED,21189.0,307.7,1.89,20.27
33,easy,12,08:15:49,08:15:51,08:17:23,COMPLETED,27920.0,1531.8,2.73,94.51
15,medium,13,08:15:28,08:15:33,08:18:00,COMPLETED,39084.0,2459.3,5.01,152.44
134,easy,12,08:17:19,08:17:23,08:18:37,COMPLETED,28587.0,1233.7,4.51,78.45
93,easy,11,08:18:25,08:18:25,08:18:43,COMPLETED,27577.0,312.4,0.06,18.61
99,easy,11,08:18:00,08:18:00,08:19:03,COMPLETED,24819.0,1052.0,0.44,63.45
49,easy,12,08:17:46,08:17:48,08:19:21,COMPLETED,27488.0,1564.1,2.10,95.91
64,easy,12,08:18:38,08:18:43,08:19:28,COMPLETED,32027.0,742.6,5.61,50.05
74,easy,11,08:19:50,08:19:52,08:20:04,COMPLETED,28790.0,206.9,2.56,14.86
92,hard,15,08:07:56,08:07:59,08:20:53,COMPLETED,32695.0,12903.2,3.77,777.92
10,medium,13,08:18:41,08:18:43,08:21:00,COMPLETED,34308.0,2276.2,2.61,139.09
23,medium,13,08:17:42,08:17:48,08:21:06,COMPLETED,28618.0,3304.6,6.10,204.26
5,easy,11,08:21:35,08:21:37,08:21:43,COMPLETED,27678.0,104.9,2.03,8.20
100,medium,14,08:17:16,08:17:17,08:22:13,COMPLETED,34539.0,4944.5,1.38,297.98
80,easy,12,08:21:28,08:21:30,08:22:13,COMPLETED,31056.0,720.8,2.86,45.98
117,medium,13,08:03:29,08:03:33,08:22:20,COMPLETED,26963.0,18784.9,4.05,1131.14
73,hard,15,08:13:46,08:13:48,08:22:32,COMPLETED,31211.0,8734.4,2.39,526.41
48,easy,12,08:22:05,08:22:07,08:22:32,COMPLETED,28275.0,412.4,2.79,27.41
109,easy,12,08:21:18,08:21:18,08:22:50,COMPLETED,35060.0,1541.3,0.57,92.90
75,easy,12,08:22:49,08:22:50,08:23:40,COMPLETED,27744.0,826.5,1.90,51.39
133,easy,12,08:24:33,08:24:35,08:25:00,COMPLETED,26148.0,418.5,2.95,27.88
16,medium,13,08:17:42,08:17:48,08:25:31,COMPLETED,38871.0,7731.2,6.10,469.89
97,medium,14,08:21:48,08:21:49,08:25:31,COMPLETED,28974.0,3710.9,1.35,223.89
43,easy,11,08:25:14,08:25:19,08:25:31,COMPLETED,28902.0,207.7,5.58,17.89
59,medium,14,08:20:09,08:20:10,08:27:16,COMPLETED,26934.0,7097.7,2.00,427.76
78,medium,14,08:18:29,08:18:31,08:27:29,COMPLETED,35884.0,8965.1,2.23,540.06
140,medium,14,08:13:51,08:13:54,08:27:53,COMPLETED,35983.0,13984.4,3.60,842.71
61,medium,14,08:21:05,08:21:06,08:28:30,COMPLETED,30552.0,7410.0,1.26,445.77
17,easy,12,08:28:09,08:28:12,08:28:43,COMPLETED,26704.0,518.3,3.16,34.15
25,easy,12,08:27:56,08:27:59,08:28:55,COMPLETED,21086.0,929.0,3.86,59.48
103,easy,12,08:29:12,08:29:13,08:29:26,COMPLETED,27814.0,209.2,1.89,14.28
144,medium,14,08:27:06,08:27:10,08:30:46,COMPLETED,26242.0,3602.0,4.45,220.42
57,easy,12,08:29:36,08:29:38,08:30:58,COMPLETED,36761.0,1340.4,2.61,82.90
108,easy,12,08:30:49,08:30:52,08:31:17,COMPLETED,20598.0,416.0,3.64,28.46
122,easy,12,08:30:50,08:30:52,08:31:29,COMPLETED,27375.0,621.9,2.64,39.78
7,medium,13,08:30:45,08:30:46,08:31:36,COMPLETED,29966.0,830.3,1.42,51.03
162,medium,13,08:28:31,08:28:36,08:31:48,COMPLETED,28807.0,3193.6,5.95,197.45
58,medium,13,08:29:17,08:29:20,08:31:48,COMPLETED,31148.0,2475.2,3.07,151.45
70,easy,11,08:31:35,08:31:36,08:31:54,COMPLETED,22412.0,312.2,1.03,19.63
54,medium,14,08:24:24,08:24:29,08:32:00,COMPLETED,30499.0,7519.9,5.67,456.79
132,easy,12,08:34:10,08:34:10,08:34:47,COMPLETED,28189.0,621.7,0.17,37.31
90,easy,11,08:34:26,08:34:28,08:34:47,COMPLETED,23081.0,312.2,2.76,21.31
66,easy,12,08:35:53,08:35:55,08:36:32,COMPLETED,22280.0,621.1,2.24,39.35
42,easy,12,08:36:17,08:36:19,08:36:38,COMPLETED,24186.0,312.4,2.95,21.54
137,easy,12,08:33:19,08:33:20,08:37:03,COMPLETED,32777.0,3709.9,1.83,224.25
26,easy,11,08:36:54,08:36:57,08:37:09,COMPLETED,31864.0,209.8,3.05,15.48
84,easy,11,08:37:25,08:37:27,08:37:34,COMPLETED,30202.0,107.5,2.99,9.24
161,medium,14,08:27:31,08:27:35,08:37:59,COMPLETED,33000.0,10398.5,4.20,628.01
152,easy,12,08:38:27,08:38:30,08:38:42,COMPLETED,29274.0,215.3,3.28,15.93
20,medium,13,08:35:37,08:35:42,08:39:14,COMPLETED,33303.0,3525.5,5.87,217.19
29,easy,11,08:39:31,08:39:32,08:40:10,COMPLETED,28623.0,633.7,1.96,39.77
124,medium,13,08:39:10,08:39:14,08:40:35,COMPLETED,30268.0,1363.6,4.19,85.76
85,medium,14,08:33:28,08:33:33,08:41:13,COMPLETED,25904.0,7669.0,5.16,465.12
69,easy,12,08:41:07,08:41:13,08:41:25,COMPLETED,21338.0,211.0,6.12,18.56
63,easy,12,08:40:25,08:40:29,08:41:37,COMPLETED,30029.0,1145.4,4.48,72.99
150,medium,14,08:06:04,08:06:04,08:41:44,COMPLETED,37781.0,35663.0,0.55,2140.25
22,easy,11,08:41:33,08:41:37,08:42:02,COMPLETED,26906.0,418.3,4.99,29.91
2,medium,14,08:29:55,08:29:57,08:42:09,COMPLETED,30311.0,12201.7,2.13,734.12
158,medium,13,08:41:44,08:41:44,08:42:52,COMPLETED,23696.0,1143.5,0.25,68.72
1,hard,15,08:24:38,08:24:42,08:43:05,COMPLETED,30042.0,18382.8,4.24,1107.14
151,easy,12,08:42:33,08:42:33,08:43:17,COMPLETED,27652.0,729.1,0.96,44.54
116,hard,15,08:18:00,08:18:00,08:43:42,COMPLETED,30972.0,25698.9,0.44,1542.31
46,hard,15,08:29:21,08:29:26,08:44:56,COMPLETED,29131.0,15508.9,5.28,935.72
9,medium,13,08:40:45,08:40:48,08:45:40,COMPLETED,25998.0,4868.7,3.26,295.23
77,medium,13,08:41:22,08:41:25,08:45:46,COMPLETED,24971.0,4352.1,3.56,264.54
71,hard,15,08:42:27,08:42:27,08:47:08,COMPLETED,34287.0,4684.6,0.73,281.66
154,medium,13,08:40:44,08:40:48,08:47:14,COMPLETED,25701.0,6447.2,4.26,390.88
123,easy,12,08:46:35,08:46:36,08:47:27,COMPLETED,21845.0,847.0,1.86,52.52
28,medium,13,08:43:42,08:43:42,08:47:33,COMPLETED,24466.0,3861.5,0.31,231.72
155,medium,13,08:45:31,08:45:33,08:48:23,COMPLETED,37388.0,2833.9,2.97,172.63
106,easy,12,08:48:14,08:48:17,08:48:36,COMPLETED,22330.0,320.2,3.39,22.29
98,medium,14,08:45:05,08:45:09,08:49:26,COMPLETED,33630.0,4299.3,4.11,261.61
4,medium,13,08:40:17,08:40:17,08:49:33,COMPLETED,34016.0,9273.6,0.03,556.18
88,hard,15,08:09:43,08:09:49,08:50:49,COMPLETED,38194.0,41000.3,6.07,2466.02
55,medium,13,08:45:51,08:45:52,08:51:07,COMPLETED,31982.0,5258.0,1.75,316.98
40,medium,13,08:49:27,08:49:33,08:51:14,COMPLETED,33484.0,1691.3,6.18,107.36
169,easy,12,08:50:40,08:50:42,08:52:36,COMPLETED,33650.0,1896.6,2.76,116.36
30,medium,13,08:51:39,08:51:39,08:52:42,COMPLETED,26025.0,1052.7,0.73,63.62
114,easy,12,08:52:17,08:52:17,08:53:07,COMPLETED,24774.0,843.0,0.53,50.85
128,medium,14,08:32:12,08:32:13,08:53:14,COMPLETED,36306.0,21019.9,1.09,1262.17
138,medium,13,08:49:26,08:49:26,08:53:14,COMPLETED,28875.0,3794.9,0.61,228.17
127,easy,12,08:51:54,08:51:58,08:53:26,COMPLETED,32793.0,1471.5,4.77,92.80
76,easy,11,08:52:39,08:52:42,08:53:33,COMPLETED,35050.0,845.5,3.62,54.13
113,easy,11,08:53:26,08:53:26,08:53:33,COMPLETED,27089.0,110.3,0.80,7.13
142,medium,13,08:51:48,08:51:52,08:53:45,COMPLETED,30988.0,1890.4,4.47,117.67
164,easy,12,08:52:28,08:52:30,08:53:45,COMPLETED,21808.0,1264.7,2.04,77.67
56,easy,11,08:53:20,08:53:20,08:54:16,COMPLETED,33777.0,942.7,0.48,56.84
153,medium,13,08:48:20,08:48:23,08:54:47,COMPLETED,22822.0,6408.8,3.63,387.98
157,easy,11,08:54:59,08:55:00,08:55:25,COMPLETED,30619.0,419.7,1.45,26.42
105,medium,14,08:39:42,08:39:45,08:55:31,COMPLETED,32236.0,15771.6,3.48,949.66
79,medium,14,08:49:45,08:49:45,08:55:44,COMPLETED,25770.0,5972.3,0.97,359.11
121,medium,13,08:55:14,08:55:19,08:56:33,COMPLETED,26487.0,1249.2,5.16,79.91
36,easy,11,08:56:12,08:56:15,08:57:05,COMPLETED,27470.0,841.8,3.23,53.53
125,easy,12,08:56:43,08:56:46,08:57:18,COMPLETED,24809.0,536.3,3.35,35.12
50,medium,13,08:47:47,08:47:52,08:57:24,COMPLETED,35847.0,9537.4,5.54,577.56
166,hard,15,08:28:47,08:28:49,08:57:49,COMPLETED,31572.0,29013.3,2.30,1742.94
111,medium,14,08:36:58,08:37:03,08:58:59,COMPLETED,32051.0,21938.2,5.25,1321.44
51,medium,13,08:57:16,08:57:18,08:58:59,COMPLETED,30939.0,1690.6,2.12,103.44
68,medium,13,08:56:49,08:56:52,09:00:15,COMPLETED,33976.0,3379.8,3.62,206.09
131,easy,12,08:57:19,08:57:24,09:00:15,COMPLETED,25219.0,2848.3,5.56,176.09
27,medium,14,08:42:44,08:42:46,09:00:40,COMPLETED,36095.0,17906.6,2.48,1076.75
146,easy,11,08:59:54,08:59:56,09:00:59,COMPLETED,26732.0,1062.6,2.21,65.66
200,easy,12,09:00:27,09:00:27,09:01:56,COMPLETED,30343.0,1485.9,0.85,89.77
333,easy,12,09:01:30,09:01:31,09:02:03,COMPLETED,26757.0,537.4,1.35,33.17
206,easy,11,09:01:34,09:01:37,09:02:03,COMPLETED,26439.0,433.7,3.60,29.17
96,medium,14,08:17:37,08:17:41,09:02:09,COMPLETED,30912.0,44464.3,4.91,2672.68
277,medium,14,09:01:05,09:01:06,09:02:28,COMPLETED,30516.0,1380.8,1.02,83.55
72,medium,14,08:40:11,08:40:17,09:02:47,COMPLETED,33782.0,22514.5,6.03,1356.70
203,easy,12,09:02:46,09:02:47,09:03:25,COMPLETED,24378.0,628.9,1.70,39.27
62,medium,14,08:51:36,08:51:39,09:03:37,COMPLETED,28905.0,11970.1,3.73,721.74
263,easy,11,09:03:16,09:03:18,09:04:15,COMPLETED,24234.0,940.5,2.99,59.20
104,medium,14,08:25:05,08:25:07,09:04:34,COMPLETED,26593.0,39449.2,2.12,2369.02
265,easy,11,09:04:01,09:04:02,09:05:05,COMPLETED,20764.0,1046.8,1.70,64.29
44,medium,13,08:59:07,08:59:11,09:05:24,COMPLETED,31671.0,6207.5,4.89,377.12
257,easy,11,09:05:12,09:05:17,09:06:14,COMPLETED,29429.0,944.0,5.83,62.20
336,easy,11,09:06:16,09:06:20,09:07:10,COMPLETED,28884.0,841.6,4.51,54.74
306,easy,11,09:07:10,09:07:10,09:07:29,COMPLETED,29927.0,320.6,0.74,19.69
82,medium,14,08:51:58,08:51:58,09:07:36,COMPLETED,32981.0,15622.4,0.77,938.01
168,medium,14,08:54:37,08:54:41,09:07:36,COMPLETED,31920.0,12908.0,4.71,779.01
238,easy,11,09:07:17,09:07:17,09:07:36,COMPLETED,23519.0,320.4,0.05,19.01
83,medium,14,08:08:48,08:08:48,09:07:54,COMPLETED,39796.0,59111.9,0.25,3546.97
226,easy,12,09:05:43,09:05:49,09:07:54,COMPLETED,23629.0,2101.9,6.15,131.97
327,medium,13,09:02:18,09:02:22,09:08:20,COMPLETED,30707.0,5972.3,4.30,362.27
193,medium,13,09:06:22,09:06:26,09:08:20,COMPLETED,26861.0,1898.4,4.86,118.27
243,medium,13,09:04:58,09:04:58,09:09:17,COMPLETED,28468.0,4319.7,0.98,259.79
269,medium,14,09:07:17,09:07:17,09:09:24,COMPLETED,33453.0,2126.4,0.05,127.33
311,medium,13,09:04:25,09:04:27,09:09:37,COMPLETED,24092.0,5163.3,2.68,312.08
261,medium,13,09:02:45,09:02:47,09:09:43,COMPLETED,39383.0,6936.3,2.70,418.61
253,medium,13,09:05:08,09:05:11,09:10:15,COMPLETED,27393.0,5069.5,3.54,307.40
212,easy,12,09:08:16,09:08:20,09:10:21,COMPLETED,32220.0,2033.1,4.27,125.82
267,easy,12,09:08:24,09:08:26,09:10:34,COMPLETED,24668.0,2135.7,2.85,130.72
290,easy,12,09:09:08,09:09:11,09:10:34,COMPLETED,29085.0,1392.2,3.49,86.72
149,hard,15,08:26:48,08:26:51,09:10:41,COMPLETED,28166.0,43823.3,3.72,2633.06
279,easy,11,09:09:16,09:09:17,09:10:41,COMPLETED,25645.0,1392.1,1.79,85.06
256,easy,12,09:09:31,09:09:37,09:11:06,COMPLETED,23481.0,1493.6,6.08,95.50
225,easy,11,09:10:17,09:10:21,09:11:51,COMPLETED,20886.0,1492.7,4.82,94.06
266,easy,11,09:10:55,09:11:00,09:12:10,COMPLETED,24740.0,1179.8,5.03,75.48
228,easy,12,09:11:56,09:11:57,09:12:48,COMPLETED,26943.0,857.0,1.46,52.54
202,easy,12,09:12:01,09:12:03,09:12:54,COMPLETED,30515.0,858.4,2.93,53.95
235,easy,12,09:12:35,09:12:35,09:13:33,COMPLETED,33227.0,962.6,0.79,58.20
165,medium,14,08:57:15,08:57:18,09:14:04,COMPLETED,34693.0,16784.3,3.12,1009.98
319,medium,13,09:08:37,09:08:39,09:14:04,COMPLETED,36804.0,5425.0,2.74,327.98
305,easy,11,09:12:51,09:12:54,09:14:11,COMPLETED,32124.0,1277.5,3.95,80.32
252,medium,13,09:10:32,09:10:34,09:14:36,COMPLETED,31713.0,4031.4,2.72,244.37
244,easy,11,09:14:06,09:14:11,09:16:03,COMPLETED,31199.0,1880.7,5.32,117.93
224,easy,11,09:14:10,09:14:11,09:16:10,COMPLETED,31261.0,1984.4,1.32,120.20
126,hard,15,08:06:33,08:06:34,09:16:22,COMPLETED,33849.0,69796.1,1.98,4189.69
145,hard,15,08:14:43,08:14:43,09:16:47,COMPLETED,32154.0,62064.8,0.88,3724.70
304,easy,12,09:14:01,09:14:04,09:17:06,COMPLETED,29855.0,3029.2,3.98,185.53
110,hard,15,08:43:45,08:43:48,09:17:25,COMPLETED,34614.0,33615.4,3.56,2020.34
312,easy,12,09:15:04,09:15:07,09:17:31,COMPLETED,22951.0,2405.3,3.62,147.65
195,easy,12,09:14:33,09:14:36,09:17:50,COMPLETED,24509.0,3240.8,3.37,197.62
296,medium,13,09:12:12,09:12:16,09:17:56,COMPLETED,24707.0,5669.8,4.89,344.88
194,easy,11,09:16:48,09:16:53,09:18:09,COMPLETED,25357.0,1260.3,5.99,81.40
316,medium,13,09:12:51,09:12:54,09:18:21,COMPLETED,27169.0,5451.5,3.95,330.93
247,easy,12,09:17:21,09:17:25,09:18:21,COMPLETED,25754.0,947.2,4.34,60.93
320,easy,11,09:17:33,09:17:37,09:19:31,COMPLETED,27653.0,1895.3,4.99,118.35
192,easy,11,09:18:22,09:18:28,09:19:37,COMPLETED,23130.0,1165.6,6.20,75.78
241,easy,12,09:18:27,09:18:28,09:20:22,COMPLETED,30815.0,1906.8,1.20,115.44
213,easy,11,09:19:22,09:19:24,09:21:38,COMPLETED,34903.0,2241.2,2.81,136.93
331,medium,13,09:17:38,09:17:44,09:21:45,COMPLETED,24989.0,4026.2,6.31,247.37
264,easy,11,09:19:09,09:19:11,09:21:51,COMPLETED,33087.0,2675.0,2.96,162.99
172,easy,11,09:20:51,09:20:53,09:22:04,COMPLETED,27770.0,1190.2,2.79,73.83
181,easy,11,09:20:56,09:21:00,09:22:11,COMPLETED,31124.0,1190.6,4.10,75.29
229,easy,11,09:21:39,09:21:45,09:23:34,COMPLETED,31710.0,1822.8,6.37,115.52
301,easy,12,09:22:11,09:22:11,09:24:38,COMPLETED,28864.0,2459.8,0.29,147.49
237,easy,11,09:22:52,09:22:55,09:24:44,COMPLETED,23346.0,1825.7,3.84,112.96
148,hard,15,08:07:35,08:07:35,09:25:35,COMPLETED,31847.0,78007.3,0.50,4680.92
286,easy,11,09:24:27,09:24:31,09:26:20,COMPLETED,31426.0,1808.9,4.93,113.17
268,easy,11,09:25:12,09:25:16,09:26:20,COMPLETED,24956.0,1058.4,4.98,68.17
210,medium,13,09:16:18,09:16:22,09:26:26,COMPLETED,36045.0,10067.1,4.69,608.53
288,easy,11,09:24:11,09:24:12,09:26:32,COMPLETED,27577.0,2342.6,1.62,141.83
307,easy,12,09:23:47,09:23:47,09:26:39,COMPLETED,33194.0,2871.1,0.20,172.24
258,easy,11,09:25:19,09:25:23,09:27:10,COMPLETED,34471.0,1793.2,4.30,111.66
270,easy,12,09:25:56,09:26:01,09:28:19,COMPLETED,37720.0,2317.9,5.16,143.99
0,hard,15,08:17:41,08:17:41,09:28:32,COMPLETED,35070.0,70843.9,0.91,4251.56
204,medium,14,09:15:52,09:15:57,09:28:45,COMPLETED,29512.0,12796.4,5.60,773.12
222,medium,14,09:21:23,09:21:25,09:28:57,COMPLETED,35052.0,7534.2,2.97,454.81
223,easy,11,09:26:15,09:26:20,09:29:22,COMPLETED,23370.0,3051.3,5.17,187.97
214,medium,14,09:02:03,09:02:03,09:30:25,COMPLETED,22842.0,28382.3,0.17,1702.99
198,easy,11,09:27:57,09:28:01,09:31:03,COMPLETED,28505.0,3048.1,4.13,186.73
289,easy,12,09:28:43,09:28:45,09:31:10,COMPLETED,28659.0,2420.9,2.12,147.07
232,medium,13,09:26:28,09:26:32,09:31:16,COMPLETED,26000.0,4731.3,4.83,288.44
216,medium,14,09:25:36,09:25:42,09:32:19,COMPLETED,28436.0,6629.0,6.25,403.70
234,medium,13,09:27:34,09:27:35,09:32:39,COMPLETED,33171.0,5058.9,1.88,305.05
221,medium,13,09:23:17,09:23:21,09:33:11,COMPLETED,33592.0,9833.9,4.58,594.40
272,easy,11,09:30:59,09:31:03,09:33:56,COMPLETED,32903.0,2878.9,4.73,177.06
291,medium,13,09:21:03,09:21:06,09:34:02,COMPLETED,31696.0,12938.5,3.60,779.58
191,medium,13,09:30:45,09:30:51,09:34:02,COMPLETED,29999.0,3197.8,6.15,197.58
251,easy,11,09:31:10,09:31:10,09:34:02,COMPLETED,19329.0,2883.0,0.07,172.58
334,medium,13,09:26:31,09:26:32,09:34:41,COMPLETED,29267.0,8147.8,1.83,490.41
167,hard,15,08:02:56,08:02:56,09:35:00,COMPLETED,38384.0,92066.5,0.53,5524.52
130,hard,15,08:46:38,08:46:43,09:35:19,COMPLETED,36911.0,48607.1,5.29,2921.49
302,easy,11,09:34:03,09:34:09,09:39:45,COMPLETED,28141.0,5609.9,6.13,342.49
176,easy,11,09:35:31,09:35:32,09:39:51,COMPLETED,26416.0,4329.0,1.35,260.80
292,medium,13,09:20:04,09:20:09,09:40:23,COMPLETED,27625.0,20230.2,5.69,1219.33
219,easy,12,09:35:17,09:35:19,09:41:26,COMPLETED,28292.0,6122.4,2.49,369.60
87,hard,15,08:52:29,08:52:30,09:42:11,COMPLETED,34402.0,49686.7,1.04,2982.06
298,medium,13,09:33:02,09:33:04,09:43:33,COMPLETED,36054.0,10479.4,2.84,631.38
273,easy,11,09:40:45,09:40:48,09:43:52,COMPLETED,30544.0,3068.9,3.54,187.40
293,hard,15,09:29:15,09:29:16,09:43:58,COMPLETED,31866.0,14705.7,1.62,883.73
180,easy,11,09:42:05,09:42:11,09:43:58,COMPLETED,28794.0,1800.0,6.06,113.73
287,hard,15,09:13:57,09:13:58,09:44:05,COMPLETED,33749.0,30111.2,1.65,1808.11
259,easy,12,09:36:57,09:37:01,09:44:05,COMPLETED,23245.0,7064.1,4.57,428.11
184,medium,14,09:32:57,09:32:58,09:44:11,COMPLETED,21851.0,11224.0,1.27,674.50
328,easy,11,09:43:40,09:43:58,09:44:17,COMPLETED,23890.0,323.6,18.73,37.82
220,easy,12,09:42:55,09:42:55,09:44:30,COMPLETED,26489.0,1588.3,0.46,95.48
239,easy,11,09:38:39,09:38:42,09:44:36,COMPLETED,34879.0,5913.0,3.25,357.80
262,easy,11,09:44:14,09:44:17,09:45:02,COMPLETED,24139.0,742.6,3.82,48.10
182,medium,13,09:31:58,09:32:00,09:45:08,COMPLETED,31548.0,13136.0,2.46,790.41
330,medium,14,09:33:38,09:33:43,09:45:14,COMPLETED,31044.0,11528.7,5.20,696.72
299,easy,12,09:44:44,09:44:49,09:45:27,COMPLETED,28588.0,635.9,5.46,43.34
278,easy,12,09:44:42,09:44:43,09:45:58,COMPLETED,29310.0,1266.5,1.13,76.85
283,easy,12,09:45:46,09:45:46,09:46:11,COMPLETED,35650.0,426.6,0.20,25.47
325,easy,11,09:47:05,09:47:08,09:47:14,COMPLETED,21837.0,116.6,3.24,9.79
207,medium,13,09:43:35,09:43:39,09:47:21,COMPLETED,34578.0,3700.4,4.71,226.29
218,easy,11,09:47:29,09:47:34,09:47:53,COMPLETED,26043.0,325.7,5.32,24.55
274,easy,12,09:47:34,09:47:34,09:47:53,COMPLETED,29408.0,325.0,0.32,19.55
201,medium,14,09:40:51,09:40:54,09:48:06,COMPLETED,26328.0,7192.8,3.89,435.22
275,easy,12,09:48:25,09:48:25,09:50:38,COMPLETED,31637.0,2235.0,0.07,133.83
189,easy,12,09:50:37,09:50:38,09:51:29,COMPLETED,31113.0,849.1,1.83,52.47
187,medium,13,09:31:12,09:31:16,09:52:32,COMPLETED,29296.0,21273.7,4.44,1280.65
178,medium,13,09:51:10,09:51:35,09:52:38,COMPLETED,28811.0,1059.0,25.81,88.99
211,medium,14,09:11:40,09:11:44,09:52:58,COMPLETED,32676.0,41227.0,4.58,2478.05
294,easy,12,09:51:32,09:52:38,09:53:04,COMPLETED,31931.0,428.8,66.99,92.38
208,hard,15,09:00:25,09:00:27,09:53:17,COMPLETED,38391.0,52823.0,2.85,3172.13
233,medium,13,09:49:10,09:49:10,09:53:29,COMPLETED,31460.0,4333.6,0.05,259.83
281,easy,11,09:52:10,09:53:23,09:53:29,COMPLETED,23248.0,111.4,73.47,79.83
300,easy,12,09:51:53,09:53:04,09:53:48,COMPLETED,27550.0,746.5,71.38,115.87
339,easy,12,09:51:44,09:52:45,09:54:33,COMPLETED,30988.0,1804.2,61.38,169.14
236,medium,13,09:30:13,09:30:13,09:54:59,COMPLETED,41380.0,24770.0,0.41,1486.26
285,medium,13,09:49:05,09:49:10,09:55:31,COMPLETED,29601.0,6363.7,5.05,386.61
248,easy,12,09:53:00,09:54:39,09:56:03,COMPLETED,38452.0,1409.7,99.70,183.78
303,easy,12,09:53:36,09:55:37,09:56:23,COMPLETED,28353.0,767.3,121.94,167.47
67,medium,13,08:42:39,08:42:40,09:57:02,COMPLETED,40028.0,74372.7,1.23,4463.46
227,medium,13,09:54:35,09:56:30,09:57:15,COMPLETED,26354.0,764.0,115.03,160.36
322,easy,11,09:55:09,09:57:21,09:57:34,COMPLETED,27909.0,222.7,132.92,145.78
297,medium,14,09:06:54,09:06:58,09:59:57,COMPLETED,34637.0,52989.4,4.19,3183.34
230,medium,14,09:52:05,09:53:10,09:59:57,COMPLETED,27135.0,6784.3,65.75,472.34
174,easy,12,09:55:14,09:57:41,10:00:03,COMPLETED,26965.0,2387.4,147.32,289.91
3,hard,15,08:31:28,08:31:29,10:00:55,COMPLETED,28024.0,89421.4,1.78,5367.02
260,easy,11,09:56:22,10:00:03,10:01:07,COMPLETED,25699.0,1066.7,221.91,285.70
313,easy,12,09:55:28,10:00:03,10:01:26,COMPLETED,28498.0,1384.7,275.91,358.71
284,medium,13,09:54:32,09:56:10,10:02:17,COMPLETED,27325.0,6120.9,98.36,465.30
231,easy,12,09:52:51,09:53:36,10:02:42,COMPLETED,42889.0,9112.2,45.17,591.68
324,hard,15,09:35:35,09:35:38,10:04:30,COMPLETED,34768.0,28859.3,3.73,1735.12
183,medium,14,09:54:37,09:57:08,10:05:33,COMPLETED,29019.0,8413.5,152.00,656.47
308,easy,12,09:59:20,10:02:49,10:05:52,COMPLETED,30027.0,3074.3,209.01,392.97
326,medium,13,09:39:11,09:39:13,10:06:06,COMPLETED,28541.0,26877.7,2.78,1615.14
215,medium,14,09:53:05,09:55:05,10:06:06,COMPLETED,32654.0,11012.3,120.86,781.14
329,medium,13,09:59:35,10:04:36,10:06:19,COMPLETED,30125.0,1722.5,301.45,404.33
245,medium,13,09:59:43,10:05:39,10:06:39,COMPLETED,26372.0,993.5,356.88,416.02
120,hard,15,08:25:57,08:26:02,10:07:23,COMPLETED,37118.0,101358.6,5.54,6087.00
419,medium,13,10:01:01,10:06:12,10:07:43,COMPLETED,36032.0,1519.5,311.71,402.51
457,medium,13,10:01:51,10:06:45,10:08:09,COMPLETED,32748.0,1410.4,294.56,378.71
415,medium,13,10:02:02,10:07:50,10:08:42,COMPLETED,32945.0,871.8,348.04,400.06
295,medium,13,09:59:09,10:02:23,10:08:55,COMPLETED,35580.0,6529.9,194.67,586.02
462,medium,13,10:00:39,10:05:59,10:10:31,COMPLETED,34940.0,4545.4,320.53,592.79
240,medium,13,09:58:38,10:01:33,10:11:49,COMPLETED,35455.0,10279.8,175.03,791.54
271,hard,15,09:49:52,09:49:54,10:12:02,COMPLETED,30987.0,22132.2,2.54,1330.23
282,medium,14,09:43:52,09:44:05,10:12:08,COMPLETED,37258.0,28061.9,13.11,1696.57
276,medium,13,09:25:58,09:26:01,10:12:21,COMPLETED,42359.0,46337.9,3.16,2783.31
364,easy,11,10:05:50,10:12:27,10:12:34,COMPLETED,23814.0,111.2,397.66,404.03
177,hard,15,09:42:00,09:42:04,10:12:59,COMPLETED,33416.0,30914.5,4.66,1859.34
376,easy,12,10:05:51,10:12:40,10:13:56,COMPLETED,24794.0,1270.8,409.36,485.31
433,easy,12,10:06:22,10:14:02,10:14:59,COMPLETED,28984.0,953.0,460.64,517.52
190,hard,15,09:49:13,09:49:16,10:15:12,COMPLETED,30920.0,25933.5,3.46,1559.24
499,easy,11,10:06:30,10:15:05,10:15:24,COMPLETED,32607.0,324.9,515.85,534.98
382,easy,11,10:06:35,10:15:18,10:15:24,COMPLETED,23285.0,113.0,523.58,529.98
453,medium,14,10:05:30,10:12:14,10:15:31,COMPLETED,27731.0,3281.1,404.95,601.38
479,easy,11,10:06:52,10:15:37,10:16:09,COMPLETED,28086.0,533.4,525.86,557.56
147,hard,15,08:10:11,08:10:13,10:16:34,COMPLETED,32566.0,126356.1,2.51,7583.87
197,hard,15,09:03:32,09:03:37,10:16:53,COMPLETED,32164.0,73271.8,5.74,4401.87
250,medium,14,09:12:58,09:13:01,10:17:52,COMPLETED,26990.0,64851.7,3.51,3894.49
254,hard,15,09:04:56,09:04:58,10:19:03,COMPLETED,41061.0,74075.0,2.98,4447.32
438,medium,14,10:00:40,10:06:12,10:19:35,COMPLETED,28242.0,13390.8,332.71,1135.79
471,medium,14,10:06:13,10:13:05,10:19:42,COMPLETED,35395.0,6616.0,412.66,809.33
483,easy,11,10:11:15,10:19:42,10:19:48,COMPLETED,25155.0,115.8,507.33,513.69
460,easy,11,10:11:16,10:19:48,10:19:55,COMPLETED,24274.0,116.4,512.69,519.33
430,easy,11,10:11:33,10:20:01,10:20:27,COMPLETED,31284.0,444.0,508.71,534.80
179,hard,15,09:05:21,09:05:24,10:20:47,COMPLETED,31833.0,75393.0,3.12,4526.52
432,medium,14,10:02:09,10:08:16,10:20:47,COMPLETED,30043.0,12528.3,367.25,1118.52
386,easy,11,10:13:23,10:20:54,10:21:13,COMPLETED,25027.0,327.8,451.11,470.32
488,easy,12,10:11:19,10:19:55,10:21:32,COMPLETED,21630.0,1632.5,516.33,613.84
351,easy,12,10:13:58,10:21:19,10:22:05,COMPLETED,27087.0,765.9,441.85,487.30
477,easy,12,10:14:12,10:21:39,10:22:11,COMPLETED,35676.0,553.0,447.33,479.85
485,easy,11,10:14:14,10:22:11,10:22:44,COMPLETED,24331.0,554.5,477.85,510.70
318,hard,15,09:30:39,09:30:44,10:23:10,COMPLETED,29748.0,52428.3,5.83,3151.40
365,easy,11,10:14:44,10:23:16,10:23:23,COMPLETED,28769.0,112.3,512.72,519.13
498,easy,11,10:16:37,10:23:29,10:23:35,COMPLETED,19132.0,111.4,412.48,418.86
310,hard,15,09:41:41,09:41:45,10:24:13,COMPLETED,34875.0,42474.2,4.51,2552.81
445,easy,11,10:17:05,10:24:20,10:24:26,COMPLETED,23610.0,112.7,435.14,441.58
352,medium,14,10:06:44,10:15:31,10:24:32,COMPLETED,36205.0,9030.0,527.38,1068.93
448,easy,11,10:17:21,10:24:39,10:24:45,COMPLETED,22130.0,111.0,438.31,444.67
426,easy,12,10:17:39,10:24:52,10:25:55,COMPLETED,30868.0,1060.5,433.00,496.33
467,easy,11,10:17:51,10:26:01,10:26:14,COMPLETED,24610.0,216.4,490.66,503.33
436,medium,13,10:14:23,10:22:51,10:26:20,COMPLETED,30966.0,3497.1,508.18,717.66
321,hard,15,09:20:04,09:20:09,10:26:27,COMPLETED,34521.0,66291.0,5.69,3983.04
439,medium,13,10:17:10,10:24:32,10:27:05,COMPLETED,24088.0,2539.9,442.93,595.03
356,medium,14,10:03:12,10:09:01,10:29:19,COMPLETED,28252.0,20304.9,349.56,1567.64
464,medium,13,10:10:01,10:17:00,10:29:19,COMPLETED,34560.0,12324.7,419.42,1158.64
309,hard,15,09:47:59,09:47:59,10:29:39,COMPLETED,29328.0,41660.4,0.90,2500.22
359,medium,13,10:19:13,10:26:33,10:29:39,COMPLETED,26988.0,3105.7,440.41,626.22
362,easy,12,10:20:12,10:29:45,10:30:11,COMPLETED,24663.0,439.7,573.82,599.72
205,medium,14,09:47:53,09:47:53,10:30:24,COMPLETED,29549.0,42526.4,0.55,2551.86
455,easy,12,10:19:51,10:29:25,10:30:24,COMPLETED,33570.0,988.8,574.97,633.86
461,easy,11,10:20:49,10:30:18,10:30:38,COMPLETED,27096.0,341.7,569.25,589.18
335,hard,15,09:36:50,09:36:55,10:31:16,COMPLETED,34708.0,54356.7,5.26,3266.52
388,easy,11,10:22:01,10:31:22,10:31:48,COMPLETED,36615.0,427.6,561.89,587.24
332,hard,15,09:07:29,09:07:29,10:32:01,COMPLETED,35912.0,84524.1,0.69,5072.01
383,medium,13,10:19:18,10:27:11,10:32:07,COMPLETED,28795.0,4940.3,473.36,769.41
65,hard,15,08:41:40,08:41:44,10:32:20,COMPLETED,34602.0,110600.2,4.25,6640.20
363,medium,13,10:19:35,10:29:25,10:32:26,COMPLETED,31558.0,3018.5,590.97,771.53
347,easy,11,10:22:45,10:32:26,10:32:33,COMPLETED,23266.0,116.9,581.53,588.19
375,easy,12,10:23:34,10:32:39,10:32:52,COMPLETED,29738.0,222.9,545.58,558.43
394,easy,12,10:22:16,10:31:54,10:32:58,COMPLETED,30257.0,1083.6,578.58,642.99
495,easy,11,10:23:35,10:32:58,10:33:05,COMPLETED,24543.0,121.3,563.99,570.67
188,medium,14,09:39:26,09:39:26,10:33:12,COMPLETED,25509.0,53769.9,0.46,3226.32
447,easy,11,10:23:38,10:33:05,10:33:19,COMPLETED,25268.0,227.7,567.67,581.01
502,easy,11,10:24:36,10:33:12,10:33:19,COMPLETED,32257.0,117.2,516.32,523.01
501,medium,13,10:12:24,10:20:54,10:33:45,COMPLETED,33418.0,12857.9,510.11,1281.18
421,easy,11,10:24:54,10:33:25,10:33:45,COMPLETED,27494.0,338.7,511.38,531.18
456,medium,13,10:23:04,10:32:33,10:34:10,COMPLETED,25957.0,1633.4,569.19,666.90
357,easy,12,10:25:51,10:33:51,10:34:23,COMPLETED,22680.0,535.9,480.75,512.64
391,easy,11,10:25:56,10:34:17,10:34:29,COMPLETED,18342.0,218.0,501.24,513.97
373,medium,13,10:25:07,10:33:25,10:34:42,COMPLETED,26134.0,1292.2,498.38,575.70
409,medium,13,10:26:52,10:34:36,10:35:01,COMPLETED,29794.0,428.2,464.35,489.74
490,easy,12,10:24:51,10:33:19,10:35:52,COMPLETED,34667.0,2562.3,508.01,661.42
463,medium,14,10:21:18,10:30:44,10:35:58,COMPLETED,31333.0,5238.3,566.83,880.80
397,easy,11,10:27:28,10:35:58,10:36:24,COMPLETED,34697.0,428.9,510.80,536.23
392,easy,12,10:26:11,10:34:29,10:36:30,COMPLETED,31223.0,2015.3,498.97,619.56
507,easy,11,10:27:52,10:36:36,10:36:55,COMPLETED,34447.0,321.6,524.94,543.92
385,medium,13,10:10:07,10:17:58,10:37:02,COMPLETED,28955.0,19061.8,471.82,1615.26
481,hard,15,10:12:12,10:20:34,10:37:08,COMPLETED,24482.0,16576.3,502.39,1496.63
52,hard,15,08:23:27,08:23:27,10:37:40,COMPLETED,31800.0,134209.6,0.90,8053.46
399,medium,13,10:22:29,10:32:07,10:37:46,COMPLETED,25344.0,5669.5,578.41,917.95
361,easy,11,10:28:28,10:37:53,10:38:00,COMPLETED,26352.0,111.1,565.67,572.03
246,hard,15,09:53:00,09:53:55,10:38:06,COMPLETED,35474.0,44189.2,55.21,2706.36
374,medium,14,10:08:56,10:16:15,10:38:06,COMPLETED,25357.0,21845.8,439.88,1750.36
478,easy,12,10:28:07,10:37:46,10:38:12,COMPLETED,33191.0,435.8,579.95,605.74
500,easy,11,10:28:53,10:38:06,10:38:12,COMPLETED,31229.0,112.7,553.36,559.74
343,easy,12,10:28:02,10:37:15,10:38:19,COMPLETED,28562.0,1073.8,553.10,617.15
354,easy,11,10:29:36,10:38:19,10:38:25,COMPLETED,21262.0,112.8,523.15,529.57
410,easy,12,10:28:58,10:38:12,10:38:31,COMPLETED,26473.0,325.6,554.74,573.96
470,easy,11,10:33:00,10:38:38,10:38:50,COMPLETED,25129.0,216.1,338.33,350.99
425,medium,13,10:31:16,10:38:25,10:39:42,COMPLETED,22669.0,1290.6,429.57,506.51
452,hard,15,10:09:30,10:16:41,10:40:02,COMPLETED,31793.0,23350.2,431.20,1832.01
459,easy,11,10:33:13,10:39:49,10:40:08,COMPLETED,23813.0,328.9,396.06,415.34
480,medium,13,10:20:58,10:30:31,10:40:27,COMPLETED,33884.0,9945.2,573.45,1169.84
472,easy,11,10:33:37,10:40:14,10:40:34,COMPLETED,24339.0,335.5,397.84,417.39
323,medium,13,09:58:38,10:01:14,10:40:53,COMPLETED,31600.0,39669.1,156.04,2535.91
496,medium,13,10:27:57,10:37:02,10:41:13,COMPLETED,28226.0,4196.0,545.26,796.59
413,hard,15,10:14:17,10:22:18,10:41:45,COMPLETED,30890.0,19461.5,481.57,1648.93
458,easy,12,10:34:19,10:40:34,10:41:52,COMPLETED,25957.0,1306.6,375.39,453.46
423,easy,12,10:34:50,10:41:20,10:42:11,COMPLETED,27000.0,869.3,390.13,441.80
400,easy,12,10:35:21,10:42:18,10:42:31,COMPLETED,31658.0,223.9,417.37,430.29
344,hard,15,10:01:52,10:07:30,10:43:10,COMPLETED,34300.0,35672.8,338.54,2478.56
390,easy,11,10:37:27,10:43:17,10:43:30,COMPLETED,28390.0,219.3,350.16,363.02
437,easy,11,10:37:42,10:43:36,10:43:42,COMPLETED,24569.0,115.1,354.34,360.94
401,medium,14,10:20:56,10:30:31,10:43:55,COMPLETED,29232.0,13409.5,575.45,1379.65
196,medium,14,09:46:06,09:46:11,10:44:08,COMPLETED,25292.0,57957.2,5.47,3482.66
407,easy,12,10:38:44,10:44:02,10:44:28,COMPLETED,37085.0,443.9,318.19,344.33
427,easy,12,10:39:38,10:44:34,10:44:54,COMPLETED,27549.0,336.0,296.87,316.72
255,hard,15,09:42:08,09:42:11,10:45:20,COMPLETED,26163.0,63155.2,3.06,3792.30
429,easy,12,10:39:51,10:45:01,10:45:26,COMPLETED,28589.0,432.6,310.07,335.63
492,easy,11,10:40:08,10:45:26,10:45:33,COMPLETED,22823.0,113.2,318.63,325.06
476,medium,13,10:38:57,10:44:15,10:45:39,COMPLETED,25002.0,1409.8,318.22,402.45
345,easy,11,10:41:14,10:45:39,10:45:45,COMPLETED,16703.0,112.8,265.45,271.85
360,easy,12,10:41:32,10:45:45,10:45:52,COMPLETED,21985.0,113.3,253.85,260.26
509,easy,12,10:40:10,10:45:33,10:46:17,COMPLETED,26960.0,751.7,323.06,367.83
420,medium,14,10:34:43,10:41:00,10:47:58,COMPLETED,29025.0,6980.2,377.44,795.99
414,easy,12,10:42:51,10:48:05,10:48:11,COMPLETED,26081.0,112.1,314.31,320.66
465,medium,14,10:06:40,10:15:31,10:48:24,COMPLETED,40490.0,32888.4,531.38,2504.50
186,hard,15,09:50:43,09:50:45,10:49:21,COMPLETED,33164.0,58604.6,2.24,3518.36
340,medium,13,10:35:10,10:41:58,10:49:21,COMPLETED,29649.0,7380.2,408.83,851.36
367,easy,11,10:43:26,10:49:27,10:49:40,COMPLETED,31968.0,216.1,361.71,374.41
418,easy,11,10:42:59,10:48:30,10:49:46,COMPLETED,37526.34836492384,1270.8,331.83,407.74
170,medium,14,09:49:28,09:49:29,10:49:53,COMPLETED,27773.0,60403.5,1.13,3625.11
493,medium,13,10:37:05,10:42:37,10:49:59,COMPLETED,28605.0,7367.4,332.85,774.58
317,hard,15,09:17:27,09:17:31,10:50:12,COMPLETED,29368.0,92679.7,4.65,5565.32
342,easy,11,10:43:43,10:49:59,10:50:12,COMPLETED,30587.0,218.5,376.58,389.32
371,easy,11,10:43:38,10:49:46,10:50:25,COMPLETED,33339.0,645.1,368.74,407.10
434,easy,11,10:44:22,10:50:18,10:50:25,COMPLETED,22127.0,112.6,356.72,363.10
369,easy,12,10:41:34,10:45:52,10:51:22,COMPLETED,43234.0,5506.6,258.26,588.40
280,hard,15,09:46:01,09:46:05,10:52:06,COMPLETED,26550.0,66027.2,4.15,3965.65
417,medium,14,10:42:57,10:48:18,10:52:06,COMPLETED,34523.0,3814.5,321.07,549.65
412,medium,13,10:43:05,10:49:27,10:52:12,COMPLETED,27185.0,2760.2,382.71,547.99
494,easy,12,10:42:46,10:46:24,10:52:19,COMPLETED,27115.0,5924.7,218.21,573.39
444,hard,15,10:03:38,10:12:08,10:52:38,COMPLETED,29761.0,40501.1,510.57,2940.48
487,easy,11,10:49:36,10:52:25,10:52:44,COMPLETED,25987.0,323.1,169.76,188.80
337,medium,14,09:37:51,09:37:51,10:53:54,COMPLETED,32489.0,76043.2,0.87,4563.34
505,medium,13,10:42:15,10:45:58,10:54:25,COMPLETED,33260.0,8458.8,223.68,730.96
446,easy,12,10:51:10,10:54:00,10:54:38,COMPLETED,28941.0,638.0,170.67,208.64
396,medium,14,10:43:39,10:49:53,10:54:44,COMPLETED,35878.0,4869.3,374.11,665.98
405,easy,11,10:51:20,10:54:32,10:54:44,COMPLETED,29407.0,217.6,192.29,204.98
368,easy,11,10:51:52,10:54:51,10:54:57,COMPLETED,24736.0,111.8,179.36,185.76
497,easy,11,10:51:41,10:54:44,10:55:10,COMPLETED,27652.0,429.4,183.98,209.45
358,hard,15,10:03:38,10:11:55,10:55:29,COMPLETED,28896.0,43562.0,497.88,3111.45
482,easy,11,10:52:36,10:55:16,10:55:35,COMPLETED,28044.0,322.6,160.78,179.78
411,easy,11,10:53:43,10:55:42,10:55:48,COMPLETED,26499.0,119.0,119.17,125.78
408,easy,11,10:53:48,10:55:55,10:56:02,COMPLETED,27261.0,119.2,127.36,134.01
378,medium,14,10:30:02,10:38:19,10:56:08,COMPLETED,33936.0,17830.4,497.15,1566.56
372,easy,12,10:52:26,10:55:04,10:56:21,COMPLETED,30323.0,1299.9,158.10,235.59
393,hard,15,10:26:57,10:34:49,10:57:06,COMPLETED,30743.0,22301.6,472.05,1809.84
118,hard,15,08:49:21,08:49:26,10:57:13,COMPLETED,34301.0,127783.1,5.61,7672.39
346,medium,13,10:46:40,10:52:12,10:57:39,COMPLETED,32095.0,5449.5,332.99,659.56
489,medium,13,10:46:35,10:52:12,10:57:46,COMPLETED,31188.0,5561.2,337.99,671.12
341,easy,11,10:54:47,10:57:46,10:57:59,COMPLETED,24209.0,222.3,179.12,192.14
403,easy,11,10:55:37,10:58:05,10:58:11,COMPLETED,29426.0,112.1,148.50,154.91
350,easy,12,10:55:51,10:58:18,10:58:30,COMPLETED,26303.0,218.0,147.25,160.00
441,medium,13,10:35:08,10:41:52,10:59:02,COMPLETED,30672.0,17175.4,404.46,1434.75
475,easy,12,10:51:58,10:54:51,10:59:21,COMPLETED,38754.0,4511.1,173.36,443.77
435,easy,11,10:57:42,10:59:28,10:59:34,COMPLETED,28509.0,111.4,106.15,112.53
440,medium,13,10:54:15,10:57:13,10:59:53,COMPLETED,23640.0,2676.1,178.39,338.64
387,medium,13,10:58:15,11:00:00,11:00:38,COMPLETED,26960.0,640.3,105.02,143.09
491,medium,13,10:50:30,10:52:44,11:00:57,COMPLETED,34429.0,8209.9,134.80,627.14
338,hard,15,09:21:45,09:21:45,11:01:09,COMPLETED,29179.0,99407.9,0.37,5964.83
185,medium,14,09:58:11,10:01:01,11:01:09,COMPLETED,24800.0,60144.3,170.35,3778.83
402,easy,11,10:59:26,11:00:44,11:01:09,COMPLETED,30853.0,429.1,78.47,103.83
381,easy,12,10:59:52,11:01:03,11:01:22,COMPLETED,26824.0,326.7,71.47,90.73
473,medium,14,10:44:22,10:50:18,11:01:35,COMPLETED,28782.0,11282.6,356.72,1033.50
623,easy,11,11:01:16,11:01:16,11:01:35,COMPLETED,25179.0,324.6,0.25,19.50
428,medium,14,10:46:29,10:51:28,11:01:41,COMPLETED,40985.0,10222.3,299.72,912.83
506,medium,14,10:38:18,10:43:49,11:02:19,COMPLETED,27442.0,18512.2,331.27,1441.75
606,easy,11,11:02:44,11:02:44,11:03:23,COMPLETED,30270.0,645.0,0.96,39.18
577,easy,12,11:00:50,11:01:16,11:03:49,COMPLETED,31158.0,2555.6,26.25,179.18
469,medium,14,10:54:00,10:56:15,11:04:08,COMPLETED,34412.0,7896.2,135.24,608.64
451,hard,15,10:44:29,10:50:31,11:05:25,COMPLETED,39723.0,14908.8,362.51,1256.68
379,medium,14,10:34:27,10:40:41,11:05:45,COMPLETED,31860.0,25074.0,374.02,1878.12
443,hard,15,10:54:03,10:56:28,11:06:16,COMPLETED,31502.0,9818.2,145.16,733.91
384,medium,13,10:59:53,11:01:16,11:07:21,COMPLETED,25655.0,6096.7,83.25,448.41
508,medium,14,10:28:00,10:37:08,11:07:34,COMPLETED,36750.0,30435.2,548.63,2374.43
442,hard,15,10:27:02,10:35:08,11:07:40,COMPLETED,34689.0,32551.1,486.08,2438.97
603,easy,11,11:07:21,11:07:21,11:07:40,COMPLETED,27940.0,329.6,0.41,19.97
468,medium,14,10:56:06,10:59:09,11:08:12,COMPLETED,29921.0,9069.5,183.10,726.88
650,easy,11,11:07:59,11:08:00,11:08:19,COMPLETED,26010.0,330.6,1.12,20.38
389,medium,14,10:53:21,10:55:35,11:08:51,COMPLETED,23672.0,13273.2,134.78,930.81
315,hard,15,09:56:57,10:00:10,11:09:04,COMPLETED,36222.0,68904.4,193.62,4327.76
450,hard,15,10:27:31,10:36:05,11:09:42,COMPLETED,32009.0,33632.2,514.19,2531.93
585,easy,11,11:09:28,11:09:30,11:09:42,COMPLETED,28757.0,218.2,2.12,14.93
670,easy,11,11:09:29,11:09:30,11:09:55,COMPLETED,30445.0,428.9,1.12,26.63
249,hard,15,09:02:47,09:02:47,11:10:14,COMPLETED,35310.0,127450.6,0.70,7647.70
380,hard,15,10:25:28,10:33:51,11:10:21,COMPLETED,29594.0,36492.2,503.75,2693.05
580,easy,12,11:09:24,11:09:30,11:10:21,COMPLETED,20798.0,855.0,6.12,57.05
625,easy,11,11:10:18,11:10:21,11:10:40,COMPLETED,30386.0,322.2,3.05,22.08
538,easy,11,11:10:53,11:10:59,11:11:30,COMPLETED,33837.0,530.5,6.04,37.57
523,easy,11,11:12:00,11:12:02,11:12:52,COMPLETED,37474.0,848.6,2.01,52.61
398,hard,15,10:53:50,10:56:08,11:12:58,COMPLETED,27319.0,16843.9,138.56,1148.95
616,easy,11,11:13:16,11:13:17,11:13:24,COMPLETED,25648.0,112.1,1.89,8.25
647,easy,11,11:13:22,11:13:24,11:13:30,COMPLETED,28727.0,111.8,2.25,8.65
620,easy,12,11:13:33,11:13:36,11:13:49,COMPLETED,25063.0,215.6,3.99,16.67
643,easy,12,11:13:57,11:14:02,11:14:21,COMPLETED,26282.0,319.6,5.22,24.08
564,medium,13,11:06:18,11:06:23,11:15:24,COMPLETED,28736.0,9029.4,5.35,546.89
674,easy,11,11:15:12,11:15:18,11:15:31,COMPLETED,26479.0,220.3,6.38,19.17
395,hard,15,10:27:32,10:36:30,11:17:40,COMPLETED,32252.0,41162.2,538.56,3008.02
615,easy,12,11:17:57,11:17:59,11:18:05,COMPLETED,24811.0,110.2,2.46,8.79
660,easy,12,11:18:14,11:18:18,11:18:57,COMPLETED,20318.0,646.9,4.57,43.11
658,easy,11,11:19:02,11:19:03,11:19:09,COMPLETED,19799.0,115.9,1.42,7.91
424,hard,15,10:28:58,10:38:12,11:19:29,COMPLETED,32653.0,41283.2,554.74,3031.58
546,medium,13,11:09:15,11:09:17,11:19:48,COMPLETED,28872.0,10528.1,2.49,633.80
588,easy,11,11:19:58,11:20:01,11:20:08,COMPLETED,27930.0,117.7,3.73,10.32
474,hard,15,10:31:24,10:38:31,11:20:14,COMPLETED,34741.0,41718.2,427.96,2930.83
21,medium,14,08:35:25,08:35:30,11:20:21,COMPLETED,42383.0,164848.4,5.46,9896.20
545,medium,14,11:10:00,11:10:01,11:20:27,COMPLETED,31769.0,10434.1,1.98,627.80
511,easy,11,11:20:14,11:20:14,11:20:27,COMPLETED,25037.0,221.1,0.83,13.80
314,medium,14,09:31:10,09:31:10,11:20:53,COMPLETED,31179.0,109718.0,0.07,6583.10
582,easy,12,11:20:59,11:20:59,11:21:12,COMPLETED,30158.0,216.4,0.40,13.10
526,easy,12,11:21:04,11:21:05,11:21:18,COMPLETED,30545.0,215.9,1.75,14.42
544,easy,12,11:20:36,11:20:40,11:21:24,COMPLETED,19930.0,742.4,4.45,48.73
404,hard,15,10:45:08,10:50:31,11:21:37,COMPLETED,32122.0,31098.6,323.51,2189.30
574,easy,12,11:20:21,11:20:21,11:21:37,COMPLETED,32220.0,1273.0,0.20,76.30
619,easy,11,11:22:04,11:22:08,11:22:21,COMPLETED,29496.0,216.7,4.87,17.58
604,medium,14,11:16:57,11:17:01,11:22:34,COMPLETED,31330.0,5549.4,4.48,337.17
618,easy,11,11:22:40,11:22:40,11:22:53,COMPLETED,31312.0,214.6,0.50,13.10
454,medium,14,10:18:46,10:26:27,11:23:12,COMPLETED,37816.0,56752.9,461.04,3866.08
666,hard,15,11:15:49,11:15:50,11:23:37,COMPLETED,34002.0,7785.3,1.33,468.32
657,easy,11,11:23:01,11:23:05,11:23:37,COMPLETED,32897.0,531.1,4.73,36.32
18,hard,15,08:53:41,08:53:45,11:23:56,COMPLETED,32054.0,150177.3,4.67,9015.24
678,easy,12,11:23:26,11:23:30,11:23:56,COMPLETED,26519.0,426.4,4.93,30.24
556,easy,11,11:25:11,11:25:11,11:25:18,COMPLETED,30536.0,113.9,0.61,7.03
517,hard,15,11:04:12,11:04:15,11:25:44,COMPLETED,29857.0,21489.5,3.09,1292.15
532,easy,11,11:25:11,11:25:11,11:25:50,COMPLETED,24084.0,660.4,0.61,39.68
653,easy,11,11:26:14,11:26:16,11:26:29,COMPLETED,25164.0,222.0,2.77,15.61
651,hard,15,11:11:30,11:11:30,11:26:36,COMPLETED,30024.0,15095.9,0.57,906.12
520,easy,12,11:24:50,11:24:52,11:27:07,COMPLETED,26368.0,2261.2,2.70,137.96
572,easy,11,11:27:19,11:27:20,11:27:27,COMPLETED,26802.0,116.1,1.98,8.55
673,medium,13,11:16:29,11:16:29,11:27:40,COMPLETED,30302.0,11197.8,0.08,671.46
514,medium,13,11:25:17,11:25:18,11:28:06,COMPLETED,24029.0,2813.7,1.03,169.39
540,medium,13,11:24:48,11:24:52,11:28:32,COMPLETED,31403.0,3661.7,4.70,224.11
598,medium,13,11:27:36,11:27:40,11:28:38,COMPLETED,30194.0,977.2,4.46,62.47
612,easy,11,11:28:11,11:28:12,11:28:38,COMPLETED,25531.0,436.8,1.93,27.47
518,easy,11,11:28:29,11:28:32,11:28:38,COMPLETED,20763.0,117.7,3.11,9.47
634,medium,13,11:25:45,11:25:50,11:29:11,COMPLETED,31249.0,3351.0,5.68,206.21
558,easy,12,11:28:35,11:28:38,11:29:11,COMPLETED,32574.0,554.5,3.47,36.21
513,easy,12,11:23:28,11:23:30,11:29:17,COMPLETED,38396.0,5788.7,2.93,349.89
554,easy,11,11:28:34,11:28:38,11:29:17,COMPLETED,27725.0,665.1,4.47,43.89
562,easy,11,11:29:23,11:29:24,11:29:37,COMPLETED,25871.0,221.2,1.44,14.45
175,hard,15,09:30:33,09:30:38,11:29:50,COMPLETED,45667.0,119199.2,5.52,7157.35
503,medium,14,10:44:16,10:50:05,11:29:50,COMPLETED,32534.0,39743.0,349.97,2734.35
579,easy,11,11:29:47,11:29:50,11:30:03,COMPLETED,29778.0,219.7,3.35,16.17
542,easy,12,11:30:01,11:30:03,11:30:09,COMPLETED,28464.0,111.1,2.17,8.57
654,easy,12,11:27:24,11:27:27,11:30:22,COMPLETED,24452.0,2921.5,3.55,178.31
593,easy,11,11:30:54,11:30:54,11:31:01,COMPLETED,24445.0,119.2,0.79,7.54
516,medium,14,11:19:20,11:19:22,11:31:39,COMPLETED,29079.0,12286.6,2.91,739.90
529,medium,13,11:30:49,11:30:54,11:31:46,COMPLETED,30301.0,862.6,5.79,57.22
561,easy,11,11:31:32,11:31:33,11:31:46,COMPLETED,30116.0,217.1,1.56,14.22
661,easy,11,11:31:53,11:31:58,11:32:17,COMPLETED,28178.0,322.7,5.90,24.91
571,easy,11,11:32:14,11:32:17,11:32:24,COMPLETED,21560.0,111.1,3.91,10.29
633,medium,14,11:15:44,11:15:50,11:32:30,COMPLETED,27079.0,16675.1,6.33,1006.60
672,easy,11,11:32:29,11:32:30,11:32:43,COMPLETED,28913.0,216.1,1.60,14.29
587,easy,11,11:32:32,11:32:36,11:32:43,COMPLETED,20387.0,110.5,4.96,11.29
528,easy,11,11:33:12,11:33:14,11:33:21,COMPLETED,25930.0,110.5,2.88,9.22
173,hard,15,09:21:50,09:21:51,11:34:56,COMPLETED,40515.0,133070.0,1.99,7986.12
199,hard,15,09:16:46,09:16:47,11:35:08,COMPLETED,28438.0,138353.8,1.70,8302.85
548,medium,13,11:28:59,11:29:04,11:35:40,COMPLETED,28408.0,6602.9,5.64,401.58
519,easy,12,11:34:22,11:35:15,11:35:40,COMPLETED,22828.0,428.1,53.21,78.58
607,easy,11,11:34:49,11:35:46,11:36:05,COMPLETED,29656.0,322.2,57.93,76.96
565,easy,12,11:34:15,11:35:02,11:36:56,COMPLETED,28924.0,1911.6,47.48,161.68
557,medium,14,11:31:01,11:31:01,11:37:09,COMPLETED,23238.0,6145.0,0.54,368.84
602,medium,14,11:23:44,11:23:49,11:37:35,COMPLETED,25221.0,13771.5,5.91,831.84
628,hard,15,11:27:45,11:27:47,11:38:53,COMPLETED,28268.0,11110.0,2.18,668.32
504,hard,15,10:50:52,10:52:51,11:39:13,COMPLETED,32927.0,46369.4,119.18,2901.10
536,easy,12,11:36:03,11:38:59,11:39:26,COMPLETED,32601.0,439.6,176.97,203.05
549,easy,11,11:36:07,11:39:19,11:39:26,COMPLETED,19912.0,111.2,192.69,199.05
539,easy,12,11:36:10,11:39:32,11:39:38,COMPLETED,23987.0,113.8,202.39,208.84
629,easy,12,11:36:02,11:37:42,11:39:51,COMPLETED,27905.0,2159.5,100.38,229.61
649,easy,12,11:36:28,11:39:45,11:40:17,COMPLETED,24441.0,537.4,197.26,229.00
655,easy,12,11:38:17,11:39:57,11:40:36,COMPLETED,28689.0,642.2,100.99,139.22
449,hard,15,10:46:45,10:52:19,11:40:42,COMPLETED,36979.0,48389.1,334.39,3237.56
648,easy,11,11:38:20,11:40:23,11:40:42,COMPLETED,22016.0,322.9,123.54,142.56
627,hard,15,11:16:11,11:16:16,11:40:55,COMPLETED,30846.0,24654.5,5.25,1484.34
537,medium,14,11:34:04,11:34:05,11:40:55,COMPLETED,38889.0,6836.3,1.45,411.34
613,easy,11,11:38:50,11:40:48,11:40:55,COMPLETED,25216.0,111.5,118.94,125.34
522,easy,11,11:38:25,11:40:42,11:41:08,COMPLETED,33598.0,440.2,137.56,163.47
541,easy,11,11:38:56,11:41:01,11:41:08,COMPLETED,22460.0,121.9,125.69,132.47
525,medium,13,11:35:03,11:35:46,11:41:27,COMPLETED,33038.0,5687.1,43.93,384.76
563,medium,14,11:36:00,11:37:16,11:41:27,COMPLETED,27000.0,4197.9,76.37,327.76
640,easy,11,11:40:54,11:41:34,11:41:41,COMPLETED,27142.0,119.0,40.34,47.03
348,hard,15,10:57:57,10:59:40,11:41:47,COMPLETED,29838.0,42118.0,103.86,2630.60
534,easy,11,11:41:42,11:41:54,11:42:07,COMPLETED,20856.0,228.6,12.24,25.45
599,medium,14,11:32:59,11:33:02,11:42:14,COMPLETED,29899.0,9204.4,3.24,555.00
578,easy,11,11:41:50,11:42:14,11:42:27,COMPLETED,21342.0,229.6,24.00,37.29
575,medium,13,11:40:34,11:41:34,11:42:33,COMPLETED,25712.0,997.1,60.34,119.84
610,medium,13,11:40:24,11:41:15,11:42:52,COMPLETED,32545.0,1635.9,51.07,148.97
594,easy,12,11:40:09,11:41:01,11:43:11,COMPLETED,34997.0,2172.2,52.69,182.93
559,medium,13,11:38:37,11:40:48,11:43:49,COMPLETED,24993.0,3018.2,131.94,312.77
550,medium,13,11:39:55,11:41:01,11:43:49,COMPLETED,28520.0,2804.4,66.69,234.77
596,easy,12,11:42:01,11:42:33,11:44:46,COMPLETED,25288.0,2215.8,32.84,165.51
632,medium,14,11:31:25,11:31:27,11:45:30,COMPLETED,29227.0,14063.6,2.21,845.76
31,medium,14,08:48:42,08:48:42,11:45:49,COMPLETED,36343.0,177119.7,0.65,10627.78
552,medium,13,11:44:38,11:44:40,11:46:15,COMPLETED,32098.0,1585.9,2.16,97.03
570,easy,12,11:45:58,11:46:02,11:46:15,COMPLETED,15164.0,216.1,4.36,17.03
622,medium,14,11:36:24,11:39:32,11:46:21,COMPLETED,28424.0,6819.4,188.39,597.35
677,medium,14,11:25:36,11:25:37,11:46:40,COMPLETED,31272.0,21047.2,1.57,1264.20
635,medium,13,11:46:07,11:46:08,11:46:40,COMPLETED,26920.0,530.0,1.69,33.20
568,easy,11,11:47:58,11:48:01,11:48:08,COMPLETED,26137.0,111.8,3.87,10.31
567,easy,12,11:47:24,11:47:24,11:48:27,COMPLETED,32265.0,1055.2,0.16,63.16
656,hard,15,11:08:18,11:08:19,11:48:52,COMPLETED,36567.0,40559.6,1.38,2434.70
669,medium,13,11:48:01,11:48:01,11:49:37,COMPLETED,22574.0,1597.6,0.87,96.35
566,easy,12,11:49:09,11:49:11,11:49:43,COMPLETED,32491.0,540.0,2.90,34.84
589,medium,13,11:49:11,11:49:11,11:49:43,COMPLETED,32148.0,540.0,0.90,32.84
586,medium,14,11:46:52,11:46:52,11:50:03,COMPLETED,36354.0,3184.4,0.77,191.24
416,medium,14,10:33:17,10:40:08,11:50:09,COMPLETED,33127.0,70029.4,411.34,4612.89
662,medium,13,11:48:23,11:48:27,11:50:09,COMPLETED,27740.0,1719.8,4.16,106.89
617,easy,11,11:50:30,11:50:35,11:50:42,COMPLETED,24029.0,118.3,5.79,12.32
679,easy,12,11:50:39,11:50:42,11:51:01,COMPLETED,25649.0,327.2,3.32,22.54
597,medium,14,11:41:51,11:42:20,11:51:20,COMPLETED,30956.0,9007.4,29.65,569.68
543,easy,11,11:51:13,11:51:14,11:51:27,COMPLETED,26481.0,221.8,1.34,14.18
665,hard,15,11:06:48,11:06:48,11:52:50,COMPLETED,28609.0,46036.6,0.90,2762.96
630,easy,11,11:53:01,11:53:03,11:53:16,COMPLETED,27989.0,223.0,2.79,15.71
626,easy,11,11:53:37,11:53:42,11:53:55,COMPLETED,21176.0,219.2,5.87,18.68
576,easy,12,11:53:36,11:53:36,11:54:08,COMPLETED,29018.0,539.8,0.09,32.36
667,medium,14,11:33:44,11:33:46,11:54:20,COMPLETED,35005.0,20578.6,2.47,1236.96
555,hard,15,11:17:11,11:17:14,11:54:39,COMPLETED,31857.0,37429.5,3.29,2248.91
422,hard,15,10:02:18,10:08:48,11:54:46,COMPLETED,34352.0,105965.1,390.38,6748.22
569,medium,13,11:52:54,11:52:57,11:54:52,COMPLETED,27101.0,1925.3,3.25,118.51
595,easy,12,11:54:21,11:54:27,11:55:11,COMPLETED,32531.0,740.7,6.27,50.40
583,easy,12,11:55:15,11:55:17,11:55:55,COMPLETED,26810.0,636.3,2.75,40.65
38,hard,15,08:27:47,08:27:47,11:56:14,COMPLETED,36522.0,208450.8,0.53,12507.56
644,medium,13,11:55:21,11:55:24,11:56:20,COMPLETED,31803.0,951.1,3.07,59.87
547,medium,13,11:53:30,11:53:36,11:56:27,COMPLETED,34447.0,2855.3,6.09,177.16
608,medium,14,11:55:01,11:55:05,11:57:11,COMPLETED,30119.0,2104.6,4.08,130.10
486,hard,15,10:18:17,10:26:20,11:58:01,COMPLETED,29851.0,91683.1,483.66,5984.55
590,medium,13,11:57:21,11:57:23,11:58:20,COMPLETED,23378.0,952.9,2.65,59.48
510,easy,11,11:58:17,11:58:20,11:58:45,COMPLETED,24595.0,427.3,3.48,28.90
675,medium,13,11:29:10,11:29:11,11:58:52,COMPLETED,41009.0,29686.7,1.21,1782.22
553,easy,12,11:58:15,11:58:20,11:58:58,COMPLETED,34753.0,639.6,5.48,43.56
621,easy,11,11:59:00,11:59:04,11:59:11,COMPLETED,31284.0,111.6,4.94,11.29
664,easy,12,11:57:24,11:57:30,11:59:17,COMPLETED,36304.0,1799.4,6.01,113.68
668,easy,11,11:59:00,11:59:04,11:59:17,COMPLETED,30403.0,217.1,4.94,17.68
605,easy,11,11:59:15,11:59:17,11:59:24,COMPLETED,24689.0,111.2,2.68,9.04
671,medium,14,11:49:58,11:50:03,11:59:36,COMPLETED,28297.0,9561.1,5.24,578.66
591,medium,14,11:51:06,11:51:08,11:59:36,COMPLETED,32107.0,8482.2,2.01,510.66
624,easy,12,11:59:05,11:59:11,12:00:01,COMPLETED,25180.0,848.8,6.29,56.90
560,hard,15,11:02:44,11:02:44,12:00:27,COMPLETED,34083.0,57704.4,0.96,3463.10
639,medium,14,11:59:37,11:59:43,12:01:04,COMPLETED,31581.0,1370.4,6.02,87.94
788,easy,11,12:00:51,12:00:52,12:01:04,COMPLETED,16677.0,216.5,1.28,13.94
815,medium,13,12:00:39,12:00:39,12:01:55,COMPLETED,21133.0,1265.3,0.68,76.32
406,hard,15,10:54:36,10:57:20,12:02:26,COMPLETED,27495.0,65115.5,164.04,4070.87
730,easy,12,12:02:42,12:02:45,12:02:58,COMPLETED,23062.0,216.9,3.73,16.43
735,easy,12,12:03:28,12:03:30,12:03:55,COMPLETED,27873.0,428.2,2.03,27.41
844,easy,11,12:03:20,12:03:23,12:04:14,COMPLETED,28599.0,848.8,3.70,54.34
641,medium,13,11:58:29,11:58:33,12:04:46,COMPLETED,28744.0,6222.5,4.19,377.20
638,medium,14,11:32:49,11:32:49,12:04:52,COMPLETED,29829.0,32053.1,0.61,1923.63
601,medium,14,11:30:45,11:30:48,12:05:05,COMPLETED,35821.0,34291.7,3.23,2060.38
584,hard,15,11:40:58,11:41:47,12:05:11,COMPLETED,28701.0,23410.7,49.60,1454.00
798,easy,11,12:05:10,12:05:11,12:05:31,COMPLETED,31819.0,327.7,2.00,21.10
767,medium,14,12:02:11,12:02:14,12:06:22,COMPLETED,29551.0,4148.7,3.21,251.71
771,easy,11,12:07:16,12:07:19,12:07:32,COMPLETED,23770.0,216.1,3.58,16.22
746,easy,11,12:07:32,12:07:32,12:07:51,COMPLETED,24316.0,323.8,0.22,19.37
722,medium,14,12:05:05,12:05:05,12:07:57,COMPLETED,30803.0,2876.0,0.38,172.68
431,hard,15,10:56:00,10:58:37,12:08:10,COMPLETED,34206.0,69550.7,157.35,4330.28
809,medium,13,12:05:31,12:05:31,12:08:10,COMPLETED,28414.0,2657.4,0.10,159.28
823,easy,11,12:08:11,12:08:16,12:08:35,COMPLETED,23047.0,320.8,5.60,24.57
749,easy,11,12:08:36,12:08:41,12:09:00,COMPLETED,32900.0,320.8,5.88,24.85
600,medium,13,11:59:08,11:59:11,12:09:19,COMPLETED,27685.0,10145.2,3.29,611.73
714,easy,12,12:08:46,12:08:48,12:09:19,COMPLETED,26158.0,531.8,2.22,33.73
717,easy,12,12:07:39,12:07:44,12:09:32,COMPLETED,30656.0,1798.1,5.94,113.52
700,easy,11,12:09:24,12:09:26,12:09:38,COMPLETED,35714.0,216.9,2.16,14.87
708,easy,12,12:09:19,12:09:19,12:09:51,COMPLETED,28046.0,534.5,0.73,32.53
659,medium,14,11:50:26,11:50:29,12:09:57,COMPLETED,30238.0,19479.4,3.26,1171.83
834,medium,13,12:10:05,12:10:10,12:10:35,COMPLETED,29891.0,426.4,5.45,30.77
609,hard,15,11:35:23,11:36:12,12:11:45,COMPLETED,37349.0,35552.1,49.29,2182.22
725,medium,13,12:09:45,12:09:45,12:11:57,COMPLETED,27232.0,2218.9,0.20,132.88
731,medium,13,12:00:59,12:01:04,12:12:56,COMPLETED,35055.0,11855.7,5.94,717.05
846,easy,11,12:12:25,12:12:30,12:13:02,COMPLETED,31548.0,540.7,5.41,37.37
702,medium,13,12:10:23,12:10:23,12:13:08,COMPLETED,36414.0,2767.8,0.11,165.90
819,easy,12,12:10:50,12:10:54,12:13:08,COMPLETED,31329.0,2240.9,4.74,138.90
766,easy,11,12:13:25,12:13:27,12:13:40,COMPLETED,27158.0,224.7,2.94,15.98
53,hard,15,08:45:37,08:45:40,12:14:19,COMPLETED,27272.0,208661.6,3.23,12522.88
739,hard,15,12:06:40,12:06:41,12:14:38,COMPLETED,32540.0,7959.0,1.79,478.93
129,hard,15,08:09:23,08:09:24,12:14:45,COMPLETED,31138.0,245345.1,1.76,14722.42
754,easy,12,12:13:44,12:13:47,12:14:45,COMPLETED,33366.0,971.0,3.47,61.42
349,hard,15,10:10:34,10:19:09,12:15:04,COMPLETED,35016.0,115915.8,515.85,7470.59
515,hard,15,11:35:50,11:37:03,12:15:11,COMPLETED,33483.0,38136.4,73.23,2361.16
769,easy,11,12:15:00,12:15:04,12:15:11,COMPLETED,24908.0,117.3,4.59,11.16
719,medium,14,12:14:12,12:14:13,12:15:24,COMPLETED,32186.0,1185.7,1.33,72.06
840,easy,12,12:15:14,12:15:17,12:15:37,COMPLETED,29049.0,331.2,3.67,23.00
696,easy,12,12:15:44,12:15:50,12:15:56,COMPLETED,25161.0,115.6,6.15,12.82
778,easy,12,12:15:48,12:15:50,12:16:03,COMPLETED,30836.0,219.7,2.15,15.12
101,hard,15,08:48:01,08:48:04,12:16:15,COMPLETED,34621.0,208183.1,3.97,12494.89
750,medium,14,12:10:43,12:10:48,12:16:22,COMPLETED,31260.0,5570.9,5.41,339.38
744,medium,13,12:15:39,12:15:43,12:16:22,COMPLETED,27055.0,651.6,4.59,43.38
728,easy,12,12:16:20,12:16:22,12:16:34,COMPLETED,30874.0,217.2,2.38,14.99
805,medium,13,12:14:41,12:14:45,12:16:47,COMPLETED,29235.0,2049.4,4.42,126.99
782,easy,11,12:16:37,12:16:41,12:17:13,COMPLETED,33703.0,544.6,4.45,36.70
765,medium,13,12:14:54,12:14:58,12:17:20,COMPLETED,30343.0,2374.9,4.20,146.17
531,medium,13,11:59:58,12:00:01,12:17:33,COMPLETED,31022.0,17524.7,3.90,1055.15
729,medium,14,12:10:25,12:10:29,12:18:04,COMPLETED,28931.0,7596.8,4.44,459.95
820,easy,12,12:17:18,12:17:20,12:18:17,COMPLETED,27701.0,960.8,2.17,59.58
705,medium,13,12:17:34,12:17:39,12:18:42,COMPLETED,27846.0,1056.8,5.46,68.62
716,easy,11,12:19:15,12:19:20,12:19:51,COMPLETED,24652.0,530.1,5.16,36.65
841,easy,11,12:19:49,12:19:51,12:20:04,COMPLETED,20317.0,215.5,2.65,15.34
773,easy,12,12:19:34,12:19:39,12:20:10,COMPLETED,30747.0,531.4,5.02,36.65
751,easy,11,12:21:21,12:21:26,12:21:32,COMPLETED,26808.0,111.6,5.14,11.47
683,easy,12,12:19:22,12:19:26,12:21:38,COMPLETED,39057.0,2211.7,4.46,136.87
631,medium,14,11:31:43,11:31:46,12:22:04,COMPLETED,33780.0,50302.3,3.22,3021.18
830,medium,13,12:18:02,12:18:04,12:22:16,COMPLETED,30228.0,4202.8,2.95,254.83
652,hard,15,11:22:30,11:22:34,12:22:23,COMPLETED,36755.0,59819.2,4.17,3593.18
699,easy,12,12:21:31,12:21:32,12:22:42,COMPLETED,28759.0,1167.3,1.47,71.22
718,easy,11,12:22:45,12:22:48,12:22:54,COMPLETED,19036.0,109.9,3.54,9.85
774,easy,11,12:24:02,12:24:05,12:24:11,COMPLETED,27182.0,111.4,3.42,9.85
512,hard,15,11:25:25,11:25:31,12:24:18,COMPLETED,35256.0,58789.7,6.03,3533.19
745,easy,12,12:24:33,12:24:37,12:24:50,COMPLETED,25474.0,229.7,4.22,17.39
704,easy,12,12:23:59,12:24:05,12:24:57,COMPLETED,34096.0,869.4,6.42,58.08
828,easy,12,12:24:38,12:24:43,12:24:57,COMPLETED,22573.0,229.9,5.84,19.08
812,easy,11,12:24:47,12:24:50,12:24:57,COMPLETED,32212.0,121.2,3.39,10.08
826,hard,15,12:00:51,12:00:52,12:25:03,COMPLETED,29536.0,24196.5,1.28,1452.72
715,easy,11,12:24:57,12:24:57,12:25:10,COMPLETED,18804.0,226.4,0.08,13.31
724,easy,12,12:24:35,12:24:37,12:25:23,COMPLETED,34434.0,776.0,2.22,48.27
688,easy,12,12:25:17,12:25:23,12:25:42,COMPLETED,27055.0,330.8,6.27,25.86
740,easy,12,12:24:49,12:24:50,12:25:55,COMPLETED,24240.0,1087.4,1.39,66.43
806,easy,12,12:25:02,12:25:03,12:26:14,COMPLETED,23508.0,1186.7,1.72,72.51
733,easy,12,12:26:29,12:26:33,12:27:25,COMPLETED,27378.0,871.1,4.89,56.89
732,easy,11,12:27:12,12:27:13,12:27:25,COMPLETED,29288.0,218.7,1.07,13.89
796,medium,14,12:19:54,12:19:58,12:27:44,COMPLETED,30960.0,7788.7,4.01,470.94
813,medium,13,12:25:18,12:25:23,12:28:04,COMPLETED,28501.0,2693.5,5.27,166.48
738,medium,13,12:22:30,12:22:35,12:28:36,COMPLETED,34726.0,6027.1,5.87,366.90
791,medium,14,12:25:15,12:25:16,12:29:34,COMPLETED,28362.0,4302.4,1.71,259.56
573,medium,14,11:20:32,11:20:34,12:29:40,COMPLETED,36000.0,69115.9,2.12,4148.92
799,hard,15,12:12:17,12:12:17,12:29:47,COMPLETED,32223.0,17503.3,0.33,1050.28
777,easy,11,12:29:30,12:29:34,12:29:47,COMPLETED,24874.0,217.6,4.56,17.28
822,easy,11,12:29:46,12:29:47,12:29:59,COMPLETED,22140.0,215.5,1.28,13.93
690,hard,15,12:23:33,12:23:39,12:31:22,COMPLETED,31238.0,7718.9,6.42,469.28
527,hard,15,11:40:14,11:41:15,12:31:34,COMPLETED,31652.0,50333.4,61.07,3080.94
795,easy,11,12:30:23,12:30:25,12:31:34,COMPLETED,36559.0,1167.4,2.18,71.94
466,hard,15,10:33:04,10:38:57,12:31:41,COMPLETED,28167.0,112733.8,353.32,7117.26
727,easy,11,12:31:55,12:32:00,12:32:06,COMPLETED,17756.0,110.9,5.20,11.57
792,easy,12,12:32:00,12:32:00,12:32:06,COMPLETED,28731.0,110.6,0.20,6.57
783,easy,12,12:33:07,12:33:09,12:33:22,COMPLETED,28893.0,215.8,2.76,15.42
827,easy,12,12:32:36,12:32:38,12:33:28,COMPLETED,29075.0,847.0,2.22,52.74
790,medium,14,12:28:27,12:28:30,12:33:47,COMPLETED,23454.0,5293.6,3.36,320.74
786,easy,11,12:33:41,12:33:41,12:33:47,COMPLETED,23752.0,111.4,0.36,6.74
681,easy,12,12:31:42,12:31:47,12:34:58,COMPLETED,33272.0,3186.1,5.57,196.15
803,medium,13,12:25:55,12:25:55,12:35:17,COMPLETED,30296.0,9373.4,0.43,562.56
802,easy,11,12:35:24,12:35:30,12:35:36,COMPLETED,22306.0,116.5,6.42,12.87
743,medium,13,12:19:42,12:19:45,12:35:43,COMPLETED,36274.0,15972.8,3.34,961.46
829,easy,11,12:35:35,12:35:36,12:35:43,COMPLETED,24960.0,115.9,1.87,8.46
794,easy,11,12:35:44,12:35:49,12:36:02,COMPLETED,24764.0,224.1,5.85,18.84
780,easy,11,12:36:19,12:36:22,12:36:35,COMPLETED,21489.0,226.8,3.40,16.55
713,medium,13,12:28:56,12:28:56,12:37:01,COMPLETED,37355.0,8092.1,0.37,485.50
734,easy,11,12:35:51,12:35:56,12:37:08,COMPLETED,37712.0,1201.7,5.26,77.04
692,easy,11,12:37:12,12:37:14,12:37:27,COMPLETED,20500.0,220.7,2.41,15.29
817,easy,11,12:38:01,12:38:06,12:38:19,COMPLETED,24633.0,226.7,5.03,18.19
701,medium,14,12:36:45,12:36:48,12:38:57,COMPLETED,31935.0,2157.9,3.55,132.54
524,medium,14,11:58:15,11:58:20,12:39:10,COMPLETED,23488.0,40836.7,5.48,2455.50
814,hard,15,12:01:42,12:01:42,12:39:23,COMPLETED,33485.0,37683.6,0.71,2261.45
756,easy,11,12:39:29,12:39:29,12:39:36,COMPLETED,29990.0,117.8,0.98,7.58
753,medium,14,12:36:49,12:36:54,12:40:09,COMPLETED,25895.0,3245.5,5.92,200.19
757,easy,12,12:39:38,12:39:43,12:40:09,COMPLETED,25825.0,442.1,5.10,31.19
695,medium,13,12:34:58,12:34:58,12:40:34,COMPLETED,33500.0,5617.3,0.15,336.92
838,hard,15,12:17:31,12:17:33,12:41:12,COMPLETED,36968.0,23665.1,2.15,1421.87
707,easy,12,12:39:55,12:40:15,12:41:12,COMPLETED,29185.0,957.0,20.76,77.87
785,medium,13,12:39:13,12:39:16,12:41:50,COMPLETED,29918.0,2571.9,3.86,157.91
686,easy,12,12:41:05,12:41:19,12:41:50,COMPLETED,24558.0,532.8,14.21,45.91
843,easy,12,12:40:56,12:41:19,12:42:16,COMPLETED,25665.0,954.8,23.21,80.21
781,easy,12,12:39:01,12:39:04,12:42:28,COMPLETED,29982.0,3418.6,3.08,207.84
758,medium,13,12:42:48,12:42:54,12:43:32,COMPLETED,23898.0,637.8,6.18,44.14
779,easy,12,12:40:12,12:40:41,12:43:57,COMPLETED,32038.0,3277.2,29.26,225.60
636,hard,15,11:51:29,11:51:33,12:44:03,COMPLETED,31439.0,52507.7,4.69,3154.94
833,medium,14,12:30:44,12:30:44,12:44:23,COMPLETED,37418.0,13654.5,0.16,819.15
797,easy,11,12:43:17,12:44:03,12:44:42,COMPLETED,28320.0,645.8,46.94,85.34
720,medium,13,12:33:55,12:34:00,12:47:09,COMPLETED,36995.0,13162.4,5.35,794.69
755,easy,12,12:42:25,12:42:28,12:47:29,COMPLETED,29329.0,5012.9,3.84,304.16
748,easy,11,12:44:58,12:47:16,12:47:29,COMPLETED,30850.0,223.8,138.24,151.16
770,easy,11,12:45:53,12:47:35,12:47:48,COMPLETED,26601.0,226.0,102.70,115.86
810,easy,12,12:43:20,12:44:10,12:47:55,COMPLETED,26151.0,3759.8,50.38,275.39
742,hard,15,12:02:40,12:02:45,12:48:21,COMPLETED,37403.0,45593.4,5.73,2741.15
741,hard,15,12:31:17,12:31:22,12:48:27,COMPLETED,30650.0,17092.2,5.28,1030.53
845,easy,12,12:45:57,12:47:55,12:48:33,COMPLETED,23275.0,647.8,118.39,156.92
693,medium,14,12:36:26,12:36:28,12:48:40,COMPLETED,30591.0,12196.7,2.96,734.30
737,easy,12,12:47:25,12:48:33,12:48:46,COMPLETED,24319.0,226.5,68.92,81.92
800,easy,11,12:48:47,12:48:53,12:49:00,COMPLETED,26063.0,115.1,6.56,13.18
784,easy,12,12:48:12,12:48:46,12:49:06,COMPLETED,25945.0,334.3,34.92,54.50
831,medium,13,12:46:48,12:48:27,12:49:13,COMPLETED,31911.0,766.2,99.53,145.02
736,easy,12,12:50:34,12:50:36,12:50:49,COMPLETED,26593.0,222.4,2.99,15.69
839,medium,14,12:22:27,12:22:29,12:51:41,COMPLETED,25011.0,29207.6,2.50,1754.78
710,easy,11,12:51:21,12:51:48,12:52:00,COMPLETED,29037.0,216.3,27.11,39.79
697,medium,13,12:45:00,12:47:35,12:53:10,COMPLETED,32333.0,5581.1,155.70,490.28
726,medium,13,12:50:47,12:50:49,12:53:29,COMPLETED,27562.0,2665.6,2.69,162.35
676,hard,15,11:03:14,11:03:16,12:54:38,COMPLETED,29855.0,111372.3,2.58,6684.84
842,medium,13,12:41:25,12:41:57,12:54:45,COMPLETED,24864.0,12803.7,32.24,800.17
849,easy,11,12:53:36,12:54:45,12:55:16,COMPLETED,32140.0,532.6,69.17,100.82
776,medium,14,12:42:26,12:42:28,12:55:48,COMPLETED,25698.0,13330.3,2.84,802.44
761,easy,12,12:54:21,12:54:51,12:55:48,COMPLETED,27266.0,953.9,30.54,87.44
832,hard,15,12:28:34,12:28:36,12:56:07,COMPLETED,28611.0,27512.8,2.90,1653.55
775,easy,12,12:52:08,12:53:35,12:56:07,COMPLETED,27888.0,2537.0,87.68,239.55
824,medium,14,12:51:13,12:51:16,12:56:20,COMPLETED,22507.0,5075.5,3.13,307.36
811,easy,11,12:55:43,12:56:13,12:56:20,COMPLETED,29885.0,112.0,30.93,37.36
807,medium,13,12:55:13,12:55:54,12:57:18,COMPLETED,29272.0,1400.9,41.80,125.57
685,easy,12,12:56:33,12:56:33,12:57:31,COMPLETED,22082.0,982.5,0.08,58.54
847,medium,14,12:15:31,12:15:37,12:58:23,COMPLETED,35811.0,42774.9,6.00,2572.17
694,medium,14,12:51:23,12:52:07,12:59:21,COMPLETED,30765.0,7244.6,44.11,478.32
711,medium,14,12:39:37,12:39:43,12:59:27,COMPLETED,32276.0,19754.6,6.10,1190.90
787,hard,15,12:42:53,12:43:38,12:59:34,COMPLETED,27249.0,15939.4,45.47,1001.55
723,easy,12,12:58:40,12:59:27,13:00:13,COMPLETED,24953.0,763.1,47.90,93.41
691,easy,12,12:55:39,12:56:13,13:03:13,COMPLETED,32425.0,6996.3,34.93,454.43
821,medium,14,12:58:40,12:59:34,13:03:51,COMPLETED,27967.0,4287.5,54.55,311.44
854,easy,11,13:00:33,13:03:57,13:04:04,COMPLETED,25164.0,113.3,204.84,211.28
836,medium,14,12:59:27,13:03:19,13:05:01,COMPLETED,30765.0,1698.9,232.77,334.41
209,hard,15,09:02:34,09:02:34,13:05:52,COMPLETED,32766.0,243286.2,0.92,14598.05
1018,easy,12,13:01:10,13:05:58,13:06:42,COMPLETED,25735.0,748.1,288.44,332.97
764,medium,13,12:57:44,12:58:29,13:06:55,COMPLETED,30275.0,8437.9,45.73,551.73
917,easy,12,13:01:18,13:06:49,13:08:11,COMPLETED,31783.0,1384.3,331.36,413.99
907,easy,12,13:01:29,13:07:02,13:08:18,COMPLETED,26690.0,1278.8,333.06,409.45
682,hard,15,12:10:37,12:10:42,13:08:24,COMPLETED,36884.0,57715.9,5.07,3467.82
965,medium,13,13:01:00,13:05:07,13:08:31,COMPLETED,36574.0,3396.6,247.74,451.19
808,medium,14,12:36:13,12:36:15,13:08:37,COMPLETED,31339.0,32366.7,2.82,1944.57
969,easy,11,13:03:25,13:08:37,13:08:50,COMPLETED,27151.0,217.5,312.57,325.30
684,medium,14,12:32:19,12:32:19,13:09:15,COMPLETED,33196.0,36946.9,0.19,2216.77
909,easy,11,13:05:57,13:09:22,13:09:53,COMPLETED,27824.0,534.5,205.15,236.88
850,medium,13,13:04:18,13:08:56,13:10:00,COMPLETED,26402.0,1066.2,278.66,342.25
970,easy,12,13:03:22,13:08:31,13:10:25,COMPLETED,33923.0,1913.3,309.19,423.66
956,easy,12,13:06:19,13:10:06,13:10:57,COMPLETED,24002.0,850.2,227.66,278.36
768,medium,14,12:59:15,13:00:19,13:12:25,COMPLETED,29414.0,12106.8,64.73,790.85
747,medium,14,12:46:24,12:48:02,13:12:51,COMPLETED,32978.0,24822.8,98.04,1587.18
888,easy,11,13:07:04,13:12:32,13:12:51,COMPLETED,28860.0,321.6,328.19,347.18
869,easy,12,13:07:42,13:12:57,13:13:10,COMPLETED,30687.0,217.5,315.51,328.21
948,medium,13,13:03:04,13:08:24,13:13:42,COMPLETED,28176.0,5304.5,320.82,638.61
867,easy,11,13:08:23,13:13:16,13:13:49,COMPLETED,25716.0,548.6,293.60,326.17
801,hard,15,12:26:43,12:26:47,13:14:08,COMPLETED,33986.0,47357.6,4.09,2845.23
916,easy,11,13:09:22,13:14:14,13:14:40,COMPLETED,26838.0,444.2,292.79,318.93
911,medium,13,13:09:21,13:13:55,13:15:39,COMPLETED,30462.0,1731.3,274.55,378.08
611,medium,14,11:07:15,11:07:21,13:17:52,COMPLETED,28678.0,130517.5,6.41,7837.38
931,easy,12,13:10:26,13:17:58,13:18:05,COMPLETED,31454.0,112.1,452.76,459.13
592,hard,15,11:19:38,11:19:42,13:18:43,COMPLETED,39867.0,119015.1,4.46,7145.26
947,easy,11,13:11:34,13:18:49,13:19:02,COMPLETED,29328.0,217.9,435.65,448.37
968,easy,12,13:11:44,13:19:08,13:19:27,COMPLETED,24162.0,322.9,444.75,463.80
889,medium,14,13:09:00,13:13:49,13:20:05,COMPLETED,35883.0,6282.6,289.17,665.81
988,easy,12,13:12:10,13:20:12,13:20:24,COMPLETED,29920.0,216.5,482.17,494.86
637,medium,14,11:30:50,11:30:54,13:20:56,COMPLETED,32023.0,110028.7,4.79,6606.50
1013,medium,14,13:06:40,13:10:32,13:21:54,COMPLETED,33157.0,11386.5,232.02,914.95
992,easy,11,13:14:26,13:22:01,13:22:13,COMPLETED,23090.0,220.3,455.27,467.94
910,easy,12,13:12:11,13:20:31,13:22:33,COMPLETED,29284.0,2049.2,500.19,622.66
994,medium,13,13:14:28,13:22:20,13:23:12,COMPLETED,29066.0,873.1,472.53,524.60
943,medium,13,13:10:38,13:18:11,13:23:38,COMPLETED,36950.0,5452.6,453.51,780.38
217,hard,15,09:02:56,09:03:00,13:23:44,COMPLETED,35083.0,260742.4,4.25,15648.71
942,easy,12,13:15:11,13:23:44,13:24:04,COMPLETED,26168.0,333.0,513.71,533.19
973,easy,12,13:14:48,13:23:18,13:24:36,COMPLETED,36976.0,1306.7,510.95,588.87
355,hard,15,10:55:03,10:57:52,13:24:43,COMPLETED,31257.0,146847.9,169.78,8980.42
999,medium,13,13:10:07,13:14:47,13:26:00,COMPLETED,34091.0,11230.8,280.49,953.90
929,easy,12,13:16:07,13:26:07,13:26:46,COMPLETED,26639.0,654.4,600.45,639.42
954,easy,11,13:16:18,13:26:52,13:27:05,COMPLETED,29058.0,223.5,634.75,647.86
976,medium,14,13:16:07,13:24:50,13:27:43,COMPLETED,33466.0,2901.4,523.07,696.85
1000,easy,11,13:16:57,13:27:50,13:27:56,COMPLETED,28755.0,111.1,653.19,659.55
928,medium,13,13:16:02,13:24:43,13:28:09,COMPLETED,32894.0,3435.9,521.42,727.25
1003,easy,12,13:17:21,13:28:15,13:29:44,COMPLETED,31541.0,1482.6,654.61,743.24
862,easy,12,13:16:57,13:28:02,13:31:06,COMPLETED,26093.0,3063.5,665.88,849.38
1012,medium,14,13:12:52,13:21:02,13:32:22,COMPLETED,35109.0,11339.4,490.88,1170.80
687,hard,15,12:57:41,12:57:44,13:40:17,COMPLETED,30676.0,42559.9,3.39,2556.76
871,easy,12,13:18:21,13:40:24,13:40:49,COMPLETED,26829.0,426.6,1323.09,1348.38
242,hard,15,09:39:47,09:39:51,13:41:14,COMPLETED,40429.0,241382.4,4.80,14487.70
864,easy,11,13:19:05,13:40:55,13:41:27,COMPLETED,33103.0,534.2,1310.71,1342.45
886,hard,15,13:06:03,13:10:00,13:42:05,COMPLETED,33021.0,32090.3,237.25,2162.42
878,medium,13,13:19:55,13:41:21,13:43:47,COMPLETED,34155.0,2448.0,1286.06,1432.47
944,easy,11,13:21:10,13:43:54,13:44:00,COMPLETED,30261.0,115.3,1364.00,1370.63
848,medium,14,12:43:20,12:44:29,13:45:04,COMPLETED,31431.0,60585.8,69.55,3704.52
882,medium,14,13:20:15,13:41:33,13:45:36,COMPLETED,28919.0,4045.0,1278.80,1521.21
1005,medium,13,13:20:55,13:42:11,13:46:40,COMPLETED,39149.0,4482.9,1276.75,1545.24
721,hard,15,12:19:48,12:19:51,13:46:59,COMPLETED,26636.0,87138.2,3.65,5231.71
902,easy,11,13:22:03,13:46:46,13:46:59,COMPLETED,28670.0,224.1,1483.79,1496.71
941,easy,11,13:22:35,13:47:06,13:47:12,COMPLETED,26388.0,117.4,1471.28,1477.85
876,medium,13,13:16:01,13:24:10,13:47:19,COMPLETED,29267.0,23153.1,489.75,1878.38
1004,easy,12,13:22:42,13:47:06,13:47:32,COMPLETED,25795.0,440.7,1464.28,1490.41
1007,medium,13,13:21:15,13:44:06,13:47:38,COMPLETED,31301.0,3540.8,1371.95,1583.84
897,easy,12,13:23:16,13:47:26,13:47:45,COMPLETED,31689.0,335.0,1450.05,1469.49
950,easy,11,13:25:21,13:47:45,13:47:52,COMPLETED,29556.0,121.8,1344.49,1351.21
939,easy,11,13:26:01,13:47:58,13:48:18,COMPLETED,21106.0,328.9,1317.85,1337.28
680,medium,14,12:06:25,12:06:29,13:49:08,COMPLETED,39383.0,102663.8,4.20,6163.90
703,hard,15,12:26:36,12:26:40,13:50:25,COMPLETED,32043.0,83745.8,4.48,5029.08
997,easy,12,13:27:11,13:50:31,13:50:50,COMPLETED,27835.0,321.9,1400.45,1419.46
521,hard,15,11:53:36,11:53:36,13:51:28,COMPLETED,27958.0,117872.0,0.09,7072.40
772,medium,14,12:55:38,12:55:54,13:51:53,COMPLETED,38151.0,55986.4,16.80,3375.82
974,medium,13,13:25:59,13:47:52,13:54:00,COMPLETED,29868.0,6140.7,1313.21,1681.38
789,hard,15,12:23:46,12:23:52,13:55:04,COMPLETED,42093.0,91213.0,6.39,5478.97
958,medium,14,13:21:48,13:45:42,13:55:04,COMPLETED,32235.0,9381.7,1434.54,1996.97
966,easy,11,13:28:55,13:55:11,13:55:30,COMPLETED,31736.0,327.7,1576.54,1595.73
712,hard,15,12:30:32,12:30:37,13:56:03,COMPLETED,34696.0,85428.4,5.81,5131.28
995,medium,13,13:28:07,13:50:56,13:57:07,COMPLETED,34225.0,6189.8,1369.79,1740.89
893,hard,15,13:00:50,13:04:10,13:59:17,COMPLETED,36823.0,55116.5,200.67,3507.34
870,medium,14,13:26:30,13:49:15,13:59:43,COMPLETED,40284.0,10479.2,1365.23,1993.53
957,easy,11,13:30:03,13:59:50,14:00:34,COMPLETED,25237.0,751.1,1787.08,1831.83
960,easy,12,13:30:05,14:00:41,14:01:00,COMPLETED,23836.0,321.1,1836.18,1855.14
880,medium,13,13:26:27,13:48:24,14:01:12,COMPLETED,31109.0,12808.3,1317.61,2085.84
896,easy,11,13:30:20,14:01:06,14:01:19,COMPLETED,33117.0,218.2,1846.47,1859.17
927,medium,14,13:28:31,13:54:06,14:02:16,COMPLETED,26601.0,8169.0,1535.71,2025.53
646,hard,15,11:33:36,11:33:40,14:02:35,COMPLETED,30829.0,148927.3,4.12,8939.68
852,easy,12,13:30:45,14:02:22,14:02:35,COMPLETED,30585.0,217.8,1897.92,1910.68
875,medium,13,13:31:13,14:02:42,14:03:26,COMPLETED,35660.0,743.8,1889.01,1933.30
865,medium,13,13:30:24,14:01:19,14:03:39,COMPLETED,28065.0,2336.2,1855.17,1995.06
872,easy,11,13:31:19,14:03:32,14:03:51,COMPLETED,22877.0,322.8,1933.71,1952.77
961,easy,12,13:30:41,14:01:25,14:04:17,COMPLETED,41292.0,2862.8,1844.60,2016.08
1002,easy,11,13:32:31,14:03:58,14:04:29,COMPLETED,30486.0,532.7,1887.11,1918.76
921,easy,11,13:33:16,14:04:36,14:05:07,COMPLETED,37113.0,532.2,1880.10,1911.70
918,easy,12,13:31:55,14:03:45,14:05:20,COMPLETED,31330.0,1591.5,1910.39,2005.41
855,easy,11,13:32:56,14:04:23,14:05:20,COMPLETED,28751.0,958.5,1887.41,1944.41
1009,easy,12,13:34:20,14:05:26,14:05:46,COMPLETED,29123.0,339.0,1866.96,1886.68
981,medium,13,13:28:25,13:51:34,14:05:53,COMPLETED,29236.0,14319.3,1389.73,2248.37
933,easy,11,13:35:20,14:05:26,14:06:00,COMPLETED,33693.0,559.0,1806.96,1840.01
12,hard,15,08:34:12,08:34:16,14:06:26,COMPLETED,39505.0,332162.0,4.39,19934.08
894,easy,12,13:35:44,14:05:53,14:06:26,COMPLETED,34727.0,550.5,1809.37,1842.08
925,easy,11,13:37:35,14:06:32,14:06:39,COMPLETED,28835.0,115.2,1737.45,1744.13
987,medium,13,13:36:56,14:06:06,14:07:11,COMPLETED,27428.0,1087.3,1750.66,1815.41
551,hard,15,11:58:04,11:58:07,14:07:37,COMPLETED,34862.0,129499.0,3.84,7773.62
1010,easy,12,13:36:20,14:06:00,14:07:44,COMPLETED,31812.0,1745.4,1780.01,1884.17
863,easy,12,13:38:07,14:07:44,14:07:57,COMPLETED,27343.0,225.5,1777.17,1790.41
975,easy,12,13:38:00,14:07:17,14:08:10,COMPLETED,29178.0,878.8,1757.95,1810.35
920,easy,12,13:38:51,14:08:03,14:08:42,COMPLETED,26913.0,654.5,1752.73,1791.50
891,easy,11,13:39:10,14:08:16,14:09:08,COMPLETED,30504.0,874.9,1746.72,1798.73
861,medium,14,13:24:36,13:47:38,14:09:54,COMPLETED,30910.0,22259.5,1382.84,2718.01
903,medium,13,13:29:54,13:59:23,14:10:00,COMPLETED,28658.0,10616.7,1769.90,2406.56
868,medium,14,13:34:09,14:05:14,14:10:06,COMPLETED,30975.0,4887.3,1865.05,2157.97
818,hard,15,12:02:57,12:02:58,14:10:58,COMPLETED,26377.0,128011.7,1.43,7681.96
953,medium,13,13:21:17,13:45:10,14:10:58,COMPLETED,43017.0,25808.8,1433.85,2981.96
885,easy,11,13:39:48,14:11:05,14:11:12,COMPLETED,25839.0,119.6,1877.52,1884.23
906,medium,14,13:37:17,14:06:32,14:11:18,COMPLETED,31692.0,4780.4,1755.45,2041.75
857,medium,13,13:38:45,14:07:50,14:11:31,COMPLETED,33060.0,3686.7,1745.82,1966.76
1014,hard,15,13:17:25,13:29:50,14:11:38,COMPLETED,31256.0,41795.8,745.60,3253.08
985,easy,12,13:39:12,14:08:49,14:11:38,COMPLETED,27750.0,2822.3,1777.06,1946.08
908,easy,12,13:40:05,14:11:05,14:11:57,COMPLETED,34931.0,863.7,1860.52,1912.15
899,easy,12,13:41:19,14:11:44,14:11:57,COMPLETED,28385.0,216.2,1825.46,1838.15
901,easy,12,13:40:42,14:11:25,14:12:09,COMPLETED,31464.0,746.1,1843.39,1887.87
851,easy,11,13:42:21,14:12:03,14:12:09,COMPLETED,30959.0,111.0,1782.49,1788.87
996,easy,12,13:41:11,14:11:44,14:12:22,COMPLETED,23719.0,640.7,1833.46,1871.61
946,easy,12,13:42:57,14:12:16,14:12:35,COMPLETED,24194.0,322.3,1759.21,1778.29
377,hard,15,10:03:32,10:10:38,14:13:25,COMPLETED,31061.0,242795.0,426.34,14993.99
1006,easy,12,13:42:43,14:12:16,14:13:38,COMPLETED,28059.0,1382.0,1773.21,1855.79
892,easy,12,13:43:19,14:13:32,14:14:54,COMPLETED,29797.0,1381.9,1813.38,1895.99
1001,medium,13,13:44:19,14:13:45,14:15:14,COMPLETED,28820.0,1486.2,1766.18,1855.03
955,easy,12,13:44:21,14:15:01,14:15:14,COMPLETED,21752.0,217.4,1840.32,1853.03
1017,medium,14,13:43:18,14:12:41,14:15:20,COMPLETED,25260.0,2652.2,1763.62,1922.38
979,easy,11,13:44:27,14:15:20,14:15:33,COMPLETED,22816.0,217.6,1853.38,1866.15
982,easy,11,13:44:33,14:15:20,14:15:45,COMPLETED,33555.0,428.5,1847.38,1872.84
986,medium,14,13:07:51,13:12:57,14:15:52,COMPLETED,26645.0,62914.2,306.51,4081.17
905,easy,11,13:46:19,14:15:58,14:16:23,COMPLETED,31520.0,426.9,1779.55,1804.85
978,medium,13,13:40:10,14:11:18,14:16:30,COMPLETED,27706.0,5196.2,1868.75,2180.18
1011,easy,11,13:45:31,14:15:52,14:16:36,COMPLETED,32140.0,746.4,1821.17,1865.59
900,easy,11,13:48:22,14:16:42,14:16:55,COMPLETED,32849.0,217.6,1700.98,1713.73
860,easy,11,13:46:59,14:16:36,14:17:02,COMPLETED,25554.0,433.9,1777.59,1803.06
962,hard,15,13:15:38,13:23:51,14:17:08,COMPLETED,32795.0,53297.1,493.09,3690.68
898,easy,12,13:46:52,14:16:30,14:17:08,COMPLETED,29741.0,647.4,1778.18,1816.68
945,easy,12,13:49:45,14:17:15,14:17:27,COMPLETED,23922.0,216.7,1650.06,1662.76
890,medium,14,13:39:15,14:09:15,14:17:53,COMPLETED,33116.0,8636.4,1800.27,2318.21
915,easy,12,13:44:51,14:15:39,14:18:12,COMPLETED,28833.0,2550.6,1848.48,2001.21
972,easy,11,13:50:55,14:17:59,14:18:50,COMPLETED,29515.0,850.9,1624.54,1675.29
984,easy,12,13:43:06,14:12:28,14:19:02,COMPLETED,33067.0,6571.8,1762.94,2156.98
837,hard,15,12:59:14,12:59:40,14:19:40,COMPLETED,30847.0,80002.9,26.92,4826.93
914,easy,12,13:52:27,14:19:09,14:19:47,COMPLETED,25585.0,638.3,1602.31,1640.26
874,medium,14,13:39:16,14:10:00,14:22:31,COMPLETED,30486.0,12525.7,1844.56,2595.87
879,medium,14,13:40:43,14:11:38,14:22:31,COMPLETED,27532.0,10900.8,1855.08,2508.87
689,hard,15,12:30:05,12:30:06,14:22:57,COMPLETED,44108.0,112857.9,1.24,6772.52
977,easy,11,13:54:27,14:23:04,14:23:10,COMPLETED,18873.0,119.6,1717.09,1723.76
937,easy,12,13:54:02,14:22:38,14:23:23,COMPLETED,26700.0,764.3,1716.20,1761.71
989,easy,11,13:55:34,14:23:30,14:23:36,COMPLETED,26794.0,118.4,1676.10,1682.72
940,easy,12,13:54:27,14:23:17,14:23:43,COMPLETED,24000.0,442.2,1730.30,1756.25
895,medium,13,13:48:31,14:17:08,14:23:56,COMPLETED,25726.0,6800.6,1717.68,2125.45
980,easy,12,13:55:38,14:23:43,14:24:54,COMPLETED,21768.0,1184.8,1685.25,1756.05
835,medium,14,12:43:47,12:44:48,14:25:06,COMPLETED,37111.0,100303.1,61.73,6079.78
858,easy,12,13:56:16,14:24:02,14:25:57,COMPLETED,30798.0,1914.0,1666.78,1781.33
883,medium,13,13:52:55,14:19:47,14:26:35,COMPLETED,25549.0,6805.2,1612.26,2020.29
926,medium,13,13:48:26,14:17:02,14:27:00,COMPLETED,29531.0,9980.0,1716.06,2314.62
762,hard,15,12:35:15,12:35:17,14:27:19,COMPLETED,31943.0,112036.4,2.56,6724.63
930,easy,12,13:57:31,14:26:41,14:27:25,COMPLETED,25900.0,744.7,1750.62,1794.97
642,hard,15,11:33:45,11:33:46,14:27:32,COMPLETED,28745.0,173765.9,1.47,10427.34
964,medium,13,13:55:50,14:23:49,14:27:57,COMPLETED,24632.0,4134.4,1679.88,1927.68
706,hard,15,12:56:44,12:57:24,14:28:04,COMPLETED,35671.0,90654.8,40.90,5480.01
983,medium,13,13:50:04,14:17:15,14:28:10,COMPLETED,36820.0,10926.4,1631.06,2286.39
887,easy,11,13:59:31,14:28:16,14:28:23,COMPLETED,28468.0,111.1,1725.77,1732.13
698,hard,15,12:51:46,12:53:16,14:28:29,COMPLETED,35866.0,95216.9,90.62,5803.46
866,easy,12,13:59:27,14:28:10,14:28:35,COMPLETED,29209.0,429.7,1723.39,1748.84
1095,easy,11,14:01:06,14:28:42,14:28:54,COMPLETED,34990.0,218.0,1656.20,1668.93
1175,easy,11,14:01:15,14:29:01,14:29:07,COMPLETED,26815.0,111.0,1666.32,1672.67
1052,easy,12,14:00:46,14:28:35,14:29:14,COMPLETED,27964.0,641.9,1669.84,1708.00
1067,easy,12,14:02:06,14:29:20,14:29:26,COMPLETED,25361.0,111.1,1634.38,1640.73
1016,hard,15,13:39:28,14:10:06,14:30:11,COMPLETED,30462.0,20083.0,1838.97,3043.59
1088,medium,13,14:02:15,14:29:33,14:30:50,COMPLETED,22890.0,1294.0,1638.06,1715.19
1078,easy,11,14:02:21,14:30:18,14:30:50,COMPLETED,31878.0,543.6,1677.14,1709.19
1090,easy,11,14:02:22,14:30:56,14:31:03,COMPLETED,24997.0,119.7,1714.79,1721.48
934,hard,15,13:03:30,13:08:43,14:31:36,COMPLETED,41040.0,82873.7,313.95,5286.22
923,hard,15,13:31:02,14:02:42,14:31:36,COMPLETED,30128.0,28907.2,1900.01,3634.22
1141,easy,12,14:03:07,14:31:10,14:31:36,COMPLETED,28210.0,441.8,1683.03,1709.22
1042,easy,11,14:05:31,14:31:42,14:32:02,COMPLETED,26561.0,331.0,1571.56,1591.30
967,medium,14,13:07:03,13:11:03,14:32:21,COMPLETED,28816.0,81298.9,240.71,5118.50
935,hard,15,13:22:44,13:47:19,14:32:34,COMPLETED,30910.0,45255.5,1475.38,4190.44
1070,medium,14,14:01:22,14:29:14,14:32:47,COMPLETED,30971.0,3568.3,1672.00,1885.57
936,medium,13,13:57:39,14:27:06,14:33:07,COMPLETED,25213.0,6014.8,1767.95,2128.39
1128,easy,12,14:02:33,14:30:56,14:33:07,COMPLETED,39164.0,2183.8,1703.79,1834.39
1037,easy,11,14:07:31,14:32:40,14:33:07,COMPLETED,31372.0,450.0,1509.98,1536.39
913,medium,14,13:54:26,14:22:38,14:33:26,COMPLETED,24776.0,10814.0,1692.20,2340.74
1059,easy,12,14:08:43,14:33:33,14:33:39,COMPLETED,22611.0,114.2,1490.30,1496.65
1024,easy,12,14:05:03,14:31:42,14:33:46,COMPLETED,31127.0,2065.9,1599.56,1723.18
1103,easy,12,14:08:50,14:33:46,14:33:59,COMPLETED,24472.0,224.2,1496.18,1509.20
951,medium,14,13:57:27,14:26:03,14:34:18,COMPLETED,31975.0,8258.7,1716.67,2211.79
1102,easy,12,14:08:54,14:34:05,14:34:51,COMPLETED,26913.0,768.3,1511.67,1557.48
1138,easy,12,14:08:25,14:33:14,14:34:57,COMPLETED,33558.0,1734.3,1489.02,1592.80
877,medium,14,13:29:29,13:57:14,14:35:17,COMPLETED,31372.0,38054.2,1665.23,3948.16
1146,easy,12,14:09:27,14:34:57,14:35:30,COMPLETED,23572.0,548.2,1530.80,1563.40
1061,easy,12,14:09:34,14:35:04,14:35:49,COMPLETED,31481.0,769.1,1530.18,1575.80
1173,easy,12,14:10:00,14:35:23,14:35:49,COMPLETED,27050.0,443.6,1523.72,1549.80
1071,easy,11,14:11:10,14:35:56,14:36:09,COMPLETED,31281.0,217.3,1486.38,1499.17
1135,medium,13,14:10:04,14:35:36,14:36:15,COMPLETED,29862.0,651.8,1532.72,1571.49
1097,easy,12,14:08:19,14:33:14,14:36:47,COMPLETED,26166.0,3557.4,1495.02,1708.22
1074,easy,12,14:11:09,14:35:56,14:36:47,COMPLETED,26760.0,852.5,1487.38,1538.22
1032,easy,12,14:11:18,14:36:15,14:36:59,COMPLETED,31579.0,745.8,1497.49,1541.95
1155,easy,12,14:11:25,14:36:21,14:37:06,COMPLETED,23442.0,745.7,1496.87,1541.28
1091,easy,12,14:11:44,14:36:53,14:37:06,COMPLETED,31709.0,217.8,1509.56,1522.28
1145,medium,14,14:07:19,14:32:27,14:37:19,COMPLETED,26826.0,4858.1,1508.82,1800.05
1077,easy,11,14:13:22,14:37:25,14:37:38,COMPLETED,20884.0,216.3,1443.38,1456.06
1055,easy,12,14:13:02,14:37:12,14:37:50,COMPLETED,26913.0,639.7,1450.67,1488.75
1008,medium,14,13:58:56,14:28:04,14:38:22,COMPLETED,33748.0,10310.6,1748.01,2366.37
856,medium,14,13:56:41,14:25:00,14:38:47,COMPLETED,35387.0,13792.9,1699.38,2526.73
1051,easy,11,14:16:58,14:38:28,14:38:54,COMPLETED,26668.0,427.5,1290.75,1316.05
1062,easy,11,14:17:07,14:38:54,14:39:06,COMPLETED,29627.0,217.2,1307.05,1319.78
1043,easy,12,14:17:40,14:39:00,14:39:19,COMPLETED,28334.0,322.6,1280.43,1299.49
1107,medium,13,14:17:42,14:39:13,14:41:33,COMPLETED,24031.0,2341.0,1291.11,1431.27
1048,medium,13,14:06:54,14:32:08,14:42:51,COMPLETED,34183.0,10719.5,1514.62,2157.38
1092,medium,14,14:07:42,14:32:54,14:43:04,COMPLETED,27598.0,10175.9,1512.19,2122.34
353,medium,14,10:20:30,10:29:45,14:43:55,COMPLETED,41065.0,254168.6,555.82,15805.91
881,hard,15,13:57:14,14:25:13,14:46:24,COMPLETED,25422.0,21196.5,1679.11,2950.53
1170,easy,12,14:19:17,14:46:31,14:46:43,COMPLETED,25584.0,219.3,1634.08,1646.94
1114,hard,15,14:12:56,14:37:06,14:47:47,COMPLETED,35182.0,10691.5,1450.28,2091.51
1065,medium,14,14:15:22,14:37:57,14:48:06,COMPLETED,31663.0,10162.1,1355.09,1964.54
922,hard,15,13:50:41,14:17:34,14:48:57,COMPLETED,31432.0,31390.2,1613.09,3496.30
1118,medium,13,14:18:56,14:44:02,14:49:03,COMPLETED,25795.0,5025.6,1506.46,1807.63
932,hard,15,13:44:40,14:15:26,14:49:48,COMPLETED,30840.0,34358.7,1846.79,3908.10
1084,easy,11,14:22:12,14:49:54,14:50:19,COMPLETED,25351.0,429.6,1662.45,1687.92
1126,easy,11,14:22:55,14:50:26,14:50:32,COMPLETED,29403.0,112.2,1651.25,1657.66
1187,easy,12,14:21:42,14:49:10,14:50:39,COMPLETED,29672.0,1488.3,1648.06,1737.00
1121,easy,11,14:23:53,14:50:45,14:50:51,COMPLETED,25971.0,110.8,1612.39,1618.74
663,hard,15,11:59:32,11:59:36,14:50:58,COMPLETED,30914.0,171359.0,4.66,10286.07
1136,medium,13,14:21:25,14:48:12,14:50:58,COMPLETED,31991.0,2759.1,1607.87,1773.07
614,hard,15,11:17:27,11:17:33,14:51:10,COMPLETED,39924.0,213624.0,6.44,12823.83
1125,easy,11,14:24:30,14:51:04,14:51:17,COMPLETED,27118.0,217.8,1594.45,1607.16
1124,easy,12,14:21:28,14:49:03,14:51:29,COMPLETED,35441.0,2442.8,1655.63,1801.91
1031,easy,11,14:25:53,14:51:23,14:51:48,COMPLETED,27549.0,427.5,1530.56,1555.91
1072,medium,13,14:25:33,14:51:17,14:51:55,COMPLETED,28155.0,641.0,1544.16,1582.24
1093,easy,12,14:26:19,14:51:36,14:52:01,COMPLETED,30352.0,433.2,1517.25,1542.66
1160,easy,11,14:27:53,14:52:01,14:52:27,COMPLETED,28918.0,446.9,1448.66,1474.91
1134,medium,13,14:08:04,14:33:14,14:53:00,COMPLETED,33793.0,19776.7,1510.02,2696.31
1122,easy,11,14:28:15,14:52:34,14:53:19,COMPLETED,29885.0,754.6,1459.53,1504.51
1144,easy,11,14:29:18,14:53:25,14:53:32,COMPLETED,16388.0,110.9,1447.84,1454.20
938,hard,15,13:17:44,13:31:12,14:54:29,COMPLETED,25762.0,83274.9,808.72,5805.07
1166,easy,11,14:30:02,14:54:35,14:54:41,COMPLETED,20559.0,111.3,1473.40,1479.77
1133,easy,12,14:30:29,14:54:48,14:55:13,COMPLETED,26010.0,436.7,1459.10,1484.80
1189,hard,15,14:13:06,14:37:12,14:57:29,COMPLETED,32671.0,20290.5,1446.67,2663.84
1184,medium,13,14:30:40,14:55:20,14:57:29,COMPLETED,36787.0,2165.0,1480.34,1609.84
1168,medium,13,14:28:10,14:52:08,14:57:42,COMPLETED,35425.0,5582.3,1438.30,1772.96
1115,easy,11,14:30:40,14:57:36,14:57:42,COMPLETED,18544.0,116.4,1616.27,1622.96
1040,easy,11,14:31:25,14:57:49,14:57:55,COMPLETED,20759.0,116.3,1584.29,1590.97
1035,easy,12,14:31:27,14:57:49,14:58:02,COMPLETED,30588.0,226.2,1582.29,1595.30
1180,easy,12,14:30:47,14:57:36,14:58:15,COMPLETED,29462.0,654.9,1609.27,1648.37
1183,medium,13,14:12:10,14:36:53,14:58:21,COMPLETED,35370.0,21472.9,1483.56,2771.70
763,hard,15,12:08:15,12:08:16,14:58:28,COMPLETED,37610.0,170192.9,1.60,10213.08
1105,easy,12,14:31:31,14:58:02,14:59:06,COMPLETED,30064.0,1067.8,1591.30,1655.07
1064,easy,12,14:32:29,14:58:09,14:59:25,COMPLETED,34251.0,1273.2,1540.01,1616.12
919,hard,15,13:16:25,13:27:12,14:59:50,COMPLETED,31452.0,92639.8,647.19,6205.44
1080,easy,11,14:33:38,14:59:31,14:59:56,COMPLETED,30950.0,427.6,1553.45,1578.77
1033,easy,11,14:33:47,14:59:56,15:00:09,COMPLETED,25604.0,217.2,1569.77,1582.50
1086,medium,14,14:18:05,14:41:39,15:00:28,COMPLETED,38371.0,18822.7,1414.60,2543.74
1019,medium,14,13:28:29,13:52:00,15:00:35,COMPLETED,33638.0,68584.7,1411.17,5526.06
1041,easy,11,14:35:21,15:00:41,15:00:54,COMPLETED,22922.0,217.3,1520.45,1533.17
1082,easy,12,14:34:14,15:00:15,15:01:00,COMPLETED,30966.0,750.4,1561.83,1606.51
119,hard,15,08:14:13,08:14:13,15:01:25,COMPLETED,34589.0,407209.9,0.28,24432.86
1099,hard,15,14:20:06,14:46:50,15:01:25,COMPLETED,27077.0,14597.4,1604.26,2479.86
1034,medium,13,14:33:23,14:59:12,15:01:38,COMPLETED,34497.0,2441.4,1549.44,1695.61
1036,easy,12,14:36:56,15:01:32,15:01:51,COMPLETED,28767.0,323.5,1476.21,1495.36
1140,easy,11,14:37:00,15:01:44,15:01:51,COMPLETED,27338.0,111.4,1484.99,1491.36
1188,easy,12,14:37:09,15:01:57,15:02:10,COMPLETED,28782.0,217.0,1488.70,1501.39
1179,easy,11,14:37:58,15:01:57,15:02:10,COMPLETED,31389.0,216.8,1439.70,1452.39
1164,easy,11,14:38:10,15:02:16,15:02:23,COMPLETED,27567.0,111.9,1446.76,1453.19
1060,easy,12,14:38:00,15:02:16,15:02:35,COMPLETED,25031.0,324.7,1456.76,1475.95
1123,medium,14,14:32:59,14:58:28,15:03:26,COMPLETED,27554.0,4985.6,1529.08,1827.75
1137,easy,12,14:38:21,15:03:33,15:04:31,COMPLETED,31519.0,977.5,1512.32,1570.47
1131,easy,12,14:38:17,15:02:42,15:04:38,COMPLETED,30934.0,1939.5,1465.28,1581.01
1083,hard,15,14:26:28,14:51:55,15:04:44,COMPLETED,29718.0,12829.2,1527.24,2296.69
1045,medium,14,14:36:20,15:01:32,15:04:51,COMPLETED,30689.0,3324.6,1512.21,1711.08
1152,easy,11,14:38:32,15:04:44,15:05:04,COMPLETED,24446.0,336.3,1572.69,1592.37
1076,easy,11,14:38:40,15:04:51,15:05:04,COMPLETED,23431.0,230.7,1571.08,1584.37
1116,medium,13,14:24:07,14:50:58,15:05:10,COMPLETED,36655.0,14225.0,1611.07,2463.96
1132,easy,11,14:39:33,15:05:10,15:05:30,COMPLETED,28954.0,334.1,1537.96,1557.81
1130,easy,11,14:39:35,15:05:17,15:05:49,COMPLETED,28278.0,543.9,1542.71,1574.84
1106,easy,12,14:39:07,15:05:10,15:05:56,COMPLETED,26307.0,763.4,1563.96,1609.40
1069,easy,11,14:40:53,15:05:56,15:06:02,COMPLETED,22777.0,116.5,1503.40,1509.81
971,hard,15,13:53:00,14:19:53,15:06:09,COMPLETED,31263.0,46270.3,1613.64,4389.45
1165,easy,11,14:40:57,15:06:02,15:06:16,COMPLETED,21399.0,231.6,1505.81,1519.12
1171,easy,11,14:41:09,15:06:09,15:06:22,COMPLETED,30863.0,227.4,1500.45,1513.77
1058,medium,14,14:20:57,14:47:53,15:07:08,COMPLETED,33602.0,19247.2,1616.84,2771.31
1182,medium,13,14:41:31,15:06:16,15:07:34,COMPLETED,31179.0,1306.2,1485.12,1563.21
1054,easy,12,14:42:39,15:07:40,15:07:53,COMPLETED,24318.0,224.0,1501.54,1514.49
1176,easy,11,14:43:04,15:08:00,15:08:25,COMPLETED,29376.0,437.9,1496.02,1521.77
1111,easy,11,14:42:34,15:07:14,15:08:38,COMPLETED,29324.0,1406.5,1480.83,1564.92
1047,hard,15,14:00:07,14:28:29,15:11:05,COMPLETED,29405.0,42610.5,1702.46,4258.90
1156,medium,13,14:43:19,15:08:45,15:11:31,COMPLETED,33141.0,2771.0,1526.25,1692.21
1185,easy,11,14:43:23,15:11:12,15:11:31,COMPLETED,25759.0,321.6,1669.23,1688.21
1169,easy,11,14:43:29,15:11:37,15:11:56,COMPLETED,24569.0,321.7,1688.55,1707.59
1098,medium,13,14:38:28,15:04:38,15:12:21,COMPLETED,32093.0,7736.9,1570.01,2033.96
1050,medium,14,14:17:43,14:39:25,15:12:28,COMPLETED,32376.0,33045.4,1302.81,3285.29
1073,easy,11,14:44:53,15:12:28,15:12:34,COMPLETED,21082.0,112.0,1655.29,1661.66
959,medium,14,13:51:44,14:18:18,15:12:53,COMPLETED,29858.0,54588.6,1594.56,4869.71
1081,easy,11,14:46:06,15:12:41,15:12:53,COMPLETED,26043.0,216.3,1595.04,1607.71
1150,easy,12,14:43:47,15:12:02,15:13:00,COMPLETED,34321.0,958.9,1695.91,1753.04
1057,easy,11,14:45:45,15:12:34,15:13:00,COMPLETED,26829.0,430.1,1609.66,1635.04
1151,easy,12,14:47:45,15:13:00,15:13:12,COMPLETED,26058.0,220.8,1515.04,1527.95
1053,easy,11,14:49:22,15:13:06,15:13:12,COMPLETED,24439.0,112.8,1424.50,1430.95
1100,easy,12,14:48:09,15:13:00,15:13:25,COMPLETED,25915.0,433.3,1491.04,1516.78
1139,easy,12,14:49:51,15:13:32,15:14:16,COMPLETED,27791.0,742.6,1421.12,1465.37
1015,hard,15,13:39:45,14:10:13,15:14:22,COMPLETED,30044.0,64162.1,1828.35,5677.71
1068,easy,11,14:50:02,15:14:29,15:14:35,COMPLETED,25283.0,115.4,1467.36,1473.99
1153,easy,11,14:49:58,15:14:22,15:14:42,COMPLETED,26473.0,332.3,1464.71,1484.31
1110,medium,14,14:49:37,15:13:19,15:16:12,COMPLETED,29634.0,2897.5,1422.35,1595.73
884,hard,15,13:28:38,13:55:11,15:16:19,COMPLETED,27985.0,81132.2,1593.54,6461.30
1143,easy,12,14:48:16,15:13:06,15:16:25,COMPLETED,25215.0,3328.6,1490.50,1689.67
645,hard,15,11:50:54,11:50:55,15:16:58,COMPLETED,39688.0,206050.0,1.21,12364.10
530,hard,15,11:25:07,11:25:11,15:17:17,COMPLETED,33572.0,232101.2,4.61,13930.58
1075,easy,12,14:53:11,15:17:04,15:17:43,COMPLETED,28843.0,659.8,1433.65,1472.75
581,hard,15,11:21:45,11:21:49,15:17:50,COMPLETED,30846.0,236009.9,4.90,14165.29
1066,easy,11,14:53:47,15:17:50,15:18:03,COMPLETED,26461.0,224.9,1443.29,1456.29
1120,easy,12,14:53:14,15:17:24,15:18:16,COMPLETED,24123.0,876.9,1450.14,1502.47
1109,easy,11,14:55:13,15:18:09,15:18:16,COMPLETED,25902.0,115.4,1376.85,1383.47
1181,easy,12,14:55:37,15:18:22,15:18:48,COMPLETED,25946.0,441.4,1365.80,1391.90
1154,easy,12,14:55:39,15:18:55,15:19:53,COMPLETED,30804.0,980.4,1396.43,1454.95
853,medium,14,13:58:13,14:27:25,15:21:10,COMPLETED,37755.0,53751.4,1752.97,4977.91
993,hard,15,13:52:20,14:18:56,15:21:23,COMPLETED,35962.0,62451.9,1596.62,5343.59
949,hard,15,13:42:13,14:12:03,15:21:29,COMPLETED,34987.0,69443.6,1790.49,5956.92
1177,easy,11,14:55:51,15:21:17,15:21:48,COMPLETED,27465.0,533.9,1526.24,1557.97
1038,easy,11,14:56:30,15:21:55,15:22:01,COMPLETED,26861.0,111.0,1525.30,1531.64
1022,medium,13,14:55:58,15:21:29,15:22:07,COMPLETED,22860.0,639.8,1531.92,1569.98
1149,easy,12,14:57:14,15:22:14,15:22:45,COMPLETED,26388.0,531.7,1500.35,1531.95
370,medium,14,10:16:42,10:23:42,15:23:36,COMPLETED,40885.0,299908.0,420.19,18414.62
41,hard,15,08:17:32,08:17:35,15:23:42,COMPLETED,33611.0,426120.6,3.76,25570.95
1117,easy,11,14:58:06,15:23:49,15:24:01,COMPLETED,22446.0,216.1,1543.31,1555.98
1027,easy,12,14:58:17,15:24:08,15:24:20,COMPLETED,27380.0,216.0,1551.30,1563.96
1172,easy,12,14:58:18,15:24:27,15:24:39,COMPLETED,25496.0,216.9,1569.29,1581.99
1174,medium,14,14:18:24,14:42:57,15:25:05,COMPLETED,32458.0,42127.0,1473.93,4001.35
1028,medium,13,14:56:18,15:21:36,15:25:05,COMPLETED,31028.0,3490.5,1518.31,1727.35
1159,easy,11,14:58:32,15:24:46,15:25:11,COMPLETED,30425.0,430.4,1574.32,1599.79
804,hard,15,12:29:40,12:29:40,15:26:28,COMPLETED,33822.0,176788.3,0.92,10608.16
1104,medium,13,14:58:00,15:23:42,15:27:06,COMPLETED,30857.0,3391.1,1542.95,1746.13
1310,easy,12,15:00:01,15:27:12,15:28:09,COMPLETED,29736.0,952.3,1631.46,1688.30
924,hard,15,13:37:38,14:06:45,15:28:53,COMPLETED,30164.0,82137.1,1747.49,6675.59
1320,easy,12,15:00:22,15:28:59,15:29:44,COMPLETED,24061.0,743.3,1717.93,1762.23
1229,easy,11,15:00:38,15:29:50,15:30:03,COMPLETED,23964.0,217.8,1752.55,1765.29
1147,hard,15,14:43:24,15:11:37,15:30:16,COMPLETED,37742.0,18645.1,1693.55,2812.03
1253,easy,11,15:00:42,15:30:09,15:30:16,COMPLETED,30126.0,111.9,1767.65,1774.03
816,medium,14,12:28:34,12:28:36,15:31:19,COMPLETED,28431.0,182712.0,2.90,10965.54
1262,easy,12,15:01:10,15:30:22,15:31:26,COMPLETED,29547.0,1071.1,1752.39,1816.07
1085,medium,14,14:58:43,15:25:11,15:31:52,COMPLETED,27445.0,6679.2,1588.79,1989.07
1096,hard,15,14:34:05,15:00:03,15:31:58,COMPLETED,29797.0,31931.6,1558.14,3473.63
1254,easy,12,15:02:05,15:31:26,15:31:58,COMPLETED,28760.0,553.3,1761.07,1793.63
1344,easy,11,15:04:28,15:32:05,15:32:18,COMPLETED,24504.0,225.1,1657.33,1670.52
1020,hard,15,14:39:04,15:04:57,15:32:24,COMPLETED,31511.0,27458.8,1553.75,3200.87
1233,easy,12,15:03:48,15:31:58,15:32:31,COMPLETED,25493.0,557.9,1690.63,1723.52
1205,easy,11,15:05:45,15:32:24,15:32:38,COMPLETED,30467.0,227.2,1599.87,1613.17
1246,easy,11,15:06:15,15:32:31,15:32:38,COMPLETED,25699.0,116.5,1576.52,1583.17
1108,hard,15,14:57:36,15:22:52,15:32:57,COMPLETED,29927.0,10095.6,1516.28,2121.58
1232,easy,11,15:08:15,15:33:04,15:33:17,COMPLETED,26354.0,226.4,1489.14,1502.18
825,medium,14,12:54:50,12:55:23,15:33:36,COMPLETED,41276.0,158223.7,33.16,9526.51
1186,hard,15,14:54:55,15:17:56,15:33:36,COMPLETED,29594.0,15663.8,1381.94,2321.51
1217,easy,12,15:06:19,15:32:38,15:33:36,COMPLETED,25813.0,977.5,1579.17,1637.51
1256,easy,11,15:10:13,15:33:42,15:34:02,COMPLETED,24813.0,325.8,1409.86,1429.08
1044,hard,15,14:29:42,14:53:38,15:34:08,COMPLETED,30867.0,40502.7,1436.52,3866.49
1335,medium,13,15:10:58,15:33:42,15:34:14,COMPLETED,29925.0,538.7,1364.86,1396.89
1219,easy,11,15:11:28,15:34:08,15:34:21,COMPLETED,26108.0,219.4,1360.49,1373.29
1284,medium,13,15:04:53,15:32:05,15:34:40,COMPLETED,31170.0,2587.7,1632.33,1787.41
1193,easy,11,15:11:39,15:34:21,15:34:46,COMPLETED,31736.0,429.9,1362.29,1387.74
1113,medium,13,14:58:55,15:25:11,15:35:37,COMPLETED,33045.0,10429.8,1576.79,2202.37
1266,medium,14,15:12:12,15:34:53,15:35:50,COMPLETED,33893.0,955.2,1361.12,1418.06
1263,easy,12,15:12:18,15:35:56,15:36:28,COMPLETED,32579.0,534.6,1418.47,1450.17
1280,medium,13,15:12:16,15:35:43,15:37:44,COMPLETED,30923.0,2012.6,1407.70,1528.11
1039,hard,15,14:18:34,14:43:10,15:38:22,COMPLETED,35878.0,55190.8,1476.87,4788.19
1307,medium,13,15:01:39,15:30:22,15:38:47,COMPLETED,30896.0,8421.7,1723.39,2228.49
1157,medium,14,14:52:41,15:16:25,15:39:32,COMPLETED,34791.0,23116.2,1424.67,2811.43
1255,medium,13,15:14:34,15:38:53,15:39:45,COMPLETED,29890.0,867.4,1459.82,1511.39
1314,easy,11,15:15:44,15:39:38,15:39:51,COMPLETED,26385.0,229.0,1434.76,1447.92
1315,easy,11,15:16:25,15:39:58,15:40:05,COMPLETED,24480.0,119.6,1413.53,1420.20
1301,easy,11,15:16:19,15:39:51,15:40:11,COMPLETED,30441.0,341.6,1412.92,1432.76
1342,easy,12,15:16:44,15:40:18,15:40:31,COMPLETED,29097.0,224.4,1414.47,1427.53
1336,medium,13,15:13:48,15:37:50,15:40:50,COMPLETED,35554.0,3011.3,1442.49,1622.83
1063,hard,15,14:39:40,15:05:37,15:41:16,COMPLETED,28336.0,35659.1,1557.13,3696.39
1272,medium,14,15:11:54,15:34:27,15:41:36,COMPLETED,31288.0,7147.5,1353.69,1782.03
1198,easy,12,15:17:11,15:41:22,15:41:36,COMPLETED,23938.0,228.3,1451.92,1465.03
1359,easy,11,15:19:04,15:41:42,15:41:55,COMPLETED,25573.0,227.3,1358.65,1371.85
1324,medium,13,15:14:11,15:38:28,15:42:09,COMPLETED,24881.0,3683.8,1457.52,1678.02
1202,easy,11,15:19:12,15:42:02,15:42:09,COMPLETED,25858.0,119.8,1370.43,1377.02
1285,easy,11,15:19:35,15:42:15,15:42:22,COMPLETED,20788.0,115.1,1360.66,1367.28
1199,medium,13,15:16:48,15:40:37,15:42:35,COMPLETED,26041.0,1959.2,1429.98,1547.05
1218,easy,11,15:20:01,15:42:28,15:42:48,COMPLETED,26118.0,328.9,1347.60,1367.01
1276,easy,12,15:20:19,15:42:41,15:43:07,COMPLETED,24129.0,436.5,1342.60,1368.47
1288,easy,11,15:20:26,15:42:54,15:43:13,COMPLETED,32926.0,334.4,1348.37,1367.82
1023,medium,14,14:59:56,15:26:34,15:43:27,COMPLETED,31285.0,16884.0,1598.49,2611.14
1223,medium,13,15:17:06,15:40:57,15:43:27,COMPLETED,33662.0,2506.8,1431.24,1581.14
759,hard,15,12:55:55,12:56:26,15:43:33,COMPLETED,29538.0,167121.6,31.73,10058.71
1163,hard,15,14:36:12,15:01:00,15:43:53,COMPLETED,30312.0,42885.4,1488.51,4061.38
1275,easy,12,15:21:34,15:43:33,15:43:59,COMPLETED,24523.0,440.6,1319.71,1345.91
1234,easy,11,15:21:38,15:43:40,15:44:06,COMPLETED,34359.0,440.4,1322.44,1348.28
1212,medium,13,15:17:30,15:41:42,15:44:12,COMPLETED,26553.0,2514.3,1452.65,1602.93
1349,medium,13,15:20:36,15:43:20,15:44:12,COMPLETED,28791.0,885.0,1364.48,1416.93
1203,easy,11,15:22:31,15:44:12,15:44:12,COMPLETED,23940.0,12.1,1301.93,1301.93
1046,hard,15,14:41:35,15:06:22,15:44:26,COMPLETED,29383.0,38059.2,1487.77,3771.11
1257,easy,11,15:25:01,15:44:19,15:44:26,COMPLETED,21646.0,111.9,1158.70,1165.11
1225,easy,12,15:23:36,15:44:19,15:44:38,COMPLETED,29117.0,328.1,1243.70,1262.90
1303,easy,11,15:26:09,15:44:32,15:44:38,COMPLETED,22892.0,115.1,1103.50,1109.90
1162,hard,15,14:53:04,15:16:32,15:44:45,COMPLETED,28614.0,28228.4,1408.30,3101.50
1222,easy,12,15:25:04,15:44:32,15:44:52,COMPLETED,29762.0,338.2,1168.50,1188.22
1228,easy,12,15:22:14,15:43:59,15:46:08,COMPLETED,32072.0,2154.7,1305.91,1434.91
32,easy,11,08:50:49,08:50:49,15:46:27,COMPLETED,32238.0,415648.6,0.02,24938.91
1346,medium,13,15:12:02,15:34:46,15:46:34,COMPLETED,30962.0,11796.7,1364.74,2072.24
1194,easy,11,15:27:51,15:46:34,15:46:53,COMPLETED,25711.0,323.2,1123.24,1142.34
1345,easy,12,15:27:53,15:46:40,15:46:59,COMPLETED,27591.0,322.8,1127.64,1146.66
1216,medium,14,15:21:30,15:43:33,15:47:12,COMPLETED,28723.0,3649.0,1323.71,1542.40
1273,easy,12,15:27:27,15:46:15,15:47:25,COMPLETED,25916.0,1168.7,1128.24,1198.08
1260,easy,11,15:28:48,15:47:18,15:47:37,COMPLETED,24292.0,323.3,1110.73,1129.81
1192,easy,12,15:20:35,15:43:13,15:47:44,COMPLETED,39213.0,4510.5,1358.82,1629.16
1283,hard,15,15:11:37,15:34:14,15:48:15,COMPLETED,32387.0,14019.7,1357.89,2198.83
1353,hard,15,15:00:21,15:28:15,15:48:22,COMPLETED,26001.0,20113.4,1674.62,2881.16
1287,medium,14,15:22:22,15:44:06,15:48:22,COMPLETED,29177.0,4269.9,1304.28,1560.16
1258,medium,13,15:26:31,15:44:45,15:49:44,COMPLETED,31853.0,4988.4,1094.50,1393.56
1290,easy,11,15:30:53,15:49:50,15:50:03,COMPLETED,23246.0,219.7,1137.89,1150.56
1206,easy,12,15:30:43,15:48:28,15:50:10,COMPLETED,31930.0,1699.4,1065.55,1167.10
1269,easy,12,15:31:04,15:50:10,15:50:16,COMPLETED,23521.0,117.6,1146.10,1152.55
1343,easy,11,15:31:31,15:50:16,15:51:21,COMPLETED,32608.0,1089.3,1125.55,1190.34
1127,medium,14,14:32:50,14:58:21,15:52:06,COMPLETED,32265.0,53753.6,1531.70,4756.68
484,hard,15,10:22:41,10:32:13,15:52:19,COMPLETED,39434.0,320100.3,572.84,19778.82
1237,medium,14,15:30:53,15:48:28,15:52:32,COMPLETED,28925.0,4077.0,1055.55,1299.76
1322,easy,11,15:32:18,15:52:13,15:52:32,COMPLETED,25705.0,334.2,1195.23,1214.76
1215,easy,11,15:33:57,15:52:39,15:52:52,COMPLETED,28850.0,222.0,1122.34,1135.28
1313,medium,14,15:32:45,15:52:26,15:54:08,COMPLETED,31348.0,1718.7,1181.15,1283.97
1129,medium,14,14:59:08,15:25:18,15:54:21,COMPLETED,37392.0,29062.4,1570.19,3313.71
1259,easy,12,15:30:34,15:48:22,15:54:34,COMPLETED,42028.0,6210.0,1068.16,1440.46
1190,easy,11,15:34:08,15:54:15,15:54:34,COMPLETED,29857.0,325.0,1207.32,1226.46
1291,easy,11,15:34:42,15:54:40,15:54:53,COMPLETED,27701.0,217.5,1198.85,1211.59
1267,easy,11,15:35:01,15:54:59,15:55:12,COMPLETED,23684.0,220.0,1198.94,1211.84
1158,medium,14,14:49:34,15:13:19,15:55:19,COMPLETED,30935.0,42003.3,1425.35,3945.16
904,hard,15,13:10:09,13:15:45,15:55:51,COMPLETED,31948.0,160103.5,336.46,9942.56
1311,medium,13,15:34:57,15:54:40,15:56:04,COMPLETED,27758.0,1400.4,1183.85,1267.46
1213,easy,12,15:34:04,15:52:58,15:56:10,COMPLETED,35635.0,3213.2,1134.74,1326.98
533,hard,15,11:55:07,11:55:11,15:56:17,COMPLETED,32571.0,241105.2,4.40,14470.61
1289,easy,11,15:36:12,15:56:10,15:56:30,COMPLETED,27184.0,331.2,1198.98,1218.51
1295,easy,11,15:36:28,15:56:24,15:56:49,COMPLETED,26281.0,432.0,1196.09,1221.68
1244,easy,11,15:36:33,15:56:36,15:56:49,COMPLETED,29092.0,218.8,1203.90,1216.68
1339,easy,12,15:36:26,15:56:17,15:56:56,COMPLETED,22565.0,646.8,1191.61,1230.05
1286,medium,13,15:28:47,15:47:06,15:57:21,COMPLETED,24046.0,10260.9,1099.04,1714.45
1305,easy,12,15:37:22,15:56:56,15:57:46,COMPLETED,31104.0,852.2,1174.05,1224.83
1300,easy,12,15:37:38,15:57:02,15:58:06,COMPLETED,35518.0,1065.0,1164.46,1228.02
1235,easy,11,15:38:44,15:57:53,15:58:12,COMPLETED,28217.0,326.7,1149.23,1168.39
1208,easy,12,15:38:55,15:58:18,15:58:37,COMPLETED,29517.0,321.4,1163.88,1182.86
873,hard,15,13:02:20,13:08:18,15:59:22,COMPLETED,37432.0,171064.3,358.45,10622.24
1087,hard,15,14:52:14,15:14:48,16:00:31,COMPLETED,23207.0,45721.4,1354.68,4097.82
1304,easy,12,15:38:57,15:58:44,16:00:57,COMPLETED,28293.0,2221.1,1187.19,1320.16
1230,medium,13,15:35:50,15:55:58,16:01:03,COMPLETED,31424.0,5095.6,1208.11,1513.50
1296,easy,11,15:40:24,16:01:09,16:01:16,COMPLETED,24592.0,118.7,1245.90,1252.52
1348,medium,13,15:39:05,15:59:28,16:01:42,COMPLETED,24850.0,2237.6,1223.58,1357.34
1251,easy,11,15:41:27,16:01:23,16:01:49,COMPLETED,30474.0,452.5,1196.07,1222.65
1211,easy,11,15:41:52,16:01:56,16:02:02,COMPLETED,26264.0,115.4,1204.26,1210.68
1161,hard,15,14:41:58,15:06:29,16:03:13,COMPLETED,29498.0,56748.7,1471.14,4875.81
1214,easy,11,15:42:45,16:03:20,16:03:26,COMPLETED,25790.0,115.0,1235.40,1242.00
1277,medium,13,15:12:28,15:36:34,16:04:25,COMPLETED,32103.0,27847.3,1446.57,3117.10
1325,easy,11,15:43:04,16:04:31,16:04:44,COMPLETED,22206.0,222.6,1287.63,1300.68
1274,hard,15,15:02:34,15:31:32,16:05:23,COMPLETED,37226.0,33849.2,1738.71,3769.35
1341,medium,14,15:41:34,16:01:49,16:05:29,COMPLETED,31567.0,3681.8,1215.65,1435.93
1227,medium,14,15:08:19,15:33:23,16:05:36,COMPLETED,30147.0,32220.9,1504.76,3437.63
1243,medium,13,15:42:55,16:03:33,16:05:43,COMPLETED,26337.0,2175.1,1238.33,1368.26
1204,easy,12,15:43:15,16:04:51,16:06:22,COMPLETED,31149.0,1525.4,1296.02,1387.26
1312,easy,11,15:44:37,16:06:28,16:07:00,COMPLETED,33831.0,545.5,1311.60,1343.99
1049,hard,15,14:05:16,14:31:42,16:07:33,COMPLETED,36441.0,95842.9,1586.56,7337.15
1240,medium,13,15:44:02,16:05:36,16:07:39,COMPLETED,26976.0,2053.0,1294.63,1417.48
1279,easy,11,15:44:55,16:07:39,16:07:45,COMPLETED,20702.0,112.2,1364.48,1370.86
1352,easy,12,15:46:01,16:07:45,16:07:52,COMPLETED,25622.0,112.4,1304.86,1311.25
1252,easy,11,15:46:19,16:07:58,16:08:11,COMPLETED,20681.0,219.3,1299.64,1312.30
1250,medium,14,15:44:22,16:05:49,16:08:17,COMPLETED,32429.0,2471.1,1287.91,1435.82
1239,easy,11,15:46:28,16:08:17,16:08:24,COMPLETED,26565.0,112.6,1309.82,1316.23
1236,medium,13,15:43:28,16:05:29,16:11:08,COMPLETED,30130.0,5649.0,1321.93,1660.56
1210,easy,12,15:47:30,16:11:14,16:12:05,COMPLETED,22250.0,847.3,1424.92,1475.44
1357,medium,13,15:42:06,16:02:09,16:12:11,COMPLETED,34636.0,10047.6,1203.23,1805.78
1030,medium,14,14:36:14,15:01:06,16:12:18,COMPLETED,30690.0,71190.6,1492.89,5764.15
1196,medium,14,15:44:41,16:07:07,16:13:35,COMPLETED,32789.0,6473.7,1346.36,1734.34
1245,easy,11,15:48:09,16:13:41,16:13:48,COMPLETED,24483.0,118.5,1532.89,1539.52
1224,medium,14,15:46:17,16:07:52,16:13:55,COMPLETED,31425.0,6056.4,1295.25,1658.04
1331,hard,15,15:29:53,15:47:50,16:14:33,COMPLETED,33685.0,26727.4,1077.53,2680.82
1220,easy,12,15:49:29,16:14:40,16:14:46,COMPLETED,23777.0,115.0,1511.35,1517.73
1226,easy,12,15:49:05,16:13:55,16:14:53,COMPLETED,32412.0,978.8,1490.04,1548.29
1340,medium,13,15:47:21,16:08:30,16:14:59,COMPLETED,30330.0,6496.9,1269.61,1658.85
1242,hard,15,15:35:05,15:55:19,16:15:32,COMPLETED,30963.0,20229.9,1214.16,2427.58
1323,easy,11,15:51:10,16:15:39,16:15:45,COMPLETED,28277.0,115.2,1469.12,1475.74
1302,medium,14,15:27:06,15:44:52,16:16:56,COMPLETED,38620.0,32075.4,1066.22,2990.41
1241,hard,15,15:33:22,15:52:39,16:17:09,COMPLETED,27614.0,24509.9,1157.34,2627.57
1350,easy,11,15:52:34,16:17:16,16:17:22,COMPLETED,20529.0,113.3,1482.11,1488.55
1308,easy,11,15:52:28,16:17:02,16:17:28,COMPLETED,29042.0,438.7,1474.98,1500.94
1309,medium,14,15:47:01,16:08:24,16:18:14,COMPLETED,31276.0,9843.5,1283.23,1873.34
1282,easy,11,15:53:39,16:17:28,16:18:14,COMPLETED,23849.0,766.7,1429.94,1475.34
1299,medium,13,15:53:42,16:17:35,16:18:34,COMPLETED,22161.0,986.0,1433.33,1492.18
1347,easy,11,15:53:50,16:18:20,16:18:34,COMPLETED,27166.0,225.6,1470.98,1484.18
1191,easy,11,15:53:57,16:18:40,16:18:46,COMPLETED,24192.0,111.6,1483.55,1489.93
1112,hard,15,14:55:40,15:20:00,16:21:44,COMPLETED,33450.0,61743.2,1460.28,5164.69
1333,easy,11,15:55:02,16:21:51,16:22:10,COMPLETED,27656.0,322.2,1609.08,1628.10
1297,medium,13,15:51:09,16:15:06,16:22:16,COMPLETED,22035.0,7173.0,1437.53,1867.43
1358,hard,15,15:31:46,15:50:23,16:22:29,COMPLETED,29248.0,32106.6,1117.20,3043.35
1265,medium,14,15:26:46,15:44:45,16:22:35,COMPLETED,37152.0,37839.4,1079.50,3349.73
1334,easy,11,15:56:05,16:22:35,16:22:48,COMPLETED,33292.0,217.1,1590.73,1603.46
963,medium,14,13:14:33,13:22:40,16:22:54,COMPLETED,35921.0,180244.9,487.20,11301.79
1248,easy,12,15:56:14,16:22:42,16:22:54,COMPLETED,27529.0,217.5,1588.10,1600.79
1281,easy,11,15:56:18,16:22:54,16:23:01,COMPLETED,23537.0,112.8,1596.79,1603.18
1326,medium,13,15:55:47,16:22:22,16:23:39,COMPLETED,30249.0,1284.9,1595.97,1672.56
1270,easy,12,15:57:44,16:23:07,16:23:58,COMPLETED,25829.0,864.0,1523.59,1574.93
1351,hard,15,15:09:21,15:33:42,16:24:57,COMPLETED,32757.0,51244.3,1461.86,4536.24
1355,hard,15,15:27:19,15:44:58,16:24:57,COMPLETED,27425.0,39978.7,1059.85,3458.24
1247,medium,13,15:59:17,16:25:03,16:26:54,COMPLETED,24863.0,1843.0,1546.81,1657.05
1338,easy,11,15:59:33,16:27:00,16:27:13,COMPLETED,23714.0,224.2,1647.51,1660.46
1231,medium,14,15:44:21,16:05:43,16:27:26,COMPLETED,31150.0,21722.5,1282.26,2585.35
1470,easy,12,16:00:18,16:27:19,16:27:39,COMPLETED,21402.0,330.2,1622.00,1641.32
1477,easy,11,16:00:57,16:27:45,16:28:05,COMPLETED,29220.0,334.7,1608.86,1628.44
1025,hard,15,14:09:24,14:34:25,16:28:37,COMPLETED,32834.0,114208.4,1501.35,8353.70
1354,medium,13,15:59:09,16:25:03,16:28:44,COMPLETED,33270.0,3680.1,1554.81,1775.29
1412,medium,13,16:01:40,16:28:11,16:29:03,COMPLETED,26170.0,868.4,1591.98,1643.79
1374,easy,11,16:02:01,16:28:50,16:29:03,COMPLETED,28750.0,224.0,1609.66,1622.79
1321,medium,13,15:55:35,16:22:16,16:30:52,COMPLETED,35863.0,8603.3,1601.43,2117.36
1119,hard,15,14:29:00,14:53:06,16:32:02,COMPLETED,25118.0,98922.0,1446.78,7382.00
1520,easy,11,16:03:02,16:32:08,16:32:21,COMPLETED,27414.0,217.2,1746.32,1759.02
1461,medium,14,16:02:48,16:29:10,16:32:59,COMPLETED,29940.0,3819.0,1582.13,1811.07
1528,medium,13,16:02:58,16:30:58,16:32:59,COMPLETED,29277.0,2011.6,1680.69,1801.07
1209,medium,14,15:57:17,16:23:01,16:33:30,COMPLETED,29022.0,10496.8,1544.18,2173.72
1376,easy,12,16:03:46,16:33:05,16:34:02,COMPLETED,28431.0,953.6,1759.41,1816.34
1294,hard,15,15:29:25,15:47:44,16:34:15,COMPLETED,26682.0,46517.8,1099.16,3890.05
1369,easy,12,16:04:02,16:33:37,16:34:15,COMPLETED,27298.0,638.6,1775.05,1813.05
1422,easy,11,16:04:49,16:34:21,16:34:27,COMPLETED,26010.0,111.6,1772.40,1778.79
1493,easy,12,16:04:30,16:34:08,16:34:34,COMPLETED,25956.0,429.2,1778.70,1804.12
1423,hard,15,16:02:09,16:29:10,16:35:05,COMPLETED,35948.0,5935.2,1621.13,1976.94
709,hard,15,12:39:44,12:39:49,16:35:24,COMPLETED,33622.0,235587.3,5.77,14140.98
1468,easy,12,16:05:55,16:34:21,16:35:43,COMPLETED,22226.0,1380.5,1706.40,1788.99
1361,easy,12,16:07:16,16:35:12,16:36:02,COMPLETED,31792.0,850.1,1676.29,1727.00
1387,easy,12,16:08:48,16:36:09,16:37:12,COMPLETED,27892.0,1058.8,1641.33,1704.55
1483,easy,12,16:08:11,16:35:50,16:37:50,COMPLETED,37023.0,2009.9,1659.33,1779.62
1292,hard,15,15:19:50,15:42:15,16:38:22,COMPLETED,25094.0,56111.2,1345.66,4712.26
1447,easy,11,16:08:56,16:38:28,16:38:35,COMPLETED,24735.0,113.0,1772.65,1779.07
1509,easy,11,16:09:00,16:38:41,16:39:00,COMPLETED,25965.0,323.7,1781.46,1800.53
1474,medium,13,16:08:55,16:37:18,16:39:19,COMPLETED,29579.0,2016.4,1703.88,1824.57
1505,easy,12,16:09:31,16:39:06,16:39:19,COMPLETED,25061.0,216.4,1775.90,1788.57
1455,easy,12,16:07:47,16:35:31,16:39:38,COMPLETED,25845.0,4126.4,1664.31,1911.61
1403,easy,11,16:09:58,16:39:25,16:39:38,COMPLETED,27048.0,216.2,1767.91,1780.61
1021,medium,14,14:52:40,15:16:19,16:39:44,COMPLETED,37164.0,83430.6,1419.30,6424.94
1306,medium,14,15:28:35,15:46:59,16:39:44,COMPLETED,31150.0,52758.5,1104.66,4269.94
1268,medium,14,15:57:51,16:23:46,16:39:51,COMPLETED,32186.0,16092.1,1555.13,2520.34
1489,easy,11,16:11:24,16:39:44,16:39:57,COMPLETED,26659.0,218.1,1700.94,1713.74
1456,easy,11,16:12:06,16:39:51,16:40:16,COMPLETED,36116.0,428.8,1665.34,1690.82
1264,hard,15,15:50:48,16:14:59,16:41:08,COMPLETED,32754.0,26148.3,1451.85,3020.37
1495,easy,11,16:12:37,16:40:23,16:41:08,COMPLETED,22868.0,763.1,1666.14,1711.37
1434,easy,12,16:12:20,16:39:57,16:41:34,COMPLETED,31085.0,1617.8,1657.74,1754.32
1370,medium,13,16:13:21,16:41:14,16:41:34,COMPLETED,27389.0,329.7,1673.98,1693.32
1330,hard,15,15:49:18,16:14:01,16:42:19,COMPLETED,36221.0,28307.1,1483.72,3181.92
1375,easy,11,16:15:28,16:42:26,16:42:32,COMPLETED,23191.0,110.8,1618.27,1624.62
998,hard,15,13:18:04,13:32:29,16:43:10,COMPLETED,41375.0,190690.9,865.35,12306.74
1478,easy,12,16:16:21,16:43:17,16:44:39,COMPLETED,26280.0,1373.3,1616.07,1698.16
1371,easy,11,16:16:32,16:44:45,16:44:51,COMPLETED,27509.0,111.2,1693.49,1699.86
171,hard,15,09:52:37,09:53:36,16:45:04,COMPLETED,40327.0,411473.6,59.17,24747.56
1491,medium,14,16:05:56,16:34:34,16:45:17,COMPLETED,30856.0,10723.1,1718.12,2361.25
1026,hard,15,14:08:51,14:33:52,16:45:36,COMPLETED,32616.0,131729.1,1501.59,9405.27
1442,easy,12,16:18:53,16:45:23,16:45:36,COMPLETED,25608.0,216.8,1590.59,1603.27
1521,easy,12,16:18:00,16:45:10,16:46:07,COMPLETED,36307.0,955.8,1630.89,1687.94
1393,easy,11,16:19:37,16:46:14,16:46:20,COMPLETED,23520.0,111.1,1597.28,1603.64
1482,easy,12,16:19:35,16:45:42,16:47:04,COMPLETED,26163.0,1375.2,1567.62,1649.87
1101,hard,15,14:23:24,14:50:39,16:48:15,COMPLETED,35220.0,117602.1,1635.00,8691.05
1416,easy,11,16:20:42,16:48:21,16:48:27,COMPLETED,24378.0,118.5,1659.38,1665.99
1195,hard,15,15:37:23,15:56:56,16:48:34,COMPLETED,32318.0,51644.7,1173.05,4271.53
1391,medium,13,16:13:21,16:41:40,16:49:38,COMPLETED,32467.0,7960.8,1699.89,2177.11
990,hard,15,13:58:28,14:27:38,16:50:04,COMPLETED,31569.0,142425.5,1750.71,10296.12
1362,medium,14,16:01:41,16:28:44,16:50:04,COMPLETED,27730.0,21337.5,1623.29,2903.12
1498,easy,12,16:21:07,16:49:44,16:50:17,COMPLETED,26466.0,554.0,1717.65,1750.39
1473,easy,12,16:21:18,16:50:10,16:50:43,COMPLETED,32894.0,553.0,1732.72,1765.42
1449,easy,12,16:21:54,16:50:49,16:51:35,COMPLETED,29987.0,764.1,1735.96,1781.31
1413,medium,14,16:12:48,16:41:14,16:52:59,COMPLETED,34568.0,11747.6,1706.98,2411.54
1503,medium,14,16:10:20,16:39:44,16:53:32,COMPLETED,35283.0,13791.5,1764.94,2592.04
1392,easy,11,16:22:32,16:53:38,16:53:51,COMPLETED,30393.0,225.0,1866.58,1879.73
1425,hard,15,16:15:49,16:42:38,16:54:36,COMPLETED,27480.0,11959.3,1609.94,2327.22
1398,easy,12,16:23:05,16:53:58,16:54:36,COMPLETED,22650.0,641.3,1853.11,1891.22
1469,easy,12,16:24:06,16:54:42,16:55:20,COMPLETED,25111.0,637.2,1836.61,1874.57
1508,medium,14,16:00:43,16:27:32,16:55:45,COMPLETED,26419.0,28224.8,1609.73,3302.97
1410,easy,11,16:24:18,16:55:52,16:55:58,COMPLETED,25134.0,111.9,1894.36,1900.72
1465,easy,12,16:23:46,16:54:42,16:56:11,COMPLETED,30876.0,1486.9,1856.61,1945.51
1472,easy,11,16:24:27,16:56:05,16:56:24,COMPLETED,27088.0,325.7,1898.10,1917.29
1464,medium,14,16:09:35,16:39:25,16:56:30,COMPLETED,29698.0,17084.3,1790.91,2815.68
1460,medium,13,16:22:06,16:53:05,16:56:30,COMPLETED,38027.0,3418.8,1859.92,2064.68
1443,easy,12,16:25:05,16:56:17,16:56:43,COMPLETED,26019.0,431.6,1872.86,1898.47
952,hard,15,13:11:59,13:19:34,17:01:30,COMPLETED,25816.0,221944.7,455.15,13771.74
1429,easy,11,16:27:21,17:01:37,17:01:57,COMPLETED,31524.0,334.8,2056.28,2076.01
1501,medium,14,16:21:46,16:50:23,17:02:41,COMPLETED,33688.0,12295.8,1717.97,2455.45
1238,medium,14,15:57:19,16:23:01,17:03:13,COMPLETED,34596.0,40200.9,1542.18,3954.07
1475,easy,11,16:28:40,17:03:19,17:03:38,COMPLETED,25331.0,327.9,2079.40,2098.48
1517,medium,13,16:25:57,16:56:37,17:04:04,COMPLETED,30491.0,7458.3,1840.09,2287.10
1380,easy,11,16:29:57,17:03:45,17:04:04,COMPLETED,23776.0,326.1,2028.12,2047.10
1200,hard,15,15:34:30,15:54:28,17:04:17,COMPLETED,38202.0,69826.3,1198.09,5387.44
1318,hard,15,15:39:36,16:01:03,17:04:23,COMPLETED,37180.0,63347.6,1287.50,5087.98
1395,easy,11,16:30:37,17:04:10,17:04:23,COMPLETED,24676.0,230.3,2013.72,2026.98
1454,easy,11,16:31:06,17:04:30,17:04:56,COMPLETED,27644.0,444.1,2004.67,2030.83
1332,hard,15,15:24:55,15:44:19,17:05:03,COMPLETED,31698.0,80730.8,1164.70,6008.38
1329,medium,14,15:58:42,16:24:05,17:05:09,COMPLETED,40890.0,41076.5,1523.48,3987.84
1519,easy,11,16:31:36,17:05:09,17:05:16,COMPLETED,29390.0,112.4,2013.84,2020.22
1409,easy,11,16:31:26,17:05:03,17:05:28,COMPLETED,34745.0,431.9,2017.38,2042.97
1497,easy,11,16:31:43,17:05:16,17:05:41,COMPLETED,29527.0,429.6,2013.22,2038.69
1431,medium,14,16:27:43,17:02:03,17:06:32,COMPLETED,24417.0,4487.0,2060.41,2329.36
1490,easy,12,16:32:10,17:05:35,17:06:57,COMPLETED,35673.0,1378.0,2005.34,2087.71
1373,easy,11,16:33:09,17:07:04,17:07:10,COMPLETED,29614.0,111.3,2035.06,2041.43
1390,medium,13,16:27:16,16:56:49,17:07:29,COMPLETED,34316.0,10666.6,1773.80,2413.51
1507,medium,14,16:20:58,16:48:34,17:08:20,COMPLETED,33356.0,19768.4,1656.53,2842.36
1510,easy,11,16:33:23,17:08:26,17:08:39,COMPLETED,23714.0,217.9,2103.75,2116.44
1428,easy,11,16:34:06,17:08:45,17:08:52,COMPLETED,27241.0,111.5,2079.85,2086.21
1514,medium,13,16:30:55,17:04:23,17:11:45,COMPLETED,31245.0,7356.6,2008.98,2450.02
1485,medium,13,16:33:20,17:07:35,17:13:34,COMPLETED,30923.0,5989.9,2055.87,2414.79
1406,medium,14,16:03:27,16:33:05,17:13:41,COMPLETED,29527.0,40605.4,1778.41,4214.32
1438,easy,11,16:36:15,17:13:41,17:13:54,COMPLETED,25692.0,221.5,2246.32,2259.32
1356,medium,14,15:50:23,16:14:53,17:14:00,COMPLETED,31249.0,59129.1,1470.29,5017.65
1476,easy,12,16:36:38,17:14:00,17:14:26,COMPLETED,27208.0,444.1,2242.65,2268.95
1527,medium,14,16:21:57,16:51:41,17:15:05,COMPLETED,25784.0,23402.8,1784.86,3188.65
1486,medium,13,16:36:48,17:14:07,17:15:25,COMPLETED,23463.0,1304.0,2239.33,2317.28
1441,easy,12,16:39:01,17:15:31,17:15:51,COMPLETED,26754.0,332.0,2190.60,2210.02
1319,hard,15,15:16:43,15:40:11,17:16:04,COMPLETED,38255.0,95877.0,1408.76,7161.19
760,hard,15,12:50:38,12:50:43,17:18:55,COMPLETED,36193.0,268197.2,5.34,16097.12
1327,medium,14,15:07:26,15:32:44,17:19:01,COMPLETED,32059.0,106284.2,1518.55,7895.46
1500,easy,12,16:40:28,17:19:07,17:19:26,COMPLETED,25670.0,321.1,2319.83,2338.80
1221,medium,14,15:51:43,16:15:52,17:23:16,COMPLETED,40198.0,67416.4,1449.06,5493.80
1453,easy,11,16:40:59,17:23:23,17:23:42,COMPLETED,26639.0,330.0,2544.34,2563.73
1427,medium,14,16:17:20,16:44:58,17:24:28,COMPLETED,31023.0,39500.3,1658.19,4028.03
1506,medium,13,16:38:02,17:15:12,17:25:32,COMPLETED,33153.0,10342.6,2230.19,2850.28
1364,hard,15,16:37:53,17:14:33,17:25:38,COMPLETED,37172.0,11101.1,2200.33,2865.83
1435,hard,15,16:40:20,17:19:01,17:25:38,COMPLETED,28313.0,6633.4,2321.46,2718.83
1389,hard,15,16:20:00,16:46:26,17:25:52,COMPLETED,33552.0,39426.4,1586.97,3952.22
1450,medium,13,16:40:57,17:19:33,17:25:52,COMPLETED,31134.0,6326.8,2316.12,2695.22
1367,easy,12,16:43:06,17:25:45,17:26:05,COMPLETED,26905.0,338.0,2559.53,2579.50
1414,easy,12,16:43:47,17:25:58,17:26:18,COMPLETED,37202.0,330.0,2531.81,2551.22
1480,medium,14,16:27:59,17:02:47,17:27:03,COMPLETED,43999.0,24269.0,2088.78,3544.70
1484,easy,11,16:44:55,17:26:24,17:27:16,COMPLETED,35649.0,872.0,2489.74,2541.62
1481,easy,12,16:45:06,17:27:10,17:27:16,COMPLETED,28877.0,117.9,2524.03,2530.62
1317,hard,15,15:54:18,16:18:40,17:28:01,COMPLETED,33121.0,69347.0,1462.55,5623.25
1400,medium,13,16:42:54,17:24:34,17:28:01,COMPLETED,29008.0,3453.4,2500.35,2707.25
1516,easy,12,16:46:04,17:28:07,17:28:26,COMPLETED,28357.0,321.7,2523.60,2542.61
1499,medium,13,16:08:56,16:37:56,17:28:32,COMPLETED,35571.0,50603.4,1740.95,4776.94
1515,hard,15,16:21:21,16:50:10,17:28:39,COMPLETED,33459.0,38479.3,1729.72,4038.32
1381,easy,12,16:44:34,17:26:11,17:28:45,COMPLETED,30549.0,2569.7,2497.85,2651.71
1426,easy,11,16:46:14,17:28:39,17:28:58,COMPLETED,27370.0,323.8,2545.32,2564.45
1383,easy,11,16:46:12,17:28:32,17:29:04,COMPLETED,28105.0,536.4,2540.94,2572.79
1397,easy,12,16:46:03,17:27:23,17:29:11,COMPLETED,36682.0,1805.0,2480.13,2588.16
1328,medium,14,15:48:04,16:12:24,17:29:30,COMPLETED,32467.0,77098.4,1460.53,6086.30
1407,medium,13,16:42:58,17:25:38,17:29:55,COMPLETED,29178.0,4285.3,2560.83,2817.69
1421,medium,13,16:14:51,16:41:40,17:30:02,COMPLETED,40315.0,48354.4,1609.89,4511.03
1399,hard,15,16:19:17,16:45:42,17:31:11,COMPLETED,27129.0,45485.8,1585.62,4314.60
1378,easy,11,16:47:49,17:31:17,17:31:36,COMPLETED,25526.0,321.7,2608.93,2627.92
1437,medium,13,16:46:20,17:28:45,17:31:55,COMPLETED,29174.0,3174.6,2545.71,2735.92
1492,medium,13,16:46:42,17:29:36,17:31:55,COMPLETED,32773.0,2326.7,2574.62,2713.92
1488,medium,13,16:41:34,17:23:49,17:32:02,COMPLETED,31537.0,8223.6,2535.17,3028.26
1372,medium,13,16:34:13,17:08:58,17:32:08,COMPLETED,36493.0,23174.0,2085.56,3475.68
1457,medium,13,16:47:21,17:30:08,17:32:40,COMPLETED,36383.0,2544.2,2567.40,2719.58
1430,easy,12,16:48:00,17:31:43,17:32:40,COMPLETED,28710.0,964.1,2623.25,2680.58
1452,easy,11,16:48:52,17:32:02,17:32:53,COMPLETED,29089.0,866.8,2590.26,2641.86
1368,hard,15,16:12:29,16:40:04,17:33:58,COMPLETED,32273.0,53909.4,1655.11,4889.38
1523,easy,11,16:50:27,17:34:04,17:34:11,COMPLETED,22639.0,112.2,2617.95,2624.34
1089,hard,15,14:52:09,15:14:42,17:34:24,COMPLETED,32546.0,139701.0,1353.31,9735.22
1525,medium,14,16:25:22,16:56:30,17:34:50,COMPLETED,37096.0,38333.5,1868.68,4168.31
1366,easy,11,16:50:43,17:34:17,17:34:57,COMPLETED,27279.0,665.0,2614.71,2654.02
1379,medium,14,16:50:01,17:32:47,17:35:16,COMPLETED,22650.0,2501.1,2566.17,2715.78
1459,easy,12,16:51:31,17:35:03,17:35:23,COMPLETED,31412.0,333.0,2612.67,2632.31
1386,medium,13,16:51:41,17:35:23,17:35:49,COMPLETED,23516.0,435.1,2622.31,2648.11
1504,easy,12,16:51:12,17:34:57,17:35:55,COMPLETED,37156.0,983.3,2625.02,2683.45
1513,easy,11,16:51:53,17:35:55,17:36:15,COMPLETED,29492.0,334.1,2642.45,2662.04
1440,hard,15,16:31:43,17:05:22,17:36:34,COMPLETED,33048.0,31204.6,2019.61,3891.55
1445,medium,13,16:48:44,17:32:02,17:36:41,COMPLETED,32886.0,4656.6,2598.26,2877.12
1436,easy,12,16:52:26,17:36:02,17:37:00,COMPLETED,28996.0,984.6,2616.08,2674.88
1382,easy,12,16:55:14,17:36:47,17:37:13,COMPLETED,25579.0,438.6,2493.76,2519.79
1420,easy,11,16:55:20,17:37:07,17:37:20,COMPLETED,33308.0,220.9,2507.20,2520.11
1496,easy,11,16:55:24,17:37:20,17:37:26,COMPLETED,21980.0,116.1,2516.11,2522.49
1444,easy,12,16:55:13,17:36:41,17:37:33,COMPLETED,31142.0,876.6,2488.12,2540.13
1365,easy,11,16:55:50,17:37:39,17:37:46,COMPLETED,23843.0,114.8,2509.77,2516.36
1439,easy,12,16:55:43,17:37:33,17:37:59,COMPLETED,25353.0,444.5,2510.13,2536.30
1522,hard,15,16:12:05,16:39:51,17:38:57,COMPLETED,32810.0,59100.5,1666.34,5212.22
1384,easy,12,16:55:36,17:37:26,17:38:57,COMPLETED,34456.0,1517.1,2510.49,2601.22
1424,medium,13,16:49:13,17:32:08,17:39:35,COMPLETED,35860.0,7446.0,2575.68,3022.18
1415,medium,14,16:56:13,17:38:05,17:40:13,COMPLETED,27927.0,2126.1,2512.87,2640.14
1487,easy,11,16:58:00,17:40:19,17:40:32,COMPLETED,26437.0,218.7,2539.48,2552.30
1471,easy,12,16:56:21,17:39:03,17:40:38,COMPLETED,26545.0,1589.9,2562.55,2657.62
1401,easy,11,16:58:53,17:40:44,17:40:51,COMPLETED,31912.0,111.1,2511.98,2518.33
1417,easy,12,16:57:05,17:39:03,17:42:26,COMPLETED,28806.0,3380.8,2518.55,2721.15
1377,hard,15,16:46:22,17:29:11,17:44:32,COMPLETED,26138.0,15359.8,2569.16,3490.51
1207,hard,15,15:39:17,16:00:38,17:45:22,COMPLETED,32757.0,104749.3,1281.15,7565.97
1142,medium,14,14:43:13,15:08:32,17:46:07,COMPLETED,38880.0,157583.7,1519.34,10974.28
1518,medium,14,16:33:00,17:06:38,17:50:07,COMPLETED,33151.0,43486.0,2018.69,4627.68
1458,medium,14,16:49:13,17:32:15,17:50:52,COMPLETED,32942.0,18628.7,2582.14,3699.46
1079,hard,15,14:55:18,15:18:22,17:51:11,COMPLETED,29299.0,152820.3,1384.80,10553.87
1396,hard,15,16:32:37,17:05:48,17:55:42,COMPLETED,33689.0,49906.3,1991.03,4985.24
1411,medium,14,16:24:16,16:55:26,17:56:19,COMPLETED,28743.0,60885.3,1870.92,5523.89
1201,medium,14,15:54:52,16:18:53,17:57:49,COMPLETED,36212.0,98934.1,1441.28,7377.12
1432,medium,14,16:51:50,17:35:29,17:58:14,COMPLETED,29055.0,22753.9,2619.69,3984.53
156,hard,15,08:29:38,08:29:38,18:00:00,UNFINISHED,-1,-1,-1
60,hard,15,08:37:44,08:37:46,18:00:00,UNFINISHED,-1,-1,-1
107,hard,15,08:52:38,08:52:42,18:00:00,UNFINISHED,-1,-1,-1
366,hard,15,10:01:44,10:06:25,18:00:00,UNFINISHED,-1,-1,-1
535,hard,15,11:57:26,11:57:30,18:00:00,UNFINISHED,-1,-1,-1
752,hard,15,12:40:00,12:40:15,18:00:00,UNFINISHED,-1,-1,-1
793,hard,15,12:47:46,12:48:40,18:00:00,UNFINISHED,-1,-1,-1
859,hard,15,13:29:19,13:55:37,18:00:00,UNFINISHED,-1,-1,-1
991,hard,15,13:29:29,13:56:09,18:00:00,UNFINISHED,-1,-1,-1
912,hard,15,13:58:18,14:27:32,18:00:00,UNFINISHED,-1,-1,-1
1094,hard,15,14:14:53,14:37:44,18:00:00,UNFINISHED,-1,-1,-1
1029,hard,15,14:25:15,14:51:04,18:00:00,UNFINISHED,-1,-1,-1
1178,hard,15,14:33:08,14:58:34,18:00:00,UNFINISHED,-1,-1,-1
1167,hard,15,14:35:13,15:00:35,18:00:00,UNFINISHED,-1,-1,-1
1056,medium,14,14:38:14,15:02:29,18:00:00,UNFINISHED,-1,-1,-1
1148,hard,15,14:56:34,15:22:07,18:00:00,UNFINISHED,-1,-1,-1
1316,hard,15,15:07:37,15:32:44,18:00:00,UNFINISHED,-1,-1,-1
1249,hard,15,15:29:15,15:47:31,18:00:00,UNFINISHED,-1,-1,-1
1293,hard,15,15:32:10,15:51:27,18:00:00,UNFINISHED,-1,-1,-1
1278,hard,15,15:35:46,15:55:25,18:00:00,UNFINISHED,-1,-1,-1
1261,hard,15,15:38:44,15:57:27,18:00:00,UNFINISHED,-1,-1,-1
1197,hard,15,15:38:46,15:58:12,18:00:00,UNFINISHED,-1,-1,-1
1337,hard,15,15:47:41,16:12:11,18:00:00,UNFINISHED,-1,-1,-1
1271,hard,15,15:47:56,16:12:18,18:00:00,UNFINISHED,-1,-1,-1
1298,medium,14,15:53:53,16:18:20,18:00:00,UNFINISHED,-1,-1,-1
1385,hard,15,16:03:14,16:32:27,18:00:00,UNFINISHED,-1,-1,-1
1405,hard,15,16:06:49,16:34:40,18:00:00,UNFINISHED,-1,-1,-1
1511,hard,15,16:20:16,16:47:11,18:00:00,UNFINISHED,-1,-1,-1
1363,hard,15,16:21:01,16:48:40,18:00:00,UNFINISHED,-1,-1,-1
1402,medium,14,16:25:54,16:56:37,18:00:00,UNFINISHED,-1,-1,-1
1448,hard,15,16:30:26,17:04:10,18:00:00,UNFINISHED,-1,-1,-1
1394,medium,14,16:31:21,17:04:30,18:00:00,UNFINISHED,-1,-1,-1
1388,hard,15,16:33:16,17:07:16,18:00:00,UNFINISHED,-1,-1,-1
1360,hard,15,16:34:54,17:11:51,18:00:00,UNFINISHED,-1,-1,-1
1451,hard,15,16:36:20,17:13:47,18:00:00,UNFINISHED,-1,-1,-1
1462,hard,15,16:39:39,17:15:57,18:00:00,UNFINISHED,-1,-1,-1
1524,medium,14,16:39:59,17:16:10,18:00:00,UNFINISHED,-1,-1,-1
1529,hard,15,16:43:09,17:25:45,18:00:00,UNFINISHED,-1,-1,-1
1494,hard,15,16:43:16,17:25:58,18:00:00,UNFINISHED,-1,-1,-1
1418,hard,15,16:45:56,17:27:23,18:00:00,UNFINISHED,-1,-1,-1
1408,hard,15,16:46:09,17:28:07,18:00:00,UNFINISHED,-1,-1,-1
1479,medium,14,16:46:21,17:28:52,18:00:00,UNFINISHED,-1,-1,-1
1463,hard,15,16:46:21,17:29:04,18:00:00,UNFINISHED,-1,-1,-1
1512,hard,15,16:46:39,17:29:17,18:00:00,UNFINISHED,-1,-1,-1
1502,hard,15,16:47:02,17:30:02,18:00:00,UNFINISHED,-1,-1,-1
1419,medium,14,16:50:03,17:32:47,18:00:00,UNFINISHED,-1,-1,-1
1466,medium,14,16:50:03,17:33:00,18:00:00,UNFINISHED,-1,-1,-1
1446,hard,15,16:50:55,17:34:30,18:00:00,UNFINISHED,-1,-1,-1
1467,hard,15,16:55:01,17:36:21,18:00:00,UNFINISHED,-1,-1,-1
1404,hard,15,16:55:53,17:37:52,18:00:00,UNFINISHED,-1,-1,-1
1433,hard,15,16:57:26,17:39:41,18:00:00,UNFINISHED,-1,-1,-1
1526,hard,15,16:58:20,17:40:38,18:00:00,UNFINISHED,-1,-1,-1
